time,x,y,z,leftRaw,rightRaw,left,right,leftSamples,rightSamples,leftRawHeight,rightRawHeight,leftHeight,rightHeight,height,rawNx,rawNy,rawNz,filteredNx,filteredNy,filteredNz,supportNx,supportNy,supportNz,supportAcceleration,verticalVelocity,normalVelocity,grounded,transitions,speed,lateralAcceleration,rail,bailed
0.000000,-0.005435,297.587900,250.161900,1,1,1,1,2,2,0.751333,0.748466,0.751366,0.748423,0.749894,-0.007407,0.977139,0.212474,-0.007405,0.977121,0.212556,-0.007405,0.977121,0.212556,11.524570,-4.751109,-0.076800,1,1,22.000000,0.000000,0,0
0.010000,-0.005091,297.540500,250.376800,1,1,1,1,2,2,0.750619,0.747950,0.750636,0.747857,0.749247,-0.007209,0.977155,0.212406,-0.007207,0.977163,0.212367,-0.007388,0.977125,0.212539,11.164710,-4.733629,-0.057740,1,1,22.006980,-0.074308,0,0
0.020000,-0.004755,297.493300,250.591900,1,1,1,1,2,2,0.748754,0.746152,0.748759,0.746071,0.747415,-0.007212,0.977805,0.209394,-0.007212,0.977813,0.209358,-0.007373,0.977184,0.212266,11.253660,-4.719673,-0.048089,1,1,22.013980,-0.072616,0,0
0.030000,-0.004428,297.446300,250.807000,1,1,1,1,2,2,0.747754,0.744929,0.747701,0.744924,0.746313,-0.006992,0.977845,0.209211,-0.006989,0.977860,0.209144,-0.007340,0.977242,0.211997,11.186580,-4.704848,-0.037444,1,1,22.020950,-0.071008,0,0
0.040000,-0.004109,297.399400,251.022200,1,1,1,1,2,2,0.746907,0.744124,0.746869,0.744073,0.745471,-0.006991,0.977872,0.209090,-0.006989,0.977860,0.209144,-0.007310,0.977295,0.211751,11.076490,-4.690680,-0.026962,1,1,22.027900,-0.069222,0,0
0.050000,-0.003797,297.352600,251.237500,1,1,1,1,2,2,0.746061,0.743331,0.746151,0.743338,0.744744,-0.006990,0.977859,0.209151,-0.006989,0.977860,0.209144,-0.007282,0.977344,0.211527,10.961650,-4.677587,-0.017116,1,1,22.034820,-0.067497,0,0
0.060000,-0.003493,297.305900,251.453000,1,1,1,1,2,2,0.745624,0.742826,0.745558,0.742790,0.744174,-0.006988,0.977875,0.209073,-0.006989,0.977860,0.209144,-0.007257,0.977388,0.211322,10.836730,-4.665618,-0.007994,1,1,22.041720,-0.065830,0,0
0.070000,-0.003196,297.259400,251.668500,1,1,1,1,2,2,0.745147,0.742363,0.745120,0.742326,0.743723,-0.006987,0.977833,0.209272,-0.006989,0.977860,0.209144,-0.007234,0.977429,0.211134,10.711770,-4.654871,0.000267,1,1,22.048600,-0.064218,0,0
0.080000,-0.002906,297.212900,251.884100,1,1,1,1,2,2,0.744815,0.742035,0.744795,0.742029,0.743412,-0.006989,0.977838,0.209246,-0.006989,0.977860,0.209144,-0.007213,0.977466,0.210963,10.583950,-4.645345,0.007632,1,1,22.055460,-0.062659,0,0
0.090000,-0.002623,297.166600,252.099800,1,1,1,1,2,2,0.744639,0.741792,0.744585,0.741820,0.743202,-0.006986,0.977870,0.209099,-0.006989,0.977860,0.209144,-0.007194,0.977500,0.210806,10.461720,-4.637069,0.014045,1,1,22.062300,-0.061150,0,0
0.100000,-0.002346,297.120300,252.315600,1,1,1,1,2,2,0.744494,0.741707,0.744420,0.741653,0.743037,-0.006990,0.977866,0.209116,-0.006989,0.977860,0.209144,-0.007176,0.977531,0.210663,10.354700,-4.629988,0.019531,1,1,22.069120,-0.059689,0,0
0.110000,-0.002076,297.074000,252.531400,1,1,1,1,2,2,0.744385,0.741667,0.744379,0.741578,0.742979,-0.006991,0.977866,0.209116,-0.006989,0.977860,0.209144,-0.007160,0.977559,0.210533,10.248230,-4.623953,0.024219,1,1,22.075920,-0.058272,0,0
0.120000,-0.001811,297.027800,252.747400,1,1,1,1,2,2,0.744367,0.741592,0.744344,0.741582,0.742963,-0.006991,0.977832,0.209272,-0.006989,0.977860,0.209144,-0.007145,0.977585,0.210413,10.154520,-4.618959,0.028091,1,1,22.082700,-0.056899,0,0
0.130000,-0.001552,296.981700,252.963400,1,1,1,1,2,2,0.744380,0.741727,0.744422,0.741620,0.743021,-0.006986,0.977864,0.209125,-0.006989,0.977860,0.209144,-0.007132,0.977609,0.210304,10.065260,-4.614880,0.031252,1,1,22.089460,-0.055567,0,0
0.140000,-0.001300,296.935600,253.179500,1,1,1,1,2,2,0.744566,0.741689,0.744510,0.741739,0.743125,-0.006989,0.977857,0.209159,-0.006989,0.977860,0.209144,-0.007119,0.977630,0.210204,9.984890,-4.611673,0.033729,1,1,22.096210,-0.054274,0,0
0.150000,-0.001052,296.889500,253.395700,1,1,1,1,2,2,0.744665,0.741966,0.744677,0.741880,0.743279,-0.006988,0.977851,0.209185,-0.006989,0.977860,0.209144,-0.007108,0.977650,0.210113,9.910769,-4.609250,0.035593,1,1,22.102930,-0.053019,0,0
0.160000,-0.000810,296.843400,253.611900,1,1,1,1,2,2,0.744878,0.742165,0.744855,0.742041,0.743448,-0.006992,0.977883,0.209038,-0.006989,0.977860,0.209144,-0.007098,0.977668,0.210029,9.848068,-4.607551,0.036890,1,1,22.109650,-0.051799,0,0
0.170000,-0.000573,296.797400,253.828200,1,1,1,1,2,2,0.745087,0.742192,0.745019,0.742253,0.743636,-0.006990,0.977883,0.209038,-0.006989,0.977860,0.209144,-0.007089,0.977685,0.209953,9.793624,-4.606463,0.037720,1,1,22.116340,-0.050614,0,0
0.180000,-0.000341,296.751300,254.044600,1,1,1,1,2,2,0.745262,0.742435,0.745240,0.742477,0.743858,-0.006987,0.977851,0.209185,-0.006989,0.977860,0.209144,-0.007080,0.977700,0.209884,9.743011,-4.605906,0.038150,1,1,22.123020,-0.049461,0,0
0.190000,-0.000114,296.705300,254.261000,1,1,1,1,2,2,0.745501,0.742704,0.745493,0.742712,0.744103,-0.006989,0.977859,0.209151,-0.006989,0.977860,0.209144,-0.007072,0.977714,0.209820,9.697666,-4.605842,0.038209,1,1,22.129690,-0.048339,0,0
0.200000,0.000109,296.659200,254.477600,1,1,1,1,2,2,0.745937,0.743040,0.745940,0.742953,0.744447,-0.006809,0.977891,0.209003,-0.006809,0.977898,0.208972,-0.007049,0.977729,0.209747,9.651183,-4.606220,0.037599,1,1,22.136340,-0.047249,0,0
0.210000,0.000327,296.613100,254.694200,1,1,1,1,2,2,0.747371,0.769192,0.747327,0.744664,0.745995,0.014077,0.982403,0.186244,-0.006639,0.978491,0.206183,-0.007014,0.977795,0.209440,9.532191,-4.607050,0.031234,1,1,22.142980,-0.046037,0,0
0.220000,0.000540,296.567000,254.910800,1,1,1,1,2,2,0.746921,0.744210,0.746893,0.744257,0.745575,-0.006642,0.978503,0.206127,-0.006639,0.978491,0.206183,-0.006982,0.977855,0.209160,9.782457,-4.609037,0.024271,1,1,22.149580,-0.044718,0,0
0.230000,0.000750,296.521000,255.127500,1,1,1,1,2,2,0.746545,0.743902,0.746505,0.743839,0.745172,-0.006636,0.978488,0.206197,-0.006639,0.978491,0.206183,-0.006952,0.977910,0.208904,9.953612,-4.608571,0.020352,1,1,22.156150,-0.043470,0,0
0.240000,0.000954,296.474900,255.344300,1,1,1,1,2,2,0.746037,0.743529,0.746005,0.743495,0.744750,-0.006458,0.978522,0.206041,-0.006459,0.978528,0.206011,-0.006910,0.977963,0.208655,10.081220,-4.606425,0.018303,1,1,22.162690,-0.042277,0,0
0.250000,0.001155,296.428900,255.561200,1,1,1,1,2,2,0.744434,0.742112,0.744494,0.742023,0.743258,-0.006461,0.979073,0.203407,-0.006463,0.979077,0.203387,-0.006871,0.978060,0.208201,10.485960,-4.603028,0.012892,1,1,22.169200,-0.040977,0,0
0.260000,0.001351,296.382900,255.778100,1,1,1,1,2,2,0.743572,0.741090,0.743564,0.741036,0.742300,-0.006288,0.979090,0.203331,-0.006290,0.979113,0.203221,-0.006821,0.978152,0.207773,10.679470,-4.595665,0.012087,1,1,22.175660,-0.039762,0,0
0.270000,0.001543,296.337100,255.995100,1,1,1,1,2,2,0.742722,0.740348,0.742747,0.740229,0.741488,-0.006290,0.979112,0.203224,-0.006290,0.979113,0.203221,-0.006776,0.978235,0.207381,10.777700,-4.586403,0.014036,1,1,22.182080,-0.038442,0,0
0.280000,0.001730,296.291300,256.212200,1,1,1,1,2,2,0.742014,0.739707,0.742060,0.739541,0.740800,-0.006291,0.979105,0.203260,-0.006290,0.979113,0.203221,-0.006734,0.978311,0.207023,10.810150,-4.576177,0.017721,1,1,22.188450,-0.037185,0,0
0.290000,0.001913,296.245600,256.429400,1,1,1,1,2,2,0.741446,0.739091,0.741494,0.738973,0.740233,-0.006289,0.979117,0.203199,-0.006290,0.979113,0.203221,-0.006696,0.978380,0.206696,10.795450,-4.565630,0.022418,1,1,22.194790,-0.035990,0,0
0.300000,0.002091,296.200100,256.646700,1,1,1,1,2,2,0.741046,0.738547,0.741013,0.738519,0.739766,-0.006289,0.979112,0.203224,-0.006290,0.979113,0.203221,-0.006661,0.978443,0.206397,10.750780,-4.555226,0.027596,1,1,22.201080,-0.034853,0,0
0.310000,0.002266,296.154600,256.864100,1,1,1,1,2,2,0.740717,0.738156,0.740699,0.738184,0.739442,-0.006287,0.979097,0.203295,-0.006290,0.979113,0.203221,-0.006629,0.978500,0.206124,10.677110,-4.545257,0.032901,1,1,22.207350,-0.033771,0,0
0.320000,0.002437,296.109300,257.081600,1,1,1,1,2,2,0.740508,0.738058,0.740505,0.737993,0.739249,-0.006289,0.979117,0.203199,-0.006290,0.979113,0.203221,-0.006600,0.978553,0.205874,10.585000,-4.536008,0.037993,1,1,22.213580,-0.032739,0,0
0.330000,0.002604,296.064000,257.299100,1,1,1,1,2,2,0.740388,0.737912,0.740388,0.737855,0.739122,-0.006292,0.979067,0.203443,-0.006290,0.979113,0.203221,-0.006573,0.978601,0.205645,10.492080,-4.527659,0.042643,1,1,22.219780,-0.031757,0,0
0.340000,0.002767,296.018800,257.516700,1,1,1,1,2,2,0.740358,0.738037,0.740340,0.737825,0.739083,-0.006286,0.979097,0.203295,-0.006290,0.979113,0.203221,-0.006549,0.978645,0.205437,10.395540,-4.520218,0.046802,1,1,22.225960,-0.030819,0,0
0.350000,0.002927,295.973700,257.734400,1,1,1,1,2,2,0.740433,0.737934,0.740370,0.737862,0.739116,-0.006287,0.979133,0.203123,-0.006290,0.979113,0.203221,-0.006526,0.978686,0.205246,10.300140,-4.513721,0.050396,1,1,22.232110,-0.029923,0,0
0.360000,0.003084,295.928600,257.952200,1,1,1,1,2,2,0.740552,0.738053,0.740526,0.737960,0.739243,-0.006288,0.979133,0.203123,-0.006290,0.979113,0.203221,-0.006506,0.978722,0.205072,10.202490,-4.508157,0.053402,1,1,22.238230,-0.029068,0,0
0.370000,0.003238,295.883500,258.170000,1,1,1,1,2,2,0.740687,0.738237,0.740654,0.738139,0.739397,-0.006291,0.979117,0.203199,-0.006290,0.979113,0.203221,-0.006487,0.978756,0.204912,10.116030,-4.503548,0.055767,1,1,22.244320,-0.028248,0,0
0.380000,0.003388,295.838600,258.387900,1,1,1,1,2,2,0.740877,0.738510,0.740908,0.738370,0.739639,-0.006289,0.979117,0.203199,-0.006290,0.979113,0.203221,-0.006470,0.978787,0.204767,10.027580,-4.499783,0.057573,1,1,22.250400,-0.027464,0,0
0.390000,0.003536,295.793600,258.605900,1,1,1,1,2,2,0.741165,0.738711,0.741153,0.738632,0.739893,-0.006289,0.979123,0.203173,-0.006290,0.979113,0.203221,-0.006455,0.978815,0.204634,9.952086,-4.496883,0.058775,1,1,22.256450,-0.026713,0,0
0.400000,0.003681,295.748600,258.823900,1,1,1,1,2,2,0.741464,0.738946,0.741446,0.738931,0.740189,-0.006288,0.979072,0.203417,-0.006290,0.979113,0.203221,-0.006441,0.978840,0.204512,9.881513,-4.494720,0.059479,1,1,22.262480,-0.025992,0,0
0.410000,0.003823,295.703700,259.042100,1,1,1,1,2,2,0.741823,0.739323,0.741778,0.739290,0.740534,-0.006287,0.979077,0.203392,-0.006290,0.979113,0.203221,-0.006428,0.978864,0.204401,9.813801,-4.493246,0.059712,1,1,22.268490,-0.025299,0,0
0.420000,0.003963,295.658800,259.260200,1,1,1,1,2,2,0.742071,0.739750,0.742166,0.739618,0.740892,-0.006292,0.979148,0.203051,-0.006290,0.979113,0.203221,-0.006416,0.978885,0.204299,9.755216,-4.492433,0.059482,1,1,22.274490,-0.024633,0,0
0.430000,0.004101,295.613900,259.478500,1,1,1,1,2,2,0.742670,0.740044,0.742612,0.739992,0.741302,-0.006175,0.979098,0.203295,-0.006175,0.979136,0.203111,-0.006395,0.978907,0.204197,9.702538,-4.492192,0.058647,1,1,22.280460,-0.023994,0,0
0.440000,0.004236,295.568900,259.696700,1,1,1,1,2,2,0.743963,0.767999,0.743903,0.741441,0.742672,0.016712,0.983700,0.179037,-0.006098,0.979565,0.201036,-0.006369,0.978964,0.203925,9.587198,-4.492464,0.053419,1,1,22.286420,-0.023281,0,0
0.450000,0.004369,295.524000,259.915100,1,1,1,1,2,2,0.743825,0.741340,0.743751,0.741291,0.742521,-0.006098,0.979542,0.201146,-0.006098,0.979565,0.201036,-0.006346,0.979015,0.203676,9.761236,-4.493859,0.047567,1,1,22.292350,-0.022531,0,0
0.460000,0.004500,295.479100,260.133500,1,1,1,1,2,2,0.743739,0.741409,0.743661,0.741177,0.742419,-0.006096,0.979562,0.201050,-0.006098,0.979565,0.201036,-0.006325,0.979063,0.203449,9.870746,-4.493546,0.043938,1,1,22.298240,-0.021825,0,0
0.470000,0.004629,295.434100,260.352000,1,1,1,1,2,2,0.743522,0.741094,0.743488,0.741111,0.742300,-0.005983,0.979593,0.200903,-0.005983,0.979588,0.200925,-0.006295,0.979108,0.203232,9.950344,-4.492156,0.041630,1,1,22.304110,-0.021154,0,0
0.480000,0.004755,295.389300,260.570500,1,1,1,1,2,2,0.742575,0.740258,0.742516,0.740173,0.741344,-0.005985,0.979987,0.198972,-0.005986,0.979996,0.198926,-0.006269,0.979184,0.202861,10.248330,-4.489983,0.036619,1,1,22.309960,-0.020417,0,0
0.490000,0.004880,295.344400,260.789100,1,1,1,1,2,2,0.742067,0.739699,0.742037,0.739654,0.740846,-0.005908,0.980012,0.198850,-0.005907,0.980012,0.198850,-0.006238,0.979256,0.202516,10.375280,-4.484887,0.035159,1,1,22.315760,-0.019729,0,0
0.500000,0.005002,295.299600,261.007800,1,1,1,1,2,2,0.741644,0.739229,0.741595,0.739206,0.740400,-0.005905,0.980017,0.198826,-0.005907,0.980012,0.198850,-0.006209,0.979321,0.202200,10.444190,-4.478543,0.035637,1,1,22.321540,-0.019003,0,0
0.510000,0.005121,295.254900,261.226600,1,1,1,1,2,2,0.741334,0.738971,0.741320,0.738910,0.740115,-0.005907,0.980007,0.198875,-0.005907,0.980012,0.198850,-0.006183,0.979380,0.201912,10.451730,-4.471521,0.037415,1,1,22.327270,-0.018319,0,0
0.520000,0.005239,295.210200,261.445400,1,1,1,1,2,2,0.741095,0.738712,0.741020,0.738652,0.739836,-0.005909,0.980012,0.198850,-0.005907,0.980012,0.198850,-0.006159,0.979435,0.201648,10.442060,-4.464423,0.039826,1,1,22.332970,-0.017671,0,0
0.530000,0.005354,295.165600,261.664300,1,1,1,1,2,2,0.740930,0.738596,0.740871,0.738506,0.739688,-0.005907,0.980017,0.198826,-0.005907,0.980012,0.198850,-0.006138,0.979484,0.201408,10.398590,-4.457417,0.042650,1,1,22.338650,-0.017059,0,0
0.540000,0.005468,295.121200,261.883200,1,1,1,1,2,2,0.740855,0.738488,0.740811,0.738428,0.739620,-0.005908,0.980012,0.198850,-0.005907,0.980012,0.198850,-0.006118,0.979530,0.201187,10.340060,-4.450836,0.045504,1,1,22.344290,-0.016479,0,0
0.550000,0.005579,295.076700,262.102300,1,1,1,1,2,2,0.740870,0.738488,0.740802,0.738443,0.739623,-0.005907,0.980012,0.198850,-0.005907,0.980012,0.198850,-0.006100,0.979571,0.200986,10.272570,-4.444827,0.048198,1,1,22.349910,-0.015930,0,0
0.560000,0.005688,295.032300,262.321400,1,1,1,1,2,2,0.740930,0.738548,0.740907,0.738503,0.739705,-0.005908,0.980012,0.198850,-0.005907,0.980012,0.198850,-0.006083,0.979609,0.200802,10.197930,-4.439477,0.050607,1,1,22.355490,-0.015408,0,0
0.570000,0.005796,294.988000,262.540600,1,1,1,1,2,2,0.741050,0.738715,0.740997,0.738608,0.739802,-0.005906,0.980017,0.198826,-0.005907,0.980012,0.198850,-0.006068,0.979644,0.200634,10.130350,-4.434857,0.052624,1,1,22.361060,-0.014914,0,0
0.580000,0.005902,294.943700,262.759800,1,1,1,1,2,2,0.741214,0.738851,0.741170,0.738772,0.739971,-0.005908,0.980007,0.198875,-0.005907,0.980012,0.198850,-0.006054,0.979676,0.200481,10.058600,-4.430899,0.054290,1,1,22.366600,-0.014444,0,0
0.590000,0.006007,294.899400,262.979100,1,1,1,1,2,2,0.741427,0.739056,0.741379,0.739011,0.740195,-0.005909,0.980007,0.198875,-0.005907,0.980012,0.198850,-0.006041,0.979705,0.200340,9.987342,-4.427641,0.055537,1,1,22.372120,-0.013998,0,0
0.600000,0.006110,294.855100,263.198500,1,1,1,1,2,2,0.741678,0.739307,0.741634,0.739251,0.740442,-0.005905,0.980017,0.198826,-0.005907,0.980012,0.198850,-0.006030,0.979731,0.200212,9.923044,-4.425081,0.056342,1,1,22.377620,-0.013572,0,0
0.610000,0.006211,294.810900,263.417900,1,1,1,1,2,2,0.741977,0.739562,0.741903,0.739583,0.740743,-0.005907,0.980007,0.198875,-0.005907,0.980012,0.198850,-0.006019,0.979755,0.200095,9.858894,-4.423149,0.056753,1,1,22.383100,-0.013166,0,0
0.620000,0.006311,294.766700,263.637400,1,1,1,1,2,2,0.742276,0.739909,0.742247,0.739867,0.741057,-0.005908,0.980012,0.198850,-0.005907,0.980012,0.198850,-0.006009,0.979778,0.199987,9.802655,-4.421844,0.056751,1,1,22.388560,-0.012779,0,0
0.630000,0.006410,294.722500,263.856900,1,1,1,1,2,2,0.742557,0.740190,0.742531,0.740208,0.741369,-0.005910,0.980002,0.198900,-0.005907,0.980012,0.198850,-0.006001,0.979798,0.199890,9.755516,-4.421088,0.056394,1,1,22.394010,-0.012410,0,0
0.640000,0.006508,294.678300,264.076500,1,1,1,1,2,2,0.742919,0.740552,0.742875,0.740498,0.741686,-0.005910,0.980012,0.198850,-0.005907,0.980012,0.198850,-0.005993,0.979816,0.199800,9.714575,-4.420792,0.055756,1,1,22.399430,-0.012057,0,0
0.650000,0.006605,294.634000,264.296100,1,1,1,1,2,2,0.743263,0.740896,0.743219,0.740854,0.742036,-0.005907,0.980012,0.198850,-0.005907,0.980012,0.198850,-0.005985,0.979833,0.199718,9.673586,-4.420896,0.054883,1,1,22.404850,-0.011720,0,0
0.660000,0.006700,294.589800,264.515800,1,1,1,1,2,2,0.744447,0.742079,0.744328,0.742025,0.743177,-0.005891,0.980269,0.197580,-0.005892,0.980258,0.197635,-0.005977,0.979870,0.199539,9.556468,-4.421399,0.051370,1,1,22.410250,-0.011395,0,0
0.670000,0.006795,294.545600,264.735600,1,1,1,1,2,2,0.744537,0.742154,0.744418,0.742034,0.743226,-0.005926,0.980269,0.197580,-0.005926,0.980251,0.197668,-0.005973,0.979902,0.199378,9.654651,-4.423046,0.047101,1,1,22.415620,-0.011068,0,0
0.680000,0.006888,294.501300,264.955400,1,1,1,1,2,2,0.744596,0.742210,0.744493,0.742130,0.743311,-0.005928,0.980274,0.197555,-0.005926,0.980251,0.197668,-0.005969,0.979933,0.199231,9.713914,-4.423727,0.044129,1,1,22.420970,-0.010785,0,0
0.690000,0.006981,294.457100,265.175200,1,1,1,1,2,2,0.744686,0.742303,0.744567,0.742234,0.743401,-0.005925,0.980269,0.197580,-0.005926,0.980251,0.197668,-0.005965,0.979960,0.199096,9.750352,-4.423824,0.042036,1,1,22.426310,-0.010513,0,0
0.700000,0.007072,294.412800,265.395100,1,1,1,1,2,2,0.744729,0.742440,0.744661,0.742273,0.743467,-0.005913,0.980269,0.197580,-0.005910,0.980254,0.197652,-0.005960,0.979985,0.198972,9.776131,-4.423561,0.040540,1,1,22.431630,-0.010249,0,0
0.710000,0.007162,294.368600,265.615100,1,1,1,1,2,2,0.744293,0.741877,0.744211,0.741799,0.743005,-0.005908,0.980520,0.196333,-0.005911,0.980495,0.196454,-0.005956,0.980029,0.198755,9.943569,-4.423043,0.037183,1,1,22.436930,-0.009981,0,0
0.720000,0.007252,294.324400,265.835100,1,1,1,1,2,2,0.744174,0.741664,0.744104,0.741707,0.742905,-0.005944,0.980505,0.196406,-0.005946,0.980489,0.196487,-0.005955,0.980069,0.198560,9.991859,-4.420881,0.035988,1,1,22.442210,-0.009723,0,0
0.730000,0.007340,294.280200,266.055200,1,1,1,1,2,2,0.744131,0.741491,0.743999,0.741614,0.742806,-0.005942,0.980505,0.196406,-0.005946,0.980489,0.196487,-0.005954,0.980105,0.198382,10.018280,-4.418242,0.035656,1,1,22.447460,-0.009502,0,0
0.740000,0.007427,294.236100,266.275400,1,1,1,1,2,2,0.744054,0.741497,0.743954,0.741569,0.742762,-0.005947,0.980500,0.196431,-0.005946,0.980489,0.196487,-0.005954,0.980138,0.198218,10.019650,-4.415343,0.035937,1,1,22.452690,-0.009286,0,0
0.750000,0.007513,294.191900,266.495600,1,1,1,1,2,2,0.744054,0.741751,0.743969,0.741569,0.742769,-0.005943,0.980500,0.196431,-0.005946,0.980489,0.196487,-0.005953,0.980168,0.198069,10.003320,-4.412428,0.036549,1,1,22.457900,-0.009076,0,0
0.760000,0.007598,294.147800,266.715800,1,1,1,1,2,2,0.744088,0.741796,0.743999,0.741599,0.742799,-0.005945,0.980495,0.196455,-0.005946,0.980489,0.196487,-0.005952,0.980196,0.197933,9.979744,-4.409671,0.037287,1,1,22.463090,-0.008872,0,0
0.770000,0.007682,294.103800,266.936100,1,1,1,1,2,2,0.744159,0.741616,0.744071,0.741704,0.742887,-0.005947,0.980500,0.196431,-0.005946,0.980489,0.196487,-0.005952,0.980221,0.197809,9.944928,-4.407145,0.038054,1,1,22.468270,-0.008673,0,0
0.780000,0.007765,294.059700,267.156500,1,1,1,1,2,2,0.744297,0.741736,0.744193,0.741829,0.743011,-0.005945,0.980495,0.196455,-0.005946,0.980489,0.196487,-0.005951,0.980244,0.197695,9.906247,-4.404957,0.038716,1,1,22.473420,-0.008479,0,0
0.790000,0.007847,294.015700,267.376900,1,1,1,1,2,2,0.744460,0.742078,0.744355,0.741976,0.743165,-0.005943,0.980500,0.196431,-0.005946,0.980489,0.196487,-0.005951,0.980265,0.197591,9.866309,-4.403148,0.039212,1,1,22.478560,-0.008291,0,0
0.800000,0.007929,293.971700,267.597400,1,1,1,1,2,2,0.744593,0.742304,0.744508,0.742123,0.743315,-0.005944,0.980500,0.196431,-0.005946,0.980489,0.196487,-0.005950,0.980284,0.197496,9.832067,-4.401729,0.039512,1,1,22.483680,-0.008105,0,0
0.810000,0.008009,293.927700,267.818000,1,1,1,1,2,2,0.744819,0.742356,0.744702,0.742323,0.743513,-0.005943,0.980524,0.196308,-0.005946,0.980489,0.196487,-0.005950,0.980302,0.197409,9.793153,-4.400644,0.039654,1,1,22.488790,-0.007925,0,0
0.820000,0.008089,293.883700,268.038500,1,1,1,1,2,2,0.744982,0.742679,0.744897,0.742518,0.743707,-0.005945,0.980500,0.196431,-0.005946,0.980489,0.196487,-0.005949,0.980318,0.197330,9.760255,-4.399940,0.039576,1,1,22.493890,-0.007749,0,0
0.830000,0.008167,293.839700,268.259200,1,1,1,1,2,2,0.745176,0.742634,0.745088,0.742706,0.743897,-0.005946,0.980500,0.196431,-0.005946,0.980489,0.196487,-0.005949,0.980333,0.197257,9.732471,-4.399556,0.039325,1,1,22.498960,-0.007577,0,0
0.840000,0.008246,293.795700,268.479900,1,1,1,1,2,2,0.745401,0.743001,0.745301,0.742915,0.744108,-0.005943,0.980524,0.196308,-0.005946,0.980489,0.196487,-0.005949,0.980346,0.197191,9.704327,-4.399443,0.038937,1,1,22.504030,-0.007409,0,0
0.850000,0.008323,293.751600,268.700700,1,1,1,1,2,2,0.745625,0.743083,0.745555,0.743170,0.744362,-0.005945,0.980500,0.196431,-0.005946,0.980489,0.196487,-0.005949,0.980358,0.197130,9.672139,-4.399604,0.038398,1,1,22.509090,-0.007246,0,0
0.860000,0.008400,293.707600,268.921400,1,1,1,1,2,2,0.745849,0.743484,0.745815,0.743409,0.744612,-0.005946,0.980519,0.196333,-0.005946,0.980489,0.196487,-0.005948,0.980369,0.197075,9.645844,-4.400080,0.037656,1,1,22.514130,-0.007087,0,0
0.870000,0.008476,293.663600,269.142300,1,1,1,1,2,2,0.746104,0.743561,0.746019,0.743634,0.744826,-0.005943,0.980500,0.196431,-0.005946,0.980489,0.196487,-0.005948,0.980380,0.197024,9.629888,-4.400812,0.036758,1,1,22.519170,-0.006930,0,0
0.880000,0.008551,293.619600,269.363200,1,1,1,1,2,2,0.746199,0.743974,0.746149,0.743888,0.745019,-0.006055,0.980499,0.196430,-0.006055,0.980467,0.196591,-0.005957,0.980387,0.196987,9.614078,-4.401698,0.036008,1,1,22.524190,-0.006776,0,0
0.889999,0.008626,293.575600,269.584100,1,1,1,1,2,2,0.746627,0.744342,0.746594,0.744338,0.745466,-0.006056,0.980548,0.196186,-0.006055,0.980529,0.196279,-0.005966,0.980400,0.196926,9.569940,-4.402738,0.034555,1,1,22.529200,-0.006717,0,0
0.899999,0.008700,293.531600,269.805100,1,1,1,1,2,2,0.746866,0.744458,0.746846,0.744331,0.745589,-0.006217,0.980498,0.196430,-0.006216,0.980497,0.196435,-0.005987,0.980408,0.196884,9.584663,-4.404209,0.033088,1,1,22.534210,-0.006653,0,0
0.909999,0.008774,293.487500,270.026200,1,1,1,1,2,2,0.747076,0.744428,0.747055,0.744553,0.745804,-0.006213,0.980498,0.196430,-0.006216,0.980497,0.196435,-0.006007,0.980416,0.196845,9.576874,-4.405534,0.031852,1,1,22.539200,-0.006716,0,0
0.919999,0.008847,293.443400,270.247300,1,1,1,1,2,2,0.747249,0.744910,0.747280,0.744777,0.746028,-0.006216,0.980493,0.196455,-0.006216,0.980497,0.196435,-0.006025,0.980423,0.196810,9.567502,-4.406933,0.030614,1,1,22.544180,-0.006761,0,0
0.929999,0.008920,293.399300,270.468400,1,1,1,1,2,2,0.747619,0.745005,0.747571,0.744969,0.746270,-0.006325,0.980497,0.196430,-0.006325,0.980476,0.196539,-0.006051,0.980427,0.196786,9.550435,-4.408422,0.029560,1,1,22.549160,-0.006790,0,0
0.939999,0.008992,293.355200,270.689600,1,1,1,1,2,2,0.747701,0.745059,0.747667,0.744970,0.746318,-0.006327,0.980542,0.196210,-0.006326,0.980538,0.196227,-0.006074,0.980437,0.196738,9.586760,-4.410077,0.027763,1,1,22.554130,-0.006894,0,0
0.949999,0.009063,293.311100,270.910800,1,1,1,1,2,2,0.747913,0.745270,0.747873,0.745262,0.746567,-0.006488,0.980516,0.196332,-0.006487,0.980506,0.196382,-0.006110,0.980443,0.196708,9.567737,-4.411374,0.026731,1,1,22.559090,-0.006973,0,0
0.959999,0.009134,293.267000,271.132100,1,1,1,1,2,2,0.748107,0.745497,0.748038,0.745441,0.746739,-0.006490,0.980521,0.196308,-0.006487,0.980506,0.196382,-0.006142,0.980448,0.196680,9.565851,-4.412856,0.025570,1,1,22.564040,-0.007166,0,0
0.969999,0.009204,293.222800,271.353500,1,1,1,1,2,2,0.748302,0.745548,0.748217,0.745639,0.746928,-0.006488,0.980496,0.196430,-0.006487,0.980506,0.196382,-0.006172,0.980453,0.196654,9.560089,-4.414355,0.024445,1,1,22.568990,-0.007324,0,0
0.979999,0.009274,293.178700,271.574800,1,1,1,1,2,2,0.748481,0.745886,0.748427,0.745800,0.747114,-0.006489,0.980521,0.196308,-0.006487,0.980506,0.196382,-0.006199,0.980458,0.196631,9.555030,-4.415908,0.023313,1,1,22.573930,-0.007453,0,0
0.989999,0.009343,293.134500,271.796300,1,1,1,1,2,2,0.748678,0.746032,0.748591,0.745980,0.747286,-0.006485,0.980531,0.196259,-0.006487,0.980506,0.196382,-0.006224,0.980462,0.196609,9.552502,-4.417510,0.022178,1,1,22.578860,-0.007554,0,0
0.999999,0.009411,293.090300,272.017700,1,1,1,1,2,2,0.748792,0.746248,0.748726,0.746115,0.747420,-0.006489,0.980531,0.196259,-0.006487,0.980506,0.196382,-0.006247,0.980466,0.196590,9.556277,-4.419135,0.021059,1,1,22.583780,-0.007631,0,0
1.009999,0.009479,293.046100,272.239300,1,1,1,1,2,2,0.748941,0.746195,0.748890,0.746315,0.747603,-0.006486,0.980496,0.196430,-0.006487,0.980506,0.196382,-0.006267,0.980469,0.196572,9.549507,-4.420722,0.020016,1,1,22.588700,-0.007685,0,0
1.019999,0.009546,293.001900,272.460800,1,1,1,1,2,2,0.749095,0.746595,0.749013,0.746429,0.747721,-0.006489,0.980496,0.196430,-0.006487,0.980506,0.196382,-0.006286,0.980472,0.196556,9.555129,-4.422373,0.018942,1,1,22.593610,-0.007720,0,0
1.029999,0.009612,292.957600,272.682400,1,1,1,1,2,2,0.749280,0.746634,0.749190,0.746578,0.747884,-0.006488,0.980521,0.196308,-0.006487,0.980506,0.196382,-0.006304,0.980475,0.196541,9.550450,-4.423967,0.017956,1,1,22.598510,-0.007737,0,0
1.039999,0.009677,292.913400,272.904100,1,1,1,1,2,2,0.749364,0.746769,0.749264,0.746713,0.747989,-0.006490,0.980521,0.196308,-0.006487,0.980506,0.196382,-0.006319,0.980478,0.196527,9.556692,-4.425606,0.016953,1,1,22.603410,-0.007738,0,0
1.049999,0.009742,292.869100,273.125800,1,1,1,1,2,2,0.749484,0.746936,0.749429,0.746839,0.748134,-0.006489,0.980526,0.196283,-0.006487,0.980506,0.196382,-0.006334,0.980480,0.196515,9.553430,-4.427182,0.016040,1,1,22.608300,-0.007723,0,0
1.059999,0.009807,292.824800,273.347500,1,1,1,1,2,2,0.749622,0.747020,0.749552,0.746967,0.748260,-0.006488,0.980521,0.196308,-0.006487,0.980506,0.196382,-0.006347,0.980483,0.196503,9.553859,-4.428789,0.015119,1,1,22.613190,-0.007695,0,0
1.069999,0.009870,292.780500,273.569300,1,1,1,1,2,2,0.749723,0.746970,0.749653,0.747087,0.748370,-0.006490,0.980496,0.196430,-0.006487,0.980506,0.196382,-0.006359,0.980485,0.196493,9.556306,-4.430390,0.014225,1,1,22.618070,-0.007656,0,0
1.079999,0.009933,292.736200,273.791200,1,1,1,1,2,2,0.749795,0.747093,0.749773,0.747177,0.748475,-0.006491,0.980487,0.196479,-0.006487,0.980506,0.196382,-0.006370,0.980487,0.196483,9.558689,-4.431966,0.013376,1,1,22.622950,-0.007606,0,0
1.089999,0.009996,292.691800,274.013100,1,1,1,1,2,2,0.749932,0.747305,0.749893,0.747282,0.748587,-0.006491,0.980516,0.196332,-0.006487,0.980506,0.196382,-0.006380,0.980488,0.196475,9.558647,-4.433517,0.012570,1,1,22.627820,-0.007549,0,0
1.099999,0.010057,292.647500,274.235000,1,1,1,1,2,2,0.750052,0.747379,0.749968,0.747392,0.748680,-0.006488,0.980472,0.196552,-0.006487,0.980506,0.196382,-0.006389,0.980490,0.196467,9.561677,-4.435066,0.011782,1,1,22.632680,-0.007485,0,0
1.109999,0.010119,292.603100,274.457000,1,1,1,1,2,2,0.749839,0.747370,0.749809,0.747482,0.748646,-0.006723,0.980441,0.196699,-0.006723,0.980459,0.196609,-0.006418,0.980487,0.196479,9.575105,-4.436585,0.011491,1,1,22.637540,-0.007414,0,0
1.119999,0.010179,292.558700,274.679000,1,1,1,1,2,2,0.749769,0.747377,0.749741,0.747312,0.748527,-0.006723,0.980357,0.197115,-0.006722,0.980345,0.197179,-0.006444,0.980475,0.196539,9.572627,-4.437971,0.012441,1,1,22.642390,-0.007533,0,0
1.129999,0.010239,292.514300,274.901100,1,1,1,1,2,2,0.750146,0.747341,0.750058,0.747243,0.748651,-0.006993,0.980311,0.197334,-0.006997,0.980290,0.197443,-0.006492,0.980459,0.196617,9.516832,-4.439382,0.013774,1,1,22.647250,-0.007627,0,0
1.139999,0.010298,292.469900,275.123200,1,1,1,1,2,2,0.750457,0.747511,0.750372,0.747602,0.748987,-0.006994,0.980292,0.197432,-0.006997,0.980290,0.197443,-0.006535,0.980444,0.196688,9.440581,-4.441339,0.014396,1,1,22.652100,-0.007923,0,0
1.149999,0.010356,292.425500,275.345400,1,1,1,1,2,2,0.767999,0.747778,0.750871,0.747910,0.749391,-0.037312,0.973300,0.226482,-0.007233,0.980242,0.197670,-0.006596,0.980427,0.196773,9.363493,-4.444044,0.014567,1,1,22.656960,-0.008179,0,0
1.159999,0.010414,292.381000,275.567600,1,1,1,1,2,2,0.751591,0.748509,0.751542,0.748405,0.749973,-0.007231,0.980152,0.198116,-0.007233,0.980127,0.198239,-0.006650,0.980401,0.196899,9.249253,-4.447504,0.014933,1,1,22.661830,-0.008587,0,0
1.169999,0.010472,292.336500,275.789900,1,1,1,1,2,2,0.752070,0.749034,0.751999,0.748998,0.750499,-0.007509,0.980101,0.198360,-0.007507,0.980072,0.198503,-0.006724,0.980373,0.197037,9.166830,-4.452084,0.014434,1,1,22.666700,-0.008946,0,0
1.179999,0.010528,292.291900,276.012100,1,1,1,1,2,2,0.752504,0.749471,0.752418,0.749432,0.750925,-0.007508,0.980096,0.198385,-0.007507,0.980072,0.198503,-0.006791,0.980347,0.197163,9.129701,-4.457471,0.012840,1,1,22.671580,-0.009471,0,0
1.189999,0.010584,292.247300,276.234500,1,1,1,1,2,2,0.752881,0.749878,0.752810,0.749839,0.751324,-0.007509,0.980096,0.198384,-0.007507,0.980072,0.198503,-0.006853,0.980323,0.197278,9.112899,-4.463221,0.010628,1,1,22.676460,-0.009920,0,0
1.199999,0.010640,292.202600,276.456800,1,1,1,1,2,2,0.753236,0.750332,0.753136,0.750150,0.751643,-0.007503,0.980076,0.198482,-0.007507,0.980072,0.198503,-0.006909,0.980302,0.197384,9.120518,-4.469134,0.008021,1,1,22.681350,-0.010302,0,0
1.209999,0.010695,292.157900,276.679300,1,1,1,1,2,2,0.753535,0.750584,0.753465,0.750455,0.751960,-0.007507,0.980106,0.198335,-0.007507,0.980072,0.198503,-0.006961,0.980282,0.197480,9.131659,-4.474971,0.005285,1,1,22.686250,-0.010623,0,0
1.219999,0.010749,292.113100,276.901700,1,1,1,1,2,2,0.753823,0.750631,0.753722,0.750718,0.752220,-0.007507,0.980081,0.198457,-0.007507,0.980072,0.198503,-0.007008,0.980264,0.197568,9.154966,-4.480697,0.002472,1,1,22.691160,-0.010891,0,0
1.229999,0.010803,292.068200,277.124200,1,1,1,1,2,2,0.753969,0.750984,0.753914,0.750927,0.752421,-0.007507,0.980101,0.198360,-0.007507,0.980072,0.198503,-0.007051,0.980247,0.197648,9.187543,-4.486193,-0.000280,1,1,22.696070,-0.011110,0,0
1.239999,0.010855,292.023300,277.346700,1,1,1,1,2,2,0.754119,0.751229,0.754030,0.751047,0.752539,-0.007504,0.980076,0.198482,-0.007507,0.980072,0.198503,-0.007090,0.980232,0.197722,9.230707,-4.491367,-0.002863,1,1,22.700980,-0.011283,0,0
1.249999,0.010907,291.978300,277.569300,1,1,1,1,2,2,0.754238,0.751257,0.754168,0.751182,0.752675,-0.007509,0.980096,0.198385,-0.007507,0.980072,0.198503,-0.007126,0.980218,0.197789,9.263449,-4.496116,-0.005158,1,1,22.705900,-0.011418,0,0
1.259999,0.010958,291.933300,277.791900,1,1,1,1,2,2,0.754313,0.751154,0.754231,0.751257,0.752744,-0.007508,0.980076,0.198482,-0.007507,0.980072,0.198503,-0.007159,0.980205,0.197851,9.303410,-4.500542,-0.007257,1,1,22.710820,-0.011518,0,0
1.269999,0.011009,291.888300,278.014500,1,1,1,1,2,2,0.754306,0.751516,0.754279,0.751301,0.752790,-0.007505,0.980081,0.198457,-0.007507,0.980072,0.198503,-0.007189,0.980194,0.197907,9.340440,-4.504575,-0.009076,1,1,22.715740,-0.011585,0,0
1.279999,0.011058,291.843200,278.237200,1,1,1,1,2,2,0.754388,0.751407,0.754347,0.751322,0.752835,-0.007507,0.980096,0.198385,-0.007507,0.980072,0.198503,-0.007216,0.980183,0.197958,9.371223,-4.508244,-0.010635,1,1,22.720660,-0.011625,0,0
1.289999,0.011106,291.798100,278.459900,1,1,1,1,2,2,0.754407,0.751403,0.754329,0.751301,0.752815,-0.007504,0.980096,0.198385,-0.007507,0.980072,0.198503,-0.007241,0.980174,0.198005,9.408424,-4.511609,-0.011987,1,1,22.725580,-0.011639,0,0
1.299999,0.011154,291.753000,278.682700,1,1,1,1,2,2,0.754340,0.751436,0.754302,0.751316,0.752809,-0.007507,0.980066,0.198531,-0.007507,0.980072,0.198503,-0.007264,0.980165,0.198048,9.436199,-4.514608,-0.013058,1,1,22.730500,-0.011631,0,0
1.309999,0.011201,291.707800,278.905500,1,1,1,1,2,2,0.754343,0.751232,0.754257,0.751277,0.752767,-0.007507,0.980081,0.198457,-0.007507,0.980072,0.198503,-0.007285,0.980157,0.198087,9.465592,-4.517334,-0.013936,1,1,22.735420,-0.011602,0,0
1.319999,0.011246,291.662600,279.128400,1,1,1,1,2,2,0.754331,0.751251,0.754228,0.751218,0.752723,-0.007506,0.980101,0.198360,-0.007507,0.980072,0.198503,-0.007304,0.980150,0.198123,9.490086,-4.519770,-0.014596,1,1,22.740340,-0.011556,0,0
1.329999,0.011291,291.617400,279.351300,1,1,1,1,2,2,0.753854,0.751176,0.753717,0.751149,0.752433,-0.007852,0.980038,0.198653,-0.007851,0.980002,0.198832,-0.007351,0.980137,0.198184,9.537725,-4.521965,-0.014421,1,1,22.745250,-0.011497,0,0
1.339999,0.011334,291.572100,279.574200,1,1,1,1,2,2,0.753028,0.750221,0.752978,0.750283,0.751631,-0.007849,0.979735,0.200143,-0.007848,0.979728,0.200180,-0.007394,0.980102,0.198356,9.601274,-4.523692,-0.011199,1,1,22.750170,-0.011700,0,0
1.349999,0.011377,291.526900,279.797200,1,1,1,1,2,2,0.753450,0.750229,0.753345,0.750091,0.751718,-0.008207,0.979658,0.200509,-0.008208,0.979654,0.200525,-0.007464,0.980063,0.198542,9.479977,-4.524798,-0.006991,1,1,22.755100,-0.011860,0,0
1.359999,0.011418,291.481600,280.020300,1,1,1,1,2,2,0.753790,0.750586,0.753716,0.750464,0.752090,-0.008207,0.979683,0.200387,-0.008208,0.979654,0.200525,-0.007528,0.980028,0.198713,9.347079,-4.527095,-0.004368,1,1,22.760040,-0.012288,0,0
1.369999,0.011459,291.436300,280.243400,1,1,1,1,2,2,0.754134,0.750866,0.754099,0.750808,0.752453,-0.008208,0.979677,0.200412,-0.008208,0.979654,0.200525,-0.007587,0.979996,0.198869,9.257488,-4.530696,-0.003411,1,1,22.765000,-0.012649,0,0
1.379999,0.011498,291.391000,280.466500,1,1,1,1,2,2,0.754822,0.751241,0.754747,0.751151,0.752949,-0.008553,0.979564,0.200950,-0.008551,0.979584,0.200855,-0.007670,0.979960,0.199040,9.157507,-4.535174,-0.002998,1,1,22.769970,-0.012956,0,0
1.389999,0.011537,291.345600,280.689700,1,1,1,1,2,2,0.755991,0.752262,0.755920,0.752175,0.754047,-0.008549,0.979303,0.202220,-0.008549,0.979307,0.202201,-0.007745,0.979904,0.199312,8.915020,-4.540633,-0.001228,1,1,22.774940,-0.013484,0,0
1.399999,0.011574,291.300100,280.912900,1,1,1,1,2,2,0.756607,0.752978,0.756601,0.753069,0.754835,-0.008910,0.979224,0.202585,-0.008908,0.979232,0.202546,-0.007845,0.979846,0.199590,8.785219,-4.548468,-0.001729,1,1,22.779950,-0.013963,0,0
1.409999,0.011611,291.254500,281.136100,1,1,1,1,2,2,0.757257,0.753735,0.757175,0.753696,0.755436,-0.008908,0.979249,0.202463,-0.008908,0.979232,0.202546,-0.007937,0.979793,0.199845,8.735326,-4.557575,-0.004079,1,1,22.784970,-0.014637,0,0
1.419999,0.011648,291.208800,281.359400,1,1,1,1,2,2,0.757799,0.754213,0.757692,0.754144,0.755918,-0.008906,0.979255,0.202438,-0.008908,0.979232,0.202546,-0.008021,0.979745,0.200077,8.731756,-4.567170,-0.007430,1,1,22.790010,-0.015206,0,0
1.429999,0.011683,291.163100,281.582700,1,1,1,1,2,2,0.758150,0.754568,0.758072,0.754557,0.756314,-0.008907,0.979249,0.202463,-0.008908,0.979232,0.202546,-0.008097,0.979701,0.200290,8.756174,-4.576797,-0.011275,1,1,22.795080,-0.015683,0,0
1.439999,0.011718,291.117200,281.806000,1,1,1,1,2,2,0.758516,0.754979,0.758424,0.754892,0.756658,-0.008908,0.979260,0.202413,-0.008908,0.979232,0.202546,-0.008167,0.979661,0.200484,8.794414,-4.586184,-0.015294,1,1,22.800160,-0.016078,0,0
1.449999,0.011752,291.071200,282.029400,1,1,1,1,2,2,0.758673,0.755010,0.758663,0.755095,0.756879,-0.008907,0.979219,0.202610,-0.008908,0.979232,0.202546,-0.008231,0.979624,0.200661,8.854728,-4.595193,-0.019313,1,1,22.805260,-0.016401,0,0
1.459999,0.011785,291.025200,282.252800,1,1,1,1,2,2,0.758867,0.755428,0.758798,0.755259,0.757028,-0.008909,0.979229,0.202560,-0.008908,0.979232,0.202546,-0.008289,0.979590,0.200824,8.921639,-4.603610,-0.023079,1,1,22.810370,-0.016658,0,0
1.469999,0.011816,290.979100,282.476300,1,1,1,1,2,2,0.758976,0.755443,0.758887,0.755364,0.757126,-0.008910,0.979244,0.202488,-0.008908,0.979232,0.202546,-0.008342,0.979559,0.200972,8.989248,-4.611368,-0.026495,1,1,22.815490,-0.016858,0,0
1.479999,0.011847,290.932900,282.699800,1,1,1,1,2,2,0.759035,0.755529,0.758968,0.755408,0.757188,-0.008909,0.979219,0.202610,-0.008908,0.979232,0.202546,-0.008391,0.979531,0.201107,9.053473,-4.618463,-0.029527,1,1,22.820620,-0.017004,0,0
1.489999,0.011877,290.886700,282.923300,1,1,1,1,2,2,0.759035,0.755480,0.758947,0.755423,0.757185,-0.008907,0.979255,0.202438,-0.008908,0.979232,0.202546,-0.008435,0.979505,0.201231,9.120186,-4.624926,-0.032183,1,1,22.825750,-0.017104,0,0
1.499999,0.011905,290.840400,283.146900,1,1,1,1,2,2,0.758976,0.755439,0.758917,0.755364,0.757141,-0.008908,0.979249,0.202463,-0.008908,0.979232,0.202546,-0.008476,0.979482,0.201344,9.183857,-4.630733,-0.034417,1,1,22.830900,-0.017162,0,0
1.509999,0.011932,290.794000,283.370500,1,1,1,1,2,2,0.758822,0.755159,0.758816,0.755244,0.757030,-0.008910,0.979219,0.202610,-0.008908,0.979232,0.202546,-0.008513,0.979460,0.201448,9.249039,-4.635916,-0.036237,1,1,22.836050,-0.017183,0,0
1.519999,0.011958,290.747600,283.594100,1,1,1,1,2,2,0.758669,0.755010,0.758670,0.755095,0.756882,-0.008909,0.979224,0.202585,-0.008908,0.979232,0.202546,-0.008547,0.979441,0.201542,9.309772,-4.640459,-0.037609,1,1,22.841200,-0.017170,0,0
1.529999,0.011982,290.701100,283.817800,1,1,1,1,2,2,0.758542,0.754957,0.758475,0.754930,0.756703,-0.008909,0.979244,0.202488,-0.008908,0.979232,0.202546,-0.008578,0.979423,0.201629,9.365650,-4.644405,-0.038560,1,1,22.846360,-0.017127,0,0
1.539999,0.012005,290.654700,284.041500,1,1,1,1,2,2,0.758348,0.754766,0.758275,0.754736,0.756505,-0.008913,0.979239,0.202513,-0.008908,0.979232,0.202546,-0.008607,0.979406,0.201708,9.415095,-4.647803,-0.039124,1,1,22.851520,-0.017056,0,0
1.549999,0.012026,290.608200,284.265300,1,1,1,1,2,2,0.758139,0.754583,0.758069,0.754542,0.756305,-0.008910,0.979255,0.202438,-0.008908,0.979232,0.202546,-0.008633,0.979391,0.201780,9.456615,-4.650716,-0.039349,1,1,22.856690,-0.016963,0,0
1.559999,0.012046,290.561600,284.489200,1,1,1,1,2,2,0.757375,0.754363,0.757404,0.754279,0.755841,-0.009326,0.979145,0.202950,-0.009327,0.979145,0.202948,-0.008693,0.979370,0.201880,9.518512,-4.653222,-0.038494,1,1,22.861850,-0.016853,0,0
1.569999,0.012065,290.515100,284.713000,1,1,1,1,2,2,0.756511,0.753197,0.756522,0.752626,0.754574,-0.009324,0.978748,0.204854,-0.009724,0.978656,0.205275,-0.008781,0.979309,0.202173,9.597202,-4.655121,-0.032541,1,1,22.867020,-0.017064,0,0
1.579999,0.012081,290.468500,284.937000,1,1,1,1,2,2,0.756913,0.753015,0.756880,0.753014,0.754947,-0.009724,0.978657,0.205270,-0.009724,0.978656,0.205275,-0.008862,0.979252,0.202440,9.375574,-4.656252,-0.026383,1,1,22.872210,-0.017543,0,0
1.589999,0.012096,290.421900,285.160900,1,1,1,1,2,2,0.757286,0.753472,0.757283,0.753402,0.755342,-0.009721,0.978668,0.205218,-0.009724,0.978656,0.205275,-0.008937,0.979201,0.202684,9.218719,-4.659558,-0.022976,1,1,22.877420,-0.017965,0,0
1.599999,0.012110,290.375300,285.385000,1,1,1,1,2,2,0.758046,0.753781,0.757940,0.753751,0.755846,-0.010142,0.978556,0.205731,-0.010143,0.978568,0.205676,-0.009040,0.979147,0.202941,9.073532,-4.664401,-0.020814,1,1,22.882660,-0.018318,0,0
1.609999,0.012123,290.328600,285.609000,1,1,1,1,2,2,0.759431,0.755016,0.759347,0.754982,0.757165,-0.010139,0.978160,0.207608,-0.010139,0.978158,0.207618,-0.009135,0.979063,0.203343,8.733138,-4.670667,-0.016726,1,1,22.887910,-0.018934,0,0
1.619999,0.012134,290.281800,285.833100,1,1,1,1,2,2,0.760221,0.756217,0.760190,0.756005,0.758097,-0.010537,0.978087,0.207928,-0.010539,0.978072,0.208001,-0.009256,0.978978,0.203744,8.547393,-4.680268,-0.016045,1,1,22.893200,-0.019496,0,0
1.629999,0.012145,290.234900,286.057300,1,1,1,1,2,2,0.760913,0.756768,0.760906,0.756751,0.758829,-0.010539,0.978067,0.208024,-0.010539,0.978072,0.208001,-0.009366,0.978901,0.204110,8.464934,-4.691688,-0.018042,1,1,22.898530,-0.020257,0,0
1.639999,0.012154,290.187800,286.281400,1,1,1,1,2,2,0.761594,0.757395,0.761523,0.757385,0.759454,-0.010541,0.978067,0.208024,-0.010539,0.978072,0.208001,-0.009467,0.978830,0.204445,8.439923,-4.703914,-0.021572,1,1,22.903890,-0.020886,0,0
1.649999,0.012163,290.140700,286.505600,1,1,1,1,2,2,0.762097,0.757936,0.762067,0.757886,0.759976,-0.010539,0.978067,0.208024,-0.010539,0.978072,0.208001,-0.009559,0.978765,0.204751,8.456382,-4.716383,-0.026017,1,1,22.909280,-0.021403,0,0
1.659999,0.012170,290.093400,286.729800,1,1,1,1,2,2,0.762535,0.758324,0.762467,0.758280,0.760373,-0.010539,0.978073,0.207998,-0.010539,0.978072,0.208001,-0.009644,0.978705,0.205031,8.506505,-4.728689,-0.030904,1,1,22.914700,-0.021821,0,0
1.669999,0.012177,290.046000,286.954000,1,1,1,1,2,2,0.762784,0.758530,0.762742,0.758560,0.760651,-0.010538,0.978093,0.207902,-0.010539,0.978072,0.208001,-0.009721,0.978651,0.205287,8.579486,-4.740502,-0.035844,1,1,22.920140,-0.022151,0,0
1.679999,0.012182,289.998500,287.178300,1,1,1,1,2,2,0.762963,0.758752,0.762929,0.758751,0.760840,-0.010541,0.978062,0.208050,-0.010539,0.978072,0.208001,-0.009791,0.978601,0.205520,8.662853,-4.751598,-0.040561,1,1,22.925600,-0.022404,0,0
1.689999,0.012186,289.950900,287.402600,1,1,1,1,2,2,0.763053,0.758842,0.763010,0.758841,0.760926,-0.010540,0.978062,0.208050,-0.010539,0.978072,0.208001,-0.009856,0.978555,0.205734,8.755711,-4.761875,-0.044907,1,1,22.931080,-0.022589,0,0
1.699999,0.012189,289.903200,287.627000,1,1,1,1,2,2,0.763102,0.758892,0.763004,0.758862,0.760933,-0.010535,0.978073,0.207998,-0.010539,0.978072,0.208001,-0.009914,0.978514,0.205929,8.849977,-4.771241,-0.048747,1,1,22.936570,-0.022713,0,0
1.709999,0.012190,289.855400,287.851300,1,1,1,1,2,2,0.762993,0.758782,0.762932,0.758796,0.760864,-0.010544,0.978062,0.208050,-0.010539,0.978072,0.208001,-0.009968,0.978476,0.206107,8.944113,-4.779683,-0.052032,1,1,22.942080,-0.022783,0,0
1.719999,0.012190,289.807500,288.075800,1,1,1,1,2,2,0.762844,0.758633,0.762795,0.758653,0.760724,-0.010541,0.978062,0.208050,-0.010539,0.978072,0.208001,-0.010017,0.978441,0.206270,9.036429,-4.787201,-0.054730,1,1,22.947600,-0.022804,0,0
1.729999,0.012188,289.759600,288.300200,1,1,1,1,2,2,0.762635,0.758474,0.762571,0.758423,0.760497,-0.010538,0.978067,0.208024,-0.010539,0.978072,0.208001,-0.010062,0.978409,0.206419,9.129433,-4.793814,-0.056828,1,1,22.953130,-0.022782,0,0
1.739999,0.012185,289.711600,288.524700,1,1,1,1,2,2,0.762400,0.758201,0.762347,0.758157,0.760252,-0.010538,0.978067,0.208024,-0.010539,0.978072,0.208001,-0.010103,0.978380,0.206555,9.209793,-4.799516,-0.058292,1,1,22.958660,-0.022720,0,0
1.749999,0.012179,289.663500,288.749300,1,1,1,1,2,2,0.762093,0.757936,0.762055,0.757901,0.759978,-0.010537,0.978073,0.207998,-0.010539,0.978072,0.208001,-0.010141,0.978354,0.206680,9.282234,-4.804430,-0.059223,1,1,22.964200,-0.022624,0,0
1.759999,0.012172,289.615400,288.973900,1,1,1,1,2,2,0.761803,0.757604,0.761750,0.757587,0.759669,-0.010537,0.978067,0.208024,-0.010539,0.978072,0.208001,-0.010175,0.978329,0.206794,9.348996,-4.808635,-0.059678,1,1,22.969750,-0.022497,0,0
1.769999,0.012163,289.567300,289.198600,1,1,1,1,2,2,0.761491,0.757280,0.761398,0.757244,0.759321,-0.010539,0.978073,0.207998,-0.010539,0.978072,0.208001,-0.010207,0.978307,0.206898,9.411668,-4.812185,-0.059691,1,1,22.975300,-0.022343,0,0
1.779999,0.012152,289.519200,289.423300,1,1,1,1,2,2,0.760633,0.756922,0.760513,0.756871,0.758692,-0.010987,0.977979,0.208414,-0.010988,0.977976,0.208430,-0.010274,0.978279,0.207029,9.492743,-4.815122,-0.058416,1,1,22.980850,-0.022172,0,0
1.789999,0.012139,289.471000,289.648000,1,1,1,1,2,2,0.759211,0.755326,0.759144,0.755256,0.757200,-0.010981,0.977488,0.210706,-0.010982,0.977485,0.210721,-0.010335,0.978210,0.207347,9.599216,-4.817266,-0.051961,1,1,22.986400,-0.022334,0,0
1.799999,0.012124,289.422800,289.872900,1,1,1,1,2,2,0.759620,0.755098,0.759531,0.755043,0.757287,-0.011371,0.977405,0.211070,-0.011371,0.977400,0.211093,-0.010424,0.978141,0.207669,9.391938,-4.818372,-0.044323,1,1,22.991990,-0.022435,0,0
1.809999,0.012107,289.374600,290.097700,1,1,1,1,2,2,0.759911,0.755263,0.759851,0.755338,0.757594,-0.011370,0.977373,0.211218,-0.011371,0.977400,0.211093,-0.010506,0.978077,0.207964,9.213129,-4.821509,-0.039405,1,1,22.997600,-0.022827,0,0
1.819999,0.012088,289.326300,290.322600,1,1,1,1,2,2,0.760194,0.755723,0.760459,0.755683,0.758071,-0.011369,0.977399,0.211096,-0.011819,0.977302,0.211521,-0.010619,0.978010,0.208270,9.041413,-4.826398,-0.035997,1,1,23.003230,-0.023146,0,0
1.829999,0.012067,289.278000,290.547600,1,1,1,1,2,2,0.761850,0.756898,0.761821,0.756878,0.759349,-0.011813,0.976811,0.213777,-0.011814,0.976804,0.213810,-0.010721,0.977908,0.208746,8.668231,-4.832969,-0.030314,1,1,23.008900,-0.023750,0,0
1.839999,0.012045,289.229500,290.772600,1,1,1,1,2,2,0.762766,0.757934,0.762670,0.757895,0.760283,-0.012203,0.976727,0.214140,-0.012203,0.976718,0.214182,-0.010848,0.977807,0.209213,8.455205,-4.843193,-0.028550,1,1,23.014610,-0.024291,0,0
1.849999,0.012021,289.181000,290.997600,1,1,1,1,2,2,0.763509,0.758662,0.763453,0.758662,0.761057,-0.012207,0.976703,0.214246,-0.012203,0.976718,0.214182,-0.010964,0.977715,0.209639,8.348102,-4.855501,-0.029882,1,1,23.020360,-0.025011,0,0
1.859999,0.011997,289.132300,291.222700,1,1,1,1,2,2,0.764124,0.759364,0.764098,0.759299,0.761698,-0.012205,0.976715,0.214193,-0.012203,0.976718,0.214182,-0.011071,0.977630,0.210029,8.312746,-4.868855,-0.033116,1,1,23.026150,-0.025592,0,0
1.869999,0.011972,289.083500,291.447800,1,1,1,1,2,2,0.764733,0.759850,0.764659,0.759817,0.762238,-0.012206,0.976721,0.214166,-0.012203,0.976718,0.214182,-0.011168,0.977552,0.210386,8.323129,-4.882554,-0.037448,1,1,23.031970,-0.026059,0,0
1.879999,0.011945,289.034500,291.672900,1,1,1,1,2,2,0.765099,0.760288,0.765033,0.760283,0.762658,-0.012204,0.976721,0.214166,-0.012203,0.976718,0.214182,-0.011257,0.977480,0.210713,8.370447,-4.896149,-0.042392,1,1,23.037830,-0.026427,0,0
1.889999,0.011917,288.985400,291.898100,1,1,1,1,2,2,0.765316,0.760552,0.765305,0.760518,0.762911,-0.012203,0.976721,0.214166,-0.012203,0.976718,0.214182,-0.011339,0.977414,0.211011,8.452223,-4.909279,-0.047513,1,1,23.043720,-0.026705,0,0
1.899999,0.011888,288.936200,292.123300,1,1,1,1,2,2,0.765517,0.760757,0.765436,0.760667,0.763051,-0.012202,0.976727,0.214140,-0.012203,0.976718,0.214182,-0.011413,0.977354,0.211284,8.548932,-4.921607,-0.052413,1,1,23.049630,-0.026901,0,0
1.909999,0.011858,288.886900,292.348500,1,1,1,1,2,2,0.765576,0.760749,0.765525,0.760727,0.763126,-0.012206,0.976709,0.214220,-0.012203,0.976718,0.214182,-0.011481,0.977299,0.211533,8.646909,-4.932986,-0.056890,1,1,23.055560,-0.027026,0,0
1.919999,0.011826,288.837400,292.573700,1,1,1,1,2,2,0.765495,0.760735,0.765477,0.760682,0.763079,-0.012206,0.976715,0.214193,-0.012203,0.976718,0.214182,-0.011543,0.977249,0.211761,8.754642,-4.943406,-0.060885,1,1,23.061500,-0.027087,0,0
1.929999,0.011792,288.787900,292.799000,1,1,1,1,2,2,0.765427,0.760616,0.765379,0.760577,0.762978,-0.012203,0.976721,0.214166,-0.012203,0.976718,0.214182,-0.011600,0.977204,0.211970,8.856706,-4.952771,-0.064257,1,1,23.067470,-0.027092,0,0
1.939999,0.011757,288.738300,293.024400,1,1,1,1,2,2,0.765223,0.760403,0.765174,0.760369,0.762771,-0.012204,0.976721,0.214166,-0.012203,0.976718,0.214182,-0.011652,0.977162,0.212160,8.962744,-4.961136,-0.067025,1,1,23.073440,-0.027046,0,0
1.949998,0.011720,288.688600,293.249700,1,1,1,1,2,2,0.765002,0.760123,0.764906,0.760101,0.762503,-0.012204,0.976715,0.214193,-0.012203,0.976718,0.214182,-0.011699,0.977123,0.212334,9.062860,-4.968463,-0.069113,1,1,23.079430,-0.026956,0,0
1.959998,0.011680,288.638900,293.475200,1,1,1,1,2,2,0.764652,0.759820,0.764586,0.759803,0.762194,-0.012203,0.976715,0.214193,-0.012203,0.976718,0.214182,-0.011743,0.977089,0.212493,9.153983,-4.974810,-0.070549,1,1,23.085420,-0.026827,0,0
1.969998,0.011639,288.589100,293.700700,1,1,1,1,2,2,0.764324,0.759513,0.764243,0.759460,0.761852,-0.012200,0.976721,0.214166,-0.012203,0.976718,0.214182,-0.011782,0.977057,0.212638,9.236425,-4.980266,-0.071391,1,1,23.091420,-0.026663,0,0
1.979998,0.011596,288.539200,293.926200,1,1,1,1,2,2,0.763937,0.759197,0.763886,0.759087,0.761486,-0.012204,0.976721,0.214166,-0.012203,0.976718,0.214182,-0.011818,0.977027,0.212771,9.309591,-4.984915,-0.071700,1,1,23.097430,-0.026468,0,0
1.989998,0.011550,288.489300,294.151800,1,1,1,1,2,2,0.763571,0.758728,0.763468,0.758676,0.761072,-0.012204,0.976721,0.214166,-0.012203,0.976718,0.214182,-0.011852,0.977001,0.212893,9.379959,-4.988849,-0.071544,1,1,23.103440,-0.026246,0,0
1.999998,0.011502,288.439400,294.377400,1,1,1,1,2,2,0.762629,0.758291,0.762533,0.758223,0.760378,-0.012625,0.976630,0.214556,-0.012625,0.976624,0.214584,-0.011918,0.976968,0.213038,9.468692,-4.992094,-0.070107,1,1,23.109460,-0.026009,0,0
2.009999,0.011452,288.389400,294.603100,1,1,1,1,2,2,0.761045,0.756399,0.760930,0.756323,0.758627,-0.012615,0.976116,0.216885,-0.012618,0.976099,0.216962,-0.011978,0.976893,0.213376,9.611262,-4.994473,-0.063231,1,1,23.115480,-0.026082,0,0
2.019999,0.011399,288.339500,294.828900,1,1,1,1,2,2,0.761314,0.756220,0.761175,0.756121,0.758648,-0.012946,0.976040,0.217208,-0.012943,0.976026,0.217271,-0.012061,0.976819,0.213711,9.400452,-4.995463,-0.054979,1,1,23.121520,-0.026094,0,0
2.029999,0.011344,288.289500,295.054700,1,1,1,1,2,2,0.761524,0.756502,0.761465,0.756380,0.758923,-0.012946,0.976039,0.217208,-0.012943,0.976026,0.217271,-0.012137,0.976750,0.214018,9.213662,-4.998517,-0.049513,1,1,23.127590,-0.026348,0,0
2.039999,0.011286,288.239400,295.280500,1,1,1,1,2,2,0.761795,0.756514,0.761710,0.756612,0.759161,-0.012943,0.976013,0.217330,-0.012943,0.976026,0.217271,-0.012207,0.976688,0.214298,9.095767,-5.003398,-0.046535,1,1,23.133700,-0.026525,0,0
2.049999,0.011227,288.189400,295.506500,1,1,1,1,2,2,0.762411,0.756718,0.763151,0.757720,0.760436,-0.013367,0.975926,0.217692,-0.013358,0.975397,0.220049,-0.012306,0.976578,0.214792,8.692762,-5.009433,-0.039639,1,1,23.139830,-0.026648,0,0
2.059999,0.011166,288.139200,295.732400,1,1,1,1,2,2,0.764068,0.758695,0.763992,0.758618,0.761305,-0.013687,0.975354,0.220221,-0.013683,0.975323,0.220358,-0.012424,0.976472,0.215272,8.472495,-5.019407,-0.037128,1,1,23.146000,-0.027088,0,0
2.069999,0.011104,288.088800,295.958400,1,1,1,1,2,2,0.764740,0.759409,0.764699,0.759363,0.762031,-0.013684,0.975354,0.220221,-0.013683,0.975323,0.220358,-0.012533,0.976374,0.215710,8.357003,-5.031535,-0.037773,1,1,23.152220,-0.027664,0,0
2.079998,0.011041,288.038400,296.184400,1,1,1,1,2,2,0.765388,0.760019,0.765331,0.759954,0.762643,-0.013682,0.975360,0.220193,-0.013683,0.975323,0.220358,-0.012631,0.976285,0.216109,8.314329,-5.044790,-0.040506,1,1,23.158480,-0.028114,0,0
2.089998,0.010977,287.987800,296.410500,1,1,1,1,2,2,0.765849,0.760481,0.765763,0.760404,0.763083,-0.013686,0.975360,0.220193,-0.013683,0.975323,0.220358,-0.012722,0.976203,0.216474,8.332618,-5.058460,-0.044443,1,1,23.164780,-0.028454,0,0
2.099998,0.010911,287.937100,296.636600,1,1,1,1,2,2,0.766206,0.760934,0.766098,0.760747,0.763422,-0.013686,0.975327,0.220342,-0.013683,0.975323,0.220358,-0.012804,0.976127,0.216809,8.382752,-5.071949,-0.048918,1,1,23.171100,-0.028704,0,0
2.109998,0.010844,287.886200,296.862700,1,1,1,1,2,2,0.766497,0.760966,0.766381,0.761033,0.763707,-0.013680,0.975345,0.220260,-0.013683,0.975323,0.220358,-0.012880,0.976058,0.217114,8.447007,-5.084947,-0.053563,1,1,23.177460,-0.028874,0,0
2.119998,0.010776,287.835300,297.088900,1,1,1,1,2,2,0.766578,0.761047,0.766522,0.761145,0.763833,-0.013682,0.975333,0.220314,-0.013683,0.975323,0.220358,-0.012949,0.975995,0.217393,8.539051,-5.097315,-0.058181,1,1,23.183840,-0.028970,0,0
2.129998,0.010707,287.784200,297.315100,1,1,1,1,2,2,0.766608,0.761206,0.766515,0.761152,0.763833,-0.013682,0.975312,0.220408,-0.013683,0.975323,0.220358,-0.013012,0.975937,0.217649,8.644933,-5.108782,-0.062439,1,1,23.190240,-0.029001,0,0
2.139998,0.010636,287.733000,297.541300,1,1,1,1,2,2,0.766496,0.761128,0.766477,0.761122,0.763799,-0.013685,0.975348,0.220248,-0.013683,0.975323,0.220358,-0.013070,0.975884,0.217882,8.743306,-5.119214,-0.066151,1,1,23.196650,-0.028975,0,0
2.149998,0.010563,287.681700,297.767600,1,1,1,1,2,2,0.766365,0.760834,0.766306,0.760933,0.763620,-0.013678,0.975345,0.220260,-0.013683,0.975323,0.220358,-0.013123,0.975836,0.218095,8.855100,-5.128683,-0.069349,1,1,23.203080,-0.028901,0,0
2.159998,0.010488,287.630300,297.994000,1,1,1,1,2,2,0.766161,0.760832,0.766068,0.760713,0.763391,-0.013686,0.975327,0.220342,-0.013683,0.975323,0.220358,-0.013171,0.975792,0.218290,8.958582,-5.137059,-0.071857,1,1,23.209530,-0.028782,0,0
2.169998,0.010412,287.578900,298.220300,1,1,1,1,2,2,0.765811,0.760496,0.765807,0.760401,0.763104,-0.013684,0.975354,0.220221,-0.013683,0.975323,0.220358,-0.013215,0.975752,0.218468,9.056488,-5.144423,-0.073724,1,1,23.215980,-0.028623,0,0
2.179998,0.010333,287.527400,298.446800,1,1,1,1,2,2,0.765521,0.760158,0.765443,0.760073,0.762758,-0.013685,0.975354,0.220221,-0.013683,0.975323,0.220358,-0.013255,0.975715,0.218631,9.149496,-5.150831,-0.074969,1,1,23.222440,-0.028429,0,0
2.189998,0.010252,287.475800,298.673300,1,1,1,1,2,2,0.765139,0.759843,0.765063,0.759693,0.762378,-0.013686,0.975327,0.220342,-0.013683,0.975323,0.220358,-0.013292,0.975681,0.218779,9.233691,-5.156330,-0.075613,1,1,23.228900,-0.028204,0,0
2.199998,0.010169,287.424200,298.899800,1,1,1,1,2,2,0.764733,0.759350,0.764636,0.759273,0.761955,-0.013684,0.975360,0.220193,-0.013683,0.975323,0.220358,-0.013326,0.975650,0.218915,9.312165,-5.161006,-0.075715,1,1,23.235380,-0.027952,0,0
2.209998,0.010084,287.372600,299.126400,1,1,1,1,2,2,0.764301,0.758918,0.764223,0.758853,0.761538,-0.013685,0.975360,0.220193,-0.013683,0.975323,0.220358,-0.013356,0.975622,0.219039,9.376696,-5.164917,-0.075307,1,1,23.241860,-0.027676,0,0
2.219998,0.009996,287.320900,299.353100,1,1,1,1,2,2,0.763345,0.758274,0.763299,0.758384,0.760841,-0.014022,0.975253,0.220649,-0.014025,0.975245,0.220684,-0.013414,0.975590,0.219181,9.464992,-5.168197,-0.073834,1,1,23.248340,-0.027386,0,0
2.229998,0.009906,287.269200,299.579800,1,1,1,1,2,2,0.761712,0.756532,0.761726,0.756475,0.759100,-0.014019,0.974769,0.222776,-0.014018,0.974745,0.222882,-0.013466,0.975517,0.219500,9.613102,-5.170615,-0.067254,1,1,23.254820,-0.027347,0,0
2.239998,0.009813,287.217400,299.806600,1,1,1,1,2,2,0.761944,0.756320,0.761863,0.756321,0.759092,-0.014228,0.974717,0.222989,-0.014228,0.974696,0.223082,-0.013532,0.975446,0.219808,9.418302,-5.171593,-0.059429,1,1,23.261330,-0.027257,0,0
2.249998,0.009718,287.165700,300.033400,1,1,1,1,2,2,0.762058,0.756483,0.762041,0.756484,0.759263,-0.014230,0.974705,0.223044,-0.014228,0.974696,0.223082,-0.013592,0.975382,0.220090,9.255750,-5.174475,-0.054181,1,1,23.267860,-0.027318,0,0
2.259998,0.009620,287.113900,300.260300,1,1,1,1,2,2,0.762206,0.756708,0.762190,0.756588,0.759389,-0.014230,0.974677,0.223165,-0.014228,0.974696,0.223082,-0.013646,0.975323,0.220347,9.156259,-5.178945,-0.051131,1,1,23.274420,-0.027321,0,0
2.269998,0.009521,287.062000,300.487300,1,1,1,1,2,2,0.762575,0.756889,0.762618,0.756706,0.759662,-0.014573,0.974666,0.223191,-0.014571,0.974616,0.223408,-0.013726,0.975262,0.220611,9.051374,-5.184387,-0.048928,1,1,23.281000,-0.027283,0,0
2.279998,0.009419,287.010100,300.714300,1,1,1,1,2,2,0.763996,0.759751,0.764053,0.758238,0.761145,-0.017117,0.973513,0.227992,-0.014774,0.974061,0.225804,-0.013816,0.975160,0.221057,8.645007,-5.190854,-0.043392,1,1,23.287600,-0.027479,0,0
2.289998,0.009316,286.958100,300.941400,1,1,1,1,2,2,0.764718,0.758945,0.764632,0.758840,0.761736,-0.014772,0.974066,0.225782,-0.014774,0.974061,0.225804,-0.013898,0.975066,0.221466,8.523156,-5.201286,-0.042811,1,1,23.294240,-0.027789,0,0
2.299998,0.009212,286.906000,301.168500,1,1,1,1,2,2,0.765126,0.759397,0.765119,0.759360,0.762240,-0.014774,0.974053,0.225838,-0.014774,0.974061,0.225804,-0.013974,0.974981,0.221839,8.468931,-5.212907,-0.044301,1,1,23.300930,-0.027995,0,0
2.309998,0.009107,286.853800,301.395600,1,1,1,1,2,2,0.765591,0.759728,0.765528,0.759747,0.762637,-0.014776,0.974068,0.225773,-0.014774,0.974061,0.225804,-0.014043,0.974901,0.222180,8.465851,-5.225057,-0.047070,1,1,23.307640,-0.028120,0,0
2.319998,0.009001,286.801400,301.622800,1,1,1,1,2,2,0.765809,0.760037,0.765818,0.760044,0.762931,-0.014777,0.974053,0.225838,-0.014774,0.974061,0.225804,-0.014105,0.974829,0.222492,8.499527,-5.237235,-0.050560,1,1,23.314380,-0.028178,0,0
2.329998,0.008893,286.748900,301.850000,1,1,1,1,2,2,0.766067,0.760433,0.766018,0.760229,0.763124,-0.014773,0.974081,0.225717,-0.014774,0.974061,0.225804,-0.014163,0.974763,0.222777,8.558856,-5.249082,-0.054347,1,1,23.321150,-0.028176,0,0
2.339998,0.008784,286.696300,302.077300,1,1,1,1,2,2,0.766121,0.760348,0.766071,0.760330,0.763200,-0.014776,0.974053,0.225838,-0.014774,0.974061,0.225804,-0.014216,0.974702,0.223038,8.638718,-5.260349,-0.058116,1,1,23.327940,-0.028121,0,0
2.349998,0.008674,286.643600,302.304600,1,1,1,1,2,2,0.766121,0.760353,0.766056,0.760304,0.763180,-0.014774,0.974046,0.225866,-0.014774,0.974061,0.225804,-0.014264,0.974647,0.223276,8.729354,-5.270836,-0.061615,1,1,23.334740,-0.028020,0,0
2.359998,0.008562,286.590800,302.532000,1,1,1,1,2,2,0.766032,0.760259,0.765988,0.760199,0.763094,-0.014775,0.974053,0.225838,-0.014774,0.974061,0.225804,-0.014308,0.974597,0.223494,8.821144,-5.280437,-0.064690,1,1,23.341560,-0.027879,0,0
2.369998,0.008449,286.537900,302.759400,1,1,1,1,2,2,0.765809,0.760090,0.765800,0.760059,0.762929,-0.014773,0.974059,0.225810,-0.014774,0.974061,0.225804,-0.014348,0.974551,0.223692,8.915270,-5.289141,-0.067287,1,1,23.348400,-0.027703,0,0
2.379998,0.008334,286.484900,302.986900,1,1,1,1,2,2,0.765645,0.759858,0.765577,0.759806,0.762691,-0.014774,0.974053,0.225838,-0.014774,0.974061,0.225804,-0.014384,0.974509,0.223874,9.009145,-5.296926,-0.069347,1,1,23.355240,-0.027495,0,0
2.389998,0.008217,286.431900,303.214400,1,1,1,1,2,2,0.765353,0.759575,0.765298,0.759553,0.762426,-0.014777,0.974046,0.225866,-0.014774,0.974061,0.225804,-0.014418,0.974470,0.224040,9.093855,-5.303794,-0.070836,1,1,23.362090,-0.027259,0,0
2.399998,0.008098,286.378800,303.442000,1,1,1,1,2,2,0.765026,0.759233,0.764974,0.759189,0.762081,-0.014775,0.974046,0.225866,-0.014774,0.974061,0.225804,-0.014448,0.974435,0.224192,9.179936,-5.309835,-0.071816,1,1,23.368950,-0.026999,0,0
2.409998,0.007977,286.325600,303.669600,1,1,1,1,2,2,0.764635,0.758867,0.764599,0.758810,0.761705,-0.014774,0.974046,0.225866,-0.014774,0.974061,0.225804,-0.014476,0.974403,0.224331,9.258121,-5.315037,-0.072243,1,1,23.375820,-0.026720,0,0
2.419998,0.007855,286.272400,303.897300,1,1,1,1,2,2,0.764174,0.758446,0.764194,0.758401,0.761298,-0.014774,0.974053,0.225838,-0.014774,0.974061,0.225804,-0.014502,0.974373,0.224458,9.329296,-5.319476,-0.072171,1,1,23.382690,-0.026422,0,0
2.429998,0.007730,286.219200,304.125000,1,1,1,1,2,2,0.763812,0.758039,0.763789,0.758015,0.760902,-0.014770,0.974066,0.225782,-0.014774,0.974061,0.225804,-0.014525,0.974346,0.224574,9.387206,-5.323220,-0.071646,1,1,23.389560,-0.026107,0,0
2.439998,0.007602,286.166000,304.352800,1,1,1,1,2,2,0.763054,0.757667,0.763075,0.757577,0.760326,-0.014989,0.974000,0.226051,-0.014989,0.974010,0.226008,-0.014565,0.974317,0.224697,9.458311,-5.326399,-0.070355,1,1,23.396430,-0.025782,0,0
2.449998,0.007473,286.112700,304.580700,1,1,1,1,2,2,0.761751,0.755896,0.761675,0.755923,0.758799,-0.014980,0.973574,0.227880,-0.014982,0.973590,0.227811,-0.014601,0.974255,0.224965,9.595483,-5.328886,-0.064875,1,1,23.403310,-0.025616,0,0
2.459998,0.007341,286.059400,304.808700,1,1,1,1,2,2,0.761741,0.755924,0.761764,0.755833,0.758799,-0.015040,0.973567,0.227908,-0.015037,0.973577,0.227863,-0.014639,0.974196,0.225215,9.434798,-5.330039,-0.058466,1,1,23.410200,-0.025418,0,0
2.469998,0.007207,286.006000,305.036700,1,1,1,1,2,2,0.761840,0.756023,0.761793,0.755922,0.758858,-0.015038,0.973580,0.227851,-0.015037,0.973577,0.227863,-0.014673,0.974143,0.225443,9.316381,-5.332760,-0.054176,1,1,23.417120,-0.025249,0,0
2.479998,0.007070,285.952700,305.264800,1,1,1,1,2,2,0.761909,0.755963,0.761785,0.755900,0.758843,-0.015036,0.973587,0.227823,-0.015037,0.973577,0.227863,-0.014704,0.974094,0.225651,9.252656,-5.336637,-0.051537,1,1,23.424050,-0.025050,0,0
2.489998,0.006932,285.899300,305.493000,1,1,1,1,2,2,0.762090,0.755963,0.762018,0.755892,0.758955,-0.015250,0.973520,0.228092,-0.015251,0.973526,0.228067,-0.014751,0.974046,0.225859,9.181991,-5.341136,-0.049539,1,1,23.431000,-0.024833,0,0
2.499998,0.006792,285.845800,305.721200,1,1,1,1,2,2,0.763050,0.769357,0.763038,0.757021,0.760030,-0.037659,0.967260,0.250978,-0.015300,0.973089,0.229921,-0.014799,0.973963,0.226208,8.869957,-5.346324,-0.044830,1,1,23.437960,-0.024766,0,0
2.509998,0.006651,285.792200,305.949400,1,1,1,1,2,2,0.763432,0.757443,0.763388,0.757411,0.760399,-0.015300,0.973083,0.229948,-0.015300,0.973089,0.229921,-0.014842,0.973888,0.226528,8.780912,-5.354554,-0.043958,1,1,23.444960,-0.024714,0,0
2.519998,0.006509,285.738600,306.177700,1,1,1,1,2,2,0.763654,0.757779,0.763670,0.757686,0.760678,-0.015302,0.973089,0.229920,-0.015300,0.973089,0.229921,-0.014881,0.973819,0.226820,8.746893,-5.363651,-0.044630,1,1,23.451980,-0.024612,0,0
2.529998,0.006365,285.684800,306.406100,1,1,1,1,2,2,0.763931,0.757948,0.763881,0.757894,0.760888,-0.015299,0.973089,0.229920,-0.015300,0.973089,0.229921,-0.014917,0.973756,0.227087,8.748745,-5.373079,-0.046239,1,1,23.459030,-0.024476,0,0
2.539998,0.006220,285.631000,306.634500,1,1,1,1,2,2,0.764050,0.758066,0.763978,0.758035,0.761006,-0.015303,0.973089,0.229920,-0.015300,0.973089,0.229921,-0.014950,0.973699,0.227331,8.780185,-5.382488,-0.048374,1,1,23.466090,-0.024309,0,0
2.549998,0.006074,285.577100,306.862900,1,1,1,1,2,2,0.764115,0.758126,0.764078,0.758069,0.761073,-0.015299,0.973083,0.229948,-0.015300,0.973089,0.229921,-0.014980,0.973647,0.227554,8.825594,-5.391590,-0.050692,1,1,23.473170,-0.024114,0,0
2.559998,0.005927,285.523100,307.091400,1,1,1,1,2,2,0.764095,0.758111,0.764030,0.758043,0.761036,-0.015299,0.973089,0.229920,-0.015300,0.973089,0.229921,-0.015008,0.973599,0.227757,8.889785,-5.400247,-0.053011,1,1,23.480270,-0.023896,0,0
2.569998,0.005779,285.469000,307.320000,1,1,1,1,2,2,0.764075,0.758066,0.763978,0.757998,0.760988,-0.015298,0.973068,0.230012,-0.015300,0.973089,0.229921,-0.015033,0.973555,0.227944,8.950337,-5.408278,-0.055104,1,1,23.487370,-0.023660,0,0
2.579998,0.005630,285.414800,307.548600,1,1,1,1,2,2,0.763872,0.757903,0.763825,0.757871,0.760848,-0.015303,0.973089,0.229920,-0.015300,0.973089,0.229921,-0.015056,0.973515,0.228114,9.021783,-5.415718,-0.056972,1,1,23.494490,-0.023402,0,0
2.589998,0.005479,285.360600,307.777300,1,1,1,1,2,2,0.763694,0.757695,0.763640,0.757642,0.760641,-0.015299,0.973089,0.229920,-0.015300,0.973089,0.229921,-0.015077,0.973478,0.228269,9.096292,-5.422460,-0.058473,1,1,23.501610,-0.023130,0,0
2.599998,0.005326,285.306300,308.006000,1,1,1,1,2,2,0.763436,0.757458,0.763403,0.757434,0.760418,-0.015301,0.973096,0.229891,-0.015300,0.973089,0.229921,-0.015096,0.973445,0.228411,9.162904,-5.428476,-0.059547,1,1,23.508750,-0.022847,0,0
2.609998,0.005172,285.252000,308.234800,1,1,1,1,2,2,0.763159,0.757196,0.763106,0.757122,0.760114,-0.015301,0.973083,0.229948,-0.015300,0.973089,0.229921,-0.015113,0.973414,0.228541,9.234833,-5.433842,-0.060244,1,1,23.515880,-0.022552,0,0
2.619998,0.005017,285.197600,308.463700,1,1,1,1,2,2,0.762862,0.756879,0.762827,0.756828,0.759828,-0.015301,0.973089,0.229920,-0.015300,0.973089,0.229921,-0.015129,0.973386,0.228660,9.292161,-5.438506,-0.060489,1,1,23.523020,-0.022248,0,0
2.629998,0.004859,285.143200,308.692600,1,1,1,1,2,2,0.762496,0.756567,0.762485,0.756520,0.759503,-0.015304,0.973083,0.229948,-0.015300,0.973089,0.229921,-0.015144,0.973361,0.228769,9.348245,-5.442611,-0.060403,1,1,23.530170,-0.021938,0,0
2.639998,0.004700,285.088700,308.921500,1,1,1,1,2,2,0.762194,0.756210,0.762126,0.756157,0.759141,-0.015300,0.973089,0.229920,-0.015300,0.973089,0.229921,-0.015157,0.973337,0.228868,9.402494,-5.446169,-0.059979,1,1,23.537310,-0.021622,0,0
2.649998,0.004540,285.034200,309.150600,1,1,1,1,2,2,0.761877,0.755834,0.761769,0.755786,0.758777,-0.015296,0.973103,0.229863,-0.015300,0.973089,0.229921,-0.015170,0.973316,0.228958,9.448710,-5.449199,-0.059216,1,1,23.544460,-0.021300,0,0
2.659998,0.004377,284.979700,309.379700,1,1,1,1,2,2,0.761431,0.755423,0.761349,0.755429,0.758389,-0.015349,0.973075,0.229977,-0.015348,0.973077,0.229967,-0.015185,0.973295,0.229045,9.489999,-5.451777,-0.058081,1,1,23.551610,-0.020976,0,0
2.669998,0.004213,284.925100,309.608900,1,1,1,1,2,2,0.752504,0.749450,0.752441,0.749382,0.750911,-0.007638,0.974193,0.225586,-0.007650,0.974170,0.225686,-0.014537,0.973373,0.228757,11.026570,-5.453954,-0.065672,1,1,23.558750,-0.020652,0,0
2.679998,0.004045,284.870700,309.838200,1,1,1,1,2,2,0.793173,0.793598,0.754476,0.751391,0.752934,-0.007672,0.987753,0.155837,-0.007650,0.975416,0.220240,-0.013945,0.973554,0.228025,10.738300,-5.441166,-0.068633,1,1,23.565820,-0.015029,0,0
2.689998,0.003875,284.816400,310.067600,1,1,1,1,2,2,0.753711,0.750638,0.753690,0.750627,0.752159,-0.007761,0.976032,0.217489,-0.007651,0.976029,0.217505,-0.013404,0.973773,0.227122,11.130180,-5.431174,-0.078641,1,1,23.572820,-0.008900,0,0
2.699998,0.003702,284.762200,310.297100,1,1,1,1,2,2,0.752322,0.749041,0.752224,0.749165,0.750695,-0.007645,0.976626,0.214810,-0.007651,0.976637,0.214762,-0.012908,0.974026,0.226060,11.644780,-5.417350,-0.088586,1,1,23.579710,-0.003757,0,0
2.709998,0.003527,284.708300,310.526700,1,1,1,1,2,2,0.739215,0.739100,0.739147,0.738997,0.739072,-0.001078,0.978815,0.204745,0.000000,0.978766,0.204983,-0.011798,0.974459,0.224251,14.314450,-5.398496,-0.111518,1,1,23.586470,-0.000574,0,0
2.719998,0.003348,284.654700,310.756500,1,1,1,1,2,2,0.734069,0.734007,0.734185,0.734050,0.734117,-0.000290,0.979901,0.199487,0.000000,0.979902,0.199481,-0.010783,0.974957,0.222126,15.309050,-5.353593,-0.115433,1,1,23.592930,0.007339,0,0
2.729998,0.003165,284.601700,310.986500,1,1,1,1,2,2,0.728063,0.727929,0.728111,0.727976,0.728043,0.000002,0.980989,0.194062,0.000000,0.981010,0.193960,-0.009855,0.975514,0.219710,16.433700,-5.298953,-0.116467,1,1,23.599140,0.016158,0,0
2.739998,0.002978,284.549400,311.216600,1,1,1,1,2,2,0.721533,0.721500,0.721446,0.721326,0.721386,-0.000114,0.983156,0.182771,0.000000,0.983138,0.182863,-0.009007,0.976229,0.216551,17.833320,-5.233292,-0.124237,1,1,23.605080,0.023980,0,0
2.749998,0.002787,284.497900,311.447000,1,1,1,1,2,2,0.713055,0.712841,0.713001,0.712881,0.712941,-0.000002,0.984162,0.177272,0.000000,0.984159,0.177288,-0.008232,0.976976,0.213185,19.330350,-5.153895,-0.123026,1,1,23.610650,0.030822,0,0
2.759998,0.002594,284.447300,311.677700,1,1,1,1,2,2,0.704349,0.703500,0.704415,0.704310,0.704362,-0.000225,0.986280,0.165080,0.000000,0.986111,0.166087,-0.007524,0.977854,0.209149,20.883660,-5.059792,-0.123044,1,1,23.615880,0.036895,0,0
2.769998,0.002396,284.397800,311.908700,1,1,1,1,2,2,0.694107,0.694006,0.694189,0.694083,0.694136,-0.004812,0.986987,0.160727,0.000000,0.987042,0.160462,-0.006877,0.978742,0.204978,22.427620,-4.950391,-0.110825,1,1,23.620680,0.042338,0,0
2.779998,0.002195,284.349500,312.139900,1,1,1,1,2,2,0.683532,0.683444,0.683499,0.683393,0.683446,-0.000001,0.987926,0.154924,0.000000,0.987943,0.154821,-0.006286,0.979636,0.200681,23.745510,-4.825764,-0.086223,1,1,23.625140,0.047227,0,0
2.789998,0.001992,284.302600,312.371500,1,1,1,1,2,2,0.672784,0.672563,0.672802,0.672726,0.672764,0.000873,0.989642,0.143552,0.000000,0.989651,0.143495,-0.005745,0.980630,0.195783,25.095690,-4.688104,-0.062930,1,1,23.629340,0.051731,0,0
2.799998,0.001786,284.257300,312.603500,1,1,1,1,2,2,0.661241,0.661045,0.661123,0.661047,0.661085,-0.000005,0.990469,0.137737,0.000000,0.990459,0.137810,-0.005251,0.981611,0.190817,26.328660,-4.537055,-0.027773,1,1,23.633230,0.055762,0,0
2.809998,0.001578,284.213500,312.835800,1,1,1,1,2,2,0.645503,0.645718,0.649837,0.649761,0.649799,0.000006,0.999192,0.040182,0.000000,0.991979,0.126400,-0.004800,0.982670,0.185301,27.514650,-4.373750,0.006462,1,1,23.636940,0.059396,0,0
2.819998,0.001368,284.171500,313.068400,1,1,1,1,2,2,0.637731,0.637657,0.637655,0.637579,0.637617,-0.000912,0.992705,0.120562,0.000000,0.992692,0.120676,-0.004387,0.983699,0.179766,28.576330,-4.198614,0.052111,1,1,23.640430,0.062664,0,0
2.829998,0.001158,284.131400,313.301400,1,1,1,1,2,2,0.625607,0.625532,0.625570,0.625525,0.625548,-0.000006,0.993370,0.114965,0.000000,0.993372,0.114940,-0.004010,0.984699,0.174214,29.362910,-4.012858,0.107937,1,1,23.643820,0.065601,0,0
2.839998,0.000947,284.093200,313.534800,1,1,1,1,2,2,0.613919,0.613853,0.613895,0.613835,0.613865,0.004864,0.994643,0.103253,0.000000,0.994636,0.103434,-0.003665,0.985754,0.168152,30.189280,-3.819185,0.159411,1,1,23.647210,0.068272,0,0
2.849998,0.000736,284.057100,313.768500,1,1,1,1,2,2,0.601861,0.601801,0.601863,0.601817,0.601840,-0.000002,0.995219,0.097667,0.000000,0.995219,0.097665,-0.003350,0.986766,0.162113,30.855790,-3.617175,0.219727,1,1,23.650550,0.070614,0,0
2.859998,0.000526,284.023000,314.002600,1,1,1,1,2,2,0.583175,0.583357,0.590442,0.590396,0.590419,0.000001,0.999087,0.042720,0.000000,0.996287,0.086098,-0.003063,0.987815,0.155602,31.530610,-3.408406,0.275379,1,1,23.653940,0.072678,0,0
2.869998,0.000318,283.991100,314.237000,1,1,1,1,2,2,0.578756,0.578579,0.578697,0.578637,0.578667,-0.003767,0.996768,0.080243,0.000000,0.996771,0.080301,-0.002799,0.988810,0.149150,32.059770,-3.192776,0.339217,1,1,23.657320,0.074470,0,0
2.879998,0.000111,283.961300,314.471700,1,1,1,1,2,2,0.567535,0.567388,0.567379,0.567334,0.567356,-0.000002,0.997210,0.074644,0.000000,0.997221,0.074496,-0.002559,0.989755,0.142752,32.344310,-2.971731,0.409641,1,1,23.660780,0.076028,0,0
2.889998,-0.000093,283.933900,314.706800,1,1,1,1,2,2,0.556403,0.556479,0.556493,0.556462,0.556477,0.001924,0.997999,0.063200,0.000000,0.998022,0.062864,-0.002339,0.990719,0.135905,32.748100,-2.747701,0.472197,1,1,23.664350,0.077375,0,0
2.899998,-0.000294,283.908700,314.942100,1,1,1,1,2,2,0.545710,0.545561,0.545704,0.545659,0.545682,0.000004,0.998369,0.057090,0.000000,0.998372,0.057038,-0.002138,0.991623,0.129144,32.984010,-2.519496,0.540846,1,1,23.667950,0.078400,0,0
2.909998,-0.000492,283.885800,315.177700,1,1,1,1,2,2,0.535509,0.535483,0.535501,0.535470,0.535486,-0.000777,0.998963,0.045534,0.000000,0.998970,0.045369,-0.001954,0.992533,0.121961,33.303920,-2.288795,0.601817,1,1,23.671630,0.079053,0,0
2.919998,-0.000686,283.865200,315.413500,1,1,1,1,2,2,0.525353,0.525339,0.525358,0.525327,0.525343,0.001549,0.999222,0.039421,0.000000,0.999219,0.039527,-0.001787,0.993376,0.114891,33.466080,-2.054760,0.668692,1,1,23.675300,0.079347,0,0
2.929998,-0.000877,283.847000,315.649600,1,1,1,1,2,2,0.515858,0.515734,0.515741,0.515726,0.515734,0.000004,0.999432,0.033694,0.000000,0.999433,0.033681,-0.001633,0.994158,0.107924,33.429370,-1.818977,0.739650,1,1,23.679010,0.079338,0,0
2.939998,-0.001062,283.831200,315.885900,1,1,1,1,2,2,0.506551,0.506433,0.506453,0.506438,0.506446,0.000581,0.999763,0.021742,0.000000,0.999758,0.021980,-0.001493,0.994931,0.100549,33.586220,-1.583441,0.800555,1,1,23.682710,0.079052,0,0
2.949998,-0.001243,283.817700,316.122400,1,1,1,1,2,2,0.497390,0.497626,0.497524,0.497509,0.497517,-0.000002,0.999868,0.016278,0.000000,0.999870,0.016126,-0.001365,0.995637,0.093302,33.561930,-1.346230,0.866092,1,1,23.686360,0.080056,0,0
2.959998,-0.001419,283.806700,316.359000,1,1,1,1,2,2,0.489155,0.489025,0.489040,0.489040,0.489040,0.002104,0.999988,0.004449,0.000000,0.999990,0.004413,-0.001247,0.996323,0.085671,33.690560,-1.109170,0.922243,1,1,23.689940,0.081231,0,0
2.969998,-0.001590,283.798000,316.595800,1,1,1,1,2,2,0.480687,0.480838,0.480852,0.480837,0.480844,0.000001,0.999999,-0.001398,0.000000,0.999999,-0.001445,-0.001140,0.996938,0.078189,33.646580,-0.870745,0.983257,1,1,23.693390,0.082337,0,0
2.979998,-0.001755,283.796400,316.831300,1,1,1,1,2,2,0.467732,0.465641,0.477956,0.477971,0.477964,0.000002,0.999557,-0.029757,0.000000,0.999973,-0.007302,-0.001042,0.997487,0.070845,20.897760,-0.154203,1.514166,1,1,23.544440,0.150019,0,0
2.989998,-0.001913,283.798600,317.065900,1,1,1,1,2,2,0.476613,0.476629,0.476616,0.476631,0.476623,0.001057,0.999818,-0.019074,0.000000,0.999819,-0.019014,-0.000953,0.998005,0.063123,17.797790,0.166283,1.648017,1,1,23.479400,0.110769,0,0
2.999998,-0.002064,283.804500,317.299500,1,1,1,1,2,2,0.477122,0.477265,0.477256,0.477256,0.477256,-0.000002,0.999692,-0.024803,0.000000,0.999691,-0.024868,-0.000871,0.998455,0.055559,15.427500,0.438300,1.738449,1,1,23.417180,0.106978,0,0
3.009998,-0.002207,283.811400,317.533000,1,1,1,1,2,2,0.476872,0.476885,0.476748,0.476763,0.476756,0.003307,0.999333,-0.036374,0.000000,0.999331,-0.036566,-0.000796,0.998864,0.047638,16.706780,0.577966,1.691043,1,1,23.386200,0.095436,0,0
3.019998,-0.002343,283.821200,317.765500,1,1,1,1,2,2,0.477410,0.477426,0.477401,0.477416,0.477408,0.000003,0.999108,-0.042226,0.000000,0.999100,-0.042410,-0.000728,0.999204,0.039892,14.499900,0.845765,1.774751,1,1,23.319430,0.116066,0,0
3.029998,-0.002467,283.832000,317.997800,1,1,1,1,2,2,0.468792,0.472013,0.477184,0.477214,0.477199,-0.000003,0.999462,-0.032811,0.000000,0.998835,-0.048249,-0.000665,0.999478,0.032308,15.531600,0.984016,1.735099,1,1,23.283760,0.132413,0,0
3.039998,-0.002578,283.845600,318.229200,1,1,1,1,2,2,0.477637,0.477702,0.477581,0.477657,0.477619,0.002472,0.998209,-0.059780,0.000000,0.998204,-0.059913,-0.000608,0.999703,0.024371,13.505850,1.248692,1.813195,1,1,23.211690,0.188806,0,0
3.049998,-0.002671,283.860100,318.460300,1,1,1,1,2,2,0.477265,0.477470,0.477346,0.477422,0.477384,-0.000005,0.997837,-0.065743,0.000000,0.997837,-0.065736,-0.000556,0.999862,0.016613,14.651810,1.385050,1.769112,1,1,23.171170,0.201190,0,0
3.059998,-0.002744,283.876300,318.690800,1,1,1,1,2,2,0.476656,0.476779,0.476579,0.476701,0.476640,-0.001979,0.996984,-0.077586,0.000000,0.997003,-0.077361,-0.000508,0.999963,0.008519,16.158290,1.517643,1.714246,1,1,23.135410,0.231156,0,0
3.069998,-0.002794,283.895400,318.920200,1,1,1,1,2,2,0.477301,0.477453,0.477224,0.477391,0.477307,0.000002,0.996537,-0.083147,0.000000,0.996536,-0.083162,-0.000465,1.000000,0.000620,14.103520,1.777396,1.791646,1,1,23.064480,0.292473,0,0
3.079998,-0.002817,283.915500,319.149200,1,1,1,1,2,2,0.476986,0.477302,0.477032,0.477214,0.477123,0.000004,0.996041,-0.088895,0.000000,0.996036,-0.088954,-0.000425,0.999974,-0.007100,15.216750,1.911394,1.748436,1,1,23.024480,0.299433,0,0
3.089998,-0.002812,283.938300,319.377200,1,1,1,1,2,2,0.477423,0.477649,0.477443,0.477670,0.477557,0.000441,0.994913,-0.100738,0.000000,0.994936,-0.100512,-0.000388,0.999885,-0.015154,13.319790,2.167620,1.821156,1,1,22.949110,0.364541,0,0
3.099998,-0.002773,283.962000,319.604800,1,1,1,1,2,2,0.477237,0.477495,0.477233,0.477506,0.477370,0.000002,0.994331,-0.106325,0.000000,0.994337,-0.106276,-0.000355,0.999735,-0.023013,14.527180,2.299200,1.774147,1,1,22.905120,0.367274,0,0
3.109998,-0.002700,283.987200,319.831800,1,1,1,1,2,2,0.471114,0.470705,0.476811,0.477129,0.476970,0.000005,0.999677,-0.025435,0.000000,0.993705,-0.112030,-0.000324,0.999529,-0.030691,15.744090,2.427244,1.728269,1,1,22.866110,0.395507,0,0
3.119998,-0.002589,284.015300,320.057600,1,1,1,1,2,2,0.477209,0.477441,0.477153,0.477531,0.477342,0.000406,0.992317,-0.123720,0.000000,0.992344,-0.123501,-0.000297,0.999251,-0.038701,13.890320,2.677607,1.799630,1,1,22.791800,0.467612,0,0
3.129997,-0.002436,284.044300,320.282900,1,1,1,1,2,2,0.476910,0.477503,0.476987,0.477380,0.477183,-0.000006,0.991602,-0.129328,0.000000,0.991616,-0.129220,-0.000271,0.998917,-0.046515,15.073420,2.806428,1.753320,1,1,22.748350,0.468327,0,0
3.139997,-0.002238,284.074600,320.507700,1,1,1,1,2,2,0.476138,0.476639,0.476160,0.476643,0.476402,0.002545,0.990053,-0.140675,0.000000,0.990064,-0.140616,-0.000248,0.998506,-0.054643,16.622780,2.931742,1.696810,1,1,22.709810,0.501174,0,0
3.149997,-0.001993,284.107900,320.731100,1,1,1,1,2,2,0.477029,0.477448,0.476899,0.477472,0.477185,0.001436,0.989269,-0.146102,0.000000,0.989241,-0.146295,-0.000227,0.998041,-0.062561,14.690560,3.176718,1.768274,1,1,22.637740,0.585572,0,0
3.159997,-0.001695,284.141900,320.954100,1,1,1,1,2,2,0.476696,0.477415,0.476776,0.477409,0.477093,0.000002,0.988385,-0.151970,0.000000,0.988387,-0.151957,-0.000207,0.997527,-0.070285,15.821780,3.302749,1.723492,1,1,22.595720,0.587004,0,0
3.169997,-0.001341,284.178500,321.176000,1,1,1,1,2,2,0.477115,0.477856,0.477182,0.477904,0.477543,-0.000304,0.986579,-0.163286,0.000000,0.986587,-0.163239,-0.000189,0.996928,-0.078321,14.052790,3.543478,1.790774,1,1,22.519870,0.681419,0,0
3.179997,-0.000927,284.215800,321.397400,1,1,1,1,2,2,0.476976,0.477747,0.476983,0.477795,0.477389,-0.002456,0.985632,-0.168891,0.000000,0.985641,-0.168856,-0.000173,0.996282,-0.086150,15.279440,3.666444,1.742566,1,1,22.474570,0.681110,0,0
3.189997,-0.000448,284.254500,321.618100,1,1,1,1,2,2,0.476584,0.477506,0.476618,0.477519,0.477069,0.000005,0.984663,-0.174470,0.000000,0.984665,-0.174456,-0.000158,0.995592,-0.093787,16.507120,3.786060,1.695492,1,1,22.434350,0.722384,0,0
3.199997,0.000099,284.295800,321.837500,1,1,1,1,2,2,0.477052,0.477955,0.476974,0.478008,0.477491,-0.001089,0.982585,-0.185811,0.000000,0.982624,-0.185607,-0.000145,0.994811,-0.101733,14.766780,4.020336,1.761761,1,1,22.360360,0.831223,0,0
3.209997,0.000720,284.337900,322.056400,1,1,1,1,2,2,0.476866,0.477756,0.476789,0.477927,0.477358,-0.002784,0.981538,-0.191246,0.000000,0.981560,-0.191155,-0.000132,0.993990,-0.109473,15.961630,4.140096,1.714597,1,1,22.316330,0.828976,0,0
3.219997,0.001420,284.381300,322.274700,1,1,1,1,2,2,0.476671,0.477653,0.476456,0.477697,0.477076,0.000000,0.980469,-0.196676,0.000000,0.980466,-0.196687,-0.000121,0.993129,-0.117022,17.158110,4.256575,1.668430,1,1,22.277260,0.874230,0,0
3.229997,0.002202,284.427300,322.491500,1,1,1,1,2,2,0.507920,0.474424,0.477378,0.478737,0.478057,-0.000957,0.984828,-0.173531,0.000000,0.979345,-0.202197,-0.000110,0.992232,-0.124396,15.066710,4.484781,1.744671,1,1,22.204890,0.996664,0,0
3.239997,0.003072,284.473900,322.707900,1,1,1,1,2,2,0.476580,0.478215,0.476624,0.478173,0.477398,0.005139,0.976990,-0.213224,0.000000,0.977016,-0.213164,-0.000101,0.991238,-0.132087,16.362130,4.600858,1.697208,1,1,22.160700,0.992833,0,0
3.249997,0.004037,284.521900,322.923600,1,1,1,1,2,2,0.476261,0.477913,0.476277,0.477944,0.477110,-0.000002,0.975839,-0.218489,0.000000,0.975811,-0.218616,-0.000092,0.990210,-0.139584,17.558400,4.714075,1.651029,1,1,22.121770,1.040352,0,0
3.259997,0.005097,284.572300,323.137900,1,1,1,1,2,2,0.477023,0.479145,0.477150,0.478978,0.478064,0.000003,0.974575,-0.224062,0.000000,0.974578,-0.224049,-0.000084,0.989151,-0.146903,15.521060,4.935808,1.725240,1,1,22.050230,1.175005,0,0
3.269997,0.006263,284.623400,323.351800,1,1,1,1,2,2,0.476371,0.478451,0.476489,0.478505,0.477497,0.000308,0.972036,-0.234833,0.000000,0.972031,-0.234851,-0.000077,0.987988,-0.154529,16.798510,5.048322,1.677770,1,1,22.006480,1.166331,0,0
3.279997,0.007538,284.675600,323.564900,1,1,1,1,2,2,0.476099,0.478301,0.476144,0.478320,0.477232,0.000961,0.970730,-0.240170,0.000000,0.970718,-0.240221,-0.000071,0.986797,-0.161960,17.989310,5.158085,1.631575,1,1,21.967920,1.215463,0,0
3.289997,0.008928,284.729200,323.777300,1,1,1,1,2,2,0.475768,0.478074,0.475757,0.478108,0.476932,-0.000001,0.969360,-0.245646,0.000000,0.969379,-0.245569,-0.000064,0.985580,-0.169212,19.096550,5.267610,1.588968,1,1,21.933330,1.267634,0,0
3.299997,0.010436,284.785300,323.988200,1,1,1,1,2,2,0.481241,0.479302,0.476729,0.479254,0.477992,-0.000002,0.983233,-0.182357,0.000000,0.968015,-0.250892,-0.000059,0.984337,-0.176296,17.015830,5.481758,1.664079,1,1,21.866630,1.416865,0,0
3.309997,0.012070,284.842000,324.198700,1,1,1,1,2,2,0.475922,0.478629,0.475914,0.478711,0.477313,0.000275,0.965214,-0.261461,0.000000,0.965210,-0.261475,-0.000054,0.982984,-0.183690,18.225620,5.590663,1.620048,1,1,21.826720,1.401448,0,0
3.319997,0.013836,284.899800,324.408500,1,1,1,1,2,2,0.475632,0.478618,0.475604,0.478574,0.477089,0.000136,0.963813,-0.266581,0.000000,0.963771,-0.266730,-0.000049,0.981610,-0.190898,19.326930,5.697015,1.577065,1,1,21.791690,1.451344,0,0
3.329997,0.015736,284.959900,324.616900,1,1,1,1,2,2,0.476445,0.479556,0.476442,0.479641,0.478041,0.000002,0.962265,-0.272114,0.000000,0.962308,-0.271962,-0.000045,0.980215,-0.197935,17.325420,5.904696,1.649722,1,1,21.725210,1.609778,0,0
3.339997,0.017780,285.020600,324.824900,1,1,1,1,2,2,0.475966,0.477938,0.476514,0.479914,0.478214,0.000613,0.964858,-0.262772,0.000000,0.960820,-0.277172,-0.000041,0.978801,-0.204814,18.146000,6.009804,1.615098,1,1,21.685340,1.586555,0,0
3.349997,0.019972,285.082400,325.032100,1,1,1,1,2,2,0.475298,0.479141,0.475434,0.479130,0.477282,0.001572,0.957776,-0.287510,0.000000,0.957777,-0.287513,-0.000038,0.977270,-0.212000,19.414320,6.112032,1.570481,1,1,21.648960,1.638569,0,0
3.359997,0.022318,285.145400,325.238600,1,1,1,1,2,2,0.475049,0.479014,0.475087,0.479025,0.477056,-0.000354,0.956226,-0.292629,0.000000,0.956220,-0.292649,-0.000034,0.975723,-0.219007,20.466310,6.214379,1.529419,1,1,21.616790,1.688669,0,0
3.369997,0.024818,285.210600,325.443600,1,1,1,1,2,2,0.475962,0.480156,0.475937,0.480116,0.478026,-0.000002,0.954659,-0.297700,0.000000,0.954642,-0.297757,-0.000031,0.974162,-0.225849,18.473220,6.414296,1.601542,1,1,21.553790,1.856937,0,0
3.379997,0.027485,285.276400,325.648300,1,1,1,1,1,1,0.549897,0.483687,0.479626,0.483865,0.481746,0.000007,0.972336,-0.233586,0.000000,0.957754,-0.287588,-0.000029,0.972905,-0.231203,17.875570,6.515470,1.598178,1,1,21.516640,1.824307,0,0
3.389997,0.030321,285.343100,325.852100,1,1,1,1,1,1,0.476255,0.481248,0.476437,0.480982,0.478710,0.000499,0.954634,-0.297783,0.000000,0.954618,-0.297833,-0.000026,0.971513,-0.236986,18.821610,6.612284,1.581649,1,1,21.477870,1.888276,0,0
3.399997,0.033332,285.411000,326.055200,1,1,1,1,1,1,0.476579,0.481461,0.476696,0.481495,0.479096,0.002085,0.952964,-0.303077,0.000000,0.953017,-0.302917,-0.000024,0.970099,-0.242709,19.128650,6.709038,1.566031,1,1,21.442340,1.937592,0,0
3.409997,0.036528,285.478900,326.258300,1,1,1,1,1,1,0.475880,0.480651,0.475663,0.480744,0.478203,-0.000003,0.951418,-0.307902,0.000000,0.951394,-0.307978,-0.000022,0.968664,-0.248374,20.009930,6.792407,1.536644,1,1,21.412080,1.977021,0,0
3.419997,0.039911,285.547800,326.460700,1,1,1,1,1,1,0.474470,0.479521,0.474371,0.479733,0.477052,0.000005,0.949721,-0.313098,0.000000,0.949750,-0.313009,-0.000020,0.967208,-0.253986,20.683720,6.883967,1.517409,1,1,21.381830,2.036706,0,0
3.429997,0.043486,285.617600,326.662400,0,0,0,0,0,0,0.000000,0.000000,0.000000,0.000000,0.477052,0.000000,0.000000,0.000000,0.000000,0.949750,-0.313009,-0.000020,0.967208,-0.253986,0.000000,6.981678,1.628668,0,2,21.351470,2.092394,0,0
3.439997,0.047061,285.686400,326.864200,0,0,0,0,0,0,0.000000,0.000000,0.000000,0.000000,0.477052,0.000000,0.000000,0.000000,0.000000,0.949750,-0.313009,-0.000020,0.967208,-0.253986,0.000000,6.883578,1.533785,0,2,21.319600,0.112790,0,0
3.449997,0.050636,285.754300,327.065900,0,0,0,0,0,0,0.000000,0.000000,0.000000,0.000000,0.477052,0.000000,0.000000,0.000000,0.000000,0.949750,-0.313009,-0.000020,0.967208,-0.253986,0.000000,6.785478,1.438901,0,2,21.288130,0.112790,0,0
3.459997,0.054211,285.821100,327.267700,0,0,0,0,0,0,0.000000,0.000000,0.000000,0.000000,0.477052,0.000000,0.000000,0.000000,0.000000,0.949750,-0.313009,-0.000020,0.967208,-0.253986,0.000000,6.687378,1.344018,0,2,21.257060,0.112790,0,0
3.469997,0.057786,285.887000,327.469400,0,0,0,0,0,0,0.000000,0.000000,0.000000,0.000000,0.477052,0.000000,0.000000,0.000000,0.000000,0.949750,-0.313009,-0.000020,0.967208,-0.253986,0.000000,6.589278,1.249135,0,2,21.226400,0.112790,0,0
3.479997,0.061360,285.951900,327.671200,0,0,0,0,0,0,0.000000,0.000000,0.000000,0.000000,0.477052,0.000000,0.000000,0.000000,0.000000,0.949750,-0.313009,-0.000020,0.967208,-0.253986,0.000000,6.491178,1.154252,0,2,21.196160,0.112790,0,0
3.489997,0.064935,286.015900,327.872900,0,0,0,0,0,0,0.000000,0.000000,0.000000,0.000000,0.477052,0.000000,0.000000,0.000000,0.000000,0.949750,-0.313009,-0.000020,0.967208,-0.253986,0.000000,6.393077,1.059368,0,2,21.166320,0.112790,0,0
3.499997,0.068510,286.078800,328.074700,0,0,0,0,0,0,0.000000,0.000000,0.000000,0.000000,0.477052,0.000000,0.000000,0.000000,0.000000,0.949750,-0.313009,-0.000020,0.967208,-0.253986,0.000000,6.294977,0.964485,0,2,21.136900,0.112790,0,0
3.509997,0.072085,286.140800,328.276400,0,0,0,0,0,0,0.000000,0.000000,0.000000,0.000000,0.477052,0.000000,0.000000,0.000000,0.000000,0.949750,-0.313009,-0.000020,0.967208,-0.253986,0.000000,6.196877,0.869602,0,2,21.107890,0.112790,0,0
3.519997,0.075660,286.201800,328.478200,0,0,0,0,0,0,0.000000,0.000000,0.000000,0.000000,0.477052,0.000000,0.000000,0.000000,0.000000,0.949750,-0.313009,-0.000020,0.967208,-0.253986,0.000000,6.098777,0.774719,0,2,21.079300,0.112790,0,0
3.529997,0.079235,286.261800,328.679900,0,0,0,0,0,0,0.000000,0.000000,0.000000,0.000000,0.477052,0.000000,0.000000,0.000000,0.000000,0.949750,-0.313009,-0.000020,0.967208,-0.253986,0.000000,6.000677,0.679835,0,2,21.051120,0.112790,0,0
3.539997,0.082810,286.320800,328.881700,0,0,0,0,0,0,0.000000,0.000000,0.000000,0.000000,0.477052,0.000000,0.000000,0.000000,0.000000,0.949750,-0.313009,-0.000020,0.967208,-0.253986,0.000000,5.902576,0.584952,0,2,21.023370,0.112790,0,0
3.549997,0.086385,286.378800,329.083400,0,0,0,0,0,0,0.000000,0.000000,0.000000,0.000000,0.477052,0.000000,0.000000,0.000000,0.000000,0.949750,-0.313009,-0.000020,0.967208,-0.253986,0.000000,5.804476,0.490069,0,2,20.996040,0.112790,0,0
3.559997,0.089959,286.435900,329.285200,0,0,0,0,0,0,0.000000,0.000000,0.000000,0.000000,0.477052,0.000000,0.000000,0.000000,0.000000,0.949750,-0.313009,-0.000020,0.967208,-0.253986,0.000000,5.706376,0.395186,0,2,20.969130,0.112790,0,0
3.569997,0.093534,286.492000,329.486900,0,0,0,0,0,0,0.000000,0.000000,0.000000,0.000000,0.477052,0.000000,0.000000,0.000000,0.000000,0.949750,-0.313009,-0.000020,0.967208,-0.253986,0.000000,5.608276,0.300302,0,2,20.942640,0.112790,0,0
3.579997,0.097109,286.547100,329.688700,0,0,0,0,0,0,0.000000,0.000000,0.000000,0.000000,0.477052,0.000000,0.000000,0.000000,0.000000,0.949750,-0.313009,-0.000020,0.967208,-0.253986,0.000000,5.510176,0.205419,0,2,20.916590,0.112790,0,0
3.589997,0.100684,286.601200,329.890400,0,0,0,0,0,0,0.000000,0.000000,0.000000,0.000000,0.477052,0.000000,0.000000,0.000000,0.000000,0.949750,-0.313009,-0.000020,0.967208,-0.253986,0.000000,5.412076,0.110536,0,2,20.890960,0.112790,0,0
3.599997,0.104259,286.654400,330.092200,0,0,0,0,0,0,0.000000,0.000000,0.000000,0.000000,0.477052,0.000000,0.000000,0.000000,0.000000,0.949750,-0.313009,-0.000020,0.967208,-0.253986,0.000000,5.313975,0.015652,0,2,20.865760,0.112790,0,0
3.609997,0.107834,286.706500,330.293900,0,0,0,0,0,0,0.000000,0.000000,0.000000,0.000000,0.477052,0.000000,0.000000,0.000000,0.000000,0.949750,-0.313009,-0.000020,0.967208,-0.253986,0.000000,5.215875,-0.079231,0,2,20.840990,0.112790,0,0
3.619997,0.111409,286.757700,330.495700,0,0,0,0,0,0,0.000000,0.000000,0.000000,0.000000,0.477052,0.000000,0.000000,0.000000,0.000000,0.949750,-0.313009,-0.000020,0.967208,-0.253986,0.000000,5.117775,-0.174114,0,2,20.816660,0.112790,0,0
3.629997,0.114983,286.807900,330.697400,0,0,0,0,0,0,0.000000,0.000000,0.000000,0.000000,0.477052,0.000000,0.000000,0.000000,0.000000,0.949750,-0.313009,-0.000020,0.967208,-0.253986,0.000000,5.019675,-0.268997,0,2,20.792760,0.112790,0,0
3.639997,0.118558,286.857100,330.899200,0,0,0,0,0,0,0.000000,0.000000,0.000000,0.000000,0.477052,0.000000,0.000000,0.000000,0.000000,0.949750,-0.313009,-0.000020,0.967208,-0.253986,0.000000,4.921575,-0.363881,0,2,20.769290,0.112790,0,0
3.649997,0.122133,286.905400,331.101000,0,0,0,0,0,0,0.000000,0.000000,0.000000,0.000000,0.477052,0.000000,0.000000,0.000000,0.000000,0.949750,-0.313009,-0.000020,0.967208,-0.253986,0.000000,4.823474,-0.458764,0,2,20.746270,0.112790,0,0
3.659997,0.125708,286.952600,331.302700,0,0,0,0,0,0,0.000000,0.000000,0.000000,0.000000,0.477052,0.000000,0.000000,0.000000,0.000000,0.949750,-0.313009,-0.000020,0.967208,-0.253986,0.000000,4.725374,-0.553647,0,2,20.723680,0.112790,0,0
3.669997,0.129283,286.998900,331.504500,0,0,0,0,0,0,0.000000,0.000000,0.000000,0.000000,0.477052,0.000000,0.000000,0.000000,0.000000,0.949750,-0.313009,-0.000020,0.967208,-0.253986,0.000000,4.627274,-0.648530,0,2,20.701530,0.112790,0,0
3.679997,0.132858,287.044200,331.706200,0,0,0,0,0,0,0.000000,0.000000,0.000000,0.000000,0.477052,0.000000,0.000000,0.000000,0.000000,0.949750,-0.313009,-0.000020,0.967208,-0.253986,0.000000,4.529174,-0.743414,0,2,20.679820,0.112790,0,0
3.689997,0.136433,287.088500,331.908000,0,0,0,0,0,0,0.000000,0.000000,0.000000,0.000000,0.477052,0.000000,0.000000,0.000000,0.000000,0.949750,-0.313009,-0.000020,0.967208,-0.253986,0.000000,4.431074,-0.838297,0,2,20.658560,0.112790,0,0
3.699997,0.140008,287.131800,332.109700,0,0,0,0,0,0,0.000000,0.000000,0.000000,0.000000,0.477052,0.000000,0.000000,0.000000,0.000000,0.949750,-0.313009,-0.000020,0.967208,-0.253986,0.000000,4.332973,-0.933180,0,2,20.637740,0.112790,0,0
3.709997,0.143582,287.174200,332.311500,0,0,0,0,0,0,0.000000,0.000000,0.000000,0.000000,0.477052,0.000000,0.000000,0.000000,0.000000,0.949750,-0.313009,-0.000020,0.967208,-0.253986,0.000000,4.234873,-1.028064,0,2,20.617360,0.112790,0,0
3.719997,0.147157,287.215500,332.513200,0,0,0,0,0,0,0.000000,0.000000,0.000000,0.000000,0.477052,0.000000,0.000000,0.000000,0.000000,0.949750,-0.313009,-0.000020,0.967208,-0.253986,0.000000,4.136773,-1.122947,0,2,20.597440,0.112790,0,0
3.729997,0.150732,287.255900,332.715000,0,0,0,0,0,0,0.000000,0.000000,0.000000,0.000000,0.477052,0.000000,0.000000,0.000000,0.000000,0.949750,-0.313009,-0.000020,0.967208,-0.253986,0.000000,4.038673,-1.217830,0,2,20.577960,0.112790,0,0
3.739997,0.154307,287.295300,332.916700,0,0,0,0,0,0,0.000000,0.000000,0.000000,0.000000,0.477052,0.000000,0.000000,0.000000,0.000000,0.949750,-0.313009,-0.000020,0.967208,-0.253986,0.000000,3.940573,-1.312713,0,2,20.558930,0.112789,0,0
3.749997,0.157882,287.333700,333.118500,0,0,0,0,0,0,0.000000,0.000000,0.000000,0.000000,0.477052,0.000000,0.000000,0.000000,0.000000,0.949750,-0.313009,-0.000020,0.967208,-0.253986,0.000000,3.842473,-1.407596,0,2,20.540360,0.112789,0,0
3.759997,0.161457,287.371200,333.320200,0,0,0,0,0,0,0.000000,0.000000,0.000000,0.000000,0.477052,0.000000,0.000000,0.000000,0.000000,0.949750,-0.313009,-0.000020,0.967208,-0.253986,0.000000,3.744373,-1.502479,0,2,20.522230,0.112789,0,0
3.769997,0.165032,287.407700,333.522000,0,0,0,0,0,0,0.000000,0.000000,0.000000,0.000000,0.477052,0.000000,0.000000,0.000000,0.000000,0.949750,-0.313009,-0.000020,0.967208,-0.253986,0.000000,3.646273,-1.597362,0,2,20.504560,0.112789,0,0
3.779997,0.168606,287.443100,333.723700,0,0,0,0,0,0,0.000000,0.000000,0.000000,0.000000,0.477052,0.000000,0.000000,0.000000,0.000000,0.949750,-0.313009,-0.000020,0.967208,-0.253986,0.000000,3.548173,-1.692245,0,2,20.487340,0.112789,0,0
3.789997,0.172181,287.477700,333.925500,0,0,0,0,0,0,0.000000,0.000000,0.000000,0.000000,0.477052,0.000000,0.000000,0.000000,0.000000,0.949750,-0.313009,-0.000020,0.967208,-0.253986,0.000000,3.450073,-1.787128,0,2,20.470580,0.112789,0,0
3.799997,0.175756,287.511200,334.127200,0,0,0,0,0,0,0.000000,0.000000,0.000000,0.000000,0.477052,0.000000,0.000000,0.000000,0.000000,0.949750,-0.313009,-0.000020,0.967208,-0.253986,0.000000,3.351973,-1.882011,0,2,20.454280,0.112789,0,0
3.809997,0.179331,287.543700,334.329000,0,0,0,0,0,0,0.000000,0.000000,0.000000,0.000000,0.477052,0.000000,0.000000,0.000000,0.000000,0.949750,-0.313009,-0.000020,0.967208,-0.253986,0.000000,3.253873,-1.976894,0,2,20.438430,0.112789,0,0
3.819997,0.182906,287.575300,334.530700,0,0,0,0,0,0,0.000000,0.000000,0.000000,0.000000,0.477052,0.000000,0.000000,0.000000,0.000000,0.949750,-0.313009,-0.000020,0.967208,-0.253986,0.000000,3.155773,-2.071777,0,2,20.423040,0.112789,0,0
3.829997,0.186481,287.605800,334.732500,0,0,0,0,0,0,0.000000,0.000000,0.000000,0.000000,0.477052,0.000000,0.000000,0.000000,0.000000,0.949750,-0.313009,-0.000020,0.967208,-0.253986,0.000000,3.057673,-2.166660,0,2,20.408110,0.112789,0,0
3.839997,0.190056,287.635400,334.934200,0,0,0,0,0,0,0.000000,0.000000,0.000000,0.000000,0.477052,0.000000,0.000000,0.000000,0.000000,0.949750,-0.313009,-0.000020,0.967208,-0.253986,0.000000,2.959574,-2.261543,0,2,20.393640,0.112789,0,0
3.849997,0.193630,287.664100,335.136000,0,0,0,0,0,0,0.000000,0.000000,0.000000,0.000000,0.477052,0.000000,0.000000,0.000000,0.000000,0.949750,-0.313009,-0.000020,0.967208,-0.253986,0.000000,2.861474,-2.356426,0,2,20.379640,0.112789,0,0
3.859997,0.197205,287.691700,335.337700,0,0,0,0,0,0,0.000000,0.000000,0.000000,0.000000,0.477052,0.000000,0.000000,0.000000,0.000000,0.949750,-0.313009,-0.000020,0.967208,-0.253986,0.000000,2.763374,-2.451309,0,2,20.366090,0.112789,0,0
3.869997,0.200780,287.718400,335.539500,0,0,0,0,0,0,0.000000,0.000000,0.000000,0.000000,0.477052,0.000000,0.000000,0.000000,0.000000,0.949750,-0.313009,-0.000020,0.967208,-0.253986,0.000000,2.665274,-2.546192,0,2,20.353020,0.112789,0,0
3.879997,0.204355,287.744000,335.741200,0,0,0,0,0,0,0.000000,0.000000,0.000000,0.000000,0.477052,0.000000,0.000000,0.000000,0.000000,0.949750,-0.313009,-0.000020,0.967208,-0.253986,0.000000,2.567174,-2.641076,0,2,20.340400,0.112789,0,0
3.889997,0.207930,287.768700,335.943000,0,0,0,0,0,0,0.000000,0.000000,0.000000,0.000000,0.477052,0.000000,0.000000,0.000000,0.000000,0.949750,-0.313009,-0.000020,0.967208,-0.253986,0.000000,2.469074,-2.735959,0,2,20.328250,0.112789,0,0
3.899997,0.211505,287.792400,336.144700,0,0,0,0,0,0,0.000000,0.000000,0.000000,0.000000,0.477052,0.000000,0.000000,0.000000,0.000000,0.949750,-0.313009,-0.000020,0.967208,-0.253986,0.000000,2.370974,-2.830842,0,2,20.316570,0.112789,0,0
3.909997,0.215080,287.815200,336.346500,0,0,0,0,0,0,0.000000,0.000000,0.000000,0.000000,0.477052,0.000000,0.000000,0.000000,0.000000,0.949750,-0.313009,-0.000020,0.967208,-0.253986,0.000000,2.272874,-2.925725,0,2,20.305360,0.112789,0,0
3.919997,0.218655,287.836900,336.548200,0,0,0,0,0,0,0.000000,0.000000,0.000000,0.000000,0.477052,0.000000,0.000000,0.000000,0.000000,0.949750,-0.313009,-0.000020,0.967208,-0.253986,0.000000,2.174774,-3.020608,0,2,20.294610,0.112789,0,0
3.929997,0.222229,287.857700,336.750000,0,0,0,0,0,0,0.000000,0.000000,0.000000,0.000000,0.477052,0.000000,0.000000,0.000000,0.000000,0.949750,-0.313009,-0.000020,0.967208,-0.253986,0.000000,2.076674,-3.115491,0,2,20.284330,0.112789,0,0
3.939997,0.225804,287.877400,336.951800,0,0,0,0,0,0,0.000000,0.000000,0.000000,0.000000,0.477052,0.000000,0.000000,0.000000,0.000000,0.949750,-0.313009,-0.000020,0.967208,-0.253986,0.000000,1.978574,-3.210374,0,2,20.274520,0.112789,0,0
3.949997,0.229379,287.896200,337.153500,0,0,0,0,0,0,0.000000,0.000000,0.000000,0.000000,0.477052,0.000000,0.000000,0.000000,0.000000,0.949750,-0.313009,-0.000020,0.967208,-0.253986,0.000000,1.880474,-3.305257,0,2,20.265190,0.112789,0,0
3.959997,0.232954,287.914100,337.355300,0,0,0,0,0,0,0.000000,0.000000,0.000000,0.000000,0.477052,0.000000,0.000000,0.000000,0.000000,0.949750,-0.313009,-0.000020,0.967208,-0.253986,0.000000,1.782374,-3.400140,0,2,20.256320,0.112789,0,0
3.969997,0.236529,287.930900,337.557000,0,0,0,0,0,0,0.000000,0.000000,0.000000,0.000000,0.477052,0.000000,0.000000,0.000000,0.000000,0.949750,-0.313009,-0.000020,0.967208,-0.253986,0.000000,1.684274,-3.495023,0,2,20.247920,0.112789,0,0
3.979997,0.240104,287.946800,337.758800,0,0,0,0,0,0,0.000000,0.000000,0.000000,0.000000,0.477052,0.000000,0.000000,0.000000,0.000000,0.949750,-0.313009,-0.000020,0.967208,-0.253986,0.000000,1.586174,-3.589906,0,2,20.240000,0.112789,0,0
3.989997,0.243679,287.961700,337.960500,0,0,0,0,0,0,0.000000,0.000000,0.000000,0.000000,0.477052,0.000000,0.000000,0.000000,0.000000,0.949750,-0.313009,-0.000020,0.967208,-0.253986,0.000000,1.488074,-3.684789,0,2,20.232550,0.112789,0,0
3.999997,0.247253,287.975600,338.162300,0,0,0,0,0,0,0.000000,0.000000,0.000000,0.000000,0.477052,0.000000,0.000000,0.000000,0.000000,0.949750,-0.313009,-0.000020,0.967208,-0.253986,0.000000,1.389974,-3.779672,0,2,20.225570,0.112789,0,0
4.009997,0.250828,287.988500,338.364000,0,0,0,0,0,0,0.000000,0.000000,0.000000,0.000000,0.477052,0.000000,0.000000,0.000000,0.000000,0.949750,-0.313009,-0.000020,0.967208,-0.253986,0.000000,1.291874,-3.874555,0,2,20.219060,0.112789,0,0
4.019997,0.254403,288.000400,338.565800,0,0,0,0,0,0,0.000000,0.000000,0.000000,0.000000,0.477052,0.000000,0.000000,0.000000,0.000000,0.949750,-0.313009,-0.000020,0.967208,-0.253986,0.000000,1.193774,-3.969438,0,2,20.213030,0.112789,0,0
4.029997,0.257978,288.011400,338.767500,0,0,0,0,0,0,0.000000,0.000000,0.000000,0.000000,0.477052,0.000000,0.000000,0.000000,0.000000,0.949750,-0.313009,-0.000020,0.967208,-0.253986,0.000000,1.095675,-4.064321,0,2,20.207480,0.112789,0,0
4.039998,0.261553,288.021300,338.969300,0,0,0,0,0,0,0.000000,0.000000,0.000000,0.000000,0.477052,0.000000,0.000000,0.000000,0.000000,0.949750,-0.313009,-0.000020,0.967208,-0.253986,0.000000,0.997575,-4.159204,0,2,20.202390,0.112789,0,0
4.049998,0.265128,288.030300,339.171000,0,0,0,0,0,0,0.000000,0.000000,0.000000,0.000000,0.477052,0.000000,0.000000,0.000000,0.000000,0.949750,-0.313009,-0.000020,0.967208,-0.253986,0.000000,0.899475,-4.254087,0,2,20.197790,0.112789,0,0
4.059998,0.268703,288.038400,339.372800,0,0,0,0,0,0,0.000000,0.000000,0.000000,0.000000,0.477052,0.000000,0.000000,0.000000,0.000000,0.949750,-0.313009,-0.000020,0.967208,-0.253986,0.000000,0.801375,-4.348970,0,2,20.193660,0.112789,0,0
4.069998,0.272278,288.045400,339.574500,0,0,0,0,0,0,0.000000,0.000000,0.000000,0.000000,0.477052,0.000000,0.000000,0.000000,0.000000,0.949750,-0.313009,-0.000020,0.967208,-0.253986,0.000000,0.703275,-4.443853,0,2,20.190000,0.112789,0,0
4.079998,0.275852,288.051400,339.776300,0,0,0,0,0,0,0.000000,0.000000,0.000000,0.000000,0.477052,0.000000,0.000000,0.000000,0.000000,0.949750,-0.313009,-0.000020,0.967208,-0.253986,0.000000,0.605175,-4.538736,0,2,20.186820,0.112789,0,0
4.089999,0.279427,288.056500,339.978000,0,0,0,0,0,0,0.000000,0.000000,0.000000,0.000000,0.477052,0.000000,0.000000,0.000000,0.000000,0.949750,-0.313009,-0.000020,0.967208,-0.253986,0.000000,0.507075,-4.633620,0,2,20.184120,0.112789,0,0
4.099999,0.283002,288.060600,340.179800,0,0,0,0,0,0,0.000000,0.000000,0.000000,0.000000,0.477052,0.000000,0.000000,0.000000,0.000000,0.949750,-0.313009,-0.000020,0.967208,-0.253986,0.000000,0.408975,-4.728503,0,2,20.181890,0.112789,0,0
4.109999,0.286577,288.063700,340.381500,0,0,0,0,0,0,0.000000,0.000000,0.000000,0.000000,0.477052,0.000000,0.000000,0.000000,0.000000,0.949750,-0.313009,-0.000020,0.967208,-0.253986,0.000000,0.310875,-4.823386,0,2,20.180150,0.112789,0,0
4.119999,0.290152,288.065800,340.583300,0,0,0,0,0,0,0.000000,0.000000,0.000000,0.000000,0.477052,0.000000,0.000000,0.000000,0.000000,0.949750,-0.313009,-0.000020,0.967208,-0.253986,0.000000,0.212775,-4.918269,0,2,20.178870,0.112789,0,0
4.130000,0.293727,288.067000,340.785000,0,0,0,0,0,0,0.000000,0.000000,0.000000,0.000000,0.477052,0.000000,0.000000,0.000000,0.000000,0.949750,-0.313009,-0.000020,0.967208,-0.253986,0.000000,0.114675,-5.013152,0,2,20.178080,0.112789,0,0
4.140000,0.297302,288.067100,340.986800,0,0,0,0,0,0,0.000000,0.000000,0.000000,0.000000,0.477052,0.000000,0.000000,0.000000,0.000000,0.949750,-0.313009,-0.000020,0.967208,-0.253986,0.000000,0.016574,-5.108035,0,2,20.177760,0.112789,0,0
4.150000,0.300877,288.066300,341.188500,0,0,0,0,0,0,0.000000,0.000000,0.000000,0.000000,0.477052,0.000000,0.000000,0.000000,0.000000,0.949750,-0.313009,-0.000020,0.967208,-0.253986,0.000000,-0.081526,-5.202918,0,2,20.177920,0.112789,0,0
4.160000,0.304451,288.064500,341.390300,0,0,0,0,0,0,0.000000,0.000000,0.000000,0.000000,0.477052,0.000000,0.000000,0.000000,0.000000,0.949750,-0.313009,-0.000020,0.967208,-0.253986,0.000000,-0.179626,-5.297801,0,2,20.178550,0.112789,0,0
4.170001,0.308026,288.061700,341.592000,0,0,0,0,0,0,0.000000,0.000000,0.000000,0.000000,0.477052,0.000000,0.000000,0.000000,0.000000,0.949750,-0.313009,-0.000020,0.967208,-0.253986,0.000000,-0.277726,-5.392684,0,2,20.179660,0.112789,0,0
4.180001,0.311601,288.058000,341.793800,0,0,0,0,0,0,0.000000,0.000000,0.000000,0.000000,0.477052,0.000000,0.000000,0.000000,0.000000,0.949750,-0.313009,-0.000020,0.967208,-0.253986,0.000000,-0.375826,-5.487567,0,2,20.181250,0.112789,0,0
4.190001,0.315176,288.053300,341.995500,0,0,0,0,0,0,0.000000,0.000000,0.000000,0.000000,0.477052,0.000000,0.000000,0.000000,0.000000,0.949750,-0.313009,-0.000020,0.967208,-0.253986,0.000000,-0.473926,-5.582450,0,2,20.183320,0.112789,0,0
4.200001,0.318751,288.047500,342.197300,0,0,0,0,0,0,0.000000,0.000000,0.000000,0.000000,0.477052,0.000000,0.000000,0.000000,0.000000,0.949750,-0.313009,-0.000020,0.967208,-0.253986,0.000000,-0.572026,-5.677333,0,2,20.185860,0.112789,0,0
4.210001,0.322326,288.040800,342.399000,0,0,0,0,0,0,0.000000,0.000000,0.000000,0.000000,0.477052,0.000000,0.000000,0.000000,0.000000,0.949750,-0.313009,-0.000020,0.967208,-0.253986,0.000000,-0.670126,-5.772217,0,2,20.188880,0.112789,0,0
4.220002,0.325901,288.033100,342.600800,0,0,0,0,0,0,0.000000,0.000000,0.000000,0.000000,0.477052,0.000000,0.000000,0.000000,0.000000,0.949750,-0.313009,-0.000020,0.967208,-0.253986,0.000000,-0.768226,-5.867100,0,2,20.192370,0.112789,0,0
4.230002,0.329476,288.024500,342.802600,0,0,0,0,0,0,0.000000,0.000000,0.000000,0.000000,0.477052,0.000000,0.000000,0.000000,0.000000,0.949750,-0.313009,-0.000020,0.967208,-0.253986,0.000000,-0.866326,-5.961983,0,2,20.196340,0.112789,0,0
4.240002,0.333050,288.014800,343.004300,0,0,0,0,0,0,0.000000,0.000000,0.000000,0.000000,0.477052,0.000000,0.000000,0.000000,0.000000,0.949750,-0.313009,-0.000020,0.967208,-0.253986,0.000000,-0.964426,-6.056866,0,2,20.200780,0.112789,0,0
4.250002,0.336625,288.004200,343.206100,0,0,0,0,0,0,0.000000,0.000000,0.000000,0.000000,0.477052,0.000000,0.000000,0.000000,0.000000,0.949750,-0.313009,-0.000020,0.967208,-0.253986,0.000000,-1.062526,-6.151749,0,2,20.205710,0.112789,0,0
4.260003,0.340200,287.992600,343.407800,0,0,0,0,0,0,0.000000,0.000000,0.000000,0.000000,0.477052,0.000000,0.000000,0.000000,0.000000,0.949750,-0.313009,-0.000020,0.967208,-0.253986,0.000000,-1.160625,-6.246632,0,2,20.211100,0.112789,0,0
4.270003,0.343775,287.980000,343.609600,0,0,0,0,0,0,0.000000,0.000000,0.000000,0.000000,0.477052,0.000000,0.000000,0.000000,0.000000,0.949750,-0.313009,-0.000020,0.967208,-0.253986,0.000000,-1.258725,-6.341515,0,2,20.216970,0.112789,0,0
4.280003,0.347350,287.966500,343.811300,0,0,0,0,0,0,0.000000,0.000000,0.000000,0.000000,0.477052,0.000000,0.000000,0.000000,0.000000,0.949750,-0.313009,-0.000020,0.967208,-0.253986,0.000000,-1.356825,-6.436398,0,2,20.223320,0.112789,0,0
4.290003,0.350925,287.951900,344.013100,0,0,0,0,0,0,0.000000,0.000000,0.000000,0.000000,0.477052,0.000000,0.000000,0.000000,0.000000,0.949750,-0.313009,-0.000020,0.967208,-0.253986,0.000000,-1.454925,-6.531281,0,2,20.230140,0.112789,0,0
4.300004,0.354500,287.936400,344.214800,0,0,0,0,0,0,0.000000,0.000000,0.000000,0.000000,0.477052,0.000000,0.000000,0.000000,0.000000,0.949750,-0.313009,-0.000020,0.967208,-0.253986,0.000000,-1.553025,-6.626164,0,2,20.237430,0.112789,0,0
4.310004,0.358075,287.919900,344.416600,0,0,0,0,0,0,0.000000,0.000000,0.000000,0.000000,0.477052,0.000000,0.000000,0.000000,0.000000,0.949750,-0.313009,-0.000020,0.967208,-0.253986,0.000000,-1.651125,-6.721047,0,2,20.245190,0.112789,0,0
4.320004,0.361650,287.902400,344.618300,0,0,0,0,0,0,0.000000,0.000000,0.000000,0.000000,0.477052,0.000000,0.000000,0.000000,0.000000,0.949750,-0.313009,-0.000020,0.967208,-0.253986,0.000000,-1.749225,-6.815930,0,2,20.253430,0.112789,0,0
4.330004,0.365224,287.883900,344.820100,0,0,0,0,0,0,0.000000,0.000000,0.000000,0.000000,0.477052,0.000000,0.000000,0.000000,0.000000,0.949750,-0.313009,-0.000020,0.967208,-0.253986,0.000000,-1.847325,-6.910813,0,2,20.262140,0.112789,0,0
4.340004,0.368799,287.864500,345.021800,0,0,0,0,0,0,0.000000,0.000000,0.000000,0.000000,0.477052,0.000000,0.000000,0.000000,0.000000,0.949750,-0.313009,-0.000020,0.967208,-0.253986,0.000000,-1.945425,-7.005696,0,2,20.271320,0.112789,0,0
4.350005,0.372374,287.844000,345.223600,0,0,0,0,0,0,0.000000,0.000000,0.000000,0.000000,0.477052,0.000000,0.000000,0.000000,0.000000,0.949750,-0.313009,-0.000020,0.967208,-0.253986,0.000000,-2.043525,-7.100579,0,2,20.280970,0.112789,0,0
4.360005,0.375949,287.822600,345.425300,0,0,0,0,0,0,0.000000,0.000000,0.000000,0.000000,0.477052,0.000000,0.000000,0.000000,0.000000,0.949750,-0.313009,-0.000020,0.967208,-0.253986,0.000000,-2.141625,-7.195462,0,2,20.291090,0.112789,0,0
4.370005,0.379524,287.800200,345.627100,0,0,0,0,0,0,0.000000,0.000000,0.000000,0.000000,0.477052,0.000000,0.000000,0.000000,0.000000,0.949750,-0.313009,-0.000020,0.967208,-0.253986,0.000000,-2.239725,-7.290345,0,2,20.301670,0.112789,0,0
4.380005,0.383099,287.776800,345.828800,0,0,0,0,0,0,0.000000,0.000000,0.000000,0.000000,0.477052,0.000000,0.000000,0.000000,0.000000,0.949750,-0.313009,-0.000020,0.967208,-0.253986,0.000000,-2.337825,-7.385228,0,2,20.312730,0.112789,0,0
4.390006,0.386674,287.752500,346.030600,0,0,0,0,0,0,0.000000,0.000000,0.000000,0.000000,0.477052,0.000000,0.000000,0.000000,0.000000,0.949750,-0.313009,-0.000020,0.967208,-0.253986,0.000000,-2.435925,-7.480111,0,2,20.324250,0.112789,0,0
4.400006,0.390249,287.727100,346.232300,0,0,0,0,0,0,0.000000,0.000000,0.000000,0.000000,0.477052,0.000000,0.000000,0.000000,0.000000,0.949750,-0.313009,-0.000020,0.967208,-0.253986,0.000000,-2.534025,-7.574995,0,2,20.336250,0.112789,0,0
4.410006,0.393823,287.700800,346.434100,0,0,0,0,0,0,0.000000,0.000000,0.000000,0.000000,0.477052,0.000000,0.000000,0.000000,0.000000,0.949750,-0.313009,-0.000020,0.967208,-0.253986,0.000000,-2.632125,-7.669878,0,2,20.348700,0.112789,0,0
4.420006,0.397398,287.673500,346.635800,0,0,0,0,0,0,0.000000,0.000000,0.000000,0.000000,0.477052,0.000000,0.000000,0.000000,0.000000,0.949750,-0.313009,-0.000020,0.967208,-0.253986,0.000000,-2.730225,-7.764760,0,2,20.361620,0.112789,0,0
4.430007,0.400973,287.645200,346.837600,0,0,0,0,0,0,0.000000,0.000000,0.000000,0.000000,0.477052,0.000000,0.000000,0.000000,0.000000,0.949750,-0.313009,-0.000020,0.967208,-0.253986,0.000000,-2.828325,-7.859643,0,2,20.375010,0.112789,0,0
4.440007,0.404548,287.616000,347.039300,0,0,0,0,0,0,0.000000,0.000000,0.000000,0.000000,0.477052,0.000000,0.000000,0.000000,0.000000,0.949750,-0.313009,-0.000020,0.967208,-0.253986,0.000000,-2.926425,-7.954526,0,2,20.388860,0.112789,0,0
4.450007,0.408123,287.585700,347.241100,0,0,0,0,0,0,0.000000,0.000000,0.000000,0.000000,0.477052,0.000000,0.000000,0.000000,0.000000,0.949750,-0.313009,-0.000020,0.967208,-0.253986,0.000000,-3.024524,-8.049410,0,2,20.403170,0.112789,0,0
4.460007,0.411698,287.554500,347.442800,0,0,0,0,0,0,0.000000,0.000000,0.000000,0.000000,0.477052,0.000000,0.000000,0.000000,0.000000,0.949750,-0.313009,-0.000020,0.967208,-0.253986,0.000000,-3.122624,-8.144293,0,2,20.417940,0.112789,0,0
4.470007,0.415273,287.522300,347.644600,0,0,0,0,0,0,0.000000,0.000000,0.000000,0.000000,0.477052,0.000000,0.000000,0.000000,0.000000,0.949750,-0.313009,-0.000020,0.967208,-0.253986,0.000000,-3.220724,-8.239176,0,2,20.433180,0.112789,0,0
4.480008,0.418848,287.489100,347.846300,0,0,0,0,0,0,0.000000,0.000000,0.000000,0.000000,0.477052,0.000000,0.000000,0.000000,0.000000,0.949750,-0.313009,-0.000020,0.967208,-0.253986,0.000000,-3.318824,-8.334059,0,2,20.448870,0.112789,0,0
4.490008,0.422422,287.454900,348.048100,0,0,0,0,0,0,0.000000,0.000000,0.000000,0.000000,0.477052,0.000000,0.000000,0.000000,0.000000,0.949750,-0.313009,-0.000020,0.967208,-0.253986,0.000000,-3.416924,-8.428942,0,2,20.465020,0.112789,0,0
4.500008,0.425997,287.419800,348.249800,0,0,0,0,0,0,0.000000,0.000000,0.000000,0.000000,0.477052,0.000000,0.000000,0.000000,0.000000,0.949750,-0.313009,-0.000020,0.967208,-0.253986,0.000000,-3.515024,-8.523825,0,2,20.481630,0.112789,0,0
4.510008,0.429572,287.383600,348.451600,0,0,0,0,0,0,0.000000,0.000000,0.000000,0.000000,0.477052,0.000000,0.000000,0.000000,0.000000,0.949750,-0.313009,-0.000020,0.967208,-0.253986,0.000000,-3.613124,-8.618708,0,2,20.498690,0.112789,0,0
4.520009,0.433147,287.346500,348.653400,0,0,0,0,0,0,0.000000,0.000000,0.000000,0.000000,0.477052,0.000000,0.000000,0.000000,0.000000,0.949750,-0.313009,-0.000020,0.967208,-0.253986,0.000000,-3.711224,-8.713591,0,2,20.516210,0.112789,0,0
4.530009,0.436722,287.308400,348.855100,0,0,0,0,0,0,0.000000,0.000000,0.000000,0.000000,0.477052,0.000000,0.000000,0.000000,0.000000,0.949750,-0.313009,-0.000020,0.967208,-0.253986,0.000000,-3.809324,-8.808474,0,2,20.534180,0.112789,0,0
4.540009,0.440297,287.269400,349.056900,0,0,0,0,0,0,0.000000,0.000000,0.000000,0.000000,0.477052,0.000000,0.000000,0.000000,0.000000,0.949750,-0.313009,-0.000020,0.967208,-0.253986,0.000000,-3.907424,-8.903357,0,2,20.552600,0.112789,0,0
4.550009,0.443872,287.229300,349.258600,0,0,0,0,0,0,0.000000,0.000000,0.000000,0.000000,0.477052,0.000000,0.000000,0.000000,0.000000,0.949750,-0.313009,-0.000020,0.967208,-0.253986,0.000000,-4.005524,-8.998240,0,2,20.571480,0.112790,0,0
4.560009,0.447447,287.188300,349.460400,0,0,0,0,0,0,0.000000,0.000000,0.000000,0.000000,0.477052,0.000000,0.000000,0.000000,0.000000,0.949750,-0.313009,-0.000020,0.967208,-0.253986,0.000000,-4.103624,-9.093123,0,2,20.590810,0.112790,0,0
4.570010,0.451021,287.146200,349.662100,0,0,0,0,0,0,0.000000,0.000000,0.000000,0.000000,0.477052,0.000000,0.000000,0.000000,0.000000,0.949750,-0.313009,-0.000020,0.967208,-0.253986,0.000000,-4.201725,-9.188006,0,2,20.610580,0.112790,0,0
4.580010,0.454596,287.103200,349.863900,0,0,0,0,0,0,0.000000,0.000000,0.000000,0.000000,0.477052,0.000000,0.000000,0.000000,0.000000,0.949750,-0.313009,-0.000020,0.967208,-0.253986,0.000000,-4.299825,-9.282890,0,2,20.630800,0.112790,0,0
4.590010,0.458171,287.059300,350.065600,0,0,0,0,0,0,0.000000,0.000000,0.000000,0.000000,0.477052,0.000000,0.000000,0.000000,0.000000,0.949750,-0.313009,-0.000020,0.967208,-0.253986,0.000000,-4.397925,-9.377773,0,2,20.651470,0.112790,0,0
4.600010,0.461746,287.014300,350.267400,0,0,0,0,0,0,0.000000,0.000000,0.000000,0.000000,0.477052,0.000000,0.000000,0.000000,0.000000,0.949750,-0.313009,-0.000020,0.967208,-0.253986,0.000000,-4.496025,-9.472656,0,2,20.672590,0.112790,0,0
4.610011,0.465321,286.968400,350.469100,0,0,0,0,0,0,0.000000,0.000000,0.000000,0.000000,0.477052,0.000000,0.000000,0.000000,0.000000,0.949750,-0.313009,-0.000020,0.967208,-0.253986,0.000000,-4.594125,-9.567539,0,2,20.694140,0.112790,0,0
4.620011,0.468896,286.921400,350.670900,0,0,0,0,0,0,0.000000,0.000000,0.000000,0.000000,0.477052,0.000000,0.000000,0.000000,0.000000,0.949750,-0.313009,-0.000020,0.967208,-0.253986,0.000000,-4.692225,-9.662423,0,2,20.716140,0.112790,0,0
4.630011,0.472471,286.873500,350.872600,0,0,0,0,0,0,0.000000,0.000000,0.000000,0.000000,0.477052,0.000000,0.000000,0.000000,0.000000,0.949750,-0.313009,-0.000020,0.967208,-0.253986,0.000000,-4.790326,-9.757306,0,2,20.738580,0.112790,0,0
4.640011,0.476046,286.824600,351.074400,0,0,0,0,0,0,0.000000,0.000000,0.000000,0.000000,0.477052,0.000000,0.000000,0.000000,0.000000,0.949750,-0.313009,-0.000020,0.967208,-0.253986,0.000000,-4.888426,-9.852189,0,2,20.761460,0.112790,0,0
4.650012,0.479620,286.774800,351.276100,0,0,0,0,0,0,0.000000,0.000000,0.000000,0.000000,0.477052,0.000000,0.000000,0.000000,0.000000,0.949750,-0.313009,-0.000020,0.967208,-0.253986,0.000000,-4.986526,-9.947073,0,2,20.784780,0.112790,0,0
4.660012,0.483195,286.723900,351.477900,0,0,0,0,0,0,0.000000,0.000000,0.000000,0.000000,0.477052,0.000000,0.000000,0.000000,0.000000,0.949750,-0.313009,-0.000020,0.967208,-0.253986,0.000000,-5.084626,-10.041960,0,2,20.808530,0.112790,0,0
4.670012,0.486770,286.672100,351.679600,0,0,0,0,0,0,0.000000,0.000000,0.000000,0.000000,0.477052,0.000000,0.000000,0.000000,0.000000,0.949750,-0.313009,-0.000020,0.967208,-0.253986,0.000000,-5.182726,-10.136840,0,2,20.832720,0.112790,0,0
4.680012,0.490345,286.619300,351.881400,0,0,0,0,0,0,0.000000,0.000000,0.000000,0.000000,0.477052,0.000000,0.000000,0.000000,0.000000,0.949750,-0.313009,-0.000020,0.967208,-0.253986,0.000000,-5.280827,-10.231720,0,2,20.857340,0.112790,0,0
4.690012,0.493920,286.565500,352.083100,0,0,0,0,0,0,0.000000,0.000000,0.000000,0.000000,0.477052,0.000000,0.000000,0.000000,0.000000,0.949750,-0.313009,-0.000020,0.967208,-0.253986,0.000000,-5.378927,-10.326610,0,2,20.882400,0.112790,0,0
4.700013,0.497495,286.510700,352.284900,0,0,0,0,0,0,0.000000,0.000000,0.000000,0.000000,0.477052,0.000000,0.000000,0.000000,0.000000,0.949750,-0.313009,-0.000020,0.967208,-0.253986,0.000000,-5.477027,-10.421490,0,2,20.907880,0.112790,0,0
4.710013,0.501070,286.455000,352.486600,0,0,0,0,0,0,0.000000,0.000000,0.000000,0.000000,0.477052,0.000000,0.000000,0.000000,0.000000,0.949750,-0.313009,-0.000020,0.967208,-0.253986,0.000000,-5.575127,-10.516370,0,2,20.933790,0.112790,0,0
4.720013,0.504645,286.398300,352.688400,0,0,0,0,0,0,0.000000,0.000000,0.000000,0.000000,0.477052,0.000000,0.000000,0.000000,0.000000,0.949750,-0.313009,-0.000020,0.967208,-0.253986,0.000000,-5.673227,-10.611260,0,2,20.960130,0.112790,0,0
4.730013,0.508219,286.340500,352.890100,0,0,0,0,0,0,0.000000,0.000000,0.000000,0.000000,0.477052,0.000000,0.000000,0.000000,0.000000,0.949750,-0.313009,-0.000020,0.967208,-0.253986,0.000000,-5.771327,-10.706140,0,2,20.986900,0.112790,0,0
4.740014,0.511794,286.281900,353.091900,0,0,0,0,0,0,0.000000,0.000000,0.000000,0.000000,0.477052,0.000000,0.000000,0.000000,0.000000,0.949750,-0.313009,-0.000020,0.967208,-0.253986,0.000000,-5.869428,-10.801020,0,2,21.014090,0.112790,0,0
4.750014,0.515369,286.222200,353.293600,0,0,0,0,0,0,0.000000,0.000000,0.000000,0.000000,0.477052,0.000000,0.000000,0.000000,0.000000,0.949750,-0.313009,-0.000020,0.967208,-0.253986,0.000000,-5.967528,-10.895910,0,2,21.041700,0.112790,0,0
4.760014,0.518944,286.161500,353.495400,0,0,0,0,0,0,0.000000,0.000000,0.000000,0.000000,0.477052,0.000000,0.000000,0.000000,0.000000,0.949750,-0.313009,-0.000020,0.967208,-0.253986,0.000000,-6.065628,-10.990790,0,2,21.069730,0.112790,0,0
4.770014,0.522519,286.099900,353.697100,0,0,0,0,0,0,0.000000,0.000000,0.000000,0.000000,0.477052,0.000000,0.000000,0.000000,0.000000,0.949750,-0.313009,-0.000020,0.967208,-0.253986,0.000000,-6.163728,-11.085670,0,2,21.098180,0.112790,0,0
4.780015,0.526094,286.037300,353.898900,0,0,0,0,0,0,0.000000,0.000000,0.000000,0.000000,0.477052,0.000000,0.000000,0.000000,0.000000,0.949750,-0.313009,-0.000020,0.967208,-0.253986,0.000000,-6.261828,-11.180560,0,2,21.127050,0.112790,0,0
4.790015,0.529669,285.973700,354.100600,0,0,0,0,0,0,0.000000,0.000000,0.000000,0.000000,0.477052,0.000000,0.000000,0.000000,0.000000,0.949750,-0.313009,-0.000020,0.967208,-0.253986,0.000000,-6.359929,-11.275440,0,2,21.156330,0.112790,0,0
4.800015,0.533243,285.909100,354.302400,0,0,0,0,0,0,0.000000,0.000000,0.000000,0.000000,0.477052,0.000000,0.000000,0.000000,0.000000,0.949750,-0.313009,-0.000020,0.967208,-0.253986,0.000000,-6.458029,-11.370320,0,2,21.186030,0.112790,0,0
4.810015,0.536818,285.843500,354.504200,0,0,0,0,0,0,0.000000,0.000000,0.000000,0.000000,0.477052,0.000000,0.000000,0.000000,0.000000,0.949750,-0.313009,-0.000020,0.967208,-0.253986,0.000000,-6.556129,-11.465210,0,2,21.216140,0.112790,0,0
4.820015,0.540393,285.777000,354.705900,0,0,0,0,0,0,0.000000,0.000000,0.000000,0.000000,0.477052,0.000000,0.000000,0.000000,0.000000,0.949750,-0.313009,-0.000020,0.967208,-0.253986,0.000000,-6.654229,-11.560090,0,2,21.246660,0.112790,0,0
4.830016,0.543968,285.709500,354.907700,0,0,0,0,0,0,0.000000,0.000000,0.000000,0.000000,0.477052,0.000000,0.000000,0.000000,0.000000,0.949750,-0.313009,-0.000020,0.967208,-0.253986,0.000000,-6.752329,-11.654970,0,2,21.277580,0.112790,0,0
4.840016,0.547543,285.641000,355.109400,0,0,0,0,0,0,0.000000,0.000000,0.000000,0.000000,0.477052,0.000000,0.000000,0.000000,0.000000,0.949750,-0.313009,-0.000020,0.967208,-0.253986,0.000000,-6.850430,-11.749860,0,2,21.308920,0.112790,0,0
4.850016,0.551118,285.571500,355.311200,0,0,0,0,0,0,0.000000,0.000000,0.000000,0.000000,0.477052,0.000000,0.000000,0.000000,0.000000,0.949750,-0.313009,-0.000020,0.967208,-0.253986,0.000000,-6.948530,-11.844740,0,2,21.340660,0.112790,0,0
4.860016,0.554692,285.501000,355.512900,0,0,0,0,0,0,0.000000,0.000000,0.000000,0.000000,0.477052,0.000000,0.000000,0.000000,0.000000,0.949750,-0.313009,-0.000020,0.967208,-0.253986,0.000000,-7.046630,-11.939620,0,2,21.372800,0.112790,0,0
4.870017,0.558267,285.429600,355.714700,0,0,0,0,0,0,0.000000,0.000000,0.000000,0.000000,0.477052,0.000000,0.000000,0.000000,0.000000,0.949750,-0.313009,-0.000020,0.967208,-0.253986,0.000000,-7.144730,-12.034500,0,2,21.405340,0.112790,0,0
4.880017,0.561842,285.357100,355.916400,0,0,0,0,0,0,0.000000,0.000000,0.000000,0.000000,0.477052,0.000000,0.000000,0.000000,0.000000,0.949750,-0.313009,-0.000020,0.967208,-0.253986,0.000000,-7.242830,-12.129390,0,2,21.438290,0.112790,0,0
4.890017,0.565417,285.283800,356.118200,0,0,0,0,0,0,0.000000,0.000000,0.000000,0.000000,0.477052,0.000000,0.000000,0.000000,0.000000,0.949750,-0.313009,-0.000020,0.967208,-0.253986,0.000000,-7.340930,-12.224270,0,2,21.471630,0.112790,0,0
4.900017,0.568992,285.209400,356.319900,0,0,0,0,0,0,0.000000,0.000000,0.000000,0.000000,0.477052,0.000000,0.000000,0.000000,0.000000,0.949750,-0.313009,-0.000020,0.967208,-0.253986,0.000000,-7.439031,-12.319150,0,2,21.505370,0.112790,0,0
4.910017,0.572567,285.134000,356.521700,0,0,0,0,0,0,0.000000,0.000000,0.000000,0.000000,0.477052,0.000000,0.000000,0.000000,0.000000,0.949750,-0.313009,-0.000020,0.967208,-0.253986,0.000000,-7.537131,-12.414040,0,2,21.539500,0.112790,0,0
4.920018,0.576142,285.057600,356.723400,0,0,0,0,0,0,0.000000,0.000000,0.000000,0.000000,0.477052,0.000000,0.000000,0.000000,0.000000,0.949750,-0.313009,-0.000020,0.967208,-0.253986,0.000000,-7.635231,-12.508920,0,2,21.574020,0.112790,0,0
4.930018,0.579716,284.980300,356.925200,0,0,0,0,0,0,0.000000,0.000000,0.000000,0.000000,0.477052,0.000000,0.000000,0.000000,0.000000,0.949750,-0.313009,-0.000020,0.967208,-0.253986,0.000000,-7.733331,-12.603800,0,2,21.608930,0.112790,0,0
4.940018,0.583291,284.902000,357.126900,0,0,0,0,0,0,0.000000,0.000000,0.000000,0.000000,0.477052,0.000000,0.000000,0.000000,0.000000,0.949750,-0.313009,-0.000020,0.967208,-0.253986,0.000000,-7.831431,-12.698690,0,2,21.644240,0.112790,0,0
4.950018,0.586866,284.822700,357.328700,0,0,0,0,0,0,0.000000,0.000000,0.000000,0.000000,0.477052,0.000000,0.000000,0.000000,0.000000,0.949750,-0.313009,-0.000020,0.967208,-0.253986,0.000000,-7.929532,-12.793570,0,2,21.679920,0.112790,0,0
4.960019,0.590441,284.742400,357.530400,0,0,0,0,0,0,0.000000,0.000000,0.000000,0.000000,0.477052,0.000000,0.000000,0.000000,0.000000,0.949750,-0.313009,-0.000020,0.967208,-0.253986,0.000000,-8.027632,-12.888450,0,2,21.716000,0.112789,0,0
4.970019,0.594016,284.661200,357.732200,0,0,0,0,0,0,0.000000,0.000000,0.000000,0.000000,0.477052,0.000000,0.000000,0.000000,0.000000,0.949750,-0.313009,-0.000020,0.967208,-0.253986,0.000000,-8.125731,-12.983340,0,2,21.752450,0.112789,0,0
4.980019,0.597591,284.578900,357.933900,0,0,0,0,0,0,0.000000,0.000000,0.000000,0.000000,0.477052,0.000000,0.000000,0.000000,0.000000,0.949750,-0.313009,-0.000020,0.967208,-0.253986,0.000000,-8.223831,-13.078220,0,2,21.789290,0.112789,0,0
4.990019,0.601165,284.495700,358.135700,0,0,0,0,0,0,0.000000,0.000000,0.000000,0.000000,0.477052,0.000000,0.000000,0.000000,0.000000,0.949750,-0.313009,-0.000020,0.967208,-0.253986,0.000000,-8.321931,-13.173100,0,2,21.826500,0.112789,0,0
5.000020,0.604740,284.411500,358.337400,0,0,0,0,0,0,0.000000,0.000000,0.000000,0.000000,0.477052,0.000000,0.000000,0.000000,0.000000,0.949750,-0.313009,-0.000020,0.967208,-0.253986,0.000000,-8.420031,-13.267990,0,2,21.864090,0.112789,0,0
5.010020,0.608315,284.326300,358.539200,0,0,0,0,0,0,0.000000,0.000000,0.000000,0.000000,0.477052,0.000000,0.000000,0.000000,0.000000,0.949750,-0.313009,-0.000020,0.967208,-0.253986,0.000000,-8.518130,-13.362870,0,2,21.902060,0.112789,0,0
5.020020,0.611890,284.240200,358.740900,0,0,0,0,0,0,0.000000,0.000000,0.000000,0.000000,0.477052,0.000000,0.000000,0.000000,0.000000,0.949750,-0.313009,-0.000020,0.967208,-0.253986,0.000000,-8.616230,-13.457750,0,2,21.940400,0.112789,0,0
5.030020,0.615465,284.153000,358.942700,0,0,0,0,0,0,0.000000,0.000000,0.000000,0.000000,0.477052,0.000000,0.000000,0.000000,0.000000,0.949750,-0.313009,-0.000020,0.967208,-0.253986,0.000000,-8.714330,-13.552630,0,2,21.979110,0.112789,0,0
5.040020,0.619040,284.064900,359.144400,0,0,0,0,0,0,0.000000,0.000000,0.000000,0.000000,0.477052,0.000000,0.000000,0.000000,0.000000,0.949750,-0.313009,-0.000020,0.967208,-0.253986,0.000000,-8.812429,-13.647520,0,2,22.018190,0.112789,0,0
5.050021,0.622615,283.975800,359.346200,0,0,0,0,0,0,0.000000,0.000000,0.000000,0.000000,0.477052,0.000000,0.000000,0.000000,0.000000,0.949750,-0.313009,-0.000020,0.967208,-0.253986,0.000000,-8.910529,-13.742400,0,2,22.057630,0.112789,0,0
5.060021,0.626189,283.885700,359.547900,0,0,0,0,0,0,0.000000,0.000000,0.000000,0.000000,0.477052,0.000000,0.000000,0.000000,0.000000,0.949750,-0.313009,-0.000020,0.967208,-0.253986,0.000000,-9.008629,-13.837280,0,2,22.097440,0.112789,0,0
5.070021,0.629764,283.794600,359.749700,0,0,0,0,0,0,0.000000,0.000000,0.000000,0.000000,0.477052,0.000000,0.000000,0.000000,0.000000,0.949750,-0.313009,-0.000020,0.967208,-0.253986,0.000000,-9.106729,-13.932170,0,2,22.137620,0.112789,0,0
5.080021,0.633339,283.702600,359.951400,0,0,0,0,0,0,0.000000,0.000000,0.000000,0.000000,0.477052,0.000000,0.000000,0.000000,0.000000,0.949750,-0.313009,-0.000020,0.967208,-0.253986,0.000000,-9.204828,-14.027050,0,2,22.178150,0.112789,0,0
5.090022,0.636914,283.609600,360.153200,0,0,0,0,0,0,0.000000,0.000000,0.000000,0.000000,0.477052,0.000000,0.000000,0.000000,0.000000,0.949750,-0.313009,-0.000020,0.967208,-0.253986,0.000000,-9.302928,-14.121930,0,2,22.219050,0.112789,0,0
5.100022,0.640489,283.515500,360.354900,0,0,0,0,0,0,0.000000,0.000000,0.000000,0.000000,0.477052,0.000000,0.000000,0.000000,0.000000,0.949750,-0.313009,-0.000020,0.967208,-0.253986,0.000000,-9.401028,-14.216810,0,2,22.260300,0.112789,0,0
5.110022,0.644064,283.420500,360.556700,0,0,0,0,0,0,0.000000,0.000000,0.000000,0.000000,0.477052,0.000000,0.000000,0.000000,0.000000,0.949750,-0.313009,-0.000020,0.967208,-0.253986,0.000000,-9.499127,-14.311700,0,2,22.301910,0.112789,0,0
5.120022,0.647638,283.324600,360.758500,0,0,0,0,0,0,0.000000,0.000000,0.000000,0.000000,0.477052,0.000000,0.000000,0.000000,0.000000,0.949750,-0.313009,-0.000020,0.967208,-0.253986,0.000000,-9.597227,-14.406580,0,2,22.343870,0.112789,0,0
5.130023,0.651213,283.227600,360.960200,0,0,0,0,0,0,0.000000,0.000000,0.000000,0.000000,0.477052,0.000000,0.000000,0.000000,0.000000,0.949750,-0.313009,-0.000020,0.967208,-0.253986,0.000000,-9.695327,-14.501460,0,2,22.386180,0.112789,0,0
5.140023,0.654788,283.129700,361.162000,0,0,0,0,0,0,0.000000,0.000000,0.000000,0.000000,0.477052,0.000000,0.000000,0.000000,0.000000,0.949750,-0.313009,-0.000020,0.967208,-0.253986,0.000000,-9.793427,-14.596340,0,2,22.428840,0.112789,0,0
5.150023,0.658363,283.030800,361.363700,0,0,0,0,0,0,0.000000,0.000000,0.000000,0.000000,0.477052,0.000000,0.000000,0.000000,0.000000,0.949750,-0.313009,-0.000020,0.967208,-0.253986,0.000000,-9.891526,-14.691230,0,2,22.471850,0.112789,0,0
5.160023,0.661938,282.930900,361.565500,0,0,0,0,0,0,0.000000,0.000000,0.000000,0.000000,0.477052,0.000000,0.000000,0.000000,0.000000,0.949750,-0.313009,-0.000020,0.967208,-0.253986,0.000000,-9.989626,-14.786110,0,2,22.515200,0.112789,0,0
5.170023,0.665513,282.830000,361.767200,0,0,0,0,0,0,0.000000,0.000000,0.000000,0.000000,0.477052,0.000000,0.000000,0.000000,0.000000,0.949750,-0.313009,-0.000020,0.967208,-0.253986,0.000000,-10.087730,-14.880990,0,2,22.558900,0.112789,0,0
5.180024,0.669088,282.728100,361.969000,0,0,0,0,0,0,0.000000,0.000000,0.000000,0.000000,0.477052,0.000000,0.000000,0.000000,0.000000,0.949750,-0.313009,-0.000020,0.967208,-0.253986,0.000000,-10.185830,-14.975880,0,2,22.602930,0.112789,0,0
5.190024,0.672662,282.625300,362.170700,0,0,0,0,0,0,0.000000,0.000000,0.000000,0.000000,0.477052,0.000000,0.000000,0.000000,0.000000,0.949750,-0.313009,-0.000020,0.967208,-0.253986,0.000000,-10.283930,-15.070760,0,2,22.647310,0.112789,0,0
5.200024,0.676237,282.521500,362.372500,0,0,0,0,0,0,0.000000,0.000000,0.000000,0.000000,0.477052,0.000000,0.000000,0.000000,0.000000,0.949750,-0.313009,-0.000020,0.967208,-0.253986,0.000000,-10.382020,-15.165640,0,2,22.692030,0.112789,0,0
5.210024,0.679812,282.416700,362.574200,0,0,0,0,0,0,0.000000,0.000000,0.000000,0.000000,0.477052,0.000000,0.000000,0.000000,0.000000,0.949750,-0.313009,-0.000020,0.967208,-0.253986,0.000000,-10.480120,-15.260520,0,2,22.737080,0.112789,0,0
5.220025,0.683387,282.310900,362.776000,0,0,0,0,0,0,0.000000,0.000000,0.000000,0.000000,0.477052,0.000000,0.000000,0.000000,0.000000,0.949750,-0.313009,-0.000020,0.967208,-0.253986,0.000000,-10.578220,-15.355410,0,2,22.782460,0.112789,0,0
5.230025,0.686962,282.204100,362.977700,0,0,0,0,0,0,0.000000,0.000000,0.000000,0.000000,0.477052,0.000000,0.000000,0.000000,0.000000,0.949750,-0.313009,-0.000020,0.967208,-0.253986,0.000000,-10.676320,-15.450290,0,2,22.828170,0.112789,0,0
5.240025,0.690537,282.096400,363.179500,0,0,0,0,0,0,0.000000,0.000000,0.000000,0.000000,0.477052,0.000000,0.000000,0.000000,0.000000,0.949750,-0.313009,-0.000020,0.967208,-0.253986,0.000000,-10.774420,-15.545170,0,2,22.874220,0.112789,0,0
5.250025,0.694112,281.987600,363.381200,0,0,0,0,0,0,0.000000,0.000000,0.000000,0.000000,0.477052,0.000000,0.000000,0.000000,0.000000,0.949750,-0.313009,-0.000020,0.967208,-0.253986,0.000000,-10.872520,-15.640050,0,2,22.920590,0.112789,0,0
5.260026,0.697686,281.877900,363.583000,0,0,0,0,0,0,0.000000,0.000000,0.000000,0.000000,0.477052,0.000000,0.000000,0.000000,0.000000,0.949750,-0.313009,-0.000020,0.967208,-0.253986,0.000000,-10.970620,-15.734940,0,2,22.967290,0.112789,0,0
5.270026,0.701261,281.767200,363.784700,0,0,0,0,0,0,0.000000,0.000000,0.000000,0.000000,0.477052,0.000000,0.000000,0.000000,0.000000,0.949750,-0.313009,-0.000020,0.967208,-0.253986,0.000000,-11.068720,-15.829820,0,2,23.014310,0.112789,0,0
5.280026,0.704836,281.655600,363.986500,0,0,0,0,0,0,0.000000,0.000000,0.000000,0.000000,0.477052,0.000000,0.000000,0.000000,0.000000,0.949750,-0.313009,-0.000020,0.967208,-0.253986,0.000000,-11.166820,-15.924700,0,2,23.061650,0.112789,0,0
5.290026,0.708411,281.542900,364.188200,0,0,0,0,0,0,0.000000,0.000000,0.000000,0.000000,0.477052,0.000000,0.000000,0.000000,0.000000,0.949750,-0.313009,-0.000020,0.967208,-0.253986,0.000000,-11.264920,-16.019590,0,2,23.109310,0.112789,0,0
5.300026,0.711986,281.429300,364.390000,0,0,0,0,0,0,0.000000,0.000000,0.000000,0.000000,0.477052,0.000000,0.000000,0.000000,0.000000,0.949750,-0.313009,-0.000020,0.967208,-0.253986,0.000000,-11.363020,-16.114470,0,2,23.157290,0.112789,0,0
5.310027,0.715561,281.314700,364.591700,0,0,0,0,0,0,0.000000,0.000000,0.000000,0.000000,0.477052,0.000000,0.000000,0.000000,0.000000,0.949750,-0.313009,-0.000020,0.967208,-0.253986,0.000000,-11.461120,-16.209350,0,2,23.205580,0.112789,0,0
5.320027,0.719135,281.199100,364.793500,0,0,0,0,0,0,0.000000,0.000000,0.000000,0.000000,0.477052,0.000000,0.000000,0.000000,0.000000,0.949750,-0.313009,-0.000020,0.967208,-0.253986,0.000000,-11.559220,-16.304240,0,2,23.254190,0.112789,0,0
5.330027,0.722710,281.082500,364.995200,0,0,0,0,0,0,0.000000,0.000000,0.000000,0.000000,0.477052,0.000000,0.000000,0.000000,0.000000,0.949750,-0.313009,-0.000020,0.967208,-0.253986,0.000000,-11.657320,-16.399120,0,2,23.303110,0.112789,0,0
5.340027,0.726285,280.965000,365.197000,0,0,0,0,0,0,0.000000,0.000000,0.000000,0.000000,0.477052,0.000000,0.000000,0.000000,0.000000,0.949750,-0.313009,-0.000020,0.967208,-0.253986,0.000000,-11.755420,-16.494000,0,2,23.352330,0.112789,0,0
5.350028,0.729860,280.846400,365.398700,0,0,0,0,0,0,0.000000,0.000000,0.000000,0.000000,0.477052,0.000000,0.000000,0.000000,0.000000,0.949750,-0.313009,-0.000020,0.967208,-0.253986,0.000000,-11.853520,-16.588880,0,2,23.401870,0.112789,0,0
5.360028,0.733435,280.726900,365.600500,0,0,0,0,0,0,0.000000,0.000000,0.000000,0.000000,0.477052,0.000000,0.000000,0.000000,0.000000,0.949750,-0.313009,-0.000020,0.967208,-0.253986,0.000000,-11.951620,-16.683770,0,2,23.451710,0.112789,0,0
5.370028,0.737010,280.606400,365.802200,0,0,0,0,0,0,0.000000,0.000000,0.000000,0.000000,0.477052,0.000000,0.000000,0.000000,0.000000,0.949750,-0.313009,-0.000020,0.967208,-0.253986,0.000000,-12.049720,-16.778650,0,2,23.501860,0.112789,0,0
5.380028,0.740585,280.485000,366.004000,0,0,0,0,0,0,0.000000,0.000000,0.000000,0.000000,0.477052,0.000000,0.000000,0.000000,0.000000,0.949750,-0.313009,-0.000020,0.967208,-0.253986,0.000000,-12.147820,-16.873530,0,2,23.552310,0.112789,0,0
5.390028,0.744159,280.362500,366.205700,0,0,0,0,0,0,0.000000,0.000000,0.000000,0.000000,0.477052,0.000000,0.000000,0.000000,0.000000,0.949750,-0.313009,-0.000020,0.967208,-0.253986,0.000000,-12.245920,-16.968410,0,2,23.603050,0.112789,0,0
5.400029,0.747734,280.239000,366.407500,0,0,0,0,0,0,0.000000,0.000000,0.000000,0.000000,0.477052,0.000000,0.000000,0.000000,0.000000,0.949750,-0.313009,-0.000020,0.967208,-0.253986,0.000000,-12.344020,-17.063300,0,2,23.654100,0.112789,0,0
5.410029,0.751309,280.114600,366.609300,0,0,0,0,0,0,0.000000,0.000000,0.000000,0.000000,0.477052,0.000000,0.000000,0.000000,0.000000,0.949750,-0.313009,-0.000020,0.967208,-0.253986,0.000000,-12.442120,-17.158180,0,2,23.705440,0.112789,0,0
5.420029,0.754884,279.989200,366.811000,0,0,0,0,0,0,0.000000,0.000000,0.000000,0.000000,0.477052,0.000000,0.000000,0.000000,0.000000,0.949750,-0.313009,-0.000020,0.967208,-0.253986,0.000000,-12.540220,-17.253060,0,2,23.757080,0.112789,0,0
5.430029,0.758459,279.862900,367.012800,0,0,0,0,0,0,0.000000,0.000000,0.000000,0.000000,0.477052,0.000000,0.000000,0.000000,0.000000,0.949750,-0.313009,-0.000020,0.967208,-0.253986,0.000000,-12.638320,-17.347950,0,2,23.809000,0.112789,0,0
5.440030,0.762034,279.735500,367.214500,0,0,0,0,0,0,0.000000,0.000000,0.000000,0.000000,0.477052,0.000000,0.000000,0.000000,0.000000,0.949750,-0.313009,-0.000020,0.967208,-0.253986,0.000000,-12.736420,-17.442830,0,2,23.861220,0.112789,0,0
5.450030,0.765608,279.607100,367.416300,0,0,0,0,0,0,0.000000,0.000000,0.000000,0.000000,0.477052,0.000000,0.000000,0.000000,0.000000,0.949750,-0.313009,-0.000020,0.967208,-0.253986,0.000000,-12.834520,-17.537710,0,2,23.913730,0.112789,0,0
5.460030,0.769183,279.477800,367.618000,0,0,0,0,0,0,0.000000,0.000000,0.000000,0.000000,0.477052,0.000000,0.000000,0.000000,0.000000,0.949750,-0.313009,-0.000020,0.967208,-0.253986,0.000000,-12.932620,-17.632590,0,2,23.966520,0.112789,0,0
5.470030,0.772758,279.347500,367.819800,0,0,0,0,0,0,0.000000,0.000000,0.000000,0.000000,0.477052,0.000000,0.000000,0.000000,0.000000,0.949750,-0.313009,-0.000020,0.967208,-0.253986,0.000000,-13.030720,-17.727480,0,2,24.019600,0.112789,0,0
5.480031,0.776333,279.216200,368.021500,0,0,0,0,0,0,0.000000,0.000000,0.000000,0.000000,0.477052,0.000000,0.000000,0.000000,0.000000,0.949750,-0.313009,-0.000020,0.967208,-0.253986,0.000000,-13.128820,-17.822360,0,2,24.072960,0.112789,0,0
5.490031,0.779908,279.084000,368.223300,0,0,0,0,0,0,0.000000,0.000000,0.000000,0.000000,0.477052,0.000000,0.000000,0.000000,0.000000,0.949750,-0.313009,-0.000020,0.967208,-0.253986,0.000000,-13.226920,-17.917240,0,2,24.126600,0.112789,0,0
5.500031,0.783483,278.950700,368.425000,0,0,0,0,0,0,0.000000,0.000000,0.000000,0.000000,0.477052,0.000000,0.000000,0.000000,0.000000,0.949750,-0.313009,-0.000020,0.967208,-0.253986,0.000000,-13.325020,-18.012130,0,2,24.180520,0.112789,0,0
5.510031,0.787058,278.816500,368.626800,0,0,0,0,0,0,0.000000,0.000000,0.000000,0.000000,0.477052,0.000000,0.000000,0.000000,0.000000,0.949750,-0.313009,-0.000020,0.967208,-0.253986,0.000000,-13.423120,-18.107010,0,2,24.234720,0.112789,0,0
5.520031,0.790632,278.681300,368.828500,0,0,0,0,0,0,0.000000,0.000000,0.000000,0.000000,0.477052,0.000000,0.000000,0.000000,0.000000,0.949750,-0.313009,-0.000020,0.967208,-0.253986,0.000000,-13.521220,-18.201890,0,2,24.289190,0.112789,0,0
5.530032,0.794207,278.545100,369.030300,0,0,0,0,0,0,0.000000,0.000000,0.000000,0.000000,0.477052,0.000000,0.000000,0.000000,0.000000,0.949750,-0.313009,-0.000020,0.967208,-0.253986,0.000000,-13.619320,-18.296770,0,2,24.343940,0.112789,0,0
5.540032,0.797782,278.407900,369.232000,0,0,0,0,0,0,0.000000,0.000000,0.000000,0.000000,0.477052,0.000000,0.000000,0.000000,0.000000,0.949750,-0.313009,-0.000020,0.967208,-0.253986,0.000000,-13.717410,-18.391660,0,2,24.398960,0.112789,0,0
5.550032,0.801357,278.269700,369.433800,0,0,0,0,0,0,0.000000,0.000000,0.000000,0.000000,0.477052,0.000000,0.000000,0.000000,0.000000,0.949750,-0.313009,-0.000020,0.967208,-0.253986,0.000000,-13.815510,-18.486540,0,2,24.454240,0.112789,0,0
5.560032,0.804932,278.130600,369.635500,0,0,0,0,0,0,0.000000,0.000000,0.000000,0.000000,0.477052,0.000000,0.000000,0.000000,0.000000,0.949750,-0.313009,-0.000020,0.967208,-0.253986,0.000000,-13.913610,-18.581420,0,2,24.509800,0.112789,0,0
5.570033,0.808507,277.990500,369.837300,0,0,0,0,0,0,0.000000,0.000000,0.000000,0.000000,0.477052,0.000000,0.000000,0.000000,0.000000,0.949750,-0.313009,-0.000020,0.967208,-0.253986,0.000000,-14.011710,-18.676310,0,2,24.565620,0.112789,0,0
5.580033,0.812082,277.849400,370.039000,0,0,0,0,0,0,0.000000,0.000000,0.000000,0.000000,0.477052,0.000000,0.000000,0.000000,0.000000,0.949750,-0.313009,-0.000020,0.967208,-0.253986,0.000000,-14.109810,-18.771190,0,2,24.621710,0.112789,0,0
5.590033,0.815656,277.707300,370.240800,0,0,0,0,0,0,0.000000,0.000000,0.000000,0.000000,0.477052,0.000000,0.000000,0.000000,0.000000,0.949750,-0.313009,-0.000020,0.967208,-0.253986,0.000000,-14.207910,-18.866070,0,2,24.678050,0.112789,0,0
5.600033,0.819231,277.564200,370.442500,0,0,0,0,0,0,0.000000,0.000000,0.000000,0.000000,0.477052,0.000000,0.000000,0.000000,0.000000,0.949750,-0.313009,-0.000020,0.967208,-0.253986,0.000000,-14.306010,-18.960950,0,2,24.734660,0.112789,0,0
5.610034,0.822806,277.420200,370.644300,0,0,0,0,0,0,0.000000,0.000000,0.000000,0.000000,0.477052,0.000000,0.000000,0.000000,0.000000,0.949750,-0.313009,-0.000020,0.967208,-0.253986,0.000000,-14.404110,-19.055840,0,2,24.791530,0.112789,0,0
5.620034,0.826381,277.275200,370.846000,0,0,0,0,0,0,0.000000,0.000000,0.000000,0.000000,0.477052,0.000000,0.000000,0.000000,0.000000,0.949750,-0.313009,-0.000020,0.967208,-0.253986,0.000000,-14.502210,-19.150720,0,2,24.848660,0.112789,0,0
5.630034,0.829956,277.129200,371.047800,0,0,0,0,0,0,0.000000,0.000000,0.000000,0.000000,0.477052,0.000000,0.000000,0.000000,0.000000,0.949750,-0.313009,-0.000020,0.967208,-0.253986,0.000000,-14.600310,-19.245600,0,2,24.906040,0.112789,0,0
5.640034,0.833531,276.982200,371.249500,0,0,0,0,0,0,0.000000,0.000000,0.000000,0.000000,0.477052,0.000000,0.000000,0.000000,0.000000,0.949750,-0.313009,-0.000020,0.967208,-0.253986,0.000000,-14.698410,-19.340480,0,2,24.963670,0.112789,0,0
5.650034,0.837105,276.834200,371.451300,0,0,0,0,0,0,0.000000,0.000000,0.000000,0.000000,0.477052,0.000000,0.000000,0.000000,0.000000,0.949750,-0.313009,-0.000020,0.967208,-0.253986,0.000000,-14.796510,-19.435370,0,2,25.021560,0.112789,0,0
5.660035,0.840680,276.685300,371.653000,0,0,0,0,0,0,0.000000,0.000000,0.000000,0.000000,0.477052,0.000000,0.000000,0.000000,0.000000,0.949750,-0.313009,-0.000020,0.967208,-0.253986,0.000000,-14.894610,-19.530250,0,2,25.079690,0.112789,0,0
5.670035,0.844255,276.535300,371.854800,0,0,0,0,0,0,0.000000,0.000000,0.000000,0.000000,0.477052,0.000000,0.000000,0.000000,0.000000,0.949750,-0.313009,-0.000020,0.967208,-0.253986,0.000000,-14.992710,-19.625130,0,2,25.138080,0.112789,0,0
5.680035,0.847830,276.384400,372.056500,0,0,0,0,0,0,0.000000,0.000000,0.000000,0.000000,0.477052,0.000000,0.000000,0.000000,0.000000,0.949750,-0.313009,-0.000020,0.967208,-0.253986,0.000000,-15.090810,-19.720020,0,2,25.196710,0.112789,0,0
5.690035,0.851405,276.232500,372.258300,0,0,0,0,0,0,0.000000,0.000000,0.000000,0.000000,0.477052,0.000000,0.000000,0.000000,0.000000,0.949750,-0.313009,-0.000020,0.967208,-0.253986,0.000000,-15.188910,-19.814900,0,2,25.255590,0.112789,0,0
5.700036,0.854980,276.079700,372.460100,0,0,0,0,0,0,0.000000,0.000000,0.000000,0.000000,0.477052,0.000000,0.000000,0.000000,0.000000,0.949750,-0.313009,-0.000020,0.967208,-0.253986,0.000000,-15.287010,-19.909780,0,2,25.314700,0.112789,0,0
5.710036,0.858555,275.925800,372.661800,0,0,0,0,0,0,0.000000,0.000000,0.000000,0.000000,0.477052,0.000000,0.000000,0.000000,0.000000,0.949750,-0.313009,-0.000020,0.967208,-0.253986,0.000000,-15.385110,-20.004660,0,2,25.374070,0.112789,0,0
5.720036,0.862129,275.771000,372.863600,0,0,0,0,0,0,0.000000,0.000000,0.000000,0.000000,0.477052,0.000000,0.000000,0.000000,0.000000,0.949750,-0.313009,-0.000020,0.967208,-0.253986,0.000000,-15.483210,-20.099550,0,2,25.433670,0.112789,0,0
5.730036,0.865704,275.615200,373.065300,0,0,0,0,0,0,0.000000,0.000000,0.000000,0.000000,0.477052,0.000000,0.000000,0.000000,0.000000,0.949750,-0.313009,-0.000020,0.967208,-0.253986,0.000000,-15.581310,-20.194430,0,2,25.493510,0.112789,0,0
5.740036,0.869279,275.458400,373.267100,0,0,0,0,0,0,0.000000,0.000000,0.000000,0.000000,0.477052,0.000000,0.000000,0.000000,0.000000,0.949750,-0.313009,-0.000020,0.967208,-0.253986,0.000000,-15.679410,-20.289310,0,2,25.553580,0.112789,0,0
5.750037,0.872854,275.300600,373.468800,0,0,0,0,0,0,0.000000,0.000000,0.000000,0.000000,0.477052,0.000000,0.000000,0.000000,0.000000,0.949750,-0.313009,-0.000020,0.967208,-0.253986,0.000000,-15.777510,-20.384200,0,2,25.613890,0.112789,0,0
5.760037,0.876429,275.141800,373.670600,0,0,0,0,0,0,0.000000,0.000000,0.000000,0.000000,0.477052,0.000000,0.000000,0.000000,0.000000,0.949750,-0.313009,-0.000020,0.967208,-0.253986,0.000000,-15.875610,-20.479080,0,2,25.674430,0.112789,0,0
5.770037,0.880004,274.982100,373.872300,0,0,0,0,0,0,0.000000,0.000000,0.000000,0.000000,0.477052,0.000000,0.000000,0.000000,0.000000,0.949750,-0.313009,-0.000020,0.967208,-0.253986,0.000000,-15.973710,-20.573960,0,2,25.735210,0.112789,0,0
5.780037,0.883578,274.821400,374.074100,0,0,0,0,0,0,0.000000,0.000000,0.000000,0.000000,0.477052,0.000000,0.000000,0.000000,0.000000,0.949750,-0.313009,-0.000020,0.967208,-0.253986,0.000000,-16.071810,-20.668840,0,2,25.796210,0.112789,0,0
5.790038,0.887153,274.659700,374.275800,0,0,0,0,0,0,0.000000,0.000000,0.000000,0.000000,0.477052,0.000000,0.000000,0.000000,0.000000,0.949750,-0.313009,-0.000020,0.967208,-0.253986,0.000000,-16.169910,-20.763730,0,2,25.857450,0.112790,0,0
5.800038,0.890728,274.497000,374.477600,0,0,0,0,0,0,0.000000,0.000000,0.000000,0.000000,0.477052,0.000000,0.000000,0.000000,0.000000,0.949750,-0.313009,-0.000020,0.967208,-0.253986,0.000000,-16.268010,-20.858610,0,2,25.918910,0.112790,0,0
5.810038,0.894303,274.333300,374.679300,0,0,0,0,0,0,0.000000,0.000000,0.000000,0.000000,0.477052,0.000000,0.000000,0.000000,0.000000,0.949750,-0.313009,-0.000020,0.967208,-0.253986,0.000000,-16.366110,-20.953500,0,2,25.980590,0.112790,0,0
5.820038,0.897878,274.168700,374.881100,0,0,0,0,0,0,0.000000,0.000000,0.000000,0.000000,0.477052,0.000000,0.000000,0.000000,0.000000,0.949750,-0.313009,-0.000020,0.967208,-0.253986,0.000000,-16.464210,-21.048380,0,2,26.042500,0.112790,0,0
5.830039,0.901453,274.003100,375.082800,0,0,0,0,0,0,0.000000,0.000000,0.000000,0.000000,0.477052,0.000000,0.000000,0.000000,0.000000,0.949750,-0.313009,-0.000020,0.967208,-0.253986,0.000000,-16.562310,-21.143260,0,2,26.104630,0.112790,0,0
5.840039,0.905028,273.836500,375.284600,0,0,0,0,0,0,0.000000,0.000000,0.000000,0.000000,0.477052,0.000000,0.000000,0.000000,0.000000,0.949750,-0.313009,-0.000020,0.967208,-0.253986,0.000000,-16.660410,-21.238150,0,2,26.166980,0.112790,0,0
5.850039,0.908602,273.668900,375.486300,0,0,0,0,0,0,0.000000,0.000000,0.000000,0.000000,0.477052,0.000000,0.000000,0.000000,0.000000,0.949750,-0.313009,-0.000020,0.967208,-0.253986,0.000000,-16.758510,-21.333030,0,2,26.229550,0.112790,0,0
5.860039,0.912177,273.500300,375.688100,0,0,0,0,0,0,0.000000,0.000000,0.000000,0.000000,0.477052,0.000000,0.000000,0.000000,0.000000,0.949750,-0.313009,-0.000020,0.967208,-0.253986,0.000000,-16.856610,-21.427910,0,2,26.292340,0.112790,0,0
5.870039,0.915752,273.330800,375.889800,0,0,0,0,0,0,0.000000,0.000000,0.000000,0.000000,0.477052,0.000000,0.000000,0.000000,0.000000,0.949750,-0.313009,-0.000020,0.967208,-0.253986,0.000000,-16.954710,-21.522800,0,2,26.355340,0.112790,0,0
5.880040,0.919327,273.160200,376.091600,0,0,0,0,0,0,0.000000,0.000000,0.000000,0.000000,0.477052,0.000000,0.000000,0.000000,0.000000,0.949750,-0.313009,-0.000020,0.967208,-0.253986,0.000000,-17.052810,-21.617680,0,2,26.418560,0.112790,0,0
5.890040,0.922902,272.988700,376.293300,0,0,0,0,0,0,0.000000,0.000000,0.000000,0.000000,0.477052,0.000000,0.000000,0.000000,0.000000,0.949750,-0.313009,-0.000020,0.967208,-0.253986,0.000000,-17.150920,-21.712560,0,2,26.481990,0.112790,0,0
5.900040,0.926477,272.816300,376.495100,0,0,0,0,0,0,0.000000,0.000000,0.000000,0.000000,0.477052,0.000000,0.000000,0.000000,0.000000,0.949750,-0.313009,-0.000020,0.967208,-0.253986,0.000000,-17.249020,-21.807450,0,2,26.545620,0.112790,0,0
5.910040,0.930051,272.642800,376.696800,0,0,0,0,0,0,0.000000,0.000000,0.000000,0.000000,0.477052,0.000000,0.000000,0.000000,0.000000,0.949750,-0.313009,-0.000020,0.967208,-0.253986,0.000000,-17.347120,-21.902330,0,2,26.609470,0.112790,0,0
5.920041,0.933626,272.468400,376.898600,0,0,0,0,0,0,0.000000,0.000000,0.000000,0.000000,0.477052,0.000000,0.000000,0.000000,0.000000,0.949750,-0.313009,-0.000020,0.967208,-0.253986,0.000000,-17.445220,-21.997220,0,2,26.673530,0.112790,0,0
5.930041,0.937201,272.292900,377.100300,0,0,0,0,0,0,0.000000,0.000000,0.000000,0.000000,0.477052,0.000000,0.000000,0.000000,0.000000,0.949750,-0.313009,-0.000020,0.967208,-0.253986,0.000000,-17.543320,-22.092100,0,2,26.737790,0.112790,0,0
5.940041,0.940776,272.116500,377.302100,0,0,0,0,0,0,0.000000,0.000000,0.000000,0.000000,0.477052,0.000000,0.000000,0.000000,0.000000,0.949750,-0.313009,-0.000020,0.967208,-0.253986,0.000000,-17.641420,-22.186980,0,2,26.802260,0.112790,0,0
5.950041,0.944351,271.939100,377.503800,0,0,0,0,0,0,0.000000,0.000000,0.000000,0.000000,0.477052,0.000000,0.000000,0.000000,0.000000,0.949750,-0.313009,-0.000020,0.967208,-0.253986,0.000000,-17.739520,-22.281870,0,2,26.866930,0.112790,0,0
5.960042,0.947926,271.760700,377.705600,0,0,0,0,0,0,0.000000,0.000000,0.000000,0.000000,0.477052,0.000000,0.000000,0.000000,0.000000,0.949750,-0.313009,-0.000020,0.967208,-0.253986,0.000000,-17.837620,-22.376750,0,2,26.931810,0.112790,0,0
5.970042,0.951501,271.581400,377.907300,0,0,0,0,0,0,0.000000,0.000000,0.000000,0.000000,0.477052,0.000000,0.000000,0.000000,0.000000,0.949750,-0.313009,-0.000020,0.967208,-0.253986,0.000000,-17.935720,-22.471630,0,2,26.996880,0.112790,0,0
5.980042,0.955075,271.401000,378.109100,0,0,0,0,0,0,0.000000,0.000000,0.000000,0.000000,0.477052,0.000000,0.000000,0.000000,0.000000,0.949750,-0.313009,-0.000020,0.967208,-0.253986,0.000000,-18.033820,-22.566520,0,2,27.062160,0.112790,0,0
5.990042,0.958650,271.219700,378.310900,0,0,0,0,0,0,0.000000,0.000000,0.000000,0.000000,0.477052,0.000000,0.000000,0.000000,0.000000,0.949750,-0.313009,-0.000020,0.967208,-0.253986,0.000000,-18.131920,-22.661400,0,2,27.127630,0.112790,0,0
6.000042,0.962225,271.037400,378.512600,0,0,0,0,0,0,0.000000,0.000000,0.000000,0.000000,0.477052,0.000000,0.000000,0.000000,0.000000,0.949750,-0.313009,-0.000020,0.967208,-0.253986,0.000000,-18.230020,-22.756280,0,2,27.193300,0.106905,0,0
6.010043,0.965800,270.854100,378.714400,0,0,0,0,0,0,0.000000,0.000000,0.000000,0.000000,0.477052,0.000000,0.000000,0.000000,0.000000,0.949750,-0.313009,-0.000020,0.967208,-0.253986,0.000000,-18.328120,-22.851170,0,2,27.259160,0.101372,0,0
6.020043,0.969375,270.669900,378.916100,0,0,0,0,0,0,0.000000,0.000000,0.000000,0.000000,0.477052,0.000000,0.000000,0.000000,0.000000,0.949750,-0.313009,-0.000020,0.967208,-0.253986,0.000000,-18.426220,-22.946050,0,2,27.325210,0.096171,0,0
6.030043,0.972950,270.484600,379.117900,0,0,0,0,0,0,0.000000,0.000000,0.000000,0.000000,0.477052,0.000000,0.000000,0.000000,0.000000,0.949750,-0.313009,-0.000020,0.967208,-0.253986,0.000000,-18.524320,-23.040940,0,2,27.391460,0.091285,0,0
6.040043,0.976525,270.298400,379.319600,0,0,0,0,0,0,0.000000,0.000000,0.000000,0.000000,0.477052,0.000000,0.000000,0.000000,0.000000,0.949750,-0.313009,-0.000020,0.967208,-0.253986,0.000000,-18.622430,-23.135820,0,2,27.457900,0.086695,0,0
6.050044,0.980099,270.111200,379.521400,0,0,0,0,0,0,0.000000,0.000000,0.000000,0.000000,0.477052,0.000000,0.000000,0.000000,0.000000,0.949750,-0.313009,-0.000020,0.967208,-0.253986,0.000000,-18.720530,-23.230700,0,2,27.524530,0.082385,0,0
6.060044,0.983674,269.923000,379.723100,0,0,0,0,0,0,0.000000,0.000000,0.000000,0.000000,0.477052,0.000000,0.000000,0.000000,0.000000,0.949750,-0.313009,-0.000020,0.967208,-0.253986,0.000000,-18.818630,-23.325590,0,2,27.591340,0.078341,0,0
6.070044,0.987249,269.733900,379.924900,0,0,0,0,0,0,0.000000,0.000000,0.000000,0.000000,0.477052,0.000000,0.000000,0.000000,0.000000,0.949750,-0.313009,-0.000020,0.967208,-0.253986,0.000000,-18.916730,-23.420470,0,2,27.658350,0.074545,0,0
6.080044,0.990824,269.543700,380.126600,0,0,0,0,0,0,0.000000,0.000000,0.000000,0.000000,0.477052,0.000000,0.000000,0.000000,0.000000,0.949750,-0.313009,-0.000020,0.967208,-0.253986,0.000000,-19.014830,-23.515360,0,2,27.725530,0.070912,0,0
6.090044,0.994399,269.352600,380.328400,0,0,0,0,0,0,0.000000,0.000000,0.000000,0.000000,0.477052,0.000000,0.000000,0.000000,0.000000,0.949750,-0.313009,-0.000020,0.967208,-0.253986,0.000000,-19.112930,-23.610240,0,2,27.792910,0.067505,0,0
6.100045,0.997974,269.160500,380.530100,1,1,1,1,2,2,0.927559,0.939881,0.927582,0.925351,0.926467,0.006661,0.966312,0.257288,0.006709,0.973005,0.230686,0.006709,0.973005,0.230686,0.000000,-4.772712,0.000000,1,3,20.681390,13.310750,0,0
6.110045,1.002014,269.111800,380.731200,1,1,1,1,2,2,0.926818,0.924332,0.926785,0.924238,0.925511,0.006709,0.973010,0.230664,0.006709,0.973005,0.230686,0.006709,0.973005,0.230686,0.000000,-4.867791,-0.095452,1,3,20.691010,1.602270,0,0
6.120045,1.006263,269.062200,380.932100,1,1,1,1,2,2,0.924935,0.922082,0.924955,0.922090,0.923523,0.006523,0.972948,0.230934,0.006523,0.972965,0.230862,0.006693,0.973002,0.230701,0.000000,-4.962793,-0.190547,1,3,20.700890,2.082499,0,0
6.130045,1.010765,269.011600,381.132900,1,1,1,1,2,2,0.922360,0.919361,0.922209,0.919228,0.920719,0.006522,0.973012,0.230664,0.006523,0.972965,0.230862,0.006679,0.972998,0.230715,0.000000,-5.057715,-0.285627,1,3,20.711030,2.544197,0,0
6.140046,1.015568,268.960100,381.333500,1,1,1,1,2,2,0.918593,0.915327,0.918654,0.915357,0.917006,0.006339,0.972920,0.231054,0.006338,0.972924,0.231038,0.006649,0.972992,0.230743,0.000000,-5.152549,-0.380374,1,3,20.721420,3.007521,0,0
6.150046,1.020719,268.907600,381.534000,1,1,1,1,2,2,0.914019,0.910632,0.914148,0.910518,0.912333,0.006339,0.972949,0.230934,0.006338,0.972924,0.231038,0.006623,0.972986,0.230768,0.000000,-5.247284,-0.475130,1,3,20.732030,3.487542,0,0
6.160046,1.026270,268.854200,381.734400,1,1,1,1,2,2,0.908867,0.904709,0.908696,0.904792,0.906744,0.006152,0.972900,0.231146,0.006152,0.972884,0.231214,0.006582,0.972977,0.230807,0.000000,-5.341907,-0.569576,1,3,20.742820,3.994155,0,0
6.170046,1.032275,268.799900,381.934600,1,1,1,1,2,2,0.902418,0.898107,0.902343,0.898041,0.900192,0.006151,0.972906,0.231118,0.006152,0.972884,0.231214,0.006545,0.972969,0.230842,0.000000,-5.436400,-0.664048,1,3,20.753770,4.533431,0,0
6.180047,1.038791,268.744600,382.134600,1,1,1,1,2,2,0.895022,0.890451,0.895028,0.890326,0.892677,0.006153,0.972900,0.231146,0.006152,0.972884,0.231214,0.006511,0.972962,0.230874,2.826456,-5.530745,-0.758542,1,3,20.764800,5.107675,0,0
6.190047,1.045882,268.688600,382.334600,1,1,1,1,2,2,0.887234,0.881902,0.887060,0.881942,0.884501,0.006151,0.972871,0.231267,0.006152,0.972884,0.231214,0.006480,0.972955,0.230903,5.954126,-5.597418,-0.824786,1,3,20.774750,5.716517,0,0
6.200047,1.053613,268.632300,382.534500,1,1,1,1,2,2,0.878939,0.873130,0.878780,0.873143,0.875961,0.006152,0.972906,0.231118,0.006152,0.972884,0.231214,0.006452,0.972949,0.230930,8.366008,-5.633478,-0.859777,1,3,20.783160,6.357252,0,0
6.210047,1.062053,268.575800,382.734400,1,1,1,1,2,2,0.870395,0.864235,0.870385,0.864224,0.867305,0.006152,0.972842,0.231387,0.006152,0.972884,0.231214,0.006426,0.972943,0.230954,10.196770,-5.645876,-0.870681,1,3,20.790120,7.025620,0,0
6.220047,1.071273,268.519400,382.934300,1,1,1,1,2,2,0.862267,0.855373,0.862105,0.855355,0.858730,0.006153,0.972871,0.231267,0.006152,0.972884,0.231214,0.006402,0.972938,0.230977,11.556070,-5.640248,-0.863317,1,3,20.795790,7.716439,0,0
6.230048,1.081343,268.463200,383.134300,1,1,1,1,2,2,0.853939,0.846689,0.854007,0.846715,0.850361,0.006152,0.972871,0.231267,0.006152,0.972884,0.231214,0.006381,0.972934,0.230997,12.539560,-5.621161,-0.842403,1,3,20.800330,8.423899,0,0
6.240048,1.092337,268.407300,383.334400,1,1,1,1,2,2,0.846427,0.838177,0.846258,0.838328,0.842293,0.006153,0.972893,0.231175,0.006152,0.972884,0.231214,0.006361,0.972929,0.231016,13.224240,-5.592246,-0.811701,1,3,20.803890,9.141939,0,0
6.250048,1.104325,268.351700,383.534600,1,1,1,1,2,2,0.838880,0.830186,0.838866,0.830270,0.834568,0.006154,0.972871,0.231267,0.006152,0.972884,0.231214,0.006343,0.972925,0.231033,13.677180,-5.556383,-0.774199,1,3,20.806590,9.864581,0,0
6.260048,1.117381,268.296600,383.734800,1,1,1,1,2,2,0.831929,0.822711,0.831951,0.822655,0.827303,0.006151,0.972856,0.231330,0.006152,0.972884,0.231214,0.006327,0.972922,0.231049,13.935220,-5.515798,-0.732216,1,3,20.808500,10.586140,0,0
6.270049,1.131575,268.241900,383.935100,1,1,1,1,2,2,0.825609,0.815582,0.825479,0.815492,0.820485,0.006152,0.972900,0.231146,0.006152,0.972884,0.231214,0.006312,0.972919,0.231063,14.049460,-5.472360,-0.687698,1,3,20.809700,11.301320,0,0
6.280049,1.146976,268.187600,384.135400,1,1,1,1,2,2,0.819330,0.808646,0.819430,0.808715,0.814073,0.006153,0.972906,0.231118,0.006152,0.972884,0.231214,0.006298,0.972916,0.231076,14.063360,-5.427437,-0.642084,1,3,20.810230,12.005350,0,0
6.290049,1.163652,268.133800,384.335700,1,1,1,1,2,2,0.813908,0.802312,0.813870,0.802380,0.808125,0.006151,0.972871,0.231267,0.006152,0.972884,0.231214,0.006285,0.972913,0.231088,13.991180,-5.381978,-0.596376,1,3,20.810100,12.694100,0,0
6.300049,1.181668,268.080400,384.536000,1,1,1,1,2,2,0.806675,0.796500,0.806757,0.796508,0.801633,0.006150,0.972470,0.232946,0.006149,0.972517,0.232752,0.006274,0.972879,0.231231,13.965340,-5.336791,-0.548611,1,3,20.809350,13.364090,0,0
6.310050,1.201088,268.027500,384.736300,1,1,1,1,2,2,0.802729,0.789493,0.802724,0.789489,0.796107,0.006146,0.972117,0.234417,0.006147,0.972148,0.234288,0.006263,0.972816,0.231494,13.708380,-5.291400,-0.498570,1,3,20.807960,14.012240,0,0
6.320050,1.221971,267.975000,384.936600,1,1,1,1,2,2,0.799014,0.784962,0.799144,0.785119,0.792132,0.006148,0.972161,0.234235,0.006147,0.972148,0.234288,0.006253,0.972758,0.231735,13.249090,-5.248028,-0.451601,1,3,20.806010,14.636020,0,0
6.330050,1.244375,267.922900,385.136700,1,1,1,1,2,2,0.795954,0.781077,0.795968,0.781083,0.788526,0.006147,0.972110,0.234446,0.006147,0.972148,0.234288,0.006244,0.972706,0.231954,12.849720,-5.208618,-0.409683,1,3,20.803520,15.233920,0,0
6.340050,1.268352,267.871200,385.336800,1,1,1,1,2,2,0.793150,0.777300,0.793108,0.777388,0.785248,0.006148,0.972146,0.234296,0.006147,0.972148,0.234288,0.006235,0.972658,0.232155,12.501580,-5.172566,-0.372179,1,3,20.800480,15.790580,0,0
6.350050,1.293950,267.819800,385.536700,1,1,1,1,2,2,0.791838,0.773992,0.791843,0.775031,0.783437,0.006144,0.971740,0.235974,0.006142,0.971402,0.237360,0.006227,0.972551,0.232602,11.846040,-5.139365,-0.332957,1,3,20.796900,16.290360,0,0
6.360051,1.321208,267.768600,385.736400,1,1,1,1,2,2,0.776331,0.772495,0.790000,0.772511,0.781255,-0.005927,0.968532,0.248817,0.005966,0.971363,0.237527,0.006205,0.972450,0.233026,11.434440,-5.111997,-0.300827,1,3,20.792880,16.730600,0,0
6.370051,1.350162,267.717800,385.935800,1,1,1,1,2,2,0.788647,0.770153,0.788620,0.770184,0.779402,0.005967,0.971339,0.237622,0.005966,0.971363,0.237527,0.006184,0.972357,0.233412,11.087310,-5.088086,-0.273633,1,3,20.788420,17.110790,0,0
6.380051,1.380839,267.667100,386.135000,1,1,1,1,2,2,0.787251,0.767975,0.787374,0.767972,0.777673,0.005964,0.971317,0.237713,0.005966,0.971363,0.237527,0.006166,0.972272,0.233767,10.821810,-5.067008,-0.250596,1,3,20.783530,17.431040,0,0
6.390051,1.413262,267.616600,386.334000,1,1,1,1,2,2,0.786249,0.765827,0.786260,0.765755,0.776008,0.005788,0.971311,0.237742,0.005789,0.971323,0.237694,0.006133,0.972190,0.234105,10.621160,-5.047981,-0.230615,1,3,20.778240,17.691920,0,0
6.400052,1.447448,267.566300,386.532600,1,1,1,1,2,2,0.785290,0.763927,0.785262,0.763894,0.774578,0.005790,0.971318,0.237713,0.005789,0.971323,0.237694,0.006104,0.972115,0.234413,10.444030,-5.030386,-0.213263,1,3,20.772620,17.894660,0,0
6.410052,1.483405,267.516200,386.730900,1,1,1,1,2,2,0.784275,0.762136,0.784433,0.762099,0.773266,0.005612,0.971260,0.237953,0.005613,0.971283,0.237860,0.006061,0.972044,0.234710,10.297980,-5.014015,-0.198004,1,3,20.766690,18.041090,0,0
6.420052,1.521141,267.466200,386.928800,1,1,1,1,2,2,0.783657,0.760438,0.783633,0.760378,0.772005,0.005612,0.971275,0.237892,0.005613,0.971283,0.237860,0.006023,0.971978,0.234981,10.192770,-4.998587,-0.184746,1,3,20.760520,18.133300,0,0
6.430052,1.560654,267.416400,387.126400,1,1,1,1,2,2,0.782967,0.758725,0.782888,0.758739,0.770813,0.005613,0.971283,0.237863,0.005613,0.971283,0.237860,0.005987,0.971919,0.235229,10.113960,-4.983733,-0.173034,1,3,20.754140,18.173860,0,0
6.440053,1.601941,267.366700,387.323600,1,1,1,1,2,2,0.782244,0.757288,0.782240,0.757257,0.769748,0.005438,0.971254,0.237983,0.005436,0.971243,0.238027,0.005940,0.971860,0.235470,10.037320,-4.969227,-0.162323,1,3,20.747620,18.165470,0,0
6.450053,1.644991,267.317100,387.520300,1,1,1,1,2,2,0.781654,0.755650,0.781555,0.755760,0.768657,0.005437,0.971195,0.238223,0.005436,0.971243,0.238027,0.005897,0.971807,0.235690,9.995405,-4.955079,-0.152811,1,3,20.741010,18.110700,0,0
6.460053,1.689790,267.267700,387.716600,1,1,1,1,2,2,0.780986,0.754224,0.780962,0.754345,0.767653,0.005436,0.971225,0.238103,0.005436,0.971243,0.238027,0.005857,0.971759,0.235891,9.958200,-4.940987,-0.144114,1,3,20.734340,18.012700,0,0
6.470053,1.736323,267.218500,387.912500,1,1,1,1,2,2,0.780437,0.753019,0.780402,0.752985,0.766694,0.005437,0.971254,0.237983,0.005436,0.971243,0.238027,0.005821,0.971714,0.236075,9.931350,-4.926942,-0.136147,1,3,20.727660,17.874250,0,0
6.480053,1.784566,267.169300,388.108000,1,1,1,1,2,2,0.779733,0.751767,0.779847,0.751629,0.765738,0.005438,0.971188,0.238252,0.005436,0.971243,0.238027,0.005788,0.971674,0.236243,9.918712,-4.912883,-0.128776,1,3,20.721020,17.698390,0,0
6.490054,1.834496,267.120400,388.302900,1,1,1,1,2,2,0.779385,0.750411,0.779372,0.750384,0.764878,0.005436,0.971254,0.237983,0.005436,0.971243,0.238027,0.005757,0.971637,0.236396,9.899415,-4.898710,-0.121830,1,3,20.714460,17.487930,0,0
6.500054,1.886086,267.071500,388.497500,1,1,1,1,2,2,0.778840,0.749151,0.778879,0.749113,0.763996,0.005436,0.971247,0.238012,0.005436,0.971243,0.238027,0.005730,0.971603,0.236537,9.895775,-4.884530,-0.115348,1,3,20.708020,17.245610,0,0
6.510054,1.939306,267.022800,388.691500,1,1,1,1,2,2,0.778476,0.748005,0.778413,0.747906,0.763159,0.005437,0.971269,0.237924,0.005436,0.971243,0.238027,0.005704,0.971572,0.236665,9.891191,-4.870228,-0.109149,1,3,20.701720,16.974200,0,0
6.520054,1.994122,266.974200,388.885100,1,1,1,1,2,2,0.778045,0.746864,0.777979,0.746813,0.762396,0.005433,0.971269,0.237924,0.005436,0.971243,0.238027,0.005681,0.971544,0.236782,9.880152,-4.855855,-0.103221,1,3,20.695610,16.676310,0,0
6.530055,2.050502,266.925800,389.078200,1,1,1,1,2,2,0.777591,0.745732,0.777590,0.745735,0.761662,0.005436,0.971247,0.238012,0.005436,0.971243,0.238027,0.005660,0.971518,0.236889,9.871612,-4.841511,-0.097609,1,3,20.689710,16.354410,0,0
6.540055,2.108407,266.877600,389.270800,1,1,1,1,2,2,0.777283,0.744661,0.777183,0.744631,0.760907,0.005437,0.971225,0.238103,0.005436,0.971243,0.238027,0.005641,0.971494,0.236987,9.873864,-4.827211,-0.092267,1,3,20.684050,16.010850,0,0
6.550055,2.167802,266.829400,389.462900,1,1,1,1,2,2,0.776865,0.743635,0.776860,0.743637,0.760249,0.005436,0.971261,0.237953,0.005436,0.971243,0.238027,0.005623,0.971473,0.237077,9.862220,-4.812888,-0.087074,1,3,20.678660,15.648020,0,0
6.560055,2.228646,266.781500,389.654600,1,1,1,1,2,2,0.775152,0.740844,0.775204,0.740965,0.758084,0.005433,0.970553,0.240827,0.005432,0.970577,0.240729,0.005607,0.971396,0.237391,10.009690,-4.798712,-0.077420,1,3,20.673560,15.268090,0,0
6.570055,2.290900,266.733600,389.845800,1,1,1,1,2,2,0.775408,0.740591,0.775442,0.740591,0.758016,0.005432,0.970561,0.240796,0.005432,0.970577,0.240729,0.005592,0.971325,0.237678,9.756970,-4.783164,-0.066847,1,3,20.668780,14.872180,0,0
6.580056,2.354520,266.685900,390.036500,1,1,1,1,2,2,0.775605,0.740250,0.775690,0.740235,0.757963,0.005432,0.970568,0.240768,0.005432,0.970577,0.240729,0.005578,0.971261,0.237941,9.577497,-4.770165,-0.059308,1,3,20.664350,14.463160,0,0
6.590056,2.419467,266.638400,390.226800,1,1,1,1,2,2,0.775894,0.739888,0.775997,0.739947,0.757972,0.005432,0.970553,0.240827,0.005432,0.970577,0.240729,0.005565,0.971202,0.238181,9.443185,-4.759037,-0.054024,1,3,20.660290,14.042800,0,0
6.600056,2.485696,266.590900,390.416600,1,1,1,1,2,2,0.777102,0.739639,0.777129,0.739639,0.758384,0.005431,0.970203,0.242233,0.005430,0.970241,0.242079,0.005554,0.971120,0.238516,9.221600,-4.749371,-0.048160,1,3,20.656610,13.612830,0,0
6.610056,2.553164,266.543500,390.606000,1,1,1,1,2,2,0.777825,0.740265,0.777854,0.740296,0.759075,0.005429,0.969858,0.243609,0.005428,0.969904,0.243429,0.005543,0.971016,0.238938,8.961679,-4.742038,-0.042779,1,3,20.653320,13.174430,0,0
6.620057,2.621828,266.496100,390.794900,1,1,1,1,2,2,0.778505,0.740428,0.778560,0.740463,0.759511,0.005431,0.969858,0.243609,0.005428,0.969904,0.243429,0.005533,0.970922,0.239323,8.831416,-4.737433,-0.040749,1,3,20.650450,12.729190,0,0
6.630057,2.691644,266.448800,390.983300,1,1,1,1,2,2,0.779149,0.740532,0.779130,0.740551,0.759841,0.005429,0.969874,0.243549,0.005428,0.969904,0.243429,0.005524,0.970834,0.239677,8.768897,-4.734323,-0.040654,1,3,20.647990,12.279040,0,0
6.640057,2.762568,266.401400,391.171400,1,1,1,1,2,2,0.779585,0.740546,0.779630,0.740544,0.760087,0.005430,0.969858,0.243609,0.005428,0.969904,0.243429,0.005516,0.970754,0.240000,8.752319,-4.732073,-0.041794,1,3,20.645960,11.825150,0,0
6.650057,2.834557,266.354100,391.359000,1,1,1,1,2,2,0.779942,0.740556,0.780003,0.740537,0.760270,0.005430,0.969866,0.243579,0.005428,0.969904,0.243429,0.005508,0.970681,0.240295,8.765163,-4.730262,-0.043655,1,3,20.644350,11.368980,0,0
6.660058,2.907567,266.306900,391.546200,1,1,1,1,2,2,0.780326,0.740467,0.780344,0.740429,0.760387,0.005428,0.969866,0.243579,0.005428,0.969904,0.243429,0.005502,0.970614,0.240565,8.799466,-4.728623,-0.045892,1,3,20.643170,10.911600,0,0
6.670058,2.981555,266.259600,391.733000,1,1,1,1,2,2,0.780561,0.740254,0.780599,0.740248,0.760423,0.005430,0.969851,0.243639,0.005428,0.969904,0.243429,0.005495,0.970553,0.240811,8.851104,-4.726968,-0.048248,1,3,20.642400,10.454150,0,0
6.680058,3.056479,266.212300,391.919500,1,1,1,1,2,2,0.780765,0.740047,0.780765,0.740045,0.760405,0.005429,0.969858,0.243609,0.005428,0.969904,0.243429,0.005490,0.970497,0.241036,8.910337,-4.725145,-0.050506,1,3,20.642070,9.997649,0,0
6.690058,3.132295,266.165100,392.105600,1,1,1,1,2,2,0.780799,0.739747,0.780821,0.739771,0.760296,0.005430,0.969858,0.243609,0.005428,0.969904,0.243429,0.005484,0.970446,0.241242,8.980675,-4.723096,-0.052553,1,3,20.642150,9.542954,0,0
6.700058,3.208962,266.117900,392.291300,1,1,1,1,2,2,0.780869,0.739422,0.780836,0.739453,0.760144,0.005429,0.969866,0.243579,0.005428,0.969904,0.243429,0.005479,0.970399,0.241431,9.049810,-4.720726,-0.054245,1,3,20.642660,9.091102,0,0
6.710059,3.286438,266.070700,392.476700,1,1,1,1,2,2,0.780770,0.739066,0.780821,0.739079,0.759950,0.005427,0.969858,0.243609,0.005428,0.969904,0.243429,0.005475,0.970357,0.241603,9.117316,-4.718060,-0.055564,1,3,20.643580,8.642912,0,0
6.720059,3.364684,266.023600,392.661900,1,1,1,1,2,2,0.780681,0.738682,0.780669,0.738716,0.759693,0.005429,0.969858,0.243609,0.005428,0.969904,0.243429,0.005471,0.970318,0.241760,9.186538,-4.715121,-0.056496,1,3,20.644910,8.199233,0,0
6.730059,3.443659,265.976400,392.846700,1,1,1,1,2,2,0.780532,0.738228,0.780551,0.738287,0.759419,0.005431,0.969851,0.243639,0.005428,0.969904,0.243429,0.005467,0.970282,0.241903,9.248063,-4.711901,-0.057000,1,3,20.646640,7.760685,0,0
6.740059,3.523323,265.929400,393.031300,1,1,1,1,2,2,0.780354,0.737907,0.780373,0.737858,0.759116,0.005429,0.969866,0.243579,0.005428,0.969904,0.243429,0.005464,0.970249,0.242035,9.305596,-4.708482,-0.057130,1,3,20.648770,7.328054,0,0
6.750060,3.603637,265.882300,393.215700,1,1,1,1,2,2,0.780221,0.737409,0.780079,0.737432,0.758756,0.005309,0.969859,0.243609,0.005310,0.969876,0.243540,0.005451,0.970217,0.242164,9.361736,-4.704906,-0.056797,1,3,20.651300,6.901790,0,0
6.760060,3.684566,265.835300,393.399800,1,1,1,1,2,2,0.780014,0.736980,0.779883,0.736999,0.758441,0.005309,0.969859,0.243609,0.005310,0.969876,0.243540,0.005439,0.970188,0.242283,9.400920,-4.701188,-0.056113,1,3,20.654210,6.482585,0,0
6.770060,3.766070,265.788300,393.583700,1,1,1,1,2,2,0.779640,0.736588,0.779684,0.736537,0.758110,0.005312,0.969837,0.243699,0.005310,0.969876,0.243540,0.005428,0.970161,0.242391,9.438116,-4.697495,-0.055228,1,3,20.657500,6.070979,0,0
6.780060,3.848114,265.741400,393.767400,1,1,1,1,2,2,0.779540,0.736091,0.779444,0.736123,0.757783,0.005308,0.969859,0.243609,0.005310,0.969876,0.243540,0.005417,0.970136,0.242490,9.469732,-4.693845,-0.054147,1,3,20.661160,5.667661,0,0
6.790061,3.930664,265.694500,393.951000,1,1,1,1,2,2,0.779194,0.735665,0.779168,0.735682,0.757425,0.005195,0.969845,0.243669,0.005191,0.969849,0.243652,0.005398,0.970112,0.242590,9.500403,-4.690292,-0.052805,1,3,20.665180,5.272857,0,0
6.800061,4.013683,265.647600,394.134400,1,1,1,1,2,2,0.778915,0.735144,0.778939,0.735159,0.757049,0.005074,0.969762,0.243998,0.005073,0.969822,0.243763,0.005370,0.970087,0.242691,9.528001,-4.686841,-0.051209,1,3,20.669550,4.887053,0,0
6.810061,4.097140,265.600800,394.317700,1,1,1,1,2,2,0.778785,0.734708,0.778643,0.734756,0.756699,0.005075,0.969785,0.243909,0.005073,0.969822,0.243763,0.005344,0.970064,0.242783,9.547626,-4.683518,-0.049487,1,3,20.674260,4.510540,0,0
6.820061,4.181002,265.554000,394.500800,1,1,1,1,2,2,0.777073,0.734360,0.777037,0.734364,0.755701,0.005070,0.969514,0.244985,0.005072,0.969557,0.244813,0.005321,0.970020,0.242958,9.638453,-4.680395,-0.045946,1,3,20.679310,4.143917,0,0
6.830061,4.265237,265.507200,394.683800,1,1,1,1,2,2,0.777222,0.672965,0.777219,0.732732,0.754975,0.005008,0.957411,0.288686,0.005070,0.969292,0.245862,0.005299,0.969958,0.243208,9.620093,-4.676775,-0.040015,1,3,20.684680,3.787147,0,0
6.840062,4.349815,265.460500,394.866800,1,1,1,1,2,2,0.777329,0.732771,0.777396,0.732828,0.755112,0.004952,0.969280,0.245912,0.004952,0.969264,0.245974,0.005269,0.969898,0.243446,9.458744,-4.673709,-0.034568,1,3,20.690380,3.440249,0,0
6.850062,4.434707,265.413800,395.049700,1,1,1,1,2,2,0.777565,0.732856,0.777563,0.732909,0.755236,0.004947,0.969249,0.246031,0.004952,0.969264,0.245974,0.005242,0.969843,0.243663,9.349464,-4.672577,-0.031111,1,3,20.696390,3.104017,0,0
6.860062,4.519884,265.367000,395.232500,1,1,1,1,2,2,0.777609,0.732945,0.777637,0.733024,0.755330,0.004954,0.969295,0.245852,0.004952,0.969264,0.245974,0.005217,0.969793,0.243862,9.281488,-4.672862,-0.029090,1,3,20.702690,2.781917,0,0
6.870062,4.605319,265.320300,395.415300,1,1,1,1,2,2,0.778445,0.733393,0.778435,0.733202,0.755818,0.004595,0.968993,0.247048,0.004594,0.968999,0.247023,0.005163,0.969725,0.244134,9.129828,-4.674141,-0.026566,1,3,20.709270,2.478194,0,0
6.880063,4.691000,265.273500,395.598000,1,1,1,1,2,2,0.778859,0.733859,0.778867,0.733903,0.756385,0.004594,0.968694,0.248214,0.004593,0.968731,0.248072,0.005114,0.969639,0.244473,8.968276,-4.677042,-0.024215,1,3,20.716000,2.341292,0,0
6.890063,4.776944,265.226700,395.780600,1,1,1,1,2,2,0.779285,0.734236,0.779240,0.734261,0.756751,0.004590,0.968710,0.248153,0.004593,0.968731,0.248072,0.005069,0.969561,0.244783,8.896434,-4.681283,-0.024007,1,3,20.722620,2.536299,0,0
6.900063,4.863165,265.179800,395.963200,1,1,1,1,2,2,0.779564,0.734462,0.779499,0.734505,0.757002,0.004592,0.968710,0.248153,0.004593,0.968731,0.248072,0.005028,0.969490,0.245066,8.875286,-4.686050,-0.024996,1,3,20.729210,2.684582,0,0
6.910063,4.949674,265.132900,396.145800,1,1,1,1,2,2,0.779909,0.734902,0.779907,0.734782,0.757344,0.004237,0.968742,0.248034,0.004236,0.968732,0.248072,0.004960,0.969425,0.245325,8.860656,-4.690875,-0.026902,1,3,20.735780,2.812174,0,0
6.920063,5.036479,265.085900,396.328200,1,1,1,1,2,2,0.780015,0.734860,0.779999,0.734911,0.757455,0.004238,0.968696,0.248214,0.004236,0.968732,0.248072,0.004898,0.969365,0.245561,8.900908,-4.695718,-0.029332,1,3,20.742350,2.918460,0,0
6.930064,5.123589,265.038900,396.510600,1,1,1,1,2,2,0.780056,0.734828,0.780069,0.734811,0.757440,0.003881,0.968713,0.248153,0.003880,0.968734,0.248072,0.004810,0.969311,0.245777,8.969061,-4.700083,-0.031972,1,3,20.748960,2.995462,0,0
6.940064,5.211007,264.991900,396.692800,1,1,1,1,2,2,0.780194,0.734844,0.780050,0.734852,0.757451,0.003878,0.968744,0.248034,0.003880,0.968734,0.248072,0.004730,0.969261,0.245975,9.022902,-4.703734,-0.034223,1,3,20.755620,3.042768,0,0
6.950064,5.298735,264.944900,396.875000,1,1,1,1,2,2,0.779968,0.734758,0.779968,0.734819,0.757394,0.003879,0.968744,0.248034,0.003880,0.968734,0.248072,0.004657,0.969216,0.246155,9.082259,-4.706846,-0.036203,1,3,20.762370,3.060594,0,0
6.960064,5.386773,264.897800,397.057200,1,1,1,1,2,2,0.779846,0.734792,0.779849,0.734737,0.757293,0.003874,0.968737,0.248062,0.003880,0.968734,0.248072,0.004590,0.969174,0.246320,9.140640,-4.709401,-0.037834,1,3,20.769220,3.049504,0,0
6.970065,5.475116,264.850600,397.239200,1,1,1,1,2,2,0.779424,0.734655,0.779456,0.734638,0.757047,0.003522,0.968745,0.248034,0.003524,0.968735,0.248073,0.004498,0.969136,0.246471,9.223171,-4.711442,-0.039374,1,3,20.776220,3.009998,0,0
6.980065,5.563759,264.803500,397.421200,1,1,1,1,2,2,0.779189,0.734519,0.779190,0.734534,0.756862,0.003526,0.968714,0.248154,0.003524,0.968735,0.248073,0.004415,0.969102,0.246609,9.278502,-4.712767,-0.040270,1,3,20.783350,2.942741,0,0
6.990065,5.652695,264.756400,397.603100,1,1,1,1,2,2,0.778878,0.734370,0.778894,0.734353,0.756624,0.003526,0.968714,0.248154,0.003524,0.968735,0.248073,0.004338,0.969070,0.246735,9.333809,-4.713673,-0.040778,1,3,20.790650,2.849006,0,0
7.000065,5.741913,264.709200,397.784900,1,1,1,1,2,2,0.778554,0.734193,0.778569,0.734216,0.756393,0.003524,0.968707,0.248184,0.003524,0.968735,0.248073,0.004268,0.969041,0.246850,9.377736,-4.714188,-0.040883,1,3,20.798120,2.729988,0,0
7.010066,5.831400,264.662100,397.966800,1,1,1,1,2,2,0.778213,0.733922,0.778188,0.734020,0.756104,0.003521,0.968729,0.248095,0.003524,0.968735,0.248073,0.004204,0.969015,0.246955,9.424474,-4.714452,-0.040687,1,3,20.805770,2.587211,0,0
7.020066,5.921142,264.614900,398.148600,1,1,1,1,2,2,0.777843,0.733909,0.777863,0.733865,0.755864,0.003521,0.968760,0.247976,0.003524,0.968735,0.248073,0.004145,0.968991,0.247052,9.453975,-4.714463,-0.040149,1,3,20.813590,2.422212,0,0
7.030066,6.011123,264.567800,398.330300,1,1,1,1,2,2,0.777473,0.733857,0.777508,0.733717,0.755613,0.003524,0.968745,0.248034,0.003524,0.968735,0.248073,0.004092,0.968969,0.247139,9.481009,-4.714412,-0.039430,1,3,20.821590,2.236270,0,0
7.040066,6.101326,264.520600,398.512100,1,1,1,1,2,2,0.777142,0.733514,0.777120,0.733521,0.755321,0.003523,0.968730,0.248093,0.003524,0.968735,0.248073,0.004043,0.968949,0.247220,9.511239,-4.714343,-0.038544,1,3,20.829770,2.031321,0,0
7.050066,6.191729,264.473500,398.693800,1,1,1,1,2,2,0.776633,0.733424,0.776732,0.733366,0.755049,0.003526,0.968745,0.248034,0.003524,0.968735,0.248073,0.003998,0.968930,0.247293,9.532647,-4.714244,-0.037452,1,3,20.838120,1.808915,0,0
7.060067,6.282313,264.426300,398.875500,1,1,1,1,2,2,0.776335,0.733200,0.776333,0.733230,0.754781,0.003527,0.968722,0.248123,0.003524,0.968735,0.248073,0.003957,0.968914,0.247360,9.550224,-4.714217,-0.036233,1,3,20.846620,1.570777,0,0
7.070067,6.373055,264.379200,399.057300,1,1,1,1,2,2,0.775936,0.733148,0.775934,0.733045,0.754489,0.003520,0.968775,0.247915,0.003524,0.968735,0.248073,0.003920,0.968898,0.247422,9.569738,-4.714313,-0.034917,1,3,20.855260,1.318631,0,0
7.080067,6.463931,264.332000,399.239100,1,1,1,1,2,2,0.775567,0.732883,0.775561,0.732915,0.754238,0.003526,0.968707,0.248184,0.003524,0.968735,0.248073,0.003886,0.968884,0.247478,9.578862,-4.714524,-0.033478,1,3,20.864040,1.054134,0,0
7.090067,6.554917,264.284900,399.420900,1,1,1,1,2,2,0.775239,0.732765,0.775187,0.732797,0.753992,0.003524,0.968714,0.248154,0.003524,0.968735,0.248073,0.003855,0.968871,0.247529,9.586378,-4.714962,-0.032014,1,3,20.872930,0.778959,0,0
7.100068,6.645988,264.237700,399.602800,1,1,1,1,2,2,0.773982,0.732770,0.774017,0.732716,0.753367,0.003522,0.968523,0.248900,0.003523,0.968541,0.248831,0.003826,0.968843,0.247641,9.630136,-4.715647,-0.029270,1,3,20.881920,0.494733,0,0
7.110068,6.737117,264.190600,399.784800,1,1,1,1,2,2,0.773951,0.731828,0.773953,0.731846,0.752899,0.003522,0.968315,0.249708,0.003523,0.968346,0.249589,0.003800,0.968800,0.247809,9.606701,-4.716236,-0.024985,1,3,20.891000,0.202717,0,0
7.120068,6.828278,264.143400,399.966900,1,1,1,1,2,2,0.773876,0.732065,0.773907,0.732081,0.752994,0.003523,0.968307,0.249738,0.003523,0.968346,0.249589,0.003776,0.968761,0.247962,9.494403,-4.717382,-0.021190,1,3,20.900150,-0.095414,0,0
7.130068,6.919443,264.096200,400.149000,1,1,1,1,2,2,0.773713,0.732282,0.773802,0.732305,0.753054,0.003526,0.968346,0.249588,0.003523,0.968346,0.249589,0.003754,0.968725,0.248102,9.422358,-4.719949,-0.018752,1,3,20.909360,-0.398159,0,0
7.140069,7.010584,264.049000,400.331300,1,1,1,1,2,2,0.773638,0.732453,0.773727,0.732499,0.753113,0.003522,0.968384,0.249438,0.003523,0.968346,0.249589,0.003735,0.968693,0.248230,9.373736,-4.723545,-0.017247,1,3,20.918600,-0.703922,0,0
7.150069,7.101675,264.001700,400.513700,1,1,1,1,2,2,0.774338,0.732689,0.774304,0.732712,0.753508,0.003520,0.968130,0.250423,0.003522,0.968150,0.250347,0.003716,0.968646,0.248412,9.249819,-4.727940,-0.015154,1,3,20.927860,-1.011609,0,0
7.160069,7.192686,263.954300,400.696200,1,1,1,1,2,2,0.774515,0.733609,0.774493,0.733624,0.754059,0.003524,0.967921,0.251230,0.003521,0.967954,0.251104,0.003699,0.968586,0.248644,9.104182,-4.733861,-0.013316,1,3,20.937130,-1.320194,0,0
7.170069,7.283589,263.906900,400.878800,1,1,1,1,2,2,0.774521,0.734050,0.774596,0.734053,0.754324,0.003523,0.967905,0.251292,0.003521,0.967954,0.251104,0.003684,0.968532,0.248856,9.055455,-4.741515,-0.013300,1,3,20.946390,-1.628514,0,0
7.180069,7.374356,263.859400,401.061600,1,1,1,1,2,2,0.774680,0.734482,0.774714,0.734496,0.754605,0.003525,0.967905,0.251292,0.003521,0.967954,0.251104,0.003670,0.968482,0.249049,9.024605,-4.749954,-0.014106,1,3,20.955630,-1.935188,0,0
7.190070,7.464960,263.811900,401.244600,1,1,1,1,2,2,0.774710,0.734807,0.774736,0.734865,0.754800,0.003521,0.967905,0.251292,0.003521,0.967954,0.251104,0.003657,0.968437,0.249226,9.024422,-4.758998,-0.015525,1,3,20.964830,-2.239359,0,0
7.200070,7.555371,263.764200,401.427800,1,1,1,1,2,2,0.774766,0.735187,0.774714,0.735190,0.754952,0.003520,0.967921,0.251230,0.003521,0.967954,0.251104,0.003646,0.968395,0.249388,9.039245,-4.768342,-0.017225,1,3,20.973970,-2.540019,0,0
7.210070,7.645564,263.716400,401.611100,1,1,1,1,2,2,0.774637,0.735397,0.774640,0.735474,0.755057,0.003523,0.967905,0.251292,0.003521,0.967954,0.251104,0.003635,0.968357,0.249535,9.065074,-4.777830,-0.019031,1,3,20.983040,-2.836540,0,0
7.220070,7.735510,263.668500,401.794600,1,1,1,1,2,2,0.774501,0.735688,0.774530,0.735692,0.755111,0.003522,0.967921,0.251230,0.003521,0.967954,0.251104,0.003625,0.968322,0.249670,9.099602,-4.787345,-0.020812,1,3,20.992030,-3.128022,0,0
7.230071,7.825183,263.620500,401.978400,1,1,1,1,2,2,0.774357,0.735867,0.774363,0.735888,0.755126,0.003525,0.967913,0.251261,0.003521,0.967954,0.251104,0.003616,0.968291,0.249794,9.137831,-4.796793,-0.022460,1,3,21.000930,-3.414028,0,0
7.240071,7.914557,263.572500,402.162300,1,1,1,1,2,2,0.774206,0.736100,0.774171,0.736080,0.755126,0.003522,0.967929,0.251199,0.003521,0.967954,0.251104,0.003608,0.968262,0.249907,9.174042,-4.806125,-0.023920,1,3,21.009720,-3.693755,0,0
7.250071,8.003605,263.524300,402.346500,1,1,1,1,2,2,0.773913,0.736192,0.773935,0.736217,0.755076,0.003529,0.967913,0.251261,0.003521,0.967954,0.251104,0.003600,0.968235,0.250010,9.214638,-4.815350,-0.025196,1,3,21.018400,-3.966820,0,0
7.260071,8.092302,263.476100,402.531000,1,1,1,1,2,2,0.773606,0.736296,0.773695,0.736331,0.755013,0.003525,0.967905,0.251292,0.003521,0.967954,0.251104,0.003594,0.968211,0.250104,9.251537,-4.824412,-0.026228,1,3,21.026960,-4.232624,0,0
7.270072,8.180625,263.427700,402.715700,1,1,1,1,2,2,0.773336,0.736383,0.773455,0.736390,0.754922,0.003592,0.967913,0.251261,0.003595,0.967971,0.251035,0.003594,0.968190,0.250184,9.289479,-4.833335,-0.027102,1,3,21.035390,-4.490853,0,0
7.280072,8.268548,263.379300,402.900600,1,1,1,1,2,2,0.772997,0.736443,0.773126,0.736468,0.754797,0.003598,0.967913,0.251261,0.003595,0.967971,0.251035,0.003594,0.968171,0.250257,9.327509,-4.842096,-0.027729,1,3,21.043690,-4.741194,0,0
7.290072,8.356049,263.330800,403.085800,1,1,1,1,2,2,0.772826,0.736516,0.772780,0.736564,0.754672,0.003600,0.967952,0.251111,0.003595,0.967971,0.251035,0.003594,0.968154,0.250324,9.359011,-4.850681,-0.028095,1,3,21.051860,-4.983233,0,0
7.300072,8.443104,263.282200,403.271400,1,1,1,1,2,2,0.772493,0.736573,0.772433,0.736605,0.754519,0.003596,0.967952,0.251111,0.003595,0.967971,0.251035,0.003594,0.968138,0.250385,9.390464,-4.859139,-0.028256,1,3,21.059880,-5.216865,0,0
7.310072,8.529692,263.233600,403.457200,1,1,1,1,2,2,0.772065,0.736677,0.772068,0.736656,0.754362,0.003596,0.967944,0.251141,0.003595,0.967971,0.251035,0.003594,0.968124,0.250441,9.417245,-4.867459,-0.028204,1,3,21.067770,-5.441891,0,0
7.320073,8.615791,263.184800,403.643200,1,1,1,1,2,2,0.763750,0.736817,0.771683,0.736719,0.754201,0.028675,0.973402,0.227304,0.003743,0.968007,0.250896,0.003607,0.968114,0.250480,9.443585,-4.875675,-0.028104,1,3,21.075510,-5.660224,0,0
7.330073,8.701381,263.136000,403.829600,1,1,1,1,2,2,0.771152,0.736793,0.771266,0.736723,0.753995,0.003748,0.967966,0.251053,0.003743,0.968007,0.250896,0.003619,0.968105,0.250516,9.473454,-4.883779,-0.027815,1,3,21.083110,-5.872752,0,0
7.340073,8.786441,263.087000,404.016300,1,1,1,1,2,2,0.770894,0.736653,0.770875,0.736772,0.753823,0.003743,0.967974,0.251022,0.003743,0.968007,0.250896,0.003629,0.968096,0.250549,9.491229,-4.891728,-0.027297,1,3,21.090570,-6.079854,0,0
7.350073,8.870951,263.038000,404.203300,1,1,1,1,2,2,0.770320,0.736809,0.770461,0.736754,0.753608,0.003739,0.967974,0.251022,0.003743,0.968007,0.250896,0.003639,0.968089,0.250579,9.514190,-4.899631,-0.026663,1,3,21.097880,-6.281774,0,0
7.360074,8.954890,262.989000,404.390600,1,1,1,1,2,2,0.770067,0.736841,0.770033,0.736784,0.753408,0.003744,0.968005,0.250903,0.003743,0.968007,0.250896,0.003648,0.968082,0.250606,9.529825,-4.907426,-0.025858,1,3,21.105040,-6.478786,0,0
7.370074,9.038240,262.939800,404.578300,1,1,1,1,2,2,0.769233,0.731748,0.769247,0.736798,0.753023,0.019929,0.971539,0.236039,0.003816,0.967937,0.251165,0.003663,0.968069,0.250654,9.563517,-4.915177,-0.024433,1,3,21.112060,-6.670914,0,0
7.380074,9.120983,262.890600,404.766200,1,1,1,1,2,2,0.768969,0.736503,0.768969,0.736446,0.752708,0.003814,0.967850,0.251498,0.003816,0.967849,0.251502,0.003676,0.968050,0.250727,9.563679,-4.922701,-0.022180,1,3,21.118930,-6.858350,0,0
7.390074,9.203098,262.841200,404.954500,1,1,1,1,2,2,0.768684,0.736607,0.768695,0.736623,0.752659,0.003814,0.967850,0.251499,0.003816,0.967849,0.251502,0.003688,0.968033,0.250794,9.519217,-4.930314,-0.020058,1,3,21.125670,-7.041162,0,0
7.400074,9.284569,262.791900,405.143200,1,1,1,1,2,2,0.768432,0.736787,0.768433,0.736777,0.752605,0.003819,0.967842,0.251529,0.003816,0.967849,0.251502,0.003699,0.968017,0.250855,9.489936,-4.938440,-0.018502,1,3,21.132270,-7.219435,0,0
7.410075,9.365376,262.742400,405.332100,1,1,1,1,2,2,0.768258,0.737003,0.768181,0.736950,0.752566,0.003814,0.967827,0.251587,0.003816,0.967849,0.251502,0.003709,0.968003,0.250911,9.468068,-4.946924,-0.017351,1,3,21.138730,-7.393150,0,0
7.420075,9.445504,262.692800,405.521400,1,1,1,1,2,2,0.768150,0.737127,0.768189,0.737112,0.752650,0.003815,0.967741,0.251918,0.003816,0.967761,0.251840,0.003718,0.967982,0.250991,9.417172,-4.955685,-0.015934,1,3,21.145050,-7.562183,0,0
7.430075,9.524935,262.643200,405.711100,1,1,1,1,2,2,0.768103,0.737634,0.768041,0.737606,0.752823,0.003814,0.967664,0.252213,0.003815,0.967674,0.252177,0.003727,0.967955,0.251093,9.351929,-4.964996,-0.014579,1,3,21.151240,-7.726768,0,0
7.440075,9.603651,262.593400,405.901000,1,1,1,1,2,2,0.767898,0.737983,0.767875,0.737908,0.752891,0.003817,0.967672,0.252182,0.003815,0.967674,0.252177,0.003734,0.967931,0.251186,9.326357,-4.974989,-0.014056,1,3,21.157300,-7.886723,0,0
7.450076,9.681637,262.543600,406.091300,1,1,1,1,2,2,0.767706,0.738357,0.767712,0.738353,0.753033,0.003210,0.967666,0.252214,0.003210,0.967676,0.252178,0.003689,0.967909,0.251271,9.308235,-4.985272,-0.014358,1,3,21.163230,-8.042015,0,0
7.460076,9.758876,262.493600,406.282000,1,1,1,1,2,2,0.767514,0.738531,0.767520,0.738513,0.753017,0.003210,0.967666,0.252214,0.003210,0.967676,0.252178,0.003648,0.967889,0.251349,9.325797,-4.995768,-0.014952,1,3,21.169040,-8.192924,0,0
7.470076,9.835354,262.443600,406.473000,1,1,1,1,2,2,0.767327,0.738691,0.767295,0.738687,0.752991,0.003210,0.967658,0.252245,0.003210,0.967676,0.252178,0.003610,0.967871,0.251421,9.343218,-5.006123,-0.015471,1,3,21.174720,-8.339024,0,0
7.480076,9.911055,262.393400,406.664400,1,1,1,1,2,2,0.767071,0.738821,0.767070,0.738828,0.752949,0.003210,0.967666,0.252214,0.003210,0.967676,0.252178,0.003576,0.967854,0.251486,9.361553,-5.016329,-0.015910,1,3,21.180280,-8.480046,0,0
7.490077,9.985964,262.343100,406.856000,1,1,1,1,2,2,0.766820,0.738755,0.766819,0.738770,0.752794,0.002606,0.967668,0.252214,0.002605,0.967677,0.252178,0.003492,0.967839,0.251546,9.407516,-5.026370,-0.016641,1,3,21.185720,-8.616170,0,0
7.500077,10.060070,262.292800,407.048100,1,1,1,1,2,2,0.766736,0.738799,0.766714,0.738795,0.752755,0.002002,0.967669,0.252214,0.001999,0.967679,0.252179,0.003364,0.967825,0.251600,9.432018,-5.035975,-0.017340,1,3,21.191030,-8.747584,0,0
7.510077,10.133350,262.242300,407.240500,1,1,1,1,2,2,0.766379,0.738805,0.766386,0.738821,0.752604,0.002002,0.967708,0.252064,0.001999,0.967679,0.252179,0.003246,0.967812,0.251650,9.470462,-5.045347,-0.017795,1,3,21.196240,-8.874275,0,0
7.520077,10.205800,262.191800,407.433200,1,1,1,1,2,2,0.766036,0.738873,0.765999,0.738865,0.752432,0.002002,0.967669,0.252214,0.001999,0.967679,0.252179,0.003139,0.967801,0.251695,9.502994,-5.054344,-0.017867,1,3,21.201320,-8.995632,0,0
7.530077,10.277410,262.141200,407.626300,1,1,1,1,2,2,0.765679,0.738960,0.765657,0.738899,0.752278,0.002002,0.967677,0.252183,0.001999,0.967679,0.252179,0.003041,0.967790,0.251737,9.524449,-5.063015,-0.017616,1,3,21.206300,-9.111520,0,0
7.540078,10.348150,262.090500,407.819700,1,1,1,1,2,2,0.765111,0.738947,0.765104,0.738947,0.752025,0.001398,0.967670,0.252215,0.001394,0.967680,0.252179,0.002899,0.967781,0.251775,9.567472,-5.071458,-0.017523,1,3,21.211170,-9.221999,0,0
7.550078,10.418030,262.039700,408.013500,1,1,1,1,2,2,0.764698,0.739006,0.764690,0.739013,0.751852,0.001398,0.967670,0.252215,0.001394,0.967680,0.252179,0.002770,0.967772,0.251810,9.584742,-5.079463,-0.016967,1,3,21.215940,-9.327415,0,0
7.560078,10.487030,261.988800,408.207600,1,1,1,1,2,2,0.764284,0.739059,0.764262,0.739076,0.751669,0.001398,0.967678,0.252184,0.001394,0.967680,0.252179,0.002651,0.967764,0.251842,9.598611,-5.087272,-0.016210,1,3,21.220610,-9.427246,0,0
7.570078,10.555130,261.937900,408.402100,1,1,1,1,2,2,0.763886,0.739168,0.763871,0.739153,0.751512,0.001398,0.967670,0.252215,0.001394,0.967680,0.252179,0.002543,0.967757,0.251871,9.603734,-5.094909,-0.015290,1,3,21.225190,-9.521408,0,0
7.580079,10.622330,261.886800,408.596900,1,1,1,1,2,2,0.763472,0.739257,0.763465,0.739238,0.751351,0.001398,0.967670,0.252215,0.001394,0.967680,0.252179,0.002444,0.967750,0.251897,9.607784,-5.102452,-0.014296,1,3,21.229680,-9.609908,0,0
7.590079,10.688620,261.835800,408.792000,1,1,1,1,2,2,0.763103,0.739368,0.763085,0.739353,0.751219,0.001394,0.967678,0.252184,0.001394,0.967680,0.252179,0.002354,0.967744,0.251921,9.605312,-5.109904,-0.013243,1,3,21.234090,-9.692728,0,0
7.600079,10.753990,261.784600,408.987500,1,1,1,1,2,2,0.762719,0.739479,0.762730,0.739485,0.751108,0.001394,0.967670,0.252215,0.001394,0.967680,0.252179,0.002271,0.967739,0.251944,9.599064,-5.117322,-0.012198,1,3,21.238410,-9.769831,0,0
7.610079,10.818420,261.733300,409.183300,1,1,1,1,2,2,0.762429,0.739626,0.762339,0.739589,0.750964,0.001398,0.967670,0.252215,0.001394,0.967680,0.252179,0.002196,0.967733,0.251964,9.600023,-5.124737,-0.011201,1,3,21.242660,-9.841170,0,0
7.620080,10.881920,261.682000,409.379500,1,1,1,1,2,2,0.762054,0.739759,0.762011,0.739774,0.750892,0.001398,0.967678,0.252184,0.001394,0.967680,0.252179,0.002127,0.967729,0.251982,9.587392,-5.132071,-0.010182,1,3,21.246850,-9.906839,0,0
7.630080,10.944470,261.630600,409.576000,1,1,1,1,2,2,0.761462,0.720922,0.761483,0.739728,0.750606,0.001391,0.964099,0.265539,0.001394,0.967618,0.252417,0.002063,0.967719,0.252020,9.605555,-5.139452,-0.008849,1,3,21.250970,-9.966783,0,0
7.640080,11.006070,261.579200,409.772800,1,1,1,1,2,2,0.761203,0.739936,0.761207,0.739968,0.750587,0.001391,0.967584,0.252546,0.001394,0.967618,0.252417,0.002006,0.967710,0.252054,9.571569,-5.146575,-0.007361,1,3,21.255030,-10.021060,0,0
7.650080,11.066720,261.527600,409.969900,1,1,1,1,2,2,0.760915,0.740142,0.760963,0.740208,0.750585,0.001399,0.967592,0.252515,0.001394,0.967618,0.252417,0.001953,0.967702,0.252085,9.543732,-5.153942,-0.006237,1,3,21.259040,-10.069660,0,0
7.660080,11.126390,261.476000,410.167400,1,1,1,1,2,2,0.760643,0.740393,0.760697,0.740429,0.750563,0.001398,0.967600,0.252484,0.001394,0.967618,0.252417,0.001905,0.967695,0.252114,9.527112,-5.161486,-0.005415,1,3,21.263010,-10.112540,0,0
7.670081,11.185100,261.424300,410.365100,1,1,1,1,2,2,0.760369,0.740614,0.760420,0.740665,0.750543,0.001399,0.967592,0.252515,0.001394,0.967618,0.252417,0.001861,0.967689,0.252140,9.514863,-5.169094,-0.004781,1,3,21.266930,-10.149780,0,0
7.680081,11.242830,261.372600,410.563200,1,1,1,1,2,2,0.760251,0.740956,0.760252,0.740989,0.750620,0.001399,0.967514,0.252815,0.001394,0.967556,0.252655,0.001821,0.967677,0.252184,9.477646,-5.176719,-0.003855,1,3,21.270810,-10.181460,0,0
7.690081,11.299580,261.320700,410.761600,1,1,1,1,2,2,0.760603,0.741191,0.760477,0.741273,0.750875,0.001820,0.967637,0.252339,0.001824,0.967660,0.252252,0.001821,0.967676,0.252190,9.432458,-5.184601,-0.003882,1,3,21.274670,-10.207540,0,0
7.700081,11.355350,261.268800,410.960200,1,1,1,1,2,2,0.760034,0.741524,0.760132,0.741531,0.750832,0.001825,0.967590,0.252520,0.001824,0.967660,0.252252,0.001821,0.967674,0.252195,9.452467,-5.192807,-0.004370,1,3,21.278500,-10.227760,0,0
7.710082,11.410140,261.216800,411.159200,1,1,1,1,2,2,0.759900,0.741797,0.759780,0.741820,0.750800,0.001824,0.967645,0.252308,0.001824,0.967660,0.252252,0.001821,0.967673,0.252200,9.465610,-5.200702,-0.004668,1,3,21.282300,-10.242560,0,0
7.720082,11.463930,261.164700,411.358500,1,1,1,1,2,2,0.759383,0.742476,0.759421,0.742513,0.750967,0.002253,0.967715,0.252038,0.002254,0.967764,0.251849,0.001859,0.967681,0.252170,9.453351,-5.208351,-0.005380,1,3,21.286090,-10.251960,0,0
7.730082,11.516740,261.112500,411.558000,1,1,1,1,2,2,0.759017,0.742791,0.759058,0.742656,0.750857,0.002257,0.967746,0.251919,0.002254,0.967764,0.251849,0.001893,0.967688,0.252142,9.493354,-5.215992,-0.006183,1,3,21.289860,-10.255700,0,0
7.740082,11.568550,261.060300,411.757800,1,1,1,1,2,2,0.746482,0.742926,0.758503,0.742777,0.750640,0.024000,0.972603,0.231228,0.002684,0.967868,0.251447,0.001961,0.967703,0.252082,9.555592,-5.223118,-0.007103,1,3,21.293620,-10.254310,0,0
7.750082,11.619380,261.008000,411.957900,1,1,1,1,2,2,0.758173,0.742898,0.758008,0.742942,0.750475,0.002686,0.967846,0.251531,0.002684,0.967868,0.251447,0.002023,0.967718,0.252028,9.591066,-5.229507,-0.007328,1,3,21.297370,-10.247410,0,0
7.760083,11.669210,260.955600,412.158300,1,1,1,1,2,2,0.757435,0.743047,0.757569,0.743085,0.750327,0.002682,0.967846,0.251531,0.002684,0.967868,0.251447,0.002080,0.967731,0.251978,9.613012,-5.235417,-0.007134,1,3,21.301120,-10.235520,0,0
7.770083,11.718050,260.903200,412.359000,1,1,1,1,2,2,0.757051,0.736687,0.757118,0.743046,0.750082,0.014984,0.970712,0.239779,0.003114,0.967971,0.251044,0.002169,0.967751,0.251897,9.659436,-5.240980,-0.007222,1,3,21.304880,-10.218790,0,0
7.780083,11.765890,260.850700,412.559900,1,1,1,1,2,2,0.756815,0.742990,0.756668,0.743105,0.749886,0.003116,0.967976,0.251023,0.003114,0.967971,0.251044,0.002250,0.967770,0.251824,9.682951,-5.245952,-0.006747,1,3,21.308630,-10.196850,0,0
7.790083,11.812750,260.798200,412.761000,1,1,1,1,2,2,0.756120,0.743113,0.756228,0.743172,0.749700,0.003115,0.967953,0.251111,0.003114,0.967971,0.251044,0.002324,0.967787,0.251757,9.696671,-5.250556,-0.005946,1,3,21.312400,-10.170230,0,0
7.800084,11.858620,260.745700,412.962500,1,1,1,1,2,2,0.755781,0.743209,0.755855,0.743245,0.749550,0.003111,0.967953,0.251111,0.003114,0.967971,0.251044,0.002392,0.967803,0.251695,9.698213,-5.254889,-0.004924,1,3,21.316170,-10.139000,0,0
7.810084,11.903510,260.693100,413.164200,1,1,1,1,2,2,0.755372,0.743406,0.755471,0.743360,0.749415,0.003116,0.967976,0.251023,0.003114,0.967971,0.251044,0.002454,0.967818,0.251639,9.694777,-5.259067,-0.003810,1,3,21.319970,-10.103290,0,0
7.820084,11.947410,260.640400,413.366100,1,1,1,1,2,2,0.755228,0.743589,0.755110,0.743482,0.749296,0.003115,0.967992,0.250961,0.003114,0.967971,0.251044,0.002511,0.967831,0.251588,9.687697,-5.263139,-0.002659,1,3,21.323790,-10.063180,0,0
7.830084,11.990330,260.587800,413.568300,1,1,1,1,2,2,0.754658,0.743492,0.754777,0.743574,0.749175,0.003116,0.967976,0.251023,0.003114,0.967971,0.251044,0.002563,0.967843,0.251541,9.680834,-5.267143,-0.001514,1,3,21.327630,-10.018830,0,0
7.840085,12.032270,260.535100,413.770700,1,1,1,1,2,2,0.754348,0.743639,0.754448,0.743755,0.749101,0.003116,0.967976,0.251023,0.003114,0.967971,0.251044,0.002610,0.967854,0.251498,9.665790,-5.271077,-0.000376,1,3,21.331510,-9.970260,0,0
7.850085,12.073250,260.482300,413.973300,1,1,1,1,2,2,0.754117,0.744026,0.754157,0.743921,0.749039,0.003115,0.967992,0.250961,0.003114,0.967971,0.251044,0.002654,0.967864,0.251459,9.651093,-5.275022,0.000667,1,3,21.335430,-9.917583,0,0
7.860085,12.113250,260.429500,414.176100,1,1,1,1,2,2,0.753828,0.743972,0.753872,0.744076,0.748974,0.003115,0.967953,0.251111,0.003114,0.967971,0.251044,0.002693,0.967873,0.251423,9.639161,-5.278975,0.001614,1,3,21.339380,-9.860956,0,0
7.870085,12.152300,260.376700,414.379200,1,1,1,1,2,2,0.753491,0.744171,0.753614,0.744298,0.748956,0.003116,0.967976,0.251023,0.003114,0.967971,0.251044,0.002729,0.967881,0.251391,9.620605,-5.282911,0.002490,1,3,21.343380,-9.800467,0,0
7.880085,12.190390,260.323800,414.582500,1,1,1,1,2,2,0.753878,0.745050,0.753791,0.744916,0.749353,0.003118,0.968140,0.250392,0.003114,0.968138,0.250399,0.002763,0.967904,0.251305,9.561098,-5.286896,0.002019,1,3,21.347420,-9.736277,0,0
7.890086,12.227520,260.270900,414.786000,1,1,1,1,2,2,0.753501,0.745017,0.753422,0.745012,0.749217,0.003114,0.968170,0.250273,0.003114,0.968138,0.250399,0.002793,0.967924,0.251227,9.608947,-5.291327,0.001094,1,3,21.351510,-9.668403,0,0
7.900086,12.263710,260.218000,414.989700,1,1,1,1,2,2,0.753094,0.745140,0.753023,0.745094,0.749058,0.003120,0.968108,0.250515,0.003114,0.968138,0.250399,0.002820,0.967942,0.251156,9.645535,-5.295166,0.000780,1,3,21.355650,-9.597057,0,0
7.910086,12.298970,260.165000,415.193600,1,1,1,1,2,2,0.752733,0.745222,0.752679,0.745175,0.748927,0.003119,0.968124,0.250454,0.003114,0.968138,0.250399,0.002846,0.967959,0.251091,9.665058,-5.298525,0.000950,1,3,21.359840,-9.522338,0,0
7.920086,12.333290,260.112000,415.397700,1,1,1,1,2,2,0.752423,0.745332,0.752336,0.745278,0.748807,0.003115,0.968116,0.250484,0.003114,0.968138,0.250399,0.002869,0.967974,0.251031,9.674933,-5.301571,0.001425,1,3,21.364090,-9.444416,0,0
7.930087,12.366680,260.058900,415.602000,1,1,1,1,2,2,0.751817,0.745139,0.751746,0.745104,0.748425,0.003119,0.968324,0.249677,0.003115,0.968305,0.249753,0.002890,0.968003,0.250921,9.757369,-5.304402,0.000888,1,3,21.368390,-9.363388,0,0
7.940087,12.399160,260.005900,415.806400,1,1,1,1,2,2,0.751292,0.745146,0.751314,0.745108,0.748211,0.003116,0.968293,0.249800,0.003115,0.968305,0.249753,0.002909,0.968029,0.250821,9.784143,-5.306314,0.001369,1,3,21.372760,-9.279334,0,0
7.950087,12.430730,259.952800,416.011100,1,1,1,1,2,2,0.750946,0.745190,0.750933,0.745149,0.748041,0.003115,0.968308,0.249738,0.003115,0.968305,0.249753,0.002927,0.968052,0.250729,9.791817,-5.307852,0.002296,1,3,21.377190,-9.192452,0,0
7.960087,12.461400,259.899700,416.215900,1,1,1,1,2,2,0.750620,0.745213,0.750560,0.745182,0.747871,0.003111,0.968324,0.249677,0.003115,0.968305,0.249753,0.002943,0.968074,0.250645,9.793461,-5.309201,0.003462,1,3,21.381680,-9.102859,0,0
7.970088,12.491180,259.846600,416.420900,1,1,1,1,2,2,0.750273,0.745243,0.750235,0.745252,0.747744,0.003116,0.968300,0.249769,0.003115,0.968305,0.249753,0.002958,0.968094,0.250568,9.783350,-5.310424,0.004792,1,3,21.386240,-9.010676,0,0
7.980088,12.520070,259.793500,416.626100,1,1,1,1,2,2,0.749544,0.744771,0.749458,0.744670,0.747064,0.001594,0.972235,0.234000,0.001558,0.972206,0.234123,0.002837,0.968459,0.249155,10.619530,-5.311638,-0.023619,1,3,21.390870,-8.916056,0,0
7.990088,12.548090,259.740400,416.831500,1,1,1,1,2,2,0.772215,0.744431,0.752295,0.744363,0.748329,0.001559,0.977636,0.210300,0.001558,0.974153,0.225884,0.002727,0.968971,0.247158,11.217860,-5.304625,-0.056459,1,3,21.395430,-8.819716,0,0
8.000088,12.575240,259.687500,417.037000,1,1,1,1,2,2,0.749646,0.745912,0.749653,0.745903,0.747778,0.001527,0.975940,0.218035,0.001558,0.975932,0.218068,0.002627,0.969604,0.244663,12.267630,-5.291673,-0.094231,1,3,21.399840,-8.720891,0,0
8.010088,12.601540,259.634800,417.242800,1,1,1,1,2,2,0.745877,0.742582,0.745806,0.742500,0.744153,0.001595,0.977034,0.213077,0.001558,0.977019,0.213149,0.002535,0.970283,0.241961,13.722420,-5.268389,-0.126057,1,3,21.404040,-8.619745,0,0
8.020088,12.627000,259.582500,417.448900,1,1,1,1,2,2,0.740885,0.738011,0.740921,0.738022,0.739471,0.001598,0.978037,0.208426,0.001559,0.978031,0.208455,0.002451,0.970995,0.239087,15.097890,-5.230833,-0.147092,1,3,21.407950,-8.516655,0,0
8.030088,12.651610,259.530700,417.655200,1,1,1,1,2,2,0.717373,0.714706,0.717564,0.714691,0.716127,0.000000,0.982144,0.188134,0.000000,0.982132,0.188192,0.002240,0.972058,0.234731,20.313110,-5.179761,-0.187204,1,3,21.411560,-8.411246,0,0
8.040089,12.675400,259.479900,417.861800,1,1,1,1,2,2,0.705107,0.702778,0.705121,0.702807,0.703964,0.000028,0.985586,0.169178,0.000000,0.985635,0.168892,0.002048,0.973400,0.229102,22.909440,-5.077793,-0.202957,1,3,21.414470,-8.305635,0,0
8.050089,12.698380,259.430500,418.068900,1,1,1,1,2,2,0.690781,0.688795,0.690839,0.688868,0.689853,0.000032,0.987114,0.160020,0.000000,0.987131,0.159915,0.001872,0.974774,0.223187,25.362870,-4.950266,-0.198956,1,3,21.416750,-8.197979,0,0
8.060089,12.720560,259.382500,418.276500,1,1,1,1,2,2,0.675851,0.674135,0.675755,0.674083,0.674919,-0.000036,0.988456,0.151512,0.000000,0.988473,0.151399,0.001711,0.976159,0.217050,27.471860,-4.798513,-0.175247,1,3,21.418510,-8.088879,0,0
8.070089,12.741940,259.336200,418.484500,1,1,1,1,2,2,0.660167,0.658920,0.660200,0.658827,0.659513,0.000000,0.989678,0.143309,0.000000,0.989672,0.143351,0.001564,0.977539,0.210749,29.227290,-4.625843,-0.133999,1,3,21.419920,-7.978508,0,0
8.080090,12.762540,259.291900,418.693100,1,1,1,1,2,2,0.644096,0.643054,0.644206,0.643148,0.643677,0.000123,0.991684,0.128701,0.000000,0.991685,0.128690,0.001430,0.979025,0.203735,31.009650,-4.435669,-0.090692,1,3,21.421210,-7.867262,0,0
8.090090,12.782370,259.249600,418.902100,1,1,1,1,2,2,0.628393,0.627561,0.628410,0.627577,0.627994,0.000072,0.992487,0.122348,0.000000,0.992519,0.122089,0.001307,0.980452,0.196755,32.299610,-4.227661,-0.028808,1,3,21.422400,-7.754747,0,0
8.100090,12.801440,259.209500,419.111700,1,1,1,1,2,2,0.613249,0.612612,0.613142,0.612506,0.612824,0.000000,0.993251,0.115989,0.000000,0.993252,0.115980,0.001194,0.981813,0.189847,33.134180,-4.006626,0.047564,1,3,21.423730,-7.641522,0,0
8.110090,12.819760,259.171800,419.321800,1,1,1,1,2,2,0.598749,0.598126,0.598658,0.598188,0.598423,0.000000,0.993876,0.110501,0.000000,0.993891,0.110368,0.001092,0.983103,0.183048,33.562010,-3.777032,0.134643,1,3,21.425400,-7.527759,0,0
8.120090,12.837340,259.136300,419.532400,1,1,1,1,2,2,0.584598,0.584181,0.584502,0.584199,0.584350,-0.000016,0.994928,0.100589,0.000000,0.994922,0.100649,0.000998,0.984390,0.175997,33.959700,-3.542888,0.220564,1,3,21.427530,-7.413655,0,0
8.130091,12.854190,259.103300,419.743500,1,1,1,1,2,2,0.572020,0.571853,0.571961,0.571794,0.571878,0.000004,0.995320,0.096632,0.000000,0.995328,0.096548,0.000912,0.985582,0.169197,33.833930,-3.304488,0.315864,1,3,21.430110,-7.299197,0,0
8.140091,12.870330,259.072600,419.955000,1,1,1,1,2,2,0.560693,0.560784,0.560785,0.560724,0.560755,-0.000004,0.995647,0.093205,0.000000,0.995670,0.092954,0.000834,0.986680,0.162668,33.349000,-3.067019,0.415780,1,3,21.433170,-7.184666,0,0
8.150091,12.885760,259.044300,420.166900,1,1,1,1,2,2,0.549026,0.549007,0.551056,0.550473,0.550764,0.000000,0.999990,0.004578,0.000000,0.996069,0.088586,0.000762,0.987706,0.156321,32.682380,-2.834063,0.514777,1,3,21.436660,-7.070145,0,0
8.160091,12.900490,259.018200,420.379200,1,1,1,1,2,2,0.542257,0.542394,0.542166,0.542318,0.542242,-0.000068,0.996343,0.085445,0.000000,0.996360,0.085241,0.000697,0.988651,0.150230,31.780400,-2.607450,0.612590,1,3,21.440480,-6.955711,0,0
8.170092,12.914550,258.994300,420.591900,1,1,1,1,2,2,0.535569,0.535828,0.535608,0.535836,0.535722,0.000024,0.996495,0.083655,0.000000,0.996491,0.083697,0.000637,0.989501,0.144526,30.534110,-2.389546,0.709714,1,3,21.444490,-6.841475,0,0
8.180092,12.927930,258.972400,420.804800,1,1,1,1,2,2,0.530739,0.530923,0.530727,0.531062,0.530894,0.000000,0.996610,0.082267,0.000000,0.996577,0.082667,0.000582,0.990261,0.139220,29.079780,-2.183803,0.802948,1,3,21.448500,-6.727473,0,0
8.190092,12.940650,258.952500,421.018100,1,1,1,1,2,2,0.475354,0.527232,0.526822,0.527248,0.527035,0.000064,0.991937,0.126731,0.000000,0.996620,0.082152,0.000532,0.990937,0.134324,27.594380,-1.992324,0.890419,1,3,21.452300,-6.613749,0,0
8.200092,12.952720,258.934400,421.231500,1,1,1,1,2,2,0.525479,0.525965,0.525457,0.525944,0.525700,0.000016,0.996579,0.082646,0.000000,0.996577,0.082667,0.000486,0.991528,0.129890,25.776400,-1.815457,0.972976,1,3,21.455760,-6.500303,0,0
8.210093,12.964150,258.917800,421.445200,1,1,1,1,2,2,0.525881,0.526458,0.525847,0.526440,0.526144,-0.000056,0.996495,0.083655,0.000000,0.996491,0.083697,0.000444,0.992040,0.125924,23.841110,-1.656537,1.047396,1,3,21.458590,-6.387179,0,0
8.220093,12.974960,258.902600,421.659000,1,1,1,1,2,2,0.528015,0.528684,0.527976,0.528660,0.528318,0.000000,0.996365,0.085192,0.000000,0.996360,0.085242,0.000406,0.992477,0.122430,21.823960,-1.516758,1.112597,1,3,21.460610,-6.274353,0,0
8.230093,12.985150,258.888600,421.872900,1,1,1,1,2,2,0.530879,0.531821,0.530967,0.531772,0.531369,-0.000004,0.995952,0.089882,0.000000,0.995953,0.089871,0.000371,0.992818,0.119632,19.777920,-1.396962,1.172605,1,3,21.461630,-6.161897,0,0
8.240093,12.994740,258.875700,422.086900,1,1,1,1,2,2,0.536615,0.537541,0.536564,0.537490,0.537027,-0.000008,0.995682,0.092827,0.000000,0.995670,0.092954,0.000339,0.993092,0.117340,17.502440,-1.297459,1.222998,1,3,21.461600,-6.049593,0,0
8.250093,13.003730,258.863500,422.301000,1,1,1,1,2,2,0.543823,0.544861,0.543764,0.544796,0.544280,0.000000,0.995344,0.096391,0.000000,0.995328,0.096547,0.000310,0.993301,0.115552,15.236680,-1.220546,1.261490,1,3,21.460280,-5.937595,0,0
8.260094,13.012150,258.851800,422.515100,1,1,1,1,2,2,0.557859,0.552633,0.551496,0.552725,0.552111,0.000008,0.991547,0.129747,0.000000,0.994445,0.105257,0.000283,0.993404,0.114666,12.947160,-1.166136,1.296729,1,3,21.457620,-5.825953,0,0
8.270094,13.019990,258.840500,422.729200,1,1,1,1,2,2,0.561941,0.563177,0.561879,0.563259,0.562569,0.000036,0.993901,0.110278,0.000000,0.993891,0.110368,0.000259,0.993446,0.114296,10.479200,-1.134474,1.320165,1,3,21.453630,-5.714317,0,0
8.280094,13.027270,258.829200,422.943200,1,1,1,1,2,2,0.573696,0.575137,0.573699,0.575244,0.574471,-0.000024,0.993234,0.116127,0.000000,0.993252,0.115980,0.000237,0.993429,0.114441,8.090798,-1.127332,1.329998,1,3,21.448210,-5.602961,0,0
8.290094,13.034010,258.817700,423.157200,1,1,1,1,2,2,0.586931,0.588377,0.586808,0.588534,0.587671,0.000000,0.992516,0.122115,0.000000,0.992519,0.122089,0.000216,0.993353,0.115099,5.789308,-1.143914,1.326989,1,3,21.441420,-5.491917,0,0
8.300095,13.040210,258.805900,423.371100,1,1,1,1,2,2,0.600081,0.602009,0.600022,0.602046,0.601034,0.000008,0.990747,0.135724,0.000000,0.990739,0.135780,0.000198,0.993145,0.116881,3.427403,-1.183345,1.325172,1,3,21.433410,-5.381094,0,0
8.310095,13.045880,258.793500,423.584900,1,1,1,1,2,2,0.615847,0.618095,0.615822,0.618070,0.616946,0.000004,0.989658,0.143449,0.000000,0.989672,0.143351,0.000181,0.992874,0.119163,0.926713,-1.246212,1.310523,1,3,21.424270,-5.270298,0,0
8.320095,13.051040,258.780100,423.798600,1,1,1,1,2,2,0.615847,0.618095,0.615822,0.618070,0.616946,0.000004,0.989658,0.143449,0.000000,0.989672,0.143351,0.000181,0.992874,0.119163,0.000000,0.000000,2.546057,0,3,21.366250,-57.392030,1,0
8.330095,13.051040,258.780100,423.798600,1,1,1,1,2,2,0.615847,0.618095,0.615822,0.618070,0.616946,0.000004,0.989658,0.143449,0.000000,0.989672,0.143351,0.000181,0.992874,0.119163,0.000000,0.000000,2.545342,0,3,21.360250,-0.025607,1,0
8.340096,12.913730,258.737200,424.169100,1,1,1,1,2,2,0.615847,0.618095,0.615822,0.618070,0.616946,0.000004,0.989658,0.143449,0.000000,0.989672,0.143351,0.000181,0.992874,0.119163,0.000000,0.000000,2.544627,0,3,21.354250,-0.025607,1,0
8.350096,12.794360,258.699800,424.519100,1,1,1,1,2,2,0.615847,0.618095,0.615822,0.618070,0.616946,0.000004,0.989658,0.143449,0.000000,0.989672,0.143351,0.000181,0.992874,0.119163,0.000000,0.000000,2.543912,0,3,21.348250,-0.025607,1,0
8.360096,12.690580,258.667300,424.851200,1,1,1,1,2,2,0.615847,0.618095,0.615822,0.618070,0.616946,0.000004,0.989658,0.143449,0.000000,0.989672,0.143351,0.000181,0.992874,0.119163,0.000000,0.000000,2.543197,0,3,21.342250,-0.025607,1,0
8.370096,12.600360,258.639100,425.167800,1,1,1,1,2,2,0.615847,0.618095,0.615822,0.618070,0.616946,0.000004,0.989658,0.143449,0.000000,0.989672,0.143351,0.000181,0.992874,0.119163,0.000000,0.000000,2.542482,0,3,21.336250,-0.025607,1,0
8.380096,12.521930,258.614500,425.470800,1,1,1,1,2,2,0.615847,0.618095,0.615822,0.618070,0.616946,0.000004,0.989658,0.143449,0.000000,0.989672,0.143351,0.000181,0.992874,0.119163,0.000000,0.000000,2.541767,0,3,21.330250,-0.025607,1,0
8.390097,12.453740,258.593200,425.762000,1,1,1,1,2,2,0.615847,0.618095,0.615822,0.618070,0.616946,0.000004,0.989658,0.143449,0.000000,0.989672,0.143351,0.000181,0.992874,0.119163,0.000000,0.000000,2.541052,0,3,21.324250,-0.025607,1,0
8.400097,12.394470,258.574600,426.043100,1,1,1,1,2,2,0.615847,0.618095,0.615822,0.618070,0.616946,0.000004,0.989658,0.143449,0.000000,0.989672,0.143351,0.000181,0.992874,0.119163,0.000000,0.000000,2.540337,0,3,21.318250,-0.025607,1,0
8.410097,12.342930,258.558500,426.315200,1,1,1,1,2,2,0.615847,0.618095,0.615822,0.618070,0.616946,0.000004,0.989658,0.143449,0.000000,0.989672,0.143351,0.000181,0.992874,0.119163,0.000000,0.000000,2.539622,0,3,21.312250,-0.025607,1,0
8.420097,12.298130,258.544500,426.579500,1,1,1,1,2,2,0.615847,0.618095,0.615822,0.618070,0.616946,0.000004,0.989658,0.143449,0.000000,0.989672,0.143351,0.000181,0.992874,0.119163,0.000000,0.000000,2.538907,0,3,21.306250,-0.025607,1,0
8.430098,12.259180,258.532300,426.837100,1,1,1,1,2,2,0.615847,0.618095,0.615822,0.618070,0.616946,0.000004,0.989658,0.143449,0.000000,0.989672,0.143351,0.000181,0.992874,0.119163,0.000000,0.000000,2.538192,0,3,21.300250,-0.025607,1,0
8.440098,12.225320,258.521700,427.088700,1,1,1,1,2,2,0.615847,0.618095,0.615822,0.618070,0.616946,0.000004,0.989658,0.143449,0.000000,0.989672,0.143351,0.000181,0.992874,0.119163,0.000000,0.000000,2.537477,0,3,21.294250,-0.025607,1,0
8.450098,12.195890,258.512500,427.335400,1,1,1,1,2,2,0.615847,0.618095,0.615822,0.618070,0.616946,0.000004,0.989658,0.143449,0.000000,0.989672,0.143351,0.000181,0.992874,0.119163,0.000000,0.000000,2.536762,0,3,21.288250,-0.025607,1,0
8.460098,12.170290,258.504500,427.577500,1,1,1,1,2,2,0.615847,0.618095,0.615822,0.618070,0.616946,0.000004,0.989658,0.143449,0.000000,0.989672,0.143351,0.000181,0.992874,0.119163,0.000000,0.000000,2.536047,0,3,21.282250,-0.025607,1,0
8.470098,12.148050,258.497500,427.815800,1,1,1,1,2,2,0.615847,0.618095,0.615822,0.618070,0.616946,0.000004,0.989658,0.143449,0.000000,0.989672,0.143351,0.000181,0.992874,0.119163,0.000000,0.000000,2.535332,0,3,21.276250,-0.025607,1,0
8.480099,12.128710,258.491400,428.050600,1,1,1,1,2,2,0.615847,0.618095,0.615822,0.618070,0.616946,0.000004,0.989658,0.143449,0.000000,0.989672,0.143351,0.000181,0.992874,0.119163,0.000000,0.000000,2.534617,0,3,21.270250,-0.025607,1,0
8.490099,12.111890,258.486200,428.282500,1,1,1,1,2,2,0.615847,0.618095,0.615822,0.618070,0.616946,0.000004,0.989658,0.143449,0.000000,0.989672,0.143351,0.000181,0.992874,0.119163,0.000000,0.000000,2.533902,0,3,21.264250,-0.025607,1,0
8.500099,12.097270,258.481600,428.511900,1,1,1,1,2,2,0.615847,0.618095,0.615822,0.618070,0.616946,0.000004,0.989658,0.143449,0.000000,0.989672,0.143351,0.000181,0.992874,0.119163,0.000000,0.000000,2.533187,0,3,21.258250,-0.025607,1,0
8.510099,12.084570,258.477600,428.739000,1,1,1,1,2,2,0.615847,0.618095,0.615822,0.618070,0.616946,0.000004,0.989658,0.143449,0.000000,0.989672,0.143351,0.000181,0.992874,0.119163,0.000000,0.000000,2.532472,0,3,21.252240,-0.025607,1,0
8.520100,12.073520,258.474200,428.964100,1,1,1,1,2,2,0.615847,0.618095,0.615822,0.618070,0.616946,0.000004,0.989658,0.143449,0.000000,0.989672,0.143351,0.000181,0.992874,0.119163,0.000000,0.000000,2.531757,0,3,21.246240,-0.025607,1,0
8.530100,12.063910,258.471200,429.187600,1,1,1,1,2,2,0.615847,0.618095,0.615822,0.618070,0.616946,0.000004,0.989658,0.143449,0.000000,0.989672,0.143351,0.000181,0.992874,0.119163,0.000000,0.000000,2.531042,0,3,21.240240,-0.025607,1,0
8.540100,12.055560,258.468500,429.409500,1,1,1,1,2,2,0.615847,0.618095,0.615822,0.618070,0.616946,0.000004,0.989658,0.143449,0.000000,0.989672,0.143351,0.000181,0.992874,0.119163,0.000000,0.000000,2.530327,0,3,21.234240,-0.025607,1,0
8.550100,12.048300,258.466200,429.630200,1,1,1,1,2,2,0.615847,0.618095,0.615822,0.618070,0.616946,0.000004,0.989658,0.143449,0.000000,0.989672,0.143351,0.000181,0.992874,0.119163,0.000000,0.000000,2.529612,0,3,21.228240,-0.025607,1,0
8.560101,12.041990,258.464300,429.849700,1,1,1,1,2,2,0.615847,0.618095,0.615822,0.618070,0.616946,0.000004,0.989658,0.143449,0.000000,0.989672,0.143351,0.000181,0.992874,0.119163,0.000000,0.000000,2.528897,0,3,21.222240,-0.025607,1,0
8.570101,12.036510,258.462600,430.068200,1,1,1,1,2,2,0.615847,0.618095,0.615822,0.618070,0.616946,0.000004,0.989658,0.143449,0.000000,0.989672,0.143351,0.000181,0.992874,0.119163,0.000000,0.000000,2.528182,0,3,21.216240,-0.025607,1,0
8.580101,12.031740,258.461100,430.285800,1,1,1,1,2,2,0.615847,0.618095,0.615822,0.618070,0.616946,0.000004,0.989658,0.143449,0.000000,0.989672,0.143351,0.000181,0.992874,0.119163,0.000000,0.000000,2.527467,0,3,21.210240,-0.025607,1,0
8.590101,12.027590,258.459800,430.502600,1,1,1,1,2,2,0.615847,0.618095,0.615822,0.618070,0.616946,0.000004,0.989658,0.143449,0.000000,0.989672,0.143351,0.000181,0.992874,0.119163,0.000000,0.000000,2.526752,0,3,21.204240,-0.025607,1,0
8.600101,12.023990,258.458600,430.718800,1,1,1,1,2,2,0.615847,0.618095,0.615822,0.618070,0.616946,0.000004,0.989658,0.143449,0.000000,0.989672,0.143351,0.000181,0.992874,0.119163,0.000000,0.000000,2.526037,0,3,21.198240,-0.025607,1,0
8.610102,12.020850,258.457700,430.934400,1,1,1,1,2,2,0.615847,0.618095,0.615822,0.618070,0.616946,0.000004,0.989658,0.143449,0.000000,0.989672,0.143351,0.000181,0.992874,0.119163,0.000000,0.000000,2.525321,0,3,21.192240,-0.025607,1,0
8.620102,12.018130,258.456800,431.149400,1,1,1,1,2,2,0.615847,0.618095,0.615822,0.618070,0.616946,0.000004,0.989658,0.143449,0.000000,0.989672,0.143351,0.000181,0.992874,0.119163,0.000000,0.000000,2.524606,0,3,21.186240,-0.025607,1,0
8.630102,12.015760,258.456100,431.364000,1,1,1,1,2,2,0.615847,0.618095,0.615822,0.618070,0.616946,0.000004,0.989658,0.143449,0.000000,0.989672,0.143351,0.000181,0.992874,0.119163,0.000000,0.000000,2.523891,0,3,21.180240,-0.025607,1,0
8.640102,12.013700,258.455400,431.578100,1,1,1,1,2,2,0.615847,0.618095,0.615822,0.618070,0.616946,0.000004,0.989658,0.143449,0.000000,0.989672,0.143351,0.000181,0.992874,0.119163,0.000000,0.000000,2.523176,0,3,21.174240,-0.025607,1,0
8.650103,12.011910,258.454900,431.791900,1,1,1,1,2,2,0.615847,0.618095,0.615822,0.618070,0.616946,0.000004,0.989658,0.143449,0.000000,0.989672,0.143351,0.000181,0.992874,0.119163,0.000000,0.000000,2.522461,0,3,21.168240,-0.025607,1,0
8.660103,12.010360,258.454400,432.005400,1,1,1,1,2,2,0.615847,0.618095,0.615822,0.618070,0.616946,0.000004,0.989658,0.143449,0.000000,0.989672,0.143351,0.000181,0.992874,0.119163,0.000000,0.000000,2.521746,0,3,21.162240,-0.025607,1,0
8.670103,12.009000,258.453900,432.218500,1,1,1,1,2,2,0.615847,0.618095,0.615822,0.618070,0.616946,0.000004,0.989658,0.143449,0.000000,0.989672,0.143351,0.000181,0.992874,0.119163,0.000000,0.000000,2.521031,0,3,21.156240,-0.025607,1,0
8.680103,12.007830,258.453600,432.431500,1,1,1,1,2,2,0.615847,0.618095,0.615822,0.618070,0.616946,0.000004,0.989658,0.143449,0.000000,0.989672,0.143351,0.000181,0.992874,0.119163,0.000000,0.000000,2.520316,0,3,21.150240,-0.025607,1,0
8.690104,12.006800,258.453300,432.644100,1,1,1,1,2,2,0.615847,0.618095,0.615822,0.618070,0.616946,0.000004,0.989658,0.143449,0.000000,0.989672,0.143351,0.000181,0.992874,0.119163,0.000000,0.000000,2.519601,0,3,21.144240,-0.025607,1,0
8.700104,12.005920,258.453000,432.856600,1,1,1,1,2,2,0.615847,0.618095,0.615822,0.618070,0.616946,0.000004,0.989658,0.143449,0.000000,0.989672,0.143351,0.000181,0.992874,0.119163,0.000000,0.000000,2.518886,0,3,21.138240,-0.025607,1,0
8.710104,12.005140,258.452800,433.068800,1,1,1,1,2,2,0.615847,0.618095,0.615822,0.618070,0.616946,0.000004,0.989658,0.143449,0.000000,0.989672,0.143351,0.000181,0.992874,0.119163,0.000000,0.000000,2.518171,0,3,21.132230,-0.025607,1,0
8.720104,12.004470,258.452500,433.280900,1,1,1,1,2,2,0.615847,0.618095,0.615822,0.618070,0.616946,0.000004,0.989658,0.143449,0.000000,0.989672,0.143351,0.000181,0.992874,0.119163,0.000000,0.000000,2.517456,0,3,21.126230,-0.025607,1,0
8.730104,12.003890,258.452400,433.492800,1,1,1,1,2,2,0.615847,0.618095,0.615822,0.618070,0.616946,0.000004,0.989658,0.143449,0.000000,0.989672,0.143351,0.000181,0.992874,0.119163,0.000000,0.000000,2.516741,0,3,21.120230,-0.025607,1,0
8.740105,12.003380,258.452200,433.704600,1,1,1,1,2,2,0.751068,0.751068,0.751068,0.751068,0.751068,0.000000,1.000000,0.000000,0.000000,1.000000,0.000000,0.000181,0.992874,0.119163,0.000000,3.500000,5.991085,0,3,21.402360,-1.881862,0,0
8.750105,12.003380,258.486200,433.915800,1,1,1,1,2,2,0.785095,0.785095,0.785095,0.785095,0.785095,0.000000,1.000000,0.000000,0.000000,1.000000,0.000000,0.000181,0.992874,0.119163,0.000000,3.401900,5.893683,0,3,21.386530,0.052028,0,0
8.760105,12.003380,258.519300,434.126900,1,1,1,1,2,2,0.818146,0.818146,0.818146,0.818146,0.818146,0.000000,1.000000,0.000000,0.000000,1.000000,0.000000,0.000181,0.992874,0.119163,0.000000,3.303800,5.796283,0,3,21.371150,0.052028,0,0
8.770105,12.003380,258.551300,434.338100,1,1,1,1,2,2,0.850189,0.850189,0.850189,0.850189,0.850189,0.000000,1.000000,0.000000,0.000000,1.000000,0.000000,0.000181,0.992874,0.119163,0.000000,3.205700,5.698882,0,3,21.356200,0.052028,0,0
8.780106,12.003380,258.582400,434.549200,1,1,1,1,2,2,0.610559,0.367778,0.881256,0.881256,0.881256,0.000000,0.878155,0.478377,0.000000,1.000000,0.000000,0.000181,0.992874,0.119163,0.000000,3.107600,5.601481,0,3,21.341700,0.052028,0,0
8.790106,12.003380,258.612500,434.760400,1,1,1,1,1,1,0.911346,0.911346,0.911346,0.911346,0.911346,0.000000,1.000000,0.000000,0.000000,1.000000,0.000000,0.000181,0.992874,0.119163,0.000000,3.009500,5.504080,0,3,21.327630,0.052028,0,0
8.800106,12.003380,258.641600,434.971500,1,1,1,1,1,1,0.940460,0.940460,0.940460,0.940460,0.940460,0.000000,1.000000,0.000000,0.000000,1.000000,0.000000,0.000181,0.992874,0.119163,0.000000,2.911400,5.406679,0,3,21.314010,0.052028,0,0
8.810106,12.003380,258.669700,435.182700,1,1,1,1,1,1,0.968597,0.968597,0.968597,0.968597,0.968597,0.000000,1.000000,0.000000,0.000000,1.000000,0.000000,0.000181,0.992874,0.119163,0.000000,2.813300,5.309278,0,3,21.300830,0.052028,0,0
8.820107,12.003380,258.696900,435.393800,1,1,1,1,1,1,0.995758,0.995758,0.995758,0.995758,0.995758,0.000000,1.000000,0.000000,0.000000,1.000000,0.000000,0.000181,0.992874,0.119163,0.000000,2.715200,5.211877,0,3,21.288100,0.052028,0,0
8.830107,12.003380,258.723100,435.605000,0,0,0,0,0,0,0.000000,0.000000,0.000000,0.000000,0.995758,0.000000,0.000000,0.000000,0.000000,1.000000,0.000000,0.000181,0.992874,0.119163,0.000000,2.617100,5.114477,0,3,21.275810,0.052028,0,0
8.840107,12.003380,258.748300,435.816100,0,0,0,0,0,0,0.000000,0.000000,0.000000,0.000000,0.995758,0.000000,0.000000,0.000000,0.000000,1.000000,0.000000,0.000181,0.992874,0.119163,0.000000,2.519001,5.017076,0,3,21.263970,0.052028,0,0
8.850107,12.003380,258.772500,436.027300,0,0,0,0,0,0,0.000000,0.000000,0.000000,0.000000,0.995758,0.000000,0.000000,0.000000,0.000000,1.000000,0.000000,0.000181,0.992874,0.119163,0.000000,2.420901,4.919675,0,3,21.252570,0.052028,0,0
8.860107,12.003380,258.795700,436.238400,0,0,0,0,0,0,0.000000,0.000000,0.000000,0.000000,0.995758,0.000000,0.000000,0.000000,0.000000,1.000000,0.000000,0.000181,0.992874,0.119163,0.000000,2.322801,4.822274,0,3,21.241620,0.052028,0,0
8.870108,12.003380,258.817900,436.449600,0,0,0,0,0,0,0.000000,0.000000,0.000000,0.000000,0.995758,0.000000,0.000000,0.000000,0.000000,1.000000,0.000000,0.000181,0.992874,0.119163,0.000000,2.224701,4.724873,0,3,21.231110,0.052028,0,0
8.880108,12.003380,258.839200,436.660700,0,0,0,0,0,0,0.000000,0.000000,0.000000,0.000000,0.995758,0.000000,0.000000,0.000000,0.000000,1.000000,0.000000,0.000181,0.992874,0.119163,0.000000,2.126601,4.627472,0,3,21.221060,0.052028,0,0
8.890108,12.003380,258.859500,436.871900,0,0,0,0,0,0,0.000000,0.000000,0.000000,0.000000,0.995758,0.000000,0.000000,0.000000,0.000000,1.000000,0.000000,0.000181,0.992874,0.119163,0.000000,2.028501,4.530071,0,3,21.211450,0.052028,0,0
8.900108,12.003380,258.878800,437.083000,0,0,0,0,0,0,0.000000,0.000000,0.000000,0.000000,0.995758,0.000000,0.000000,0.000000,0.000000,1.000000,0.000000,0.000181,0.992874,0.119163,0.000000,1.930401,4.432671,0,3,21.202290,0.052028,0,0
8.910109,12.003380,258.897100,437.294200,0,0,0,0,0,0,0.000000,0.000000,0.000000,0.000000,0.995758,0.000000,0.000000,0.000000,0.000000,1.000000,0.000000,0.000181,0.992874,0.119163,0.000000,1.832301,4.335269,0,3,21.193590,0.052028,0,0
8.920109,12.003380,258.914500,437.505300,0,0,0,0,0,0,0.000000,0.000000,0.000000,0.000000,0.995758,0.000000,0.000000,0.000000,0.000000,1.000000,0.000000,0.000181,0.992874,0.119163,0.000000,1.734201,4.237869,0,3,21.185330,0.052028,0,0
8.930109,12.003380,258.930800,437.716500,0,0,0,0,0,0,0.000000,0.000000,0.000000,0.000000,0.995758,0.000000,0.000000,0.000000,0.000000,1.000000,0.000000,0.000181,0.992874,0.119163,0.000000,1.636101,4.140468,0,3,21.177530,0.052028,0,0
8.940109,12.003380,258.946200,437.927600,0,0,0,0,0,0,0.000000,0.000000,0.000000,0.000000,0.995758,0.000000,0.000000,0.000000,0.000000,1.000000,0.000000,0.000181,0.992874,0.119163,0.000000,1.538001,4.043067,0,3,21.170170,0.052028,0,0
8.950109,12.003380,258.960600,438.138800,0,0,0,0,0,0,0.000000,0.000000,0.000000,0.000000,0.995758,0.000000,0.000000,0.000000,0.000000,1.000000,0.000000,0.000181,0.992874,0.119163,0.000000,1.439901,3.945666,0,3,21.163270,0.052028,0,0
8.960110,12.003380,258.974000,438.349900,0,0,0,0,0,0,0.000000,0.000000,0.000000,0.000000,0.995758,0.000000,0.000000,0.000000,0.000000,1.000000,0.000000,0.000181,0.992874,0.119163,0.000000,1.341801,3.848265,0,3,21.156830,0.052028,0,0
8.970110,12.003380,258.986500,438.561100,0,0,0,0,0,0,0.000000,0.000000,0.000000,0.000000,0.995758,0.000000,0.000000,0.000000,0.000000,1.000000,0.000000,0.000181,0.992874,0.119163,0.000000,1.243701,3.750864,0,3,21.150830,0.052028,0,0
8.980110,12.003380,258.997900,438.772200,0,0,0,0,0,0,0.000000,0.000000,0.000000,0.000000,0.995758,0.000000,0.000000,0.000000,0.000000,1.000000,0.000000,0.000181,0.992874,0.119163,0.000000,1.145601,3.653463,0,3,21.145290,0.052028,0,0
8.990110,12.003380,259.008400,438.983400,0,0,0,0,0,0,0.000000,0.000000,0.000000,0.000000,0.995758,0.000000,0.000000,0.000000,0.000000,1.000000,0.000000,0.000181,0.992874,0.119163,0.000000,1.047501,3.556062,0,3,21.140200,0.052028,0,0
9.000111,12.003380,259.017900,439.194500,0,0,0,0,0,0,0.000000,0.000000,0.000000,0.000000,0.995758,0.000000,0.000000,0.000000,0.000000,1.000000,0.000000,0.000181,0.992874,0.119163,0.000000,0.949401,3.458662,0,3,21.135570,0.052028,0,0
9.010111,12.003380,259.026400,439.405700,0,0,0,0,0,0,0.000000,0.000000,0.000000,0.000000,0.995758,0.000000,0.000000,0.000000,0.000000,1.000000,0.000000,0.000181,0.992874,0.119163,0.000000,0.851301,3.361261,0,3,21.131390,0.052028,0,0
9.020111,12.003380,259.033900,439.616900,0,0,0,0,0,0,0.000000,0.000000,0.000000,0.000000,0.995758,0.000000,0.000000,0.000000,0.000000,1.000000,0.000000,0.000181,0.992874,0.119163,0.000000,0.753201,3.263860,0,3,21.127660,0.052028,0,0
9.030111,12.003380,259.040500,439.828000,0,0,0,0,0,0,0.000000,0.000000,0.000000,0.000000,0.995758,0.000000,0.000000,0.000000,0.000000,1.000000,0.000000,0.000181,0.992874,0.119163,0.000000,0.655101,3.166459,0,3,21.124390,0.052028,0,0
9.040112,12.003380,259.046100,440.039200,0,0,0,0,0,0,0.000000,0.000000,0.000000,0.000000,0.995758,0.000000,0.000000,0.000000,0.000000,1.000000,0.000000,0.000181,0.992874,0.119163,0.000000,0.557001,3.069058,0,3,21.121580,0.052028,0,0
9.050112,12.003380,259.050700,440.250300,0,0,0,0,0,0,0.000000,0.000000,0.000000,0.000000,0.995758,0.000000,0.000000,0.000000,0.000000,1.000000,0.000000,0.000181,0.992874,0.119163,0.000000,0.458901,2.971657,0,3,21.119220,0.052028,0,0
9.060112,12.003380,259.054300,440.461500,0,0,0,0,0,0,0.000000,0.000000,0.000000,0.000000,0.995758,0.000000,0.000000,0.000000,0.000000,1.000000,0.000000,0.000181,0.992874,0.119163,0.000000,0.360801,2.874256,0,3,21.117320,0.052028,0,0
9.070112,12.003380,259.056900,440.672600,0,0,0,0,0,0,0.000000,0.000000,0.000000,0.000000,0.995758,0.000000,0.000000,0.000000,0.000000,1.000000,0.000000,0.000181,0.992874,0.119163,0.000000,0.262701,2.776855,0,3,21.115870,0.052028,0,0
9.080112,12.003380,259.058500,440.883800,0,0,0,0,0,0,0.000000,0.000000,0.000000,0.000000,0.995758,0.000000,0.000000,0.000000,0.000000,1.000000,0.000000,0.000181,0.992874,0.119163,0.000000,0.164601,2.679454,0,3,21.114870,0.052028,0,0
9.090113,12.003380,259.059200,441.094900,0,0,0,0,0,0,0.000000,0.000000,0.000000,0.000000,0.995758,0.000000,0.000000,0.000000,0.000000,1.000000,0.000000,0.000181,0.992874,0.119163,0.000000,0.066501,2.582053,0,3,21.114340,0.052028,0,0
9.100113,12.003380,259.058900,441.306100,0,0,0,0,0,0,0.000000,0.000000,0.000000,0.000000,0.995758,0.000000,0.000000,0.000000,0.000000,1.000000,0.000000,0.000181,0.992874,0.119163,0.000000,-0.031599,2.484652,0,3,21.114260,0.052028,0,0
9.110113,12.003380,259.057600,441.517200,0,0,0,0,0,0,0.000000,0.000000,0.000000,0.000000,0.995758,0.000000,0.000000,0.000000,0.000000,1.000000,0.000000,0.000181,0.992874,0.119163,0.000000,-0.129699,2.387251,0,3,21.114630,0.052028,0,0
9.120113,12.003380,259.055300,441.728400,0,0,0,0,0,0,0.000000,0.000000,0.000000,0.000000,0.995758,0.000000,0.000000,0.000000,0.000000,1.000000,0.000000,0.000181,0.992874,0.119163,0.000000,-0.227799,2.289850,0,3,21.115460,0.052028,0,0
9.130114,12.003380,259.052100,441.939500,0,0,0,0,0,0,0.000000,0.000000,0.000000,0.000000,0.995758,0.000000,0.000000,0.000000,0.000000,1.000000,0.000000,0.000181,0.992874,0.119163,0.000000,-0.325899,2.192450,0,3,21.116750,0.052028,0,0
9.140114,12.003380,259.047800,442.150700,0,0,0,0,0,0,0.000000,0.000000,0.000000,0.000000,0.995758,0.000000,0.000000,0.000000,0.000000,1.000000,0.000000,0.000181,0.992874,0.119163,0.000000,-0.423999,2.095049,0,3,21.118490,0.052028,0,0
9.150114,12.003380,259.042600,442.361800,0,0,0,0,0,0,0.000000,0.000000,0.000000,0.000000,0.995758,0.000000,0.000000,0.000000,0.000000,1.000000,0.000000,0.000181,0.992874,0.119163,0.000000,-0.522099,1.997648,0,3,21.120690,0.052028,0,0
9.160114,12.003380,259.036400,442.573000,0,0,0,0,0,0,0.000000,0.000000,0.000000,0.000000,0.995758,0.000000,0.000000,0.000000,0.000000,1.000000,0.000000,0.000181,0.992874,0.119163,0.000000,-0.620199,1.900247,0,3,21.123340,0.052028,0,0
9.170115,12.003380,259.029200,442.784100,0,0,0,0,0,0,0.000000,0.000000,0.000000,0.000000,0.995758,0.000000,0.000000,0.000000,0.000000,1.000000,0.000000,0.000181,0.992874,0.119163,0.000000,-0.718299,1.802846,0,3,21.126450,0.052028,0,0
9.180115,12.003380,259.021100,442.995300,0,0,0,0,0,0,0.000000,0.000000,0.000000,0.000000,0.995758,0.000000,0.000000,0.000000,0.000000,1.000000,0.000000,0.000181,0.992874,0.119163,0.000000,-0.816399,1.705445,0,3,21.130010,0.052028,0,0
9.190115,12.003380,259.011900,443.206400,0,0,0,0,0,0,0.000000,0.000000,0.000000,0.000000,0.995758,0.000000,0.000000,0.000000,0.000000,1.000000,0.000000,0.000181,0.992874,0.119163,0.000000,-0.914499,1.608044,0,3,21.134030,0.052028,0,0
9.200115,12.003380,259.001800,443.417600,0,0,0,0,0,0,0.000000,0.000000,0.000000,0.000000,0.995758,0.000000,0.000000,0.000000,0.000000,1.000000,0.000000,0.000181,0.992874,0.119163,0.000000,-1.012599,1.510643,0,3,21.138500,0.052028,0,0
9.210115,12.003380,258.990700,443.628700,0,0,0,0,0,0,0.000000,0.000000,0.000000,0.000000,0.995758,0.000000,0.000000,0.000000,0.000000,1.000000,0.000000,0.000181,0.992874,0.119163,0.000000,-1.110699,1.413242,0,3,21.143430,0.052028,0,0
9.220116,12.003380,258.978600,443.839900,0,0,0,0,0,0,0.000000,0.000000,0.000000,0.000000,0.995758,0.000000,0.000000,0.000000,0.000000,1.000000,0.000000,0.000181,0.992874,0.119163,0.000000,-1.208799,1.315841,0,3,21.148810,0.052028,0,0
9.230116,12.003380,258.965500,444.051000,0,0,0,0,0,0,0.000000,0.000000,0.000000,0.000000,0.995758,0.000000,0.000000,0.000000,0.000000,1.000000,0.000000,0.000181,0.992874,0.119163,0.000000,-1.306899,1.218440,0,3,21.154640,0.052028,0,0
9.240116,12.003380,258.951500,444.262200,0,0,0,0,0,0,0.000000,0.000000,0.000000,0.000000,0.995758,0.000000,0.000000,0.000000,0.000000,1.000000,0.000000,0.000181,0.992874,0.119163,0.000000,-1.404999,1.121040,0,3,21.160930,0.052028,0,0
9.250116,12.003380,258.936400,444.473300,0,0,0,0,0,0,0.000000,0.000000,0.000000,0.000000,0.995758,0.000000,0.000000,0.000000,0.000000,1.000000,0.000000,0.000181,0.992874,0.119163,0.000000,-1.503098,1.023639,0,3,21.167670,0.052028,0,0
9.260117,12.003380,258.920400,444.684500,0,0,0,0,0,0,0.000000,0.000000,0.000000,0.000000,0.995758,0.000000,0.000000,0.000000,0.000000,1.000000,0.000000,0.000181,0.992874,0.119163,0.000000,-1.601198,0.926238,0,3,21.174860,0.052028,0,0
9.270117,12.003380,258.903400,444.895600,0,0,0,0,0,0,0.000000,0.000000,0.000000,0.000000,0.995758,0.000000,0.000000,0.000000,0.000000,1.000000,0.000000,0.000181,0.992874,0.119163,0.000000,-1.699298,0.828837,0,3,21.182500,0.052028,0,0
9.280117,12.003380,258.885400,445.106800,0,0,0,0,0,0,0.000000,0.000000,0.000000,0.000000,0.995758,0.000000,0.000000,0.000000,0.000000,1.000000,0.000000,0.000181,0.992874,0.119163,0.000000,-1.797398,0.731436,0,3,21.190600,0.052028,0,0
9.290117,12.003380,258.866500,445.317900,0,0,0,0,0,0,0.000000,0.000000,0.000000,0.000000,0.995758,0.000000,0.000000,0.000000,0.000000,1.000000,0.000000,0.000181,0.992874,0.119163,0.000000,-1.895498,0.634035,0,3,21.199140,0.052028,0,0
9.300117,12.003380,258.846600,445.529100,0,0,0,0,0,0,0.000000,0.000000,0.000000,0.000000,0.995758,0.000000,0.000000,0.000000,0.000000,1.000000,0.000000,0.000181,0.992874,0.119163,0.000000,-1.993598,0.536634,0,3,21.208140,0.052028,0,0
9.310118,12.003380,258.825700,445.740200,0,0,0,0,0,0,0.000000,0.000000,0.000000,0.000000,0.995758,0.000000,0.000000,0.000000,0.000000,1.000000,0.000000,0.000181,0.992874,0.119163,0.000000,-2.091698,0.439234,0,3,21.217590,0.052028,0,0
9.320118,12.003380,258.803700,445.951400,0,0,0,0,0,0,0.000000,0.000000,0.000000,0.000000,0.995758,0.000000,0.000000,0.000000,0.000000,1.000000,0.000000,0.000181,0.992874,0.119163,0.000000,-2.189798,0.341833,0,3,21.227480,0.052028,0,0
9.330118,12.003380,258.780900,446.162500,0,0,0,0,0,0,0.000000,0.000000,0.000000,0.000000,0.995758,0.000000,0.000000,0.000000,0.000000,1.000000,0.000000,0.000181,0.992874,0.119163,0.000000,-2.287898,0.244432,0,3,21.237830,0.052028,0,0
9.340118,12.003380,258.757000,446.373700,0,0,0,0,0,0,0.000000,0.000000,0.000000,0.000000,0.995758,0.000000,0.000000,0.000000,0.000000,1.000000,0.000000,0.000181,0.992874,0.119163,0.000000,-2.385998,0.147031,0,3,21.248620,0.052028,0,0
9.350119,12.003380,258.732100,446.584800,0,0,0,0,0,0,0.000000,0.000000,0.000000,0.000000,0.995758,0.000000,0.000000,0.000000,0.000000,1.000000,0.000000,0.000181,0.992874,0.119163,0.000000,-2.484098,0.049630,0,3,21.259860,0.052028,0,0
9.360119,12.003380,258.706300,446.796000,0,0,0,0,0,0,0.000000,0.000000,0.000000,0.000000,0.995758,0.000000,0.000000,0.000000,0.000000,1.000000,0.000000,0.000181,0.992874,0.119163,0.000000,-2.582198,-0.047771,0,3,21.271540,0.052028,0,0
9.370119,12.003380,258.679500,447.007100,0,0,0,0,0,0,0.000000,0.000000,0.000000,0.000000,0.995758,0.000000,0.000000,0.000000,0.000000,1.000000,0.000000,0.000181,0.992874,0.119163,0.000000,-2.680298,-0.145172,0,3,21.283680,0.052028,0,0
9.380119,12.003380,258.651800,447.218300,0,0,0,0,0,0,0.000000,0.000000,0.000000,0.000000,0.995758,0.000000,0.000000,0.000000,0.000000,1.000000,0.000000,0.000181,0.992874,0.119163,0.000000,-2.778398,-0.242573,0,3,21.296250,0.052028,0,0
9.390120,12.003380,258.623000,447.429400,0,0,0,0,0,0,0.000000,0.000000,0.000000,0.000000,0.995758,0.000000,0.000000,0.000000,0.000000,1.000000,0.000000,0.000181,0.992874,0.119163,0.000000,-2.876498,-0.339974,0,3,21.309270,0.052028,0,0
9.400120,12.003380,258.593200,447.640600,0,0,0,0,0,0,0.000000,0.000000,0.000000,0.000000,0.995758,0.000000,0.000000,0.000000,0.000000,1.000000,0.000000,0.000181,0.992874,0.119163,0.000000,-2.974598,-0.437374,0,3,21.322740,0.052028,0,0
9.410120,12.003380,258.562500,447.851700,0,0,0,0,0,0,0.000000,0.000000,0.000000,0.000000,0.995758,0.000000,0.000000,0.000000,0.000000,1.000000,0.000000,0.000181,0.992874,0.119163,0.000000,-3.072698,-0.534775,0,3,21.336640,0.052028,0,0
9.420120,12.003380,258.530800,448.062900,0,0,0,0,0,0,0.000000,0.000000,0.000000,0.000000,0.995758,0.000000,0.000000,0.000000,0.000000,1.000000,0.000000,0.000181,0.992874,0.119163,0.000000,-3.170798,-0.632176,0,3,21.350990,0.052028,0,0
9.430120,12.003380,258.498100,448.274000,0,0,0,0,0,0,0.000000,0.000000,0.000000,0.000000,0.995758,0.000000,0.000000,0.000000,0.000000,1.000000,0.000000,0.000181,0.992874,0.119163,0.000000,-3.268898,-0.729577,0,3,21.365780,0.052028,0,0
9.440121,12.003380,258.464400,448.485200,0,0,0,0,0,0,0.000000,0.000000,0.000000,0.000000,0.995758,0.000000,0.000000,0.000000,0.000000,1.000000,0.000000,0.000181,0.992874,0.119163,0.000000,-3.366997,-0.826978,0,3,21.381010,0.052028,0,0
9.450121,12.003380,258.429800,448.696400,0,0,0,0,0,0,0.000000,0.000000,0.000000,0.000000,0.995758,0.000000,0.000000,0.000000,0.000000,1.000000,0.000000,0.000181,0.992874,0.119163,0.000000,-3.465097,-0.924379,0,3,21.396680,0.052028,0,0
9.460121,12.003380,258.394200,448.907500,0,0,0,0,0,0,0.000000,0.000000,0.000000,0.000000,0.995758,0.000000,0.000000,0.000000,0.000000,1.000000,0.000000,0.000181,0.992874,0.119163,0.000000,-3.563197,-1.021780,0,3,21.412780,0.052028,0,0
9.470121,12.003380,258.357500,449.118700,0,0,0,0,0,0,0.000000,0.000000,0.000000,0.000000,0.995758,0.000000,0.000000,0.000000,0.000000,1.000000,0.000000,0.000181,0.992874,0.119163,0.000000,-3.661297,-1.119180,0,3,21.429330,0.052028,0,0
9.480122,12.003380,258.319900,449.329800,0,0,0,0,0,0,0.000000,0.000000,0.000000,0.000000,0.995758,0.000000,0.000000,0.000000,0.000000,1.000000,0.000000,0.000181,0.992874,0.119163,0.000000,-3.759397,-1.216581,0,3,21.446300,0.052028,0,0
9.490122,12.003380,258.281400,449.541000,0,0,0,0,0,0,0.000000,0.000000,0.000000,0.000000,0.995758,0.000000,0.000000,0.000000,0.000000,1.000000,0.000000,0.000181,0.992874,0.119163,0.000000,-3.857497,-1.313982,0,3,21.463720,0.052028,0,0
9.500122,12.003380,258.241800,449.752100,0,0,0,0,0,0,0.000000,0.000000,0.000000,0.000000,0.995758,0.000000,0.000000,0.000000,0.000000,1.000000,0.000000,0.000181,0.992874,0.119163,0.000000,-3.955597,-1.411383,0,3,21.481560,0.052028,0,0
9.510122,12.003380,258.201300,449.963300,0,0,0,0,0,0,0.000000,0.000000,0.000000,0.000000,0.995758,0.000000,0.000000,0.000000,0.000000,1.000000,0.000000,0.000181,0.992874,0.119163,0.000000,-4.053697,-1.508784,0,3,21.499840,0.052028,0,0
9.520123,12.003380,258.159800,450.174400,0,0,0,0,0,0,0.000000,0.000000,0.000000,0.000000,0.995758,0.000000,0.000000,0.000000,0.000000,1.000000,0.000000,0.000181,0.992874,0.119163,0.000000,-4.151797,-1.606185,0,3,21.518560,0.052028,0,0
9.530123,12.003380,258.117300,450.385600,0,0,0,0,0,0,0.000000,0.000000,0.000000,0.000000,0.995758,0.000000,0.000000,0.000000,0.000000,1.000000,0.000000,0.000181,0.992874,0.119163,0.000000,-4.249897,-1.703586,0,3,21.537700,0.052028,0,0
9.540123,12.003380,258.073800,450.596700,0,0,0,0,0,0,0.000000,0.000000,0.000000,0.000000,0.995758,0.000000,0.000000,0.000000,0.000000,1.000000,0.000000,0.000181,0.992874,0.119163,0.000000,-4.347998,-1.800987,0,3,21.557270,0.052028,0,0
9.550123,12.003380,258.029300,450.807900,0,0,0,0,0,0,0.000000,0.000000,0.000000,0.000000,0.995758,0.000000,0.000000,0.000000,0.000000,1.000000,0.000000,0.000181,0.992874,0.119163,0.000000,-4.446098,-1.898388,0,3,21.577270,0.052028,0,0
9.560123,12.003380,257.983900,451.019000,0,0,0,0,0,0,0.000000,0.000000,0.000000,0.000000,0.995758,0.000000,0.000000,0.000000,0.000000,1.000000,0.000000,0.000181,0.992874,0.119163,0.000000,-4.544198,-1.995790,0,3,21.597700,0.052028,0,0
9.570124,12.003380,257.937500,451.230200,0,0,0,0,0,0,0.000000,0.000000,0.000000,0.000000,0.995758,0.000000,0.000000,0.000000,0.000000,1.000000,0.000000,0.000181,0.992874,0.119163,0.000000,-4.642298,-2.093191,0,3,21.618550,0.052028,0,0
9.580124,12.003380,257.890100,451.441300,0,0,0,0,0,0,0.000000,0.000000,0.000000,0.000000,0.995758,0.000000,0.000000,0.000000,0.000000,1.000000,0.000000,0.000181,0.992874,0.119163,0.000000,-4.740398,-2.190592,0,3,21.639830,0.052028,0,0
9.590124,12.003380,257.841700,451.652500,0,0,0,0,0,0,0.000000,0.000000,0.000000,0.000000,0.995758,0.000000,0.000000,0.000000,0.000000,1.000000,0.000000,0.000181,0.992874,0.119163,0.000000,-4.838499,-2.287993,0,3,21.661530,0.052028,0,0
9.600124,12.003380,257.792300,451.863600,0,0,0,0,0,0,0.000000,0.000000,0.000000,0.000000,0.995758,0.000000,0.000000,0.000000,0.000000,1.000000,0.000000,0.000181,0.992874,0.119163,0.000000,-4.936599,-2.385394,0,3,21.683650,0.052028,0,0
9.610125,12.003380,257.742000,452.074800,0,0,0,0,0,0,0.000000,0.000000,0.000000,0.000000,0.995758,0.000000,0.000000,0.000000,0.000000,1.000000,0.000000,0.000181,0.992874,0.119163,0.000000,-5.034699,-2.482795,0,3,21.706200,0.052028,0,0
9.620125,12.003380,257.690600,452.285900,0,0,0,0,0,0,0.000000,0.000000,0.000000,0.000000,0.995758,0.000000,0.000000,0.000000,0.000000,1.000000,0.000000,0.000181,0.992874,0.119163,0.000000,-5.132799,-2.580196,0,3,21.729160,0.052028,0,0
9.630125,12.003380,257.638300,452.497100,0,0,0,0,0,0,0.000000,0.000000,0.000000,0.000000,0.995758,0.000000,0.000000,0.000000,0.000000,1.000000,0.000000,0.000181,0.992874,0.119163,0.000000,-5.230899,-2.677597,0,3,21.752540,0.052028,0,0
9.640125,12.003380,257.585100,452.708200,0,0,0,0,0,0,0.000000,0.000000,0.000000,0.000000,0.995758,0.000000,0.000000,0.000000,0.000000,1.000000,0.000000,0.000181,0.992874,0.119163,0.000000,-5.329000,-2.774998,0,3,21.776340,0.052028,0,0
9.650126,12.003380,257.530800,452.919400,0,0,0,0,0,0,0.000000,0.000000,0.000000,0.000000,0.995758,0.000000,0.000000,0.000000,0.000000,1.000000,0.000000,0.000181,0.992874,0.119163,0.000000,-5.427100,-2.872400,0,3,21.800560,0.052028,0,0
9.660126,12.003380,257.475600,453.130500,0,0,0,0,0,0,0.000000,0.000000,0.000000,0.000000,0.995758,0.000000,0.000000,0.000000,0.000000,1.000000,0.000000,0.000181,0.992874,0.119163,0.000000,-5.525200,-2.969800,0,3,21.825180,0.052028,0,0
9.670126,12.003380,257.419300,453.341700,0,0,0,0,0,0,0.000000,0.000000,0.000000,0.000000,0.995758,0.000000,0.000000,0.000000,0.000000,1.000000,0.000000,0.000181,0.992874,0.119163,0.000000,-5.623300,-3.067202,0,3,21.850230,0.052028,0,0
9.680126,12.003380,257.362100,453.552800,0,0,0,0,0,0,0.000000,0.000000,0.000000,0.000000,0.995758,0.000000,0.000000,0.000000,0.000000,1.000000,0.000000,0.000181,0.992874,0.119163,0.000000,-5.721400,-3.164603,0,3,21.875680,0.052028,0,0
9.690126,12.003380,257.303900,453.764000,0,0,0,0,0,0,0.000000,0.000000,0.000000,0.000000,0.995758,0.000000,0.000000,0.000000,0.000000,1.000000,0.000000,0.000181,0.992874,0.119163,0.000000,-5.819500,-3.262004,0,3,21.901540,0.052028,0,0
9.700127,12.003380,257.244700,453.975100,0,0,0,0,0,0,0.000000,0.000000,0.000000,0.000000,0.995758,0.000000,0.000000,0.000000,0.000000,1.000000,0.000000,0.000181,0.992874,0.119163,0.000000,-5.917601,-3.359405,0,3,21.927810,0.052028,0,0
9.710127,12.003380,257.184600,454.186300,0,0,0,0,0,0,0.000000,0.000000,0.000000,0.000000,0.995758,0.000000,0.000000,0.000000,0.000000,1.000000,0.000000,0.000181,0.992874,0.119163,0.000000,-6.015701,-3.456806,0,3,21.954490,0.052028,0,0
9.720127,12.003380,257.123400,454.397400,0,0,0,0,0,0,0.000000,0.000000,0.000000,0.000000,0.995758,0.000000,0.000000,0.000000,0.000000,1.000000,0.000000,0.000181,0.992874,0.119163,0.000000,-6.113801,-3.554207,0,3,21.981570,0.052028,0,0
9.730127,12.003380,257.061300,454.608600,0,0,0,0,0,0,0.000000,0.000000,0.000000,0.000000,0.995758,0.000000,0.000000,0.000000,0.000000,1.000000,0.000000,0.000181,0.992874,0.119163,0.000000,-6.211901,-3.651608,0,3,22.009060,0.052028,0,0
9.740128,12.003380,256.998200,454.819700,0,0,0,0,0,0,0.000000,0.000000,0.000000,0.000000,0.995758,0.000000,0.000000,0.000000,0.000000,1.000000,0.000000,0.000181,0.992874,0.119163,0.000000,-6.310001,-3.749009,0,3,22.036950,0.052028,0,0
9.750128,12.003380,256.934100,455.030900,0,0,0,0,0,0,0.000000,0.000000,0.000000,0.000000,0.995758,0.000000,0.000000,0.000000,0.000000,1.000000,0.000000,0.000181,0.992874,0.119163,0.000000,-6.408102,-3.846411,0,3,22.065240,0.052028,0,0
9.760128,12.003380,256.869000,455.242000,0,0,0,0,0,0,0.000000,0.000000,0.000000,0.000000,0.995758,0.000000,0.000000,0.000000,0.000000,1.000000,0.000000,0.000181,0.992874,0.119163,0.000000,-6.506202,-3.943812,0,3,22.093920,0.052028,0,0
9.770128,12.003380,256.803000,455.453200,0,0,0,0,0,0,0.000000,0.000000,0.000000,0.000000,0.995758,0.000000,0.000000,0.000000,0.000000,1.000000,0.000000,0.000181,0.992874,0.119163,0.000000,-6.604302,-4.041213,0,3,22.123010,0.052028,0,0
9.780128,12.003380,256.736000,455.664300,0,0,0,0,0,0,0.000000,0.000000,0.000000,0.000000,0.995758,0.000000,0.000000,0.000000,0.000000,1.000000,0.000000,0.000181,0.992874,0.119163,0.000000,-6.702402,-4.138614,0,3,22.152490,0.052028,0,0
9.790129,12.003380,256.668000,455.875500,0,0,0,0,0,0,0.000000,0.000000,0.000000,0.000000,0.995758,0.000000,0.000000,0.000000,0.000000,1.000000,0.000000,0.000181,0.992874,0.119163,0.000000,-6.800502,-4.236015,0,3,22.182370,0.052028,0,0
9.800129,12.003380,256.599000,456.086600,0,0,0,0,0,0,0.000000,0.000000,0.000000,0.000000,0.995758,0.000000,0.000000,0.000000,0.000000,1.000000,0.000000,0.000181,0.992874,0.119163,0.000000,-6.898602,-4.333416,0,3,22.212640,0.052028,0,0
9.810129,12.003380,256.529000,456.297800,0,0,0,0,0,0,0.000000,0.000000,0.000000,0.000000,0.995758,0.000000,0.000000,0.000000,0.000000,1.000000,0.000000,0.000181,0.992874,0.119163,0.000000,-6.996703,-4.430817,0,3,22.243310,0.052028,0,0
9.820129,12.003380,256.458100,456.508900,0,0,0,0,0,0,0.000000,0.000000,0.000000,0.000000,0.995758,0.000000,0.000000,0.000000,0.000000,1.000000,0.000000,0.000181,0.992874,0.119163,0.000000,-7.094803,-4.528218,0,3,22.274360,0.052028,0,0
9.830130,12.003380,256.386100,456.720100,0,0,0,0,0,0,0.000000,0.000000,0.000000,0.000000,0.995758,0.000000,0.000000,0.000000,0.000000,1.000000,0.000000,0.000181,0.992874,0.119163,0.000000,-7.192903,-4.625619,0,3,22.305800,0.052028,0,0
9.840130,12.003380,256.313200,456.931200,0,0,0,0,0,0,0.000000,0.000000,0.000000,0.000000,0.995758,0.000000,0.000000,0.000000,0.000000,1.000000,0.000000,0.000181,0.992874,0.119163,0.000000,-7.291003,-4.723021,0,3,22.337630,0.052028,0,0
9.850130,12.003380,256.239300,457.142400,0,0,0,0,0,0,0.000000,0.000000,0.000000,0.000000,0.995758,0.000000,0.000000,0.000000,0.000000,1.000000,0.000000,0.000181,0.992874,0.119163,0.000000,-7.389103,-4.820422,0,3,22.369840,0.052028,0,0
9.860130,12.003380,256.164500,457.353500,0,0,0,0,0,0,0.000000,0.000000,0.000000,0.000000,0.995758,0.000000,0.000000,0.000000,0.000000,1.000000,0.000000,0.000181,0.992874,0.119163,0.000000,-7.487204,-4.917823,0,3,22.402430,0.052028,0,0
9.870131,12.003380,256.088600,457.564700,0,0,0,0,0,0,0.000000,0.000000,0.000000,0.000000,0.995758,0.000000,0.000000,0.000000,0.000000,1.000000,0.000000,0.000181,0.992874,0.119163,0.000000,-7.585304,-5.015224,0,3,22.435410,0.052028,0,0
9.880131,12.003380,256.011800,457.775800,0,0,0,0,0,0,0.000000,0.000000,0.000000,0.000000,0.995758,0.000000,0.000000,0.000000,0.000000,1.000000,0.000000,0.000181,0.992874,0.119163,0.000000,-7.683404,-5.112625,0,3,22.468770,0.052028,0,0
9.890131,12.003380,255.934000,457.987000,0,0,0,0,0,0,0.000000,0.000000,0.000000,0.000000,0.995758,0.000000,0.000000,0.000000,0.000000,1.000000,0.000000,0.000181,0.992874,0.119163,0.000000,-7.781504,-5.210026,0,3,22.502500,0.052028,0,0
9.900131,12.003380,255.855200,458.198200,0,0,0,0,0,0,0.000000,0.000000,0.000000,0.000000,0.995758,0.000000,0.000000,0.000000,0.000000,1.000000,0.000000,0.000181,0.992874,0.119163,0.000000,-7.879604,-5.307427,0,3,22.536620,0.052028,0,0
9.910131,12.003380,255.775400,458.409300,0,0,0,0,0,0,0.000000,0.000000,0.000000,0.000000,0.995758,0.000000,0.000000,0.000000,0.000000,1.000000,0.000000,0.000181,0.992874,0.119163,0.000000,-7.977705,-5.404828,0,3,22.571100,0.052028,0,0
9.920132,12.003380,255.694600,458.620500,0,0,0,0,0,0,0.000000,0.000000,0.000000,0.000000,0.995758,0.000000,0.000000,0.000000,0.000000,1.000000,0.000000,0.000181,0.992874,0.119163,0.000000,-8.075805,-5.502229,0,3,22.605960,0.052028,0,0
9.930132,12.003380,255.612900,458.831600,0,0,0,0,0,0,0.000000,0.000000,0.000000,0.000000,0.995758,0.000000,0.000000,0.000000,0.000000,1.000000,0.000000,0.000181,0.992874,0.119163,0.000000,-8.173904,-5.599630,0,3,22.641190,0.052028,0,0
9.940132,12.003380,255.530200,459.042800,0,0,0,0,0,0,0.000000,0.000000,0.000000,0.000000,0.995758,0.000000,0.000000,0.000000,0.000000,1.000000,0.000000,0.000181,0.992874,0.119163,0.000000,-8.272004,-5.697031,0,3,22.676790,0.052028,0,0
9.950132,12.003380,255.446500,459.253900,0,0,0,0,0,0,0.000000,0.000000,0.000000,0.000000,0.995758,0.000000,0.000000,0.000000,0.000000,1.000000,0.000000,0.000181,0.992874,0.119163,0.000000,-8.370104,-5.794431,0,3,22.712760,0.052028,0,0
9.960133,12.003380,255.361800,459.465100,0,0,0,0,0,0,0.000000,0.000000,0.000000,0.000000,0.995758,0.000000,0.000000,0.000000,0.000000,1.000000,0.000000,0.000181,0.992874,0.119163,0.000000,-8.468204,-5.891832,0,3,22.749090,0.052028,0,0
9.970133,12.003380,255.276100,459.676200,0,0,0,0,0,0,0.000000,0.000000,0.000000,0.000000,0.995758,0.000000,0.000000,0.000000,0.000000,1.000000,0.000000,0.000181,0.992874,0.119163,0.000000,-8.566303,-5.989233,0,3,22.785790,0.052028,0,0
9.980133,12.003380,255.189500,459.887400,0,0,0,0,0,0,0.000000,0.000000,0.000000,0.000000,0.995758,0.000000,0.000000,0.000000,0.000000,1.000000,0.000000,0.000181,0.992874,0.119163,0.000000,-8.664403,-6.086633,0,3,22.822850,0.052028,0,0
9.990133,12.003380,255.101900,460.098500,0,0,0,0,0,0,0.000000,0.000000,0.000000,0.000000,0.995758,0.000000,0.000000,0.000000,0.000000,1.000000,0.000000,0.000181,0.992874,0.119163,0.000000,-8.762503,-6.184034,0,3,22.860280,0.052028,0,0
10.000130,12.003380,255.013200,460.309700,0,0,0,0,0,0,0.000000,0.000000,0.000000,0.000000,0.995758,0.000000,0.000000,0.000000,0.000000,1.000000,0.000000,0.000181,0.992874,0.119163,0.000000,-8.860602,-6.281435,0,3,22.898060,0.052028,0,0
10.010130,12.003380,254.923700,460.520800,0,0,0,0,0,0,0.000000,0.000000,0.000000,0.000000,0.995758,0.000000,0.000000,0.000000,0.000000,1.000000,0.000000,0.000181,0.992874,0.119163,0.000000,-8.958702,-6.378835,0,3,22.936200,0.052028,0,0
10.020130,12.003380,254.833100,460.732000,0,0,0,0,0,0,0.000000,0.000000,0.000000,0.000000,0.995758,0.000000,0.000000,0.000000,0.000000,1.000000,0.000000,0.000181,0.992874,0.119163,0.000000,-9.056802,-6.476236,0,3,22.974690,0.052028,0,0
10.030130,12.003380,254.741500,460.943100,0,0,0,0,0,0,0.000000,0.000000,0.000000,0.000000,0.995758,0.000000,0.000000,0.000000,0.000000,1.000000,0.000000,0.000181,0.992874,0.119163,0.000000,-9.154902,-6.573637,0,3,23.013540,0.052028,0,0
10.040130,12.003380,254.649000,461.154300,0,0,0,0,0,0,0.000000,0.000000,0.000000,0.000000,0.995758,0.000000,0.000000,0.000000,0.000000,1.000000,0.000000,0.000181,0.992874,0.119163,0.000000,-9.253001,-6.671037,0,3,23.052740,0.052028,0,0
10.050130,12.003380,254.555500,461.365400,0,0,0,0,0,0,0.000000,0.000000,0.000000,0.000000,0.995758,0.000000,0.000000,0.000000,0.000000,1.000000,0.000000,0.000181,0.992874,0.119163,0.000000,-9.351101,-6.768438,0,3,23.092290,0.052028,0,0
10.060130,12.003380,254.461000,461.576600,0,0,0,0,0,0,0.000000,0.000000,0.000000,0.000000,0.995758,0.000000,0.000000,0.000000,0.000000,1.000000,0.000000,0.000181,0.992874,0.119163,0.000000,-9.449201,-6.865839,0,3,23.132190,0.052028,0,0
10.070140,12.003380,254.365500,461.787700,0,0,0,0,0,0,0.000000,0.000000,0.000000,0.000000,0.995758,0.000000,0.000000,0.000000,0.000000,1.000000,0.000000,0.000181,0.992874,0.119163,0.000000,-9.547300,-6.963239,0,3,23.172440,0.052028,0,0
10.080140,12.003380,254.269100,461.998900,0,0,0,0,0,0,0.000000,0.000000,0.000000,0.000000,0.995758,0.000000,0.000000,0.000000,0.000000,1.000000,0.000000,0.000181,0.992874,0.119163,0.000000,-9.645400,-7.060639,0,3,23.213030,0.052028,0,0
10.090140,12.003380,254.171700,462.210000,0,0,0,0,0,0,0.000000,0.000000,0.000000,0.000000,0.995758,0.000000,0.000000,0.000000,0.000000,1.000000,0.000000,0.000181,0.992874,0.119163,0.000000,-9.743500,-7.158040,0,3,23.253960,0.052028,0,0
10.100140,12.003380,254.073200,462.421200,0,0,0,0,0,0,0.000000,0.000000,0.000000,0.000000,0.995758,0.000000,0.000000,0.000000,0.000000,1.000000,0.000000,0.000181,0.992874,0.119163,0.000000,-9.841599,-7.255441,0,3,23.295230,0.052028,0,0
10.110140,12.003380,253.973800,462.632300,0,0,0,0,0,0,0.000000,0.000000,0.000000,0.000000,0.995758,0.000000,0.000000,0.000000,0.000000,1.000000,0.000000,0.000181,0.992874,0.119163,0.000000,-9.939699,-7.352841,0,3,23.336850,0.052028,0,0
10.120140,12.003380,253.873500,462.843500,0,0,0,0,0,0,0.000000,0.000000,0.000000,0.000000,0.995758,0.000000,0.000000,0.000000,0.000000,1.000000,0.000000,0.000181,0.992874,0.119163,0.000000,-10.037800,-7.450242,0,3,23.378800,0.052028,0,0
10.130140,12.003380,253.772100,463.054600,0,0,0,0,0,0,0.000000,0.000000,0.000000,0.000000,0.995758,0.000000,0.000000,0.000000,0.000000,1.000000,0.000000,0.000181,0.992874,0.119163,0.000000,-10.135900,-7.547643,0,3,23.421090,0.052028,0,0
10.140140,12.003380,253.669800,463.265800,0,0,0,0,0,0,0.000000,0.000000,0.000000,0.000000,0.995758,0.000000,0.000000,0.000000,0.000000,1.000000,0.000000,0.000181,0.992874,0.119163,0.000000,-10.234000,-7.645043,0,3,23.463710,0.052028,0,0
10.150140,12.003380,253.566500,463.476900,0,0,0,0,0,0,0.000000,0.000000,0.000000,0.000000,0.995758,0.000000,0.000000,0.000000,0.000000,1.000000,0.000000,0.000181,0.992874,0.119163,0.000000,-10.332100,-7.742444,0,3,23.506660,0.052028,0,0
10.160140,12.003380,253.462100,463.688100,0,0,0,0,0,0,0.000000,0.000000,0.000000,0.000000,0.995758,0.000000,0.000000,0.000000,0.000000,1.000000,0.000000,0.000181,0.992874,0.119163,0.000000,-10.430200,-7.839845,0,3,23.549940,0.052028,0,0
10.170140,12.003380,253.356900,463.899200,0,0,0,0,0,0,0.000000,0.000000,0.000000,0.000000,0.995758,0.000000,0.000000,0.000000,0.000000,1.000000,0.000000,0.000181,0.992874,0.119163,0.000000,-10.528300,-7.937245,0,3,23.593560,0.052028,0,0
10.180140,12.003380,253.250600,464.110400,0,0,0,0,0,0,0.000000,0.000000,0.000000,0.000000,0.995758,0.000000,0.000000,0.000000,0.000000,1.000000,0.000000,0.000181,0.992874,0.119163,0.000000,-10.626400,-8.034646,0,3,23.637500,0.052028,0,0
10.190140,12.003380,253.143400,464.321500,0,0,0,0,0,0,0.000000,0.000000,0.000000,0.000000,0.995758,0.000000,0.000000,0.000000,0.000000,1.000000,0.000000,0.000181,0.992874,0.119163,0.000000,-10.724500,-8.132047,0,3,23.681760,0.052028,0,0
10.200140,12.003380,253.035100,464.532700,0,0,0,0,0,0,0.000000,0.000000,0.000000,0.000000,0.995758,0.000000,0.000000,0.000000,0.000000,1.000000,0.000000,0.000181,0.992874,0.119163,0.000000,-10.822600,-8.229447,0,3,23.726350,0.052028,0,0
10.210140,12.003380,252.925900,464.743800,0,0,0,0,0,0,0.000000,0.000000,0.000000,0.000000,0.995758,0.000000,0.000000,0.000000,0.000000,1.000000,0.000000,0.000181,0.992874,0.119163,0.000000,-10.920700,-8.326848,0,3,23.771250,0.052028,0,0
10.220140,12.003380,252.815700,464.955000,0,0,0,0,0,0,0.000000,0.000000,0.000000,0.000000,0.995758,0.000000,0.000000,0.000000,0.000000,1.000000,0.000000,0.000181,0.992874,0.119163,0.000000,-11.018800,-8.424249,0,3,23.816480,0.052028,0,0
10.230140,12.003380,252.704600,465.166100,0,0,0,0,0,0,0.000000,0.000000,0.000000,0.000000,0.995758,0.000000,0.000000,0.000000,0.000000,1.000000,0.000000,0.000181,0.992874,0.119163,0.000000,-11.116900,-8.521649,0,3,23.862020,0.052028,0,0
10.240140,12.003380,252.592400,465.377300,0,0,0,0,0,0,0.000000,0.000000,0.000000,0.000000,0.995758,0.000000,0.000000,0.000000,0.000000,1.000000,0.000000,0.000181,0.992874,0.119163,0.000000,-11.215000,-8.619050,0,3,23.907880,0.052028,0,0
10.250140,12.003380,252.479300,465.588400,0,0,0,0,0,0,0.000000,0.000000,0.000000,0.000000,0.995758,0.000000,0.000000,0.000000,0.000000,1.000000,0.000000,0.000181,0.992874,0.119163,0.000000,-11.313100,-8.716451,0,3,23.954060,0.052028,0,0
10.260140,12.003380,252.365200,465.799600,0,0,0,0,0,0,0.000000,0.000000,0.000000,0.000000,0.995758,0.000000,0.000000,0.000000,0.000000,1.000000,0.000000,0.000181,0.992874,0.119163,0.000000,-11.411190,-8.813851,0,3,24.000550,0.052028,0,0
10.270140,12.003380,252.250100,466.010700,0,0,0,0,0,0,0.000000,0.000000,0.000000,0.000000,0.995758,0.000000,0.000000,0.000000,0.000000,1.000000,0.000000,0.000181,0.992874,0.119163,0.000000,-11.509290,-8.911252,0,3,24.047340,0.052028,0,0
10.280140,12.003380,252.134000,466.221900,0,0,0,0,0,0,0.000000,0.000000,0.000000,0.000000,0.995758,0.000000,0.000000,0.000000,0.000000,1.000000,0.000000,0.000181,0.992874,0.119163,0.000000,-11.607390,-9.008653,0,3,24.094450,0.052028,0,0
10.290140,12.003380,252.017000,466.433000,0,0,0,0,0,0,0.000000,0.000000,0.000000,0.000000,0.995758,0.000000,0.000000,0.000000,0.000000,1.000000,0.000000,0.000181,0.992874,0.119163,0.000000,-11.705490,-9.106053,0,3,24.141860,0.052028,0,0
10.300140,12.003380,251.898900,466.644200,0,0,0,0,0,0,0.000000,0.000000,0.000000,0.000000,0.995758,0.000000,0.000000,0.000000,0.000000,1.000000,0.000000,0.000181,0.992874,0.119163,0.000000,-11.803590,-9.203453,0,3,24.189580,0.052028,0,0
10.310140,12.003380,251.779900,466.855300,0,0,0,0,0,0,0.000000,0.000000,0.000000,0.000000,0.995758,0.000000,0.000000,0.000000,0.000000,1.000000,0.000000,0.000181,0.992874,0.119163,0.000000,-11.901690,-9.300854,0,3,24.237600,0.052028,0,0
10.320140,12.003380,251.659900,467.066500,0,0,0,0,0,0,0.000000,0.000000,0.000000,0.000000,0.995758,0.000000,0.000000,0.000000,0.000000,1.000000,0.000000,0.000181,0.992874,0.119163,0.000000,-11.999790,-9.398254,0,3,24.285920,0.052028,0,0
10.330140,12.003380,251.538900,467.277600,0,0,0,0,0,0,0.000000,0.000000,0.000000,0.000000,0.995758,0.000000,0.000000,0.000000,0.000000,1.000000,0.000000,0.000181,0.992874,0.119163,0.000000,-12.097890,-9.495655,0,3,24.334540,0.052028,0,0
10.340140,12.003380,251.417000,467.488800,0,0,0,0,0,0,0.000000,0.000000,0.000000,0.000000,0.995758,0.000000,0.000000,0.000000,0.000000,1.000000,0.000000,0.000181,0.992874,0.119163,0.000000,-12.195990,-9.593056,0,3,24.383460,0.052028,0,0
10.350140,12.003380,251.294000,467.700000,0,0,0,0,0,0,0.000000,0.000000,0.000000,0.000000,0.995758,0.000000,0.000000,0.000000,0.000000,1.000000,0.000000,0.000181,0.992874,0.119163,0.000000,-12.294090,-9.690456,0,3,24.432670,0.052028,0,0
10.360140,12.003380,251.170100,467.911100,0,0,0,0,0,0,0.000000,0.000000,0.000000,0.000000,0.995758,0.000000,0.000000,0.000000,0.000000,1.000000,0.000000,0.000181,0.992874,0.119163,0.000000,-12.392190,-9.787857,0,3,24.482180,0.052028,0,0
10.370140,12.003380,251.045200,468.122300,0,0,0,0,0,0,0.000000,0.000000,0.000000,0.000000,0.995758,0.000000,0.000000,0.000000,0.000000,1.000000,0.000000,0.000181,0.992874,0.119163,0.000000,-12.490290,-9.885258,0,3,24.531980,0.052028,0,0
10.380140,12.003380,250.919300,468.333400,0,0,0,0,0,0,0.000000,0.000000,0.000000,0.000000,0.995758,0.000000,0.000000,0.000000,0.000000,1.000000,0.000000,0.000181,0.992874,0.119163,0.000000,-12.588390,-9.982658,0,3,24.582080,0.052028,0,0
10.390140,12.003380,250.792400,468.544600,0,0,0,0,0,0,0.000000,0.000000,0.000000,0.000000,0.995758,0.000000,0.000000,0.000000,0.000000,1.000000,0.000000,0.000181,0.992874,0.119163,0.000000,-12.686490,-10.080060,0,3,24.632460,0.052028,0,0
10.400140,12.003380,250.664600,468.755700,0,0,0,0,0,0,0.000000,0.000000,0.000000,0.000000,0.995758,0.000000,0.000000,0.000000,0.000000,1.000000,0.000000,0.000181,0.992874,0.119163,0.000000,-12.784590,-10.177460,0,3,24.683120,0.052028,0,0
10.410140,12.003380,250.535800,468.966900,0,0,0,0,0,0,0.000000,0.000000,0.000000,0.000000,0.995758,0.000000,0.000000,0.000000,0.000000,1.000000,0.000000,0.000181,0.992874,0.119163,0.000000,-12.882690,-10.274860,0,3,24.734080,0.052028,0,0
10.420140,12.003380,250.406000,469.178000,0,0,0,0,0,0,0.000000,0.000000,0.000000,0.000000,0.995758,0.000000,0.000000,0.000000,0.000000,1.000000,0.000000,0.000181,0.992874,0.119163,0.000000,-12.980790,-10.372260,0,3,24.785310,0.052028,0,0
10.430140,12.003380,250.275200,469.389200,0,0,0,0,0,0,0.000000,0.000000,0.000000,0.000000,0.995758,0.000000,0.000000,0.000000,0.000000,1.000000,0.000000,0.000181,0.992874,0.119163,0.000000,-13.078890,-10.469660,0,3,24.836830,0.052028,0,0
10.440140,12.003380,250.143400,469.600300,0,0,0,0,0,0,0.000000,0.000000,0.000000,0.000000,0.995758,0.000000,0.000000,0.000000,0.000000,1.000000,0.000000,0.000181,0.992874,0.119163,0.000000,-13.176990,-10.567060,0,3,24.888630,0.052028,0,0
10.450140,12.003380,250.010700,469.811500,0,0,0,0,0,0,0.000000,0.000000,0.000000,0.000000,0.995758,0.000000,0.000000,0.000000,0.000000,1.000000,0.000000,0.000181,0.992874,0.119163,0.000000,-13.275090,-10.664460,0,3,24.940710,0.052028,0,0
10.460140,12.003380,249.876900,470.022600,0,0,0,0,0,0,0.000000,0.000000,0.000000,0.000000,0.995758,0.000000,0.000000,0.000000,0.000000,1.000000,0.000000,0.000181,0.992874,0.119163,0.000000,-13.373190,-10.761860,0,3,24.993060,0.052028,0,0
10.470140,12.003380,249.742200,470.233800,0,0,0,0,0,0,0.000000,0.000000,0.000000,0.000000,0.995758,0.000000,0.000000,0.000000,0.000000,1.000000,0.000000,0.000181,0.992874,0.119163,0.000000,-13.471290,-10.859260,0,3,25.045690,0.052028,0,0
10.480140,12.003380,249.606500,470.444900,0,0,0,0,0,0,0.000000,0.000000,0.000000,0.000000,0.995758,0.000000,0.000000,0.000000,0.000000,1.000000,0.000000,0.000181,0.992874,0.119163,0.000000,-13.569390,-10.956670,0,3,25.098590,0.052028,0,0
10.490140,12.003380,249.469800,470.656100,0,0,0,0,0,0,0.000000,0.000000,0.000000,0.000000,0.995758,0.000000,0.000000,0.000000,0.000000,1.000000,0.000000,0.000181,0.992874,0.119163,0.000000,-13.667490,-11.054070,0,3,25.151760,0.052028,0,0
10.500140,12.003380,249.332200,470.867200,0,0,0,0,0,0,0.000000,0.000000,0.000000,0.000000,0.995758,0.000000,0.000000,0.000000,0.000000,1.000000,0.000000,0.000181,0.992874,0.119163,0.000000,-13.765590,-11.151470,0,3,25.205200,0.052028,0,0
10.510150,12.003380,249.193500,471.078400,0,0,0,0,0,0,0.000000,0.000000,0.000000,0.000000,0.995758,0.000000,0.000000,0.000000,0.000000,1.000000,0.000000,0.000181,0.992874,0.119163,0.000000,-13.863690,-11.248870,0,3,25.258910,0.052028,0,0
10.520150,12.003380,249.053900,471.289500,0,0,0,0,0,0,0.000000,0.000000,0.000000,0.000000,0.995758,0.000000,0.000000,0.000000,0.000000,1.000000,0.000000,0.000181,0.992874,0.119163,0.000000,-13.961790,-11.346270,0,3,25.312890,0.052028,0,0
10.530150,12.003380,248.913300,471.500700,0,0,0,0,0,0,0.000000,0.000000,0.000000,0.000000,0.995758,0.000000,0.000000,0.000000,0.000000,1.000000,0.000000,0.000181,0.992874,0.119163,0.000000,-14.059890,-11.443670,0,3,25.367130,0.052028,0,0
10.540150,12.003380,248.771700,471.711800,0,0,0,0,0,0,0.000000,0.000000,0.000000,0.000000,0.995758,0.000000,0.000000,0.000000,0.000000,1.000000,0.000000,0.000181,0.992874,0.119163,0.000000,-14.157990,-11.541070,0,3,25.421630,0.052028,0,0
10.550150,12.003380,248.629200,471.923000,0,0,0,0,0,0,0.000000,0.000000,0.000000,0.000000,0.995758,0.000000,0.000000,0.000000,0.000000,1.000000,0.000000,0.000181,0.992874,0.119163,0.000000,-14.256090,-11.638470,0,3,25.476400,0.051770,0,0
10.560150,12.003380,248.485600,472.134100,0,0,0,0,0,0,0.000000,0.000000,0.000000,0.000000,0.995758,0.000000,0.000000,0.000000,0.000000,1.000000,0.000000,0.000181,0.992874,0.119163,0.000000,-14.354190,-11.735870,0,3,25.531420,0.050655,0,0
10.570150,12.003380,248.341100,472.345300,0,0,0,0,0,0,0.000000,0.000000,0.000000,0.000000,0.995758,0.000000,0.000000,0.000000,0.000000,1.000000,0.000000,0.000181,0.992874,0.119163,0.000000,-14.452290,-11.833270,0,3,25.586700,0.049536,0,0
10.580150,12.003380,248.195600,472.556400,0,0,0,0,0,0,0.000000,0.000000,0.000000,0.000000,0.995758,0.000000,0.000000,0.000000,0.000000,1.000000,0.000000,0.000181,0.992874,0.119163,0.000000,-14.550390,-11.930670,0,3,25.642240,0.048416,0,0
10.590150,12.003380,248.049100,472.767600,0,0,0,0,0,0,0.000000,0.000000,0.000000,0.000000,0.995758,0.000000,0.000000,0.000000,0.000000,1.000000,0.000000,0.000181,0.992874,0.119163,0.000000,-14.648490,-12.028070,0,3,25.698030,0.047298,0,0
10.600150,12.003380,247.901700,472.978700,0,0,0,0,0,0,0.000000,0.000000,0.000000,0.000000,0.995758,0.000000,0.000000,0.000000,0.000000,1.000000,0.000000,0.000181,0.992874,0.119163,0.000000,-14.746580,-12.125470,0,3,25.754080,0.046182,0,0
10.610150,12.003380,247.753200,473.189900,0,0,0,0,0,0,0.000000,0.000000,0.000000,0.000000,0.995758,0.000000,0.000000,0.000000,0.000000,1.000000,0.000000,0.000181,0.992874,0.119163,0.000000,-14.844680,-12.222870,0,3,25.810380,0.045072,0,0
10.620150,12.003380,247.603800,473.401000,0,0,0,0,0,0,0.000000,0.000000,0.000000,0.000000,0.995758,0.000000,0.000000,0.000000,0.000000,1.000000,0.000000,0.000181,0.992874,0.119163,0.000000,-14.942780,-12.320270,0,3,25.866920,0.043968,0,0
10.630150,12.003380,247.453400,473.612200,0,0,0,0,0,0,0.000000,0.000000,0.000000,0.000000,0.995758,0.000000,0.000000,0.000000,0.000000,1.000000,0.000000,0.000181,0.992874,0.119163,0.000000,-15.040880,-12.417670,0,3,25.923720,0.042871,0,0
10.640150,12.003380,247.302000,473.823300,0,0,0,0,0,0,0.000000,0.000000,0.000000,0.000000,0.995758,0.000000,0.000000,0.000000,0.000000,1.000000,0.000000,0.000181,0.992874,0.119163,0.000000,-15.138980,-12.515070,0,3,25.980750,0.041784,0,0
10.650150,12.003380,247.149600,474.034500,0,0,0,0,0,0,0.000000,0.000000,0.000000,0.000000,0.995758,0.000000,0.000000,0.000000,0.000000,1.000000,0.000000,0.000181,0.992874,0.119163,0.000000,-15.237080,-12.612480,0,3,26.038040,0.040707,0,0
10.660150,12.003380,246.996300,474.245600,0,0,0,0,0,0,0.000000,0.000000,0.000000,0.000000,0.995758,0.000000,0.000000,0.000000,0.000000,1.000000,0.000000,0.000181,0.992874,0.119163,0.000000,-15.335180,-12.709880,0,3,26.095570,0.039641,0,0
10.670150,12.003380,246.841900,474.456800,0,0,0,0,0,0,0.000000,0.000000,0.000000,0.000000,0.995758,0.000000,0.000000,0.000000,0.000000,1.000000,0.000000,0.000181,0.992874,0.119163,0.000000,-15.433280,-12.807280,0,3,26.153340,0.038587,0,0
10.680150,12.003380,246.686600,474.667900,0,0,0,0,0,0,0.000000,0.000000,0.000000,0.000000,0.995758,0.000000,0.000000,0.000000,0.000000,1.000000,0.000000,0.000181,0.992874,0.119163,0.000000,-15.531380,-12.904680,0,3,26.211350,0.037546,0,0
10.690150,12.003380,246.530300,474.879100,1,1,1,1,2,2,0.957902,0.960030,0.957877,0.960087,0.958982,-0.000695,0.973837,0.227246,-0.000698,0.973835,0.227254,-0.000698,0.973835,0.227254,0.000000,-5.198097,0.000000,1,4,22.873480,-3.402702,0,0
10.700150,12.003180,246.477400,475.101700,1,1,1,1,2,2,0.956850,0.959128,0.956907,0.959129,0.958018,-0.000699,0.973837,0.227246,-0.000698,0.973835,0.227254,-0.000698,0.973835,0.227254,0.000000,-5.292795,-0.095534,1,4,22.880970,-1.250373,0,0
10.710150,12.002820,246.423500,475.324100,1,1,1,1,2,2,0.954896,0.957278,0.954942,0.957241,0.956092,-0.000699,0.973837,0.227246,-0.000698,0.973835,0.227254,-0.000698,0.973835,0.227254,0.000000,-5.387424,-0.191021,1,4,22.888760,-1.625232,0,0
10.720150,12.002260,246.368700,475.546400,1,1,1,1,2,2,0.952381,0.954876,0.952355,0.954800,0.953577,-0.000695,0.973573,0.228373,-0.000698,0.973589,0.228307,-0.000698,0.973814,0.227345,0.000000,-5.481981,-0.284330,1,4,22.896840,-2.004616,0,0
10.730150,12.001460,246.312900,475.768600,1,1,1,1,2,2,0.948682,0.951370,0.948675,0.951331,0.950003,-0.000695,0.973573,0.228373,-0.000698,0.973589,0.228307,-0.000698,0.973795,0.227428,0.000000,-5.576457,-0.377774,1,4,22.905180,-2.412019,0,0
10.740150,12.000360,246.256200,475.990600,1,1,1,1,2,2,0.944062,0.946989,0.944040,0.946970,0.945505,-0.000695,0.973570,0.228387,-0.000698,0.973589,0.228307,-0.000698,0.973777,0.227503,0.000000,-5.670841,-0.471338,1,4,22.913750,-2.863917,0,0
10.750150,11.998930,246.198600,476.212500,1,1,1,1,2,2,0.938430,0.941679,0.938406,0.941656,0.940031,-0.000699,0.973570,0.228387,-0.000698,0.973589,0.228307,-0.000698,0.973761,0.227572,0.000000,-5.765120,-0.565007,1,4,22.922500,-3.370571,0,0
10.760150,11.997100,246.140000,476.434200,1,1,1,1,2,2,0.931035,0.935423,0.930903,0.935401,0.933152,-0.001438,0.973421,0.229018,-0.001443,0.973422,0.229013,-0.000762,0.973732,0.227696,0.000000,-5.859276,-0.657324,1,4,22.931390,-3.937563,0,0
10.770150,11.994810,246.080400,476.655700,1,1,1,1,2,2,0.923769,0.928269,0.923644,0.927113,0.925379,-0.001442,0.973425,0.229004,-0.002188,0.973255,0.229719,-0.000885,0.973691,0.227870,0.000000,-5.953291,-0.748395,1,4,22.940360,-4.565222,0,0
10.780150,11.991990,246.020000,476.877100,1,1,1,1,2,2,0.915370,0.919320,0.915410,0.919353,0.917382,-0.002193,0.973221,0.229861,-0.002188,0.973255,0.229719,-0.000997,0.973653,0.228029,0.417025,-6.047144,-0.839767,1,4,22.949330,-5.250003,0,0
10.790150,11.988580,245.958600,477.098300,1,1,1,1,2,2,0.906184,0.910668,0.906243,0.910698,0.908471,-0.002185,0.973211,0.229903,-0.002188,0.973255,0.229719,-0.001100,0.973619,0.228175,4.207420,-6.136749,-0.927238,1,4,22.958090,-5.986757,0,0
10.800150,11.984480,245.896700,477.319400,1,1,1,1,2,2,0.896676,0.901672,0.896548,0.901546,0.899047,-0.002193,0.973275,0.229634,-0.002188,0.973255,0.229719,-0.001194,0.973588,0.228308,7.148596,-6.189234,-0.977048,1,4,22.965030,-6.768132,0,0
10.810150,11.979620,245.834600,477.540500,1,1,1,1,2,2,0.887262,0.892269,0.887368,0.892159,0.889764,-0.002933,0.973085,0.230427,-0.002934,0.973086,0.230424,-0.001343,0.973544,0.228490,9.298573,-6.212856,-0.996221,1,4,22.970220,-7.586458,0,0
10.820150,11.973910,245.772400,477.761600,1,1,1,1,2,2,0.877887,0.883311,0.877729,0.883400,0.880565,-0.003671,0.972911,0.231149,-0.003679,0.972916,0.231130,-0.001544,0.973490,0.228717,10.867670,-6.215306,-0.992776,1,4,22.973850,-8.432646,0,0
10.830150,11.967260,245.710400,477.982700,1,1,1,1,2,2,0.868356,0.874570,0.868176,0.874500,0.871338,-0.003680,0.972937,0.231043,-0.003679,0.972916,0.231130,-0.001728,0.973441,0.228925,12.060800,-6.202222,-0.974090,1,4,22.976130,-9.297921,0,0
10.840150,11.959590,245.648600,478.203900,1,1,1,1,2,2,0.858959,0.865987,0.858890,0.865883,0.862387,-0.003688,0.972965,0.230923,-0.003679,0.972916,0.231130,-0.001896,0.973396,0.229115,12.916740,-6.177236,-0.943892,1,4,22.977180,-10.173610,0,0
10.850150,11.950820,245.587200,478.425100,1,1,1,1,2,2,0.850110,0.857843,0.849957,0.857669,0.853813,-0.003683,0.972915,0.231135,-0.003679,0.972916,0.231130,-0.002049,0.973354,0.229288,13.500380,-6.143600,-0.905525,1,4,22.977130,-11.051600,0,0
10.860150,11.940850,245.526200,478.646400,1,1,1,1,2,2,0.841554,0.849893,0.841384,0.849805,0.845594,-0.003684,0.972937,0.231043,-0.003679,0.972916,0.231130,-0.002190,0.973317,0.229447,13.883330,-6.103933,-0.861684,1,4,22.976090,-11.924460,0,0
10.870150,11.929590,245.465600,478.867700,1,1,1,1,2,2,0.833124,0.842422,0.833223,0.842412,0.837817,-0.003684,0.972876,0.231298,-0.003679,0.972916,0.231130,-0.002318,0.973282,0.229591,14.099520,-6.060153,-0.814349,1,4,22.974130,-12.785550,0,0
10.880150,11.916970,245.405400,479.089100,1,1,1,1,2,2,0.825439,0.835581,0.825540,0.835509,0.830524,-0.003672,0.972937,0.231043,-0.003679,0.972916,0.231130,-0.002435,0.973251,0.229724,14.182330,-6.013850,-0.765165,1,4,22.971290,-13.629120,0,0
10.890150,11.902910,245.345800,479.310400,1,1,1,1,2,2,0.818456,0.829079,0.818314,0.829073,0.823694,-0.003672,0.972873,0.231312,-0.003679,0.972916,0.231130,-0.002542,0.973222,0.229845,14.168460,-5.966287,-0.715440,1,4,22.967630,-14.450280,0,0
10.900150,11.887320,245.286600,479.531700,1,1,1,1,2,2,0.811446,0.822469,0.811533,0.822454,0.816993,-0.003680,0.972815,0.231553,-0.003678,0.972802,0.231608,-0.002640,0.973186,0.229997,14.116970,-5.918374,-0.665153,1,4,22.963160,-15.245050,0,0
10.910150,11.870130,245.227900,479.753000,1,1,1,1,2,2,0.804868,0.817236,0.804729,0.817204,0.810967,-0.003679,0.972697,0.232049,-0.003678,0.972688,0.232086,-0.002729,0.973143,0.230176,13.941100,-5.870443,-0.614741,1,4,22.957900,-16.010170,0,0
10.920150,11.851280,245.169600,479.974200,1,1,1,1,2,2,0.799221,0.812498,0.799071,0.812366,0.805719,-0.003675,0.972672,0.232155,-0.003678,0.972688,0.232086,-0.002811,0.973104,0.230341,13.678660,-5.823677,-0.566476,1,4,22.951900,-16.743220,0,0
10.930150,11.830680,245.111800,480.195300,1,1,1,1,2,2,0.793861,0.808028,0.793829,0.808007,0.800918,-0.003672,0.972726,0.231928,-0.003678,0.972688,0.232086,-0.002885,0.973068,0.230491,13.410370,-5.778887,-0.521191,1,4,22.945170,-17.442500,0,0
10.940160,11.808290,245.054500,480.416200,1,1,1,1,2,2,0.788993,0.804037,0.788958,0.804001,0.796479,-0.003680,0.972726,0.231928,-0.003678,0.972688,0.232086,-0.002954,0.973035,0.230628,13.152090,-5.736104,-0.478916,1,4,22.937720,-18.106890,0,0
10.950160,11.784040,244.997500,480.637000,1,1,1,1,2,2,0.784933,0.800927,0.784870,0.800881,0.792875,-0.003679,0.972486,0.232934,-0.003677,0.972460,0.233042,-0.003016,0.972986,0.230836,12.767330,-5.695206,-0.437595,1,4,22.929550,-18.735880,0,0
10.960160,11.757870,244.941000,480.857600,1,1,1,1,2,2,0.780964,0.797865,0.780904,0.797809,0.789357,-0.003680,0.972482,0.232948,-0.003677,0.972460,0.233042,-0.003073,0.972941,0.231026,12.474450,-5.657401,-0.400564,1,4,22.920710,-19.329090,0,0
10.970160,11.729760,244.884800,481.077900,1,1,1,1,2,2,0.776494,0.795105,0.776348,0.795045,0.785696,-0.004328,0.972350,0.233486,-0.004327,0.972310,0.233657,-0.003181,0.972886,0.231252,12.255440,-5.621874,-0.365471,1,4,22.911380,-19.652070,0,0
10.980160,11.699710,244.828900,481.298000,1,1,1,1,2,2,0.773268,0.791632,0.773239,0.791607,0.782423,-0.004979,0.972167,0.234236,-0.004976,0.972159,0.234271,-0.003335,0.972824,0.231512,11.998490,-5.588051,-0.331647,1,4,22.901820,-19.631280,0,0
10.990160,11.667730,244.773300,481.517800,1,1,1,1,2,2,0.770429,0.789756,0.770422,0.789710,0.780066,-0.004975,0.972171,0.234221,-0.004976,0.972159,0.234271,-0.003477,0.972766,0.231750,11.654560,-5.556303,-0.300947,1,4,22.891980,-19.610870,0,0
11.000160,11.633830,244.718000,481.737200,1,1,1,1,2,2,0.767813,0.788047,0.767802,0.788032,0.777917,-0.004979,0.972167,0.234236,-0.004976,0.972159,0.234271,-0.003606,0.972714,0.231967,11.372060,-5.527468,-0.274194,1,4,22.881860,-19.590290,0,0
11.010160,11.598000,244.663000,481.956300,1,1,1,1,2,2,0.765395,0.786571,0.765349,0.786525,0.775937,-0.004975,0.972174,0.234207,-0.004976,0.972159,0.234271,-0.003724,0.972666,0.232165,11.141450,-5.500939,-0.250732,1,4,22.871400,-19.569560,0,0
11.020160,11.560260,244.608300,482.175000,1,1,1,1,2,2,0.763833,0.785225,0.763784,0.785207,0.774496,-0.005627,0.972008,0.234879,-0.005626,0.972007,0.234885,-0.003887,0.972610,0.232399,10.846240,-5.476205,-0.228566,1,4,22.860560,-19.548590,0,0
11.030160,11.520610,244.553700,482.393300,1,1,1,1,2,2,0.761986,0.784744,0.761975,0.784749,0.773362,-0.006280,0.971845,0.235537,-0.006276,0.971854,0.235498,-0.004093,0.972545,0.232666,10.545880,-5.453897,-0.208412,1,4,22.849340,-19.527910,0,0
11.040160,11.479060,244.499400,482.611200,1,1,1,1,2,2,0.760303,0.784043,0.760266,0.783981,0.772123,-0.006279,0.971852,0.235508,-0.006276,0.971854,0.235498,-0.004281,0.972485,0.232910,10.353960,-5.434067,-0.191843,1,4,22.837710,-19.507500,0,0
11.050160,11.435630,244.445300,482.828700,1,1,1,1,2,2,0.758665,0.783358,0.758616,0.783307,0.770961,-0.006280,0.971845,0.235537,-0.006276,0.971854,0.235498,-0.004452,0.972431,0.233132,10.209680,-5.415652,-0.177727,1,4,22.825630,-19.486940,0,0
11.060160,11.390300,244.391300,483.045700,1,1,1,1,2,2,0.757090,0.782762,0.757073,0.782706,0.769890,-0.006279,0.971852,0.235508,-0.006276,0.971854,0.235498,-0.004609,0.972381,0.233336,10.097490,-5.398184,-0.165542,1,4,22.813080,-19.466260,0,0
11.070160,11.343100,244.337400,483.262100,1,1,1,1,2,2,0.755573,0.782220,0.755531,0.782198,0.768865,-0.006275,0.971849,0.235523,-0.006276,0.971854,0.235498,-0.004753,0.972336,0.233522,10.016210,-5.381345,-0.154928,1,4,22.800040,-19.445430,0,0
11.080160,11.294030,244.283800,483.478100,1,1,1,1,2,2,0.754107,0.781724,0.754070,0.781698,0.767884,-0.006280,0.971845,0.235537,-0.006276,0.971854,0.235498,-0.004884,0.972295,0.233692,9.957556,-5.364830,-0.145538,1,4,22.786490,-19.424460,0,0
11.090160,11.243100,244.230300,483.693500,1,1,1,1,2,2,0.752696,0.781287,0.752666,0.781256,0.766961,-0.006279,0.971849,0.235523,-0.006276,0.971854,0.235498,-0.005004,0.972257,0.233848,9.912708,-5.348417,-0.137114,1,4,22.772410,-19.403490,0,0
11.100160,11.190320,244.177000,483.908300,1,1,1,1,2,2,0.751236,0.780896,0.751272,0.780860,0.766066,-0.006280,0.971874,0.235417,-0.006276,0.971854,0.235498,-0.005113,0.972222,0.233990,9.882799,-5.331968,-0.129484,1,4,22.757780,-19.382420,0,0
11.110160,11.135690,244.123900,484.122600,1,1,1,1,2,2,0.749984,0.780452,0.749941,0.780511,0.765226,-0.006280,0.971874,0.235417,-0.006276,0.971854,0.235498,-0.005213,0.972190,0.234120,9.858316,-5.315335,-0.122472,1,4,22.742600,-19.361310,0,0
11.120160,11.079230,244.070900,484.336300,1,1,1,1,2,2,0.748704,0.780204,0.748647,0.780166,0.764407,-0.006279,0.971852,0.235508,-0.006276,0.971854,0.235498,-0.005305,0.972162,0.234238,9.843634,-5.298464,-0.115996,1,4,22.726840,-19.340200,0,0
11.130160,11.020940,244.018100,484.549300,1,1,1,1,2,2,0.747402,0.779592,0.747364,0.779515,0.763439,-0.006280,0.971783,0.235792,-0.006275,0.971780,0.235807,-0.005388,0.972129,0.234373,9.850904,-5.281258,-0.109336,1,4,22.710490,-19.318990,0,0
11.140160,10.960840,243.965400,484.761700,1,1,1,1,2,2,0.745919,0.779494,0.745815,0.779387,0.762601,-0.006275,0.971725,0.236032,-0.006275,0.971705,0.236116,-0.005465,0.972092,0.234523,9.825706,-5.263502,-0.102304,1,4,22.693550,-19.297790,0,0
11.150160,10.898940,243.913000,484.973400,1,1,1,1,2,2,0.744836,0.779357,0.744723,0.779284,0.762004,-0.006280,0.971721,0.236047,-0.006275,0.971705,0.236116,-0.005534,0.972059,0.234660,9.771530,-5.245510,-0.095851,1,4,22.676010,-19.276410,0,0
11.160160,10.835240,243.860700,485.184500,1,1,1,1,2,2,0.742997,0.779304,0.742931,0.779208,0.761070,-0.006792,0.971594,0.236555,-0.006788,0.971583,0.236601,-0.005642,0.972018,0.234827,9.768511,-5.227562,-0.089023,1,4,22.657860,-19.255130,0,0
11.170160,10.769750,243.808600,485.394900,1,1,1,1,2,2,0.742253,0.778707,0.742185,0.778658,0.760422,-0.007301,0.971404,0.237319,-0.007301,0.971386,0.237394,-0.005785,0.971964,0.235048,9.678689,-5.209168,-0.080786,1,4,22.639090,-19.234080,0,0
11.180160,10.702490,243.756700,485.604500,1,1,1,1,2,2,0.741744,0.779099,0.741677,0.779074,0.760376,-0.007304,0.971346,0.237559,-0.007301,0.971311,0.237702,-0.005915,0.971907,0.235277,9.500633,-5.191175,-0.073352,1,4,22.619710,-19.213160,0,0
11.190160,10.633470,243.705000,485.813400,1,1,1,1,2,2,0.741129,0.779335,0.741085,0.779427,0.760256,-0.007305,0.971313,0.237693,-0.007301,0.971311,0.237702,-0.006035,0.971856,0.235485,9.392956,-5.174436,-0.068206,1,4,22.599710,-19.192080,0,0
11.200160,10.562700,243.653400,486.021500,1,1,1,1,2,2,0.740549,0.779822,0.740471,0.779817,0.760144,-0.007301,0.971346,0.237559,-0.007301,0.971311,0.237702,-0.006144,0.971809,0.235676,9.322508,-5.158268,-0.064600,1,4,22.579080,-19.171080,0,0
11.210160,10.490180,243.601900,486.228900,1,1,1,1,2,2,0.740581,0.780041,0.740523,0.780144,0.760334,-0.007817,0.971188,0.238187,-0.007814,0.971188,0.238186,-0.006287,0.971756,0.235892,9.194951,-5.142308,-0.060882,1,4,22.557810,-19.150080,0,0
11.220160,10.415940,243.550700,486.435400,1,1,1,1,2,2,0.754504,0.781114,0.740174,0.781244,0.760709,0.026860,0.970733,0.238654,-0.008327,0.971065,0.238671,-0.006463,0.971696,0.236131,9.046837,-5.127117,-0.057686,1,4,22.535900,-19.129370,0,0
11.230160,10.339980,243.499500,486.641000,1,1,1,1,2,2,0.740244,0.781841,0.740175,0.781774,0.760975,-0.007110,0.971097,0.238578,-0.007109,0.971074,0.238673,-0.006519,0.971643,0.236350,8.989371,-5.112898,-0.057318,1,4,22.513360,-19.108900,0,0
11.240160,10.262320,243.448500,486.845800,1,1,1,1,2,2,0.739580,0.782288,0.739525,0.782255,0.760890,-0.007111,0.971087,0.238622,-0.007109,0.971074,0.238673,-0.006569,0.971594,0.236550,9.020552,-5.098755,-0.057977,1,4,22.490170,-19.087760,0,0
11.250160,10.182970,243.397700,487.049800,1,1,1,1,2,2,0.738906,0.782821,0.738837,0.782689,0.760763,-0.007110,0.971068,0.238698,-0.007109,0.971074,0.238673,-0.006616,0.971549,0.236733,9.061964,-5.083832,-0.058735,1,4,22.466350,-19.066800,0,0
11.260160,10.101930,243.347000,487.252800,1,1,1,1,2,2,0.738182,0.788071,0.738134,0.783074,0.760604,0.002582,0.971112,0.238612,-0.007109,0.971074,0.238673,-0.006658,0.971508,0.236900,9.108150,-5.068034,-0.059455,1,4,22.441890,-19.046170,0,0
11.270160,10.019230,243.296500,487.455000,1,1,1,1,2,2,0.737406,0.783932,0.737371,0.783887,0.760629,-0.005895,0.971094,0.238624,-0.005891,0.971082,0.238675,-0.006592,0.971471,0.237053,9.139946,-5.051323,-0.060923,1,4,22.416830,-19.025690,0,0
11.280160,9.934876,243.246200,487.656200,1,1,1,1,2,2,0.736623,0.784002,0.736583,0.783943,0.760263,-0.005890,0.971102,0.238594,-0.005891,0.971082,0.238675,-0.006532,0.971438,0.237192,9.240653,-5.033830,-0.062327,1,4,22.391170,-19.004790,0,0
11.290160,9.848881,243.196000,487.856500,1,1,1,1,2,2,0.735047,0.784038,0.734995,0.783984,0.759489,-0.004669,0.971115,0.238566,-0.004673,0.971088,0.238676,-0.006372,0.971408,0.237320,9.417817,-5.014896,-0.063856,1,4,22.364940,-18.984140,0,0
11.300160,9.761257,243.146100,488.055800,1,1,1,1,2,2,0.734012,0.784040,0.733954,0.783984,0.758969,-0.004669,0.971115,0.238566,-0.004673,0.971088,0.238676,-0.006226,0.971380,0.237437,9.508813,-4.993773,-0.063760,1,4,22.338160,-18.963140,0,0
11.310160,9.672018,243.096400,488.254200,1,1,1,1,2,2,0.732975,0.784030,0.732931,0.784006,0.758469,-0.004674,0.971108,0.238596,-0.004673,0.971088,0.238676,-0.006092,0.971355,0.237543,9.576776,-4.971311,-0.062885,1,4,22.310860,-18.942550,0,0
11.320160,9.581177,243.046900,488.451500,1,1,1,1,2,2,0.731953,0.784013,0.731901,0.783976,0.757939,-0.004670,0.971104,0.238611,-0.004673,0.971088,0.238676,-0.005970,0.971332,0.237641,9.636035,-4.947749,-0.061449,1,4,22.283080,-18.922480,0,0
11.330160,9.488746,242.997700,488.647900,1,1,1,1,2,2,0.730929,0.783204,0.730901,0.783119,0.757010,-0.003453,0.971120,0.238568,-0.003455,0.971093,0.238678,-0.005754,0.971312,0.237730,9.779120,-4.923185,-0.060495,1,4,22.254840,-18.902760,0,0
11.340160,9.394738,242.948700,488.843300,1,1,1,1,2,2,0.729240,0.781966,0.729169,0.782046,0.755607,-0.004550,0.970835,0.239705,-0.004555,0.970833,0.239714,-0.005651,0.971270,0.237901,9.903674,-4.896802,-0.055393,1,4,22.226200,-18.882700,0,0
11.350160,9.299167,242.900000,489.037600,1,1,1,1,2,2,0.728624,0.782229,0.728567,0.782164,0.755365,-0.004554,0.970861,0.239600,-0.004555,0.970833,0.239714,-0.005556,0.971233,0.238057,9.794454,-4.868803,-0.049298,1,4,22.197200,-18.863380,0,0
11.360160,9.202044,242.851600,489.230900,1,1,1,1,2,2,0.727907,0.782359,0.727974,0.782299,0.755137,-0.004550,0.970835,0.239705,-0.004555,0.970833,0.239714,-0.005470,0.971198,0.238200,9.715918,-4.841472,-0.044522,1,4,22.167880,-18.844490,0,0
11.370160,9.103381,242.803500,489.423100,1,1,1,1,2,2,0.727493,0.782472,0.727414,0.782435,0.754925,-0.004563,0.970854,0.239629,-0.004555,0.970833,0.239714,-0.005391,0.971167,0.238330,9.659151,-4.814526,-0.040737,1,4,22.138300,-18.826070,0,0
11.380170,9.003193,242.755600,489.614300,1,1,1,1,2,2,0.726981,0.782741,0.726898,0.782693,0.754795,-0.004554,0.970894,0.239465,-0.004555,0.970871,0.239561,-0.005319,0.971141,0.238436,9.613030,-4.787766,-0.037971,1,4,22.108490,-18.808050,0,0
11.390170,8.901489,242.708000,489.804400,1,1,1,1,2,2,0.727410,0.783536,0.727359,0.783518,0.755438,-0.005655,0.970667,0.240362,-0.005655,0.970647,0.240444,-0.005348,0.971099,0.238609,9.380339,-4.761106,-0.033309,1,4,22.078500,-18.790510,0,0
11.400170,8.798283,242.660600,489.993400,1,1,1,1,2,2,0.727210,0.783924,0.727102,0.783895,0.755498,-0.005647,0.970641,0.240467,-0.005655,0.970647,0.240444,-0.005375,0.971060,0.238767,9.319211,-4.736375,-0.031313,1,4,22.048400,-18.773600,0,0
11.410170,8.693585,242.613500,490.181200,1,1,1,1,2,2,0.726885,0.784256,0.726846,0.784216,0.755531,-0.005659,0.970671,0.240347,-0.005655,0.970647,0.240444,-0.005399,0.971024,0.238911,9.286062,-4.711920,-0.030235,1,4,22.018220,-18.757120,0,0
11.420170,8.587408,242.566600,490.368000,1,1,1,1,2,2,0.726654,0.784451,0.726556,0.784390,0.755473,-0.005659,0.970671,0.240347,-0.005655,0.970684,0.240292,-0.005421,0.970995,0.239030,9.290968,-4.687481,-0.030027,1,4,21.988020,-18.740940,0,0
11.430170,8.479762,242.520000,490.553600,1,1,1,1,2,2,0.726218,0.784640,0.726175,0.784601,0.755388,-0.005654,0.970741,0.240063,-0.005655,0.970722,0.240139,-0.005441,0.970972,0.239125,9.311876,-4.662704,-0.030260,1,4,21.957850,-18.725220,0,0
11.440170,8.370658,242.473600,490.738100,1,1,1,1,2,2,0.725862,0.784823,0.725812,0.784764,0.755288,-0.005654,0.970745,0.240048,-0.005655,0.970722,0.240139,-0.005459,0.970950,0.239213,9.334918,-4.637445,-0.030471,1,4,21.927750,-18.709950,0,0
11.450170,8.260106,242.427500,490.921400,1,1,1,1,2,2,0.725476,0.784942,0.725457,0.784901,0.755179,-0.005657,0.970734,0.240092,-0.005655,0.970722,0.240139,-0.005476,0.970931,0.239292,9.358102,-4.611697,-0.030620,1,4,21.897770,-18.694890,0,0
11.460170,8.148117,242.381600,491.103500,1,1,1,1,2,2,0.725122,0.785052,0.725064,0.785009,0.755037,-0.005657,0.970734,0.240092,-0.005655,0.970722,0.240139,-0.005492,0.970913,0.239365,9.385381,-4.585471,-0.030692,1,4,21.867980,-18.680230,0,0
11.470170,8.034700,242.336000,491.284500,1,1,1,1,2,2,0.724729,0.785127,0.724683,0.785068,0.754875,-0.005657,0.970737,0.240078,-0.005655,0.970722,0.240139,-0.005506,0.970896,0.239432,9.412711,-4.558739,-0.030631,1,4,21.838410,-18.665890,0,0
11.480170,7.919866,242.290700,491.464300,1,1,1,1,2,2,0.724345,0.785174,0.724268,0.785109,0.754688,-0.005653,0.970737,0.240078,-0.005655,0.970722,0.240139,-0.005519,0.970881,0.239493,9.441078,-4.531511,-0.030426,1,4,21.809130,-18.651780,0,0
11.490170,7.803622,242.245700,491.642900,1,1,1,1,2,2,0.723951,0.785174,0.723902,0.785146,0.754524,-0.005655,0.970737,0.240078,-0.005655,0.970722,0.240139,-0.005530,0.970868,0.239548,9.461302,-4.503790,-0.030053,1,4,21.780180,-18.638010,0,0
11.500170,7.685979,242.200900,491.820300,1,1,1,1,2,2,0.723573,0.785244,0.723524,0.785175,0.754350,-0.005655,0.970737,0.240078,-0.005655,0.970722,0.240139,-0.005541,0.970855,0.239599,9.480798,-4.475667,-0.029585,1,4,21.751610,-18.624490,0,0
11.510170,7.566946,242.156500,491.996500,1,1,1,1,2,2,0.722613,0.784623,0.722536,0.784564,0.753550,-0.006461,0.970547,0.240825,-0.006460,0.970529,0.240896,-0.005620,0.970827,0.239711,9.559060,-4.447158,-0.026971,1,4,21.723490,-18.611160,0,0
11.520170,7.446529,242.112300,492.171500,1,1,1,1,2,2,0.722472,0.784866,0.722455,0.784816,0.753635,-0.006462,0.970536,0.240869,-0.006460,0.970529,0.240896,-0.005692,0.970801,0.239813,9.465163,-4.417706,-0.023838,1,4,21.695870,-18.598240,0,0
11.530170,7.324738,242.068400,492.345200,1,1,1,1,2,2,0.722378,0.785083,0.722310,0.785027,0.753669,-0.006457,0.970551,0.240810,-0.006460,0.970529,0.240896,-0.005758,0.970778,0.239906,9.410076,-4.388995,-0.021883,1,4,21.668790,-18.585500,0,0
11.540170,7.201580,242.024800,492.517800,1,1,1,1,2,2,0.722262,0.785273,0.722192,0.785234,0.753713,-0.006457,0.970547,0.240825,-0.006460,0.970529,0.240896,-0.005819,0.970757,0.239991,9.372281,-4.360655,-0.020699,1,4,21.642320,-18.573060,0,0
11.550170,7.077062,241.981500,492.689100,1,1,1,1,2,2,0.722133,0.785461,0.722095,0.785419,0.753757,-0.006458,0.970551,0.240810,-0.006460,0.970529,0.240896,-0.005874,0.970737,0.240069,9.348913,-4.332530,-0.020091,1,4,21.616510,-18.560800,0,0
11.560170,6.951270,241.938400,492.859200,1,1,1,1,2,2,0.722456,0.786160,0.722558,0.786121,0.754340,-0.007263,0.970326,0.241692,-0.007264,0.970335,0.241654,-0.005994,0.970703,0.240206,9.187665,-4.306294,-0.017848,1,4,21.593070,-17.446380,0,0
11.570170,6.824291,241.895600,493.028300,1,1,1,1,2,2,0.722678,0.786528,0.722592,0.786473,0.754532,-0.007259,0.970356,0.241572,-0.007264,0.970335,0.241654,-0.006103,0.970671,0.240330,9.145451,-4.283367,-0.017558,1,4,21.571950,-16.300260,0,0
11.580170,6.696207,241.853000,493.196300,1,1,1,1,2,2,0.722581,0.786842,0.722655,0.786769,0.754712,-0.007265,0.970326,0.241692,-0.007264,0.970335,0.241654,-0.006203,0.970642,0.240444,9.123931,-4.262497,-0.018001,1,4,21.552920,-15.227000,0,0
11.590170,6.567091,241.810500,493.363300,1,1,1,1,2,2,0.722705,0.786977,0.722669,0.787039,0.754854,-0.007261,0.970322,0.241706,-0.007264,0.970335,0.241654,-0.006294,0.970616,0.240548,9.121583,-4.243397,-0.018943,1,4,21.535790,-14.219610,0,0
11.600170,6.437016,241.768300,493.529500,1,1,1,1,2,2,0.722771,0.787273,0.722677,0.787246,0.754962,-0.007264,0.970315,0.241736,-0.007264,0.970335,0.241654,-0.006378,0.970591,0.240643,9.132627,-4.225799,-0.020168,1,4,21.520390,-13.272180,0,0
11.610170,6.306046,241.726200,493.694800,1,1,1,1,2,2,0.722669,0.787448,0.722603,0.787394,0.754998,-0.007263,0.970356,0.241572,-0.007264,0.970335,0.241654,-0.006454,0.970569,0.240730,9.159507,-4.209500,-0.021518,1,4,21.506560,-12.379030,0,0
11.620170,6.174243,241.684200,493.859300,1,1,1,1,2,2,0.722588,0.787559,0.722525,0.787494,0.755010,-0.007263,0.970356,0.241572,-0.007264,0.970335,0.241654,-0.006524,0.970549,0.240810,9.189731,-4.194280,-0.022815,1,4,21.494180,-11.535660,0,0
11.630170,6.041667,241.642400,494.023100,1,1,1,1,2,2,0.722368,0.787473,0.722451,0.787576,0.755013,-0.007263,0.970292,0.241826,-0.007264,0.970335,0.241654,-0.006587,0.970531,0.240883,9.218685,-4.180043,-0.024007,1,4,21.483140,-10.737720,0,0
11.640170,5.908370,241.600800,494.186200,1,1,1,1,2,2,0.722366,0.787673,0.722318,0.787605,0.754961,-0.007265,0.970359,0.241557,-0.007264,0.970335,0.241654,-0.006646,0.970514,0.240949,9.254915,-4.166744,-0.025089,1,4,21.473310,-9.981654,0,0
11.650170,5.774405,241.559200,494.348700,1,1,1,1,2,2,0.722212,0.787640,0.722159,0.787594,0.754876,-0.007265,0.970356,0.241572,-0.007264,0.970335,0.241654,-0.006699,0.970499,0.241010,9.292187,-4.154258,-0.025974,1,4,21.464620,-9.264446,0,0
11.660170,5.639821,241.517800,494.510600,1,1,1,1,2,2,0.722097,0.787483,0.721977,0.787568,0.754773,-0.007263,0.970296,0.241811,-0.007264,0.970335,0.241654,-0.006747,0.970484,0.241065,9.327245,-4.142524,-0.026635,1,4,21.456980,-8.583065,0,0
11.670170,5.504663,241.476500,494.672000,1,1,1,1,2,2,0.745453,0.787971,0.721814,0.787888,0.754851,0.028776,0.970055,0.241176,-0.007265,0.970464,0.241138,-0.006792,0.970483,0.241071,9.343345,-4.131515,-0.027845,1,4,21.450320,-7.935324,0,0
11.680170,5.368974,241.435300,494.832800,1,1,1,1,2,2,0.722264,0.787322,0.722222,0.787283,0.754752,-0.006913,0.970492,0.241034,-0.006913,0.970481,0.241080,-0.006802,0.970483,0.241072,9.401236,-4.121373,-0.029449,1,4,21.444560,-7.318906,0,0
11.690170,5.232798,241.394100,494.993200,1,1,1,1,2,2,0.721830,0.787783,0.721770,0.787775,0.754773,-0.006075,0.970460,0.241185,-0.006076,0.970486,0.241081,-0.006740,0.970483,0.241073,9.448027,-4.111646,-0.031468,1,4,21.439640,-6.731534,0,0
11.700170,5.096171,241.353100,495.153200,1,1,1,1,2,2,0.721339,0.787443,0.721330,0.787394,0.754362,-0.006074,0.970464,0.241170,-0.006076,0.970486,0.241081,-0.006683,0.970483,0.241074,9.558981,-4.102397,-0.032949,1,4,21.435510,-6.171469,0,0
11.710170,4.959133,241.312200,495.312800,1,1,1,1,2,2,0.720908,0.786728,0.720890,0.786718,0.753804,-0.006077,0.970616,0.240556,-0.006077,0.970614,0.240565,-0.006631,0.970494,0.241030,9.686099,-4.092966,-0.034008,1,4,21.432100,-5.637414,0,0
11.720170,4.821717,241.271300,495.472100,1,1,1,1,2,2,0.720502,0.786184,0.720464,0.786155,0.753310,-0.006081,0.970620,0.240541,-0.006077,0.970614,0.240565,-0.006583,0.970505,0.240990,9.766714,-4.083160,-0.033672,1,4,21.429380,-5.128278,0,0
11.730170,4.683959,241.230600,495.631100,1,1,1,1,2,2,0.719389,0.786045,0.719349,0.786023,0.752686,-0.005724,0.970615,0.240572,-0.005725,0.970631,0.240507,-0.006509,0.970516,0.240948,9.860252,-4.073394,-0.032917,1,4,21.427290,-4.642579,0,0
11.740170,4.545888,241.190000,495.789800,1,1,1,1,2,2,0.718802,0.785699,0.718749,0.785675,0.752212,-0.005727,0.970626,0.240527,-0.005725,0.970631,0.240507,-0.006442,0.970525,0.240910,9.899734,-4.063501,-0.031082,1,4,21.425790,-4.182077,0,0
11.750170,4.407536,241.149400,495.948300,1,1,1,1,2,2,0.718221,0.784598,0.718171,0.784564,0.751368,-0.004891,0.970623,0.240558,-0.004888,0.970635,0.240508,-0.006308,0.970535,0.240876,10.017670,-4.053961,-0.029716,1,4,21.424830,-3.749426,0,0
11.760170,4.268927,241.109000,496.106600,1,1,1,1,2,2,0.717688,0.784093,0.717690,0.784049,0.750870,-0.004889,0.970623,0.240558,-0.004888,0.970635,0.240508,-0.006186,0.970543,0.240844,10.038630,-4.043878,-0.026966,1,4,21.424320,-3.396712,0,0
11.770170,4.130042,241.068700,496.264600,1,1,1,1,2,2,0.717261,0.783641,0.717227,0.783590,0.750409,-0.004889,0.970623,0.240558,-0.004888,0.970635,0.240508,-0.006074,0.970551,0.240815,10.042970,-4.033134,-0.023818,1,4,21.423560,-3.661501,0,0
11.780170,3.990865,241.028400,496.422400,1,1,1,1,2,2,0.716898,0.783212,0.716835,0.783187,0.750011,-0.004886,0.970626,0.240543,-0.004888,0.970635,0.240508,-0.005972,0.970559,0.240789,10.030640,-4.021933,-0.020455,1,4,21.422580,-3.903014,0,0
11.790170,3.851383,240.988300,496.580000,1,1,1,1,2,2,0.716565,0.782848,0.716502,0.782842,0.749672,-0.004890,0.970626,0.240543,-0.004888,0.970635,0.240508,-0.005878,0.970565,0.240765,10.006800,-4.010537,-0.017060,1,4,21.421500,-4.089003,0,0
11.800170,3.711585,240.948300,496.737300,1,1,1,1,2,2,0.716262,0.782524,0.716239,0.782476,0.749357,-0.004890,0.970626,0.240543,-0.004888,0.970635,0.240508,-0.005793,0.970571,0.240742,9.981011,-3.999103,-0.013760,1,4,21.420360,-4.248310,0,0
11.810170,3.571463,240.908500,496.894300,1,1,1,1,2,2,0.716039,0.782259,0.715998,0.782213,0.749105,-0.004890,0.970630,0.240528,-0.004888,0.970635,0.240508,-0.005715,0.970577,0.240722,9.947071,-3.987705,-0.010587,1,4,21.419200,-4.376835,0,0
11.820180,3.431009,240.868700,497.051000,1,1,1,1,2,2,0.715853,0.781998,0.715802,0.781969,0.748885,-0.004885,0.970623,0.240558,-0.004888,0.970635,0.240508,-0.005644,0.970582,0.240704,9.912963,-3.976483,-0.007635,1,4,21.418090,-4.470984,0,0
11.830180,3.290219,240.829100,497.207500,1,1,1,1,2,2,0.715707,0.781777,0.715691,0.781750,0.748720,-0.004887,0.970630,0.240528,-0.004888,0.970635,0.240508,-0.005579,0.970586,0.240687,9.874662,-3.965498,-0.004915,1,4,21.417060,-4.531287,0,0
11.840180,3.149090,240.789500,497.363600,1,1,1,1,2,2,0.715608,0.781597,0.715580,0.781550,0.748565,-0.004890,0.970623,0.240558,-0.004888,0.970635,0.240508,-0.005519,0.970590,0.240672,9.841750,-3.954850,-0.002477,1,4,21.416160,-4.558176,0,0
11.850180,3.007623,240.750100,497.519500,1,1,1,1,2,2,0.715190,0.781214,0.715190,0.781098,0.748144,-0.005353,0.970524,0.240946,-0.005349,0.970525,0.240943,-0.005505,0.970585,0.240695,9.832874,-3.944544,0.000906,1,4,21.415440,-4.552784,0,0
11.860180,2.865820,240.710700,497.675000,1,1,1,1,2,2,0.715433,0.781103,0.715320,0.781120,0.748220,-0.005352,0.970524,0.240946,-0.005349,0.970525,0.240943,-0.005491,0.970580,0.240716,9.737277,-3.934402,0.004182,1,4,21.414940,-4.516071,0,0
11.870180,2.723685,240.671500,497.830400,1,1,1,1,2,2,0.715459,0.781288,0.715475,0.781150,0.748312,-0.005347,0.970524,0.240946,-0.005349,0.970525,0.240943,-0.005479,0.970575,0.240736,9.662971,-3.925318,0.006486,1,4,21.414670,-4.449413,0,0
11.880180,2.581223,240.632300,497.985400,1,1,1,1,2,2,0.715722,0.781330,0.715619,0.781179,0.748399,-0.005352,0.970557,0.240812,-0.005349,0.970525,0.240943,-0.005468,0.970571,0.240754,9.608603,-3.917135,0.008033,1,4,21.414680,-4.354232,0,0
11.890180,2.438442,240.593200,498.140100,1,1,1,1,2,2,0.715892,0.781253,0.715782,0.781487,0.748635,-0.005351,0.970527,0.240931,-0.005580,0.970469,0.241160,-0.005477,0.970562,0.240789,9.526583,-3.909706,0.009615,1,4,21.414970,-4.232084,0,0
11.900180,2.295352,240.554200,498.294600,1,1,1,1,2,2,0.716332,0.781613,0.716342,0.781628,0.748985,-0.005812,0.970402,0.241425,-0.005810,0.970414,0.241377,-0.005506,0.970549,0.240839,9.431138,-3.903342,0.010906,1,4,21.415560,-4.084653,0,0
11.910180,2.151964,240.515200,498.448800,1,1,1,1,2,2,0.716650,0.781818,0.716616,0.781805,0.749211,-0.005811,0.970365,0.241574,-0.005810,0.970414,0.241377,-0.005532,0.970538,0.240886,9.384619,-3.898215,0.011137,1,4,21.416470,-3.913607,0,0
11.920180,2.008291,240.476300,498.602800,1,1,1,1,2,2,0.716882,0.781992,0.716909,0.781957,0.749433,-0.005809,0.970406,0.241410,-0.005810,0.970414,0.241377,-0.005556,0.970527,0.240928,9.352814,-3.893885,0.010805,1,4,21.417690,-3.720726,0,0
11.930180,1.864347,240.437300,498.756600,1,1,1,1,2,2,0.717195,0.782235,0.717186,0.782065,0.749625,-0.005808,0.970402,0.241425,-0.005810,0.970414,0.241377,-0.005578,0.970517,0.240967,9.336538,-3.890244,0.010067,1,4,21.419220,-3.507838,0,0
11.940180,1.720147,240.398500,498.910200,1,1,1,1,2,2,0.717587,0.782151,0.717445,0.782213,0.749829,-0.005813,0.970425,0.241335,-0.005810,0.970414,0.241377,-0.005598,0.970508,0.241002,9.324336,-3.887171,0.009086,1,4,21.421060,-3.276592,0,0
11.950180,1.575708,240.359600,499.063500,1,1,1,1,2,2,0.717656,0.782408,0.717701,0.782276,0.749988,-0.005811,0.970425,0.241335,-0.005810,0.970414,0.241377,-0.005616,0.970500,0.241034,9.325021,-3.884652,0.007909,1,4,21.423200,-3.028887,0,0
11.960180,1.431047,240.320800,499.216700,1,1,1,1,2,2,0.717944,0.782436,0.717919,0.782346,0.750133,-0.005811,0.970428,0.241320,-0.005810,0.970414,0.241377,-0.005633,0.970493,0.241064,9.329885,-3.882587,0.006672,1,4,21.425630,-2.766418,0,0
11.970180,1.286184,240.282000,499.369800,1,1,1,1,2,2,0.718284,0.782352,0.718149,0.782383,0.750266,-0.005811,0.970428,0.241320,-0.005810,0.970414,0.241377,-0.005648,0.970486,0.241091,9.337059,-3.880954,0.005423,1,4,21.428340,-2.490801,0,0
11.980180,1.141137,240.243200,499.522700,1,1,1,1,2,2,0.718352,0.809151,0.718349,0.783520,0.750934,-0.005847,0.976438,0.215721,-0.005812,0.970666,0.240360,-0.005662,0.970502,0.241028,9.283237,-3.879750,0.002769,1,4,21.431300,-2.203776,0,0
11.990180,0.995928,240.204400,499.675500,1,1,1,1,2,2,0.718522,0.783191,0.718519,0.783177,0.750848,-0.005812,0.970621,0.240542,-0.005812,0.970666,0.240360,-0.005675,0.970516,0.240970,9.376902,-3.879580,-0.000352,1,4,21.434490,-1.907472,0,0
12.000180,0.850578,240.165600,499.828200,1,1,1,1,2,2,0.719728,0.782814,0.719724,0.782809,0.751266,-0.005813,0.970873,0.239524,-0.005813,0.970918,0.239343,-0.005687,0.970550,0.240830,9.390416,-3.879024,-0.003891,1,4,21.437900,-1.602791,0,0
12.010180,0.705107,240.126800,499.980900,1,1,1,1,2,2,0.719498,0.782445,0.719559,0.782449,0.751004,-0.005814,0.970899,0.239419,-0.005813,0.970918,0.239343,-0.005698,0.970582,0.240702,9.518607,-3.878868,-0.007115,1,4,21.441490,-1.291805,0,0
12.020180,0.559539,240.088100,500.133500,1,1,1,1,2,2,0.719345,0.782008,0.719288,0.781968,0.750628,-0.005977,0.970854,0.239597,-0.005976,0.970879,0.239497,-0.005722,0.970608,0.240599,9.620525,-3.878006,-0.008474,1,4,21.445250,-0.975058,0,0
12.030180,0.413896,240.049300,500.286200,1,1,1,1,2,2,0.719549,0.781204,0.719510,0.781126,0.750318,-0.005382,0.971148,0.238416,-0.005383,0.971133,0.238480,-0.005693,0.970653,0.240416,9.736567,-3.876696,-0.010866,1,4,21.449160,-0.654010,0,0
12.040180,0.268200,240.010500,500.438800,1,1,1,1,2,2,0.719290,0.780569,0.719259,0.780496,0.749877,-0.005382,0.971152,0.238402,-0.005383,0.971133,0.238480,-0.005666,0.970694,0.240250,9.839838,-3.874802,-0.011809,1,4,21.453180,-0.330098,0,0
12.050180,0.122476,239.971800,500.591500,1,1,1,1,2,2,0.718507,0.780276,0.718433,0.780205,0.749319,-0.004788,0.971371,0.237518,-0.004789,0.971385,0.237463,-0.005591,0.970754,0.240010,9.986217,-3.872446,-0.013622,1,4,21.457300,-0.004271,0,0
12.060180,-0.023253,239.933100,500.744200,1,1,1,1,2,2,0.718128,0.779627,0.718011,0.779550,0.748781,-0.004951,0.971341,0.237638,-0.004952,0.971347,0.237616,-0.005536,0.970805,0.239804,10.071290,-3.869206,-0.013130,1,4,21.461490,0.322185,0,0
12.070180,-0.168964,239.894500,500.897000,1,1,1,1,2,2,0.717701,0.778996,0.717617,0.778926,0.748272,-0.004949,0.971371,0.237518,-0.004952,0.971347,0.237616,-0.005485,0.970851,0.239615,10.121060,-3.865675,-0.011436,1,4,21.465730,0.648596,0,0
12.080180,-0.314632,239.855900,501.049900,1,1,1,1,2,2,0.716809,0.778439,0.716749,0.778347,0.747548,-0.004355,0.971377,0.237504,-0.004357,0.971349,0.237617,-0.005388,0.970894,0.239443,10.207690,-3.862188,-0.009672,1,4,21.470000,0.973862,0,0
12.090180,-0.460235,239.817300,501.203000,1,1,1,1,2,2,0.716357,0.777902,0.716293,0.777823,0.747058,-0.004357,0.971373,0.237519,-0.004357,0.971349,0.237617,-0.005299,0.970933,0.239286,10.221570,-3.858381,-0.006685,1,4,21.474290,1.297591,0,0
12.100180,-0.605748,239.778700,501.356200,1,1,1,1,2,2,0.716018,0.776923,0.715922,0.776843,0.746383,-0.003757,0.971386,0.237475,-0.003762,0.971352,0.237618,-0.005167,0.970969,0.239143,10.275820,-3.854951,-0.003980,1,4,21.478570,1.618671,0,0
12.110180,-0.751147,239.740200,501.509600,1,1,1,1,2,2,0.715721,0.776333,0.715644,0.776287,0.745966,-0.003764,0.971379,0.237505,-0.003762,0.971352,0.237618,-0.005046,0.971002,0.239011,10.260970,-3.851497,-0.000371,1,4,21.482830,1.936644,0,0
12.120180,-0.896409,239.701700,501.663100,1,1,1,1,2,2,0.715497,0.775889,0.715444,0.775820,0.745632,-0.003761,0.971376,0.237519,-0.003762,0.971352,0.237618,-0.004936,0.971032,0.238891,10.226530,-3.848681,0.003419,1,4,21.487050,2.250451,0,0
12.130180,-1.041510,239.663300,501.817000,1,1,1,1,2,2,0.715364,0.775483,0.715300,0.775428,0.745364,-0.003761,0.971376,0.237519,-0.003762,0.971352,0.237618,-0.004835,0.971060,0.238782,10.181480,-3.846680,0.007167,1,4,21.491230,2.559594,0,0
12.140180,-1.186427,239.624800,501.971000,1,1,1,1,2,2,0.715282,0.775142,0.715226,0.775079,0.745152,-0.003760,0.971379,0.237505,-0.003762,0.971352,0.237618,-0.004742,0.971085,0.238682,10.130450,-3.845585,0.010739,1,4,21.495350,2.863541,0,0
12.150180,-1.331137,239.586300,502.125200,1,1,1,1,2,2,0.715275,0.774828,0.715229,0.774794,0.745012,-0.003761,0.971376,0.237519,-0.003762,0.971352,0.237618,-0.004658,0.971108,0.238590,10.073180,-3.845441,0.014052,1,4,21.499400,3.161856,0,0
12.160180,-1.475618,239.547900,502.279800,1,1,1,1,2,2,0.715312,0.774616,0.715263,0.774557,0.744910,-0.003762,0.971379,0.237505,-0.003762,0.971352,0.237618,-0.004581,0.971129,0.238506,10.017460,-3.846295,0.017023,1,4,21.503370,3.454193,0,0
12.170180,-1.619847,239.509400,502.434600,1,1,1,1,2,2,0.715391,0.774436,0.715348,0.774353,0.744851,-0.003761,0.971368,0.237549,-0.003762,0.971352,0.237618,-0.004510,0.971148,0.238430,9.962693,-3.848118,0.019647,1,4,21.507250,3.740138,0,0
12.180180,-1.763802,239.470900,502.589800,1,1,1,1,2,2,0.715360,0.774229,0.715410,0.774121,0.744765,-0.003864,0.971342,0.237654,-0.003864,0.971328,0.237714,-0.004455,0.971163,0.238368,9.914857,-3.850885,0.022179,1,4,21.511040,4.019402,0,0
12.190180,-1.907462,239.432300,502.745200,1,1,1,1,2,2,0.715575,0.774044,0.715614,0.774065,0.744840,-0.003862,0.971320,0.237745,-0.003864,0.971328,0.237714,-0.004404,0.971178,0.238312,9.846470,-3.854514,0.024386,1,4,21.514720,4.291816,0,0
12.200180,-2.050805,239.393800,502.901000,1,1,1,1,2,2,0.715827,0.774000,0.715869,0.774002,0.744936,-0.003866,0.971313,0.237774,-0.003864,0.971328,0.237714,-0.004357,0.971191,0.238260,9.787688,-3.859191,0.026049,1,4,21.518300,4.557137,0,0
12.210180,-2.193811,239.355100,503.057100,1,1,1,1,2,2,0.716232,0.773953,0.716147,0.774006,0.745077,-0.003862,0.971342,0.237654,-0.003864,0.971328,0.237714,-0.004315,0.971202,0.238213,9.732372,-3.864805,0.027253,1,4,21.521760,4.815244,0,0
12.220180,-2.336458,239.316400,503.213600,1,1,1,1,2,2,0.716404,0.773946,0.716451,0.773976,0.745214,-0.003864,0.971313,0.237774,-0.003864,0.971328,0.237714,-0.004276,0.971213,0.238170,9.688579,-3.871308,0.028021,1,4,21.525110,5.065959,0,0
12.230180,-2.478728,239.277600,503.370500,1,1,1,1,2,2,0.716769,0.774143,0.716824,0.774081,0.745453,-0.003966,0.971331,0.237698,-0.003966,0.971304,0.237810,-0.004249,0.971221,0.238139,9.628121,-3.878572,0.028723,1,4,21.528350,5.309170,0,0
12.240180,-2.620601,239.238700,503.527700,1,1,1,1,2,2,0.717320,0.774143,0.717180,0.774118,0.745649,-0.003967,0.971280,0.237909,-0.003966,0.971304,0.237810,-0.004225,0.971228,0.238111,9.588529,-3.886744,0.028895,1,4,21.531460,5.544806,0,0
12.250190,-2.762057,239.199800,503.685300,1,1,1,1,2,2,0.717691,0.774128,0.717554,0.774170,0.745862,-0.003965,0.971313,0.237774,-0.003966,0.971304,0.237810,-0.004203,0.971234,0.238085,9.554080,-3.895606,0.028741,1,4,21.534460,5.772892,0,0
12.260190,-2.903078,239.160700,503.843400,1,1,1,1,2,2,0.717858,0.774359,0.717914,0.774218,0.746066,-0.003970,0.971309,0.237789,-0.003966,0.971304,0.237810,-0.004182,0.971240,0.238062,9.528335,-3.905092,0.028306,1,4,21.537330,5.993408,0,0
12.270190,-3.043646,239.121600,504.001800,1,1,1,1,2,2,0.718363,0.774337,0.718299,0.774277,0.746288,-0.003969,0.971368,0.237549,-0.003966,0.971304,0.237810,-0.004164,0.971246,0.238040,9.504217,-3.915102,0.027672,1,4,21.540090,6.206370,0,0
12.280190,-3.183743,239.082300,504.160700,1,1,1,1,2,2,0.718794,0.774251,0.718655,0.774311,0.746483,-0.003966,0.971305,0.237803,-0.003966,0.971304,0.237810,-0.004147,0.971251,0.238020,9.489784,-3.925605,0.026851,1,4,21.542730,6.411683,0,0
12.290190,-3.323352,239.043000,504.320000,1,1,1,1,2,2,0.719064,0.774427,0.719033,0.774341,0.746687,-0.003966,0.971360,0.237578,-0.003966,0.971304,0.237810,-0.004131,0.971255,0.238002,9.476090,-3.936493,0.025934,1,4,21.545260,6.609440,0,0
12.300190,-3.462456,239.003500,504.479700,1,1,1,1,2,2,0.719452,0.774349,0.719374,0.774392,0.746883,-0.003968,0.971342,0.237654,-0.003966,0.971304,0.237810,-0.004117,0.971259,0.237986,9.465995,-3.947744,0.024925,1,4,21.547660,6.799709,0,0
12.310190,-3.601040,238.963900,504.640000,1,1,1,1,2,2,0.719743,0.775756,0.719740,0.775669,0.747705,-0.003968,0.971652,0.236381,-0.003967,0.971649,0.236395,-0.004104,0.971293,0.237849,9.396845,-3.959309,0.021788,1,4,21.549960,6.982563,0,0
12.320190,-3.739086,238.924200,504.800600,1,1,1,1,2,2,0.721609,0.775322,0.721554,0.775213,0.748384,-0.003968,0.972016,0.234881,-0.003969,0.971993,0.234978,-0.004092,0.971353,0.237602,9.417609,-3.971740,0.016093,1,4,21.552140,7.157372,0,0
12.330190,-3.876581,238.884300,504.961800,1,1,1,1,2,2,0.721504,0.774800,0.721384,0.774728,0.748056,-0.003972,0.972023,0.234852,-0.003969,0.971993,0.234978,-0.004082,0.971408,0.237376,9.605315,-3.984144,0.010968,1,4,21.554190,7.324198,0,0
12.340190,-4.013510,238.844400,505.123400,1,1,1,1,2,2,0.721383,0.774383,0.721250,0.774257,0.747754,-0.003970,0.971991,0.234987,-0.003969,0.971993,0.234978,-0.004072,0.971458,0.237169,9.733083,-3.994886,0.008051,1,4,21.556130,7.484158,0,0
12.350190,-4.149857,238.804300,505.285500,1,1,1,1,2,2,0.721224,0.773979,0.721218,0.773227,0.747222,-0.003854,0.972027,0.234838,-0.003855,0.972361,0.233452,-0.004053,0.971536,0.236849,9.922656,-4.004538,0.004324,1,4,21.557950,7.637014,0,0
12.360190,-4.285610,238.764200,505.448100,1,1,1,1,2,2,0.721175,0.772296,0.721107,0.772280,0.746694,-0.003857,0.972359,0.233458,-0.003855,0.972361,0.233452,-0.004036,0.971607,0.236557,10.052450,-4.012479,0.002968,1,4,21.559650,7.782462,0,0
12.370190,-4.420754,238.724000,505.611200,1,1,1,1,2,2,0.720064,0.771397,0.720054,0.771386,0.745720,-0.003857,0.972725,0.231928,-0.003856,0.972700,0.232034,-0.004021,0.971702,0.236169,10.271380,-4.019280,0.001255,1,4,21.561240,7.921214,0,0
12.380190,-4.555279,238.683800,505.774900,1,1,1,1,2,2,0.719908,0.770556,0.719882,0.770562,0.745222,-0.003310,0.972724,0.231943,-0.003310,0.972702,0.232035,-0.003960,0.971788,0.235813,10.351950,-4.024056,0.001651,1,4,21.562710,8.052566,0,0
12.390190,-4.689170,238.643500,505.939000,1,1,1,1,2,2,0.719363,0.769799,0.719335,0.769816,0.744576,-0.003312,0.972724,0.231943,-0.003310,0.972702,0.232035,-0.003904,0.971867,0.235488,10.424590,-4.028146,0.003433,1,4,21.564070,8.177921,0,0
12.400190,-4.822416,238.603200,506.103700,1,1,1,1,2,2,0.718846,0.769115,0.718804,0.769077,0.743940,-0.003195,0.972728,0.231929,-0.003194,0.972728,0.231925,-0.003843,0.971941,0.235181,10.471140,-4.031617,0.006173,1,4,21.565330,8.296780,0,0
12.410190,-4.955005,238.562800,506.269000,1,1,1,1,2,2,0.718456,0.768737,0.718412,0.768695,0.743553,-0.002648,0.972729,0.231929,-0.002648,0.972730,0.231926,-0.003740,0.972009,0.234901,10.464150,-4.034718,0.009267,1,4,21.566480,8.414105,0,0
12.420190,-5.086924,238.522500,506.434800,1,1,1,1,2,2,0.718174,0.768079,0.718113,0.768036,0.743075,-0.002652,0.972733,0.231915,-0.002648,0.972730,0.231926,-0.003646,0.972071,0.234645,10.462260,-4.037973,0.012813,1,4,21.567530,8.532414,0,0
12.430190,-5.218162,238.482000,506.601100,1,1,1,1,2,2,0.717518,0.767514,0.717492,0.767477,0.742485,-0.002108,0.972730,0.231929,-0.002102,0.972731,0.231926,-0.003513,0.972128,0.234411,10.484280,-4.041331,0.016203,1,4,21.568490,8.651629,0,0
12.440190,-5.348706,238.441600,506.767900,1,1,1,1,2,2,0.717239,0.767022,0.717218,0.766993,0.742105,-0.002102,0.972734,0.231915,-0.002102,0.972731,0.231926,-0.003391,0.972180,0.234197,10.450460,-4.044561,0.020307,1,4,21.569340,8.772409,0,0
12.450190,-5.478544,238.401100,506.935400,1,1,1,1,2,2,0.717094,0.766291,0.717058,0.766247,0.741652,-0.001560,0.972728,0.231944,-0.001556,0.972732,0.231926,-0.003233,0.972227,0.234002,10.442280,-4.048207,0.023914,1,4,21.570100,8.894623,0,0
12.460190,-5.607663,238.360600,507.103300,1,1,1,1,2,2,0.717013,0.765846,0.716977,0.765801,0.741389,-0.001554,0.972731,0.231930,-0.001556,0.972732,0.231926,-0.003089,0.972271,0.233823,10.390240,-4.052022,0.027908,1,4,21.570770,9.018865,0,0
12.470190,-5.736050,238.320000,507.271900,1,1,1,1,2,2,0.717037,0.765496,0.717003,0.765471,0.741237,-0.001554,0.972731,0.231930,-0.001556,0.972732,0.231926,-0.002957,0.972310,0.233660,10.320460,-4.056431,0.031810,1,4,21.571330,9.144920,0,0
12.480190,-5.863691,238.279400,507.441000,1,1,1,1,2,2,0.717125,0.765215,0.717099,0.765167,0.741133,-0.001558,0.972735,0.231915,-0.001556,0.972732,0.231926,-0.002836,0.972347,0.233511,10.249630,-4.061606,0.035406,1,4,21.571800,9.272596,0,0
12.490190,-5.990573,238.238700,507.610600,1,1,1,1,2,2,0.717271,0.765000,0.717266,0.764944,0.741105,-0.001558,0.972731,0.231930,-0.001556,0.972732,0.231926,-0.002726,0.972380,0.233374,10.173870,-4.067557,0.038650,1,4,21.572170,9.402267,0,0
12.500190,-6.116683,238.198000,507.780900,1,1,1,1,2,2,0.717525,0.764875,0.717485,0.764833,0.741159,-0.001552,0.972735,0.231915,-0.001556,0.972732,0.231926,-0.002625,0.972410,0.233250,10.094140,-4.074329,0.041464,1,4,21.572440,9.533619,0,0
12.510190,-6.242005,238.157200,507.951600,1,1,1,1,2,2,0.717796,0.764763,0.717778,0.764718,0.741248,-0.001560,0.972731,0.231930,-0.001556,0.972732,0.231926,-0.002533,0.972438,0.233136,10.020430,-4.081960,0.043780,1,4,21.572620,9.666845,0,0
12.520190,-6.366528,238.116300,508.123000,1,1,1,1,2,2,0.718335,0.764892,0.718194,0.764768,0.741481,-0.001428,0.972799,0.231646,-0.001429,0.972761,0.231807,-0.002438,0.972466,0.233021,9.940533,-4.090389,0.045311,1,4,21.572700,9.801742,0,0
12.530190,-6.490235,238.075300,508.294900,1,1,1,1,2,2,0.718532,0.764816,0.718546,0.764702,0.741624,-0.001431,0.972760,0.231809,-0.001429,0.972761,0.231807,-0.002351,0.972491,0.232917,9.889834,-4.099674,0.046320,1,4,21.572680,9.938129,0,0
12.540190,-6.613112,238.034200,508.467400,1,1,1,1,2,2,0.718901,0.764647,0.718929,0.764690,0.741810,-0.001429,0.972732,0.231930,-0.001429,0.972761,0.231807,-0.002272,0.972514,0.232821,9.837731,-4.109529,0.047077,1,4,21.572560,10.076080,0,0
12.550190,-6.735146,237.993000,508.640400,1,1,1,1,2,2,0.719325,0.764655,0.719377,0.764683,0.742030,-0.001432,0.972732,0.231930,-0.001429,0.972761,0.231807,-0.002200,0.972536,0.232734,9.786598,-4.119966,0.047545,1,4,21.572350,10.215390,0,0
12.560190,-6.856319,237.951700,508.814100,1,1,1,1,2,2,0.719825,0.764838,0.719739,0.764705,0.742222,-0.001367,0.972821,0.231554,-0.001366,0.972775,0.231747,-0.002128,0.972556,0.232649,9.751993,-4.130971,0.047553,1,4,21.572030,10.355660,0,0
12.570190,-6.976619,237.910200,508.988300,1,1,1,1,2,2,0.720086,0.764820,0.720154,0.764663,0.742409,-0.001305,0.972789,0.231689,-0.001303,0.972789,0.231688,-0.002057,0.972576,0.232566,9.725804,-4.142380,0.047265,1,4,21.571610,10.497010,0,0
12.580190,-7.096028,237.868700,509.163000,1,1,1,1,2,2,0.720537,0.764631,0.720633,0.764704,0.742668,-0.001303,0.972792,0.231675,-0.001303,0.972789,0.231688,-0.001992,0.972595,0.232491,9.687927,-4.154108,0.046917,1,4,21.571090,10.638840,0,0
12.590190,-7.214533,237.827000,509.338400,1,1,1,1,2,2,0.721257,0.764668,0.721086,0.764745,0.742915,-0.001303,0.972796,0.231660,-0.001303,0.972789,0.231688,-0.001933,0.972611,0.232422,9.657098,-4.166264,0.046379,1,4,21.570470,10.781340,0,0
12.600190,-7.332117,237.785200,509.514300,1,1,1,1,2,2,0.721647,0.766848,0.721561,0.766777,0.744169,-0.001307,0.973244,0.229769,-0.001304,0.973186,0.230018,-0.001879,0.972661,0.232215,9.515556,-4.178775,0.043032,1,4,21.569750,10.924000,0,0
12.610190,-7.448764,237.743300,509.690800,1,1,1,1,2,2,0.724180,0.766320,0.724054,0.766177,0.745115,-0.001303,0.973570,0.228387,-0.001304,0.973579,0.228348,-0.001829,0.972740,0.231882,9.522682,-4.192703,0.035966,1,4,21.568910,11.065820,0,0
12.620190,-7.564460,237.701200,509.867900,1,1,1,1,2,2,0.724034,0.765658,0.723910,0.765609,0.744759,-0.001303,0.973598,0.228266,-0.001304,0.973579,0.228348,-0.001784,0.972812,0.231578,9.748189,-4.206588,0.029536,1,4,21.567950,11.206730,0,0
12.630190,-7.679189,237.659100,510.045600,1,1,1,1,2,2,0.723902,0.765052,0.723788,0.765027,0.744408,-0.001309,0.973598,0.228266,-0.001304,0.973579,0.228348,-0.001743,0.972878,0.231300,9.903586,-4.218300,0.025880,1,4,21.566870,11.347250,0,0
12.640190,-7.792935,237.616800,510.223900,1,1,1,1,2,2,0.723761,0.764580,0.723715,0.764478,0.744096,-0.001309,0.973598,0.228266,-0.001304,0.973579,0.228348,-0.001705,0.972938,0.231046,10.000940,-4.228519,0.024249,1,4,21.565670,11.487080,0,0
12.650190,-7.905682,237.574400,510.402700,1,1,1,1,2,2,0.723821,0.762933,0.723664,0.762861,0.743263,-0.001303,0.973987,0.226600,-0.001305,0.973969,0.226676,-0.001671,0.973028,0.230670,10.225140,-4.237805,0.021320,1,4,21.564360,11.625840,0,0
12.660190,-8.017415,237.532000,510.582200,1,1,1,1,2,2,0.722594,0.761842,0.722537,0.761780,0.742159,-0.001306,0.974388,0.224869,-0.001305,0.974357,0.225005,-0.001639,0.973143,0.230183,10.494960,-4.244908,0.018521,1,4,21.562920,11.762710,0,0
12.670190,-8.128119,237.489500,510.762300,1,1,1,1,2,2,0.722105,0.760889,0.722072,0.760825,0.741448,-0.001304,0.974395,0.224841,-0.001305,0.974357,0.225005,-0.001610,0.973249,0.229738,10.606590,-4.249370,0.019212,1,4,21.561350,11.897380,0,0
12.680190,-8.237777,237.446900,510.943000,1,1,1,1,2,2,0.721711,0.760018,0.721670,0.759947,0.740809,-0.001309,0.974395,0.224841,-0.001305,0.974357,0.225005,-0.001584,0.973345,0.229332,10.658940,-4.252726,0.021758,1,4,21.559650,12.030220,0,0
12.690200,-8.346375,237.404400,511.124300,1,1,1,1,2,2,0.721573,0.759312,0.721516,0.759378,0.740447,-0.001059,0.974426,0.224706,-0.001059,0.974411,0.224770,-0.001539,0.973438,0.228940,10.647440,-4.255550,0.024861,1,4,21.557820,12.160970,0,0
12.700200,-8.453897,237.361800,511.306200,1,1,1,1,2,2,0.721196,0.758727,0.721256,0.758642,0.739949,-0.001061,0.974429,0.224692,-0.001059,0.974411,0.224770,-0.001498,0.973521,0.228581,10.646940,-4.258458,0.028500,1,4,21.555880,12.289440,0,0
12.710200,-8.560329,237.319200,511.488700,1,1,1,1,2,2,0.721178,0.757960,0.721136,0.758006,0.739571,-0.001057,0.974429,0.224692,-0.001059,0.974411,0.224770,-0.001460,0.973598,0.228253,10.609770,-4.261337,0.032739,1,4,21.553810,12.415300,0,0
12.720200,-8.665657,237.276500,511.671900,1,1,1,1,2,2,0.721021,0.757428,0.721084,0.757471,0.739277,-0.001057,0.974405,0.224799,-0.001059,0.974411,0.224770,-0.001425,0.973668,0.227953,10.552820,-4.264539,0.037160,1,4,21.551620,12.538100,0,0
12.730200,-8.769865,237.233800,511.855600,1,1,1,1,2,2,0.720967,0.756976,0.721019,0.757027,0.739023,-0.000934,0.974429,0.224692,-0.000935,0.974438,0.224653,-0.001383,0.973734,0.227669,10.497910,-4.268250,0.041213,1,4,21.549330,12.657680,0,0
12.740200,-8.872939,237.191100,512.039900,1,1,1,1,2,2,0.721030,0.756538,0.721101,0.756541,0.738821,-0.000811,0.974436,0.224664,-0.000812,0.974465,0.224536,-0.001334,0.973797,0.227399,10.442690,-4.272443,0.044902,1,4,21.546930,12.773830,0,0
12.750200,-8.974865,237.148300,512.224900,1,1,1,1,2,2,0.721215,0.756208,0.721301,0.756211,0.738756,-0.000811,0.974436,0.224664,-0.000812,0.974465,0.224536,-0.001289,0.973855,0.227153,10.364580,-4.277115,0.048516,1,4,21.544420,12.886220,0,0
12.760200,-9.075630,237.105500,512.410400,1,1,1,1,2,2,0.721509,0.755947,0.721568,0.755947,0.738757,-0.000811,0.974436,0.224664,-0.000812,0.974465,0.224536,-0.001248,0.973907,0.226928,10.283050,-4.282482,0.051786,1,4,21.541810,12.994650,0,0
12.770200,-9.175220,237.062600,512.596500,1,1,1,1,2,2,0.721884,0.756058,0.721903,0.755789,0.738846,-0.000811,0.974467,0.224530,-0.000812,0.974465,0.224536,-0.001210,0.973955,0.226722,10.196240,-4.288569,0.054641,1,4,21.539110,13.098880,0,0
12.780200,-9.273623,237.019700,512.783200,1,1,1,1,2,2,0.722135,0.755643,0.722304,0.755648,0.738976,-0.000811,0.974464,0.224544,-0.000812,0.974465,0.224536,-0.001176,0.973999,0.226534,10.114390,-4.295422,0.056994,1,4,21.536320,13.198640,0,0
12.790200,-9.370827,236.976600,512.970500,1,1,1,1,2,2,0.722754,0.755601,0.722765,0.755567,0.739166,-0.000810,0.974411,0.224771,-0.000812,0.974465,0.224536,-0.001145,0.974039,0.226362,10.033850,-4.302982,0.058864,1,4,21.533440,13.293810,0,0
12.800200,-9.466818,236.933500,513.158300,1,1,1,1,2,2,0.723283,0.755552,0.723293,0.755544,0.739419,-0.000811,0.974408,0.224785,-0.000812,0.974465,0.224536,-0.001116,0.974076,0.226205,9.954387,-4.311231,0.060237,1,4,21.530480,13.384100,0,0
12.810200,-9.561585,236.890300,513.346700,1,1,1,1,2,2,0.723823,0.755917,0.723807,0.755596,0.739701,-0.000810,0.974470,0.224516,-0.000812,0.974465,0.224536,-0.001090,0.974109,0.226061,9.882367,-4.320150,0.061096,1,4,21.527450,13.469490,0,0
12.820200,-9.655119,236.847000,513.535700,1,1,1,1,2,2,0.724315,0.755628,0.724503,0.755655,0.740079,-0.000636,0.974467,0.224530,-0.000636,0.974466,0.224536,-0.001051,0.974140,0.225930,9.808230,-4.329660,0.061352,1,4,21.524350,13.549580,0,0
12.830200,-9.747407,236.803600,513.725200,1,1,1,1,2,2,0.724893,0.755556,0.725067,0.755693,0.740380,-0.000636,0.974526,0.224274,-0.000636,0.974466,0.224536,-0.001015,0.974168,0.225810,9.760232,-4.339775,0.061118,1,4,21.521180,13.624680,0,0
12.840200,-9.838440,236.760100,513.915300,1,1,1,1,2,2,0.725671,0.756087,0.725668,0.755789,0.740729,-0.000636,0.974464,0.224544,-0.000636,0.974466,0.224536,-0.000982,0.974194,0.225700,9.709846,-4.350232,0.060633,1,4,21.517950,13.694180,0,0
12.850200,-9.928208,236.716500,514.105900,1,1,1,1,2,2,0.726288,0.755880,0.726291,0.755879,0.741085,-0.000632,0.974408,0.224785,-0.000636,0.974466,0.224536,-0.000953,0.974217,0.225600,9.665394,-4.361049,0.059855,1,4,21.514670,13.758200,0,0
12.860200,-10.016700,236.672800,514.297000,1,1,1,1,2,2,0.727186,0.756045,0.727037,0.756059,0.741548,-0.000155,0.974464,0.224544,-0.000155,0.974494,0.224415,-0.000884,0.974241,0.225498,9.622456,-4.372159,0.058248,1,4,21.511340,13.816500,0,0
12.870200,-10.103910,236.629000,514.488600,1,1,1,1,2,2,0.727707,0.758440,0.727557,0.758511,0.743034,-0.000024,0.974871,0.222770,-0.000027,0.974912,0.222591,-0.000810,0.974299,0.225248,9.482183,-4.383547,0.053181,1,4,21.507980,13.869450,0,0
12.880200,-10.189840,236.585000,514.680800,1,1,1,1,2,2,0.729977,0.757775,0.730054,0.757829,0.743941,-0.000032,0.975223,0.221223,-0.000027,0.975299,0.220888,-0.000743,0.974386,0.224873,9.543514,-4.396144,0.044231,1,4,21.504550,13.916070,0,0
12.890200,-10.274460,236.540900,514.873500,1,1,1,1,2,2,0.729809,0.757067,0.729856,0.757139,0.743497,-0.000024,0.975220,0.221236,-0.000027,0.975299,0.220888,-0.000681,0.974464,0.224530,9.815423,-4.407971,0.036582,1,4,21.501080,13.956270,0,0
12.900200,-10.357780,236.496800,515.066700,1,1,1,1,2,2,0.729664,0.756326,0.729725,0.756407,0.743066,0.000151,0.975223,0.221222,0.000149,0.975299,0.220888,-0.000610,0.974536,0.224216,10.004490,-4.416973,0.032156,1,4,21.497550,13.990610,0,0
12.910200,-10.439790,236.452500,515.260400,1,1,1,1,2,2,0.729330,0.755657,0.729452,0.755748,0.742600,0.000270,0.975278,0.220981,0.000277,0.975327,0.220767,-0.000533,0.974604,0.223920,10.145260,-4.423954,0.029906,1,4,21.494000,14.019070,0,0
12.920200,-10.520480,236.408200,515.454600,1,1,1,1,2,2,0.729196,0.753705,0.729337,0.753756,0.741546,0.000397,0.975676,0.219219,0.000405,0.975738,0.218942,-0.000453,0.974703,0.223491,10.425270,-4.429384,0.026331,1,4,21.490410,14.041610,0,0
12.930200,-10.599860,236.363900,515.649300,1,1,1,1,2,2,0.727746,0.752451,0.727774,0.752490,0.740132,0.000405,0.976025,0.217657,0.000405,0.976119,0.217238,-0.000379,0.974826,0.222955,10.754730,-4.431892,0.023381,1,4,21.486780,14.057910,0,0
12.940200,-10.677910,236.319600,515.844500,1,1,1,1,2,2,0.727176,0.751291,0.727193,0.751314,0.739253,0.000401,0.976022,0.217671,0.000405,0.976119,0.217238,-0.000312,0.974938,0.222464,10.881830,-4.430986,0.024669,1,4,21.483110,14.067640,0,0
12.950200,-10.754620,236.275300,516.040200,1,1,1,1,2,2,0.726679,0.750290,0.726709,0.750295,0.738502,0.000397,0.976025,0.217657,0.000405,0.976119,0.217238,-0.000250,0.975041,0.222015,10.931530,-4.428638,0.028131,1,4,21.479410,14.071420,0,0
12.960200,-10.830010,236.231100,516.236300,1,1,1,1,2,2,0.726341,0.749415,0.726380,0.749430,0.737905,0.000401,0.976022,0.217671,0.000405,0.976119,0.217238,-0.000194,0.975134,0.221605,10.920750,-4.425600,0.032897,1,4,21.475680,14.069240,0,0
12.970200,-10.904070,236.186900,516.433000,1,1,1,1,2,2,0.726136,0.748666,0.726173,0.748671,0.737422,0.000405,0.976025,0.217657,0.000405,0.976119,0.217238,-0.000142,0.975220,0.221230,10.873290,-4.422462,0.038308,1,4,21.471950,14.061120,0,0
12.980200,-10.976780,236.142700,516.630100,1,1,1,1,2,2,0.726069,0.748006,0.726113,0.748045,0.737079,0.000397,0.976025,0.217657,0.000405,0.976119,0.217238,-0.000095,0.975297,0.220887,10.796020,-4.419580,0.043896,1,4,21.468200,14.047000,0,0
12.990200,-11.048170,236.098500,516.827600,1,1,1,1,2,2,0.726108,0.747523,0.726129,0.747553,0.736841,0.000409,0.976019,0.217684,0.000405,0.976119,0.217238,-0.000052,0.975368,0.220573,10.703650,-4.417243,0.049334,1,4,21.464460,14.027030,0,0
13.000200,-11.118210,236.054300,517.025600,1,1,1,1,2,2,0.726287,0.747138,0.726284,0.747166,0.736725,0.000401,0.976031,0.217630,0.000405,0.976119,0.217238,-0.000013,0.975432,0.220286,10.597940,-4.415597,0.054419,1,4,21.460730,14.001200,0,0
13.010200,-11.186920,236.010200,517.224100,1,1,1,1,2,2,0.726525,0.746848,0.726560,0.746861,0.736711,0.000409,0.976025,0.217657,0.000405,0.976119,0.217238,0.000023,0.975492,0.220023,10.487440,-4.414772,0.058970,1,4,21.457010,13.969640,0,0
13.020200,-11.254290,235.966000,517.422900,1,1,1,1,2,2,0.726900,0.746642,0.726932,0.746682,0.736807,0.000401,0.976025,0.217657,0.000405,0.976119,0.217238,0.000056,0.975546,0.219784,10.372600,-4.414813,0.062893,1,4,21.453320,13.932430,0,0
13.030200,-11.320330,235.921900,517.622100,1,1,1,1,2,2,0.727322,0.746518,0.727327,0.746548,0.736938,0.000405,0.976025,0.217657,0.000405,0.976119,0.217238,0.000086,0.975595,0.219564,10.269150,-4.415761,0.066106,1,4,21.449660,13.889530,0,0
13.040200,-11.385040,235.877700,517.821800,1,1,1,1,2,2,0.727817,0.746456,0.727833,0.746504,0.737169,0.000401,0.976019,0.217684,0.000405,0.976119,0.217238,0.000114,0.975640,0.219364,10.163550,-4.417506,0.068686,1,4,21.446030,13.841120,0,0
13.050200,-11.448410,235.833500,518.021800,1,1,1,1,2,2,0.728645,0.746489,0.728552,0.746526,0.737539,0.000568,0.976076,0.217429,0.000571,0.976154,0.217079,0.000153,0.975684,0.219168,10.059410,-4.420067,0.070200,1,4,21.442440,13.787210,0,0
13.060200,-11.510470,235.789300,518.222200,1,1,1,1,2,2,0.729141,0.746867,0.729051,0.746777,0.737914,0.000731,0.976136,0.217159,0.000737,0.976189,0.216921,0.000203,0.975728,0.218974,9.980659,-4.423431,0.070667,1,4,21.438900,13.728100,0,0
13.070200,-11.571200,235.745000,518.422900,1,1,1,1,2,2,0.729686,0.746872,0.729602,0.746798,0.738200,0.000739,0.976136,0.217159,0.000737,0.976189,0.216921,0.000249,0.975767,0.218797,9.928364,-4.427353,0.070719,1,4,21.435410,13.663810,0,0
13.080200,-11.630610,235.700700,518.624000,1,1,1,1,2,2,0.730273,0.746932,0.730182,0.746834,0.738508,0.000735,0.976133,0.217173,0.000737,0.976189,0.216921,0.000291,0.975804,0.218636,9.876500,-4.431574,0.070589,1,4,21.431980,13.594430,0,0
13.090200,-11.688710,235.656300,518.825400,1,1,1,1,2,2,0.730644,0.747021,0.730612,0.746938,0.738775,0.000902,0.976190,0.216917,0.000903,0.976224,0.216763,0.000344,0.975840,0.218475,9.846487,-4.436091,0.069880,1,4,21.428620,13.519940,0,0
13.100200,-11.745500,235.611900,519.027200,1,1,1,1,2,2,0.731027,0.746893,0.731163,0.746892,0.739028,0.001069,0.976297,0.216432,0.001070,0.976259,0.216604,0.000406,0.975876,0.218314,9.827903,-4.440693,0.068819,1,4,21.425320,13.440630,0,0
13.110200,-11.800990,235.567500,519.229300,1,1,1,1,2,2,0.731791,0.746996,0.731766,0.746939,0.739352,0.001065,0.976249,0.216648,0.001070,0.976259,0.216604,0.000463,0.975909,0.218167,9.792911,-4.445271,0.067896,1,4,21.422100,13.356700,0,0
13.120200,-11.855190,235.523000,519.431700,1,1,1,1,2,2,0.732405,0.747041,0.732362,0.747042,0.739702,0.001069,0.976246,0.216661,0.001070,0.976259,0.216604,0.000516,0.975939,0.218032,9.754641,-4.449986,0.066918,1,4,21.418960,13.268030,0,0
13.130210,-11.908100,235.478400,519.634400,1,1,1,1,2,2,0.734788,0.748743,0.734711,0.748707,0.741709,0.001069,0.976917,0.213617,0.001070,0.976925,0.213582,0.000563,0.976024,0.217650,9.559206,-4.454872,0.060320,1,4,21.415910,13.174780,0,0
13.140210,-11.959740,235.433800,519.837300,1,1,1,1,2,2,0.734717,0.748186,0.734682,0.748135,0.741409,0.001069,0.976917,0.213617,0.001070,0.976925,0.213582,0.000607,0.976102,0.217300,9.810557,-4.461454,0.052458,1,4,21.412910,13.076750,0,0
13.150210,-12.010100,235.389200,520.040600,1,1,1,1,2,2,0.734701,0.747679,0.734660,0.747637,0.741148,0.001065,0.976920,0.213604,0.001070,0.976925,0.213582,0.000647,0.976173,0.216980,9.975473,-4.465374,0.047763,1,4,21.410000,12.974490,0,0
13.160210,-12.059210,235.344500,520.244100,1,1,1,1,2,2,0.734695,0.747188,0.734684,0.747145,0.740915,0.001069,0.976914,0.213630,0.001070,0.976925,0.213582,0.000683,0.976237,0.216688,10.079440,-4.467482,0.045313,1,4,21.407170,12.868150,0,0
13.170210,-12.107060,235.299800,520.447900,1,1,1,1,2,2,0.734763,0.746787,0.734731,0.746723,0.740727,0.001069,0.976914,0.213630,0.001070,0.976925,0.213582,0.000717,0.976297,0.216420,10.135490,-4.468376,0.044445,1,4,21.404430,12.757940,0,0
13.180210,-12.153670,235.255100,520.651900,1,1,1,1,2,2,0.733420,0.744771,0.733383,0.744741,0.739062,0.001077,0.977578,0.210571,0.001071,0.977581,0.210558,0.000747,0.976408,0.215917,10.570070,-4.468527,0.039094,1,4,21.401780,12.643940,0,0
13.190210,-12.199050,235.210500,520.856200,1,1,1,1,2,2,0.732966,0.743852,0.732928,0.743817,0.738373,0.001069,0.977581,0.210558,0.001071,0.977581,0.210558,0.000775,0.976510,0.215456,10.697630,-4.464235,0.038995,1,4,21.399210,12.526000,0,0
13.200210,-12.243200,235.165900,521.060700,1,1,1,1,2,2,0.732629,0.743039,0.732592,0.743019,0.737806,0.001077,0.977575,0.210584,0.001071,0.977581,0.210558,0.000800,0.976603,0.215035,10.750410,-4.458505,0.041002,1,4,21.396720,12.404640,0,0
13.210210,-12.286150,235.121400,521.265600,1,1,1,1,2,2,0.732421,0.742385,0.732384,0.742354,0.737369,0.001077,0.977578,0.210571,0.001071,0.977581,0.210558,0.000824,0.976689,0.214649,10.747170,-4.452072,0.044310,1,4,21.394330,12.279970,0,0
13.220210,-12.327900,235.076900,521.470600,1,1,1,1,2,2,0.732299,0.741825,0.732265,0.741802,0.737034,0.001073,0.977575,0.210584,0.001071,0.977581,0.210558,0.000845,0.976765,0.214297,10.708570,-4.445488,0.048297,1,4,21.392020,12.152120,0,0
13.230210,-12.368450,235.032500,521.675800,1,1,1,1,2,2,0.732341,0.741385,0.732287,0.741370,0.736828,0.001069,0.977581,0.210558,0.001071,0.977581,0.210558,0.000864,0.976836,0.213975,10.640130,-4.439105,0.052543,1,4,21.389820,12.021330,0,0
13.240210,-12.407840,234.988200,521.881300,1,1,1,1,2,2,0.746773,0.741074,0.732631,0.741028,0.736829,0.011822,0.979683,0.200206,0.001222,0.977612,0.210414,0.000895,0.976902,0.213669,10.544730,-4.433218,0.056376,1,4,21.387720,11.887620,0,0
13.250210,-12.446060,234.943900,522.087000,1,1,1,1,2,2,0.732599,0.740819,0.732743,0.740774,0.736759,0.001224,0.977578,0.210571,0.001222,0.977612,0.210414,0.000923,0.976963,0.213389,10.471900,-4.428098,0.059822,1,4,21.385720,11.751410,0,0
13.260210,-12.483130,234.899700,522.293000,1,1,1,1,2,2,0.733131,0.740628,0.732951,0.740805,0.736878,0.001375,0.977630,0.210328,0.001372,0.977642,0.210270,0.000962,0.977022,0.213120,10.377970,-4.423529,0.062744,1,4,21.383840,11.612600,0,0
13.270210,-12.519070,234.855500,522.499100,1,1,1,1,2,2,0.733391,0.740821,0.733263,0.740684,0.736974,0.001367,0.977677,0.210111,0.001372,0.977642,0.210270,0.000997,0.977075,0.212875,10.299130,-4.419722,0.065229,1,4,21.382070,11.471520,0,0
13.280210,-12.553880,234.811300,522.705400,1,1,1,1,2,2,0.733439,0.740793,0.733621,0.740625,0.737123,0.001375,0.977624,0.210354,0.001372,0.977642,0.210270,0.001030,0.977124,0.212651,10.218790,-4.416534,0.067385,1,4,21.380410,11.328170,0,0
13.290210,-12.587580,234.767200,522.911800,1,1,1,1,2,2,0.733651,0.740457,0.733878,0.740608,0.737243,0.001526,0.977627,0.210341,0.001523,0.977673,0.210126,0.001072,0.977171,0.212433,10.161100,-4.413985,0.068847,1,4,21.378880,11.182690,0,0
13.300210,-12.620190,234.723100,523.118400,1,1,1,1,2,2,0.734544,0.740635,0.734279,0.740574,0.737427,0.001673,0.977731,0.209855,0.001674,0.977704,0.209982,0.001124,0.977217,0.212222,10.103890,-4.411859,0.069834,1,4,21.377470,11.035360,0,0
13.310210,-12.651720,234.679000,523.325200,1,1,1,1,2,2,0.734499,0.740690,0.734721,0.740620,0.737670,0.001669,0.977728,0.209868,0.001674,0.977704,0.209982,0.001171,0.977259,0.212030,10.039890,-4.410156,0.070654,1,4,21.376180,10.886320,0,0
13.320210,-12.682180,234.634900,523.532100,1,1,1,1,2,2,0.735475,0.740791,0.735221,0.740726,0.737973,0.001673,0.977728,0.209868,0.001674,0.977704,0.209982,0.001214,0.977297,0.211853,9.972063,-4.408948,0.071203,1,4,21.375020,10.735570,0,0
13.330210,-12.711580,234.590800,523.739200,1,1,1,1,2,2,0.735823,0.740946,0.735764,0.740859,0.738312,0.001673,0.977781,0.209624,0.001674,0.977704,0.209982,0.001254,0.977332,0.211692,9.906292,-4.408277,0.071411,1,4,21.373990,10.583290,0,0
13.340210,-12.739950,234.546700,523.946400,1,1,1,1,2,2,0.736264,0.741105,0.736317,0.741031,0.738674,0.001669,0.977676,0.210111,0.001674,0.977704,0.209982,0.001290,0.977364,0.211545,9.844809,-4.408125,0.071271,1,4,21.373090,10.429620,0,0
13.350210,-12.767290,234.502600,524.153700,1,1,1,1,2,2,0.736975,0.741521,0.736878,0.741240,0.739059,0.001681,0.977731,0.209855,0.001674,0.977704,0.209982,0.001323,0.977394,0.211411,9.787695,-4.408457,0.070797,1,4,21.372330,10.274660,0,0
13.360210,-12.793630,234.458500,524.361200,1,1,1,1,2,2,0.737407,0.741557,0.737466,0.741464,0.739465,0.001673,0.977676,0.210111,0.001674,0.977704,0.209982,0.001353,0.977420,0.211288,9.734552,-4.409234,0.070010,1,4,21.371700,10.118620,0,0
13.370210,-12.818970,234.414400,524.568800,1,1,1,1,2,2,0.739614,0.743051,0.739582,0.743164,0.741373,0.001681,0.978172,0.207792,0.001675,0.978216,0.207582,0.001381,0.977489,0.210969,9.530925,-4.410419,0.064445,1,4,21.371210,9.961588,0,0
13.380210,-12.843340,234.370300,524.776500,1,1,1,1,2,2,0.739699,0.742774,0.739641,0.742881,0.741261,0.001673,0.978169,0.207805,0.001675,0.978216,0.207582,0.001406,0.977551,0.210677,9.726810,-4.413486,0.057440,1,4,21.370840,9.803644,0,0
13.390210,-12.866740,234.326200,524.984300,1,1,1,1,2,2,0.739590,0.742649,0.739731,0.742619,0.741175,0.001677,0.978169,0.207804,0.001675,0.978216,0.207582,0.001429,0.977609,0.210411,9.855320,-4.414533,0.052940,1,4,21.370590,9.645047,0,0
13.400210,-12.889200,234.282000,525.192100,1,1,1,1,2,2,0.739687,0.742274,0.739820,0.742388,0.741104,0.001669,0.978223,0.207549,0.001675,0.978216,0.207582,0.001451,0.977661,0.210167,9.936502,-4.414224,0.050225,1,4,21.370480,9.485919,0,0
13.410210,-12.910720,234.237900,525.400100,1,1,1,1,2,2,0.740019,0.742273,0.739962,0.742215,0.741088,0.001673,0.978120,0.208035,0.001675,0.978216,0.207582,0.001470,0.977709,0.209945,9.976021,-4.413026,0.048776,1,4,21.370490,9.326356,0,0
13.420210,-12.931330,234.193800,525.608200,1,1,1,1,2,2,0.738997,0.740886,0.738997,0.740898,0.739948,0.001673,0.978656,0.205498,0.001676,0.978723,0.205180,0.001488,0.977797,0.209534,10.310820,-4.411353,0.043632,1,4,21.370640,9.166501,0,0
13.430210,-12.951040,234.149700,525.816400,1,1,1,1,2,2,0.738706,0.740289,0.738704,0.740287,0.739496,0.001677,0.978656,0.205498,0.001676,0.978723,0.205180,0.001504,0.977877,0.209159,10.418410,-4.406317,0.042613,1,4,21.370900,9.006475,0,0
13.440210,-12.969860,234.105700,526.024700,1,1,1,1,2,2,0.738473,0.739781,0.738501,0.739795,0.739148,0.001673,0.978654,0.205510,0.001676,0.978723,0.205180,0.001519,0.977950,0.208817,10.462940,-4.400146,0.043364,1,4,21.371290,8.846407,0,0
13.450210,-12.987820,234.061800,526.233100,1,1,1,1,2,2,0.738368,0.739356,0.738376,0.739369,0.738872,0.001677,0.978659,0.205485,0.001676,0.978723,0.205180,0.001532,0.978016,0.208504,10.467420,-4.393463,0.045196,1,4,21.371790,8.686415,0,0
13.460210,-13.004920,234.017900,526.441600,1,1,1,1,2,2,0.738318,0.739027,0.738436,0.739033,0.738734,0.001760,0.978656,0.205497,0.001756,0.978739,0.205103,0.001551,0.978078,0.208211,10.435360,-4.386663,0.047496,1,4,21.372420,8.526608,0,0
13.470210,-13.021190,233.974100,526.650100,1,1,1,1,2,2,0.727993,0.727764,0.727703,0.727793,0.727748,0.000842,0.977301,0.211852,0.000838,0.977310,0.211811,0.001490,0.978012,0.208521,12.031440,-4.380109,0.062729,1,4,21.373160,8.367253,0,0
13.480210,-13.036630,233.930500,526.858800,1,1,1,1,2,2,0.735751,0.735576,0.735615,0.735443,0.735529,0.000731,0.979608,0.200920,0.000838,0.979624,0.200838,0.001434,0.978153,0.207861,10.381120,-4.357886,0.072774,1,4,21.374150,8.207445,0,0
13.490210,-13.051270,233.887000,527.067600,1,1,1,1,2,2,0.738161,0.737731,0.738088,0.737668,0.737878,0.000842,0.980637,0.195834,0.000838,0.980669,0.195674,0.001383,0.978375,0.206814,10.333840,-4.351738,0.057838,1,4,21.375170,8.048187,0,0
13.500210,-13.065120,233.843600,527.276400,1,1,1,1,2,2,0.739287,0.738319,0.739072,0.738488,0.738780,0.000922,0.981591,0.190991,0.000919,0.981657,0.190654,0.001343,0.978668,0.205425,10.746460,-4.345977,0.034956,1,4,21.376220,7.889788,0,0
13.510210,-13.078190,233.800200,527.485400,1,1,1,1,2,2,0.636034,0.602105,0.733977,0.732757,0.733367,0.000000,0.999232,-0.039175,0.000000,0.981263,0.192673,0.001227,0.978898,0.204329,12.030540,-4.336101,0.022654,1,4,21.377290,7.732468,0,0
13.520210,-13.090500,233.757000,527.694400,1,1,1,1,2,2,0.734290,0.732939,0.734333,0.732983,0.733658,-0.000103,0.983923,0.178593,0.000000,0.983972,0.178321,0.001122,0.979362,0.202096,12.589880,-4.313584,-0.001630,1,4,21.378410,7.575178,0,0
13.530210,-13.102070,233.714200,527.903500,1,1,1,1,2,2,0.729445,0.728052,0.729353,0.727866,0.728610,0.000000,0.985630,0.168921,0.000000,0.985635,0.168892,0.001025,0.979946,0.199247,14.308070,-4.285502,-0.033782,1,4,21.379440,7.419180,0,0
13.540210,-13.112920,233.671800,528.112800,1,1,1,1,2,2,0.722382,0.720507,0.722288,0.720708,0.721498,0.000000,0.987113,0.160026,0.000000,0.987131,0.159915,0.000937,0.980626,0.195874,16.255560,-4.240489,-0.060209,1,4,21.380290,7.264543,0,0
13.550210,-13.123040,233.630000,528.322300,1,1,1,1,2,2,0.713546,0.712050,0.713497,0.711824,0.712660,0.000000,0.988479,0.151357,0.000000,0.988473,0.151399,0.000856,0.981381,0.192060,18.267500,-4.176276,-0.076762,1,4,21.380880,7.111272,0,0
13.560210,-13.132470,233.589100,528.531900,1,1,1,1,2,2,0.703252,0.701312,0.703041,0.701380,0.702210,-0.000016,0.990767,0.135579,0.000000,0.990739,0.135780,0.000783,0.982312,0.187238,20.617580,-4.092207,-0.095159,1,4,21.381190,6.959269,0,0
13.570220,-13.141220,233.549200,528.741800,1,1,1,1,2,2,0.691098,0.689893,0.691450,0.689757,0.690604,0.000000,0.991681,0.128724,0.000000,0.991685,0.128690,0.000715,0.983255,0.182222,22.694150,-3.984913,-0.094283,1,4,21.381100,6.809156,0,0
13.580220,-13.149300,233.510700,528.952000,1,1,1,1,2,2,0.679402,0.677462,0.679290,0.677564,0.678427,0.000000,0.992550,0.121842,0.000000,0.992519,0.122089,0.000654,0.984196,0.177070,24.428250,-3.857053,-0.075606,1,4,21.380680,6.660688,0,0
13.590220,-13.156720,233.473500,529.162400,1,1,1,1,2,2,0.664879,0.664976,0.666547,0.665121,0.665834,0.000000,0.996294,0.086010,0.000000,0.993575,0.113175,0.000598,0.985166,0.171596,25.978870,-3.711973,-0.046581,1,4,21.380050,6.513805,0,0
13.600220,-13.163510,233.438000,529.373100,1,1,1,1,2,2,0.653997,0.652303,0.653927,0.652228,0.653078,0.000024,0.994441,0.105293,0.000000,0.994445,0.105257,0.000546,0.986139,0.165913,27.284960,-3.551455,-0.006598,1,4,21.379300,6.368815,0,0
13.610220,-13.169670,233.404300,529.584100,1,1,1,1,2,2,0.641762,0.640053,0.641704,0.639989,0.640846,0.000000,0.994915,0.100717,0.000000,0.994922,0.100649,0.000499,0.987064,0.160320,28.120620,-3.377892,0.048405,1,4,21.378520,6.225981,0,0
13.620220,-13.175210,233.372300,529.795400,1,1,1,1,2,2,0.630244,0.628740,0.630152,0.628421,0.629286,0.000000,0.995343,0.096400,0.000000,0.995328,0.096548,0.000456,0.987936,0.154853,28.557990,-3.195923,0.114486,1,4,21.377870,6.085103,0,0
13.630220,-13.180170,233.342200,530.007000,1,1,1,1,2,2,0.618876,0.620224,0.618824,0.617713,0.618268,-0.000088,0.999682,0.025230,0.000000,0.995813,0.091413,0.000417,0.988773,0.149414,28.773730,-3.009489,0.185514,1,4,21.377450,5.946093,0,0
13.640220,-13.184540,233.314000,530.218900,1,1,1,1,2,2,0.609079,0.607362,0.609006,0.607289,0.608148,-0.000036,0.996166,0.087485,0.000000,0.996182,0.087300,0.000381,0.989564,0.144088,28.713430,-2.820789,0.261106,1,4,21.377270,5.809183,0,0
13.650220,-13.188340,233.287700,530.431000,1,1,1,1,2,2,0.600563,0.598539,0.600453,0.598704,0.599579,0.000000,0.996365,0.085187,0.000000,0.996360,0.085241,0.000349,0.990286,0.139040,28.238450,-2.632567,0.342085,1,4,21.377360,5.674473,0,0
13.660220,-13.191590,233.263200,530.643300,1,1,1,1,2,2,0.593085,0.591574,0.593250,0.591464,0.592357,0.000000,0.996493,0.083672,0.000000,0.996491,0.083697,0.000319,0.990941,0.134291,27.478530,-2.448951,0.424733,1,4,21.377670,5.541739,0,0
13.670220,-13.194290,233.240500,530.855800,1,1,1,1,2,2,0.586603,0.557458,0.586720,0.584918,0.585819,-0.000024,0.994322,0.106410,0.000000,0.996620,0.082152,0.000291,0.991537,0.129816,26.638430,-2.272787,0.505645,1,4,21.378130,5.410905,0,0
13.680220,-13.196470,233.219400,531.068500,1,1,1,1,2,2,0.582620,0.580474,0.582476,0.580613,0.581544,0.000000,0.996621,0.082141,0.000000,0.996620,0.082152,0.000266,0.992064,0.125724,25.395010,-2.104892,0.586367,1,4,21.378680,5.282036,0,0
13.690220,-13.198130,233.199900,531.281400,1,1,1,1,2,2,0.579993,0.578057,0.579833,0.577894,0.578863,0.000000,0.996600,0.082398,0.000000,0.996577,0.082667,0.000243,0.992526,0.122026,23.963540,-1.949291,0.663110,1,4,21.379130,5.155027,0,0
13.700220,-13.199300,233.181900,531.494400,1,1,1,1,2,2,0.577592,0.576698,0.577949,0.576791,0.577370,-0.000008,0.996430,0.084429,0.000000,0.996426,0.084469,0.000222,0.992918,0.118800,22.422980,-1.807872,0.735640,1,4,21.379350,5.029829,0,0
13.710220,-13.199970,233.165000,531.707600,1,1,1,1,2,2,0.578803,0.576377,0.578622,0.576464,0.577543,-0.000127,0.996188,0.087233,0.000000,0.996182,0.087300,0.000203,0.993238,0.116093,20.688480,-1.681738,0.803899,1,4,21.379220,4.906273,0,0
13.720220,-13.200160,233.149300,531.920800,1,1,1,1,2,2,0.580845,0.578570,0.580928,0.578649,0.579788,0.000000,0.995939,0.090026,0.000000,0.995953,0.089871,0.000186,0.993499,0.113839,18.771370,-1.572835,0.864517,1,4,21.378590,4.784209,0,0
13.730220,-13.199900,233.134500,532.134000,1,1,1,1,2,2,0.584783,0.582602,0.584856,0.582448,0.583652,0.000000,0.995681,0.092843,0.000000,0.995670,0.092954,0.000170,0.993703,0.112044,16.796420,-1.482987,0.915779,1,4,21.377280,4.663723,0,0
13.740220,-13.199180,233.120300,532.347300,1,1,1,1,2,2,0.589361,0.587968,0.589436,0.588377,0.588907,0.000083,0.995119,0.098679,0.000000,0.995063,0.099241,0.000155,0.993826,0.110943,14.691620,-1.412779,0.962185,1,4,21.375210,4.544855,0,0
13.750220,-13.198020,233.106700,532.560500,1,1,1,1,2,2,0.596558,0.593704,0.596621,0.593784,0.595202,-0.000016,0.994443,0.105280,0.000000,0.994445,0.105257,0.000142,0.993881,0.110454,12.596860,-1.363509,1.000667,1,4,21.372270,4.427158,0,0
13.760220,-13.196430,233.093400,532.773800,1,1,1,1,2,2,0.605496,0.602155,0.605319,0.602279,0.603799,0.000000,0.993861,0.110635,0.000000,0.993891,0.110368,0.000130,0.993882,0.110447,10.353250,-1.335077,1.028516,1,4,21.368460,4.310700,0,0
13.770220,-13.194420,233.080100,532.987000,1,1,1,1,2,2,0.615586,0.612346,0.616462,0.612186,0.614324,0.000000,0.993250,0.115994,0.000000,0.993116,0.117133,0.000118,0.993818,0.111021,8.011036,-1.328959,1.046401,1,4,21.363690,4.195650,0,0
13.780220,-13.192010,233.066600,533.200100,1,1,1,1,2,2,0.625742,0.575147,0.625904,0.622236,0.624070,-0.000060,0.986139,0.165922,0.000000,0.991685,0.128690,0.000108,0.993647,0.112543,5.884835,-1.346126,1.061210,1,4,21.357930,4.081791,0,0
13.790220,-13.189210,233.052800,533.413200,1,1,1,1,2,2,0.639005,0.635067,0.638910,0.634983,0.636946,0.000000,0.990735,0.135812,0.000000,0.990739,0.135780,0.000099,0.993418,0.114546,3.468270,-1.384419,1.065072,1,4,21.351390,3.968859,0,0
13.800220,-13.186020,233.038300,533.626200,1,1,1,1,2,2,0.653143,0.648706,0.653122,0.648912,0.651017,0.000000,0.989692,0.143212,0.000000,0.989672,0.143351,0.000090,0.993128,0.117029,1.181878,-1.446706,1.055106,1,4,21.343990,3.857254,0,0
13.810220,-13.182460,233.023000,533.838900,1,1,1,1,2,2,0.622692,0.664159,0.666927,0.663930,0.665428,-0.000052,0.982007,0.188846,0.000000,0.987811,0.155658,0.000083,0.992730,0.120362,0.000000,-1.531670,1.040532,1,4,21.335900,3.746803,0,0
13.820220,-13.178530,233.006700,534.051600,1,1,1,1,2,2,0.683787,0.678717,0.683679,0.678595,0.681137,0.000123,0.985632,0.168906,0.000000,0.985635,0.168892,0.000076,0.992213,0.124552,0.000000,-1.628316,1.032597,1,4,21.327770,3.637570,0,0
13.830220,-13.174260,232.989500,534.264000,1,1,1,1,2,2,0.701731,0.696282,0.701742,0.696284,0.699013,0.000000,0.983927,0.178571,0.000000,0.983972,0.178321,0.000069,0.991619,0.129196,0.000000,-1.724896,1.034491,1,4,21.320180,3.530114,0,0
13.840220,-13.169650,232.971200,534.476300,1,1,1,1,2,2,0.721107,0.715252,0.721191,0.715369,0.718280,0.000000,0.982118,0.188268,0.000000,0.982132,0.188192,0.000063,0.990941,0.134295,0.000000,-1.821410,1.046221,1,4,21.313120,3.424220,0,0
13.850220,-13.164700,232.952100,534.688500,1,1,1,1,1,1,0.747676,0.738594,0.747788,0.742290,0.745039,0.000000,0.985201,0.171405,0.000000,0.984347,0.176242,0.000058,0.990444,0.137916,0.000000,-1.917854,1.026297,1,4,21.306600,3.321373,0,0
13.860220,-13.159430,232.931900,534.900500,1,1,1,1,1,1,0.747676,0.738594,0.747788,0.742290,0.745039,0.000000,0.985201,0.171405,0.000000,0.984347,0.176242,0.000058,0.990444,0.137916,0.000000,-4.732124,-1.849494,0,4,21.110680,-47.244960,1,0
13.870220,-13.159430,232.931900,534.900500,1,1,1,1,1,1,0.747676,0.738594,0.747788,0.742290,0.745039,0.000000,0.985201,0.171405,0.000000,0.984347,0.176242,0.000058,0.990444,0.137916,0.000000,-4.730780,-1.848969,0,4,21.104680,0.049252,1,0
13.880220,-13.007960,232.898100,535.119100,1,1,1,1,1,1,0.747676,0.738594,0.747788,0.742290,0.745039,0.000000,0.985201,0.171405,0.000000,0.984347,0.176242,0.000058,0.990444,0.137916,0.000000,-4.734367,-1.850370,0,4,21.120680,-0.131372,1,0
13.890220,-12.876280,232.862500,535.336200,1,1,1,1,1,1,0.747676,0.738594,0.747788,0.742290,0.745039,0.000000,0.985201,0.171405,0.000000,0.984347,0.176242,0.000058,0.990444,0.137916,0.000000,-4.737357,-1.851162,0,4,21.136690,-0.131803,1,0
13.900220,-12.761800,232.825300,535.552100,1,1,1,1,1,1,0.747676,0.738594,0.747788,0.742290,0.745039,0.000000,0.985201,0.171405,0.000000,0.984347,0.176242,0.000058,0.990444,0.137916,0.000000,-4.740944,-1.852564,0,4,21.152690,-0.131357,1,0
13.910220,-12.662280,232.786800,535.766800,1,1,1,1,1,1,0.747676,0.738594,0.747788,0.742290,0.745039,0.000000,0.985201,0.171405,0.000000,0.984347,0.176242,0.000058,0.990444,0.137916,0.000000,-4.745130,-1.854577,0,4,21.168700,-0.130928,1,0
13.920220,-12.575760,232.747100,535.980500,1,1,1,1,1,1,0.747676,0.738594,0.747788,0.742290,0.745039,0.000000,0.985201,0.171405,0.000000,0.984347,0.176242,0.000058,0.990444,0.137916,0.000000,-4.748717,-1.855979,0,4,21.184700,-0.131373,1,0
13.930220,-12.500540,232.706300,536.193400,1,1,1,1,1,1,0.747676,0.738594,0.747788,0.742290,0.745039,0.000000,0.985201,0.171405,0.000000,0.984347,0.176242,0.000058,0.990444,0.137916,0.000000,-4.752271,-1.857368,0,4,21.200550,-0.130120,1,0
13.940220,-12.435150,232.664600,536.405600,1,1,1,1,1,1,0.747676,0.738594,0.747788,0.742290,0.745039,0.000000,0.985201,0.171405,0.000000,0.984347,0.176242,0.000058,0.990444,0.137916,0.000000,-4.755858,-1.858770,0,4,21.216560,-0.131372,1,0
13.950220,-12.378300,232.622100,536.617300,1,1,1,1,1,1,0.747676,0.738594,0.747788,0.742290,0.745039,0.000000,0.985201,0.171405,0.000000,0.984347,0.176242,0.000058,0.990444,0.137916,0.000000,-4.759446,-1.860172,0,4,21.232560,-0.131357,1,0
13.960220,-12.328880,232.578900,536.828400,1,1,1,1,1,1,0.747676,0.738594,0.747788,0.742290,0.745039,0.000000,0.985201,0.171405,0.000000,0.984347,0.176242,0.000058,0.990444,0.137916,0.000000,-4.762433,-1.860961,0,4,21.248570,-0.131799,1,0
13.970220,-12.285910,232.535100,537.039200,1,1,1,1,1,1,0.747676,0.738594,0.747788,0.742290,0.745039,0.000000,0.985201,0.171405,0.000000,0.984347,0.176242,0.000058,0.990444,0.137916,0.000000,-4.766020,-1.862363,0,4,21.264570,-0.131372,1,0
13.980220,-12.248560,232.490800,537.249600,1,1,1,1,1,1,0.747676,0.738594,0.747788,0.742290,0.745039,0.000000,0.985201,0.171405,0.000000,0.984347,0.176242,0.000058,0.990444,0.137916,0.000000,-4.769607,-1.863764,0,4,21.280570,-0.131356,1,0
13.990220,-12.216090,232.446000,537.459800,1,1,1,1,1,1,0.747676,0.738594,0.747788,0.742290,0.745039,0.000000,0.985201,0.171405,0.000000,0.984347,0.176242,0.000058,0.990444,0.137916,0.000000,-4.773796,-1.865781,0,4,21.296580,-0.130932,1,0
14.000230,-12.187860,232.400800,537.669900,1,1,1,1,1,1,0.747676,0.738594,0.747788,0.742290,0.745039,0.000000,0.985201,0.171405,0.000000,0.984347,0.176242,0.000058,0.990444,0.137916,0.000000,-4.777384,-1.867183,0,4,21.312590,-0.131357,1,0
14.010230,-12.163320,232.355200,537.879600,1,1,1,1,1,1,0.747676,0.738594,0.747788,0.742290,0.745039,0.000000,0.985201,0.171405,0.000000,0.984347,0.176242,0.000058,0.990444,0.137916,0.000000,-4.780972,-1.868585,0,4,21.328590,-0.131373,1,0
14.020230,-12.141980,232.309300,538.089300,1,1,1,1,1,1,0.747676,0.738594,0.747788,0.742290,0.745039,0.000000,0.985201,0.171405,0.000000,0.984347,0.176242,0.000058,0.990444,0.137916,0.000000,-4.784559,-1.869987,0,4,21.344590,-0.131357,1,0
14.030230,-12.123430,232.263100,538.298900,1,1,1,1,1,1,0.747676,0.738594,0.747788,0.742290,0.745039,0.000000,0.985201,0.171405,0.000000,0.984347,0.176242,0.000058,0.990444,0.137916,0.000000,-4.787543,-1.870773,0,4,21.360600,-0.131811,1,0
14.040230,-12.107310,232.216600,538.508500,1,1,1,1,1,1,0.747676,0.738594,0.747788,0.742290,0.745039,0.000000,0.985201,0.171405,0.000000,0.984347,0.176242,0.000058,0.990444,0.137916,0.000000,-4.791130,-1.872174,0,4,21.376600,-0.131372,1,0
14.050230,-12.093290,232.170000,538.718000,1,1,1,1,1,1,0.747676,0.738594,0.747788,0.742290,0.745039,0.000000,0.985201,0.171405,0.000000,0.984347,0.176242,0.000058,0.990444,0.137916,0.000000,-4.794717,-1.873576,0,4,21.392610,-0.131357,1,0
14.060230,-12.081100,232.123100,538.927600,1,1,1,1,1,1,0.747676,0.738594,0.747788,0.742290,0.745039,0.000000,0.985201,0.171405,0.000000,0.984347,0.176242,0.000058,0.990444,0.137916,0.000000,-4.798909,-1.875596,0,4,21.408610,-0.130920,1,0
14.070230,-12.070510,232.076100,539.137100,1,1,1,1,1,1,0.747676,0.738594,0.747788,0.742290,0.745039,0.000000,0.985201,0.171405,0.000000,0.984347,0.176242,0.000058,0.990444,0.137916,0.000000,-4.802497,-1.876998,0,4,21.424620,-0.131373,1,0
14.080230,-12.061290,232.028900,539.346700,1,1,1,1,1,1,0.747676,0.738594,0.747788,0.742290,0.745039,0.000000,0.985201,0.171405,0.000000,0.984347,0.176242,0.000058,0.990444,0.137916,0.000000,-4.806084,-1.878400,0,4,21.440620,-0.131357,1,0
14.090230,-12.053290,231.981500,539.556300,1,1,1,1,1,1,0.747676,0.738594,0.747788,0.742290,0.745039,0.000000,0.985201,0.171405,0.000000,0.984347,0.176242,0.000058,0.990444,0.137916,0.000000,-4.809672,-1.879802,0,4,21.456630,-0.131373,1,0
14.100230,-12.046320,231.934100,539.766100,1,1,1,1,1,1,0.747676,0.738594,0.747788,0.742290,0.745039,0.000000,0.985201,0.171405,0.000000,0.984347,0.176242,0.000058,0.990444,0.137916,0.000000,-4.813259,-1.881204,0,4,21.472630,-0.131357,1,0
14.110230,-12.040270,231.886500,539.975800,1,1,1,1,1,1,0.747676,0.738594,0.747788,0.742290,0.745039,0.000000,0.985201,0.171405,0.000000,0.984347,0.176242,0.000058,0.990444,0.137916,0.000000,-4.816239,-1.881986,0,4,21.488630,-0.131807,1,0
14.120230,-12.035010,231.838800,540.185700,1,1,1,1,1,1,0.747676,0.738594,0.747788,0.742290,0.745039,0.000000,0.985201,0.171405,0.000000,0.984347,0.176242,0.000058,0.990444,0.137916,0.000000,-4.819827,-1.883388,0,4,21.504640,-0.131372,1,0
14.130230,-12.030440,231.791000,540.395600,1,1,1,1,1,1,0.747676,0.738594,0.747788,0.742290,0.745039,0.000000,0.985201,0.171405,0.000000,0.984347,0.176242,0.000058,0.990444,0.137916,0.000000,-4.824022,-1.885411,0,4,21.520650,-0.130923,1,0
14.140230,-12.026460,231.743100,540.605700,1,1,1,1,1,1,0.747676,0.738594,0.747788,0.742290,0.745039,0.000000,0.985201,0.171405,0.000000,0.984347,0.176242,0.000058,0.990444,0.137916,0.000000,-4.827610,-1.886813,0,4,21.536650,-0.131357,1,0
14.150230,-12.023000,231.695100,540.815900,1,1,1,1,1,1,0.747676,0.738594,0.747788,0.742290,0.745039,0.000000,0.985201,0.171405,0.000000,0.984347,0.176242,0.000058,0.990444,0.137916,0.000000,-4.831197,-1.888215,0,4,21.552660,-0.131373,1,0
14.160230,-12.020000,231.647100,541.026200,1,1,1,1,1,1,0.747676,0.738594,0.747788,0.742290,0.745039,0.000000,0.985201,0.171405,0.000000,0.984347,0.176242,0.000058,0.990444,0.137916,0.000000,-4.834785,-1.889617,0,4,21.568660,-0.131357,1,0
14.170230,-12.017390,231.599000,541.236600,1,1,1,1,1,1,0.747676,0.738594,0.747788,0.742290,0.745039,0.000000,0.985201,0.171405,0.000000,0.984347,0.176242,0.000058,0.990444,0.137916,0.000000,-4.838372,-1.891019,0,4,21.584670,-0.131373,1,0
14.180230,-12.015110,231.550800,541.447200,1,1,1,1,1,1,0.747676,0.738594,0.747788,0.742290,0.745039,0.000000,0.985201,0.171405,0.000000,0.984347,0.176242,0.000058,0.990444,0.137916,0.000000,-4.841349,-1.891798,0,4,21.600670,-0.131803,1,0
14.190230,-12.013140,231.502500,541.657900,1,1,1,1,1,1,0.747676,0.738594,0.747788,0.742290,0.745039,0.000000,0.985201,0.171405,0.000000,0.984347,0.176242,0.000058,0.990444,0.137916,0.000000,-4.844936,-1.893200,0,4,21.616670,-0.131357,1,0
14.200230,-12.011420,231.454300,541.868700,1,1,1,1,1,1,0.747676,0.738594,0.747788,0.742290,0.745039,0.000000,0.985201,0.171405,0.000000,0.984347,0.176242,0.000058,0.990444,0.137916,0.000000,-4.849135,-1.895226,0,4,21.632680,-0.130927,1,0
14.210230,-12.009930,231.405900,542.079600,1,1,1,1,1,1,0.747676,0.738594,0.747788,0.742290,0.745039,0.000000,0.985201,0.171405,0.000000,0.984347,0.176242,0.000058,0.990444,0.137916,0.000000,-4.852722,-1.896628,0,4,21.648680,-0.131357,1,0
14.220230,-12.008630,231.357500,542.290700,1,1,1,1,1,1,0.747676,0.738594,0.747788,0.742290,0.745039,0.000000,0.985201,0.171405,0.000000,0.984347,0.176242,0.000058,0.990444,0.137916,0.000000,-4.855698,-1.897405,0,4,21.664690,-0.131817,1,0
14.230230,-12.007510,231.309000,542.501900,1,1,1,1,1,1,0.747676,0.738594,0.747788,0.742290,0.745039,0.000000,0.985201,0.171405,0.000000,0.984347,0.176242,0.000058,0.990444,0.137916,0.000000,-4.859284,-1.898806,0,4,21.680690,-0.131372,1,0
14.240230,-12.006530,231.260500,542.713300,1,1,1,1,1,1,0.747676,0.738594,0.747788,0.742290,0.745039,0.000000,0.985201,0.171405,0.000000,0.984347,0.176242,0.000058,0.990444,0.137916,0.000000,-4.862838,-1.900195,0,4,21.696540,-0.130120,1,0
14.250230,-12.005670,231.212000,542.924800,1,1,1,1,1,1,0.747676,0.738594,0.747788,0.742290,0.745039,0.000000,0.985201,0.171405,0.000000,0.984347,0.176242,0.000058,0.990444,0.137916,0.000000,-4.867039,-1.902224,0,4,21.712550,-0.130914,1,0
14.260230,-12.004930,231.163400,543.136500,1,1,1,1,1,1,0.747676,0.738594,0.747788,0.742290,0.745039,0.000000,0.985201,0.171405,0.000000,0.984347,0.176242,0.000058,0.990444,0.137916,0.000000,-4.870626,-1.903626,0,4,21.728550,-0.131373,1,0
14.270230,-12.004290,231.114700,543.348300,1,1,1,1,1,1,0.747676,0.738594,0.747788,0.742290,0.745039,0.000000,0.985201,0.171405,0.000000,0.984347,0.176242,0.000058,0.990444,0.137916,0.000000,-4.874214,-1.905028,0,4,21.744560,-0.131357,1,0
14.280230,-12.003730,231.066000,543.560300,1,1,1,1,1,1,0.747676,0.738594,0.747788,0.742290,0.745039,0.000000,0.985201,0.171405,0.000000,0.984347,0.176242,0.000058,0.990444,0.137916,0.000000,-4.877801,-1.906430,0,4,21.760560,-0.131373,1,0
14.290230,-12.003240,231.017300,543.772300,1,1,1,1,2,2,0.734133,0.727063,0.734104,0.727018,0.730561,0.000000,0.974624,0.223847,0.000000,0.974555,0.224148,0.000058,0.990444,0.137916,0.000000,-1.381389,1.558720,0,4,21.267330,3.826270,0,0
14.300230,-12.003240,231.002500,543.984600,1,1,1,1,2,2,0.767301,0.760392,0.767243,0.760164,0.763704,0.000000,0.974572,0.224075,0.000000,0.974555,0.224148,0.000058,0.990444,0.137916,0.000000,-1.479489,1.461558,0,4,21.273920,-0.110927,0,0
14.310230,-12.003240,230.986700,544.196800,1,1,1,1,2,2,0.799498,0.792382,0.799438,0.792352,0.795895,-0.000004,0.974624,0.223847,0.000000,0.974555,0.224148,0.000058,0.990444,0.137916,0.000000,-1.577589,1.364395,0,4,21.280970,-0.110927,0,0
14.320230,-12.003240,230.970000,544.409000,1,1,1,1,2,2,0.830743,0.823801,0.830681,0.823595,0.827138,0.000000,0.974569,0.224088,0.000000,0.974555,0.224148,0.000058,0.990444,0.137916,0.000000,-1.675689,1.267233,0,4,21.288470,-0.110927,0,0
14.330230,-12.003240,230.952200,544.621200,1,1,1,1,1,1,0.860872,0.853774,0.860970,0.853877,0.857423,0.000000,0.974624,0.223847,0.000000,0.974555,0.224148,0.000058,0.990444,0.137916,0.000000,-1.773789,1.170071,0,4,21.296410,-0.110927,0,0
14.340230,-12.003240,230.933500,544.833400,1,1,1,1,1,1,0.890180,0.883105,0.890295,0.883201,0.886748,0.000000,0.974624,0.223847,0.000000,0.974555,0.224148,0.000058,0.990444,0.137916,0.000000,-1.871889,1.072908,0,4,21.304810,-0.110927,0,0
14.350230,-12.003240,230.913800,545.045700,1,1,1,1,1,1,0.918555,0.911461,0.918668,0.911574,0.915121,-0.000008,0.974631,0.223819,0.000000,0.974555,0.224148,0.000058,0.990444,0.137916,0.000000,-1.969989,0.975746,0,4,21.313650,-0.110927,0,0
14.360230,-12.003240,230.893100,545.257900,1,1,1,1,1,1,0.945981,0.938885,0.946074,0.938996,0.942535,0.000000,0.974624,0.223847,0.000000,0.974555,0.224148,0.000058,0.990444,0.137916,0.000000,-2.068089,0.878583,0,4,21.322940,-0.110927,0,0
14.370230,-12.003240,230.871500,545.470100,1,1,1,1,1,1,0.972438,0.965656,0.972529,0.965450,0.968990,0.000000,0.974513,0.224330,0.000000,0.974555,0.224148,0.000058,0.990444,0.137916,0.000000,-2.166189,0.781421,0,4,21.332680,-0.110927,0,0
14.380230,-12.003240,230.848800,545.682300,0,0,0,0,0,0,0.000000,0.000000,0.000000,0.000000,0.968990,0.000000,0.000000,0.000000,0.000000,0.974555,0.224148,0.000058,0.990444,0.137916,0.000000,-2.264289,0.684258,0,4,21.342870,-0.110927,0,0
14.390230,-12.003240,230.825200,545.894500,0,0,0,0,0,0,0.000000,0.000000,0.000000,0.000000,0.968990,0.000000,0.000000,0.000000,0.000000,0.974555,0.224148,0.000058,0.990444,0.137916,0.000000,-2.362389,0.587096,0,4,21.353500,-0.110927,0,0
14.400230,-12.003240,230.800600,546.106800,0,0,0,0,0,0,0.000000,0.000000,0.000000,0.000000,0.968990,0.000000,0.000000,0.000000,0.000000,0.974555,0.224148,0.000058,0.990444,0.137916,0.000000,-2.460489,0.489933,0,4,21.364570,-0.110927,0,0
14.410230,-12.003240,230.775000,546.319000,0,0,0,0,0,0,0.000000,0.000000,0.000000,0.000000,0.968990,0.000000,0.000000,0.000000,0.000000,0.974555,0.224148,0.000058,0.990444,0.137916,0.000000,-2.558589,0.392771,0,4,21.376090,-0.110927,0,0
14.420230,-12.003240,230.748400,546.531200,0,0,0,0,0,0,0.000000,0.000000,0.000000,0.000000,0.968990,0.000000,0.000000,0.000000,0.000000,0.974555,0.224148,0.000058,0.990444,0.137916,0.000000,-2.656688,0.295608,0,4,21.388060,-0.110927,0,0
14.430230,-12.003240,230.720900,546.743400,0,0,0,0,0,0,0.000000,0.000000,0.000000,0.000000,0.968990,0.000000,0.000000,0.000000,0.000000,0.974555,0.224148,0.000058,0.990444,0.137916,0.000000,-2.754788,0.198446,0,4,21.400460,-0.110927,0,0
14.440240,-12.003240,230.692400,546.955600,0,0,0,0,0,0,0.000000,0.000000,0.000000,0.000000,0.968990,0.000000,0.000000,0.000000,0.000000,0.974555,0.224148,0.000058,0.990444,0.137916,0.000000,-2.852888,0.101283,0,4,21.413310,-0.110927,0,0
14.450240,-12.003240,230.662800,547.167800,0,0,0,0,0,0,0.000000,0.000000,0.000000,0.000000,0.968990,0.000000,0.000000,0.000000,0.000000,0.974555,0.224148,0.000058,0.990444,0.137916,0.000000,-2.950988,0.004121,0,4,21.426600,-0.110927,0,0
14.460240,-12.003240,230.632400,547.380100,0,0,0,0,0,0,0.000000,0.000000,0.000000,0.000000,0.968990,0.000000,0.000000,0.000000,0.000000,0.974555,0.224148,0.000058,0.990444,0.137916,0.000000,-3.049088,-0.093042,0,4,21.440330,-0.110927,0,0
14.470240,-12.003240,230.600900,547.592300,0,0,0,0,0,0,0.000000,0.000000,0.000000,0.000000,0.968990,0.000000,0.000000,0.000000,0.000000,0.974555,0.224148,0.000058,0.990444,0.137916,0.000000,-3.147188,-0.190204,0,4,21.454500,-0.110927,0,0
14.480240,-12.003240,230.568400,547.804500,0,0,0,0,0,0,0.000000,0.000000,0.000000,0.000000,0.968990,0.000000,0.000000,0.000000,0.000000,0.974555,0.224148,0.000058,0.990444,0.137916,0.000000,-3.245288,-0.287367,0,4,21.469110,-0.110927,0,0
14.490240,-12.003240,230.535000,548.016700,0,0,0,0,0,0,0.000000,0.000000,0.000000,0.000000,0.968990,0.000000,0.000000,0.000000,0.000000,0.974555,0.224148,0.000058,0.990444,0.137916,0.000000,-3.343388,-0.384529,0,4,21.484160,-0.110927,0,0
14.500240,-12.003240,230.500600,548.228900,0,0,0,0,0,0,0.000000,0.000000,0.000000,0.000000,0.968990,0.000000,0.000000,0.000000,0.000000,0.974555,0.224148,0.000058,0.990444,0.137916,0.000000,-3.441488,-0.481692,0,4,21.499650,-0.110927,0,0
14.510240,-12.003240,230.465200,548.441200,0,0,0,0,0,0,0.000000,0.000000,0.000000,0.000000,0.968990,0.000000,0.000000,0.000000,0.000000,0.974555,0.224148,0.000058,0.990444,0.137916,0.000000,-3.539588,-0.578854,0,4,21.515570,-0.110927,0,0
14.520240,-12.003240,230.428800,548.653400,0,0,0,0,0,0,0.000000,0.000000,0.000000,0.000000,0.968990,0.000000,0.000000,0.000000,0.000000,0.974555,0.224148,0.000058,0.990444,0.137916,0.000000,-3.637688,-0.676016,0,4,21.531920,-0.110927,0,0
14.530240,-12.003240,230.391400,548.865600,0,0,0,0,0,0,0.000000,0.000000,0.000000,0.000000,0.968990,0.000000,0.000000,0.000000,0.000000,0.974555,0.224148,0.000058,0.990444,0.137916,0.000000,-3.735788,-0.773179,0,4,21.548710,-0.110927,0,0
14.540240,-12.003240,230.353100,549.077800,0,0,0,0,0,0,0.000000,0.000000,0.000000,0.000000,0.968990,0.000000,0.000000,0.000000,0.000000,0.974555,0.224148,0.000058,0.990444,0.137916,0.000000,-3.833888,-0.870341,0,4,21.565940,-0.110927,0,0
14.550240,-12.003240,230.313800,549.290000,0,0,0,0,0,0,0.000000,0.000000,0.000000,0.000000,0.968990,0.000000,0.000000,0.000000,0.000000,0.974555,0.224148,0.000058,0.990444,0.137916,0.000000,-3.931988,-0.967504,0,4,21.583590,-0.110927,0,0
14.560240,-12.003240,230.273500,549.502300,0,0,0,0,0,0,0.000000,0.000000,0.000000,0.000000,0.968990,0.000000,0.000000,0.000000,0.000000,0.974555,0.224148,0.000058,0.990444,0.137916,0.000000,-4.030088,-1.064667,0,4,21.601680,-0.110927,0,0
14.570240,-12.003240,230.232200,549.714500,0,0,0,0,0,0,0.000000,0.000000,0.000000,0.000000,0.968990,0.000000,0.000000,0.000000,0.000000,0.974555,0.224148,0.000058,0.990444,0.137916,0.000000,-4.128188,-1.161829,0,4,21.620200,-0.110927,0,0
14.580240,-12.003240,230.189900,549.926700,0,0,0,0,0,0,0.000000,0.000000,0.000000,0.000000,0.968990,0.000000,0.000000,0.000000,0.000000,0.974555,0.224148,0.000058,0.990444,0.137916,0.000000,-4.226288,-1.258992,0,4,21.639140,-0.110927,0,0
14.590240,-12.003240,230.146700,550.138900,0,0,0,0,0,0,0.000000,0.000000,0.000000,0.000000,0.968990,0.000000,0.000000,0.000000,0.000000,0.974555,0.224148,0.000058,0.990444,0.137916,0.000000,-4.324389,-1.356155,0,4,21.658520,-0.110927,0,0
14.600240,-12.003240,230.102500,550.351100,0,0,0,0,0,0,0.000000,0.000000,0.000000,0.000000,0.968990,0.000000,0.000000,0.000000,0.000000,0.974555,0.224148,0.000058,0.990444,0.137916,0.000000,-4.422489,-1.453317,0,4,21.678310,-0.110927,0,0
14.610240,-12.003240,230.057300,550.563400,0,0,0,0,0,0,0.000000,0.000000,0.000000,0.000000,0.968990,0.000000,0.000000,0.000000,0.000000,0.974555,0.224148,0.000058,0.990444,0.137916,0.000000,-4.520589,-1.550480,0,4,21.698540,-0.110927,0,0
14.620240,-12.003240,230.011100,550.775600,0,0,0,0,0,0,0.000000,0.000000,0.000000,0.000000,0.968990,0.000000,0.000000,0.000000,0.000000,0.974555,0.224148,0.000058,0.990444,0.137916,0.000000,-4.618689,-1.647643,0,4,21.719190,-0.108961,0,0
14.630240,-12.003240,229.963900,550.987800,0,0,0,0,0,0,0.000000,0.000000,0.000000,0.000000,0.968990,0.000000,0.000000,0.000000,0.000000,0.974555,0.224148,0.000058,0.990444,0.137916,0.000000,-4.716789,-1.744805,0,4,21.740260,-0.107004,0,0
14.640240,-12.003240,229.915800,551.200000,0,0,0,0,0,0,0.000000,0.000000,0.000000,0.000000,0.968990,0.000000,0.000000,0.000000,0.000000,0.974555,0.224148,0.000058,0.990444,0.137916,0.000000,-4.814889,-1.841968,0,4,21.761760,-0.105057,0,0
14.650240,-12.003240,229.866600,551.412200,0,0,0,0,0,0,0.000000,0.000000,0.000000,0.000000,0.968990,0.000000,0.000000,0.000000,0.000000,0.974555,0.224148,0.000058,0.990444,0.137916,0.000000,-4.912990,-1.939131,0,4,21.783670,-0.103124,0,0
14.660240,-12.003240,229.816500,551.624500,0,0,0,0,0,0,0.000000,0.000000,0.000000,0.000000,0.968990,0.000000,0.000000,0.000000,0.000000,0.974555,0.224148,0.000058,0.990444,0.137916,0.000000,-5.011090,-2.036294,0,4,21.806010,-0.101207,0,0
14.670240,-12.003240,229.765400,551.836700,0,0,0,0,0,0,0.000000,0.000000,0.000000,0.000000,0.968990,0.000000,0.000000,0.000000,0.000000,0.974555,0.224148,0.000058,0.990444,0.137916,0.000000,-5.109190,-2.133456,0,4,21.828760,-0.099307,0,0
14.680240,-12.003240,229.713400,552.048900,0,0,0,0,0,0,0.000000,0.000000,0.000000,0.000000,0.968990,0.000000,0.000000,0.000000,0.000000,0.974555,0.224148,0.000058,0.990444,0.137916,0.000000,-5.207290,-2.230619,0,4,21.851930,-0.097427,0,0
14.690240,-12.003240,229.660300,552.261100,0,0,0,0,0,0,0.000000,0.000000,0.000000,0.000000,0.968990,0.000000,0.000000,0.000000,0.000000,0.974555,0.224148,0.000058,0.990444,0.137916,0.000000,-5.305390,-2.327782,0,4,21.875510,-0.095568,0,0
14.700240,-12.003240,229.606300,552.473300,0,0,0,0,0,0,0.000000,0.000000,0.000000,0.000000,0.968990,0.000000,0.000000,0.000000,0.000000,0.974555,0.224148,0.000058,0.990444,0.137916,0.000000,-5.403491,-2.424944,0,4,21.899510,-0.093731,0,0
14.710240,-12.003240,229.551300,552.685500,0,0,0,0,0,0,0.000000,0.000000,0.000000,0.000000,0.968990,0.000000,0.000000,0.000000,0.000000,0.974555,0.224148,0.000058,0.990444,0.137916,0.000000,-5.501591,-2.522107,0,4,21.923920,-0.091918,0,0
14.720240,-12.003240,229.495300,552.897800,0,0,0,0,0,0,0.000000,0.000000,0.000000,0.000000,0.968990,0.000000,0.000000,0.000000,0.000000,0.974555,0.224148,0.000058,0.990444,0.137916,0.000000,-5.599691,-2.619270,0,4,21.948750,-0.090131,0,0
14.730240,-12.003240,229.438300,553.110000,0,0,0,0,0,0,0.000000,0.000000,0.000000,0.000000,0.968990,0.000000,0.000000,0.000000,0.000000,0.974555,0.224148,0.000058,0.990444,0.137916,0.000000,-5.697791,-2.716433,0,4,21.973980,-0.088997,0,0
14.740240,-12.003240,229.380300,553.322200,0,0,0,0,0,0,0.000000,0.000000,0.000000,0.000000,0.968990,0.000000,0.000000,0.000000,0.000000,0.974555,0.224148,0.000058,0.990444,0.137916,0.000000,-5.795891,-2.813595,0,4,21.999620,-0.087869,0,0
14.750240,-12.003240,229.321400,553.534400,0,0,0,0,0,0,0.000000,0.000000,0.000000,0.000000,0.968990,0.000000,0.000000,0.000000,0.000000,0.974555,0.224148,0.000058,0.990444,0.137916,0.000000,-5.893991,-2.910758,0,4,22.025670,-0.086749,0,0
14.760240,-12.003240,229.261500,553.746600,0,0,0,0,0,0,0.000000,0.000000,0.000000,0.000000,0.968990,0.000000,0.000000,0.000000,0.000000,0.974555,0.224148,0.000058,0.990444,0.137916,0.000000,-5.992092,-3.007921,0,4,22.052120,-0.085638,0,0
14.770240,-12.003240,229.200600,553.958900,0,0,0,0,0,0,0.000000,0.000000,0.000000,0.000000,0.968990,0.000000,0.000000,0.000000,0.000000,0.974555,0.224148,0.000058,0.990444,0.137916,0.000000,-6.090192,-3.105083,0,4,22.078980,-0.084536,0,0
14.780240,-12.003240,229.138700,554.171100,0,0,0,0,0,0,0.000000,0.000000,0.000000,0.000000,0.968990,0.000000,0.000000,0.000000,0.000000,0.974555,0.224148,0.000058,0.990444,0.137916,0.000000,-6.188292,-3.202246,0,4,22.106240,-0.083446,0,0
14.790240,-12.003240,229.075800,554.383300,0,0,0,0,0,0,0.000000,0.000000,0.000000,0.000000,0.968990,0.000000,0.000000,0.000000,0.000000,0.974555,0.224148,0.000058,0.990444,0.137916,0.000000,-6.286392,-3.299409,0,4,22.133900,-0.082367,0,0
14.800240,-12.003240,229.012000,554.595500,0,0,0,0,0,0,0.000000,0.000000,0.000000,0.000000,0.968990,0.000000,0.000000,0.000000,0.000000,0.974555,0.224148,0.000058,0.990444,0.137916,0.000000,-6.384492,-3.396571,0,4,22.161960,-0.081302,0,0
14.810240,-12.003240,228.947100,554.807700,0,0,0,0,0,0,0.000000,0.000000,0.000000,0.000000,0.968990,0.000000,0.000000,0.000000,0.000000,0.974555,0.224148,0.000058,0.990444,0.137916,0.000000,-6.482593,-3.493734,0,4,22.190420,-0.080249,0,0
14.820240,-12.003240,228.881300,555.020000,0,0,0,0,0,0,0.000000,0.000000,0.000000,0.000000,0.968990,0.000000,0.000000,0.000000,0.000000,0.974555,0.224148,0.000058,0.990444,0.137916,0.000000,-6.580693,-3.590897,0,4,22.219280,-0.079232,0,0
14.830240,-12.003240,228.814500,555.232200,0,0,0,0,0,0,0.000000,0.000000,0.000000,0.000000,0.968990,0.000000,0.000000,0.000000,0.000000,0.974555,0.224148,0.000058,0.990444,0.137916,0.000000,-6.678793,-3.688060,0,4,22.248530,-0.078227,0,0
14.840240,-12.003240,228.746800,555.444400,0,0,0,0,0,0,0.000000,0.000000,0.000000,0.000000,0.968990,0.000000,0.000000,0.000000,0.000000,0.974555,0.224148,0.000058,0.990444,0.137916,0.000000,-6.776893,-3.785222,0,4,22.278180,-0.077236,0,0
14.850240,-12.003240,228.678000,555.656600,0,0,0,0,0,0,0.000000,0.000000,0.000000,0.000000,0.968990,0.000000,0.000000,0.000000,0.000000,0.974555,0.224148,0.000058,0.990444,0.137916,0.000000,-6.874993,-3.882385,0,4,22.308220,-0.076258,0,0
14.860240,-12.003240,228.608300,555.868800,0,0,0,0,0,0,0.000000,0.000000,0.000000,0.000000,0.968990,0.000000,0.000000,0.000000,0.000000,0.974555,0.224148,0.000058,0.990444,0.137916,0.000000,-6.973094,-3.979548,0,4,22.338640,-0.075295,0,0
14.870240,-12.003240,228.537600,556.081100,0,0,0,0,0,0,0.000000,0.000000,0.000000,0.000000,0.968990,0.000000,0.000000,0.000000,0.000000,0.974555,0.224148,0.000058,0.990444,0.137916,0.000000,-7.071194,-4.076710,0,4,22.369460,-0.074346,0,0
14.880250,-12.003240,228.465900,556.293300,0,0,0,0,0,0,0.000000,0.000000,0.000000,0.000000,0.968990,0.000000,0.000000,0.000000,0.000000,0.974555,0.224148,0.000058,0.990444,0.137916,0.000000,-7.169294,-4.173873,0,4,22.400660,-0.073412,0,0
14.890250,-12.003240,228.393200,556.505500,0,0,0,0,0,0,0.000000,0.000000,0.000000,0.000000,0.968990,0.000000,0.000000,0.000000,0.000000,0.974555,0.224148,0.000058,0.990444,0.137916,0.000000,-7.267394,-4.271036,0,4,22.432250,-0.072494,0,0
14.900250,-12.003240,228.319600,556.717700,0,0,0,0,0,0,0.000000,0.000000,0.000000,0.000000,0.968990,0.000000,0.000000,0.000000,0.000000,0.974555,0.224148,0.000058,0.990444,0.137916,0.000000,-7.365494,-4.368198,0,4,22.464230,-0.071591,0,0
14.910250,-12.003240,228.244900,556.929900,0,0,0,0,0,0,0.000000,0.000000,0.000000,0.000000,0.968990,0.000000,0.000000,0.000000,0.000000,0.974555,0.224148,0.000058,0.990444,0.137916,0.000000,-7.463594,-4.465361,0,4,22.496580,-0.070705,0,0
14.920250,-12.003240,228.169300,557.142200,0,0,0,0,0,0,0.000000,0.000000,0.000000,0.000000,0.968990,0.000000,0.000000,0.000000,0.000000,0.974555,0.224148,0.000058,0.990444,0.137916,0.000000,-7.561695,-4.562524,0,4,22.529320,-0.069833,0,0
14.930250,-12.003240,228.092700,557.354400,0,0,0,0,0,0,0.000000,0.000000,0.000000,0.000000,0.968990,0.000000,0.000000,0.000000,0.000000,0.974555,0.224148,0.000058,0.990444,0.137916,0.000000,-7.659795,-4.659687,0,4,22.562430,-0.068978,0,0
14.940250,-12.003240,228.015100,557.566600,0,0,0,0,0,0,0.000000,0.000000,0.000000,0.000000,0.968990,0.000000,0.000000,0.000000,0.000000,0.974555,0.224148,0.000058,0.990444,0.137916,0.000000,-7.757895,-4.756849,0,4,22.595930,-0.068139,0,0
14.950250,-12.003240,227.936600,557.778800,0,0,0,0,0,0,0.000000,0.000000,0.000000,0.000000,0.968990,0.000000,0.000000,0.000000,0.000000,0.974555,0.224148,0.000058,0.990444,0.137916,0.000000,-7.855995,-4.854012,0,4,22.629800,-0.067316,0,0
14.960250,-12.003240,227.857000,557.991000,0,0,0,0,0,0,0.000000,0.000000,0.000000,0.000000,0.968990,0.000000,0.000000,0.000000,0.000000,0.974555,0.224148,0.000058,0.990444,0.137916,0.000000,-7.954095,-4.951175,0,4,22.664040,-0.066510,0,0
14.970250,-12.003240,227.776500,558.203200,0,0,0,0,0,0,0.000000,0.000000,0.000000,0.000000,0.968990,0.000000,0.000000,0.000000,0.000000,0.974555,0.224148,0.000058,0.990444,0.137916,0.000000,-8.052196,-5.048337,0,4,22.698650,-0.066373,0,0
14.980250,-12.003240,227.695000,558.415500,0,0,0,0,0,0,0.000000,0.000000,0.000000,0.000000,0.968990,0.000000,0.000000,0.000000,0.000000,0.974555,0.224148,0.000058,0.990444,0.137916,0.000000,-8.150295,-5.145500,0,4,22.733640,-0.066232,0,0
14.990250,-12.003240,227.612500,558.627700,0,0,0,0,0,0,0.000000,0.000000,0.000000,0.000000,0.968990,0.000000,0.000000,0.000000,0.000000,0.974555,0.224148,0.000058,0.990444,0.137916,0.000000,-8.248395,-5.242662,0,4,22.768990,-0.066087,0,0
15.000250,-12.003240,227.529100,558.839900,1,1,1,1,2,2,1.030662,1.026162,1.030421,1.025936,1.028179,-0.006232,0.976327,0.216212,-0.006228,0.976381,0.215967,-0.006228,0.976381,0.215967,0.000000,-4.744406,0.000000,1,5,21.967180,1.377402,0,0
15.010250,-12.003340,227.480700,559.054300,1,1,1,1,2,2,1.029554,1.025051,1.029460,1.024931,1.027196,-0.006232,0.976437,0.215714,-0.006228,0.976381,0.215967,-0.006228,0.976381,0.215967,0.000000,-4.839394,-0.095783,1,5,21.974490,1.092884,0,0
15.020250,-12.003310,227.431300,559.268500,1,1,1,1,2,2,1.027263,1.022960,1.027531,1.023032,1.025281,-0.006231,0.976276,0.216441,-0.006228,0.976381,0.215967,-0.006228,0.976381,0.215967,0.000000,-4.934320,-0.191522,1,5,21.982170,1.232144,0,0
15.030250,-12.003140,227.381000,559.482500,1,1,1,1,2,2,1.024385,1.019961,1.024618,1.020207,1.022413,-0.006232,0.976329,0.216199,-0.006228,0.976381,0.215967,-0.006228,0.976381,0.215967,0.000000,-5.029192,-0.287215,1,5,21.990260,1.323614,0,0
15.040250,-12.002820,227.329800,559.696500,1,1,1,1,2,2,1.019695,1.015330,1.019857,1.015486,1.017672,-0.006228,0.975991,0.217720,-0.006225,0.976012,0.217630,-0.006227,0.976349,0.216110,0.000000,-5.124013,-0.379637,1,5,21.998760,1.384355,0,0
15.050250,-12.002350,227.277600,559.910300,1,1,1,1,2,2,1.015389,1.011010,1.015389,1.011138,1.013263,-0.006227,0.975940,0.217949,-0.006225,0.976012,0.217630,-0.006227,0.976320,0.216241,0.000000,-5.218790,-0.472290,1,5,22.007680,1.399971,0,0
15.060250,-12.001750,227.224500,560.124000,1,1,1,1,2,2,1.009997,1.005688,1.009960,1.005843,1.007902,-0.006227,0.975937,0.217963,-0.006225,0.976012,0.217630,-0.006227,0.976294,0.216361,0.000000,-5.313528,-0.565148,1,5,22.017050,1.369815,0,0
15.070250,-12.001000,227.170400,560.337500,1,1,1,1,2,2,1.003416,0.999456,1.003572,0.999588,1.001580,-0.006231,0.975991,0.217720,-0.006225,0.976012,0.217630,-0.006227,0.976269,0.216470,0.000000,-5.408233,-0.658192,1,5,22.026860,1.294568,0,0
15.080250,-12.000130,227.115400,560.550800,1,1,1,1,2,2,0.996770,0.992961,0.996784,0.993010,0.994897,-0.006222,0.975548,0.219699,-0.006223,0.975639,0.219292,-0.006226,0.976215,0.216713,0.000000,-5.502910,-0.748170,1,5,22.037130,1.175977,0,0
15.090250,-11.999150,227.059400,560.764100,1,1,1,1,2,2,0.988809,0.985241,0.988841,0.985239,0.987040,-0.006226,0.975545,0.219712,-0.006223,0.975639,0.219292,-0.006226,0.976165,0.216935,0.000000,-5.597560,-0.838571,1,5,22.047850,1.016731,0,0
15.100250,-11.998080,227.002500,560.977200,1,1,1,1,2,2,0.979926,0.976521,0.979953,0.976559,0.978256,-0.006222,0.975548,0.219699,-0.006223,0.975639,0.219292,-0.006226,0.976120,0.217138,0.000000,-5.692188,-0.929354,1,5,22.059020,0.820156,0,0
15.110250,-11.996950,226.944600,561.190200,1,1,1,1,2,2,0.970022,0.966910,0.970075,0.966934,0.968505,-0.006222,0.975548,0.219699,-0.006223,0.975639,0.219292,-0.006226,0.976079,0.217323,0.000000,-5.786794,-1.020483,1,5,22.070630,0.590076,0,0
15.120250,-11.995780,226.885800,561.403000,1,1,1,1,2,2,0.959221,0.956319,0.959224,0.956335,0.957779,-0.006222,0.975548,0.219699,-0.006223,0.975639,0.219292,-0.006225,0.976041,0.217493,0.000000,-5.881378,-1.111923,1,5,22.082670,0.330643,0,0
15.130250,-11.994600,226.826000,561.615700,1,1,1,1,2,2,0.947423,0.944770,0.947432,0.944813,0.946122,-0.006222,0.975548,0.219699,-0.006223,0.975639,0.219292,-0.006225,0.976006,0.217648,4.363708,-5.975939,-1.203645,1,5,22.095110,0.046186,0,0
15.140250,-11.993440,226.765800,561.828400,1,1,1,1,2,2,0.935085,0.932755,0.935135,0.932768,0.933952,-0.006222,0.975548,0.219699,-0.006223,0.975639,0.219292,-0.006225,0.975975,0.217789,7.762546,-6.027885,-1.251983,1,5,22.105430,-0.258912,0,0
15.150250,-11.992330,226.705300,562.041100,1,1,1,1,2,2,0.922590,0.920521,0.922615,0.920576,0.921596,-0.006219,0.975542,0.219726,-0.006223,0.975639,0.219292,-0.006225,0.975946,0.217919,10.351330,-6.046652,-1.266580,1,5,22.113860,-0.580315,0,0
15.160250,-11.991320,226.644900,562.253900,1,1,1,1,2,2,0.910183,0.908430,0.910215,0.908435,0.909325,-0.006222,0.975548,0.219699,-0.006223,0.975639,0.219292,-0.006225,0.975919,0.218037,12.283500,-6.040159,-1.255531,1,5,22.120780,-0.913833,0,0
15.170250,-11.990440,226.584800,562.466900,1,1,1,1,2,2,0.897435,0.896576,0.897437,0.896608,0.897023,-0.006783,0.975426,0.220223,-0.006786,0.975515,0.219828,-0.006273,0.975885,0.218191,13.718080,-6.014824,-1.224350,1,5,22.126560,-1.255338,0,0
15.180250,-11.989730,226.525000,562.679900,1,1,1,1,2,2,0.885962,0.885159,0.885931,0.885183,0.885557,-0.006782,0.975432,0.220195,-0.006786,0.975515,0.219828,-0.006317,0.975853,0.218332,14.651240,-5.975508,-1.179133,1,5,22.131540,-1.601488,0,0
15.190250,-11.989210,226.465700,562.893200,1,1,1,1,2,2,0.874967,0.874071,0.874952,0.873746,0.874349,-0.007344,0.975358,0.220505,-0.007349,0.975390,0.220364,-0.006406,0.975813,0.218507,15.285680,-5.927107,-1.123830,1,5,22.136040,-1.948354,0,0
15.200250,-11.988930,226.407000,563.106700,1,1,1,1,2,2,0.864562,0.864019,0.864546,0.863668,0.864107,-0.007351,0.975361,0.220491,-0.007349,0.975390,0.220364,-0.006487,0.975777,0.218667,15.596700,-5.872536,-1.062544,1,5,22.140250,-2.293472,0,0
15.210250,-11.988910,226.348900,563.320400,1,1,1,1,2,2,0.855097,0.854556,0.854751,0.854199,0.854475,-0.007351,0.975419,0.220236,-0.007349,0.975390,0.220364,-0.006561,0.975743,0.218813,15.728520,-5.814949,-0.998481,1,5,22.144350,-2.633633,0,0
15.220250,-11.989200,226.291300,563.534200,1,1,1,1,2,2,0.846006,0.845379,0.846161,0.845364,0.845762,-0.007907,0.975245,0.220988,-0.007912,0.975264,0.220900,-0.006678,0.975702,0.218993,15.643450,-5.756088,-0.932360,1,5,22.148430,-2.966053,0,0
15.230250,-11.989830,226.234300,563.748300,1,1,1,1,2,2,0.837673,0.837376,0.837821,0.837546,0.837683,-0.008476,0.975179,0.221256,-0.008475,0.975138,0.221436,-0.006832,0.975654,0.219203,15.448520,-5.698069,-0.866413,1,5,22.152580,-3.289138,0,0
15.240250,-11.990820,226.177900,563.962500,1,1,1,1,2,2,0.830068,0.830120,0.830083,0.830135,0.830109,-0.008476,0.975063,0.221767,-0.008475,0.975138,0.221436,-0.006974,0.975609,0.219395,15.222260,-5.641958,-0.802847,1,5,22.156830,-3.601317,0,0
15.250250,-11.992220,226.122000,564.176900,1,1,1,1,2,2,0.822722,0.823149,0.822883,0.823306,0.823094,-0.008472,0.975179,0.221256,-0.008475,0.975138,0.221436,-0.007103,0.975569,0.219571,14.961890,-5.588055,-0.741940,1,5,22.161160,-3.900474,0,0
15.260250,-11.994030,226.066700,564.391500,1,1,1,1,2,2,0.816246,0.817025,0.816238,0.817055,0.816647,-0.008472,0.975066,0.221753,-0.008475,0.975138,0.221436,-0.007221,0.975532,0.219731,14.673610,-5.536685,-0.684001,1,5,22.165550,-4.185354,0,0
15.270250,-11.996300,226.011800,564.606300,1,1,1,1,2,2,0.809354,0.810698,0.809268,0.810414,0.809841,-0.008468,0.974891,0.222520,-0.008473,0.974814,0.222859,-0.007329,0.975470,0.220000,14.460320,-5.488115,-0.626494,1,5,22.169980,-4.454995,0,0
15.280250,-11.999050,225.957400,564.821300,1,1,1,1,2,2,0.804218,0.805733,0.803966,0.805490,0.804728,-0.008473,0.974827,0.222803,-0.008473,0.974814,0.222859,-0.007427,0.975413,0.220246,14.009350,-5.441609,-0.571664,1,5,22.174440,-4.708488,0,0
15.290250,-12.002300,225.903400,565.036400,1,1,1,1,2,2,0.799184,0.801262,0.799109,0.800983,0.800046,-0.008473,0.974882,0.222561,-0.008473,0.974814,0.222859,-0.007517,0.975362,0.220471,13.606060,-5.399479,-0.521842,1,5,22.178950,-4.945422,0,0
15.300250,-12.006070,225.849700,565.251600,1,1,1,1,2,2,0.794748,0.797002,0.794647,0.796900,0.795773,-0.008473,0.974940,0.222306,-0.008473,0.974814,0.222859,-0.007599,0.975315,0.220677,13.241380,-5.361255,-0.476510,1,5,22.183480,-5.165397,0,0
15.310260,-12.010390,225.796500,565.466900,1,1,1,1,2,2,0.790645,0.793424,0.790585,0.793188,0.791887,-0.008473,0.974882,0.222561,-0.008473,0.974814,0.222859,-0.007675,0.975272,0.220865,12.908890,-5.326553,-0.435242,1,5,22.188000,-5.368236,0,0
15.320260,-12.015270,225.743500,565.682400,1,1,1,1,2,2,0.787708,0.790685,0.787590,0.790579,0.789085,-0.008473,0.974593,0.223825,-0.008470,0.974487,0.224283,-0.007743,0.975204,0.221159,12.403820,-5.295055,-0.394892,1,5,22.192480,-5.553942,0,0
15.330260,-12.020730,225.690800,565.897900,1,1,1,1,2,2,0.784561,0.787922,0.784460,0.787820,0.786140,-0.008471,0.974583,0.223867,-0.008470,0.974487,0.224283,-0.007806,0.975142,0.221428,12.065420,-5.268441,-0.360181,1,5,22.196950,-5.722483,0,0
15.340260,-12.026790,225.638400,566.113600,1,1,1,1,2,2,0.781707,0.785426,0.781582,0.785308,0.783445,-0.008468,0.974596,0.223811,-0.008470,0.974487,0.224283,-0.007863,0.975086,0.221673,11.780230,-5.245081,-0.329389,1,5,22.201390,-5.874160,0,0
15.350260,-12.033450,225.586100,566.329300,1,1,1,1,2,2,0.779029,0.783101,0.778907,0.783010,0.780958,-0.008466,0.974586,0.223853,-0.008470,0.974487,0.224283,-0.007915,0.975034,0.221898,11.541050,-5.224453,-0.301938,1,5,22.205760,-6.009291,0,0
15.360260,-12.040730,225.534100,566.545100,1,1,1,1,2,2,0.776583,0.781041,0.776475,0.780906,0.778691,-0.008474,0.974586,0.223853,-0.008470,0.974487,0.224283,-0.007963,0.974987,0.222103,11.333480,-5.206106,-0.277327,1,5,22.210060,-6.128295,0,0
15.370260,-12.048640,225.482200,566.760900,1,1,1,1,2,2,0.774326,0.779113,0.774200,0.778981,0.776591,-0.008465,0.974593,0.223825,-0.008470,0.974487,0.224283,-0.008006,0.974944,0.222291,11.157920,-5.189729,-0.255201,1,5,22.214290,-6.231604,0,0
15.380260,-12.057190,225.430400,566.976800,1,1,1,1,2,2,0.772213,0.777341,0.772089,0.777212,0.774651,-0.008473,0.974589,0.223839,-0.008470,0.974487,0.224283,-0.008046,0.974905,0.222462,11.006850,-5.175009,-0.235205,1,5,22.218450,-6.319761,0,0
15.390260,-12.066380,225.378800,567.192700,1,1,1,1,2,2,0.770259,0.775730,0.770126,0.775606,0.772866,-0.008473,0.974593,0.223825,-0.008470,0.974487,0.224283,-0.008083,0.974869,0.222619,10.874130,-5.161707,-0.217061,1,5,22.222530,-6.393274,0,0
15.400260,-12.076230,225.327300,567.408800,1,1,1,1,2,2,0.767856,0.774226,0.767797,0.774104,0.770950,-0.008962,0.974468,0.224349,-0.008958,0.974376,0.224747,-0.008158,0.974827,0.222802,10.782070,-5.149643,-0.199603,1,5,22.226550,-6.452734,0,0
15.410260,-12.086730,225.275900,567.624800,1,1,1,1,2,2,0.766055,0.772188,0.766287,0.772128,0.769207,-0.009449,0.974296,0.225072,-0.009447,0.974264,0.225211,-0.008269,0.974778,0.223009,10.667110,-5.138426,-0.182475,1,5,22.230510,-6.499114,0,0
15.420260,-12.097890,225.224600,567.840800,1,1,1,1,2,2,0.764681,0.771138,0.764925,0.771065,0.767995,-0.009450,0.974293,0.225086,-0.009447,0.974264,0.225211,-0.008370,0.974734,0.223199,10.495850,-5.128282,-0.166910,1,5,22.234420,-6.533041,0,0
15.430260,-12.109720,225.173400,568.056900,1,1,1,1,2,2,0.763733,0.770183,0.763667,0.770141,0.766904,-0.009447,0.974346,0.224859,-0.009447,0.974264,0.225211,-0.008463,0.974694,0.223372,10.354890,-5.119761,-0.153435,1,5,22.238300,-6.554726,0,0
15.440260,-12.122200,225.122300,568.273000,1,1,1,1,2,2,0.762515,0.769343,0.762868,0.769270,0.766069,-0.009451,0.974349,0.224845,-0.009936,0.974152,0.225675,-0.008590,0.974647,0.223570,10.187690,-5.112568,-0.140753,1,5,22.242150,-6.564825,0,0
15.450260,-12.135350,225.071200,568.489100,1,1,1,1,2,2,0.762217,0.768511,0.761962,0.768473,0.765217,-0.009932,0.974167,0.225610,-0.009936,0.974152,0.225675,-0.008706,0.974604,0.223751,10.075230,-5.106964,-0.130138,1,5,22.245980,-6.564343,0,0
15.460260,-12.149160,225.020200,568.705300,1,1,1,1,2,2,0.761226,0.768496,0.761137,0.768212,0.764674,-0.010428,0.974047,0.226106,-0.010425,0.974039,0.226138,-0.008854,0.974556,0.223957,9.920048,-5.102416,-0.120040,1,5,22.249790,-6.553519,0,0
15.470260,-12.163620,224.969200,568.921400,1,1,1,1,2,2,0.760433,0.767818,0.760327,0.767729,0.764028,-0.010428,0.974103,0.225864,-0.010425,0.974039,0.226138,-0.008989,0.974511,0.224144,9.832602,-5.099344,-0.111907,1,5,22.253600,-6.533347,0,0
15.480260,-12.178750,224.918300,569.137500,1,1,1,1,2,2,0.759665,0.767011,0.759569,0.767268,0.763419,-0.010428,0.974047,0.226106,-0.010425,0.974039,0.226138,-0.009112,0.974471,0.224316,9.769847,-5.097090,-0.105025,1,5,22.257410,-6.504073,0,0
15.490260,-12.194520,224.867300,569.353600,1,1,1,1,2,2,0.758944,0.767089,0.758841,0.766830,0.762835,-0.010427,0.974050,0.226092,-0.010425,0.974039,0.226138,-0.009225,0.974434,0.224473,9.726767,-5.095414,-0.099116,1,5,22.261230,-6.466320,0,0
15.500260,-12.210950,224.816400,569.569800,1,1,1,1,2,2,0.757541,0.765878,0.757493,0.765807,0.761650,-0.010416,0.973869,0.226872,-0.010422,0.973813,0.227114,-0.009328,0.974380,0.224700,9.762658,-5.094128,-0.092040,1,5,22.265060,-6.420643,0,0
15.510260,-12.228010,224.765500,569.785900,1,1,1,1,2,2,0.757082,0.765690,0.757018,0.765621,0.761320,-0.010423,0.973872,0.226858,-0.010422,0.973813,0.227114,-0.009423,0.974331,0.224908,9.647094,-5.092463,-0.085058,1,5,22.268920,-6.367533,0,0
15.520260,-12.245710,224.714500,570.002000,1,1,1,1,2,2,0.756797,0.765676,0.756594,0.765458,0.761026,-0.010428,0.973750,0.227382,-0.010422,0.973813,0.227114,-0.009509,0.974287,0.225098,9.564252,-5.091900,-0.079647,1,5,22.272810,-6.307693,0,0
15.530260,-12.264040,224.663600,570.218100,1,1,1,1,2,2,0.756148,0.765323,0.756113,0.765243,0.760678,-0.010425,0.973862,0.226900,-0.010422,0.973813,0.227114,-0.009587,0.974246,0.225271,9.521400,-5.092120,-0.075443,1,5,22.276730,-6.241642,0,0
15.540260,-12.283000,224.612700,570.434100,1,1,1,1,2,2,0.755741,0.765271,0.755652,0.765050,0.760351,-0.010427,0.973813,0.227113,-0.010422,0.973813,0.227114,-0.009659,0.974208,0.225430,9.494164,-5.092736,-0.072014,1,5,22.280700,-6.169875,0,0
15.550260,-12.302570,224.561800,570.650200,1,1,1,1,2,2,0.755751,0.765430,0.755678,0.765386,0.760532,-0.010421,0.973624,0.227921,-0.010420,0.973585,0.228089,-0.009725,0.974155,0.225659,9.342237,-5.093598,-0.067263,1,5,22.284710,-6.092946,0,0
15.560260,-12.322740,224.510800,570.866300,1,1,1,1,2,2,0.755469,0.765460,0.755405,0.765380,0.760392,-0.010414,0.973624,0.227921,-0.010420,0.973585,0.228089,-0.009784,0.974106,0.225868,9.297467,-5.095925,-0.064483,1,5,22.288790,-6.011122,0,0
15.570260,-12.343510,224.459800,571.082300,1,1,1,1,2,2,0.755221,0.765427,0.755137,0.765335,0.760236,-0.010416,0.973631,0.227893,-0.010420,0.973585,0.228089,-0.009839,0.974061,0.226059,9.277208,-5.098673,-0.062566,1,5,22.292920,-5.925021,0,0
15.580260,-12.364870,224.408800,571.298300,1,1,1,1,2,2,0.754931,0.765379,0.754832,0.765276,0.760054,-0.010421,0.973627,0.227907,-0.010420,0.973585,0.228089,-0.009889,0.974020,0.226234,9.276173,-5.101608,-0.061231,1,5,22.297120,-5.835112,0,0
15.590260,-12.386820,224.357800,571.514300,1,1,1,1,2,2,0.754624,0.765286,0.754542,0.765216,0.759879,-0.010424,0.973634,0.227879,-0.010420,0.973585,0.228089,-0.009935,0.973982,0.226393,9.282838,-5.104543,-0.060252,1,5,22.301390,-5.741772,0,0
15.600260,-12.409330,224.306700,571.730200,1,1,1,1,2,2,0.754304,0.765168,0.754193,0.765076,0.759635,-0.010420,0.973634,0.227879,-0.010420,0.973585,0.228089,-0.009976,0.973948,0.226539,9.308283,-5.107406,-0.059523,1,5,22.305720,-5.645390,0,0
15.610260,-12.432400,224.255600,571.946200,1,1,1,1,2,2,0.753257,0.765019,0.753335,0.764927,0.759131,-0.010772,0.973514,0.228374,-0.010779,0.973501,0.228429,-0.010046,0.973910,0.226702,9.362697,-5.110017,-0.058088,1,5,22.310120,-5.546313,0,0
15.620260,-12.456020,224.204500,572.162100,1,1,1,1,2,2,0.753046,0.764467,0.753156,0.764258,0.758707,-0.011138,0.973450,0.228628,-0.011138,0.973417,0.228770,-0.010140,0.973867,0.226880,9.378726,-5.112098,-0.055693,1,5,22.314590,-5.445146,0,0
15.630260,-12.480180,224.153300,572.378000,1,1,1,1,2,2,0.752831,0.764419,0.752939,0.764235,0.758587,-0.011137,0.973454,0.228614,-0.011138,0.973417,0.228770,-0.010226,0.973828,0.227043,9.345044,-5.114028,-0.053499,1,5,22.319150,-5.342199,0,0
15.640260,-12.504870,224.102200,572.593900,1,1,1,1,2,2,0.752901,0.764374,0.752679,0.764168,0.758423,-0.011140,0.973500,0.228415,-0.011138,0.973417,0.228770,-0.010304,0.973793,0.227191,9.336050,-5.116291,-0.051972,1,5,22.323780,-5.237484,0,0
15.650260,-12.530080,224.051000,572.809800,1,1,1,1,2,2,0.752307,0.764009,0.752433,0.764122,0.758278,-0.011137,0.973394,0.228869,-0.011138,0.973417,0.228770,-0.010376,0.973761,0.227327,9.333551,-5.118649,-0.050837,1,5,22.328500,-5.131313,0,0
15.660260,-12.555800,223.999800,573.025600,1,1,1,1,2,2,0.752587,0.764216,0.752567,0.764018,0.758292,-0.011495,0.973330,0.229123,-0.011497,0.973333,0.229110,-0.010472,0.973724,0.227481,9.290979,-5.121042,-0.049254,1,5,22.333300,-5.023984,0,0
15.670260,-12.582020,223.948500,573.241500,1,1,1,1,2,2,0.752581,0.764546,0.752469,0.764254,0.758362,-0.011857,0.973322,0.229137,-0.011857,0.973248,0.229450,-0.010592,0.973683,0.227650,9.238269,-5.123861,-0.047662,1,5,22.338180,-4.916014,0,0
15.680260,-12.608730,223.897200,573.457300,1,1,1,1,2,2,0.752616,0.764270,0.752321,0.764276,0.758299,-0.011851,0.973212,0.229604,-0.011857,0.973248,0.229450,-0.010700,0.973645,0.227805,9.231405,-5.127210,-0.046948,1,5,22.343150,-4.807522,0,0
15.690260,-12.635910,223.845900,573.673100,1,1,1,1,2,2,0.751936,0.764096,0.752150,0.764269,0.758210,-0.011855,0.973272,0.229349,-0.011857,0.973248,0.229450,-0.010800,0.973611,0.227947,9.239027,-5.130641,-0.046625,1,5,22.348210,-4.698592,0,0
15.700260,-12.663560,223.794600,573.888900,1,1,1,1,2,2,0.751918,0.764371,0.751943,0.764231,0.758087,-0.011856,0.973269,0.229363,-0.011857,0.973248,0.229450,-0.010891,0.973580,0.228076,9.258093,-5.134017,-0.046519,1,5,22.353360,-4.589368,0,0
15.710260,-12.691660,223.743200,574.104700,1,1,1,1,2,2,0.751823,0.764120,0.751705,0.764157,0.757931,-0.011857,0.973262,0.229392,-0.011857,0.973248,0.229450,-0.010974,0.973551,0.228194,9.285292,-5.137224,-0.046492,1,5,22.358590,-4.480100,0,0
15.720260,-12.720210,223.691800,574.320400,1,1,1,1,2,2,0.751747,0.763827,0.751446,0.764016,0.757731,-0.011857,0.973262,0.229392,-0.011857,0.973248,0.229450,-0.011050,0.973525,0.228302,9.319706,-5.140187,-0.046439,1,5,22.363910,-4.370887,0,0
15.730260,-12.749190,223.640400,574.536200,1,1,1,1,2,2,0.751000,0.763703,0.751163,0.763662,0.757413,-0.011857,0.973262,0.229392,-0.011856,0.973202,0.229645,-0.011119,0.973497,0.228418,9.362922,-5.142835,-0.045886,1,5,22.369310,-4.262054,0,0
15.740260,-12.778590,223.588900,574.752000,1,1,1,1,2,2,0.750926,0.763626,0.750721,0.763580,0.757150,-0.011857,0.973205,0.229633,-0.011856,0.973157,0.229839,-0.011183,0.973468,0.228540,9.381686,-5.145083,-0.044761,1,5,22.374800,-4.153666,0,0
15.750270,-12.808410,223.537500,574.967700,1,1,1,1,2,2,0.750726,0.763707,0.750513,0.763491,0.757002,-0.011853,0.973145,0.229888,-0.011856,0.973157,0.229839,-0.011241,0.973441,0.228652,9.381552,-5.147172,-0.043699,1,5,22.380370,-4.045834,0,0
15.760270,-12.838620,223.486000,575.183500,1,1,1,1,2,2,0.750323,0.763437,0.750276,0.763373,0.756824,-0.011855,0.973255,0.229420,-0.011856,0.973157,0.229839,-0.011294,0.973417,0.228754,9.392561,-5.149286,-0.042867,1,5,22.386030,-3.938769,0,0
15.770270,-12.869240,223.434500,575.399200,1,1,1,1,2,2,0.750269,0.763301,0.750038,0.763276,0.756657,-0.011850,0.973202,0.229647,-0.011856,0.973157,0.229839,-0.011342,0.973394,0.228847,9.404171,-5.151317,-0.042136,1,5,22.391770,-3.832585,0,0
15.780270,-12.900230,223.382900,575.615000,1,1,1,1,2,2,0.750062,0.763411,0.749989,0.763301,0.756645,-0.011851,0.973135,0.229931,-0.011854,0.973065,0.230227,-0.011386,0.973366,0.228966,9.370597,-5.153260,-0.040721,1,5,22.397580,-3.727430,0,0
15.790270,-12.931590,223.331400,575.830700,1,1,1,1,2,2,0.749877,0.763345,0.749782,0.763248,0.756515,-0.011851,0.973135,0.229931,-0.011854,0.973065,0.230227,-0.011426,0.973340,0.229075,9.372801,-5.155555,-0.039882,1,5,22.403480,-3.623334,0,0
15.800270,-12.963310,223.279800,576.046500,1,1,1,1,2,2,0.749706,0.763249,0.749604,0.763145,0.756375,-0.011855,0.973135,0.229931,-0.011854,0.973065,0.230227,-0.011463,0.973316,0.229174,9.381845,-5.157855,-0.039242,1,5,22.409460,-3.520442,0,0
15.810270,-12.995390,223.228200,576.262300,1,1,1,1,2,2,0.749472,0.763137,0.749396,0.763020,0.756208,-0.011852,0.973132,0.229945,-0.011854,0.973065,0.230227,-0.011497,0.973295,0.229264,9.398420,-5.160092,-0.038712,1,5,22.415520,-3.418853,0,0
15.820270,-13.027800,223.176600,576.478000,1,1,1,1,2,2,0.748994,0.762977,0.748984,0.762908,0.755946,-0.012042,0.973072,0.230185,-0.012039,0.973021,0.230401,-0.011544,0.973271,0.229362,9.422732,-5.162196,-0.037806,1,5,22.421660,-3.318633,0,0
15.830270,-13.060550,223.124900,576.693800,1,1,1,1,2,2,0.748868,0.762567,0.748850,0.762546,0.755698,-0.012224,0.973013,0.230425,-0.012223,0.972978,0.230576,-0.011602,0.973246,0.229467,9.433518,-5.164090,-0.036463,1,5,22.427870,-3.219991,0,0
15.840270,-13.093620,223.073300,576.909600,1,1,1,1,2,2,0.748752,0.762482,0.748716,0.762471,0.755594,-0.012226,0.973020,0.230397,-0.012223,0.972978,0.230576,-0.011655,0.973223,0.229562,9.421205,-5.165907,-0.035230,1,5,22.434150,-3.123467,0,0
15.850270,-13.127000,223.021600,577.125400,1,1,1,1,2,2,0.748598,0.762406,0.748567,0.762404,0.755486,-0.012222,0.973023,0.230383,-0.012223,0.972978,0.230576,-0.011704,0.973202,0.229649,9.417714,-5.167872,-0.034320,1,5,22.440510,-3.028063,0,0
15.860270,-13.160690,222.969900,577.341200,1,1,1,1,2,2,0.748610,0.761988,0.748601,0.762315,0.755458,-0.012404,0.972900,0.230892,-0.012407,0.972934,0.230750,-0.011765,0.973179,0.229744,9.395196,-5.169900,-0.033230,1,5,22.446940,-2.934196,0,0
15.870270,-13.194670,222.918200,577.557100,1,1,1,1,2,2,0.748552,0.762195,0.748497,0.762340,0.755419,-0.012410,0.972954,0.230666,-0.012592,0.972890,0.230925,-0.011836,0.973154,0.229846,9.375509,-5.172175,-0.032168,1,5,22.453440,-2.842010,0,0
15.880270,-13.228930,222.866400,577.772900,1,1,1,1,2,2,0.748442,0.762365,0.748430,0.762332,0.755381,-0.012588,0.972895,0.230906,-0.012592,0.972890,0.230925,-0.011901,0.973131,0.229939,9.365779,-5.174672,-0.031519,1,5,22.460010,-2.751566,0,0
15.890270,-13.263480,222.814700,577.988800,1,1,1,1,2,2,0.748351,0.762286,0.748297,0.762273,0.755285,-0.012588,0.972895,0.230906,-0.012592,0.972890,0.230925,-0.011960,0.973111,0.230024,9.374043,-5.177291,-0.031166,1,5,22.466640,-2.663350,0,0
15.900270,-13.298290,222.762800,578.204700,1,1,1,1,2,2,0.748210,0.762251,0.748178,0.762177,0.755177,-0.012586,0.972902,0.230877,-0.012592,0.972890,0.230925,-0.012015,0.973092,0.230101,9.386889,-5.179856,-0.030911,1,5,22.473340,-2.579476,0,0
15.910270,-13.333360,222.711000,578.420700,1,1,1,1,2,2,0.748071,0.762135,0.748044,0.762088,0.755066,-0.012588,0.972895,0.230906,-0.012592,0.972890,0.230925,-0.012064,0.973074,0.230172,9.401278,-5.182322,-0.030693,1,5,22.480090,-2.499538,0,0
15.920270,-13.368690,222.659200,578.636600,1,1,1,1,2,2,0.747935,0.762038,0.747881,0.761991,0.754936,-0.012587,0.972898,0.230892,-0.012592,0.972890,0.230925,-0.012110,0.973059,0.230237,9.419253,-5.184671,-0.030483,1,5,22.486890,-2.423236,0,0
15.930270,-13.404260,222.607300,578.852500,1,1,1,1,2,2,0.747737,0.761936,0.747718,0.761872,0.754795,-0.012594,0.972901,0.230877,-0.012592,0.972890,0.230925,-0.012151,0.973044,0.230296,9.438243,-5.186868,-0.030231,1,5,22.493740,-2.350330,0,0
15.940270,-13.440080,222.555400,579.068500,1,1,1,1,2,2,0.747572,0.761786,0.747503,0.761754,0.754628,-0.012587,0.972898,0.230892,-0.012592,0.972890,0.230925,-0.012189,0.973031,0.230350,9.460271,-5.188902,-0.029917,1,5,22.500640,-2.280972,0,0
15.950270,-13.476120,222.503500,579.284500,1,1,1,1,2,2,0.747411,0.761615,0.747383,0.761575,0.754479,-0.012588,0.972895,0.230906,-0.012592,0.972890,0.230925,-0.012224,0.973019,0.230400,9.476491,-5.190742,-0.029498,1,5,22.507570,-2.214499,0,0
15.960270,-13.512390,222.451600,579.500600,1,1,1,1,2,2,0.747237,0.761452,0.747198,0.761565,0.754381,-0.012595,0.972898,0.230892,-0.012592,0.972920,0.230800,-0.012256,0.973010,0.230434,9.488281,-5.192457,-0.029268,1,5,22.514570,-2.123170,0,0
15.970270,-13.548880,222.399600,579.716700,1,1,1,1,2,2,0.747042,0.761214,0.747141,0.761349,0.754245,-0.012586,0.972902,0.230877,-0.012592,0.972949,0.230676,-0.012285,0.973005,0.230455,9.512074,-5.194088,-0.029241,1,5,22.521630,-2.037037,0,0
15.980270,-13.585580,222.347700,579.932800,1,1,1,1,2,2,0.746782,0.761003,0.746934,0.761112,0.754023,-0.012590,0.972905,0.230863,-0.012592,0.972949,0.230676,-0.012311,0.973000,0.230474,9.546698,-5.195517,-0.029025,1,5,22.528740,-1.955661,0,0
15.990270,-13.622470,222.295700,580.149000,1,1,1,1,2,2,0.746575,0.760746,0.746681,0.760860,0.753770,-0.012594,0.972901,0.230877,-0.012592,0.972949,0.230676,-0.012335,0.972996,0.230491,9.579112,-5.196636,-0.028508,1,5,22.535900,-1.878538,0,0
16.000270,-13.659560,222.243700,580.365200,1,1,1,1,2,2,0.746354,0.760516,0.746473,0.760644,0.753559,-0.012591,0.972898,0.230892,-0.012592,0.972949,0.230676,-0.012357,0.972992,0.230507,9.597227,-5.197465,-0.027708,1,5,22.543110,-1.805417,0,0
16.010270,-13.696840,222.191800,580.581400,1,1,1,1,2,2,0.746393,0.760276,0.746141,0.760295,0.753218,-0.012584,0.972955,0.230651,-0.012577,0.973012,0.230412,-0.012376,0.972994,0.230499,9.648073,-5.198126,-0.027289,1,5,22.550330,-1.782783,0,0
16.020270,-13.734310,222.139800,580.797700,1,1,1,1,2,2,0.746145,0.760006,0.745859,0.760042,0.752951,-0.012574,0.972962,0.230622,-0.012577,0.973012,0.230412,-0.012394,0.972995,0.230491,9.672764,-5.198293,-0.026352,1,5,22.557560,-1.777137,0,0
16.030270,-13.771980,222.087800,581.014000,1,1,1,1,2,2,0.745844,0.760039,0.745607,0.759763,0.752685,-0.012569,0.973012,0.230410,-0.012561,0.973016,0.230396,-0.012408,0.972997,0.230483,9.691665,-5.198222,-0.025195,1,5,22.564800,-1.769695,0,0
16.040270,-13.809830,222.035800,581.230400,1,1,1,1,2,2,0.745611,0.759770,0.745361,0.759526,0.752443,-0.012558,0.973009,0.230424,-0.012561,0.973016,0.230396,-0.012421,0.972998,0.230476,9.701320,-5.197969,-0.023838,1,5,22.572060,-1.760632,0,0
16.050270,-13.847870,221.983800,581.446800,1,1,1,1,2,2,0.745057,0.759214,0.745117,0.759281,0.752199,-0.012559,0.972902,0.230878,-0.012561,0.973016,0.230396,-0.012433,0.973000,0.230469,9.708714,-5.197625,-0.022375,1,5,22.579320,-1.750096,0,0
16.060270,-13.886090,221.931900,581.663300,1,1,1,1,2,2,0.744833,0.759308,0.744873,0.759073,0.751973,-0.012544,0.972956,0.230651,-0.012544,0.973020,0.230381,-0.012443,0.973002,0.230461,9.711656,-5.197213,-0.020865,1,5,22.586600,-1.738692,0,0
16.070270,-13.924500,221.879900,581.879800,1,1,1,1,2,2,0.744472,0.759106,0.744702,0.758815,0.751759,-0.012526,0.973010,0.230425,-0.012528,0.973024,0.230366,-0.012450,0.973004,0.230453,9.712396,-5.196776,-0.019350,1,5,22.593880,-1.726112,0,0
16.080270,-13.963100,221.827900,582.096300,1,1,1,1,2,2,0.744316,0.758868,0.744539,0.758622,0.751580,-0.012526,0.973010,0.230425,-0.012528,0.973024,0.230366,-0.012457,0.973005,0.230446,9.706129,-5.196351,-0.017815,1,5,22.601200,-1.681492,0,0
16.090270,-14.001860,221.776000,582.312900,1,1,1,1,2,2,0.744640,0.758213,0.744383,0.758429,0.751406,-0.012527,0.973006,0.230439,-0.012528,0.973024,0.230366,-0.012463,0.973007,0.230439,9.700409,-5.196005,-0.016331,1,5,22.608560,-1.635031,0,0
16.100270,-14.040810,221.724000,582.529500,1,1,1,1,2,2,0.744029,0.758517,0.744221,0.758221,0.751221,-0.012526,0.973010,0.230425,-0.012528,0.973024,0.230366,-0.012468,0.973008,0.230432,9.697803,-5.195734,-0.014893,1,5,22.615950,-1.587042,0,0
16.110270,-14.079910,221.672100,582.746200,1,1,1,1,2,2,0.743881,0.757844,0.744109,0.758050,0.751079,-0.012527,0.973006,0.230439,-0.012528,0.973024,0.230366,-0.012474,0.973010,0.230427,9.687754,-5.195508,-0.013471,1,5,22.623370,-1.537838,0,0
16.120270,-14.119180,221.620100,582.963000,1,1,1,1,2,2,0.743972,0.757678,0.744012,0.757887,0.750949,-0.012524,0.972956,0.230651,-0.012528,0.973024,0.230366,-0.012478,0.973011,0.230421,9.677894,-5.195399,-0.012141,1,5,22.630820,-1.487551,0,0
16.130270,-14.158610,221.568100,583.179700,1,1,1,1,2,2,0.744029,0.757677,0.743908,0.757731,0.750820,-0.012526,0.973010,0.230425,-0.012528,0.973024,0.230366,-0.012483,0.973012,0.230417,9.670283,-5.195406,-0.010902,1,5,22.638310,-1.436523,0,0
16.140270,-14.198190,221.516200,583.396600,1,1,1,1,2,2,0.743935,0.757553,0.743849,0.757597,0.750723,-0.012527,0.973003,0.230453,-0.012528,0.973024,0.230366,-0.012486,0.973013,0.230412,9.658436,-5.195508,-0.009732,1,5,22.645820,-1.384881,0,0
16.150270,-14.237920,221.464200,583.613500,1,1,1,1,2,2,0.743881,0.757576,0.743781,0.757493,0.750637,-0.012528,0.973120,0.229957,-0.012528,0.973024,0.230366,-0.012490,0.973014,0.230408,9.647420,-5.195744,-0.008673,1,5,22.653350,-1.332860,0,0
16.160270,-14.277780,221.412300,583.830400,1,1,1,1,2,2,0.744007,0.757632,0.743715,0.757382,0.750548,-0.012527,0.973003,0.230453,-0.012528,0.973024,0.230366,-0.012493,0.973015,0.230404,9.639551,-5.196106,-0.007719,1,5,22.660920,-1.280533,0,0
16.170270,-14.317790,221.360300,584.047400,1,1,1,1,2,2,0.743903,0.757535,0.743670,0.757263,0.750467,-0.012527,0.973003,0.230453,-0.012528,0.973024,0.230366,-0.012496,0.973015,0.230401,9.632191,-5.196566,-0.006837,1,5,22.668510,-1.228151,0,0
16.180270,-14.357920,221.308300,584.264400,1,1,1,1,2,2,0.743717,0.757466,0.743611,0.757167,0.750389,-0.012527,0.973067,0.230184,-0.012528,0.973024,0.230366,-0.012499,0.973016,0.230398,9.625866,-5.197115,-0.006024,1,5,22.676120,-1.175766,0,0
16.190280,-14.398180,221.256400,584.481500,1,1,1,1,2,2,0.743695,0.777043,0.743589,0.757702,0.750645,-0.012571,0.976534,0.214996,-0.012529,0.973124,0.229940,-0.012502,0.973025,0.230359,9.581938,-5.197746,-0.006109,1,5,22.683750,-1.123470,0,0
16.200280,-14.438570,221.204400,584.698700,1,1,1,1,2,2,0.743951,0.757312,0.744011,0.757421,0.750716,-0.012534,0.973251,0.229404,-0.012531,0.973225,0.229514,-0.012504,0.973042,0.230286,9.601633,-5.198822,-0.007397,1,5,22.691400,-1.071463,0,0
16.210280,-14.479060,221.152400,584.915900,1,1,1,1,2,2,0.744025,0.757038,0.744086,0.757131,0.750609,-0.012304,0.973310,0.229164,-0.012305,0.973278,0.229300,-0.012487,0.973063,0.230201,9.657479,-5.199724,-0.008851,1,5,22.699060,-1.019817,0,0
16.220280,-14.519670,221.100400,585.133200,1,1,1,1,2,2,0.743706,0.757121,0.743767,0.757170,0.750468,-0.012078,0.973370,0.228923,-0.012079,0.973331,0.229086,-0.012452,0.973086,0.230105,9.713614,-5.200099,-0.010076,1,5,22.706720,-0.968456,0,0
16.230280,-14.560390,221.048400,585.350500,1,1,1,1,2,2,0.743607,0.757253,0.743462,0.756814,0.750138,-0.012081,0.973313,0.229164,-0.012079,0.973331,0.229086,-0.012420,0.973107,0.230018,9.784918,-5.199943,-0.010541,1,5,22.714400,-0.917344,0,0
16.240280,-14.601200,220.996400,585.567900,1,1,1,1,2,2,0.742943,0.756143,0.742885,0.756120,0.749503,-0.012083,0.973503,0.228356,-0.012081,0.973531,0.228235,-0.012391,0.973143,0.229864,9.930850,-5.199111,-0.011793,1,5,22.722070,-0.865980,0,0
16.250280,-14.642110,220.944400,585.785400,1,1,1,1,2,2,0.742796,0.755646,0.742439,0.755608,0.749024,-0.012080,0.973559,0.228115,-0.012081,0.973531,0.228235,-0.012364,0.973177,0.229724,10.004470,-5.196874,-0.011275,1,5,22.729750,-0.814431,0,0
16.260280,-14.683120,220.892500,586.002900,1,1,1,1,2,2,0.741768,0.755199,0.741747,0.755155,0.748451,-0.011858,0.973559,0.228130,-0.011856,0.973584,0.228021,-0.012320,0.973212,0.229577,10.082120,-5.193937,-0.010244,1,5,22.737420,-0.762563,0,0
16.270280,-14.724200,220.840600,586.220500,1,1,1,1,2,2,0.741381,0.754508,0.741326,0.754479,0.747903,-0.011381,0.973624,0.227876,-0.011380,0.973640,0.227808,-0.012239,0.973249,0.229425,10.143310,-5.190261,-0.008729,1,5,22.745090,-0.710379,0,0
16.280280,-14.765370,220.788700,586.438200,1,1,1,1,2,2,0.740754,0.753863,0.740918,0.754033,0.747475,-0.011383,0.973733,0.227408,-0.011380,0.973640,0.227808,-0.012165,0.973282,0.229286,10.159280,-5.186006,-0.006277,1,5,22.752750,-0.657619,0,0
16.290280,-14.806610,220.736900,586.655900,1,1,1,1,2,2,0.740422,0.753652,0.740561,0.753617,0.747089,-0.011386,0.973680,0.227635,-0.011380,0.973640,0.227808,-0.012098,0.973313,0.229159,10.156400,-5.181613,-0.003369,1,5,22.760410,-0.604830,0,0
16.300280,-14.847930,220.685100,586.873800,1,1,1,1,2,2,0.740318,0.753304,0.740264,0.753297,0.746780,-0.011385,0.973624,0.227876,-0.011380,0.973640,0.227808,-0.012036,0.973341,0.229042,10.133530,-5.177265,-0.000220,1,5,22.768070,-0.552052,0,0
16.310280,-14.889300,220.633400,587.091700,1,1,1,1,2,2,0.740080,0.753056,0.740048,0.753008,0.746528,-0.011384,0.973627,0.227862,-0.011380,0.973640,0.227808,-0.011980,0.973367,0.228936,10.100010,-5.173157,0.002948,1,5,22.775720,-0.499334,0,0
16.320280,-14.930740,220.581700,587.309700,1,1,1,1,2,2,0.739836,0.752821,0.739816,0.752808,0.746312,-0.011137,0.973633,0.227849,-0.011131,0.973642,0.227808,-0.011907,0.973391,0.228839,10.064930,-5.169393,0.005917,1,5,22.783360,-0.446718,0,0
16.330280,-14.972230,220.530000,587.527800,1,1,1,1,2,2,0.739696,0.752635,0.739668,0.752614,0.746141,-0.011138,0.973630,0.227863,-0.011131,0.973642,0.227808,-0.011840,0.973412,0.228750,10.024990,-5.165987,0.008750,1,5,22.791000,-0.394126,0,0
16.340280,-15.013770,220.478400,587.745900,1,1,1,1,2,2,0.739585,0.752509,0.739557,0.752503,0.746030,-0.011126,0.973630,0.227863,-0.011131,0.973642,0.227808,-0.011779,0.973432,0.228669,9.979523,-5.162987,0.011379,1,5,22.798640,-0.341657,0,0
16.350280,-15.055350,220.426800,587.964100,1,1,1,1,2,2,0.739537,0.752412,0.739505,0.752406,0.745955,-0.011139,0.973626,0.227877,-0.011131,0.973642,0.227808,-0.011723,0.973450,0.228595,9.934330,-5.160447,0.013732,1,5,22.806270,-0.289583,0,0
16.360280,-15.096970,220.375200,588.182400,1,1,1,1,2,2,0.739504,0.752446,0.739482,0.752422,0.745952,-0.010887,0.973636,0.227849,-0.010881,0.973645,0.227809,-0.011650,0.973467,0.228527,9.885698,-5.158363,0.015707,1,5,22.813890,-0.237772,0,0
16.370280,-15.138630,220.323600,588.400800,1,1,1,1,2,2,0.739527,0.752402,0.739483,0.752370,0.745926,-0.010875,0.973636,0.227849,-0.010881,0.973645,0.227809,-0.011584,0.973482,0.228465,9.849290,-5.156768,0.017354,1,5,22.821510,-0.186091,0,0
16.380280,-15.180310,220.272100,588.619300,1,1,1,1,2,2,0.739566,0.752393,0.739534,0.752348,0.745941,-0.010883,0.973636,0.227849,-0.010881,0.973645,0.227809,-0.011524,0.973496,0.228409,9.811114,-5.155544,0.018780,1,5,22.829120,-0.134890,0,0
16.390280,-15.222010,220.220500,588.837800,1,1,1,1,2,2,0.739636,0.752233,0.739622,0.752377,0.746000,-0.010880,0.973692,0.227608,-0.010881,0.973645,0.227809,-0.011468,0.973509,0.228357,9.771260,-5.154707,0.019956,1,5,22.836730,-0.084082,0,0
16.400280,-15.263740,220.169000,589.056400,1,1,1,1,2,2,0.740083,0.752468,0.739967,0.752436,0.746202,-0.010673,0.973694,0.227609,-0.010676,0.973693,0.227614,-0.011400,0.973525,0.228293,9.724160,-5.154274,0.020392,1,5,22.844320,-0.033765,0,0
16.410280,-15.305470,220.117400,589.275100,1,1,1,1,2,2,0.740098,0.752831,0.740011,0.752744,0.746378,-0.010224,0.973759,0.227354,-0.010221,0.973743,0.227420,-0.011299,0.973544,0.228218,9.703591,-5.154314,0.019956,1,5,22.851910,0.016100,0,0
16.420280,-15.347220,220.065900,589.493800,1,1,1,1,2,2,0.739782,0.753830,0.740026,0.753851,0.746938,-0.010224,0.973877,0.226844,-0.010223,0.973946,0.226550,-0.011206,0.973579,0.228075,9.657575,-5.154567,0.017773,1,5,22.859480,0.065813,0,0
16.430280,-15.388960,220.014300,589.712600,1,1,1,1,2,2,0.740892,0.753357,0.740955,0.753405,0.747180,-0.010228,0.974115,0.225823,-0.010225,0.974148,0.225681,-0.011122,0.973627,0.227869,9.715893,-5.155280,0.013718,1,5,22.867030,0.114759,0,0
16.440280,-15.430710,219.962800,589.931600,1,1,1,1,2,2,0.740544,0.752927,0.740593,0.752981,0.746787,-0.010224,0.974112,0.225837,-0.010225,0.974148,0.225681,-0.011044,0.973672,0.227680,9.863087,-5.155436,0.010681,1,5,22.874560,0.162896,0,0
16.450280,-15.472440,219.911200,590.150600,1,1,1,1,2,2,0.739972,0.752543,0.740022,0.752565,0.746293,-0.010013,0.974176,0.225568,-0.010020,0.974195,0.225486,-0.010956,0.973717,0.227491,9.993032,-5.154170,0.009053,1,5,22.882070,0.210424,0,0
16.460280,-15.514170,219.859700,590.369600,1,1,1,1,2,2,0.739559,0.751902,0.739621,0.751988,0.745804,-0.009820,0.974227,0.225355,-0.009814,0.974242,0.225291,-0.010858,0.973762,0.227302,10.091200,-5.151649,0.008665,1,5,22.889540,0.257429,0,0
16.470280,-15.555880,219.808200,590.588800,1,1,1,1,2,2,0.738578,0.750739,0.738593,0.750745,0.744669,-0.009815,0.974587,0.223795,-0.009818,0.974643,0.223551,-0.010768,0.973838,0.226979,10.357850,-5.148183,0.006206,1,5,22.897000,0.303874,0,0
16.480280,-15.597570,219.756800,590.808100,1,1,1,1,2,2,0.737944,0.750016,0.737954,0.750030,0.743992,-0.009828,0.974581,0.223822,-0.009818,0.974643,0.223551,-0.010687,0.973907,0.226684,10.458470,-5.142129,0.007080,1,5,22.904410,0.349394,0,0
16.490280,-15.639240,219.705500,591.027500,1,1,1,1,2,2,0.737410,0.749376,0.737382,0.749384,0.743383,-0.009826,0.974590,0.223781,-0.009818,0.974643,0.223551,-0.010612,0.973971,0.226414,10.506530,-5.135105,0.009568,1,5,22.911790,0.394094,0,0
16.500280,-15.680870,219.654200,591.246900,1,1,1,1,2,2,0.736945,0.748843,0.736928,0.748855,0.742891,-0.009818,0.974590,0.223781,-0.009818,0.974643,0.223551,-0.010544,0.974029,0.226168,10.507470,-5.127623,0.013092,1,5,22.919130,0.438120,0,0
16.510280,-15.722480,219.603000,591.466500,1,1,1,1,2,2,0.736542,0.748381,0.736548,0.748393,0.742471,-0.009811,0.974587,0.223795,-0.009818,0.974643,0.223551,-0.010481,0.974081,0.225943,10.482730,-5.120143,0.017131,1,5,22.926440,0.481509,0,0
16.520280,-15.764040,219.551800,591.686200,1,1,1,1,2,2,0.736294,0.748016,0.736282,0.748037,0.742159,-0.009815,0.974587,0.223795,-0.009818,0.974643,0.223551,-0.010424,0.974130,0.225737,10.432900,-5.112915,0.021386,1,5,22.933720,0.524647,0,0
16.530280,-15.805560,219.500800,591.905900,1,1,1,1,2,2,0.736090,0.747782,0.736103,0.747755,0.741929,-0.009819,0.974587,0.223795,-0.009818,0.974643,0.223551,-0.010372,0.974174,0.225549,10.370350,-5.106184,0.025564,1,5,22.940970,0.567859,0,0
16.540280,-15.847040,219.449800,592.125800,1,1,1,1,2,2,0.735986,0.747598,0.735984,0.747584,0.741784,-0.009819,0.974587,0.223795,-0.009818,0.974643,0.223551,-0.010324,0.974214,0.225377,10.298320,-5.100073,0.029504,1,5,22.948190,0.611407,0,0
16.550280,-15.888460,219.398800,592.345800,1,1,1,1,2,2,0.735975,0.747452,0.735968,0.747443,0.741705,-0.009819,0.974587,0.223795,-0.009818,0.974643,0.223551,-0.010281,0.974251,0.225220,10.223530,-5.094675,0.033076,1,5,22.955390,0.655624,0,0
16.560280,-15.929830,219.347900,592.565800,1,1,1,1,2,2,0.735970,0.747391,0.735977,0.747398,0.741688,-0.009808,0.974584,0.223808,-0.009818,0.974643,0.223551,-0.010241,0.974285,0.225076,10.148400,-5.090017,0.036223,1,5,22.962550,0.700705,0,0
16.570280,-15.971140,219.297100,592.785900,1,1,1,1,2,2,0.736097,0.747406,0.736073,0.747398,0.741736,-0.009819,0.974584,0.223808,-0.009818,0.974643,0.223551,-0.010205,0.974316,0.224945,10.072720,-5.086103,0.038915,1,5,22.969690,0.746880,0,0
16.580280,-16.012380,219.246300,593.006200,1,1,1,1,2,2,0.736217,0.747472,0.736229,0.747494,0.741862,-0.009823,0.974587,0.223795,-0.009818,0.974643,0.223551,-0.010171,0.974344,0.224825,9.995253,-5.082938,0.041119,1,5,22.976800,0.794326,0,0
16.590280,-16.053560,219.195400,593.226600,1,1,1,1,2,2,0.737232,0.747554,0.737108,0.747562,0.742335,-0.009267,0.974709,0.223285,-0.009348,0.974750,0.223104,-0.010101,0.974379,0.224677,9.895029,-5.080539,0.041734,1,5,22.983890,0.843246,0,0
16.600280,-16.094650,219.144700,593.447000,1,1,1,1,2,2,0.737183,0.747716,0.737092,0.747710,0.742401,-0.009345,0.974715,0.223257,-0.009348,0.974750,0.223104,-0.010036,0.974411,0.224541,9.885210,-5.079127,0.041664,1,5,22.990940,0.894052,0,0
16.610280,-16.135670,219.093900,593.667500,1,1,1,1,2,2,0.737174,0.748427,0.737100,0.748345,0.742722,-0.008885,0.974826,0.222788,-0.008877,0.974857,0.222657,-0.009936,0.974449,0.224379,9.851220,-5.077823,0.040724,1,5,22.997960,0.946515,0,0
16.620290,-16.176600,219.043100,593.888200,1,1,1,1,2,2,0.737233,0.748393,0.737173,0.748299,0.742736,-0.008881,0.974830,0.222775,-0.008877,0.974857,0.222657,-0.009845,0.974484,0.224231,9.872204,-5.076860,0.039800,1,5,23.004950,1.001075,0,0
16.630290,-16.217430,218.992400,594.108900,1,1,1,1,2,2,0.737280,0.748349,0.737232,0.748270,0.742751,-0.008877,0.974827,0.222788,-0.008877,0.974857,0.222657,-0.009762,0.974516,0.224095,9.879591,-5.075705,0.039412,1,5,23.011910,1.057401,0,0
16.640290,-16.258170,218.941600,594.329700,1,1,1,1,2,2,0.736829,0.748378,0.736775,0.748283,0.742529,-0.008420,0.974950,0.222265,-0.008407,0.974963,0.222209,-0.009645,0.974555,0.223933,9.946814,-5.074489,0.038334,1,5,23.018830,1.115602,0,0
16.650290,-16.298800,218.890900,594.550600,1,1,1,1,2,2,0.744216,0.749070,0.737950,0.748950,0.743450,-0.007948,0.976544,0.215173,-0.007939,0.975483,0.219934,-0.009498,0.974635,0.223589,9.900858,-5.072630,0.033574,1,5,23.025720,1.175954,0,0
16.660290,-16.339330,218.840200,594.771600,1,1,1,1,2,2,0.737632,0.748509,0.737475,0.748347,0.742911,-0.007940,0.975527,0.219737,-0.007939,0.975483,0.219934,-0.009364,0.974708,0.223274,10.110770,-5.071228,0.029088,1,5,23.032550,1.238323,0,0
16.670290,-16.379730,218.789500,594.992700,1,1,1,1,2,2,0.737196,0.747940,0.737036,0.747797,0.742416,-0.007949,0.975521,0.219764,-0.007939,0.975483,0.219934,-0.009241,0.974774,0.222987,10.243360,-5.067789,0.027371,1,5,23.039330,1.302498,0,0
16.680290,-16.420020,218.738900,595.213900,1,1,1,1,2,2,0.736839,0.747459,0.736700,0.747321,0.742010,-0.007949,0.975518,0.219778,-0.007939,0.975483,0.219934,-0.009129,0.974835,0.222724,10.311470,-5.063068,0.027593,1,5,23.046060,1.368565,0,0
16.690290,-16.460170,218.688300,595.435200,1,1,1,1,2,2,0.736549,0.747054,0.736388,0.746925,0.741657,-0.007949,0.975521,0.219764,-0.007939,0.975483,0.219934,-0.009027,0.974891,0.222484,10.339120,-5.057696,0.029054,1,5,23.052730,1.436437,0,0
16.700290,-16.500180,218.637800,595.656600,1,1,1,1,2,2,0.735374,0.745659,0.735275,0.745550,0.740413,-0.007949,0.975973,0.217745,-0.007943,0.975893,0.218105,-0.008934,0.974978,0.222108,10.598520,-5.052067,0.027668,1,5,23.059360,1.506138,0,0
16.710290,-16.540050,218.587300,595.878100,1,1,1,1,2,2,0.734836,0.744961,0.734767,0.744888,0.739827,-0.007941,0.975973,0.217745,-0.007943,0.975893,0.218105,-0.008849,0.975057,0.221764,10.655840,-5.043918,0.029623,1,5,23.065920,1.577324,0,0
16.720290,-16.579770,218.537000,596.099700,1,1,1,1,2,2,0.734413,0.744410,0.734335,0.744336,0.739335,-0.007949,0.975973,0.217745,-0.007943,0.975893,0.218105,-0.008771,0.975129,0.221449,10.664130,-5.035222,0.032861,1,5,23.072430,1.650168,0,0
16.730290,-16.619330,218.486700,596.321400,1,1,1,1,2,2,0.734108,0.743991,0.734016,0.743889,0.738953,-0.007949,0.975973,0.217745,-0.007943,0.975893,0.218105,-0.008699,0.975194,0.221161,10.634430,-5.026457,0.036830,1,5,23.078870,1.724635,0,0
16.740290,-16.658720,218.436500,596.543300,1,1,1,1,2,2,0.733898,0.743654,0.733822,0.743553,0.738688,-0.007957,0.975976,0.217732,-0.007943,0.975893,0.218105,-0.008634,0.975254,0.220898,10.576140,-5.017994,0.041094,1,5,23.085250,1.800613,0,0
16.750290,-16.697940,218.386400,596.765300,1,1,1,1,2,2,0.733792,0.743401,0.733733,0.743331,0.738532,-0.007942,0.975967,0.217772,-0.007943,0.975893,0.218105,-0.008575,0.975309,0.220657,10.499110,-5.010112,0.045317,1,5,23.091580,1.877950,0,0
16.760290,-16.736970,218.336400,596.987400,1,1,1,1,2,2,0.733817,0.743241,0.733726,0.743174,0.738450,-0.007949,0.975973,0.217745,-0.007943,0.975893,0.218105,-0.008520,0.975360,0.220438,10.415760,-5.002994,0.049263,1,5,23.097850,1.956557,0,0
16.770290,-16.775820,218.286400,597.209600,1,1,1,1,2,2,0.733873,0.743207,0.733793,0.743122,0.738458,-0.007949,0.975973,0.217745,-0.007943,0.975893,0.218105,-0.008471,0.975406,0.220237,10.325690,-4.996700,0.052828,1,5,23.104050,2.036314,0,0
16.780290,-16.814460,218.236500,597.431900,1,1,1,1,2,2,0.734030,0.743188,0.733978,0.743115,0.738547,-0.007950,0.975970,0.217759,-0.007943,0.975893,0.218105,-0.008425,0.975448,0.220053,10.233140,-4.991297,0.055905,1,5,23.110200,2.117066,0,0
16.790290,-16.852890,218.186600,597.654300,1,1,1,1,2,2,0.735103,0.743255,0.734894,0.743195,0.739044,-0.007234,0.976150,0.216979,-0.007231,0.976050,0.217427,-0.008322,0.975499,0.219827,10.120810,-4.986807,0.056835,1,5,23.116290,2.198627,0,0
16.800290,-16.891110,218.136800,597.876800,1,1,1,1,2,2,0.734685,0.744028,0.734796,0.744129,0.739463,-0.006517,0.976223,0.216670,-0.006519,0.976206,0.216749,-0.008167,0.975560,0.219562,10.078900,-4.983423,0.055524,1,5,23.122310,2.281429,0,0
16.810290,-16.929110,218.087000,598.099500,1,1,1,1,2,2,0.734973,0.743843,0.734773,0.743933,0.739353,-0.006518,0.976274,0.216441,-0.006519,0.976206,0.216749,-0.008025,0.975616,0.219320,10.127910,-4.980457,0.054375,1,5,23.128260,2.365281,0,0
16.820290,-16.966870,218.037200,598.322200,1,1,1,1,2,2,0.734675,0.743977,0.734794,0.743769,0.739281,-0.006510,0.976274,0.216441,-0.006519,0.976206,0.216749,-0.007896,0.975667,0.219099,10.144540,-4.977022,0.054245,1,5,23.134140,2.449370,0,0
16.830290,-17.004390,217.987500,598.545000,1,1,1,1,2,2,0.734085,0.743574,0.734103,0.743693,0.738898,-0.005801,0.976344,0.216146,-0.005808,0.976361,0.216070,-0.007716,0.975726,0.218838,10.241070,-4.973433,0.053170,1,5,23.139960,2.533599,0,0
16.840290,-17.041660,217.937800,598.768000,1,1,1,1,2,2,0.733887,0.742987,0.733864,0.742998,0.738431,-0.005085,0.976470,0.215595,-0.005096,0.976515,0.215392,-0.007491,0.975794,0.218542,10.353880,-4.968910,0.052043,1,5,23.145700,2.618280,0,0
16.850290,-17.078660,217.888200,598.991100,1,1,1,1,2,2,0.733730,0.742700,0.733709,0.742679,0.738194,-0.005084,0.976473,0.215582,-0.005096,0.976515,0.215392,-0.007285,0.975856,0.218270,10.380470,-4.963295,0.052711,1,5,23.151360,2.703275,0,0
16.860290,-17.115410,217.838600,599.214300,1,1,1,1,2,2,0.733652,0.742254,0.733649,0.742440,0.738045,-0.005086,0.976517,0.215379,-0.005096,0.976515,0.215392,-0.007096,0.975913,0.218023,10.369360,-4.957428,0.054254,1,5,23.156950,2.787843,0,0
16.870290,-17.151870,217.789100,599.437600,1,1,1,1,2,2,0.733525,0.742282,0.733685,0.742291,0.737988,-0.005086,0.976517,0.215379,-0.005096,0.976515,0.215392,-0.006924,0.975965,0.217796,10.330320,-4.951678,0.056240,1,5,23.162460,2.871808,0,0
16.880290,-17.188050,217.739600,599.661100,1,1,1,1,2,2,0.734598,0.742960,0.734675,0.743023,0.738849,-0.005093,0.976799,0.214100,-0.005098,0.976871,0.213770,-0.006767,0.976043,0.217451,10.204830,-4.946316,0.055097,1,5,23.167900,2.955066,0,0
16.890290,-17.223940,217.690200,599.884600,1,1,1,1,2,2,0.734391,0.742549,0.734416,0.742628,0.738522,-0.005093,0.976804,0.214073,-0.005098,0.976871,0.213770,-0.006624,0.976114,0.217134,10.306260,-4.942181,0.053418,1,5,23.173240,3.037270,0,0
16.900290,-17.259520,217.640800,600.108200,1,1,1,1,2,2,0.734218,0.742214,0.734288,0.742277,0.738282,-0.005101,0.976799,0.214100,-0.005098,0.976871,0.213770,-0.006492,0.976180,0.216844,10.349670,-4.937058,0.053433,1,5,23.178510,3.118469,0,0
16.910290,-17.294800,217.591500,600.332000,1,1,1,1,2,2,0.734141,0.741955,0.734228,0.742031,0.738129,-0.005093,0.976801,0.214087,-0.005098,0.976871,0.213770,-0.006372,0.976239,0.216580,10.351120,-4.931513,0.054502,1,5,23.183690,3.198521,0,0
16.920290,-17.329750,217.542300,600.555800,1,1,1,1,2,2,0.733551,0.741126,0.733563,0.741138,0.737350,-0.005108,0.977140,0.212538,-0.005100,0.977224,0.212148,-0.006263,0.976325,0.216199,10.532480,-4.925955,0.052888,1,5,23.188790,3.277310,0,0
16.930290,-17.364390,217.493100,600.779800,1,1,1,1,2,2,0.733300,0.740646,0.733281,0.740690,0.736985,-0.005085,0.977140,0.212538,-0.005100,0.977224,0.212148,-0.006163,0.976402,0.215850,10.574450,-4.918623,0.053870,1,5,23.193810,3.354523,0,0
16.940290,-17.398680,217.444000,601.004000,1,1,1,1,2,2,0.733129,0.740288,0.733137,0.740347,0.736742,-0.005093,0.977140,0.212538,-0.005100,0.977224,0.212148,-0.006071,0.976473,0.215532,10.565720,-4.910880,0.055998,1,5,23.198740,3.430253,0,0
16.950290,-17.432640,217.394900,601.228200,1,1,1,1,2,2,0.733035,0.740043,0.733076,0.740049,0.736563,-0.005101,0.977134,0.212564,-0.005100,0.977224,0.212148,-0.005988,0.976537,0.215241,10.530930,-4.903218,0.058704,1,5,23.203580,3.504357,0,0
16.960290,-17.466250,217.346000,601.452600,1,1,1,1,2,2,0.733041,0.739888,0.733071,0.739871,0.736471,-0.005092,0.977143,0.212525,-0.005100,0.977224,0.212148,-0.005911,0.976597,0.214974,10.473960,-4.895892,0.061666,1,5,23.208350,3.576716,0,0
16.970290,-17.499500,217.297100,601.677100,1,1,1,1,2,2,0.733173,0.739798,0.733175,0.739826,0.736500,-0.005085,0.977137,0.212551,-0.005100,0.977224,0.212148,-0.005841,0.976651,0.214731,10.395530,-4.889118,0.064614,1,5,23.213030,3.647222,0,0
16.980290,-17.532390,217.248300,601.901700,1,1,1,1,2,2,0.734557,0.739823,0.734396,0.739826,0.737111,-0.004203,0.977360,0.211541,-0.004197,0.977415,0.211286,-0.005700,0.976716,0.214435,10.269610,-4.883105,0.065280,1,5,23.217630,3.715692,0,0
16.990290,-17.564910,217.199500,602.126300,1,1,1,1,2,2,0.734019,0.741191,0.734173,0.741042,0.737607,-0.003297,0.977527,0.210786,-0.003294,0.977605,0.210424,-0.005493,0.976794,0.214090,10.229880,-4.878316,0.063326,1,5,23.222150,3.782844,0,0
17.000290,-17.597050,217.150700,602.351100,1,1,1,1,2,2,0.733868,0.740886,0.734029,0.740719,0.737374,-0.003305,0.977529,0.210774,-0.003294,0.977605,0.210424,-0.005304,0.976864,0.213774,10.312530,-4.873909,0.061727,1,5,23.226580,3.848501,0,0
17.010290,-17.628800,217.102100,602.576000,1,1,1,1,2,2,0.734109,0.740590,0.733945,0.740441,0.737193,-0.003298,0.977573,0.210570,-0.003294,0.977605,0.210424,-0.005131,0.976927,0.213486,10.347830,-4.868689,0.061644,1,5,23.230930,3.911712,0,0
17.020290,-17.660170,217.053400,602.801100,1,1,1,1,2,2,0.733167,0.740441,0.733106,0.740280,0.736693,-0.002392,0.977799,0.209533,-0.002392,0.977793,0.209561,-0.004895,0.977003,0.213149,10.465690,-4.863117,0.060559,1,5,23.235200,3.972425,0,0
17.030290,-17.691140,217.004900,603.026200,1,1,1,1,2,2,0.732801,0.719042,0.732755,0.739470,0.736113,0.021160,0.982149,0.186909,-0.001489,0.977979,0.208698,-0.004602,0.977088,0.212766,10.599720,-4.856386,0.059409,1,5,23.239380,4.031300,0,0
17.040290,-17.721710,216.956400,603.251500,1,1,1,1,2,2,0.732220,0.739279,0.732488,0.739030,0.735759,-0.001494,0.977916,0.208995,-0.001489,0.977979,0.208698,-0.004335,0.977165,0.212418,10.637380,-4.848341,0.060481,1,5,23.243490,4.088332,0,0
17.050290,-17.751880,216.908000,603.476900,1,1,1,1,2,2,0.732383,0.738407,0.732317,0.738643,0.735480,-0.001494,0.977965,0.208765,-0.001489,0.977979,0.208698,-0.004090,0.977236,0.212097,10.633720,-4.839921,0.062661,1,5,23.247510,4.142547,0,0
17.060300,-17.781630,216.859700,603.702300,1,1,1,1,2,2,0.732324,0.738141,0.732271,0.738433,0.735352,-0.001494,0.977965,0.208765,-0.001489,0.977979,0.208698,-0.003866,0.977300,0.211805,10.585750,-4.831531,0.065527,1,5,23.251450,4.194028,0,0
17.070300,-17.810960,216.811400,603.927900,1,1,1,1,2,2,0.732065,0.738340,0.732329,0.738263,0.735296,-0.001494,0.977962,0.208778,-0.001489,0.977979,0.208698,-0.003662,0.977359,0.211537,10.520590,-4.823602,0.068563,1,5,23.255310,4.242705,0,0
17.080300,-17.839870,216.763300,604.153600,1,1,1,1,2,2,0.732518,0.738300,0.732478,0.738248,0.735363,-0.001494,0.978017,0.208522,-0.001489,0.977979,0.208698,-0.003475,0.977412,0.211293,10.434570,-4.816301,0.071541,1,5,23.259110,4.288548,0,0
17.090300,-17.868350,216.715200,604.379500,1,1,1,1,2,2,0.732448,0.738543,0.732711,0.738277,0.735494,-0.001494,0.977913,0.209008,-0.001489,0.977979,0.208698,-0.003304,0.977461,0.211070,10.344960,-4.809833,0.074201,1,5,23.262830,4.331575,0,0
17.100300,-17.896400,216.667100,604.605300,1,1,1,1,2,2,0.733798,0.739003,0.733658,0.739016,0.736337,-0.001494,0.978172,0.207791,-0.001490,0.978219,0.207568,-0.003148,0.977526,0.210768,10.194780,-4.804229,0.074164,1,5,23.266500,4.371741,0,0
17.110300,-17.924020,216.619100,604.831400,1,1,1,1,2,2,0.733757,0.738898,0.733756,0.738927,0.736341,-0.001486,0.978229,0.207523,-0.001490,0.978219,0.207568,-0.003005,0.977586,0.210493,10.216860,-4.800079,0.073273,1,5,23.270080,4.409011,0,0
17.120300,-17.951190,216.571200,605.057500,1,1,1,1,2,2,0.733881,0.738866,0.733925,0.738891,0.736408,-0.001494,0.978229,0.207522,-0.001490,0.978219,0.207568,-0.002875,0.977640,0.210241,10.207330,-4.795699,0.073195,1,5,23.273610,4.443469,0,0
17.130300,-17.977930,216.523300,605.283700,1,1,1,1,2,2,0.734099,0.738906,0.734129,0.738949,0.736539,-0.001494,0.978224,0.207548,-0.001490,0.978219,0.207568,-0.002755,0.977690,0.210011,10.175020,-4.791397,0.073563,1,5,23.277070,4.475097,0,0
17.140300,-18.004210,216.475400,605.510000,1,1,1,1,2,2,0.734381,0.738607,0.734404,0.738578,0.736491,-0.001494,0.978335,0.207023,-0.001490,0.978339,0.207003,-0.002646,0.977746,0.209752,10.199470,-4.787395,0.072952,1,5,23.280480,4.503916,0,0
17.150300,-18.030050,216.427600,605.736400,1,1,1,1,2,2,0.734058,0.738480,0.734062,0.738431,0.736247,-0.001494,0.978438,0.206536,-0.001490,0.978459,0.206438,-0.002547,0.977807,0.209467,10.268280,-4.783136,0.071984,1,5,23.283820,4.529930,0,0
17.160300,-18.055440,216.379800,605.962900,1,1,1,1,2,2,0.734232,0.738435,0.734218,0.738393,0.736305,-0.001494,0.978441,0.206523,-0.001490,0.978459,0.206438,-0.002456,0.977863,0.209206,10.250300,-4.778186,0.072304,1,5,23.287120,4.553150,0,0
17.170300,-18.080370,216.332100,606.189500,1,1,1,1,2,2,0.734426,0.738450,0.734405,0.738408,0.736407,-0.001486,0.978441,0.206523,-0.001490,0.978459,0.206438,-0.002373,0.977915,0.208968,10.215380,-4.773394,0.072991,1,5,23.290360,4.573667,0,0
17.180300,-18.104850,216.284400,606.416100,1,1,1,1,2,2,0.735673,0.738566,0.735591,0.738512,0.737052,-0.000453,0.978658,0.205498,-0.000466,0.978666,0.205458,-0.002209,0.977979,0.208666,10.134250,-4.768923,0.071615,1,5,23.293550,4.591423,0,0
17.190300,-18.128870,216.236700,606.642900,1,1,1,1,2,2,0.735462,0.739860,0.735401,0.739764,0.737582,0.000556,0.978867,0.204498,0.000558,0.978871,0.204477,-0.001971,0.978057,0.208306,10.133180,-4.765230,0.067869,1,5,23.296690,4.607335,0,0
17.200300,-18.152430,216.189100,606.869800,1,1,1,1,2,2,0.735322,0.739527,0.735249,0.739460,0.737355,0.000564,0.978878,0.204447,0.000558,0.978871,0.204477,-0.001754,0.978128,0.207977,10.248560,-4.761531,0.064922,1,5,23.299760,4.621409,0,0
17.210300,-18.175540,216.141500,607.096700,1,1,1,1,2,2,0.735238,0.739281,0.735160,0.739177,0.737168,0.000556,0.978875,0.204460,0.000558,0.978871,0.204477,-0.001555,0.978192,0.207676,10.310360,-4.756688,0.063818,1,5,23.302790,4.632653,0,0
17.220300,-18.198180,216.094000,607.323700,1,1,1,1,2,2,0.734093,0.739091,0.734011,0.739002,0.736507,0.001581,0.979088,0.203434,0.001582,0.979075,0.203495,-0.001285,0.978269,0.207316,10.481120,-4.751225,0.061780,1,5,23.305770,4.641114,0,0
17.230300,-18.220350,216.046600,607.550800,1,1,1,1,2,2,0.733643,0.738244,0.733593,0.738014,0.735804,0.002607,0.979242,0.202676,0.002606,0.979276,0.202514,-0.000950,0.978357,0.206903,10.651830,-4.744077,0.060049,1,5,23.308690,4.647693,0,0
17.240300,-18.242070,215.999200,607.778100,1,1,1,1,2,2,0.733329,0.737534,0.733278,0.737493,0.735385,0.002607,0.979293,0.202433,0.002606,0.979276,0.202514,-0.000644,0.978437,0.206525,10.705840,-4.735249,0.060932,1,5,23.311570,4.652491,0,0
17.250300,-18.263320,215.952000,608.005400,1,1,1,1,2,2,0.733086,0.737145,0.733041,0.737125,0.735083,0.002607,0.979293,0.202433,0.002606,0.979276,0.202514,-0.000364,0.978511,0.206180,10.704710,-4.725881,0.063180,1,5,23.314400,4.654587,0,0
17.260300,-18.284110,215.904800,608.232800,1,1,1,1,2,2,0.733016,0.736893,0.732956,0.736834,0.734895,0.002607,0.979295,0.202420,0.002606,0.979276,0.202514,-0.000108,0.978577,0.205865,10.663760,-4.716513,0.066199,1,5,23.317190,4.654027,0,0
17.270300,-18.304440,215.857700,608.460300,1,1,1,1,2,2,0.733018,0.736721,0.732965,0.736671,0.734818,0.002607,0.979293,0.202433,0.002606,0.979276,0.202514,0.000125,0.978638,0.205577,10.596120,-4.707534,0.069483,1,5,23.319930,4.650934,0,0
17.280300,-18.324300,215.810700,608.687900,1,1,1,1,2,2,0.733107,0.736669,0.733053,0.736640,0.734847,0.002607,0.979293,0.202433,0.002606,0.979276,0.202514,0.000339,0.978693,0.205313,10.510540,-4.699206,0.072722,1,5,23.322650,4.645311,0,0
17.290300,-18.343710,215.763800,608.915500,1,1,1,1,2,2,0.733324,0.736658,0.733257,0.736640,0.734948,0.002606,0.979298,0.202407,0.002606,0.979276,0.202514,0.000534,0.978743,0.205072,10.418790,-4.691703,0.075681,1,5,23.325320,4.637294,0,0
17.300300,-18.362650,215.717000,609.143200,1,1,1,1,2,2,0.733767,0.736789,0.733533,0.736736,0.735134,0.002606,0.979245,0.202664,0.002606,0.979276,0.202514,0.000712,0.978789,0.204852,10.321590,-4.685085,0.078247,1,5,23.327970,4.626935,0,0
17.310300,-18.381130,215.670200,609.371100,1,1,1,1,2,2,0.733604,0.736983,0.733869,0.736932,0.735401,0.002607,0.979242,0.202676,0.002606,0.979276,0.202514,0.000875,0.978831,0.204651,10.222180,-4.679405,0.080321,1,5,23.330600,4.614334,0,0
17.320300,-18.399150,215.623400,609.599000,1,1,1,1,2,2,0.734618,0.737512,0.734501,0.737385,0.735943,0.002607,0.979394,0.201945,0.002606,0.979357,0.202121,0.001024,0.978876,0.204433,10.107210,-4.674684,0.081036,1,5,23.333200,4.599545,0,0
17.330300,-18.416710,215.576700,609.827000,1,1,1,1,2,2,0.734992,0.737704,0.734880,0.737593,0.736237,0.002607,0.979396,0.201932,0.002606,0.979357,0.202121,0.001160,0.978917,0.204234,10.053890,-4.671072,0.081069,1,5,23.335780,4.582644,0,0
17.340300,-18.433820,215.530000,610.055000,1,1,1,1,2,2,0.735369,0.738156,0.735284,0.737869,0.736576,0.002607,0.979346,0.202176,0.002606,0.979357,0.202121,0.001285,0.978955,0.204052,9.994845,-4.667967,0.080998,1,5,23.338340,4.563714,0,0
17.350300,-18.450480,215.483400,610.283100,1,1,1,1,2,2,0.735853,0.738249,0.735705,0.738146,0.736925,0.002615,0.979399,0.201920,0.002606,0.979357,0.202121,0.001399,0.978990,0.203886,9.939166,-4.665424,0.080727,1,5,23.340890,4.542825,0,0
17.360300,-18.466680,215.436800,610.511200,1,1,1,1,2,2,0.723619,0.738380,0.736067,0.738302,0.737184,0.002616,0.982597,0.185731,0.002606,0.979438,0.201728,0.001502,0.979029,0.203700,9.924759,-4.663410,0.079453,1,5,23.343430,4.520062,0,0
17.370300,-18.482440,215.390100,610.739400,1,1,1,1,2,2,0.736549,0.738642,0.736464,0.738585,0.737524,0.002607,0.979497,0.201444,0.002606,0.979438,0.201728,0.001597,0.979064,0.203530,9.889486,-4.661520,0.078430,1,5,23.345960,4.495495,0,0
17.380300,-18.497750,215.343500,610.967700,1,1,1,1,2,2,0.737999,0.738943,0.737956,0.738876,0.738416,0.003665,0.979696,0.200454,0.003670,0.979644,0.200708,0.001776,0.979114,0.203287,9.810571,-4.659959,0.075187,1,5,23.348490,4.469175,0,0
17.390300,-18.512610,215.297000,611.196000,1,1,1,1,2,2,0.737954,0.740261,0.737896,0.740504,0.739200,0.004738,0.979849,0.199684,0.004733,0.979848,0.199687,0.002030,0.979178,0.202978,9.813033,-4.659156,0.069467,1,5,23.351000,4.442113,0,0
17.400300,-18.527030,215.250400,611.424400,1,1,1,1,2,2,0.737920,0.740406,0.737876,0.740330,0.739103,0.004738,0.979899,0.199439,0.004733,0.979848,0.199687,0.002263,0.979235,0.202695,9.956974,-4.658317,0.064431,1,5,23.353490,4.414257,0,0
17.410300,-18.541020,215.203800,611.652900,1,1,1,1,2,2,0.737633,0.740260,0.737890,0.740186,0.739038,0.004729,0.979854,0.199659,0.004733,0.979848,0.199687,0.002475,0.979288,0.202436,10.043790,-4.656055,0.061447,1,5,23.355970,4.384654,0,0
17.420300,-18.554570,215.157300,611.881400,1,1,1,1,2,2,0.736960,0.739875,0.736908,0.740107,0.738508,0.005794,0.980055,0.198643,0.005796,0.980050,0.198666,0.002761,0.979355,0.202112,10.233860,-4.652933,0.057690,1,5,23.358440,4.353390,0,0
17.430300,-18.567690,215.110800,612.110000,1,1,1,1,2,2,0.736548,0.739836,0.736504,0.740084,0.738294,0.005803,0.980050,0.198668,0.005796,0.980050,0.198666,0.003022,0.979415,0.201816,10.302060,-4.647939,0.056523,1,5,23.360910,4.321495,0,0
17.440300,-18.580380,215.064400,612.338600,1,1,1,1,2,2,0.736119,0.738826,0.736182,0.738869,0.737526,0.006866,0.980105,0.198361,0.006859,0.980250,0.197644,0.003351,0.979488,0.201458,10.491840,-4.642269,0.054494,1,5,23.363360,4.288022,0,0
17.450300,-18.592640,215.018100,612.567300,1,1,1,1,2,2,0.735996,0.738586,0.735922,0.738495,0.737208,0.006868,0.980300,0.197395,0.006859,0.980250,0.197644,0.003653,0.979555,0.201131,10.533540,-4.634733,0.055136,1,5,23.365800,4.253979,0,0
17.460300,-18.604480,214.971800,612.796100,1,1,1,1,2,2,0.735854,0.738270,0.735771,0.738218,0.736995,0.006869,0.980297,0.197408,0.006859,0.980250,0.197644,0.003928,0.979615,0.200831,10.528850,-4.626783,0.056887,1,5,23.368240,4.218503,0,0
17.470300,-18.615900,214.925600,613.024900,1,1,1,1,2,2,0.735763,0.738314,0.735711,0.738031,0.736871,0.006867,0.980253,0.197628,0.006859,0.980250,0.197644,0.004181,0.979670,0.200557,10.493030,-4.618874,0.059230,1,5,23.370660,4.181647,0,0
17.480300,-18.626910,214.879500,613.253800,1,1,1,1,2,2,0.735994,0.737878,0.735707,0.737926,0.736816,0.006867,0.980152,0.198129,0.006859,0.980250,0.197644,0.004411,0.979720,0.200306,10.439010,-4.611309,0.061803,1,5,23.373080,4.143482,0,0
17.490300,-18.637510,214.833500,613.482700,1,1,1,1,2,2,0.736106,0.737679,0.735847,0.737925,0.736886,0.006867,0.980201,0.197884,0.006859,0.980250,0.197644,0.004622,0.979766,0.200077,10.362680,-4.604268,0.064373,1,5,23.375500,4.104095,0,0
17.500310,-18.647700,214.787500,613.711700,1,1,1,1,2,2,0.736077,0.738077,0.736033,0.737977,0.737005,0.006868,0.980302,0.197383,0.006859,0.980250,0.197644,0.004815,0.979807,0.199868,10.284270,-4.597967,0.066670,1,5,23.377920,4.063583,0,0
17.510310,-18.657480,214.741500,613.940800,1,1,1,1,2,2,0.736324,0.738374,0.736272,0.738097,0.737185,0.006868,0.980248,0.197652,0.006859,0.980250,0.197644,0.004991,0.979845,0.199676,10.203350,-4.592428,0.068629,1,5,23.380350,4.022007,0,0
17.520310,-18.666870,214.695700,614.169900,1,1,1,1,2,2,0.736832,0.738345,0.736571,0.738303,0.737437,0.006867,0.980253,0.197628,0.006859,0.980250,0.197644,0.005151,0.979880,0.199501,10.119210,-4.587675,0.070188,1,5,23.382780,3.979453,0,0
17.530310,-18.675860,214.649800,614.399000,1,1,1,1,2,2,0.736983,0.738244,0.736915,0.738523,0.737719,0.006868,0.980251,0.197640,0.006859,0.980250,0.197644,0.005298,0.979912,0.199342,10.041550,-4.583738,0.071277,1,5,23.385220,3.935984,0,0
17.540310,-18.684460,214.604000,614.628200,1,1,1,1,2,2,0.726421,0.726299,0.726204,0.726312,0.726258,0.004157,0.977834,0.209341,0.003430,0.977845,0.209303,0.005138,0.979738,0.200200,11.481630,-4.580554,0.096124,1,5,23.387660,3.891807,0,0
17.550310,-18.692680,214.558400,614.857400,1,1,1,1,2,2,0.731384,0.731404,0.731440,0.731459,0.731450,-0.002795,0.978544,0.206020,0.003430,0.978532,0.206068,0.004991,0.979636,0.200704,9.776215,-4.563259,0.126924,1,5,23.390290,3.843836,0,0
17.560310,-18.700520,214.512800,615.086700,1,1,1,1,2,2,0.738544,0.735681,0.738477,0.735923,0.737200,0.005429,0.979691,0.200440,0.005144,0.979682,0.200490,0.005004,0.979640,0.200685,8.712469,-4.562672,0.128069,1,5,23.392930,3.795036,0,0
17.570310,-18.707980,214.467000,615.316000,1,1,1,1,2,2,0.739150,0.740309,0.739070,0.740221,0.739645,0.006867,0.980204,0.197872,0.006859,0.980146,0.198157,0.005164,0.979684,0.200468,8.631571,-4.572495,0.113718,1,5,23.395530,3.747901,0,0
17.580310,-18.715070,214.421200,615.545300,1,1,1,1,2,2,0.739745,0.739485,0.739711,0.739378,0.739545,0.002909,0.977789,0.209572,0.003429,0.977735,0.209815,0.005015,0.979520,0.201272,8.411540,-4.583097,0.123182,1,5,23.398150,3.701337,0,0
17.590310,-18.721790,214.375200,615.774700,1,1,1,1,2,2,0.742844,0.741449,0.742620,0.741266,0.741943,0.008663,0.978621,0.205490,0.004447,0.978625,0.205604,0.004966,0.979443,0.201645,8.056537,-4.595845,0.120081,1,5,23.400860,3.651414,0,0
17.600310,-18.728160,214.329100,616.004100,1,1,1,1,2,2,0.740924,0.745785,0.741139,0.745699,0.743419,0.004435,0.979963,0.199133,0.004447,0.979973,0.199079,0.004921,0.979488,0.201424,8.312016,-4.612056,0.099254,1,5,23.403630,3.602163,0,0
17.610310,-18.734170,214.282800,616.233500,1,1,1,1,2,2,0.744790,0.743986,0.744606,0.744109,0.744358,0.003426,0.981781,0.189986,0.003429,0.981733,0.190234,0.004793,0.979687,0.200462,9.043054,-4.625742,0.063332,1,5,23.406420,3.552703,0,0
17.620310,-18.739820,214.236500,616.462800,1,1,1,1,2,2,0.743905,0.743686,0.744209,0.743676,0.743942,0.003426,0.982364,0.186948,0.003429,0.982367,0.186933,0.004676,0.979925,0.199300,9.955686,-4.632235,0.029912,1,5,23.409190,3.502500,0,0
17.630310,-18.745130,214.190200,616.692300,1,1,1,1,2,2,0.742125,0.742685,0.742100,0.742531,0.742315,0.004451,0.983173,0.182620,0.004448,0.983170,0.182641,0.004656,0.980215,0.197868,11.020480,-4.629752,-0.000853,1,5,23.411900,3.452231,0,0
17.640310,-18.750100,214.144000,616.921800,1,1,1,1,2,2,0.740075,0.738384,0.739925,0.738196,0.739060,0.002734,0.984205,0.177013,0.002733,0.984254,0.176736,0.004491,0.980581,0.196054,12.340130,-4.616801,-0.030058,1,5,23.414490,3.402962,0,0
17.650310,-18.754730,214.098100,617.151300,1,1,1,1,2,2,0.737274,0.733247,0.737274,0.733017,0.735145,0.002727,0.985105,0.171932,0.002733,0.985136,0.171752,0.004339,0.980996,0.193967,13.612090,-4.590872,-0.052587,1,5,23.416920,3.352163,0,0
17.660310,-18.759030,214.052600,617.381000,1,1,1,1,2,2,0.728614,0.726575,0.728673,0.726799,0.727736,-0.006199,0.986810,0.161766,0.000000,0.986818,0.161835,0.003966,0.981539,0.191209,15.594460,-4.552423,-0.078324,1,5,23.419140,3.302344,0,0
17.670310,-18.763000,214.007700,617.610800,1,1,1,1,2,2,0.721454,0.719939,0.721537,0.719683,0.720610,-0.001407,0.987892,0.155140,0.000000,0.987891,0.155152,0.003625,0.982139,0.188115,17.232300,-4.494457,-0.092293,1,5,23.421050,3.249965,0,0
17.680310,-18.766650,213.963500,617.840800,1,1,1,1,2,2,0.713814,0.711825,0.713680,0.711825,0.712753,-0.001359,0.988867,0.148798,0.000000,0.988920,0.148447,0.003313,0.982786,0.184712,18.777670,-4.420337,-0.097281,1,5,23.422630,3.197843,0,0
17.690310,-18.769980,213.920200,618.070900,1,1,1,1,2,2,0.705079,0.703405,0.705223,0.703403,0.704313,-0.000572,0.989955,0.141385,0.000000,0.989907,0.141722,0.003028,0.983473,0.181025,20.212070,-4.330956,-0.093623,1,5,23.423890,3.146072,0,0
17.700310,-18.772990,213.877900,618.301300,1,1,1,1,2,2,0.696454,0.694820,0.696339,0.694556,0.695447,-0.003521,0.990866,0.134803,0.000000,0.990849,0.134977,0.002768,0.984192,0.177076,21.521290,-4.227387,-0.081875,1,5,23.424840,3.094667,0,0
17.710310,-18.775700,213.836800,618.531900,1,1,1,1,2,2,0.686672,0.685583,0.687119,0.685379,0.686249,-0.003283,0.991711,0.128447,0.000000,0.991747,0.128214,0.002530,0.984937,0.172886,22.707310,-4.110846,-0.062795,1,5,23.425500,3.043638,0,0
17.720310,-18.778100,213.797000,618.762800,1,1,1,1,2,2,0.677722,0.673429,0.677699,0.676003,0.676851,-0.001216,0.994030,0.109105,0.000000,0.992600,0.121433,0.002312,0.985702,0.168474,23.765430,-3.982529,-0.037152,1,5,23.425910,2.993016,0,0
17.730310,-18.780210,213.758500,618.993800,1,1,1,1,2,2,0.668577,0.665955,0.668170,0.665895,0.667032,0.000000,0.997615,0.069023,0.000000,0.993010,0.118034,0.002113,0.986433,0.164148,24.583680,-3.843683,0.001096,1,5,23.426110,2.942965,0,0
17.740310,-18.782020,213.721600,619.225200,1,1,1,1,2,2,0.658255,0.656377,0.657972,0.656305,0.657138,0.000000,0.993400,0.114700,0.000000,0.993408,0.114634,0.001931,0.987130,0.159901,25.164550,-3.696673,0.049374,1,5,23.426190,2.893254,0,0
17.750310,-18.783550,213.686100,619.456700,1,1,1,1,2,2,0.648172,0.646794,0.648367,0.646759,0.647563,0.000000,0.994143,0.108075,0.000000,0.994171,0.107819,0.001765,0.987844,0.155434,25.674240,-3.543844,0.098209,1,5,23.426250,2.843719,0,0
17.760310,-18.784790,213.652300,619.688500,1,1,1,1,2,2,0.638619,0.637317,0.638822,0.637297,0.638059,0.000000,0.994890,0.100970,0.000000,0.994888,0.100989,0.001614,0.988568,0.150764,26.164240,-3.385891,0.147317,1,5,23.426270,2.794668,0,0
17.770310,-18.785760,213.620000,619.920600,1,1,1,1,2,2,0.629433,0.627988,0.629409,0.627951,0.628680,-0.000008,0.995562,0.094107,0.000000,0.995559,0.094145,0.001475,0.989296,0.145908,26.620310,-3.223003,0.196889,1,5,23.426270,2.746125,0,0
17.780310,-18.786460,213.589500,620.152800,1,1,1,1,2,2,0.620178,0.618802,0.620160,0.618785,0.619472,0.000000,0.996209,0.086995,0.000000,0.996183,0.087288,0.001348,0.990025,0.140879,27.033640,-3.055511,0.246941,1,5,23.426240,2.698082,0,0
17.790310,-18.786880,213.560700,620.385300,1,1,1,1,2,2,0.611339,0.610054,0.611098,0.609813,0.610455,-0.000008,0.996765,0.080370,0.000000,0.996761,0.080418,0.001232,0.990749,0.135693,27.403020,-2.883836,0.297371,1,5,23.426190,2.650572,0,0
17.800310,-18.787050,213.533600,620.618000,1,1,1,1,2,2,0.602517,0.601023,0.602277,0.601083,0.601680,0.000731,0.997295,0.073506,0.000000,0.997293,0.073536,0.001126,0.991465,0.130361,27.722750,-2.708411,0.348046,1,5,23.426100,2.603567,0,0
17.810310,-18.786960,213.508300,620.850900,1,1,1,1,2,2,0.593423,0.592463,0.593724,0.592628,0.593176,-0.001249,0.997776,0.066638,0.000000,0.997777,0.066644,0.001029,0.992169,0.124894,27.992970,-2.529729,0.398741,1,5,23.425970,2.557089,0,0
17.820310,-18.786620,213.484800,621.084000,1,1,1,1,2,2,0.585450,0.584182,0.585454,0.584449,0.584952,0.000159,0.998228,0.059511,0.000000,0.998214,0.059743,0.000941,0.992857,0.119304,28.218080,-2.348284,0.449221,1,5,23.425780,2.511135,0,0
17.830310,-18.786030,213.463100,621.317300,1,1,1,1,2,2,0.577443,0.576980,0.577485,0.576586,0.577036,-0.005365,0.998599,0.052652,0.000000,0.998603,0.052832,0.000860,0.993526,0.113599,28.398390,-2.164524,0.499267,1,5,23.425530,2.465713,0,0
17.840310,-18.785200,213.443300,621.550700,1,1,1,1,2,2,0.569285,0.568901,0.569848,0.569056,0.569452,-0.005945,0.998934,0.045781,0.000000,0.998945,0.045915,0.000786,0.994173,0.107790,28.535210,-1.978901,0.548653,1,5,23.425200,2.420827,0,0
17.850310,-18.784130,213.425400,621.784200,1,1,1,1,2,2,0.562857,0.562159,0.562551,0.561873,0.562212,0.004291,0.999243,0.038657,0.000000,0.999240,0.038991,0.000719,0.994796,0.101884,28.632270,-1.791852,0.597140,1,5,23.424760,2.377275,0,0
17.860310,-18.782830,213.409400,622.017900,1,1,1,1,2,2,0.555384,0.554815,0.555598,0.555034,0.555316,-0.002901,0.999482,0.032045,0.000000,0.999486,0.032061,0.000657,0.995391,0.095889,28.694940,-1.603778,0.644519,1,5,23.424180,2.335629,0,0
17.870310,-18.781300,213.395200,622.251800,1,1,1,1,2,2,0.548998,0.543546,0.548996,0.548384,0.548690,-0.004988,0.998874,-0.047173,0.000000,0.999591,0.028593,0.000600,0.995931,0.090110,28.565740,-1.415030,0.697606,1,5,23.423440,2.296005,0,0
17.880310,-18.779550,213.383000,622.485700,1,1,1,1,2,2,0.538942,0.542341,0.542612,0.542154,0.542383,0.000000,0.999501,-0.031588,0.000000,0.999684,0.025126,0.000549,0.996421,0.084528,28.294900,-1.227534,0.754041,1,5,23.422540,2.257890,0,0
17.890310,-18.777580,213.372600,622.719600,1,1,1,1,2,2,0.536486,0.536168,0.536567,0.536232,0.536400,-0.000016,0.999832,0.018311,0.000000,0.999835,0.018188,0.000502,0.996888,0.078829,28.102100,-1.042715,0.805018,1,5,23.421460,2.220892,0,0
17.900310,-18.775390,213.364000,622.953600,1,1,1,1,2,2,0.530995,0.530536,0.530816,0.530610,0.530713,-0.000008,0.999935,0.011445,0.000000,0.999937,0.011247,0.000458,0.997330,0.073022,27.966640,-0.859803,0.851550,1,5,23.420160,2.185362,0,0
17.910310,-18.772990,213.357200,623.187700,1,1,1,1,2,2,0.525522,0.525431,0.525336,0.525260,0.525298,0.000008,0.999992,0.004068,0.000000,0.999991,0.004305,0.000419,0.997745,0.067116,27.873480,-0.678235,0.894429,1,5,23.418620,2.151190,0,0
17.920310,-18.770380,213.352200,623.421800,1,1,1,1,2,2,0.520034,0.520344,0.520121,0.520167,0.520144,0.000000,0.999996,-0.002798,0.000000,0.999997,-0.002639,0.000383,0.998130,0.061121,27.808890,-0.497598,0.934276,1,5,23.416810,2.118325,0,0
17.930320,-18.767570,213.349000,623.655900,1,1,1,1,2,2,0.515328,0.515258,0.515155,0.515330,0.515242,0.000000,0.999956,-0.009411,0.000000,0.999954,-0.009581,0.000350,0.998484,0.055043,27.762470,-0.317614,0.971561,1,5,23.414700,2.086704,0,0
17.940320,-18.764550,213.347700,623.890000,1,1,1,1,2,2,0.510361,0.510938,0.510431,0.510759,0.510595,0.000016,0.999863,-0.016531,0.000000,0.999864,-0.016522,0.000320,0.998804,0.048889,27.725340,-0.138113,1.006636,1,5,23.412290,2.056491,0,0
17.950320,-18.761340,213.348100,624.124100,1,1,1,1,2,2,0.505655,0.506417,0.505981,0.506439,0.506210,0.000692,0.999726,-0.023401,0.000000,0.999725,-0.023461,0.000293,0.999089,0.042667,27.689350,0.040990,1.039756,1,5,23.409530,2.027109,0,0
17.960320,-18.757930,213.350300,624.358100,1,1,1,1,2,2,0.501694,0.502237,0.501768,0.502371,0.502069,0.001772,0.999533,-0.030521,0.000000,0.999538,-0.030397,0.000267,0.999338,0.036382,27.654170,0.219695,1.071074,1,5,23.406430,1.998704,0,0
17.970320,-18.754330,213.354200,624.592000,1,1,1,1,2,2,0.497587,0.498374,0.497800,0.498554,0.498177,-0.001621,0.999309,-0.037134,0.000000,0.999303,-0.037328,0.000244,0.999548,0.030040,27.615260,0.398000,1.100738,1,5,23.402940,1.970572,0,0
17.980320,-18.750540,213.360000,624.825900,1,1,1,1,2,2,0.493944,0.494842,0.494084,0.494975,0.494529,-0.003402,0.999015,-0.044252,0.000000,0.999020,-0.044254,0.000223,0.999720,0.023646,27.571110,0.575857,1.128835,1,5,23.399060,1.943221,0,0
17.990320,-18.746570,213.367500,625.059700,1,1,1,1,2,2,0.491026,0.491527,0.490620,0.491656,0.491138,0.000588,0.998692,-0.051122,0.000000,0.998690,-0.051173,0.000204,0.999852,0.017206,27.517950,0.753202,1.155429,1,5,23.394780,1.887139,0,0
18.000320,-18.742420,213.376800,625.293400,1,1,1,1,2,2,0.487294,0.488462,0.487387,0.488552,0.487970,-0.000811,0.998302,-0.058244,0.000000,0.998312,-0.058085,0.000187,0.999942,0.010723,27.461440,0.929935,1.180539,1,5,23.390080,1.833798,0,0
18.010320,-18.738100,213.387900,625.526900,1,1,1,1,2,2,0.484533,0.486110,0.484400,0.485709,0.485054,-0.004538,0.997868,-0.065113,0.000000,0.997886,-0.064989,0.000171,0.999991,0.004203,27.394270,1.106011,1.204236,1,5,23.384940,1.783042,0,0
18.020320,-18.733610,213.400700,625.760300,1,1,1,1,2,2,0.481615,0.483031,0.481650,0.481506,0.481578,0.000485,0.999427,-0.033849,0.000000,0.997536,-0.070163,0.000156,0.999997,-0.002203,27.376640,1.281312,1.229971,1,5,23.379340,1.734743,0,0
18.030320,-18.728970,213.415300,625.993500,1,1,1,1,2,2,0.444892,0.480831,0.479132,0.480847,0.479989,-0.001179,0.999211,-0.039699,0.000000,0.997159,-0.075326,0.000143,0.999964,-0.008502,26.960620,1.456323,1.258038,1,5,23.373330,1.688515,0,0
18.040320,-18.724160,213.432000,626.226400,1,1,1,1,2,2,0.477455,0.479054,0.477477,0.479059,0.478268,0.000000,0.996887,-0.078848,0.000000,0.996893,-0.078767,0.000130,0.999894,-0.014556,25.346690,1.674044,1.334960,1,5,23.351820,1.705268,0,0
18.050320,-18.719220,213.450700,626.458900,1,1,1,1,2,2,0.475952,0.477944,0.475966,0.477691,0.476829,0.000000,0.996320,-0.085707,0.000000,0.996326,-0.085640,0.000119,0.999786,-0.020682,24.355820,1.866172,1.384917,1,5,23.332480,1.648205,0,0
18.060320,-18.714120,213.471500,626.691000,1,1,1,1,2,2,0.475171,0.477011,0.475156,0.477016,0.476086,-0.000008,0.995704,-0.092595,0.000000,0.995713,-0.092501,0.000109,0.999639,-0.026873,24.471520,2.010555,1.385579,1,5,23.323980,1.559328,0,0
18.070320,-18.708890,213.494500,626.922500,1,1,1,1,2,2,0.475311,0.477081,0.475045,0.477041,0.476043,0.000000,0.995044,-0.099441,0.000000,0.995053,-0.099348,0.000100,0.999451,-0.033122,24.464490,2.155962,1.386097,1,5,23.314980,1.520091,0,0
18.080320,-18.703530,213.519000,627.153700,1,1,1,1,2,2,0.475075,0.477214,0.475048,0.477187,0.476117,0.000000,0.994334,-0.106305,0.000000,0.994347,-0.106182,0.000091,0.999222,-0.039423,24.182240,2.312351,1.396761,1,5,23.301920,1.494594,0,0
18.090320,-18.698020,213.545100,627.384600,1,1,1,1,2,2,0.474897,0.477450,0.475097,0.477371,0.476234,0.000008,0.993633,-0.112664,0.000000,0.993595,-0.113000,0.000083,0.998952,-0.045769,23.881150,2.469916,1.407860,1,5,23.286860,1.462925,0,0
18.100320,-18.692390,213.572700,627.615200,1,1,1,1,2,2,0.475237,0.477665,0.475154,0.477570,0.476362,-0.003171,0.992824,-0.119541,0.000000,0.992798,-0.119803,0.000076,0.998639,-0.052157,23.607600,2.626883,1.417757,1,5,23.270260,1.431844,0,0
18.110320,-18.686630,213.601700,627.845500,1,1,1,1,2,2,0.474792,0.477221,0.475211,0.477761,0.476486,0.001684,0.991978,-0.126397,0.000000,0.991955,-0.126588,0.000069,0.998282,-0.058581,23.365080,2.783080,1.426423,1,5,23.252260,1.417329,0,0
18.120320,-18.680750,213.632100,628.075400,1,1,1,1,2,2,0.475205,0.477869,0.475292,0.477983,0.476637,-0.002781,0.991076,-0.133272,0.000000,0.991068,-0.133356,0.000064,0.997883,-0.065035,23.145730,2.938479,1.433952,1,5,23.232980,1.402228,0,0
18.130320,-18.674740,213.664000,628.304900,1,1,1,1,2,2,0.475392,0.477849,0.475356,0.478181,0.476769,-0.002956,0.990127,-0.140141,0.000000,0.990137,-0.140105,0.000058,0.997439,-0.071517,22.954750,3.093083,1.440471,1,5,23.212470,1.386686,0,0
18.140320,-18.668610,213.697300,628.534100,1,1,1,1,2,2,0.475478,0.478555,0.475438,0.478387,0.476912,0.007558,0.989147,-0.146737,0.000000,0.989161,-0.146835,0.000053,0.996951,-0.078022,22.786080,3.246796,1.445991,1,5,23.190880,1.370611,0,0
18.150320,-18.662360,213.732000,628.762900,1,1,1,1,2,2,0.475566,0.478778,0.475512,0.478602,0.477057,0.004276,0.988083,-0.153860,0.000000,0.988142,-0.153545,0.000048,0.996419,-0.084546,22.638730,3.399642,1.450638,1,5,23.168260,1.354291,0,0
18.160320,-18.655990,213.768100,628.991200,1,1,1,1,2,2,0.475580,0.479121,0.475601,0.479219,0.477410,0.000874,0.987652,-0.156660,0.000000,0.987616,-0.156890,0.000044,0.995869,-0.090796,22.306300,3.551562,1.461174,1,5,23.144700,1.337852,0,0
18.170320,-18.649500,213.805600,629.219100,1,1,1,1,2,2,0.476289,0.479298,0.476090,0.479312,0.477701,0.000000,0.987121,-0.159975,0.000000,0.987079,-0.160233,0.000041,0.995304,-0.096794,21.853620,3.702398,1.476964,1,5,23.119590,1.323176,0,0
18.180320,-18.642910,213.844400,629.446500,1,1,1,1,2,2,0.476496,0.479354,0.476037,0.479399,0.477718,0.000000,0.985982,-0.166850,0.000000,0.985974,-0.166900,0.000037,0.994696,-0.102852,21.498580,3.852074,1.490806,1,5,23.092540,1.309314,0,0
18.190320,-18.636200,213.884600,629.673500,1,1,1,1,2,2,0.475930,0.479508,0.475993,0.479486,0.477739,0.000000,0.984844,-0.173444,0.000000,0.984826,-0.173543,0.000034,0.994046,-0.108963,21.187350,4.000573,1.502849,1,5,23.063910,1.294297,0,0
18.200320,-18.629380,213.925700,629.900100,1,1,1,1,2,2,0.475171,0.479098,0.475446,0.479093,0.477270,0.000000,0.983611,-0.180306,0.000000,0.983637,-0.180163,0.000031,0.993352,-0.115118,21.984140,4.110666,1.474085,1,5,23.045880,1.239635,0,0
18.210320,-18.622460,213.968000,630.126400,1,1,1,1,2,2,0.474806,0.478785,0.474738,0.478522,0.476630,-0.000008,0.982470,-0.186421,0.000000,0.982406,-0.186759,0.000028,0.992614,-0.121313,22.632680,4.228450,1.452461,1,5,23.027700,1.222934,0,0
18.220320,-18.615430,214.011900,630.352100,1,1,1,1,2,2,0.474432,0.477958,0.474346,0.478267,0.476307,-0.002051,0.981089,-0.193549,0.000000,0.981134,-0.193329,0.000026,0.991833,-0.127542,23.079100,4.352430,1.436623,1,5,23.009290,1.206397,0,0
18.230320,-18.608290,214.057500,630.577000,1,1,1,1,2,2,0.474877,0.478668,0.474360,0.478411,0.476386,-0.005104,0.979855,-0.199647,0.000000,0.979822,-0.199874,0.000024,0.991008,-0.133800,23.355780,4.480577,1.424664,1,5,22.990510,1.189939,0,0
18.240320,-18.601060,214.104500,630.801500,1,1,1,1,2,2,0.474643,0.478413,0.474451,0.478637,0.476544,-0.002265,0.978490,-0.206280,0.000000,0.978469,-0.206392,0.000022,0.990140,-0.140082,23.560370,4.611190,1.414999,1,5,22.971290,1.173547,0,0
18.250320,-18.593730,214.152800,631.025400,1,1,1,1,2,2,0.474718,0.478766,0.474579,0.478894,0.476737,0.001256,0.977084,-0.212850,0.000000,0.977078,-0.212883,0.000020,0.989228,-0.146384,23.716410,4.743541,1.407013,1,5,22.951570,1.155628,0,0
18.260320,-18.586290,214.202400,631.248900,1,1,1,1,2,2,0.474641,0.481186,0.474710,0.479739,0.477224,-0.004181,0.979330,-0.202225,0.000000,0.976368,-0.216115,0.000018,0.988316,-0.152420,23.587880,4.878491,1.408287,1,5,22.930890,1.138169,0,0
18.270320,-18.578770,214.253300,631.471900,1,1,1,1,2,2,0.475369,0.479737,0.475463,0.479831,0.477647,0.000000,0.975670,-0.219245,0.000000,0.975647,-0.219345,0.000016,0.987405,-0.158212,23.107650,5.021251,1.424094,1,5,22.906490,1.098069,0,0
18.280320,-18.571150,214.305400,631.694300,1,1,1,1,2,2,0.475637,0.480060,0.475459,0.479895,0.477677,0.000008,0.974170,-0.225818,0.000000,0.974179,-0.225779,0.000015,0.986450,-0.164061,22.745520,5.162727,1.437989,1,5,22.880100,1.052301,0,0
18.290320,-18.563450,214.358800,631.916300,1,1,1,1,2,2,0.475179,0.480199,0.475457,0.479960,0.477708,0.000000,0.972722,-0.231972,0.000000,0.972672,-0.232183,0.000014,0.985451,-0.169960,22.429140,5.302846,1.450026,1,5,22.852170,1.005506,0,0
18.300320,-18.555670,214.413400,632.137600,1,1,1,1,2,2,0.475460,0.480019,0.475442,0.480012,0.477727,0.000000,0.971136,-0.238526,0.000000,0.971128,-0.238558,0.000013,0.984407,-0.175902,22.156800,5.441617,1.460375,1,5,22.822860,0.958572,0,0
18.310320,-18.547810,214.469000,632.358600,1,1,1,1,2,2,0.475209,0.479773,0.475140,0.479806,0.477473,-0.001161,0.969597,-0.244705,0.000000,0.969548,-0.244901,0.000012,0.983321,-0.181880,22.538300,5.558295,1.446518,1,5,22.799280,0.896261,0,0
18.320320,-18.539890,214.525800,632.579000,1,1,1,1,2,2,0.474711,0.479200,0.474848,0.479573,0.477210,-0.006341,0.967903,-0.251244,0.000000,0.967932,-0.251214,0.000011,0.982190,-0.187889,22.840670,5.678411,1.435870,1,5,22.775360,0.849340,0,0
18.330320,-18.531900,214.583800,632.798800,1,1,1,1,2,2,0.474581,0.479137,0.474596,0.479372,0.476984,0.000525,0.966302,-0.257410,0.000000,0.966280,-0.257494,0.000010,0.981017,-0.193922,23.072470,5.801168,1.427770,1,5,22.751050,0.803002,0,0
18.340320,-18.523850,214.643100,633.018100,1,1,1,1,2,2,0.474454,0.478949,0.474413,0.479247,0.476830,0.000032,0.964586,-0.263768,0.000000,0.964593,-0.263742,0.000009,0.979801,-0.199976,23.241890,5.925857,1.421624,1,5,22.726310,0.757276,0,0
18.350320,-18.515740,214.703700,633.236600,1,1,1,1,2,2,0.474649,0.479972,0.475263,0.480053,0.477658,-0.000858,0.963747,-0.266818,0.000000,0.964593,-0.263742,0.000008,0.978657,-0.205502,22.885100,6.051849,1.429485,1,5,22.701120,0.712563,0,0
18.360320,-18.507580,214.765600,633.454600,1,1,1,1,2,2,0.475371,0.480183,0.475221,0.480061,0.477641,0.000000,0.962838,-0.270081,0.000000,0.962872,-0.269957,0.000007,0.977467,-0.211089,22.801960,6.174011,1.432465,1,5,22.675240,0.667903,0,0
18.370330,-18.499380,214.828700,633.671900,1,1,1,1,2,2,0.475181,0.480259,0.475211,0.480093,0.477652,0.000000,0.961169,-0.275962,0.000000,0.961118,-0.276139,0.000007,0.976231,-0.216729,22.762010,6.295016,1.433498,1,5,22.648820,0.623907,0,0
18.380330,-18.491130,214.892900,633.888700,1,1,1,1,2,2,0.474925,0.480383,0.475203,0.480172,0.477687,0.000000,0.959330,-0.282286,0.000000,0.959330,-0.282286,0.000006,0.974952,-0.222415,22.750760,6.415278,1.433192,1,5,22.621890,0.580681,0,0
18.390330,-18.482850,214.958200,634.104800,1,1,1,1,2,2,0.475020,0.480339,0.475256,0.480252,0.477754,-0.000509,0.957565,-0.288217,0.000000,0.957510,-0.288399,0.000006,0.973628,-0.228139,22.755720,6.535069,1.431994,1,5,22.594440,0.538248,0,0
18.400330,-18.474530,215.024800,634.320300,1,1,1,1,2,2,0.475581,0.480401,0.475415,0.480452,0.477933,0.003553,0.955641,-0.294513,0.000000,0.955659,-0.294477,0.000005,0.972261,-0.233896,22.754570,6.654537,1.430214,1,5,22.566480,0.496634,0,0
18.410330,-18.466180,215.092500,634.535000,1,1,1,1,2,2,0.475670,0.480477,0.475698,0.480754,0.478226,0.003083,0.953739,-0.300622,0.000000,0.953776,-0.300519,0.000005,0.970852,-0.239678,22.745090,6.773612,1.427932,1,5,22.538000,0.455794,0,0
18.420330,-18.457800,215.161400,634.749100,1,1,1,1,2,2,0.476003,0.495468,0.476085,0.482133,0.479109,0.000893,0.972981,-0.230885,0.000000,0.952824,-0.303524,0.000004,0.969468,-0.245219,22.488920,6.892206,1.431278,1,5,22.509000,0.415899,0,0
18.430330,-18.449400,215.231500,634.962600,1,1,1,1,2,2,0.477302,0.482307,0.477410,0.482456,0.479933,0.000000,0.951801,-0.306716,0.000000,0.951862,-0.306526,0.000004,0.968106,-0.250538,22.176500,7.007933,1.437305,1,5,22.479340,0.376691,0,0
18.440330,-18.440990,215.302700,635.175300,1,1,1,1,2,2,0.477663,0.483019,0.477810,0.482889,0.480350,0.000000,0.949891,-0.312580,0.000000,0.949919,-0.312496,0.000004,0.966699,-0.255916,22.045700,7.120263,1.438987,1,5,22.449030,0.337995,0,0
18.450330,-18.432560,215.375000,635.387300,1,1,1,1,2,2,0.478162,0.483587,0.478313,0.483404,0.480858,0.000000,0.947880,-0.318628,0.000000,0.947947,-0.318429,0.000003,0.965246,-0.261343,21.956050,7.230953,1.438340,1,5,22.418170,0.300091,0,0
18.460330,-18.424110,215.448400,635.598600,1,1,1,1,2,2,0.478619,0.483833,0.478910,0.484055,0.481483,0.000254,0.945946,-0.324325,0.000000,0.945946,-0.324325,0.000003,0.963748,-0.266812,21.888800,7.340394,1.435948,1,5,22.386770,0.262984,0,0
18.470330,-18.415660,215.522900,635.809300,1,1,1,1,2,2,0.479659,0.484759,0.479616,0.484771,0.482193,-0.010492,0.943874,-0.330139,0.000000,0.943917,-0.330183,0.000003,0.962208,-0.272317,21.839500,7.448794,1.432199,1,5,22.354820,0.226686,0,0
18.480330,-18.407210,215.598500,636.019200,1,1,1,1,2,2,0.480705,0.485595,0.480436,0.485602,0.483019,0.004091,0.941883,-0.335916,0.000000,0.941861,-0.336004,0.000002,0.960624,-0.277850,21.794880,7.556322,1.427417,1,5,22.322340,0.191165,0,0
18.490330,-18.398760,215.675100,636.228300,1,1,1,1,2,2,0.493377,0.487482,0.482367,0.487496,0.484932,0.000000,0.958235,-0.285984,0.000000,0.941861,-0.336004,0.000002,0.959150,-0.282899,21.282800,7.663013,1.433551,1,5,22.289310,0.156676,0,0
18.500330,-18.390310,215.752700,636.436600,1,1,1,1,2,2,0.483345,0.488143,0.483169,0.488295,0.485732,0.000000,0.939860,-0.341561,0.000000,0.939778,-0.341786,0.000002,0.957626,-0.288013,21.132750,7.764412,1.433193,1,5,22.255520,0.122518,0,0
18.510330,-18.381860,215.831400,636.644300,1,1,1,1,2,2,0.484131,0.489312,0.484049,0.489184,0.486617,0.000000,0.937698,-0.347452,0.000000,0.937669,-0.347530,0.000002,0.956056,-0.293184,21.033510,7.863993,1.430175,1,5,22.221180,0.089076,0,0
18.520330,-18.373430,215.911000,636.851200,1,1,1,1,2,2,0.484945,0.490190,0.485014,0.490152,0.487583,0.000429,0.935611,-0.353032,0.000000,0.935535,-0.353235,0.000002,0.954440,-0.298402,20.968070,7.962238,1.425200,1,5,22.186310,0.056404,0,0
18.530330,-18.365010,215.991600,637.057400,1,1,1,1,2,2,0.485983,0.491406,0.486049,0.491218,0.488634,0.002789,0.933413,-0.358794,0.000000,0.933376,-0.358900,0.000002,0.952780,-0.303661,20.923170,8.059463,1.418781,1,5,22.150910,0.024491,0,0
18.540330,-18.356600,216.073200,637.262800,1,1,1,1,2,2,0.487135,0.492136,0.487225,0.492382,0.489803,-0.001788,0.931299,-0.364253,0.000000,0.931193,-0.364527,0.000001,0.951077,-0.308953,20.883310,8.155857,1.411285,1,5,22.114980,-0.006682,0,0
18.550330,-18.348220,216.155700,637.467300,1,1,1,1,2,2,0.489730,0.494334,0.489525,0.494604,0.492064,0.000008,0.931127,-0.364694,0.000000,0.931193,-0.364527,0.000001,0.949495,-0.313781,20.385420,8.251462,1.414302,1,5,22.078530,-0.036934,0,0
18.560330,-18.339850,216.239100,637.671200,1,1,1,1,2,2,0.490596,0.495623,0.490610,0.495669,0.493139,0.000008,0.928924,-0.370270,0.000000,0.928987,-0.370114,0.000001,0.947863,-0.318677,20.260150,8.341956,1.410933,1,5,22.041330,-0.066839,0,0
18.570330,-18.331510,216.323400,637.874300,1,1,1,1,2,2,0.491850,0.496648,0.491748,0.496845,0.494296,0.000016,0.926756,-0.375663,0.000000,0.926757,-0.375661,0.000001,0.946183,-0.323631,20.180730,8.430881,1.405120,1,5,22.003600,-0.096077,0,0
18.580330,-18.323200,216.408600,638.076500,1,1,1,1,2,2,0.492838,0.498212,0.493012,0.498082,0.495547,-0.002591,0.924465,-0.381258,0.000000,0.924506,-0.381168,0.000001,0.944457,-0.328634,20.128590,8.518664,1.397526,1,5,21.965370,-0.124610,0,0
18.590330,-18.314910,216.494700,638.278000,1,1,1,1,2,2,0.493836,0.499374,0.494364,0.499415,0.496889,0.001382,0.922247,-0.386599,0.000000,0.922233,-0.386634,0.000001,0.942687,-0.333679,20.092610,8.605558,1.388604,1,5,21.926630,-0.152454,0,0
18.600330,-18.306660,216.581600,638.478700,1,1,1,1,2,2,0.515785,0.501553,0.496973,0.501932,0.499452,0.000000,0.947996,-0.318282,0.000000,0.922233,-0.386634,0.000001,0.941045,-0.338282,19.586400,8.691709,1.389754,1,5,21.887380,-0.179451,0,0
18.610330,-18.298440,216.669300,638.678600,1,1,1,1,1,1,0.501340,0.506108,0.501440,0.506278,0.503859,0.000000,0.924407,-0.381408,0.000000,0.924484,-0.381221,0.000001,0.939697,-0.342007,18.364970,8.772718,1.406355,1,5,21.847400,-0.205785,0,0
18.620330,-18.290260,216.757700,638.877700,1,1,1,1,1,1,0.502070,0.506897,0.502006,0.506818,0.504412,0.000000,0.922247,-0.386601,0.000000,0.922211,-0.386688,0.000001,0.938277,-0.345885,18.226220,8.841946,1.407366,1,5,21.806350,-0.232109,0,0
18.630330,-18.282120,216.846800,639.076200,1,1,1,1,1,1,0.502713,0.506761,0.502504,0.507291,0.504898,-0.004880,0.919863,-0.392210,0.000000,0.919916,-0.392115,0.000001,0.936787,-0.349899,18.208150,8.909575,1.404008,1,5,21.764890,-0.257832,0,0
18.640330,-18.274020,216.936600,639.273800,1,1,1,1,1,1,0.502854,0.507539,0.502984,0.507730,0.505357,0.000859,0.917506,-0.397722,0.000000,0.917602,-0.397500,0.000001,0.935232,-0.354034,18.264120,8.976727,1.397851,1,5,21.723070,-0.282860,0,0
18.650330,-18.265970,217.027000,639.470700,1,1,1,1,1,1,0.516480,0.512330,0.507744,0.512407,0.510075,0.000000,0.919913,-0.392122,0.000000,0.917602,-0.397500,0.000001,0.933795,-0.357807,17.326560,9.044086,1.400816,1,5,21.680910,-0.307096,0,0
18.660330,-18.257960,217.118000,639.666900,0,0,0,0,0,0,0.000000,0.000000,0.000000,0.000000,0.510075,0.000000,0.000000,0.000000,0.000000,0.917602,-0.397500,0.000001,0.933795,-0.357807,0.000000,9.102392,1.481826,0,6,21.637810,-0.327050,0,0
18.670330,-18.249960,217.208100,639.863000,0,0,0,0,0,0,0.000000,0.000000,0.000000,0.000000,0.510075,0.000000,0.000000,0.000000,0.000000,0.917602,-0.397500,0.000001,0.933795,-0.357807,0.000000,9.004292,1.390221,0,6,21.596730,0.099439,0,0
18.680330,-18.241950,217.297100,640.059200,0,0,0,0,0,0,0.000000,0.000000,0.000000,0.000000,0.510075,0.000000,0.000000,0.000000,0.000000,0.917602,-0.397500,0.000001,0.933795,-0.357807,0.000000,8.906193,1.298615,0,6,21.556010,0.099439,0,0
18.690330,-18.233940,217.385200,640.255400,0,0,0,0,0,0,0.000000,0.000000,0.000000,0.000000,0.510075,0.000000,0.000000,0.000000,0.000000,0.917602,-0.397500,0.000001,0.933795,-0.357807,0.000000,8.808093,1.207010,0,6,21.515660,0.099439,0,0
18.700330,-18.225930,217.472300,640.451500,0,0,0,0,0,0,0.000000,0.000000,0.000000,0.000000,0.510075,0.000000,0.000000,0.000000,0.000000,0.917602,-0.397500,0.000001,0.933795,-0.357807,0.000000,8.709993,1.115405,0,6,21.475690,0.099439,0,0
18.710330,-18.217930,217.558400,640.647700,0,0,0,0,0,0,0.000000,0.000000,0.000000,0.000000,0.510075,0.000000,0.000000,0.000000,0.000000,0.917602,-0.397500,0.000001,0.933795,-0.357807,0.000000,8.611894,1.023800,0,6,21.436090,0.099439,0,0
18.720330,-18.209920,217.643600,640.843900,0,0,0,0,0,0,0.000000,0.000000,0.000000,0.000000,0.510075,0.000000,0.000000,0.000000,0.000000,0.917602,-0.397500,0.000001,0.933795,-0.357807,0.000000,8.513794,0.932195,0,6,21.396870,0.099439,0,0
18.730330,-18.201910,217.727700,641.040000,0,0,0,0,0,0,0.000000,0.000000,0.000000,0.000000,0.510075,0.000000,0.000000,0.000000,0.000000,0.917602,-0.397500,0.000001,0.933795,-0.357807,0.000000,8.415694,0.840590,0,6,21.358020,0.099439,0,0
18.740330,-18.193910,217.810900,641.236200,0,0,0,0,0,0,0.000000,0.000000,0.000000,0.000000,0.510075,0.000000,0.000000,0.000000,0.000000,0.917602,-0.397500,0.000001,0.933795,-0.357807,0.000000,8.317595,0.748985,0,6,21.319560,0.099439,0,0
18.750330,-18.185900,217.893100,641.432400,0,0,0,0,0,0,0.000000,0.000000,0.000000,0.000000,0.510075,0.000000,0.000000,0.000000,0.000000,0.917602,-0.397500,0.000001,0.933795,-0.357807,0.000000,8.219495,0.657380,0,6,21.281480,0.099439,0,0
18.760330,-18.177890,217.974300,641.628500,0,0,0,0,0,0,0.000000,0.000000,0.000000,0.000000,0.510075,0.000000,0.000000,0.000000,0.000000,0.917602,-0.397500,0.000001,0.933795,-0.357807,0.000000,8.121395,0.565775,0,6,21.243780,0.099439,0,0
18.770330,-18.169890,218.054600,641.824700,0,0,0,0,0,0,0.000000,0.000000,0.000000,0.000000,0.510075,0.000000,0.000000,0.000000,0.000000,0.917602,-0.397500,0.000001,0.933795,-0.357807,0.000000,8.023295,0.474170,0,6,21.206470,0.099439,0,0
18.780330,-18.161880,218.133800,642.020900,0,0,0,0,0,0,0.000000,0.000000,0.000000,0.000000,0.510075,0.000000,0.000000,0.000000,0.000000,0.917602,-0.397500,0.000001,0.933795,-0.357807,0.000000,7.925195,0.382565,0,6,21.169550,0.099439,0,0
18.790330,-18.153870,218.212100,642.217000,0,0,0,0,0,0,0.000000,0.000000,0.000000,0.000000,0.510075,0.000000,0.000000,0.000000,0.000000,0.917602,-0.397500,0.000001,0.933795,-0.357807,0.000000,7.827095,0.290959,0,6,21.133020,0.099439,0,0
18.800330,-18.145860,218.289400,642.413200,0,0,0,0,0,0,0.000000,0.000000,0.000000,0.000000,0.510075,0.000000,0.000000,0.000000,0.000000,0.917602,-0.397500,0.000001,0.933795,-0.357807,0.000000,7.728995,0.199354,0,6,21.096890,0.099439,0,0
18.810340,-18.137860,218.365700,642.609400,0,0,0,0,0,0,0.000000,0.000000,0.000000,0.000000,0.510075,0.000000,0.000000,0.000000,0.000000,0.917602,-0.397500,0.000001,0.933795,-0.357807,0.000000,7.630895,0.107748,0,6,21.061150,0.099439,0,0
18.820340,-18.129850,218.441000,642.805500,0,0,0,0,0,0,0.000000,0.000000,0.000000,0.000000,0.510075,0.000000,0.000000,0.000000,0.000000,0.917602,-0.397500,0.000001,0.933795,-0.357807,0.000000,7.532794,0.016143,0,6,21.025800,0.099439,0,0
18.830340,-18.121840,218.515400,643.001700,0,0,0,0,0,0,0.000000,0.000000,0.000000,0.000000,0.510075,0.000000,0.000000,0.000000,0.000000,0.917602,-0.397500,0.000001,0.933795,-0.357807,0.000000,7.434694,-0.075463,0,6,20.990850,0.099439,0,0
18.840340,-18.113840,218.588700,643.197900,0,0,0,0,0,0,0.000000,0.000000,0.000000,0.000000,0.510075,0.000000,0.000000,0.000000,0.000000,0.917602,-0.397500,0.000001,0.933795,-0.357807,0.000000,7.336594,-0.167068,0,6,20.956310,0.099439,0,0
18.850340,-18.105830,218.661100,643.394000,0,0,0,0,0,0,0.000000,0.000000,0.000000,0.000000,0.510075,0.000000,0.000000,0.000000,0.000000,0.917602,-0.397500,0.000001,0.933795,-0.357807,0.000000,7.238494,-0.258674,0,6,20.922170,0.099439,0,0
18.860340,-18.097820,218.732500,643.590200,0,0,0,0,0,0,0.000000,0.000000,0.000000,0.000000,0.510075,0.000000,0.000000,0.000000,0.000000,0.917602,-0.397500,0.000001,0.933795,-0.357807,0.000000,7.140394,-0.350279,0,6,20.888430,0.099439,0,0
18.870340,-18.089820,218.802900,643.786400,0,0,0,0,0,0,0.000000,0.000000,0.000000,0.000000,0.510075,0.000000,0.000000,0.000000,0.000000,0.917602,-0.397500,0.000001,0.933795,-0.357807,0.000000,7.042294,-0.441885,0,6,20.855100,0.099439,0,0
18.880340,-18.081810,218.872400,643.982500,0,0,0,0,0,0,0.000000,0.000000,0.000000,0.000000,0.510075,0.000000,0.000000,0.000000,0.000000,0.917602,-0.397500,0.000001,0.933795,-0.357807,0.000000,6.944193,-0.533490,0,6,20.822180,0.099439,0,0
18.890340,-18.073800,218.940800,644.178700,0,0,0,0,0,0,0.000000,0.000000,0.000000,0.000000,0.510075,0.000000,0.000000,0.000000,0.000000,0.917602,-0.397500,0.000001,0.933795,-0.357807,0.000000,6.846093,-0.625096,0,6,20.789670,0.099439,0,0
18.900340,-18.065790,219.008300,644.374900,0,0,0,0,0,0,0.000000,0.000000,0.000000,0.000000,0.510075,0.000000,0.000000,0.000000,0.000000,0.917602,-0.397500,0.000001,0.933795,-0.357807,0.000000,6.747993,-0.716701,0,6,20.757570,0.099439,0,0
18.910340,-18.057790,219.074800,644.571000,0,0,0,0,0,0,0.000000,0.000000,0.000000,0.000000,0.510075,0.000000,0.000000,0.000000,0.000000,0.917602,-0.397500,0.000001,0.933795,-0.357807,0.000000,6.649893,-0.808307,0,6,20.725890,0.099439,0,0
18.920340,-18.049780,219.140300,644.767200,0,0,0,0,0,0,0.000000,0.000000,0.000000,0.000000,0.510075,0.000000,0.000000,0.000000,0.000000,0.917602,-0.397500,0.000001,0.933795,-0.357807,0.000000,6.551793,-0.899912,0,6,20.694620,0.099439,0,0
18.930340,-18.041770,219.204900,644.963400,0,0,0,0,0,0,0.000000,0.000000,0.000000,0.000000,0.510075,0.000000,0.000000,0.000000,0.000000,0.917602,-0.397500,0.000001,0.933795,-0.357807,0.000000,6.453692,-0.991518,0,6,20.663770,0.099439,0,0
18.940340,-18.033770,219.268400,645.159500,0,0,0,0,0,0,0.000000,0.000000,0.000000,0.000000,0.510075,0.000000,0.000000,0.000000,0.000000,0.917602,-0.397500,0.000001,0.933795,-0.357807,0.000000,6.355592,-1.083123,0,6,20.633340,0.099439,0,0
18.950340,-18.025760,219.331000,645.355700,0,0,0,0,0,0,0.000000,0.000000,0.000000,0.000000,0.510075,0.000000,0.000000,0.000000,0.000000,0.917602,-0.397500,0.000001,0.933795,-0.357807,0.000000,6.257492,-1.174729,0,6,20.603340,0.099439,0,0
18.960340,-18.017750,219.392600,645.551900,0,0,0,0,0,0,0.000000,0.000000,0.000000,0.000000,0.510075,0.000000,0.000000,0.000000,0.000000,0.917602,-0.397500,0.000001,0.933795,-0.357807,0.000000,6.159392,-1.266334,0,6,20.573760,0.099439,0,0
18.970340,-18.009740,219.453200,645.748000,0,0,0,0,0,0,0.000000,0.000000,0.000000,0.000000,0.510075,0.000000,0.000000,0.000000,0.000000,0.917602,-0.397500,0.000001,0.933795,-0.357807,0.000000,6.061292,-1.357940,0,6,20.544600,0.099439,0,0
18.980340,-18.001740,219.512800,645.944200,0,0,0,0,0,0,0.000000,0.000000,0.000000,0.000000,0.510075,0.000000,0.000000,0.000000,0.000000,0.917602,-0.397500,0.000001,0.933795,-0.357807,0.000000,5.963192,-1.449545,0,6,20.515870,0.099439,0,0
18.990340,-17.993730,219.571500,646.140400,0,0,0,0,0,0,0.000000,0.000000,0.000000,0.000000,0.510075,0.000000,0.000000,0.000000,0.000000,0.917602,-0.397500,0.000001,0.933795,-0.357807,0.000000,5.865091,-1.541151,0,6,20.487570,0.099439,0,0
19.000340,-17.985720,219.629200,646.336500,0,0,0,0,0,0,0.000000,0.000000,0.000000,0.000000,0.510075,0.000000,0.000000,0.000000,0.000000,0.917602,-0.397500,0.000001,0.933795,-0.357807,0.000000,5.766991,-1.632756,0,6,20.459700,0.099439,0,0
19.010340,-17.977720,219.685800,646.532700,0,0,0,0,0,0,0.000000,0.000000,0.000000,0.000000,0.510075,0.000000,0.000000,0.000000,0.000000,0.917602,-0.397500,0.000001,0.933795,-0.357807,0.000000,5.668891,-1.724362,0,6,20.432270,0.099439,0,0
19.020340,-17.969710,219.741500,646.728900,0,0,0,0,0,0,0.000000,0.000000,0.000000,0.000000,0.510075,0.000000,0.000000,0.000000,0.000000,0.917602,-0.397500,0.000001,0.933795,-0.357807,0.000000,5.570791,-1.815967,0,6,20.405270,0.099439,0,0
19.030340,-17.961700,219.796300,646.925000,0,0,0,0,0,0,0.000000,0.000000,0.000000,0.000000,0.510075,0.000000,0.000000,0.000000,0.000000,0.917602,-0.397500,0.000001,0.933795,-0.357807,0.000000,5.472691,-1.907573,0,6,20.378710,0.099439,0,0
19.040340,-17.953700,219.850000,647.121200,0,0,0,0,0,0,0.000000,0.000000,0.000000,0.000000,0.510075,0.000000,0.000000,0.000000,0.000000,0.917602,-0.397500,0.000001,0.933795,-0.357807,0.000000,5.374590,-1.999178,0,6,20.352580,0.099439,0,0
19.050340,-17.945690,219.902800,647.317400,0,0,0,0,0,0,0.000000,0.000000,0.000000,0.000000,0.510075,0.000000,0.000000,0.000000,0.000000,0.917602,-0.397500,0.000001,0.933795,-0.357807,0.000000,5.276490,-2.090784,0,6,20.326890,0.099439,0,0
19.060340,-17.937680,219.954600,647.513500,0,0,0,0,0,0,0.000000,0.000000,0.000000,0.000000,0.510075,0.000000,0.000000,0.000000,0.000000,0.917602,-0.397500,0.000001,0.933795,-0.357807,0.000000,5.178390,-2.182389,0,6,20.301650,0.099439,0,0
19.070340,-17.929670,220.005400,647.709700,0,0,0,0,0,0,0.000000,0.000000,0.000000,0.000000,0.510075,0.000000,0.000000,0.000000,0.000000,0.917602,-0.397500,0.000001,0.933795,-0.357807,0.000000,5.080290,-2.273995,0,6,20.276850,0.099439,0,0
19.080340,-17.921670,220.055200,647.905900,0,0,0,0,0,0,0.000000,0.000000,0.000000,0.000000,0.510075,0.000000,0.000000,0.000000,0.000000,0.917602,-0.397500,0.000001,0.933795,-0.357807,0.000000,4.982190,-2.365600,0,6,20.252490,0.099439,0,0
19.090340,-17.913660,220.104000,648.102100,0,0,0,0,0,0,0.000000,0.000000,0.000000,0.000000,0.510075,0.000000,0.000000,0.000000,0.000000,0.917602,-0.397500,0.000001,0.933795,-0.357807,0.000000,4.884089,-2.457206,0,6,20.228580,0.099439,0,0
19.100340,-17.905650,220.151900,648.298200,0,0,0,0,0,0,0.000000,0.000000,0.000000,0.000000,0.510075,0.000000,0.000000,0.000000,0.000000,0.917602,-0.397500,0.000001,0.933795,-0.357807,0.000000,4.785989,-2.548811,0,6,20.205120,0.099439,0,0
19.110340,-17.897650,220.198800,648.494400,0,0,0,0,0,0,0.000000,0.000000,0.000000,0.000000,0.510075,0.000000,0.000000,0.000000,0.000000,0.917602,-0.397500,0.000001,0.933795,-0.357807,0.000000,4.687889,-2.640417,0,6,20.182110,0.099439,0,0
19.120340,-17.889640,220.244700,648.690600,0,0,0,0,0,0,0.000000,0.000000,0.000000,0.000000,0.510075,0.000000,0.000000,0.000000,0.000000,0.917602,-0.397500,0.000001,0.933795,-0.357807,0.000000,4.589789,-2.732022,0,6,20.159550,0.099439,0,0
19.130340,-17.881630,220.289600,648.886700,0,0,0,0,0,0,0.000000,0.000000,0.000000,0.000000,0.510075,0.000000,0.000000,0.000000,0.000000,0.917602,-0.397500,0.000001,0.933795,-0.357807,0.000000,4.491689,-2.823628,0,6,20.137440,0.099439,0,0
19.140340,-17.873620,220.333500,649.082900,0,0,0,0,0,0,0.000000,0.000000,0.000000,0.000000,0.510075,0.000000,0.000000,0.000000,0.000000,0.917602,-0.397500,0.000001,0.933795,-0.357807,0.000000,4.393589,-2.915233,0,6,20.115790,0.099439,0,0
19.150340,-17.865620,220.376500,649.279100,0,0,0,0,0,0,0.000000,0.000000,0.000000,0.000000,0.510075,0.000000,0.000000,0.000000,0.000000,0.917602,-0.397500,0.000001,0.933795,-0.357807,0.000000,4.295488,-3.006839,0,6,20.094590,0.099439,0,0
19.160340,-17.857610,220.418500,649.475200,0,0,0,0,0,0,0.000000,0.000000,0.000000,0.000000,0.510075,0.000000,0.000000,0.000000,0.000000,0.917602,-0.397500,0.000001,0.933795,-0.357807,0.000000,4.197388,-3.098444,0,6,20.073850,0.099439,0,0
19.170340,-17.849600,220.459500,649.671400,0,0,0,0,0,0,0.000000,0.000000,0.000000,0.000000,0.510075,0.000000,0.000000,0.000000,0.000000,0.917602,-0.397500,0.000001,0.933795,-0.357807,0.000000,4.099288,-3.190050,0,6,20.053560,0.099439,0,0
19.180340,-17.841600,220.499500,649.867600,0,0,0,0,0,0,0.000000,0.000000,0.000000,0.000000,0.510075,0.000000,0.000000,0.000000,0.000000,0.917602,-0.397500,0.000001,0.933795,-0.357807,0.000000,4.001188,-3.281655,0,6,20.033740,0.099439,0,0
19.190340,-17.833590,220.538500,650.063700,0,0,0,0,0,0,0.000000,0.000000,0.000000,0.000000,0.510075,0.000000,0.000000,0.000000,0.000000,0.917602,-0.397500,0.000001,0.933795,-0.357807,0.000000,3.903088,-3.373260,0,6,20.014380,0.099439,0,0
19.200340,-17.825580,220.576600,650.259900,0,0,0,0,0,0,0.000000,0.000000,0.000000,0.000000,0.510075,0.000000,0.000000,0.000000,0.000000,0.917602,-0.397500,0.000001,0.933795,-0.357807,0.000000,3.804988,-3.464866,0,6,19.995480,0.099439,0,0
19.210340,-17.817580,220.613600,650.456100,0,0,0,0,0,0,0.000000,0.000000,0.000000,0.000000,0.510075,0.000000,0.000000,0.000000,0.000000,0.917602,-0.397500,0.000001,0.933795,-0.357807,0.000000,3.706888,-3.556471,0,6,19.977050,0.099439,0,0
19.220340,-17.809570,220.649700,650.652200,0,0,0,0,0,0,0.000000,0.000000,0.000000,0.000000,0.510075,0.000000,0.000000,0.000000,0.000000,0.917602,-0.397500,0.000001,0.933795,-0.357807,0.000000,3.608788,-3.648076,0,6,19.959070,0.099439,0,0
19.230340,-17.801560,220.684800,650.848400,0,0,0,0,0,0,0.000000,0.000000,0.000000,0.000000,0.510075,0.000000,0.000000,0.000000,0.000000,0.917602,-0.397500,0.000001,0.933795,-0.357807,0.000000,3.510688,-3.739682,0,6,19.941570,0.099439,0,0
19.240350,-17.793550,220.718900,651.044600,0,0,0,0,0,0,0.000000,0.000000,0.000000,0.000000,0.510075,0.000000,0.000000,0.000000,0.000000,0.917602,-0.397500,0.000001,0.933795,-0.357807,0.000000,3.412588,-3.831287,0,6,19.924530,0.099439,0,0
19.250350,-17.785550,220.752100,651.240700,0,0,0,0,0,0,0.000000,0.000000,0.000000,0.000000,0.510075,0.000000,0.000000,0.000000,0.000000,0.917602,-0.397500,0.000001,0.933795,-0.357807,0.000000,3.314488,-3.922892,0,6,19.907970,0.099439,0,0
19.260350,-17.777540,220.784200,651.436900,0,0,0,0,0,0,0.000000,0.000000,0.000000,0.000000,0.510075,0.000000,0.000000,0.000000,0.000000,0.917602,-0.397500,0.000001,0.933795,-0.357807,0.000000,3.216388,-4.014497,0,6,19.891870,0.099439,0,0
19.270350,-17.769530,220.815400,651.633100,0,0,0,0,0,0,0.000000,0.000000,0.000000,0.000000,0.510075,0.000000,0.000000,0.000000,0.000000,0.917602,-0.397500,0.000001,0.933795,-0.357807,0.000000,3.118288,-4.106103,0,6,19.876240,0.099439,0,0
19.280350,-17.761530,220.845600,651.829200,0,0,0,0,0,0,0.000000,0.000000,0.000000,0.000000,0.510075,0.000000,0.000000,0.000000,0.000000,0.917602,-0.397500,0.000001,0.933795,-0.357807,0.000000,3.020188,-4.197708,0,6,19.861090,0.099439,0,0
19.290350,-17.753520,220.874800,652.025400,0,0,0,0,0,0,0.000000,0.000000,0.000000,0.000000,0.510075,0.000000,0.000000,0.000000,0.000000,0.917602,-0.397500,0.000001,0.933795,-0.357807,0.000000,2.922088,-4.289313,0,6,19.846410,0.099439,0,0
19.300350,-17.745510,220.903100,652.221600,0,0,0,0,0,0,0.000000,0.000000,0.000000,0.000000,0.510075,0.000000,0.000000,0.000000,0.000000,0.917602,-0.397500,0.000001,0.933795,-0.357807,0.000000,2.823988,-4.380919,0,6,19.832200,0.099439,0,0
19.310350,-17.737500,220.930300,652.417700,0,0,0,0,0,0,0.000000,0.000000,0.000000,0.000000,0.510075,0.000000,0.000000,0.000000,0.000000,0.917602,-0.397500,0.000001,0.933795,-0.357807,0.000000,2.725888,-4.472524,0,6,19.818470,0.099439,0,0
19.320350,-17.729500,220.956600,652.613900,0,0,0,0,0,0,0.000000,0.000000,0.000000,0.000000,0.510075,0.000000,0.000000,0.000000,0.000000,0.917602,-0.397500,0.000001,0.933795,-0.357807,0.000000,2.627789,-4.564129,0,6,19.805220,0.099439,0,0
19.330350,-17.721490,220.981900,652.810100,0,0,0,0,0,0,0.000000,0.000000,0.000000,0.000000,0.510075,0.000000,0.000000,0.000000,0.000000,0.917602,-0.397500,0.000001,0.933795,-0.357807,0.000000,2.529689,-4.655735,0,6,19.792440,0.099439,0,0
19.340350,-17.713480,221.006200,653.006200,0,0,0,0,0,0,0.000000,0.000000,0.000000,0.000000,0.510075,0.000000,0.000000,0.000000,0.000000,0.917602,-0.397500,0.000001,0.933795,-0.357807,0.000000,2.431589,-4.747340,0,6,19.780140,0.099439,0,0
19.350350,-17.705480,221.029600,653.202400,0,0,0,0,0,0,0.000000,0.000000,0.000000,0.000000,0.510075,0.000000,0.000000,0.000000,0.000000,0.917602,-0.397500,0.000001,0.933795,-0.357807,0.000000,2.333489,-4.838945,0,6,19.768320,0.099439,0,0
19.360350,-17.697470,221.051900,653.398600,0,0,0,0,0,0,0.000000,0.000000,0.000000,0.000000,0.510075,0.000000,0.000000,0.000000,0.000000,0.917602,-0.397500,0.000001,0.933795,-0.357807,0.000000,2.235389,-4.930550,0,6,19.756980,0.099439,0,0
19.370350,-17.689460,221.073300,653.594700,0,0,0,0,0,0,0.000000,0.000000,0.000000,0.000000,0.510075,0.000000,0.000000,0.000000,0.000000,0.917602,-0.397500,0.000001,0.933795,-0.357807,0.000000,2.137289,-5.022155,0,6,19.746120,0.099439,0,0
19.380350,-17.681460,221.093700,653.790900,0,0,0,0,0,0,0.000000,0.000000,0.000000,0.000000,0.510075,0.000000,0.000000,0.000000,0.000000,0.917602,-0.397500,0.000001,0.933795,-0.357807,0.000000,2.039189,-5.113761,0,6,19.735740,0.099439,0,0
19.390350,-17.673450,221.113100,653.987100,0,0,0,0,0,0,0.000000,0.000000,0.000000,0.000000,0.510075,0.000000,0.000000,0.000000,0.000000,0.917602,-0.397500,0.000001,0.933795,-0.357807,0.000000,1.941089,-5.205366,0,6,19.725850,0.099439,0,0
19.400350,-17.665440,221.131500,654.183200,0,0,0,0,0,0,0.000000,0.000000,0.000000,0.000000,0.510075,0.000000,0.000000,0.000000,0.000000,0.917602,-0.397500,0.000001,0.933795,-0.357807,0.000000,1.842989,-5.296971,0,6,19.716440,0.099439,0,0
19.410350,-17.657430,221.149000,654.379400,0,0,0,0,0,0,0.000000,0.000000,0.000000,0.000000,0.510075,0.000000,0.000000,0.000000,0.000000,0.917602,-0.397500,0.000001,0.933795,-0.357807,0.000000,1.744889,-5.388577,0,6,19.707510,0.099439,0,0
19.420350,-17.649430,221.165500,654.575600,0,0,0,0,0,0,0.000000,0.000000,0.000000,0.000000,0.510075,0.000000,0.000000,0.000000,0.000000,0.917602,-0.397500,0.000001,0.933795,-0.357807,0.000000,1.646789,-5.480182,0,6,19.699070,0.099439,0,0
19.430350,-17.641420,221.180900,654.771700,0,0,0,0,0,0,0.000000,0.000000,0.000000,0.000000,0.510075,0.000000,0.000000,0.000000,0.000000,0.917602,-0.397500,0.000001,0.933795,-0.357807,0.000000,1.548689,-5.571787,0,6,19.691110,0.099439,0,0
19.440350,-17.633410,221.195400,654.967900,0,0,0,0,0,0,0.000000,0.000000,0.000000,0.000000,0.510075,0.000000,0.000000,0.000000,0.000000,0.917602,-0.397500,0.000001,0.933795,-0.357807,0.000000,1.450589,-5.663393,0,6,19.683640,0.099439,0,0
19.450350,-17.625410,221.209000,655.164100,0,0,0,0,0,0,0.000000,0.000000,0.000000,0.000000,0.510075,0.000000,0.000000,0.000000,0.000000,0.917602,-0.397500,0.000001,0.933795,-0.357807,0.000000,1.352489,-5.754998,0,6,19.676650,0.099439,0,0
19.460350,-17.617400,221.221500,655.360200,0,0,0,0,0,0,0.000000,0.000000,0.000000,0.000000,0.510075,0.000000,0.000000,0.000000,0.000000,0.917602,-0.397500,0.000001,0.933795,-0.357807,0.000000,1.254389,-5.846603,0,6,19.670150,0.099439,0,0
19.470350,-17.609390,221.233100,655.556400,0,0,0,0,0,0,0.000000,0.000000,0.000000,0.000000,0.510075,0.000000,0.000000,0.000000,0.000000,0.917602,-0.397500,0.000001,0.933795,-0.357807,0.000000,1.156289,-5.938208,0,6,19.664140,0.099439,0,0
19.480350,-17.601390,221.243700,655.752600,0,0,0,0,0,0,0.000000,0.000000,0.000000,0.000000,0.510075,0.000000,0.000000,0.000000,0.000000,0.917602,-0.397500,0.000001,0.933795,-0.357807,0.000000,1.058189,-6.029813,0,6,19.658610,0.099439,0,0
19.490350,-17.593380,221.253300,655.948700,0,0,0,0,0,0,0.000000,0.000000,0.000000,0.000000,0.510075,0.000000,0.000000,0.000000,0.000000,0.917602,-0.397500,0.000001,0.933795,-0.357807,0.000000,0.960089,-6.121419,0,6,19.653580,0.099439,0,0
19.500350,-17.585370,221.261900,656.144900,0,0,0,0,0,0,0.000000,0.000000,0.000000,0.000000,0.510075,0.000000,0.000000,0.000000,0.000000,0.917602,-0.397500,0.000001,0.933795,-0.357807,0.000000,0.861989,-6.213024,0,6,19.649030,0.099439,0,0
19.510350,-17.577360,221.269500,656.341100,0,0,0,0,0,0,0.000000,0.000000,0.000000,0.000000,0.510075,0.000000,0.000000,0.000000,0.000000,0.917602,-0.397500,0.000001,0.933795,-0.357807,0.000000,0.763889,-6.304629,0,6,19.644970,0.099439,0,0
19.520350,-17.569360,221.276200,656.537200,0,0,0,0,0,0,0.000000,0.000000,0.000000,0.000000,0.510075,0.000000,0.000000,0.000000,0.000000,0.917602,-0.397500,0.000001,0.933795,-0.357807,0.000000,0.665789,-6.396235,0,6,19.641400,0.099439,0,0
19.530350,-17.561350,221.281800,656.733400,0,0,0,0,0,0,0.000000,0.000000,0.000000,0.000000,0.510075,0.000000,0.000000,0.000000,0.000000,0.917602,-0.397500,0.000001,0.933795,-0.357807,0.000000,0.567689,-6.487840,0,6,19.638320,0.099439,0,0
19.540350,-17.553340,221.286500,656.929600,0,0,0,0,0,0,0.000000,0.000000,0.000000,0.000000,0.510075,0.000000,0.000000,0.000000,0.000000,0.917602,-0.397500,0.000001,0.933795,-0.357807,0.000000,0.469589,-6.579445,0,6,19.635730,0.099439,0,0
19.550350,-17.545340,221.290300,657.125700,0,0,0,0,0,0,0.000000,0.000000,0.000000,0.000000,0.510075,0.000000,0.000000,0.000000,0.000000,0.917602,-0.397500,0.000001,0.933795,-0.357807,0.000000,0.371489,-6.671051,0,6,19.633630,0.099439,0,0
19.560350,-17.537330,221.293000,657.321900,0,0,0,0,0,0,0.000000,0.000000,0.000000,0.000000,0.510075,0.000000,0.000000,0.000000,0.000000,0.917602,-0.397500,0.000001,0.933795,-0.357807,0.000000,0.273389,-6.762656,0,6,19.632020,0.099439,0,0
19.570350,-17.529320,221.294700,657.518100,0,0,0,0,0,0,0.000000,0.000000,0.000000,0.000000,0.510075,0.000000,0.000000,0.000000,0.000000,0.917602,-0.397500,0.000001,0.933795,-0.357807,0.000000,0.175289,-6.854261,0,6,19.630890,0.099439,0,0
19.580350,-17.521310,221.295500,657.714200,0,0,0,0,0,0,0.000000,0.000000,0.000000,0.000000,0.510075,0.000000,0.000000,0.000000,0.000000,0.917602,-0.397500,0.000001,0.933795,-0.357807,0.000000,0.077189,-6.945867,0,6,19.630260,0.099439,0,0
19.590350,-17.513310,221.295300,657.910400,0,0,0,0,0,0,0.000000,0.000000,0.000000,0.000000,0.510075,0.000000,0.000000,0.000000,0.000000,0.917602,-0.397500,0.000001,0.933795,-0.357807,0.000000,-0.020911,-7.037472,0,6,19.630120,0.099439,0,0
19.600350,-17.505300,221.294100,658.106600,0,0,0,0,0,0,0.000000,0.000000,0.000000,0.000000,0.510075,0.000000,0.000000,0.000000,0.000000,0.917602,-0.397500,0.000001,0.933795,-0.357807,0.000000,-0.119011,-7.129077,0,6,19.630470,0.099439,0,0
19.610350,-17.497290,221.291900,658.302700,0,0,0,0,0,0,0.000000,0.000000,0.000000,0.000000,0.510075,0.000000,0.000000,0.000000,0.000000,0.917602,-0.397500,0.000001,0.933795,-0.357807,0.000000,-0.217111,-7.220683,0,6,19.631310,0.099439,0,0
19.620350,-17.489290,221.288800,658.498900,0,0,0,0,0,0,0.000000,0.000000,0.000000,0.000000,0.510075,0.000000,0.000000,0.000000,0.000000,0.917602,-0.397500,0.000001,0.933795,-0.357807,0.000000,-0.315211,-7.312288,0,6,19.632640,0.099439,0,0
19.630350,-17.481280,221.284700,658.695100,0,0,0,0,0,0,0.000000,0.000000,0.000000,0.000000,0.510075,0.000000,0.000000,0.000000,0.000000,0.917602,-0.397500,0.000001,0.933795,-0.357807,0.000000,-0.413311,-7.403893,0,6,19.634460,0.099439,0,0
19.640350,-17.473270,221.279500,658.891200,0,0,0,0,0,0,0.000000,0.000000,0.000000,0.000000,0.510075,0.000000,0.000000,0.000000,0.000000,0.917602,-0.397500,0.000001,0.933795,-0.357807,0.000000,-0.511411,-7.495499,0,6,19.636770,0.099439,0,0
19.650350,-17.465270,221.273500,659.087400,0,0,0,0,0,0,0.000000,0.000000,0.000000,0.000000,0.510075,0.000000,0.000000,0.000000,0.000000,0.917602,-0.397500,0.000001,0.933795,-0.357807,0.000000,-0.609511,-7.587104,0,6,19.639570,0.099439,0,0
19.660350,-17.457260,221.266400,659.283600,0,0,0,0,0,0,0.000000,0.000000,0.000000,0.000000,0.510075,0.000000,0.000000,0.000000,0.000000,0.917602,-0.397500,0.000001,0.933795,-0.357807,0.000000,-0.707611,-7.678710,0,6,19.642860,0.099439,0,0
19.670350,-17.449250,221.258300,659.479700,0,0,0,0,0,0,0.000000,0.000000,0.000000,0.000000,0.510075,0.000000,0.000000,0.000000,0.000000,0.917602,-0.397500,0.000001,0.933795,-0.357807,0.000000,-0.805711,-7.770315,0,6,19.646640,0.099439,0,0
19.680360,-17.441240,221.249300,659.675900,0,0,0,0,0,0,0.000000,0.000000,0.000000,0.000000,0.510075,0.000000,0.000000,0.000000,0.000000,0.917602,-0.397500,0.000001,0.933795,-0.357807,0.000000,-0.903811,-7.861920,0,6,19.650910,0.099439,0,0
19.690360,-17.433240,221.239300,659.872100,0,0,0,0,0,0,0.000000,0.000000,0.000000,0.000000,0.510075,0.000000,0.000000,0.000000,0.000000,0.917602,-0.397500,0.000001,0.933795,-0.357807,0.000000,-1.001911,-7.953525,0,6,19.655660,0.099439,0,0
19.700360,-17.425230,221.228300,660.068200,0,0,0,0,0,0,0.000000,0.000000,0.000000,0.000000,0.510075,0.000000,0.000000,0.000000,0.000000,0.917602,-0.397500,0.000001,0.933795,-0.357807,0.000000,-1.100011,-8.045131,0,6,19.660910,0.099439,0,0
19.710360,-17.417220,221.216300,660.264400,0,0,0,0,0,0,0.000000,0.000000,0.000000,0.000000,0.510075,0.000000,0.000000,0.000000,0.000000,0.917602,-0.397500,0.000001,0.933795,-0.357807,0.000000,-1.198111,-8.136736,0,6,19.666640,0.099439,0,0
19.720360,-17.409220,221.203300,660.460600,0,0,0,0,0,0,0.000000,0.000000,0.000000,0.000000,0.510075,0.000000,0.000000,0.000000,0.000000,0.917602,-0.397500,0.000001,0.933795,-0.357807,0.000000,-1.296211,-8.228341,0,6,19.672860,0.099439,0,0
19.730360,-17.401210,221.189400,660.656700,0,0,0,0,0,0,0.000000,0.000000,0.000000,0.000000,0.510075,0.000000,0.000000,0.000000,0.000000,0.917602,-0.397500,0.000001,0.933795,-0.357807,0.000000,-1.394310,-8.319946,0,6,19.679570,0.099439,0,0
19.740360,-17.393200,221.174500,660.852900,0,0,0,0,0,0,0.000000,0.000000,0.000000,0.000000,0.510075,0.000000,0.000000,0.000000,0.000000,0.917602,-0.397500,0.000001,0.933795,-0.357807,0.000000,-1.492410,-8.411551,0,6,19.686760,0.099439,0,0
19.750360,-17.385190,221.158600,661.049100,0,0,0,0,0,0,0.000000,0.000000,0.000000,0.000000,0.510075,0.000000,0.000000,0.000000,0.000000,0.917602,-0.397500,0.000001,0.933795,-0.357807,0.000000,-1.590510,-8.503157,0,6,19.694440,0.099439,0,0
19.760360,-17.377190,221.141700,661.245200,0,0,0,0,0,0,0.000000,0.000000,0.000000,0.000000,0.510075,0.000000,0.000000,0.000000,0.000000,0.917602,-0.397500,0.000001,0.933795,-0.357807,0.000000,-1.688610,-8.594762,0,6,19.702610,0.099439,0,0
19.770360,-17.369180,221.123800,661.441400,0,0,0,0,0,0,0.000000,0.000000,0.000000,0.000000,0.510075,0.000000,0.000000,0.000000,0.000000,0.917602,-0.397500,0.000001,0.933795,-0.357807,0.000000,-1.786710,-8.686367,0,6,19.711260,0.099439,0,0
19.780360,-17.361170,221.104900,661.637600,0,0,0,0,0,0,0.000000,0.000000,0.000000,0.000000,0.510075,0.000000,0.000000,0.000000,0.000000,0.917602,-0.397500,0.000001,0.933795,-0.357807,0.000000,-1.884810,-8.777973,0,6,19.720390,0.099439,0,0
19.790360,-17.353170,221.085100,661.833700,0,0,0,0,0,0,0.000000,0.000000,0.000000,0.000000,0.510075,0.000000,0.000000,0.000000,0.000000,0.917602,-0.397500,0.000001,0.933795,-0.357807,0.000000,-1.982910,-8.869578,0,6,19.730010,0.099439,0,0
19.800360,-17.345160,221.064300,662.029900,0,0,0,0,0,0,0.000000,0.000000,0.000000,0.000000,0.510075,0.000000,0.000000,0.000000,0.000000,0.917602,-0.397500,0.000001,0.933795,-0.357807,0.000000,-2.081010,-8.961184,0,6,19.740110,0.099439,0,0
19.810360,-17.337150,221.042500,662.226100,0,0,0,0,0,0,0.000000,0.000000,0.000000,0.000000,0.510075,0.000000,0.000000,0.000000,0.000000,0.917602,-0.397500,0.000001,0.933795,-0.357807,0.000000,-2.179110,-9.052789,0,6,19.750690,0.099439,0,0
19.820360,-17.329150,221.019700,662.422200,0,0,0,0,0,0,0.000000,0.000000,0.000000,0.000000,0.510075,0.000000,0.000000,0.000000,0.000000,0.917602,-0.397500,0.000001,0.933795,-0.357807,0.000000,-2.277210,-9.144394,0,6,19.761750,0.099439,0,0
19.830360,-17.321140,220.996000,662.618400,0,0,0,0,0,0,0.000000,0.000000,0.000000,0.000000,0.510075,0.000000,0.000000,0.000000,0.000000,0.917602,-0.397500,0.000001,0.933795,-0.357807,0.000000,-2.375310,-9.235999,0,6,19.773300,0.099439,0,0
19.840360,-17.313130,220.971300,662.814600,0,0,0,0,0,0,0.000000,0.000000,0.000000,0.000000,0.510075,0.000000,0.000000,0.000000,0.000000,0.917602,-0.397500,0.000001,0.933795,-0.357807,0.000000,-2.473410,-9.327604,0,6,19.785320,0.099439,0,0
19.850360,-17.305120,220.945500,663.010700,0,0,0,0,0,0,0.000000,0.000000,0.000000,0.000000,0.510075,0.000000,0.000000,0.000000,0.000000,0.917602,-0.397500,0.000001,0.933795,-0.357807,0.000000,-2.571510,-9.419209,0,6,19.797830,0.099439,0,0
19.860360,-17.297120,220.918800,663.206900,0,0,0,0,0,0,0.000000,0.000000,0.000000,0.000000,0.510075,0.000000,0.000000,0.000000,0.000000,0.917602,-0.397500,0.000001,0.933795,-0.357807,0.000000,-2.669610,-9.510815,0,6,19.810810,0.099439,0,0
19.870360,-17.289110,220.891200,663.403100,0,0,0,0,0,0,0.000000,0.000000,0.000000,0.000000,0.510075,0.000000,0.000000,0.000000,0.000000,0.917602,-0.397500,0.000001,0.933795,-0.357807,0.000000,-2.767710,-9.602420,0,6,19.824260,0.099439,0,0
19.880360,-17.281100,220.862500,663.599200,0,0,0,0,0,0,0.000000,0.000000,0.000000,0.000000,0.510075,0.000000,0.000000,0.000000,0.000000,0.917602,-0.397500,0.000001,0.933795,-0.357807,0.000000,-2.865810,-9.694025,0,6,19.838200,0.099439,0,0
19.890360,-17.273100,220.832900,663.795400,0,0,0,0,0,0,0.000000,0.000000,0.000000,0.000000,0.510075,0.000000,0.000000,0.000000,0.000000,0.917602,-0.397500,0.000001,0.933795,-0.357807,0.000000,-2.963910,-9.785631,0,6,19.852610,0.099439,0,0
19.900360,-17.265090,220.802200,663.991600,0,0,0,0,0,0,0.000000,0.000000,0.000000,0.000000,0.510075,0.000000,0.000000,0.000000,0.000000,0.917602,-0.397500,0.000001,0.933795,-0.357807,0.000000,-3.062010,-9.877236,0,6,19.867490,0.099439,0,0
19.910360,-17.257080,220.770600,664.187700,0,0,0,0,0,0,0.000000,0.000000,0.000000,0.000000,0.510075,0.000000,0.000000,0.000000,0.000000,0.917602,-0.397500,0.000001,0.933795,-0.357807,0.000000,-3.160110,-9.968842,0,6,19.882850,0.099439,0,0
19.920360,-17.249070,220.738100,664.383900,0,0,0,0,0,0,0.000000,0.000000,0.000000,0.000000,0.510075,0.000000,0.000000,0.000000,0.000000,0.917602,-0.397500,0.000001,0.933795,-0.357807,0.000000,-3.258209,-10.060450,0,6,19.898670,0.099439,0,0
19.930360,-17.241070,220.704500,664.580100,0,0,0,0,0,0,0.000000,0.000000,0.000000,0.000000,0.510075,0.000000,0.000000,0.000000,0.000000,0.917602,-0.397500,0.000001,0.933795,-0.357807,0.000000,-3.356309,-10.152050,0,6,19.914970,0.099439,0,0
19.940360,-17.233060,220.670000,664.776200,0,0,0,0,0,0,0.000000,0.000000,0.000000,0.000000,0.510075,0.000000,0.000000,0.000000,0.000000,0.917602,-0.397500,0.000001,0.933795,-0.357807,0.000000,-3.454409,-10.243660,0,6,19.931740,0.099439,0,0
19.950360,-17.225050,220.634400,664.972400,0,0,0,0,0,0,0.000000,0.000000,0.000000,0.000000,0.510075,0.000000,0.000000,0.000000,0.000000,0.917602,-0.397500,0.000001,0.933795,-0.357807,0.000000,-3.552509,-10.335260,0,6,19.948970,0.099439,0,0
19.960360,-17.217050,220.597900,665.168600,0,0,0,0,0,0,0.000000,0.000000,0.000000,0.000000,0.510075,0.000000,0.000000,0.000000,0.000000,0.917602,-0.397500,0.000001,0.933795,-0.357807,0.000000,-3.650609,-10.426870,0,6,19.966680,0.099439,0,0
19.970360,-17.209040,220.560400,665.364700,0,0,0,0,0,0,0.000000,0.000000,0.000000,0.000000,0.510075,0.000000,0.000000,0.000000,0.000000,0.917602,-0.397500,0.000001,0.933795,-0.357807,0.000000,-3.748709,-10.518470,0,6,19.984850,0.099439,0,0
19.980360,-17.201030,220.522000,665.560900,0,0,0,0,0,0,0.000000,0.000000,0.000000,0.000000,0.510075,0.000000,0.000000,0.000000,0.000000,0.917602,-0.397500,0.000001,0.933795,-0.357807,0.000000,-3.846809,-10.610080,0,6,20.003480,0.099439,0,0
19.990360,-17.193030,220.482500,665.757100,0,0,0,0,0,0,0.000000,0.000000,0.000000,0.000000,0.510075,0.000000,0.000000,0.000000,0.000000,0.917602,-0.397500,0.000001,0.933795,-0.357807,0.000000,-3.944909,-10.701680,0,6,20.022580,0.099439,0,0
20.000360,-17.185020,220.442100,665.953200,0,0,0,0,0,0,0.000000,0.000000,0.000000,0.000000,0.510075,0.000000,0.000000,0.000000,0.000000,0.917602,-0.397500,0.000001,0.933795,-0.357807,0.000000,-4.043009,-10.793290,0,6,20.042140,0.099439,0,0
20.010360,-17.177010,220.400700,666.149400,0,0,0,0,0,0,0.000000,0.000000,0.000000,0.000000,0.510075,0.000000,0.000000,0.000000,0.000000,0.917602,-0.397500,0.000001,0.933795,-0.357807,0.000000,-4.141109,-10.884890,0,6,20.062150,0.099439,0,0
20.020360,-17.169000,220.358300,666.345600,0,0,0,0,0,0,0.000000,0.000000,0.000000,0.000000,0.510075,0.000000,0.000000,0.000000,0.000000,0.917602,-0.397500,0.000001,0.933795,-0.357807,0.000000,-4.239210,-10.976500,0,6,20.082630,0.099439,0,0
20.030360,-17.161000,220.314900,666.541700,0,0,0,0,0,0,0.000000,0.000000,0.000000,0.000000,0.510075,0.000000,0.000000,0.000000,0.000000,0.917602,-0.397500,0.000001,0.933795,-0.357807,0.000000,-4.337310,-11.068110,0,6,20.103570,0.099439,0,0
20.040360,-17.152990,220.270600,666.737900,0,0,0,0,0,0,0.000000,0.000000,0.000000,0.000000,0.510075,0.000000,0.000000,0.000000,0.000000,0.917602,-0.397500,0.000001,0.933795,-0.357807,0.000000,-4.435410,-11.159710,0,6,20.124960,0.099439,0,0
20.050360,-17.144980,220.225200,666.934100,0,0,0,0,0,0,0.000000,0.000000,0.000000,0.000000,0.510075,0.000000,0.000000,0.000000,0.000000,0.917602,-0.397500,0.000001,0.933795,-0.357807,0.000000,-4.533510,-11.251320,0,6,20.146810,0.099439,0,0
20.060360,-17.136980,220.178900,667.130200,0,0,0,0,0,0,0.000000,0.000000,0.000000,0.000000,0.510075,0.000000,0.000000,0.000000,0.000000,0.917602,-0.397500,0.000001,0.933795,-0.357807,0.000000,-4.631610,-11.342920,0,6,20.169110,0.099439,0,0
20.070360,-17.128970,220.131600,667.326400,0,0,0,0,0,0,0.000000,0.000000,0.000000,0.000000,0.510075,0.000000,0.000000,0.000000,0.000000,0.917602,-0.397500,0.000001,0.933795,-0.357807,0.000000,-4.729711,-11.434530,0,6,20.191870,0.099439,0,0
20.080360,-17.120960,220.083300,667.522600,0,0,0,0,0,0,0.000000,0.000000,0.000000,0.000000,0.510075,0.000000,0.000000,0.000000,0.000000,0.917602,-0.397500,0.000001,0.933795,-0.357807,0.000000,-4.827811,-11.526130,0,6,20.215070,0.099439,0,0
20.090360,-17.112960,220.034100,667.718800,0,0,0,0,0,0,0.000000,0.000000,0.000000,0.000000,0.510075,0.000000,0.000000,0.000000,0.000000,0.917602,-0.397500,0.000001,0.933795,-0.357807,0.000000,-4.925911,-11.617740,0,6,20.238720,0.099439,0,0
20.100360,-17.104950,219.983800,667.914900,0,0,0,0,0,0,0.000000,0.000000,0.000000,0.000000,0.510075,0.000000,0.000000,0.000000,0.000000,0.917602,-0.397500,0.000001,0.933795,-0.357807,0.000000,-5.024011,-11.709340,0,6,20.262820,0.099439,0,0
20.110360,-17.096940,219.932600,668.111100,0,0,0,0,0,0,0.000000,0.000000,0.000000,0.000000,0.510075,0.000000,0.000000,0.000000,0.000000,0.917602,-0.397500,0.000001,0.933795,-0.357807,0.000000,-5.122111,-11.800950,0,6,20.287370,0.099439,0,0
20.120370,-17.088930,219.880400,668.307300,0,0,0,0,0,0,0.000000,0.000000,0.000000,0.000000,0.510075,0.000000,0.000000,0.000000,0.000000,0.917602,-0.397500,0.000001,0.933795,-0.357807,0.000000,-5.220212,-11.892560,0,6,20.312360,0.099439,0,0
20.130370,-17.080930,219.827200,668.503400,0,0,0,0,0,0,0.000000,0.000000,0.000000,0.000000,0.510075,0.000000,0.000000,0.000000,0.000000,0.917602,-0.397500,0.000001,0.933795,-0.357807,0.000000,-5.318312,-11.984160,0,6,20.337790,0.099439,0,0
20.140370,-17.072920,219.773100,668.699600,0,0,0,0,0,0,0.000000,0.000000,0.000000,0.000000,0.510075,0.000000,0.000000,0.000000,0.000000,0.917602,-0.397500,0.000001,0.933795,-0.357807,0.000000,-5.416412,-12.075770,0,6,20.363660,0.099439,0,0
20.150370,-17.064910,219.717900,668.895800,0,0,0,0,0,0,0.000000,0.000000,0.000000,0.000000,0.510075,0.000000,0.000000,0.000000,0.000000,0.917602,-0.397500,0.000001,0.933795,-0.357807,0.000000,-5.514512,-12.167370,0,6,20.389980,0.099439,0,0
20.160370,-17.056910,219.661800,669.091900,0,0,0,0,0,0,0.000000,0.000000,0.000000,0.000000,0.510075,0.000000,0.000000,0.000000,0.000000,0.917602,-0.397500,0.000001,0.933795,-0.357807,0.000000,-5.612612,-12.258980,0,6,20.416730,0.099439,0,0
20.170370,-17.048900,219.604700,669.288100,0,0,0,0,0,0,0.000000,0.000000,0.000000,0.000000,0.510075,0.000000,0.000000,0.000000,0.000000,0.917602,-0.397500,0.000001,0.933795,-0.357807,0.000000,-5.710712,-12.350580,0,6,20.443910,0.099439,0,0
20.180370,-17.040890,219.546600,669.484300,0,0,0,0,0,0,0.000000,0.000000,0.000000,0.000000,0.510075,0.000000,0.000000,0.000000,0.000000,0.917602,-0.397500,0.000001,0.933795,-0.357807,0.000000,-5.808813,-12.442190,0,6,20.471530,0.099439,0,0
20.190370,-17.032880,219.487500,669.680400,0,0,0,0,0,0,0.000000,0.000000,0.000000,0.000000,0.510075,0.000000,0.000000,0.000000,0.000000,0.917602,-0.397500,0.000001,0.933795,-0.357807,0.000000,-5.906913,-12.533790,0,6,20.499580,0.099439,0,0
20.200370,-17.024880,219.427500,669.876600,0,0,0,0,0,0,0.000000,0.000000,0.000000,0.000000,0.510075,0.000000,0.000000,0.000000,0.000000,0.917602,-0.397500,0.000001,0.933795,-0.357807,0.000000,-6.005013,-12.625400,0,6,20.528060,0.099439,0,0
20.210370,-17.016870,219.366500,670.072800,0,0,0,0,0,0,0.000000,0.000000,0.000000,0.000000,0.510075,0.000000,0.000000,0.000000,0.000000,0.917602,-0.397500,0.000001,0.933795,-0.357807,0.000000,-6.103113,-12.717000,0,6,20.556980,0.099439,0,0
20.220370,-17.008860,219.304400,670.268900,0,0,0,0,0,0,0.000000,0.000000,0.000000,0.000000,0.510075,0.000000,0.000000,0.000000,0.000000,0.917602,-0.397500,0.000001,0.933795,-0.357807,0.000000,-6.201213,-12.808610,0,6,20.586310,0.099439,0,0
20.230370,-17.000860,219.241500,670.465100,0,0,0,0,0,0,0.000000,0.000000,0.000000,0.000000,0.510075,0.000000,0.000000,0.000000,0.000000,0.917602,-0.397500,0.000001,0.933795,-0.357807,0.000000,-6.299314,-12.900220,0,6,20.616080,0.099439,0,0
20.240370,-16.992850,219.177500,670.661300,0,0,0,0,0,0,0.000000,0.000000,0.000000,0.000000,0.510075,0.000000,0.000000,0.000000,0.000000,0.917602,-0.397500,0.000001,0.933795,-0.357807,0.000000,-6.397414,-12.991820,0,6,20.646260,0.099439,0,0
20.250370,-16.984840,219.112500,670.857400,0,0,0,0,0,0,0.000000,0.000000,0.000000,0.000000,0.510075,0.000000,0.000000,0.000000,0.000000,0.917602,-0.397500,0.000001,0.933795,-0.357807,0.000000,-6.495514,-13.083430,0,6,20.676870,0.099439,0,0
20.260370,-16.976840,219.046600,671.053600,0,0,0,0,0,0,0.000000,0.000000,0.000000,0.000000,0.510075,0.000000,0.000000,0.000000,0.000000,0.917602,-0.397500,0.000001,0.933795,-0.357807,0.000000,-6.593614,-13.175030,0,6,20.707900,0.099439,0,0
20.270370,-16.968830,218.979700,671.249800,0,0,0,0,0,0,0.000000,0.000000,0.000000,0.000000,0.510075,0.000000,0.000000,0.000000,0.000000,0.917602,-0.397500,0.000001,0.933795,-0.357807,0.000000,-6.691714,-13.266640,0,6,20.739340,0.099439,0,0
20.280370,-16.960820,218.911800,671.445900,0,0,0,0,0,0,0.000000,0.000000,0.000000,0.000000,0.510075,0.000000,0.000000,0.000000,0.000000,0.917602,-0.397500,0.000001,0.933795,-0.357807,0.000000,-6.789814,-13.358240,0,6,20.771200,0.099439,0,0
20.290370,-16.952810,218.842900,671.642100,0,0,0,0,0,0,0.000000,0.000000,0.000000,0.000000,0.510075,0.000000,0.000000,0.000000,0.000000,0.917602,-0.397500,0.000001,0.933795,-0.357807,0.000000,-6.887915,-13.449850,0,6,20.803480,0.099439,0,0
20.300370,-16.944810,218.773000,671.838300,0,0,0,0,0,0,0.000000,0.000000,0.000000,0.000000,0.510075,0.000000,0.000000,0.000000,0.000000,0.917602,-0.397500,0.000001,0.933795,-0.357807,0.000000,-6.986015,-13.541450,0,6,20.836160,0.099439,0,0
20.310370,-16.936800,218.702200,672.034400,0,0,0,0,0,0,0.000000,0.000000,0.000000,0.000000,0.510075,0.000000,0.000000,0.000000,0.000000,0.917602,-0.397500,0.000001,0.933795,-0.357807,0.000000,-7.084115,-13.633060,0,6,20.869260,0.099439,0,0
20.320370,-16.928790,218.630400,672.230600,0,0,0,0,0,0,0.000000,0.000000,0.000000,0.000000,0.510075,0.000000,0.000000,0.000000,0.000000,0.917602,-0.397500,0.000001,0.933795,-0.357807,0.000000,-7.182215,-13.724660,0,6,20.902760,0.099439,0,0
20.330370,-16.920790,218.557600,672.426800,0,0,0,0,0,0,0.000000,0.000000,0.000000,0.000000,0.510075,0.000000,0.000000,0.000000,0.000000,0.917602,-0.397500,0.000001,0.933795,-0.357807,0.000000,-7.280315,-13.816270,0,6,20.936670,0.099439,0,0
20.340370,-16.912780,218.483800,672.622900,0,0,0,0,0,0,0.000000,0.000000,0.000000,0.000000,0.510075,0.000000,0.000000,0.000000,0.000000,0.917602,-0.397500,0.000001,0.933795,-0.357807,0.000000,-7.378416,-13.907880,0,6,20.970990,0.099439,0,0
20.350370,-16.904770,218.409000,672.819100,0,0,0,0,0,0,0.000000,0.000000,0.000000,0.000000,0.510075,0.000000,0.000000,0.000000,0.000000,0.917602,-0.397500,0.000001,0.933795,-0.357807,0.000000,-7.476516,-13.999480,0,6,21.005700,0.099439,0,0
20.360370,-16.896760,218.333300,673.015300,0,0,0,0,0,0,0.000000,0.000000,0.000000,0.000000,0.510075,0.000000,0.000000,0.000000,0.000000,0.917602,-0.397500,0.000001,0.933795,-0.357807,0.000000,-7.574616,-14.091090,0,6,21.040820,0.099439,0,0
20.370370,-16.888760,218.256500,673.211400,0,0,0,0,0,0,0.000000,0.000000,0.000000,0.000000,0.510075,0.000000,0.000000,0.000000,0.000000,0.917602,-0.397500,0.000001,0.933795,-0.357807,0.000000,-7.672716,-14.182690,0,6,21.076330,0.099439,0,0
20.380370,-16.880750,218.178800,673.407600,0,0,0,0,0,0,0.000000,0.000000,0.000000,0.000000,0.510075,0.000000,0.000000,0.000000,0.000000,0.917602,-0.397500,0.000001,0.933795,-0.357807,0.000000,-7.770816,-14.274300,0,6,21.112240,0.099439,0,0
20.390370,-16.872740,218.100100,673.603800,0,0,0,0,0,0,0.000000,0.000000,0.000000,0.000000,0.510075,0.000000,0.000000,0.000000,0.000000,0.917602,-0.397500,0.000001,0.933795,-0.357807,0.000000,-7.868917,-14.365900,0,6,21.148550,0.099439,0,0
20.400370,-16.864740,218.020500,673.799900,0,0,0,0,0,0,0.000000,0.000000,0.000000,0.000000,0.510075,0.000000,0.000000,0.000000,0.000000,0.917602,-0.397500,0.000001,0.933795,-0.357807,0.000000,-7.967017,-14.457510,0,6,21.185250,0.099439,0,0
20.410370,-16.856730,217.939800,673.996100,0,0,0,0,0,0,0.000000,0.000000,0.000000,0.000000,0.510075,0.000000,0.000000,0.000000,0.000000,0.917602,-0.397500,0.000001,0.933795,-0.357807,0.000000,-8.065117,-14.549110,0,6,21.222330,0.099439,0,0
20.420370,-16.848720,217.858200,674.192300,0,0,0,0,0,0,0.000000,0.000000,0.000000,0.000000,0.510075,0.000000,0.000000,0.000000,0.000000,0.917602,-0.397500,0.000001,0.933795,-0.357807,0.000000,-8.163217,-14.640720,0,6,21.259810,0.099439,0,0
20.430370,-16.840720,217.775600,674.388400,0,0,0,0,0,0,0.000000,0.000000,0.000000,0.000000,0.510075,0.000000,0.000000,0.000000,0.000000,0.917602,-0.397500,0.000001,0.933795,-0.357807,0.000000,-8.261316,-14.732320,0,6,21.297670,0.099439,0,0
20.440370,-16.832710,217.692000,674.584600,0,0,0,0,0,0,0.000000,0.000000,0.000000,0.000000,0.510075,0.000000,0.000000,0.000000,0.000000,0.917602,-0.397500,0.000001,0.933795,-0.357807,0.000000,-8.359416,-14.823930,0,6,21.335910,0.099439,0,0
20.450370,-16.824700,217.607400,674.780800,0,0,0,0,0,0,0.000000,0.000000,0.000000,0.000000,0.510075,0.000000,0.000000,0.000000,0.000000,0.917602,-0.397500,0.000001,0.933795,-0.357807,0.000000,-8.457516,-14.915530,0,6,21.374540,0.099439,0,0
20.460370,-16.816690,217.521900,674.976900,0,0,0,0,0,0,0.000000,0.000000,0.000000,0.000000,0.510075,0.000000,0.000000,0.000000,0.000000,0.917602,-0.397500,0.000001,0.933795,-0.357807,0.000000,-8.555615,-15.007140,0,6,21.413540,0.099439,0,0
20.470370,-16.808690,217.435300,675.173100,0,0,0,0,0,0,0.000000,0.000000,0.000000,0.000000,0.510075,0.000000,0.000000,0.000000,0.000000,0.917602,-0.397500,0.000001,0.933795,-0.357807,0.000000,-8.653715,-15.098740,0,6,21.452930,0.099439,0,0
20.480370,-16.800680,217.347800,675.369300,0,0,0,0,0,0,0.000000,0.000000,0.000000,0.000000,0.510075,0.000000,0.000000,0.000000,0.000000,0.917602,-0.397500,0.000001,0.933795,-0.357807,0.000000,-8.751815,-15.190350,0,6,21.492690,0.099439,0,0
20.490370,-16.792670,217.259300,675.565400,0,0,0,0,0,0,0.000000,0.000000,0.000000,0.000000,0.510075,0.000000,0.000000,0.000000,0.000000,0.917602,-0.397500,0.000001,0.933795,-0.357807,0.000000,-8.849915,-15.281950,0,6,21.532820,0.099439,0,0
20.500370,-16.784670,217.169800,675.761600,0,0,0,0,0,0,0.000000,0.000000,0.000000,0.000000,0.510075,0.000000,0.000000,0.000000,0.000000,0.917602,-0.397500,0.000001,0.933795,-0.357807,0.000000,-8.948014,-15.373560,0,6,21.573320,0.099439,0,0
20.510370,-16.776660,217.079400,675.957800,0,0,0,0,0,0,0.000000,0.000000,0.000000,0.000000,0.510075,0.000000,0.000000,0.000000,0.000000,0.917602,-0.397500,0.000001,0.933795,-0.357807,0.000000,-9.046114,-15.465170,0,6,21.614190,0.099439,0,0
20.520370,-16.768650,216.987900,676.153900,0,0,0,0,0,0,0.000000,0.000000,0.000000,0.000000,0.510075,0.000000,0.000000,0.000000,0.000000,0.917602,-0.397500,0.000001,0.933795,-0.357807,0.000000,-9.144214,-15.556770,0,6,21.655440,0.099439,0,0
20.530370,-16.760640,216.895500,676.350100,0,0,0,0,0,0,0.000000,0.000000,0.000000,0.000000,0.510075,0.000000,0.000000,0.000000,0.000000,0.917602,-0.397500,0.000001,0.933795,-0.357807,0.000000,-9.242313,-15.648370,0,6,21.697040,0.099439,0,0
20.540370,-16.752640,216.802100,676.546300,0,0,0,0,0,0,0.000000,0.000000,0.000000,0.000000,0.510075,0.000000,0.000000,0.000000,0.000000,0.917602,-0.397500,0.000001,0.933795,-0.357807,0.000000,-9.340413,-15.739980,0,6,21.739010,0.099439,0,0
20.550370,-16.744630,216.707700,676.742400,0,0,0,0,0,0,0.000000,0.000000,0.000000,0.000000,0.510075,0.000000,0.000000,0.000000,0.000000,0.917602,-0.397500,0.000001,0.933795,-0.357807,0.000000,-9.438513,-15.831580,0,6,21.781340,0.099439,0,0
20.560380,-16.736620,216.612300,676.938600,0,0,0,0,0,0,0.000000,0.000000,0.000000,0.000000,0.510075,0.000000,0.000000,0.000000,0.000000,0.917602,-0.397500,0.000001,0.933795,-0.357807,0.000000,-9.536613,-15.923190,0,6,21.824030,0.099439,0,0
20.570380,-16.728620,216.516000,677.134800,0,0,0,0,0,0,0.000000,0.000000,0.000000,0.000000,0.510075,0.000000,0.000000,0.000000,0.000000,0.917602,-0.397500,0.000001,0.933795,-0.357807,0.000000,-9.634712,-16.014800,0,6,21.867070,0.099439,0,0
20.580380,-16.720610,216.418700,677.330900,0,0,0,0,0,0,0.000000,0.000000,0.000000,0.000000,0.510075,0.000000,0.000000,0.000000,0.000000,0.917602,-0.397500,0.000001,0.933795,-0.357807,0.000000,-9.732812,-16.106400,0,6,21.910470,0.099439,0,0
20.590380,-16.712600,216.320400,677.527100,0,0,0,0,0,0,0.000000,0.000000,0.000000,0.000000,0.510075,0.000000,0.000000,0.000000,0.000000,0.917602,-0.397500,0.000001,0.933795,-0.357807,0.000000,-9.830912,-16.198010,0,6,21.954230,0.099439,0,0
20.600380,-16.704600,216.221100,677.723300,0,0,0,0,0,0,0.000000,0.000000,0.000000,0.000000,0.510075,0.000000,0.000000,0.000000,0.000000,0.917602,-0.397500,0.000001,0.933795,-0.357807,0.000000,-9.929011,-16.289610,0,6,21.998330,0.099439,0,0
20.610380,-16.696590,216.120800,677.919400,0,0,0,0,0,0,0.000000,0.000000,0.000000,0.000000,0.510075,0.000000,0.000000,0.000000,0.000000,0.917602,-0.397500,0.000001,0.933795,-0.357807,0.000000,-10.027110,-16.381220,0,6,22.042780,0.099439,0,0
20.620380,-16.688580,216.019500,678.115600,0,0,0,0,0,0,0.000000,0.000000,0.000000,0.000000,0.510075,0.000000,0.000000,0.000000,0.000000,0.917602,-0.397500,0.000001,0.933795,-0.357807,0.000000,-10.125210,-16.472820,0,6,22.087580,0.099439,0,0
20.630380,-16.680570,215.917300,678.311800,0,0,0,0,0,0,0.000000,0.000000,0.000000,0.000000,0.510075,0.000000,0.000000,0.000000,0.000000,0.917602,-0.397500,0.000001,0.933795,-0.357807,0.000000,-10.223310,-16.564420,0,6,22.132720,0.099439,0,0
20.640380,-16.672570,215.814100,678.507900,0,0,0,0,0,0,0.000000,0.000000,0.000000,0.000000,0.510075,0.000000,0.000000,0.000000,0.000000,0.917602,-0.397500,0.000001,0.933795,-0.357807,0.000000,-10.321410,-16.656030,0,6,22.178210,0.099439,0,0
20.650380,-16.664560,215.709900,678.704100,0,0,0,0,0,0,0.000000,0.000000,0.000000,0.000000,0.510075,0.000000,0.000000,0.000000,0.000000,0.917602,-0.397500,0.000001,0.933795,-0.357807,0.000000,-10.419510,-16.747630,0,6,22.224030,0.099439,0,0
20.660380,-16.656550,215.604700,678.900300,0,0,0,0,0,0,0.000000,0.000000,0.000000,0.000000,0.510075,0.000000,0.000000,0.000000,0.000000,0.917602,-0.397500,0.000001,0.933795,-0.357807,0.000000,-10.517610,-16.839240,0,6,22.270190,0.099439,0,0
20.670380,-16.648550,215.498600,679.096400,0,0,0,0,0,0,0.000000,0.000000,0.000000,0.000000,0.510075,0.000000,0.000000,0.000000,0.000000,0.917602,-0.397500,0.000001,0.933795,-0.357807,0.000000,-10.615710,-16.930850,0,6,22.316690,0.099439,0,0
20.680380,-16.640540,215.391400,679.292600,0,0,0,0,0,0,0.000000,0.000000,0.000000,0.000000,0.510075,0.000000,0.000000,0.000000,0.000000,0.917602,-0.397500,0.000001,0.933795,-0.357807,0.000000,-10.713810,-17.022450,0,6,22.363520,0.099439,0,0
20.690380,-16.632530,215.283300,679.488800,0,0,0,0,0,0,0.000000,0.000000,0.000000,0.000000,0.510075,0.000000,0.000000,0.000000,0.000000,0.917602,-0.397500,0.000001,0.933795,-0.357807,0.000000,-10.811910,-17.114060,0,6,22.410680,0.099439,0,0
20.700380,-16.624530,215.174200,679.684900,0,0,0,0,0,0,0.000000,0.000000,0.000000,0.000000,0.510075,0.000000,0.000000,0.000000,0.000000,0.917602,-0.397500,0.000001,0.933795,-0.357807,0.000000,-10.910010,-17.205660,0,6,22.458170,0.099439,0,0
20.710380,-16.616520,215.064100,679.881100,0,0,0,0,0,0,0.000000,0.000000,0.000000,0.000000,0.510075,0.000000,0.000000,0.000000,0.000000,0.917602,-0.397500,0.000001,0.933795,-0.357807,0.000000,-11.008110,-17.297270,0,6,22.505990,0.099439,0,0
20.720380,-16.608510,214.953100,680.077300,0,0,0,0,0,0,0.000000,0.000000,0.000000,0.000000,0.510075,0.000000,0.000000,0.000000,0.000000,0.917602,-0.397500,0.000001,0.933795,-0.357807,0.000000,-11.106210,-17.388870,0,6,22.554140,0.099439,0,0
20.730380,-16.600500,214.841000,680.273400,0,0,0,0,0,0,0.000000,0.000000,0.000000,0.000000,0.510075,0.000000,0.000000,0.000000,0.000000,0.917602,-0.397500,0.000001,0.933795,-0.357807,0.000000,-11.204310,-17.480480,0,6,22.602610,0.099439,0,0
20.740380,-16.592500,214.728000,680.469600,0,0,0,0,0,0,0.000000,0.000000,0.000000,0.000000,0.510075,0.000000,0.000000,0.000000,0.000000,0.917602,-0.397500,0.000001,0.933795,-0.357807,0.000000,-11.302410,-17.572080,0,6,22.651400,0.099439,0,0
20.750380,-16.584490,214.614000,680.665800,0,0,0,0,0,0,0.000000,0.000000,0.000000,0.000000,0.510075,0.000000,0.000000,0.000000,0.000000,0.917602,-0.397500,0.000001,0.933795,-0.357807,0.000000,-11.400510,-17.663690,0,6,22.700500,0.099439,0,0
20.760380,-16.576480,214.499000,680.861900,0,0,0,0,0,0,0.000000,0.000000,0.000000,0.000000,0.510075,0.000000,0.000000,0.000000,0.000000,0.917602,-0.397500,0.000001,0.933795,-0.357807,0.000000,-11.498610,-17.755290,0,6,22.749930,0.099439,0,0
20.770380,-16.568480,214.383000,681.058100,0,0,0,0,0,0,0.000000,0.000000,0.000000,0.000000,0.510075,0.000000,0.000000,0.000000,0.000000,0.917602,-0.397500,0.000001,0.933795,-0.357807,0.000000,-11.596710,-17.846900,0,6,22.799670,0.099439,0,0
20.780380,-16.560470,214.266100,681.254300,0,0,0,0,0,0,0.000000,0.000000,0.000000,0.000000,0.510075,0.000000,0.000000,0.000000,0.000000,0.917602,-0.397500,0.000001,0.933795,-0.357807,0.000000,-11.694810,-17.938500,0,6,22.849720,0.099439,0,0
20.790380,-16.552460,214.148200,681.450400,0,0,0,0,0,0,0.000000,0.000000,0.000000,0.000000,0.510075,0.000000,0.000000,0.000000,0.000000,0.917602,-0.397500,0.000001,0.933795,-0.357807,0.000000,-11.792910,-18.030110,0,6,22.900090,0.099439,0,0
20.800380,-16.544450,214.029300,681.646600,0,0,0,0,0,0,0.000000,0.000000,0.000000,0.000000,0.510075,0.000000,0.000000,0.000000,0.000000,0.917602,-0.397500,0.000001,0.933795,-0.357807,0.000000,-11.891010,-18.121710,0,6,22.950760,0.099439,0,0
20.810380,-16.536450,213.909400,681.842800,0,0,0,0,0,0,0.000000,0.000000,0.000000,0.000000,0.510075,0.000000,0.000000,0.000000,0.000000,0.917602,-0.397500,0.000001,0.933795,-0.357807,0.000000,-11.989110,-18.213320,0,6,23.001740,0.099439,0,0
20.820380,-16.528440,213.788500,682.038900,0,0,0,0,0,0,0.000000,0.000000,0.000000,0.000000,0.510075,0.000000,0.000000,0.000000,0.000000,0.917602,-0.397500,0.000001,0.933795,-0.357807,0.000000,-12.087200,-18.304920,0,6,23.053020,0.099439,0,0
20.830380,-16.520430,213.666600,682.235100,0,0,0,0,0,0,0.000000,0.000000,0.000000,0.000000,0.510075,0.000000,0.000000,0.000000,0.000000,0.917602,-0.397500,0.000001,0.933795,-0.357807,0.000000,-12.185300,-18.396530,0,6,23.104610,0.099439,0,0
20.840380,-16.512430,213.543800,682.431300,0,0,0,0,0,0,0.000000,0.000000,0.000000,0.000000,0.510075,0.000000,0.000000,0.000000,0.000000,0.917602,-0.397500,0.000001,0.933795,-0.357807,0.000000,-12.283400,-18.488130,0,6,23.156500,0.099439,0,0
20.850380,-16.504420,213.420000,682.627400,0,0,0,0,0,0,0.000000,0.000000,0.000000,0.000000,0.510075,0.000000,0.000000,0.000000,0.000000,0.917602,-0.397500,0.000001,0.933795,-0.357807,0.000000,-12.381500,-18.579740,0,6,23.208680,0.099439,0,0
20.860380,-16.496410,213.295200,682.823600,0,0,0,0,0,0,0.000000,0.000000,0.000000,0.000000,0.510075,0.000000,0.000000,0.000000,0.000000,0.917602,-0.397500,0.000001,0.933795,-0.357807,0.000000,-12.479600,-18.671340,0,6,23.261170,0.099439,0,0
20.870380,-16.488410,213.169400,683.019800,0,0,0,0,0,0,0.000000,0.000000,0.000000,0.000000,0.510075,0.000000,0.000000,0.000000,0.000000,0.917602,-0.397500,0.000001,0.933795,-0.357807,0.000000,-12.577700,-18.762950,0,6,23.313940,0.099439,0,0
20.880380,-16.480400,213.042700,683.215900,0,0,0,0,0,0,0.000000,0.000000,0.000000,0.000000,0.510075,0.000000,0.000000,0.000000,0.000000,0.917602,-0.397500,0.000001,0.933795,-0.357807,0.000000,-12.675800,-18.854550,0,6,23.367010,0.099439,0,0
20.890380,-16.472390,212.914900,683.412100,0,0,0,0,0,0,0.000000,0.000000,0.000000,0.000000,0.510075,0.000000,0.000000,0.000000,0.000000,0.917602,-0.397500,0.000001,0.933795,-0.357807,0.000000,-12.773900,-18.946160,0,6,23.420370,0.099439,0,0
20.900380,-16.464380,212.786200,683.608300,0,0,0,0,0,0,0.000000,0.000000,0.000000,0.000000,0.510075,0.000000,0.000000,0.000000,0.000000,0.917602,-0.397500,0.000001,0.933795,-0.357807,0.000000,-12.872000,-19.037760,0,6,23.474020,0.099439,0,0
20.910380,-16.456380,212.656500,683.804400,0,0,0,0,0,0,0.000000,0.000000,0.000000,0.000000,0.510075,0.000000,0.000000,0.000000,0.000000,0.917602,-0.397500,0.000001,0.933795,-0.357807,0.000000,-12.970100,-19.129370,0,6,23.527960,0.099439,0,0
20.920380,-16.448370,212.525800,684.000600,0,0,0,0,0,0,0.000000,0.000000,0.000000,0.000000,0.510075,0.000000,0.000000,0.000000,0.000000,0.917602,-0.397500,0.000001,0.933795,-0.357807,0.000000,-13.068200,-19.220970,0,6,23.582180,0.099439,0,0
20.930380,-16.440360,212.394100,684.196800,0,0,0,0,0,0,0.000000,0.000000,0.000000,0.000000,0.510075,0.000000,0.000000,0.000000,0.000000,0.917602,-0.397500,0.000001,0.933795,-0.357807,0.000000,-13.166300,-19.312580,0,6,23.636680,0.099439,0,0
20.940380,-16.432360,212.261500,684.392900,0,0,0,0,0,0,0.000000,0.000000,0.000000,0.000000,0.510075,0.000000,0.000000,0.000000,0.000000,0.917602,-0.397500,0.000001,0.933795,-0.357807,0.000000,-13.264400,-19.404180,0,6,23.691470,0.099439,0,0
20.950380,-16.424350,212.127900,684.589100,0,0,0,0,0,0,0.000000,0.000000,0.000000,0.000000,0.510075,0.000000,0.000000,0.000000,0.000000,0.917602,-0.397500,0.000001,0.933795,-0.357807,0.000000,-13.362500,-19.495790,0,6,23.746530,0.099439,0,0
20.960380,-16.416340,211.993300,684.785300,0,0,0,0,0,0,0.000000,0.000000,0.000000,0.000000,0.510075,0.000000,0.000000,0.000000,0.000000,0.917602,-0.397500,0.000001,0.933795,-0.357807,0.000000,-13.460600,-19.587390,0,6,23.801870,0.099439,0,0
20.970380,-16.408330,211.857700,684.981400,0,0,0,0,0,0,0.000000,0.000000,0.000000,0.000000,0.510075,0.000000,0.000000,0.000000,0.000000,0.917602,-0.397500,0.000001,0.933795,-0.357807,0.000000,-13.558700,-19.679000,0,6,23.857490,0.099439,0,0
20.980380,-16.400330,211.721100,685.177600,0,0,0,0,0,0,0.000000,0.000000,0.000000,0.000000,0.510075,0.000000,0.000000,0.000000,0.000000,0.917602,-0.397500,0.000001,0.933795,-0.357807,0.000000,-13.656800,-19.770600,0,6,23.913370,0.099439,0,0
20.990390,-16.392320,211.583600,685.373800,0,0,0,0,0,0,0.000000,0.000000,0.000000,0.000000,0.510075,0.000000,0.000000,0.000000,0.000000,0.917602,-0.397500,0.000001,0.933795,-0.357807,0.000000,-13.754900,-19.862210,0,6,23.969530,0.099439,0,0
21.000390,-16.384310,211.445000,685.569900,0,0,0,0,0,0,0.000000,0.000000,0.000000,0.000000,0.510075,0.000000,0.000000,0.000000,0.000000,0.917602,-0.397500,0.000001,0.933795,-0.357807,0.000000,-13.853000,-19.953810,0,6,24.025960,0.099439,0,0
21.010390,-16.376310,211.305500,685.766100,0,0,0,0,0,0,0.000000,0.000000,0.000000,0.000000,0.510075,0.000000,0.000000,0.000000,0.000000,0.917602,-0.397500,0.000001,0.933795,-0.357807,0.000000,-13.951100,-20.045420,0,6,24.082660,0.099439,0,0
21.020390,-16.368300,211.165000,685.962300,0,0,0,0,0,0,0.000000,0.000000,0.000000,0.000000,0.510075,0.000000,0.000000,0.000000,0.000000,0.917602,-0.397500,0.000001,0.933795,-0.357807,0.000000,-14.049200,-20.137020,0,6,24.139620,0.099439,0,0
21.030390,-16.360290,211.023600,686.158400,0,0,0,0,0,0,0.000000,0.000000,0.000000,0.000000,0.510075,0.000000,0.000000,0.000000,0.000000,0.917602,-0.397500,0.000001,0.933795,-0.357807,0.000000,-14.147300,-20.228630,0,6,24.196850,0.099439,0,0
21.040390,-16.352290,210.881100,686.354600,0,0,0,0,0,0,0.000000,0.000000,0.000000,0.000000,0.510075,0.000000,0.000000,0.000000,0.000000,0.917602,-0.397500,0.000001,0.933795,-0.357807,0.000000,-14.245400,-20.320230,0,6,24.254330,0.099439,0,0
21.050390,-16.344280,210.737700,686.550800,0,0,0,0,0,0,0.000000,0.000000,0.000000,0.000000,0.510075,0.000000,0.000000,0.000000,0.000000,0.917602,-0.397500,0.000001,0.933795,-0.357807,0.000000,-14.343500,-20.411840,0,6,24.312080,0.099439,0,0
21.060390,-16.336270,210.593300,686.746900,0,0,0,0,0,0,0.000000,0.000000,0.000000,0.000000,0.510075,0.000000,0.000000,0.000000,0.000000,0.917602,-0.397500,0.000001,0.933795,-0.357807,0.000000,-14.441600,-20.503440,0,6,24.370080,0.099439,0,0
21.070390,-16.328260,210.447900,686.943100,0,0,0,0,0,0,0.000000,0.000000,0.000000,0.000000,0.510075,0.000000,0.000000,0.000000,0.000000,0.917602,-0.397500,0.000001,0.933795,-0.357807,0.000000,-14.539700,-20.595050,0,6,24.428350,0.099439,0,0
21.080390,-16.320260,210.301500,687.139300,0,0,0,0,0,0,0.000000,0.000000,0.000000,0.000000,0.510075,0.000000,0.000000,0.000000,0.000000,0.917602,-0.397500,0.000001,0.933795,-0.357807,0.000000,-14.637800,-20.686650,0,6,24.486860,0.099439,0,0
21.090390,-16.312250,210.154100,687.335400,0,0,0,0,0,0,0.000000,0.000000,0.000000,0.000000,0.510075,0.000000,0.000000,0.000000,0.000000,0.917602,-0.397500,0.000001,0.933795,-0.357807,0.000000,-14.735900,-20.778260,0,6,24.545630,0.099439,0,0
21.100390,-16.304240,210.005800,687.531600,0,0,0,0,0,0,0.000000,0.000000,0.000000,0.000000,0.510075,0.000000,0.000000,0.000000,0.000000,0.917602,-0.397500,0.000001,0.933795,-0.357807,0.000000,-14.834000,-20.869860,0,6,24.604650,0.099439,0,0
21.110390,-16.296240,209.856500,687.727800,0,0,0,0,0,0,0.000000,0.000000,0.000000,0.000000,0.510075,0.000000,0.000000,0.000000,0.000000,0.917602,-0.397500,0.000001,0.933795,-0.357807,0.000000,-14.932100,-20.961470,0,6,24.663920,0.099439,0,0
21.120390,-16.288230,209.706200,687.924000,0,0,0,0,0,0,0.000000,0.000000,0.000000,0.000000,0.510075,0.000000,0.000000,0.000000,0.000000,0.917602,-0.397500,0.000001,0.933795,-0.357807,0.000000,-15.030200,-21.053070,0,6,24.723430,0.099439,0,0
21.130390,-16.280220,209.554900,688.120100,0,0,0,0,0,0,0.000000,0.000000,0.000000,0.000000,0.510075,0.000000,0.000000,0.000000,0.000000,0.917602,-0.397500,0.000001,0.933795,-0.357807,0.000000,-15.128300,-21.144680,0,6,24.783190,0.099439,0,0
21.140390,-16.272210,209.402600,688.316300,0,0,0,0,0,0,0.000000,0.000000,0.000000,0.000000,0.510075,0.000000,0.000000,0.000000,0.000000,0.917602,-0.397500,0.000001,0.933795,-0.357807,0.000000,-15.226400,-21.236280,0,6,24.843200,0.099439,0,0
21.150390,-16.264210,209.249400,688.512500,0,0,0,0,0,0,0.000000,0.000000,0.000000,0.000000,0.510075,0.000000,0.000000,0.000000,0.000000,0.917602,-0.397500,0.000001,0.933795,-0.357807,0.000000,-15.324500,-21.327890,0,6,24.903440,0.099439,0,0
21.160390,-16.256200,209.095200,688.708600,0,0,0,0,0,0,0.000000,0.000000,0.000000,0.000000,0.510075,0.000000,0.000000,0.000000,0.000000,0.917602,-0.397500,0.000001,0.933795,-0.357807,0.000000,-15.422600,-21.419490,0,6,24.963930,0.099439,0,0
21.170390,-16.248190,208.939900,688.904800,0,0,0,0,0,0,0.000000,0.000000,0.000000,0.000000,0.510075,0.000000,0.000000,0.000000,0.000000,0.917602,-0.397500,0.000001,0.933795,-0.357807,0.000000,-15.520690,-21.511100,0,6,25.024650,0.099439,0,0
21.180390,-16.240190,208.783800,689.101000,0,0,0,0,0,0,0.000000,0.000000,0.000000,0.000000,0.510075,0.000000,0.000000,0.000000,0.000000,0.917602,-0.397500,0.000001,0.933795,-0.357807,0.000000,-15.618790,-21.602700,0,6,25.085610,0.099439,0,0
21.190390,-16.232180,208.626600,689.297100,0,0,0,0,0,0,0.000000,0.000000,0.000000,0.000000,0.510075,0.000000,0.000000,0.000000,0.000000,0.917602,-0.397500,0.000001,0.933795,-0.357807,0.000000,-15.716890,-21.694310,0,6,25.146810,0.099439,0,0
21.200390,-16.224170,208.468400,689.493300,0,0,0,0,0,0,0.000000,0.000000,0.000000,0.000000,0.510075,0.000000,0.000000,0.000000,0.000000,0.917602,-0.397500,0.000001,0.933795,-0.357807,0.000000,-15.814990,-21.785910,0,6,25.208240,0.099439,0,0
21.210390,-16.216170,208.309300,689.689500,0,0,0,0,0,0,0.000000,0.000000,0.000000,0.000000,0.510075,0.000000,0.000000,0.000000,0.000000,0.917602,-0.397500,0.000001,0.933795,-0.357807,0.000000,-15.913090,-21.877520,0,6,25.269900,0.099439,0,0
21.220390,-16.208160,208.149200,689.885600,0,0,0,0,0,0,0.000000,0.000000,0.000000,0.000000,0.510075,0.000000,0.000000,0.000000,0.000000,0.917602,-0.397500,0.000001,0.933795,-0.357807,0.000000,-16.011190,-21.969120,0,6,25.331790,0.099440,0,0
21.230390,-16.200150,207.988100,690.081800,0,0,0,0,0,0,0.000000,0.000000,0.000000,0.000000,0.510075,0.000000,0.000000,0.000000,0.000000,0.917602,-0.397500,0.000001,0.933795,-0.357807,0.000000,-16.109290,-22.060730,0,6,25.393910,0.099440,0,0
21.240390,-16.192140,207.826000,690.278000,0,0,0,0,0,0,0.000000,0.000000,0.000000,0.000000,0.510075,0.000000,0.000000,0.000000,0.000000,0.917602,-0.397500,0.000001,0.933795,-0.357807,0.000000,-16.207400,-22.152340,0,6,25.456250,0.099440,0,0
21.250390,-16.184140,207.663000,690.474100,0,0,0,0,0,0,0.000000,0.000000,0.000000,0.000000,0.510075,0.000000,0.000000,0.000000,0.000000,0.917602,-0.397500,0.000001,0.933795,-0.357807,0.000000,-16.305500,-22.243940,0,6,25.518830,0.099440,0,0
21.260390,-16.176130,207.498900,690.670300,0,0,0,0,0,0,0.000000,0.000000,0.000000,0.000000,0.510075,0.000000,0.000000,0.000000,0.000000,0.917602,-0.397500,0.000001,0.933795,-0.357807,0.000000,-16.403600,-22.335550,0,6,25.581620,0.099440,0,0
21.270390,-16.168120,207.333900,690.866500,0,0,0,0,0,0,0.000000,0.000000,0.000000,0.000000,0.510075,0.000000,0.000000,0.000000,0.000000,0.917602,-0.397500,0.000001,0.933795,-0.357807,0.000000,-16.501700,-22.427150,0,6,25.644630,0.099440,0,0
21.280390,-16.160120,207.167900,691.062600,0,0,0,0,0,0,0.000000,0.000000,0.000000,0.000000,0.510075,0.000000,0.000000,0.000000,0.000000,0.917602,-0.397500,0.000001,0.933795,-0.357807,0.000000,-16.599800,-22.518760,0,6,25.707870,0.099440,0,0
21.290390,-16.152110,207.000900,691.258800,0,0,0,0,0,0,0.000000,0.000000,0.000000,0.000000,0.510075,0.000000,0.000000,0.000000,0.000000,0.917602,-0.397500,0.000001,0.933795,-0.357807,0.000000,-16.697900,-22.610360,0,6,25.771320,0.099440,0,0
21.300390,-16.144100,206.833000,691.455000,0,0,0,0,0,0,0.000000,0.000000,0.000000,0.000000,0.510075,0.000000,0.000000,0.000000,0.000000,0.917602,-0.397500,0.000001,0.933795,-0.357807,0.000000,-16.796000,-22.701970,0,6,25.834990,0.099440,0,0
21.310390,-16.136100,206.664000,691.651100,0,0,0,0,0,0,0.000000,0.000000,0.000000,0.000000,0.510075,0.000000,0.000000,0.000000,0.000000,0.917602,-0.397500,0.000001,0.933795,-0.357807,0.000000,-16.894100,-22.793580,0,6,25.898880,0.099440,0,0
21.320390,-16.128090,206.494100,691.847300,0,0,0,0,0,0,0.000000,0.000000,0.000000,0.000000,0.510075,0.000000,0.000000,0.000000,0.000000,0.917602,-0.397500,0.000001,0.933795,-0.357807,0.000000,-16.992200,-22.885180,0,6,25.962980,0.099440,0,0
21.330390,-16.120080,206.323200,692.043500,0,0,0,0,0,0,0.000000,0.000000,0.000000,0.000000,0.510075,0.000000,0.000000,0.000000,0.000000,0.917602,-0.397500,0.000001,0.933795,-0.357807,0.000000,-17.090300,-22.976790,0,6,26.027290,0.099440,0,0
21.340390,-16.112070,206.151300,692.239600,0,0,0,0,0,0,0.000000,0.000000,0.000000,0.000000,0.510075,0.000000,0.000000,0.000000,0.000000,0.917602,-0.397500,0.000001,0.933795,-0.357807,0.000000,-17.188400,-23.068400,0,6,26.091810,0.099440,0,0
21.350390,-16.104070,205.978500,692.435800,0,0,0,0,0,0,0.000000,0.000000,0.000000,0.000000,0.510075,0.000000,0.000000,0.000000,0.000000,0.917602,-0.397500,0.000001,0.933795,-0.357807,0.000000,-17.286500,-23.160000,0,6,26.156540,0.099440,0,0
21.360390,-16.096060,205.804600,692.632000,0,0,0,0,0,0,0.000000,0.000000,0.000000,0.000000,0.510075,0.000000,0.000000,0.000000,0.000000,0.917602,-0.397500,0.000001,0.933795,-0.357807,0.000000,-17.384600,-23.251610,0,6,26.221470,0.099440,0,0
21.370390,-16.088050,205.629800,692.828100,0,0,0,0,0,0,0.000000,0.000000,0.000000,0.000000,0.510075,0.000000,0.000000,0.000000,0.000000,0.917602,-0.397500,0.000001,0.933795,-0.357807,0.000000,-17.482700,-23.343210,0,6,26.286620,0.099440,0,0
21.380390,-16.080050,205.454000,693.024300,0,0,0,0,0,0,0.000000,0.000000,0.000000,0.000000,0.510075,0.000000,0.000000,0.000000,0.000000,0.917602,-0.397500,0.000001,0.933795,-0.357807,0.000000,-17.580800,-23.434820,0,6,26.351960,0.099440,0,0
21.390390,-16.072040,205.277200,693.220500,0,0,0,0,0,0,0.000000,0.000000,0.000000,0.000000,0.510075,0.000000,0.000000,0.000000,0.000000,0.917602,-0.397500,0.000001,0.933795,-0.357807,0.000000,-17.678910,-23.526420,0,6,26.417510,0.099440,0,0
21.400390,-16.064030,205.099400,693.416600,0,0,0,0,0,0,0.000000,0.000000,0.000000,0.000000,0.510075,0.000000,0.000000,0.000000,0.000000,0.917602,-0.397500,0.000001,0.933795,-0.357807,0.000000,-17.777010,-23.618030,0,6,26.483260,0.099440,0,0
21.410390,-16.056020,204.920700,693.612800,0,0,0,0,0,0,0.000000,0.000000,0.000000,0.000000,0.510075,0.000000,0.000000,0.000000,0.000000,0.917602,-0.397500,0.000001,0.933795,-0.357807,0.000000,-17.875110,-23.709640,0,6,26.549210,0.099440,0,0
21.420390,-16.048020,204.740900,693.809000,0,0,0,0,0,0,0.000000,0.000000,0.000000,0.000000,0.510075,0.000000,0.000000,0.000000,0.000000,0.917602,-0.397500,0.000001,0.933795,-0.357807,0.000000,-17.973210,-23.801240,0,6,26.615360,0.099440,0,0
21.430400,-16.040010,204.560200,694.005100,0,0,0,0,0,0,0.000000,0.000000,0.000000,0.000000,0.510075,0.000000,0.000000,0.000000,0.000000,0.917602,-0.397500,0.000001,0.933795,-0.357807,0.000000,-18.071310,-23.892850,0,6,26.681710,0.099440,0,0
21.440400,-16.032000,204.378500,694.201300,0,0,0,0,0,0,0.000000,0.000000,0.000000,0.000000,0.510075,0.000000,0.000000,0.000000,0.000000,0.917602,-0.397500,0.000001,0.933795,-0.357807,0.000000,-18.169410,-23.984460,0,6,26.748250,0.099440,0,0
21.450400,-16.024000,204.195800,694.397500,0,0,0,0,0,0,0.000000,0.000000,0.000000,0.000000,0.510075,0.000000,0.000000,0.000000,0.000000,0.917602,-0.397500,0.000001,0.933795,-0.357807,0.000000,-18.267510,-24.076060,0,6,26.814980,0.099440,0,0
21.460400,-16.015990,204.012200,694.593600,0,0,0,0,0,0,0.000000,0.000000,0.000000,0.000000,0.510075,0.000000,0.000000,0.000000,0.000000,0.917602,-0.397500,0.000001,0.933795,-0.357807,0.000000,-18.365610,-24.167670,0,6,26.881910,0.099440,0,0
21.470400,-16.007980,203.827600,694.789800,0,0,0,0,0,0,0.000000,0.000000,0.000000,0.000000,0.510075,0.000000,0.000000,0.000000,0.000000,0.917602,-0.397500,0.000001,0.933795,-0.357807,0.000000,-18.463710,-24.259270,0,6,26.949020,0.099440,0,0
21.480400,-15.999980,203.641900,694.986000,0,0,0,0,0,0,0.000000,0.000000,0.000000,0.000000,0.510075,0.000000,0.000000,0.000000,0.000000,0.917602,-0.397500,0.000001,0.933795,-0.357807,0.000000,-18.561810,-24.350880,0,6,27.016330,0.099440,0,0
21.490400,-15.991970,203.455300,695.182100,0,0,0,0,0,0,0.000000,0.000000,0.000000,0.000000,0.510075,0.000000,0.000000,0.000000,0.000000,0.917602,-0.397500,0.000001,0.933795,-0.357807,0.000000,-18.659910,-24.442480,0,6,27.083830,0.099440,0,0
21.500400,-15.983960,203.267800,695.378300,0,0,0,0,0,0,0.000000,0.000000,0.000000,0.000000,0.510075,0.000000,0.000000,0.000000,0.000000,0.917602,-0.397500,0.000001,0.933795,-0.357807,0.000000,-18.758010,-24.534090,0,6,27.151510,0.099440,0,0
21.510400,-15.975950,203.079200,695.574500,0,0,0,0,0,0,0.000000,0.000000,0.000000,0.000000,0.510075,0.000000,0.000000,0.000000,0.000000,0.917602,-0.397500,0.000001,0.933795,-0.357807,0.000000,-18.856110,-24.625700,0,6,27.219370,0.099440,0,0
21.520400,-15.967950,202.889600,695.770600,0,0,0,0,0,0,0.000000,0.000000,0.000000,0.000000,0.510075,0.000000,0.000000,0.000000,0.000000,0.917602,-0.397500,0.000001,0.933795,-0.357807,0.000000,-18.954210,-24.717300,0,6,27.287420,0.099440,0,0
21.530400,-15.959940,202.699100,695.966800,0,0,0,0,0,0,0.000000,0.000000,0.000000,0.000000,0.510075,0.000000,0.000000,0.000000,0.000000,0.917602,-0.397500,0.000001,0.933795,-0.357807,0.000000,-19.052310,-24.808910,0,6,27.355660,0.099440,0,0
21.540400,-15.951930,202.507600,696.163000,0,0,0,0,0,0,0.000000,0.000000,0.000000,0.000000,0.510075,0.000000,0.000000,0.000000,0.000000,0.917602,-0.397500,0.000001,0.933795,-0.357807,0.000000,-19.150420,-24.900510,0,6,27.424070,0.099440,0,0
21.550400,-15.943930,202.315100,696.359100,0,0,0,0,0,0,0.000000,0.000000,0.000000,0.000000,0.510075,0.000000,0.000000,0.000000,0.000000,0.917602,-0.397500,0.000001,0.933795,-0.357807,0.000000,-19.248520,-24.992120,0,6,27.492670,0.099440,0,0
21.560400,-15.935920,202.121700,696.555300,0,0,0,0,0,0,0.000000,0.000000,0.000000,0.000000,0.510075,0.000000,0.000000,0.000000,0.000000,0.917602,-0.397500,0.000001,0.933795,-0.357807,0.000000,-19.346620,-25.083730,0,6,27.561440,0.099440,0,0
21.570400,-15.927910,201.927200,696.751500,0,0,0,0,0,0,0.000000,0.000000,0.000000,0.000000,0.510075,0.000000,0.000000,0.000000,0.000000,0.917602,-0.397500,0.000001,0.933795,-0.357807,0.000000,-19.444720,-25.175330,0,6,27.630390,0.099440,0,0
21.580400,-15.919900,201.731800,696.947600,0,0,0,0,0,0,0.000000,0.000000,0.000000,0.000000,0.510075,0.000000,0.000000,0.000000,0.000000,0.917602,-0.397500,0.000001,0.933795,-0.357807,0.000000,-19.542820,-25.266940,0,6,27.699510,0.099440,0,0
21.590400,-15.911900,201.535400,697.143800,0,0,0,0,0,0,0.000000,0.000000,0.000000,0.000000,0.510075,0.000000,0.000000,0.000000,0.000000,0.917602,-0.397500,0.000001,0.933795,-0.357807,0.000000,-19.640920,-25.358540,0,6,27.768810,0.099440,0,0
21.600400,-15.903890,201.338000,697.340000,0,0,0,0,0,0,0.000000,0.000000,0.000000,0.000000,0.510075,0.000000,0.000000,0.000000,0.000000,0.917602,-0.397500,0.000001,0.933795,-0.357807,0.000000,-19.739020,-25.450150,0,6,27.838290,0.099440,0,0
21.610400,-15.895880,201.139600,697.536100,0,0,0,0,0,0,0.000000,0.000000,0.000000,0.000000,0.510075,0.000000,0.000000,0.000000,0.000000,0.917602,-0.397500,0.000001,0.933795,-0.357807,0.000000,-19.837120,-25.541760,0,6,27.907930,0.099440,0,0
21.620400,-15.887880,200.940300,697.732300,0,0,0,0,0,0,0.000000,0.000000,0.000000,0.000000,0.510075,0.000000,0.000000,0.000000,0.000000,0.917602,-0.397500,0.000001,0.933795,-0.357807,0.000000,-19.935220,-25.633360,0,6,27.977750,0.099440,0,0
21.630400,-15.879870,200.739900,697.928500,0,0,0,0,0,0,0.000000,0.000000,0.000000,0.000000,0.510075,0.000000,0.000000,0.000000,0.000000,0.917602,-0.397500,0.000001,0.933795,-0.357807,0.000000,-20.033320,-25.724970,0,6,28.047730,0.099440,0,0
21.640400,-15.871860,200.538600,698.124600,0,0,0,0,0,0,0.000000,0.000000,0.000000,0.000000,0.510075,0.000000,0.000000,0.000000,0.000000,0.917602,-0.397500,0.000001,0.933795,-0.357807,0.000000,-20.131420,-25.816570,0,6,28.117880,0.099440,0,0
21.650400,-15.863860,200.336300,698.320800,0,0,0,0,0,0,0.000000,0.000000,0.000000,0.000000,0.510075,0.000000,0.000000,0.000000,0.000000,0.917602,-0.397500,0.000001,0.933795,-0.357807,0.000000,-20.229520,-25.908180,0,6,28.188200,0.099440,0,0
21.660400,-15.855850,200.133100,698.517000,0,0,0,0,0,0,0.000000,0.000000,0.000000,0.000000,0.510075,0.000000,0.000000,0.000000,0.000000,0.917602,-0.397500,0.000001,0.933795,-0.357807,0.000000,-20.327620,-25.999790,0,6,28.258690,0.099440,0,0
21.670400,-15.847840,199.928800,698.713100,0,0,0,0,0,0,0.000000,0.000000,0.000000,0.000000,0.510075,0.000000,0.000000,0.000000,0.000000,0.917602,-0.397500,0.000001,0.933795,-0.357807,0.000000,-20.425720,-26.091390,0,6,28.329340,0.099440,0,0
21.680400,-15.839830,199.723600,698.909300,0,0,0,0,0,0,0.000000,0.000000,0.000000,0.000000,0.510075,0.000000,0.000000,0.000000,0.000000,0.917602,-0.397500,0.000001,0.933795,-0.357807,0.000000,-20.523820,-26.183000,0,6,28.400150,0.099440,0,0
21.690400,-15.831830,199.517300,699.105500,0,0,0,0,0,0,0.000000,0.000000,0.000000,0.000000,0.510075,0.000000,0.000000,0.000000,0.000000,0.917602,-0.397500,0.000001,0.933795,-0.357807,0.000000,-20.621930,-26.274600,0,6,28.471130,0.099440,0,0
21.700400,-15.823820,199.310200,699.301600,0,0,0,0,0,0,0.000000,0.000000,0.000000,0.000000,0.510075,0.000000,0.000000,0.000000,0.000000,0.917602,-0.397500,0.000001,0.933795,-0.357807,0.000000,-20.720030,-26.366210,0,6,28.542260,0.099440,0,0
21.710400,-15.815810,199.102000,699.497800,0,0,0,0,0,0,0.000000,0.000000,0.000000,0.000000,0.510075,0.000000,0.000000,0.000000,0.000000,0.917602,-0.397500,0.000001,0.933795,-0.357807,0.000000,-20.818130,-26.457820,0,6,28.613560,0.099440,0,0
21.720400,-15.807810,198.892800,699.694000,0,0,0,0,0,0,0.000000,0.000000,0.000000,0.000000,0.510075,0.000000,0.000000,0.000000,0.000000,0.917602,-0.397500,0.000001,0.933795,-0.357807,0.000000,-20.916230,-26.549420,0,6,28.685010,0.099440,0,0
21.730400,-15.799800,198.682700,699.890100,0,0,0,0,0,0,0.000000,0.000000,0.000000,0.000000,0.510075,0.000000,0.000000,0.000000,0.000000,0.917602,-0.397500,0.000001,0.933795,-0.357807,0.000000,-21.014330,-26.641030,0,6,28.756620,0.099440,0,0
21.740400,-15.791790,198.471500,700.086300,0,0,0,0,0,0,0.000000,0.000000,0.000000,0.000000,0.510075,0.000000,0.000000,0.000000,0.000000,0.917602,-0.397500,0.000001,0.933795,-0.357807,0.000000,-21.112430,-26.732630,0,6,28.828390,0.099440,0,0
21.750400,-15.783780,198.259400,700.282500,0,0,0,0,0,0,0.000000,0.000000,0.000000,0.000000,0.510075,0.000000,0.000000,0.000000,0.000000,0.917602,-0.397500,0.000001,0.933795,-0.357807,0.000000,-21.210530,-26.824240,0,6,28.900310,0.099440,0,0
21.760400,-15.775780,198.046300,700.478600,0,0,0,0,0,0,0.000000,0.000000,0.000000,0.000000,0.510075,0.000000,0.000000,0.000000,0.000000,0.917602,-0.397500,0.000001,0.933795,-0.357807,0.000000,-21.308630,-26.915850,0,6,28.972380,0.099440,0,0
21.770400,-15.767770,197.832300,700.674800,0,0,0,0,0,0,0.000000,0.000000,0.000000,0.000000,0.510075,0.000000,0.000000,0.000000,0.000000,0.917602,-0.397500,0.000001,0.933795,-0.357807,0.000000,-21.406730,-27.007450,0,6,29.044610,0.099440,0,0
21.780400,-15.759760,197.617200,700.871000,0,0,0,0,0,0,0.000000,0.000000,0.000000,0.000000,0.510075,0.000000,0.000000,0.000000,0.000000,0.917602,-0.397500,0.000001,0.933795,-0.357807,0.000000,-21.504830,-27.099060,0,6,29.116990,0.099440,0,0
21.790400,-15.751760,197.401200,701.067100,0,0,0,0,0,0,0.000000,0.000000,0.000000,0.000000,0.510075,0.000000,0.000000,0.000000,0.000000,0.917602,-0.397500,0.000001,0.933795,-0.357807,0.000000,-21.602930,-27.190660,0,6,29.189520,0.099440,0,0
21.800400,-15.743750,197.184200,701.263300,0,0,0,0,0,0,0.000000,0.000000,0.000000,0.000000,0.510075,0.000000,0.000000,0.000000,0.000000,0.917602,-0.397500,0.000001,0.933795,-0.357807,0.000000,-21.701030,-27.282270,0,6,29.262200,0.099440,0,0
21.810400,-15.735740,196.966200,701.459500,0,0,0,0,0,0,0.000000,0.000000,0.000000,0.000000,0.510075,0.000000,0.000000,0.000000,0.000000,0.917602,-0.397500,0.000001,0.933795,-0.357807,0.000000,-21.799130,-27.373870,0,6,29.335020,0.099440,0,0
21.820400,-15.727740,196.747200,701.655600,0,0,0,0,0,0,0.000000,0.000000,0.000000,0.000000,0.510075,0.000000,0.000000,0.000000,0.000000,0.917602,-0.397500,0.000001,0.933795,-0.357807,0.000000,-21.897230,-27.465480,0,6,29.408000,0.099440,0,0
21.830400,-15.719730,196.527300,701.851800,0,0,0,0,0,0,0.000000,0.000000,0.000000,0.000000,0.510075,0.000000,0.000000,0.000000,0.000000,0.917602,-0.397500,0.000001,0.933795,-0.357807,0.000000,-21.995330,-27.557090,0,6,29.481110,0.099440,0,0
21.840400,-15.711720,196.306300,702.048000,0,0,0,0,0,0,0.000000,0.000000,0.000000,0.000000,0.510075,0.000000,0.000000,0.000000,0.000000,0.917602,-0.397500,0.000001,0.933795,-0.357807,0.000000,-22.093440,-27.648690,0,6,29.554380,0.099440,0,0
21.850400,-15.703710,196.084400,702.244100,0,0,0,0,0,0,0.000000,0.000000,0.000000,0.000000,0.510075,0.000000,0.000000,0.000000,0.000000,0.917602,-0.397500,0.000001,0.933795,-0.357807,0.000000,-22.191540,-27.740300,0,6,29.627780,0.099440,0,0
21.860400,-15.695710,195.861500,702.440300,0,0,0,0,0,0,0.000000,0.000000,0.000000,0.000000,0.510075,0.000000,0.000000,0.000000,0.000000,0.917602,-0.397500,0.000001,0.933795,-0.357807,0.000000,-22.289640,-27.831900,0,6,29.701330,0.103743,0,0
21.870410,-15.687700,195.637600,702.636500,0,0,0,0,0,0,0.000000,0.000000,0.000000,0.000000,0.510075,0.000000,0.000000,0.000000,0.000000,0.917602,-0.397500,0.000001,0.933795,-0.357807,0.000000,-22.387740,-27.923510,0,6,29.775020,0.107752,0,0
21.880410,-15.679690,195.412800,702.832600,0,0,0,0,0,0,0.000000,0.000000,0.000000,0.000000,0.510075,0.000000,0.000000,0.000000,0.000000,0.917602,-0.397500,0.000001,0.933795,-0.357807,0.000000,-22.485840,-28.015120,0,6,29.848860,0.111483,0,0
21.890410,-15.671690,195.187000,703.028800,0,0,0,0,0,0,0.000000,0.000000,0.000000,0.000000,0.510075,0.000000,0.000000,0.000000,0.000000,0.917602,-0.397500,0.000001,0.933795,-0.357807,0.000000,-22.583940,-28.106720,0,6,29.922830,0.114953,0,0
21.900410,-15.663680,194.960100,703.225000,0,0,0,0,0,0,0.000000,0.000000,0.000000,0.000000,0.510075,0.000000,0.000000,0.000000,0.000000,0.917602,-0.397500,0.000001,0.933795,-0.357807,0.000000,-22.682040,-28.198330,0,6,29.996940,0.118177,0,0
21.910410,-15.655670,194.732300,703.421100,0,0,0,0,0,0,0.000000,0.000000,0.000000,0.000000,0.510075,0.000000,0.000000,0.000000,0.000000,0.917602,-0.397500,0.000001,0.933795,-0.357807,0.000000,-22.780140,-28.289930,0,6,30.071180,0.121168,0,0
21.920410,-15.647670,194.503600,703.617300,0,0,0,0,0,0,0.000000,0.000000,0.000000,0.000000,0.510075,0.000000,0.000000,0.000000,0.000000,0.917602,-0.397500,0.000001,0.933795,-0.357807,0.000000,-22.878240,-28.381540,0,6,30.145570,0.123939,0,0
21.930410,-15.639660,194.273800,703.813500,1,1,1,1,2,2,0.941531,0.948613,0.941647,0.948589,0.945118,0.027326,0.975072,0.220200,0.027329,0.975086,0.220138,0.027329,0.975086,0.220138,0.000000,-4.518890,0.000000,1,7,20.416960,-13.125020,0,0
21.940410,-15.628900,194.227600,704.012100,1,1,1,1,2,2,0.940329,0.948242,0.940121,0.948217,0.944169,0.027331,0.975120,0.219985,0.027329,0.975086,0.220138,0.027329,0.975086,0.220138,0.000000,-4.613931,-0.095657,1,7,20.426030,-1.239628,0,0
21.950410,-15.618310,194.180600,704.210700,1,1,1,1,2,2,0.937915,0.947048,0.938032,0.947167,0.942600,0.027993,0.975169,0.219685,0.027991,0.975209,0.219508,0.027386,0.975097,0.220084,0.000000,-4.708880,-0.192337,1,7,20.435470,-1.460229,0,0
21.960410,-15.607910,194.132500,704.409200,1,1,1,1,2,2,0.935240,0.944449,0.935025,0.944221,0.939623,0.027984,0.975278,0.219201,0.027991,0.975209,0.219508,0.027438,0.975106,0.220034,0.000000,-4.803732,-0.288887,1,7,20.445280,-1.681110,0,0
21.970410,-15.597730,194.083500,704.607500,1,1,1,1,2,2,0.931222,0.940497,0.931173,0.940474,0.935823,0.027997,0.975269,0.219242,0.027992,0.975266,0.219257,0.027486,0.975120,0.219967,0.000000,-4.898489,-0.385763,1,7,20.455450,-1.892765,0,0
21.980410,-15.587780,194.033600,704.805800,1,1,1,1,2,2,0.925595,0.935628,0.925654,0.935592,0.930623,0.028654,0.975426,0.218457,0.028653,0.975388,0.218627,0.027586,0.975143,0.219852,0.000000,-4.993145,-0.483556,1,7,20.465980,-2.106412,0,0
21.990410,-15.578090,193.982700,705.003900,1,1,1,1,2,2,0.919524,0.929803,0.919429,0.929782,0.924606,0.028645,0.975372,0.218699,0.028653,0.975388,0.218627,0.027678,0.975164,0.219746,0.000000,-5.087697,-0.581112,1,7,20.476850,-2.325710,0,0
22.000410,-15.568680,193.930900,705.201900,1,1,1,1,2,2,0.912319,0.922408,0.912240,0.922454,0.917347,0.029311,0.975525,0.217928,0.029315,0.975509,0.217997,0.027819,0.975194,0.219596,0.000000,-5.182137,-0.679524,1,7,20.488060,-2.551749,0,0
22.010410,-15.559580,193.878200,705.399800,1,1,1,1,2,2,0.903981,0.914453,0.904047,0.914506,0.909276,0.029318,0.975576,0.217699,0.029315,0.975509,0.217997,0.027948,0.975221,0.219458,0.338240,-5.276458,-0.777642,1,7,20.499580,-2.785887,0,0
22.020410,-15.550810,193.824500,705.597500,1,1,1,1,2,2,0.894840,0.905559,0.894813,0.905523,0.900168,0.029318,0.975576,0.217699,0.029316,0.975565,0.217746,0.028066,0.975251,0.219311,4.350915,-5.367355,-0.872558,1,7,20.511270,-3.027769,0,0
22.030410,-15.542370,193.770300,705.795300,1,1,1,1,2,2,0.885165,0.896121,0.885144,0.896102,0.890623,0.029322,0.975575,0.217699,0.029316,0.975565,0.217746,0.028173,0.975278,0.219176,7.431796,-5.418989,-0.927057,1,7,20.521370,-3.276769,0,0
22.040410,-15.534300,193.715900,705.993100,1,1,1,1,2,2,0.875253,0.886499,0.875245,0.886442,0.880843,0.029322,0.975569,0.217726,0.029316,0.975565,0.217746,0.028272,0.975302,0.219053,9.778372,-5.440454,-0.950497,1,7,20.529990,-3.530801,0,0
22.050410,-15.526600,193.661500,706.191000,1,1,1,1,2,2,0.865388,0.876930,0.865354,0.876882,0.871118,0.029321,0.975579,0.217685,0.029316,0.975565,0.217746,0.028362,0.975325,0.218940,11.523000,-5.438919,-0.950253,1,7,20.537350,-3.788044,0,0
22.060410,-15.519310,193.607300,706.389000,1,1,1,1,2,2,0.855699,0.867493,0.855677,0.867482,0.861580,0.029322,0.975575,0.217699,0.029316,0.975565,0.217746,0.028444,0.975346,0.218838,12.793150,-5.420257,-0.932373,1,7,20.543730,-4.046420,0,0
22.070410,-15.512430,193.553400,706.587200,1,1,1,1,2,2,0.846329,0.858422,0.846298,0.858373,0.852336,0.029320,0.975573,0.217712,0.029316,0.975565,0.217746,0.028519,0.975364,0.218744,13.688520,-5.389099,-0.901626,1,7,20.549370,-4.303738,0,0
22.080410,-15.506010,193.499900,706.785500,1,1,1,1,2,2,0.837343,0.849788,0.837315,0.849760,0.843538,0.029314,0.975576,0.217699,0.029316,0.975565,0.217746,0.028588,0.975382,0.218658,14.276160,-5.349100,-0.861779,1,7,20.554480,-4.557761,0,0
22.090410,-15.500050,193.446900,706.984100,1,1,1,1,2,2,0.828822,0.841608,0.828817,0.841588,0.835203,0.029311,0.975576,0.217699,0.029316,0.975565,0.217746,0.028650,0.975398,0.218579,14.630410,-5.303261,-0.815928,1,7,20.559240,-4.806322,0,0
22.100410,-15.494580,193.394300,707.182800,1,1,1,1,2,2,0.820864,0.833990,0.820823,0.833950,0.827387,0.029313,0.975579,0.217685,0.029316,0.975565,0.217746,0.028708,0.975412,0.218507,14.799760,-5.253860,-0.766422,1,7,20.563750,-5.047360,0,0
22.110410,-15.489630,193.342300,707.381700,1,1,1,1,2,2,0.813384,0.826833,0.813350,0.826807,0.820078,0.029318,0.975576,0.217699,0.029316,0.975565,0.217746,0.028760,0.975425,0.218442,14.832860,-5.202697,-0.715122,1,7,20.568120,-5.278970,0,0
22.120410,-15.485220,193.290800,707.580800,1,1,1,1,2,2,0.806440,0.820230,0.806412,0.820197,0.813304,0.029313,0.975579,0.217685,0.029316,0.975565,0.217746,0.028808,0.975437,0.218382,14.759350,-5.151103,-0.663402,1,7,20.572400,-5.499440,0,0
22.130410,-15.481360,193.239800,707.780100,1,1,1,1,2,2,0.800023,0.814141,0.800017,0.814131,0.807074,0.029334,0.975569,0.217726,0.029316,0.975565,0.217746,0.028852,0.975448,0.218327,14.604290,-5.100117,-0.612338,1,7,20.576620,-5.707267,0,0
22.140410,-15.478080,193.189300,707.979600,1,1,1,1,2,2,0.794099,0.808598,0.794066,0.808579,0.801323,0.029318,0.975576,0.217699,0.029316,0.975565,0.217746,0.028892,0.975458,0.218277,14.400020,-5.050534,-0.562753,1,7,20.580810,-5.901176,0,0
22.150410,-15.475400,193.139300,708.179200,1,1,1,1,2,2,0.788650,0.803529,0.788638,0.803487,0.796062,0.029322,0.975575,0.217699,0.029316,0.975565,0.217746,0.028928,0.975467,0.218231,14.156760,-5.002835,-0.515146,1,7,20.584980,-6.080112,0,0
22.160410,-15.473340,193.089700,708.379000,1,1,1,1,2,2,0.783686,0.798897,0.783652,0.798881,0.791266,0.029321,0.975579,0.217685,0.029316,0.975565,0.217746,0.028962,0.975476,0.218190,13.889400,-4.957403,-0.469916,1,7,20.589110,-6.243239,0,0
22.170410,-15.471910,193.040500,708.579000,1,1,1,1,2,2,0.779131,0.794717,0.779111,0.794704,0.786908,0.029314,0.975576,0.217699,0.029316,0.975565,0.217746,0.028992,0.975484,0.218151,13.608730,-4.914474,-0.427306,1,7,20.593220,-6.389926,0,0
22.180410,-15.471120,192.991800,708.779100,1,1,1,1,2,2,0.774983,0.790965,0.774973,0.790938,0.782955,0.029330,0.975569,0.217726,0.029316,0.975565,0.217746,0.029020,0.975491,0.218116,13.324030,-4.874182,-0.387457,1,7,20.597300,-6.519757,0,0
22.190410,-15.470990,192.943400,708.979400,1,1,1,1,2,2,0.771793,0.787590,0.771766,0.787537,0.779652,0.029864,0.975677,0.217170,0.029861,0.975664,0.217226,0.029092,0.975506,0.218040,13.016100,-4.836569,-0.351347,1,7,20.601340,-6.632660,0,0
22.200410,-15.471520,192.895400,709.179700,1,1,1,1,2,2,0.768177,0.796058,0.768150,0.785198,0.776674,0.038960,0.977229,0.208583,0.030405,0.975763,0.216707,0.029205,0.975528,0.217925,12.747100,-4.801861,-0.319139,1,7,20.605340,-6.728014,0,0
22.210410,-15.472730,192.847700,709.380200,1,1,1,1,2,2,0.764535,0.782287,0.764839,0.782260,0.773549,0.030404,0.975718,0.216911,0.030405,0.975763,0.216707,0.029309,0.975548,0.217820,12.567170,-4.769681,-0.289437,1,7,20.609280,-6.805809,0,0
22.220410,-15.474620,192.800300,709.580900,1,1,1,1,2,2,0.761538,0.779343,0.761556,0.779325,0.770441,0.030398,0.975664,0.217153,0.030402,0.975660,0.217170,0.029403,0.975558,0.217764,12.404040,-4.739164,-0.260526,1,7,20.613150,-6.866828,0,0
22.230410,-15.477200,192.753200,709.781600,1,1,1,1,2,2,0.758900,0.777049,0.758923,0.777064,0.767993,0.030402,0.975658,0.217180,0.030402,0.975660,0.217170,0.029489,0.975567,0.217713,12.160650,-4.710155,-0.233164,1,7,20.616970,-6.911331,0,0
22.240410,-15.480480,192.706400,709.982400,1,1,1,1,2,2,0.756025,0.775041,0.756015,0.775040,0.765528,0.030939,0.975753,0.216679,0.030946,0.975759,0.216650,0.029614,0.975583,0.217622,12.003290,-4.683444,-0.209113,1,7,20.620750,-6.939878,0,0
22.250410,-15.484440,192.659800,710.183200,1,1,1,1,2,2,0.753678,0.773255,0.753670,0.773243,0.763457,0.030947,0.975758,0.216652,0.030946,0.975759,0.216650,0.029729,0.975598,0.217538,11.810660,-4.658195,-0.186488,1,7,20.624490,-6.952383,0,0
22.260410,-15.489100,192.613500,710.384200,1,1,1,1,2,2,0.751586,0.771118,0.751570,0.771084,0.761327,0.031483,0.975856,0.216136,0.031490,0.975857,0.216131,0.029880,0.975621,0.217417,11.697300,-4.634760,-0.166613,1,7,20.628180,-6.950020,0,0
22.270410,-15.494450,192.567300,710.585200,1,1,1,1,2,2,0.749894,0.769766,0.749865,0.769748,0.759806,0.031475,0.975742,0.216648,0.031487,0.975754,0.216594,0.030019,0.975632,0.217346,11.476460,-4.612370,-0.146827,1,7,20.631840,-6.932874,0,0
22.280410,-15.500490,192.521400,710.786300,1,1,1,1,2,2,0.748302,0.768493,0.748286,0.768461,0.758373,0.031483,0.975742,0.216648,0.031487,0.975754,0.216594,0.030145,0.975643,0.217281,11.292190,-4.592083,-0.129134,1,7,20.635480,-6.902078,0,0
22.290410,-15.507220,192.475700,710.987500,1,1,1,1,2,2,0.746889,0.767384,0.746852,0.767344,0.757098,0.031493,0.975739,0.216661,0.031487,0.975754,0.216594,0.030260,0.975652,0.217222,11.122960,-4.573550,-0.113178,1,7,20.639110,-6.858353,0,0
22.300420,-15.514620,192.430100,711.188700,1,1,1,1,2,2,0.745616,0.766396,0.745592,0.766399,0.755995,0.031485,0.975739,0.216661,0.031487,0.975754,0.216594,0.030366,0.975661,0.217168,10.962480,-4.556633,-0.098816,1,7,20.642750,-6.802424,0,0
22.310420,-15.522710,192.384700,711.389900,1,1,1,1,2,2,0.744459,0.765604,0.744453,0.765572,0.755012,0.031483,0.975736,0.216675,0.031487,0.975754,0.216594,0.030463,0.975669,0.217119,10.818350,-4.541256,-0.085970,1,7,20.646380,-6.735036,0,0
22.320420,-15.531450,192.339400,711.591200,1,1,1,1,2,2,0.743486,0.764863,0.743490,0.764844,0.754167,0.031495,0.975736,0.216675,0.031487,0.975754,0.216594,0.030551,0.975676,0.217073,10.683400,-4.527267,-0.074482,1,7,20.650040,-6.656914,0,0
22.330420,-15.540860,192.294300,711.792500,1,1,1,1,2,2,0.742593,0.764304,0.742548,0.764254,0.753401,0.031487,0.975742,0.216648,0.031487,0.975754,0.216594,0.030631,0.975683,0.217032,10.565940,-4.514585,-0.064267,1,7,20.653710,-6.568811,0,0
22.340420,-15.550920,192.249300,711.993800,1,1,1,1,2,2,0.741817,0.763774,0.741795,0.763747,0.752771,0.031491,0.975742,0.216648,0.031487,0.975754,0.216594,0.030705,0.975689,0.216994,10.451590,-4.503047,-0.055155,1,7,20.657420,-6.471431,0,0
22.350420,-15.561620,192.204300,712.195200,1,1,1,1,2,2,0.741150,0.763340,0.741123,0.763316,0.752219,0.031485,0.975745,0.216635,0.031487,0.975754,0.216594,0.030772,0.975695,0.216960,10.350140,-4.492630,-0.047122,1,7,20.661170,-6.365541,0,0
22.360420,-15.572940,192.159500,712.396600,1,1,1,1,2,2,0.740532,0.762998,0.740507,0.762974,0.751741,0.031497,0.975739,0.216661,0.031487,0.975754,0.216594,0.030834,0.975700,0.216928,10.259420,-4.483216,-0.040044,1,7,20.664960,-6.251818,0,0
22.370420,-15.584880,192.114800,712.598000,1,1,1,1,2,2,0.739982,0.762708,0.739949,0.762697,0.751323,0.031491,0.975736,0.216675,0.031487,0.975754,0.216594,0.030890,0.975704,0.216900,10.178920,-4.474708,-0.033817,1,7,20.668810,-6.131006,0,0
22.380420,-15.597430,192.070100,712.799500,1,1,1,1,2,2,0.739512,0.762469,0.739480,0.762460,0.750970,0.031483,0.975742,0.216648,0.031487,0.975754,0.216594,0.030941,0.975709,0.216873,10.105700,-4.467012,-0.028344,1,7,20.672730,-6.003766,0,0
22.390420,-15.610570,192.025500,713.001000,1,1,1,1,2,2,0.739103,0.762291,0.739091,0.762281,0.750686,0.031473,0.975739,0.216662,0.031487,0.975754,0.216594,0.030988,0.975713,0.216849,10.037170,-4.460065,-0.023555,1,7,20.676710,-5.870755,0,0
22.400420,-15.624280,191.980900,713.202500,1,1,1,1,2,2,0.738756,0.762157,0.738698,0.762132,0.750415,0.031487,0.975742,0.216648,0.031487,0.975754,0.216594,0.031031,0.975716,0.216827,9.982231,-4.453827,-0.019409,1,7,20.680770,-5.732628,0,0
22.410420,-15.638560,191.936500,713.403900,1,1,1,1,2,2,0.738417,0.762055,0.738393,0.762035,0.750214,0.031487,0.975736,0.216675,0.031487,0.975754,0.216594,0.031070,0.975720,0.216807,9.927594,-4.448172,-0.015771,1,7,20.684910,-5.589991,0,0
22.420420,-15.653390,191.892000,713.605500,1,1,1,1,2,2,0.738117,0.761978,0.738103,0.761969,0.750036,0.031485,0.975739,0.216661,0.031487,0.975754,0.216594,0.031106,0.975722,0.216789,9.881501,-4.443100,-0.012643,1,7,20.689140,-5.443454,0,0
22.430420,-15.668750,191.847600,713.807000,1,1,1,1,2,2,0.738156,0.761927,0.738256,0.761910,0.750083,0.031840,0.975782,0.216417,0.031842,0.975818,0.216255,0.031170,0.975731,0.216743,9.822055,-4.438536,-0.010601,1,7,20.693460,-5.293602,0,0
22.440420,-15.684630,191.803300,714.008500,1,1,1,1,2,2,0.737782,0.762230,0.737863,0.762328,0.750095,0.032203,0.975830,0.216145,0.032197,0.975881,0.215916,0.031258,0.975744,0.216672,9.798102,-4.434611,-0.009728,1,7,20.697870,-5.140671,0,0
22.450420,-15.701020,191.759000,714.210100,1,1,1,1,2,2,0.737791,0.762060,0.737521,0.762143,0.749832,0.032203,0.975887,0.215889,0.032197,0.975881,0.215916,0.031339,0.975755,0.216607,9.826304,-4.430982,-0.008959,1,7,20.702370,-4.985257,0,0
22.460420,-15.717890,191.714700,714.411700,1,1,1,1,2,2,0.737168,0.761933,0.737251,0.762039,0.749645,0.032197,0.975833,0.216131,0.032197,0.975881,0.215916,0.031413,0.975766,0.216547,9.830754,-4.427145,-0.007784,1,7,20.706970,-4.828121,0,0
22.470420,-15.735240,191.670500,714.613300,1,1,1,1,2,2,0.736264,0.761294,0.736263,0.761282,0.748773,0.032188,0.975603,0.217168,0.032188,0.975628,0.217058,0.031479,0.975754,0.216591,9.902411,-4.423336,-0.004372,1,7,20.711660,-4.669720,0,0
22.480420,-15.753040,191.626300,714.814900,1,1,1,1,2,2,0.735707,0.761420,0.735836,0.761422,0.748629,0.032541,0.975706,0.216654,0.032543,0.975691,0.216719,0.031571,0.975749,0.216602,9.843460,-4.418903,-0.000984,1,7,20.716470,-4.510355,0,0
22.490420,-15.771290,191.582200,715.016500,1,1,1,1,2,2,0.735798,0.761313,0.735731,0.761251,0.748491,0.032888,0.975698,0.216638,0.032898,0.975755,0.216381,0.031685,0.975749,0.216583,9.815300,-4.415123,0.001135,1,7,20.721380,-4.350331,0,0
22.500420,-15.789960,191.538000,715.218200,1,1,1,1,2,2,0.735709,0.761377,0.735650,0.761294,0.748472,0.032896,0.975698,0.216638,0.032898,0.975755,0.216381,0.031790,0.975750,0.216566,9.771656,-4.411698,0.003017,1,7,20.726400,-4.190043,0,0
22.510420,-15.809040,191.494000,715.419900,1,1,1,1,2,2,0.735473,0.761412,0.735582,0.761362,0.748472,0.032904,0.975754,0.216382,0.032898,0.975755,0.216381,0.031885,0.975750,0.216550,9.734430,-4.408780,0.004506,1,7,20.731530,-4.030502,0,0
22.520420,-15.828510,191.449900,715.621600,1,1,1,1,2,2,0.736064,0.762013,0.736035,0.761989,0.749012,0.032893,0.975470,0.217661,0.032890,0.975501,0.217523,0.031972,0.975729,0.216633,9.556202,-4.406308,0.007742,1,7,20.736770,-3.871387,0,0
22.530420,-15.848370,191.405800,715.823300,1,1,1,1,2,2,0.736272,0.762320,0.736258,0.762315,0.749287,0.032891,0.975467,0.217675,0.032890,0.975501,0.217523,0.032051,0.975709,0.216710,9.473691,-4.405663,0.009056,1,7,20.742120,-3.713169,0,0
22.540420,-15.868590,191.361800,716.025000,1,1,1,1,2,2,0.736458,0.762617,0.736439,0.762598,0.749518,0.032891,0.975467,0.217675,0.032890,0.975501,0.217523,0.032123,0.975691,0.216780,9.422838,-4.405910,0.009415,1,7,20.747590,-3.556266,0,0
22.550420,-15.889150,191.317700,716.226800,1,1,1,1,2,2,0.736664,0.762919,0.736623,0.762895,0.749759,0.032883,0.975473,0.217648,0.032890,0.975501,0.217523,0.032189,0.975675,0.216844,9.385988,-4.406741,0.009150,1,7,20.753170,-3.400998,0,0
22.560420,-15.910050,191.273600,716.428600,1,1,1,1,2,2,0.736793,0.763112,0.736796,0.763126,0.749961,0.032893,0.975464,0.217688,0.032890,0.975501,0.217523,0.032249,0.975660,0.216902,9.368014,-4.408021,0.008411,1,7,20.758860,-3.247617,0,0
22.570420,-15.931270,191.229500,716.630400,1,1,1,1,2,2,0.736965,0.763332,0.736965,0.763335,0.750150,0.032895,0.975473,0.217648,0.032890,0.975501,0.217523,0.032304,0.975646,0.216956,9.359253,-4.409566,0.007396,1,7,20.764670,-3.096323,0,0
22.580420,-15.952800,191.185400,716.832200,1,1,1,1,2,2,0.737076,0.763567,0.737055,0.763542,0.750299,0.032893,0.975470,0.217661,0.032890,0.975501,0.217523,0.032355,0.975634,0.217005,9.362113,-4.411286,0.006205,1,7,20.770570,-2.947361,0,0
22.590420,-15.974610,191.141300,717.034100,1,1,1,1,2,2,0.737214,0.763713,0.737153,0.763671,0.750412,0.032881,0.975470,0.217661,0.032890,0.975501,0.217523,0.032401,0.975623,0.217049,9.372632,-4.413067,0.004964,1,7,20.776590,-2.800883,0,0
22.600420,-15.996700,191.097200,717.236000,1,1,1,1,2,2,0.737275,0.763870,0.737271,0.763870,0.750570,0.032885,0.975464,0.217688,0.032890,0.975501,0.217523,0.032443,0.975612,0.217090,9.374248,-4.414835,0.003755,1,7,20.782710,-2.657046,0,0
22.610420,-16.019050,191.053000,717.437900,1,1,1,1,2,2,0.737370,0.763980,0.737352,0.763982,0.750667,0.032885,0.975464,0.217688,0.032890,0.975501,0.217523,0.032481,0.975603,0.217127,9.388210,-4.416675,0.002496,1,7,20.788930,-2.516433,0,0
22.620420,-16.041650,191.008800,717.639800,1,1,1,1,2,2,0.737432,0.764077,0.737412,0.764071,0.750741,0.032883,0.975467,0.217675,0.032890,0.975501,0.217523,0.032516,0.975594,0.217161,9.404209,-4.418462,0.001316,1,7,20.795240,-2.383067,0,0
22.630420,-16.064490,190.964600,717.841800,1,1,1,1,2,2,0.737464,0.764156,0.737443,0.764145,0.750794,0.032885,0.975470,0.217661,0.032890,0.975501,0.217523,0.032549,0.975586,0.217192,9.421463,-4.420172,0.000242,1,7,20.801630,-2.256689,0,0
22.640420,-16.087550,190.920400,718.043800,1,1,1,1,2,2,0.737515,0.764210,0.737501,0.764198,0.750850,0.032889,0.975470,0.217661,0.032890,0.975501,0.217523,0.032578,0.975579,0.217221,9.435212,-4.421791,-0.000709,1,7,20.808110,-2.136237,0,0
22.650420,-16.110820,190.876100,718.245800,1,1,1,1,2,2,0.737865,0.764267,0.737670,0.764235,0.750953,0.033004,0.975518,0.217432,0.033004,0.975521,0.217414,0.032615,0.975574,0.217237,9.443614,-4.423368,-0.001788,1,7,20.814680,-1.997315,0,0
22.660420,-16.134290,190.831900,718.447900,1,1,1,1,2,2,0.737808,0.773757,0.737634,0.764413,0.751024,0.039952,0.976700,0.210856,0.033117,0.975542,0.217306,0.032658,0.975571,0.217243,9.461750,-4.424949,-0.003026,1,7,20.821340,-1.866580,0,0
22.670420,-16.157960,190.787600,718.650100,1,1,1,1,2,2,0.737771,0.764543,0.737597,0.764360,0.750979,0.033129,0.975561,0.217215,0.033117,0.975542,0.217306,0.032697,0.975568,0.217249,9.496320,-4.426346,-0.004086,1,7,20.828010,-1.874130,0,0
22.680420,-16.181820,190.743300,718.852300,1,1,1,1,2,2,0.737717,0.764169,0.737545,0.764317,0.750931,0.033119,0.975514,0.217431,0.033117,0.975542,0.217306,0.032734,0.975566,0.217254,9.522809,-4.427374,-0.004801,1,7,20.834670,-1.915709,0,0
22.690420,-16.205900,190.699100,719.054500,1,1,1,1,2,2,0.737348,0.764440,0.737499,0.764279,0.750889,0.033123,0.975508,0.217458,0.033117,0.975542,0.217306,0.032767,0.975564,0.217258,9.541631,-4.428116,-0.005254,1,7,20.841320,-1.952666,0,0
22.700420,-16.230180,190.654800,719.256800,1,1,1,1,2,2,0.737458,0.764069,0.737341,0.764197,0.750769,0.033234,0.975561,0.217201,0.033231,0.975562,0.217197,0.032807,0.975564,0.217253,9.575433,-4.428650,-0.005741,1,7,20.847960,-1.984747,0,0
22.710420,-16.254670,190.610500,719.459100,1,1,1,1,2,2,0.737220,0.763992,0.737281,0.764144,0.750713,0.033233,0.975450,0.217699,0.033231,0.975562,0.217197,0.032843,0.975564,0.217248,9.588859,-4.428856,-0.005873,1,7,20.854640,-1.982863,0,0
22.720420,-16.279370,190.566200,719.661400,1,1,1,1,2,2,0.736300,0.762967,0.736258,0.763081,0.749669,0.033331,0.975164,0.218963,0.033332,0.975207,0.218772,0.032885,0.975533,0.217379,9.704498,-4.428938,-0.002999,1,7,20.861340,-1.974788,0,0
22.730420,-16.304270,190.521900,719.863800,1,1,1,1,2,2,0.736596,0.763203,0.736556,0.763333,0.749945,0.033321,0.975167,0.218950,0.033332,0.975207,0.218772,0.032924,0.975505,0.217499,9.559599,-4.427905,0.000803,1,7,20.868090,-1.960688,0,0
22.740430,-16.329380,190.477600,720.066300,1,1,1,1,2,2,0.736740,0.763448,0.736839,0.763570,0.750205,0.033339,0.975221,0.218707,0.033332,0.975207,0.218772,0.032959,0.975479,0.217609,9.458970,-4.428301,0.002945,1,7,20.874890,-1.941475,0,0
22.750430,-16.354690,190.433300,720.268800,1,1,1,1,2,2,0.737021,0.763659,0.737135,0.763793,0.750464,0.033337,0.975224,0.218694,0.033332,0.975207,0.218772,0.032991,0.975456,0.217709,9.388436,-4.429698,0.003889,1,7,20.881740,-1.916278,0,0
22.760430,-16.380200,190.389000,720.471300,1,1,1,1,2,2,0.737269,0.763902,0.737390,0.764600,0.750995,0.033331,0.975221,0.218708,0.033326,0.975018,0.219613,0.033020,0.975418,0.217873,9.252442,-4.431809,0.005493,1,7,20.888650,-1.882956,0,0
22.770430,-16.405910,190.344700,720.673900,1,1,1,1,2,2,0.738480,0.765134,0.738481,0.765129,0.751805,0.033318,0.974770,0.220712,0.033319,0.974828,0.220455,0.033046,0.975367,0.218095,9.068760,-4.435278,0.006987,1,7,20.895610,-1.841741,0,0
22.780430,-16.431800,190.300300,720.876500,1,1,1,1,2,2,0.739057,0.765637,0.739053,0.765627,0.752340,0.033318,0.974770,0.220712,0.033319,0.974828,0.220455,0.033069,0.975321,0.218298,8.990458,-4.440576,0.006248,1,7,20.902650,-1.792928,0,0
22.790430,-16.457880,190.255800,721.079200,1,1,1,1,2,2,0.739525,0.766050,0.739544,0.766050,0.752797,0.033332,0.974772,0.220698,0.033319,0.974828,0.220455,0.033091,0.975278,0.218484,8.954931,-4.446679,0.004364,1,7,20.909760,-1.737020,0,0
22.800430,-16.484150,190.211300,721.281900,1,1,1,1,2,2,0.739973,0.766397,0.739997,0.766402,0.753199,0.033310,0.974770,0.220712,0.033319,0.974828,0.220455,0.033110,0.975240,0.218653,8.946335,-4.453173,0.001796,1,7,20.916950,-1.674391,0,0
22.810430,-16.510580,190.166700,721.484600,1,1,1,1,2,2,0.740380,0.766670,0.740376,0.766676,0.753526,0.033318,0.974770,0.220712,0.033319,0.974828,0.220455,0.033128,0.975204,0.218808,8.961045,-4.459800,-0.001159,1,7,20.924200,-1.605444,0,0
22.820430,-16.537180,190.122000,721.687300,1,1,1,1,2,2,0.740668,0.766903,0.740682,0.766914,0.753798,0.033328,0.974766,0.220726,0.033319,0.974828,0.220455,0.033145,0.975172,0.218950,8.988870,-4.466337,-0.004242,1,7,20.931530,-1.530504,0,0
22.830430,-16.563940,190.077300,721.890100,1,1,1,1,2,2,0.740966,0.767072,0.740950,0.767084,0.754017,0.033316,0.974773,0.220699,0.033319,0.974828,0.220455,0.033160,0.975142,0.219080,9.025549,-4.472660,-0.007298,1,7,20.938920,-1.450026,0,0
22.840430,-16.590850,190.032500,722.093000,1,1,1,1,2,2,0.741160,0.767219,0.741157,0.767197,0.754177,0.033332,0.974772,0.220698,0.033319,0.974828,0.220455,0.033174,0.975115,0.219198,9.069443,-4.478685,-0.010216,1,7,20.946390,-1.364396,0,0
22.850430,-16.617890,189.987700,722.295800,1,1,1,1,2,2,0.741305,0.767280,0.741307,0.767264,0.754285,0.033310,0.974770,0.220712,0.033319,0.974828,0.220455,0.033186,0.975091,0.219306,9.116876,-4.484346,-0.012904,1,7,20.953920,-1.274012,0,0
22.860430,-16.645070,189.942800,722.498800,1,1,1,1,2,2,0.741440,0.767261,0.741455,0.767278,0.754367,0.033314,0.974764,0.220740,0.033319,0.974828,0.220455,0.033198,0.975068,0.219405,9.162184,-4.489611,-0.015310,1,7,20.961510,-1.179317,0,0
22.870430,-16.672360,189.897800,722.701800,1,1,1,1,2,2,0.741533,0.767222,0.741345,0.767255,0.754300,0.033154,0.974772,0.220727,0.033163,0.974800,0.220604,0.033195,0.975045,0.219508,9.219383,-4.494502,-0.017129,1,7,20.969160,-1.080681,0,0
22.880430,-16.699770,189.852800,722.904800,1,1,1,1,2,2,0.741653,0.743080,0.741465,0.766974,0.754220,0.016797,0.971563,0.236186,0.033007,0.974771,0.220753,0.033178,0.975021,0.219615,9.261803,-4.498907,-0.018254,1,7,20.976870,-0.978613,0,0
22.890430,-16.727280,189.807800,723.108000,1,1,1,1,2,2,0.741443,0.767141,0.741577,0.766966,0.754271,0.032997,0.974716,0.220998,0.033007,0.974771,0.220753,0.033164,0.975000,0.219713,9.274704,-4.502971,-0.019152,1,7,20.984630,-0.873511,0,0
22.900430,-16.754870,189.762700,723.311200,1,1,1,1,2,2,0.741815,0.767085,0.741636,0.766935,0.754285,0.033019,0.974776,0.220728,0.033007,0.974771,0.220753,0.033150,0.974980,0.219803,9.295758,-4.506984,-0.020100,1,7,20.992440,-0.765661,0,0
22.910430,-16.782540,189.717600,723.514400,1,1,1,1,2,2,0.741529,0.767014,0.741674,0.766825,0.754249,0.033005,0.974716,0.220998,0.033007,0.974771,0.220753,0.033138,0.974962,0.219884,9.324554,-4.510868,-0.021003,1,7,21.000290,-0.655403,0,0
22.920430,-16.810280,189.672500,723.717700,1,1,1,1,2,2,0.742132,0.766903,0.741874,0.766714,0.754294,0.032860,0.974724,0.220985,0.032850,0.974743,0.220902,0.033113,0.974943,0.219972,9.327729,-4.514546,-0.021458,1,7,21.008190,-0.543098,0,0
22.930430,-16.838070,189.627300,723.921100,1,1,1,1,2,2,0.742000,0.766779,0.741949,0.766734,0.754342,0.032707,0.974777,0.220771,0.032694,0.974714,0.221051,0.033077,0.974924,0.220065,9.325910,-4.518271,-0.021735,1,7,21.016120,-0.429218,0,0
22.940430,-16.865910,189.582100,724.124500,1,1,1,1,2,2,0.742073,0.766718,0.741980,0.766616,0.754298,0.032689,0.974781,0.220758,0.032694,0.974714,0.221051,0.033044,0.974906,0.220150,9.345314,-4.522091,-0.022207,1,7,21.024090,-0.314105,0,0
22.950430,-16.893770,189.536800,724.328000,1,1,1,1,2,2,0.742091,0.766792,0.741994,0.766533,0.754264,0.032675,0.974733,0.220972,0.032694,0.974714,0.221051,0.033014,0.974889,0.220227,9.362324,-4.525799,-0.022645,1,7,21.032090,-0.197987,0,0
22.960430,-16.921660,189.491500,724.531600,1,1,1,1,2,2,0.742117,0.765310,0.742023,0.765093,0.753558,0.032676,0.974488,0.222050,0.032686,0.974487,0.222053,0.032986,0.974855,0.220384,9.453188,-4.529418,-0.021214,1,7,21.040120,-0.081095,0,0
22.970430,-16.949550,189.446200,724.735200,1,1,1,1,2,2,0.741116,0.765436,0.741055,0.765383,0.753219,0.032673,0.974319,0.222789,0.032678,0.974258,0.223056,0.032959,0.974803,0.220614,9.416394,-4.532228,-0.017317,1,7,21.048180,0.036329,0,0
22.980430,-16.977450,189.400800,724.938900,1,1,1,1,2,2,0.741521,0.765685,0.741470,0.765642,0.753556,0.032693,0.974312,0.222817,0.032678,0.974258,0.223056,0.032935,0.974756,0.220824,9.277556,-4.535476,-0.014213,1,7,21.056260,0.153968,0,0
22.990430,-17.005320,189.355500,725.142700,1,1,1,1,2,2,0.742087,0.766154,0.741871,0.765895,0.753883,0.032681,0.974202,0.223300,0.032678,0.974258,0.223056,0.032913,0.974713,0.221017,9.185145,-4.540154,-0.012885,1,7,21.064380,0.271449,0,0
23.000430,-17.033170,189.310000,725.346600,1,1,1,1,2,2,0.742463,0.766165,0.742220,0.766110,0.754165,0.032679,0.974264,0.223031,0.032678,0.974258,0.223056,0.032893,0.974674,0.221192,9.132763,-4.545807,-0.012835,1,7,21.072510,0.388537,0,0
23.010430,-17.060980,189.264500,725.550500,1,1,1,1,2,2,0.743376,0.767162,0.743273,0.767113,0.755193,0.032656,0.973840,0.224874,0.032663,0.973797,0.225060,0.032873,0.974599,0.221525,8.874318,-4.552044,-0.009930,1,7,21.080670,0.504993,0,0
23.020430,-17.088740,189.218900,725.754500,1,1,1,1,2,2,0.744018,0.767715,0.743949,0.767669,0.755809,0.032662,0.973844,0.224860,0.032663,0.973797,0.225060,0.032855,0.974530,0.221829,8.769963,-4.560874,-0.010219,1,7,21.088850,0.620797,0,0
23.030430,-17.116450,189.173200,725.958600,1,1,1,1,2,2,0.744637,0.768146,0.744529,0.768072,0.756300,0.032666,0.973850,0.224832,0.032663,0.973797,0.225060,0.032838,0.974467,0.222107,8.728148,-4.570791,-0.012108,1,7,21.097060,0.735510,0,0
23.040430,-17.144080,189.127300,726.162800,1,1,1,1,2,2,0.745155,0.768501,0.745063,0.768428,0.756746,0.032674,0.973850,0.224832,0.032663,0.973797,0.225060,0.032823,0.974409,0.222361,8.717825,-4.581184,-0.014923,1,7,21.105280,0.848935,0,0
23.050430,-17.171620,189.081400,726.367000,1,1,1,1,2,2,0.745564,0.768784,0.745529,0.768683,0.757106,0.032654,0.973844,0.224860,0.032663,0.973797,0.225060,0.032809,0.974356,0.222594,8.736936,-4.591743,-0.018304,1,7,21.113510,0.960932,0,0
23.060430,-17.199080,189.035400,726.571300,1,1,1,1,2,2,0.732366,0.748971,0.732394,0.749020,0.740707,0.016423,0.975301,0.220267,0.016334,0.975285,0.220344,0.031392,0.974447,0.222402,11.905590,-4.602180,-0.026941,1,7,21.121760,1.070131,0,0
23.070430,-17.226420,188.989600,726.775800,1,1,1,1,2,2,0.737420,0.753516,0.737342,0.753412,0.745377,0.016263,0.977211,0.211645,0.016335,0.977144,0.211948,0.030096,0.974692,0.221506,10.878470,-4.581780,-0.019384,1,7,21.129950,1.169501,0,0
23.080430,-17.253640,188.943900,726.980300,1,1,1,1,2,2,0.740104,0.809212,0.740001,0.755553,0.747777,0.016413,0.987416,0.157288,0.016338,0.978867,0.203847,0.028913,0.975072,0.219990,10.858650,-4.571425,-0.035723,1,7,21.138060,1.261812,0,0
23.090430,-17.280740,188.898300,727.185100,1,1,1,1,2,2,0.740481,0.760014,0.740506,0.759973,0.750240,0.016353,0.981229,0.192150,0.016343,0.981197,0.192319,0.027832,0.975636,0.217617,11.303020,-4.561276,-0.071008,1,7,21.146000,1.354423,0,0
23.100430,-17.307690,188.852800,727.389900,1,1,1,1,2,2,0.743106,0.757334,0.743112,0.757310,0.750211,0.016312,0.983296,0.181283,0.016350,0.983266,0.181439,0.026845,0.976350,0.214515,12.484340,-4.546783,-0.117775,1,7,21.153670,1.446094,0,0
23.110430,-17.334490,188.807600,727.594800,1,1,1,1,2,2,0.722601,0.729989,0.722702,0.730091,0.726397,-0.000008,0.985435,0.170051,0.000000,0.985475,0.169819,0.024536,0.977243,0.210690,17.958200,-4.520728,-0.164914,1,7,21.160920,1.541243,0,0
23.120430,-17.361120,188.763200,727.800100,1,1,1,1,2,2,0.712779,0.719863,0.712891,0.719503,0.716197,-0.000064,0.987947,0.154795,0.000000,0.987935,0.154872,0.022427,0.978312,0.205915,20.138290,-4.441109,-0.178261,1,7,21.167450,1.630128,0,0
23.130430,-17.387570,188.719800,728.005700,1,1,1,1,2,2,0.700252,0.706034,0.700204,0.705948,0.703076,0.000016,0.990997,0.133887,0.000000,0.991015,0.133752,0.020500,0.979632,0.199745,23.061860,-4.340033,-0.200212,1,7,21.173370,1.709380,0,0
23.140430,-17.413820,188.677700,728.211500,1,1,1,1,2,2,0.684649,0.689314,0.684781,0.689447,0.687114,0.000072,0.993479,0.114016,0.000000,0.993483,0.113979,0.018740,0.981133,0.192416,26.399360,-4.210120,-0.218198,1,7,21.178460,1.788564,0,0
23.150430,-17.439860,188.637200,728.417800,1,1,1,1,2,2,0.667092,0.671183,0.667169,0.671237,0.669203,-0.000032,0.994806,0.101785,0.000000,0.994812,0.101732,0.017131,0.982651,0.184666,29.487780,-4.047198,-0.212180,1,7,21.182610,1.865761,0,0
23.160430,-17.465690,188.598700,728.624600,1,1,1,1,2,2,0.648321,0.651837,0.648330,0.651850,0.650090,0.000000,0.995889,0.090578,0.000000,0.995923,0.090204,0.015661,0.984159,0.176592,32.201750,-3.853620,-0.182533,1,7,21.185990,1.940380,0,0
23.170430,-17.491290,188.562300,728.831700,1,1,1,1,2,2,0.628868,0.630925,0.628766,0.630982,0.629874,0.000040,0.997218,0.074547,0.000000,0.997230,0.074383,0.014317,0.985707,0.167855,34.796910,-3.632993,-0.140179,1,7,21.188870,2.012933,0,0
23.180440,-17.516650,188.528500,729.039400,1,1,1,1,2,2,0.607863,0.610123,0.608051,0.610288,0.609169,0.000080,0.998196,0.060044,0.000000,0.998195,0.060056,0.013089,0.987249,0.158638,37.093100,-3.386402,-0.082347,1,7,21.191460,2.082385,0,0
23.190440,-17.541770,188.497300,729.247500,1,1,1,1,2,2,0.588029,0.589903,0.588088,0.589953,0.589021,0.000032,0.998653,0.051891,0.000000,0.998672,0.051515,0.011966,0.988693,0.149473,38.691280,-3.116731,-0.000638,1,7,21.194000,2.147426,0,0
23.200440,-17.566640,188.469000,729.456100,1,1,1,1,2,2,0.568686,0.570494,0.568848,0.570410,0.569629,0.000000,0.999032,0.044000,0.000000,0.999043,0.043738,0.010940,0.990031,0.140423,39.697300,-2.830857,0.099267,1,7,21.196900,2.208789,0,0
23.210440,-17.591260,188.443600,729.665200,1,1,1,1,2,2,0.550416,0.550695,0.550669,0.550817,0.550743,0.000016,0.999436,0.033570,0.000000,0.999435,0.033614,0.010001,0.991295,0.131277,40.416210,-2.534643,0.206987,1,7,21.200430,2.267535,0,0
23.220440,-17.615630,188.421300,729.874600,1,1,1,1,2,2,0.532698,0.533529,0.532667,0.533513,0.533090,0.000000,0.999677,0.025434,0.000000,0.999687,0.025038,0.009144,0.992466,0.122175,40.713920,-2.230943,0.322639,1,7,21.204740,2.323139,0,0
23.230440,-17.639730,188.402100,730.084500,1,1,1,1,2,2,0.517448,0.518126,0.517281,0.517952,0.517617,0.000064,0.999793,0.020347,0.000000,0.999793,0.020357,0.008359,0.993508,0.113447,40.350250,-1.923960,0.449004,1,7,21.209880,2.375068,0,0
23.240440,-17.663570,188.385900,730.294700,1,1,1,1,2,2,0.504129,0.504152,0.503817,0.504335,0.504076,0.000000,0.999868,0.016276,0.000000,0.999865,0.016454,0.007642,0.994429,0.105128,39.516500,-1.620309,0.580208,1,7,21.215860,2.424272,0,0
23.250440,-17.687140,188.372700,730.505200,1,1,1,1,2,2,0.449027,0.491748,0.492408,0.491629,0.492019,0.000008,0.999561,-0.029629,0.000000,0.999926,0.012160,0.006986,0.995245,0.097151,38.447350,-1.324718,0.710106,1,7,21.222530,2.471456,0,0
23.260440,-17.710440,188.362300,730.715900,1,1,1,1,2,2,0.482043,0.482303,0.482006,0.482296,0.482151,-0.000008,0.999953,0.009663,0.000000,0.999956,0.009427,0.006386,0.995955,0.089621,37.018710,-1.039583,0.838575,1,7,21.229690,2.516562,0,0
23.270440,-17.733440,188.355200,730.926700,1,1,1,1,2,2,0.475931,0.475934,0.475756,0.476008,0.475882,-0.000175,0.999960,0.008900,0.000000,0.999963,0.008645,0.005837,0.996560,0.082667,33.363540,-0.701304,1.030161,1,7,21.215010,2.578055,0,0
23.280440,-17.756080,188.353100,731.136900,1,1,1,1,2,2,0.474357,0.474861,0.474282,0.474527,0.474404,0.000000,0.999965,0.008392,0.000000,0.999963,0.008645,0.005336,0.997070,0.076308,24.865390,-0.211634,1.380923,1,7,21.142780,2.694493,0,0
23.290440,-17.778440,188.352500,731.347200,1,1,1,1,2,2,0.474417,0.473435,0.474249,0.473559,0.473904,0.000151,0.999951,0.009918,0.000000,0.999950,0.010012,0.004877,0.997492,0.070611,24.174130,-0.061728,1.412342,1,7,21.146740,2.639597,0,0
23.300440,-17.800530,188.353300,731.557500,1,1,1,1,2,2,0.475317,0.475691,0.475291,0.475657,0.475474,-0.000119,0.999913,0.013227,0.000000,0.999911,0.013331,0.004458,0.997830,0.065688,22.878950,0.081321,1.452981,1,7,21.149830,2.678292,0,0
23.310440,-17.822330,188.355400,731.767900,1,1,1,1,2,2,0.478974,0.479912,0.479291,0.479726,0.479509,0.000000,0.999868,0.016276,0.000000,0.999865,0.016454,0.004074,0.998101,0.061455,21.103170,0.211466,1.495067,1,7,21.151710,2.715902,0,0
23.320440,-17.843860,188.358700,731.978300,1,1,1,1,2,2,0.485370,0.485906,0.485290,0.485816,0.485553,0.000000,0.999803,0.019840,0.000000,0.999793,0.020357,0.003724,0.998314,0.057921,19.044550,0.323892,1.533978,1,7,21.152040,2.752339,0,0
23.330440,-17.865090,188.362800,732.188700,1,1,1,1,2,2,0.505175,0.492982,0.492104,0.492866,0.492485,0.000080,0.995495,0.094819,0.000000,0.999535,0.030497,0.003403,0.998449,0.055562,16.725120,0.415764,1.576898,1,7,21.150620,2.787473,0,0
23.340440,-17.886040,188.367700,732.399000,1,1,1,1,2,2,0.502421,0.503312,0.502410,0.503286,0.502848,-0.000119,0.999310,0.037131,0.000000,0.999325,0.036731,0.003110,0.998539,0.053942,13.981290,0.484466,1.612067,1,7,21.147310,2.822396,0,0
23.350440,-17.906700,188.372900,732.609400,1,1,1,1,2,2,0.514658,0.515691,0.514745,0.515765,0.515255,0.000000,0.999043,0.043746,0.000000,0.999043,0.043738,0.002843,0.998587,0.053064,11.167720,0.525760,1.635300,1,7,21.141780,2.856136,0,0
23.360440,-17.927060,188.378300,732.819600,1,1,1,1,2,2,0.528850,0.530013,0.529056,0.530221,0.529638,0.000000,0.998679,0.051385,0.000000,0.998672,0.051515,0.002598,0.998594,0.052931,8.312008,0.538952,1.645972,1,7,21.133970,2.888842,0,0
23.370440,-17.947130,188.383500,733.029800,1,1,1,1,2,2,0.543943,0.545457,0.543909,0.545429,0.544669,0.000199,0.997567,0.069708,0.000000,0.997592,0.069356,0.002375,0.998519,0.054345,5.242144,0.523630,1.660518,1,7,21.123910,2.920498,0,0
23.380440,-17.966900,188.388300,733.240000,1,1,1,1,2,2,0.562174,0.563852,0.562286,0.563964,0.563125,0.000215,0.996844,0.079382,0.000000,0.996842,0.079409,0.002170,0.998400,0.056504,1.933292,0.477666,1.659941,1,7,21.111600,2.951659,0,0
23.390440,-17.986370,188.392300,733.450000,1,1,1,1,2,2,0.582117,0.583940,0.582374,0.584210,0.583292,0.000000,0.995935,0.090072,0.000000,0.995923,0.090204,0.001983,0.998232,0.059407,0.000000,0.398692,1.641865,1,7,21.096970,2.981450,0,0
23.400440,-18.005540,188.395300,733.659900,1,1,1,1,2,2,0.603975,0.606248,0.604204,0.604239,0.604221,0.000000,0.994779,0.102049,0.000000,0.994166,0.107857,0.001813,0.997975,0.063584,0.000000,0.300464,1.631130,1,7,21.081260,3.010068,0,0
23.410440,-18.024410,188.397300,733.869700,1,1,1,1,2,2,0.626048,0.628451,0.626122,0.628523,0.627323,-0.000024,0.991933,0.126763,0.000000,0.991912,0.126931,0.001657,0.997612,0.069050,0.000000,0.202296,1.647388,1,7,21.066000,3.037330,0,0
23.420440,-18.042960,188.398400,734.079400,1,1,1,1,2,2,0.652559,0.655128,0.652378,0.654947,0.653663,0.000103,0.990079,0.140515,0.000000,0.990071,0.140568,0.001515,0.997165,0.075225,0.000000,0.104189,1.678475,1,7,21.051180,3.062833,0,0
23.430440,-18.061210,188.398400,734.289000,1,1,1,1,2,2,0.652559,0.655128,0.652378,0.654947,0.653663,0.000103,0.990079,0.140515,0.000000,0.990071,0.140568,0.001515,0.997165,0.075225,0.000000,0.000000,1.576530,0,7,20.957520,185.374300,1,0
23.440440,-18.061210,188.398400,734.289000,1,1,1,1,2,2,0.652559,0.655128,0.652378,0.654947,0.653663,0.000103,0.990079,0.140515,0.000000,0.990071,0.140568,0.001515,0.997165,0.075225,0.000000,0.000000,1.576079,0,7,20.951520,-0.027531,1,0
23.450440,-18.053210,188.377100,734.591400,1,1,1,1,2,2,0.652559,0.655128,0.652378,0.654947,0.653663,0.000103,0.990079,0.140515,0.000000,0.990071,0.140568,0.001515,0.997165,0.075225,0.000000,0.000000,1.575627,0,7,20.945510,-0.027531,1,0
23.460440,-18.046260,188.358500,734.881600,1,1,1,1,2,2,0.652559,0.655128,0.652378,0.654947,0.653663,0.000103,0.990079,0.140515,0.000000,0.990071,0.140568,0.001515,0.997165,0.075225,0.000000,0.000000,1.575176,0,7,20.939510,-0.027531,1,0
23.470440,-18.040220,188.342400,735.161200,1,1,1,1,2,2,0.652559,0.655128,0.652378,0.654947,0.653663,0.000103,0.990079,0.140515,0.000000,0.990071,0.140568,0.001515,0.997165,0.075225,0.000000,0.000000,1.574724,0,7,20.933510,-0.027531,1,0
23.480440,-18.034960,188.328400,735.431600,1,1,1,1,2,2,0.652559,0.655128,0.652378,0.654947,0.653663,0.000103,0.990079,0.140515,0.000000,0.990071,0.140568,0.001515,0.997165,0.075225,0.000000,0.000000,1.574273,0,7,20.927510,-0.027531,1,0
23.490440,-18.030400,188.316100,735.693900,1,1,1,1,2,2,0.652559,0.655128,0.652378,0.654947,0.653663,0.000103,0.990079,0.140515,0.000000,0.990071,0.140568,0.001515,0.997165,0.075225,0.000000,0.000000,1.573822,0,7,20.921510,-0.027531,1,0
23.500440,-18.026420,188.305500,735.949200,1,1,1,1,2,2,0.652559,0.655128,0.652378,0.654947,0.653663,0.000103,0.990079,0.140515,0.000000,0.990071,0.140568,0.001515,0.997165,0.075225,0.000000,0.000000,1.573370,0,7,20.915510,-0.027531,1,0
23.510440,-18.022970,188.296300,736.198500,1,1,1,1,2,2,0.652559,0.655128,0.652378,0.654947,0.653663,0.000103,0.990079,0.140515,0.000000,0.990071,0.140568,0.001515,0.997165,0.075225,0.000000,0.000000,1.572919,0,7,20.909510,-0.027531,1,0
23.520440,-18.019970,188.288300,736.442400,1,1,1,1,2,2,0.652559,0.655128,0.652378,0.654947,0.653663,0.000103,0.990079,0.140515,0.000000,0.990071,0.140568,0.001515,0.997165,0.075225,0.000000,0.000000,1.572467,0,7,20.903510,-0.027531,1,0
23.530440,-18.017360,188.281400,736.681800,1,1,1,1,2,2,0.652559,0.655128,0.652378,0.654947,0.653663,0.000103,0.990079,0.140515,0.000000,0.990071,0.140568,0.001515,0.997165,0.075225,0.000000,0.000000,1.572016,0,7,20.897510,-0.027531,1,0
23.540440,-18.015090,188.275300,736.917100,1,1,1,1,2,2,0.652559,0.655128,0.652378,0.654947,0.653663,0.000103,0.990079,0.140515,0.000000,0.990071,0.140568,0.001515,0.997165,0.075225,0.000000,0.000000,1.571565,0,7,20.891510,-0.027531,1,0
23.550440,-18.013120,188.270000,737.149000,1,1,1,1,2,2,0.652559,0.655128,0.652378,0.654947,0.653663,0.000103,0.990079,0.140515,0.000000,0.990071,0.140568,0.001515,0.997165,0.075225,0.000000,0.000000,1.571113,0,7,20.885510,-0.027531,1,0
23.560440,-18.011410,188.265400,737.377700,1,1,1,1,2,2,0.652559,0.655128,0.652378,0.654947,0.653663,0.000103,0.990079,0.140515,0.000000,0.990071,0.140568,0.001515,0.997165,0.075225,0.000000,0.000000,1.570662,0,7,20.879510,-0.027531,1,0
23.570440,-18.009920,188.261500,737.603800,1,1,1,1,2,2,0.652559,0.655128,0.652378,0.654947,0.653663,0.000103,0.990079,0.140515,0.000000,0.990071,0.140568,0.001515,0.997165,0.075225,0.000000,0.000000,1.570210,0,7,20.873510,-0.027531,1,0
23.580440,-18.008620,188.258000,737.827600,1,1,1,1,2,2,0.652559,0.655128,0.652378,0.654947,0.653663,0.000103,0.990079,0.140515,0.000000,0.990071,0.140568,0.001515,0.997165,0.075225,0.000000,0.000000,1.569759,0,7,20.867510,-0.027531,1,0
23.590440,-18.007500,188.255000,738.049400,1,1,1,1,2,2,0.652559,0.655128,0.652378,0.654947,0.653663,0.000103,0.990079,0.140515,0.000000,0.990071,0.140568,0.001515,0.997165,0.075225,0.000000,0.000000,1.569308,0,7,20.861510,-0.027531,1,0
23.600440,-18.006520,188.252400,738.269300,1,1,1,1,2,2,0.652559,0.655128,0.652378,0.654947,0.653663,0.000103,0.990079,0.140515,0.000000,0.990071,0.140568,0.001515,0.997165,0.075225,0.000000,0.000000,1.568856,0,7,20.855510,-0.027531,1,0
23.610450,-18.005660,188.250100,738.487800,1,1,1,1,2,2,0.652559,0.655128,0.652378,0.654947,0.653663,0.000103,0.990079,0.140515,0.000000,0.990071,0.140568,0.001515,0.997165,0.075225,0.000000,0.000000,1.568405,0,7,20.849510,-0.027531,1,0
23.620450,-18.004920,188.248100,738.704900,1,1,1,1,2,2,0.652559,0.655128,0.652378,0.654947,0.653663,0.000103,0.990079,0.140515,0.000000,0.990071,0.140568,0.001515,0.997165,0.075225,0.000000,0.000000,1.567954,0,7,20.843510,-0.027531,1,0
23.630450,-18.004280,188.246400,738.920800,1,1,1,1,2,2,0.652559,0.655128,0.652378,0.654947,0.653663,0.000103,0.990079,0.140515,0.000000,0.990071,0.140568,0.001515,0.997165,0.075225,0.000000,0.000000,1.567502,0,7,20.837510,-0.027531,1,0
23.640450,-18.003720,188.244900,739.135700,1,1,1,1,2,2,0.652559,0.655128,0.652378,0.654947,0.653663,0.000103,0.990079,0.140515,0.000000,0.990071,0.140568,0.001515,0.997165,0.075225,0.000000,0.000000,1.567051,0,7,20.831500,-0.027531,1,0
23.650450,-18.003240,188.243600,739.349600,1,1,1,1,2,2,0.652559,0.655128,0.652378,0.654947,0.653663,0.000103,0.990079,0.140515,0.000000,0.990071,0.140568,0.001515,0.997165,0.075225,0.000000,0.000000,1.566599,0,7,20.825500,-0.027531,1,0
23.660450,-18.002810,188.242500,739.562800,1,1,1,1,2,2,0.652559,0.655128,0.652378,0.654947,0.653663,0.000103,0.990079,0.140515,0.000000,0.990071,0.140568,0.001515,0.997165,0.075225,0.000000,0.000000,1.566148,0,7,20.819500,-0.027531,1,0
23.670450,-18.002450,188.241500,739.775300,1,1,1,1,2,2,0.652559,0.655128,0.652378,0.654947,0.653663,0.000103,0.990079,0.140515,0.000000,0.990071,0.140568,0.001515,0.997165,0.075225,0.000000,0.000000,1.565697,0,7,20.813500,-0.027531,1,0
23.680450,-18.002130,188.240700,739.987100,1,1,1,1,2,2,0.652559,0.655128,0.652378,0.654947,0.653663,0.000103,0.990079,0.140515,0.000000,0.990071,0.140568,0.001515,0.997165,0.075225,0.000000,0.000000,1.565245,0,7,20.807500,-0.027531,1,0
23.690450,-18.001850,188.239900,740.198400,1,1,1,1,2,2,0.652559,0.655128,0.652378,0.654947,0.653663,0.000103,0.990079,0.140515,0.000000,0.990071,0.140568,0.001515,0.997165,0.075225,0.000000,0.000000,1.564794,0,7,20.801500,-0.027531,1,0
23.700450,-18.001610,188.239300,740.409200,1,1,1,1,2,2,0.652559,0.655128,0.652378,0.654947,0.653663,0.000103,0.990079,0.140515,0.000000,0.990071,0.140568,0.001515,0.997165,0.075225,0.000000,0.000000,1.564342,0,7,20.795500,-0.027531,1,0
23.710450,-18.001400,188.238700,740.619600,1,1,1,1,2,2,0.652559,0.655128,0.652378,0.654947,0.653663,0.000103,0.990079,0.140515,0.000000,0.990071,0.140568,0.001515,0.997165,0.075225,0.000000,0.000000,1.563891,0,7,20.789500,-0.027531,1,0
23.720450,-18.001210,188.238200,740.829700,1,1,1,1,2,2,0.652559,0.655128,0.652378,0.654947,0.653663,0.000103,0.990079,0.140515,0.000000,0.990071,0.140568,0.001515,0.997165,0.075225,0.000000,0.000000,1.563440,0,7,20.783500,-0.027531,1,0
23.730450,-18.001060,188.237800,741.039300,1,1,1,1,2,2,0.652559,0.655128,0.652378,0.654947,0.653663,0.000103,0.990079,0.140515,0.000000,0.990071,0.140568,0.001515,0.997165,0.075225,0.000000,0.000000,1.562988,0,7,20.777500,-0.027531,1,0
23.740450,-18.000920,188.237400,741.248700,1,1,1,1,2,2,0.652559,0.655128,0.652378,0.654947,0.653663,0.000103,0.990079,0.140515,0.000000,0.990071,0.140568,0.001515,0.997165,0.075225,0.000000,0.000000,1.562537,0,7,20.771500,-0.027531,1,0
23.750450,-18.000800,188.237100,741.457800,1,1,1,1,2,2,0.652559,0.655128,0.652378,0.654947,0.653663,0.000103,0.990079,0.140515,0.000000,0.990071,0.140568,0.001515,0.997165,0.075225,0.000000,0.000000,1.562086,0,7,20.765500,-0.027531,1,0
23.760450,-18.000690,188.236800,741.666700,1,1,1,1,2,2,0.652559,0.655128,0.652378,0.654947,0.653663,0.000103,0.990079,0.140515,0.000000,0.990071,0.140568,0.001515,0.997165,0.075225,0.000000,0.000000,1.561634,0,7,20.759500,-0.027531,1,0
23.770450,-18.000600,188.236600,741.875300,1,1,1,1,2,2,0.652559,0.655128,0.652378,0.654947,0.653663,0.000103,0.990079,0.140515,0.000000,0.990071,0.140568,0.001515,0.997165,0.075225,0.000000,0.000000,1.561183,0,7,20.753500,-0.027531,1,0
23.780450,-18.000520,188.236400,742.083700,1,1,1,1,2,2,0.652559,0.655128,0.652378,0.654947,0.653663,0.000103,0.990079,0.140515,0.000000,0.990071,0.140568,0.001515,0.997165,0.075225,0.000000,0.000000,1.560731,0,7,20.747500,-0.027531,1,0
23.790450,-18.000460,188.236200,742.292000,1,1,1,1,2,2,0.652559,0.655128,0.652378,0.654947,0.653663,0.000103,0.990079,0.140515,0.000000,0.990071,0.140568,0.001515,0.997165,0.075225,0.000000,0.000000,1.560280,0,7,20.741500,-0.027531,1,0
23.800450,-18.000400,188.236000,742.500200,1,1,1,1,2,2,0.652559,0.655128,0.652378,0.654947,0.653663,0.000103,0.990079,0.140515,0.000000,0.990071,0.140568,0.001515,0.997165,0.075225,0.000000,0.000000,1.559829,0,7,20.735500,-0.027531,1,0
23.810450,-18.000350,188.235900,742.708100,1,1,1,1,2,2,0.652559,0.655128,0.652378,0.654947,0.653663,0.000103,0.990079,0.140515,0.000000,0.990071,0.140568,0.001515,0.997165,0.075225,0.000000,0.000000,1.559377,0,7,20.729500,-0.027531,1,0
23.820450,-18.000300,188.235800,742.915900,1,1,1,1,2,2,0.652559,0.655128,0.652378,0.654947,0.653663,0.000103,0.990079,0.140515,0.000000,0.990071,0.140568,0.001515,0.997165,0.075225,0.000000,0.000000,1.558926,0,7,20.723500,-0.027531,1,0
23.830450,-18.000260,188.235700,743.123600,1,1,1,1,2,2,0.652559,0.655128,0.652378,0.654947,0.653663,0.000103,0.990079,0.140515,0.000000,0.990071,0.140568,0.001515,0.997165,0.075225,0.000000,0.000000,1.558474,0,7,20.717490,-0.027531,1,0
23.840450,-18.000230,188.235600,743.331200,1,1,1,1,2,2,0.652559,0.655128,0.652378,0.654947,0.653663,0.000103,0.990079,0.140515,0.000000,0.990071,0.140568,0.001515,0.997165,0.075225,0.000000,0.000000,1.558023,0,7,20.711490,-0.027531,1,0
23.850450,-18.000200,188.235500,743.538600,1,1,1,1,2,2,0.652559,0.655128,0.652378,0.654947,0.653663,0.000103,0.990079,0.140515,0.000000,0.990071,0.140568,0.001515,0.997165,0.075225,0.000000,0.000000,1.557572,0,7,20.705490,-0.027531,1,0
23.860450,-18.000170,188.235400,743.746000,1,1,1,1,2,2,0.652559,0.655128,0.652378,0.654947,0.653663,0.000103,0.990079,0.140515,0.000000,0.990071,0.140568,0.001515,0.997165,0.075225,0.000000,0.000000,1.557120,0,7,20.699490,-0.027531,1,0
23.870450,-18.000150,188.235400,743.953200,1,1,1,1,2,2,0.652559,0.655128,0.652378,0.654947,0.653663,0.000103,0.990079,0.140515,0.000000,0.990071,0.140568,0.001515,0.997165,0.075225,0.000000,0.000000,1.556669,0,7,20.693490,-0.027531,1,0
23.880450,-18.000130,188.235300,744.160400,1,1,1,1,2,2,0.652559,0.655128,0.652378,0.654947,0.653663,0.000103,0.990079,0.140515,0.000000,0.990071,0.140568,0.001515,0.997165,0.075225,0.000000,0.000000,1.556217,0,7,20.687490,-0.027531,1,0
23.890450,-18.000110,188.235300,744.367500,1,1,1,1,2,2,0.652559,0.655128,0.652378,0.654947,0.653663,0.000103,0.990079,0.140515,0.000000,0.990071,0.140568,0.001515,0.997165,0.075225,0.000000,0.000000,1.555766,0,7,20.681490,-0.027531,1,0
23.900450,-18.000100,188.235200,744.574400,1,1,1,1,2,2,0.652559,0.655128,0.652378,0.654947,0.653663,0.000103,0.990079,0.140515,0.000000,0.990071,0.140568,0.001515,0.997165,0.075225,0.000000,0.000000,1.555315,0,7,20.675490,-0.027531,1,0
23.910450,-18.000090,188.235200,744.781400,1,1,1,1,2,2,0.652559,0.655128,0.652378,0.654947,0.653663,0.000103,0.990079,0.140515,0.000000,0.990071,0.140568,0.001515,0.997165,0.075225,0.000000,0.000000,1.554863,0,7,20.669490,-0.027531,1,0
23.920450,-18.000070,188.235200,744.988200,1,1,1,1,2,2,0.652559,0.655128,0.652378,0.654947,0.653663,0.000103,0.990079,0.140515,0.000000,0.990071,0.140568,0.001515,0.997165,0.075225,0.000000,0.000000,1.554412,0,7,20.663490,-0.027531,1,0
23.930450,-18.000060,188.235200,745.194900,1,1,1,1,2,2,0.652559,0.655128,0.652378,0.654947,0.653663,0.000103,0.990079,0.140515,0.000000,0.990071,0.140568,0.001515,0.997165,0.075225,0.000000,0.000000,1.553960,0,7,20.657490,-0.027531,1,0
23.940450,-18.000060,188.235100,745.401600,1,1,1,1,1,1,0.365060,0.367435,0.251968,0.539035,0.395501,-0.002118,0.999998,0.000000,-0.258819,0.965926,0.000000,0.001515,0.997165,0.075225,0.000000,3.500000,5.043587,0,7,20.945980,-1.770002,0,0
23.950450,-18.000060,188.269100,745.608100,1,1,1,1,1,1,0.379721,0.382226,0.260771,0.563085,0.411928,-0.002118,0.999998,0.000000,-0.258819,0.965926,0.000000,0.001515,0.997165,0.075225,0.000000,3.401900,4.945765,0,7,20.929810,0.048839,0,0
23.960450,-18.000060,188.302200,745.814600,1,1,1,1,1,1,0.393961,0.396592,0.269321,0.586444,0.427883,-0.002118,0.999998,0.000000,-0.258819,0.965926,0.000000,0.001515,0.997165,0.075225,0.000000,3.303800,4.847943,0,7,20.914090,0.048839,0,0
23.970450,-18.000060,188.334200,746.021200,1,1,1,1,1,1,0.407780,0.410534,0.277618,0.609113,0.443366,-0.002118,0.999998,0.000000,-0.258819,0.965926,0.000000,0.001515,0.997165,0.075225,0.000000,3.205700,4.750122,0,7,20.898820,0.048839,0,0
23.980450,-18.000060,188.365300,746.227700,1,1,1,1,1,1,0.421178,0.424050,0.285663,0.631091,0.458377,-0.002118,0.999998,0.000000,-0.258819,0.965926,0.000000,0.001515,0.997165,0.075225,0.000000,3.107600,4.652300,0,7,20.883990,0.048839,0,0
23.990450,-18.000060,188.395400,746.434300,1,1,1,1,1,1,0.434149,0.437136,0.293451,0.652369,0.472910,-0.002118,0.999998,0.000000,-0.258819,0.965926,0.000000,0.001515,0.997165,0.075225,0.000000,3.009500,4.554478,0,7,20.869620,0.048839,0,0
24.000450,-18.000060,188.424500,746.640800,1,0,1,0,1,0,0.446698,0.000000,0.300986,0.000000,0.300986,-0.902325,0.431056,0.000000,-0.965926,0.258819,0.000000,0.001515,0.997165,0.075225,0.000000,2.911400,4.456656,0,7,20.855700,0.048839,0,0
24.010450,-18.000060,188.452700,746.847400,1,0,1,0,1,0,0.458827,0.000000,0.308269,0.000000,0.308269,-0.902325,0.431056,0.000000,-0.965926,0.258819,0.000000,0.001515,0.997165,0.075225,0.000000,2.813300,4.358834,0,7,20.842230,0.048839,0,0
24.020450,-18.000060,188.479800,747.053900,1,0,1,0,1,0,0.470528,0.000000,0.315294,0.000000,0.315294,-0.902325,0.431056,0.000000,-0.965926,0.258819,0.000000,0.001515,0.997165,0.075225,0.000000,2.715200,4.261013,0,7,20.829220,0.048839,0,0
24.030450,-18.000060,188.506000,747.260400,1,0,1,0,1,0,0.448054,0.000000,0.730630,0.000000,0.730630,-0.918702,0.394947,-0.002034,-0.707107,0.707107,0.000000,0.001515,0.997165,0.075225,0.000000,2.617100,4.163190,0,7,20.816660,0.048839,0,0
24.040450,-18.000060,188.531200,747.467000,1,0,1,0,1,0,0.486216,0.000000,0.748447,0.000000,0.748447,-0.905088,0.425220,-0.002035,-0.707107,0.707107,0.000000,0.001515,0.997165,0.075225,0.000000,2.519001,4.065369,0,7,20.804550,0.048839,0,0
24.050460,-18.000060,188.555400,747.673500,0,0,0,0,0,0,0.000000,0.000000,0.000000,0.000000,0.748447,0.000000,0.000000,0.000000,-0.707107,0.707107,0.000000,0.001515,0.997165,0.075225,0.000000,2.420901,3.967547,0,7,20.792900,0.048839,0,0
24.060460,-18.000060,188.578600,747.880100,0,0,0,0,0,0,0.000000,0.000000,0.000000,0.000000,0.748447,0.000000,0.000000,0.000000,-0.707107,0.707107,0.000000,0.001515,0.997165,0.075225,0.000000,2.322801,3.869725,0,7,20.781710,0.048839,0,0
24.070460,-18.000060,188.600900,748.086600,0,0,0,0,0,0,0.000000,0.000000,0.000000,0.000000,0.748447,0.000000,0.000000,0.000000,-0.707107,0.707107,0.000000,0.001515,0.997165,0.075225,0.000000,2.224701,3.771903,0,7,20.770970,0.048839,0,0
24.080460,-18.000060,188.622100,748.293200,0,0,0,0,0,0,0.000000,0.000000,0.000000,0.000000,0.748447,0.000000,0.000000,0.000000,-0.707107,0.707107,0.000000,0.001515,0.997165,0.075225,0.000000,2.126601,3.674081,0,7,20.760690,0.048839,0,0
24.090460,-18.000060,188.642400,748.499700,0,0,0,0,0,0,0.000000,0.000000,0.000000,0.000000,0.748447,0.000000,0.000000,0.000000,-0.707107,0.707107,0.000000,0.001515,0.997165,0.075225,0.000000,2.028501,3.576259,0,7,20.750880,0.048839,0,0
24.100460,-18.000060,188.661700,748.706200,0,0,0,0,0,0,0.000000,0.000000,0.000000,0.000000,0.748447,0.000000,0.000000,0.000000,-0.707107,0.707107,0.000000,0.001515,0.997165,0.075225,0.000000,1.930401,3.478438,0,7,20.741520,0.048839,0,0
24.110460,-18.000060,188.680000,748.912800,0,0,0,0,0,0,0.000000,0.000000,0.000000,0.000000,0.748447,0.000000,0.000000,0.000000,-0.707107,0.707107,0.000000,0.001515,0.997165,0.075225,0.000000,1.832301,3.380616,0,7,20.732610,0.048839,0,0
24.120460,-18.000060,188.697400,749.119300,0,0,0,0,0,0,0.000000,0.000000,0.000000,0.000000,0.748447,0.000000,0.000000,0.000000,-0.707107,0.707107,0.000000,0.001515,0.997165,0.075225,0.000000,1.734201,3.282794,0,7,20.724180,0.048839,0,0
24.130460,-18.000060,188.713700,749.325900,0,0,0,0,0,0,0.000000,0.000000,0.000000,0.000000,0.748447,0.000000,0.000000,0.000000,-0.707107,0.707107,0.000000,0.001515,0.997165,0.075225,0.000000,1.636101,3.184972,0,7,20.716200,0.048839,0,0
24.140460,-18.000060,188.729100,749.532400,0,0,0,0,0,0,0.000000,0.000000,0.000000,0.000000,0.748447,0.000000,0.000000,0.000000,-0.707107,0.707107,0.000000,0.001515,0.997165,0.075225,0.000000,1.538001,3.087150,0,7,20.708680,0.048839,0,0
24.150460,-18.000060,188.743500,749.739000,0,0,0,0,0,0,0.000000,0.000000,0.000000,0.000000,0.748447,0.000000,0.000000,0.000000,-0.707107,0.707107,0.000000,0.001515,0.997165,0.075225,0.000000,1.439901,2.989328,0,7,20.701630,0.048839,0,0
24.160460,-18.000060,188.756900,749.945500,0,0,0,0,0,0,0.000000,0.000000,0.000000,0.000000,0.748447,0.000000,0.000000,0.000000,-0.707107,0.707107,0.000000,0.001515,0.997165,0.075225,0.000000,1.341801,2.891506,0,7,20.695030,0.048839,0,0
24.170460,-18.000060,188.769400,750.152000,0,0,0,0,0,0,0.000000,0.000000,0.000000,0.000000,0.748447,0.000000,0.000000,0.000000,-0.707107,0.707107,0.000000,0.001515,0.997165,0.075225,0.000000,1.243701,2.793685,0,7,20.688910,0.048839,0,0
24.180460,-18.000060,188.780800,750.358600,0,0,0,0,0,0,0.000000,0.000000,0.000000,0.000000,0.748447,0.000000,0.000000,0.000000,-0.707107,0.707107,0.000000,0.001515,0.997165,0.075225,0.000000,1.145601,2.695863,0,7,20.683240,0.048839,0,0
24.190460,-18.000060,188.791300,750.565100,0,0,0,0,0,0,0.000000,0.000000,0.000000,0.000000,0.748447,0.000000,0.000000,0.000000,-0.707107,0.707107,0.000000,0.001515,0.997165,0.075225,0.000000,1.047501,2.598041,0,7,20.678040,0.048839,0,0
24.200460,-18.000060,188.800800,750.771700,0,0,0,0,0,0,0.000000,0.000000,0.000000,0.000000,0.748447,0.000000,0.000000,0.000000,-0.707107,0.707107,0.000000,0.001515,0.997165,0.075225,0.000000,0.949401,2.500219,0,7,20.673300,0.048839,0,0
24.210460,-18.000060,188.809300,750.978200,0,0,0,0,0,0,0.000000,0.000000,0.000000,0.000000,0.748447,0.000000,0.000000,0.000000,-0.707107,0.707107,0.000000,0.001515,0.997165,0.075225,0.000000,0.851301,2.402397,0,7,20.669030,0.048839,0,0
24.220460,-18.000060,188.816800,751.184800,0,0,0,0,0,0,0.000000,0.000000,0.000000,0.000000,0.748447,0.000000,0.000000,0.000000,-0.707107,0.707107,0.000000,0.001515,0.997165,0.075225,0.000000,0.753201,2.304575,0,7,20.665220,0.048839,0,0
24.230460,-18.000060,188.823400,751.391300,0,0,0,0,0,0,0.000000,0.000000,0.000000,0.000000,0.748447,0.000000,0.000000,0.000000,-0.707107,0.707107,0.000000,0.001515,0.997165,0.075225,0.000000,0.655101,2.206753,0,7,20.661880,0.048839,0,0
24.240460,-18.000060,188.829000,751.597800,0,0,0,0,0,0,0.000000,0.000000,0.000000,0.000000,0.748447,0.000000,0.000000,0.000000,-0.707107,0.707107,0.000000,0.001515,0.997165,0.075225,0.000000,0.557001,2.108931,0,7,20.659000,0.048839,0,0
24.250460,-18.000060,188.833600,751.804400,0,0,0,0,0,0,0.000000,0.000000,0.000000,0.000000,0.748447,0.000000,0.000000,0.000000,-0.707107,0.707107,0.000000,0.001515,0.997165,0.075225,0.000000,0.458901,2.011110,0,7,20.656590,0.048839,0,0
24.260460,-18.000060,188.837200,752.010900,0,0,0,0,0,0,0.000000,0.000000,0.000000,0.000000,0.748447,0.000000,0.000000,0.000000,-0.707107,0.707107,0.000000,0.001515,0.997165,0.075225,0.000000,0.360801,1.913288,0,7,20.654640,0.048839,0,0
24.270460,-18.000060,188.839800,752.217500,0,0,0,0,0,0,0.000000,0.000000,0.000000,0.000000,0.748447,0.000000,0.000000,0.000000,-0.707107,0.707107,0.000000,0.001515,0.997165,0.075225,0.000000,0.262701,1.815466,0,7,20.653160,0.048839,0,0
24.280460,-18.000060,188.841400,752.424000,0,0,0,0,0,0,0.000000,0.000000,0.000000,0.000000,0.748447,0.000000,0.000000,0.000000,-0.707107,0.707107,0.000000,0.001515,0.997165,0.075225,0.000000,0.164601,1.717644,0,7,20.652150,0.048839,0,0
24.290460,-18.000060,188.842100,752.630600,0,0,0,0,0,0,0.000000,0.000000,0.000000,0.000000,0.748447,0.000000,0.000000,0.000000,-0.707107,0.707107,0.000000,0.001515,0.997165,0.075225,0.000000,0.066501,1.619822,0,7,20.651600,0.048839,0,0
24.300460,-18.000060,188.841800,752.837100,0,0,0,0,0,0,0.000000,0.000000,0.000000,0.000000,0.748447,0.000000,0.000000,0.000000,-0.707107,0.707107,0.000000,0.001515,0.997165,0.075225,0.000000,-0.031599,1.522000,0,7,20.651510,0.048839,0,0
24.310460,-18.000060,188.840500,753.043600,0,0,0,0,0,0,0.000000,0.000000,0.000000,0.000000,0.748447,0.000000,0.000000,0.000000,-0.707107,0.707107,0.000000,0.001515,0.997165,0.075225,0.000000,-0.129699,1.424178,0,7,20.651900,0.048839,0,0
24.320460,-18.000060,188.838200,753.250200,0,0,0,0,0,0,0.000000,0.000000,0.000000,0.000000,0.748447,0.000000,0.000000,0.000000,-0.707107,0.707107,0.000000,0.001515,0.997165,0.075225,0.000000,-0.227799,1.326356,0,7,20.652750,0.048839,0,0
24.330460,-18.000060,188.834900,753.456700,0,0,0,0,0,0,0.000000,0.000000,0.000000,0.000000,0.748447,0.000000,0.000000,0.000000,-0.707107,0.707107,0.000000,0.001515,0.997165,0.075225,0.000000,-0.325899,1.228534,0,7,20.654060,0.048839,0,0
24.340460,-18.000060,188.830700,753.663300,0,0,0,0,0,0,0.000000,0.000000,0.000000,0.000000,0.748447,0.000000,0.000000,0.000000,-0.707107,0.707107,0.000000,0.001515,0.997165,0.075225,0.000000,-0.423999,1.130712,0,7,20.655840,0.048839,0,0
24.350460,-18.000060,188.825500,753.869800,0,0,0,0,0,0,0.000000,0.000000,0.000000,0.000000,0.748447,0.000000,0.000000,0.000000,-0.707107,0.707107,0.000000,0.001515,0.997165,0.075225,0.000000,-0.522099,1.032890,0,7,20.658090,0.048839,0,0
24.360460,-18.000060,188.819300,754.076400,0,0,0,0,0,0,0.000000,0.000000,0.000000,0.000000,0.748447,0.000000,0.000000,0.000000,-0.707107,0.707107,0.000000,0.001515,0.997165,0.075225,0.000000,-0.620199,0.935069,0,7,20.660800,0.048839,0,0
24.370460,-18.000060,188.812100,754.282900,0,0,0,0,0,0,0.000000,0.000000,0.000000,0.000000,0.748447,0.000000,0.000000,0.000000,-0.707107,0.707107,0.000000,0.001515,0.997165,0.075225,0.000000,-0.718299,0.837247,0,7,20.663980,0.048839,0,0
24.380460,-18.000060,188.803900,754.489400,0,0,0,0,0,0,0.000000,0.000000,0.000000,0.000000,0.748447,0.000000,0.000000,0.000000,-0.707107,0.707107,0.000000,0.001515,0.997165,0.075225,0.000000,-0.816399,0.739425,0,7,20.667620,0.048839,0,0
24.390460,-18.000060,188.794800,754.696000,0,0,0,0,0,0,0.000000,0.000000,0.000000,0.000000,0.748447,0.000000,0.000000,0.000000,-0.707107,0.707107,0.000000,0.001515,0.997165,0.075225,0.000000,-0.914499,0.641603,0,7,20.671730,0.048839,0,0
24.400460,-18.000060,188.784700,754.902500,0,0,0,0,0,0,0.000000,0.000000,0.000000,0.000000,0.748447,0.000000,0.000000,0.000000,-0.707107,0.707107,0.000000,0.001515,0.997165,0.075225,0.000000,-1.012599,0.543781,0,7,20.676300,0.048839,0,0
24.410460,-18.000060,188.773600,755.109100,0,0,0,0,0,0,0.000000,0.000000,0.000000,0.000000,0.748447,0.000000,0.000000,0.000000,-0.707107,0.707107,0.000000,0.001515,0.997165,0.075225,0.000000,-1.110699,0.445959,0,7,20.681340,0.048839,0,0
24.420460,-18.000060,188.761500,755.315600,0,0,0,0,0,0,0.000000,0.000000,0.000000,0.000000,0.748447,0.000000,0.000000,0.000000,-0.707107,0.707107,0.000000,0.001515,0.997165,0.075225,0.000000,-1.208799,0.348137,0,7,20.686840,0.048839,0,0
24.430460,-18.000060,188.748400,755.522200,0,0,0,0,0,0,0.000000,0.000000,0.000000,0.000000,0.748447,0.000000,0.000000,0.000000,-0.707107,0.707107,0.000000,0.001515,0.997165,0.075225,0.000000,-1.306899,0.250315,0,7,20.692800,0.048839,0,0
24.440460,-18.000060,188.734400,755.728700,0,0,0,0,0,0,0.000000,0.000000,0.000000,0.000000,0.748447,0.000000,0.000000,0.000000,-0.707107,0.707107,0.000000,0.001515,0.997165,0.075225,0.000000,-1.404999,0.152494,0,7,20.699230,0.048839,0,0
24.450460,-18.000060,188.719300,755.935200,0,0,0,0,0,0,0.000000,0.000000,0.000000,0.000000,0.748447,0.000000,0.000000,0.000000,-0.707107,0.707107,0.000000,0.001515,0.997165,0.075225,0.000000,-1.503098,0.054672,0,7,20.706120,0.048839,0,0
24.460460,-18.000060,188.703300,756.141800,0,0,0,0,0,0,0.000000,0.000000,0.000000,0.000000,0.748447,0.000000,0.000000,0.000000,-0.707107,0.707107,0.000000,0.001515,0.997165,0.075225,0.000000,-1.601198,-0.043150,0,7,20.713470,0.048839,0,0
24.470460,-18.000060,188.686300,756.348300,0,0,0,0,0,0,0.000000,0.000000,0.000000,0.000000,0.748447,0.000000,0.000000,0.000000,-0.707107,0.707107,0.000000,0.001515,0.997165,0.075225,0.000000,-1.699298,-0.140972,0,7,20.721280,0.048839,0,0
24.480460,-18.000060,188.668400,756.554900,0,0,0,0,0,0,0.000000,0.000000,0.000000,0.000000,0.748447,0.000000,0.000000,0.000000,-0.707107,0.707107,0.000000,0.001515,0.997165,0.075225,0.000000,-1.797398,-0.238794,0,7,20.729560,0.048839,0,0
24.490470,-18.000060,188.649400,756.761400,0,0,0,0,0,0,0.000000,0.000000,0.000000,0.000000,0.748447,0.000000,0.000000,0.000000,-0.707107,0.707107,0.000000,0.001515,0.997165,0.075225,0.000000,-1.895498,-0.336616,0,7,20.738300,0.048839,0,0
24.500470,-18.000060,188.629500,756.968000,0,0,0,0,0,0,0.000000,0.000000,0.000000,0.000000,0.748447,0.000000,0.000000,0.000000,-0.707107,0.707107,0.000000,0.001515,0.997165,0.075225,0.000000,-1.993598,-0.434438,0,7,20.747490,0.048839,0,0
24.510470,-18.000060,188.608500,757.174500,0,0,0,0,0,0,0.000000,0.000000,0.000000,0.000000,0.748447,0.000000,0.000000,0.000000,-0.707107,0.707107,0.000000,0.001515,0.997165,0.075225,0.000000,-2.091698,-0.532259,0,7,20.757150,0.048839,0,0
24.520470,-18.000060,188.586600,757.381000,0,0,0,0,0,0,0.000000,0.000000,0.000000,0.000000,0.748447,0.000000,0.000000,0.000000,-0.707107,0.707107,0.000000,0.001515,0.997165,0.075225,0.000000,-2.189798,-0.630081,0,7,20.767260,0.048839,0,0
24.530470,-18.000060,188.563800,757.587600,0,0,0,0,0,0,0.000000,0.000000,0.000000,0.000000,0.748447,0.000000,0.000000,0.000000,-0.707107,0.707107,0.000000,0.001515,0.997165,0.075225,0.000000,-2.287898,-0.727903,0,7,20.777840,0.048839,0,0
24.540470,-18.000060,188.539900,757.794100,0,0,0,0,0,0,0.000000,0.000000,0.000000,0.000000,0.748447,0.000000,0.000000,0.000000,-0.707107,0.707107,0.000000,0.001515,0.997165,0.075225,0.000000,-2.385998,-0.825725,0,7,20.788870,0.048839,0,0
24.550470,-18.000060,188.515100,758.000700,0,0,0,0,0,0,0.000000,0.000000,0.000000,0.000000,0.748447,0.000000,0.000000,0.000000,-0.707107,0.707107,0.000000,0.001515,0.997165,0.075225,0.000000,-2.484098,-0.923547,0,7,20.800350,0.048839,0,0
24.560470,-18.000060,188.489200,758.207200,0,0,0,0,0,0,0.000000,0.000000,0.000000,0.000000,0.748447,0.000000,0.000000,0.000000,-0.707107,0.707107,0.000000,0.001515,0.997165,0.075225,0.000000,-2.582198,-1.021369,0,7,20.812300,0.048839,0,0
24.570470,-18.000060,188.462400,758.413800,0,0,0,0,0,0,0.000000,0.000000,0.000000,0.000000,0.748447,0.000000,0.000000,0.000000,-0.707107,0.707107,0.000000,0.001515,0.997165,0.075225,0.000000,-2.680298,-1.119190,0,7,20.824700,0.048839,0,0
24.580470,-18.000060,188.434600,758.620300,0,0,0,0,0,0,0.000000,0.000000,0.000000,0.000000,0.748447,0.000000,0.000000,0.000000,-0.707107,0.707107,0.000000,0.001515,0.997165,0.075225,0.000000,-2.778398,-1.217012,0,7,20.837550,0.048839,0,0
24.590470,-18.000060,188.405900,758.826800,0,0,0,0,0,0,0.000000,0.000000,0.000000,0.000000,0.748447,0.000000,0.000000,0.000000,-0.707107,0.707107,0.000000,0.001515,0.997165,0.075225,0.000000,-2.876498,-1.314834,0,7,20.850860,0.048839,0,0
24.600470,-18.000060,188.376100,759.033400,0,0,0,0,0,0,0.000000,0.000000,0.000000,0.000000,0.748447,0.000000,0.000000,0.000000,-0.707107,0.707107,0.000000,0.001515,0.997165,0.075225,0.000000,-2.974598,-1.412656,0,7,20.864620,0.048839,0,0
24.610470,-18.000060,188.345400,759.239900,0,0,0,0,0,0,0.000000,0.000000,0.000000,0.000000,0.748447,0.000000,0.000000,0.000000,-0.707107,0.707107,0.000000,0.001515,0.997165,0.075225,0.000000,-3.072698,-1.510478,0,7,20.878830,0.048839,0,0
24.620470,-18.000060,188.313700,759.446500,0,0,0,0,0,0,0.000000,0.000000,0.000000,0.000000,0.748447,0.000000,0.000000,0.000000,-0.707107,0.707107,0.000000,0.001515,0.997165,0.075225,0.000000,-3.170798,-1.608300,0,7,20.893490,0.048839,0,0
24.630470,-18.000060,188.281000,759.653000,0,0,0,0,0,0,0.000000,0.000000,0.000000,0.000000,0.748447,0.000000,0.000000,0.000000,-0.707107,0.707107,0.000000,0.001515,0.997165,0.075225,0.000000,-3.268898,-1.706122,0,7,20.908600,0.048839,0,0
24.640470,-18.000060,188.247300,759.859600,0,0,0,0,0,0,0.000000,0.000000,0.000000,0.000000,0.748447,0.000000,0.000000,0.000000,-0.707107,0.707107,0.000000,0.001515,0.997165,0.075225,0.000000,-3.366997,-1.803943,0,7,20.924170,0.048839,0,0
24.650470,-18.000060,188.212700,760.066100,0,0,0,0,0,0,0.000000,0.000000,0.000000,0.000000,0.748447,0.000000,0.000000,0.000000,-0.707107,0.707107,0.000000,0.001515,0.997165,0.075225,0.000000,-3.465097,-1.901765,0,7,20.940170,0.048839,0,0
24.660470,-18.000060,188.177100,760.272600,0,0,0,0,0,0,0.000000,0.000000,0.000000,0.000000,0.748447,0.000000,0.000000,0.000000,-0.707107,0.707107,0.000000,0.001515,0.997165,0.075225,0.000000,-3.563197,-1.999587,0,7,20.956630,0.048839,0,0
24.670470,-18.000060,188.140500,760.479200,0,0,0,0,0,0,0.000000,0.000000,0.000000,0.000000,0.748447,0.000000,0.000000,0.000000,-0.707107,0.707107,0.000000,0.001515,0.997165,0.075225,0.000000,-3.661297,-2.097409,0,7,20.973530,0.048839,0,0
24.680470,-18.000060,188.102900,760.685700,0,0,0,0,0,0,0.000000,0.000000,0.000000,0.000000,0.748447,0.000000,0.000000,0.000000,-0.707107,0.707107,0.000000,0.001515,0.997165,0.075225,0.000000,-3.759397,-2.195231,0,7,20.990880,0.048839,0,0
24.690470,-18.000060,188.064300,760.892300,0,0,0,0,0,0,0.000000,0.000000,0.000000,0.000000,0.748447,0.000000,0.000000,0.000000,-0.707107,0.707107,0.000000,0.001515,0.997165,0.075225,0.000000,-3.857497,-2.293053,0,7,21.008670,0.048839,0,0
24.700470,-18.000060,188.024700,761.098800,0,0,0,0,0,0,0.000000,0.000000,0.000000,0.000000,0.748447,0.000000,0.000000,0.000000,-0.707107,0.707107,0.000000,0.001515,0.997165,0.075225,0.000000,-3.955597,-2.390874,0,7,21.026910,0.048839,0,0
24.710470,-18.000060,187.984200,761.305400,0,0,0,0,0,0,0.000000,0.000000,0.000000,0.000000,0.748447,0.000000,0.000000,0.000000,-0.707107,0.707107,0.000000,0.001515,0.997165,0.075225,0.000000,-4.053697,-2.488696,0,7,21.045580,0.048839,0,0
24.720470,-18.000060,187.942700,761.511900,0,0,0,0,0,0,0.000000,0.000000,0.000000,0.000000,0.748447,0.000000,0.000000,0.000000,-0.707107,0.707107,0.000000,0.001515,0.997165,0.075225,0.000000,-4.151797,-2.586519,0,7,21.064700,0.048839,0,0
24.730470,-18.000060,187.900200,761.718400,0,0,0,0,0,0,0.000000,0.000000,0.000000,0.000000,0.748447,0.000000,0.000000,0.000000,-0.707107,0.707107,0.000000,0.001515,0.997165,0.075225,0.000000,-4.249897,-2.684340,0,7,21.084250,0.048839,0,0
24.740470,-18.000060,187.856700,761.925000,0,0,0,0,0,0,0.000000,0.000000,0.000000,0.000000,0.748447,0.000000,0.000000,0.000000,-0.707107,0.707107,0.000000,0.001515,0.997165,0.075225,0.000000,-4.347998,-2.782163,0,7,21.104240,0.048839,0,0
24.750470,-18.000060,187.812200,762.131500,0,0,0,0,0,0,0.000000,0.000000,0.000000,0.000000,0.748447,0.000000,0.000000,0.000000,-0.707107,0.707107,0.000000,0.001515,0.997165,0.075225,0.000000,-4.446098,-2.879985,0,7,21.124670,0.048839,0,0
24.760470,-18.000060,187.766800,762.338100,0,0,0,0,0,0,0.000000,0.000000,0.000000,0.000000,0.748447,0.000000,0.000000,0.000000,-0.707107,0.707107,0.000000,0.001515,0.997165,0.075225,0.000000,-4.544198,-2.977807,0,7,21.145540,0.048839,0,0
24.770470,-18.000060,187.720400,762.544600,0,0,0,0,0,0,0.000000,0.000000,0.000000,0.000000,0.748447,0.000000,0.000000,0.000000,-0.707107,0.707107,0.000000,0.001515,0.997165,0.075225,0.000000,-4.642298,-3.075629,0,7,21.166840,0.048839,0,0
24.780470,-18.000060,187.673000,762.751200,0,0,0,0,0,0,0.000000,0.000000,0.000000,0.000000,0.748447,0.000000,0.000000,0.000000,-0.707107,0.707107,0.000000,0.001515,0.997165,0.075225,0.000000,-4.740398,-3.173451,0,7,21.188570,0.048839,0,0
24.790470,-18.000060,187.624600,762.957700,0,0,0,0,0,0,0.000000,0.000000,0.000000,0.000000,0.748447,0.000000,0.000000,0.000000,-0.707107,0.707107,0.000000,0.001515,0.997165,0.075225,0.000000,-4.838499,-3.271273,0,7,21.210730,0.048839,0,0
24.800470,-18.000060,187.575200,763.164200,0,0,0,0,0,0,0.000000,0.000000,0.000000,0.000000,0.748447,0.000000,0.000000,0.000000,-0.707107,0.707107,0.000000,0.001515,0.997165,0.075225,0.000000,-4.936599,-3.369095,0,7,21.233320,0.048839,0,0
24.810470,-18.000060,187.524900,763.370800,0,0,0,0,0,0,0.000000,0.000000,0.000000,0.000000,0.748447,0.000000,0.000000,0.000000,-0.707107,0.707107,0.000000,0.001515,0.997165,0.075225,0.000000,-5.034699,-3.466917,0,7,21.256350,0.048839,0,0
24.820470,-18.000060,187.473500,763.577300,0,0,0,0,0,0,0.000000,0.000000,0.000000,0.000000,0.748447,0.000000,0.000000,0.000000,-0.707107,0.707107,0.000000,0.001515,0.997165,0.075225,0.000000,-5.132799,-3.564739,0,7,21.279790,0.048839,0,0
24.830470,-18.000060,187.421200,763.783900,0,0,0,0,0,0,0.000000,0.000000,0.000000,0.000000,0.748447,0.000000,0.000000,0.000000,-0.707107,0.707107,0.000000,0.001515,0.997165,0.075225,0.000000,-5.230899,-3.662561,0,7,21.303670,0.048839,0,0
24.840470,-18.000060,187.367900,763.990400,0,0,0,0,0,0,0.000000,0.000000,0.000000,0.000000,0.748447,0.000000,0.000000,0.000000,-0.707107,0.707107,0.000000,0.001515,0.997165,0.075225,0.000000,-5.329000,-3.760383,0,7,21.327970,0.048839,0,0
24.850470,-18.000060,187.313700,764.197000,0,0,0,0,0,0,0.000000,0.000000,0.000000,0.000000,0.748447,0.000000,0.000000,0.000000,-0.707107,0.707107,0.000000,0.001515,0.997165,0.075225,0.000000,-5.427100,-3.858206,0,7,21.352690,0.048839,0,0
24.860470,-18.000060,187.258400,764.403500,0,0,0,0,0,0,0.000000,0.000000,0.000000,0.000000,0.748447,0.000000,0.000000,0.000000,-0.707107,0.707107,0.000000,0.001515,0.997165,0.075225,0.000000,-5.525200,-3.956028,0,7,21.377840,0.048839,0,0
24.870470,-18.000060,187.202200,764.610000,0,0,0,0,0,0,0.000000,0.000000,0.000000,0.000000,0.748447,0.000000,0.000000,0.000000,-0.707107,0.707107,0.000000,0.001515,0.997165,0.075225,0.000000,-5.623300,-4.053850,0,7,21.403400,0.048839,0,0
24.880470,-18.000060,187.145000,764.816600,0,0,0,0,0,0,0.000000,0.000000,0.000000,0.000000,0.748447,0.000000,0.000000,0.000000,-0.707107,0.707107,0.000000,0.001515,0.997165,0.075225,0.000000,-5.721400,-4.151672,0,7,21.429380,0.048839,0,0
24.890470,-18.000060,187.086800,765.023100,0,0,0,0,0,0,0.000000,0.000000,0.000000,0.000000,0.748447,0.000000,0.000000,0.000000,-0.707107,0.707107,0.000000,0.001515,0.997165,0.075225,0.000000,-5.819500,-4.249494,0,7,21.455780,0.048839,0,0
24.900470,-18.000060,187.027600,765.229700,0,0,0,0,0,0,0.000000,0.000000,0.000000,0.000000,0.748447,0.000000,0.000000,0.000000,-0.707107,0.707107,0.000000,0.001515,0.997165,0.075225,0.000000,-5.917601,-4.347316,0,7,21.482600,0.048839,0,0
24.910470,-18.000060,186.967400,765.436200,0,0,0,0,0,0,0.000000,0.000000,0.000000,0.000000,0.748447,0.000000,0.000000,0.000000,-0.707107,0.707107,0.000000,0.001515,0.997165,0.075225,0.000000,-6.015701,-4.445138,0,7,21.509830,0.048839,0,0
24.920480,-18.000060,186.906300,765.642800,0,0,0,0,0,0,0.000000,0.000000,0.000000,0.000000,0.748447,0.000000,0.000000,0.000000,-0.707107,0.707107,0.000000,0.001515,0.997165,0.075225,0.000000,-6.113801,-4.542960,0,7,21.537470,0.048839,0,0
24.930480,-18.000060,186.844200,765.849300,0,0,0,0,0,0,0.000000,0.000000,0.000000,0.000000,0.748447,0.000000,0.000000,0.000000,-0.707107,0.707107,0.000000,0.001515,0.997165,0.075225,0.000000,-6.211901,-4.640782,0,7,21.565520,0.048839,0,0
24.940480,-18.000060,186.781100,766.055800,0,0,0,0,0,0,0.000000,0.000000,0.000000,0.000000,0.748447,0.000000,0.000000,0.000000,-0.707107,0.707107,0.000000,0.001515,0.997165,0.075225,0.000000,-6.310001,-4.738605,0,7,21.593980,0.048839,0,0
24.950480,-18.000060,186.717000,766.262400,0,0,0,0,0,0,0.000000,0.000000,0.000000,0.000000,0.748447,0.000000,0.000000,0.000000,-0.707107,0.707107,0.000000,0.001515,0.997165,0.075225,0.000000,-6.408102,-4.836426,0,7,21.622850,0.048839,0,0
24.960480,-18.000060,186.651900,766.468900,0,0,0,0,0,0,0.000000,0.000000,0.000000,0.000000,0.748447,0.000000,0.000000,0.000000,-0.707107,0.707107,0.000000,0.001515,0.997165,0.075225,0.000000,-6.506202,-4.934248,0,7,21.652130,0.048839,0,0
24.970480,-18.000060,186.585900,766.675500,0,0,0,0,0,0,0.000000,0.000000,0.000000,0.000000,0.748447,0.000000,0.000000,0.000000,-0.707107,0.707107,0.000000,0.001515,0.997165,0.075225,0.000000,-6.604302,-5.032071,0,7,21.681810,0.048839,0,0
24.980480,-18.000060,186.518900,766.882000,0,0,0,0,0,0,0.000000,0.000000,0.000000,0.000000,0.748447,0.000000,0.000000,0.000000,-0.707107,0.707107,0.000000,0.001515,0.997165,0.075225,0.000000,-6.702402,-5.129893,0,7,21.711890,0.048839,0,0
24.990480,-18.000060,186.450900,767.088600,0,0,0,0,0,0,0.000000,0.000000,0.000000,0.000000,0.748447,0.000000,0.000000,0.000000,-0.707107,0.707107,0.000000,0.001515,0.997165,0.075225,0.000000,-6.800502,-5.227715,0,7,21.742370,0.048839,0,0
25.000480,-18.000060,186.381900,767.295100,0,0,0,0,0,0,0.000000,0.000000,0.000000,0.000000,0.748447,0.000000,0.000000,0.000000,-0.707107,0.707107,0.000000,0.001515,0.997165,0.075225,0.000000,-6.898602,-5.325537,0,7,21.773260,0.048839,0,0
25.010480,-18.000060,186.311900,767.501600,0,0,0,0,0,0,0.000000,0.000000,0.000000,0.000000,0.748447,0.000000,0.000000,0.000000,-0.707107,0.707107,0.000000,0.001515,0.997165,0.075225,0.000000,-6.996703,-5.423359,0,7,21.804540,0.048839,0,0
25.020480,-18.000060,186.241000,767.708200,0,0,0,0,0,0,0.000000,0.000000,0.000000,0.000000,0.748447,0.000000,0.000000,0.000000,-0.707107,0.707107,0.000000,0.001515,0.997165,0.075225,0.000000,-7.094803,-5.521181,0,7,21.836210,0.048839,0,0
25.030480,-18.000060,186.169000,767.914700,0,0,0,0,0,0,0.000000,0.000000,0.000000,0.000000,0.748447,0.000000,0.000000,0.000000,-0.707107,0.707107,0.000000,0.001515,0.997165,0.075225,0.000000,-7.192903,-5.619003,0,7,21.868280,0.048839,0,0
25.040480,-18.000060,186.096100,768.121300,0,0,0,0,0,0,0.000000,0.000000,0.000000,0.000000,0.748447,0.000000,0.000000,0.000000,-0.707107,0.707107,0.000000,0.001515,0.997165,0.075225,0.000000,-7.291003,-5.716825,0,7,21.900750,0.048839,0,0
25.050480,-18.000060,186.022200,768.327800,0,0,0,0,0,0,0.000000,0.000000,0.000000,0.000000,0.748447,0.000000,0.000000,0.000000,-0.707107,0.707107,0.000000,0.001515,0.997165,0.075225,0.000000,-7.389103,-5.814647,0,7,21.933600,0.048839,0,0
25.060480,-18.000060,185.947400,768.534400,0,0,0,0,0,0,0.000000,0.000000,0.000000,0.000000,0.748447,0.000000,0.000000,0.000000,-0.707107,0.707107,0.000000,0.001515,0.997165,0.075225,0.000000,-7.487204,-5.912469,0,7,21.966840,0.048839,0,0
25.070480,-18.000060,185.871500,768.740900,0,0,0,0,0,0,0.000000,0.000000,0.000000,0.000000,0.748447,0.000000,0.000000,0.000000,-0.707107,0.707107,0.000000,0.001515,0.997165,0.075225,0.000000,-7.585304,-6.010292,0,7,22.000470,0.048839,0,0
25.080480,-18.000060,185.794700,768.947400,0,0,0,0,0,0,0.000000,0.000000,0.000000,0.000000,0.748447,0.000000,0.000000,0.000000,-0.707107,0.707107,0.000000,0.001515,0.997165,0.075225,0.000000,-7.683404,-6.108113,0,7,22.034490,0.048839,0,0
25.090480,-18.000060,185.716900,769.154000,0,0,0,0,0,0,0.000000,0.000000,0.000000,0.000000,0.748447,0.000000,0.000000,0.000000,-0.707107,0.707107,0.000000,0.001515,0.997165,0.075225,0.000000,-7.781504,-6.205935,0,7,22.068890,0.048839,0,0
25.100480,-18.000060,185.638100,769.360500,0,0,0,0,0,0,0.000000,0.000000,0.000000,0.000000,0.748447,0.000000,0.000000,0.000000,-0.707107,0.707107,0.000000,0.001515,0.997165,0.075225,0.000000,-7.879604,-6.303758,0,7,22.103670,0.048839,0,0
25.110480,-18.000060,185.558300,769.567100,0,0,0,0,0,0,0.000000,0.000000,0.000000,0.000000,0.748447,0.000000,0.000000,0.000000,-0.707107,0.707107,0.000000,0.001515,0.997165,0.075225,0.000000,-7.977705,-6.401580,0,7,22.138830,0.048839,0,0
25.120480,-18.000060,185.477500,769.773600,0,0,0,0,0,0,0.000000,0.000000,0.000000,0.000000,0.748447,0.000000,0.000000,0.000000,-0.707107,0.707107,0.000000,0.001515,0.997165,0.075225,0.000000,-8.075805,-6.499402,0,7,22.174370,0.048839,0,0
25.130480,-18.000060,185.395800,769.980200,0,0,0,0,0,0,0.000000,0.000000,0.000000,0.000000,0.748447,0.000000,0.000000,0.000000,-0.707107,0.707107,0.000000,0.001515,0.997165,0.075225,0.000000,-8.173904,-6.597223,0,7,22.210280,0.048839,0,0
25.140480,-18.000060,185.313100,770.186700,0,0,0,0,0,0,0.000000,0.000000,0.000000,0.000000,0.748447,0.000000,0.000000,0.000000,-0.707107,0.707107,0.000000,0.001515,0.997165,0.075225,0.000000,-8.272004,-6.695045,0,7,22.246570,0.048839,0,0
25.150480,-18.000060,185.229400,770.393200,0,0,0,0,0,0,0.000000,0.000000,0.000000,0.000000,0.748447,0.000000,0.000000,0.000000,-0.707107,0.707107,0.000000,0.001515,0.997165,0.075225,0.000000,-8.370104,-6.792867,0,7,22.283240,0.048839,0,0
25.160480,-18.000060,185.144700,770.599800,0,0,0,0,0,0,0.000000,0.000000,0.000000,0.000000,0.748447,0.000000,0.000000,0.000000,-0.707107,0.707107,0.000000,0.001515,0.997165,0.075225,0.000000,-8.468204,-6.890688,0,7,22.320270,0.048839,0,0
25.170480,-18.000060,185.059000,770.806300,0,0,0,0,0,0,0.000000,0.000000,0.000000,0.000000,0.748447,0.000000,0.000000,0.000000,-0.707107,0.707107,0.000000,0.001515,0.997165,0.075225,0.000000,-8.566303,-6.988510,0,7,22.357670,0.048839,0,0
25.180480,-18.000060,184.972400,771.012900,0,0,0,0,0,0,0.000000,0.000000,0.000000,0.000000,0.748447,0.000000,0.000000,0.000000,-0.707107,0.707107,0.000000,0.001515,0.997165,0.075225,0.000000,-8.664403,-7.086331,0,7,22.395440,0.048839,0,0
25.190480,-18.000060,184.884800,771.219400,0,0,0,0,0,0,0.000000,0.000000,0.000000,0.000000,0.748447,0.000000,0.000000,0.000000,-0.707107,0.707107,0.000000,0.001515,0.997165,0.075225,0.000000,-8.762503,-7.184153,0,7,22.433580,0.048839,0,0
25.200480,-18.000060,184.796100,771.426000,0,0,0,0,0,0,0.000000,0.000000,0.000000,0.000000,0.748447,0.000000,0.000000,0.000000,-0.707107,0.707107,0.000000,0.001515,0.997165,0.075225,0.000000,-8.860602,-7.281975,0,7,22.472080,0.048839,0,0
25.210480,-18.000060,184.706600,771.632500,0,0,0,0,0,0,0.000000,0.000000,0.000000,0.000000,0.748447,0.000000,0.000000,0.000000,-0.707107,0.707107,0.000000,0.001515,0.997165,0.075225,0.000000,-8.958702,-7.379797,0,7,22.510940,0.048839,0,0
25.220480,-18.000060,184.616000,771.839100,0,0,0,0,0,0,0.000000,0.000000,0.000000,0.000000,0.748447,0.000000,0.000000,0.000000,-0.707107,0.707107,0.000000,0.001515,0.997165,0.075225,0.000000,-9.056802,-7.477618,0,7,22.550160,0.048839,0,0
25.230480,-18.000060,184.524400,772.045600,0,0,0,0,0,0,0.000000,0.000000,0.000000,0.000000,0.748447,0.000000,0.000000,0.000000,-0.707107,0.707107,0.000000,0.001515,0.997165,0.075225,0.000000,-9.154902,-7.575439,0,7,22.589740,0.048839,0,0
25.240480,-18.000060,184.431900,772.252100,0,0,0,0,0,0,0.000000,0.000000,0.000000,0.000000,0.748447,0.000000,0.000000,0.000000,-0.707107,0.707107,0.000000,0.001515,0.997165,0.075225,0.000000,-9.253001,-7.673261,0,7,22.629670,0.048839,0,0
25.250480,-18.000060,184.338400,772.458700,0,0,0,0,0,0,0.000000,0.000000,0.000000,0.000000,0.748447,0.000000,0.000000,0.000000,-0.707107,0.707107,0.000000,0.001515,0.997165,0.075225,0.000000,-9.351101,-7.771083,0,7,22.669960,0.048839,0,0
25.260480,-18.000060,184.243900,772.665200,0,0,0,0,0,0,0.000000,0.000000,0.000000,0.000000,0.748447,0.000000,0.000000,0.000000,-0.707107,0.707107,0.000000,0.001515,0.997165,0.075225,0.000000,-9.449201,-7.868905,0,7,22.710600,0.048839,0,0
25.270480,-18.000060,184.148400,772.871800,0,0,0,0,0,0,0.000000,0.000000,0.000000,0.000000,0.748447,0.000000,0.000000,0.000000,-0.707107,0.707107,0.000000,0.001515,0.997165,0.075225,0.000000,-9.547300,-7.966726,0,7,22.751590,0.048839,0,0
25.280480,-18.000060,184.052000,773.078300,0,0,0,0,0,0,0.000000,0.000000,0.000000,0.000000,0.748447,0.000000,0.000000,0.000000,-0.707107,0.707107,0.000000,0.001515,0.997165,0.075225,0.000000,-9.645400,-8.064548,0,7,22.792930,0.048839,0,0
25.290480,-18.000060,183.954600,773.284900,0,0,0,0,0,0,0.000000,0.000000,0.000000,0.000000,0.748447,0.000000,0.000000,0.000000,-0.707107,0.707107,0.000000,0.001515,0.997165,0.075225,0.000000,-9.743500,-8.162369,0,7,22.834620,0.048839,0,0
25.300480,-18.000060,183.856100,773.491400,0,0,0,0,0,0,0.000000,0.000000,0.000000,0.000000,0.748447,0.000000,0.000000,0.000000,-0.707107,0.707107,0.000000,0.001515,0.997165,0.075225,0.000000,-9.841599,-8.260191,0,7,22.876650,0.048839,0,0
25.310480,-18.000060,183.756700,773.697900,0,0,0,0,0,0,0.000000,0.000000,0.000000,0.000000,0.748447,0.000000,0.000000,0.000000,-0.707107,0.707107,0.000000,0.001515,0.997165,0.075225,0.000000,-9.939699,-8.358012,0,7,22.919020,0.048839,0,0
25.320480,-18.000060,183.656400,773.904500,0,0,0,0,0,0,0.000000,0.000000,0.000000,0.000000,0.748447,0.000000,0.000000,0.000000,-0.707107,0.707107,0.000000,0.001515,0.997165,0.075225,0.000000,-10.037800,-8.455834,0,7,22.961740,0.048839,0,0
25.330480,-18.000060,183.555000,774.111000,0,0,0,0,0,0,0.000000,0.000000,0.000000,0.000000,0.748447,0.000000,0.000000,0.000000,-0.707107,0.707107,0.000000,0.001515,0.997165,0.075225,0.000000,-10.135900,-8.553656,0,7,23.004790,0.048839,0,0
25.340480,-18.000060,183.452700,774.317600,0,0,0,0,0,0,0.000000,0.000000,0.000000,0.000000,0.748447,0.000000,0.000000,0.000000,-0.707107,0.707107,0.000000,0.001515,0.997165,0.075225,0.000000,-10.234000,-8.651477,0,7,23.048180,0.048839,0,0
25.350480,-18.000060,183.349300,774.524100,0,0,0,0,0,0,0.000000,0.000000,0.000000,0.000000,0.748447,0.000000,0.000000,0.000000,-0.707107,0.707107,0.000000,0.001515,0.997165,0.075225,0.000000,-10.332100,-8.749299,0,7,23.091910,0.048839,0,0
25.360490,-18.000060,183.245000,774.730700,0,0,0,0,0,0,0.000000,0.000000,0.000000,0.000000,0.748447,0.000000,0.000000,0.000000,-0.707107,0.707107,0.000000,0.001515,0.997165,0.075225,0.000000,-10.430200,-8.847120,0,7,23.135970,0.048839,0,0
25.370490,-18.000060,183.139800,774.937200,0,0,0,0,0,0,0.000000,0.000000,0.000000,0.000000,0.748447,0.000000,0.000000,0.000000,-0.707107,0.707107,0.000000,0.001515,0.997165,0.075225,0.000000,-10.528300,-8.944942,0,7,23.180360,0.048839,0,0
25.380490,-18.000060,183.033500,775.143700,0,0,0,0,0,0,0.000000,0.000000,0.000000,0.000000,0.748447,0.000000,0.000000,0.000000,-0.707107,0.707107,0.000000,0.001515,0.997165,0.075225,0.000000,-10.626400,-9.042764,0,7,23.225080,0.048839,0,0
25.390490,-18.000060,182.926300,775.350300,0,0,0,0,0,0,0.000000,0.000000,0.000000,0.000000,0.748447,0.000000,0.000000,0.000000,-0.707107,0.707107,0.000000,0.001515,0.997165,0.075225,0.000000,-10.724500,-9.140585,0,7,23.270130,0.048839,0,0
25.400490,-18.000060,182.818000,775.556800,0,0,0,0,0,0,0.000000,0.000000,0.000000,0.000000,0.748447,0.000000,0.000000,0.000000,-0.707107,0.707107,0.000000,0.001515,0.997165,0.075225,0.000000,-10.822600,-9.238407,0,7,23.315500,0.048839,0,0
25.410490,-18.000060,182.708800,775.763400,0,0,0,0,0,0,0.000000,0.000000,0.000000,0.000000,0.748447,0.000000,0.000000,0.000000,-0.707107,0.707107,0.000000,0.001515,0.997165,0.075225,0.000000,-10.920700,-9.336228,0,7,23.361200,0.048839,0,0
25.420490,-18.000060,182.598600,775.969900,0,0,0,0,0,0,0.000000,0.000000,0.000000,0.000000,0.748447,0.000000,0.000000,0.000000,-0.707107,0.707107,0.000000,0.001515,0.997165,0.075225,0.000000,-11.018800,-9.434051,0,7,23.407220,0.048839,0,0
25.430490,-18.000060,182.487500,776.176500,0,0,0,0,0,0,0.000000,0.000000,0.000000,0.000000,0.748447,0.000000,0.000000,0.000000,-0.707107,0.707107,0.000000,0.001515,0.997165,0.075225,0.000000,-11.116900,-9.531872,0,7,23.453560,0.048839,0,0
25.440490,-18.000060,182.375300,776.383000,0,0,0,0,0,0,0.000000,0.000000,0.000000,0.000000,0.748447,0.000000,0.000000,0.000000,-0.707107,0.707107,0.000000,0.001515,0.997165,0.075225,0.000000,-11.215000,-9.629693,0,7,23.500220,0.048839,0,0
25.450490,-18.000060,182.262200,776.589500,0,0,0,0,0,0,0.000000,0.000000,0.000000,0.000000,0.748447,0.000000,0.000000,0.000000,-0.707107,0.707107,0.000000,0.001515,0.997165,0.075225,0.000000,-11.313100,-9.727515,0,7,23.547190,0.048839,0,0
25.460490,-18.000060,182.148100,776.796100,0,0,0,0,0,0,0.000000,0.000000,0.000000,0.000000,0.748447,0.000000,0.000000,0.000000,-0.707107,0.707107,0.000000,0.001515,0.997165,0.075225,0.000000,-11.411190,-9.825336,0,7,23.594480,0.048839,0,0
25.470490,-18.000060,182.033000,777.002600,0,0,0,0,0,0,0.000000,0.000000,0.000000,0.000000,0.748447,0.000000,0.000000,0.000000,-0.707107,0.707107,0.000000,0.001515,0.997165,0.075225,0.000000,-11.509290,-9.923159,0,7,23.642080,0.048839,0,0
25.480490,-18.000060,181.916900,777.209200,0,0,0,0,0,0,0.000000,0.000000,0.000000,0.000000,0.748447,0.000000,0.000000,0.000000,-0.707107,0.707107,0.000000,0.001515,0.997165,0.075225,0.000000,-11.607390,-10.020980,0,7,23.689990,0.048839,0,0
25.490490,-18.000060,181.799900,777.415700,0,0,0,0,0,0,0.000000,0.000000,0.000000,0.000000,0.748447,0.000000,0.000000,0.000000,-0.707107,0.707107,0.000000,0.001515,0.997165,0.075225,0.000000,-11.705490,-10.118800,0,7,23.738210,0.048839,0,0
25.500490,-18.000060,181.681800,777.622300,0,0,0,0,0,0,0.000000,0.000000,0.000000,0.000000,0.748447,0.000000,0.000000,0.000000,-0.707107,0.707107,0.000000,0.001515,0.997165,0.075225,0.000000,-11.803590,-10.216620,0,7,23.786740,0.048839,0,0
25.510490,-18.000060,181.562800,777.828800,0,0,0,0,0,0,0.000000,0.000000,0.000000,0.000000,0.748447,0.000000,0.000000,0.000000,-0.707107,0.707107,0.000000,0.001515,0.997165,0.075225,0.000000,-11.901690,-10.314440,0,7,23.835570,0.048839,0,0
25.520490,-18.000060,181.442800,778.035300,0,0,0,0,0,0,0.000000,0.000000,0.000000,0.000000,0.748447,0.000000,0.000000,0.000000,-0.707107,0.707107,0.000000,0.001515,0.997165,0.075225,0.000000,-11.999790,-10.412270,0,7,23.884700,0.048839,0,0
25.530490,-18.000060,181.321800,778.241900,0,0,0,0,0,0,0.000000,0.000000,0.000000,0.000000,0.748447,0.000000,0.000000,0.000000,-0.707107,0.707107,0.000000,0.001515,0.997165,0.075225,0.000000,-12.097890,-10.510090,0,7,23.934140,0.048839,0,0
25.540490,-18.000060,181.199900,778.448400,0,0,0,0,0,0,0.000000,0.000000,0.000000,0.000000,0.748447,0.000000,0.000000,0.000000,-0.707107,0.707107,0.000000,0.001515,0.997165,0.075225,0.000000,-12.195990,-10.607910,0,7,23.983880,0.048839,0,0
25.550490,-18.000060,181.076900,778.655000,0,0,0,0,0,0,0.000000,0.000000,0.000000,0.000000,0.748447,0.000000,0.000000,0.000000,-0.707107,0.707107,0.000000,0.001515,0.997165,0.075225,0.000000,-12.294090,-10.705730,0,7,24.033910,0.048839,0,0
25.560490,-18.000060,180.953000,778.861500,0,0,0,0,0,0,0.000000,0.000000,0.000000,0.000000,0.748447,0.000000,0.000000,0.000000,-0.707107,0.707107,0.000000,0.001515,0.997165,0.075225,0.000000,-12.392190,-10.803550,0,7,24.084240,0.048839,0,0
25.570490,-18.000060,180.828100,779.068100,0,0,0,0,0,0,0.000000,0.000000,0.000000,0.000000,0.748447,0.000000,0.000000,0.000000,-0.707107,0.707107,0.000000,0.001515,0.997165,0.075225,0.000000,-12.490290,-10.901370,0,7,24.134860,0.048839,0,0
25.580490,-18.000060,180.702200,779.274600,0,0,0,0,0,0,0.000000,0.000000,0.000000,0.000000,0.748447,0.000000,0.000000,0.000000,-0.707107,0.707107,0.000000,0.001515,0.997165,0.075225,0.000000,-12.588390,-10.999200,0,7,24.185770,0.048839,0,0
25.590490,-18.000060,180.575300,779.481100,0,0,0,0,0,0,0.000000,0.000000,0.000000,0.000000,0.748447,0.000000,0.000000,0.000000,-0.707107,0.707107,0.000000,0.001515,0.997165,0.075225,0.000000,-12.686490,-11.097020,0,7,24.236980,0.048839,0,0
25.600490,-18.000060,180.447500,779.687700,0,0,0,0,0,0,0.000000,0.000000,0.000000,0.000000,0.748447,0.000000,0.000000,0.000000,-0.707107,0.707107,0.000000,0.001515,0.997165,0.075225,0.000000,-12.784590,-11.194840,0,7,24.288470,0.048839,0,0
25.610490,-18.000060,180.318700,779.894200,0,0,0,0,0,0,0.000000,0.000000,0.000000,0.000000,0.748447,0.000000,0.000000,0.000000,-0.707107,0.707107,0.000000,0.001515,0.997165,0.075225,0.000000,-12.882690,-11.292660,0,7,24.340250,0.048839,0,0
25.620490,-18.000060,180.188900,780.100800,0,0,0,0,0,0,0.000000,0.000000,0.000000,0.000000,0.748447,0.000000,0.000000,0.000000,-0.707107,0.707107,0.000000,0.001515,0.997165,0.075225,0.000000,-12.980790,-11.390480,0,7,24.392310,0.048839,0,0
25.630490,-18.000060,180.058100,780.307300,0,0,0,0,0,0,0.000000,0.000000,0.000000,0.000000,0.748447,0.000000,0.000000,0.000000,-0.707107,0.707107,0.000000,0.001515,0.997165,0.075225,0.000000,-13.078890,-11.488300,0,7,24.444660,0.048839,0,0
25.640490,-18.000060,179.926300,780.513900,0,0,0,0,0,0,0.000000,0.000000,0.000000,0.000000,0.748447,0.000000,0.000000,0.000000,-0.707107,0.707107,0.000000,0.001515,0.997165,0.075225,0.000000,-13.176990,-11.586130,0,7,24.497290,0.048839,0,0
25.650490,-18.000060,179.793500,780.720400,0,0,0,0,0,0,0.000000,0.000000,0.000000,0.000000,0.748447,0.000000,0.000000,0.000000,-0.707107,0.707107,0.000000,0.001515,0.997165,0.075225,0.000000,-13.275090,-11.683950,0,7,24.550190,0.048839,0,0
25.660490,-18.000060,179.659800,780.926900,0,0,0,0,0,0,0.000000,0.000000,0.000000,0.000000,0.748447,0.000000,0.000000,0.000000,-0.707107,0.707107,0.000000,0.001515,0.997165,0.075225,0.000000,-13.373190,-11.781770,0,7,24.603380,0.048839,0,0
25.670490,-18.000060,179.525100,781.133500,0,0,0,0,0,0,0.000000,0.000000,0.000000,0.000000,0.748447,0.000000,0.000000,0.000000,-0.707107,0.707107,0.000000,0.001515,0.997165,0.075225,0.000000,-13.471290,-11.879590,0,7,24.656840,0.048839,0,0
25.680490,-18.000060,179.389400,781.340000,0,0,0,0,0,0,0.000000,0.000000,0.000000,0.000000,0.748447,0.000000,0.000000,0.000000,-0.707107,0.707107,0.000000,0.001515,0.997165,0.075225,0.000000,-13.569390,-11.977410,0,7,24.710570,0.048839,0,0
25.690490,-18.000060,179.252700,781.546600,0,0,0,0,0,0,0.000000,0.000000,0.000000,0.000000,0.748447,0.000000,0.000000,0.000000,-0.707107,0.707107,0.000000,0.001515,0.997165,0.075225,0.000000,-13.667490,-12.075230,0,7,24.764580,0.048839,0,0
25.700490,-18.000060,179.115100,781.753100,0,0,0,0,0,0,0.000000,0.000000,0.000000,0.000000,0.748447,0.000000,0.000000,0.000000,-0.707107,0.707107,0.000000,0.001515,0.997165,0.075225,0.000000,-13.765590,-12.173060,0,7,24.818850,0.048839,0,0
25.710490,-18.000060,178.976400,781.959700,0,0,0,0,0,0,0.000000,0.000000,0.000000,0.000000,0.748447,0.000000,0.000000,0.000000,-0.707107,0.707107,0.000000,0.001515,0.997165,0.075225,0.000000,-13.863690,-12.270880,0,7,24.873400,0.048839,0,0
25.720490,-18.000060,178.836800,782.166200,0,0,0,0,0,0,0.000000,0.000000,0.000000,0.000000,0.748447,0.000000,0.000000,0.000000,-0.707107,0.707107,0.000000,0.001515,0.997165,0.075225,0.000000,-13.961790,-12.368700,0,7,24.928210,0.048839,0,0
25.730490,-18.000060,178.696200,782.372700,0,0,0,0,0,0,0.000000,0.000000,0.000000,0.000000,0.748447,0.000000,0.000000,0.000000,-0.707107,0.707107,0.000000,0.001515,0.997165,0.075225,0.000000,-14.059890,-12.466520,0,7,24.983280,0.048839,0,0
25.740490,-18.000060,178.554600,782.579300,0,0,0,0,0,0,0.000000,0.000000,0.000000,0.000000,0.748447,0.000000,0.000000,0.000000,-0.707107,0.707107,0.000000,0.001515,0.997165,0.075225,0.000000,-14.157990,-12.564340,0,7,25.038620,0.048839,0,0
25.750490,-18.000060,178.412100,782.785800,0,0,0,0,0,0,0.000000,0.000000,0.000000,0.000000,0.748447,0.000000,0.000000,0.000000,-0.707107,0.707107,0.000000,0.001515,0.997165,0.075225,0.000000,-14.256090,-12.662160,0,7,25.094220,0.048839,0,0
25.760490,-18.000060,178.268500,782.992400,0,0,0,0,0,0,0.000000,0.000000,0.000000,0.000000,0.748447,0.000000,0.000000,0.000000,-0.707107,0.707107,0.000000,0.001515,0.997165,0.075225,0.000000,-14.354190,-12.759980,0,7,25.150080,0.048839,0,0
25.770490,-18.000060,178.124000,783.198900,0,0,0,0,0,0,0.000000,0.000000,0.000000,0.000000,0.748447,0.000000,0.000000,0.000000,-0.707107,0.707107,0.000000,0.001515,0.997165,0.075225,0.000000,-14.452290,-12.857810,0,7,25.206200,0.048839,0,0
25.780490,-18.000060,177.978500,783.405500,0,0,0,0,0,0,0.000000,0.000000,0.000000,0.000000,0.748447,0.000000,0.000000,0.000000,-0.707107,0.707107,0.000000,0.001515,0.997165,0.075225,0.000000,-14.550390,-12.955630,0,7,25.262580,0.048839,0,0
25.790490,-18.000060,177.832000,783.612000,0,0,0,0,0,0,0.000000,0.000000,0.000000,0.000000,0.748447,0.000000,0.000000,0.000000,-0.707107,0.707107,0.000000,0.001515,0.997165,0.075225,0.000000,-14.648490,-13.053450,0,7,25.319200,0.048839,0,0
25.800500,-18.000060,177.684600,783.818500,0,0,0,0,0,0,0.000000,0.000000,0.000000,0.000000,0.748447,0.000000,0.000000,0.000000,-0.707107,0.707107,0.000000,0.001515,0.997165,0.075225,0.000000,-14.746580,-13.151270,0,7,25.376090,0.048839,0,0
25.810500,-18.000060,177.536100,784.025100,0,0,0,0,0,0,0.000000,0.000000,0.000000,0.000000,0.748447,0.000000,0.000000,0.000000,-0.707107,0.707107,0.000000,0.001515,0.997165,0.075225,0.000000,-14.844680,-13.249090,0,7,25.433220,0.048839,0,0
25.820500,-18.000060,177.386700,784.231600,0,0,0,0,0,0,0.000000,0.000000,0.000000,0.000000,0.748447,0.000000,0.000000,0.000000,-0.707107,0.707107,0.000000,0.001515,0.997165,0.075225,0.000000,-14.942780,-13.346910,0,7,25.490600,0.048839,0,0
25.830500,-18.000060,177.236300,784.438200,0,0,0,0,0,0,0.000000,0.000000,0.000000,0.000000,0.748447,0.000000,0.000000,0.000000,-0.707107,0.707107,0.000000,0.001515,0.997165,0.075225,0.000000,-15.040880,-13.444740,0,7,25.548230,0.048839,0,0
25.840500,-18.000060,177.084900,784.644700,0,0,0,0,0,0,0.000000,0.000000,0.000000,0.000000,0.748447,0.000000,0.000000,0.000000,-0.707107,0.707107,0.000000,0.001515,0.997165,0.075225,0.000000,-15.138980,-13.542560,0,7,25.606110,0.048839,0,0
25.850500,-18.000060,176.932500,784.851300,0,0,0,0,0,0,0.000000,0.000000,0.000000,0.000000,0.748447,0.000000,0.000000,0.000000,-0.707107,0.707107,0.000000,0.001515,0.997165,0.075225,0.000000,-15.237080,-13.640380,0,7,25.664230,0.048839,0,0
25.860500,-18.000060,176.779200,785.057800,0,0,0,0,0,0,0.000000,0.000000,0.000000,0.000000,0.748447,0.000000,0.000000,0.000000,-0.707107,0.707107,0.000000,0.001515,0.997165,0.075225,0.000000,-15.335180,-13.738200,0,7,25.722590,0.048839,0,0
25.870500,-18.000060,176.624800,785.264300,0,0,0,0,0,0,0.000000,0.000000,0.000000,0.000000,0.748447,0.000000,0.000000,0.000000,-0.707107,0.707107,0.000000,0.001515,0.997165,0.075225,0.000000,-15.433280,-13.836020,0,7,25.781200,0.048839,0,0
25.880500,-18.000060,176.469500,785.470900,0,0,0,0,0,0,0.000000,0.000000,0.000000,0.000000,0.748447,0.000000,0.000000,0.000000,-0.707107,0.707107,0.000000,0.001515,0.997165,0.075225,0.000000,-15.531380,-13.933840,0,7,25.840040,0.048839,0,0
25.890500,-18.000060,176.313200,785.677400,0,0,0,0,0,0,0.000000,0.000000,0.000000,0.000000,0.748447,0.000000,0.000000,0.000000,-0.707107,0.707107,0.000000,0.001515,0.997165,0.075225,0.000000,-15.629480,-14.031670,0,7,25.899130,0.048839,0,0
25.900500,-18.000060,176.156000,785.884000,0,0,0,0,0,0,0.000000,0.000000,0.000000,0.000000,0.748447,0.000000,0.000000,0.000000,-0.707107,0.707107,0.000000,0.001515,0.997165,0.075225,0.000000,-15.727580,-14.129490,0,7,25.958440,0.048839,0,0
25.910500,-18.000060,175.997700,786.090500,0,0,0,0,0,0,0.000000,0.000000,0.000000,0.000000,0.748447,0.000000,0.000000,0.000000,-0.707107,0.707107,0.000000,0.001515,0.997165,0.075225,0.000000,-15.825680,-14.227310,0,7,26.018000,0.048839,0,0
25.920500,-18.000060,175.838500,786.297100,0,0,0,0,0,0,0.000000,0.000000,0.000000,0.000000,0.748447,0.000000,0.000000,0.000000,-0.707107,0.707107,0.000000,0.001515,0.997165,0.075225,0.000000,-15.923780,-14.325130,0,7,26.077780,0.048839,0,0
25.930500,-18.000060,175.678200,786.503600,0,0,0,0,0,0,0.000000,0.000000,0.000000,0.000000,0.748447,0.000000,0.000000,0.000000,-0.707107,0.707107,0.000000,0.001515,0.997165,0.075225,0.000000,-16.021880,-14.422950,0,7,26.137800,0.049509,0,0
25.940500,-18.000060,175.517000,786.710100,0,0,0,0,0,0,0.000000,0.000000,0.000000,0.000000,0.748447,0.000000,0.000000,0.000000,-0.707107,0.707107,0.000000,0.001515,0.997165,0.075225,0.000000,-16.119980,-14.520770,0,7,26.198050,0.050098,0,0
25.950500,-18.000060,175.354900,786.916700,0,0,0,0,0,0,0.000000,0.000000,0.000000,0.000000,0.748447,0.000000,0.000000,0.000000,-0.707107,0.707107,0.000000,0.001515,0.997165,0.075225,0.000000,-16.218080,-14.618600,0,7,26.258530,0.050612,0,0
25.960500,-18.000060,175.191700,787.123200,0,0,0,0,0,0,0.000000,0.000000,0.000000,0.000000,0.748447,0.000000,0.000000,0.000000,-0.707107,0.707107,0.000000,0.001515,0.997165,0.075225,0.000000,-16.316180,-14.716420,0,7,26.319230,0.051274,0,0
25.970500,-18.000060,175.027600,787.329800,0,0,0,0,0,0,0.000000,0.000000,0.000000,0.000000,0.748447,0.000000,0.000000,0.000000,-0.707107,0.707107,0.000000,0.001515,0.997165,0.075225,0.000000,-16.414280,-14.814240,0,7,26.380160,0.051865,0,0
25.980500,-18.000060,174.862400,787.536300,0,0,0,0,0,0,0.000000,0.000000,0.000000,0.000000,0.748447,0.000000,0.000000,0.000000,-0.707107,0.707107,0.000000,0.001515,0.997165,0.075225,0.000000,-16.512380,-14.912070,0,7,26.441310,0.052390,0,0
25.990500,-18.000060,174.696300,787.742900,0,0,0,0,0,0,0.000000,0.000000,0.000000,0.000000,0.748447,0.000000,0.000000,0.000000,-0.707107,0.707107,0.000000,0.001515,0.997165,0.075225,0.000000,-16.610490,-15.009890,0,7,26.502680,0.052853,0,0
26.000500,-18.000060,174.529200,787.949400,0,0,0,0,0,0,0.000000,0.000000,0.000000,0.000000,0.748447,0.000000,0.000000,0.000000,-0.707107,0.707107,0.000000,0.001515,0.997165,0.075225,0.000000,-16.708590,-15.107710,0,7,26.564280,0.053260,0,0
26.010500,-18.000060,174.361200,788.155900,0,0,0,0,0,0,0.000000,0.000000,0.000000,0.000000,0.748447,0.000000,0.000000,0.000000,-0.707107,0.707107,0.000000,0.001515,0.997165,0.075225,0.000000,-16.806690,-15.205530,0,7,26.626090,0.053614,0,0
26.020500,-18.000060,174.192100,788.362500,0,0,0,0,0,0,0.000000,0.000000,0.000000,0.000000,0.748447,0.000000,0.000000,0.000000,-0.707107,0.707107,0.000000,0.001515,0.997165,0.075225,0.000000,-16.904790,-15.303360,0,7,26.688120,0.053919,0,0
26.030500,-18.000060,174.022100,788.569000,0,0,0,0,0,0,0.000000,0.000000,0.000000,0.000000,0.748447,0.000000,0.000000,0.000000,-0.707107,0.707107,0.000000,0.001515,0.997165,0.075225,0.000000,-17.002890,-15.401180,0,7,26.750370,0.054178,0,0
26.040500,-18.000060,173.851100,788.775600,1,1,1,1,2,2,0.969532,0.974227,0.969482,0.974135,0.971808,0.005182,0.975774,0.218718,0.005169,0.975739,0.218874,0.005169,0.975739,0.218874,0.000000,-4.520162,-0.000001,1,8,20.650410,-11.431310,0,0
26.050500,-17.999660,173.804900,788.976900,1,1,1,1,2,2,0.968190,0.973311,0.968483,0.973248,0.970866,0.005165,0.975723,0.218946,0.005169,0.975739,0.218874,0.005169,0.975739,0.218874,0.000000,-4.615330,-0.095721,1,8,20.659010,-1.383225,0,0
26.060500,-17.999410,173.757800,789.178200,1,1,1,1,2,2,0.966607,0.971371,0.966541,0.971320,0.968931,0.005182,0.975768,0.218745,0.005169,0.975739,0.218874,0.005169,0.975739,0.218874,0.000000,-4.710454,-0.191398,1,8,20.668060,-1.398800,0,0
26.070500,-17.999310,173.709800,789.379300,1,1,1,1,2,2,0.963760,0.968683,0.963688,0.968462,0.966075,0.005165,0.975726,0.218933,0.005169,0.975739,0.218874,0.005169,0.975739,0.218874,0.000000,-4.805532,-0.287034,1,8,20.677540,-1.409430,0,0
26.080500,-17.999360,173.660800,789.580300,1,1,1,1,2,2,0.961642,0.966372,0.961713,0.966457,0.964085,0.005181,0.976353,0.216120,0.005173,0.976364,0.216072,0.005170,0.975793,0.218633,0.000000,-4.900568,-0.387738,1,8,20.687460,-1.416170,0,0
26.090500,-17.999550,173.610800,789.781100,1,1,1,1,2,2,0.956267,0.961106,0.956385,0.961042,0.958713,0.005181,0.976291,0.216403,0.005173,0.976364,0.216072,0.005170,0.975842,0.218413,0.000000,-4.995560,-0.487965,1,8,20.697820,-1.418839,0,0
26.100500,-17.999900,173.559900,789.981900,1,1,1,1,2,2,0.949965,0.954617,0.950083,0.954694,0.952389,0.005181,0.976350,0.216134,0.005173,0.976364,0.216072,0.005170,0.975887,0.218211,0.000000,-5.090515,-0.587752,1,8,20.708640,-1.390000,0,0
26.110500,-18.000390,173.508100,790.182500,1,1,1,1,2,2,0.942702,0.947305,0.942820,0.947417,0.945119,0.005181,0.976347,0.216147,0.005173,0.976364,0.216072,0.005170,0.975928,0.218027,0.000000,-5.185434,-0.687133,1,8,20.719920,-1.356906,0,0
26.120500,-18.001010,173.455200,790.383000,1,1,1,1,2,2,0.934512,0.939036,0.934589,0.939148,0.936869,0.005181,0.976350,0.216134,0.005173,0.976364,0.216072,0.005171,0.975966,0.217859,0.000000,-5.280316,-0.786139,1,8,20.731650,-1.320192,0,0
26.130500,-18.001780,173.401500,790.583400,1,1,1,1,2,2,0.924313,0.928751,0.924320,0.928785,0.926553,0.005173,0.976913,0.213575,0.005176,0.976980,0.213267,0.005171,0.976054,0.217464,0.043318,-5.375162,-0.889908,1,8,20.743830,-1.280496,0,0
26.140500,-18.002670,173.346800,790.783600,1,1,1,1,2,2,0.913575,0.917989,0.913588,0.918014,0.915801,0.005173,0.976913,0.213575,0.005176,0.976980,0.213267,0.005171,0.976134,0.217103,4.544231,-5.469549,-0.992499,1,8,20.756450,-1.238245,0,0
26.150500,-18.003690,173.291600,790.983800,1,1,1,1,2,2,0.902352,0.906719,0.902397,0.906751,0.904574,0.005165,0.976910,0.213588,0.005176,0.976980,0.213267,0.005172,0.976206,0.216773,7.987945,-5.519967,-1.049386,1,8,20.767200,-1.193877,0,0
26.160500,-18.004830,173.236200,791.184100,1,1,1,1,2,2,0.890987,0.895294,0.890995,0.895283,0.893139,0.005157,0.976907,0.213601,0.005176,0.976980,0.213267,0.005172,0.976273,0.216471,10.592580,-5.536747,-1.071217,1,8,20.776270,-1.147877,0,0
26.170500,-18.006070,173.180900,791.384500,1,1,1,1,2,2,0.880061,0.884013,0.880025,0.883989,0.882007,0.005411,0.976968,0.213318,0.005407,0.977027,0.213046,0.005192,0.976338,0.216176,12.488000,-5.528094,-1.066854,1,8,20.784000,-1.100643,0,0
26.180500,-18.007430,173.125900,791.585000,1,1,1,1,2,2,0.868988,0.872997,0.868976,0.873000,0.870988,0.005411,0.976965,0.213332,0.005407,0.977027,0.213046,0.005211,0.976397,0.215907,13.875790,-5.500938,-1.043008,1,8,20.790770,-1.052096,0,0
26.190500,-18.008880,173.071300,791.785600,1,1,1,1,2,2,0.858698,0.862697,0.858360,0.862657,0.860509,0.005642,0.977070,0.212846,0.005639,0.977074,0.212825,0.005248,0.976455,0.215642,14.817890,-5.460244,-1.005216,1,8,20.796890,-1.001747,0,0
26.200500,-18.010430,173.017200,791.986500,1,1,1,1,2,2,0.848273,0.852878,0.848261,0.852525,0.850393,0.005635,0.977067,0.212859,0.005639,0.977074,0.212825,0.005281,0.976509,0.215399,15.447440,-5.410368,-0.957542,1,8,20.802650,-0.949691,0,0
26.210500,-18.012070,172.963700,792.187600,1,1,1,1,2,2,0.839092,0.843007,0.838769,0.842988,0.840879,0.005642,0.977072,0.212833,0.005639,0.977074,0.212825,0.005312,0.976557,0.215178,15.800820,-5.354366,-0.903158,1,8,20.808250,-0.896528,0,0
26.220500,-18.013790,172.910700,792.388900,1,1,1,1,2,2,0.829677,0.834076,0.829668,0.834037,0.831853,0.005873,0.977068,0.212846,0.005870,0.977121,0.212604,0.005360,0.976606,0.214956,15.978820,-5.294937,-0.845271,1,8,20.813860,-0.842721,0,0
26.230500,-18.015580,172.858400,792.590300,1,1,1,1,2,2,0.821342,0.825761,0.821340,0.825754,0.823547,0.005873,0.977065,0.212859,0.005870,0.977121,0.212604,0.005404,0.976650,0.214754,15.973260,-5.233796,-0.785231,1,8,20.819570,-0.788204,0,0
26.240510,-18.017450,172.806700,792.792100,1,1,1,1,2,2,0.813993,0.817876,0.813654,0.817880,0.815767,0.006104,0.977170,0.212373,0.006101,0.977167,0.212384,0.005464,0.976695,0.214550,15.876140,-5.172735,-0.725315,1,8,20.825460,-0.733669,0,0
26.250510,-18.019390,172.755500,792.994000,1,1,1,1,2,2,0.806604,0.810789,0.806594,0.810775,0.808684,0.006103,0.977120,0.212603,0.006101,0.977167,0.212384,0.005519,0.976735,0.214363,15.669310,-5.112650,-0.666029,1,8,20.831550,-0.678971,0,0
26.260510,-18.021380,172.705000,793.196200,1,1,1,1,2,2,0.800156,0.804591,0.800139,0.804282,0.802211,0.006104,0.977170,0.212373,0.006101,0.977167,0.212384,0.005569,0.976772,0.214193,15.396730,-5.054612,-0.608500,1,8,20.837890,-0.624640,0,0
26.270510,-18.023430,172.655000,793.398500,1,1,1,1,2,2,0.794649,0.798170,0.794307,0.798348,0.796327,0.006104,0.977225,0.212117,0.006101,0.977167,0.212384,0.005615,0.976806,0.214037,15.078880,-4.999262,-0.553414,1,8,20.844450,-0.570902,0,0
26.280510,-18.025540,172.605500,793.601100,1,1,1,1,2,2,0.789001,0.792984,0.788999,0.792980,0.790989,0.006103,0.977120,0.212603,0.006101,0.977167,0.212384,0.005657,0.976838,0.213895,14.735890,-4.947042,-0.501248,1,8,20.851230,-0.517927,0,0
26.290510,-18.027680,172.556500,793.803800,1,1,1,1,2,2,0.784217,0.788144,0.784213,0.788142,0.786177,0.006103,0.977120,0.212603,0.006101,0.977167,0.212384,0.005695,0.976866,0.213765,14.378140,-4.898197,-0.452279,1,8,20.858220,-0.465887,0,0
26.300510,-18.029870,172.508000,794.006800,1,1,1,1,2,2,0.779916,0.783792,0.779925,0.783780,0.781853,0.006104,0.977117,0.212616,0.006101,0.977167,0.212384,0.005730,0.976892,0.213646,14.016670,-4.852870,-0.406673,1,8,20.865390,-0.414928,0,0
26.310510,-18.032090,172.459900,794.209900,1,1,1,1,2,2,0.775886,0.779688,0.776093,0.779865,0.777979,0.006104,0.977222,0.212130,0.006101,0.977167,0.212384,0.005762,0.976916,0.213537,13.659460,-4.811096,-0.364487,1,8,20.872720,-0.365162,0,0
26.320510,-18.034340,172.412200,794.413100,1,1,1,1,2,2,0.772449,0.776169,0.772619,0.776368,0.774493,0.006104,0.977228,0.212104,0.006101,0.977167,0.212384,0.005791,0.976937,0.213438,13.317300,-4.772831,-0.325694,1,8,20.880190,-0.316699,0,0
26.330510,-18.036620,172.364800,794.616600,1,1,1,1,2,2,0.770710,0.774396,0.770671,0.774355,0.772513,0.006111,0.977563,0.210554,0.006104,0.977597,0.210397,0.005818,0.976994,0.213176,12.877260,-4.737927,-0.293813,1,8,20.887760,-0.269613,0,0
26.340510,-18.038920,172.317700,794.820100,1,1,1,1,2,2,0.767380,0.770992,0.767502,0.771103,0.769303,0.006103,0.977673,0.210042,0.006104,0.977597,0.210397,0.005843,0.977046,0.212937,12.757140,-4.707336,-0.265872,1,8,20.895430,-0.224016,0,0
26.350510,-18.041240,172.270900,795.023900,1,1,1,1,2,2,0.764483,0.768218,0.764644,0.768187,0.766416,0.006104,0.977607,0.210350,0.006104,0.977597,0.210397,0.005865,0.977093,0.212718,12.598310,-4.677930,-0.238713,1,8,20.903120,-0.179936,0,0
26.360510,-18.043570,172.224400,795.227700,1,1,1,1,2,2,0.762132,0.765455,0.762073,0.765607,0.763840,0.006103,0.977616,0.210311,0.006104,0.977597,0.210397,0.005886,0.977137,0.212519,12.413410,-4.650087,-0.212756,1,8,20.910850,-0.137409,0,0
26.370510,-18.045910,172.178200,795.431700,1,1,1,1,2,2,0.759867,0.763127,0.759839,0.763272,0.761555,0.006104,0.977613,0.210324,0.006104,0.977597,0.210397,0.005905,0.977176,0.212336,12.213670,-4.624062,-0.188298,1,8,20.918610,-0.096468,0,0
26.380510,-18.048250,172.132200,795.635800,1,1,1,1,2,2,0.756839,0.760227,0.756811,0.760201,0.758506,0.006103,0.978000,0.208518,0.006107,0.978023,0.208409,0.005922,0.977249,0.211998,12.285140,-4.599998,-0.169178,1,8,20.926390,-0.057127,0,0
26.390510,-18.050600,172.086500,795.840100,1,1,1,1,2,2,0.754698,0.757983,0.754686,0.757990,0.756338,0.006103,0.978000,0.208518,0.006107,0.978023,0.208409,0.005938,0.977316,0.211689,12.165070,-4.575243,-0.148738,1,8,20.934160,-0.019431,0,0
26.400510,-18.052940,172.040900,796.044500,1,1,1,1,2,2,0.752797,0.756056,0.752768,0.756044,0.754406,0.006103,0.977997,0.208531,0.006107,0.978023,0.208409,0.005952,0.977377,0.211407,12.018650,-4.551666,-0.128947,1,8,20.941920,0.016651,0,0
26.410510,-18.055280,171.995700,796.249000,1,1,1,1,2,2,0.785402,0.754374,0.751134,0.754328,0.752731,0.036258,0.983101,0.179439,0.006107,0.978023,0.208409,0.005966,0.977432,0.211149,11.849960,-4.529528,-0.110116,1,8,20.949680,0.051116,0,0
26.420510,-18.057610,171.950600,796.453700,1,1,1,1,2,2,0.749933,0.752862,0.749846,0.752850,0.751348,0.006294,0.978050,0.208274,0.006286,0.978058,0.208237,0.005993,0.977486,0.210898,11.667290,-4.509044,-0.092832,1,8,20.957440,0.083946,0,0
26.430510,-18.059930,171.905700,796.658400,1,1,1,1,2,2,0.748654,0.751900,0.748528,0.751774,0.750151,0.006469,0.978101,0.208031,0.006465,0.978094,0.208066,0.006034,0.977538,0.210654,11.493590,-4.490351,-0.077246,1,8,20.965190,0.115343,0,0
26.440510,-18.062230,171.860900,796.863300,1,1,1,1,2,2,0.747196,0.750701,0.747413,0.750607,0.749010,0.006461,0.978046,0.208287,0.006465,0.978094,0.208066,0.006071,0.977586,0.210431,11.342380,-4.473361,-0.062960,1,8,20.972930,0.145340,0,0
26.450510,-18.064520,171.816300,797.068400,1,1,1,1,2,2,0.746607,0.749751,0.746497,0.749632,0.748065,0.006469,0.978104,0.208018,0.006465,0.978094,0.208066,0.006105,0.977630,0.210228,11.183590,-4.457854,-0.049787,1,8,20.980660,0.173769,0,0
26.460510,-18.066780,171.771900,797.273500,1,1,1,1,2,2,0.745649,0.748937,0.745594,0.748830,0.747212,0.006652,0.978151,0.207787,0.006645,0.978129,0.207894,0.006151,0.977673,0.210027,11.046700,-4.443903,-0.038157,1,8,20.988370,0.200637,0,0
