time,x,y,z,leftRaw,rightRaw,left,right,leftSamples,rightSamples,leftRawHeight,rightRawHeight,leftHeight,rightHeight,height,rawNx,rawNy,rawNz,filteredNx,filteredNy,filteredNz,supportNx,supportNy,supportNz,supportAcceleration,verticalVelocity,normalVelocity,grounded,transitions,speed,lateralAcceleration,rail,bailed
0.000000,-0.005435,297.587900,250.161900,1,1,1,1,2,2,0.751333,0.748466,0.751366,0.748423,0.749894,-0.007407,0.977139,0.212474,-0.007405,0.977121,0.212556,-0.007405,0.977121,0.212556,9.604568,0.000000,0.000000,1,1,0.000000,0.000000,0,0
0.010000,-0.005442,297.587800,250.162100,1,1,1,1,2,2,0.751353,0.748532,0.751381,0.748434,0.749908,-0.007404,0.977114,0.212588,-0.007405,0.977121,0.212556,-0.007405,0.977121,0.212556,9.597412,-0.004252,0.000190,1,1,0.020865,-0.074274,0,0
0.020000,-0.005456,297.587700,250.162500,1,1,1,1,2,2,0.751353,0.748537,0.751383,0.748420,0.749901,-0.007408,0.977108,0.212615,-0.007405,0.977121,0.212556,-0.007405,0.977121,0.212556,9.595650,-0.008573,0.000309,1,1,0.041729,-0.072787,0,0
0.030000,-0.005477,297.587600,250.163100,1,1,1,1,2,2,0.751348,0.748406,0.751396,0.748434,0.749915,-0.007405,0.977120,0.212561,-0.007405,0.977121,0.212556,-0.007405,0.977121,0.212556,9.590594,-0.012912,0.000410,1,1,0.062593,-0.071328,0,0
0.040000,-0.005504,297.587500,250.163900,1,1,1,1,2,2,0.751378,0.748516,0.751411,0.748451,0.749931,-0.007402,0.977133,0.212500,-0.007405,0.977121,0.212556,-0.007405,0.977121,0.212556,9.586481,-0.016570,0.000460,1,1,0.080024,-0.069895,0,0
0.050000,-0.005539,297.587200,250.164900,1,1,1,1,2,2,0.751440,0.748471,0.751398,0.748433,0.749915,-0.007404,0.977120,0.212561,-0.007405,0.977121,0.212556,-0.007405,0.977121,0.212556,9.589093,-0.020268,0.000469,1,1,0.097455,-0.068489,0,0
0.060000,-0.005579,297.587000,250.166000,1,1,1,1,2,2,0.751418,0.748597,0.751379,0.748449,0.749914,-0.007407,0.977125,0.212536,-0.007405,0.977121,0.212556,-0.007405,0.977121,0.212556,9.588348,-0.023941,0.000505,1,1,0.114885,-0.067110,0,0
0.070000,-0.005626,297.586700,250.167300,1,1,1,1,2,2,0.751458,0.748547,0.751381,0.748438,0.749909,-0.007405,0.977133,0.212500,-0.007405,0.977121,0.212556,-0.007405,0.977121,0.212556,9.588552,-0.027621,0.000533,1,1,0.132315,-0.065757,0,0
0.080000,-0.005679,297.586400,250.168800,1,1,1,1,2,2,0.751423,0.748451,0.751393,0.748483,0.749938,-0.007405,0.977127,0.212526,-0.007405,0.977121,0.212556,-0.007405,0.977121,0.212556,9.582739,-0.031298,0.000562,1,1,0.149744,-0.064430,0,0
0.090000,-0.005738,297.586100,250.170400,1,1,1,1,2,2,0.751463,0.748470,0.751457,0.748497,0.749977,-0.007405,0.977114,0.212589,-0.007405,0.977121,0.212556,-0.007405,0.977121,0.212556,9.576309,-0.035033,0.000534,1,1,0.167172,-0.063128,0,0
0.100000,-0.005803,297.585700,250.172200,1,1,1,1,2,2,0.751408,0.748546,0.751422,0.748483,0.749952,-0.007404,0.977133,0.212500,-0.007405,0.977121,0.212556,-0.007405,0.977121,0.212556,9.583074,-0.038830,0.000442,1,1,0.184600,-0.061852,0,0
0.110000,-0.005874,297.585300,250.174200,1,1,1,1,2,2,0.751493,0.748465,0.751426,0.748509,0.749967,-0.007407,0.977127,0.212527,-0.007405,0.977121,0.212556,-0.007405,0.977121,0.212556,9.581012,-0.042561,0.000417,1,1,0.202027,-0.060601,0,0
0.120000,-0.005951,297.584800,250.176300,1,1,1,1,2,2,0.751534,0.748512,0.751421,0.748494,0.749957,-0.007405,0.977107,0.212622,-0.007405,0.977121,0.212556,-0.007405,0.977121,0.212556,9.583929,-0.046311,0.000372,1,1,0.219454,-0.059375,0,0
0.130000,-0.006033,297.584300,250.178600,1,1,1,1,2,2,0.751464,0.748511,0.751455,0.748512,0.749984,-0.007402,0.977120,0.212560,-0.007405,0.977121,0.212556,-0.007405,0.977121,0.212556,9.579583,-0.050034,0.000355,1,1,0.236880,-0.058173,0,0
0.140000,-0.006120,297.583800,250.181100,1,1,1,1,2,2,0.751408,0.748465,0.751439,0.748481,0.749960,-0.007405,0.977120,0.212561,-0.007405,0.977121,0.212556,-0.007405,0.977121,0.212556,9.585389,-0.053798,0.000296,1,1,0.254306,-0.056994,0,0
0.150000,-0.006213,297.583200,250.183800,1,1,1,1,2,2,0.751423,0.748485,0.751452,0.748511,0.749981,-0.007405,0.977114,0.212588,-0.007405,0.977121,0.212556,-0.007405,0.977121,0.212556,9.581558,-0.057506,0.000294,1,1,0.271731,-0.055840,0,0
0.160000,-0.006311,297.582600,250.186600,1,1,1,1,2,2,0.751373,0.748602,0.751455,0.748527,0.749991,-0.007405,0.977120,0.212560,-0.007405,0.977121,0.212556,-0.007405,0.977121,0.212556,9.580777,-0.061251,0.000254,1,1,0.289155,-0.054709,0,0
0.170000,-0.006414,297.581900,250.189600,1,1,1,1,2,2,0.751442,0.748575,0.751457,0.748509,0.749983,-0.007407,0.977127,0.212527,-0.007405,0.977121,0.212556,-0.007405,0.977121,0.212556,9.583463,-0.065003,0.000206,1,1,0.306579,-0.053601,0,0
0.180000,-0.006522,297.581200,250.192700,1,1,1,1,2,2,0.751423,0.748561,0.751455,0.748496,0.749976,-0.007405,0.977133,0.212500,-0.007405,0.977121,0.212556,-0.007405,0.977121,0.212556,9.585338,-0.068729,0.000185,1,1,0.324002,-0.052515,0,0
0.190000,-0.006635,297.580500,250.196100,1,1,1,1,2,2,0.751408,0.748512,0.751457,0.748496,0.749976,-0.007405,0.977107,0.212622,-0.007405,0.977121,0.212556,-0.007405,0.977121,0.212556,9.585242,-0.072437,0.000183,1,1,0.341425,-0.051452,0,0
0.200000,-0.006752,297.579700,250.199600,1,1,1,1,2,2,0.751449,0.748592,0.751444,0.748479,0.749961,-0.007405,0.977112,0.212595,-0.007405,0.977121,0.212556,-0.007405,0.977121,0.212556,9.588003,-0.076145,0.000180,1,1,0.358847,-0.050410,0,0
0.210000,-0.006875,297.578900,250.203300,1,1,1,1,2,2,0.751423,0.748602,0.751455,0.748501,0.749978,-0.007404,0.977126,0.212534,-0.007405,0.977121,0.212556,-0.007405,0.977121,0.212556,9.584419,-0.079827,0.000204,1,1,0.376269,-0.049388,0,0
0.220000,-0.007001,297.578100,250.207100,1,1,1,1,2,2,0.751437,0.748542,0.751454,0.748524,0.749989,-0.007407,0.977107,0.212622,-0.007405,0.977121,0.212556,-0.007405,0.977121,0.212556,9.582750,-0.083543,0.000193,1,1,0.393690,-0.048388,0,0
0.230000,-0.007133,297.577200,250.211100,1,1,1,1,2,2,0.751423,0.748561,0.751455,0.748509,0.749982,-0.007408,0.977133,0.212500,-0.007405,0.977121,0.212556,-0.007405,0.977121,0.212556,9.584654,-0.087276,0.000165,1,1,0.411110,-0.047408,0,0
0.240000,-0.007268,297.576300,250.215300,1,1,1,1,2,2,0.751499,0.748480,0.751457,0.748509,0.749983,-0.007406,0.977118,0.212569,-0.007405,0.977121,0.212556,-0.007405,0.977121,0.212556,9.584729,-0.090989,0.000156,1,1,0.428530,-0.046449,0,0
0.250000,-0.007408,297.575400,250.219700,1,1,1,1,2,2,0.751423,0.748607,0.751441,0.748527,0.749984,-0.007404,0.977120,0.212561,-0.007405,0.977121,0.212556,-0.007405,0.977121,0.212556,9.584785,-0.094702,0.000148,1,1,0.445949,-0.045510,0,0
0.260000,-0.007553,297.574400,250.224200,1,1,1,1,2,2,0.751518,0.748445,0.751470,0.748527,0.749999,-0.007406,0.977127,0.212527,-0.007405,0.977121,0.212556,-0.007405,0.977121,0.212556,9.582317,-0.098414,0.000140,1,1,0.463368,-0.044587,0,0
0.270000,-0.007701,297.573400,250.228900,1,1,1,1,2,2,0.751533,0.748587,0.751498,0.748572,0.750035,-0.007406,0.977127,0.212526,-0.007405,0.977121,0.212556,-0.007405,0.977121,0.212556,9.576561,-0.102150,0.000107,1,1,0.480786,-0.043684,0,0
0.280000,-0.007853,297.572300,250.233700,1,1,1,1,2,2,0.751518,0.748567,0.751452,0.748527,0.749990,-0.007402,0.977133,0.212500,-0.007405,0.977121,0.212556,-0.007405,0.977121,0.212556,9.587008,-0.105942,0.000018,1,1,0.498203,-0.042799,0,0
0.290000,-0.008009,297.571200,250.238800,1,1,1,1,2,2,0.751437,0.748495,0.751455,0.748514,0.749985,-0.007410,0.977120,0.212561,-0.007405,0.977121,0.212556,-0.007405,0.977121,0.212556,9.587545,-0.109632,0.000032,1,1,0.515620,-0.041935,0,0
0.300000,-0.008169,297.570100,250.244000,1,1,1,1,2,2,0.751483,0.748540,0.751484,0.748527,0.750005,-0.007409,0.977135,0.212492,-0.007405,0.977121,0.212556,-0.007405,0.977121,0.212556,9.583314,-0.113317,0.000052,1,1,0.533036,-0.041088,0,0
0.310000,-0.008333,297.568900,250.249400,1,1,1,1,2,2,0.751457,0.748515,0.751470,0.748527,0.749999,-0.007406,0.977108,0.212615,-0.007405,0.977121,0.212556,-0.007405,0.977121,0.212556,9.585076,-0.117043,0.000030,1,1,0.550452,-0.040260,0,0
0.320000,-0.008500,297.567700,250.254900,1,1,1,1,2,2,0.751437,0.748495,0.751487,0.748530,0.750009,-0.007403,0.977120,0.212561,-0.007405,0.977121,0.212556,-0.007405,0.977121,0.212556,9.583415,-0.120751,0.000025,1,1,0.567867,-0.039450,0,0
0.330000,-0.008671,297.566500,250.260600,1,1,1,1,2,2,0.751422,0.748530,0.751440,0.748527,0.749984,-0.007408,0.977125,0.212535,-0.007405,0.977121,0.212556,-0.007405,0.977121,0.212556,9.588425,-0.124476,0.000003,1,1,0.585281,-0.038659,0,0
0.340000,-0.008846,297.565200,250.266500,1,1,1,1,2,2,0.751468,0.748572,0.751470,0.748510,0.749990,-0.007409,0.977122,0.212552,-0.007405,0.977121,0.212556,-0.007405,0.977121,0.212556,9.586516,-0.128151,0.000032,1,1,0.602695,-0.037878,0,0
0.350000,-0.009024,297.563900,250.272600,1,1,1,1,2,2,0.751437,0.748575,0.751454,0.748524,0.749989,-0.007406,0.977133,0.212500,-0.007405,0.977121,0.212556,-0.007405,0.977121,0.212556,9.586555,-0.131845,0.000042,1,1,0.620108,-0.037115,0,0
0.360000,-0.009205,297.562500,250.278800,1,1,1,1,2,2,0.751533,0.748590,0.751485,0.748558,0.750022,-0.007401,0.977146,0.212440,-0.007405,0.977121,0.212556,-0.007405,0.977121,0.212556,9.580372,-0.135538,0.000052,1,1,0.637521,-0.036367,0,0
0.370000,-0.009390,297.561100,250.285200,1,1,1,1,2,2,0.751514,0.748590,0.751482,0.748525,0.750004,-0.007406,0.977127,0.212526,-0.007405,0.977121,0.212556,-0.007405,0.977121,0.212556,9.584940,-0.139292,0.000000,1,1,0.654932,-0.035639,0,0
0.380000,-0.009578,297.559700,250.291700,1,1,1,1,2,2,0.751518,0.748622,0.751467,0.748510,0.749989,-0.007401,0.977133,0.212500,-0.007405,0.977121,0.212556,-0.007405,0.977121,0.212556,9.587776,-0.143001,-0.000006,1,1,0.672343,-0.034924,0,0
0.390000,-0.009769,297.558200,250.298500,1,1,1,1,2,2,0.726873,0.748495,0.751470,0.748527,0.749999,0.022075,0.982633,0.184240,-0.007405,0.977121,0.212556,-0.007405,0.977121,0.212556,9.585441,-0.146682,0.000016,1,1,0.689754,-0.034230,0,0
0.400000,-0.009963,297.556700,250.305400,1,1,1,1,2,2,0.740402,0.748541,0.751337,0.748540,0.749939,0.007102,0.980023,0.198756,-0.007207,0.977163,0.212367,-0.007388,0.977125,0.212539,9.596601,-0.150385,0.000003,1,1,0.707164,-0.033539,0,0
0.410000,-0.010160,297.555200,250.312500,1,1,1,1,2,2,0.751330,0.748525,0.751335,0.748555,0.749945,-0.007208,0.977161,0.212380,-0.007207,0.977163,0.212367,-0.007373,0.977128,0.212525,9.592985,-0.153979,0.000101,1,1,0.724571,-0.032703,0,0
0.420000,-0.010360,297.553600,250.319700,1,1,1,1,2,2,0.751311,0.748556,0.751335,0.748557,0.749946,-0.007210,0.977153,0.212413,-0.007207,0.977163,0.212367,-0.007358,0.977131,0.212511,9.591290,-0.157608,0.000164,1,1,0.741977,-0.031903,0,0
0.430000,-0.010562,297.552000,250.327100,1,1,1,1,2,2,0.751362,0.748510,0.751368,0.748542,0.749955,-0.007207,0.977148,0.212440,-0.007207,0.977163,0.212367,-0.007345,0.977134,0.212499,9.588536,-0.161254,0.000211,1,1,0.759380,-0.031132,0,0
0.440000,-0.010768,297.550400,250.334700,1,1,1,1,2,2,0.751315,0.748636,0.751350,0.748557,0.749953,-0.007208,0.977161,0.212379,-0.007207,0.977163,0.212367,-0.007334,0.977136,0.212487,9.588369,-0.164925,0.000230,1,1,0.776781,-0.030382,0,0
0.450000,-0.010976,297.548700,250.342500,1,1,1,1,2,2,0.751320,0.748555,0.751355,0.748570,0.749962,-0.007204,0.977163,0.212372,-0.007207,0.977163,0.212367,-0.007323,0.977139,0.212477,9.586324,-0.168598,0.000248,1,1,0.794181,-0.029663,0,0
0.460000,-0.011187,297.547000,250.350400,1,1,1,1,2,2,0.751330,0.748540,0.751350,0.748571,0.749961,-0.007210,0.977161,0.212380,-0.007207,0.977163,0.212367,-0.007313,0.977141,0.212467,9.586688,-0.172291,0.000246,1,1,0.811579,-0.028982,0,0
0.470000,-0.011401,297.545200,250.358500,1,1,1,1,2,2,0.751335,0.748539,0.751368,0.748553,0.749961,-0.007207,0.977155,0.212406,-0.007207,0.977163,0.212367,-0.007304,0.977143,0.212459,9.586652,-0.175980,0.000248,1,1,0.828975,-0.028303,0,0
0.480000,-0.011617,297.543400,250.366800,1,1,1,1,2,2,0.751357,0.748539,0.751322,0.748571,0.749947,-0.007206,0.977153,0.212413,-0.007207,0.977163,0.212367,-0.007295,0.977145,0.212451,9.589170,-0.179668,0.000249,1,1,0.846369,-0.027652,0,0
0.490000,-0.011835,297.541600,250.375200,1,1,1,1,2,2,0.751315,0.748666,0.751337,0.748573,0.749955,-0.007208,0.977161,0.212379,-0.007207,0.977163,0.212367,-0.007288,0.977146,0.212444,9.587023,-0.183332,0.000277,1,1,0.863762,-0.027035,0,0
0.500000,-0.012056,297.539700,250.383800,1,1,1,1,2,2,0.751375,0.748554,0.751380,0.748581,0.749981,-0.007207,0.977168,0.212345,-0.007207,0.977163,0.212367,-0.007281,0.977148,0.212437,9.582250,-0.187017,0.000283,1,1,0.881154,-0.026416,0,0
0.510000,-0.012279,297.537800,250.392600,1,1,1,1,2,2,0.751315,0.748666,0.751320,0.748585,0.749952,-0.007206,0.977161,0.212379,-0.007207,0.977163,0.212367,-0.007275,0.977149,0.212431,9.588385,-0.190747,0.000241,1,1,0.898544,-0.025837,0,0
0.520000,-0.012504,297.535800,250.401600,1,1,1,1,2,2,0.751395,0.748620,0.751323,0.748586,0.749955,-0.007208,0.977187,0.212258,-0.007207,0.977163,0.212367,-0.007269,0.977150,0.212425,9.587451,-0.194418,0.000261,1,1,0.915932,-0.025274,0,0
0.530000,-0.012732,297.533800,250.410700,1,1,1,1,2,2,0.751377,0.748620,0.751332,0.748553,0.749942,-0.007206,0.977168,0.212345,-0.007207,0.977163,0.212367,-0.007264,0.977151,0.212420,9.589417,-0.198098,0.000273,1,1,0.933320,-0.024726,0,0
0.540000,-0.012961,297.531800,250.420000,1,1,1,1,2,2,0.751320,0.748639,0.751335,0.748585,0.749960,-0.007210,0.977162,0.212372,-0.007207,0.977163,0.212367,-0.007259,0.977152,0.212416,9.585529,-0.201758,0.000304,1,1,0.950706,-0.024194,0,0
0.550000,-0.013193,297.529800,250.429400,1,1,1,1,2,2,0.751315,0.748676,0.751335,0.748568,0.749952,-0.007210,0.977167,0.212353,-0.007207,0.977163,0.212367,-0.007254,0.977153,0.212412,9.587211,-0.205455,0.000296,1,1,0.968091,-0.023676,0,0
0.560000,-0.013427,297.527700,250.439100,1,1,1,1,2,2,0.751400,0.748554,0.751335,0.748566,0.749951,-0.007207,0.977168,0.212346,-0.007207,0.977163,0.212367,-0.007250,0.977154,0.212408,9.587155,-0.209136,0.000305,1,1,0.985474,-0.023171,0,0
0.570000,-0.013663,297.525500,250.448900,1,1,1,1,2,2,0.751427,0.748634,0.751338,0.748601,0.749970,-0.007207,0.977174,0.212319,-0.007207,0.977163,0.212367,-0.007247,0.977155,0.212404,9.583516,-0.212818,0.000314,1,1,1.002857,-0.022679,0,0
0.580000,-0.013900,297.523400,250.458800,1,1,1,1,2,2,0.751280,0.748546,0.751303,0.748570,0.749937,-0.007207,0.977154,0.212413,-0.007207,0.977163,0.212367,-0.007243,0.977156,0.212401,9.590158,-0.216534,0.000287,1,1,1.020238,-0.022200,0,0
0.590000,-0.014140,297.521200,250.468900,1,1,1,1,2,2,0.751350,0.748696,0.751323,0.748584,0.749954,-0.007206,0.977163,0.212371,-0.007207,0.977163,0.212367,-0.007240,0.977156,0.212398,9.586068,-0.220186,0.000326,1,1,1.037618,-0.021733,0,0
0.600000,-0.014381,297.519000,250.479200,1,1,1,1,2,2,0.751345,0.748715,0.751305,0.748616,0.749960,-0.007208,0.977162,0.212372,-0.007207,0.977163,0.212367,-0.007237,0.977157,0.212395,9.584917,-0.223877,0.000325,1,1,1.054997,-0.021278,0,0
0.610000,-0.014625,297.516700,250.489700,1,1,1,1,2,2,0.751300,0.748569,0.751321,0.748583,0.749952,-0.007209,0.977161,0.212380,-0.007207,0.977163,0.212367,-0.007235,0.977158,0.212393,9.586732,-0.227579,0.000312,1,1,1.072375,-0.020833,0,0
0.620000,-0.014870,297.514300,250.500400,1,1,1,1,2,2,0.751300,0.748695,0.750238,0.747548,0.748893,-0.007206,0.977161,0.212379,-0.007212,0.977813,0.209358,-0.007233,0.977214,0.212132,9.784969,-0.231263,0.000029,1,1,1.089752,-0.020400,0,0
0.630000,-0.015117,297.512000,250.511200,1,1,1,1,2,2,0.747257,0.742369,0.750210,0.747537,0.748873,-0.007228,0.980071,0.198518,-0.007212,0.977813,0.209358,-0.007231,0.977265,0.211893,9.746217,-0.233006,0.001744,1,1,1.107105,-0.019977,0,0
0.640000,-0.015365,297.509700,250.522200,1,1,1,1,2,2,0.750199,0.747549,0.750223,0.747551,0.748887,-0.007213,0.977805,0.209394,-0.007212,0.977813,0.209358,-0.007229,0.977312,0.211675,9.710605,-0.235122,0.003085,1,1,1.124434,-0.019563,0,0
0.650000,-0.015616,297.507300,250.533400,1,1,1,1,2,2,0.750246,0.747674,0.750250,0.747563,0.748906,-0.007211,0.977816,0.209341,-0.007212,0.977813,0.209358,-0.007228,0.977355,0.211475,9.682610,-0.237583,0.004084,1,1,1.141742,-0.019159,0,0
0.660000,-0.015868,297.504900,250.544700,1,1,1,1,2,2,0.750309,0.747578,0.750255,0.747596,0.748925,-0.007211,0.977818,0.209333,-0.007212,0.977813,0.209358,-0.007227,0.977395,0.211293,9.661316,-0.240313,0.004815,1,1,1.159029,-0.018765,0,0
0.670000,-0.016122,297.502400,250.556200,1,1,1,1,2,2,0.750326,0.747558,0.750269,0.747595,0.748932,-0.007214,0.977792,0.209454,-0.007212,0.977813,0.209358,-0.007225,0.977431,0.211126,9.647219,-0.243249,0.005345,1,1,1.176297,-0.018396,0,0
0.680000,-0.016377,297.500000,250.567900,1,1,1,1,2,2,0.750305,0.747686,0.750284,0.747626,0.748955,-0.007212,0.977818,0.209333,-0.007212,0.977813,0.209358,-0.007224,0.977464,0.210974,9.633368,-0.246319,0.005745,1,1,1.193547,-0.018017,0,0
0.690000,-0.016634,297.497500,250.579700,1,1,1,1,2,2,0.750385,0.747763,0.750344,0.747686,0.749015,-0.007211,0.977810,0.209367,-0.007212,0.977813,0.209358,-0.007223,0.977494,0.210835,9.616129,-0.249522,0.006016,1,1,1.210780,-0.017647,0,0
0.700000,-0.016892,297.494900,250.591700,1,1,1,1,2,2,0.750410,0.747761,0.750341,0.747714,0.749027,-0.007215,0.977825,0.209298,-0.007212,0.977813,0.209358,-0.007222,0.977521,0.210708,9.611420,-0.252890,0.006125,1,1,1.227998,-0.017310,0,0
0.710000,-0.017152,297.492400,250.603900,1,1,1,1,2,2,0.750425,0.747838,0.750405,0.747757,0.749081,-0.007215,0.977805,0.209393,-0.007212,0.977813,0.209358,-0.007221,0.977546,0.210592,9.600204,-0.256302,0.006196,1,1,1.245203,-0.016954,0,0
0.720000,-0.017413,297.489800,250.616200,1,1,1,1,2,2,0.750545,0.747893,0.750496,0.747835,0.749166,-0.007210,0.977829,0.209281,-0.007212,0.977813,0.209358,-0.007221,0.977569,0.210485,9.586047,-0.259822,0.006163,1,1,1.262394,-0.016606,0,0
0.730000,-0.017676,297.487200,250.628800,1,1,1,1,2,2,0.750564,0.747877,0.750522,0.747891,0.749206,-0.007213,0.977797,0.209428,-0.007212,0.977813,0.209358,-0.007220,0.977590,0.210388,9.583076,-0.263478,0.005997,1,1,1.279574,-0.016266,0,0
0.740000,-0.017940,297.484500,250.641400,1,1,1,1,2,2,0.750544,0.747907,0.750536,0.747895,0.749216,-0.007213,0.977792,0.209454,-0.007212,0.977813,0.209358,-0.007219,0.977609,0.210300,9.586356,-0.267161,0.005808,1,1,1.296742,-0.015933,0,0
0.750000,-0.018205,297.481800,250.654300,1,1,1,1,2,2,0.750574,0.747977,0.750566,0.747951,0.749259,-0.007212,0.977805,0.209393,-0.007212,0.977813,0.209358,-0.007219,0.977627,0.210219,9.582490,-0.270810,0.005659,1,1,1.313902,-0.015625,0,0
0.760000,-0.018471,297.479000,250.667300,1,1,1,1,2,2,0.750645,0.747946,0.750596,0.747981,0.749289,-0.007215,0.977799,0.209420,-0.007212,0.977813,0.209358,-0.007218,0.977643,0.210144,9.581811,-0.274495,0.005477,1,1,1.331052,-0.015320,0,0
0.770000,-0.018739,297.476200,250.680500,1,1,1,1,2,2,0.750664,0.742970,0.750659,0.747903,0.749281,-0.000168,0.979266,0.202577,-0.006989,0.977860,0.209144,-0.007198,0.977661,0.210058,9.588532,-0.278186,0.005269,1,1,1.348194,-0.014987,0,0
0.780000,-0.019008,297.473400,250.693800,1,1,1,1,2,2,0.750757,0.748024,0.750701,0.747951,0.749326,-0.006991,0.977877,0.209064,-0.006989,0.977860,0.209144,-0.007180,0.977678,0.209980,9.583993,-0.281809,0.005135,1,1,1.365327,-0.014479,0,0
0.790000,-0.019278,297.470600,250.707400,1,1,1,1,2,2,0.750719,0.747926,0.750719,0.747953,0.749336,-0.006988,0.977857,0.209159,-0.006989,0.977860,0.209144,-0.007164,0.977694,0.209908,9.586686,-0.285475,0.004962,1,1,1.382450,-0.013990,0,0
0.800000,-0.019549,297.467700,250.721000,1,1,1,1,2,2,0.750749,0.747960,0.750760,0.747966,0.749363,-0.006989,0.977851,0.209185,-0.006989,0.977860,0.209144,-0.007149,0.977708,0.209842,9.585386,-0.289113,0.004822,1,1,1.399566,-0.013528,0,0
0.810000,-0.019821,297.464700,250.734900,1,1,1,1,2,2,0.750846,0.748118,0.750775,0.748027,0.749401,-0.006990,0.977872,0.209090,-0.006989,0.977860,0.209144,-0.007135,0.977721,0.209782,9.582325,-0.292763,0.004675,1,1,1.416674,-0.013090,0,0
0.820000,-0.020094,297.461800,250.748900,1,1,1,1,2,2,0.750843,0.748139,0.750853,0.748072,0.749463,-0.006989,0.977857,0.209159,-0.006989,0.977860,0.209144,-0.007123,0.977733,0.209727,9.575733,-0.296441,0.004503,1,1,1.433775,-0.012674,0,0
0.830000,-0.020368,297.458800,250.763100,1,1,1,1,2,2,0.750872,0.748203,0.750865,0.748117,0.749491,-0.006989,0.977851,0.209185,-0.006989,0.977860,0.209144,-0.007111,0.977744,0.209677,9.576580,-0.300182,0.004269,1,1,1.450870,-0.012273,0,0
0.840000,-0.020643,297.455700,250.777500,1,1,1,1,2,2,0.750902,0.748232,0.750883,0.748132,0.749507,-0.006989,0.977851,0.209185,-0.006989,0.977860,0.209144,-0.007101,0.977754,0.209631,9.579225,-0.303914,0.004049,1,1,1.467958,-0.011888,0,0
0.850000,-0.020919,297.452600,250.792000,1,1,1,1,2,2,0.750932,0.748232,0.750924,0.748160,0.749542,-0.006988,0.977851,0.209185,-0.006989,0.977860,0.209144,-0.007091,0.977763,0.209589,9.577768,-0.307619,0.003859,1,1,1.485041,-0.011521,0,0
0.860000,-0.021195,297.449500,250.806700,1,1,1,1,2,2,0.750962,0.748182,0.750941,0.748236,0.749589,-0.006989,0.977838,0.209246,-0.006989,0.977860,0.209144,-0.007082,0.977772,0.209551,9.574511,-0.311338,0.003659,1,1,1.502119,-0.011177,0,0
0.870000,-0.021473,297.446400,250.821500,1,1,1,1,2,2,0.750992,0.748199,0.750999,0.748235,0.749617,-0.006991,0.977845,0.209211,-0.006989,0.977860,0.209144,-0.007074,0.977779,0.209516,9.575229,-0.315087,0.003430,1,1,1.519192,-0.010844,0,0
0.880000,-0.021751,297.443200,250.836600,1,1,1,1,2,2,0.751039,0.748225,0.751044,0.748265,0.749654,-0.006992,0.977866,0.209116,-0.006989,0.977860,0.209144,-0.007067,0.977786,0.209484,9.574044,-0.318828,0.003211,1,1,1.536260,-0.010522,0,0
0.889999,-0.022030,297.440000,250.851800,1,1,1,1,2,2,0.751047,0.748285,0.751074,0.748263,0.749668,-0.006986,0.977864,0.209125,-0.006989,0.977860,0.209144,-0.007060,0.977793,0.209454,9.577256,-0.322580,0.002984,1,1,1.553324,-0.010210,0,0
0.899999,-0.022310,297.436700,250.867100,1,1,1,1,2,2,0.751081,0.748297,0.751056,0.748321,0.749688,-0.006986,0.977844,0.209220,-0.006989,0.977860,0.209144,-0.007054,0.977798,0.209428,9.578513,-0.326300,0.002792,1,1,1.570385,-0.009913,0,0
0.909999,-0.022590,297.433400,250.882700,1,1,1,1,2,2,0.751149,0.748381,0.751077,0.748309,0.749693,-0.006988,0.977864,0.209125,-0.006989,0.977860,0.209144,-0.007048,0.977804,0.209403,9.582130,-0.330008,0.002615,1,1,1.587441,-0.009629,0,0
0.919999,-0.022871,297.430100,250.898300,1,1,1,1,2,2,0.751174,0.748491,0.751130,0.748366,0.749748,-0.006988,0.977883,0.209038,-0.006989,0.977860,0.209144,-0.007043,0.977809,0.209381,9.575749,-0.333678,0.002477,1,1,1.604494,-0.009353,0,0
0.929999,-0.023153,297.426700,250.914200,1,1,1,1,2,2,0.751141,0.748411,0.751135,0.748384,0.749759,-0.006989,0.977844,0.209220,-0.006989,0.977860,0.209144,-0.007039,0.977813,0.209361,9.578725,-0.337411,0.002277,1,1,1.621543,-0.009093,0,0
0.939999,-0.023435,297.423300,250.930200,1,1,1,1,2,2,0.751141,0.748471,0.751151,0.748382,0.749767,-0.006991,0.977851,0.209185,-0.006989,0.977860,0.209144,-0.007034,0.977817,0.209342,9.581615,-0.341114,0.002110,1,1,1.638589,-0.008840,0,0
0.949999,-0.023718,297.419800,250.946400,1,1,1,1,2,2,0.751209,0.748391,0.751163,0.748430,0.749797,-0.006991,0.977859,0.209151,-0.006989,0.977860,0.209144,-0.007030,0.977821,0.209325,9.579697,-0.344788,0.001973,1,1,1.655633,-0.008591,0,0
0.959999,-0.024001,297.416400,250.962800,1,1,1,1,2,2,0.751216,0.748421,0.751178,0.748430,0.749804,-0.006992,0.977845,0.209211,-0.006989,0.977860,0.209144,-0.007027,0.977824,0.209309,9.582242,-0.348481,0.001819,1,1,1.672673,-0.008352,0,0
0.969999,-0.024285,297.412800,250.979300,1,1,1,1,2,2,0.751196,0.748484,0.751181,0.748424,0.749803,-0.006990,0.977870,0.209099,-0.006989,0.977860,0.209144,-0.007024,0.977827,0.209295,9.585725,-0.352148,0.001692,1,1,1.689711,-0.008122,0,0
0.979999,-0.024570,297.409300,250.996000,1,1,1,1,2,2,0.751251,0.748451,0.751191,0.748444,0.749818,-0.006990,0.977844,0.209220,-0.006989,0.977860,0.209144,-0.007021,0.977830,0.209282,9.585334,-0.355780,0.001601,1,1,1.706746,-0.007902,0,0
0.989999,-0.024855,297.405700,251.012800,1,1,1,1,2,2,0.751214,0.748527,0.751239,0.748442,0.749841,-0.006990,0.977877,0.209064,-0.006989,0.977860,0.209144,-0.007018,0.977833,0.209270,9.583508,-0.359416,0.001508,1,1,1.723779,-0.007688,0,0
0.999999,-0.025140,297.402000,251.029900,1,1,1,1,2,2,0.751231,0.748464,0.751226,0.748457,0.749842,-0.006989,0.977859,0.209151,-0.006989,0.977860,0.209144,-0.007015,0.977835,0.209259,9.586137,-0.363069,0.001399,1,1,1.740809,-0.007478,0,0
1.009999,-0.025426,297.398400,251.047100,1,1,1,1,2,2,0.751294,0.748476,0.751239,0.748490,0.749865,-0.006986,0.977870,0.209099,-0.006989,0.977860,0.209144,-0.007013,0.977837,0.209249,9.584040,-0.366696,0.001316,1,1,1.757837,-0.007274,0,0
1.019999,-0.025712,297.394700,251.064400,1,1,1,1,2,2,0.751310,0.748460,0.751286,0.748490,0.749888,-0.006991,0.977838,0.209246,-0.006989,0.977860,0.209144,-0.007011,0.977839,0.209240,9.582438,-0.370342,0.001214,1,1,1.774862,-0.007076,0,0
1.029999,-0.025999,297.390900,251.081900,1,1,1,1,2,2,0.751310,0.748541,0.751253,0.748502,0.749877,-0.006988,0.977851,0.209185,-0.006989,0.977860,0.209144,-0.007009,0.977841,0.209232,9.587299,-0.374005,0.001097,1,1,1.791886,-0.006885,0,0
1.039999,-0.026286,297.387100,251.099600,1,1,1,1,2,2,0.751260,0.748544,0.751268,0.748518,0.749893,-0.006991,0.977864,0.209125,-0.006989,0.977860,0.209144,-0.007007,0.977843,0.209224,9.586167,-0.377619,0.001030,1,1,1.808907,-0.006701,0,0
1.049999,-0.026574,297.383300,251.117500,1,1,1,1,2,2,0.751260,0.748544,0.751236,0.748502,0.749869,-0.006988,0.977864,0.209125,-0.006989,0.977860,0.209144,-0.007006,0.977844,0.209218,9.592449,-0.381244,0.000952,1,1,1.825926,-0.006521,0,0
1.059999,-0.026862,297.379500,251.135500,1,1,1,1,2,2,0.751274,0.748560,0.751271,0.748550,0.749910,-0.006989,0.977864,0.209125,-0.006989,0.977860,0.209144,-0.007004,0.977845,0.209211,9.585368,-0.384807,0.000938,1,1,1.842943,-0.006346,0,0
1.069999,-0.027150,297.375600,251.153700,1,1,1,1,2,2,0.751290,0.748540,0.751301,0.748547,0.749924,-0.006989,0.977838,0.209246,-0.006989,0.977860,0.209144,-0.007003,0.977847,0.209205,9.585089,-0.388438,0.000854,1,1,1.859959,-0.006175,0,0
1.079999,-0.027439,297.371700,251.172000,1,1,1,1,2,2,0.751320,0.748570,0.751297,0.748581,0.749939,-0.006990,0.977838,0.209246,-0.006989,0.977860,0.209144,-0.007002,0.977848,0.209200,9.584431,-0.392073,0.000768,1,1,1.876972,-0.006007,0,0
1.089999,-0.027728,297.367700,251.190600,1,1,1,1,2,2,0.751304,0.748590,0.751311,0.748581,0.749946,-0.006987,0.977864,0.209125,-0.006989,0.977860,0.209144,-0.007001,0.977849,0.209195,9.585540,-0.395713,0.000676,1,1,1.893983,-0.005844,0,0
1.099999,-0.028017,297.363700,251.209300,1,1,1,1,2,2,0.751278,0.748574,0.751312,0.748547,0.749929,-0.006988,0.977840,0.209237,-0.006989,0.977860,0.209144,-0.007000,0.977850,0.209191,9.590518,-0.399342,0.000596,1,1,1.910993,-0.005687,0,0
1.109999,-0.028306,297.359700,251.228100,1,1,1,1,2,2,0.751324,0.748574,0.751284,0.748561,0.749923,-0.006992,0.977827,0.209298,-0.006989,0.977860,0.209144,-0.006999,0.977851,0.209187,9.592476,-0.402922,0.000566,1,1,1.928001,-0.005533,0,0
1.119999,-0.028596,297.355700,251.247100,1,1,1,1,2,2,0.751316,0.748570,0.751344,0.748581,0.749962,-0.006990,0.977844,0.209220,-0.006989,0.977860,0.209144,-0.006998,0.977852,0.209183,9.585595,-0.406482,0.000556,1,1,1.945007,-0.005383,0,0
1.129999,-0.028886,297.351600,251.266300,1,1,1,1,2,2,0.751383,0.748554,0.751329,0.748561,0.749945,-0.006991,0.977853,0.209177,-0.006989,0.977860,0.209144,-0.006997,0.977852,0.209180,9.590665,-0.410109,0.000478,1,1,1.962011,-0.005238,0,0
1.139999,-0.029176,297.347400,251.285600,1,1,1,1,2,2,0.751320,0.748570,0.751299,0.748576,0.749938,-0.006990,0.977838,0.209246,-0.006989,0.977860,0.209144,-0.006996,0.977853,0.209177,9.592686,-0.413687,0.000451,1,1,1.979014,-0.005094,0,0
1.149999,-0.029467,297.343200,251.305200,1,1,1,1,2,2,0.751370,0.748570,0.751329,0.748548,0.749938,-0.006990,0.977844,0.209220,-0.006989,0.977860,0.209144,-0.006996,0.977854,0.209174,9.592709,-0.417244,0.000445,1,1,1.996014,-0.004954,0,0
1.159999,-0.029758,297.339000,251.324800,1,1,1,1,2,2,0.751316,0.748570,0.751284,0.748561,0.749923,-0.006990,0.977844,0.209220,-0.006989,0.977860,0.209144,-0.006995,0.977854,0.209171,9.595678,-0.420801,0.000439,1,1,2.013014,-0.004817,0,0
1.169999,-0.030049,297.334800,251.344700,1,1,1,1,2,2,0.751365,0.748570,0.751316,0.748566,0.749941,-0.006989,0.977846,0.209211,-0.006989,0.977860,0.209144,-0.006995,0.977855,0.209169,9.591824,-0.424328,0.000463,1,1,2.030011,-0.004685,0,0
1.179999,-0.030340,297.330500,251.364700,1,1,1,1,2,2,0.751388,0.748588,0.751319,0.748561,0.749940,-0.006992,0.977873,0.209081,-0.006989,0.977860,0.209144,-0.006994,0.977855,0.209167,9.592313,-0.427892,0.000450,1,1,2.047007,-0.004556,0,0
1.189999,-0.030631,297.326200,251.384900,1,1,1,1,2,2,0.751350,0.748600,0.751345,0.748609,0.749977,-0.006990,0.977838,0.209246,-0.006989,0.977860,0.209144,-0.006994,0.977855,0.209165,9.585816,-0.431452,0.000441,1,1,2.064001,-0.004429,0,0
1.199999,-0.030923,297.321800,251.405300,1,1,1,1,2,2,0.751350,0.748633,0.751341,0.748594,0.749968,-0.006989,0.977864,0.209125,-0.006989,0.977860,0.209144,-0.006993,0.977856,0.209163,9.589436,-0.435074,0.000368,1,1,2.080993,-0.004306,0,0
1.209999,-0.031214,297.317400,251.425800,1,1,1,1,2,2,0.751350,0.748583,0.751329,0.748561,0.749945,-0.006988,0.977859,0.209151,-0.006989,0.977860,0.209144,-0.006993,0.977856,0.209161,9.594382,-0.438661,0.000331,1,1,2.097983,-0.004183,0,0
1.219999,-0.031506,297.313000,251.446400,1,1,1,1,2,2,0.751354,0.748583,0.751344,0.748608,0.749976,-0.006989,0.977853,0.209177,-0.006989,0.977860,0.209144,-0.006993,0.977857,0.209160,9.588552,-0.442200,0.000344,1,1,2.114972,-0.004064,0,0
1.229999,-0.031798,297.308600,251.467300,1,1,1,1,2,2,0.751350,0.748550,0.751344,0.748594,0.749969,-0.006989,0.977832,0.209272,-0.006989,0.977860,0.209144,-0.006992,0.977857,0.209159,9.590887,-0.445794,0.000298,1,1,2.131959,-0.003947,0,0
1.239999,-0.032090,297.304100,251.488300,1,1,1,1,2,2,0.751345,0.748595,0.751342,0.748591,0.749967,-0.006989,0.977849,0.209194,-0.006989,0.977860,0.209144,-0.006992,0.977857,0.209157,9.591861,-0.449366,0.000277,1,1,2.148945,-0.003835,0,0
1.249999,-0.032382,297.299600,251.509500,1,1,1,1,2,2,0.751413,0.748580,0.751374,0.748624,0.749999,-0.006991,0.977859,0.209151,-0.006989,0.977860,0.209144,-0.006992,0.977857,0.209156,9.586352,-0.452928,0.000265,1,1,2.165929,-0.003725,0,0
1.259999,-0.032674,297.295000,251.530800,1,1,1,1,2,2,0.751363,0.748595,0.751357,0.748624,0.749991,-0.006992,0.977864,0.209125,-0.006989,0.977860,0.209144,-0.006992,0.977858,0.209155,9.589501,-0.456543,0.000198,1,1,2.182911,-0.003618,0,0
1.269999,-0.032967,297.290400,251.552300,1,1,1,1,2,2,0.751345,0.748600,0.751342,0.748594,0.749968,-0.006988,0.977844,0.209220,-0.006989,0.977860,0.209144,-0.006991,0.977858,0.209154,9.594411,-0.460127,0.000163,1,1,2.199892,-0.003514,0,0
1.279999,-0.033259,297.285700,251.574000,1,1,1,1,2,2,0.751400,0.748633,0.751342,0.748593,0.749968,-0.006988,0.977870,0.209099,-0.006989,0.977860,0.209144,-0.006991,0.977858,0.209153,9.594195,-0.463663,0.000178,1,1,2.216870,-0.003411,0,0
1.289999,-0.033551,297.281100,251.595900,1,1,1,1,2,2,0.751395,0.748629,0.751359,0.748558,0.749958,-0.006989,0.977877,0.209064,-0.006989,0.977860,0.209144,-0.006991,0.977858,0.209152,9.595533,-0.467200,0.000190,1,1,2.233847,-0.003310,0,0
1.299999,-0.033844,297.276400,251.617900,1,1,1,1,2,2,0.751363,0.748580,0.751375,0.748606,0.749991,-0.006994,0.977853,0.209177,-0.006989,0.977860,0.209144,-0.006991,0.977858,0.209152,9.589087,-0.470724,0.000216,1,1,2.250823,-0.003210,0,0
1.309999,-0.034136,297.271600,251.640000,1,1,1,1,2,2,0.751380,0.748680,0.751404,0.748609,0.750006,-0.006988,0.977844,0.209220,-0.006989,0.977860,0.209144,-0.006991,0.977859,0.209151,9.587220,-0.474311,0.000177,1,1,2.267797,-0.003114,0,0
1.319999,-0.034429,297.266800,251.662400,1,1,1,1,2,2,0.751333,0.748663,0.751372,0.748606,0.749989,-0.006990,0.977877,0.209064,-0.006989,0.977860,0.209144,-0.006990,0.977859,0.209150,9.591772,-0.477916,0.000120,1,1,2.284769,-0.003019,0,0
1.329999,-0.034722,297.262000,251.684900,1,1,1,1,2,2,0.751413,0.748663,0.751342,0.748609,0.749976,-0.006987,0.977890,0.209003,-0.006989,0.977860,0.209144,-0.006990,0.977859,0.209150,9.594454,-0.481475,0.000108,1,1,2.301739,-0.002925,0,0
1.339999,-0.035014,297.257200,251.707600,1,1,1,1,2,2,0.751413,0.748663,0.751344,0.748606,0.749975,-0.006987,0.977890,0.209003,-0.006989,0.977860,0.209144,-0.006990,0.977859,0.209149,9.594209,-0.485008,0.000124,1,1,2.318708,-0.002836,0,0
1.349999,-0.035307,297.252300,251.730400,1,1,1,1,2,2,0.751413,0.748710,0.751344,0.748594,0.749969,-0.006990,0.977877,0.209064,-0.006989,0.977860,0.209144,-0.006990,0.977859,0.209149,9.594947,-0.488544,0.000137,1,1,2.335675,-0.002748,0,0
1.359999,-0.035600,297.247400,251.753400,1,1,1,1,2,2,0.751380,0.748630,0.751374,0.748627,0.750001,-0.006989,0.977838,0.209246,-0.006989,0.977860,0.209144,-0.006990,0.977859,0.209148,9.588771,-0.492071,0.000157,1,1,2.352640,-0.002660,0,0
1.369999,-0.035892,297.242400,251.776600,1,1,1,1,2,2,0.751421,0.748680,0.751372,0.748623,0.749997,-0.006991,0.977857,0.209159,-0.006989,0.977860,0.209144,-0.006990,0.977859,0.209148,9.590381,-0.495659,0.000116,1,1,2.369603,-0.002574,0,0
1.379999,-0.036185,297.237400,251.799900,1,1,1,1,2,2,0.751380,0.748630,0.751372,0.748621,0.749997,-0.006989,0.977838,0.209246,-0.006989,0.977860,0.209144,-0.006990,0.977859,0.209148,9.591147,-0.499230,0.000091,1,1,2.386565,-0.002490,0,0
1.389999,-0.036477,297.232400,251.823400,1,1,1,1,2,2,0.751363,0.748663,0.751390,0.748623,0.750006,-0.006991,0.977885,0.209029,-0.006989,0.977860,0.209144,-0.006990,0.977859,0.209147,9.589810,-0.502794,0.000074,1,1,2.403525,-0.002408,0,0
1.399999,-0.036770,297.227300,251.847100,1,1,1,1,2,2,0.751418,0.748663,0.751372,0.748588,0.749980,-0.006988,0.977885,0.209029,-0.006989,0.977860,0.209144,-0.006990,0.977859,0.209147,9.595327,-0.506370,0.000043,1,1,2.420483,-0.002327,0,0
1.409999,-0.037063,297.222200,251.870900,1,1,1,1,2,2,0.751333,0.748630,0.751405,0.748639,0.750022,-0.006990,0.977851,0.209185,-0.006989,0.977860,0.209144,-0.006990,0.977859,0.209147,9.587138,-0.509892,0.000068,1,1,2.437440,-0.002249,0,0
1.419999,-0.037355,297.217100,251.894900,1,1,1,1,2,2,0.751380,0.748630,0.751374,0.748624,0.749999,-0.006991,0.977838,0.209246,-0.006989,0.977860,0.209144,-0.006990,0.977859,0.209147,9.592731,-0.513494,0.000011,1,1,2.454395,-0.002172,0,0
1.429999,-0.037647,297.211900,251.919100,1,1,1,1,2,2,0.751398,0.748617,0.751404,0.748669,0.750036,-0.006988,0.977860,0.209142,-0.006989,0.977860,0.209144,-0.006990,0.977860,0.209146,9.586047,-0.517040,0.000009,1,1,2.471347,-0.002098,0,0
1.439999,-0.037940,297.206700,251.943400,1,1,1,1,2,2,0.751380,0.748630,0.751374,0.748623,0.749998,-0.006989,0.977838,0.209246,-0.006989,0.977860,0.209144,-0.006989,0.977860,0.209146,9.594616,-0.520652,-0.000059,1,1,2.488298,-0.002023,0,0
1.449999,-0.038232,297.201500,251.967900,1,1,1,1,2,2,0.751333,0.748663,0.751362,0.748606,0.749984,-0.006988,0.977877,0.209064,-0.006989,0.977860,0.209144,-0.006989,0.977860,0.209146,9.596707,-0.524179,-0.000041,1,1,2.505247,-0.001950,0,0
1.459999,-0.038524,297.196200,251.992600,1,1,1,1,2,2,0.751368,0.748663,0.751357,0.748638,0.749997,-0.006993,0.977879,0.209055,-0.006989,0.977860,0.209144,-0.006989,0.977860,0.209146,9.593349,-0.527686,-0.000002,1,1,2.522195,-0.001879,0,0
1.469999,-0.038817,297.190900,252.017400,1,1,1,1,2,2,0.751333,0.748710,0.751375,0.748624,0.750000,-0.006989,0.977864,0.209125,-0.006989,0.977860,0.209144,-0.006989,0.977860,0.209146,9.592793,-0.531225,0.000003,1,1,2.539140,-0.001811,0,0
1.479999,-0.039109,297.185500,252.042400,1,1,1,1,2,2,0.751380,0.748630,0.751344,0.748623,0.749983,-0.006989,0.977838,0.209246,-0.006989,0.977860,0.209144,-0.006989,0.977860,0.209145,9.595777,-0.534769,0.000002,1,1,2.556084,-0.001743,0,0
1.489999,-0.039401,297.180200,252.067500,1,1,1,1,2,2,0.751471,0.748664,0.751389,0.748642,0.750015,-0.006990,0.977851,0.209185,-0.006989,0.977860,0.209144,-0.006989,0.977860,0.209145,9.589236,-0.538283,0.000032,1,1,2.573026,-0.001677,0,0
1.499999,-0.039692,297.174700,252.092900,1,1,1,1,2,2,0.751380,0.748630,0.751374,0.748624,0.749999,-0.006992,0.977838,0.209246,-0.006989,0.977860,0.209144,-0.006989,0.977860,0.209145,9.593107,-0.541861,-0.000004,1,1,2.589966,-0.001613,0,0
1.509999,-0.039984,297.169300,252.118400,1,1,1,1,2,2,0.751333,0.748583,0.751372,0.748623,0.749997,-0.006988,0.977864,0.209125,-0.006989,0.977860,0.209144,-0.006989,0.977860,0.209145,9.593327,-0.545401,-0.000002,1,1,2.606904,-0.001549,0,0
1.519999,-0.040276,297.163800,252.144000,1,1,1,1,2,2,0.751418,0.748668,0.751389,0.748594,0.749991,-0.006990,0.977879,0.209055,-0.006989,0.977860,0.209144,-0.006989,0.977860,0.209145,9.594264,-0.548939,0.000003,1,1,2.623840,-0.001486,0,0
1.529999,-0.040567,297.158300,252.169800,1,1,1,1,2,2,0.751363,0.748668,0.751357,0.748639,0.749998,-0.006990,0.977879,0.209055,-0.006989,0.977860,0.209144,-0.006989,0.977860,0.209145,9.592704,-0.552466,0.000018,1,1,2.640774,-0.001426,0,0
1.539999,-0.040859,297.152700,252.195800,1,1,1,1,2,2,0.751333,0.748663,0.751357,0.748619,0.749988,-0.006992,0.977877,0.209064,-0.006989,0.977860,0.209144,-0.006989,0.977860,0.209145,9.594505,-0.556009,0.000017,1,1,2.657707,-0.001366,0,0
1.549999,-0.041150,297.147100,252.222000,1,1,1,1,2,2,0.751380,0.748663,0.751392,0.748618,0.750005,-0.006989,0.977864,0.209125,-0.006989,0.977860,0.209144,-0.006989,0.977860,0.209145,9.591113,-0.559533,0.000033,1,1,2.674638,-0.001309,0,0
1.559999,-0.041441,297.141500,252.248300,1,1,1,1,2,2,0.751418,0.748634,0.751405,0.748636,0.750021,-0.006990,0.977853,0.209177,-0.006989,0.977860,0.209144,-0.006989,0.977860,0.209145,9.588708,-0.563091,0.000016,1,1,2.691566,-0.001251,0,0
1.569999,-0.041732,297.135800,252.274800,1,1,1,1,2,2,0.751350,0.748584,0.751330,0.748639,0.749985,-0.006991,0.977827,0.209298,-0.006989,0.977860,0.209144,-0.006989,0.977860,0.209145,9.596163,-0.566671,-0.000025,1,1,2.708493,-0.001195,0,0
1.579999,-0.042023,297.130100,252.301400,1,1,1,1,2,2,0.751350,0.748580,0.751357,0.748609,0.749983,-0.006989,0.977832,0.209272,-0.006989,0.977860,0.209144,-0.006989,0.977860,0.209145,9.595617,-0.570178,0.000009,1,1,2.725417,-0.001139,0,0
1.589999,-0.042314,297.124400,252.328200,1,1,1,1,2,2,0.751350,0.748595,0.751362,0.748606,0.749984,-0.006988,0.977844,0.209220,-0.006989,0.977860,0.209144,-0.006989,0.977860,0.209145,9.594777,-0.573690,0.000037,1,1,2.742340,-0.001085,0,0
1.599999,-0.042604,297.118600,252.355200,1,1,1,1,2,2,0.751345,0.748580,0.751345,0.748624,0.749985,-0.006989,0.977838,0.209246,-0.006989,0.977860,0.209144,-0.006989,0.977860,0.209144,9.594136,-0.577210,0.000056,1,1,2.759260,-0.001032,0,0
1.609999,-0.042894,297.112800,252.382400,1,1,1,1,2,2,0.751413,0.748630,0.751375,0.748627,0.750001,-0.006987,0.977864,0.209125,-0.006989,0.977860,0.209144,-0.006989,0.977860,0.209144,9.590834,-0.580735,0.000069,1,1,2.776179,-0.000980,0,0
1.619999,-0.043185,297.107000,252.409700,1,1,1,1,2,2,0.751375,0.748625,0.751359,0.748621,0.749990,-0.006990,0.977849,0.209194,-0.006989,0.977860,0.209144,-0.006989,0.977860,0.209144,9.593390,-0.584293,0.000050,1,1,2.793096,-0.000930,0,0
1.629999,-0.043475,297.101100,252.437200,1,1,1,1,2,2,0.751413,0.748630,0.751374,0.748624,0.749999,-0.006990,0.977864,0.209125,-0.006989,0.977860,0.209144,-0.006989,0.977860,0.209144,9.591615,-0.587825,0.000055,1,1,2.810011,-0.000880,0,0
1.639999,-0.043765,297.095200,252.464800,1,1,1,1,2,2,0.751413,0.748580,0.751372,0.748624,0.749998,-0.006989,0.977859,0.209151,-0.006989,0.977860,0.209144,-0.006989,0.977860,0.209144,9.592066,-0.591374,0.000043,1,1,2.826923,-0.000833,0,0
1.649999,-0.044054,297.089200,252.492600,1,1,1,1,2,2,0.751413,0.748630,0.751357,0.748621,0.749989,-0.006987,0.977864,0.209125,-0.006989,0.977860,0.209144,-0.006989,0.977860,0.209144,9.593883,-0.594918,0.000036,1,1,2.843834,-0.000785,0,0
1.659999,-0.044344,297.083200,252.520600,1,1,1,1,2,2,0.751413,0.748630,0.751345,0.748619,0.749982,-0.006987,0.977864,0.209125,-0.006989,0.977860,0.209144,-0.006989,0.977860,0.209144,9.594817,-0.598444,0.000047,1,1,2.860743,-0.000737,0,0
1.669999,-0.044633,297.077200,252.548700,1,1,1,1,2,2,0.751380,0.748680,0.751360,0.748639,0.750000,-0.006989,0.977844,0.209220,-0.006989,0.977860,0.209144,-0.006989,0.977860,0.209144,9.591184,-0.601961,0.000067,1,1,2.877649,-0.000692,0,0
1.679999,-0.044922,297.071200,252.577000,1,1,1,1,2,2,0.751380,0.748660,0.751374,0.748638,0.750006,-0.006986,0.977838,0.209246,-0.006989,0.977860,0.209144,-0.006989,0.977860,0.209144,9.590540,-0.605512,0.000050,1,1,2.894553,-0.000648,0,0
1.689999,-0.045211,297.065100,252.605500,1,1,1,1,2,2,0.751384,0.748680,0.751360,0.748634,0.749997,-0.006990,0.977838,0.209246,-0.006989,0.977860,0.209144,-0.006989,0.977860,0.209144,9.592589,-0.609069,0.000027,1,1,2.911456,-0.000604,0,0
1.699999,-0.045500,297.058900,252.634100,1,1,1,1,2,2,0.751413,0.748663,0.751374,0.748626,0.750000,-0.006989,0.977890,0.209003,-0.006989,0.977860,0.209144,-0.006989,0.977860,0.209144,9.592216,-0.612606,0.000025,1,1,2.928356,-0.000562,0,0
1.709999,-0.045788,297.052800,252.662900,1,1,1,1,2,2,0.751363,0.748663,0.751357,0.748653,0.750005,-0.006987,0.977885,0.209029,-0.006989,0.977860,0.209144,-0.006989,0.977860,0.209144,9.591465,-0.616146,0.000019,1,1,2.945254,-0.000521,0,0
1.719999,-0.046076,297.046600,252.691900,1,1,1,1,2,2,0.751418,0.748663,0.751357,0.748636,0.749997,-0.006992,0.977885,0.209029,-0.006989,0.977860,0.209144,-0.006989,0.977860,0.209144,9.593282,-0.619693,0.000006,1,1,2.962150,-0.000479,0,0
1.729999,-0.046364,297.040300,252.721000,1,1,1,1,2,2,0.751380,0.748630,0.751357,0.748623,0.749990,-0.006988,0.977838,0.209246,-0.006989,0.977860,0.209144,-0.006989,0.977860,0.209144,9.594367,-0.623222,0.000010,1,1,2.979043,-0.000438,0,0
1.739999,-0.046652,297.034100,252.750300,1,1,1,1,2,2,0.751380,0.748697,0.751374,0.748671,0.750022,-0.006988,0.977859,0.209151,-0.006989,0.977860,0.209144,-0.006989,0.977860,0.209144,9.588184,-0.626740,0.000026,1,1,2.995935,-0.000399,0,0
1.749999,-0.046940,297.027800,252.779800,1,1,1,1,2,2,0.751413,0.748630,0.751357,0.748623,0.749990,-0.006989,0.977864,0.209125,-0.006989,0.977860,0.209144,-0.006989,0.977860,0.209144,9.595135,-0.630318,-0.000020,1,1,3.012825,-0.000361,0,0
1.759999,-0.047227,297.021400,252.809400,1,1,1,1,2,2,0.751368,0.748630,0.751360,0.748621,0.749991,-0.006989,0.977853,0.209177,-0.006989,0.977860,0.209144,-0.006989,0.977860,0.209144,9.594404,-0.633827,0.000003,1,1,3.029712,-0.000324,0,0
1.769999,-0.047514,297.015000,252.839200,1,1,1,1,2,2,0.751395,0.748587,0.751372,0.748594,0.749983,-0.006986,0.977857,0.209159,-0.006989,0.977860,0.209144,-0.006989,0.977860,0.209144,9.595357,-0.637343,0.000019,1,1,3.046598,-0.000287,0,0
1.779999,-0.047801,297.008600,252.869200,1,1,1,1,2,2,0.751350,0.748668,0.751345,0.748638,0.749991,-0.006988,0.977859,0.209151,-0.006989,0.977860,0.209144,-0.006989,0.977860,0.209144,9.593240,-0.640849,0.000044,1,1,3.063481,-0.000251,0,0
1.789999,-0.048088,297.002200,252.899300,1,1,1,1,2,2,0.751413,0.748663,0.751354,0.748605,0.749979,-0.006989,0.977890,0.209003,-0.006989,0.977860,0.209144,-0.006989,0.977860,0.209144,9.595332,-0.644375,0.000049,1,1,3.080361,-0.000216,0,0
1.799999,-0.048374,296.995700,252.929600,1,1,1,1,2,2,0.751337,0.748625,0.751372,0.748638,0.750005,-0.006989,0.977851,0.209185,-0.006989,0.977860,0.209144,-0.006989,0.977860,0.209144,9.590098,-0.647881,0.000074,1,1,3.097240,-0.000181,0,0
1.809999,-0.048660,296.989200,252.960000,1,1,1,1,2,2,0.751380,0.748610,0.751375,0.748666,0.750021,-0.006991,0.977832,0.209272,-0.006989,0.977860,0.209144,-0.006989,0.977860,0.209144,9.587944,-0.651437,0.000047,1,1,3.114116,-0.000148,0,0
1.819999,-0.048946,296.982700,252.990600,1,1,1,1,2,2,0.751380,0.748659,0.751372,0.748624,0.749998,-0.006989,0.977870,0.209099,-0.006989,0.977860,0.209144,-0.006989,0.977860,0.209144,9.593193,-0.655014,-0.000002,1,1,3.130990,-0.000115,0,0
1.829999,-0.049232,296.976100,253.021400,1,1,1,1,2,2,0.751418,0.748680,0.751372,0.748636,0.750004,-0.006990,0.977864,0.209125,-0.006989,0.977860,0.209144,-0.006989,0.977860,0.209144,9.592034,-0.658539,0.000002,1,1,3.147862,-0.000082,0,0
1.839999,-0.049517,296.969500,253.052400,1,1,1,1,2,2,0.751368,0.748630,0.751372,0.748636,0.750004,-0.006990,0.977853,0.209177,-0.006989,0.977860,0.209144,-0.006989,0.977860,0.209144,9.592226,-0.662075,-0.000006,1,1,3.164732,-0.000051,0,0
1.849999,-0.049802,296.962800,253.083500,1,1,1,1,2,2,0.751413,0.748663,0.751357,0.748639,0.749998,-0.006988,0.977890,0.209003,-0.006989,0.977860,0.209144,-0.006989,0.977860,0.209144,9.593433,-0.665608,-0.000011,1,1,3.181599,-0.000019,0,0
1.859999,-0.050087,296.956100,253.114700,1,1,1,1,2,2,0.751380,0.748697,0.751390,0.748638,0.750014,-0.006987,0.977859,0.209151,-0.006989,0.977860,0.209144,-0.006989,0.977860,0.209144,9.590445,-0.669129,-0.000005,1,1,3.198464,0.000011,0,0
1.869999,-0.050371,296.949400,253.146200,1,1,1,1,2,2,0.751375,0.748659,0.751400,0.748636,0.750018,-0.006987,0.977844,0.209220,-0.006989,0.977860,0.209144,-0.006989,0.977860,0.209144,9.590263,-0.672679,-0.000029,1,1,3.215327,0.000041,0,0
1.879999,-0.050656,296.942600,253.177800,1,1,1,1,2,2,0.751380,0.748663,0.751375,0.748641,0.750008,-0.006991,0.977864,0.209125,-0.006989,0.977860,0.209144,-0.006989,0.977860,0.209144,9.592724,-0.676230,-0.000054,1,1,3.232187,0.000070,0,0
1.889999,-0.050940,296.935800,253.209500,1,1,1,1,2,2,0.751413,0.748630,0.751359,0.748624,0.749991,-0.006988,0.977864,0.209125,-0.006989,0.977860,0.209144,-0.006989,0.977860,0.209144,9.595728,-0.679757,-0.000055,1,1,3.249045,0.000098,0,0
1.899999,-0.051224,296.929000,253.241500,1,1,1,1,2,2,0.751413,0.748630,0.751360,0.748636,0.749998,-0.006989,0.977864,0.209125,-0.006989,0.977860,0.209144,-0.006989,0.977860,0.209144,9.593786,-0.683254,-0.000026,1,1,3.265901,0.000124,0,0
1.909999,-0.051507,296.922100,253.273600,1,1,1,1,2,2,0.751413,0.748663,0.751375,0.748621,0.749998,-0.006989,0.977890,0.209003,-0.006989,0.977860,0.209144,-0.006989,0.977860,0.209144,9.593553,-0.686769,-0.000016,1,1,3.282754,0.000151,0,0
1.919999,-0.051790,296.915200,253.305800,1,1,1,1,2,2,0.751413,0.748625,0.751360,0.748636,0.749998,-0.006988,0.977870,0.209099,-0.006989,0.977860,0.209144,-0.006989,0.977860,0.209144,9.593355,-0.690286,-0.000009,1,1,3.299606,0.000177,0,0
1.929999,-0.052073,296.908300,253.338300,1,1,1,1,2,2,0.751380,0.748643,0.751372,0.748653,0.750012,-0.006990,0.977859,0.209151,-0.006989,0.977860,0.209144,-0.006989,0.977860,0.209144,9.590686,-0.693805,-0.000003,1,1,3.316454,0.000203,0,0
1.939999,-0.052356,296.901300,253.370900,1,1,1,1,2,2,0.751413,0.748630,0.751347,0.748621,0.749984,-0.006987,0.977864,0.209125,-0.006989,0.977860,0.209144,-0.006989,0.977860,0.209144,9.596291,-0.697349,-0.000024,1,1,3.333301,0.000228,0,0
1.949998,-0.052638,296.894300,253.403600,1,1,1,1,2,2,0.751350,0.748663,0.751345,0.748651,0.749998,-0.006989,0.977864,0.209125,-0.006989,0.977860,0.209144,-0.006989,0.977860,0.209144,9.592887,-0.700838,0.000010,1,1,3.350144,0.000253,0,0
1.959998,-0.052920,296.887200,253.436600,1,1,1,1,2,2,0.751350,0.748630,0.751345,0.748590,0.749968,-0.006986,0.977838,0.209246,-0.006989,0.977860,0.209144,-0.006989,0.977860,0.209144,9.598382,-0.704359,0.000011,1,1,3.366986,0.000277,0,0
1.969998,-0.053202,296.880200,253.469600,1,1,1,1,2,2,0.751350,0.748663,0.751347,0.748605,0.749976,-0.006989,0.977864,0.209125,-0.006989,0.977860,0.209144,-0.006989,0.977860,0.209144,9.595496,-0.707827,0.000067,1,1,3.383825,0.000300,0,0
1.979998,-0.053484,296.873000,253.502900,1,1,1,1,2,2,0.751350,0.748634,0.751342,0.748606,0.749974,-0.006988,0.977832,0.209272,-0.006989,0.977860,0.209144,-0.006989,0.977860,0.209144,9.595114,-0.711322,0.000094,1,1,3.400661,0.000324,0,0
1.989998,-0.053765,296.865900,253.536300,1,1,1,1,2,2,0.751350,0.748663,0.751360,0.748639,0.750000,-0.006992,0.977864,0.209125,-0.006989,0.977860,0.209144,-0.006989,0.977860,0.209144,9.589923,-0.714820,0.000117,1,1,3.417496,0.000347,0,0
1.999998,-0.054046,296.858700,253.569900,1,1,1,1,2,2,0.751418,0.748630,0.751357,0.748621,0.749989,-0.006987,0.977859,0.209151,-0.006989,0.977860,0.209144,-0.006989,0.977860,0.209144,9.592576,-0.718368,0.000088,1,1,3.434327,0.000369,0,0
2.009999,-0.054326,296.851500,253.603600,1,1,1,1,2,2,0.751345,0.748630,0.751344,0.748621,0.749982,-0.006988,0.977844,0.209220,-0.006989,0.977860,0.209144,-0.006989,0.977860,0.209144,9.593834,-0.721890,0.000086,1,1,3.451157,0.000390,0,0
2.019999,-0.054607,296.844200,253.637500,1,1,1,1,2,2,0.751350,0.748618,0.751375,0.748621,0.749998,-0.006990,0.977853,0.209177,-0.006989,0.977860,0.209144,-0.006989,0.977860,0.209144,9.590745,-0.725400,0.000096,1,1,3.467983,0.000411,0,0
2.029999,-0.054887,296.836900,253.671600,1,1,1,1,2,2,0.751354,0.748580,0.751375,0.748609,0.749992,-0.006989,0.977827,0.209298,-0.006989,0.977860,0.209144,-0.006989,0.977860,0.209144,9.592312,-0.728939,0.000075,1,1,3.484808,0.000432,0,0
2.039999,-0.055166,296.829600,253.705900,1,1,1,1,2,2,0.751350,0.748613,0.751342,0.748591,0.749967,-0.006990,0.977859,0.209151,-0.006989,0.977860,0.209144,-0.006989,0.977860,0.209144,9.597038,-0.732462,0.000071,1,1,3.501630,0.000451,0,0
2.049999,-0.055446,296.822300,253.740300,1,1,1,1,2,2,0.751350,0.748663,0.751344,0.748624,0.749984,-0.006990,0.977864,0.209125,-0.006989,0.977860,0.209144,-0.006989,0.977860,0.209144,9.592858,-0.735938,0.000113,1,1,3.518449,0.000471,0,0
2.059999,-0.055725,296.814900,253.774800,1,1,1,1,2,2,0.751395,0.748630,0.751344,0.748639,0.749991,-0.006993,0.977845,0.209211,-0.006989,0.977860,0.209144,-0.006989,0.977860,0.209144,9.591515,-0.739455,0.000113,1,1,3.535266,0.000490,0,0
2.069999,-0.056004,296.807500,253.809600,1,1,1,1,2,2,0.751380,0.748660,0.751375,0.748621,0.749998,-0.006987,0.977838,0.209246,-0.006989,0.977860,0.209144,-0.006989,0.977860,0.209144,9.590637,-0.742984,0.000100,1,1,3.552080,0.000509,0,0
2.079998,-0.056282,296.800000,253.844500,1,1,1,1,2,2,0.751368,0.748630,0.751330,0.748634,0.749982,-0.006990,0.977853,0.209177,-0.006989,0.977860,0.209144,-0.006989,0.977860,0.209144,9.594003,-0.746521,0.000079,1,1,3.568892,0.000528,0,0
2.089998,-0.056560,296.792500,253.879500,1,1,1,1,2,2,0.751350,0.748663,0.751347,0.748636,0.749992,-0.006991,0.977864,0.209125,-0.006989,0.977860,0.209144,-0.006989,0.977860,0.209144,9.592073,-0.750025,0.000091,1,1,3.585701,0.000546,0,0
2.099998,-0.056838,296.784900,253.914800,1,1,1,1,2,2,0.751395,0.748630,0.751357,0.748636,0.749997,-0.006987,0.977849,0.209194,-0.006989,0.977860,0.209144,-0.006989,0.977860,0.209144,9.591345,-0.753547,0.000083,1,1,3.602507,0.000564,0,0
2.109998,-0.057115,296.777400,253.950100,1,1,1,1,2,2,0.751400,0.748625,0.751342,0.748624,0.749983,-0.006987,0.977849,0.209194,-0.006989,0.977860,0.209144,-0.006989,0.977860,0.209144,9.594113,-0.757076,0.000069,1,1,3.619312,0.000581,0,0
2.119998,-0.057393,296.769800,253.985700,1,1,1,1,2,2,0.751363,0.748625,0.751345,0.748649,0.749997,-0.006990,0.977864,0.209125,-0.006989,0.977860,0.209144,-0.006989,0.977860,0.209144,9.591245,-0.760577,0.000082,1,1,3.636113,0.000598,0,0
2.129998,-0.057669,296.762100,254.021400,1,1,1,1,2,2,0.751380,0.748693,0.751359,0.748656,0.750007,-0.006990,0.977864,0.209125,-0.006989,0.977860,0.209144,-0.006989,0.977860,0.209144,9.589866,-0.764106,0.000066,1,1,3.652911,0.000614,0,0
2.139998,-0.057946,296.754500,254.057300,1,1,1,1,2,2,0.751413,0.748680,0.751372,0.748639,0.750006,-0.006989,0.977870,0.209099,-0.006989,0.977860,0.209144,-0.006989,0.977860,0.209144,9.590879,-0.767648,0.000037,1,1,3.669708,0.000629,0,0
2.149998,-0.058222,296.746700,254.093400,1,1,1,1,2,2,0.751345,0.748663,0.751342,0.748621,0.749982,-0.006989,0.977870,0.209099,-0.006989,0.977860,0.209144,-0.006989,0.977860,0.209144,9.595675,-0.771179,0.000017,1,1,3.686502,0.000645,0,0
2.159998,-0.058498,296.739000,254.129600,1,1,1,1,2,2,0.751350,0.748663,0.751327,0.748593,0.749960,-0.006988,0.977864,0.209125,-0.006989,0.977860,0.209144,-0.006989,0.977860,0.209144,9.598842,-0.774662,0.000046,1,1,3.703292,0.000660,0,0
2.169998,-0.058774,296.731200,254.165900,1,1,1,1,2,2,0.751350,0.748663,0.751345,0.748609,0.749977,-0.006990,0.977864,0.209125,-0.006989,0.977860,0.209144,-0.006989,0.977860,0.209144,9.594222,-0.778115,0.000106,1,1,3.720081,0.000675,0,0
2.179998,-0.059049,296.723400,254.202500,1,1,1,1,2,2,0.751400,0.748663,0.751345,0.748621,0.749983,-0.006988,0.977870,0.209099,-0.006989,0.977860,0.209144,-0.006989,0.977860,0.209144,9.592816,-0.781611,0.000121,1,1,3.736866,0.000689,0,0
2.189998,-0.059324,296.715500,254.239200,1,1,1,1,2,2,0.751418,0.748659,0.751345,0.748641,0.749993,-0.006993,0.977890,0.209003,-0.006989,0.977860,0.209144,-0.006989,0.977860,0.209144,9.591033,-0.785121,0.000121,1,1,3.753649,0.000703,0,0
2.199998,-0.059598,296.707700,254.276100,1,1,1,1,2,2,0.751672,0.748643,0.751611,0.748653,0.750132,-0.006809,0.977904,0.208943,-0.006809,0.977898,0.208972,-0.006973,0.977863,0.209129,9.568038,-0.788648,0.000045,1,1,3.770429,0.000717,0,0
2.209998,-0.059872,296.699700,254.313100,1,1,1,1,2,2,0.751564,0.748693,0.751579,0.748653,0.750116,-0.006807,0.977912,0.208908,-0.006809,0.977898,0.208972,-0.006959,0.977866,0.209116,9.578404,-0.792399,-0.000256,1,1,3.787205,0.000880,0,0
2.219998,-0.060146,296.691800,254.350300,1,1,1,1,2,2,0.751573,0.748663,0.751551,0.748653,0.750102,-0.006808,0.977910,0.208917,-0.006809,0.977898,0.208972,-0.006946,0.977869,0.209103,9.585817,-0.796048,-0.000449,1,1,3.803977,0.001026,0,0
2.229998,-0.060420,296.683800,254.387600,1,1,1,1,2,2,0.751562,0.748663,0.751554,0.748623,0.750088,-0.006810,0.977904,0.208943,-0.006809,0.977898,0.208972,-0.006934,0.977871,0.209092,9.591118,-0.799623,-0.000564,1,1,3.820745,0.001157,0,0
2.239998,-0.060693,296.675800,254.425200,1,1,1,1,2,2,0.751547,0.748663,0.751551,0.748638,0.750094,-0.006810,0.977904,0.208943,-0.006809,0.977898,0.208972,-0.006924,0.977874,0.209082,9.591563,-0.803146,-0.000623,1,1,3.837509,0.001275,0,0
2.249998,-0.060965,296.667700,254.462900,1,1,1,1,2,2,0.751505,0.748625,0.751524,0.748624,0.750074,-0.006806,0.977891,0.209003,-0.006809,0.977898,0.208972,-0.006914,0.977876,0.209072,9.596474,-0.806664,-0.000675,1,1,3.854270,0.001380,0,0
2.259998,-0.061238,296.659600,254.500700,1,1,1,1,2,2,0.751537,0.748609,0.753314,0.750423,0.751869,-0.006809,0.977867,0.209116,-0.006812,0.978455,0.206349,-0.006905,0.977926,0.208838,9.296264,-0.810132,-0.001567,1,1,3.871027,0.001474,0,0
2.269998,-0.061509,296.651400,254.538700,1,1,1,1,2,2,0.753175,0.750321,0.753132,0.750316,0.751724,-0.006811,0.978448,0.206380,-0.006812,0.978455,0.206349,-0.006897,0.977971,0.208624,9.418409,-0.816533,-0.005391,1,1,3.887760,0.001561,0,0
2.279998,-0.061780,296.643200,254.576900,1,1,1,1,2,2,0.753030,0.750125,0.752986,0.750125,0.751555,-0.006812,0.978456,0.206345,-0.006812,0.978455,0.206349,-0.006890,0.978013,0.208428,9.512572,-0.821734,-0.007927,1,1,3.904470,0.001634,0,0
2.289998,-0.062051,296.634900,254.615200,1,1,1,1,2,2,0.752760,0.749944,0.752788,0.749990,0.751389,-0.006816,0.978439,0.206422,-0.006812,0.978455,0.206349,-0.006883,0.978051,0.208249,9.581148,-0.826011,-0.009461,1,1,3.921157,0.001700,0,0
2.299998,-0.062321,296.626600,254.653700,1,1,1,1,2,2,0.752686,0.750021,0.752594,0.750009,0.751302,-0.006637,0.978488,0.206197,-0.006639,0.978491,0.206183,-0.006862,0.978089,0.208071,9.618587,-0.829613,-0.010312,1,1,3.937822,0.001758,0,0
2.309998,-0.062591,296.618300,254.692400,1,1,1,1,2,2,0.752463,0.749744,0.752415,0.749843,0.751129,-0.006640,0.978488,0.206198,-0.006639,0.978491,0.206183,-0.006843,0.978123,0.207909,9.660521,-0.832845,-0.010733,1,1,3.954466,0.001951,0,0
2.319998,-0.062860,296.610000,254.731200,1,1,1,1,2,2,0.752328,0.749707,0.752250,0.749662,0.750956,-0.006636,0.978499,0.206146,-0.006639,0.978491,0.206183,-0.006825,0.978155,0.207760,9.690674,-0.835664,-0.010685,1,1,3.971090,0.002124,0,0
2.329998,-0.063129,296.601600,254.770200,1,1,1,1,2,2,0.752039,0.749547,0.752089,0.749470,0.750780,-0.006636,0.978490,0.206188,-0.006639,0.978491,0.206183,-0.006809,0.978184,0.207624,9.712873,-0.838185,-0.010288,1,1,3.987696,0.002276,0,0
2.339998,-0.063397,296.593200,254.809300,1,1,1,1,2,2,0.751985,0.749318,0.751937,0.749352,0.750644,-0.006641,0.978470,0.206284,-0.006639,0.978491,0.206183,-0.006795,0.978210,0.207500,9.720939,-0.840485,-0.009627,1,1,4.004285,0.002411,0,0
2.349998,-0.063666,296.584700,254.848600,1,1,1,1,2,2,0.751804,0.749234,0.751816,0.749246,0.750531,-0.006642,0.978484,0.206214,-0.006639,0.978491,0.206183,-0.006781,0.978234,0.207387,9.722106,-0.842705,-0.008845,1,1,4.020860,0.002530,0,0
2.359998,-0.063933,296.576300,254.888100,1,1,1,1,2,2,0.751684,0.749097,0.751686,0.749095,0.750390,-0.006640,0.978508,0.206102,-0.006639,0.978491,0.206183,-0.006769,0.978257,0.207283,9.726855,-0.844910,-0.008016,1,1,4.037420,0.002634,0,0
2.369998,-0.064200,296.567800,254.927800,1,1,1,1,2,2,0.751592,0.749005,0.751551,0.748947,0.750249,-0.006638,0.978493,0.206171,-0.006639,0.978491,0.206183,-0.006758,0.978277,0.207189,9.729729,-0.847067,-0.007107,1,1,4.053968,0.002724,0,0
2.379998,-0.064467,296.559300,254.967600,1,1,1,1,2,2,0.751464,0.748887,0.751463,0.748889,0.750176,-0.006639,0.978503,0.206128,-0.006639,0.978491,0.206183,-0.006748,0.978295,0.207102,9.718874,-0.849193,-0.006139,1,1,4.070504,0.002803,0,0
2.389998,-0.064733,296.550800,255.007600,1,1,1,1,2,2,0.751370,0.748749,0.751405,0.748784,0.750095,-0.006640,0.978503,0.206127,-0.006639,0.978491,0.206183,-0.006738,0.978312,0.207023,9.711504,-0.851424,-0.005251,1,1,4.087029,0.002870,0,0
2.399998,-0.064999,296.542300,255.047700,1,1,1,1,2,2,0.751327,0.748706,0.751283,0.748726,0.750004,-0.006640,0.978477,0.206249,-0.006639,0.978491,0.206183,-0.006730,0.978327,0.206951,9.706956,-0.853725,-0.004412,1,1,4.103544,0.002927,0,0
2.409998,-0.065264,296.533700,255.088000,1,1,1,1,2,2,0.751225,0.748633,0.751190,0.748617,0.749903,-0.006638,0.978503,0.206128,-0.006639,0.978491,0.206183,-0.006722,0.978341,0.206885,9.704833,-0.856069,-0.003594,1,1,4.120049,0.002977,0,0
2.419998,-0.065529,296.525100,255.128400,1,1,1,1,2,2,0.751208,0.748620,0.751175,0.748572,0.749873,-0.006640,0.978482,0.206223,-0.006639,0.978491,0.206183,-0.006715,0.978354,0.206824,9.689925,-0.858432,-0.002777,1,1,4.136545,0.003016,0,0
2.429998,-0.065794,296.516500,255.169100,1,1,1,1,2,2,0.751163,0.748496,0.751130,0.748540,0.749835,-0.006639,0.978470,0.206284,-0.006639,0.978491,0.206183,-0.006709,0.978366,0.206769,9.679687,-0.860939,-0.002088,1,1,4.153033,0.003050,0,0
2.439998,-0.066057,296.507900,255.209900,1,1,1,1,2,2,0.751084,0.748450,0.751058,0.748498,0.749778,-0.006641,0.978485,0.206213,-0.006639,0.978491,0.206183,-0.006703,0.978377,0.206719,9.674894,-0.863545,-0.001484,1,1,4.169512,0.003075,0,0
2.449998,-0.066321,296.499200,255.250800,1,1,1,1,2,2,0.743725,0.748503,0.750918,0.748440,0.749679,0.003186,0.980454,0.196724,-0.006459,0.978528,0.206011,-0.006682,0.978390,0.206658,9.680156,-0.866196,-0.000976,1,1,4.185983,0.003093,0,0
2.459998,-0.066583,296.490500,255.291900,1,1,1,1,2,2,0.750877,0.748387,0.750876,0.748437,0.749657,-0.006459,0.978522,0.206041,-0.006459,0.978528,0.206011,-0.006662,0.978402,0.206602,9.669779,-0.868794,-0.000394,1,1,4.202446,0.003256,0,0
2.469998,-0.066846,296.481800,255.333200,1,1,1,1,2,2,0.750828,0.748456,0.750858,0.748395,0.749627,-0.006457,0.978535,0.205980,-0.006459,0.978528,0.206011,-0.006645,0.978413,0.206551,9.662871,-0.871492,0.000103,1,1,4.218900,0.003398,0,0
2.479998,-0.067107,296.473100,255.374700,1,1,1,1,2,2,0.750806,0.748456,0.750831,0.748407,0.749619,-0.006456,0.978522,0.206041,-0.006459,0.978528,0.206011,-0.006629,0.978423,0.206505,9.653211,-0.874257,0.000547,1,1,4.235347,0.003523,0,0
2.489998,-0.067368,296.464300,255.416300,1,1,1,1,2,2,0.750811,0.748428,0.750815,0.748410,0.749612,-0.006460,0.978524,0.206032,-0.006459,0.978528,0.206011,-0.006614,0.978432,0.206462,9.645435,-0.877115,0.000910,1,1,4.251786,0.003629,0,0
2.499998,-0.067629,296.455500,255.458000,1,1,1,1,2,2,0.750811,0.748439,0.750800,0.748422,0.749611,-0.006458,0.978530,0.206006,-0.006459,0.978528,0.206011,-0.006601,0.978440,0.206423,9.638296,-0.880047,0.001210,1,1,4.268217,0.003720,0,0
2.509998,-0.067889,296.446700,255.500000,1,1,1,1,2,2,0.750865,0.748453,0.749823,0.748455,0.749139,-0.006460,0.978529,0.206006,-0.006461,0.978803,0.204702,-0.006589,0.978471,0.206275,9.729864,-0.883048,0.000959,1,1,4.284642,0.003796,0,0
2.519998,-0.068148,296.437800,255.542000,1,1,1,1,2,2,0.749689,0.747364,0.749721,0.747370,0.748545,-0.006459,0.979058,0.203478,-0.006463,0.979077,0.203387,-0.006578,0.978523,0.206027,9.831720,-0.885150,0.001177,1,1,4.301050,0.003859,0,0
2.529998,-0.068407,296.429000,255.584300,1,1,1,1,2,2,0.749669,0.747306,0.749708,0.747344,0.748526,-0.006460,0.979058,0.203478,-0.006463,0.979077,0.203387,-0.006568,0.978571,0.205799,9.802646,-0.886251,0.002498,1,1,4.317431,0.003911,0,0
2.539998,-0.068665,296.420100,255.626700,1,1,1,1,2,2,0.749545,0.736107,0.749593,0.747150,0.748371,0.007809,0.981801,0.189752,-0.006290,0.979113,0.203221,-0.006544,0.978618,0.205578,9.804834,-0.887631,0.003543,1,1,4.333787,0.003950,0,0
2.549998,-0.068923,296.411200,255.669300,1,1,1,1,2,2,0.749514,0.747108,0.749557,0.747100,0.748329,-0.006289,0.979097,0.203295,-0.006290,0.979113,0.203221,-0.006522,0.978660,0.205375,9.784374,-0.888987,0.004686,1,1,4.350120,0.004125,0,0
2.559998,-0.069181,296.402300,255.712000,1,1,1,1,2,2,0.749523,0.747027,0.749529,0.747073,0.748301,-0.006288,0.979097,0.203295,-0.006290,0.979113,0.203221,-0.006502,0.978699,0.205189,9.764504,-0.890538,0.005695,1,1,4.366428,0.004277,0,0
2.569998,-0.069437,296.393400,255.754900,1,1,1,1,2,2,0.749452,0.747191,0.749499,0.747075,0.748287,-0.006286,0.979123,0.203173,-0.006290,0.979113,0.203221,-0.006484,0.978735,0.205020,9.745531,-0.892280,0.006569,1,1,4.382716,0.004407,0,0
2.579998,-0.069693,296.384500,255.798000,1,1,1,1,2,2,0.749473,0.747029,0.749514,0.747073,0.748294,-0.006290,0.979087,0.203346,-0.006290,0.979113,0.203221,-0.006467,0.978767,0.204865,9.726047,-0.894205,0.007314,1,1,4.398984,0.004518,0,0
2.589998,-0.069949,296.375500,255.841200,1,1,1,1,2,2,0.749523,0.747187,0.749533,0.747105,0.748319,-0.006290,0.979123,0.203173,-0.006290,0.979113,0.203221,-0.006452,0.978797,0.204724,9.706648,-0.896317,0.007917,1,1,4.415234,0.004611,0,0
2.599998,-0.070204,296.366500,255.884600,1,1,1,1,2,2,0.749549,0.747061,0.749545,0.747105,0.748325,-0.006289,0.979097,0.203295,-0.006290,0.979113,0.203221,-0.006438,0.978824,0.204594,9.694367,-0.898617,0.008376,1,1,4.431467,0.004687,0,0
2.609998,-0.070458,296.357500,255.928200,1,1,1,1,2,2,0.749496,0.747159,0.749558,0.747150,0.748354,-0.006290,0.979087,0.203346,-0.006290,0.979113,0.203221,-0.006425,0.978849,0.204476,9.679817,-0.901034,0.008759,1,1,4.447683,0.004749,0,0
2.619998,-0.070711,296.348500,255.971900,1,1,1,1,2,2,0.749569,0.747309,0.749615,0.747193,0.748404,-0.006290,0.979123,0.203173,-0.006290,0.979113,0.203221,-0.006414,0.978872,0.204368,9.664066,-0.903590,0.009038,1,1,4.463885,0.004798,0,0
2.629998,-0.070964,296.339400,256.015800,1,1,1,1,2,2,0.749584,0.747179,0.749668,0.747224,0.748446,-0.006291,0.979087,0.203346,-0.006290,0.979113,0.203221,-0.006403,0.978893,0.204269,9.652719,-0.906299,0.009198,1,1,4.480073,0.004834,0,0
2.639998,-0.071216,296.330300,256.059800,1,1,1,1,2,2,0.749659,0.747239,0.749769,0.747279,0.748524,-0.006293,0.979097,0.203295,-0.006290,0.979113,0.203221,-0.006393,0.978912,0.204179,9.636759,-0.909116,0.009280,1,1,4.496248,0.004860,0,0
2.649998,-0.071467,296.321200,256.104000,1,1,1,1,2,2,0.749723,0.747264,0.749768,0.747329,0.748548,-0.006289,0.979097,0.203295,-0.006290,0.979113,0.203221,-0.006384,0.978929,0.204097,9.633745,-0.912088,0.009234,1,1,4.512410,0.004876,0,0
2.659998,-0.071718,296.312000,256.148300,1,1,1,1,2,2,0.749817,0.747488,0.749814,0.747371,0.748592,-0.006291,0.979123,0.203173,-0.006290,0.979113,0.203221,-0.006376,0.978945,0.204021,9.627122,-0.915087,0.009189,1,1,4.528562,0.004884,0,0
2.669998,-0.071968,296.302900,256.192800,1,1,1,1,2,2,0.749857,0.747392,0.749857,0.747429,0.748643,-0.006286,0.979097,0.203295,-0.006290,0.979113,0.203221,-0.006369,0.978959,0.203952,9.620233,-0.918149,0.009104,1,1,4.544703,0.004884,0,0
2.679998,-0.072217,296.293600,256.237500,1,1,1,1,2,2,0.749872,0.747482,0.749920,0.747477,0.748698,-0.006288,0.979097,0.203295,-0.006290,0.979113,0.203221,-0.006362,0.978972,0.203889,9.613600,-0.921276,0.008976,1,1,4.560833,0.004876,0,0
2.689998,-0.072466,296.284400,256.282300,1,1,1,1,2,2,0.749932,0.747493,0.749959,0.747520,0.748739,-0.006292,0.979092,0.203321,-0.006290,0.979113,0.203221,-0.006356,0.978985,0.203832,9.610636,-0.924467,0.008805,1,1,4.576954,0.004863,0,0
2.699998,-0.072713,296.275100,256.327300,1,1,1,1,2,2,0.749988,0.747605,0.750038,0.747581,0.748810,-0.006288,0.979097,0.203295,-0.006290,0.979113,0.203221,-0.006350,0.978996,0.203779,9.602583,-0.927685,0.008625,1,1,4.593066,0.004844,0,0
2.709998,-0.072960,296.265800,256.372500,1,1,1,1,2,2,0.750052,0.747612,0.750096,0.747669,0.748883,-0.006286,0.979092,0.203321,-0.006290,0.979113,0.203221,-0.006345,0.979006,0.203731,9.595543,-0.930981,0.008384,1,1,4.609170,0.004820,0,0
2.719998,-0.073207,296.256500,256.417800,1,1,1,1,2,2,0.750111,0.747798,0.750123,0.747714,0.748919,-0.006291,0.979112,0.203224,-0.006290,0.979113,0.203221,-0.006340,0.979015,0.203687,9.596529,-0.934344,0.008090,1,1,4.625266,0.004791,0,0
2.729998,-0.073452,296.247100,256.463200,1,1,1,1,2,2,0.750167,0.747906,0.750216,0.747759,0.748987,-0.006287,0.979123,0.203173,-0.006290,0.979113,0.203221,-0.006336,0.979023,0.203647,9.590916,-0.937696,0.007823,1,1,4.641354,0.004759,0,0
2.739998,-0.073697,296.237700,256.508800,1,1,1,1,2,2,0.750421,0.747966,0.750291,0.747865,0.749078,-0.006286,0.979143,0.203077,-0.006290,0.979113,0.203221,-0.006332,0.979031,0.203610,9.582441,-0.941102,0.007514,1,1,4.657434,0.004723,0,0
2.749998,-0.073941,296.228200,256.554600,1,1,1,1,2,2,0.750338,0.748016,0.750320,0.747865,0.749093,-0.006289,0.979117,0.203199,-0.006290,0.979113,0.203221,-0.006328,0.979038,0.203577,9.589308,-0.944590,0.007134,1,1,4.673509,0.004684,0,0
2.759998,-0.074185,296.218800,256.600500,1,1,1,1,2,2,0.750368,0.748008,0.750380,0.747925,0.749153,-0.006292,0.979117,0.203199,-0.006290,0.979113,0.203221,-0.006325,0.979044,0.203546,9.586066,-0.948009,0.006836,1,1,4.689577,0.004643,0,0
2.769998,-0.074427,296.209200,256.646600,1,1,1,1,2,2,0.750379,0.748133,0.750383,0.747970,0.749177,-0.006293,0.979087,0.203346,-0.006290,0.979113,0.203221,-0.006322,0.979050,0.203518,9.589789,-0.951458,0.006517,1,1,4.705638,0.004599,0,0
2.779998,-0.074669,296.199700,256.692800,1,1,1,1,2,2,0.750457,0.748193,0.750458,0.747985,0.749221,-0.006288,0.979092,0.203321,-0.006290,0.979113,0.203221,-0.006319,0.979056,0.203493,9.588555,-0.954870,0.006246,1,1,4.721693,0.004553,0,0
2.789998,-0.074911,296.190100,256.739200,1,1,1,1,2,2,0.750517,0.748063,0.750500,0.748074,0.749287,-0.006291,0.979067,0.203442,-0.006290,0.979113,0.203221,-0.006317,0.979061,0.203469,9.583625,-0.958293,0.005972,1,1,4.737743,0.004506,0,0
2.799998,-0.075151,296.180500,256.785800,1,1,1,1,2,2,0.750547,0.748123,0.750559,0.748107,0.749333,-0.006291,0.979067,0.203442,-0.006290,0.979113,0.203221,-0.006314,0.979065,0.203448,9.583178,-0.961763,0.005658,1,1,4.753787,0.004457,0,0
2.809998,-0.075391,296.170800,256.832500,1,1,1,1,2,2,0.750607,0.748088,0.750574,0.748194,0.749384,-0.006289,0.979092,0.203321,-0.006290,0.979113,0.203221,-0.006312,0.979069,0.203428,9.581849,-0.965237,0.005347,1,1,4.769826,0.004407,0,0
2.819998,-0.075630,296.161200,256.879400,1,1,1,1,2,2,0.750667,0.748103,0.750664,0.748194,0.749429,-0.006292,0.979082,0.203371,-0.006290,0.979113,0.203221,-0.006310,0.979073,0.203410,9.581723,-0.968722,0.005031,1,1,4.785860,0.004356,0,0
2.829998,-0.075869,296.151400,256.926400,1,1,1,1,2,2,0.750745,0.748371,0.750682,0.748224,0.749453,-0.006291,0.979128,0.203148,-0.006290,0.979113,0.203221,-0.006308,0.979076,0.203394,9.585209,-0.972208,0.004720,1,1,4.801888,0.004304,0,0
2.839998,-0.076107,296.141700,256.973600,1,1,1,1,2,2,0.750722,0.748451,0.750709,0.748269,0.749489,-0.006290,0.979092,0.203321,-0.006290,0.979113,0.203221,-0.006307,0.979080,0.203379,9.585535,-0.975659,0.004451,1,1,4.817912,0.004252,0,0
2.849998,-0.076344,296.131900,257.020900,1,1,1,1,2,2,0.750756,0.748366,0.750745,0.748313,0.749529,-0.006286,0.979072,0.203417,-0.006290,0.979113,0.203221,-0.006305,0.979082,0.203366,9.584785,-0.979105,0.004191,1,1,4.833931,0.004198,0,0
2.859998,-0.076580,296.122000,257.068400,1,1,1,1,2,2,0.750786,0.748252,0.750769,0.748313,0.749541,-0.006287,0.979092,0.203321,-0.006290,0.979113,0.203221,-0.006304,0.979085,0.203353,9.589233,-0.982558,0.003929,1,1,4.849946,0.004145,0,0
2.869998,-0.076816,296.112200,257.116000,1,1,1,1,2,2,0.750816,0.748490,0.750790,0.748343,0.749567,-0.006289,0.979123,0.203173,-0.006290,0.979113,0.203221,-0.006303,0.979087,0.203342,9.589989,-0.985967,0.003716,1,1,4.865956,0.004091,0,0
2.879998,-0.077051,296.102300,257.163800,1,1,1,1,2,2,0.750846,0.748581,0.750817,0.748388,0.749602,-0.006289,0.979092,0.203321,-0.006290,0.979113,0.203221,-0.006302,0.979090,0.203331,9.588585,-0.989367,0.003515,1,1,4.881961,0.004038,0,0
2.889998,-0.077286,296.092400,257.211800,1,1,1,1,2,2,0.750845,0.748405,0.750873,0.748439,0.749656,-0.006291,0.979128,0.203148,-0.006290,0.979113,0.203221,-0.006301,0.979092,0.203322,9.584186,-0.992780,0.003304,1,1,4.897963,0.003985,0,0
2.899998,-0.077520,296.082400,257.259900,1,1,1,1,2,2,0.750936,0.748401,0.750888,0.748481,0.749685,-0.006288,0.979092,0.203321,-0.006290,0.979113,0.203221,-0.006300,0.979093,0.203313,9.585383,-0.996236,0.003053,1,1,4.913960,0.003931,0,0
2.909998,-0.077753,296.072400,257.308200,1,1,1,1,2,2,0.750936,0.748671,0.750948,0.748493,0.749720,-0.006289,0.979092,0.203321,-0.006290,0.979113,0.203221,-0.006299,0.979095,0.203305,9.584851,-0.999679,0.002817,1,1,4.929952,0.003878,0,0
2.919998,-0.077986,296.062400,257.356700,1,1,1,1,2,2,0.750965,0.748412,0.750936,0.748493,0.749714,-0.006290,0.979097,0.203295,-0.006290,0.979113,0.203221,-0.006298,0.979097,0.203298,9.591872,-1.003126,0.002580,1,1,4.945941,0.003825,0,0
2.929998,-0.078218,296.052300,257.405200,1,1,1,1,2,2,0.750965,0.748652,0.750948,0.748537,0.749743,-0.006289,0.979087,0.203346,-0.006290,0.979113,0.203221,-0.006297,0.979098,0.203291,9.590902,-1.006503,0.002415,1,1,4.961926,0.003771,0,0
2.939998,-0.078449,296.042200,257.454000,1,1,1,1,2,2,0.750999,0.748537,0.751014,0.748549,0.749782,-0.006288,0.979067,0.203443,-0.006290,0.979113,0.203221,-0.006297,0.979099,0.203285,9.588187,-1.009889,0.002244,1,1,4.977906,0.003719,0,0
2.949998,-0.078680,296.032100,257.502900,1,1,1,1,2,2,0.750991,0.748476,0.751011,0.748552,0.749782,-0.006286,0.979097,0.203295,-0.006290,0.979113,0.203221,-0.006296,0.979101,0.203280,9.593105,-1.013301,0.002047,1,1,4.993882,0.003667,0,0
2.959998,-0.078910,296.021900,257.551900,1,1,1,1,2,2,0.750976,0.748635,0.750993,0.748574,0.749783,-0.006290,0.979067,0.203443,-0.006290,0.979113,0.203221,-0.006296,0.979102,0.203275,9.596459,-1.016665,0.001902,1,1,5.009855,0.003615,0,0
2.969998,-0.079139,296.011700,257.601100,1,1,1,1,2,2,0.751215,0.748506,0.751044,0.748585,0.749815,-0.006291,0.979117,0.203199,-0.006290,0.979113,0.203221,-0.006295,0.979103,0.203270,9.593557,-1.019994,0.001793,1,1,5.025824,0.003565,0,0
2.979998,-0.079368,296.001500,257.650500,1,1,1,1,2,2,0.751105,0.748627,0.751067,0.748612,0.749840,-0.006291,0.979112,0.203224,-0.006290,0.979113,0.203221,-0.006295,0.979103,0.203266,9.592424,-1.023351,0.001657,1,1,5.041788,0.003514,0,0
2.989998,-0.079596,295.991200,257.700000,1,1,1,1,2,2,0.751005,0.748566,0.751094,0.748642,0.749868,-0.006290,0.979117,0.203199,-0.006290,0.979113,0.203221,-0.006294,0.979104,0.203262,9.590987,-1.026719,0.001511,1,1,5.057749,0.003464,0,0
2.999998,-0.079824,295.980900,257.749700,1,1,1,1,2,2,0.751130,0.748656,0.751097,0.748645,0.749871,-0.006288,0.979083,0.203367,-0.006290,0.979113,0.203221,-0.006294,0.979105,0.203258,9.594391,-1.030099,0.001352,1,1,5.073706,0.003415,0,0
3.009998,-0.080051,295.970600,257.799600,1,1,1,1,2,2,0.751085,0.748820,0.751067,0.748627,0.749847,-0.006289,0.979092,0.203321,-0.006290,0.979113,0.203221,-0.006293,0.979106,0.203255,9.601800,-1.033446,0.001229,1,1,5.089660,0.003366,0,0
3.019998,-0.080278,295.960200,257.849500,1,1,1,1,2,2,0.751081,0.748656,0.751074,0.748642,0.749858,-0.006288,0.979077,0.203392,-0.006290,0.979113,0.203221,-0.006293,0.979106,0.203252,9.601100,-1.036719,0.001181,1,1,5.105609,0.003318,0,0
3.029998,-0.080504,295.949800,257.899700,1,1,1,1,2,2,0.751054,0.748820,0.751067,0.748657,0.749862,-0.006288,0.979123,0.203173,-0.006290,0.979113,0.203221,-0.006293,0.979107,0.203249,9.601651,-1.039999,0.001128,1,1,5.121555,0.003271,0,0
3.039998,-0.080729,295.939400,257.950000,1,1,1,1,2,2,0.751135,0.748562,0.751097,0.748648,0.749873,-0.006288,0.979137,0.203102,-0.006290,0.979113,0.203221,-0.006293,0.979107,0.203247,9.600923,-1.043272,0.001081,1,1,5.137496,0.003224,0,0
3.049998,-0.080954,295.928900,258.000400,1,1,1,1,2,2,0.751115,0.748679,0.751089,0.748672,0.749880,-0.006292,0.979061,0.203468,-0.006290,0.979113,0.203221,-0.006292,0.979108,0.203245,9.600924,-1.046551,0.001028,1,1,5.153435,0.003178,0,0
3.059998,-0.081178,295.918400,258.051100,1,1,1,1,2,2,0.751115,0.748850,0.751067,0.748672,0.749870,-0.006289,0.979092,0.203321,-0.006290,0.979113,0.203221,-0.006292,0.979108,0.203243,9.604130,-1.049830,0.000975,1,1,5.169369,0.003133,0,0
3.069998,-0.081402,295.907900,258.101800,1,1,1,1,2,2,0.751084,0.748644,0.751127,0.748690,0.749909,-0.006291,0.979128,0.203148,-0.006290,0.979113,0.203221,-0.006292,0.979109,0.203241,9.597608,-1.053077,0.000956,1,1,5.185300,0.003088,0,0
3.079998,-0.081625,295.897300,258.152800,1,1,1,1,2,2,0.751145,0.748880,0.751112,0.748702,0.749907,-0.006288,0.979092,0.203321,-0.006290,0.979113,0.203221,-0.006292,0.979109,0.203239,9.599986,-1.056387,0.000872,1,1,5.201227,0.002709,0,0
3.089998,-0.081848,295.886700,258.203900,1,1,1,1,2,2,0.751195,0.748626,0.751127,0.748717,0.749922,-0.006293,0.979132,0.203127,-0.006290,0.979113,0.203221,-0.006292,0.979109,0.203237,9.598788,-1.059672,0.000813,1,1,5.217150,0.002329,0,0
3.099998,-0.082070,295.876100,258.255100,1,1,1,1,2,2,0.751175,0.748670,0.751187,0.748732,0.749959,-0.006290,0.979103,0.203270,-0.006290,0.979113,0.203221,-0.006291,0.979110,0.203236,9.593815,-1.062969,0.000743,1,1,5.233070,0.004271,0,0
3.109998,-0.082291,295.865400,258.306500,1,1,1,1,2,2,0.751204,0.748853,0.751217,0.748702,0.749959,-0.006289,0.979117,0.203199,-0.006290,0.979113,0.203221,-0.006291,0.979110,0.203235,9.596817,-1.066313,0.000623,1,1,5.248985,0.006172,0,0
3.119998,-0.082511,295.854800,258.358000,1,1,1,1,2,2,0.751234,0.748750,0.751217,0.748732,0.749974,-0.006291,0.979067,0.203442,-0.006290,0.979113,0.203221,-0.006291,0.979110,0.203234,9.596351,-1.069627,0.000534,1,1,5.264897,0.008370,0,0
3.129997,-0.082729,295.844000,258.409700,1,1,1,1,2,2,0.751234,0.748784,0.751217,0.748723,0.749970,-0.006288,0.979072,0.203417,-0.006290,0.979113,0.203221,-0.006291,0.979110,0.203232,9.599475,-1.072945,0.000441,1,1,5.280804,0.010530,0,0
3.139997,-0.082946,295.833300,258.461600,1,1,1,1,2,2,0.751129,0.748880,0.751217,0.748732,0.749974,-0.006294,0.979112,0.203224,-0.006290,0.979113,0.203221,-0.006291,0.979111,0.203231,9.600220,-1.076231,0.000380,1,1,5.296708,0.010279,0,0
3.149997,-0.083161,295.822400,258.513600,1,1,1,1,2,2,0.751129,0.748880,0.751187,0.748708,0.749948,-0.006290,0.979112,0.203224,-0.006290,0.979113,0.203221,-0.006291,0.979111,0.203231,9.606374,-1.079510,0.000326,1,1,5.312608,0.010037,0,0
3.159997,-0.083375,295.811600,258.565800,1,1,1,1,2,2,0.751129,0.748781,0.751187,0.748702,0.749944,-0.006290,0.979143,0.203077,-0.006290,0.979113,0.203221,-0.006291,0.979111,0.203230,9.606721,-1.082727,0.000335,1,1,5.328505,0.009803,0,0
3.169997,-0.083588,295.800800,258.618100,1,1,1,1,2,2,0.751129,0.748880,0.751205,0.748687,0.749946,-0.006291,0.979112,0.203224,-0.006290,0.979113,0.203221,-0.006291,0.979111,0.203229,9.606150,-1.085940,0.000347,1,1,5.344397,0.009576,0,0
3.179997,-0.083799,295.789900,258.670600,1,1,1,1,2,2,0.751174,0.748924,0.751217,0.748687,0.749952,-0.006285,0.979133,0.203123,-0.006290,0.979113,0.203221,-0.006291,0.979111,0.203228,9.604907,-1.089158,0.000354,1,1,5.360286,0.009356,0,0
3.189997,-0.084010,295.778900,258.723300,1,1,1,1,2,2,0.751174,0.748720,0.751220,0.748732,0.749976,-0.006289,0.979097,0.203295,-0.006290,0.979113,0.203221,-0.006291,0.979111,0.203228,9.600726,-1.092387,0.000348,1,1,5.376171,0.009143,0,0
3.199997,-0.084218,295.768000,258.776100,1,1,1,1,2,2,0.751394,0.748735,0.751217,0.748702,0.749959,-0.006288,0.979092,0.203321,-0.006290,0.979113,0.203221,-0.006290,0.979112,0.203227,9.604859,-1.095657,0.000302,1,1,5.392052,0.008937,0,0
3.209997,-0.084426,295.757000,258.829000,1,1,1,1,2,2,0.751234,0.748735,0.751217,0.748699,0.749958,-0.006290,0.979067,0.203442,-0.006290,0.979113,0.203221,-0.006290,0.979112,0.203226,9.605269,-1.098886,0.000296,1,1,5.407930,0.008737,0,0
3.219997,-0.084632,295.746000,258.882100,1,1,1,1,2,2,0.751234,0.748815,0.751223,0.748717,0.749970,-0.006289,0.979117,0.203199,-0.006290,0.979113,0.203221,-0.006290,0.979112,0.203226,9.603126,-1.102109,0.000296,1,1,5.423804,0.008544,0,0
3.229997,-0.084838,295.734900,258.935400,1,1,1,1,2,2,0.751230,0.748910,0.751247,0.748732,0.749989,-0.006291,0.979097,0.203295,-0.006290,0.979113,0.203221,-0.006290,0.979112,0.203226,9.600204,-1.105353,0.000273,1,1,5.439674,0.008356,0,0
3.239997,-0.085042,295.723800,258.988800,1,1,1,1,2,2,0.751155,0.748746,0.751232,0.748762,0.749997,-0.006289,0.979097,0.203295,-0.006290,0.979113,0.203221,-0.006290,0.979112,0.203225,9.600128,-1.108625,0.000222,1,1,5.455541,0.008174,0,0
3.249997,-0.085245,295.712700,259.042300,1,1,1,1,2,2,0.751215,0.748670,0.751232,0.748732,0.749982,-0.006288,0.979087,0.203346,-0.006290,0.979113,0.203221,-0.006290,0.979112,0.203225,9.604113,-1.111897,0.000171,1,1,5.471404,0.007997,0,0
3.259997,-0.085446,295.701600,259.096100,1,1,1,1,2,2,0.751309,0.748940,0.751250,0.748762,0.750006,-0.006290,0.979103,0.203270,-0.006290,0.979113,0.203221,-0.006290,0.979112,0.203224,9.600092,-1.115129,0.000159,1,1,5.487263,0.007825,0,0
3.269997,-0.085647,295.690400,259.150000,1,1,1,1,2,2,0.751294,0.748761,0.751277,0.748792,0.750034,-0.006291,0.979061,0.203468,-0.006290,0.979113,0.203221,-0.006290,0.979112,0.203224,9.596278,-1.118399,0.000107,1,1,5.503119,0.007658,0,0
3.279997,-0.085846,295.679200,259.204000,1,1,1,1,2,2,0.751328,0.748864,0.751277,0.748762,0.750019,-0.006286,0.979117,0.203199,-0.006290,0.979113,0.203221,-0.006290,0.979112,0.203224,9.601211,-1.121706,0.000018,1,1,5.518971,0.007497,0,0
3.289997,-0.086044,295.667900,259.258200,1,1,1,1,2,2,0.751424,0.748780,0.751383,0.748762,0.750072,-0.006177,0.979093,0.203321,-0.006175,0.979136,0.203111,-0.006280,0.979114,0.203214,9.594054,-1.124964,-0.000076,1,1,5.534819,0.007339,0,0
3.299997,-0.086242,295.656600,259.312600,1,1,1,1,2,2,0.751361,0.748845,0.751368,0.748765,0.750066,-0.006177,0.979138,0.203102,-0.006175,0.979136,0.203111,-0.006271,0.979116,0.203205,9.599164,-1.128292,-0.000237,1,1,5.550662,0.007281,0,0
3.309997,-0.086438,295.645300,259.367100,1,1,1,1,2,2,0.751554,0.748769,0.751353,0.748735,0.750044,-0.006176,0.979113,0.203224,-0.006175,0.979136,0.203111,-0.006263,0.979118,0.203197,9.605865,-1.131568,-0.000343,1,1,5.566501,0.007217,0,0
3.319997,-0.086633,295.634000,259.421700,1,1,1,1,2,2,0.751361,0.748750,0.751338,0.748732,0.750035,-0.006173,0.979098,0.203295,-0.006175,0.979136,0.203111,-0.006255,0.979120,0.203190,9.608386,-1.134778,-0.000379,1,1,5.582335,0.007147,0,0
3.329997,-0.086827,295.622600,259.476500,1,1,1,1,2,2,0.751350,0.748815,0.751326,0.748732,0.750029,-0.006172,0.979143,0.203077,-0.006175,0.979136,0.203111,-0.006248,0.979121,0.203183,9.609638,-1.137962,-0.000385,1,1,5.598165,0.007073,0,0
3.339997,-0.087020,295.611200,259.531500,1,1,1,1,2,2,0.752648,0.750025,0.752585,0.750051,0.751318,-0.006177,0.979517,0.201268,-0.006177,0.979549,0.201112,-0.006242,0.979158,0.203005,9.402388,-1.141133,-0.001363,1,1,5.613990,0.006994,0,0
3.349997,-0.087211,295.599700,259.586600,1,1,1,1,2,2,0.752494,0.749928,0.752387,0.749887,0.751137,-0.006181,0.979522,0.201244,-0.006177,0.979549,0.201112,-0.006237,0.979191,0.202842,9.509489,-1.146330,-0.004331,1,1,5.629795,0.006916,0,0
3.359997,-0.087402,295.588200,259.641900,1,1,1,1,2,2,0.752381,0.749938,0.752270,0.749844,0.751057,-0.006094,0.979547,0.201122,-0.006098,0.979565,0.201036,-0.006225,0.979224,0.202686,9.570648,-1.150474,-0.006190,1,1,5.645579,0.006833,0,0
3.369997,-0.087591,295.576700,259.697300,1,1,1,1,2,2,0.752184,0.749726,0.752073,0.749694,0.750884,-0.006100,0.979572,0.201000,-0.006098,0.979565,0.201036,-0.006214,0.979253,0.202544,9.631558,-1.154016,-0.007366,1,1,5.661345,0.006812,0,0
3.379997,-0.087780,295.565100,259.752900,1,1,1,1,2,2,0.752067,0.749529,0.751939,0.749512,0.750725,-0.006097,0.979572,0.201000,-0.006098,0.979565,0.201036,-0.006204,0.979280,0.202414,9.672891,-1.156959,-0.007867,1,1,5.677092,0.006422,0,0
3.389997,-0.087967,295.553500,259.808600,1,1,1,1,2,2,0.751918,0.749365,0.751789,0.749407,0.750598,-0.006100,0.979572,0.201000,-0.006098,0.979565,0.201036,-0.006195,0.979304,0.202296,9.696704,-1.159494,-0.007895,1,1,5.692822,0.006025,0,0
3.399997,-0.088153,295.541900,259.864500,1,1,1,1,2,2,0.751735,0.749229,0.751609,0.749219,0.750414,-0.006096,0.979577,0.200975,-0.006098,0.979565,0.201036,-0.006187,0.979327,0.202187,9.723363,-1.161793,-0.007629,1,1,5.708536,0.008736,0,0
3.409997,-0.088338,295.530200,259.920500,1,1,1,1,2,2,0.751616,0.749084,0.751535,0.749063,0.750299,-0.006098,0.979562,0.201050,-0.006098,0.979565,0.201036,-0.006179,0.979347,0.202088,9.729728,-1.163828,-0.007046,1,1,5.724234,0.011389,0,0
3.419997,-0.088521,295.518600,259.976700,1,1,1,1,2,2,0.751444,0.748961,0.751385,0.748944,0.750164,-0.006099,0.979567,0.201025,-0.006098,0.979565,0.201036,-0.006172,0.979366,0.201998,9.736813,-1.165798,-0.006353,1,1,5.739920,0.011203,0,0
3.429997,-0.088703,295.506900,260.033100,1,1,1,1,2,2,0.751376,0.748856,0.751284,0.748842,0.750063,-0.006099,0.979567,0.201025,-0.006098,0.979565,0.201036,-0.006166,0.979383,0.201915,9.735124,-1.167697,-0.005546,1,1,5.755592,0.011017,0,0
3.439997,-0.088883,295.495200,260.089600,1,1,1,1,2,2,0.751283,0.748766,0.751209,0.748755,0.749982,-0.006097,0.979572,0.201000,-0.006098,0.979565,0.201036,-0.006160,0.979399,0.201839,9.729095,-1.169611,-0.004718,1,1,5.771253,0.010831,0,0
3.449997,-0.089062,295.483500,260.146300,1,1,1,1,2,2,0.751117,0.748752,0.751104,0.748674,0.749889,-0.006098,0.979572,0.201000,-0.006098,0.979565,0.201036,-0.006155,0.979413,0.201770,9.725844,-1.171581,-0.003914,1,1,5.786902,0.010646,0,0
3.459997,-0.089240,295.471700,260.203100,1,1,1,1,2,2,0.751118,0.748677,0.751041,0.748600,0.749820,-0.006095,0.979553,0.201096,-0.006098,0.979565,0.201036,-0.006150,0.979426,0.201707,9.718267,-1.173582,-0.003110,1,1,5.802542,0.010461,0,0
3.469997,-0.089416,295.460000,260.260100,1,1,1,1,2,2,0.750969,0.748641,0.750885,0.748540,0.749712,-0.005983,0.979563,0.201051,-0.005983,0.979588,0.200925,-0.006135,0.979440,0.201640,9.720353,-1.175655,-0.002409,1,1,5.818172,0.010276,0,0
3.479997,-0.089590,295.448200,260.317200,1,1,1,1,2,2,0.750909,0.748482,0.750816,0.748480,0.749648,-0.005984,0.979593,0.200903,-0.005983,0.979588,0.200925,-0.006122,0.979453,0.201578,9.713187,-1.177707,-0.001655,1,1,5.833791,0.010190,0,0
3.489997,-0.089763,295.436400,260.374500,1,1,1,1,2,2,0.750849,0.748532,0.750741,0.748420,0.749581,-0.005983,0.979568,0.201025,-0.005983,0.979588,0.200925,-0.006110,0.979465,0.201522,9.707629,-1.179826,-0.000943,1,1,5.849400,0.010094,0,0
3.499997,-0.089935,295.424600,260.431900,1,1,1,1,2,2,0.750710,0.748502,0.750708,0.748408,0.749558,-0.005984,0.979593,0.200903,-0.005983,0.979588,0.200925,-0.006099,0.979475,0.201471,9.694686,-1.181999,-0.000260,1,1,5.865000,0.009991,0,0
3.509997,-0.090106,295.412800,260.489500,1,1,1,1,2,2,0.750759,0.748392,0.750681,0.748375,0.749528,-0.005984,0.979593,0.200903,-0.005983,0.979588,0.200925,-0.006089,0.979485,0.201424,9.685710,-1.184296,0.000319,1,1,5.880591,0.009882,0,0
3.519997,-0.090275,295.400900,260.547300,1,1,1,1,2,2,0.749902,0.747633,0.749831,0.747551,0.748691,-0.005986,0.979982,0.198997,-0.005986,0.979996,0.198926,-0.006081,0.979529,0.201209,9.849957,-1.186681,-0.000206,1,1,5.896174,0.009766,0,0
3.529997,-0.090443,295.389000,260.605200,1,1,1,1,2,2,0.749783,0.738090,0.749724,0.747415,0.748569,0.006117,0.982295,0.187242,-0.005907,0.980012,0.198850,-0.006066,0.979571,0.201006,9.842694,-1.187452,0.000976,1,1,5.911732,0.009645,0,0
3.539997,-0.090610,295.377100,260.663300,1,1,1,1,2,2,0.749708,0.747345,0.749649,0.747296,0.748472,-0.005905,0.980007,0.198875,-0.005907,0.980012,0.198850,-0.006052,0.979609,0.200820,9.830356,-1.188290,0.002184,1,1,5.927267,0.009589,0,0
3.549997,-0.090775,295.365200,260.721500,1,1,1,1,2,2,0.749618,0.747251,0.749544,0.747191,0.748368,-0.005909,0.980012,0.198850,-0.005907,0.980012,0.198850,-0.006039,0.979644,0.200650,9.820171,-1.189246,0.003359,1,1,5.942780,0.009521,0,0
3.559997,-0.090939,295.353300,260.779900,1,1,1,1,2,2,0.749562,0.747239,0.749505,0.747143,0.748324,-0.005906,0.980012,0.198850,-0.005907,0.980012,0.198850,-0.006028,0.979675,0.200495,9.799409,-1.190298,0.004514,1,1,5.958273,0.009444,0,0
3.569997,-0.091102,295.341400,260.838400,1,1,1,1,2,2,0.749529,0.747195,0.749469,0.747146,0.748308,-0.005906,0.980007,0.198875,-0.005907,0.980012,0.198850,-0.006018,0.979704,0.200354,9.777072,-1.191551,0.005538,1,1,5.973746,0.009359,0,0
3.579997,-0.091264,295.329500,260.897100,1,1,1,1,2,2,0.749514,0.747165,0.749454,0.747119,0.748287,-0.005908,0.980007,0.198875,-0.005907,0.980012,0.198850,-0.006008,0.979731,0.200224,9.759365,-1.193019,0.006407,1,1,5.989202,0.008896,0,0
3.589997,-0.091424,295.317600,260.956000,1,1,1,1,2,2,0.749529,0.747165,0.749475,0.747116,0.748296,-0.005907,0.980007,0.198875,-0.005907,0.980012,0.198850,-0.005999,0.979755,0.200106,9.739091,-1.194658,0.007163,1,1,6.004642,0.008797,0,0
3.599997,-0.091583,295.305600,261.015000,1,1,1,1,2,2,0.749576,0.747002,0.749484,0.747122,0.748303,-0.005907,0.979992,0.198948,-0.005907,0.980012,0.198850,-0.005991,0.979777,0.199998,9.722676,-1.196494,0.007774,1,1,6.020065,0.011752,0,0
3.609997,-0.091740,295.293600,261.074100,1,1,1,1,2,2,0.749492,0.747161,0.749499,0.747116,0.748308,-0.005908,0.980012,0.198850,-0.005907,0.980012,0.198850,-0.005984,0.979798,0.199899,9.709568,-1.198487,0.008274,1,1,6.035473,0.011571,0,0
3.619997,-0.091896,295.281600,261.133400,1,1,1,1,2,2,0.749592,0.747177,0.749544,0.747161,0.748353,-0.005911,0.979997,0.198925,-0.005907,0.980012,0.198850,-0.005977,0.979816,0.199809,9.691212,-1.200607,0.008693,1,1,6.050868,0.011388,0,0
3.629997,-0.092050,295.269600,261.192800,1,1,1,1,2,2,0.749618,0.747255,0.749574,0.747206,0.748390,-0.005905,0.980007,0.198875,-0.005907,0.980012,0.198850,-0.005971,0.979833,0.199726,9.677658,-1.202904,0.008972,1,1,6.066250,0.011204,0,0
3.639997,-0.092203,295.257500,261.252400,1,1,1,1,2,2,0.749696,0.747281,0.749607,0.747236,0.748421,-0.005905,0.980017,0.198826,-0.005907,0.980012,0.198850,-0.005966,0.979848,0.199651,9.667522,-1.205332,0.009158,1,1,6.081620,0.011020,0,0
3.649997,-0.092354,295.245500,261.312200,1,1,1,1,2,2,0.749645,0.747293,0.749634,0.747266,0.748450,-0.005906,0.980002,0.198900,-0.005907,0.980012,0.198850,-0.005961,0.979863,0.199582,9.659512,-1.207858,0.009279,1,1,6.096978,0.010835,0,0
3.659997,-0.092503,295.233300,261.372100,1,1,1,1,2,2,0.749738,0.747371,0.749664,0.747311,0.748487,-0.005909,0.980012,0.198850,-0.005907,0.980012,0.198850,-0.005956,0.979875,0.199519,9.651011,-1.210460,0.009355,1,1,6.112325,0.010650,0,0
3.669997,-0.092651,295.221200,261.432200,1,1,1,1,2,2,0.749816,0.747397,0.749724,0.747370,0.748547,-0.005908,0.980022,0.198801,-0.005907,0.980012,0.198850,-0.005952,0.979887,0.199461,9.639786,-1.213144,0.009378,1,1,6.127662,0.010466,0,0
3.679997,-0.092798,295.209000,261.492400,1,1,1,1,2,2,0.749791,0.747490,0.749798,0.747451,0.748625,-0.005908,0.980012,0.198850,-0.005907,0.980012,0.198850,-0.005948,0.979898,0.199409,9.627402,-1.215936,0.009318,1,1,6.142988,0.009907,0,0
3.689997,-0.092943,295.196900,261.552700,1,1,1,1,2,2,0.749914,0.747502,0.749873,0.747475,0.748674,-0.005908,0.980012,0.198850,-0.005907,0.980012,0.198850,-0.005944,0.979908,0.199360,9.622567,-1.218848,0.009160,1,1,6.158306,0.009725,0,0
3.699997,-0.093087,295.184700,261.613300,1,1,1,1,2,2,0.750011,0.747610,0.749963,0.747547,0.748755,-0.005907,0.980007,0.198875,-0.005907,0.980012,0.198850,-0.005941,0.979917,0.199316,9.612660,-1.221805,0.008978,1,1,6.173614,0.012758,0,0
3.709997,-0.093228,295.172400,261.673900,1,1,1,1,2,2,0.750115,0.747718,0.750038,0.747625,0.748831,-0.005906,0.980022,0.198801,-0.005907,0.980012,0.198850,-0.005938,0.979925,0.199276,9.605465,-1.224858,0.008720,1,1,6.188914,0.012502,0,0
3.719997,-0.093368,295.160200,261.734700,1,1,1,1,2,2,0.750094,0.747760,0.750068,0.747684,0.748876,-0.005906,0.980007,0.198875,-0.005907,0.980012,0.198850,-0.005935,0.979933,0.199240,9.605205,-1.227980,0.008410,1,1,6.204206,0.012250,0,0
3.729997,-0.093506,295.147900,261.795700,1,1,1,1,2,2,0.750217,0.747660,0.750157,0.747759,0.748958,-0.005907,0.979987,0.198973,-0.005907,0.980012,0.198850,-0.005933,0.979939,0.199206,9.597803,-1.231103,0.008117,1,1,6.219490,0.012003,0,0
3.739997,-0.093643,295.135500,261.856800,1,1,1,1,2,2,0.750287,0.747913,0.750247,0.747840,0.749044,-0.005908,0.980012,0.198850,-0.005907,0.980012,0.198850,-0.005931,0.979946,0.199175,9.591280,-1.234298,0.007767,1,1,6.234766,0.011760,0,0
3.749997,-0.093778,295.123100,261.918100,1,1,1,1,2,2,0.750340,0.747939,0.750277,0.747879,0.749078,-0.005907,0.980007,0.198875,-0.005907,0.980012,0.198850,-0.005929,0.979951,0.199147,9.595152,-1.237555,0.007367,1,1,6.250035,0.011522,0,0
3.759997,-0.093911,295.110700,261.979500,1,1,1,1,2,2,0.750370,0.747969,0.750322,0.747909,0.749115,-0.005908,0.980007,0.198875,-0.005907,0.980012,0.198850,-0.005927,0.979957,0.199122,9.597128,-1.240773,0.007020,1,1,6.265298,0.011288,0,0
3.769997,-0.094043,295.098300,262.041000,1,1,1,1,2,2,0.750444,0.747962,0.750352,0.747954,0.749153,-0.005907,0.980017,0.198826,-0.005907,0.980012,0.198850,-0.005925,0.979962,0.199098,9.598289,-1.243970,0.006707,1,1,6.280554,0.011059,0,0
3.779997,-0.094173,295.085800,262.102800,1,1,1,1,2,2,0.750441,0.748011,0.750397,0.748013,0.749205,-0.005909,0.980007,0.198875,-0.005907,0.980012,0.198850,-0.005923,0.979966,0.199077,9.596159,-1.247154,0.006417,1,1,6.295805,0.010834,0,0
3.789997,-0.094301,295.073300,262.164600,1,1,1,1,2,2,0.750486,0.748088,0.750426,0.748028,0.749227,-0.005908,0.980012,0.198850,-0.005907,0.980012,0.198850,-0.005922,0.979970,0.199057,9.599652,-1.250359,0.006117,1,1,6.311048,0.010614,0,0
3.799997,-0.094428,295.060700,262.226600,1,1,1,1,2,2,0.750563,0.748133,0.750471,0.748079,0.749275,-0.005906,0.980017,0.198826,-0.005907,0.980012,0.198850,-0.005921,0.979974,0.199039,9.597444,-1.253528,0.005862,1,1,6.326285,0.010398,0,0
3.809997,-0.094554,295.048200,262.288800,1,1,1,1,2,2,0.750560,0.748178,0.750501,0.748118,0.749310,-0.005906,0.980012,0.198850,-0.005907,0.980012,0.198850,-0.005920,0.979977,0.199023,9.597981,-1.256717,0.005595,1,1,6.341517,0.010185,0,0
3.819997,-0.094677,295.035600,262.351100,1,1,1,1,2,2,0.750605,0.748208,0.750567,0.748151,0.749359,-0.005908,0.980012,0.198850,-0.005907,0.980012,0.198850,-0.005918,0.979980,0.199008,9.595456,-1.259900,0.005341,1,1,6.356743,0.009977,0,0
3.829997,-0.094800,295.022900,262.413600,1,1,1,1,2,2,0.750683,0.748125,0.750582,0.748208,0.749395,-0.005905,0.980037,0.198728,-0.005907,0.980012,0.198850,-0.005917,0.979983,0.198994,9.595801,-1.263107,0.005070,1,1,6.371963,0.009773,0,0
3.839997,-0.094921,295.010300,262.476200,1,1,1,1,2,2,0.750680,0.748298,0.750606,0.748226,0.749416,-0.005906,0.980012,0.198850,-0.005907,0.980012,0.198850,-0.005917,0.979985,0.198982,9.598566,-1.266309,0.004810,1,1,6.387178,0.009573,0,0
3.849997,-0.095040,294.997600,262.538900,1,1,1,1,2,2,0.750725,0.748331,0.750654,0.748268,0.749461,-0.005907,0.980007,0.198875,-0.005907,0.980012,0.198850,-0.005916,0.979988,0.198971,9.596159,-1.269484,0.004584,1,1,6.402388,0.009378,0,0
3.859997,-0.095158,294.984800,262.601800,1,1,1,1,2,2,0.750755,0.748358,0.750681,0.748298,0.749489,-0.005907,0.980012,0.198850,-0.005907,0.980012,0.198850,-0.005915,0.979990,0.198960,9.597176,-1.272681,0.004340,1,1,6.417592,0.009186,0,0
3.869997,-0.095275,294.972100,262.664900,1,1,1,1,2,2,0.750785,0.748229,0.750740,0.748357,0.749549,-0.005906,0.979987,0.198973,-0.005907,0.980012,0.198850,-0.005914,0.979992,0.198951,9.592143,-1.275866,0.004111,1,1,6.432792,0.008608,0,0
3.879997,-0.095390,294.959300,262.728100,1,1,1,1,2,2,0.750830,0.748465,0.750770,0.748387,0.749579,-0.005908,0.980017,0.198826,-0.005907,0.980012,0.198850,-0.005914,0.979994,0.198942,9.593614,-1.279101,0.003838,1,1,6.447986,0.008424,0,0
3.889997,-0.095504,294.946500,262.791400,1,1,1,1,2,2,0.750878,0.748477,0.750800,0.748387,0.749594,-0.005909,0.980007,0.198875,-0.005907,0.980012,0.198850,-0.005913,0.979995,0.198934,9.597294,-1.282319,0.003583,1,1,6.463174,0.011759,0,0
3.899997,-0.095615,294.933600,262.854900,1,1,1,1,2,2,0.750904,0.748507,0.750890,0.748438,0.749664,-0.005906,0.980012,0.198850,-0.005907,0.980012,0.198850,-0.005912,0.979997,0.198927,9.589975,-1.285501,0.003370,1,1,6.478358,0.011499,0,0
3.909997,-0.095726,294.920700,262.918500,1,1,1,1,2,2,0.750934,0.748537,0.750875,0.748495,0.749685,-0.005907,0.980012,0.198850,-0.005907,0.980012,0.198850,-0.005912,0.979998,0.198920,9.593281,-1.288753,0.003088,1,1,6.493537,0.011246,0,0
3.919997,-0.095834,294.907800,262.982300,1,1,1,1,2,2,0.751012,0.748567,0.750911,0.748507,0.749709,-0.005908,0.980017,0.198826,-0.005907,0.980012,0.198850,-0.005911,0.979999,0.198914,9.595122,-1.291972,0.002842,1,1,6.508711,0.010999,0,0
3.929997,-0.095941,294.894900,263.046300,1,1,1,1,2,2,0.750990,0.748597,0.750935,0.748567,0.749751,-0.005908,0.980017,0.198826,-0.005907,0.980012,0.198850,-0.005911,0.980000,0.198908,9.593212,-1.295171,0.002618,1,1,6.523880,0.010759,0,0
3.939997,-0.096046,294.881900,263.110400,1,1,1,1,2,2,0.751024,0.748563,0.750983,0.748582,0.749782,-0.005908,0.979963,0.199095,-0.005907,0.980012,0.198850,-0.005911,0.980001,0.198903,9.593555,-1.298389,0.002378,1,1,6.539044,0.010524,0,0
3.949997,-0.096150,294.868900,263.174600,1,1,1,1,2,2,0.751039,0.748675,0.750980,0.748582,0.749781,-0.005910,0.980017,0.198826,-0.005907,0.980012,0.198850,-0.005910,0.980002,0.198899,9.599690,-1.301602,0.002145,1,1,6.554204,0.010294,0,0
3.959997,-0.096252,294.855800,263.239000,1,1,1,1,2,2,0.751054,0.748657,0.750980,0.748582,0.749781,-0.005907,0.980012,0.198850,-0.005907,0.980012,0.198850,-0.005910,0.980003,0.198895,9.603949,-1.304754,0.001975,1,1,6.569359,0.010071,0,0
3.969997,-0.096353,294.842700,263.303500,1,1,1,1,2,2,0.751054,0.748657,0.750995,0.748612,0.749803,-0.005905,0.980012,0.198850,-0.005907,0.980012,0.198850,-0.005910,0.980004,0.198891,9.603049,-1.307864,0.001850,1,1,6.584509,0.009853,0,0
3.979997,-0.096452,294.829600,263.368200,1,1,1,1,2,2,0.751054,0.748657,0.750995,0.748597,0.749796,-0.005905,0.980012,0.198850,-0.005907,0.980012,0.198850,-0.005910,0.980005,0.198887,9.607706,-1.310982,0.001718,1,1,6.599655,0.009640,0,0
3.989997,-0.096550,294.816500,263.433000,1,1,1,1,2,2,0.751054,0.748657,0.750980,0.748618,0.749799,-0.005908,0.980012,0.198850,-0.005907,0.980012,0.198850,-0.005909,0.980005,0.198884,9.609240,-1.314053,0.001634,1,1,6.614796,0.009432,0,0
3.999997,-0.096646,294.803300,263.498000,1,1,1,1,2,2,0.751054,0.748609,0.751016,0.748612,0.749814,-0.005909,0.980007,0.198875,-0.005907,0.980012,0.198850,-0.005909,0.980006,0.198881,9.608210,-1.317108,0.001568,1,1,6.629932,0.009229,0,0
4.009997,-0.096741,294.790100,263.563100,1,1,1,1,2,2,0.751054,0.748657,0.751001,0.748612,0.749806,-0.005909,0.980012,0.198850,-0.005907,0.980012,0.198850,-0.005909,0.980007,0.198878,9.611431,-1.320172,0.001493,1,1,6.645064,0.009031,0,0
4.019997,-0.096834,294.776800,263.628400,1,1,1,1,2,2,0.751054,0.748657,0.751031,0.748612,0.749821,-0.005907,0.980012,0.198850,-0.005907,0.980012,0.198850,-0.005909,0.980007,0.198876,9.609787,-1.323204,0.001452,1,1,6.660192,0.008838,0,0
4.029997,-0.096926,294.763500,263.693800,1,1,1,1,2,2,0.751058,0.748660,0.751016,0.748612,0.749814,-0.005909,0.980002,0.198900,-0.005907,0.980012,0.198850,-0.005909,0.980008,0.198874,9.612541,-1.326251,0.001395,1,1,6.675314,0.008649,0,0
4.039998,-0.097016,294.750200,263.759400,1,1,1,1,2,2,0.751054,0.748657,0.751010,0.748618,0.749814,-0.005907,0.980012,0.198850,-0.005907,0.980012,0.198850,-0.005908,0.980008,0.198871,9.613233,-1.329270,0.001368,1,1,6.690433,0.008464,0,0
4.049998,-0.097106,294.736900,263.825100,1,1,1,1,2,2,0.751054,0.748609,0.750986,0.748612,0.749799,-0.005907,0.980007,0.198875,-0.005907,0.980012,0.198850,-0.005908,0.980008,0.198870,9.616419,-1.332281,0.001348,1,1,6.705546,0.008284,0,0
4.059998,-0.097193,294.723500,263.891000,1,1,1,1,2,2,0.751058,0.748657,0.750980,0.748612,0.749796,-0.005908,0.980007,0.198875,-0.005907,0.980012,0.198850,-0.005908,0.980009,0.198868,9.616635,-1.335261,0.001362,1,1,6.720655,0.008107,0,0
4.069998,-0.097280,294.710100,263.957000,1,1,1,1,2,2,0.751006,0.748613,0.751007,0.748567,0.749787,-0.005910,0.979997,0.198925,-0.005907,0.980012,0.198850,-0.005908,0.980009,0.198866,9.617845,-1.338237,0.001378,1,1,6.735760,0.007935,0,0
4.079998,-0.097365,294.696700,264.023100,1,1,1,1,2,2,0.751065,0.748687,0.751010,0.748612,0.749811,-0.005906,0.980017,0.198826,-0.005907,0.980012,0.198850,-0.005908,0.980009,0.198865,9.612797,-1.341201,0.001408,1,1,6.750860,0.007767,0,0
4.089999,-0.097449,294.683300,264.089400,1,1,1,1,2,2,0.751099,0.748623,0.751028,0.748641,0.749835,-0.005904,0.979963,0.199095,-0.005907,0.980012,0.198850,-0.005908,0.980010,0.198864,9.608991,-1.344213,0.001387,1,1,6.765956,0.007197,0,0
4.099999,-0.097532,294.669900,264.155900,1,1,1,1,2,2,0.751147,0.748717,0.751072,0.748663,0.749867,-0.005908,0.980007,0.198875,-0.005907,0.980012,0.198850,-0.005908,0.980010,0.198862,9.604507,-1.347261,0.001330,1,1,6.781048,0.007037,0,0
4.109999,-0.097613,294.656400,264.222500,1,1,1,1,2,2,0.759722,0.748746,0.751133,0.748701,0.749917,0.000918,0.981345,0.192252,-0.005890,0.980016,0.198834,-0.005906,0.980010,0.198860,9.598383,-1.350353,0.001219,1,1,6.796134,0.010756,0,0
4.119999,-0.097692,294.642800,264.289300,1,1,1,1,2,2,0.751188,0.748746,0.751127,0.748674,0.749901,-0.005889,0.980022,0.198801,-0.005890,0.980016,0.198834,-0.005905,0.980011,0.198858,9.605598,-1.353503,0.001048,1,1,6.811216,0.010524,0,0
4.130000,-0.097770,294.629200,264.356200,1,1,1,1,2,2,0.751144,0.748576,0.751112,0.748677,0.749895,-0.005892,0.979982,0.198997,-0.005890,0.980016,0.198834,-0.005904,0.980011,0.198856,9.609111,-1.356582,0.000951,1,1,6.826293,0.010297,0,0
4.140000,-0.097846,294.615600,264.423200,1,1,1,1,2,2,0.751144,0.748761,0.751097,0.748689,0.749893,-0.005890,0.980022,0.198801,-0.005890,0.980016,0.198834,-0.005902,0.980012,0.198854,9.610921,-1.359626,0.000890,1,1,6.841365,0.010076,0,0
4.150000,-0.097920,294.602000,264.490400,1,1,1,1,2,2,0.751129,0.748717,0.751094,0.748671,0.749883,-0.005891,0.980012,0.198850,-0.005890,0.980016,0.198834,-0.005901,0.980012,0.198852,9.613864,-1.362651,0.000848,1,1,6.856433,0.009860,0,0
4.160000,-0.097994,294.588300,264.557800,1,1,1,1,2,2,0.751941,0.749528,0.751837,0.749468,0.750652,-0.005892,0.980269,0.197580,-0.005892,0.980258,0.197635,-0.005901,0.980033,0.198747,9.493879,-1.365646,0.000113,1,1,6.871497,0.009648,0,0
4.170001,-0.098065,294.574600,264.625200,1,1,1,1,2,2,0.751836,0.749442,0.751723,0.749318,0.750521,-0.005929,0.980264,0.197604,-0.005926,0.980251,0.197668,-0.005903,0.980052,0.198654,9.564114,-1.369814,-0.001742,1,1,6.886546,0.009443,0,0
4.180001,-0.098135,294.560900,264.692900,1,1,1,1,2,2,0.751761,0.749333,0.751678,0.749247,0.750462,-0.005926,0.980269,0.197580,-0.005926,0.980251,0.197668,-0.005905,0.980069,0.198570,9.602281,-1.373292,-0.002842,1,1,6.901581,0.009215,0,0
4.190001,-0.098203,294.547100,264.760700,1,1,1,1,2,2,0.751675,0.749085,0.751544,0.749145,0.750344,-0.005926,0.980239,0.197727,-0.005926,0.980251,0.197668,-0.005907,0.980085,0.198492,9.640422,-1.376393,-0.003510,1,1,6.916604,0.008994,0,0
4.200001,-0.098270,294.533400,264.828600,1,1,1,1,2,2,0.751563,0.748995,0.751454,0.749037,0.750246,-0.005925,0.980249,0.197677,-0.005926,0.980251,0.197668,-0.005908,0.980099,0.198421,9.664404,-1.379119,-0.003753,1,1,6.931614,0.008779,0,0
4.210001,-0.098336,294.519500,264.896700,1,1,1,1,2,2,0.751430,0.748887,0.751361,0.748944,0.750153,-0.005928,0.980244,0.197701,-0.005926,0.980251,0.197668,-0.005910,0.980112,0.198356,9.680306,-1.381607,-0.003716,1,1,6.946613,0.008572,0,0
4.220002,-0.098400,294.505700,264.964900,1,1,1,1,2,2,0.751370,0.748989,0.751328,0.748870,0.750099,-0.005924,0.980264,0.197604,-0.005926,0.980251,0.197668,-0.005911,0.980124,0.198297,9.684260,-1.383938,-0.003482,1,1,6.961601,0.008370,0,0
4.230002,-0.098463,294.491900,265.033300,1,1,1,1,2,2,0.751339,0.748977,0.751224,0.748810,0.750017,-0.005925,0.980279,0.197530,-0.005926,0.980251,0.197668,-0.005913,0.980135,0.198243,9.691491,-1.386228,-0.003174,1,1,6.976578,0.008175,0,0
4.240002,-0.098525,294.478000,265.101800,1,1,1,1,2,2,0.751283,0.748855,0.751179,0.748750,0.749964,-0.005924,0.980269,0.197580,-0.005926,0.980251,0.197668,-0.005914,0.980145,0.198193,9.690727,-1.388445,-0.002763,1,1,6.991546,0.007985,0,0
4.250002,-0.098585,294.464100,265.170500,1,1,1,1,2,2,0.751179,0.748795,0.751104,0.748690,0.749897,-0.005928,0.980259,0.197629,-0.005926,0.980251,0.197668,-0.005915,0.980154,0.198148,9.692134,-1.390669,-0.002330,1,1,7.006505,0.007802,0,0
4.260003,-0.098644,294.450100,265.239300,1,1,1,1,2,2,0.751131,0.748746,0.751063,0.748645,0.749854,-0.005910,0.980269,0.197579,-0.005910,0.980254,0.197652,-0.005914,0.980163,0.198106,9.688399,-1.392877,-0.001867,1,1,7.021455,0.007622,0,0
4.270003,-0.098702,294.436200,265.308300,1,1,1,1,2,2,0.751086,0.748720,0.751018,0.748600,0.749809,-0.005909,0.980264,0.197604,-0.005910,0.980254,0.197652,-0.005914,0.980171,0.198067,9.685295,-1.395121,-0.001417,1,1,7.036396,0.007462,0,0
4.280003,-0.098759,294.422200,265.377400,1,1,1,1,2,2,0.751103,0.748531,0.751006,0.748558,0.749782,-0.005908,0.980245,0.197702,-0.005910,0.980254,0.197652,-0.005914,0.980178,0.198031,9.679163,-1.397393,-0.000975,1,1,7.051329,0.007306,0,0
4.290003,-0.098814,294.408200,265.446700,1,1,1,1,2,2,0.751091,0.748487,0.750964,0.748573,0.749769,-0.005911,0.980249,0.197677,-0.005910,0.980254,0.197652,-0.005913,0.980184,0.197998,9.671600,-1.399724,-0.000573,1,1,7.066254,0.007152,0,0
4.300004,-0.098868,294.394200,265.516100,1,1,1,1,2,2,0.750547,0.748149,0.750483,0.748056,0.749270,-0.005913,0.980524,0.196308,-0.005911,0.980495,0.196454,-0.005913,0.980211,0.197865,9.771679,-1.402128,-0.000973,1,1,7.081171,0.007002,0,0
4.310004,-0.098921,294.380200,265.585600,1,1,1,1,2,2,0.750458,0.748095,0.750378,0.747963,0.749171,-0.005910,0.980524,0.196308,-0.005911,0.980495,0.196454,-0.005913,0.980236,0.197744,9.772718,-1.403548,-0.000295,1,1,7.096071,0.006858,0,0
4.320004,-0.098972,294.366100,265.655300,1,1,1,1,2,2,0.750350,0.747902,0.750283,0.747883,0.749083,-0.005947,0.980475,0.196553,-0.005946,0.980489,0.196487,-0.005916,0.980257,0.197636,9.769306,-1.404956,0.000486,1,1,7.110954,0.006716,0,0
4.330004,-0.099023,294.352100,265.725200,1,1,1,1,2,2,0.750308,0.747909,0.750238,0.747838,0.749038,-0.005945,0.980524,0.196308,-0.005946,0.980489,0.196487,-0.005918,0.980277,0.197537,9.757317,-1.406394,0.001297,1,1,7.125822,0.006549,0,0
4.340004,-0.099073,294.338000,265.795200,1,1,1,1,2,2,0.750278,0.747975,0.750205,0.747808,0.749006,-0.005944,0.980500,0.196431,-0.005946,0.980489,0.196487,-0.005921,0.980295,0.197446,9.744399,-1.407948,0.002047,1,1,7.140676,0.006387,0,0
4.350005,-0.099121,294.323900,265.865300,1,1,1,1,2,2,0.750248,0.747657,0.750163,0.747733,0.748948,-0.005947,0.980505,0.196406,-0.005946,0.980489,0.196487,-0.005923,0.980312,0.197364,9.738234,-1.409626,0.002721,1,1,7.155518,0.006231,0,0
4.360005,-0.099168,294.309800,265.935600,1,1,1,1,2,2,0.750237,0.747911,0.750169,0.747751,0.748960,-0.005944,0.980500,0.196431,-0.005946,0.980489,0.196487,-0.005925,0.980327,0.197288,9.719685,-1.411362,0.003382,1,1,7.170346,0.006080,0,0
4.370005,-0.099214,294.295700,266.006100,1,1,1,1,2,2,0.750218,0.747697,0.750139,0.747751,0.748945,-0.005947,0.980500,0.196431,-0.005946,0.980489,0.196487,-0.005927,0.980341,0.197219,9.709503,-1.413279,0.003902,1,1,7.185163,0.005934,0,0
4.380005,-0.099259,294.281500,266.076700,1,1,1,1,2,2,0.750218,0.747885,0.750121,0.747703,0.748912,-0.005945,0.980500,0.196431,-0.005946,0.980489,0.196487,-0.005928,0.980354,0.197156,9.704063,-1.415293,0.004362,1,1,7.199968,0.005792,0,0
4.390006,-0.099303,294.267300,266.147400,1,1,1,1,2,2,0.750218,0.747613,0.750178,0.747715,0.748946,-0.005945,0.980495,0.196455,-0.005946,0.980489,0.196487,-0.005930,0.980365,0.197099,9.686897,-1.417359,0.004805,1,1,7.214762,0.005656,0,0
4.400006,-0.099346,294.253100,266.218300,1,1,1,1,2,2,0.750248,0.747915,0.750133,0.747748,0.748940,-0.005946,0.980500,0.196431,-0.005946,0.980489,0.196487,-0.005931,0.980376,0.197046,9.680435,-1.419591,0.005111,1,1,7.229547,0.005523,0,0
4.410006,-0.099388,294.238900,266.289300,1,1,1,1,2,2,0.750248,0.747690,0.750190,0.747748,0.748969,-0.005945,0.980500,0.196431,-0.005946,0.980489,0.196487,-0.005932,0.980386,0.196998,9.668587,-1.421886,0.005384,1,1,7.244321,0.005394,0,0
4.420006,-0.099429,294.224700,266.360500,1,1,1,1,2,2,0.750267,0.747849,0.750190,0.747778,0.748984,-0.005946,0.980519,0.196333,-0.005946,0.980489,0.196487,-0.005933,0.980394,0.196954,9.661392,-1.424295,0.005568,1,1,7.259086,0.005269,0,0
4.430007,-0.099469,294.210400,266.431800,1,1,1,1,2,2,0.750278,0.747960,0.750208,0.747781,0.748994,-0.005944,0.980500,0.196431,-0.005946,0.980489,0.196487,-0.005934,0.980403,0.196914,9.656145,-1.426772,0.005706,1,1,7.273842,0.005148,0,0
4.440007,-0.099508,294.196100,266.503300,1,1,1,1,2,2,0.750308,0.747912,0.750223,0.747826,0.749024,-0.005945,0.980519,0.196333,-0.005946,0.980489,0.196487,-0.005935,0.980410,0.196877,9.648086,-1.429300,0.005815,1,1,7.288589,0.005031,0,0
4.450007,-0.099545,294.181800,266.574900,1,1,1,1,2,2,0.750353,0.747780,0.750289,0.747874,0.749081,-0.005945,0.980500,0.196431,-0.005946,0.980489,0.196487,-0.005936,0.980417,0.196843,9.636621,-1.431906,0.005867,1,1,7.303329,0.004917,0,0
4.460007,-0.099582,294.167400,266.646700,1,1,1,1,2,2,0.750401,0.747969,0.750310,0.747915,0.749113,-0.005943,0.980519,0.196333,-0.005946,0.980489,0.196487,-0.005937,0.980423,0.196813,9.632097,-1.434622,0.005824,1,1,7.318060,0.004806,0,0
4.470007,-0.099618,294.153100,266.718600,1,1,1,1,2,2,0.750428,0.748109,0.750328,0.747927,0.749127,-0.005946,0.980500,0.196431,-0.005946,0.980489,0.196487,-0.005938,0.980429,0.196785,9.631199,-1.437382,0.005755,1,1,7.332784,0.004274,0,0
4.480008,-0.099652,294.138700,266.790600,1,1,1,1,2,2,0.750454,0.748121,0.750402,0.747945,0.749174,-0.005944,0.980510,0.196382,-0.005946,0.980489,0.196487,-0.005938,0.980434,0.196759,9.624425,-1.440148,0.005694,1,1,7.347500,0.004169,0,0
4.490008,-0.099686,294.124200,266.862800,1,1,1,1,2,2,0.750506,0.748154,0.750402,0.747993,0.749198,-0.005946,0.980495,0.196455,-0.005946,0.980489,0.196487,-0.005939,0.980438,0.196735,9.622991,-1.442980,0.005581,1,1,7.362208,0.008589,0,0
4.500008,-0.099717,294.109800,266.935200,1,1,1,1,2,2,0.750517,0.748025,0.750459,0.748017,0.749238,-0.005946,0.980475,0.196553,-0.005946,0.980489,0.196487,-0.005940,0.980443,0.196714,9.618588,-1.445825,0.005468,1,1,7.376910,0.008384,0,0
4.510008,-0.099748,294.095300,267.007600,1,1,1,1,2,2,0.750591,0.748055,0.750483,0.748038,0.749261,-0.005943,0.980485,0.196504,-0.005946,0.980489,0.196487,-0.005940,0.980447,0.196694,9.618195,-1.448711,0.005324,1,1,7.391604,0.008184,0,0
4.520009,-0.099777,294.080700,267.080300,1,1,1,1,2,2,0.750577,0.748244,0.750507,0.748062,0.749285,-0.005946,0.980500,0.196431,-0.005946,0.980489,0.196487,-0.005941,0.980450,0.196677,9.617311,-1.451600,0.005188,1,1,7.406293,0.007990,0,0
4.530009,-0.099804,294.066200,267.153000,1,1,1,1,2,2,0.750607,0.748174,0.750537,0.748110,0.749323,-0.005946,0.980529,0.196284,-0.005946,0.980489,0.196487,-0.005941,0.980454,0.196660,9.613683,-1.454497,0.005054,1,1,7.420975,0.007801,0,0
4.540009,-0.099830,294.051600,267.226000,1,1,1,1,2,2,0.750637,0.748208,0.750537,0.748125,0.749331,-0.005943,0.980524,0.196308,-0.005946,0.980489,0.196487,-0.005941,0.980457,0.196645,9.616362,-1.457428,0.004894,1,1,7.435650,0.007618,0,0
4.550009,-0.099855,294.037000,267.299000,1,1,1,1,2,2,0.750667,0.748274,0.750597,0.748152,0.749374,-0.005943,0.980524,0.196308,-0.005946,0.980489,0.196487,-0.005942,0.980459,0.196632,9.611668,-1.460331,0.004771,1,1,7.450320,0.007440,0,0
4.560009,-0.099879,294.022400,267.372200,1,1,1,1,2,2,0.750716,0.748205,0.750627,0.748203,0.749415,-0.005945,0.980470,0.196577,-0.005946,0.980489,0.196487,-0.005942,0.980462,0.196619,9.608473,-1.463279,0.004609,1,1,7.464983,0.007267,0,0
4.570010,-0.099901,294.007700,267.445600,1,1,1,1,2,2,0.750757,0.748218,0.750705,0.748227,0.749466,-0.005944,0.980470,0.196577,-0.005946,0.980489,0.196487,-0.005942,0.980464,0.196608,9.603992,-1.466258,0.004422,1,1,7.479641,0.007099,0,0
4.580010,-0.099922,293.993000,267.519000,1,1,1,1,2,2,0.750769,0.748373,0.750732,0.748316,0.749524,-0.005944,0.980519,0.196333,-0.005946,0.980489,0.196487,-0.005943,0.980466,0.196597,9.599113,-1.469280,0.004198,1,1,7.494293,0.006935,0,0
4.590010,-0.099942,293.978300,267.592700,1,1,1,1,2,2,0.750847,0.748418,0.750761,0.748346,0.749554,-0.005942,0.980524,0.196308,-0.005946,0.980489,0.196487,-0.005943,0.980468,0.196588,9.600405,-1.472348,0.003932,1,1,7.508938,0.006775,0,0
4.600010,-0.099960,293.963600,267.666400,1,1,1,1,2,2,0.750939,0.748558,0.750812,0.748376,0.749594,-0.005944,0.980505,0.196406,-0.005946,0.980489,0.196487,-0.005943,0.980470,0.196579,9.599340,-1.475402,0.003684,1,1,7.523579,0.006621,0,0
4.610011,-0.099977,293.948800,267.740400,1,1,1,1,2,2,0.750936,0.748511,0.750851,0.748436,0.749644,-0.005944,0.980519,0.196333,-0.005946,0.980489,0.196487,-0.005943,0.980471,0.196571,9.596772,-1.478466,0.003432,1,1,7.538213,0.006469,0,0
4.620011,-0.099993,293.934000,267.814400,1,1,1,1,2,2,0.750963,0.748474,0.750896,0.748487,0.749691,-0.005943,0.980480,0.196528,-0.005946,0.980489,0.196487,-0.005944,0.980473,0.196564,9.595009,-1.481554,0.003159,1,1,7.552843,0.006322,0,0
4.630011,-0.100008,293.919200,267.888600,1,1,1,1,2,2,0.751026,0.748633,0.750956,0.748496,0.749726,-0.005945,0.980524,0.196308,-0.005946,0.980489,0.196487,-0.005944,0.980474,0.196557,9.595971,-1.484658,0.002873,1,1,7.567467,0.006179,0,0
4.640011,-0.100021,293.904300,267.963000,1,1,1,1,2,2,0.751026,0.748725,0.750974,0.748496,0.749735,-0.005943,0.980505,0.196406,-0.005946,0.980489,0.196487,-0.005944,0.980475,0.196551,9.601169,-1.487751,0.002601,1,1,7.582085,0.006039,0,0
4.650012,-0.100033,293.889400,268.037500,1,1,1,1,2,2,0.751026,0.748550,0.750947,0.748526,0.749736,-0.005945,0.980519,0.196333,-0.005946,0.980489,0.196487,-0.005944,0.980477,0.196546,9.606323,-1.490793,0.002384,1,1,7.596698,0.005903,0,0
4.660012,-0.100045,293.874500,268.112100,1,1,1,1,2,2,0.751056,0.748580,0.750971,0.748556,0.749763,-0.005945,0.980519,0.196333,-0.005946,0.980489,0.196487,-0.005944,0.980478,0.196541,9.605516,-1.493783,0.002223,1,1,7.611306,0.005770,0,0
4.670012,-0.100054,293.859500,268.186900,1,1,1,1,2,2,0.751086,0.748547,0.751022,0.748601,0.749811,-0.005945,0.980470,0.196577,-0.005946,0.980489,0.196487,-0.005944,0.980479,0.196536,9.601068,-1.496780,0.002057,1,1,7.625909,0.005641,0,0
4.680012,-0.100063,293.844500,268.261800,1,1,1,1,2,2,0.751116,0.748639,0.751076,0.748616,0.749846,-0.005946,0.980519,0.196333,-0.005946,0.980489,0.196487,-0.005944,0.980479,0.196532,9.600074,-1.499820,0.001849,1,1,7.640506,0.005515,0,0
4.690012,-0.100071,293.829500,268.336900,1,1,1,1,2,2,0.751146,0.748669,0.751076,0.748631,0.749853,-0.005948,0.980519,0.196333,-0.005946,0.980489,0.196487,-0.005944,0.980480,0.196528,9.604113,-1.502868,0.001634,1,1,7.655098,0.005391,0,0
4.700013,-0.100077,293.814500,268.412100,1,1,1,1,2,2,0.751176,0.748699,0.751076,0.748649,0.749862,-0.005945,0.980519,0.196333,-0.005946,0.980489,0.196487,-0.005945,0.980481,0.196524,9.606797,-1.505875,0.001462,1,1,7.669686,0.005270,0,0
4.710013,-0.100083,293.799400,268.487400,1,1,1,1,2,2,0.751162,0.748699,0.751120,0.748676,0.749898,-0.005944,0.980465,0.196602,-0.005946,0.980489,0.196487,-0.005945,0.980482,0.196521,9.603903,-1.508855,0.001320,1,1,7.684268,0.005153,0,0
4.720013,-0.100087,293.784300,268.562900,1,1,1,1,2,2,0.751249,0.748710,0.751138,0.748705,0.749922,-0.005944,0.980490,0.196479,-0.005946,0.980489,0.196487,-0.005945,0.980482,0.196518,9.603847,-1.511863,0.001150,1,1,7.698844,0.005038,0,0
4.730013,-0.100090,293.769100,268.638500,1,1,1,1,2,2,0.751236,0.748744,0.751150,0.748735,0.749943,-0.005946,0.980475,0.196553,-0.005946,0.980489,0.196487,-0.005945,0.980483,0.196515,9.604286,-1.514870,0.000982,1,1,7.713416,0.004926,0,0
4.740014,-0.100092,293.754000,268.714300,1,1,1,1,2,2,0.751218,0.748663,0.751183,0.748735,0.749959,-0.005944,0.980495,0.196455,-0.005946,0.980489,0.196487,-0.005945,0.980483,0.196513,9.605383,-1.517872,0.000819,1,1,7.727983,0.004817,0,0
4.750014,-0.100093,293.738800,268.790300,1,1,1,1,2,2,0.751266,0.748836,0.751195,0.748750,0.749973,-0.005945,0.980524,0.196308,-0.005946,0.980489,0.196487,-0.005945,0.980484,0.196511,9.606712,-1.520862,0.000670,1,1,7.742545,0.004710,0,0
4.760014,-0.100093,293.723500,268.866300,1,1,1,1,2,2,0.751295,0.748693,0.751225,0.748786,0.750006,-0.005946,0.980500,0.196431,-0.005946,0.980489,0.196487,-0.005945,0.980484,0.196509,9.604163,-1.523838,0.000535,1,1,7.757102,0.004606,0,0
4.770014,-0.100092,293.708300,268.942500,1,1,1,1,2,2,0.751295,0.748819,0.751213,0.748765,0.749989,-0.005945,0.980519,0.196333,-0.005946,0.980489,0.196487,-0.005945,0.980485,0.196507,9.611085,-1.526838,0.000376,1,1,7.771653,0.004505,0,0
4.780015,-0.100090,293.693000,269.018900,1,1,1,1,2,2,0.751295,0.748800,0.751225,0.748765,0.749995,-0.005946,0.980480,0.196528,-0.005946,0.980489,0.196487,-0.005945,0.980485,0.196505,9.612226,-1.529769,0.000288,1,1,7.786200,0.004405,0,0
4.790015,-0.100087,293.677700,269.095300,1,1,1,1,2,2,0.751358,0.748818,0.751255,0.748795,0.750025,-0.005946,0.980480,0.196528,-0.005946,0.980489,0.196487,-0.005945,0.980485,0.196503,9.608741,-1.532688,0.000212,1,1,7.800741,0.004308,0,0
4.800015,-0.100082,293.662300,269.172000,1,1,1,1,2,2,0.751325,0.748977,0.751225,0.748810,0.750018,-0.005947,0.980500,0.196431,-0.005946,0.980489,0.196487,-0.005945,0.980485,0.196502,9.612833,-1.535641,0.000103,1,1,7.815278,0.004213,0,0
4.810015,-0.100077,293.646900,269.248700,1,1,1,1,2,2,0.751166,0.748849,0.751098,0.748816,0.749957,-0.006053,0.980494,0.196455,-0.006055,0.980467,0.196591,-0.005955,0.980484,0.196510,9.623588,-1.538552,0.000107,1,1,7.829809,0.004120,0,0
4.820015,-0.100071,293.631500,269.325700,1,1,1,1,2,2,0.751181,0.748849,0.751113,0.748828,0.749971,-0.006054,0.980494,0.196455,-0.006055,0.980467,0.196591,-0.005963,0.980482,0.196517,9.618474,-1.541356,0.000214,1,1,7.844337,0.003938,0,0
4.830016,-0.100064,293.616100,269.402700,1,1,1,1,2,2,0.751038,0.748849,0.751128,0.748810,0.749969,-0.006056,0.980470,0.196577,-0.006055,0.980467,0.196591,-0.005971,0.980481,0.196523,9.617452,-1.544211,0.000265,1,1,7.858860,0.003768,0,0
4.840016,-0.100056,293.600600,269.479900,1,1,1,1,2,2,0.751211,0.748786,0.751158,0.748810,0.749984,-0.006053,0.980445,0.196699,-0.006055,0.980467,0.196591,-0.005978,0.980480,0.196529,9.613839,-1.547074,0.000302,1,1,7.873379,0.003609,0,0
4.850016,-0.100047,293.585100,269.557300,1,1,1,1,2,2,0.751341,0.749025,0.751349,0.749054,0.750202,-0.006057,0.980538,0.196235,-0.006055,0.980529,0.196279,-0.005985,0.980484,0.196507,9.580199,-1.549972,0.000082,1,1,7.887893,0.003461,0,0
4.860016,-0.100037,293.569600,269.634700,1,1,1,1,2,2,0.751370,0.748807,0.751319,0.748784,0.750052,-0.006216,0.980513,0.196357,-0.006216,0.980497,0.196435,-0.006005,0.980485,0.196501,9.618040,-1.553198,-0.000352,1,1,7.902401,0.003322,0,0
4.870017,-0.100026,293.554000,269.712400,1,1,1,1,2,2,0.751355,0.748916,0.751290,0.748799,0.750044,-0.006217,0.980498,0.196430,-0.006216,0.980497,0.196435,-0.006023,0.980486,0.196495,9.620687,-1.556052,-0.000403,1,1,7.916903,0.003058,0,0
4.880017,-0.100014,293.538400,269.790100,1,1,1,1,2,2,0.751340,0.748773,0.751319,0.748754,0.750037,-0.006216,0.980518,0.196332,-0.006216,0.980497,0.196435,-0.006040,0.980487,0.196490,9.622561,-1.558879,-0.000424,1,1,7.931400,0.002816,0,0
4.890017,-0.100001,293.522800,269.868000,1,1,1,1,2,2,0.751325,0.748651,0.751290,0.748754,0.750022,-0.006215,0.980493,0.196455,-0.006216,0.980497,0.196435,-0.006055,0.980488,0.196485,9.625235,-1.561687,-0.000423,1,1,7.945891,0.002595,0,0
4.900017,-0.099988,293.507100,269.946100,1,1,1,1,2,2,0.751310,0.748823,0.751293,0.748754,0.750023,-0.006216,0.980528,0.196284,-0.006216,0.980497,0.196435,-0.006069,0.980489,0.196481,9.624197,-1.564468,-0.000392,1,1,7.960376,0.002392,0,0
4.910017,-0.099974,293.491500,270.024300,1,1,1,1,2,2,0.751295,0.748653,0.751251,0.748724,0.749987,-0.006216,0.980498,0.196430,-0.006216,0.980497,0.196435,-0.006081,0.980490,0.196477,9.630068,-1.567257,-0.000368,1,1,7.974857,0.002205,0,0
4.920018,-0.099959,293.475800,270.102600,1,1,1,1,2,2,0.751295,0.748871,0.751260,0.748739,0.749999,-0.006215,0.980498,0.196430,-0.006216,0.980497,0.196435,-0.006093,0.980490,0.196473,9.625793,-1.569988,-0.000283,1,1,7.989332,0.002035,0,0
4.930018,-0.099943,293.460100,270.181100,1,1,1,1,2,2,0.751314,0.748772,0.751230,0.748760,0.749995,-0.006214,0.980523,0.196308,-0.006216,0.980497,0.196435,-0.006104,0.980491,0.196470,9.625494,-1.572760,-0.000238,1,1,8.003801,0.001878,0,0
4.940018,-0.099926,293.444300,270.259700,1,1,1,1,2,2,0.751405,0.748791,0.751335,0.748745,0.750040,-0.006325,0.980497,0.196430,-0.006325,0.980476,0.196539,-0.006123,0.980489,0.196476,9.614382,-1.575534,-0.000120,1,1,8.018267,0.001735,0,0
4.950018,-0.099909,293.428500,270.338500,1,1,1,1,2,2,0.751511,0.748743,0.751365,0.748754,0.750060,-0.006324,0.980473,0.196552,-0.006325,0.980476,0.196539,-0.006140,0.980488,0.196481,9.610806,-1.578416,-0.000118,1,1,8.032726,0.001513,0,0
4.960019,-0.099891,293.412700,270.417400,1,1,1,1,2,2,0.751449,0.748776,0.751395,0.748736,0.750066,-0.006325,0.980497,0.196430,-0.006325,0.980476,0.196539,-0.006156,0.980487,0.196486,9.610644,-1.581333,-0.000155,1,1,8.047182,0.001312,0,0
4.970019,-0.099872,293.396900,270.496400,1,1,1,1,2,2,0.751417,0.748871,0.751380,0.748724,0.750052,-0.006327,0.980468,0.196577,-0.006325,0.980476,0.196539,-0.006171,0.980486,0.196491,9.614089,-1.584249,-0.000196,1,1,8.061634,0.001129,0,0
4.980019,-0.099853,293.381000,270.575600,1,1,1,1,2,2,0.751354,0.748669,0.751317,0.748576,0.749947,-0.006328,0.980542,0.196210,-0.006326,0.980538,0.196227,-0.006184,0.980491,0.196468,9.638936,-1.587132,-0.000428,1,1,8.076080,0.000964,0,0
4.990019,-0.099833,293.365100,270.654900,1,1,1,1,2,2,0.751354,0.748761,0.751284,0.748676,0.749980,-0.006489,0.980526,0.196283,-0.006487,0.980506,0.196382,-0.006210,0.980492,0.196461,9.629356,-1.589769,-0.000285,1,1,8.090520,0.000816,0,0
5.000020,-0.099812,293.349200,270.734400,1,1,1,1,2,2,0.751320,0.748714,0.751284,0.748628,0.749956,-0.006487,0.980526,0.196283,-0.006487,0.980506,0.196382,-0.006234,0.980493,0.196454,9.632392,-1.592499,-0.000234,1,1,8.104953,0.000546,0,0
5.010020,-0.099791,293.333200,270.814000,1,1,1,1,2,2,0.751324,0.748522,0.751260,0.748643,0.749952,-0.006489,0.980501,0.196405,-0.006487,0.980506,0.196382,-0.006256,0.980494,0.196448,9.631040,-1.595198,-0.000147,1,1,8.119381,0.000305,0,0
5.020020,-0.099769,293.317200,270.893800,1,1,1,1,2,2,0.751294,0.748684,0.751254,0.748643,0.749949,-0.006485,0.980521,0.196308,-0.006487,0.980506,0.196382,-0.006276,0.980495,0.196442,9.629652,-1.597909,-0.000070,1,1,8.133803,0.000088,0,0
5.030020,-0.099746,293.301200,270.973700,1,1,1,1,2,2,0.751262,0.748684,0.751254,0.748643,0.749949,-0.006486,0.980516,0.196332,-0.006487,0.980506,0.196382,-0.006294,0.980496,0.196437,9.627979,-1.600633,-0.000002,1,1,8.148221,-0.000105,0,0
5.040020,-0.099723,293.285200,271.053700,1,1,1,1,2,2,0.751324,0.748780,0.751284,0.748628,0.749956,-0.006488,0.980496,0.196430,-0.006487,0.980506,0.196382,-0.006311,0.980497,0.196432,9.625296,-1.603372,0.000052,1,1,8.162632,-0.000278,0,0
5.050021,-0.099700,293.269200,271.133900,1,1,1,1,2,2,0.751324,0.748670,0.751275,0.748628,0.749952,-0.006488,0.980511,0.196357,-0.006487,0.980506,0.196382,-0.006326,0.980498,0.196428,9.625351,-1.606137,0.000082,1,1,8.177038,-0.000432,0,0
5.060021,-0.099676,293.253100,271.214200,1,1,1,1,2,2,0.751324,0.748717,0.751269,0.748679,0.749974,-0.006491,0.980516,0.196332,-0.006487,0.980506,0.196382,-0.006340,0.980499,0.196424,9.620477,-1.608900,0.000116,1,1,8.191438,-0.000569,0,0
5.070021,-0.099651,293.237000,271.294700,1,1,1,1,2,2,0.751324,0.748714,0.751254,0.748643,0.749949,-0.006489,0.980521,0.196308,-0.006487,0.980506,0.196382,-0.006352,0.980499,0.196421,9.625357,-1.611710,0.000104,1,1,8.205832,-0.000691,0,0
5.080021,-0.099626,293.220800,271.375300,1,1,1,1,2,2,0.751371,0.748714,0.751284,0.748628,0.749956,-0.006488,0.980526,0.196283,-0.006487,0.980506,0.196382,-0.006364,0.980500,0.196417,9.623042,-1.614470,0.000143,1,1,8.220222,-0.000798,0,0
5.090022,-0.099600,293.204700,271.456000,1,1,1,1,2,2,0.751324,0.748714,0.751284,0.748643,0.749964,-0.006487,0.980521,0.196308,-0.006487,0.980506,0.196382,-0.006375,0.980500,0.196414,9.621241,-1.617253,0.000161,1,1,8.234606,-0.000893,0,0
5.100022,-0.099574,293.188400,271.536900,1,1,1,1,2,2,0.751327,0.748667,0.751254,0.748646,0.749950,-0.006490,0.980511,0.196357,-0.006487,0.980506,0.196382,-0.006384,0.980501,0.196412,9.623609,-1.620052,0.000163,1,1,8.248985,-0.000976,0,0
5.110022,-0.099548,293.172200,271.617900,1,1,1,1,2,2,0.751277,0.748684,0.751236,0.748613,0.749925,-0.006489,0.980516,0.196332,-0.006487,0.980506,0.196382,-0.006393,0.980501,0.196409,9.627498,-1.622827,0.000191,1,1,8.263358,-0.001049,0,0
5.120022,-0.099521,293.155900,271.699100,1,1,1,1,2,2,0.751309,0.748684,0.751245,0.748628,0.749937,-0.006487,0.980521,0.196308,-0.006487,0.980506,0.196382,-0.006401,0.980502,0.196407,9.623630,-1.625562,0.000260,1,1,8.277726,-0.001111,0,0
5.130023,-0.099493,293.139600,271.780400,1,1,1,1,2,2,0.751294,0.748684,0.751224,0.748613,0.749919,-0.006486,0.980521,0.196308,-0.006487,0.980506,0.196382,-0.006409,0.980502,0.196405,9.626076,-1.628335,0.000291,1,1,8.292089,-0.001165,0,0
5.140023,-0.099465,293.123400,271.861800,1,1,1,1,2,2,0.751309,0.748684,0.751260,0.748643,0.749952,-0.006491,0.980521,0.196308,-0.006487,0.980506,0.196382,-0.006415,0.980503,0.196403,9.618721,-1.631082,0.000349,1,1,8.306447,-0.001212,0,0
5.150023,-0.099437,293.107000,271.943400,1,1,1,1,2,2,0.751327,0.748667,0.751254,0.748646,0.749950,-0.006491,0.980511,0.196357,-0.006487,0.980506,0.196382,-0.006422,0.980503,0.196401,9.619365,-1.633901,0.000334,1,1,8.320799,-0.001251,0,0
5.160023,-0.099408,293.090700,272.025100,1,1,1,1,2,2,0.751371,0.748714,0.751284,0.748646,0.749965,-0.006487,0.980526,0.196283,-0.006487,0.980506,0.196382,-0.006427,0.980503,0.196399,9.616858,-1.636712,0.000327,1,1,8.335145,-0.001284,0,0
5.170023,-0.099379,293.074300,272.107000,1,1,1,1,2,2,0.751357,0.748714,0.751284,0.748673,0.749979,-0.006487,0.980516,0.196332,-0.006487,0.980506,0.196382,-0.006432,0.980503,0.196398,9.615211,-1.639547,0.000296,1,1,8.349487,-0.001311,0,0
5.180024,-0.099349,293.057900,272.189000,1,1,1,1,2,2,0.751354,0.748761,0.751284,0.748676,0.749980,-0.006489,0.980526,0.196283,-0.006487,0.980506,0.196382,-0.006437,0.980504,0.196397,9.616110,-1.642397,0.000249,1,1,8.363824,-0.001333,0,0
5.190024,-0.099319,293.041400,272.271200,1,1,1,1,2,2,0.751354,0.748744,0.751284,0.748673,0.749979,-0.006486,0.980521,0.196308,-0.006487,0.980506,0.196382,-0.006441,0.980504,0.196395,9.617298,-1.645237,0.000212,1,1,8.378155,-0.001350,0,0
5.200024,-0.099288,293.024900,272.353500,1,1,1,1,2,2,0.751354,0.748744,0.751284,0.748688,0.749986,-0.006489,0.980521,0.196308,-0.006487,0.980506,0.196382,-0.006445,0.980504,0.196394,9.616560,-1.648064,0.000188,1,1,8.392481,-0.001363,0,0
5.210024,-0.099257,293.008400,272.435900,1,1,1,1,2,2,0.751354,0.748696,0.751299,0.748676,0.749988,-0.006488,0.980516,0.196332,-0.006487,0.980506,0.196382,-0.006449,0.980504,0.196393,9.617056,-1.650898,0.000158,1,1,8.406801,-0.001372,0,0
5.220025,-0.099225,292.991900,272.518500,1,1,1,1,2,2,0.751354,0.748700,0.751284,0.748679,0.749982,-0.006489,0.980511,0.196357,-0.006487,0.980506,0.196382,-0.006452,0.980504,0.196392,9.618751,-1.653726,0.000133,1,1,8.421116,-0.001378,0,0
5.230025,-0.099193,292.975300,272.601200,1,1,1,1,2,2,0.751354,0.748761,0.751314,0.748658,0.749986,-0.006486,0.980526,0.196283,-0.006487,0.980506,0.196382,-0.006455,0.980505,0.196391,9.618131,-1.656536,0.000126,1,1,8.435427,-0.001380,0,0
5.240025,-0.099161,292.958700,272.684100,1,1,1,1,2,2,0.751306,0.748710,0.751284,0.748703,0.749994,-0.006487,0.980521,0.196308,-0.006487,0.980506,0.196382,-0.006458,0.980505,0.196391,9.617100,-1.659351,0.000113,1,1,8.449731,-0.001380,0,0
5.250025,-0.099128,292.942100,272.767000,1,1,1,1,2,2,0.751324,0.748714,0.751260,0.748643,0.749952,-0.006488,0.980521,0.196308,-0.006487,0.980506,0.196382,-0.006461,0.980505,0.196390,9.625208,-1.662175,0.000090,1,1,8.464030,-0.001377,0,0
5.260026,-0.099095,292.925400,272.850200,1,1,1,1,2,2,0.751324,0.748684,0.751254,0.748643,0.749949,-0.006490,0.980521,0.196308,-0.006487,0.980506,0.196382,-0.006463,0.980505,0.196389,9.624269,-1.664919,0.000149,1,1,8.478325,-0.001372,0,0
5.270026,-0.099061,292.908800,272.933400,1,1,1,1,2,2,0.751371,0.748714,0.751287,0.748643,0.749965,-0.006489,0.980526,0.196283,-0.006487,0.980506,0.196382,-0.006465,0.980505,0.196389,9.620057,-1.667671,0.000199,1,1,8.492614,-0.001366,0,0
5.280026,-0.099027,292.892100,273.016800,1,1,1,1,2,2,0.751354,0.748698,0.751269,0.748643,0.749956,-0.006488,0.980477,0.196528,-0.006487,0.980506,0.196382,-0.006467,0.980505,0.196388,9.621456,-1.670463,0.000208,1,1,8.506898,-0.001358,0,0
5.290026,-0.098992,292.875300,273.100400,1,1,1,1,2,2,0.751354,0.748681,0.751284,0.748658,0.749971,-0.006486,0.980472,0.196552,-0.006487,0.980506,0.196382,-0.006469,0.980505,0.196388,9.618209,-1.673240,0.000230,1,1,8.521176,-0.001348,0,0
5.300026,-0.098957,292.858600,273.184100,1,1,1,1,2,2,0.751354,0.748744,0.751314,0.748709,0.750011,-0.006489,0.980521,0.196308,-0.006487,0.980506,0.196382,-0.006470,0.980505,0.196387,9.611169,-1.676048,0.000221,1,1,8.535450,-0.001337,0,0
5.310027,-0.098921,292.841800,273.267900,1,1,1,1,2,2,0.751369,0.748744,0.751299,0.748694,0.749996,-0.006486,0.980521,0.196308,-0.006487,0.980506,0.196382,-0.006472,0.980505,0.196387,9.615859,-1.678924,0.000142,1,1,8.549718,-0.001325,0,0
5.320027,-0.098885,292.825000,273.351900,1,1,1,1,2,2,0.751387,0.748791,0.751314,0.748703,0.750009,-0.006487,0.980521,0.196308,-0.006487,0.980506,0.196382,-0.006473,0.980505,0.196386,9.614502,-1.681754,0.000109,1,1,8.563980,-0.001312,0,0
5.330027,-0.098849,292.808100,273.436000,1,1,1,1,2,2,0.751387,0.748740,0.751305,0.748703,0.750004,-0.006486,0.980521,0.196308,-0.006487,0.980506,0.196382,-0.006474,0.980506,0.196386,9.616447,-1.684595,0.000064,1,1,8.578238,-0.001297,0,0
5.340027,-0.098812,292.791300,273.520300,1,1,1,1,2,2,0.751384,0.748681,0.751314,0.748679,0.749997,-0.006487,0.980472,0.196552,-0.006487,0.980506,0.196382,-0.006475,0.980506,0.196386,9.618447,-1.687416,0.000038,1,1,8.592489,-0.001282,0,0
5.350028,-0.098774,292.774400,273.604600,1,1,1,1,2,2,0.751369,0.748744,0.751302,0.748673,0.749988,-0.006486,0.980521,0.196308,-0.006487,0.980506,0.196382,-0.006476,0.980506,0.196385,9.620211,-1.690217,0.000032,1,1,8.606736,-0.001266,0,0
5.360028,-0.098737,292.757400,273.689200,1,1,1,1,2,2,0.751401,0.748747,0.751284,0.748688,0.749986,-0.006487,0.980521,0.196308,-0.006487,0.980506,0.196382,-0.006477,0.980506,0.196385,9.620173,-1.692999,0.000044,1,1,8.620978,-0.001251,0,0
5.370028,-0.098698,292.740400,273.773800,1,1,1,1,2,2,0.751354,0.748758,0.751290,0.748673,0.749982,-0.006486,0.980531,0.196259,-0.006487,0.980506,0.196382,-0.006478,0.980506,0.196385,9.620676,-1.695781,0.000056,1,1,8.635214,-0.001233,0,0
5.380028,-0.098660,292.723400,273.858600,1,1,1,1,2,2,0.751371,0.748555,0.751254,0.748628,0.749941,-0.006487,0.980501,0.196405,-0.006487,0.980506,0.196382,-0.006479,0.980506,0.196385,9.627517,-1.698557,0.000074,1,1,8.649446,-0.001217,0,0
5.390028,-0.098620,292.706500,273.943600,1,1,1,1,2,2,0.751354,0.748700,0.751314,0.748694,0.750004,-0.006491,0.980511,0.196357,-0.006487,0.980506,0.196382,-0.006480,0.980506,0.196385,9.614068,-1.701264,0.000159,1,1,8.663671,-0.001199,0,0
5.400029,-0.098581,292.689400,274.028700,1,1,1,1,2,2,0.751401,0.748744,0.751314,0.748646,0.749980,-0.006488,0.980526,0.196283,-0.006487,0.980506,0.196382,-0.006480,0.980506,0.196384,9.619581,-1.704103,0.000111,1,1,8.677891,-0.001182,0,0
5.410029,-0.098541,292.672400,274.113900,1,1,1,1,2,2,0.751387,0.748740,0.751344,0.748703,0.750023,-0.006487,0.980521,0.196308,-0.006487,0.980506,0.196382,-0.006481,0.980506,0.196384,9.611603,-1.706886,0.000118,1,1,8.692106,-0.001164,0,0
5.420029,-0.098500,292.655300,274.199300,1,1,1,1,2,2,0.751384,0.748759,0.751344,0.748709,0.750026,-0.006490,0.980521,0.196308,-0.006487,0.980506,0.196382,-0.006481,0.980506,0.196384,9.612886,-1.709746,0.000045,1,1,8.706316,-0.001146,0,0
5.430029,-0.098459,292.638200,274.284800,1,1,1,1,2,2,0.751063,0.748726,0.751052,0.748709,0.749880,-0.006723,0.980461,0.196601,-0.006723,0.980459,0.196609,-0.006502,0.980502,0.196403,9.636317,-1.712593,0.000159,1,1,8.720520,-0.001129,0,0
5.440030,-0.098417,292.621000,274.370400,1,1,1,1,2,2,0.751140,0.748777,0.751064,0.748700,0.749882,-0.006724,0.980466,0.196576,-0.006723,0.980459,0.196609,-0.006521,0.980498,0.196421,9.627676,-1.715209,0.000493,1,1,8.734721,-0.001307,0,0
5.450030,-0.098375,292.603800,274.456200,1,1,1,1,2,2,0.751296,0.748774,0.751114,0.748703,0.749909,-0.006725,0.980490,0.196454,-0.006723,0.980459,0.196609,-0.006539,0.980495,0.196437,9.616920,-1.717910,0.000727,1,1,8.748919,-0.001464,0,0
5.460030,-0.098333,292.586600,274.542100,1,1,1,1,2,2,0.750880,0.748424,0.750807,0.748366,0.749586,-0.006723,0.980362,0.197090,-0.006722,0.980345,0.197179,-0.006554,0.980482,0.196501,9.661023,-1.720715,0.001280,1,1,8.763113,-0.001603,0,0
5.470030,-0.098290,292.569400,274.628200,1,1,1,1,2,2,0.750969,0.748198,0.750852,0.748097,0.749474,-0.006998,0.980282,0.197481,-0.006997,0.980290,0.197443,-0.006593,0.980465,0.196582,9.652249,-1.723087,0.002431,1,1,8.777308,-0.001723,0,0
5.480031,-0.098247,292.552100,274.714400,1,1,1,1,2,2,0.751089,0.748269,0.751016,0.748195,0.749606,-0.006996,0.980311,0.197334,-0.006997,0.980290,0.197443,-0.006627,0.980450,0.196656,9.603349,-1.725546,0.003434,1,1,8.791505,-0.002058,0,0
5.490031,-0.098204,292.534900,274.800800,1,1,1,1,2,2,0.751194,0.748389,0.751106,0.748306,0.749706,-0.006997,0.980311,0.197334,-0.006997,0.980290,0.197443,-0.006659,0.980436,0.196724,9.573693,-1.728485,0.003893,1,1,8.805703,-0.002355,0,0
5.500031,-0.098160,292.517500,274.887200,1,1,1,1,2,2,0.751313,0.748494,0.751226,0.748441,0.749833,-0.006999,0.980311,0.197334,-0.006997,0.980290,0.197443,-0.006688,0.980424,0.196786,9.547887,-1.731714,0.004005,1,1,8.819904,-0.002615,0,0
5.510031,-0.098116,292.500200,274.973800,1,1,1,1,2,2,0.751340,0.748377,0.751291,0.748479,0.749885,-0.007000,0.980277,0.197506,-0.006997,0.980290,0.197443,-0.006715,0.980412,0.196842,9.543144,-1.735196,0.003814,1,1,8.834105,-0.002843,0,0
5.520031,-0.098071,292.482800,275.060600,1,1,1,1,2,2,0.751478,0.748687,0.751375,0.748575,0.749975,-0.006996,0.980321,0.197285,-0.006997,0.980290,0.197443,-0.006739,0.980402,0.196894,9.533908,-1.738724,0.003533,1,1,8.848307,-0.003042,0,0
5.530032,-0.098027,292.465400,275.147500,1,1,1,1,2,2,0.751538,0.748574,0.751453,0.748629,0.750041,-0.006994,0.980287,0.197456,-0.006997,0.980290,0.197443,-0.006761,0.980392,0.196941,9.532267,-1.742343,0.003121,1,1,8.862507,-0.003214,0,0
5.540032,-0.097982,292.447900,275.234500,1,1,1,1,2,2,0.768079,0.748856,0.751706,0.748689,0.750197,-0.035791,0.973697,0.225018,-0.007233,0.980242,0.197670,-0.006802,0.980379,0.197004,9.511148,-1.745977,0.002834,1,1,8.876707,-0.003363,0,0
5.550032,-0.097936,292.430400,275.321700,1,1,1,1,2,2,0.751924,0.748760,0.751823,0.748796,0.750310,-0.007233,0.980231,0.197724,-0.007233,0.980242,0.197670,-0.006839,0.980367,0.197061,9.504454,-1.749818,0.002290,1,1,8.890907,-0.003685,0,0
5.560032,-0.097891,292.412900,275.409000,1,1,1,1,2,2,0.752017,0.749008,0.751897,0.748808,0.750353,-0.007235,0.980226,0.197749,-0.007233,0.980242,0.197670,-0.006873,0.980357,0.197114,9.512907,-1.753724,0.001636,1,1,8.905109,-0.003967,0,0
5.570033,-0.097845,292.395300,275.496400,1,1,1,1,2,2,0.752070,0.748783,0.751963,0.748844,0.750404,-0.007233,0.980236,0.197700,-0.007233,0.980242,0.197670,-0.006904,0.980347,0.197161,9.518863,-1.757547,0.001027,1,1,8.919310,-0.004211,0,0
5.580033,-0.097799,292.377700,275.584000,1,1,1,1,2,2,0.752369,0.749216,0.752302,0.749123,0.750712,-0.007234,0.980147,0.198140,-0.007233,0.980127,0.198239,-0.006932,0.980328,0.197254,9.466582,-1.761311,0.000889,1,1,8.933510,-0.004421,0,0
5.590033,-0.097753,292.360000,275.671700,1,1,1,1,2,2,0.752525,0.749319,0.752418,0.749417,0.750918,-0.007510,0.980071,0.198507,-0.007507,0.980072,0.198503,-0.006982,0.980306,0.197362,9.442496,-1.765587,0.000366,1,1,8.947714,-0.004607,0,0
5.600033,-0.097706,292.342300,275.759600,1,1,1,1,2,2,0.752578,0.749564,0.752493,0.749477,0.750985,-0.007506,0.980101,0.198360,-0.007507,0.980072,0.198503,-0.007027,0.980286,0.197460,9.451306,-1.770100,-0.000479,1,1,8.961923,-0.004990,0,0
5.610034,-0.097660,292.324600,275.847600,1,1,1,1,2,2,0.752657,0.749495,0.752589,0.749567,0.751078,-0.007508,0.980071,0.198507,-0.007507,0.980072,0.198503,-0.007068,0.980267,0.197550,9.455194,-1.774527,-0.001310,1,1,8.976136,-0.005321,0,0
5.620034,-0.097613,292.306800,275.935700,1,1,1,1,2,2,0.752694,0.749698,0.752642,0.749641,0.751142,-0.007507,0.980106,0.198335,-0.007507,0.980072,0.198503,-0.007106,0.980250,0.197632,9.464950,-1.778916,-0.002169,1,1,8.990353,-0.005608,0,0
5.630034,-0.097566,292.289000,276.024000,1,1,1,1,2,2,0.752758,0.749758,0.752690,0.749686,0.751188,-0.007504,0.980101,0.198360,-0.007507,0.980072,0.198503,-0.007141,0.980235,0.197707,9.477034,-1.783209,-0.002993,1,1,9.004572,-0.005854,0,0
5.640034,-0.097519,292.271100,276.112400,1,1,1,1,2,2,0.752788,0.749740,0.752738,0.749719,0.751229,-0.007508,0.980096,0.198385,-0.007507,0.980072,0.198503,-0.007172,0.980221,0.197775,9.488621,-1.787383,-0.003752,1,1,9.018793,-0.006063,0,0
5.650034,-0.097472,292.253200,276.200900,1,1,1,1,2,2,0.752806,0.749854,0.752732,0.749731,0.751232,-0.007505,0.980096,0.198385,-0.007507,0.980072,0.198503,-0.007201,0.980208,0.197838,9.505353,-1.791444,-0.004448,1,1,9.033016,-0.006238,0,0
5.660035,-0.097425,292.235200,276.289600,1,1,1,1,2,2,0.752818,0.749818,0.752762,0.749749,0.751256,-0.007506,0.980101,0.198360,-0.007507,0.980072,0.198503,-0.007227,0.980196,0.197895,9.515310,-1.795340,-0.005023,1,1,9.047240,-0.006383,0,0
5.670035,-0.097378,292.217200,276.378400,1,1,1,1,2,2,0.752832,0.749880,0.752750,0.749716,0.751233,-0.007504,0.980091,0.198408,-0.007507,0.980072,0.198503,-0.007252,0.980186,0.197947,9.532227,-1.799138,-0.005543,1,1,9.061463,-0.006501,0,0
5.680035,-0.097331,292.199200,276.467300,1,1,1,1,2,2,0.752740,0.749614,0.752732,0.749701,0.751217,-0.007506,0.980071,0.198507,-0.007507,0.980072,0.198503,-0.007274,0.980176,0.197995,9.544847,-1.802770,-0.005933,1,1,9.075686,-0.006595,0,0
5.690035,-0.097284,292.181100,276.556400,1,1,1,1,2,2,0.752758,0.749854,0.752657,0.749686,0.751172,-0.007506,0.980076,0.198482,-0.007507,0.980072,0.198503,-0.007294,0.980167,0.198039,9.560347,-1.806278,-0.006233,1,1,9.089909,-0.006666,0,0
5.700036,-0.097237,292.163000,276.645700,1,1,1,1,2,2,0.752724,0.749566,0.752678,0.749662,0.751170,-0.007506,0.980086,0.198433,-0.007507,0.980072,0.198503,-0.007312,0.980159,0.198079,9.564976,-1.809633,-0.006412,1,1,9.104130,-0.006718,0,0
5.710036,-0.097190,292.144900,276.735000,1,1,1,1,2,2,0.752698,0.749794,0.752630,0.749641,0.751136,-0.007506,0.980076,0.198482,-0.007507,0.980072,0.198503,-0.007329,0.980151,0.198115,9.575184,-1.812942,-0.006574,1,1,9.118349,-0.006752,0,0
5.720036,-0.097143,292.126700,276.824500,1,1,1,1,2,2,0.752668,0.749510,0.752598,0.749615,0.751106,-0.007508,0.980076,0.198482,-0.007507,0.980072,0.198503,-0.007344,0.980144,0.198149,9.582727,-1.816150,-0.006663,1,1,9.132566,-0.006770,0,0
5.730036,-0.097097,292.108600,276.914200,1,1,1,1,2,2,0.752638,0.749734,0.752583,0.749567,0.751075,-0.007507,0.980076,0.198482,-0.007507,0.980072,0.198503,-0.007358,0.980138,0.198179,9.589303,-1.819284,-0.006703,1,1,9.146781,-0.006773,0,0
5.740036,-0.097050,292.090300,277.003900,1,1,1,1,2,2,0.752608,0.749561,0.752553,0.749537,0.751045,-0.007507,0.980096,0.198385,-0.007507,0.980072,0.198503,-0.007371,0.980132,0.198207,9.594552,-1.822353,-0.006699,1,1,9.160993,-0.006764,0,0
5.750037,-0.097004,292.072100,277.093800,1,1,1,1,2,2,0.752578,0.749611,0.752493,0.749528,0.751010,-0.007504,0.980106,0.198335,-0.007507,0.980072,0.198503,-0.007383,0.980127,0.198232,9.599823,-1.825369,-0.006665,1,1,9.175202,-0.006743,0,0
5.760037,-0.096957,292.053800,277.183900,1,1,1,1,2,2,0.752566,0.749519,0.752448,0.749462,0.750955,-0.007506,0.980106,0.198335,-0.007507,0.980072,0.198503,-0.007393,0.980122,0.198256,9.608063,-1.828334,-0.006598,1,1,9.189408,-0.006712,0,0
5.770037,-0.096911,292.035500,277.274100,1,1,1,1,2,2,0.752489,0.749489,0.752418,0.749432,0.750925,-0.007505,0.980101,0.198360,-0.007507,0.980072,0.198503,-0.007403,0.980118,0.198277,9.610099,-1.831216,-0.006466,1,1,9.203611,-0.006672,0,0
5.780037,-0.096864,292.017200,277.364400,1,1,1,1,2,2,0.752447,0.749444,0.752388,0.749375,0.750882,-0.007506,0.980096,0.198385,-0.007507,0.980072,0.198503,-0.007412,0.980114,0.198296,9.614488,-1.834078,-0.006331,1,1,9.217810,-0.006624,0,0
5.790038,-0.096818,291.998800,277.454900,1,1,1,1,2,2,0.752351,0.749399,0.752313,0.749348,0.750831,-0.007510,0.980096,0.198384,-0.007507,0.980072,0.198503,-0.007420,0.980110,0.198314,9.619480,-1.836896,-0.006166,1,1,9.232005,-0.006568,0,0
5.800038,-0.096772,291.980400,277.545500,1,1,1,1,2,2,0.752339,0.749340,0.752269,0.749253,0.750761,-0.007508,0.980101,0.198360,-0.007507,0.980072,0.198503,-0.007428,0.980107,0.198330,9.627101,-1.839664,-0.005966,1,1,9.246197,-0.006507,0,0
5.810038,-0.096726,291.961900,277.636300,1,1,1,1,2,2,0.752313,0.749136,0.752242,0.749253,0.750747,-0.007505,0.980071,0.198507,-0.007507,0.980072,0.198503,-0.007435,0.980104,0.198345,9.622892,-1.842357,-0.005702,1,1,9.260385,-0.006440,0,0
5.820038,-0.096680,291.943500,277.727200,1,1,1,1,2,2,0.752253,0.749250,0.752194,0.749181,0.750687,-0.007509,0.980096,0.198384,-0.007507,0.980072,0.198503,-0.007441,0.980101,0.198359,9.628384,-1.845090,-0.005492,1,1,9.274568,-0.006368,0,0
5.830039,-0.096634,291.925000,277.818200,1,1,1,1,2,2,0.752219,0.749220,0.752140,0.749118,0.750629,-0.007508,0.980101,0.198360,-0.007507,0.980072,0.198503,-0.007447,0.980099,0.198371,9.632490,-1.847769,-0.005237,1,1,9.288747,-0.006293,0,0
5.840039,-0.096588,291.906500,277.909400,1,1,1,1,2,2,0.752189,0.749142,0.752119,0.749124,0.750622,-0.007508,0.980096,0.198384,-0.007507,0.980072,0.198503,-0.007452,0.980096,0.198382,9.626664,-1.850406,-0.004952,1,1,9.302921,-0.006214,0,0
5.850039,-0.096542,291.888000,278.000700,1,1,1,1,2,2,0.752160,0.749112,0.752110,0.749085,0.750598,-0.007507,0.980096,0.198385,-0.007507,0.980072,0.198503,-0.007457,0.980094,0.198393,9.625500,-1.853099,-0.004733,1,1,9.317091,-0.006132,0,0
5.860039,-0.096496,291.869400,278.092100,1,1,1,1,2,2,0.752130,0.749130,0.752041,0.749058,0.750550,-0.007506,0.980101,0.198360,-0.007507,0.980072,0.198503,-0.007461,0.980092,0.198402,9.629126,-1.855803,-0.004534,1,1,9.331257,-0.006047,0,0
5.870039,-0.096451,291.850900,278.183700,1,1,1,1,2,2,0.752056,0.748926,0.752044,0.749001,0.750523,-0.007508,0.980066,0.198531,-0.007507,0.980072,0.198503,-0.007465,0.980091,0.198411,9.628242,-1.858470,-0.004306,1,1,9.345418,-0.005961,0,0
5.880040,-0.096405,291.832200,278.275500,1,1,1,1,2,2,0.752070,0.749055,0.751984,0.748990,0.750487,-0.007506,0.980101,0.198360,-0.007507,0.980072,0.198503,-0.007469,0.980089,0.198419,9.629384,-1.861145,-0.004094,1,1,9.359574,-0.005872,0,0
5.890040,-0.096359,291.813600,278.367300,1,1,1,1,2,2,0.752010,0.749010,0.751946,0.748924,0.750435,-0.007506,0.980101,0.198360,-0.007507,0.980072,0.198503,-0.007472,0.980087,0.198426,9.633377,-1.863808,-0.003877,1,1,9.373725,-0.005782,0,0
5.900040,-0.096313,291.794900,278.459300,1,1,1,1,2,2,0.751932,0.748984,0.751910,0.748894,0.750402,-0.007506,0.980091,0.198409,-0.007507,0.980072,0.198503,-0.007475,0.980086,0.198433,9.633008,-1.866431,-0.003626,1,1,9.387871,-0.005691,0,0
5.910040,-0.096268,291.776200,278.551500,1,1,1,1,2,2,0.751994,0.748947,0.751895,0.748879,0.750387,-0.007503,0.980116,0.198286,-0.007507,0.980072,0.198503,-0.007478,0.980085,0.198439,9.629636,-1.869056,-0.003384,1,1,9.402011,-0.005599,0,0
5.920041,-0.096222,291.757500,278.643700,1,1,1,1,2,2,0.751950,0.748936,0.751895,0.748864,0.750379,-0.007507,0.980101,0.198360,-0.007507,0.980072,0.198503,-0.007480,0.980084,0.198444,9.625879,-1.871714,-0.003180,1,1,9.416146,-0.005506,0,0
5.930041,-0.096176,291.738800,278.736100,1,1,1,1,2,2,0.751920,0.748921,0.751850,0.748840,0.750345,-0.007507,0.980101,0.198360,-0.007507,0.980072,0.198503,-0.007483,0.980083,0.198449,9.628003,-1.874407,-0.003018,1,1,9.430277,-0.005414,0,0
5.940041,-0.096130,291.720000,278.828700,1,1,1,1,2,2,0.751887,0.748887,0.751835,0.748819,0.750327,-0.007505,0.980111,0.198310,-0.007507,0.980072,0.198503,-0.007485,0.980082,0.198454,9.626760,-1.877078,-0.002839,1,1,9.444403,-0.005321,0,0
5.950041,-0.096084,291.701200,278.921400,1,1,1,1,2,2,0.751846,0.748717,0.751805,0.748789,0.750297,-0.007506,0.980066,0.198531,-0.007507,0.980072,0.198503,-0.007487,0.980081,0.198458,9.628058,-1.879761,-0.002677,1,1,9.458523,-0.005228,0,0
5.960042,-0.096038,291.682400,279.014300,1,1,1,1,2,2,0.751861,0.748894,0.751775,0.748774,0.750275,-0.007505,0.980106,0.198335,-0.007507,0.980072,0.198503,-0.007488,0.980080,0.198462,9.627774,-1.882429,-0.002504,1,1,9.472637,-0.005136,0,0
5.970042,-0.095992,291.663500,279.107200,1,1,1,1,2,2,0.751783,0.748835,0.751763,0.748759,0.750261,-0.007507,0.980091,0.198409,-0.007507,0.980072,0.198503,-0.007490,0.980079,0.198465,9.626031,-1.885100,-0.002338,1,1,9.486747,-0.005044,0,0
5.980042,-0.095946,291.644700,279.200300,1,1,1,1,2,2,0.751801,0.748786,0.751703,0.748729,0.750216,-0.007505,0.980101,0.198360,-0.007507,0.980072,0.198503,-0.007492,0.980079,0.198469,9.630443,-1.887786,-0.002191,1,1,9.500851,-0.004952,0,0
5.990042,-0.095900,291.625800,279.293600,1,1,1,1,2,2,0.751318,0.748675,0.751332,0.748729,0.750031,-0.007849,0.979999,0.198848,-0.007851,0.980002,0.198832,-0.007522,0.980072,0.198500,9.652205,-1.890428,-0.001728,1,1,9.514950,-0.004861,0,0
6.000042,-0.095854,291.606800,279.387000,1,1,1,1,2,2,0.751382,0.748790,0.751401,0.748705,0.750053,-0.007854,0.980009,0.198800,-0.007851,0.980002,0.198832,-0.007551,0.980066,0.198528,9.631712,-1.892856,-0.001072,1,1,9.529046,-0.005056,0,0
6.010043,-0.095808,291.587900,279.480500,1,1,1,1,2,2,0.751467,0.748609,0.751452,0.748699,0.750075,-0.007848,0.980009,0.198798,-0.007851,0.980002,0.198832,-0.007577,0.980061,0.198555,9.616923,-1.895485,-0.000644,1,1,9.543139,-0.005222,0,0
6.020043,-0.095761,291.568900,279.574200,1,1,1,1,2,2,0.750731,0.747844,0.750671,0.747888,0.749279,-0.007852,0.979730,0.200168,-0.007848,0.979728,0.200180,-0.007600,0.980032,0.198695,9.725178,-1.898258,0.000746,1,1,9.557229,-0.005361,0,0
6.030043,-0.095715,291.549900,279.668000,1,1,1,1,2,2,0.750876,0.747590,0.750850,0.747595,0.749223,-0.008212,0.979662,0.200487,-0.008208,0.979654,0.200525,-0.007652,0.979999,0.198852,9.668838,-1.899971,0.003396,1,1,9.571326,-0.005471,0,0
6.040043,-0.095669,291.530900,279.761900,1,1,1,1,2,2,0.751130,0.747900,0.751065,0.747804,0.749435,-0.008208,0.979677,0.200411,-0.008208,0.979654,0.200525,-0.007700,0.979970,0.198996,9.581361,-1.902237,0.005355,1,1,9.585434,-0.005868,0,0
6.050044,-0.095623,291.511800,279.856000,1,1,1,1,2,2,0.751370,0.748057,0.751289,0.748020,0.749655,-0.008204,0.979688,0.200362,-0.008208,0.979654,0.200525,-0.007744,0.979943,0.199128,9.517374,-1.905362,0.006322,1,1,9.599549,-0.006213,0,0
6.060044,-0.095577,291.492700,279.950200,1,1,1,1,2,2,0.751519,0.748240,0.751448,0.748193,0.749820,-0.008207,0.979672,0.200437,-0.008208,0.979654,0.200525,-0.007784,0.979918,0.199248,9.481793,-1.909115,0.006542,1,1,9.613672,-0.006509,0,0
6.070044,-0.095530,291.473600,280.044600,1,1,1,1,2,2,0.751687,0.748419,0.751618,0.748357,0.749988,-0.008210,0.979667,0.200461,-0.008208,0.979654,0.200525,-0.007820,0.979895,0.199358,9.457261,-1.913218,0.006309,1,1,9.627800,-0.006760,0,0
6.080044,-0.095484,291.454400,280.139100,1,1,1,1,2,2,0.751863,0.748628,0.751776,0.748519,0.750147,-0.008205,0.979683,0.200387,-0.008208,0.979654,0.200525,-0.007854,0.979874,0.199458,9.442493,-1.917561,0.005742,1,1,9.641933,-0.006973,0,0
6.090044,-0.095438,291.435200,280.233700,1,1,1,1,2,2,0.764781,0.748729,0.752191,0.748671,0.750431,-0.029277,0.974937,0.220547,-0.008551,0.979584,0.200855,-0.007914,0.979849,0.199578,9.404091,-1.922049,0.005225,1,1,9.656071,-0.007154,0,0
6.100045,-0.095392,291.416000,280.328500,1,1,1,1,2,2,0.752444,0.748867,0.752392,0.748805,0.750599,-0.008551,0.979620,0.200680,-0.008551,0.979584,0.200855,-0.007968,0.979827,0.199688,9.398702,-1.926913,0.004226,1,1,9.670214,-0.007585,0,0
6.110045,-0.095346,291.396600,280.423400,1,1,1,1,2,2,0.752670,0.748857,0.752580,0.748913,0.750746,-0.008551,0.979575,0.200899,-0.008551,0.979584,0.200855,-0.008019,0.979806,0.199789,9.400444,-1.931831,0.003084,1,1,9.684361,-0.007955,0,0
6.120045,-0.095300,291.377300,280.518400,1,1,1,1,2,2,0.773432,0.765927,0.753246,0.749486,0.751366,-0.008446,0.966709,0.255738,-0.008549,0.979307,0.202201,-0.008064,0.979763,0.199996,9.290030,-1.936731,0.003025,1,1,9.698514,-0.008270,0,0
6.130045,-0.095254,291.357800,280.613600,1,1,1,1,2,2,0.753537,0.759820,0.753463,0.749931,0.751697,-0.024900,0.975654,0.217896,-0.008908,0.979232,0.202546,-0.008137,0.979717,0.200216,9.255866,-1.942715,0.001987,1,1,9.712681,-0.008555,0,0
6.140046,-0.095208,291.338300,280.708900,1,1,1,1,2,2,0.753697,0.750243,0.753676,0.750119,0.751897,-0.008910,0.979249,0.202463,-0.008908,0.979232,0.202546,-0.008203,0.979675,0.200416,9.258421,-1.949035,0.000427,1,1,9.726864,-0.009080,0,0
6.150046,-0.095162,291.318800,280.804300,1,1,1,1,2,2,0.753959,0.750373,0.753837,0.750298,0.752068,-0.008908,0.979255,0.202438,-0.008908,0.979232,0.202546,-0.008264,0.979637,0.200600,9.269859,-1.955331,-0.001272,1,1,9.741060,-0.009530,0,0
6.160046,-0.095116,291.299100,280.899800,1,1,1,1,2,2,0.754045,0.750459,0.753957,0.750433,0.752195,-0.008910,0.979244,0.202488,-0.008908,0.979232,0.202546,-0.008319,0.979602,0.200767,9.290021,-1.961516,-0.003006,1,1,9.755270,-0.009913,0,0
6.170046,-0.095071,291.279400,280.995500,1,1,1,1,2,2,0.754164,0.750616,0.754091,0.750537,0.752314,-0.008909,0.979244,0.202488,-0.008908,0.979232,0.202546,-0.008370,0.979570,0.200920,9.309950,-1.967505,-0.004677,1,1,9.769491,-0.010237,0,0
6.180047,-0.095025,291.259700,281.091400,1,1,1,1,2,2,0.754224,0.750683,0.754169,0.750612,0.752390,-0.008907,0.979255,0.202438,-0.008908,0.979232,0.202546,-0.008416,0.979541,0.201060,9.335876,-1.973298,-0.006274,1,1,9.783721,-0.010508,0,0
6.190047,-0.094980,291.239900,281.187300,1,1,1,1,2,2,0.754299,0.750762,0.754222,0.750702,0.752462,-0.008905,0.979249,0.202463,-0.008908,0.979232,0.202546,-0.008459,0.979515,0.201188,9.359063,-1.978838,-0.007728,1,1,9.797959,-0.010730,0,0
6.200047,-0.094935,291.220100,281.283400,1,1,1,1,2,2,0.754343,0.750792,0.754300,0.750723,0.752512,-0.008909,0.979249,0.202463,-0.008908,0.979232,0.202546,-0.008497,0.979490,0.201305,9.383097,-1.984152,-0.009055,1,1,9.812204,-0.010909,0,0
6.210047,-0.094891,291.200200,281.379600,1,1,1,1,2,2,0.754343,0.750807,0.754300,0.750738,0.752519,-0.008908,0.979249,0.202463,-0.008908,0.979232,0.202546,-0.008533,0.979468,0.201412,9.411109,-1.989229,-0.010238,1,1,9.826454,-0.011049,0,0
6.220047,-0.094847,291.180300,281.476000,1,1,1,1,2,2,0.754343,0.750807,0.754285,0.750753,0.752519,-0.008907,0.979249,0.202463,-0.008908,0.979232,0.202546,-0.008565,0.979448,0.201510,9.435697,-1.994033,-0.011229,1,1,9.840709,-0.011153,0,0
6.230048,-0.094803,291.160300,281.572500,1,1,1,1,2,2,0.754310,0.750617,0.754270,0.750717,0.752494,-0.008907,0.979229,0.202560,-0.008908,0.979232,0.202546,-0.008595,0.979429,0.201599,9.460772,-1.998595,-0.012056,1,1,9.854967,-0.011225,0,0
6.240048,-0.094760,291.140300,281.669200,1,1,1,1,2,2,0.754280,0.750793,0.754240,0.750672,0.752456,-0.008909,0.979224,0.202585,-0.008908,0.979232,0.202546,-0.008622,0.979412,0.201680,9.483595,-2.002912,-0.012706,1,1,9.869227,-0.011270,0,0
6.250048,-0.094717,291.120200,281.765900,1,1,1,1,2,2,0.754224,0.750683,0.754151,0.750630,0.752390,-0.008910,0.979255,0.202438,-0.008908,0.979232,0.202546,-0.008646,0.979397,0.201755,9.507496,-2.007005,-0.013196,1,1,9.883491,-0.011288,0,0
6.260048,-0.094674,291.100100,281.862900,1,1,1,1,2,2,0.754164,0.750627,0.754106,0.750555,0.752331,-0.008909,0.979249,0.202463,-0.008908,0.979232,0.202546,-0.008669,0.979383,0.201823,9.525936,-2.010864,-0.013508,1,1,9.897754,-0.011283,0,0
6.270049,-0.094632,291.079900,281.959900,1,1,1,1,2,2,0.754104,0.750647,0.754031,0.750496,0.752263,-0.008907,0.979224,0.202585,-0.008908,0.979232,0.202546,-0.008690,0.979370,0.201885,9.542540,-2.014542,-0.013694,1,1,9.912017,-0.011259,0,0
6.280049,-0.094591,291.059800,282.057100,1,1,1,1,2,2,0.754030,0.750333,0.753960,0.750421,0.752190,-0.008908,0.979224,0.202585,-0.008908,0.979232,0.202546,-0.008708,0.979358,0.201942,9.557372,-2.018056,-0.013765,1,1,9.926281,-0.011217,0,0
6.290049,-0.094550,291.039600,282.154400,1,1,1,1,2,2,0.753955,0.750418,0.753912,0.750349,0.752131,-0.008908,0.979249,0.202463,-0.008908,0.979232,0.202546,-0.008726,0.979347,0.201994,9.567288,-2.021425,-0.013736,1,1,9.940543,-0.011158,0,0
6.300049,-0.094509,291.019300,282.251900,1,1,1,1,2,2,0.753895,0.750438,0.753822,0.750275,0.752048,-0.008907,0.979224,0.202585,-0.008908,0.979232,0.202546,-0.008741,0.979337,0.202042,9.579868,-2.024697,-0.013651,1,1,9.954804,-0.011085,0,0
6.310050,-0.094469,290.999100,282.349500,1,1,1,1,2,2,0.753824,0.750060,0.753750,0.750191,0.751971,-0.008912,0.979214,0.202636,-0.008908,0.979232,0.202546,-0.008756,0.979328,0.202085,9.589509,-2.027844,-0.013480,1,1,9.969066,-0.010999,0,0
6.320050,-0.094430,290.978800,282.447200,1,1,1,1,2,2,0.753746,0.750243,0.753694,0.750134,0.751914,-0.008906,0.979255,0.202438,-0.008908,0.979232,0.202546,-0.008769,0.979320,0.202125,9.593857,-2.030897,-0.013249,1,1,9.983323,-0.010902,0,0
6.330050,-0.094390,290.958400,282.545100,1,1,1,1,2,2,0.753656,0.750214,0.753583,0.750074,0.751829,-0.008904,0.979224,0.202585,-0.008908,0.979232,0.202546,-0.008781,0.979312,0.202161,9.603134,-2.033906,-0.013009,1,1,9.997580,-0.010795,0,0
6.340050,-0.094352,290.938100,282.643100,1,1,1,1,2,2,0.753581,0.749885,0.753553,0.749985,0.751769,-0.008909,0.979224,0.202585,-0.008908,0.979232,0.202546,-0.008792,0.979305,0.202194,9.606255,-2.036824,-0.012706,1,1,10.011830,-0.010680,0,0
6.350050,-0.094314,290.917700,282.741300,1,1,1,1,2,2,0.753507,0.749955,0.753434,0.749895,0.751664,-0.008909,0.979249,0.202463,-0.008908,0.979232,0.202546,-0.008802,0.979299,0.202225,9.617385,-2.039710,-0.012401,1,1,10.026080,-0.010556,0,0
6.360051,-0.094276,290.897300,282.839600,1,1,1,1,2,2,0.753417,0.749876,0.753359,0.749811,0.751585,-0.008907,0.979255,0.202438,-0.008908,0.979232,0.202546,-0.008811,0.979293,0.202252,9.621787,-2.042487,-0.012010,1,1,10.040330,-0.010426,0,0
6.370051,-0.094239,290.876800,282.938000,1,1,1,1,2,2,0.753346,0.749806,0.753251,0.749749,0.751500,-0.008909,0.979244,0.202488,-0.008908,0.979232,0.202546,-0.008819,0.979288,0.202278,9.626787,-2.045220,-0.011598,1,1,10.054570,-0.010291,0,0
6.380051,-0.094202,290.856400,283.036600,1,1,1,1,2,2,0.753253,0.749716,0.753168,0.749620,0.751394,-0.008909,0.979249,0.202463,-0.008908,0.979232,0.202546,-0.008827,0.979283,0.202301,9.634846,-2.047903,-0.011158,1,1,10.068810,-0.010152,0,0
6.390051,-0.094166,290.835800,283.135300,1,1,1,1,2,2,0.753212,0.749471,0.753105,0.749554,0.751330,-0.008909,0.979224,0.202585,-0.008908,0.979232,0.202546,-0.008834,0.979279,0.202322,9.633839,-2.050506,-0.010657,1,1,10.083050,-0.010008,0,0
6.400052,-0.094130,290.815300,283.234200,1,1,1,1,2,2,0.753040,0.749589,0.753030,0.749476,0.751253,-0.008912,0.979244,0.202488,-0.008908,0.979232,0.202546,-0.008840,0.979275,0.202341,9.635708,-2.053118,-0.010185,1,1,10.097280,-0.009861,0,0
6.410052,-0.094094,290.794700,283.333200,1,1,1,1,2,2,0.752999,0.749447,0.752923,0.749390,0.751156,-0.008909,0.979249,0.202463,-0.008908,0.979232,0.202546,-0.008846,0.979271,0.202359,9.641285,-2.055711,-0.009710,1,1,10.111510,-0.009711,0,0
6.420052,-0.094059,290.774200,283.432400,1,1,1,1,2,2,0.752939,0.749387,0.752866,0.749312,0.751089,-0.008906,0.979249,0.202463,-0.008908,0.979232,0.202546,-0.008852,0.979268,0.202375,9.640471,-2.058249,-0.009195,1,1,10.125730,-0.009560,0,0
6.430052,-0.094025,290.753600,283.531600,1,1,1,1,2,2,0.752879,0.749327,0.752806,0.749255,0.751031,-0.008909,0.979249,0.202463,-0.008908,0.979232,0.202546,-0.008857,0.979265,0.202390,9.638608,-2.060793,-0.008702,1,1,10.139950,-0.009406,0,0
6.440053,-0.093990,290.732900,283.631100,1,1,1,1,2,2,0.752808,0.749318,0.752731,0.749193,0.750962,-0.008911,0.979209,0.202661,-0.008908,0.979232,0.202546,-0.008861,0.979262,0.202403,9.639405,-2.063355,-0.008240,1,1,10.154160,-0.009251,0,0
6.450053,-0.093956,290.712300,283.730600,1,1,1,1,2,2,0.752726,0.749189,0.752683,0.749148,0.750916,-0.008907,0.979260,0.202413,-0.008908,0.979232,0.202546,-0.008865,0.979259,0.202415,9.636271,-2.065908,-0.007782,1,1,10.168370,-0.009096,0,0
6.460053,-0.093923,290.691600,283.830300,1,1,1,1,2,2,0.752670,0.748959,0.752597,0.749049,0.750823,-0.008908,0.979224,0.202585,-0.008908,0.979232,0.202546,-0.008869,0.979257,0.202427,9.642504,-2.068491,-0.007366,1,1,10.182580,-0.008940,0,0
6.470053,-0.093889,290.670900,283.930200,1,1,1,1,2,2,0.752610,0.749058,0.752540,0.749005,0.750772,-0.008907,0.979249,0.202463,-0.008908,0.979232,0.202546,-0.008872,0.979255,0.202437,9.639910,-2.071012,-0.006897,1,1,10.196770,-0.008785,0,0
6.480053,-0.093856,290.650100,284.030200,1,1,1,1,2,2,0.752614,0.748965,0.752510,0.748954,0.750732,-0.008909,0.979249,0.202463,-0.008908,0.979232,0.202546,-0.008875,0.979253,0.202446,9.636325,-2.073557,-0.006464,1,1,10.210970,-0.008629,0,0
6.490054,-0.093824,290.629400,284.130300,1,1,1,1,2,2,0.752472,0.749017,0.752465,0.748939,0.750702,-0.008909,0.979249,0.202463,-0.008908,0.979232,0.202546,-0.008878,0.979251,0.202455,9.631946,-2.076136,-0.006074,1,1,10.225160,-0.008474,0,0
6.500054,-0.093791,290.608600,284.230500,1,1,1,1,2,2,0.751142,0.748939,0.751866,0.748849,0.750357,-0.009906,0.979028,0.203487,-0.009327,0.979145,0.202948,-0.008917,0.979242,0.202497,9.676404,-2.078757,-0.005374,1,1,10.239340,-0.008319,0,0
6.510054,-0.093759,290.587800,284.330900,1,1,1,1,2,2,0.752023,0.748879,0.751950,0.748819,0.750384,-0.009329,0.979170,0.202828,-0.009327,0.979145,0.202948,-0.008952,0.979234,0.202536,9.643754,-2.080942,-0.004266,1,1,10.253520,-0.008512,0,0
6.520054,-0.093727,290.567000,284.431500,1,1,1,1,2,2,0.752068,0.748853,0.751940,0.748774,0.750357,-0.009329,0.979165,0.202853,-0.009327,0.979145,0.202948,-0.008984,0.979226,0.202572,9.629866,-2.083447,-0.003519,1,1,10.267700,-0.008671,0,0
6.530055,-0.093696,290.546100,284.532200,1,1,1,1,2,2,0.750763,0.747541,0.750744,0.747445,0.749095,-0.009323,0.978754,0.204828,-0.009323,0.978740,0.204891,-0.009014,0.979184,0.202771,9.798405,-2.086086,-0.001185,1,1,10.281880,-0.008797,0,0
6.540055,-0.093665,290.525200,284.633000,1,1,1,1,2,2,0.751027,0.747168,0.751013,0.747147,0.749080,-0.009722,0.978668,0.205219,-0.009724,0.978656,0.205275,-0.009075,0.979139,0.202987,9.695743,-2.087078,0.003009,1,1,10.296060,-0.008885,0,0
6.550055,-0.093634,290.504300,284.733900,1,1,1,1,2,2,0.751350,0.747436,0.751267,0.747404,0.749335,-0.009723,0.978668,0.205218,-0.009724,0.978656,0.205275,-0.009131,0.979097,0.203184,9.574950,-2.089077,0.005987,1,1,10.310270,-0.009298,0,0
6.560055,-0.093604,290.483400,284.835100,1,1,1,1,2,2,0.751568,0.747705,0.751520,0.747654,0.749587,-0.009723,0.978663,0.205244,-0.009724,0.978656,0.205275,-0.009182,0.979059,0.203364,9.489243,-2.092261,0.007584,1,1,10.324490,-0.009649,0,0
6.570055,-0.093574,290.462400,284.936300,1,1,1,1,2,2,0.751822,0.747958,0.751789,0.747926,0.749858,-0.009724,0.978663,0.205244,-0.009724,0.978656,0.205275,-0.009228,0.979025,0.203528,9.425699,-2.096286,0.008167,1,1,10.338710,-0.009943,0,0
6.580056,-0.093544,290.441400,285.037700,1,1,1,1,2,2,0.752091,0.748227,0.752058,0.748183,0.750120,-0.009723,0.978663,0.205244,-0.009724,0.978656,0.205275,-0.009271,0.978993,0.203678,9.383029,-2.100935,0.007970,1,1,10.352950,-0.010187,0,0
6.590056,-0.093515,290.420300,285.139200,1,1,1,1,2,2,0.752315,0.748451,0.752296,0.748416,0.750356,-0.009725,0.978663,0.205244,-0.009724,0.978656,0.205275,-0.009310,0.978964,0.203816,9.359212,-2.106001,0.007215,1,1,10.367200,-0.010385,0,0
6.600056,-0.093486,290.399200,285.240800,1,1,1,1,2,2,0.769797,0.748660,0.752796,0.748609,0.750703,-0.041493,0.970993,0.235481,-0.010143,0.978568,0.205676,-0.009382,0.978930,0.203976,9.315145,-2.111301,0.006468,1,1,10.381450,-0.010551,0,0
6.610056,-0.093457,290.378100,285.342600,1,1,1,1,2,2,0.753004,0.748824,0.753028,0.748780,0.750904,-0.010144,0.978576,0.205635,-0.010143,0.978568,0.205676,-0.009447,0.978899,0.204122,9.311791,-2.117034,0.005140,1,1,10.395710,-0.011021,0,0
6.620057,-0.093428,290.356800,285.444500,1,1,1,1,2,2,0.753308,0.748893,0.753297,0.748944,0.751120,-0.010144,0.978545,0.205783,-0.010143,0.978568,0.205676,-0.009507,0.978870,0.204256,9.309809,-2.122800,0.003650,1,1,10.409980,-0.011419,0,0
6.630057,-0.093400,290.335500,285.546500,1,1,1,1,2,2,0.754326,0.749897,0.754258,0.749856,0.752057,-0.010140,0.978149,0.207660,-0.010139,0.978158,0.207618,-0.009561,0.978809,0.204545,9.136721,-2.128585,0.003803,1,1,10.424260,-0.011752,0,0
6.640057,-0.093372,290.314200,285.648700,1,1,1,1,2,2,0.754684,0.750489,0.754631,0.750445,0.752538,-0.010540,0.978062,0.208050,-0.010539,0.978072,0.208001,-0.009646,0.978745,0.204843,9.086575,-2.136067,0.002323,1,1,10.438560,-0.012057,0,0
6.650057,-0.093344,290.292700,285.751000,1,1,1,1,2,2,0.754914,0.750788,0.754921,0.750719,0.752820,-0.010540,0.978062,0.208050,-0.010539,0.978072,0.208001,-0.009723,0.978687,0.205115,9.091381,-2.144042,0.000078,1,1,10.452880,-0.012619,0,0
6.660058,-0.093316,290.271200,285.853500,1,1,1,1,2,2,0.755178,0.751061,0.755184,0.751006,0.753095,-0.010538,0.978062,0.208050,-0.010539,0.978072,0.208001,-0.009793,0.978634,0.205363,9.102368,-2.151972,-0.002359,1,1,10.467230,-0.013093,0,0
6.670058,-0.093288,290.249600,285.956000,1,1,1,1,2,2,0.755476,0.751236,0.755378,0.751200,0.753289,-0.010541,0.978073,0.207998,-0.010539,0.978072,0.208001,-0.009857,0.978586,0.205590,9.130646,-2.159796,-0.004906,1,1,10.481590,-0.013493,0,0
6.680058,-0.093261,290.227900,286.058700,1,1,1,1,2,2,0.755605,0.751464,0.755548,0.751382,0.753465,-0.010538,0.978073,0.207998,-0.010539,0.978072,0.208001,-0.009916,0.978542,0.205798,9.160081,-2.167345,-0.007371,1,1,10.495970,-0.013824,0,0
6.690058,-0.093234,290.206200,286.161600,1,1,1,1,2,2,0.755710,0.751534,0.755676,0.751483,0.753580,-0.010539,0.978067,0.208024,-0.010539,0.978072,0.208001,-0.009970,0.978501,0.205987,9.197937,-2.174606,-0.009726,1,1,10.510370,-0.014093,0,0
6.700058,-0.093208,290.184400,286.264500,1,1,1,1,2,2,0.755784,0.751594,0.755724,0.751558,0.753641,-0.010539,0.978067,0.208024,-0.010539,0.978072,0.208001,-0.010019,0.978464,0.206161,9.240150,-2.181497,-0.011871,1,1,10.524770,-0.014307,0,0
6.710059,-0.093182,290.162500,286.367600,1,1,1,1,2,2,0.755860,0.751814,0.755777,0.751573,0.753675,-0.010537,0.978104,0.207850,-0.010539,0.978072,0.208001,-0.010063,0.978431,0.206319,9.280600,-2.187976,-0.013748,1,1,10.539190,-0.014471,0,0
6.720059,-0.093156,290.140500,286.470900,1,1,1,1,2,2,0.755844,0.751653,0.755792,0.751603,0.753697,-0.010537,0.978067,0.208024,-0.010539,0.978072,0.208001,-0.010104,0.978400,0.206464,9.316587,-2.194060,-0.015361,1,1,10.553620,-0.014592,0,0
6.730059,-0.093132,290.118500,286.574200,1,1,1,1,2,2,0.755814,0.751624,0.755751,0.751573,0.753662,-0.010543,0.978067,0.208024,-0.010539,0.978072,0.208001,-0.010142,0.978372,0.206596,9.357306,-2.199791,-0.016743,1,1,10.568050,-0.014673,0,0
6.740059,-0.093107,290.096500,286.677700,1,1,1,1,2,2,0.755769,0.751594,0.755691,0.751528,0.753609,-0.010539,0.978067,0.208024,-0.010539,0.978072,0.208001,-0.010176,0.978346,0.206717,9.393782,-2.205125,-0.017836,1,1,10.582490,-0.014718,0,0
6.750060,-0.093084,290.074400,286.781400,1,1,1,1,2,2,0.755729,0.751534,0.755653,0.751453,0.753553,-0.010538,0.978062,0.208050,-0.010539,0.978072,0.208001,-0.010207,0.978322,0.206828,9.424642,-2.210101,-0.018673,1,1,10.596940,-0.014730,0,0
6.760060,-0.093061,290.052200,286.885200,1,1,1,1,2,2,0.755635,0.751445,0.755587,0.751409,0.753498,-0.010536,0.978067,0.208024,-0.010539,0.978072,0.208001,-0.010236,0.978301,0.206929,9.450086,-2.214776,-0.019300,1,1,10.611390,-0.014714,0,0
6.770060,-0.093039,290.030000,286.989100,1,1,1,1,2,2,0.755550,0.751355,0.755482,0.751319,0.753401,-0.010541,0.978062,0.208050,-0.010539,0.978072,0.208001,-0.010262,0.978281,0.207021,9.478935,-2.219202,-0.019764,1,1,10.625840,-0.014673,0,0
6.780060,-0.093017,290.007800,287.093100,1,1,1,1,2,2,0.755426,0.751235,0.755363,0.751191,0.753277,-0.010539,0.978067,0.208024,-0.010539,0.978072,0.208001,-0.010286,0.978263,0.207105,9.507472,-2.223345,-0.020022,1,1,10.640300,-0.014608,0,0
6.790061,-0.092997,289.985500,287.197300,1,1,1,1,2,2,0.755317,0.751116,0.755273,0.751080,0.753177,-0.010540,0.978073,0.207998,-0.010539,0.978072,0.208001,-0.010308,0.978247,0.207182,9.526561,-2.227209,-0.020070,1,1,10.654750,-0.014523,0,0
6.800061,-0.092977,289.963200,287.301700,1,1,1,1,2,2,0.755148,0.750997,0.755139,0.750967,0.753053,-0.010540,0.978067,0.208024,-0.010539,0.978072,0.208001,-0.010328,0.978232,0.207253,9.546857,-2.230885,-0.019997,1,1,10.669210,-0.014420,0,0
6.810061,-0.092958,289.940900,287.406100,1,1,1,1,2,2,0.755083,0.750923,0.755049,0.750841,0.752945,-0.010538,0.978078,0.207972,-0.010539,0.978072,0.208001,-0.010346,0.978218,0.207317,9.560804,-2.234363,-0.019786,1,1,10.683660,-0.014302,0,0
6.820061,-0.092940,289.918500,287.510700,1,1,1,1,2,2,0.754964,0.750803,0.754918,0.750722,0.752820,-0.010537,0.978078,0.207972,-0.010539,0.978072,0.208001,-0.010363,0.978205,0.207376,9.575893,-2.237704,-0.019492,1,1,10.698120,-0.014169,0,0
6.830061,-0.092922,289.896100,287.615500,1,1,1,1,2,2,0.754840,0.750684,0.754796,0.750606,0.752701,-0.010534,0.978084,0.207946,-0.010539,0.978072,0.208001,-0.010378,0.978194,0.207430,9.587503,-2.240896,-0.019102,1,1,10.712570,-0.014024,0,0
6.840062,-0.092905,289.873700,287.720400,1,1,1,1,2,2,0.754721,0.750519,0.754664,0.750498,0.752581,-0.010538,0.978073,0.207998,-0.010539,0.978072,0.208001,-0.010392,0.978183,0.207479,9.597460,-2.243975,-0.018644,1,1,10.727030,-0.013869,0,0
6.850062,-0.092889,289.851200,287.825400,1,1,1,1,2,2,0.754601,0.750400,0.754572,0.750367,0.752469,-0.010539,0.978073,0.207998,-0.010539,0.978072,0.208001,-0.010404,0.978174,0.207524,9.604695,-2.246956,-0.018131,1,1,10.741480,-0.013703,0,0
6.860062,-0.092874,289.828700,287.930600,1,1,1,1,2,2,0.754482,0.750280,0.754437,0.750251,0.752344,-0.010538,0.978073,0.207998,-0.010539,0.978072,0.208001,-0.010416,0.978165,0.207565,9.613558,-2.249865,-0.017588,1,1,10.755920,-0.013531,0,0
6.870062,-0.092860,289.806200,288.035900,1,1,1,1,2,2,0.754362,0.750161,0.754333,0.750125,0.752229,-0.010540,0.978073,0.207998,-0.010539,0.978072,0.208001,-0.010427,0.978157,0.207603,9.619323,-2.252687,-0.016993,1,1,10.770370,-0.013351,0,0
6.880063,-0.092846,289.783600,288.141400,1,1,1,1,2,2,0.754247,0.750042,0.754199,0.749997,0.752098,-0.010542,0.978067,0.208024,-0.010539,0.978072,0.208001,-0.010436,0.978150,0.207637,9.627404,-2.255451,-0.016375,1,1,10.784810,-0.013166,0,0
6.890063,-0.092833,289.761000,288.247000,1,1,1,1,2,2,0.754163,0.749828,0.754064,0.749893,0.751978,-0.010539,0.978098,0.207876,-0.010539,0.978072,0.208001,-0.010445,0.978143,0.207668,9.632153,-2.258136,-0.015707,1,1,10.799250,-0.012976,0,0
6.900063,-0.092821,289.738400,288.352800,1,1,1,1,2,2,0.753994,0.749803,0.753945,0.749752,0.751848,-0.010540,0.978067,0.208024,-0.010539,0.978072,0.208001,-0.010453,0.978137,0.207697,9.638346,-2.260774,-0.015021,1,1,10.813690,-0.012782,0,0
6.910063,-0.092809,289.715800,288.458600,1,1,1,1,2,2,0.753874,0.749683,0.753847,0.749621,0.751734,-0.010539,0.978067,0.208024,-0.010539,0.978072,0.208001,-0.010461,0.978131,0.207723,9.640882,-2.263350,-0.014300,1,1,10.828120,-0.012584,0,0
6.920063,-0.092798,289.693100,288.564700,1,1,1,1,2,2,0.753735,0.749594,0.753742,0.749543,0.751643,-0.010540,0.978062,0.208050,-0.010539,0.978072,0.208001,-0.010468,0.978126,0.207747,9.639179,-2.265900,-0.013577,1,1,10.842540,-0.012383,0,0
6.930064,-0.092788,289.670500,288.670800,1,1,1,1,2,2,0.753695,0.749504,0.753617,0.749439,0.751528,-0.010538,0.978067,0.208024,-0.010539,0.978072,0.208001,-0.010474,0.978122,0.207769,9.642751,-2.268466,-0.012893,1,1,10.856970,-0.012180,0,0
6.940064,-0.092778,289.647800,288.777200,1,1,1,1,2,2,0.753610,0.749430,0.753557,0.749349,0.751453,-0.010540,0.978073,0.207998,-0.010539,0.978072,0.208001,-0.010479,0.978117,0.207789,9.638670,-2.270997,-0.012195,1,1,10.871390,-0.011976,0,0
6.950064,-0.092769,289.625000,288.883600,1,1,1,1,2,2,0.753497,0.749295,0.753474,0.749245,0.751359,-0.010539,0.978073,0.207998,-0.010539,0.978072,0.208001,-0.010485,0.978113,0.207807,9.639533,-2.273566,-0.011555,1,1,10.885800,-0.011772,0,0
6.960064,-0.092761,289.602300,288.990200,1,1,1,1,2,2,0.753397,0.749206,0.753348,0.749185,0.751266,-0.010538,0.978067,0.208024,-0.010539,0.978072,0.208001,-0.010489,0.978110,0.207824,9.640409,-2.276125,-0.010924,1,1,10.900210,-0.011567,0,0
6.970065,-0.092753,289.579500,289.097000,1,1,1,1,2,2,0.753357,0.749116,0.753258,0.749065,0.751162,-0.010538,0.978073,0.207998,-0.010539,0.978072,0.208001,-0.010494,0.978107,0.207839,9.643574,-2.278676,-0.010299,1,1,10.914610,-0.011363,0,0
6.980065,-0.092746,289.556600,289.203800,1,1,1,1,2,2,0.753218,0.749027,0.753169,0.748997,0.751083,-0.010538,0.978067,0.208024,-0.010539,0.978072,0.208001,-0.010498,0.978104,0.207853,9.641709,-2.281194,-0.009658,1,1,10.929010,-0.011158,0,0
6.990065,-0.092739,289.533800,289.310900,1,1,1,1,2,2,0.752696,0.748858,0.752580,0.748916,0.750748,-0.010988,0.978005,0.208292,-0.010988,0.977976,0.208430,-0.010540,0.978093,0.207903,9.676310,-2.283729,-0.008634,1,1,10.943400,-0.010952,0,0
7.000065,-0.092733,289.511000,289.418000,1,1,1,1,2,2,0.752711,0.748878,0.752633,0.748842,0.750737,-0.010991,0.977979,0.208414,-0.010988,0.977976,0.208430,-0.010578,0.978082,0.207948,9.645033,-2.285925,-0.007310,1,1,10.957790,-0.011118,0,0
7.010066,-0.092728,289.488100,289.525300,1,1,1,1,2,2,0.751183,0.747301,0.751188,0.747228,0.749208,-0.010984,0.977482,0.210733,-0.010982,0.977485,0.210721,-0.010613,0.978031,0.208187,9.840286,-2.288427,-0.004130,1,1,10.972180,-0.011248,0,0
7.020066,-0.092723,289.465200,289.632800,1,1,1,1,2,2,0.751547,0.747016,0.751465,0.746943,0.749204,-0.011371,0.977399,0.211096,-0.011371,0.977400,0.211093,-0.010678,0.977977,0.208437,9.708731,-2.289022,0.001141,1,1,10.986590,-0.011332,0,0
7.030066,-0.092719,289.442300,289.740400,1,1,1,1,2,2,0.751860,0.747329,0.751814,0.747274,0.749544,-0.011369,0.977399,0.211096,-0.011371,0.977400,0.211093,-0.010738,0.977927,0.208665,9.554002,-2.290907,0.004861,1,1,11.001010,-0.011731,0,0
7.040066,-0.092716,289.419300,289.848100,1,1,1,1,2,2,0.752177,0.747627,0.752105,0.747557,0.749831,-0.011371,0.977394,0.211122,-0.011371,0.977400,0.211093,-0.010792,0.977882,0.208874,9.452875,-2.294308,0.006820,1,1,11.015450,-0.012067,0,0
7.050066,-0.092713,289.396300,289.956000,1,1,1,1,2,2,0.752522,0.747779,0.752430,0.747907,0.750168,-0.011371,0.977379,0.211191,-0.011371,0.977400,0.211093,-0.010842,0.977840,0.209065,9.373033,-2.298700,0.007571,1,1,11.029900,-0.012342,0,0
7.060067,-0.092710,289.373300,290.064000,1,1,1,1,2,2,0.752754,0.748223,0.752669,0.748154,0.750411,-0.011371,0.977399,0.211096,-0.011371,0.977400,0.211093,-0.010888,0.977802,0.209240,9.334623,-2.303874,0.007345,1,1,11.044370,-0.012562,0,0
7.070067,-0.092708,289.350200,290.172100,1,1,1,1,2,2,0.753011,0.748445,0.752955,0.748428,0.750692,-0.011377,0.977382,0.211175,-0.011371,0.977400,0.211093,-0.010929,0.977768,0.209399,9.303144,-2.309424,0.006572,1,1,11.058840,-0.012734,0,0
7.080067,-0.092706,289.327000,290.280400,1,1,1,1,2,2,0.753552,0.748649,0.753543,0.748630,0.751087,-0.011821,0.977304,0.211512,-0.011819,0.977302,0.211521,-0.011006,0.977728,0.209582,9.252072,-2.315283,0.005753,1,1,11.073320,-0.012875,0,0
7.090067,-0.092705,289.303800,290.388900,1,1,1,1,2,2,0.753851,0.748842,0.753808,0.748824,0.751316,-0.011816,0.977304,0.211512,-0.011819,0.977302,0.211521,-0.011076,0.977691,0.209749,9.247972,-2.321642,0.004251,1,1,11.087820,-0.013340,0,0
7.100068,-0.092704,289.280500,290.497400,1,1,1,1,2,2,0.754053,0.748991,0.754050,0.748988,0.751519,-0.011821,0.977298,0.211539,-0.011819,0.977302,0.211521,-0.011140,0.977658,0.209901,9.253625,-2.328042,0.002552,1,1,11.102320,-0.013727,0,0
7.110068,-0.092703,289.257200,290.606100,1,1,1,1,2,2,0.755397,0.750251,0.755331,0.750480,0.752905,-0.011813,0.976811,0.213777,-0.012203,0.976718,0.214182,-0.011231,0.977578,0.210269,8.982959,-2.334387,0.003365,1,1,11.116830,-0.014058,0,0
7.120068,-0.092702,289.233700,290.714900,1,1,1,1,2,2,0.755814,0.750939,0.755763,0.750894,0.753328,-0.012200,0.976727,0.214140,-0.012203,0.976718,0.214182,-0.011315,0.977504,0.210606,8.961931,-2.343381,0.001131,1,1,11.131370,-0.014665,0,0
7.130068,-0.092702,289.210200,290.823900,1,1,1,1,2,2,0.756157,0.751302,0.756106,0.751255,0.753680,-0.012201,0.976721,0.214166,-0.012203,0.976718,0.214182,-0.011391,0.977436,0.210914,8.966981,-2.352584,-0.001631,1,1,11.145940,-0.015160,0,0
7.140069,-0.092702,289.186600,290.933000,1,1,1,1,2,2,0.756440,0.751640,0.756407,0.751546,0.753977,-0.012205,0.976721,0.214166,-0.012203,0.976718,0.214182,-0.011461,0.977374,0.211195,8.988090,-2.361739,-0.004634,1,1,11.160540,-0.015571,0,0
7.150069,-0.092702,289.162900,291.042200,1,1,1,1,2,2,0.756679,0.751879,0.756616,0.751770,0.754193,-0.012204,0.976721,0.214166,-0.012203,0.976718,0.214182,-0.011525,0.977318,0.211452,9.025084,-2.370689,-0.007691,1,1,11.175150,-0.015909,0,0
7.160069,-0.092703,289.139100,291.151500,1,1,1,1,2,2,0.756858,0.751987,0.756777,0.751940,0.754358,-0.012201,0.976721,0.214166,-0.012203,0.976718,0.214182,-0.011583,0.977266,0.211687,9.068045,-2.379279,-0.010622,1,1,11.189790,-0.016181,0,0
7.170069,-0.092704,289.115200,291.261000,1,1,1,1,2,2,0.756977,0.752141,0.756932,0.752083,0.754507,-0.012206,0.976715,0.214193,-0.012203,0.976718,0.214182,-0.011637,0.977219,0.211902,9.108850,-2.387450,-0.013346,1,1,11.204440,-0.016392,0,0
7.180069,-0.092705,289.091200,291.370600,1,1,1,1,2,2,0.757066,0.752247,0.757003,0.752157,0.754580,-0.012205,0.976727,0.214140,-0.012203,0.976718,0.214182,-0.011686,0.977176,0.212098,9.158300,-2.395223,-0.015866,1,1,11.219110,-0.016550,0,0
7.190070,-0.092707,289.067200,291.480300,1,1,1,1,2,2,0.757131,0.752255,0.757060,0.752208,0.754634,-0.012205,0.976715,0.214193,-0.012203,0.976718,0.214182,-0.011730,0.977136,0.212277,9.203533,-2.402514,-0.018078,1,1,11.233780,-0.016660,0,0
7.200070,-0.092710,289.043200,291.590200,1,1,1,1,2,2,0.757126,0.752307,0.757075,0.752202,0.754638,-0.012203,0.976727,0.214140,-0.012203,0.976718,0.214182,-0.011771,0.977100,0.212441,9.250681,-2.409362,-0.020008,1,1,11.248470,-0.016727,0,0
7.210070,-0.092713,289.019000,291.700200,1,1,1,1,2,2,0.757081,0.752226,0.757015,0.752164,0.754589,-0.012203,0.976721,0.214166,-0.012203,0.976718,0.214182,-0.011808,0.977067,0.212591,9.299524,-2.415751,-0.021623,1,1,11.263170,-0.016757,0,0
7.220070,-0.092717,288.994800,291.810400,1,1,1,1,2,2,0.757007,0.752187,0.756941,0.752083,0.754512,-0.012202,0.976727,0.214140,-0.012203,0.976718,0.214182,-0.011842,0.977037,0.212728,9.344980,-2.421662,-0.022893,1,1,11.277880,-0.016750,0,0
7.230071,-0.092722,288.970500,291.920700,1,1,1,1,2,2,0.756968,0.752026,0.756851,0.752053,0.754452,-0.012204,0.976721,0.214166,-0.012203,0.976718,0.214182,-0.011873,0.977010,0.212853,9.379082,-2.427129,-0.023838,1,1,11.292590,-0.016714,0,0
7.240071,-0.092727,288.946200,292.031100,1,1,1,1,2,2,0.756832,0.751957,0.756762,0.751910,0.754336,-0.012207,0.976715,0.214193,-0.012203,0.976718,0.214182,-0.011901,0.976984,0.212967,9.417820,-2.432263,-0.024563,1,1,11.307300,-0.016651,0,0
7.250071,-0.092734,288.921800,292.141600,1,1,1,1,2,2,0.756725,0.751823,0.756619,0.751755,0.754187,-0.012204,0.976733,0.214113,-0.012203,0.976718,0.214182,-0.011927,0.976961,0.213072,9.455599,-2.437019,-0.025010,1,1,11.322020,-0.016563,0,0
7.260071,-0.092741,288.897400,292.252300,1,1,1,1,2,2,0.756560,0.751782,0.756508,0.751621,0.754064,-0.012203,0.976694,0.214288,-0.012203,0.976718,0.214182,-0.011951,0.976940,0.213167,9.481668,-2.441405,-0.025179,1,1,11.336740,-0.016453,0,0
7.270072,-0.092749,288.872900,292.363200,1,1,1,1,2,2,0.756406,0.751519,0.756356,0.751501,0.753929,-0.012204,0.976721,0.214166,-0.012203,0.976718,0.214182,-0.011973,0.976921,0.213255,9.505942,-2.445536,-0.025180,1,1,11.351470,-0.016324,0,0
7.280072,-0.092758,288.848400,292.474200,1,1,1,1,2,2,0.756262,0.751391,0.756180,0.751337,0.753759,-0.012205,0.976721,0.214166,-0.012203,0.976718,0.214182,-0.011993,0.976904,0.213334,9.532385,-2.449430,-0.025023,1,1,11.366190,-0.016178,0,0
7.290072,-0.092768,288.823900,292.585300,1,1,1,1,2,2,0.756149,0.751242,0.756031,0.751192,0.753612,-0.012201,0.976727,0.214140,-0.012203,0.976718,0.214182,-0.012011,0.976888,0.213407,9.550135,-2.453065,-0.024678,1,1,11.380910,-0.016018,0,0
7.300072,-0.092779,288.799300,292.696600,1,1,1,1,2,2,0.755934,0.751078,0.755904,0.751016,0.753460,-0.012205,0.976721,0.214166,-0.012203,0.976718,0.214182,-0.012027,0.976873,0.213474,9.565975,-2.456527,-0.024226,1,1,11.395630,-0.015844,0,0
7.310072,-0.092791,288.774700,292.808000,1,1,1,1,2,2,0.755789,0.750914,0.755733,0.750875,0.753304,-0.012205,0.976715,0.214193,-0.012203,0.976718,0.214182,-0.012042,0.976860,0.213535,9.580202,-2.459832,-0.023680,1,1,11.410360,-0.015659,0,0
7.320073,-0.092804,288.750100,292.919600,1,1,1,1,2,2,0.755657,0.750765,0.755558,0.750697,0.753127,-0.012201,0.976727,0.214140,-0.012203,0.976718,0.214182,-0.012056,0.976847,0.213590,9.596262,-2.462999,-0.023051,1,1,11.425080,-0.015464,0,0
7.330073,-0.092817,288.725400,293.031300,1,1,1,1,2,2,0.755457,0.750582,0.755387,0.750529,0.752958,-0.012202,0.976727,0.214140,-0.012203,0.976718,0.214182,-0.012069,0.976836,0.213641,9.608164,-2.466008,-0.022316,1,1,11.439790,-0.015260,0,0
7.340073,-0.092832,288.700700,293.143100,1,1,1,1,2,2,0.755308,0.750437,0.755235,0.750387,0.752811,-0.012200,0.976721,0.214166,-0.012203,0.976718,0.214182,-0.012080,0.976826,0.213688,9.614479,-2.468900,-0.021511,1,1,11.454510,-0.015050,0,0
7.350073,-0.092847,288.676000,293.255100,1,1,1,1,2,2,0.755144,0.750288,0.755074,0.750226,0.752650,-0.012203,0.976721,0.214166,-0.012203,0.976718,0.214182,-0.012091,0.976817,0.213730,9.622757,-2.471729,-0.020689,1,1,11.469220,-0.014833,0,0
7.360074,-0.092864,288.651300,293.367300,1,1,1,1,2,2,0.754975,0.750301,0.754929,0.750086,0.752507,-0.012202,0.976753,0.214018,-0.012203,0.976718,0.214182,-0.012101,0.976808,0.213769,9.626874,-2.474477,-0.019826,1,1,11.483930,-0.014611,0,0
7.370074,-0.092881,288.626500,293.479600,1,1,1,1,2,2,0.754882,0.749980,0.754768,0.749922,0.752345,-0.012203,0.976721,0.214166,-0.012203,0.976718,0.214182,-0.012109,0.976800,0.213805,9.634342,-2.477184,-0.018959,1,1,11.498640,-0.014386,0,0
7.380074,-0.092899,288.601700,293.592000,1,1,1,1,2,2,0.754682,0.749811,0.754616,0.749761,0.752188,-0.012204,0.976721,0.214166,-0.012203,0.976718,0.214182,-0.012117,0.976793,0.213837,9.639789,-2.479817,-0.018053,1,1,11.513340,-0.014157,0,0
7.390074,-0.092918,288.576900,293.704600,1,1,1,1,2,2,0.754563,0.749692,0.754496,0.749653,0.752075,-0.012206,0.976721,0.214166,-0.012203,0.976718,0.214182,-0.012125,0.976787,0.213867,9.636916,-2.482396,-0.017124,1,1,11.528040,-0.013926,0,0
7.400074,-0.092937,288.552000,293.817300,1,1,1,1,2,2,0.754443,0.749568,0.754399,0.749534,0.751966,-0.012204,0.976727,0.214140,-0.012203,0.976718,0.214182,-0.012132,0.976781,0.213894,9.634641,-2.485003,-0.016254,1,1,11.542730,-0.013692,0,0
7.410075,-0.092958,288.527200,293.930100,1,1,1,1,2,2,0.754324,0.749287,0.754279,0.749385,0.751832,-0.012200,0.976700,0.214261,-0.012203,0.976718,0.214182,-0.012138,0.976775,0.213919,9.638202,-2.487630,-0.015433,1,1,11.557420,-0.013456,0,0
7.420075,-0.092979,288.502300,294.043200,1,1,1,1,2,2,0.754205,0.749427,0.754154,0.749269,0.751711,-0.012203,0.976694,0.214288,-0.012203,0.976718,0.214182,-0.012143,0.976770,0.213941,9.639110,-2.490222,-0.014601,1,1,11.572110,-0.013221,0,0
7.430075,-0.093001,288.477300,294.156300,1,1,1,1,2,2,0.754086,0.749286,0.754031,0.749191,0.751611,-0.012203,0.976721,0.214166,-0.012203,0.976718,0.214182,-0.012148,0.976766,0.213962,9.636611,-2.492803,-0.013782,1,1,11.586780,-0.012985,0,0
7.440075,-0.093024,288.452400,294.269600,1,1,1,1,2,2,0.753501,0.749126,0.753394,0.749042,0.751218,-0.012625,0.976642,0.214503,-0.012625,0.976624,0.214584,-0.012189,0.976754,0.214015,9.677620,-2.495408,-0.012596,1,1,11.601460,-0.012747,0,0
7.450076,-0.093047,288.427400,294.383100,1,1,1,1,2,2,0.753344,0.748985,0.753394,0.748983,0.751188,-0.012627,0.976603,0.214677,-0.012625,0.976624,0.214584,-0.012227,0.976742,0.214064,9.644320,-2.497612,-0.011053,1,1,11.616130,-0.012859,0,0
7.460076,-0.093072,288.402400,294.496600,1,1,1,1,2,2,0.753374,0.748947,0.753408,0.748885,0.751147,-0.012627,0.976609,0.214650,-0.012625,0.976624,0.214584,-0.012261,0.976732,0.214109,9.622650,-2.500141,-0.009892,1,1,11.630800,-0.012937,0,0
7.470076,-0.093097,288.377400,294.610400,1,1,1,1,2,2,0.752216,0.747385,0.752115,0.746952,0.749533,-0.012622,0.976103,0.216940,-0.012943,0.976026,0.217271,-0.012320,0.976671,0.214381,9.821014,-2.502880,-0.006234,1,1,11.645470,-0.012982,0,0
7.480076,-0.093123,288.352400,294.724300,1,1,1,1,2,2,0.752538,0.747374,0.752427,0.747261,0.749844,-0.012943,0.976046,0.217181,-0.012943,0.976026,0.217271,-0.012374,0.976616,0.214630,9.630231,-2.503686,-0.000862,1,1,11.660150,-0.013257,0,0
7.490077,-0.093149,288.327300,294.838300,1,1,1,1,2,2,0.752866,0.747739,0.752755,0.747588,0.750171,-0.012941,0.976052,0.217154,-0.012943,0.976026,0.217271,-0.012423,0.976565,0.214857,9.490399,-2.506358,0.002354,1,1,11.674860,-0.013498,0,0
7.500077,-0.093177,288.302200,294.952500,1,1,1,1,2,2,0.753148,0.747932,0.753037,0.747883,0.750460,-0.012946,0.976039,0.217208,-0.012943,0.976026,0.217271,-0.012467,0.976519,0.215065,9.398250,-2.510399,0.003945,1,1,11.689580,-0.013687,0,0
7.510077,-0.093205,288.277000,295.066800,1,1,1,1,2,2,0.753431,0.748120,0.753361,0.748169,0.750765,-0.012944,0.976019,0.217302,-0.012943,0.976026,0.217271,-0.012508,0.976476,0.215255,9.331387,-2.515341,0.004406,1,1,11.704310,-0.013827,0,0
7.520077,-0.093233,288.251800,295.181200,1,1,1,1,2,2,0.753719,0.748372,0.753594,0.748418,0.751006,-0.012943,0.976013,0.217329,-0.012943,0.976026,0.217271,-0.012546,0.976437,0.215428,9.297462,-2.520937,0.004011,1,1,11.719050,-0.013925,0,0
7.530077,-0.093262,288.226600,295.295800,1,1,1,1,2,2,0.754339,0.748625,0.754192,0.748681,0.751436,-0.013360,0.975911,0.217759,-0.013365,0.975930,0.217673,-0.012616,0.976394,0.215622,9.231905,-2.526865,0.003520,1,1,11.733800,-0.013995,0,0
7.540078,-0.093291,288.201200,295.410500,1,1,1,1,2,2,0.754636,0.748981,0.754474,0.748886,0.751680,-0.013362,0.975938,0.217638,-0.013365,0.975930,0.217673,-0.012681,0.976354,0.215798,9.221090,-2.533435,0.002180,1,1,11.748570,-0.014374,0,0
7.550078,-0.093321,288.175800,295.525400,1,1,1,1,2,2,0.755646,0.750104,0.755621,0.749996,0.752809,-0.013360,0.975419,0.219953,-0.013358,0.975397,0.220049,-0.012739,0.976271,0.216164,8.996161,-2.540110,0.003022,1,1,11.763340,-0.014683,0,0
7.560078,-0.093350,288.150400,295.640400,1,1,1,1,2,2,0.756190,0.750757,0.756112,0.750675,0.753393,-0.013686,0.975327,0.220342,-0.013683,0.975323,0.220358,-0.012820,0.976190,0.216525,8.926403,-2.548985,0.001569,1,1,11.778140,-0.014961,0,0
7.570078,-0.093380,288.124800,295.755500,1,1,1,1,2,2,0.756664,0.751149,0.756544,0.751070,0.753807,-0.013685,0.975360,0.220194,-0.013683,0.975323,0.220358,-0.012894,0.976115,0.216855,8.914057,-2.558544,-0.000943,1,1,11.792970,-0.015426,0,0
7.580079,-0.093410,288.099100,295.870800,1,1,1,1,2,2,0.756897,0.751568,0.756874,0.751401,0.754137,-0.013683,0.975327,0.220342,-0.013683,0.975323,0.220358,-0.012962,0.976047,0.217157,8.928015,-2.568226,-0.003909,1,1,11.807830,-0.015809,0,0
7.590079,-0.093440,288.073300,295.986100,1,1,1,1,2,2,0.757217,0.751851,0.757139,0.751687,0.754413,-0.013683,0.975333,0.220314,-0.013683,0.975323,0.220358,-0.013024,0.975985,0.217432,8.956067,-2.577773,-0.007038,1,1,11.822710,-0.016119,0,0
7.600079,-0.093470,288.047400,296.101700,1,1,1,1,2,2,0.757440,0.752060,0.757347,0.751888,0.754618,-0.013681,0.975333,0.220314,-0.013683,0.975323,0.220358,-0.013081,0.975928,0.217684,8.996751,-2.587048,-0.010164,1,1,11.837620,-0.016366,0,0
7.610079,-0.093500,288.021500,296.217300,1,1,1,1,2,2,0.757589,0.752132,0.757518,0.752067,0.754792,-0.013683,0.975360,0.220193,-0.013683,0.975323,0.220358,-0.013133,0.975876,0.217914,9.039134,-2.595926,-0.013136,1,1,11.852540,-0.016555,0,0
7.620080,-0.093531,287.995400,296.333100,1,1,1,1,2,2,0.757723,0.752088,0.757633,0.752186,0.754910,-0.013683,0.975333,0.220314,-0.013683,0.975323,0.220358,-0.013180,0.975828,0.218125,9.087020,-2.604392,-0.015915,1,1,11.867470,-0.016691,0,0
7.630080,-0.093562,287.969300,296.449000,1,1,1,1,2,2,0.757782,0.752148,0.757690,0.752227,0.754958,-0.013684,0.975333,0.220314,-0.013683,0.975323,0.220358,-0.013223,0.975785,0.218317,9.140651,-2.612390,-0.018428,1,1,11.882420,-0.016781,0,0
7.640080,-0.093594,287.943100,296.565100,1,1,1,1,2,2,0.757807,0.752355,0.757741,0.752260,0.755001,-0.013684,0.975366,0.220166,-0.013683,0.975323,0.220358,-0.013263,0.975745,0.218493,9.186915,-2.619866,-0.020598,1,1,11.897380,-0.016829,0,0
7.650080,-0.093626,287.916800,296.681200,1,1,1,1,2,2,0.757797,0.752273,0.757741,0.752245,0.754993,-0.013686,0.975354,0.220221,-0.013683,0.975323,0.220358,-0.013299,0.975709,0.218653,9.235034,-2.626890,-0.022484,1,1,11.912350,-0.016840,0,0
7.660080,-0.093659,287.890500,296.797600,1,1,1,1,2,2,0.757790,0.752118,0.757645,0.752186,0.754915,-0.013681,0.975339,0.220287,-0.013683,0.975323,0.220358,-0.013332,0.975676,0.218800,9.287865,-2.633446,-0.024050,1,1,11.927330,-0.016819,0,0
7.670081,-0.093692,287.864100,296.914000,1,1,1,1,2,2,0.757663,0.752125,0.757570,0.752126,0.754848,-0.013683,0.975299,0.220463,-0.013683,0.975323,0.220358,-0.013362,0.975645,0.218934,9.329301,-2.639485,-0.025237,1,1,11.942320,-0.016768,0,0
7.680081,-0.093726,287.837600,297.030600,1,1,1,1,2,2,0.757544,0.752054,0.757466,0.752014,0.754740,-0.013683,0.975312,0.220408,-0.013683,0.975323,0.220358,-0.013390,0.975618,0.219057,9.371236,-2.645120,-0.026146,1,1,11.957300,-0.016691,0,0
7.690081,-0.093761,287.811200,297.147400,1,1,1,1,2,2,0.757455,0.752060,0.757377,0.751903,0.754640,-0.013683,0.975333,0.220314,-0.013683,0.975323,0.220358,-0.013415,0.975592,0.219169,9.404354,-2.650346,-0.026761,1,1,11.972300,-0.016590,0,0
7.700081,-0.093796,287.784600,297.264300,1,1,1,1,2,2,0.757301,0.751834,0.757235,0.751769,0.754502,-0.013681,0.975367,0.220166,-0.013683,0.975323,0.220358,-0.013438,0.975569,0.219271,9.438904,-2.655248,-0.027158,1,1,11.987290,-0.016468,0,0
7.710082,-0.093833,287.758000,297.381300,1,1,1,1,2,2,0.757195,0.751618,0.757086,0.751576,0.754331,-0.013682,0.975360,0.220193,-0.013683,0.975323,0.220358,-0.013459,0.975548,0.219365,9.473413,-2.659813,-0.027314,1,1,12.002290,-0.016328,0,0
7.720082,-0.093870,287.731400,297.498500,1,1,1,1,2,2,0.756979,0.751344,0.756931,0.751427,0.754179,-0.013686,0.975333,0.220314,-0.013683,0.975323,0.220358,-0.013478,0.975529,0.219450,9.498269,-2.664041,-0.027220,1,1,12.017280,-0.016171,0,0
7.730082,-0.093908,287.704700,297.615800,1,1,1,1,2,2,0.756825,0.751358,0.756722,0.751278,0.754000,-0.013680,0.975367,0.220166,-0.013683,0.975323,0.220358,-0.013496,0.975511,0.219528,9.523881,-2.668026,-0.026966,1,1,12.032280,-0.016001,0,0
7.740082,-0.093947,287.678000,297.733300,1,1,1,1,2,2,0.756724,0.751179,0.756610,0.751100,0.753855,-0.013682,0.975360,0.220194,-0.013683,0.975323,0.220358,-0.013512,0.975495,0.219600,9.539167,-2.671760,-0.026536,1,1,12.047280,-0.015818,0,0
7.750082,-0.093987,287.651200,297.850900,1,1,1,1,2,2,0.756493,0.751001,0.756395,0.750924,0.753660,-0.013686,0.975354,0.220221,-0.013683,0.975323,0.220358,-0.013527,0.975480,0.219665,9.561394,-2.675345,-0.026026,1,1,12.062270,-0.015624,0,0
7.760083,-0.094028,287.624400,297.968700,1,1,1,1,2,2,0.756309,0.750751,0.756246,0.750742,0.753494,-0.013684,0.975306,0.220435,-0.013683,0.975323,0.220358,-0.013540,0.975467,0.219725,9.574422,-2.678713,-0.025362,1,1,12.077270,-0.015421,0,0
7.770083,-0.094069,287.597600,298.086600,1,1,1,1,2,2,0.756130,0.750643,0.756038,0.750571,0.753304,-0.013683,0.975360,0.220193,-0.013683,0.975323,0.220358,-0.013552,0.975454,0.219779,9.590181,-2.681952,-0.024628,1,1,12.092260,-0.015211,0,0
7.780083,-0.094112,287.570700,298.204700,1,1,1,1,2,2,0.755952,0.750557,0.755896,0.750385,0.753140,-0.013684,0.975333,0.220314,-0.013683,0.975323,0.220358,-0.013564,0.975443,0.219829,9.598683,-2.685037,-0.023794,1,1,12.107250,-0.014994,0,0
7.790083,-0.094155,287.543900,298.322900,1,1,1,1,2,2,0.755773,0.750124,0.755714,0.750213,0.752963,-0.013683,0.975333,0.220314,-0.013683,0.975323,0.220358,-0.013574,0.975433,0.219875,9.608716,-2.688039,-0.022925,1,1,12.122230,-0.014771,0,0
7.800084,-0.094199,287.516900,298.441200,1,1,1,1,2,2,0.755595,0.750122,0.755502,0.750043,0.752772,-0.013685,0.975360,0.220193,-0.013683,0.975323,0.220358,-0.013583,0.975423,0.219916,9.619987,-2.690941,-0.022004,1,1,12.137210,-0.014543,0,0
7.810084,-0.094244,287.490000,298.559700,1,1,1,1,2,2,0.755378,0.749796,0.755356,0.749879,0.752618,-0.013688,0.975327,0.220342,-0.013683,0.975323,0.220358,-0.013592,0.975415,0.219954,9.622956,-2.693733,-0.021014,1,1,12.152190,-0.014311,0,0
7.820084,-0.094290,287.463000,298.678400,1,1,1,1,2,2,0.755272,0.749780,0.755174,0.749719,0.752447,-0.013685,0.975354,0.220221,-0.013683,0.975323,0.220358,-0.013600,0.975407,0.219989,9.629165,-2.696495,-0.020033,1,1,12.167170,-0.014076,0,0
7.830084,-0.094337,287.436000,298.797200,1,1,1,1,2,2,0.755133,0.749499,0.755037,0.749597,0.752317,-0.013682,0.975333,0.220314,-0.013683,0.975323,0.220358,-0.013607,0.975400,0.220021,9.627323,-2.699195,-0.019027,1,1,12.182140,-0.013839,0,0
7.840085,-0.094384,287.409000,298.916100,1,1,1,1,2,2,0.754999,0.749604,0.754921,0.749451,0.752186,-0.013685,0.975333,0.220314,-0.013683,0.975323,0.220358,-0.013613,0.975393,0.220050,9.626901,-2.701912,-0.018072,1,1,12.197100,-0.013599,0,0
7.850085,-0.094433,287.382000,299.035200,1,1,1,1,2,2,0.754860,0.749398,0.754802,0.749320,0.752061,-0.013682,0.975360,0.220194,-0.013683,0.975323,0.220358,-0.013619,0.975387,0.220077,9.626305,-2.704632,-0.017152,1,1,12.212060,-0.013359,0,0
7.860085,-0.094482,287.354900,299.154400,1,1,1,1,2,2,0.754694,0.749366,0.754672,0.749187,0.751929,-0.013683,0.975327,0.220342,-0.013683,0.975323,0.220358,-0.013625,0.975382,0.220101,9.627903,-2.707357,-0.016266,1,1,12.227010,-0.013119,0,0
7.870085,-0.094532,287.327800,299.273800,1,1,1,1,2,2,0.754274,0.749083,0.754122,0.749049,0.751586,-0.014025,0.975295,0.220462,-0.014025,0.975245,0.220684,-0.013659,0.975370,0.220151,9.658874,-2.710065,-0.015036,1,1,12.241960,-0.012877,0,0
7.880085,-0.094582,287.300700,299.393300,1,1,1,1,2,2,0.754067,0.748859,0.754077,0.748942,0.751509,-0.014024,0.975240,0.220704,-0.014025,0.975245,0.220684,-0.013691,0.975359,0.220197,9.635300,-2.712471,-0.013549,1,1,12.256910,-0.012918,0,0
7.890086,-0.094633,287.273500,299.513000,1,1,1,1,2,2,0.750169,0.749009,0.754067,0.748815,0.751441,-0.014017,0.974603,0.223501,-0.014025,0.975245,0.220684,-0.013720,0.975349,0.220239,9.617476,-2.715105,-0.012346,1,1,12.271850,-0.012932,0,0
7.900086,-0.094685,287.246300,299.632800,1,1,1,1,2,2,0.752849,0.747197,0.752837,0.747122,0.749980,-0.014231,0.974717,0.222989,-0.014228,0.974696,0.223082,-0.013763,0.975293,0.220484,9.790435,-2.717913,-0.008765,1,1,12.286790,-0.012918,0,0
7.910086,-0.094738,287.219100,299.752800,1,1,1,1,2,2,0.753111,0.747358,0.753089,0.747398,0.750244,-0.014225,0.974711,0.223017,-0.014228,0.974696,0.223082,-0.013803,0.975242,0.220707,9.616062,-2.719036,-0.003711,1,1,12.301750,-0.013050,0,0
7.920086,-0.094792,287.191900,299.872900,1,1,1,1,2,2,0.753384,0.747664,0.753386,0.747665,0.750526,-0.014229,0.974711,0.223017,-0.014228,0.974696,0.223082,-0.013840,0.975195,0.220912,9.487933,-2.721864,-0.000637,1,1,12.316720,-0.013157,0,0
7.930087,-0.094846,287.164700,299.993200,1,1,1,1,2,2,0.753646,0.748023,0.753639,0.747925,0.750782,-0.014227,0.974689,0.223110,-0.014228,0.974696,0.223082,-0.013873,0.975152,0.221099,9.402010,-2.725942,0.000939,1,1,12.331700,-0.013225,0,0
7.940087,-0.094901,287.137400,300.113600,1,1,1,1,2,2,0.753889,0.748222,0.753877,0.748171,0.751024,-0.014230,0.974677,0.223166,-0.014228,0.974696,0.223082,-0.013904,0.975112,0.221269,9.345085,-2.730860,0.001460,1,1,12.346690,-0.013259,0,0
7.950087,-0.094956,287.110000,300.234200,1,1,1,1,2,2,0.764522,0.748484,0.754342,0.748364,0.751353,-0.032086,0.970236,0.240026,-0.014571,0.974616,0.223408,-0.013961,0.975070,0.221453,9.282233,-2.736334,0.001588,1,1,12.361690,-0.013270,0,0
7.960087,-0.095011,287.082600,300.354900,1,1,1,1,2,2,0.754651,0.748624,0.754606,0.748564,0.751585,-0.014571,0.974623,0.223378,-0.014571,0.974616,0.223408,-0.014014,0.975031,0.221622,9.257457,-2.742422,0.000893,1,1,12.376710,-0.013532,0,0
7.970088,-0.095067,287.055100,300.475700,1,1,1,1,2,2,0.754884,0.748734,0.754847,0.748720,0.751784,-0.014567,0.974623,0.223378,-0.014571,0.974616,0.223408,-0.014062,0.974995,0.221775,9.249315,-2.748752,-0.000227,1,1,12.391730,-0.013738,0,0
7.980088,-0.095123,287.027500,300.596600,1,1,1,1,2,2,0.755975,0.749916,0.755971,0.750056,0.753013,-0.014564,0.974105,0.225625,-0.014774,0.974061,0.225804,-0.014123,0.974915,0.222122,8.995646,-2.755161,0.001035,1,1,12.406750,-0.013901,0,0
7.990088,-0.095179,286.999800,300.717700,1,1,1,1,2,2,0.756391,0.750350,0.756365,0.750443,0.753404,-0.014779,0.974068,0.225773,-0.014774,0.974061,0.225804,-0.014179,0.974841,0.222439,8.965684,-2.764047,-0.000606,1,1,12.421810,-0.014203,0,0
8.000088,-0.095234,286.972100,300.839000,1,1,1,1,2,2,0.756748,0.750851,0.756766,0.750791,0.753779,-0.014776,0.974046,0.225866,-0.014774,0.974061,0.225804,-0.014230,0.974774,0.222729,8.954457,-2.773227,-0.002884,1,1,12.436890,-0.014434,0,0
8.010088,-0.095290,286.944300,300.960400,1,1,1,1,2,2,0.757051,0.751148,0.757064,0.751082,0.754073,-0.014776,0.974040,0.225894,-0.014774,0.974061,0.225804,-0.014277,0.974713,0.222993,8.968370,-2.782518,-0.005580,1,1,12.451990,-0.014611,0,0
8.020088,-0.095346,286.916400,301.081800,1,1,1,1,2,2,0.757342,0.751501,0.757272,0.751349,0.754310,-0.014776,0.974061,0.225801,-0.014774,0.974061,0.225804,-0.014320,0.974657,0.223235,8.995975,-2.791674,-0.008418,1,1,12.467100,-0.014740,0,0
8.030088,-0.095402,286.888300,301.203500,1,1,1,1,2,2,0.757515,0.751564,0.757435,0.751513,0.754474,-0.014775,0.974053,0.225838,-0.014774,0.974061,0.225804,-0.014359,0.974605,0.223456,9.036515,-2.800562,-0.011237,1,1,12.482240,-0.014827,0,0
8.040089,-0.095457,286.860300,301.325300,1,1,1,1,2,2,0.757664,0.751659,0.757584,0.751650,0.754617,-0.014774,0.974046,0.225866,-0.014774,0.974061,0.225804,-0.014395,0.974558,0.223659,9.076542,-2.809056,-0.013885,1,1,12.497390,-0.014876,0,0
8.050089,-0.095513,286.832100,301.447200,1,1,1,1,2,2,0.757699,0.751802,0.757695,0.751772,0.754733,-0.014775,0.974046,0.225866,-0.014774,0.974061,0.225804,-0.014427,0.974516,0.223843,9.116709,-2.817160,-0.016349,1,1,12.512550,-0.014889,0,0
8.060089,-0.095570,286.803800,301.569200,1,1,1,1,2,2,0.757783,0.751995,0.757732,0.751795,0.754764,-0.014773,0.974081,0.225717,-0.014774,0.974061,0.225804,-0.014457,0.974477,0.224012,9.167316,-2.824872,-0.018607,1,1,12.527730,-0.014873,0,0
8.070089,-0.095626,286.775500,301.691400,1,1,1,1,2,2,0.757783,0.751832,0.757710,0.751784,0.754747,-0.014774,0.974053,0.225838,-0.014774,0.974061,0.225804,-0.014484,0.974441,0.224166,9.218352,-2.832091,-0.020539,1,1,12.542910,-0.014829,0,0
8.080090,-0.095683,286.747100,301.813800,1,1,1,1,2,2,0.757801,0.751832,0.757747,0.751795,0.754771,-0.014773,0.974066,0.225782,-0.014774,0.974061,0.225804,-0.014509,0.974408,0.224307,9.253273,-2.838813,-0.022125,1,1,12.558090,-0.014760,0,0
8.090090,-0.095740,286.718700,301.936200,1,1,1,1,2,2,0.757670,0.751681,0.757665,0.751706,0.754685,-0.014774,0.974074,0.225745,-0.014774,0.974061,0.225804,-0.014532,0.974378,0.224436,9.303117,-2.845194,-0.023513,1,1,12.573290,-0.014672,0,0
8.100090,-0.095797,286.690200,302.058800,1,1,1,1,2,2,0.757634,0.751683,0.757584,0.751668,0.754626,-0.014779,0.974053,0.225838,-0.014774,0.974061,0.225804,-0.014553,0.974351,0.224554,9.339227,-2.851089,-0.024540,1,1,12.588480,-0.014564,0,0
8.110090,-0.095855,286.661600,302.181600,1,1,1,1,2,2,0.757545,0.751594,0.757498,0.751549,0.754524,-0.014773,0.974053,0.225838,-0.014774,0.974061,0.225804,-0.014572,0.974326,0.224661,9.377208,-2.856632,-0.025333,1,1,12.603680,-0.014440,0,0
8.120090,-0.095913,286.633000,302.304500,1,1,1,1,2,2,0.757450,0.751445,0.757346,0.751416,0.754381,-0.014775,0.974059,0.225810,-0.014774,0.974061,0.225804,-0.014589,0.974303,0.224760,9.415919,-2.861804,-0.025861,1,1,12.618880,-0.014301,0,0
8.130091,-0.095972,286.604300,302.427500,1,1,1,1,2,2,0.757224,0.751326,0.757238,0.751282,0.754260,-0.014775,0.974046,0.225866,-0.014774,0.974061,0.225804,-0.014605,0.974282,0.224850,9.443612,-2.866598,-0.026109,1,1,12.634080,-0.014150,0,0
8.140091,-0.096032,286.575600,302.550700,1,1,1,1,2,2,0.757075,0.751124,0.757064,0.751126,0.754095,-0.014778,0.974040,0.225894,-0.014774,0.974061,0.225804,-0.014620,0.974263,0.224932,9.474848,-2.871122,-0.026176,1,1,12.649290,-0.013986,0,0
8.150091,-0.096092,286.546900,302.674100,1,1,1,1,2,2,0.756927,0.751029,0.756918,0.751003,0.753961,-0.014774,0.974046,0.225866,-0.014774,0.974061,0.225804,-0.014633,0.974246,0.225007,9.494950,-2.875341,-0.026019,1,1,12.664490,-0.013813,0,0
8.160091,-0.096153,286.518100,302.797500,1,1,1,1,2,2,0.756748,0.750851,0.756740,0.750814,0.753777,-0.014773,0.974046,0.225866,-0.014774,0.974061,0.225804,-0.014645,0.974230,0.225076,9.520915,-2.879363,-0.025743,1,1,12.679690,-0.013632,0,0
8.170092,-0.096214,286.489200,302.921200,1,1,1,1,2,2,0.756629,0.750672,0.756543,0.750636,0.753590,-0.014777,0.974046,0.225866,-0.014774,0.974061,0.225804,-0.014656,0.974215,0.225138,9.542992,-2.883132,-0.025282,1,1,12.694880,-0.013443,0,0
8.180092,-0.096276,286.460400,303.045000,1,1,1,1,2,2,0.756445,0.750489,0.756410,0.750442,0.753426,-0.014775,0.974059,0.225810,-0.014774,0.974061,0.225804,-0.014666,0.974202,0.225196,9.556953,-2.886684,-0.024668,1,1,12.710080,-0.013248,0,0
8.190092,-0.096339,286.431500,303.168900,1,1,1,1,2,2,0.756243,0.750292,0.756231,0.750309,0.753270,-0.014777,0.974040,0.225894,-0.014774,0.974061,0.225804,-0.014676,0.974190,0.225248,9.567635,-2.890100,-0.023977,1,1,12.725270,-0.013047,0,0
8.200092,-0.096402,286.402500,303.293000,1,1,1,1,2,2,0.756172,0.750162,0.756089,0.750116,0.753102,-0.014772,0.974066,0.225782,-0.014774,0.974061,0.225804,-0.014684,0.974179,0.225296,9.579150,-2.893411,-0.023236,1,1,12.740460,-0.012842,0,0
8.210093,-0.096466,286.373600,303.417200,1,1,1,1,2,2,0.755970,0.750182,0.755934,0.749974,0.752954,-0.014775,0.974081,0.225717,-0.014774,0.974061,0.225804,-0.014692,0.974169,0.225340,9.585717,-2.896608,-0.022432,1,1,12.755640,-0.012635,0,0
8.220093,-0.096530,286.344600,303.541600,1,1,1,1,2,2,0.755826,0.749870,0.755785,0.749840,0.752813,-0.014775,0.974046,0.225866,-0.014774,0.974061,0.225804,-0.014699,0.974159,0.225380,9.590486,-2.899740,-0.021610,1,1,12.770820,-0.012424,0,0
8.230093,-0.096595,286.315600,303.666100,1,1,1,1,2,2,0.755637,0.749727,0.755604,0.749662,0.752633,-0.014775,0.974053,0.225838,-0.014774,0.974061,0.225804,-0.014705,0.974151,0.225416,9.602188,-2.902825,-0.020785,1,1,12.786000,-0.012211,0,0
8.240093,-0.096661,286.286500,303.790700,1,1,1,1,2,2,0.755542,0.749573,0.755458,0.749528,0.752493,-0.014769,0.974066,0.225782,-0.014774,0.974061,0.225804,-0.014711,0.974143,0.225450,9.604660,-2.905795,-0.019882,1,1,12.801170,-0.011997,0,0
8.250093,-0.096727,286.257400,303.915600,1,1,1,1,2,2,0.755380,0.749424,0.755325,0.749376,0.752350,-0.014773,0.974046,0.225866,-0.014774,0.974061,0.225804,-0.014717,0.974136,0.225480,9.608061,-2.908740,-0.018992,1,1,12.816330,-0.011781,0,0
8.260094,-0.096794,286.228300,304.040500,1,1,1,1,2,2,0.755226,0.749275,0.755176,0.749239,0.752207,-0.014777,0.974053,0.225838,-0.014774,0.974061,0.225804,-0.014721,0.974130,0.225508,9.611448,-2.911650,-0.018101,1,1,12.831490,-0.011565,0,0
8.270094,-0.096862,286.199200,304.165600,1,1,1,1,2,2,0.755078,0.749320,0.755057,0.749105,0.752081,-0.014776,0.974081,0.225717,-0.014774,0.974061,0.225804,-0.014726,0.974124,0.225534,9.611785,-2.914526,-0.017208,1,1,12.846650,-0.011350,0,0
8.280094,-0.096929,286.170000,304.290900,1,1,1,1,2,2,0.754697,0.749008,0.754664,0.748956,0.751810,-0.014989,0.974000,0.226050,-0.014989,0.974010,0.226008,-0.014749,0.974114,0.225574,9.632949,-2.917397,-0.016107,1,1,12.861800,-0.011134,0,0
8.290094,-0.096998,286.140800,304.416400,1,1,1,1,2,2,0.754584,0.748884,0.754589,0.748852,0.751721,-0.014987,0.974000,0.226051,-0.014989,0.974010,0.226008,-0.014769,0.974105,0.225612,9.617227,-2.920061,-0.014839,1,1,12.876940,-0.011096,0,0
8.300095,-0.097067,286.111500,304.541900,1,1,1,1,2,2,0.753477,0.747413,0.753416,0.747426,0.750421,-0.014982,0.973574,0.227880,-0.014982,0.973590,0.227811,-0.014788,0.974061,0.225801,9.772683,-2.922877,-0.011716,1,1,12.892080,-0.011041,0,0
8.310095,-0.097137,286.082300,304.667600,1,1,1,1,2,2,0.753621,0.747576,0.753594,0.747529,0.750562,-0.015043,0.973560,0.227936,-0.015037,0.973577,0.227863,-0.014809,0.974019,0.225979,9.633752,-2.924181,-0.007188,1,1,12.907230,-0.010966,0,0
8.320095,-0.097207,286.053000,304.793500,1,1,1,1,2,2,0.753848,0.747769,0.753772,0.747696,0.750734,-0.015034,0.973573,0.227879,-0.015037,0.973577,0.227863,-0.014829,0.973981,0.226141,9.528810,-2.926840,-0.004247,1,1,12.922390,-0.010928,0,0
8.330095,-0.097278,286.023700,304.919500,1,1,1,1,2,2,0.754041,0.748071,0.753995,0.747897,0.750946,-0.015035,0.973595,0.227787,-0.015037,0.973577,0.227863,-0.014846,0.973946,0.226289,9.447554,-2.930523,-0.002535,1,1,12.937560,-0.010874,0,0
8.340096,-0.097349,285.994400,305.045600,1,1,1,1,2,2,0.754190,0.748165,0.754143,0.748078,0.751111,-0.015039,0.973580,0.227851,-0.015037,0.973577,0.227863,-0.014863,0.973914,0.226424,9.399174,-2.934997,-0.001801,1,1,12.952730,-0.010804,0,0
8.350096,-0.097420,285.965000,305.171900,1,1,1,1,2,2,0.754368,0.748288,0.754292,0.748249,0.751270,-0.015041,0.973573,0.227879,-0.015037,0.973577,0.227863,-0.014878,0.973885,0.226548,9.367688,-2.939944,-0.001700,1,1,12.967910,-0.010719,0,0
8.360096,-0.097491,285.935500,305.298400,1,1,1,1,2,2,0.754707,0.748476,0.754621,0.748382,0.751501,-0.015250,0.973520,0.228091,-0.015251,0.973526,0.228067,-0.014910,0.973854,0.226679,9.328690,-2.945196,-0.001817,1,1,12.983090,-0.010624,0,0
8.370096,-0.097562,285.906000,305.425000,1,1,1,1,2,2,0.754925,0.748377,0.754769,0.748464,0.751617,-0.015251,0.973492,0.228212,-0.015251,0.973526,0.228067,-0.014939,0.973826,0.226798,9.323965,-2.950829,-0.002470,1,1,12.998280,-0.010693,0,0
8.380096,-0.097634,285.876500,305.551700,1,1,1,1,2,2,0.755661,0.749450,0.755592,0.749396,0.752494,-0.015240,0.973097,0.229892,-0.015245,0.973102,0.229869,-0.014966,0.973764,0.227063,9.134384,-2.956507,-0.001228,1,1,13.013470,-0.010732,0,0
8.390097,-0.097705,285.846800,305.678600,1,1,1,1,2,2,0.755987,0.749781,0.755934,0.749713,0.752823,-0.015299,0.973089,0.229920,-0.015300,0.973089,0.229921,-0.014994,0.973706,0.227309,9.096808,-2.964033,-0.002117,1,1,13.028680,-0.010753,0,0
8.400097,-0.097775,285.817100,305.805600,1,1,1,1,2,2,0.756249,0.750187,0.756238,0.750024,0.753131,-0.015299,0.973081,0.229955,-0.015300,0.973089,0.229921,-0.015021,0.973653,0.227533,9.079334,-2.971927,-0.003656,1,1,13.043900,-0.010790,0,0
8.410097,-0.097846,285.787300,305.932700,1,1,1,1,2,2,0.756528,0.750316,0.756461,0.750295,0.753378,-0.015300,0.973083,0.229948,-0.015300,0.973089,0.229921,-0.015045,0.973604,0.227739,9.083542,-2.979992,-0.005620,1,1,13.059140,-0.010802,0,0
8.420097,-0.097916,285.757400,306.060000,1,1,1,1,2,2,0.756700,0.750543,0.756647,0.750477,0.753562,-0.015298,0.973103,0.229863,-0.015300,0.973089,0.229921,-0.015067,0.973560,0.227927,9.103783,-2.988016,-0.007771,1,1,13.074390,-0.010791,0,0
8.430098,-0.097986,285.727500,306.187400,1,1,1,1,2,2,0.756849,0.750642,0.756795,0.750596,0.753695,-0.015302,0.973089,0.229920,-0.015300,0.973089,0.229921,-0.015087,0.973519,0.228098,9.133296,-2.995843,-0.009929,1,1,13.089650,-0.010759,0,0
8.440098,-0.098056,285.697400,306.315000,1,1,1,1,2,2,0.756967,0.750905,0.756914,0.750708,0.753811,-0.015301,0.973125,0.229771,-0.015300,0.973089,0.229921,-0.015105,0.973482,0.228255,9.163553,-3.003382,-0.011984,1,1,13.104920,-0.010710,0,0
8.450098,-0.098125,285.667300,306.442700,1,1,1,1,2,2,0.756997,0.750791,0.756965,0.750737,0.753851,-0.015300,0.973089,0.229920,-0.015300,0.973089,0.229921,-0.015122,0.973449,0.228399,9.204090,-3.010627,-0.013912,1,1,13.120200,-0.010644,0,0
8.460098,-0.098195,285.637100,306.570500,1,1,1,1,2,2,0.757027,0.750869,0.757006,0.750774,0.753890,-0.015299,0.973103,0.229863,-0.015300,0.973089,0.229921,-0.015137,0.973418,0.228530,9.238857,-3.017477,-0.015594,1,1,13.135480,-0.010563,0,0
8.470098,-0.098264,285.606900,306.698500,1,1,1,1,2,2,0.757027,0.750821,0.756973,0.750770,0.753872,-0.015303,0.973089,0.229920,-0.015300,0.973089,0.229921,-0.015151,0.973389,0.228649,9.278928,-3.023988,-0.017076,1,1,13.150770,-0.010470,0,0
8.480099,-0.098333,285.576600,306.826600,1,1,1,1,2,2,0.756997,0.750791,0.756955,0.750729,0.753842,-0.015299,0.973089,0.229920,-0.015300,0.973089,0.229921,-0.015164,0.973364,0.228759,9.314399,-3.030108,-0.018291,1,1,13.166060,-0.010366,0,0
8.490099,-0.098402,285.546200,306.954900,1,1,1,1,2,2,0.756987,0.750731,0.756921,0.750715,0.753818,-0.015300,0.973103,0.229863,-0.015300,0.973089,0.229921,-0.015175,0.973340,0.228859,9.343156,-3.035882,-0.019275,1,1,13.181350,-0.010253,0,0
8.500099,-0.098472,285.515800,307.083300,1,1,1,1,2,2,0.756878,0.750672,0.756813,0.750596,0.753705,-0.015297,0.973089,0.229920,-0.015300,0.973089,0.229921,-0.015186,0.973318,0.228950,9.383514,-3.041375,-0.020083,1,1,13.196640,-0.010131,0,0
8.510099,-0.098541,285.485400,307.211900,1,1,1,1,2,2,0.756789,0.750583,0.756765,0.750533,0.753649,-0.015299,0.973089,0.229920,-0.015300,0.973089,0.229921,-0.015196,0.973299,0.229034,9.406005,-3.046474,-0.020591,1,1,13.211930,-0.010001,0,0
8.520100,-0.098610,285.454800,307.340600,1,1,1,1,2,2,0.756706,0.750513,0.756620,0.750440,0.753530,-0.015297,0.973096,0.229891,-0.015300,0.973089,0.229921,-0.015205,0.973281,0.229110,9.436639,-3.051354,-0.020969,1,1,13.227220,-0.009866,0,0
8.530100,-0.098680,285.424300,307.469400,1,1,1,1,2,2,0.756581,0.750375,0.756550,0.750307,0.753428,-0.015300,0.973089,0.229920,-0.015300,0.973089,0.229921,-0.015213,0.973264,0.229180,9.458806,-3.055935,-0.021126,1,1,13.242510,-0.009726,0,0
8.540100,-0.098749,285.393700,307.598400,1,1,1,1,2,2,0.756463,0.750256,0.756416,0.750180,0.753298,-0.015301,0.973089,0.229920,-0.015300,0.973089,0.229921,-0.015220,0.973249,0.229244,9.482442,-3.060298,-0.021141,1,1,13.257800,-0.009582,0,0
8.550100,-0.098819,285.363000,307.727600,1,1,1,1,2,2,0.756344,0.750083,0.756290,0.750091,0.753191,-0.015300,0.973083,0.229948,-0.015300,0.973089,0.229921,-0.015227,0.973235,0.229302,9.497921,-3.064431,-0.020991,1,1,13.273090,-0.009432,0,0
8.560101,-0.098889,285.332400,307.856900,1,1,1,1,2,2,0.756225,0.750019,0.756179,0.750002,0.753090,-0.015298,0.973089,0.229920,-0.015300,0.973089,0.229921,-0.015233,0.973223,0.229355,9.509914,-3.068412,-0.020753,1,1,13.288370,-0.009280,0,0
8.570101,-0.098959,285.301600,307.986300,1,1,1,1,2,2,0.756112,0.749870,0.756023,0.749850,0.752936,-0.015299,0.973083,0.229948,-0.015300,0.973089,0.229921,-0.015239,0.973211,0.229404,9.530047,-3.072275,-0.020456,1,1,13.303640,-0.009125,0,0
8.580101,-0.099030,285.270900,308.115900,1,1,1,1,2,2,0.755958,0.749770,0.755904,0.749672,0.752788,-0.015298,0.973103,0.229863,-0.015300,0.973089,0.229921,-0.015244,0.973201,0.229448,9.545590,-3.075940,-0.020012,1,1,13.318920,-0.008968,0,0
8.590101,-0.099100,285.240100,308.245600,1,1,1,1,2,2,0.755809,0.749603,0.755756,0.749549,0.752653,-0.015303,0.973089,0.229920,-0.015300,0.973089,0.229921,-0.015249,0.973191,0.229489,9.556169,-3.079454,-0.019465,1,1,13.334190,-0.008810,0,0
8.600101,-0.099171,285.209300,308.375500,1,1,1,1,2,2,0.755691,0.749345,0.755637,0.749431,0.752534,-0.015299,0.973068,0.230012,-0.015300,0.973089,0.229921,-0.015253,0.973182,0.229526,9.562298,-3.082863,-0.018858,1,1,13.349450,-0.008650,0,0
8.610102,-0.099242,285.178400,308.505600,1,1,1,1,2,2,0.755572,0.749336,0.755548,0.749312,0.752430,-0.015297,0.973089,0.229920,-0.015300,0.973089,0.229921,-0.015257,0.973174,0.229560,9.565296,-3.086211,-0.018233,1,1,13.364710,-0.008489,0,0
8.620102,-0.099313,285.147500,308.635700,1,1,1,1,2,2,0.755404,0.749362,0.755399,0.749163,0.752281,-0.015300,0.973054,0.230069,-0.015300,0.973089,0.229921,-0.015261,0.973167,0.229591,9.576536,-3.089529,-0.017616,1,1,13.379960,-0.008329,0,0
8.630102,-0.099384,285.116600,308.766100,1,1,1,1,2,2,0.755334,0.749098,0.755281,0.749045,0.752163,-0.015302,0.973089,0.229920,-0.015300,0.973089,0.229921,-0.015264,0.973160,0.229619,9.580523,-3.092735,-0.016923,1,1,13.395210,-0.008169,0,0
8.640102,-0.099456,285.085700,308.896600,1,1,1,1,2,2,0.755215,0.749015,0.755191,0.748962,0.752077,-0.015303,0.973083,0.229948,-0.015300,0.973089,0.229921,-0.015267,0.973154,0.229645,9.578361,-3.095902,-0.016223,1,1,13.410450,-0.008009,0,0
8.650103,-0.099527,285.054700,309.027200,1,1,1,1,2,2,0.755097,0.748861,0.755076,0.748840,0.751958,-0.015302,0.973089,0.229920,-0.015300,0.973089,0.229921,-0.015270,0.973149,0.229669,9.583473,-3.099088,-0.015574,1,1,13.425690,-0.007849,0,0
8.660103,-0.099599,285.023600,309.158000,1,1,1,1,2,2,0.754997,0.748747,0.754916,0.748680,0.751798,-0.015298,0.973096,0.229891,-0.015300,0.973089,0.229921,-0.015273,0.973144,0.229691,9.595377,-3.102223,-0.014902,1,1,13.440920,-0.007690,0,0
8.670103,-0.099671,284.992600,309.288900,1,1,1,1,2,2,0.754829,0.748623,0.754701,0.748547,0.751624,-0.015347,0.973089,0.229920,-0.015348,0.973077,0.229967,-0.015279,0.973138,0.229715,9.606184,-3.105241,-0.014080,1,1,13.456140,-0.007531,0,0
8.680103,-0.099743,284.961500,309.420000,1,1,1,1,2,2,0.754590,0.748559,0.754642,0.748472,0.751557,-0.015351,0.973067,0.230012,-0.015348,0.973077,0.229967,-0.015285,0.973133,0.229736,9.595619,-3.108151,-0.013178,1,1,13.471350,-0.007414,0,0
8.690104,-0.099815,284.930400,309.551200,1,1,1,1,2,2,0.745531,0.742207,0.745429,0.742132,0.743781,-0.006939,0.974192,0.225616,-0.007650,0.974170,0.225686,-0.014628,0.973225,0.229388,11.105270,-3.111164,-0.017537,1,1,13.486560,-0.007328,0,0
8.700104,-0.099889,284.899400,309.682600,1,1,1,1,2,2,0.746712,0.743422,0.746750,0.743442,0.745096,-0.007652,0.974781,0.223033,-0.007650,0.974796,0.222967,-0.014028,0.973363,0.228837,10.672310,-3.099475,-0.009634,1,1,13.501720,-0.001792,0,0
8.710104,-0.099963,284.868500,309.814200,1,1,1,1,2,2,0.746088,0.742630,0.745967,0.742655,0.744311,-0.007654,0.974809,0.222912,-0.007650,0.974796,0.222967,-0.013479,0.973490,0.228332,10.709700,-3.091990,-0.005430,1,1,13.516820,0.004313,0,0
8.720104,-0.100038,284.837600,309.946000,1,1,1,1,2,2,0.746796,0.743564,0.746801,0.743519,0.745160,-0.007650,0.975417,0.220237,-0.007650,0.975416,0.220240,-0.012978,0.973659,0.227637,10.510710,-3.084132,-0.003515,1,1,13.531860,0.009524,0,0
8.730104,-0.100111,284.806800,310.077900,1,1,1,1,2,2,0.747500,0.744201,0.747464,0.744185,0.745825,-0.008940,0.976029,0.217458,-0.007651,0.976029,0.217505,-0.012520,0.973869,0.226767,10.456670,-3.078197,-0.006057,1,1,13.546830,0.014285,0,0
8.740105,-0.100183,284.776100,310.210000,1,1,1,1,2,2,0.747991,0.744544,0.747986,0.744680,0.746333,-0.008080,0.976617,0.214834,-0.007700,0.976626,0.214808,-0.012105,0.974113,0.225739,10.500070,-3.072771,-0.011357,1,1,13.561700,0.018466,0,0
8.750105,-0.100253,284.745400,310.342200,1,1,1,1,2,2,0.758580,0.764048,0.748248,0.744932,0.746590,-0.007704,0.981895,0.189272,-0.007700,0.977227,0.212057,-0.011726,0.974389,0.224563,10.630340,-3.066902,-0.018311,1,1,13.576460,0.022099,0,0
8.760105,-0.100321,284.714800,310.474600,1,1,1,1,2,2,0.563293,0.552640,0.733087,0.732733,0.732910,-0.000003,0.992743,-0.120258,0.000000,0.978183,0.207745,-0.010717,0.974732,0.223119,13.332480,-3.059739,-0.027766,1,1,13.591090,0.024570,0,0
8.770105,-0.100389,284.684500,310.607300,1,1,1,1,2,2,0.732472,0.732409,0.732571,0.732213,0.732392,0.000008,0.978764,0.204989,0.000000,0.978766,0.204983,-0.009794,0.975097,0.221562,13.030520,-3.026209,-0.011816,1,1,13.605550,0.031304,0,0
8.780106,-0.100456,284.654600,310.740200,1,1,1,1,2,2,0.730764,0.730504,0.730896,0.730553,0.730725,0.001872,0.979893,0.199513,0.000000,0.979902,0.199481,-0.008952,0.975534,0.219667,13.131070,-2.995590,-0.003660,1,1,13.619900,0.040021,0,0
8.790106,-0.100520,284.624900,310.873300,1,1,1,1,2,2,0.728963,0.728675,0.729000,0.728671,0.728835,0.003595,0.981031,0.193816,0.000000,0.981010,0.193960,-0.008181,0.976035,0.217461,13.356950,-2.963950,0.001103,1,1,13.634070,0.047458,0,0
8.800106,-0.100581,284.595600,311.006600,1,1,1,1,2,2,0.725345,0.727259,0.726881,0.726552,0.726717,0.000002,0.994001,0.109370,0.000000,0.982089,0.188420,-0.007477,0.976592,0.214969,13.669600,-2.930056,0.004072,1,1,13.648030,0.053973,0,0
8.810106,-0.100638,284.566700,311.140100,1,1,1,1,2,2,0.723614,0.723434,0.723637,0.723308,0.723473,0.000001,0.982104,0.188341,0.000000,0.982089,0.188420,-0.006834,0.977095,0.212691,14.033220,-2.893052,0.013081,1,1,13.661760,0.059692,0,0
8.820107,-0.100691,284.538200,311.273800,1,1,1,1,2,2,0.720984,0.720587,0.720963,0.720663,0.720813,0.000001,0.983110,0.183017,0.000000,0.983138,0.182863,-0.006246,0.977653,0.210131,14.301280,-2.852446,0.021729,1,1,13.675300,0.064680,0,0
8.830107,-0.100739,284.510100,311.407800,1,1,1,1,2,2,0.718141,0.718005,0.718139,0.717853,0.717996,0.001732,0.984138,0.177399,0.000000,0.984159,0.177288,-0.005709,0.978258,0.207314,14.622990,-2.809162,0.029379,1,1,13.688620,0.069123,0,0
8.840107,-0.100782,284.482500,311.542000,1,1,1,1,2,2,0.715337,0.714970,0.715240,0.714970,0.715105,-0.001125,0.985171,0.171569,0.000000,0.985150,0.171695,-0.005218,0.978903,0.204258,14.962970,-2.762667,0.036845,1,1,13.701700,0.072983,0,0
8.850107,-0.100819,284.455300,311.676500,1,1,1,1,2,2,0.711114,0.705282,0.712238,0.711967,0.712103,-0.000510,0.987731,0.156165,0.000000,0.986111,0.166087,-0.004769,0.979583,0.200985,15.316770,-2.712773,0.044578,1,1,13.714530,0.076333,0,0
8.860107,-0.100850,284.428700,311.811100,1,1,1,1,2,2,0.708231,0.708109,0.708395,0.708109,0.708252,0.000000,0.986132,0.165966,0.000000,0.986111,0.166087,-0.004358,0.980194,0.197990,15.638210,-2.659338,0.059684,1,1,13.727070,0.079231,0,0
8.870108,-0.100875,284.402700,311.946000,1,1,1,1,2,2,0.705247,0.704843,0.705150,0.704879,0.705014,-0.000001,0.987025,0.160568,0.000000,0.987042,0.160462,-0.003983,0.980840,0.194771,15.850000,-2.602684,0.074780,1,1,13.739410,0.081697,0,0
8.880108,-0.100894,284.377300,312.081200,1,1,1,1,2,2,0.701908,0.701658,0.701875,0.701634,0.701755,-0.000174,0.987933,0.154881,0.000000,0.987943,0.154821,-0.003641,0.981516,0.191345,16.087620,-2.543879,0.089010,1,1,13.751510,0.083832,0,0
8.890108,-0.100905,284.352400,312.216600,1,1,1,1,2,2,0.698796,0.698398,0.698632,0.698391,0.698511,-0.001499,0.988812,0.149160,0.000000,0.988812,0.149165,-0.003328,0.982216,0.187727,16.331940,-2.482664,0.102864,1,1,13.763360,0.085613,0,0
8.900108,-0.100909,284.328200,312.352200,1,1,1,1,2,2,0.695261,0.695223,0.695420,0.695179,0.695300,-0.000126,0.989678,0.143308,0.000000,0.989651,0.143495,-0.003041,0.982934,0.183934,16.573190,-2.418967,0.116619,1,1,13.774940,0.087080,0,0
8.910109,-0.100906,284.304700,312.488000,1,1,1,1,2,2,0.691757,0.691349,0.691610,0.691383,0.691496,0.000004,0.989645,0.143536,0.000000,0.989651,0.143495,-0.002780,0.983577,0.180464,16.748320,-2.352813,0.137249,1,1,13.786230,0.088279,0,0
8.920109,-0.100896,284.281800,312.624100,1,1,1,1,2,2,0.688485,0.688010,0.688367,0.688140,0.688254,0.000007,0.990449,0.137882,0.000000,0.990459,0.137810,-0.002541,0.984242,0.176805,16.847380,-2.284861,0.156896,1,1,13.797310,0.089202,0,0
8.930109,-0.100877,284.259700,312.760400,1,1,1,1,2,2,0.685159,0.685055,0.685202,0.684990,0.685096,0.000952,0.991231,0.132139,0.000000,0.991235,0.132112,-0.002322,0.984924,0.172972,16.969560,-2.215855,0.175010,1,1,13.808140,0.089913,0,0
8.940109,-0.100851,284.238200,312.896900,1,1,1,1,2,2,0.682040,0.681921,0.682115,0.681919,0.682017,-0.001751,0.991961,0.126536,0.000000,0.991979,0.126400,-0.002122,0.985618,0.168977,17.105460,-2.145564,0.192015,1,1,13.818700,0.090407,0,0
8.950109,-0.100817,284.217500,313.033600,1,1,1,1,2,2,0.679059,0.678847,0.679093,0.678911,0.679002,-0.000964,0.992705,0.120563,0.000000,0.992692,0.120676,-0.001940,0.986319,0.164834,17.249880,-2.073851,0.208224,1,1,13.828980,0.090704,0,0
8.960110,-0.100775,284.197400,313.170500,1,1,1,1,2,2,0.669805,0.670750,0.676194,0.676012,0.676103,0.000000,0.997911,0.064610,0.000000,0.993372,0.114940,-0.001773,0.987025,0.160555,17.386960,-2.000628,0.223889,1,1,13.838960,0.090829,0,0
8.970110,-0.100724,284.178200,313.307700,1,1,1,1,2,2,0.672890,0.672570,0.672825,0.672643,0.672734,-0.000003,0.993385,0.114832,0.000000,0.993372,0.114940,-0.001620,0.987654,0.156641,17.447360,-1.925967,0.245979,1,1,13.848620,0.090815,0,0
8.980110,-0.100665,284.159700,313.445000,1,1,1,1,2,2,0.669939,0.669726,0.670034,0.669867,0.669951,-0.000005,0.994001,0.109373,0.000000,0.994021,0.109192,-0.001481,0.988292,0.152569,17.444080,-1.850635,0.266398,1,1,13.858030,0.090635,0,0
8.990110,-0.100598,284.141900,313.582600,1,1,1,1,2,2,0.667339,0.667172,0.667339,0.667172,0.667255,0.000268,0.994655,0.103255,0.000000,0.994636,0.103434,-0.001354,0.988933,0.148353,17.478280,-1.775261,0.284687,1,1,13.867150,0.090339,0,0
9.000111,-0.100523,284.124900,313.720300,1,1,1,1,2,2,0.664738,0.664590,0.664739,0.664588,0.664663,0.000787,0.995219,0.097667,0.000000,0.995219,0.097665,-0.001237,0.989576,0.144004,17.533740,-1.699473,0.301384,1,1,13.875950,0.089926,0,0
9.010111,-0.100439,284.108700,313.858200,1,1,1,1,2,2,0.662273,0.662100,0.662266,0.662145,0.662206,-0.002590,0.995772,0.091823,0.000000,0.995770,0.091886,-0.001131,0.990217,0.139532,17.595810,-1.623061,0.316849,1,1,13.884430,0.089409,0,0
9.020111,-0.100347,284.093200,313.996200,1,1,1,1,2,2,0.653282,0.697446,0.659543,0.659421,0.659482,0.000005,0.999862,-0.016626,0.000000,0.995770,0.091886,-0.001034,0.990785,0.135443,17.556990,-1.545960,0.338233,1,1,13.892560,0.088818,0,0
9.030111,-0.100247,284.078600,314.134400,1,1,1,1,2,2,0.657150,0.657115,0.657196,0.657059,0.657127,-0.000002,0.996286,0.086106,0.000000,0.996287,0.086098,-0.000945,0.991355,0.131207,17.514180,-1.469181,0.357124,1,1,13.900400,0.088119,0,0
9.040112,-0.100138,284.064600,314.272800,1,1,1,1,2,2,0.655010,0.654728,0.654945,0.654809,0.654877,-0.000005,0.996775,0.080251,0.000000,0.996771,0.080301,-0.000863,0.991923,0.126837,17.511690,-1.392764,0.373649,1,1,13.907910,0.087353,0,0
9.050112,-0.100021,284.051500,314.411300,1,1,1,1,2,2,0.652702,0.652722,0.652808,0.652686,0.652747,0.000437,0.997210,0.074644,0.000000,0.997221,0.074496,-0.000789,0.992487,0.122344,17.532820,-1.316309,0.388363,1,1,13.915070,0.086523,0,0
9.060112,-0.099896,284.039100,314.550000,1,1,1,1,2,2,0.650666,0.650561,0.650737,0.650646,0.650691,0.000346,0.997640,0.068664,0.000000,0.997639,0.068683,-0.000721,0.993044,0.117737,17.576280,-1.239584,0.401643,1,1,13.921880,0.085637,0,0
9.070112,-0.099763,284.027500,314.688800,1,1,1,1,2,2,0.648843,0.648744,0.648795,0.648703,0.648749,0.001512,0.998024,0.062820,0.000000,0.998022,0.062864,-0.000659,0.993592,0.113026,17.626230,-1.162369,0.413843,1,1,13.928310,0.084705,0,0
9.080112,-0.099621,284.016600,314.827700,1,1,1,1,2,2,0.637895,0.683586,0.646721,0.646630,0.646676,-0.000003,0.998878,-0.047350,0.000000,0.998022,0.062864,-0.000603,0.994072,0.108718,17.546640,-1.084600,0.432144,1,1,13.934360,0.083750,0,0
9.090113,-0.099472,284.006600,314.966700,1,1,1,1,2,2,0.645008,0.644673,0.644846,0.644755,0.644801,0.000004,0.998376,0.056973,0.000000,0.998372,0.057038,-0.000551,0.994548,0.104280,17.498020,-1.007575,0.447774,1,1,13.940060,0.082730,0,0
9.100113,-0.099315,283.997300,315.105900,1,1,1,1,2,2,0.643103,0.642888,0.643070,0.643009,0.643040,0.000006,0.998685,0.051268,0.000000,0.998688,0.051206,-0.000503,0.995015,0.099721,17.484160,-0.930989,0.461194,1,1,13.945380,0.081684,0,0
9.110113,-0.099150,283.988700,315.245100,1,1,1,1,2,2,0.645716,0.641337,0.641393,0.641316,0.641354,0.000119,0.999145,0.041340,0.000000,0.998970,0.045369,-0.000460,0.995472,0.095053,17.499560,-0.854498,0.472889,1,1,13.950320,0.080613,0,0
9.120113,-0.098977,283.980900,315.384500,1,1,1,1,2,2,0.639799,0.639753,0.639799,0.639738,0.639768,0.001090,0.999222,0.039421,0.000000,0.999219,0.039527,-0.000421,0.995916,0.090283,17.529580,-0.777812,0.483284,1,1,13.954870,0.079523,0,0
9.130114,-0.098797,283.973900,315.523900,1,1,1,1,2,2,0.638283,0.638240,0.638304,0.638243,0.638274,-0.000908,0.999428,0.033821,0.000000,0.999433,0.033681,-0.000384,0.996345,0.085420,17.568820,-0.700788,0.492641,1,1,13.959010,0.078420,0,0
9.140114,-0.098609,283.967700,315.663400,1,1,1,1,2,2,0.628071,0.627360,0.636778,0.636717,0.636748,0.000001,0.998490,-0.054932,0.000000,0.999433,0.033681,-0.000351,0.996716,0.080974,17.458370,-0.623339,0.508194,1,1,13.962750,0.077322,0,0
9.150114,-0.098414,283.962200,315.802900,1,1,1,1,2,2,0.635428,0.635285,0.635322,0.635292,0.635307,0.000003,0.999612,0.027858,0.000000,0.999613,0.027832,-0.000321,0.997077,0.076407,17.403180,-0.546963,0.520916,1,1,13.966080,0.076185,0,0
9.160114,-0.098211,283.957500,315.942500,1,1,1,1,2,2,0.633935,0.633910,0.633966,0.633935,0.633951,-0.000005,0.999761,0.021861,0.000000,0.999758,0.021980,-0.000294,0.997424,0.071729,17.385920,-0.471114,0.531509,1,1,13.969000,0.075045,0,0
9.170115,-0.098001,283.953600,316.082200,1,1,1,1,2,2,0.632765,0.632734,0.632648,0.632618,0.632633,-0.002060,0.999865,0.016278,0.000000,0.999870,0.016126,-0.000268,0.997756,0.066950,17.401940,-0.395415,0.540484,1,1,13.971520,0.073902,0,0
9.180115,-0.097785,283.950300,316.221900,1,1,1,1,2,2,0.631413,0.631402,0.631431,0.631400,0.631416,-0.001154,0.999945,0.010431,0.000000,0.999947,0.010269,-0.000245,0.998071,0.062078,17.428910,-0.319537,0.548294,1,1,13.973610,0.072761,0,0
9.190115,-0.097561,283.947900,316.361600,1,1,1,1,2,2,0.630253,0.630385,0.630283,0.630268,0.630276,0.001428,0.999990,0.004195,0.000000,0.999990,0.004413,-0.000224,0.998367,0.057120,17.465350,-0.243375,0.555162,1,1,13.975280,0.071625,0,0
9.200115,-0.097330,283.946200,316.501400,1,1,1,1,2,2,0.615508,0.620488,0.629205,0.629205,0.629205,0.000881,0.999837,0.018056,0.000000,0.999999,-0.001445,-0.000205,0.998642,0.052084,17.507580,-0.166837,0.561287,1,1,13.976520,0.070495,0,0
9.210115,-0.097093,283.945300,316.641100,1,1,1,1,2,2,0.627973,0.628126,0.628122,0.628122,0.628122,0.000002,0.999999,-0.001401,0.000000,0.999999,-0.001445,-0.000187,0.998872,0.047481,17.390360,-0.089870,0.573865,1,1,13.977310,0.069388,0,0
9.220116,-0.096849,283.945200,316.780900,1,1,1,1,2,2,0.626939,0.627078,0.627084,0.627083,0.627083,0.000001,0.999974,-0.007252,0.000000,0.999973,-0.007302,-0.000171,0.999085,0.042769,17.332370,-0.014072,0.583745,1,1,13.977670,0.068256,0,0
9.230116,-0.096599,283.945800,316.920700,1,1,1,1,2,2,0.626101,0.626231,0.626115,0.626131,0.626123,0.000000,0.999914,-0.013100,0.000000,0.999914,-0.013159,-0.000156,0.999279,0.037958,17.309470,0.061144,0.591654,1,1,13.977590,0.067135,0,0
9.240116,-0.096342,283.947200,317.060500,1,1,1,1,2,2,0.625336,0.625249,0.625217,0.625248,0.625232,0.001109,0.999815,-0.019201,0.000000,0.999819,-0.019014,-0.000143,0.999453,0.033057,17.311250,0.136126,0.598063,1,1,13.977070,0.066026,0,0
9.250116,-0.096079,283.949300,317.200200,1,1,1,1,2,2,0.624397,0.624431,0.624389,0.624419,0.624404,0.000713,0.999695,-0.024676,0.000000,0.999691,-0.024868,-0.000131,0.999606,0.028073,17.330020,0.211117,0.603335,1,1,13.976100,0.064931,0,0
9.260117,-0.095810,283.952100,317.339900,1,1,1,1,2,2,0.611753,0.613143,0.623631,0.623692,0.623662,0.000001,0.994001,0.109372,0.000000,0.999528,-0.030718,-0.000119,0.999735,0.023014,17.354630,0.286282,0.607746,1,1,13.974680,0.063849,0,0
9.270117,-0.095535,283.955800,317.479600,1,1,1,1,2,2,0.623093,0.623002,0.622977,0.623038,0.623007,-0.000005,0.999530,-0.030654,0.000000,0.999528,-0.030718,-0.000109,0.999831,0.018390,17.205020,0.361676,0.618480,1,1,13.972810,0.062798,0,0
9.280117,-0.095254,283.960100,317.619200,1,1,1,1,2,2,0.622351,0.622310,0.622229,0.622290,0.622259,0.000003,0.999334,-0.036499,0.000000,0.999331,-0.036566,-0.000100,0.999907,0.013659,17.146340,0.435552,0.626244,1,1,13.970460,0.061728,0,0
9.290117,-0.094968,283.965200,317.758800,1,1,1,1,2,2,0.621410,0.621591,0.621521,0.621582,0.621551,0.000002,0.999103,-0.042346,0.000000,0.999100,-0.042410,-0.000091,0.999961,0.008833,17.128280,0.508816,0.632086,1,1,13.967670,0.060674,0,0
9.300117,-0.094676,283.971100,317.898300,1,1,1,1,2,2,0.620998,0.621084,0.620868,0.620959,0.620913,-0.003758,0.998825,-0.048324,0.000000,0.998835,-0.048249,-0.000083,0.999992,0.003918,17.132180,0.581870,0.636534,1,1,13.964420,0.059639,0,0
9.310118,-0.094378,283.977600,318.037800,1,1,1,1,2,2,0.620187,0.620390,0.620300,0.620361,0.620331,-0.001124,0.998538,-0.054049,0.000000,0.998536,-0.054084,-0.000076,0.999999,-0.001076,17.152450,0.654930,0.639921,1,1,13.960720,0.058621,0,0
9.320118,-0.094074,283.984900,318.177200,1,1,1,1,2,2,0.619797,0.619892,0.619758,0.619849,0.619804,0.000634,0.998211,-0.059780,0.000000,0.998204,-0.059913,-0.000070,0.999981,-0.006143,17.182150,0.728154,0.642520,1,1,13.956570,0.057622,0,0
9.330118,-0.093766,283.993000,318.316500,1,1,1,1,2,2,0.619337,0.619561,0.619426,0.619532,0.619479,0.000007,0.998204,-0.059907,0.000000,0.998204,-0.059913,-0.000064,0.999942,-0.010774,17.015240,0.801633,0.651520,1,1,13.951950,0.056655,0,0
9.340118,-0.093452,284.001700,318.455700,1,1,1,1,2,2,0.618916,0.618884,0.618847,0.618954,0.618901,-0.000001,0.997836,-0.065747,0.000000,0.997837,-0.065736,-0.000058,0.999880,-0.015508,16.970870,0.873399,0.657433,1,1,13.946840,0.055672,0,0
9.350119,-0.093133,284.011100,318.594800,1,1,1,1,2,2,0.618248,0.618496,0.618340,0.618447,0.618393,0.000003,0.997432,-0.071616,0.000000,0.997437,-0.071552,-0.000053,0.999793,-0.020336,16.956660,0.944673,0.661621,1,1,13.941280,0.054708,0,0
9.360119,-0.092810,284.021300,318.733700,1,1,1,1,2,2,0.617804,0.617892,0.617858,0.617979,0.617919,0.001497,0.997005,-0.077322,0.000000,0.997003,-0.077361,-0.000049,0.999681,-0.025249,16.968790,1.015753,0.664510,1,1,13.935270,0.053764,0,0
9.370119,-0.092481,284.032200,318.872600,1,1,1,1,2,2,0.617347,0.617492,0.617415,0.617552,0.617484,0.000602,0.996535,-0.083173,0.000000,0.996536,-0.083162,-0.000044,0.999542,-0.030240,16.996480,1.086896,0.666480,1,1,13.928800,0.052839,0,0
9.380119,-0.092148,284.043800,319.011300,1,1,1,1,2,2,0.617146,0.617152,0.617059,0.617196,0.617127,0.000726,0.996041,-0.088895,0.000000,0.996036,-0.088954,-0.000041,0.999377,-0.035300,17.026240,1.158255,0.667790,1,1,13.921880,0.051934,0,0
9.390120,-0.091810,284.056100,319.149900,1,1,1,1,2,2,0.616962,0.617213,0.616972,0.617123,0.617047,0.000002,0.996041,-0.088900,0.000000,0.996036,-0.088954,-0.000037,0.999202,-0.039925,16.845930,1.229844,0.675508,1,1,13.914490,0.051063,0,0
9.400120,-0.091467,284.069100,319.288400,1,1,1,1,2,2,0.616539,0.616702,0.616565,0.616701,0.616633,-0.000001,0.995515,-0.094605,0.000000,0.995502,-0.094739,-0.000034,0.999002,-0.044649,16.804630,1.299565,0.680067,1,1,13.906590,0.050177,0,0
9.410120,-0.091120,284.082800,319.426700,1,1,1,1,2,2,0.616072,0.616460,0.616182,0.616334,0.616258,0.000001,0.994937,-0.100501,0.000000,0.994936,-0.100512,-0.000031,0.998776,-0.049465,16.796730,1.368803,0.682991,1,1,13.898240,0.049309,0,0
9.420120,-0.090769,284.097100,319.564800,1,1,1,1,2,2,0.615847,0.616010,0.615856,0.616008,0.615932,-0.000864,0.994331,-0.106325,0.000000,0.994337,-0.106276,-0.000028,0.998521,-0.054364,16.809360,1.437887,0.684735,1,1,13.889440,0.048461,0,0
9.430120,-0.090413,284.112200,319.702800,1,1,1,1,2,2,0.615570,0.615758,0.615570,0.615737,0.615653,0.003799,0.993711,-0.111907,0.000000,0.993705,-0.112030,-0.000026,0.998238,-0.059337,16.834540,1.507017,0.685624,1,1,13.880190,0.047633,0,0
9.440121,-0.090053,284.128000,319.840600,1,1,1,1,2,2,0.615249,0.615426,0.615339,0.615506,0.615423,-0.000449,0.993041,-0.117771,0.000000,0.993041,-0.117771,-0.000024,0.997925,-0.064377,16.866380,1.576313,0.685888,1,1,13.870470,0.046824,0,0
9.450121,-0.089689,284.144400,319.978300,1,1,1,1,2,2,0.615511,0.615582,0.615465,0.615647,0.615556,-0.000002,0.993031,-0.117854,0.000000,0.993041,-0.117771,-0.000022,0.997618,-0.068982,16.672280,1.645838,0.692569,1,1,13.860290,0.046048,0,0
9.460121,-0.089322,284.161600,320.115700,1,1,1,1,2,2,0.615182,0.615394,0.615169,0.615351,0.615260,-0.000002,0.992336,-0.123572,0.000000,0.992344,-0.123501,-0.000020,0.997281,-0.073685,16.636230,1.713337,0.696012,1,1,13.849600,0.045257,0,0
9.470121,-0.088950,284.179400,320.252900,1,1,1,1,2,2,0.614817,0.615077,0.614913,0.615095,0.615004,-0.000002,0.991617,-0.129213,0.000000,0.991616,-0.129220,-0.000018,0.996916,-0.078476,16.630750,1.780385,0.697931,1,1,13.838460,0.044484,0,0
9.480122,-0.088575,284.197800,320.390000,1,1,1,1,2,2,0.614643,0.614867,0.614698,0.614909,0.614804,0.003123,0.990827,-0.135097,0.000000,0.990856,-0.134924,-0.000017,0.996520,-0.083347,16.642280,1.847282,0.698758,1,1,13.826860,0.043730,0,0
9.490122,-0.088196,284.216900,320.526800,1,1,1,1,2,2,0.614515,0.614738,0.614538,0.614749,0.614644,0.001525,0.990055,-0.140675,0.000000,0.990064,-0.140616,-0.000015,0.996095,-0.088290,16.666420,1.914192,0.698778,1,1,13.814810,0.042994,0,0
9.500122,-0.087813,284.236800,320.663400,1,1,1,1,2,2,0.611607,0.610918,0.614951,0.615163,0.615057,-0.000004,0.998490,-0.054932,0.000000,0.990064,-0.140616,-0.000014,0.995684,-0.092805,16.431670,1.981236,0.705029,1,1,13.802300,0.042290,0,0
9.510122,-0.087427,284.257200,320.799700,1,1,1,1,2,2,0.614987,0.614927,0.614726,0.614952,0.614839,-0.000001,0.989252,-0.146222,0.000000,0.989241,-0.146295,-0.000013,0.995243,-0.097422,16.402180,2.045838,0.707605,1,1,13.789260,0.041571,0,0
9.520123,-0.087038,284.278300,320.935900,1,1,1,1,2,2,0.614569,0.614633,0.614526,0.614767,0.614646,-0.000002,0.988379,-0.152009,0.000000,0.988387,-0.151957,-0.000012,0.994771,-0.102129,16.404810,2.110040,0.708702,1,1,13.775780,0.040869,0,0
9.530123,-0.086645,284.300000,321.071700,1,1,1,1,2,2,0.614555,0.614533,0.614366,0.614607,0.614487,-0.000930,0.987491,-0.157674,0.000000,0.987502,-0.157606,-0.000011,0.994268,-0.106919,16.426950,2.174157,0.708770,1,1,13.761860,0.040184,0,0
9.540123,-0.086249,284.322400,321.207400,1,1,1,1,2,2,0.614221,0.614620,0.614277,0.614517,0.614397,-0.003623,0.986593,-0.163160,0.000000,0.986587,-0.163239,-0.000010,0.993733,-0.111783,16.453920,2.238376,0.708126,1,1,13.747500,0.039485,0,0
9.550123,-0.085850,284.345400,321.342800,1,1,1,1,2,2,0.614369,0.614571,0.614258,0.614498,0.614378,0.002910,0.985631,-0.168890,0.000000,0.985641,-0.168856,-0.000009,0.993166,-0.116712,16.481670,2.302741,0.706931,1,1,13.732690,0.038749,0,0
9.560123,-0.085448,284.369100,321.477900,1,1,1,1,2,2,0.614710,0.615150,0.614776,0.615031,0.614904,0.000000,0.985653,-0.168787,0.000000,0.985641,-0.168856,-0.000008,0.992626,-0.121215,16.255180,2.367252,0.711994,1,1,13.717420,0.037992,0,0
9.570124,-0.085042,284.393400,321.612700,1,1,1,1,2,2,0.614662,0.614933,0.614662,0.614932,0.614797,0.000008,0.984658,-0.174493,0.000000,0.984665,-0.174456,-0.000007,0.992054,-0.125813,16.229600,2.429393,0.713562,1,1,13.701620,0.037187,0,0
9.580124,-0.084634,284.418300,321.747300,1,1,1,1,2,2,0.614629,0.614915,0.614617,0.614887,0.614752,-0.000001,0.983658,-0.180049,0.000000,0.983659,-0.180041,-0.000007,0.991448,-0.130498,16.226100,2.491153,0.713783,1,1,13.685380,0.036366,0,0
9.590124,-0.084224,284.443800,321.881600,1,1,1,1,2,2,0.614402,0.614850,0.614584,0.614884,0.614734,-0.001920,0.982630,-0.185566,0.000000,0.982624,-0.185607,-0.000006,0.990810,-0.135259,16.242620,2.552748,0.713006,1,1,13.668700,0.035539,0,0
9.600124,-0.083810,284.470000,322.015600,1,1,1,1,2,2,0.614593,0.614907,0.614665,0.614950,0.614807,0.001912,0.981588,-0.191001,0.000000,0.981560,-0.191155,-0.000006,0.990139,-0.140090,16.259260,2.614369,0.711547,1,1,13.651580,0.034709,0,0
9.610125,-0.083394,284.496700,322.149300,1,1,1,1,2,2,0.615336,0.615593,0.615362,0.615661,0.615511,0.000001,0.981532,-0.191299,0.000000,0.981560,-0.191155,-0.000005,0.989504,-0.144502,16.011990,2.676012,0.716121,1,1,13.634010,0.033894,0,0
9.620125,-0.082976,284.524100,322.282700,1,1,1,1,2,2,0.615382,0.615903,0.615333,0.615632,0.615482,0.000004,0.980477,-0.196635,0.000000,0.980466,-0.196687,-0.000005,0.988835,-0.149011,15.989110,2.735073,0.716982,1,1,13.615900,0.033054,0,0
9.630125,-0.082555,284.552000,322.415700,1,1,1,1,2,2,0.615228,0.615686,0.615359,0.615658,0.615509,-0.000001,0.979319,-0.202325,0.000000,0.979345,-0.202197,-0.000004,0.988132,-0.153608,15.988990,2.793769,0.716522,1,1,13.597360,0.032320,0,0
9.640125,-0.082132,284.580500,322.548500,1,1,1,1,2,2,0.615472,0.615790,0.615456,0.615754,0.615605,-0.002198,0.978171,-0.207792,0.000000,0.978195,-0.207690,-0.000004,0.987394,-0.158283,16.000100,2.852319,0.715096,1,1,13.578390,0.032253,0,0
9.650126,-0.081707,284.609600,322.680900,1,1,1,1,2,2,0.615613,0.615840,0.615577,0.615905,0.615741,-0.002741,0.976999,-0.213226,0.000000,0.977016,-0.213164,-0.000004,0.986621,-0.163029,16.022070,2.910829,0.712935,1,1,13.558970,0.032193,0,0
9.660126,-0.081279,284.639300,322.813000,1,1,1,1,2,2,0.616366,0.616800,0.616435,0.616763,0.616599,-0.000001,0.977009,-0.213198,0.000000,0.977016,-0.213164,-0.000003,0.985895,-0.167362,15.764880,2.969400,0.716760,1,1,13.539120,0.032151,0,0
9.670126,-0.080849,284.669600,322.944700,1,1,1,1,2,2,0.616594,0.616710,0.616476,0.616833,0.616655,-0.000005,0.975845,-0.218464,0.000000,0.975811,-0.218616,-0.000003,0.985133,-0.171794,15.746520,3.025289,0.716791,1,1,13.518730,0.032079,0,0
9.680126,-0.080417,284.700400,323.076100,1,1,1,1,2,2,0.616484,0.616994,0.616602,0.616959,0.616781,-0.000001,0.974590,-0.223997,0.000000,0.974578,-0.224049,-0.000003,0.984334,-0.176312,15.746770,3.080846,0.715562,1,1,13.497930,0.030886,0,0
9.690126,-0.079983,284.731800,323.207200,1,1,1,1,2,2,0.616825,0.617144,0.616783,0.617109,0.616946,0.003662,0.973324,-0.229406,0.000000,0.973318,-0.229462,-0.000003,0.983500,-0.180910,15.763150,3.136250,0.713388,1,1,13.476690,0.029652,0,0
9.700127,-0.079548,284.763700,323.337900,1,1,1,1,2,2,0.617124,0.617264,0.617018,0.617300,0.617159,-0.000494,0.972071,-0.234685,0.000000,0.972031,-0.234851,-0.000002,0.982630,-0.185576,15.787010,3.191653,0.710558,1,1,13.455030,0.014421,0,0
9.710127,-0.079113,284.796200,323.468200,1,1,1,1,2,2,0.617940,0.618201,0.618006,0.618243,0.618125,0.000003,0.972035,-0.234837,0.000000,0.972031,-0.234851,-0.000002,0.981815,-0.189838,15.528190,3.247123,0.713640,1,1,13.432930,-0.000951,0,0
9.720127,-0.078681,284.829200,323.598200,1,1,1,1,2,2,0.618092,0.618324,0.618147,0.618369,0.618258,0.000003,0.970686,-0.240350,0.000000,0.970718,-0.240221,-0.000002,0.980963,-0.194196,15.513430,3.299895,0.712939,1,1,13.410300,-0.016471,0,0
9.730127,-0.078252,284.862700,323.727800,1,1,1,1,2,2,0.618393,0.618579,0.618371,0.618549,0.618460,0.001140,0.969420,-0.245407,0.000000,0.969379,-0.245569,-0.000002,0.980072,-0.198641,15.515710,3.352360,0.711042,1,1,13.387260,-0.032100,0,0
9.740128,-0.077828,284.896800,323.857100,1,1,1,1,2,2,0.618654,0.618957,0.618665,0.618783,0.618724,0.001640,0.968011,-0.250903,0.000000,0.968015,-0.250892,-0.000002,0.979145,-0.203162,15.528620,3.404681,0.708259,1,1,13.363800,-0.047820,0,0
9.750128,-0.077411,284.931300,323.985900,1,1,1,1,2,2,0.614028,0.614301,0.619826,0.619915,0.619871,0.000002,0.972157,-0.234330,0.000000,0.968015,-0.250892,-0.000001,0.978279,-0.207291,15.242750,3.456956,0.711098,1,1,13.339920,-0.063611,0,0
9.760128,-0.077001,284.966400,324.114300,1,1,1,1,2,2,0.619923,0.620111,0.620025,0.620055,0.620040,0.000004,0.966604,-0.256275,0.000000,0.966625,-0.256195,-0.000001,0.977373,-0.211523,15.235270,3.506273,0.709821,1,1,13.315500,-0.079555,0,0
9.770128,-0.076601,285.002000,324.242400,1,1,1,1,2,2,0.620242,0.620212,0.620249,0.620235,0.620242,-0.000001,0.965214,-0.261461,0.000000,0.965210,-0.261475,-0.000001,0.976427,-0.215846,15.251120,3.555351,0.707364,1,1,13.290680,-0.095636,0,0
9.780128,-0.076212,285.038000,324.370100,1,1,1,1,2,2,0.620588,0.620492,0.620542,0.620469,0.620506,0.003562,0.963807,-0.266579,0.000000,0.963771,-0.266730,-0.000001,0.975443,-0.220251,15.275440,3.604413,0.704107,1,1,13.265460,-0.113044,0,0
9.790129,-0.075835,285.074500,324.497300,1,1,1,1,2,2,0.620816,0.620846,0.621831,0.621699,0.621765,0.000646,0.962350,-0.271812,0.000000,0.963771,-0.266730,-0.000001,0.974526,-0.224272,14.981360,3.653535,0.706441,1,1,13.239840,-0.131847,0,0
9.800129,-0.075473,285.111500,324.624200,1,1,1,1,2,2,0.621888,0.621842,0.622030,0.621810,0.621920,0.000002,0.962265,-0.272114,0.000000,0.962308,-0.271962,-0.000001,0.973567,-0.228400,14.991530,3.699625,0.704546,1,1,13.213690,-0.152017,0,0
9.810129,-0.075128,285.149000,324.750600,1,1,1,1,2,2,0.622272,0.621994,0.622253,0.621989,0.622121,0.000001,0.960878,-0.276973,0.000000,0.960820,-0.277172,-0.000001,0.972567,-0.232622,15.018620,3.745645,0.701621,1,1,13.187150,-0.173541,0,0
9.820129,-0.074800,285.186900,324.876600,1,1,1,1,2,2,0.622433,0.622154,0.622560,0.622194,0.622377,-0.000296,0.959290,-0.282422,0.000000,0.959310,-0.282354,-0.000001,0.971527,-0.236929,15.053200,3.791752,0.697986,1,1,13.160230,-0.196394,0,0
9.830130,-0.074494,285.225300,325.002200,1,1,1,1,2,2,0.622921,0.622475,0.622935,0.622497,0.622716,-0.000994,0.957742,-0.287627,0.000000,0.957777,-0.287513,-0.000001,0.970448,-0.241310,15.085080,3.838013,0.693847,1,1,13.132920,-0.220546,0,0
9.840130,-0.074210,285.264100,325.127400,1,1,1,1,2,2,0.624197,0.623582,0.624202,0.623676,0.623939,0.000003,0.957777,-0.287511,0.000000,0.957777,-0.287513,-0.000001,0.969445,-0.245310,14.817820,3.884395,0.695338,1,1,13.105200,-0.245971,0,0
9.850130,-0.073952,285.303400,325.252100,1,1,1,1,2,2,0.624451,0.623849,0.624497,0.623885,0.624191,-0.000002,0.956227,-0.292625,0.000000,0.956220,-0.292649,-0.000001,0.968398,-0.249410,14.821220,3.928009,0.692976,1,1,13.076980,-0.272570,0,0
9.860130,-0.073721,285.343100,325.376400,1,1,1,1,2,2,0.624969,0.624226,0.624862,0.624119,0.624490,0.000490,0.954599,-0.297893,0.000000,0.954642,-0.297757,-0.000001,0.967310,-0.253597,14.840490,3.971476,0.689624,1,1,13.048360,-0.300318,0,0
9.870131,-0.073521,285.383200,325.500200,1,1,1,1,2,2,0.563200,0.550901,0.626372,0.623624,0.624998,0.001273,0.989672,-0.143342,0.000000,0.954240,-0.299041,0.000000,0.966270,-0.257532,14.728740,4.014943,0.690030,1,1,13.019360,-0.329179,0,0
9.880131,-0.073354,285.423800,325.623700,1,1,1,1,1,1,0.630633,0.629596,0.630465,0.629559,0.630012,0.000002,0.957791,-0.287465,0.000000,0.957754,-0.287588,0.000000,0.965574,-0.260129,13.383530,4.057151,0.707463,1,1,12.989930,-0.359099,0,0
9.890131,-0.073222,285.464700,325.746600,1,1,1,1,1,1,0.629883,0.629191,0.630022,0.629001,0.629512,-0.000003,0.956201,-0.292710,0.000000,0.956197,-0.292725,0.000000,0.964810,-0.262947,13.437520,4.086248,0.708606,1,1,12.959570,-0.389782,0,0
9.900131,-0.073129,285.505800,325.869200,1,1,1,1,1,1,0.629369,0.628268,0.629537,0.628371,0.628954,-0.001597,0.954560,-0.298014,0.000000,0.954618,-0.297833,0.000000,0.963983,-0.265964,13.551060,4.115747,0.707756,1,1,12.928980,-0.421309,0,0
9.910131,-0.073078,285.547300,325.991300,1,1,1,1,1,1,0.714120,0.627877,0.632829,0.631518,0.632173,0.003640,0.970316,-0.241813,0.000000,0.954618,-0.297833,0.000000,0.963219,-0.268719,12.865890,4.146212,0.711685,1,1,12.898190,-0.453663,0,0
9.920132,-0.073071,285.589000,326.113100,1,1,1,1,1,1,0.632149,0.630391,0.631942,0.630517,0.631229,-0.000002,0.953039,-0.302847,0.000000,0.953017,-0.302917,0.000000,0.962389,-0.271676,13.164940,4.169956,0.706194,1,1,12.866760,-0.486691,0,0
9.930132,-0.073111,285.631000,326.234400,1,1,1,1,1,1,0.630769,0.629312,0.631009,0.629442,0.630226,0.000001,0.951320,-0.308206,0.000000,0.951394,-0.307978,0.000000,0.961497,-0.274817,13.456670,4.196455,0.701401,1,1,12.835210,-0.520332,0,0
9.940132,-0.073201,285.673200,326.355200,1,1,1,1,1,1,0.630201,0.628441,0.630075,0.628336,0.629206,-0.001395,0.949796,-0.312868,0.000000,0.949750,-0.313009,0.000000,0.960546,-0.278122,13.728800,4.225625,0.697486,1,1,12.803540,-0.554543,0,0
9.950132,-0.073345,285.715800,326.475600,1,1,1,1,1,1,0.632993,0.630916,0.632887,0.631032,0.631959,0.000004,0.949746,-0.313022,0.000000,0.949750,-0.313009,0.000000,0.959667,-0.281140,13.154920,4.257260,0.700272,1,1,12.771710,-0.589275,0,0
9.960133,-0.073545,285.758600,326.595600,0,0,0,0,0,0,0.000000,0.000000,0.000000,0.000000,0.631959,0.000000,0.000000,0.000000,0.000000,0.949750,-0.313009,0.000000,0.959667,-0.281140,0.000000,4.283248,0.737486,0,2,12.739280,-0.620596,0,0
9.970133,-0.073746,285.800500,326.715600,0,0,0,0,0,0,0.000000,0.000000,0.000000,0.000000,0.631959,0.000000,0.000000,0.000000,0.000000,0.949750,-0.313009,0.000000,0.959667,-0.281140,0.000000,4.185148,0.643342,0,2,12.706630,-0.044908,0,0
9.980133,-0.073946,285.841300,326.835500,0,0,0,0,0,0,0.000000,0.000000,0.000000,0.000000,0.631959,0.000000,0.000000,0.000000,0.000000,0.949750,-0.313009,0.000000,0.959667,-0.281140,0.000000,4.087048,0.549199,0,2,12.674660,-0.044908,0,0
9.990133,-0.074146,285.881200,326.955500,0,0,0,0,0,0,0.000000,0.000000,0.000000,0.000000,0.631959,0.000000,0.000000,0.000000,0.000000,0.949750,-0.313009,0.000000,0.959667,-0.281140,0.000000,3.988948,0.455056,0,2,12.643360,-0.044908,0,0
10.000130,-0.074347,285.920100,327.075500,0,0,0,0,0,0,0.000000,0.000000,0.000000,0.000000,0.631959,0.000000,0.000000,0.000000,0.000000,0.949750,-0.313009,0.000000,0.959667,-0.281140,0.000000,3.890848,0.360912,0,2,12.612760,-0.044908,0,0
10.010130,-0.074547,285.958100,327.195400,0,0,0,0,0,0,0.000000,0.000000,0.000000,0.000000,0.631959,0.000000,0.000000,0.000000,0.000000,0.949750,-0.313009,0.000000,0.959667,-0.281140,0.000000,3.792748,0.266769,0,2,12.582840,-0.044908,0,0
10.020130,-0.074747,285.995000,327.315400,0,0,0,0,0,0,0.000000,0.000000,0.000000,0.000000,0.631959,0.000000,0.000000,0.000000,0.000000,0.949750,-0.313009,0.000000,0.959667,-0.281140,0.000000,3.694648,0.172626,0,2,12.553620,-0.044908,0,0
10.030130,-0.074947,286.031000,327.435400,0,0,0,0,0,0,0.000000,0.000000,0.000000,0.000000,0.631959,0.000000,0.000000,0.000000,0.000000,0.949750,-0.313009,0.000000,0.959667,-0.281140,0.000000,3.596548,0.078483,0,2,12.525100,-0.044908,0,0
10.040130,-0.075148,286.066000,327.555300,0,0,0,0,0,0,0.000000,0.000000,0.000000,0.000000,0.631959,0.000000,0.000000,0.000000,0.000000,0.949750,-0.313009,0.000000,0.959667,-0.281140,0.000000,3.498448,-0.015661,0,2,12.497280,-0.044908,0,0
10.050130,-0.075348,286.100000,327.675300,0,0,0,0,0,0,0.000000,0.000000,0.000000,0.000000,0.631959,0.000000,0.000000,0.000000,0.000000,0.949750,-0.313009,0.000000,0.959667,-0.281140,0.000000,3.400348,-0.109804,0,2,12.470180,-0.044908,0,0
10.060130,-0.075548,286.133000,327.795300,0,0,0,0,0,0,0.000000,0.000000,0.000000,0.000000,0.631959,0.000000,0.000000,0.000000,0.000000,0.949750,-0.313009,0.000000,0.959667,-0.281140,0.000000,3.302248,-0.203947,0,2,12.443790,-0.044908,0,0
10.070140,-0.075749,286.165000,327.915200,0,0,0,0,0,0,0.000000,0.000000,0.000000,0.000000,0.631959,0.000000,0.000000,0.000000,0.000000,0.949750,-0.313009,0.000000,0.959667,-0.281140,0.000000,3.204148,-0.298090,0,2,12.418110,-0.044908,0,0
10.080140,-0.075949,286.196100,328.035200,0,0,0,0,0,0,0.000000,0.000000,0.000000,0.000000,0.631959,0.000000,0.000000,0.000000,0.000000,0.949750,-0.313009,0.000000,0.959667,-0.281140,0.000000,3.106048,-0.392234,0,2,12.393160,-0.044908,0,0
10.090140,-0.076149,286.226200,328.155200,0,0,0,0,0,0,0.000000,0.000000,0.000000,0.000000,0.631959,0.000000,0.000000,0.000000,0.000000,0.949750,-0.313009,0.000000,0.959667,-0.281140,0.000000,3.007948,-0.486377,0,2,12.368940,-0.044908,0,0
10.100140,-0.076350,286.255300,328.275100,0,0,0,0,0,0,0.000000,0.000000,0.000000,0.000000,0.631959,0.000000,0.000000,0.000000,0.000000,0.949750,-0.313009,0.000000,0.959667,-0.281140,0.000000,2.909848,-0.580520,0,2,12.345450,-0.044908,0,0
10.110140,-0.076550,286.283400,328.395100,0,0,0,0,0,0,0.000000,0.000000,0.000000,0.000000,0.631959,0.000000,0.000000,0.000000,0.000000,0.949750,-0.313009,0.000000,0.959667,-0.281140,0.000000,2.811748,-0.674663,0,2,12.322700,-0.044908,0,0
10.120140,-0.076750,286.310500,328.515000,0,0,0,0,0,0,0.000000,0.000000,0.000000,0.000000,0.631959,0.000000,0.000000,0.000000,0.000000,0.949750,-0.313009,0.000000,0.959667,-0.281140,0.000000,2.713648,-0.768807,0,2,12.300680,-0.044908,0,0
10.130140,-0.076950,286.336700,328.635000,0,0,0,0,0,0,0.000000,0.000000,0.000000,0.000000,0.631959,0.000000,0.000000,0.000000,0.000000,0.949750,-0.313009,0.000000,0.959667,-0.281140,0.000000,2.615548,-0.862950,0,2,12.279420,-0.044908,0,0
10.140140,-0.077151,286.361800,328.755000,0,0,0,0,0,0,0.000000,0.000000,0.000000,0.000000,0.631959,0.000000,0.000000,0.000000,0.000000,0.949750,-0.313009,0.000000,0.959667,-0.281140,0.000000,2.517448,-0.957093,0,2,12.258890,-0.044908,0,0
10.150140,-0.077351,286.386000,328.874900,0,0,0,0,0,0,0.000000,0.000000,0.000000,0.000000,0.631959,0.000000,0.000000,0.000000,0.000000,0.949750,-0.313009,0.000000,0.959667,-0.281140,0.000000,2.419348,-1.051236,0,2,12.239130,-0.044908,0,0
10.160140,-0.077551,286.409300,328.994900,0,0,0,0,0,0,0.000000,0.000000,0.000000,0.000000,0.631959,0.000000,0.000000,0.000000,0.000000,0.949750,-0.313009,0.000000,0.959667,-0.281140,0.000000,2.321249,-1.145380,0,2,12.220110,-0.044908,0,0
10.170140,-0.077752,286.431500,329.114900,0,0,0,0,0,0,0.000000,0.000000,0.000000,0.000000,0.631959,0.000000,0.000000,0.000000,0.000000,0.949750,-0.313009,0.000000,0.959667,-0.281140,0.000000,2.223149,-1.239523,0,2,12.201860,-0.044908,0,0
10.180140,-0.077952,286.452700,329.234800,0,0,0,0,0,0,0.000000,0.000000,0.000000,0.000000,0.631959,0.000000,0.000000,0.000000,0.000000,0.949750,-0.313009,0.000000,0.959667,-0.281140,0.000000,2.125049,-1.333666,0,2,12.184370,-0.044908,0,0
10.190140,-0.078152,286.473000,329.354800,0,0,0,0,0,0,0.000000,0.000000,0.000000,0.000000,0.631959,0.000000,0.000000,0.000000,0.000000,0.949750,-0.313009,0.000000,0.959667,-0.281140,0.000000,2.026949,-1.427809,0,2,12.167640,-0.044908,0,0
10.200140,-0.078352,286.492300,329.474800,0,0,0,0,0,0,0.000000,0.000000,0.000000,0.000000,0.631959,0.000000,0.000000,0.000000,0.000000,0.949750,-0.313009,0.000000,0.959667,-0.281140,0.000000,1.928849,-1.521953,0,2,12.151680,-0.044908,0,0
10.210140,-0.078553,286.510600,329.594700,0,0,0,0,0,0,0.000000,0.000000,0.000000,0.000000,0.631959,0.000000,0.000000,0.000000,0.000000,0.949750,-0.313009,0.000000,0.959667,-0.281140,0.000000,1.830749,-1.616096,0,2,12.136500,-0.044908,0,0
10.220140,-0.078753,286.527900,329.714700,0,0,0,0,0,0,0.000000,0.000000,0.000000,0.000000,0.631959,0.000000,0.000000,0.000000,0.000000,0.949750,-0.313009,0.000000,0.959667,-0.281140,0.000000,1.732649,-1.710239,0,2,12.122090,-0.044908,0,0
10.230140,-0.078953,286.544300,329.834700,0,0,0,0,0,0,0.000000,0.000000,0.000000,0.000000,0.631959,0.000000,0.000000,0.000000,0.000000,0.949750,-0.313009,0.000000,0.959667,-0.281140,0.000000,1.634549,-1.804382,0,2,12.108460,-0.044908,0,0
10.240140,-0.079154,286.559600,329.954600,0,0,0,0,0,0,0.000000,0.000000,0.000000,0.000000,0.631959,0.000000,0.000000,0.000000,0.000000,0.949750,-0.313009,0.000000,0.959667,-0.281140,0.000000,1.536449,-1.898526,0,2,12.095600,-0.044908,0,0
10.250140,-0.079354,286.574000,330.074600,0,0,0,0,0,0,0.000000,0.000000,0.000000,0.000000,0.631959,0.000000,0.000000,0.000000,0.000000,0.949750,-0.313009,0.000000,0.959667,-0.281140,0.000000,1.438349,-1.992669,0,2,12.083530,-0.044908,0,0
10.260140,-0.079554,286.587400,330.194500,0,0,0,0,0,0,0.000000,0.000000,0.000000,0.000000,0.631959,0.000000,0.000000,0.000000,0.000000,0.949750,-0.313009,0.000000,0.959667,-0.281140,0.000000,1.340249,-2.086812,0,2,12.072250,-0.044908,0,0
10.270140,-0.079755,286.599800,330.314500,0,0,0,0,0,0,0.000000,0.000000,0.000000,0.000000,0.631959,0.000000,0.000000,0.000000,0.000000,0.949750,-0.313009,0.000000,0.959667,-0.281140,0.000000,1.242149,-2.180955,0,2,12.061750,-0.044908,0,0
10.280140,-0.079955,286.611300,330.434500,0,0,0,0,0,0,0.000000,0.000000,0.000000,0.000000,0.631959,0.000000,0.000000,0.000000,0.000000,0.949750,-0.313009,0.000000,0.959667,-0.281140,0.000000,1.144049,-2.275099,0,2,12.052050,-0.044908,0,0
10.290140,-0.080155,286.621700,330.554400,0,0,0,0,0,0,0.000000,0.000000,0.000000,0.000000,0.631959,0.000000,0.000000,0.000000,0.000000,0.949750,-0.313009,0.000000,0.959667,-0.281140,0.000000,1.045949,-2.369242,0,2,12.043130,-0.044908,0,0
10.300140,-0.080355,286.631200,330.674400,0,0,0,0,0,0,0.000000,0.000000,0.000000,0.000000,0.631959,0.000000,0.000000,0.000000,0.000000,0.949750,-0.313009,0.000000,0.959667,-0.281140,0.000000,0.947849,-2.463385,0,2,12.035010,-0.044908,0,0
10.310140,-0.080556,286.639700,330.794400,0,0,0,0,0,0,0.000000,0.000000,0.000000,0.000000,0.631959,0.000000,0.000000,0.000000,0.000000,0.949750,-0.313009,0.000000,0.959667,-0.281140,0.000000,0.849749,-2.557528,0,2,12.027680,-0.044908,0,0
10.320140,-0.080756,286.647200,330.914300,0,0,0,0,0,0,0.000000,0.000000,0.000000,0.000000,0.631959,0.000000,0.000000,0.000000,0.000000,0.949750,-0.313009,0.000000,0.959667,-0.281140,0.000000,0.751649,-2.651672,0,2,12.021140,-0.044908,0,0
10.330140,-0.080956,286.653700,331.034300,0,0,0,0,0,0,0.000000,0.000000,0.000000,0.000000,0.631959,0.000000,0.000000,0.000000,0.000000,0.949750,-0.313009,0.000000,0.959667,-0.281140,0.000000,0.653549,-2.745815,0,2,12.015410,-0.044908,0,0
10.340140,-0.081157,286.659300,331.154300,0,0,0,0,0,0,0.000000,0.000000,0.000000,0.000000,0.631959,0.000000,0.000000,0.000000,0.000000,0.949750,-0.313009,0.000000,0.959667,-0.281140,0.000000,0.555449,-2.839958,0,2,12.010470,-0.044908,0,0
10.350140,-0.081357,286.663900,331.274200,0,0,0,0,0,0,0.000000,0.000000,0.000000,0.000000,0.631959,0.000000,0.000000,0.000000,0.000000,0.949750,-0.313009,0.000000,0.959667,-0.281140,0.000000,0.457349,-2.934102,0,2,12.006340,-0.044908,0,0
10.360140,-0.081557,286.667500,331.394200,0,0,0,0,0,0,0.000000,0.000000,0.000000,0.000000,0.631959,0.000000,0.000000,0.000000,0.000000,0.949750,-0.313009,0.000000,0.959667,-0.281140,0.000000,0.359249,-3.028245,0,2,12.003000,-0.044908,0,0
10.370140,-0.081757,286.670100,331.514200,0,0,0,0,0,0,0.000000,0.000000,0.000000,0.000000,0.631959,0.000000,0.000000,0.000000,0.000000,0.949750,-0.313009,0.000000,0.959667,-0.281140,0.000000,0.261149,-3.122388,0,2,12.000460,-0.044908,0,0
10.380140,-0.081958,286.671700,331.634100,0,0,0,0,0,0,0.000000,0.000000,0.000000,0.000000,0.631959,0.000000,0.000000,0.000000,0.000000,0.949750,-0.313009,0.000000,0.959667,-0.281140,0.000000,0.163049,-3.216532,0,2,11.998730,-0.044908,0,0
10.390140,-0.082158,286.672400,331.754100,0,0,0,0,0,0,0.000000,0.000000,0.000000,0.000000,0.631959,0.000000,0.000000,0.000000,0.000000,0.949750,-0.313009,0.000000,0.959667,-0.281140,0.000000,0.064949,-3.310675,0,2,11.997800,-0.044908,0,0
10.400140,-0.082358,286.672000,331.874100,0,0,0,0,0,0,0.000000,0.000000,0.000000,0.000000,0.631959,0.000000,0.000000,0.000000,0.000000,0.949750,-0.313009,0.000000,0.959667,-0.281140,0.000000,-0.033151,-3.404818,0,2,11.997670,-0.044908,0,0
10.410140,-0.082559,286.670700,331.994000,0,0,0,0,0,0,0.000000,0.000000,0.000000,0.000000,0.631959,0.000000,0.000000,0.000000,0.000000,0.949750,-0.313009,0.000000,0.959667,-0.281140,0.000000,-0.131251,-3.498961,0,2,11.998340,-0.044908,0,0
10.420140,-0.082759,286.668400,332.114000,0,0,0,0,0,0,0.000000,0.000000,0.000000,0.000000,0.631959,0.000000,0.000000,0.000000,0.000000,0.949750,-0.313009,0.000000,0.959667,-0.281140,0.000000,-0.229351,-3.593105,0,2,11.999810,-0.044908,0,0
10.430140,-0.082959,286.665200,332.233900,0,0,0,0,0,0,0.000000,0.000000,0.000000,0.000000,0.631959,0.000000,0.000000,0.000000,0.000000,0.949750,-0.313009,0.000000,0.959667,-0.281140,0.000000,-0.327451,-3.687248,0,2,12.002090,-0.044908,0,0
10.440140,-0.083160,286.660900,332.353900,0,0,0,0,0,0,0.000000,0.000000,0.000000,0.000000,0.631959,0.000000,0.000000,0.000000,0.000000,0.949750,-0.313009,0.000000,0.959667,-0.281140,0.000000,-0.425551,-3.781391,0,2,12.005170,-0.044908,0,0
10.450140,-0.083360,286.655700,332.473900,0,0,0,0,0,0,0.000000,0.000000,0.000000,0.000000,0.631959,0.000000,0.000000,0.000000,0.000000,0.949750,-0.313009,0.000000,0.959667,-0.281140,0.000000,-0.523651,-3.875535,0,2,12.009050,-0.044908,0,0
10.460140,-0.083560,286.649400,332.593800,0,0,0,0,0,0,0.000000,0.000000,0.000000,0.000000,0.631959,0.000000,0.000000,0.000000,0.000000,0.949750,-0.313009,0.000000,0.959667,-0.281140,0.000000,-0.621751,-3.969678,0,2,12.013720,-0.044908,0,0
10.470140,-0.083760,286.642200,332.713800,0,0,0,0,0,0,0.000000,0.000000,0.000000,0.000000,0.631959,0.000000,0.000000,0.000000,0.000000,0.949750,-0.313009,0.000000,0.959667,-0.281140,0.000000,-0.719851,-4.063821,0,2,12.019200,-0.044908,0,0
10.480140,-0.083961,286.634100,332.833800,0,0,0,0,0,0,0.000000,0.000000,0.000000,0.000000,0.631959,0.000000,0.000000,0.000000,0.000000,0.949750,-0.313009,0.000000,0.959667,-0.281140,0.000000,-0.817951,-4.157965,0,2,12.025470,-0.044908,0,0
10.490140,-0.084161,286.624900,332.953700,0,0,0,0,0,0,0.000000,0.000000,0.000000,0.000000,0.631959,0.000000,0.000000,0.000000,0.000000,0.949750,-0.313009,0.000000,0.959667,-0.281140,0.000000,-0.916051,-4.252108,0,2,12.032540,-0.044908,0,0
10.500140,-0.084361,286.614800,333.073700,0,0,0,0,0,0,0.000000,0.000000,0.000000,0.000000,0.631959,0.000000,0.000000,0.000000,0.000000,0.949750,-0.313009,0.000000,0.959667,-0.281140,0.000000,-1.014151,-4.346251,0,2,12.040410,-0.044908,0,0
10.510150,-0.084562,286.603700,333.193700,0,0,0,0,0,0,0.000000,0.000000,0.000000,0.000000,0.631959,0.000000,0.000000,0.000000,0.000000,0.949750,-0.313009,0.000000,0.959667,-0.281140,0.000000,-1.112251,-4.440394,0,2,12.049070,-0.044908,0,0
10.520150,-0.084762,286.591600,333.313600,0,0,0,0,0,0,0.000000,0.000000,0.000000,0.000000,0.631959,0.000000,0.000000,0.000000,0.000000,0.949750,-0.313009,0.000000,0.959667,-0.281140,0.000000,-1.210351,-4.534538,0,2,12.058520,-0.044908,0,0
10.530150,-0.084962,286.578500,333.433600,0,0,0,0,0,0,0.000000,0.000000,0.000000,0.000000,0.631959,0.000000,0.000000,0.000000,0.000000,0.949750,-0.313009,0.000000,0.959667,-0.281140,0.000000,-1.308451,-4.628681,0,2,12.068760,-0.044908,0,0
10.540150,-0.085162,286.564400,333.553600,0,0,0,0,0,0,0.000000,0.000000,0.000000,0.000000,0.631959,0.000000,0.000000,0.000000,0.000000,0.949750,-0.313009,0.000000,0.959667,-0.281140,0.000000,-1.406551,-4.722824,0,2,12.079790,-0.044908,0,0
10.550150,-0.085363,286.549300,333.673500,0,0,0,0,0,0,0.000000,0.000000,0.000000,0.000000,0.631959,0.000000,0.000000,0.000000,0.000000,0.949750,-0.313009,0.000000,0.959667,-0.281140,0.000000,-1.504651,-4.816967,0,2,12.091610,-0.044908,0,0
10.560150,-0.085563,286.533300,333.793500,0,0,0,0,0,0,0.000000,0.000000,0.000000,0.000000,0.631959,0.000000,0.000000,0.000000,0.000000,0.949750,-0.313009,0.000000,0.959667,-0.281140,0.000000,-1.602751,-4.911111,0,2,12.104200,-0.044908,0,0
10.570150,-0.085763,286.516300,333.913500,0,0,0,0,0,0,0.000000,0.000000,0.000000,0.000000,0.631959,0.000000,0.000000,0.000000,0.000000,0.949750,-0.313009,0.000000,0.959667,-0.281140,0.000000,-1.700850,-5.005254,0,2,12.117580,-0.044908,0,0
10.580150,-0.085964,286.498400,334.033400,0,0,0,0,0,0,0.000000,0.000000,0.000000,0.000000,0.631959,0.000000,0.000000,0.000000,0.000000,0.949750,-0.313009,0.000000,0.959667,-0.281140,0.000000,-1.798950,-5.099397,0,2,12.131740,-0.044908,0,0
10.590150,-0.086164,286.479400,334.153400,0,0,0,0,0,0,0.000000,0.000000,0.000000,0.000000,0.631959,0.000000,0.000000,0.000000,0.000000,0.949750,-0.313009,0.000000,0.959667,-0.281140,0.000000,-1.897050,-5.193541,0,2,12.146680,-0.044908,0,0
10.600150,-0.086364,286.459400,334.273300,0,0,0,0,0,0,0.000000,0.000000,0.000000,0.000000,0.631959,0.000000,0.000000,0.000000,0.000000,0.949750,-0.313009,0.000000,0.959667,-0.281140,0.000000,-1.995150,-5.287684,0,2,12.162380,-0.044908,0,0
10.610150,-0.086565,286.438500,334.393300,0,0,0,0,0,0,0.000000,0.000000,0.000000,0.000000,0.631959,0.000000,0.000000,0.000000,0.000000,0.949750,-0.313009,0.000000,0.959667,-0.281140,0.000000,-2.093250,-5.381827,0,2,12.178860,-0.044908,0,0
10.620150,-0.086765,286.416600,334.513300,0,0,0,0,0,0,0.000000,0.000000,0.000000,0.000000,0.631959,0.000000,0.000000,0.000000,0.000000,0.949750,-0.313009,0.000000,0.959667,-0.281140,0.000000,-2.191350,-5.475970,0,2,12.196110,-0.044908,0,0
10.630150,-0.086965,286.393700,334.633200,0,0,0,0,0,0,0.000000,0.000000,0.000000,0.000000,0.631959,0.000000,0.000000,0.000000,0.000000,0.949750,-0.313009,0.000000,0.959667,-0.281140,0.000000,-2.289450,-5.570114,0,2,12.214110,-0.044908,0,0
10.640150,-0.087165,286.369800,334.753200,0,0,0,0,0,0,0.000000,0.000000,0.000000,0.000000,0.631959,0.000000,0.000000,0.000000,0.000000,0.949750,-0.313009,0.000000,0.959667,-0.281140,0.000000,-2.387550,-5.664257,0,2,12.232880,-0.044908,0,0
10.650150,-0.087366,286.345000,334.873200,0,0,0,0,0,0,0.000000,0.000000,0.000000,0.000000,0.631959,0.000000,0.000000,0.000000,0.000000,0.949750,-0.313009,0.000000,0.959667,-0.281140,0.000000,-2.485650,-5.758400,0,2,12.252400,-0.044908,0,0
10.660150,-0.087566,286.319100,334.993100,0,0,0,0,0,0,0.000000,0.000000,0.000000,0.000000,0.631959,0.000000,0.000000,0.000000,0.000000,0.949750,-0.313009,0.000000,0.959667,-0.281140,0.000000,-2.583750,-5.852543,0,2,12.272680,-0.044908,0,0
10.670150,-0.087766,286.292300,335.113100,0,0,0,0,0,0,0.000000,0.000000,0.000000,0.000000,0.631959,0.000000,0.000000,0.000000,0.000000,0.949750,-0.313009,0.000000,0.959667,-0.281140,0.000000,-2.681850,-5.946687,0,2,12.293710,-0.044908,0,0
10.680150,-0.087967,286.264500,335.233100,0,0,0,0,0,0,0.000000,0.000000,0.000000,0.000000,0.631959,0.000000,0.000000,0.000000,0.000000,0.949750,-0.313009,0.000000,0.959667,-0.281140,0.000000,-2.779950,-6.040830,0,2,12.315480,-0.044908,0,0
10.690150,-0.088167,286.235700,335.353000,0,0,0,0,0,0,0.000000,0.000000,0.000000,0.000000,0.631959,0.000000,0.000000,0.000000,0.000000,0.949750,-0.313009,0.000000,0.959667,-0.281140,0.000000,-2.878050,-6.134973,0,2,12.338000,-0.044908,0,0
10.700150,-0.088367,286.206000,335.473000,0,0,0,0,0,0,0.000000,0.000000,0.000000,0.000000,0.631959,0.000000,0.000000,0.000000,0.000000,0.949750,-0.313009,0.000000,0.959667,-0.281140,0.000000,-2.976150,-6.229116,0,2,12.361250,-0.044908,0,0
10.710150,-0.088567,286.175200,335.593000,0,0,0,0,0,0,0.000000,0.000000,0.000000,0.000000,0.631959,0.000000,0.000000,0.000000,0.000000,0.949750,-0.313009,0.000000,0.959667,-0.281140,0.000000,-3.074250,-6.323259,0,2,12.385230,-0.044908,0,0
10.720150,-0.088768,286.143500,335.712900,0,0,0,0,0,0,0.000000,0.000000,0.000000,0.000000,0.631959,0.000000,0.000000,0.000000,0.000000,0.949750,-0.313009,0.000000,0.959667,-0.281140,0.000000,-3.172350,-6.417403,0,2,12.409950,-0.044908,0,0
10.730150,-0.088968,286.110800,335.832900,0,0,0,0,0,0,0.000000,0.000000,0.000000,0.000000,0.631959,0.000000,0.000000,0.000000,0.000000,0.949750,-0.313009,0.000000,0.959667,-0.281140,0.000000,-3.270450,-6.511546,0,2,12.435380,-0.044908,0,0
10.740150,-0.089168,286.077100,335.952900,0,0,0,0,0,0,0.000000,0.000000,0.000000,0.000000,0.631959,0.000000,0.000000,0.000000,0.000000,0.949750,-0.313009,0.000000,0.959667,-0.281140,0.000000,-3.368550,-6.605689,0,2,12.461540,-0.044908,0,0
10.750150,-0.089369,286.042400,336.072800,0,0,0,0,0,0,0.000000,0.000000,0.000000,0.000000,0.631959,0.000000,0.000000,0.000000,0.000000,0.949750,-0.313009,0.000000,0.959667,-0.281140,0.000000,-3.466650,-6.699832,0,2,12.488420,-0.044908,0,0
10.760150,-0.089569,286.006800,336.192800,0,0,0,0,0,0,0.000000,0.000000,0.000000,0.000000,0.631959,0.000000,0.000000,0.000000,0.000000,0.949750,-0.313009,0.000000,0.959667,-0.281140,0.000000,-3.564749,-6.793976,0,2,12.516010,-0.044908,0,0
10.770150,-0.089769,285.970200,336.312700,0,0,0,0,0,0,0.000000,0.000000,0.000000,0.000000,0.631959,0.000000,0.000000,0.000000,0.000000,0.949750,-0.313009,0.000000,0.959667,-0.281140,0.000000,-3.662849,-6.888119,0,2,12.544300,-0.044908,0,0
10.780150,-0.089970,285.932600,336.432700,0,0,0,0,0,0,0.000000,0.000000,0.000000,0.000000,0.631959,0.000000,0.000000,0.000000,0.000000,0.949750,-0.313009,0.000000,0.959667,-0.281140,0.000000,-3.760949,-6.982262,0,2,12.573290,-0.044908,0,0
10.790150,-0.090170,285.894000,336.552700,0,0,0,0,0,0,0.000000,0.000000,0.000000,0.000000,0.631959,0.000000,0.000000,0.000000,0.000000,0.949750,-0.313009,0.000000,0.959667,-0.281140,0.000000,-3.859049,-7.076406,0,2,12.602980,-0.044908,0,0
10.800150,-0.090370,285.854400,336.672600,0,0,0,0,0,0,0.000000,0.000000,0.000000,0.000000,0.631959,0.000000,0.000000,0.000000,0.000000,0.949750,-0.313009,0.000000,0.959667,-0.281140,0.000000,-3.957149,-7.170549,0,2,12.633370,-0.044908,0,0
10.810150,-0.090570,285.813800,336.792600,0,0,0,0,0,0,0.000000,0.000000,0.000000,0.000000,0.631959,0.000000,0.000000,0.000000,0.000000,0.949750,-0.313009,0.000000,0.959667,-0.281140,0.000000,-4.055249,-7.264692,0,2,12.664440,-0.044908,0,0
10.820150,-0.090771,285.772300,336.912600,0,0,0,0,0,0,0.000000,0.000000,0.000000,0.000000,0.631959,0.000000,0.000000,0.000000,0.000000,0.949750,-0.313009,0.000000,0.959667,-0.281140,0.000000,-4.153349,-7.358836,0,2,12.696190,-0.044908,0,0
10.830150,-0.090971,285.729800,337.032500,0,0,0,0,0,0,0.000000,0.000000,0.000000,0.000000,0.631959,0.000000,0.000000,0.000000,0.000000,0.949750,-0.313009,0.000000,0.959667,-0.281140,0.000000,-4.251450,-7.452979,0,2,12.728620,-0.044908,0,0
10.840150,-0.091171,285.686300,337.152500,0,0,0,0,0,0,0.000000,0.000000,0.000000,0.000000,0.631959,0.000000,0.000000,0.000000,0.000000,0.949750,-0.313009,0.000000,0.959667,-0.281140,0.000000,-4.349550,-7.547122,0,2,12.761720,-0.044908,0,0
10.850150,-0.091372,285.641800,337.272500,0,0,0,0,0,0,0.000000,0.000000,0.000000,0.000000,0.631959,0.000000,0.000000,0.000000,0.000000,0.949750,-0.313009,0.000000,0.959667,-0.281140,0.000000,-4.447650,-7.641266,0,2,12.795490,-0.044908,0,0
10.860150,-0.091572,285.596300,337.392400,0,0,0,0,0,0,0.000000,0.000000,0.000000,0.000000,0.631959,0.000000,0.000000,0.000000,0.000000,0.949750,-0.313009,0.000000,0.959667,-0.281140,0.000000,-4.545750,-7.735409,0,2,12.829920,-0.044908,0,0
10.870150,-0.091772,285.549900,337.512400,0,0,0,0,0,0,0.000000,0.000000,0.000000,0.000000,0.631959,0.000000,0.000000,0.000000,0.000000,0.949750,-0.313009,0.000000,0.959667,-0.281140,0.000000,-4.643850,-7.829553,0,2,12.865000,-0.044908,0,0
10.880150,-0.091972,285.502500,337.632400,0,0,0,0,0,0,0.000000,0.000000,0.000000,0.000000,0.631959,0.000000,0.000000,0.000000,0.000000,0.949750,-0.313009,0.000000,0.959667,-0.281140,0.000000,-4.741951,-7.923697,0,2,12.900740,-0.044908,0,0
10.890150,-0.092173,285.454100,337.752300,0,0,0,0,0,0,0.000000,0.000000,0.000000,0.000000,0.631959,0.000000,0.000000,0.000000,0.000000,0.949750,-0.313009,0.000000,0.959667,-0.281140,0.000000,-4.840051,-8.017839,0,2,12.937120,-0.044908,0,0
10.900150,-0.092373,285.404700,337.872300,0,0,0,0,0,0,0.000000,0.000000,0.000000,0.000000,0.631959,0.000000,0.000000,0.000000,0.000000,0.949750,-0.313009,0.000000,0.959667,-0.281140,0.000000,-4.938151,-8.111983,0,2,12.974140,-0.044908,0,0
10.910150,-0.092573,285.354300,337.992200,0,0,0,0,0,0,0.000000,0.000000,0.000000,0.000000,0.631959,0.000000,0.000000,0.000000,0.000000,0.949750,-0.313009,0.000000,0.959667,-0.281140,0.000000,-5.036251,-8.206127,0,2,13.011790,-0.044908,0,0
10.920150,-0.092774,285.303000,338.112200,0,0,0,0,0,0,0.000000,0.000000,0.000000,0.000000,0.631959,0.000000,0.000000,0.000000,0.000000,0.949750,-0.313009,0.000000,0.959667,-0.281140,0.000000,-5.134351,-8.300270,0,2,13.050080,-0.044908,0,0
10.930150,-0.092974,285.250700,338.232200,0,0,0,0,0,0,0.000000,0.000000,0.000000,0.000000,0.631959,0.000000,0.000000,0.000000,0.000000,0.949750,-0.313009,0.000000,0.959667,-0.281140,0.000000,-5.232451,-8.394414,0,2,13.088980,-0.044908,0,0
10.940160,-0.093174,285.197400,338.352100,0,0,0,0,0,0,0.000000,0.000000,0.000000,0.000000,0.631959,0.000000,0.000000,0.000000,0.000000,0.949750,-0.313009,0.000000,0.959667,-0.281140,0.000000,-5.330552,-8.488557,0,2,13.128510,-0.044908,0,0
10.950160,-0.093375,285.143100,338.472100,0,0,0,0,0,0,0.000000,0.000000,0.000000,0.000000,0.631959,0.000000,0.000000,0.000000,0.000000,0.949750,-0.313009,0.000000,0.959667,-0.281140,0.000000,-5.428652,-8.582701,0,2,13.168640,-0.044908,0,0
10.960160,-0.093575,285.087800,338.592100,0,0,0,0,0,0,0.000000,0.000000,0.000000,0.000000,0.631959,0.000000,0.000000,0.000000,0.000000,0.949750,-0.313009,0.000000,0.959667,-0.281140,0.000000,-5.526752,-8.676845,0,2,13.209390,-0.044908,0,0
10.970160,-0.093775,285.031600,338.712000,0,0,0,0,0,0,0.000000,0.000000,0.000000,0.000000,0.631959,0.000000,0.000000,0.000000,0.000000,0.949750,-0.313009,0.000000,0.959667,-0.281140,0.000000,-5.624852,-8.770988,0,2,13.250730,-0.044908,0,0
10.980160,-0.093975,284.974300,338.832000,0,0,0,0,0,0,0.000000,0.000000,0.000000,0.000000,0.631959,0.000000,0.000000,0.000000,0.000000,0.949750,-0.313009,0.000000,0.959667,-0.281140,0.000000,-5.722952,-8.865131,0,2,13.292670,-0.044908,0,0
10.990160,-0.094176,284.916100,338.952000,0,0,0,0,0,0,0.000000,0.000000,0.000000,0.000000,0.631959,0.000000,0.000000,0.000000,0.000000,0.949750,-0.313009,0.000000,0.959667,-0.281140,0.000000,-5.821053,-8.959274,0,2,13.335200,-0.044908,0,0
11.000160,-0.094376,284.856900,339.071900,0,0,0,0,0,0,0.000000,0.000000,0.000000,0.000000,0.631959,0.000000,0.000000,0.000000,0.000000,0.949750,-0.313009,0.000000,0.959667,-0.281140,0.000000,-5.919153,-9.053418,0,2,13.378320,-0.044908,0,0
11.010160,-0.094576,284.796800,339.191900,0,0,0,0,0,0,0.000000,0.000000,0.000000,0.000000,0.631959,0.000000,0.000000,0.000000,0.000000,0.949750,-0.313009,0.000000,0.959667,-0.281140,0.000000,-6.017253,-9.147562,0,2,13.422010,-0.044908,0,0
11.020160,-0.094777,284.735600,339.311900,0,0,0,0,0,0,0.000000,0.000000,0.000000,0.000000,0.631959,0.000000,0.000000,0.000000,0.000000,0.949750,-0.313009,0.000000,0.959667,-0.281140,0.000000,-6.115353,-9.241705,0,2,13.466270,-0.044908,0,0
11.030160,-0.094977,284.673500,339.431800,0,0,0,0,0,0,0.000000,0.000000,0.000000,0.000000,0.631959,0.000000,0.000000,0.000000,0.000000,0.949750,-0.313009,0.000000,0.959667,-0.281140,0.000000,-6.213453,-9.335849,0,2,13.511100,-0.044908,0,0
11.040160,-0.095177,284.610400,339.551800,0,0,0,0,0,0,0.000000,0.000000,0.000000,0.000000,0.631959,0.000000,0.000000,0.000000,0.000000,0.949750,-0.313009,0.000000,0.959667,-0.281140,0.000000,-6.311553,-9.429992,0,2,13.556500,-0.044908,0,0
11.050160,-0.095377,284.546300,339.671800,0,0,0,0,0,0,0.000000,0.000000,0.000000,0.000000,0.631959,0.000000,0.000000,0.000000,0.000000,0.949750,-0.313009,0.000000,0.959667,-0.281140,0.000000,-6.409654,-9.524136,0,2,13.602450,-0.044908,0,0
11.060160,-0.095578,284.481200,339.791700,0,0,0,0,0,0,0.000000,0.000000,0.000000,0.000000,0.631959,0.000000,0.000000,0.000000,0.000000,0.949750,-0.313009,0.000000,0.959667,-0.281140,0.000000,-6.507754,-9.618279,0,2,13.648950,-0.044908,0,0
11.070160,-0.095778,284.415100,339.911700,0,0,0,0,0,0,0.000000,0.000000,0.000000,0.000000,0.631959,0.000000,0.000000,0.000000,0.000000,0.949750,-0.313009,0.000000,0.959667,-0.281140,0.000000,-6.605854,-9.712422,0,2,13.695990,-0.044908,0,0
11.080160,-0.095978,284.348100,340.031600,0,0,0,0,0,0,0.000000,0.000000,0.000000,0.000000,0.631959,0.000000,0.000000,0.000000,0.000000,0.949750,-0.313009,0.000000,0.959667,-0.281140,0.000000,-6.703954,-9.806566,0,2,13.743580,-0.044908,0,0
11.090160,-0.096179,284.280100,340.151600,0,0,0,0,0,0,0.000000,0.000000,0.000000,0.000000,0.631959,0.000000,0.000000,0.000000,0.000000,0.949750,-0.313009,0.000000,0.959667,-0.281140,0.000000,-6.802054,-9.900709,0,2,13.791700,-0.044908,0,0
11.100160,-0.096379,284.211100,340.271600,0,0,0,0,0,0,0.000000,0.000000,0.000000,0.000000,0.631959,0.000000,0.000000,0.000000,0.000000,0.949750,-0.313009,0.000000,0.959667,-0.281140,0.000000,-6.900155,-9.994853,0,2,13.840340,-0.044908,0,0
11.110160,-0.096579,284.141100,340.391500,0,0,0,0,0,0,0.000000,0.000000,0.000000,0.000000,0.631959,0.000000,0.000000,0.000000,0.000000,0.949750,-0.313009,0.000000,0.959667,-0.281140,0.000000,-6.998255,-10.089000,0,2,13.889510,-0.044908,0,0
11.120160,-0.096780,284.070100,340.511500,0,0,0,0,0,0,0.000000,0.000000,0.000000,0.000000,0.631959,0.000000,0.000000,0.000000,0.000000,0.949750,-0.313009,0.000000,0.959667,-0.281140,0.000000,-7.096355,-10.183140,0,2,13.939200,-0.044908,0,0
11.130160,-0.096980,283.998200,340.631500,0,0,0,0,0,0,0.000000,0.000000,0.000000,0.000000,0.631959,0.000000,0.000000,0.000000,0.000000,0.949750,-0.313009,0.000000,0.959667,-0.281140,0.000000,-7.194455,-10.277280,0,2,13.989390,-0.044908,0,0
11.140160,-0.097180,283.925300,340.751400,0,0,0,0,0,0,0.000000,0.000000,0.000000,0.000000,0.631959,0.000000,0.000000,0.000000,0.000000,0.949750,-0.313009,0.000000,0.959667,-0.281140,0.000000,-7.292555,-10.371430,0,2,14.040100,-0.044908,0,0
11.150160,-0.097380,283.851300,340.871400,0,0,0,0,0,0,0.000000,0.000000,0.000000,0.000000,0.631959,0.000000,0.000000,0.000000,0.000000,0.949750,-0.313009,0.000000,0.959667,-0.281140,0.000000,-7.390656,-10.465570,0,2,14.091300,-0.044908,0,0
11.160160,-0.097581,283.776500,340.991400,0,0,0,0,0,0,0.000000,0.000000,0.000000,0.000000,0.631959,0.000000,0.000000,0.000000,0.000000,0.949750,-0.313009,0.000000,0.959667,-0.281140,0.000000,-7.488756,-10.559710,0,2,14.143000,-0.044908,0,0
11.170160,-0.097781,283.700600,341.111300,0,0,0,0,0,0,0.000000,0.000000,0.000000,0.000000,0.631959,0.000000,0.000000,0.000000,0.000000,0.949750,-0.313009,0.000000,0.959667,-0.281140,0.000000,-7.586856,-10.653860,0,2,14.195190,-0.044908,0,0
11.180160,-0.097981,283.623700,341.231300,0,0,0,0,0,0,0.000000,0.000000,0.000000,0.000000,0.631959,0.000000,0.000000,0.000000,0.000000,0.949750,-0.313009,0.000000,0.959667,-0.281140,0.000000,-7.684956,-10.748000,0,2,14.247860,-0.044908,0,0
11.190160,-0.098182,283.545900,341.351300,0,0,0,0,0,0,0.000000,0.000000,0.000000,0.000000,0.631959,0.000000,0.000000,0.000000,0.000000,0.949750,-0.313009,0.000000,0.959667,-0.281140,0.000000,-7.783056,-10.842140,0,2,14.301010,-0.044908,0,0
11.200160,-0.098382,283.467100,341.471200,0,0,0,0,0,0,0.000000,0.000000,0.000000,0.000000,0.631959,0.000000,0.000000,0.000000,0.000000,0.949750,-0.313009,0.000000,0.959667,-0.281140,0.000000,-7.881156,-10.936290,0,2,14.354640,-0.044908,0,0
11.210160,-0.098582,283.387300,341.591200,0,0,0,0,0,0,0.000000,0.000000,0.000000,0.000000,0.631959,0.000000,0.000000,0.000000,0.000000,0.949750,-0.313009,0.000000,0.959667,-0.281140,0.000000,-7.979257,-11.030430,0,2,14.408730,-0.044908,0,0
11.220160,-0.098782,283.306500,341.711200,0,0,0,0,0,0,0.000000,0.000000,0.000000,0.000000,0.631959,0.000000,0.000000,0.000000,0.000000,0.949750,-0.313009,0.000000,0.959667,-0.281140,0.000000,-8.077356,-11.124570,0,2,14.463290,-0.044908,0,0
11.230160,-0.098983,283.224800,341.831100,0,0,0,0,0,0,0.000000,0.000000,0.000000,0.000000,0.631959,0.000000,0.000000,0.000000,0.000000,0.949750,-0.313009,0.000000,0.959667,-0.281140,0.000000,-8.175456,-11.218720,0,2,14.518300,-0.044908,0,0
11.240160,-0.099183,283.142100,341.951100,0,0,0,0,0,0,0.000000,0.000000,0.000000,0.000000,0.631959,0.000000,0.000000,0.000000,0.000000,0.949750,-0.313009,0.000000,0.959667,-0.281140,0.000000,-8.273556,-11.312860,0,2,14.573770,-0.044908,0,0
11.250160,-0.099383,283.058300,342.071000,0,0,0,0,0,0,0.000000,0.000000,0.000000,0.000000,0.631959,0.000000,0.000000,0.000000,0.000000,0.949750,-0.313009,0.000000,0.959667,-0.281140,0.000000,-8.371655,-11.407000,0,2,14.629680,-0.044908,0,0
11.260160,-0.099584,282.973700,342.191000,0,0,0,0,0,0,0.000000,0.000000,0.000000,0.000000,0.631959,0.000000,0.000000,0.000000,0.000000,0.949750,-0.313009,0.000000,0.959667,-0.281140,0.000000,-8.469755,-11.501150,0,2,14.686040,-0.044908,0,0
11.270160,-0.099784,282.888000,342.311000,0,0,0,0,0,0,0.000000,0.000000,0.000000,0.000000,0.631959,0.000000,0.000000,0.000000,0.000000,0.949750,-0.313009,0.000000,0.959667,-0.281140,0.000000,-8.567855,-11.595290,0,2,14.742830,-0.044908,0,0
11.280160,-0.099984,282.801300,342.430900,0,0,0,0,0,0,0.000000,0.000000,0.000000,0.000000,0.631959,0.000000,0.000000,0.000000,0.000000,0.949750,-0.313009,0.000000,0.959667,-0.281140,0.000000,-8.665955,-11.689430,0,2,14.800060,-0.044908,0,0
11.290160,-0.100185,282.713700,342.550900,0,0,0,0,0,0,0.000000,0.000000,0.000000,0.000000,0.631959,0.000000,0.000000,0.000000,0.000000,0.949750,-0.313009,0.000000,0.959667,-0.281140,0.000000,-8.764054,-11.783580,0,2,14.857710,-0.044908,0,0
11.300160,-0.100385,282.625000,342.670900,0,0,0,0,0,0,0.000000,0.000000,0.000000,0.000000,0.631959,0.000000,0.000000,0.000000,0.000000,0.949750,-0.313009,0.000000,0.959667,-0.281140,0.000000,-8.862154,-11.877720,0,2,14.915790,-0.044908,0,0
11.310160,-0.100585,282.535400,342.790800,0,0,0,0,0,0,0.000000,0.000000,0.000000,0.000000,0.631959,0.000000,0.000000,0.000000,0.000000,0.949750,-0.313009,0.000000,0.959667,-0.281140,0.000000,-8.960254,-11.971860,0,2,14.974280,-0.044908,0,0
11.320160,-0.100785,282.444900,342.910800,0,0,0,0,0,0,0.000000,0.000000,0.000000,0.000000,0.631959,0.000000,0.000000,0.000000,0.000000,0.949750,-0.313009,0.000000,0.959667,-0.281140,0.000000,-9.058353,-12.066000,0,2,15.033190,-0.044908,0,0
11.330160,-0.100986,282.353300,343.030800,0,0,0,0,0,0,0.000000,0.000000,0.000000,0.000000,0.631959,0.000000,0.000000,0.000000,0.000000,0.949750,-0.313009,0.000000,0.959667,-0.281140,0.000000,-9.156453,-12.160150,0,2,15.092500,-0.044908,0,0
11.340160,-0.101186,282.260700,343.150700,0,0,0,0,0,0,0.000000,0.000000,0.000000,0.000000,0.631959,0.000000,0.000000,0.000000,0.000000,0.949750,-0.313009,0.000000,0.959667,-0.281140,0.000000,-9.254553,-12.254290,0,2,15.152220,-0.044908,0,0
11.350160,-0.101386,282.167200,343.270700,0,0,0,0,0,0,0.000000,0.000000,0.000000,0.000000,0.631959,0.000000,0.000000,0.000000,0.000000,0.949750,-0.313009,0.000000,0.959667,-0.281140,0.000000,-9.352653,-12.348430,0,2,15.212330,-0.044908,0,0
11.360160,-0.101587,282.072700,343.390700,0,0,0,0,0,0,0.000000,0.000000,0.000000,0.000000,0.631959,0.000000,0.000000,0.000000,0.000000,0.949750,-0.313009,0.000000,0.959667,-0.281140,0.000000,-9.450752,-12.442580,0,2,15.272840,-0.044908,0,0
11.370160,-0.101787,281.977200,343.510600,0,0,0,0,0,0,0.000000,0.000000,0.000000,0.000000,0.631959,0.000000,0.000000,0.000000,0.000000,0.949750,-0.313009,0.000000,0.959667,-0.281140,0.000000,-9.548852,-12.536720,0,2,15.333740,-0.044908,0,0
11.380170,-0.101987,281.880700,343.630600,0,0,0,0,0,0,0.000000,0.000000,0.000000,0.000000,0.631959,0.000000,0.000000,0.000000,0.000000,0.949750,-0.313009,0.000000,0.959667,-0.281140,0.000000,-9.646952,-12.630860,0,2,15.395020,-0.044908,0,0
11.390170,-0.102188,281.783300,343.750500,0,0,0,0,0,0,0.000000,0.000000,0.000000,0.000000,0.631959,0.000000,0.000000,0.000000,0.000000,0.949750,-0.313009,0.000000,0.959667,-0.281140,0.000000,-9.745051,-12.725010,0,2,15.456680,-0.044908,0,0
11.400170,-0.102388,281.684900,343.870500,0,0,0,0,0,0,0.000000,0.000000,0.000000,0.000000,0.631959,0.000000,0.000000,0.000000,0.000000,0.949750,-0.313009,0.000000,0.959667,-0.281140,0.000000,-9.843151,-12.819150,0,2,15.518720,-0.044908,0,0
11.410170,-0.102588,281.585400,343.990500,0,0,0,0,0,0,0.000000,0.000000,0.000000,0.000000,0.631959,0.000000,0.000000,0.000000,0.000000,0.949750,-0.313009,0.000000,0.959667,-0.281140,0.000000,-9.941251,-12.913290,0,2,15.581120,-0.044908,0,0
11.420170,-0.102788,281.485000,344.110400,0,0,0,0,0,0,0.000000,0.000000,0.000000,0.000000,0.631959,0.000000,0.000000,0.000000,0.000000,0.949750,-0.313009,0.000000,0.959667,-0.281140,0.000000,-10.039350,-13.007430,0,2,15.643900,-0.044908,0,0
11.430170,-0.102989,281.383700,344.230400,0,0,0,0,0,0,0.000000,0.000000,0.000000,0.000000,0.631959,0.000000,0.000000,0.000000,0.000000,0.949750,-0.313009,0.000000,0.959667,-0.281140,0.000000,-10.137450,-13.101580,0,2,15.707030,-0.044908,0,0
11.440170,-0.103189,281.281300,344.350400,0,0,0,0,0,0,0.000000,0.000000,0.000000,0.000000,0.631959,0.000000,0.000000,0.000000,0.000000,0.949750,-0.313009,0.000000,0.959667,-0.281140,0.000000,-10.235550,-13.195720,0,2,15.770520,-0.044908,0,0
11.450170,-0.103389,281.178000,344.470300,0,0,0,0,0,0,0.000000,0.000000,0.000000,0.000000,0.631959,0.000000,0.000000,0.000000,0.000000,0.949750,-0.313009,0.000000,0.959667,-0.281140,0.000000,-10.333650,-13.289860,0,2,15.834370,-0.044908,0,0
11.460170,-0.103590,281.073700,344.590300,0,0,0,0,0,0,0.000000,0.000000,0.000000,0.000000,0.631959,0.000000,0.000000,0.000000,0.000000,0.949750,-0.313009,0.000000,0.959667,-0.281140,0.000000,-10.431750,-13.384010,0,2,15.898560,-0.044908,0,0
11.470170,-0.103790,280.968400,344.710300,0,0,0,0,0,0,0.000000,0.000000,0.000000,0.000000,0.631959,0.000000,0.000000,0.000000,0.000000,0.949750,-0.313009,0.000000,0.959667,-0.281140,0.000000,-10.529850,-13.478150,0,2,15.963100,-0.044908,0,0
11.480170,-0.103990,280.862100,344.830200,0,0,0,0,0,0,0.000000,0.000000,0.000000,0.000000,0.631959,0.000000,0.000000,0.000000,0.000000,0.949750,-0.313009,0.000000,0.959667,-0.281140,0.000000,-10.627950,-13.572290,0,2,16.027980,-0.044908,0,0
11.490170,-0.104190,280.754800,344.950200,0,0,0,0,0,0,0.000000,0.000000,0.000000,0.000000,0.631959,0.000000,0.000000,0.000000,0.000000,0.949750,-0.313009,0.000000,0.959667,-0.281140,0.000000,-10.726050,-13.666440,0,2,16.093200,-0.044908,0,0
11.500170,-0.104391,280.646600,345.070200,0,0,0,0,0,0,0.000000,0.000000,0.000000,0.000000,0.631959,0.000000,0.000000,0.000000,0.000000,0.949750,-0.313009,0.000000,0.959667,-0.281140,0.000000,-10.824150,-13.760580,0,2,16.158750,-0.044908,0,0
11.510170,-0.104591,280.537400,345.190100,0,0,0,0,0,0,0.000000,0.000000,0.000000,0.000000,0.631959,0.000000,0.000000,0.000000,0.000000,0.949750,-0.313009,0.000000,0.959667,-0.281140,0.000000,-10.922250,-13.854720,0,2,16.224620,-0.044908,0,0
11.520170,-0.104791,280.427200,345.310100,0,0,0,0,0,0,0.000000,0.000000,0.000000,0.000000,0.631959,0.000000,0.000000,0.000000,0.000000,0.949750,-0.313009,0.000000,0.959667,-0.281140,0.000000,-11.020350,-13.948860,0,2,16.290830,-0.044908,0,0
11.530170,-0.104992,280.316000,345.430100,0,0,0,0,0,0,0.000000,0.000000,0.000000,0.000000,0.631959,0.000000,0.000000,0.000000,0.000000,0.949750,-0.313009,0.000000,0.959667,-0.281140,0.000000,-11.118450,-14.043010,0,2,16.357350,-0.044908,0,0
11.540170,-0.105192,280.203800,345.550000,0,0,0,0,0,0,0.000000,0.000000,0.000000,0.000000,0.631959,0.000000,0.000000,0.000000,0.000000,0.949750,-0.313009,0.000000,0.959667,-0.281140,0.000000,-11.216550,-14.137150,0,2,16.424190,-0.044908,0,0
11.550170,-0.105392,280.090700,345.670000,0,0,0,0,0,0,0.000000,0.000000,0.000000,0.000000,0.631959,0.000000,0.000000,0.000000,0.000000,0.949750,-0.313009,0.000000,0.959667,-0.281140,0.000000,-11.314650,-14.231290,0,2,16.491340,-0.044908,0,0
11.560170,-0.105593,279.976500,345.789900,0,0,0,0,0,0,0.000000,0.000000,0.000000,0.000000,0.631959,0.000000,0.000000,0.000000,0.000000,0.949750,-0.313009,0.000000,0.959667,-0.281140,0.000000,-11.412750,-14.325440,0,2,16.558800,-0.044908,0,0
11.570170,-0.105793,279.861400,345.909900,0,0,0,0,0,0,0.000000,0.000000,0.000000,0.000000,0.631959,0.000000,0.000000,0.000000,0.000000,0.949750,-0.313009,0.000000,0.959667,-0.281140,0.000000,-11.510850,-14.419580,0,2,16.626560,-0.044908,0,0
11.580170,-0.105993,279.745300,346.029900,0,0,0,0,0,0,0.000000,0.000000,0.000000,0.000000,0.631959,0.000000,0.000000,0.000000,0.000000,0.949750,-0.313009,0.000000,0.959667,-0.281140,0.000000,-11.608950,-14.513720,0,2,16.694630,-0.044908,0,0
11.590170,-0.106193,279.628300,346.149800,0,0,0,0,0,0,0.000000,0.000000,0.000000,0.000000,0.631959,0.000000,0.000000,0.000000,0.000000,0.949750,-0.313009,0.000000,0.959667,-0.281140,0.000000,-11.707050,-14.607870,0,2,16.762990,-0.044908,0,0
11.600170,-0.106394,279.510200,346.269800,0,0,0,0,0,0,0.000000,0.000000,0.000000,0.000000,0.631959,0.000000,0.000000,0.000000,0.000000,0.949750,-0.313009,0.000000,0.959667,-0.281140,0.000000,-11.805150,-14.702010,0,2,16.831650,-0.044908,0,0
11.610170,-0.106594,279.391200,346.389800,0,0,0,0,0,0,0.000000,0.000000,0.000000,0.000000,0.631959,0.000000,0.000000,0.000000,0.000000,0.949750,-0.313009,0.000000,0.959667,-0.281140,0.000000,-11.903240,-14.796150,0,2,16.900600,-0.044908,0,0
11.620170,-0.106794,279.271200,346.509700,0,0,0,0,0,0,0.000000,0.000000,0.000000,0.000000,0.631959,0.000000,0.000000,0.000000,0.000000,0.949750,-0.313009,0.000000,0.959667,-0.281140,0.000000,-12.001340,-14.890300,0,2,16.969830,-0.044908,0,0
11.630170,-0.106995,279.150200,346.629700,0,0,0,0,0,0,0.000000,0.000000,0.000000,0.000000,0.631959,0.000000,0.000000,0.000000,0.000000,0.949750,-0.313009,0.000000,0.959667,-0.281140,0.000000,-12.099440,-14.984440,0,2,17.039350,-0.044908,0,0
11.640170,-0.107195,279.028200,346.749700,0,0,0,0,0,0,0.000000,0.000000,0.000000,0.000000,0.631959,0.000000,0.000000,0.000000,0.000000,0.949750,-0.313009,0.000000,0.959667,-0.281140,0.000000,-12.197540,-15.078580,0,2,17.109150,-0.044908,0,0
11.650170,-0.107395,278.905200,346.869600,0,0,0,0,0,0,0.000000,0.000000,0.000000,0.000000,0.631959,0.000000,0.000000,0.000000,0.000000,0.949750,-0.313009,0.000000,0.959667,-0.281140,0.000000,-12.295640,-15.172720,0,2,17.179230,-0.044908,0,0
11.660170,-0.107595,278.781300,346.989600,0,0,0,0,0,0,0.000000,0.000000,0.000000,0.000000,0.631959,0.000000,0.000000,0.000000,0.000000,0.949750,-0.313009,0.000000,0.959667,-0.281140,0.000000,-12.393740,-15.266870,0,2,17.249570,-0.044908,0,0
11.670170,-0.107796,278.656400,347.109600,0,0,0,0,0,0,0.000000,0.000000,0.000000,0.000000,0.631959,0.000000,0.000000,0.000000,0.000000,0.949750,-0.313009,0.000000,0.959667,-0.281140,0.000000,-12.491840,-15.361010,0,2,17.320190,-0.044908,0,0
11.680170,-0.107996,278.530500,347.229500,0,0,0,0,0,0,0.000000,0.000000,0.000000,0.000000,0.631959,0.000000,0.000000,0.000000,0.000000,0.949750,-0.313009,0.000000,0.959667,-0.281140,0.000000,-12.589940,-15.455150,0,2,17.391080,-0.044908,0,0
11.690170,-0.108196,278.403600,347.349500,0,0,0,0,0,0,0.000000,0.000000,0.000000,0.000000,0.631959,0.000000,0.000000,0.000000,0.000000,0.949750,-0.313009,0.000000,0.959667,-0.281140,0.000000,-12.688040,-15.549300,0,2,17.462230,-0.044908,0,0
11.700170,-0.108397,278.275800,347.469500,0,0,0,0,0,0,0.000000,0.000000,0.000000,0.000000,0.631959,0.000000,0.000000,0.000000,0.000000,0.949750,-0.313009,0.000000,0.959667,-0.281140,0.000000,-12.786140,-15.643440,0,2,17.533640,-0.044908,0,0
11.710170,-0.108597,278.146900,347.589400,0,0,0,0,0,0,0.000000,0.000000,0.000000,0.000000,0.631959,0.000000,0.000000,0.000000,0.000000,0.949750,-0.313009,0.000000,0.959667,-0.281140,0.000000,-12.884240,-15.737580,0,2,17.605300,-0.044908,0,0
11.720170,-0.108797,278.017100,347.709400,0,0,0,0,0,0,0.000000,0.000000,0.000000,0.000000,0.631959,0.000000,0.000000,0.000000,0.000000,0.949750,-0.313009,0.000000,0.959667,-0.281140,0.000000,-12.982340,-15.831730,0,2,17.677220,-0.044908,0,0
11.730170,-0.108997,277.886300,347.829300,0,0,0,0,0,0,0.000000,0.000000,0.000000,0.000000,0.631959,0.000000,0.000000,0.000000,0.000000,0.949750,-0.313009,0.000000,0.959667,-0.281140,0.000000,-13.080440,-15.925870,0,2,17.749390,-0.044908,0,0
11.740170,-0.109198,277.754500,347.949300,0,0,0,0,0,0,0.000000,0.000000,0.000000,0.000000,0.631959,0.000000,0.000000,0.000000,0.000000,0.949750,-0.313009,0.000000,0.959667,-0.281140,0.000000,-13.178540,-16.020010,0,2,17.821810,-0.044908,0,0
11.750170,-0.109398,277.621800,348.069300,0,0,0,0,0,0,0.000000,0.000000,0.000000,0.000000,0.631959,0.000000,0.000000,0.000000,0.000000,0.949750,-0.313009,0.000000,0.959667,-0.281140,0.000000,-13.276640,-16.114150,0,2,17.894470,-0.041287,0,0
11.760170,-0.109598,277.488000,348.189200,0,0,0,0,0,0,0.000000,0.000000,0.000000,0.000000,0.631959,0.000000,0.000000,0.000000,0.000000,0.949750,-0.313009,0.000000,0.959667,-0.281140,0.000000,-13.374740,-16.208300,0,2,17.967380,-0.037897,0,0
11.770170,-0.109799,277.353300,348.309200,0,0,0,0,0,0,0.000000,0.000000,0.000000,0.000000,0.631959,0.000000,0.000000,0.000000,0.000000,0.949750,-0.313009,0.000000,0.959667,-0.281140,0.000000,-13.472840,-16.302440,0,2,18.040520,-0.034726,0,0
11.780170,-0.109999,277.217600,348.429200,0,0,0,0,0,0,0.000000,0.000000,0.000000,0.000000,0.631959,0.000000,0.000000,0.000000,0.000000,0.949750,-0.313009,0.000000,0.959667,-0.281140,0.000000,-13.570940,-16.396580,0,2,18.113900,-0.031761,0,0
11.790170,-0.110199,277.080900,348.549100,0,0,0,0,0,0,0.000000,0.000000,0.000000,0.000000,0.631959,0.000000,0.000000,0.000000,0.000000,0.949750,-0.313009,0.000000,0.959667,-0.281140,0.000000,-13.669040,-16.490730,0,2,18.187510,-0.028990,0,0
11.800170,-0.110400,276.943200,348.669100,0,0,0,0,0,0,0.000000,0.000000,0.000000,0.000000,0.631959,0.000000,0.000000,0.000000,0.000000,0.949750,-0.313009,0.000000,0.959667,-0.281140,0.000000,-13.767140,-16.584870,0,2,18.261350,-0.026403,0,0
11.810170,-0.110600,276.804600,348.789100,0,0,0,0,0,0,0.000000,0.000000,0.000000,0.000000,0.631959,0.000000,0.000000,0.000000,0.000000,0.949750,-0.313009,0.000000,0.959667,-0.281140,0.000000,-13.865240,-16.679010,0,2,18.335420,-0.023989,0,0
11.820180,-0.110800,276.664900,348.909000,0,0,0,0,0,0,0.000000,0.000000,0.000000,0.000000,0.631959,0.000000,0.000000,0.000000,0.000000,0.949750,-0.313009,0.000000,0.959667,-0.281140,0.000000,-13.963340,-16.773160,0,2,18.409720,-0.021737,0,0
11.830180,-0.111000,276.524300,349.029000,0,0,0,0,0,0,0.000000,0.000000,0.000000,0.000000,0.631959,0.000000,0.000000,0.000000,0.000000,0.949750,-0.313009,0.000000,0.959667,-0.281140,0.000000,-14.061440,-16.867300,0,2,18.484240,-0.019639,0,0
11.840180,-0.111201,276.382700,349.149000,0,0,0,0,0,0,0.000000,0.000000,0.000000,0.000000,0.631959,0.000000,0.000000,0.000000,0.000000,0.949750,-0.313009,0.000000,0.959667,-0.281140,0.000000,-14.159540,-16.961440,0,2,18.558970,-0.017686,0,0
11.850180,-0.111401,276.240100,349.268900,0,0,0,0,0,0,0.000000,0.000000,0.000000,0.000000,0.631959,0.000000,0.000000,0.000000,0.000000,0.949750,-0.313009,0.000000,0.959667,-0.281140,0.000000,-14.257640,-17.055580,0,2,18.633930,-0.015868,0,0
11.860180,-0.111601,276.096600,349.388900,0,0,0,0,0,0,0.000000,0.000000,0.000000,0.000000,0.631959,0.000000,0.000000,0.000000,0.000000,0.949750,-0.313009,0.000000,0.959667,-0.281140,0.000000,-14.355740,-17.149730,0,2,18.709090,-0.014177,0,0
11.870180,-0.111802,275.952000,349.508900,1,1,1,1,2,2,0.950790,0.952369,0.950680,0.952390,0.951535,0.001754,0.977927,0.208938,0.001753,0.977895,0.209092,0.001753,0.977895,0.209092,0.000000,-2.668070,0.000000,1,3,12.760280,-5.398149,0,0
11.880180,-0.111868,275.924400,349.633600,1,1,1,1,2,2,0.949470,0.952270,0.949508,0.952311,0.950910,0.002307,0.978010,0.208547,0.002309,0.978007,0.208560,0.001801,0.977904,0.209046,0.000000,-2.764670,-0.096528,1,3,12.774040,-0.635398,0,0
11.890180,-0.112023,275.895800,349.758200,1,1,1,1,2,2,0.947457,0.950456,0.947511,0.950335,0.948923,0.002307,0.978030,0.208451,0.002309,0.978007,0.208560,0.001845,0.977913,0.209004,0.000000,-2.861228,-0.192981,1,3,12.788460,-0.841249,0,0
11.900180,-0.112289,275.866200,349.882800,1,1,1,1,2,2,0.944474,0.947406,0.944524,0.947426,0.945975,0.002313,0.978004,0.208573,0.002309,0.978007,0.208560,0.001885,0.977921,0.208966,0.000000,-2.957741,-0.289362,1,3,12.803530,-1.041854,0,0
11.910180,-0.112686,275.835600,350.007300,1,1,1,1,2,2,0.940490,0.943542,0.940539,0.943598,0.942068,0.002308,0.978004,0.208573,0.002309,0.978007,0.208560,0.001921,0.977929,0.208931,0.000000,-3.054208,-0.385675,1,3,12.819250,-1.246950,0,0
11.920180,-0.113236,275.804100,350.131700,1,1,1,1,2,2,0.935552,0.939036,0.935609,0.938839,0.937224,0.002309,0.978004,0.208573,0.002309,0.978007,0.208560,0.001955,0.977935,0.208899,0.000000,-3.150623,-0.481924,1,3,12.835610,-1.463615,0,0
11.930180,-0.113963,275.771700,350.256100,1,1,1,1,2,2,0.929221,0.933204,0.929199,0.933103,0.931151,0.002950,0.978127,0.207990,0.002949,0.978136,0.207948,0.002040,0.977952,0.208817,0.000000,-3.246982,-0.578807,1,3,12.852570,-1.696051,0,0
11.940180,-0.114892,275.738200,350.380300,1,1,1,1,2,2,0.922161,0.926653,0.922150,0.926459,0.924304,0.002949,0.978112,0.208060,0.002949,0.978136,0.207948,0.002119,0.977968,0.208742,0.000000,-3.343278,-0.675575,1,3,12.870140,-1.947629,0,0
11.950180,-0.116051,275.703800,350.504500,1,1,1,1,2,2,0.914030,0.918771,0.914119,0.918814,0.916466,0.002949,0.978126,0.207990,0.002949,0.978151,0.207873,0.002190,0.977984,0.208668,0.000000,-3.439504,-0.772319,1,3,12.888280,-2.219170,0,0
11.960180,-0.117470,275.668500,350.628700,1,1,1,1,2,2,0.905034,0.909861,0.905075,0.909804,0.907439,0.003504,0.978219,0.207547,0.003505,0.978261,0.207349,0.002303,0.978008,0.208554,2.994019,-3.535650,-0.869554,1,3,12.906970,-2.509802,0,0
11.970180,-0.119179,275.632400,350.752800,1,1,1,1,2,2,0.895430,0.900495,0.895405,0.900454,0.897929,0.003505,0.978213,0.207573,0.003505,0.978261,0.207349,0.002407,0.978030,0.208450,6.384686,-3.602426,-0.936700,1,3,12.923990,-2.819044,0,0
11.980180,-0.121212,275.596100,350.876900,1,1,1,1,2,2,0.885430,0.890931,0.885404,0.890859,0.888131,0.003505,0.978270,0.207304,0.003505,0.978261,0.207349,0.002501,0.978050,0.208356,8.976205,-3.635948,-0.969807,1,3,12.938560,-3.144094,0,0
11.990180,-0.123600,275.559700,351.001200,1,1,1,1,2,2,0.875336,0.881115,0.875322,0.881127,0.878224,0.003505,0.978250,0.207400,0.003505,0.978261,0.207349,0.002588,0.978068,0.208269,10.936660,-3.644031,-0.976886,1,3,12.951020,-3.482056,0,0
12.000180,-0.126381,275.523300,351.125600,1,1,1,1,2,2,0.865431,0.871576,0.865350,0.871615,0.868483,0.003502,0.978256,0.207374,0.003505,0.978261,0.207349,0.002666,0.978084,0.208190,12.374740,-3.632842,-0.964264,1,3,12.961770,-3.829934,0,0
12.010180,-0.129587,275.487300,351.250100,1,1,1,1,2,2,0.855690,0.862271,0.855669,0.862333,0.859001,0.003506,0.978250,0.207400,0.003505,0.978261,0.207349,0.002739,0.978100,0.208117,13.404390,-3.607483,-0.937178,1,3,12.971240,-4.181763,0,0
12.020180,-0.133256,275.451600,351.374800,1,1,1,1,2,2,0.846391,0.853708,0.846381,0.853508,0.849945,0.003504,0.978256,0.207374,0.003505,0.978261,0.207349,0.002805,0.978114,0.208051,14.098340,-3.571945,-0.899724,1,3,12.979800,-4.532443,0,0
12.030180,-0.137422,275.416300,351.499800,1,1,1,1,2,2,0.837513,0.843311,0.837485,0.845051,0.841268,0.044274,0.977299,0.207190,0.003505,0.978261,0.207349,0.002865,0.978126,0.207991,14.548910,-3.529502,-0.855268,1,3,12.987750,-4.878042,0,0
12.040180,-0.142119,275.381400,351.624900,1,1,1,1,2,2,0.829139,0.837673,0.829099,0.837166,0.833133,0.011234,0.978209,0.207318,0.003505,0.978261,0.207349,0.002920,0.978138,0.207936,14.787980,-3.482529,-0.806252,1,3,12.995290,-5.215009,0,0
12.050180,-0.147379,275.347100,351.750200,1,1,1,1,2,2,0.821273,0.829655,0.821259,0.829715,0.825487,0.002845,0.978247,0.207426,0.002848,0.978263,0.207349,0.002914,0.978149,0.207885,14.877230,-3.433087,-0.754769,1,3,13.002610,-5.539853,0,0
12.060180,-0.153234,275.313300,351.875700,1,1,1,1,2,2,0.813944,0.822918,0.813936,0.822904,0.818420,0.002850,0.978221,0.207548,0.002848,0.978263,0.207349,0.002908,0.978158,0.207839,14.838940,-3.382638,-0.702351,1,3,13.009800,-5.850607,0,0
12.070180,-0.159715,275.280000,352.001300,1,1,1,1,2,2,0.807122,0.816525,0.807108,0.816600,0.811854,0.002848,0.978247,0.207426,0.002848,0.978263,0.207349,0.002903,0.978167,0.207797,14.719070,-3.332425,-0.650280,1,3,13.016950,-6.144495,0,0
12.080180,-0.166848,275.247100,352.127200,1,1,1,1,2,2,0.800824,0.810729,0.800794,0.810793,0.805793,0.002845,0.978247,0.207426,0.002848,0.978263,0.207349,0.002898,0.978176,0.207758,14.537500,-3.283239,-0.599374,1,3,13.024100,-6.419670,0,0
12.090180,-0.174659,275.214800,352.253100,1,1,1,1,2,2,0.795048,0.805531,0.794975,0.805522,0.800249,0.002847,0.978232,0.207496,0.002848,0.978263,0.207349,0.002894,0.978183,0.207723,14.307610,-3.235681,-0.550255,1,3,13.031250,-6.674767,0,0
12.100180,-0.183173,275.182900,352.379300,1,1,1,1,2,2,0.789723,0.800770,0.789643,0.800720,0.795181,0.002848,0.978232,0.207496,0.002848,0.978263,0.207349,0.002890,0.978190,0.207691,14.048640,-3.190220,-0.503409,1,3,13.038430,-6.908762,0,0
12.110180,-0.192410,275.151400,352.505500,1,1,1,1,2,2,0.784777,0.796372,0.784744,0.796356,0.790550,0.002848,0.978221,0.207548,0.002848,0.978263,0.207349,0.002886,0.978196,0.207662,13.775360,-3.147138,-0.459130,1,3,13.045620,-7.121027,0,0
12.120180,-0.202390,275.120400,352.631900,1,1,1,1,2,2,0.780250,0.792336,0.780272,0.792414,0.786343,0.002850,0.978241,0.207452,0.002848,0.978263,0.207349,0.002883,0.978202,0.207635,13.493510,-3.106575,-0.417563,1,3,13.052820,-7.311274,0,0
12.130180,-0.213129,275.089700,352.758400,1,1,1,1,2,2,0.776179,0.788855,0.776179,0.788839,0.782509,0.002851,0.978221,0.207548,0.002848,0.978263,0.207349,0.002880,0.978207,0.207610,13.214560,-3.068614,-0.378797,1,3,13.060020,-7.479434,0,0
12.140180,-0.224643,275.059300,352.885000,1,1,1,1,2,2,0.772448,0.785617,0.772447,0.785655,0.779051,0.002844,0.978221,0.207548,0.002848,0.978263,0.207349,0.002877,0.978212,0.207588,12.937170,-3.033228,-0.342803,1,3,13.067210,-7.625738,0,0
12.150180,-0.236943,275.029300,353.011600,1,1,1,1,2,2,0.769075,0.782865,0.769073,0.782799,0.775936,0.002851,0.978226,0.207522,0.002848,0.978263,0.207349,0.002875,0.978217,0.207567,12.666960,-3.000405,-0.309567,1,3,13.074370,-7.750580,0,0
12.160180,-0.250041,274.999600,353.138300,1,1,1,1,2,2,0.766003,0.780182,0.765977,0.780272,0.773125,0.002846,0.978241,0.207452,0.002848,0.978263,0.207349,0.002872,0.978221,0.207548,12.409450,-2.970076,-0.279020,1,3,13.081510,-7.854501,0,0
12.170180,-0.263944,274.970200,353.265100,1,1,1,1,2,2,0.763194,0.777909,0.763184,0.777986,0.770585,0.002845,0.978247,0.207426,0.002848,0.978263,0.207349,0.002870,0.978224,0.207531,12.166990,-2.942121,-0.251036,1,3,13.088610,-7.938210,0,0
12.180180,-0.278658,274.941000,353.391900,1,1,1,1,2,2,0.760610,0.775464,0.760658,0.775949,0.768303,0.005594,0.978209,0.207545,0.002848,0.978263,0.207349,0.002868,0.978228,0.207516,11.938460,-2.916398,-0.225465,1,3,13.095680,-8.002489,0,0
12.190180,-0.294188,274.912100,353.518800,1,1,1,1,2,2,0.758342,0.774344,0.758329,0.774316,0.766323,0.002189,0.978222,0.207548,0.002191,0.978265,0.207350,0.002810,0.978231,0.207501,11.710410,-2.892776,-0.202081,1,3,13.102710,-8.048024,0,0
12.200180,-0.310537,274.883400,353.645700,1,1,1,1,2,2,0.756234,0.772792,0.756224,0.772805,0.764515,0.002196,0.978228,0.207522,0.002191,0.978265,0.207350,0.002757,0.978234,0.207488,11.508080,-2.871262,-0.180971,1,3,13.109710,-8.076453,0,0
12.210180,-0.327706,274.854900,353.772500,1,1,1,1,2,2,0.754353,0.771433,0.754344,0.771420,0.762882,0.002190,0.978228,0.207522,0.002191,0.978265,0.207350,0.002708,0.978236,0.207476,11.324750,-2.851609,-0.161879,1,3,13.116670,-8.088038,0,0
12.220180,-0.345693,274.826500,353.899400,1,1,1,1,2,2,0.752626,0.770187,0.752603,0.770208,0.761406,0.002191,0.978222,0.207548,0.002191,0.978265,0.207350,0.002664,0.978239,0.207465,11.158930,-2.833638,-0.144616,1,3,13.123610,-8.083744,0,0
12.230180,-0.364497,274.798400,354.026200,1,1,1,1,2,2,0.751900,0.769160,0.751698,0.769166,0.760432,0.002707,0.978350,0.206939,0.002707,0.978368,0.206856,0.002667,0.978250,0.207413,10.960220,-2.817186,-0.129655,1,3,13.130520,-8.064579,0,0
12.240180,-0.384113,274.770400,354.153100,1,1,1,1,2,2,0.750178,0.768316,0.750136,0.768304,0.759220,0.002705,0.978324,0.207061,0.002707,0.978368,0.206856,0.002671,0.978260,0.207365,10.852800,-2.802577,-0.116625,1,3,13.137420,-8.031027,0,0
12.250190,-0.404538,274.742500,354.279900,1,1,1,1,2,2,0.748747,0.768182,0.748690,0.768138,0.758414,0.003219,0.978442,0.206496,0.003222,0.978470,0.206363,0.002718,0.978278,0.207279,10.714150,-2.788928,-0.105273,1,3,13.144300,-7.984517,0,0
12.260190,-0.425764,274.714700,354.406700,1,1,1,1,2,2,0.747424,0.767400,0.747376,0.767298,0.757337,0.003224,0.978437,0.206522,0.003222,0.978470,0.206363,0.002762,0.978295,0.207200,10.656600,-2.776548,-0.095208,1,3,13.151160,-7.925536,0,0
12.270190,-0.447785,274.687000,354.533400,1,1,1,1,2,2,0.746198,0.766197,0.746148,0.766143,0.756145,0.003223,0.978360,0.206887,0.003222,0.978392,0.206735,0.002801,0.978303,0.207160,10.621130,-2.764652,-0.085204,1,3,13.158020,-7.855346,0,0
12.280190,-0.470592,274.659500,354.660100,1,1,1,1,2,2,0.744688,0.765676,0.744625,0.765617,0.755121,0.003225,0.978282,0.207253,0.003221,0.978313,0.207106,0.002837,0.978304,0.207155,10.552500,-2.753035,-0.075083,1,3,13.164870,-7.774705,0,0
12.290190,-0.494175,274.632100,354.786800,1,1,1,1,2,2,0.743736,0.765216,0.743706,0.765169,0.754437,0.003221,0.978271,0.207304,0.003221,0.978313,0.207106,0.002870,0.978305,0.207151,10.439570,-2.742030,-0.065643,1,3,13.171740,-7.684377,0,0
12.300190,-0.518525,274.604800,354.913400,1,1,1,1,2,2,0.742963,0.764876,0.742920,0.764834,0.753877,0.003220,0.978282,0.207253,0.003221,0.978313,0.207106,0.002901,0.978305,0.207147,10.332370,-2.732078,-0.057325,1,3,13.178640,-7.585201,0,0
12.310190,-0.543631,274.577500,355.039900,1,1,1,1,2,2,0.741551,0.764643,0.741581,0.764550,0.753066,0.003738,0.978420,0.206592,0.003737,0.978416,0.206613,0.002973,0.978315,0.207101,10.314070,-2.723133,-0.050745,1,3,13.185580,-7.477936,0,0
12.320190,-0.569481,274.550400,355.166400,1,1,1,1,2,2,0.740836,0.764355,0.740799,0.764332,0.752566,0.003737,0.978384,0.206765,0.003737,0.978416,0.206613,0.003038,0.978323,0.207059,10.242740,-2.714330,-0.044288,1,3,13.192540,-7.362956,0,0
12.330190,-0.596063,274.523300,355.292900,1,1,1,1,2,2,0.740074,0.763590,0.740038,0.763554,0.751796,0.004256,0.978495,0.206226,0.004252,0.978518,0.206119,0.003143,0.978340,0.206978,10.253420,-2.706198,-0.039168,1,3,13.199540,-7.241289,0,0
12.340190,-0.623364,274.496400,355.419300,1,1,1,1,2,2,0.739355,0.763249,0.739370,0.763307,0.751339,0.004255,0.978515,0.206130,0.004252,0.978518,0.206119,0.003238,0.978356,0.206904,10.202590,-2.697940,-0.033834,1,3,13.206580,-7.113192,0,0
12.350190,-0.651370,274.469500,355.545600,1,1,1,1,2,2,0.738776,0.763451,0.739008,0.763432,0.751220,0.004254,0.978418,0.206592,0.004252,0.978361,0.206863,0.003326,0.978356,0.206901,10.079730,-2.690166,-0.028066,1,3,13.213670,-6.979669,0,0
12.360190,-0.680067,274.442600,355.671800,1,1,1,1,2,2,0.738584,0.763407,0.738546,0.763372,0.750959,0.004254,0.978335,0.206983,0.004252,0.978361,0.206863,0.003405,0.978356,0.206898,10.012830,-2.683589,-0.023509,1,3,13.220810,-6.841041,0,0
12.370190,-0.709442,274.415900,355.797900,1,1,1,1,2,2,0.738178,0.763377,0.738131,0.763345,0.750738,0.004251,0.978341,0.206957,0.004252,0.978361,0.206863,0.003478,0.978357,0.206894,9.954942,-2.677671,-0.019603,1,3,13.228020,-6.698022,0,0
12.380190,-0.739479,274.389100,355.924000,1,1,1,1,2,2,0.737790,0.763378,0.737746,0.763327,0.750536,0.004251,0.978341,0.206957,0.004252,0.978361,0.206863,0.003545,0.978357,0.206892,9.907664,-2.672331,-0.016261,1,3,13.235300,-6.551085,0,0
12.390190,-0.770165,274.362500,356.050100,1,1,1,1,2,2,0.737447,0.763390,0.737417,0.763357,0.750387,0.004253,0.978346,0.206931,0.004252,0.978361,0.206863,0.003606,0.978357,0.206889,9.862399,-2.667473,-0.013375,1,3,13.242650,-6.400712,0,0
12.400190,-0.801483,274.335800,356.176100,1,1,1,1,2,2,0.737133,0.763404,0.737104,0.763420,0.750262,0.004253,0.978335,0.206983,0.004252,0.978361,0.206863,0.003661,0.978358,0.206887,9.823776,-2.663085,-0.010928,1,3,13.250070,-6.247346,0,0
12.410190,-0.833418,274.309200,356.301900,1,1,1,1,2,2,0.736849,0.763511,0.736811,0.763458,0.750135,0.004252,0.978341,0.206957,0.004252,0.978361,0.206863,0.003712,0.978358,0.206885,9.794827,-2.659108,-0.008854,1,3,13.257570,-6.091373,0,0
12.420190,-0.865955,274.282700,356.427800,1,1,1,1,2,2,0.736611,0.763552,0.736548,0.763554,0.750051,0.004251,0.978335,0.206983,0.004252,0.978361,0.206863,0.003758,0.978358,0.206883,9.764875,-2.655454,-0.007055,1,3,13.265150,-5.933200,0,0
12.430190,-0.899079,274.256200,356.553500,1,1,1,1,2,2,0.736324,0.763688,0.736303,0.763644,0.749973,0.004254,0.978341,0.206957,0.004252,0.978361,0.206863,0.003801,0.978358,0.206881,9.741114,-2.652140,-0.005545,1,3,13.272810,-5.773170,0,0
12.440190,-0.932773,274.229700,356.679200,1,1,1,1,2,2,0.736163,0.763795,0.736130,0.763727,0.749929,0.004253,0.978341,0.206957,0.004252,0.978361,0.206863,0.003840,0.978359,0.206880,9.717064,-2.649112,-0.004260,1,3,13.280570,-5.611660,0,0
12.450190,-0.967022,274.203200,356.804900,1,1,1,1,2,2,0.736014,0.763885,0.735948,0.763868,0.749908,0.004251,0.978352,0.206905,0.004252,0.978361,0.206863,0.003875,0.978359,0.206878,9.694448,-2.646377,-0.003206,1,3,13.288410,-5.448977,0,0
12.460190,-1.001809,274.176800,356.930500,1,1,1,1,2,2,0.735838,0.764002,0.735769,0.763954,0.749861,0.004253,0.978352,0.206905,0.004252,0.978361,0.206863,0.003908,0.978359,0.206877,9.681837,-2.643926,-0.002368,1,3,13.296340,-5.285406,0,0
12.470190,-1.037120,274.150400,357.056000,1,1,1,1,2,2,0.735628,0.764107,0.735596,0.764077,0.749836,0.004249,0.978341,0.206957,0.004252,0.978361,0.206863,0.003937,0.978359,0.206876,9.668324,-2.641667,-0.001646,1,3,13.304360,-5.121282,0,0
12.480190,-1.072937,274.124000,357.181400,1,1,1,1,2,2,0.735462,0.764229,0.735414,0.764196,0.749805,0.004252,0.978341,0.206957,0.004252,0.978361,0.206863,0.003964,0.978359,0.206874,9.659092,-2.639614,-0.001050,1,3,13.312480,-4.956892,0,0
12.490190,-1.109246,274.097600,357.306900,1,1,1,1,2,2,0.735327,0.764381,0.735294,0.764297,0.749796,0.004252,0.978346,0.206931,0.004252,0.978361,0.206863,0.003989,0.978359,0.206873,9.647946,-2.637727,-0.000539,1,3,13.320690,-4.792480,0,0
12.500190,-1.146031,274.071200,357.432200,1,1,1,1,2,2,0.735192,0.764452,0.735133,0.764402,0.749768,0.004254,0.978341,0.206957,0.004252,0.978361,0.206863,0.004012,0.978360,0.206873,9.642854,-2.636031,-0.000132,1,3,13.329000,-4.628232,0,0
12.510190,-1.183275,274.044900,357.557600,1,1,1,1,2,2,0.735026,0.764570,0.735040,0.764521,0.749781,0.004255,0.978341,0.206957,0.004252,0.978361,0.206863,0.004032,0.978360,0.206872,9.631374,-2.634470,0.000231,1,3,13.337400,-4.464437,0,0
12.520190,-1.220964,274.018600,357.682800,1,1,1,1,2,2,0.734939,0.764661,0.734921,0.764629,0.749775,0.004251,0.978341,0.206957,0.004252,0.978361,0.206863,0.004051,0.978360,0.206871,9.626040,-2.633108,0.000487,1,3,13.345900,-4.301270,0,0
12.530190,-1.259082,273.992200,357.808100,1,1,1,1,2,2,0.734834,0.764781,0.734817,0.764748,0.749782,0.004253,0.978341,0.206957,0.004252,0.978361,0.206863,0.004068,0.978360,0.206870,9.619493,-2.631889,0.000695,1,3,13.354500,-4.138993,0,0
12.540190,-1.297613,273.965900,357.933300,1,1,1,1,2,2,0.734792,0.764836,0.734709,0.764838,0.749773,0.004252,0.978346,0.206931,0.004252,0.978361,0.206863,0.004084,0.978360,0.206870,9.617401,-2.630827,0.000844,1,3,13.363200,-3.977759,0,0
12.550190,-1.336542,273.939600,358.058500,1,1,1,1,2,2,0.735181,0.765024,0.735081,0.764928,0.750004,0.004615,0.978422,0.206566,0.004615,0.978433,0.206515,0.004130,0.978366,0.206839,9.585429,-2.629881,0.000464,1,3,13.371990,-3.817770,0,0
12.560190,-1.375855,273.913300,358.183700,1,1,1,1,2,2,0.734957,0.765593,0.734857,0.765537,0.750197,0.004979,0.978497,0.206200,0.004978,0.978504,0.206167,0.004203,0.978378,0.206781,9.579943,-2.629344,-0.000702,1,3,13.380880,-3.658978,0,0
12.570190,-1.415537,273.887100,358.308800,1,1,1,1,2,2,0.734733,0.765560,0.734646,0.765529,0.750087,0.004977,0.978492,0.206226,0.004978,0.978504,0.206167,0.004270,0.978389,0.206728,9.628194,-2.628958,-0.001836,1,3,13.389860,-3.501636,0,0
12.580190,-1.455572,273.860800,358.434000,1,1,1,1,2,2,0.734491,0.765533,0.734480,0.765478,0.749979,0.004982,0.978486,0.206251,0.004978,0.978504,0.206167,0.004331,0.978399,0.206680,9.662098,-2.628198,-0.002408,1,3,13.398930,-3.346050,0,0
12.590190,-1.495947,273.834500,358.559100,1,1,1,1,2,2,0.734194,0.765504,0.734291,0.765404,0.749848,0.004978,0.978466,0.206347,0.004978,0.978504,0.206167,0.004386,0.978408,0.206636,9.689811,-2.627206,-0.002568,1,3,13.408090,-3.192370,0,0
12.600190,-1.536647,273.808200,358.684200,1,1,1,1,2,2,0.734150,0.765445,0.734080,0.765378,0.749729,0.004983,0.978492,0.206226,0.004978,0.978504,0.206167,0.004437,0.978416,0.206596,9.706749,-2.626044,-0.002385,1,3,13.417340,-3.040653,0,0
12.610190,-1.577658,273.782000,358.809300,1,1,1,1,2,2,0.734016,0.765582,0.733964,0.765363,0.749663,0.004976,0.978518,0.206104,0.004978,0.978504,0.206167,0.004484,0.978424,0.206559,9.708241,-2.624818,-0.001971,1,3,13.426670,-2.891033,0,0
12.620190,-1.618966,273.755700,358.934400,1,1,1,1,2,2,0.715546,0.765399,0.733433,0.765345,0.749389,0.021478,0.981485,0.190331,0.005341,0.978576,0.205819,0.004558,0.978437,0.206495,9.758594,-2.623680,-0.002007,1,3,13.436100,-2.743796,0,0
12.630190,-1.660558,273.729500,359.059600,1,1,1,1,2,2,0.733231,0.765401,0.733206,0.765337,0.749271,0.005340,0.978567,0.205860,0.005341,0.978576,0.205819,0.004625,0.978449,0.206437,9.765855,-2.622151,-0.001445,1,3,13.445610,-2.598686,0,0
12.640190,-1.702420,273.703300,359.184800,1,1,1,1,2,2,0.733054,0.764918,0.732970,0.764882,0.748926,0.005706,0.978647,0.205469,0.005704,0.978647,0.205472,0.004718,0.978466,0.206354,9.823193,-2.620653,-0.001245,1,3,13.455200,-2.456059,0,0
12.650190,-1.744539,273.677100,359.309900,1,1,1,1,2,2,0.732814,0.764829,0.732788,0.764781,0.748784,0.005707,0.978642,0.205494,0.005704,0.978647,0.205472,0.004803,0.978481,0.206278,9.826486,-2.618695,-0.000349,1,3,13.464870,-2.315866,0,0
12.660190,-1.786902,273.651000,359.435200,1,1,1,1,2,2,0.732680,0.764755,0.732609,0.764703,0.748656,0.005705,0.978642,0.205494,0.005704,0.978647,0.205472,0.004880,0.978496,0.206208,9.823729,-2.616805,0.000692,1,3,13.474620,-2.178348,0,0
12.670190,-1.829497,273.624800,359.560400,1,1,1,1,2,2,0.732515,0.763875,0.732481,0.763810,0.748145,0.005704,0.978483,0.206251,0.005703,0.978488,0.206226,0.004951,0.978495,0.206210,9.866462,-2.615043,0.002657,1,3,13.484440,-2.043571,0,0
12.680190,-1.872312,273.598700,359.685700,1,1,1,1,2,2,0.731524,0.763992,0.731527,0.763981,0.747754,0.005702,0.978312,0.207059,0.005703,0.978329,0.206981,0.005016,0.978480,0.206276,9.855135,-2.612963,0.005923,1,3,13.494350,-1.911360,0,0
12.690200,-1.915334,273.572600,359.811000,1,1,1,1,2,2,0.731661,0.764189,0.731647,0.764142,0.747894,0.005703,0.978323,0.207007,0.005703,0.978329,0.206981,0.005075,0.978467,0.206337,9.752224,-2.611094,0.009023,1,3,13.504340,-1.781785,0,0
12.700200,-1.958552,273.546500,359.936300,1,1,1,1,2,2,0.731827,0.764398,0.731763,0.764339,0.748051,0.005707,0.978318,0.207032,0.005703,0.978329,0.206981,0.005129,0.978455,0.206392,9.673262,-2.610331,0.011047,1,3,13.514420,-1.655114,0,0
12.710200,-2.001954,273.520400,360.061700,1,1,1,1,2,2,0.732020,0.764592,0.731952,0.764527,0.748240,0.005701,0.978334,0.206955,0.005703,0.978329,0.206981,0.005178,0.978444,0.206443,9.609444,-2.610438,0.012239,1,3,13.524580,-1.531474,0,0
12.720200,-2.045530,273.494300,360.187200,1,1,1,1,2,2,0.732122,0.764688,0.732077,0.764724,0.748401,0.005702,0.978354,0.206859,0.005703,0.978329,0.206981,0.005223,0.978434,0.206489,9.567468,-2.611266,0.012755,1,3,13.534820,-1.410840,0,0
12.730200,-2.089267,273.468100,360.312700,1,1,1,1,2,2,0.732290,0.764965,0.732229,0.764937,0.748583,0.005707,0.978318,0.207032,0.005703,0.978329,0.206981,0.005265,0.978425,0.206532,9.533019,-2.612598,0.012816,1,3,13.545130,-1.293136,0,0
12.740200,-2.133157,273.442000,360.438300,1,1,1,1,2,2,0.732454,0.765689,0.732343,0.765652,0.748997,0.005701,0.978168,0.207737,0.005702,0.978169,0.207735,0.005302,0.978403,0.206635,9.444864,-2.614357,0.013352,1,3,13.555520,-1.181672,0,0
12.750200,-2.177189,273.415800,360.563900,1,1,1,1,2,2,0.733066,0.766017,0.733033,0.766010,0.749521,0.005700,0.978007,0.208492,0.005701,0.978008,0.208489,0.005337,0.978369,0.206795,9.340030,-2.617064,0.013758,1,3,13.565970,-1.075509,0,0
12.760200,-2.221353,273.389600,360.689500,1,1,1,1,2,2,0.733396,0.766332,0.733355,0.766279,0.749817,0.005702,0.978002,0.208518,0.005701,0.978008,0.208489,0.005368,0.978338,0.206941,9.306714,-2.620891,0.012952,1,3,13.576510,-0.961813,0,0
12.770200,-2.265645,273.363300,360.815300,1,1,1,1,2,2,0.733680,0.766615,0.733627,0.766577,0.750102,0.005698,0.978002,0.208518,0.005701,0.978008,0.208489,0.005397,0.978310,0.207074,9.287321,-2.625073,0.011664,1,3,13.587090,-0.924541,0,0
12.780200,-2.310071,273.337000,360.941100,1,1,1,1,2,2,0.733934,0.766869,0.733877,0.766831,0.750354,0.005702,0.978002,0.208518,0.005701,0.978008,0.208489,0.005423,0.978284,0.207196,9.282139,-2.629390,0.010046,1,3,13.597640,-0.988750,0,0
12.790200,-2.354637,273.310700,361.066900,1,1,1,1,2,2,0.734140,0.767077,0.734131,0.767058,0.750594,0.005703,0.977996,0.208544,0.005701,0.978008,0.208489,0.005447,0.978260,0.207307,9.283497,-2.633707,0.008251,1,3,13.608170,-1.048131,0,0
12.800200,-2.399347,273.284300,361.192800,1,1,1,1,2,2,0.734396,0.767272,0.734364,0.767230,0.750797,0.005701,0.978002,0.208518,0.005701,0.978008,0.208489,0.005469,0.978238,0.207409,9.294092,-2.637977,0.006357,1,3,13.618690,-1.087377,0,0
12.810200,-2.444203,273.257900,361.318800,1,1,1,1,2,2,0.734578,0.767421,0.734549,0.767365,0.750957,0.005703,0.977996,0.208544,0.005701,0.978008,0.208489,0.005489,0.978219,0.207502,9.312511,-2.642115,0.004465,1,3,13.629220,-1.120585,0,0
12.820200,-2.489208,273.231400,361.444800,1,1,1,1,2,2,0.734724,0.767493,0.734698,0.767502,0.751100,0.005699,0.977996,0.208544,0.005701,0.978008,0.208489,0.005507,0.978200,0.207587,9.331613,-2.646051,0.002662,1,3,13.639750,-1.148131,0,0
12.830200,-2.534364,273.205000,361.570900,1,1,1,1,2,2,0.734873,0.767598,0.734832,0.767585,0.751209,0.005700,0.977996,0.208544,0.005701,0.978008,0.208489,0.005523,0.978184,0.207664,9.354336,-2.649783,0.000963,1,3,13.650300,-1.168846,0,0
12.840200,-2.579671,273.178400,361.697000,1,1,1,1,2,2,0.735369,0.767704,0.735241,0.767658,0.751450,0.005903,0.978053,0.208275,0.005904,0.978048,0.208295,0.005556,0.978172,0.207719,9.357123,-2.653283,-0.000887,1,3,13.660860,-1.181006,0,0
12.850200,-2.625131,273.151900,361.823200,1,1,1,1,2,2,0.735220,0.801807,0.735296,0.767995,0.751645,0.029050,0.982090,0.186157,0.006107,0.978088,0.208100,0.005604,0.978165,0.207752,9.376050,-2.656754,-0.003056,1,3,13.671440,-1.184763,0,0
12.860200,-2.670743,273.125200,361.949400,1,1,1,1,2,2,0.735370,0.768040,0.735262,0.767917,0.751590,0.006107,0.978103,0.208031,0.006107,0.978088,0.208100,0.005647,0.978158,0.207782,9.435927,-2.660045,-0.005054,1,3,13.682050,-1.180145,0,0
12.870200,-2.716505,273.098600,362.075700,1,1,1,1,2,2,0.735339,0.767950,0.735218,0.767827,0.751522,0.006109,0.978103,0.208031,0.006107,0.978088,0.208100,0.005687,0.978152,0.207809,9.483365,-2.662762,-0.006469,1,3,13.692690,-1.167433,0,0
12.880200,-2.762415,273.072000,362.202000,1,1,1,1,2,2,0.735292,0.767722,0.735217,0.767764,0.751491,0.006105,0.978077,0.208153,0.006107,0.978088,0.208100,0.005723,0.978147,0.207834,9.512881,-2.665035,-0.007425,1,3,13.703360,-1.146887,0,0
12.890200,-2.808471,273.045300,362.328400,1,1,1,1,2,2,0.735310,0.767603,0.735235,0.767633,0.751434,0.006106,0.978083,0.208127,0.006107,0.978088,0.208100,0.005756,0.978142,0.207857,9.539888,-2.667044,-0.008099,1,3,13.714070,-1.118739,0,0
12.900200,-2.854670,273.018600,362.454900,1,1,1,1,2,2,0.735218,0.767485,0.735143,0.767558,0.751350,0.006108,0.978072,0.208179,0.006107,0.978088,0.208100,0.005786,0.978137,0.207878,9.565366,-2.668823,-0.008516,1,3,13.724820,-1.083251,0,0
12.910200,-2.901007,272.991900,362.581400,1,1,1,1,2,2,0.735202,0.767531,0.735131,0.767397,0.751264,0.006106,0.978098,0.208057,0.006107,0.978088,0.208100,0.005814,0.978133,0.207897,9.585234,-2.670391,-0.008691,1,3,13.735610,-1.040743,0,0
12.920200,-2.947477,272.965200,362.708000,1,1,1,1,2,2,0.735041,0.767227,0.734869,0.767323,0.751096,0.006309,0.978096,0.208057,0.006310,0.978129,0.207906,0.005856,0.978133,0.207898,9.622686,-2.671809,-0.008979,1,3,13.746450,-0.991534,0,0
12.930200,-2.994076,272.938400,362.834600,1,1,1,1,2,2,0.734819,0.767018,0.734777,0.766986,0.750881,0.006514,0.978199,0.207570,0.006514,0.978169,0.207711,0.005913,0.978136,0.207882,9.666347,-2.672911,-0.009179,1,3,13.757330,-0.935921,0,0
12.940200,-3.040798,272.911700,362.961300,1,1,1,1,2,2,0.734627,0.766924,0.734705,0.766759,0.750732,0.006515,0.978147,0.207813,0.006514,0.978169,0.207711,0.005965,0.978139,0.207867,9.686335,-2.673640,-0.008903,1,3,13.768250,-0.874230,0,0
12.950200,-3.087636,272.885000,363.088100,1,1,1,1,2,2,0.734652,0.766659,0.734649,0.766568,0.750608,0.006513,0.978152,0.207787,0.006514,0.978169,0.207711,0.006012,0.978141,0.207854,9.695794,-2.674233,-0.008390,1,3,13.779220,-0.806963,0,0
12.960200,-3.134583,272.858200,363.215000,1,1,1,1,2,2,0.734672,0.766341,0.734586,0.766422,0.750504,0.006514,0.978184,0.207640,0.006514,0.978169,0.207711,0.006055,0.978144,0.207841,9.698627,-2.674797,-0.007750,1,3,13.790230,-0.734492,0,0
12.970200,-3.181632,272.831500,363.341900,1,1,1,1,2,2,0.734548,0.766283,0.734538,0.766258,0.750398,0.006512,0.978147,0.207813,0.006514,0.978169,0.207711,0.006095,0.978146,0.207830,9.700269,-2.675400,-0.007051,1,3,13.801280,-0.657225,0,0
12.980200,-3.228775,272.804700,363.469000,1,1,1,1,2,2,0.734654,0.766166,0.734475,0.766073,0.750274,0.006513,0.978178,0.207666,0.006514,0.978169,0.207711,0.006131,0.978148,0.207820,9.704035,-2.676059,-0.006307,1,3,13.812370,-0.575470,0,0
12.990200,-3.276005,272.778000,363.596100,1,1,1,1,2,2,0.734640,0.766066,0.734505,0.765941,0.750223,0.006512,0.978184,0.207640,0.006514,0.978169,0.207711,0.006164,0.978149,0.207811,9.693005,-2.676754,-0.005500,1,3,13.823490,-0.489753,0,0
13.000200,-3.323312,272.751200,363.723400,1,1,1,1,2,2,0.734570,0.765982,0.734463,0.765810,0.750137,0.006513,0.978173,0.207692,0.006514,0.978169,0.207711,0.006194,0.978151,0.207802,9.690583,-2.677635,-0.004780,1,3,13.834660,-0.400304,0,0
13.010200,-3.370688,272.724400,363.850700,1,1,1,1,2,2,0.734686,0.765749,0.734478,0.765673,0.750075,0.006516,0.978184,0.207640,0.006514,0.978169,0.207711,0.006221,0.978153,0.207794,9.683707,-2.678618,-0.004064,1,3,13.845860,-0.307573,0,0
13.020200,-3.418124,272.697600,363.978100,1,1,1,1,2,2,0.734583,0.765513,0.734493,0.765550,0.750022,0.006514,0.978147,0.207813,0.006514,0.978169,0.207711,0.006246,0.978154,0.207787,9.676711,-2.679750,-0.003396,1,3,13.857080,-0.211902,0,0
13.030200,-3.465610,272.670800,364.105600,1,1,1,1,2,2,0.734583,0.765580,0.734520,0.765416,0.749968,0.006511,0.978178,0.207666,0.006514,0.978169,0.207711,0.006269,0.978155,0.207781,9.671037,-2.681032,-0.002781,1,3,13.868340,-0.113758,0,0
13.040200,-3.513137,272.644000,364.233200,1,1,1,1,2,2,0.734430,0.765223,0.734538,0.765300,0.749919,0.006514,0.978147,0.207813,0.006514,0.978169,0.207711,0.006290,0.978156,0.207775,9.665499,-2.682454,-0.002206,1,3,13.879620,-0.013364,0,0
13.050200,-3.560695,272.617100,364.360900,1,1,1,1,2,2,0.734524,0.765370,0.734583,0.765210,0.749896,0.006515,0.978147,0.207813,0.006514,0.978169,0.207711,0.006310,0.978157,0.207769,9.656162,-2.684014,-0.001671,1,3,13.890920,0.088883,0,0
13.060200,-3.608275,272.590300,364.488800,1,1,1,1,2,2,0.734732,0.763735,0.734654,0.763710,0.749182,0.006511,0.977960,0.208691,0.006512,0.977931,0.208826,0.006327,0.978138,0.207860,9.741160,-2.685751,0.000065,1,3,13.902230,0.192701,0,0
13.070200,-3.655865,272.563400,364.616700,1,1,1,1,2,2,0.709260,0.763944,0.733343,0.763926,0.748635,0.006481,0.973641,0.227992,0.006510,0.977693,0.209940,0.006343,0.978100,0.208039,9.744942,-2.686743,0.003840,1,3,13.913570,0.298184,0,0
13.080200,-3.703457,272.536500,364.744800,1,1,1,1,2,2,0.733781,0.764152,0.733686,0.764101,0.748893,0.006511,0.977720,0.209811,0.006510,0.977693,0.209940,0.006357,0.978065,0.208203,9.607657,-2.687788,0.007456,1,3,13.924940,0.404957,0,0
13.090200,-3.751039,272.509600,364.873000,1,1,1,1,2,2,0.734104,0.764359,0.734090,0.764308,0.749199,0.006510,0.977715,0.209837,0.006510,0.977693,0.209940,0.006370,0.978033,0.208352,9.500561,-2.690263,0.009522,1,3,13.936330,0.512360,0,0
13.100200,-3.798602,272.482700,365.001300,1,1,1,1,2,2,0.734577,0.764567,0.734459,0.764534,0.749497,0.006510,0.977689,0.209959,0.006510,0.977693,0.209940,0.006382,0.978003,0.208489,9.425955,-2.693873,0.010354,1,3,13.947730,0.620194,0,0
13.110200,-3.846134,272.455700,365.129800,1,1,1,1,2,2,0.734935,0.764845,0.734813,0.764730,0.749772,0.006507,0.977662,0.210081,0.006510,0.977693,0.209940,0.006393,0.977976,0.208614,9.377754,-2.698299,0.010292,1,3,13.959140,0.728155,0,0
13.120200,-3.893627,272.428600,365.258400,1,1,1,1,2,2,0.735189,0.764859,0.735155,0.764890,0.750023,0.006510,0.977709,0.209864,0.006510,0.977693,0.209940,0.006404,0.977952,0.208728,9.349338,-2.703281,0.009613,1,3,13.970570,0.836077,0,0
13.130210,-3.941069,272.401600,365.387100,1,1,1,1,2,2,0.735457,0.765026,0.735529,0.764972,0.750250,0.006565,0.977709,0.209864,0.006564,0.977703,0.209888,0.006417,0.977931,0.208828,9.337354,-2.708624,0.008444,1,3,13.981990,0.943638,0,0
13.140210,-3.988450,272.374400,365.515900,1,1,1,1,2,2,0.735875,0.766327,0.735826,0.766170,0.750998,0.006616,0.977467,0.210984,0.006616,0.977474,0.210950,0.006434,0.977891,0.209010,9.207053,-2.714167,0.008259,1,3,13.993420,1.050799,0,0
13.150210,-4.035759,272.347200,365.644900,1,1,1,1,2,2,0.737186,0.766670,0.737063,0.766516,0.751789,0.006616,0.977278,0.211860,0.006615,0.977233,0.212064,0.006450,0.977835,0.209273,9.073845,-2.721065,0.007866,1,3,14.004850,1.157535,0,0
13.160210,-4.082988,272.319900,365.774000,1,1,1,1,2,2,0.737543,0.766831,0.737558,0.766837,0.752198,0.006614,0.977214,0.212156,0.006615,0.977233,0.212064,0.006464,0.977783,0.209513,9.050192,-2.729347,0.005852,1,3,14.016280,1.263650,0,0
13.170210,-4.130125,272.292500,365.903200,1,1,1,1,2,2,0.737990,0.767018,0.737972,0.767089,0.752530,0.006614,0.977214,0.212156,0.006615,0.977233,0.212064,0.006477,0.977736,0.209733,9.052691,-2.737940,0.003337,1,3,14.027720,1.368561,0,0
13.180210,-4.177159,272.265100,366.032600,1,1,1,1,2,2,0.738531,0.767264,0.738396,0.767261,0.752829,0.006615,0.977240,0.212034,0.006615,0.977233,0.212064,0.006489,0.977692,0.209933,9.066883,-2.746584,0.000606,1,3,14.039160,1.472206,0,0
13.190210,-4.224082,272.237500,366.162200,1,1,1,1,2,2,0.738740,0.767378,0.738699,0.767410,0.753055,0.006614,0.977231,0.212077,0.006615,0.977233,0.212064,0.006500,0.977653,0.210117,9.096038,-2.755164,-0.002204,1,3,14.050600,1.574296,0,0
13.200210,-4.270884,272.209900,366.291900,1,1,1,1,2,2,0.739107,0.767469,0.738934,0.767463,0.753199,0.006667,0.977251,0.211981,0.006668,0.977244,0.212013,0.006514,0.977618,0.210280,9.139848,-2.763530,-0.005006,1,3,14.062020,1.674836,0,0
13.210210,-4.317554,272.182200,366.421700,1,1,1,1,2,2,0.739108,0.767514,0.739154,0.767518,0.753336,0.006669,0.977245,0.212008,0.006668,0.977244,0.212013,0.006528,0.977586,0.210429,9.178326,-2.771538,-0.007547,1,3,14.073440,1.773684,0,0
13.220210,-4.364083,272.154400,366.551700,1,1,1,1,2,2,0.739423,0.767607,0.739337,0.767419,0.753378,0.006724,0.977251,0.211981,0.006722,0.977255,0.211961,0.006544,0.977557,0.210561,9.230577,-2.779236,-0.009948,1,3,14.084840,1.870670,0,0
13.230210,-4.410462,272.126500,366.681900,1,1,1,1,2,2,0.739436,0.767407,0.739522,0.767395,0.753459,0.006725,0.977245,0.212008,0.006722,0.977255,0.211961,0.006560,0.977531,0.210682,9.266229,-2.786488,-0.011967,1,3,14.096220,1.965705,0,0
13.240210,-4.456681,272.098600,366.812200,1,1,1,1,2,2,0.739570,0.767488,0.739638,0.767311,0.753474,0.006721,0.977271,0.211886,0.006722,0.977255,0.211961,0.006574,0.977507,0.210792,9.307965,-2.793452,-0.013760,1,3,14.107580,2.058657,0,0
13.250210,-4.502731,272.070600,366.942700,1,1,1,1,2,2,0.739660,0.767183,0.739709,0.767150,0.753430,0.006723,0.977245,0.212008,0.006722,0.977255,0.211961,0.006586,0.977486,0.210892,9.353159,-2.800068,-0.015255,1,3,14.118920,2.149443,0,0
13.260210,-4.548604,272.042500,367.073400,1,1,1,1,2,2,0.739754,0.766985,0.739781,0.767016,0.753398,0.006725,0.977213,0.212156,0.006722,0.977255,0.211961,0.006598,0.977466,0.210984,9.387410,-2.806299,-0.016406,1,3,14.130240,2.238032,0,0
13.270210,-4.594290,272.014300,367.204200,1,1,1,1,2,2,0.739748,0.767011,0.739802,0.766837,0.753319,0.006725,0.977271,0.211886,0.006722,0.977255,0.211961,0.006609,0.977448,0.211068,9.424124,-2.812248,-0.017314,1,3,14.141520,2.324306,0,0
13.280210,-4.639781,271.986200,367.335200,1,1,1,1,2,2,0.739842,0.766589,0.739847,0.766640,0.753243,0.006722,0.977277,0.211860,0.006722,0.977255,0.211961,0.006619,0.977431,0.211145,9.453465,-2.817890,-0.017946,1,3,14.152780,2.408177,0,0
13.290210,-4.685069,271.957900,367.466400,1,1,1,1,2,2,0.739975,0.766467,0.739941,0.766456,0.753198,0.006947,0.977217,0.212129,0.006946,0.977254,0.211961,0.006647,0.977416,0.211215,9.474128,-2.823293,-0.018456,1,3,14.164010,2.489637,0,0
13.300210,-4.730146,271.929700,367.597800,1,1,1,1,2,2,0.739872,0.766277,0.739929,0.766252,0.753091,0.006948,0.977238,0.212034,0.006946,0.977254,0.211961,0.006672,0.977402,0.211280,9.502695,-2.828540,-0.018827,1,3,14.175220,2.568740,0,0
13.310210,-4.775003,271.901300,367.729400,1,1,1,1,2,2,0.739921,0.766099,0.739940,0.766028,0.752984,0.006945,0.977255,0.211955,0.006946,0.977254,0.211961,0.006696,0.977389,0.211338,9.525417,-2.833550,-0.018975,1,3,14.186390,2.645327,0,0
13.320210,-4.819634,271.873000,367.861100,1,1,1,1,2,2,0.739856,0.765823,0.739918,0.765790,0.752854,0.006948,0.977249,0.211981,0.006946,0.977254,0.211961,0.006718,0.977377,0.211392,9.548227,-2.838379,-0.018954,1,3,14.197520,2.719294,0,0
13.330210,-4.864031,271.844500,367.993100,1,1,1,1,2,2,0.739928,0.765466,0.739897,0.765588,0.752742,0.006948,0.977238,0.212034,0.006946,0.977254,0.211961,0.006737,0.977367,0.211441,9.563292,-2.843023,-0.018758,1,3,14.208630,2.790602,0,0
13.340210,-4.908187,271.816000,368.125200,1,1,1,1,2,2,0.739809,0.765413,0.739849,0.765331,0.752590,0.006946,0.977249,0.211981,0.006946,0.977254,0.211961,0.006755,0.977357,0.211486,9.583210,-2.847554,-0.018459,1,3,14.219710,2.859297,0,0
13.350210,-4.952095,271.787500,368.257500,1,1,1,1,2,2,0.739853,0.765111,0.739833,0.765089,0.752461,0.006949,0.977217,0.212129,0.006946,0.977254,0.211961,0.006772,0.977348,0.211526,9.594945,-2.851923,-0.018005,1,3,14.230750,2.925371,0,0
13.360210,-4.995748,271.758900,368.390000,1,1,1,1,2,2,0.739758,0.764887,0.739741,0.764850,0.752296,0.007170,0.977216,0.212129,0.007170,0.977252,0.211961,0.006806,0.977340,0.211564,9.613462,-2.856206,-0.017559,1,3,14.241770,2.988724,0,0
13.370210,-5.039139,271.730300,368.522800,1,1,1,1,2,2,0.739728,0.764820,0.739708,0.764633,0.752170,0.007170,0.977242,0.212007,0.007170,0.977252,0.211961,0.006837,0.977332,0.211598,9.620871,-2.860336,-0.016957,1,3,14.252750,3.049565,0,0
13.380210,-5.082263,271.701700,368.655700,1,1,1,1,2,2,0.739698,0.764469,0.739678,0.764424,0.752051,0.007390,0.977214,0.212128,0.007393,0.977250,0.211960,0.006885,0.977325,0.211629,9.628204,-2.864418,-0.016391,1,3,14.263710,3.107661,0,0
13.390210,-5.125114,271.673000,368.788800,1,1,1,1,2,2,0.739654,0.764142,0.739633,0.764226,0.751930,0.007392,0.977240,0.212007,0.007393,0.977250,0.211960,0.006929,0.977319,0.211658,9.634424,-2.868452,-0.015770,1,3,14.274630,3.163303,0,0
13.400210,-5.167687,271.644300,368.922100,1,1,1,1,2,2,0.739638,0.763975,0.739622,0.763939,0.751780,0.007394,0.977214,0.212128,0.007393,0.977250,0.211960,0.006969,0.977313,0.211684,9.644578,-2.872444,-0.015102,1,3,14.285530,3.216184,0,0
13.410210,-5.209975,271.615500,369.055600,1,1,1,1,2,2,0.739586,0.763736,0.739642,0.763703,0.751672,0.007445,0.977208,0.212154,0.007442,0.977260,0.211913,0.007009,0.977308,0.211703,9.646897,-2.876355,-0.014422,1,3,14.296390,3.266340,0,0
13.420210,-5.251973,271.586700,369.189300,1,1,1,1,2,2,0.739747,0.763459,0.739616,0.763460,0.751538,0.007442,0.977240,0.212007,0.007442,0.977260,0.211913,0.007047,0.977304,0.211722,9.653683,-2.880259,-0.013726,1,3,14.307230,3.313858,0,0
13.430210,-5.293677,271.557900,369.323200,1,1,1,1,2,2,0.739781,0.763443,0.739604,0.763308,0.751456,0.007493,0.977272,0.211859,0.007492,0.977270,0.211866,0.007085,0.977301,0.211734,9.651327,-2.884109,-0.013043,1,3,14.318040,3.358696,0,0
13.440210,-5.335082,271.529000,369.457300,1,1,1,1,2,2,0.739591,0.763159,0.739630,0.763030,0.751330,0.007712,0.977238,0.212006,0.007715,0.977268,0.211866,0.007139,0.977298,0.211745,9.659420,-2.887993,-0.012464,1,3,14.328830,3.400934,0,0
13.450210,-5.376184,271.500100,369.591600,1,1,1,1,2,2,0.737765,0.761251,0.737624,0.761127,0.749376,0.007711,0.976605,0.214904,0.007710,0.976609,0.214886,0.007188,0.977239,0.212016,9.902534,-2.891807,-0.008139,1,3,14.339590,3.440704,0,0
13.460210,-5.416977,271.471100,369.726100,1,1,1,1,2,2,0.738190,0.761459,0.738103,0.761356,0.749729,0.007708,0.976599,0.214931,0.007710,0.976609,0.214886,0.007233,0.977185,0.212263,9.676953,-2.893258,-0.001682,1,3,14.350350,3.478442,0,0
13.470210,-5.457458,271.442200,369.860800,1,1,1,1,2,2,0.738752,0.761695,0.738578,0.761571,0.750075,0.007710,0.976611,0.214877,0.007710,0.976609,0.214886,0.007274,0.977135,0.212488,9.516118,-2.896925,0.002245,1,3,14.361110,3.513565,0,0
13.480210,-5.497625,271.413100,369.995800,1,1,1,1,2,2,0.739074,0.761916,0.738982,0.761782,0.750382,0.007759,0.976631,0.214782,0.007759,0.976619,0.214839,0.007316,0.977091,0.212691,9.410569,-2.902172,0.004239,1,3,14.371870,3.546071,0,0
13.490210,-5.537473,271.384100,370.130900,1,1,1,1,2,2,0.739476,0.762120,0.739424,0.762015,0.750720,0.007762,0.976637,0.214756,0.007759,0.976619,0.214839,0.007354,0.977050,0.212876,9.331463,-2.908456,0.004954,1,3,14.382630,3.576015,0,0
13.500210,-5.576999,271.354900,370.266100,1,1,1,1,2,2,0.739930,0.762185,0.739825,0.762125,0.750975,0.007806,0.976625,0.214809,0.007809,0.976629,0.214792,0.007393,0.977014,0.213040,9.293979,-2.915514,0.004601,1,3,14.393390,3.603398,0,0
13.510210,-5.616200,271.325700,370.401600,1,1,1,1,2,2,0.740248,0.762318,0.740185,0.762255,0.751220,0.007811,0.976658,0.214661,0.007809,0.976629,0.214792,0.007429,0.976981,0.213191,9.272346,-2.922939,0.003693,1,3,14.404140,3.628339,0,0
13.520210,-5.655074,271.296400,370.537300,1,1,1,1,2,2,0.740568,0.763741,0.741610,0.763677,0.752644,0.007812,0.976325,0.216170,0.007803,0.975960,0.217810,0.007461,0.976894,0.213589,8.954982,-2.930573,0.006101,1,3,14.414900,3.650867,0,0
13.530210,-5.693618,271.267000,370.673200,1,1,1,1,2,2,0.742356,0.764207,0.742289,0.764150,0.753219,0.007801,0.975996,0.217651,0.007803,0.975960,0.217810,0.007491,0.976813,0.213952,8.881224,-2.941309,0.004874,1,3,14.425670,3.671572,0,0
13.540210,-5.731830,271.237400,370.809200,1,1,1,1,2,2,0.742980,0.764646,0.742917,0.764504,0.753711,0.007796,0.976002,0.217624,0.007803,0.975960,0.217810,0.007518,0.976740,0.214284,8.851640,-2.952764,0.002490,1,3,14.436470,3.689811,0,0
13.550210,-5.769708,271.207800,370.945500,1,1,1,1,2,2,0.743571,0.764922,0.743498,0.764850,0.754174,0.007803,0.975984,0.217705,0.007803,0.975960,0.217810,0.007542,0.976673,0.214588,8.844172,-2.964504,-0.000573,1,3,14.447290,3.705690,0,0
13.560210,-5.807250,271.178000,371.081900,1,1,1,1,2,2,0.744076,0.765139,0.743990,0.765110,0.754550,0.007806,0.975977,0.217732,0.007803,0.975960,0.217810,0.007565,0.976611,0.214865,8.863176,-2.976310,-0.004062,1,3,14.458120,3.719265,0,0
13.570220,-5.844455,271.148200,371.218500,1,1,1,1,2,2,0.744526,0.765313,0.744418,0.765297,0.754857,0.007807,0.975996,0.217651,0.007803,0.975960,0.217810,0.007585,0.976555,0.215119,8.897731,-2.987922,-0.007682,1,3,14.468980,3.730619,0,0
13.580220,-5.881321,271.118200,371.355300,1,1,1,1,2,2,0.744831,0.765474,0.744767,0.765398,0.755082,0.007810,0.975990,0.217678,0.007803,0.975960,0.217810,0.007604,0.976504,0.215350,8.945926,-2.999187,-0.011250,1,3,14.479860,3.739753,0,0
13.590220,-5.917847,271.088100,371.492200,1,1,1,1,2,2,0.745149,0.765497,0.745062,0.765442,0.755252,0.007800,0.975978,0.217732,0.007803,0.975960,0.217810,0.007621,0.976457,0.215562,8.998805,-3.009969,-0.014605,1,3,14.490750,3.746784,0,0
13.600220,-5.954031,271.057900,371.629400,1,1,1,1,2,2,0.745349,0.765485,0.745297,0.765446,0.755371,0.007803,0.975984,0.217705,0.007803,0.975960,0.217810,0.007637,0.976414,0.215755,9.053749,-3.020221,-0.017677,1,3,14.501660,3.751716,0,0
13.610220,-5.989873,271.027600,371.766700,1,1,1,1,2,2,0.745461,0.765422,0.745427,0.765386,0.755407,0.007807,0.975984,0.217705,0.007803,0.975960,0.217810,0.007651,0.976375,0.215932,9.115670,-3.029921,-0.020426,1,3,14.512580,3.754637,0,0
13.620220,-6.025373,270.997200,371.904200,1,1,1,1,2,2,0.745651,0.765353,0.745580,0.765285,0.755432,0.007808,0.975990,0.217678,0.007803,0.975960,0.217810,0.007664,0.976340,0.216094,9.169093,-3.039001,-0.022761,1,3,14.523520,3.755574,0,0
13.630220,-6.060529,270.966700,372.041900,1,1,1,1,2,2,0.745745,0.765205,0.745654,0.765136,0.755395,0.007803,0.975984,0.217705,0.007803,0.975960,0.217810,0.007676,0.976307,0.216242,9.225229,-3.047543,-0.024751,1,3,14.534470,3.754604,0,0
13.640220,-6.095342,270.936100,372.179800,1,1,1,1,2,2,0.745785,0.765041,0.745714,0.764976,0.755345,0.007806,0.975990,0.217678,0.007803,0.975960,0.217810,0.007687,0.976277,0.216377,9.274056,-3.055518,-0.026353,1,3,14.545440,3.751755,0,0
13.650220,-6.129811,270.905500,372.317800,1,1,1,1,2,2,0.745850,0.764766,0.745732,0.764742,0.755237,0.007804,0.975990,0.217678,0.007803,0.975960,0.217810,0.007697,0.976250,0.216500,9.324950,-3.062997,-0.027625,1,3,14.556420,3.747113,0,0
13.660220,-6.163937,270.874800,372.456100,1,1,1,1,2,2,0.745819,0.764579,0.745732,0.764493,0.755112,0.007801,0.975984,0.217705,0.007803,0.975960,0.217810,0.007706,0.976225,0.216613,9.369892,-3.069960,-0.028533,1,3,14.567410,3.740683,0,0
13.670220,-6.197720,270.844000,372.594500,1,1,1,1,2,2,0.745765,0.764393,0.745684,0.764279,0.754982,0.007804,0.976002,0.217624,0.007803,0.975960,0.217810,0.007715,0.976202,0.216716,9.407990,-3.076463,-0.029125,1,3,14.578420,3.732563,0,0
13.680220,-6.231159,270.813200,372.733100,1,1,1,1,2,2,0.745741,0.764041,0.745676,0.763998,0.754837,0.007802,0.975978,0.217732,0.007803,0.975960,0.217810,0.007722,0.976181,0.216810,9.442171,-3.082572,-0.029457,1,3,14.589440,3.722748,0,0
13.690220,-6.264257,270.782300,372.871900,1,1,1,1,2,2,0.745645,0.763805,0.745631,0.763715,0.754673,0.007805,0.975984,0.217705,0.007803,0.975960,0.217810,0.007729,0.976162,0.216896,9.474025,-3.088326,-0.029560,1,3,14.600480,3.711356,0,0
13.700220,-6.297013,270.751400,373.011000,1,1,1,1,2,2,0.745470,0.763507,0.745454,0.763427,0.754441,0.007737,0.975957,0.217826,0.007736,0.975946,0.217874,0.007730,0.976143,0.216980,9.510343,-3.093745,-0.029347,1,3,14.611530,3.698375,0,0
13.710220,-6.329429,270.720400,373.150100,1,1,1,1,2,2,0.745611,0.763239,0.745451,0.763152,0.754302,0.007736,0.976002,0.217624,0.007736,0.975946,0.217874,0.007730,0.976127,0.217057,9.523339,-3.098787,-0.028873,1,3,14.622600,3.683819,0,0
13.720220,-6.361505,270.689400,373.289500,1,1,1,1,2,2,0.745361,0.762821,0.745380,0.762785,0.754083,0.007665,0.975943,0.217893,0.007669,0.975933,0.217938,0.007725,0.976110,0.217133,9.547382,-3.103678,-0.028264,1,3,14.633680,3.667819,0,0
13.730220,-6.393243,270.658300,373.429100,1,1,1,1,2,2,0.745462,0.762662,0.745302,0.762479,0.753891,0.007671,0.975991,0.217678,0.007669,0.975933,0.217938,0.007720,0.976095,0.217202,9.562880,-3.108310,-0.027508,1,3,14.644780,3.650360,0,0
13.740220,-6.424644,270.627100,373.568800,1,1,1,1,2,2,0.745191,0.762270,0.745228,0.762219,0.753724,0.007666,0.975937,0.217920,0.007669,0.975933,0.217938,0.007716,0.976081,0.217265,9.572183,-3.112766,-0.026684,1,3,14.655890,3.631554,0,0
13.750220,-6.455710,270.596000,373.708700,1,1,1,1,2,2,0.745197,0.762002,0.745205,0.761948,0.753577,0.007669,0.975943,0.217893,0.007669,0.975933,0.217938,0.007712,0.976068,0.217323,9.577565,-3.117106,-0.025845,1,3,14.667030,3.611397,0,0
13.760220,-6.486442,270.564800,373.848800,1,1,1,1,2,2,0.745123,0.761863,0.745109,0.761723,0.753416,0.007671,0.975958,0.217826,0.007669,0.975933,0.217938,0.007708,0.976056,0.217376,9.585830,-3.121368,-0.025026,1,3,14.678180,3.590008,0,0
13.770220,-6.516842,270.533500,373.989100,1,1,1,1,2,2,0.745094,0.761430,0.745136,0.761422,0.753279,0.007600,0.975931,0.217947,0.007602,0.975919,0.218002,0.007699,0.976044,0.217430,9.587053,-3.125524,-0.024091,1,3,14.689350,3.567375,0,0
13.780220,-6.546913,270.502200,374.129500,1,1,1,1,2,2,0.745121,0.761308,0.745086,0.761133,0.753110,0.007599,0.975937,0.217920,0.007602,0.975919,0.218002,0.007691,0.976034,0.217479,9.595514,-3.129641,-0.023213,1,3,14.700540,3.543497,0,0
13.790220,-6.576655,270.470900,374.270200,1,1,1,1,2,2,0.745077,0.760980,0.745017,0.760935,0.752976,0.007535,0.975883,0.218163,0.007535,0.975905,0.218066,0.007677,0.976023,0.217530,9.594515,-3.133650,-0.022215,1,3,14.711750,3.518523,0,0
13.800220,-6.606071,270.439500,374.411000,1,1,1,1,2,2,0.744956,0.760742,0.745002,0.760712,0.752857,0.007535,0.975910,0.218042,0.007535,0.975905,0.218066,0.007665,0.976012,0.217576,9.592811,-3.137643,-0.021294,1,3,14.722980,3.492415,0,0
13.810220,-6.635165,270.408100,374.552000,1,1,1,1,2,2,0.721754,0.758551,0.742731,0.758474,0.750602,0.007499,0.971620,0.236427,0.007529,0.975160,0.221372,0.007653,0.975939,0.217903,9.871408,-3.141626,-0.016234,1,3,14.734230,3.465268,0,0
13.820220,-6.663937,270.376600,374.693100,1,1,1,1,2,2,0.743257,0.758781,0.743218,0.758737,0.750977,0.007536,0.975144,0.221445,0.007529,0.975160,0.221372,0.007643,0.975872,0.218201,9.617320,-3.142869,-0.008798,1,3,14.745520,3.437506,0,0
13.830220,-6.692390,270.345200,374.834500,1,1,1,1,2,2,0.743752,0.759020,0.743708,0.759019,0.751363,0.007533,0.975138,0.221473,0.007529,0.975160,0.221372,0.007633,0.975811,0.218474,9.434231,-3.146573,-0.004277,1,3,14.756870,3.408758,0,0
13.840220,-6.720527,270.313700,374.976000,1,1,1,1,2,2,0.744207,0.759344,0.744183,0.759316,0.751749,0.007528,0.975144,0.221445,0.007529,0.975160,0.221372,0.007624,0.975755,0.218724,9.305518,-3.152043,-0.001929,1,3,14.768260,3.379071,0,0
13.850220,-6.748351,270.282100,375.117600,1,1,1,1,2,2,0.744657,0.759468,0.744628,0.759571,0.752100,0.007528,0.975159,0.221379,0.007529,0.975160,0.221372,0.007616,0.975704,0.218952,9.223232,-3.158746,-0.001181,1,3,14.779690,3.348485,0,0
13.860220,-6.775865,270.250400,375.259500,1,1,1,1,2,2,0.744967,0.759819,0.745014,0.759782,0.752398,0.007529,0.975165,0.221351,0.007529,0.975160,0.221372,0.007608,0.975657,0.219160,9.178079,-3.166229,-0.001541,1,3,14.791160,3.317026,0,0
13.870220,-6.803071,270.218700,375.401500,1,1,1,1,2,2,0.745390,0.759906,0.745385,0.759967,0.752676,0.007528,0.975199,0.221202,0.007529,0.975160,0.221372,0.007602,0.975614,0.219350,9.154374,-3.174129,-0.002614,1,3,14.802680,3.284758,0,0
13.880220,-6.829973,270.186800,375.543600,1,1,1,1,2,2,0.770228,0.761554,0.746919,0.761497,0.754208,0.007451,0.964921,0.262434,0.007523,0.974404,0.224677,0.007595,0.975511,0.219809,8.810176,-3.182237,0.000085,1,3,14.814230,3.251730,0,0
13.890220,-6.856573,270.154900,375.685900,1,1,1,1,2,2,0.747655,0.762100,0.747648,0.762055,0.754852,0.007520,0.974374,0.224807,0.007523,0.974404,0.224677,0.007589,0.975417,0.220227,8.726698,-3.193684,-0.001245,1,3,14.825840,3.218336,0,0
13.900220,-6.882875,270.122800,375.828400,1,1,1,1,2,2,0.748347,0.762508,0.748309,0.762516,0.755413,0.007520,0.974374,0.224807,0.007523,0.974404,0.224677,0.007583,0.975331,0.220610,8.691545,-3.205925,-0.003912,1,3,14.837520,3.184190,0,0
13.910220,-6.908883,270.090600,375.971000,1,1,1,1,2,2,0.748859,0.762947,0.748852,0.762906,0.755879,0.007524,0.974374,0.224807,0.007523,0.974404,0.224677,0.007578,0.975251,0.220960,8.694331,-3.218487,-0.007414,1,3,14.849260,3.149385,0,0
13.920220,-6.934599,270.058300,376.113800,1,1,1,1,2,2,0.749393,0.763298,0.749346,0.763233,0.756290,0.007525,0.974381,0.224779,0.007523,0.974404,0.224677,0.007573,0.975178,0.221280,8.717525,-3.231001,-0.011327,1,3,14.861050,3.113928,0,0
13.930220,-6.960026,270.025800,376.256700,1,1,1,1,2,2,0.749759,0.763463,0.749733,0.763441,0.756587,0.007524,0.974387,0.224751,0.007523,0.974404,0.224677,0.007569,0.975112,0.221573,8.765395,-3.243267,-0.015409,1,3,14.872900,3.077897,0,0
13.940220,-6.985168,269.993300,376.399700,1,1,1,1,2,2,0.750067,0.763616,0.750030,0.763601,0.756816,0.007520,0.974387,0.224751,0.007523,0.974404,0.224677,0.007565,0.975051,0.221840,8.822873,-3.255043,-0.019379,1,3,14.884790,3.041296,0,0
13.950220,-7.010029,269.960600,376.542900,1,1,1,1,2,2,0.750324,0.763710,0.750283,0.763694,0.756989,0.007526,0.974374,0.224807,0.007523,0.974404,0.224677,0.007561,0.974995,0.222084,8.884510,-3.266237,-0.023109,1,3,14.896740,3.004192,0,0
13.960220,-7.034611,269.927900,376.686300,1,1,1,1,2,2,0.750488,0.763720,0.750443,0.763679,0.757061,0.007523,0.974381,0.224779,0.007523,0.974404,0.224677,0.007558,0.974944,0.222307,8.956470,-3.276808,-0.026531,1,3,14.908730,2.966625,0,0
13.970220,-7.058918,269.895000,376.829800,1,1,1,1,2,2,0.750650,0.763661,0.750565,0.763620,0.757093,0.007529,0.974381,0.224779,0.007523,0.974404,0.224677,0.007555,0.974898,0.222511,9.024915,-3.286655,-0.029513,1,3,14.920770,2.928649,0,0
13.980220,-7.082954,269.862000,376.973400,1,1,1,1,2,2,0.750632,0.763572,0.750610,0.763531,0.757070,0.007526,0.974387,0.224751,0.007523,0.974404,0.224677,0.007552,0.974855,0.222697,9.092396,-3.295812,-0.032068,1,3,14.932850,2.890266,0,0
13.990220,-7.106722,269.829000,377.117200,1,1,1,1,2,2,0.750632,0.763370,0.750607,0.763389,0.756998,0.007527,0.974381,0.224779,0.007523,0.974404,0.224677,0.007550,0.974817,0.222868,9.157979,-3.304291,-0.034184,1,3,14.944960,2.851508,0,0
14.000230,-7.130226,269.795900,377.261200,1,1,1,1,2,2,0.750459,0.763240,0.750434,0.763218,0.756826,0.007393,0.974360,0.224872,0.007388,0.974376,0.224805,0.007536,0.974779,0.223035,9.225457,-3.312108,-0.035664,1,3,14.957110,2.812438,0,0
14.010230,-7.153469,269.762700,377.405300,1,1,1,1,2,2,0.750430,0.763022,0.750401,0.762977,0.756689,0.007394,0.974354,0.224900,0.007388,0.974376,0.224805,0.007523,0.974744,0.223187,9.275299,-3.319246,-0.036684,1,3,14.969300,2.773008,0,0
14.020230,-7.176455,269.729400,377.549500,1,1,1,1,2,2,0.750366,0.762746,0.750312,0.762563,0.756438,0.007251,0.974355,0.224900,0.007252,0.974347,0.224934,0.007500,0.974710,0.223337,9.333284,-3.325878,-0.037205,1,3,14.981530,2.733338,0,0
14.030230,-7.199187,269.696100,377.693900,1,1,1,1,2,2,0.750282,0.762365,0.750253,0.762370,0.756311,0.007252,0.974314,0.225077,0.007252,0.974347,0.224934,0.007479,0.974679,0.223475,9.359120,-3.331923,-0.037343,1,3,14.993790,2.693350,0,0
14.040230,-7.221670,269.662700,377.838500,1,1,1,1,2,2,0.750178,0.762324,0.750116,0.762132,0.756124,0.007253,0.974355,0.224900,0.007252,0.974347,0.224934,0.007459,0.974650,0.223600,9.394026,-3.337697,-0.037401,1,3,15.006080,2.653188,0,0
14.050230,-7.243906,269.629300,377.983200,1,1,1,1,2,2,0.750021,0.761977,0.750019,0.761883,0.755951,0.007252,0.974327,0.225021,0.007252,0.974347,0.224934,0.007441,0.974624,0.223715,9.421751,-3.343110,-0.037274,1,3,15.018410,2.612902,0,0
14.060230,-7.265901,269.595800,378.128100,1,1,1,1,2,2,0.750264,0.761671,0.749998,0.761627,0.755812,0.006837,0.974240,0.225411,0.007117,0.974318,0.225063,0.007413,0.974598,0.223831,9.435217,-3.348233,-0.036826,1,3,15.030770,2.572496,0,0
14.070230,-7.287658,269.562300,378.273100,1,1,1,1,2,2,0.749943,0.761408,0.749864,0.761341,0.755603,0.007118,0.974294,0.225170,0.007117,0.974318,0.225063,0.007388,0.974574,0.223937,9.461997,-3.353205,-0.036397,1,3,15.043160,2.531918,0,0
14.080230,-7.309180,269.528700,378.418300,1,1,1,1,2,2,0.749838,0.761121,0.749790,0.761177,0.755484,0.007117,0.974300,0.225142,0.006981,0.974290,0.225191,0.007353,0.974549,0.224045,9.464437,-3.357898,-0.035646,1,3,15.055580,2.491303,0,0
14.090230,-7.330471,269.495100,378.563600,1,1,1,1,2,2,0.749705,0.760883,0.749663,0.760940,0.755301,0.006980,0.974301,0.225142,0.006981,0.974290,0.225191,0.007321,0.974527,0.224144,9.481304,-3.362547,-0.035017,1,3,15.068040,2.450554,0,0
14.100230,-7.351536,269.461400,378.709100,1,1,1,1,2,2,0.749571,0.760731,0.749540,0.760702,0.755121,0.006979,0.974280,0.225235,0.006981,0.974290,0.225191,0.007292,0.974506,0.224234,9.496899,-3.367014,-0.034352,1,3,15.080520,2.409845,0,0
14.110230,-7.372377,269.427700,378.854700,1,1,1,1,2,2,0.749332,0.760483,0.749373,0.760431,0.754902,0.006984,0.974301,0.225142,0.006981,0.974290,0.225191,0.007265,0.974488,0.224316,9.518658,-3.371311,-0.033652,1,3,15.093040,2.369153,0,0
14.120230,-7.393000,269.393900,379.000500,1,1,1,1,2,2,0.749294,0.760235,0.749240,0.760170,0.754705,0.006980,0.974260,0.225318,0.006981,0.974290,0.225191,0.007241,0.974471,0.224392,9.533842,-3.375377,-0.032846,1,3,15.105580,2.328508,0,0
14.130230,-7.413407,269.360100,379.146400,1,1,1,1,2,2,0.749087,0.759946,0.749106,0.759932,0.754519,0.006983,0.974295,0.225170,0.006981,0.974290,0.225191,0.007218,0.974455,0.224461,9.545738,-3.379278,-0.031990,1,3,15.118150,2.287978,0,0
14.140230,-7.433603,269.326300,379.292500,1,1,1,1,2,2,0.748976,0.759873,0.748924,0.759661,0.754293,0.006978,0.974301,0.225142,0.006981,0.974290,0.225191,0.007198,0.974441,0.224523,9.564307,-3.383046,-0.031108,1,3,15.130750,2.247533,0,0
14.150230,-7.453592,269.292400,379.438800,1,1,1,1,2,2,0.748759,0.759457,0.748782,0.759408,0.754095,0.006977,0.974267,0.225290,0.006981,0.974290,0.225191,0.007179,0.974428,0.224581,9.575112,-3.386616,-0.030125,1,3,15.143370,2.207215,0,0
14.160230,-7.473376,269.258500,379.585100,1,1,1,1,2,2,0.746502,0.757172,0.746486,0.757148,0.751817,0.006969,0.973497,0.228596,0.006976,0.973516,0.228513,0.007162,0.974349,0.224919,9.848933,-3.390065,-0.024702,1,3,15.156010,2.167048,0,0
14.170230,-7.492961,269.224600,379.731700,1,1,1,1,2,2,0.746913,0.757469,0.746890,0.757448,0.752169,0.006974,0.973483,0.228651,0.006976,0.973516,0.228513,0.007146,0.974278,0.225229,9.591857,-3.390835,-0.016982,1,3,15.168710,2.127259,0,0
14.180230,-7.512349,269.190700,379.878400,1,1,1,1,2,2,0.747293,0.757780,0.747268,0.757756,0.752512,0.006978,0.973490,0.228624,0.006976,0.973516,0.228513,0.007131,0.974212,0.225511,9.410824,-3.394100,-0.012238,1,3,15.181450,2.087636,0,0
14.190230,-7.531545,269.156700,380.025200,1,1,1,1,2,2,0.747573,0.757977,0.747676,0.758070,0.752873,0.006975,0.973540,0.228410,0.006976,0.973516,0.228513,0.007118,0.974152,0.225770,9.281112,-3.399118,-0.009673,1,3,15.194250,2.048206,0,0
14.200230,-7.550553,269.122600,380.172200,1,1,1,1,2,2,0.748040,0.758314,0.748002,0.758311,0.753156,0.006976,0.973503,0.228567,0.006976,0.973516,0.228513,0.007105,0.974097,0.226006,9.206330,-3.405389,-0.008744,1,3,15.207090,2.008963,0,0
14.210230,-7.569376,269.088500,380.319300,1,1,1,1,2,2,0.748316,0.758551,0.748313,0.758538,0.753425,0.006974,0.973490,0.228624,0.006976,0.973516,0.228513,0.007094,0.974047,0.226221,9.160592,-3.412376,-0.008871,1,3,15.219960,1.969937,0,0
14.220230,-7.588018,269.054300,380.466600,1,1,1,1,2,2,0.748568,0.758729,0.748547,0.758711,0.753629,0.006976,0.973490,0.228624,0.006976,0.973516,0.228513,0.007084,0.974002,0.226419,9.145164,-3.419796,-0.009737,1,3,15.232880,1.931139,0,0
14.230230,-7.606484,269.020000,380.614000,1,1,1,1,2,2,0.750256,0.760542,0.750287,0.760476,0.755381,0.006966,0.972702,0.231953,0.006970,0.972731,0.231831,0.007074,0.973894,0.226884,8.749755,-3.427353,-0.006578,1,3,15.245840,1.892610,0,0
14.240230,-7.624776,268.985600,380.761500,1,1,1,1,2,2,0.750969,0.761086,0.750940,0.761059,0.755999,0.006972,0.972688,0.232010,0.006970,0.972731,0.231831,0.007065,0.973795,0.227309,8.673125,-3.438755,-0.008002,1,3,15.258850,1.854566,0,0
14.250230,-7.642900,268.951100,380.909200,1,1,1,1,2,2,0.751568,0.761571,0.751504,0.761552,0.756528,0.006968,0.972709,0.231924,0.006970,0.972731,0.231831,0.007057,0.973704,0.227697,8.645496,-3.450893,-0.010739,1,3,15.271930,1.816770,0,0
14.260230,-7.660857,268.916500,381.057000,1,1,1,1,2,2,0.752003,0.761992,0.752012,0.761968,0.756990,0.006969,0.972695,0.231982,0.006970,0.972731,0.231831,0.007050,0.973621,0.228053,8.649039,-3.463290,-0.014239,1,3,15.285060,1.779255,0,0
14.270230,-7.678653,268.881700,381.204900,1,1,1,1,2,2,0.752389,0.762258,0.752372,0.762309,0.757341,0.006967,0.972695,0.231982,0.006970,0.972731,0.231831,0.007043,0.973544,0.228378,8.683349,-3.475643,-0.018168,1,3,15.298240,1.742027,0,0
14.280230,-7.696290,268.846800,381.353000,1,1,1,1,2,2,0.752746,0.762556,0.752658,0.762510,0.757584,0.006973,0.972695,0.231982,0.006970,0.972731,0.231831,0.007037,0.973474,0.228675,8.739166,-3.487651,-0.022179,1,3,15.311470,1.705098,0,0
14.290230,-7.713773,268.811800,381.501100,1,1,1,1,2,2,0.752893,0.762759,0.752869,0.762665,0.757767,0.006968,0.972702,0.231953,0.006970,0.972731,0.231831,0.007031,0.973410,0.228947,8.801551,-3.499105,-0.026020,1,3,15.324750,1.668487,0,0
14.300230,-7.731104,268.776700,381.649400,1,1,1,1,2,2,0.752881,0.762808,0.752834,0.762784,0.757809,0.006810,0.972668,0.232102,0.006811,0.972696,0.231982,0.007012,0.973349,0.229208,8.877123,-3.509941,-0.029366,1,3,15.338070,1.632224,0,0
14.310230,-7.748288,268.741500,381.797900,1,1,1,1,2,2,0.753030,0.762838,0.752978,0.762821,0.757900,0.006808,0.972668,0.232102,0.006811,0.972696,0.231982,0.006995,0.973293,0.229447,8.933581,-3.520030,-0.032300,1,3,15.351420,1.596182,0,0
14.320230,-7.765326,268.706200,381.946400,1,1,1,1,2,2,0.753094,0.762632,0.753008,0.762577,0.757793,0.006654,0.972633,0.232252,0.006652,0.972662,0.232132,0.006965,0.973238,0.229678,9.013770,-3.529560,-0.034758,1,3,15.364810,1.560502,0,0
14.330230,-7.782225,268.670900,382.095200,1,1,1,1,2,2,0.753104,0.762602,0.753052,0.762544,0.757798,0.006653,0.972640,0.232223,0.006652,0.972662,0.232132,0.006938,0.973189,0.229889,9.061407,-3.538300,-0.036722,1,3,15.378230,1.525052,0,0
14.340230,-7.798985,268.635400,382.244000,1,1,1,1,2,2,0.753183,0.762543,0.753019,0.762481,0.757750,0.006648,0.972662,0.232131,0.006652,0.972662,0.232132,0.006914,0.973143,0.230082,9.113810,-3.546565,-0.038490,1,3,15.391690,1.490126,0,0
14.350230,-7.815611,268.599900,382.392900,1,1,1,1,2,2,0.752930,0.762395,0.752941,0.762321,0.757631,0.006652,0.972633,0.232252,0.006652,0.972662,0.232132,0.006891,0.973102,0.230259,9.172309,-3.554312,-0.039992,1,3,15.405170,1.456765,0,0
14.360230,-7.832106,268.564200,382.542100,1,1,1,1,2,2,0.752867,0.762197,0.752951,0.762184,0.757567,0.006657,0.972626,0.232280,0.006493,0.972627,0.232283,0.006857,0.973061,0.230433,9.206548,-3.561479,-0.040918,1,3,15.418680,1.424708,0,0
14.370230,-7.848472,268.528600,382.691300,1,1,1,1,2,2,0.753045,0.762033,0.752865,0.762028,0.757447,0.006489,0.972648,0.232194,0.006493,0.972627,0.232283,0.006826,0.973024,0.230592,9.248375,-3.568305,-0.041736,1,3,15.432220,1.393830,0,0
14.380230,-7.864713,268.492800,382.840700,1,1,1,1,2,2,0.752816,0.761825,0.752732,0.761772,0.757252,0.006492,0.972626,0.232286,0.006493,0.972627,0.232283,0.006797,0.972989,0.230737,9.298447,-3.574714,-0.042351,1,3,15.445770,1.364177,0,0
14.390230,-7.880831,268.457000,382.990200,1,1,1,1,2,2,0.752579,0.761740,0.752583,0.761710,0.757147,0.006338,0.972620,0.232315,0.006334,0.972592,0.232433,0.006757,0.972955,0.230883,9.319134,-3.580628,-0.042434,1,3,15.459350,1.335674,0,0
14.400230,-7.896829,268.421200,383.139900,1,1,1,1,2,2,0.752361,0.761538,0.752424,0.761506,0.756965,0.006336,0.972606,0.232372,0.006334,0.972592,0.232433,0.006721,0.972924,0.231017,9.353469,-3.586333,-0.042510,1,3,15.472940,1.308116,0,0
14.410230,-7.912709,268.385300,383.289700,1,1,1,1,2,2,0.752257,0.761275,0.752242,0.761250,0.756746,0.006330,0.972591,0.232435,0.006334,0.972592,0.232433,0.006687,0.972895,0.231139,9.390429,-3.591696,-0.042424,1,3,15.486560,1.281586,0,0
14.420230,-7.928474,268.349300,383.439600,1,1,1,1,2,2,0.752095,0.761008,0.752001,0.761028,0.756514,0.006338,0.972591,0.232435,0.006334,0.972592,0.232433,0.006657,0.972869,0.231250,9.424655,-3.596691,-0.042135,1,3,15.500180,1.256727,0,0
14.430230,-7.944127,268.313300,383.589700,1,1,1,1,2,2,0.751852,0.760776,0.751785,0.760760,0.756273,0.006326,0.972591,0.232435,0.006334,0.972592,0.232433,0.006629,0.972845,0.231352,9.455873,-3.601346,-0.041655,1,3,15.513820,1.232753,0,0
14.440240,-7.959671,268.277200,383.739900,1,1,1,1,2,2,0.751551,0.760503,0.751496,0.760504,0.756000,0.006335,0.972584,0.232464,0.006334,0.972592,0.232433,0.006604,0.972824,0.231445,9.488464,-3.605687,-0.041003,1,3,15.527480,1.193195,0,0
14.450240,-7.975110,268.241100,383.890300,1,1,1,1,2,2,0.751278,0.760291,0.751262,0.760233,0.755748,0.006329,0.972598,0.232407,0.006334,0.972592,0.232433,0.006581,0.972804,0.231530,9.512422,-3.609702,-0.040153,1,3,15.541170,1.155541,0,0
14.460240,-7.990448,268.205000,384.040800,1,1,1,1,2,2,0.751010,0.760114,0.750999,0.759959,0.755479,0.006336,0.972606,0.232372,0.006334,0.972592,0.232433,0.006559,0.972785,0.231608,9.536303,-3.613474,-0.039179,1,3,15.554860,1.119658,0,0
14.470240,-8.005687,268.168800,384.191500,1,1,1,1,2,2,0.750779,0.759731,0.750732,0.759725,0.755228,0.006339,0.972584,0.232464,0.006334,0.972592,0.232433,0.006540,0.972769,0.231679,9.553598,-3.617006,-0.038074,1,3,15.568580,1.085438,0,0
14.480240,-8.020831,268.132600,384.342300,1,1,1,1,2,2,0.750555,0.759499,0.750494,0.759458,0.754976,0.006329,0.972598,0.232407,0.006334,0.972592,0.232433,0.006522,0.972754,0.231744,9.569345,-3.620360,-0.036893,1,3,15.582300,1.052748,0,0
14.490240,-8.035884,268.096400,384.493200,1,1,1,1,2,2,0.750269,0.759427,0.750257,0.757094,0.753675,0.006337,0.972613,0.232344,0.006332,0.972225,0.233962,0.006506,0.972708,0.231935,9.719328,-3.623554,-0.033543,1,3,15.596040,1.021489,0,0
14.500240,-8.050848,268.060100,384.644300,1,1,1,1,2,2,0.748173,0.757343,0.748237,0.757301,0.752769,0.006332,0.971870,0.235431,0.006329,0.971856,0.235490,0.006491,0.972635,0.232241,9.714407,-3.625283,-0.026849,1,3,15.609800,0.991664,0,0
14.510240,-8.065724,268.023800,384.795500,1,1,1,1,2,2,0.748570,0.757589,0.748529,0.757601,0.753065,0.006330,0.971855,0.235493,0.006329,0.971856,0.235490,0.006477,0.972568,0.232520,9.504674,-3.627060,-0.020617,1,3,15.623590,0.974808,0,0
14.520240,-8.080515,267.987500,384.946900,1,1,1,1,2,2,0.748718,0.757841,0.748770,0.757834,0.753302,0.006333,0.971848,0.235523,0.006329,0.971856,0.235490,0.006464,0.972506,0.232776,9.367522,-3.630879,-0.016862,1,3,15.637410,0.962871,0,0
14.530240,-8.095222,267.951200,385.098400,1,1,1,1,2,2,0.749047,0.758045,0.749025,0.758119,0.753572,0.006323,0.971848,0.235523,0.006329,0.971856,0.235490,0.006452,0.972450,0.233010,9.267385,-3.636031,-0.014824,1,3,15.651260,0.950603,0,0
14.540240,-8.109844,267.914800,385.250100,1,1,1,1,2,2,0.749222,0.758344,0.749299,0.758341,0.753820,0.006331,0.971848,0.235523,0.006329,0.971856,0.235490,0.006442,0.972399,0.233223,9.204247,-3.642156,-0.014103,1,3,15.665130,0.938045,0,0
14.550240,-8.124386,267.878300,385.401900,1,1,1,1,2,2,0.749518,0.758578,0.749447,0.758515,0.753981,0.006327,0.971863,0.235464,0.006329,0.971856,0.235490,0.006432,0.972352,0.233418,9.179775,-3.648893,-0.014301,1,3,15.679020,0.925254,0,0
14.560240,-8.138846,267.841700,385.553800,1,1,1,1,2,2,0.750785,0.759936,0.750786,0.759936,0.755361,0.006322,0.971110,0.238549,0.006324,0.971111,0.238546,0.006423,0.972247,0.233859,8.842505,-3.655865,-0.010787,1,3,15.692940,0.912258,0,0
14.570240,-8.153228,267.805100,385.705800,1,1,1,1,2,2,0.751425,0.760479,0.751371,0.760525,0.755948,0.006330,0.971095,0.238608,0.006324,0.971111,0.238546,0.006414,0.972150,0.234264,8.746636,-3.666119,-0.011218,1,3,15.706890,0.899241,0,0
14.580240,-8.167532,267.768300,385.858000,1,1,1,1,2,2,0.751867,0.761039,0.751871,0.761036,0.756454,0.006325,0.971103,0.238579,0.006324,0.971111,0.238546,0.006407,0.972060,0.234632,8.703485,-3.677304,-0.013168,1,3,15.720880,0.886063,0,0
14.590240,-8.181760,267.731400,386.010300,1,1,1,1,2,2,0.752344,0.761397,0.752290,0.761432,0.756861,0.006328,0.971095,0.238608,0.006324,0.971111,0.238546,0.006400,0.971979,0.234969,8.701318,-3.688907,-0.016047,1,3,15.734910,0.873448,0,0
14.600240,-8.195913,267.694400,386.162800,1,1,1,1,2,2,0.752476,0.761851,0.752407,0.761788,0.757098,0.006200,0.971088,0.238640,0.006201,0.971083,0.238662,0.006382,0.971902,0.235287,8.737434,-3.700529,-0.019227,1,3,15.748980,0.860710,0,0
14.610240,-8.209994,267.657300,386.315300,1,1,1,1,2,2,0.752721,0.762091,0.752707,0.762110,0.757409,0.006202,0.971067,0.238729,0.006201,0.971083,0.238662,0.006367,0.971831,0.235577,8.761989,-3.711794,-0.022476,1,3,15.763080,0.829674,0,0
14.620240,-8.224008,267.620000,386.468000,1,1,1,1,2,2,0.752893,0.762124,0.752904,0.762131,0.757517,0.006078,0.971045,0.238819,0.006078,0.971055,0.238778,0.006342,0.971764,0.235853,8.822305,-3.722814,-0.025696,1,3,15.777210,0.798427,0,0
14.630240,-8.237955,267.582700,386.620800,1,1,1,1,2,2,0.753083,0.762302,0.753015,0.762327,0.757671,0.006075,0.971052,0.238790,0.006078,0.971055,0.238778,0.006319,0.971703,0.236105,8.868872,-3.733241,-0.028689,1,3,15.791370,0.766982,0,0
14.640240,-8.251841,267.545300,386.773700,1,1,1,1,2,2,0.753086,0.762397,0.753059,0.762386,0.757723,0.006081,0.971038,0.238849,0.006078,0.971055,0.238778,0.006298,0.971647,0.236335,8.930733,-3.743208,-0.031559,1,3,15.805550,0.735493,0,0
14.650240,-8.265667,267.507700,386.926800,1,1,1,1,2,2,0.753056,0.762435,0.753059,0.762427,0.757743,0.006080,0.971045,0.238819,0.006078,0.971055,0.238778,0.006280,0.971597,0.236545,8.990698,-3.752567,-0.034124,1,3,15.819770,0.704033,0,0
14.660240,-8.279438,267.470100,387.080000,1,1,1,1,2,2,0.752991,0.762462,0.752985,0.762412,0.757699,0.006079,0.971060,0.238760,0.006078,0.971055,0.238778,0.006262,0.971550,0.236737,9.054575,-3.761336,-0.036376,1,3,15.833990,0.672666,0,0
14.670240,-8.293157,267.432400,387.233300,1,1,1,1,2,2,0.753022,0.762355,0.753037,0.762353,0.757695,0.005956,0.971024,0.238910,0.005955,0.971027,0.238894,0.006236,0.971505,0.236923,9.097285,-3.769476,-0.038076,1,3,15.848240,0.641444,0,0
14.680240,-8.306826,267.394600,387.386700,1,1,1,1,2,2,0.752924,0.762314,0.752896,0.762246,0.757571,0.005957,0.971016,0.238939,0.005955,0.971027,0.238894,0.006212,0.971464,0.237092,9.157390,-3.777194,-0.039603,1,3,15.862500,0.610336,0,0
14.690240,-8.320448,267.356800,387.540300,1,1,1,1,2,2,0.752893,0.762164,0.752770,0.762231,0.757500,0.005835,0.971039,0.238849,0.005832,0.971000,0.239010,0.006179,0.971424,0.237258,9.194263,-3.784320,-0.040586,1,3,15.876780,0.579466,0,0
14.700240,-8.334027,267.318900,387.694000,1,1,1,1,2,2,0.752622,0.762299,0.752604,0.762116,0.757360,0.005834,0.971017,0.238939,0.005832,0.971000,0.239010,0.006149,0.971388,0.237408,9.240320,-3.791080,-0.041429,1,3,15.891070,0.548782,0,0
14.710240,-8.347567,267.280900,387.847900,1,1,1,1,2,2,0.752429,0.762000,0.752407,0.761997,0.757202,0.005833,0.970987,0.239059,0.005832,0.971000,0.239010,0.006122,0.971354,0.237546,9.283100,-3.797385,-0.042021,1,3,15.905360,0.518426,0,0
14.720240,-8.361069,267.242900,388.001900,1,1,1,1,2,2,0.752124,0.761822,0.752192,0.761816,0.757004,0.005834,0.971010,0.238969,0.005832,0.971000,0.239010,0.006097,0.971324,0.237672,9.327348,-3.803267,-0.042375,1,3,15.919670,0.488392,0,0
14.730240,-8.374537,267.204800,388.156000,1,1,1,1,2,2,0.751976,0.761630,0.751963,0.761627,0.756795,0.005834,0.970980,0.239089,0.005832,0.971000,0.239010,0.006074,0.971296,0.237787,9.366946,-3.808711,-0.042463,1,3,15.933980,0.458735,0,0
14.740240,-8.387973,267.166700,388.310300,1,1,1,1,2,2,0.751724,0.761464,0.751670,0.761416,0.756543,0.005831,0.971009,0.238971,0.005832,0.971000,0.239010,0.006053,0.971270,0.237893,9.408323,-3.813762,-0.042315,1,3,15.948290,0.429458,0,0
14.750240,-8.401381,267.128500,388.464700,1,1,1,1,2,2,0.751478,0.761185,0.751415,0.761186,0.756300,0.005833,0.970995,0.239030,0.005832,0.971000,0.239010,0.006034,0.971247,0.237989,9.441396,-3.818403,-0.041900,1,3,15.962610,0.400573,0,0
14.760240,-8.414764,267.090200,388.619300,1,1,1,1,2,2,0.751119,0.760927,0.751152,0.760930,0.756041,0.005832,0.971002,0.239000,0.005832,0.971000,0.239010,0.006017,0.971226,0.238077,9.472557,-3.822715,-0.041288,1,3,15.976930,0.372106,0,0
14.770240,-8.428125,267.052000,388.774000,1,1,1,1,2,2,0.750823,0.760696,0.750811,0.760701,0.755756,0.005833,0.970995,0.239030,0.005832,0.971000,0.239010,0.006001,0.971206,0.238157,9.503676,-3.826716,-0.040487,1,3,15.991250,0.344046,0,0
14.780240,-8.441466,267.013700,388.928800,1,1,1,1,2,2,0.750541,0.760474,0.750563,0.760453,0.755508,0.005833,0.970995,0.239030,0.005832,0.971000,0.239010,0.005986,0.971189,0.238231,9.523206,-3.830408,-0.039488,1,3,16.005570,0.316396,0,0
14.790240,-8.454790,266.975300,389.083800,1,1,1,1,2,2,0.750281,0.760181,0.750292,0.760219,0.755256,0.005834,0.970980,0.239089,0.005832,0.971000,0.239010,0.005973,0.971172,0.238298,9.541094,-3.833901,-0.038396,1,3,16.019890,0.289195,0,0
14.800240,-8.468101,266.937000,389.238900,1,1,1,1,2,2,0.749999,0.759927,0.750007,0.760008,0.755008,0.005834,0.971017,0.238939,0.005832,0.971000,0.239010,0.005961,0.971158,0.238359,9.556199,-3.837213,-0.037220,1,3,16.034200,0.262436,0,0
14.810240,-8.481400,266.898600,389.394100,1,1,1,1,2,2,0.749732,0.759772,0.749714,0.759778,0.754746,0.005833,0.970995,0.239030,0.005832,0.971000,0.239010,0.005950,0.971144,0.238415,9.572043,-3.840370,-0.035978,1,3,16.048510,0.236116,0,0
14.820240,-8.494689,266.860200,389.549500,1,1,1,1,2,2,0.747729,0.757916,0.747707,0.757883,0.752795,0.005833,0.970365,0.241574,0.005828,0.970367,0.241565,0.005939,0.971077,0.238686,9.798975,-3.843365,-0.031030,1,3,16.062820,0.209972,0,0
14.830240,-8.507973,266.821700,389.705100,1,1,1,1,2,2,0.747892,0.758117,0.747840,0.758071,0.752956,0.005828,0.970372,0.241544,0.005828,0.970367,0.241565,0.005930,0.971016,0.238934,9.598437,-3.844152,-0.024191,1,3,16.077130,0.184045,0,0
14.840240,-8.521253,266.783200,389.860700,1,1,1,1,2,2,0.748097,0.758345,0.748010,0.758323,0.753166,0.005828,0.970372,0.241544,0.005828,0.970367,0.241565,0.005921,0.970960,0.239160,9.447755,-3.846884,-0.019703,1,3,16.091470,0.158182,0,0
14.850240,-8.534532,266.744700,390.016600,1,1,1,1,2,2,0.748223,0.758422,0.748184,0.758522,0.753353,0.005830,0.970380,0.241514,0.005828,0.970367,0.241565,0.005913,0.970909,0.239367,9.346999,-3.851074,-0.017038,1,3,16.105820,0.132377,0,0
14.860240,-8.547813,266.706100,390.172500,1,1,1,1,2,2,0.748350,0.758802,0.748332,0.758718,0.753525,0.005824,0.970373,0.241544,0.005828,0.970367,0.241565,0.005905,0.970862,0.239557,9.281365,-3.856236,-0.015668,1,3,16.120170,0.106674,0,0
14.870240,-8.561099,266.667500,390.328600,1,1,1,1,2,2,0.748380,0.758922,0.748413,0.758881,0.753647,0.005829,0.970395,0.241454,0.005828,0.970367,0.241565,0.005899,0.970820,0.239729,9.247775,-3.862029,-0.015219,1,3,16.134540,0.081060,0,0
14.880250,-8.574392,266.628800,390.484800,1,1,1,1,2,2,0.748542,0.759070,0.748505,0.759901,0.754203,0.005825,0.970365,0.241574,0.005826,0.970048,0.242842,0.005893,0.970753,0.239997,9.104611,-3.868141,-0.013523,1,3,16.148910,0.055561,0,0
14.890250,-8.587696,266.590100,390.641200,1,1,1,1,2,2,0.749769,0.760429,0.749769,0.760408,0.755088,0.005827,0.969744,0.244057,0.005824,0.969728,0.244119,0.005887,0.970665,0.240352,8.901506,-3.875638,-0.011807,1,3,16.163300,0.030298,0,0
14.900250,-8.601012,266.551200,390.797600,1,1,1,1,2,2,0.750121,0.760918,0.750113,0.760896,0.755505,0.005782,0.969713,0.244177,0.005778,0.969717,0.244162,0.005877,0.970584,0.240680,8.844355,-3.885101,-0.012550,1,3,16.177710,0.005253,0,0
14.910250,-8.614344,266.512300,390.954200,1,1,1,1,2,2,0.750528,0.761269,0.750502,0.761314,0.755908,0.005777,0.969729,0.244117,0.005778,0.969717,0.244162,0.005869,0.970509,0.240980,8.815356,-3.895114,-0.014323,1,3,16.192130,-0.019682,0,0
14.920250,-8.627693,266.473200,391.110900,1,1,1,1,2,2,0.750881,0.761632,0.750779,0.761558,0.756169,0.005734,0.969721,0.244147,0.005732,0.969707,0.244205,0.005857,0.970440,0.241257,8.828053,-3.905401,-0.016735,1,3,16.206580,-0.044454,0,0
14.930250,-8.641064,266.434100,391.267800,1,1,1,1,2,2,0.751052,0.761907,0.750997,0.761862,0.756429,0.005731,0.969714,0.244177,0.005732,0.969707,0.244205,0.005846,0.970377,0.241511,8.847347,-3.915557,-0.019409,1,3,16.221040,-0.069087,0,0
14.940250,-8.654457,266.394800,391.424700,1,1,1,1,2,2,0.751209,0.762143,0.751149,0.762102,0.756625,0.005730,0.969721,0.244147,0.005732,0.969707,0.244205,0.005836,0.970319,0.241743,8.882359,-3.925519,-0.022244,1,3,16.235510,-0.093513,0,0
14.950250,-8.667876,266.355500,391.581800,1,1,1,1,2,2,0.751161,0.762300,0.751293,0.762272,0.756783,0.005729,0.969699,0.244237,0.005732,0.969707,0.244205,0.005827,0.970267,0.241955,8.923785,-3.935133,-0.025053,1,3,16.249990,-0.117737,0,0
14.960250,-8.681323,266.316000,391.739100,1,1,1,1,2,2,0.751418,0.762425,0.751364,0.762379,0.756872,0.005688,0.969706,0.244207,0.005686,0.969696,0.244248,0.005815,0.970217,0.242152,8.972890,-3.944337,-0.027677,1,3,16.264470,-0.141729,0,0
14.970250,-8.694800,266.276500,391.896400,1,1,1,1,2,2,0.751412,0.762504,0.751360,0.762439,0.756899,0.005688,0.969706,0.244207,0.005686,0.969696,0.244248,0.005804,0.970173,0.242333,9.027693,-3.953056,-0.030086,1,3,16.278960,-0.165519,0,0
14.980250,-8.708310,266.236900,392.053900,1,1,1,1,2,2,0.751367,0.762466,0.751349,0.762483,0.756916,0.005645,0.969699,0.244238,0.005640,0.969685,0.244292,0.005790,0.970131,0.242501,9.075442,-3.961235,-0.032133,1,3,16.293450,-0.189061,0,0
14.990250,-8.721855,266.197200,392.211500,1,1,1,1,2,2,0.751270,0.762528,0.751234,0.762446,0.756840,0.005645,0.969699,0.244238,0.005640,0.969685,0.244292,0.005777,0.970092,0.242655,9.133879,-3.968942,-0.033940,1,3,16.307940,-0.212351,0,0
15.000250,-8.735438,266.157400,392.369200,1,1,1,1,2,2,0.751095,0.762411,0.751116,0.762361,0.756738,0.005644,0.969707,0.244207,0.005640,0.969685,0.244292,0.005765,0.970057,0.242796,9.187839,-3.976073,-0.035379,1,3,16.322430,-0.235369,0,0
15.010250,-8.749062,266.117600,392.527100,1,1,1,1,2,2,0.750895,0.762141,0.750935,0.762250,0.756592,0.005645,0.969661,0.244387,0.005640,0.969685,0.244292,0.005755,0.970025,0.242925,9.241286,-3.982672,-0.036478,1,3,16.336920,-0.258086,0,0
15.020250,-8.762727,266.077700,392.685100,1,1,1,1,2,2,0.750848,0.762002,0.750750,0.762150,0.756450,0.005644,0.969646,0.244447,0.005640,0.969685,0.244292,0.005745,0.969996,0.243043,9.285288,-3.988744,-0.037224,1,3,16.351400,-0.280500,0,0
15.030250,-8.776437,266.037800,392.843200,1,1,1,1,2,2,0.750373,0.762021,0.750487,0.761998,0.756243,0.005644,0.969677,0.244327,0.005640,0.969685,0.244292,0.005736,0.969969,0.243150,9.334123,-3.994381,-0.037696,1,3,16.365880,-0.302590,0,0
15.040250,-8.790194,265.997800,393.001400,1,1,1,1,2,2,0.750287,0.761822,0.750258,0.761825,0.756041,0.005643,0.969714,0.244177,0.005640,0.969685,0.244292,0.005728,0.969945,0.243248,9.373557,-3.999535,-0.037832,1,3,16.380340,-0.324368,0,0
15.050250,-8.803999,265.957700,393.159800,1,1,1,1,2,2,0.749934,0.761651,0.750010,0.761629,0.755819,0.005644,0.969677,0.244327,0.005640,0.969685,0.244292,0.005720,0.969923,0.243338,9.410335,-4.004297,-0.037713,1,3,16.394810,-0.345801,0,0
15.060250,-8.817856,265.917600,393.318300,1,1,1,1,2,2,0.749857,0.761458,0.749751,0.761425,0.755588,0.005640,0.969677,0.244327,0.005640,0.969685,0.244292,0.005713,0.969902,0.243420,9.442776,-4.008695,-0.037355,1,3,16.409260,-0.366892,0,0
15.070250,-8.831766,265.877500,393.477000,1,1,1,1,2,2,0.749575,0.761231,0.749492,0.761214,0.755353,0.005643,0.969684,0.244297,0.005640,0.969685,0.244292,0.005707,0.969884,0.243495,9.470721,-4.012768,-0.036788,1,3,16.423700,-0.387643,0,0
15.080250,-8.845732,265.837300,393.635700,1,1,1,1,2,2,0.749237,0.761038,0.749200,0.761029,0.755115,0.005643,0.969714,0.244177,0.005640,0.969685,0.244292,0.005701,0.969867,0.243564,9.495000,-4.016562,-0.036049,1,3,16.438130,-0.408024,0,0
15.090250,-8.859755,265.797100,393.794700,1,1,1,1,2,2,0.748964,0.760896,0.748922,0.760815,0.754868,0.005644,0.969677,0.244327,0.005640,0.969685,0.244292,0.005696,0.969851,0.243626,9.517041,-4.020112,-0.035165,1,3,16.452550,-0.428031,0,0
15.100250,-8.873837,265.756900,393.953700,1,1,1,1,2,2,0.748719,0.760674,0.748671,0.760626,0.754648,0.005644,0.969707,0.244207,0.005640,0.969685,0.244292,0.005691,0.969837,0.243684,9.531137,-4.023438,-0.034150,1,3,16.466960,-0.447669,0,0
15.110250,-8.887980,265.716700,394.112900,1,1,1,1,2,2,0.748525,0.760482,0.748438,0.760478,0.754458,0.005644,0.969677,0.244327,0.005640,0.969685,0.244292,0.005687,0.969824,0.243736,9.538457,-4.026620,-0.033076,1,3,16.481350,-0.466932,0,0
15.120250,-8.902188,265.676400,394.272200,1,1,1,1,2,2,0.748186,0.760210,0.748168,0.760304,0.754236,0.005644,0.969646,0.244447,0.005640,0.969685,0.244292,0.005683,0.969812,0.243784,9.551491,-4.029722,-0.032005,1,3,16.495730,-0.485806,0,0
15.130250,-8.916461,265.636100,394.431700,1,1,1,1,2,2,0.747934,0.760054,0.747931,0.760093,0.754012,0.005645,0.969699,0.244238,0.005640,0.969685,0.244292,0.005679,0.969801,0.243827,9.563351,-4.032688,-0.030871,1,3,16.510100,-0.504269,0,0
15.140250,-8.930801,265.595700,394.591300,1,1,1,1,2,2,0.746403,0.758728,0.746447,0.758800,0.752624,0.005635,0.969200,0.246210,0.005638,0.969217,0.246145,0.005676,0.969751,0.244027,9.715326,-4.035531,-0.026973,1,3,16.524460,-0.522342,0,0
15.150250,-8.945210,265.555400,394.751000,1,1,1,1,2,2,0.746463,0.758855,0.746544,0.758907,0.752725,0.005639,0.969208,0.246180,0.005638,0.969217,0.246145,0.005672,0.969705,0.244209,9.568239,-4.036894,-0.021840,1,3,16.538810,-0.539850,0,0
15.160250,-8.959691,265.515000,394.910900,1,1,1,1,2,2,0.746536,0.759003,0.746588,0.759070,0.752829,0.005635,0.969208,0.246180,0.005638,0.969217,0.246145,0.005669,0.969663,0.244376,9.464222,-4.039678,-0.018440,1,3,16.553170,-0.556949,0,0
15.170250,-8.974244,265.474500,395.070900,1,1,1,1,2,2,0.746567,0.759151,0.746680,0.759199,0.752940,0.005639,0.969200,0.246210,0.005638,0.969217,0.246145,0.005667,0.969624,0.244528,9.390867,-4.043464,-0.016320,1,3,16.567520,-0.573655,0,0
15.180250,-8.988872,265.434100,395.231000,1,1,1,1,2,2,0.746641,0.759284,0.746747,0.759369,0.753058,0.005643,0.969200,0.246210,0.005638,0.969217,0.246145,0.005664,0.969589,0.244667,9.340047,-4.047955,-0.015152,1,3,16.581880,-0.589937,0,0
15.190250,-9.003575,265.393500,395.391300,1,1,1,1,2,2,0.746922,0.759562,0.746875,0.759454,0.753165,0.005702,0.969208,0.246179,0.005703,0.969232,0.246084,0.005667,0.969558,0.244789,9.311438,-4.052931,-0.014789,1,3,16.596230,-0.605805,0,0
15.200250,-9.018357,265.352900,395.551700,1,1,1,1,2,2,0.747634,0.760321,0.747586,0.760324,0.753955,0.005701,0.968735,0.248032,0.005700,0.968759,0.247937,0.005670,0.969490,0.245060,9.102913,-4.058177,-0.012163,1,3,16.610570,-0.621211,0,0
15.210250,-9.033218,265.312300,395.712200,1,1,1,1,2,2,0.747872,0.760864,0.747863,0.760793,0.754328,0.005765,0.968758,0.247943,0.005765,0.968775,0.247876,0.005678,0.969428,0.245303,9.033773,-4.065440,-0.012109,1,3,16.624930,-0.636020,0,0
15.220250,-9.048161,265.271500,395.872900,1,1,1,1,2,2,0.748152,0.761233,0.748062,0.761108,0.754585,0.005764,0.968773,0.247882,0.005765,0.968775,0.247876,0.005686,0.969372,0.245524,9.011589,-4.073367,-0.013093,1,3,16.639290,-0.650402,0,0
15.230250,-9.063186,265.230700,396.033700,1,1,1,1,2,2,0.748358,0.761441,0.748273,0.761355,0.754814,0.005769,0.968765,0.247912,0.005765,0.968775,0.247876,0.005693,0.969321,0.245726,9.007860,-4.081501,-0.014614,1,3,16.653650,-0.664359,0,0
15.240250,-9.078295,265.189800,396.194500,1,1,1,1,2,2,0.748326,0.761648,0.748439,0.761592,0.755016,0.005765,0.968735,0.248032,0.005765,0.968775,0.247876,0.005699,0.969274,0.245911,9.017334,-4.089664,-0.016462,1,3,16.668020,-0.677904,0,0
15.250250,-9.093490,265.148900,396.355600,1,1,1,1,2,2,0.748305,0.761811,0.748442,0.761743,0.755093,0.005828,0.968765,0.247912,0.005830,0.968790,0.247815,0.005710,0.969232,0.246075,9.055905,-4.097729,-0.018578,1,3,16.682380,-0.691048,0,0
15.260250,-9.108771,265.107800,396.516700,1,1,1,1,2,2,0.748500,0.761928,0.748476,0.761847,0.755161,0.005832,0.968796,0.247793,0.005830,0.968790,0.247815,0.005721,0.969194,0.246225,9.092307,-4.105411,-0.020542,1,3,16.696750,-0.703711,0,0
15.270250,-9.124142,265.066700,396.677900,1,1,1,1,2,2,0.748471,0.761980,0.748450,0.761850,0.755150,0.005896,0.968795,0.247793,0.005895,0.968805,0.247754,0.005736,0.969161,0.246357,9.141810,-4.112733,-0.022454,1,3,16.711110,-0.715986,0,0
15.280250,-9.139602,265.025500,396.839300,1,1,1,1,2,2,0.748513,0.761742,0.748387,0.761884,0.755135,0.005896,0.968765,0.247912,0.005895,0.968805,0.247754,0.005749,0.969130,0.246477,9.184268,-4.119567,-0.024058,1,3,16.725470,-0.727773,0,0
15.290250,-9.155152,264.984200,397.000800,1,1,1,1,2,2,0.748323,0.761894,0.748302,0.761884,0.755093,0.005896,0.968826,0.247674,0.005895,0.968805,0.247754,0.005762,0.969102,0.246587,9.225390,-4.125981,-0.025408,1,3,16.739820,-0.739155,0,0
15.300250,-9.170794,264.942900,397.162400,1,1,1,1,2,2,0.748219,0.761849,0.748199,0.761854,0.755026,0.005896,0.968826,0.247674,0.005895,0.968805,0.247754,0.005773,0.969077,0.246687,9.264524,-4.131989,-0.026504,1,3,16.754160,-0.750125,0,0
15.310260,-9.186529,264.901500,397.324200,1,1,1,1,2,2,0.748115,0.761609,0.748017,0.761754,0.754886,0.005895,0.968803,0.247762,0.005895,0.968805,0.247754,0.005784,0.969053,0.246779,9.310750,-4.137610,-0.027351,1,3,16.768500,-0.760653,0,0
15.320260,-9.202358,264.860100,397.486100,1,1,1,1,2,2,0.747981,0.761672,0.747851,0.761640,0.754745,0.005896,0.968795,0.247793,0.005895,0.968805,0.247754,0.005793,0.969032,0.246863,9.348723,-4.142776,-0.027868,1,3,16.782820,-0.770778,0,0
15.330260,-9.218283,264.818600,397.648000,1,1,1,1,2,2,0.747530,0.761569,0.747681,0.761529,0.754605,0.005895,0.968803,0.247762,0.005895,0.968805,0.247754,0.005802,0.969012,0.246940,9.380214,-4.147566,-0.028124,1,3,16.797140,-0.780470,0,0
15.340260,-9.234303,264.777100,397.810200,1,1,1,1,2,2,0.747452,0.761435,0.747478,0.761418,0.754448,0.005897,0.968818,0.247704,0.005895,0.968805,0.247754,0.005810,0.968994,0.247010,9.409561,-4.152043,-0.028175,1,3,16.811440,-0.789752,0,0
15.350260,-9.250420,264.735500,397.972400,1,1,1,1,2,2,0.747375,0.761309,0.747301,0.761278,0.754289,0.005897,0.968787,0.247823,0.005895,0.968805,0.247754,0.005818,0.968978,0.247074,9.434464,-4.156229,-0.028033,1,3,16.825740,-0.798608,0,0
15.360260,-9.266635,264.693900,398.134800,1,1,1,1,2,2,0.747096,0.761176,0.747060,0.761130,0.754095,0.005897,0.968818,0.247704,0.005895,0.968805,0.247754,0.005824,0.968963,0.247132,9.461773,-4.160166,-0.027733,1,3,16.840020,-0.807060,0,0
15.370260,-9.282948,264.652300,398.297300,1,1,1,1,2,2,0.746904,0.760870,0.746864,0.761000,0.753932,0.005896,0.968795,0.247793,0.005895,0.968805,0.247754,0.005830,0.968950,0.247186,9.478708,-4.163832,-0.027245,1,3,16.854290,-0.815085,0,0
15.380260,-9.299362,264.610600,398.459900,1,1,1,1,2,2,0.746682,0.760932,0.746676,0.760853,0.753764,0.005896,0.968833,0.247643,0.005895,0.968805,0.247754,0.005836,0.968937,0.247235,9.494354,-4.167326,-0.026666,1,3,16.868550,-0.822691,0,0
15.390260,-9.315876,264.568900,398.622700,1,1,1,1,2,2,0.746402,0.760726,0.746425,0.760701,0.753563,0.005897,0.968818,0.247704,0.005895,0.968805,0.247754,0.005841,0.968926,0.247279,9.513849,-4.170662,-0.025999,1,3,16.882800,-0.829881,0,0
15.400260,-9.332491,264.527100,398.785600,1,1,1,1,2,2,0.746224,0.760584,0.746203,0.760561,0.753382,0.005897,0.968818,0.247704,0.005895,0.968805,0.247754,0.005846,0.968916,0.247320,9.526422,-4.173803,-0.025203,1,3,16.897030,-0.836673,0,0
15.410260,-9.349208,264.485400,398.948600,1,1,1,1,2,2,0.746023,0.760458,0.745981,0.760409,0.753195,0.005898,0.968779,0.247854,0.005895,0.968805,0.247754,0.005850,0.968906,0.247357,9.538332,-4.176815,-0.024339,1,3,16.911260,-0.843019,0,0
15.420260,-9.366028,264.443500,399.111700,1,1,1,1,2,2,0.745801,0.760341,0.745770,0.760228,0.752999,0.005896,0.968826,0.247674,0.005895,0.968805,0.247754,0.005854,0.968897,0.247391,9.550315,-4.179705,-0.023411,1,3,16.925470,-0.848995,0,0
15.430260,-9.382951,264.401700,399.275000,1,1,1,1,2,2,0.745530,0.760076,0.745567,0.760091,0.752829,0.005898,0.968810,0.247735,0.005895,0.968805,0.247754,0.005858,0.968890,0.247423,9.555870,-4.182473,-0.022412,1,3,16.939660,-0.854578,0,0
15.440260,-9.399978,264.359900,399.438400,1,1,1,1,2,2,0.745230,0.760102,0.745356,0.759995,0.752676,0.005896,0.968765,0.247912,0.005895,0.968805,0.247754,0.005861,0.968882,0.247451,9.558181,-4.185181,-0.021403,1,3,16.953850,-0.859722,0,0
15.450260,-9.417109,264.318000,399.602000,1,1,1,1,2,2,0.744572,0.759292,0.744519,0.759250,0.751884,0.005892,0.968566,0.248689,0.005894,0.968539,0.248791,0.005864,0.968853,0.247566,9.636719,-4.187860,-0.018857,1,3,16.968020,-0.864497,0,0
15.460260,-9.434344,264.276100,399.765600,1,1,1,1,2,2,0.744702,0.759451,0.744515,0.759309,0.751912,0.005891,0.968512,0.248897,0.005894,0.968539,0.248791,0.005866,0.968826,0.247672,9.552404,-4.189774,-0.015695,1,3,16.982190,-0.868761,0,0
15.470260,-9.451685,264.234200,399.929400,1,1,1,1,2,2,0.744883,0.759446,0.744748,0.759386,0.752067,0.006092,0.968618,0.248481,0.006088,0.968585,0.248609,0.005885,0.968805,0.247752,9.477725,-4.192501,-0.013832,1,3,16.996350,-0.872651,0,0
15.480260,-9.469131,264.192200,400.093300,1,1,1,1,2,2,0.744746,0.759440,0.744681,0.759460,0.752071,0.006088,0.968556,0.248720,0.006088,0.968585,0.248609,0.005903,0.968786,0.247826,9.451883,-4.195947,-0.012832,1,3,17.010510,-0.876040,0,0
15.490260,-9.486684,264.150200,400.257400,1,1,1,1,2,2,0.744664,0.759720,0.744645,0.759764,0.752204,0.006286,0.968624,0.248450,0.006281,0.968630,0.248427,0.005935,0.968773,0.247878,9.419364,-4.199638,-0.012500,1,3,17.024650,-0.879057,0,0
15.500260,-9.504343,264.108200,400.421600,1,1,1,1,2,2,0.744613,0.759720,0.744615,0.759776,0.752195,0.006286,0.968594,0.248569,0.006281,0.968630,0.248427,0.005965,0.968760,0.247925,9.422460,-4.203638,-0.012563,1,3,17.038790,-0.881582,0,0
15.510260,-9.522109,264.066100,400.585900,1,1,1,1,2,2,0.744870,0.760157,0.744891,0.760222,0.752557,0.006279,0.968355,0.249496,0.006280,0.968364,0.249464,0.005992,0.968726,0.248058,9.320478,-4.207603,-0.011098,1,3,17.052920,-0.883774,0,0
15.520260,-9.539982,264.024000,400.750300,1,1,1,1,2,2,0.744952,0.760378,0.745003,0.760332,0.752667,0.006285,0.968371,0.249435,0.006280,0.968364,0.249464,0.006017,0.968695,0.248179,9.293863,-4.212552,-0.010844,1,3,17.067050,-0.885550,0,0
15.530260,-9.557962,263.981800,400.914900,1,1,1,1,2,2,0.745041,0.760437,0.744876,0.760507,0.752691,0.006472,0.968432,0.249196,0.006474,0.968409,0.249282,0.006056,0.968670,0.248274,9.301568,-4.217754,-0.011334,1,3,17.081170,-0.886963,0,0
15.540260,-9.576051,263.939600,401.079500,1,1,1,1,2,2,0.745018,0.760541,0.744884,0.760603,0.752743,0.006469,0.968424,0.249227,0.006474,0.968409,0.249282,0.006092,0.968648,0.248360,9.305682,-4.222877,-0.011882,1,3,17.095290,-0.887976,0,0
15.550260,-9.594247,263.897300,401.244300,1,1,1,1,2,2,0.744808,0.760653,0.744825,0.760489,0.752657,0.006676,0.968453,0.249107,0.006668,0.968455,0.249100,0.006142,0.968631,0.248424,9.344450,-4.227955,-0.012816,1,3,17.109400,-0.888637,0,0
15.560260,-9.612551,263.855000,401.409200,1,1,1,1,2,2,0.744734,0.760487,0.744751,0.760478,0.752614,0.006668,0.968422,0.249226,0.006668,0.968455,0.249100,0.006187,0.968616,0.248482,9.367737,-4.232652,-0.013448,1,3,17.123510,-0.888894,0,0
15.570260,-9.630962,263.812600,401.574300,1,1,1,1,2,2,0.744690,0.760638,0.744696,0.760496,0.752596,0.006668,0.968453,0.249107,0.006668,0.968455,0.249100,0.006228,0.968602,0.248536,9.382886,-4.237119,-0.013927,1,3,17.137600,-0.888864,0,0
15.580260,-9.649482,263.770200,401.739400,1,1,1,1,2,2,0.744553,0.760630,0.744603,0.760437,0.752520,0.006663,0.968492,0.248957,0.006668,0.968455,0.249100,0.006266,0.968590,0.248584,9.406424,-4.241435,-0.014326,1,3,17.151690,-0.888546,0,0
15.590260,-9.668109,263.727800,401.904700,1,1,1,1,2,2,0.744498,0.760580,0.744518,0.760419,0.752469,0.006668,0.968453,0.249107,0.006668,0.968455,0.249100,0.006301,0.968578,0.248629,9.421341,-4.245517,-0.014557,1,3,17.165770,-0.887985,0,0
15.600260,-9.686844,263.685300,402.070100,1,1,1,1,2,2,0.744323,0.760383,0.744430,0.760404,0.752417,0.006660,0.968453,0.249107,0.006668,0.968455,0.249100,0.006332,0.968567,0.248669,9.434076,-4.249451,-0.014698,1,3,17.179840,-0.887105,0,0
15.610260,-9.705687,263.642700,402.235700,1,1,1,1,2,2,0.744291,0.760330,0.744326,0.760338,0.752332,0.006665,0.968414,0.249257,0.006668,0.968455,0.249100,0.006361,0.968558,0.248706,9.451001,-4.253257,-0.014767,1,3,17.193900,-0.885991,0,0
15.620260,-9.724636,263.600200,402.401300,1,1,1,1,2,2,0.744324,0.760431,0.744175,0.760282,0.752228,0.006672,0.968484,0.248988,0.006668,0.968455,0.249100,0.006388,0.968549,0.248740,9.468349,-4.256895,-0.014718,1,3,17.207940,-0.884585,0,0
15.630260,-9.743693,263.557600,402.567100,1,1,1,1,2,2,0.740938,0.760191,0.744184,0.760186,0.752185,-0.010765,0.968387,0.249221,0.007638,0.968448,0.249099,0.006495,0.968540,0.248771,9.475643,-4.260360,-0.014701,1,3,17.221980,-0.882908,0,0
15.640260,-9.762858,263.514900,402.733000,1,1,1,1,2,2,0.744007,0.760132,0.744026,0.760168,0.752097,0.007637,0.968416,0.249225,0.007638,0.968448,0.249099,0.006594,0.968532,0.248799,9.489922,-4.263751,-0.014640,1,3,17.236010,-0.880189,0,0
15.650260,-9.782130,263.472300,402.899000,1,1,1,1,2,2,0.743845,0.759988,0.743845,0.760086,0.751966,0.007637,0.968446,0.249105,0.007638,0.968448,0.249099,0.006683,0.968525,0.248825,9.509009,-4.266998,-0.014463,1,3,17.250030,-0.877296,0,0
15.660260,-9.801509,263.429600,403.065100,1,1,1,1,2,2,0.743698,0.760058,0.743702,0.760012,0.751857,0.007640,0.968424,0.249194,0.007638,0.968448,0.249099,0.006766,0.968518,0.248849,9.519916,-4.270057,-0.014120,1,3,17.264030,-0.874245,0,0
15.670260,-9.820994,263.386800,403.231400,1,1,1,1,2,2,0.743551,0.759870,0.743562,0.759953,0.751757,0.007637,0.968446,0.249105,0.007638,0.968448,0.249099,0.006841,0.968512,0.248870,9.527036,-4.273005,-0.013690,1,3,17.278030,-0.870993,0,0
15.680260,-9.840586,263.344100,403.397800,1,1,1,1,2,2,0.743383,0.759881,0.743433,0.759894,0.751663,0.007636,0.968424,0.249194,0.007638,0.968448,0.249099,0.006909,0.968507,0.248890,9.531864,-4.275881,-0.013209,1,3,17.292010,-0.867563,0,0
15.690260,-9.860283,263.301300,403.564400,1,1,1,1,2,2,0.743257,0.759822,0.743286,0.759842,0.751564,0.007637,0.968416,0.249225,0.007638,0.968448,0.249099,0.006972,0.968502,0.248908,9.536951,-4.278707,-0.012699,1,3,17.305990,-0.863912,0,0
15.700260,-9.880086,263.258500,403.731000,1,1,1,1,2,2,0.743023,0.759778,0.743124,0.759765,0.751444,0.007630,0.968446,0.249105,0.007638,0.968448,0.249099,0.007030,0.968497,0.248924,9.544868,-4.281480,-0.012155,1,3,17.319950,-0.860207,0,0
15.710260,-9.899994,263.215600,403.897800,1,1,1,1,2,2,0.742763,0.759718,0.742809,0.759735,0.751272,0.008611,0.968408,0.249223,0.008609,0.968440,0.249097,0.007165,0.968492,0.248939,9.564791,-4.284173,-0.011713,1,3,17.333900,-0.856598,0,0
15.720260,-9.920007,263.172800,404.064700,1,1,1,1,2,2,0.742566,0.759832,0.742605,0.759639,0.751122,0.008602,0.968439,0.249103,0.008609,0.968440,0.249097,0.007290,0.968488,0.248953,9.575738,-4.286668,-0.011074,1,3,17.347850,-0.852349,0,0
15.730260,-9.940125,263.129900,404.231700,1,1,1,1,2,2,0.742438,0.759571,0.742465,0.759636,0.751050,0.008608,0.968400,0.249253,0.008609,0.968440,0.249097,0.007403,0.968484,0.248965,9.569903,-4.289053,-0.010325,1,3,17.361770,-0.848290,0,0
15.740260,-9.960346,263.087000,404.398900,1,1,1,1,2,2,0.742440,0.759781,0.742432,0.759610,0.751021,0.008715,0.968468,0.248984,0.008716,0.968465,0.248997,0.007516,0.968482,0.248968,9.562247,-4.291491,-0.009807,1,3,17.375690,-0.844372,0,0
15.750270,-9.980672,263.044000,404.566100,1,1,1,1,2,2,0.742457,0.759333,0.742363,0.759465,0.750914,0.008717,0.968476,0.248953,0.008716,0.968467,0.248988,0.007620,0.968481,0.248970,9.570477,-4.293998,-0.009365,1,3,17.389590,-0.840550,0,0
15.760270,-10.001100,263.001100,404.733600,1,1,1,1,2,2,0.742170,0.759819,0.742130,0.759869,0.750999,0.009040,0.968566,0.248595,0.009039,0.968542,0.248685,0.007742,0.968486,0.248945,9.554660,-4.296422,-0.009347,1,3,17.403480,-0.836844,0,0
15.770270,-10.021630,262.958100,404.901100,1,1,1,1,2,2,0.741961,0.759802,0.741916,0.759784,0.750850,0.009038,0.968519,0.248775,0.009039,0.968542,0.248685,0.007853,0.968491,0.248923,9.583721,-4.298994,-0.009430,1,3,17.417350,-0.833072,0,0
15.780270,-10.042270,262.915100,405.068800,1,1,1,1,2,2,0.741749,0.759643,0.741698,0.759692,0.750695,0.009037,0.968558,0.248625,0.009039,0.968542,0.248685,0.007955,0.968495,0.248902,9.605171,-4.301280,-0.009170,1,3,17.431210,-0.829404,0,0
15.790270,-10.063010,262.872000,405.236500,1,1,1,1,2,2,0.741542,0.759531,0.741506,0.759607,0.750556,0.009044,0.968504,0.248833,0.009039,0.968542,0.248685,0.008049,0.968499,0.248884,9.617096,-4.303353,-0.008649,1,3,17.445060,-0.825869,0,0
15.800270,-10.083850,262.829000,405.404400,1,1,1,1,2,2,0.741246,0.759624,0.741211,0.759529,0.750370,0.009140,0.968565,0.248594,0.009145,0.968567,0.248585,0.008143,0.968505,0.248858,9.637865,-4.305306,-0.008138,1,3,17.458880,-0.822466,0,0
15.810270,-10.104790,262.785900,405.572500,1,1,1,1,2,2,0.740980,0.759679,0.740938,0.759600,0.750269,0.009150,0.968572,0.248564,0.009146,0.968569,0.248577,0.008229,0.968511,0.248834,9.637087,-4.307054,-0.007377,1,3,17.472690,-0.819058,0,0
15.820270,-10.125830,262.742800,405.740600,1,1,1,1,2,2,0.740622,0.759310,0.740668,0.759327,0.749998,0.010225,0.968646,0.248234,0.010223,0.968636,0.248272,0.008401,0.968522,0.248785,9.682494,-4.308805,-0.007235,1,3,17.486490,-0.815769,0,0
15.830270,-10.146980,262.699700,405.908900,1,1,1,1,2,2,0.740458,0.759114,0.740428,0.759176,0.749802,0.010217,0.968677,0.248115,0.010223,0.968636,0.248272,0.008558,0.968531,0.248741,9.700388,-4.310111,-0.006538,1,3,17.500270,-0.810474,0,0
15.840270,-10.168230,262.656600,406.077300,1,1,1,1,2,2,0.740322,0.759067,0.740236,0.759032,0.749634,0.010222,0.968638,0.248265,0.010223,0.968636,0.248272,0.008701,0.968540,0.248701,9.706502,-4.311240,-0.005569,1,3,17.514030,-0.803509,0,0
15.850270,-10.189570,262.613500,406.245900,1,1,1,1,2,2,0.740066,0.758963,0.740048,0.758933,0.749490,0.010226,0.968638,0.248264,0.010223,0.968636,0.248272,0.008832,0.968549,0.248664,9.704580,-4.312307,-0.004453,1,3,17.527770,-0.794943,0,0
15.860270,-10.211010,262.570400,406.414600,1,1,1,1,2,2,0.739860,0.758889,0.739896,0.758878,0.749387,0.010220,0.968631,0.248295,0.010223,0.968636,0.248272,0.008952,0.968556,0.248630,9.693871,-4.313391,-0.003279,1,3,17.541500,-0.784845,0,0
15.870270,-10.232560,262.527200,406.583300,1,1,1,1,2,2,0.739827,0.758816,0.739782,0.758793,0.749287,0.010221,0.968646,0.248234,0.010223,0.968636,0.248272,0.009061,0.968563,0.248599,9.683382,-4.314578,-0.002140,1,3,17.555210,-0.773519,0,0
15.880270,-10.254190,262.484100,406.752300,1,1,1,1,2,2,0.739636,0.758767,0.739604,0.758771,0.749188,0.010225,0.968646,0.248234,0.010223,0.968636,0.248272,0.009161,0.968570,0.248571,9.673910,-4.315866,-0.001041,1,3,17.568910,-0.760970,0,0
15.890270,-10.275930,262.440900,406.921300,1,1,1,1,2,2,0.739519,0.761379,0.739516,0.758552,0.749034,-0.029596,0.968276,0.248125,0.010979,0.968629,0.248270,0.009318,0.968575,0.248545,9.678582,-4.317246,-0.000119,1,3,17.582590,-0.747257,0,0
15.900270,-10.297750,262.397700,407.090500,1,1,1,1,2,2,0.739410,0.758615,0.739427,0.758556,0.748992,0.010979,0.968646,0.248201,0.010979,0.968629,0.248270,0.009461,0.968579,0.248522,9.660383,-4.318583,0.000916,1,3,17.596270,-0.732619,0,0
15.910270,-10.319670,262.354500,407.259800,1,1,1,1,2,2,0.739350,0.758496,0.739338,0.758456,0.748897,0.010980,0.968638,0.248232,0.010979,0.968629,0.248270,0.009591,0.968584,0.248500,9.654510,-4.320096,0.001831,1,3,17.609920,-0.717034,0,0
15.920270,-10.341680,262.311300,407.429200,1,1,1,1,2,2,0.739320,0.758472,0.739298,0.758445,0.748871,0.010985,0.968631,0.248263,0.010979,0.968629,0.248270,0.009711,0.968587,0.248480,9.636444,-4.321680,0.002742,1,3,17.623580,-0.680950,0,0
15.930270,-10.363770,262.268000,407.598800,1,1,1,1,2,2,0.739297,0.758422,0.739290,0.758423,0.748857,0.010985,0.968631,0.248263,0.010979,0.968629,0.248270,0.009820,0.968591,0.248462,9.619564,-4.323451,0.003524,1,3,17.637240,-0.645673,0,0
15.940270,-10.385950,262.224800,407.768500,1,1,1,1,2,2,0.739281,0.758422,0.739279,0.758412,0.748846,0.010974,0.968631,0.248263,0.010979,0.968629,0.248270,0.009920,0.968594,0.248446,9.605140,-4.325398,0.004183,1,3,17.650900,-0.611146,0,0
15.950270,-10.408200,262.181500,407.938300,1,1,1,1,2,2,0.739283,0.758422,0.739268,0.758408,0.748838,0.010974,0.968631,0.248263,0.010979,0.968629,0.248270,0.010011,0.968597,0.248431,9.592533,-4.327498,0.004741,1,3,17.664550,-0.577375,0,0
15.960270,-10.430530,262.138200,408.108200,1,1,1,1,2,2,0.739346,0.758422,0.739287,0.758405,0.748846,0.010978,0.968631,0.248263,0.010979,0.968629,0.248270,0.010094,0.968600,0.248417,9.579441,-4.329717,0.005213,1,3,17.678200,-0.575826,0,0
15.970270,-10.452940,262.094900,408.278300,1,1,1,1,2,2,0.739282,0.758422,0.739264,0.758394,0.748829,0.010978,0.968631,0.248263,0.010979,0.968629,0.248270,0.010170,0.968602,0.248404,9.573069,-4.332055,0.005589,1,3,17.691830,-0.583754,0,0
15.980270,-10.475430,262.051500,408.448500,1,1,1,1,2,2,0.739376,0.758393,0.739316,0.758456,0.748886,0.010983,0.968623,0.248293,0.010979,0.968629,0.248270,0.010240,0.968605,0.248393,9.554100,-4.334448,0.005935,1,3,17.705450,-0.591478,0,0
15.990270,-10.498000,262.008200,408.618800,1,1,1,1,2,2,0.739341,0.758476,0.739353,0.758471,0.748912,0.010980,0.968638,0.248232,0.010979,0.968629,0.248270,0.010303,0.968607,0.248382,9.544821,-4.337017,0.006121,1,3,17.719060,-0.599772,0,0
16.000270,-10.520650,261.964800,408.789200,1,1,1,1,2,2,0.739807,0.758481,0.739744,0.758475,0.749109,0.011227,0.968697,0.247993,0.011223,0.968685,0.248041,0.010383,0.968614,0.248353,9.516514,-4.339669,0.005838,1,3,17.732650,-0.607796,0,0
16.010270,-10.543380,261.921400,408.959800,1,1,1,1,2,2,0.739778,0.758554,0.739699,0.758478,0.749089,0.011226,0.968705,0.247962,0.011223,0.968685,0.248041,0.010455,0.968620,0.248326,9.532958,-4.342601,0.005330,1,3,17.746240,-0.593268,0,0
16.020270,-10.566190,261.877900,409.130500,1,1,1,1,2,2,0.739733,0.758696,0.739684,0.758801,0.749243,0.011472,0.968733,0.247842,0.011468,0.968741,0.247811,0.010542,0.968630,0.248281,9.522733,-4.345378,0.004635,1,3,17.759830,-0.577677,0,0
16.030270,-10.589070,261.834400,409.301300,1,1,1,1,2,2,0.739704,0.758607,0.739647,0.758727,0.749187,0.011468,0.968733,0.247842,0.011468,0.968741,0.247811,0.010622,0.968640,0.248241,9.550675,-4.348260,0.003922,1,3,17.773420,-0.560820,0,0
16.040270,-10.612030,261.790900,409.472200,1,1,1,1,2,2,0.739653,0.758626,0.739592,0.758597,0.749095,0.011477,0.968763,0.247723,0.011468,0.968741,0.247811,0.010695,0.968648,0.248204,9.576300,-4.350878,0.003565,1,3,17.787000,-0.542982,0,0
16.050270,-10.635060,261.747400,409.643200,1,1,1,1,2,2,0.740107,0.759074,0.740166,0.759077,0.749622,0.011475,0.968969,0.246915,0.011471,0.968982,0.246864,0.010761,0.968677,0.248089,9.519605,-4.353253,0.002050,1,3,17.800580,-0.524246,0,0
16.060270,-10.658160,261.703800,409.814400,1,1,1,1,2,2,0.739622,0.758737,0.739739,0.758847,0.749293,0.011721,0.969012,0.246736,0.011715,0.969038,0.246634,0.010843,0.968708,0.247963,9.636485,-4.356184,-0.000250,1,3,17.814150,-0.504798,0,0
16.070270,-10.681330,261.660200,409.985700,1,1,1,1,2,2,0.739398,0.758579,0.739496,0.758648,0.749072,0.011715,0.969020,0.246706,0.011715,0.969038,0.246634,0.010919,0.968737,0.247849,9.699733,-4.357988,-0.001173,1,3,17.827700,-0.484418,0,0
16.080270,-10.704570,261.616700,410.157200,1,1,1,1,2,2,0.739181,0.758160,0.739244,0.758164,0.748704,0.011961,0.969055,0.246555,0.011960,0.969093,0.246405,0.011008,0.968767,0.247725,9.778891,-4.359187,-0.001682,1,3,17.841250,-0.462163,0,0
16.090270,-10.727870,261.573100,410.328700,1,1,1,1,2,2,0.738876,0.757864,0.738996,0.757861,0.748429,0.011951,0.969063,0.246525,0.011960,0.969093,0.246405,0.011090,0.968795,0.247611,9.816498,-4.359627,-0.001192,1,3,17.854780,-0.436803,0,0
16.100270,-10.751230,261.529400,410.500400,1,1,1,1,2,2,0.738840,0.757234,0.738815,0.757233,0.748024,0.011968,0.969154,0.246167,0.011961,0.969214,0.245931,0.011165,0.968831,0.247466,9.881901,-4.359714,-0.000880,1,3,17.868300,-0.408588,0,0
16.110270,-10.774640,261.485900,410.672300,1,1,1,1,2,2,0.738200,0.756834,0.738223,0.756841,0.747532,0.011959,0.969290,0.245628,0.011963,0.969334,0.245457,0.011234,0.968875,0.247294,9.959482,-4.359179,-0.000424,1,3,17.881810,-0.377556,0,0
16.120270,-10.798110,261.442300,410.844200,1,1,1,1,2,2,0.737975,0.756495,0.737920,0.756523,0.747222,0.011953,0.969298,0.245598,0.011963,0.969334,0.245457,0.011296,0.968914,0.247135,9.978004,-4.357904,0.001086,1,3,17.895310,-0.343735,0,0
16.130270,-10.821630,261.398700,411.016400,1,1,1,1,2,2,0.737739,0.756227,0.737702,0.756198,0.746950,0.011960,0.969306,0.245568,0.011963,0.969334,0.245457,0.011354,0.968950,0.246991,9.978514,-4.356465,0.003037,1,3,17.908790,-0.307071,0,0
16.140270,-10.845190,261.355200,411.188600,1,1,1,1,2,2,0.737577,0.755975,0.737543,0.755946,0.746745,0.011956,0.969306,0.245568,0.011963,0.969334,0.245457,0.011406,0.968983,0.246859,9.961065,-4.355038,0.005225,1,3,17.922260,-0.267667,0,0
16.150270,-10.868800,261.311600,411.361000,1,1,1,1,2,2,0.737371,0.755738,0.737432,0.755706,0.746569,0.011965,0.969298,0.245598,0.011963,0.969334,0.245457,0.011454,0.969013,0.246738,9.937319,-4.353797,0.007452,1,3,17.935720,-0.225546,0,0
16.160270,-10.892440,261.268100,411.533500,1,1,1,1,2,2,0.737312,0.755533,0.737351,0.755566,0.746458,0.011963,0.969290,0.245628,0.011963,0.969334,0.245457,0.011498,0.969041,0.246628,9.902943,-4.352806,0.009636,1,3,17.949170,-0.180799,0,0
16.170270,-10.916110,261.224600,411.706200,1,1,1,1,2,2,0.737324,0.755323,0.737291,0.755414,0.746353,0.011969,0.969298,0.245598,0.011963,0.969334,0.245457,0.011538,0.969066,0.246527,9.871714,-4.352169,0.011654,1,3,17.962610,-0.133521,0,0
16.180270,-10.939810,261.181100,411.879000,1,1,1,1,2,2,0.737267,0.755282,0.737291,0.755329,0.746310,0.011959,0.969290,0.245628,0.011963,0.969334,0.245457,0.011575,0.969089,0.246435,9.832881,-4.351855,0.013523,1,3,17.976040,-0.083847,0,0
16.190280,-10.963530,261.137500,412.051900,1,1,1,1,2,2,0.737296,0.755207,0.737302,0.755222,0.746262,0.011959,0.969290,0.245628,0.011963,0.969334,0.245457,0.011608,0.969110,0.246351,9.801027,-4.351941,0.015151,1,3,17.989460,-0.031840,0,0
16.200280,-10.987260,261.094000,412.225000,1,1,1,1,2,2,0.737370,0.755216,0.737380,0.755196,0.746288,0.011956,0.969306,0.245568,0.011963,0.969334,0.245457,0.011638,0.969129,0.246274,9.760380,-4.352359,0.016598,1,3,18.002870,0.022356,0,0
16.210280,-11.011010,261.050500,412.398200,1,1,1,1,2,2,0.737474,0.755164,0.737487,0.755170,0.746329,0.011959,0.969290,0.245628,0.011963,0.969334,0.245457,0.011666,0.969147,0.246204,9.724119,-4.353195,0.017763,1,3,18.016280,0.078627,0,0
16.220280,-11.034760,261.007000,412.571500,1,1,1,1,2,2,0.737593,0.755163,0.737621,0.755188,0.746404,0.011959,0.969290,0.245628,0.011963,0.969334,0.245457,0.011692,0.969163,0.246139,9.687743,-4.354407,0.018679,1,3,18.029670,0.136820,0,0
16.230280,-11.058510,260.963400,412.745000,1,1,1,1,2,2,0.737747,0.755221,0.737750,0.755174,0.746462,0.011963,0.969290,0.245628,0.011963,0.969334,0.245457,0.011715,0.969178,0.246081,9.661148,-4.355997,0.019335,1,3,18.043050,0.196819,0,0
16.240280,-11.082250,260.919800,412.918600,1,1,1,1,2,2,0.737874,0.755208,0.737883,0.755210,0.746547,0.011967,0.969290,0.245628,0.011963,0.969334,0.245457,0.011737,0.969191,0.246027,9.633821,-4.357871,0.019822,1,3,18.056420,0.258465,0,0
16.250280,-11.105980,260.876200,413.092300,1,1,1,1,2,2,0.738036,0.755281,0.738046,0.755233,0.746639,0.011957,0.969298,0.245598,0.011963,0.969334,0.245457,0.011756,0.969204,0.245978,9.609778,-4.360035,0.020122,1,3,18.069770,0.321636,0,0
16.260280,-11.129680,260.832600,413.266200,1,1,1,1,2,2,0.738692,0.755282,0.738694,0.755307,0.747000,0.012326,0.969377,0.245269,0.012332,0.969417,0.245110,0.011806,0.969222,0.245903,9.557134,-4.362459,0.019636,1,3,18.083120,0.386162,0,0
16.270280,-11.153360,260.789000,413.440200,1,1,1,1,2,2,0.738757,0.755356,0.738715,0.755370,0.747042,0.012331,0.969369,0.245299,0.012332,0.969417,0.245110,0.011851,0.969239,0.245835,9.571843,-4.365418,0.018750,1,3,18.096450,0.452162,0,0
16.280280,-11.177000,260.745300,413.614400,1,1,1,1,2,2,0.738959,0.755836,0.738793,0.755827,0.747310,0.012701,0.969493,0.244789,0.012702,0.969500,0.244762,0.011924,0.969261,0.245743,9.555174,-4.368262,0.017500,1,3,18.109760,0.519182,0,0
16.290280,-11.200600,260.701600,413.788700,1,1,1,1,2,2,0.738862,0.755746,0.738862,0.755764,0.747313,0.012695,0.969471,0.244879,0.012702,0.969500,0.244762,0.011991,0.969282,0.245658,9.586262,-4.371292,0.016241,1,3,18.123040,0.587347,0,0
16.300280,-11.224150,260.657900,413.963100,1,1,1,1,2,2,0.739091,0.755724,0.738925,0.755697,0.747311,0.012701,0.969508,0.244729,0.012702,0.969500,0.244762,0.012052,0.969300,0.245581,9.606921,-4.374046,0.015440,1,3,18.136310,0.656199,0,0
16.310280,-11.247650,260.614100,414.137700,1,1,1,1,2,2,0.738958,0.755619,0.738980,0.755611,0.747295,0.012695,0.969448,0.244969,0.012702,0.969500,0.244762,0.012108,0.969318,0.245511,9.621386,-4.376626,0.014978,1,3,18.149550,0.725623,0,0
16.320280,-11.271080,260.570300,414.312400,1,1,1,1,2,2,0.738655,0.755538,0.738649,0.755537,0.747093,0.013067,0.969549,0.244549,0.013071,0.969583,0.244415,0.012191,0.969340,0.245416,9.678633,-4.379091,0.014154,1,3,18.162770,0.795463,0,0
16.330280,-11.294440,260.526500,414.487200,1,1,1,1,2,2,0.738597,0.796856,0.738605,0.756198,0.747401,0.013547,0.977078,0.212450,0.013443,0.969854,0.243317,0.012299,0.969385,0.245236,9.671472,-4.381025,0.012238,1,3,18.175960,0.865813,0,0
16.340280,-11.317730,260.482700,414.662200,1,1,1,1,2,2,0.739387,0.755800,0.739453,0.755765,0.747609,0.013456,0.970055,0.242514,0.013446,0.970042,0.242566,0.012398,0.969441,0.245006,9.706767,-4.383052,0.009352,1,3,18.189110,0.936452,0,0
16.350280,-11.340930,260.438800,414.837400,1,1,1,1,2,2,0.739178,0.755299,0.739172,0.755302,0.747237,0.013450,0.970017,0.242663,0.013446,0.970042,0.242566,0.012488,0.969493,0.244796,9.828026,-4.384758,0.007200,1,3,18.202220,1.006983,0,0
16.360280,-11.364030,260.395000,415.012700,1,1,1,1,2,2,0.738921,0.754984,0.738932,0.754936,0.746934,0.013441,0.970040,0.242574,0.013446,0.970042,0.242566,0.012570,0.969540,0.244604,9.897884,-4.385310,0.006608,1,3,18.215290,1.077336,0,0
16.370280,-11.387040,260.351100,415.188100,1,1,1,1,2,2,0.738726,0.754492,0.738669,0.754529,0.746599,0.013448,0.970040,0.242574,0.013446,0.970042,0.242566,0.012646,0.969583,0.244429,9.947985,-4.385206,0.007032,1,3,18.228310,1.147356,0,0
16.380280,-11.409940,260.307300,415.363600,1,1,1,1,2,2,0.738486,0.754130,0.738503,0.754196,0.746349,0.013446,0.970047,0.242544,0.013446,0.970042,0.242566,0.012714,0.969623,0.244268,9.962962,-4.384637,0.008246,1,3,18.241290,1.216973,0,0
16.390280,-11.432730,260.263400,415.539400,1,1,1,1,2,2,0.737838,0.753282,0.737825,0.753266,0.745546,0.013450,0.970413,0.241077,0.013451,0.970416,0.241064,0.012778,0.969691,0.243992,10.127920,-4.383944,0.007462,1,3,18.254230,1.286072,0,0
16.400280,-11.455390,260.219600,415.715200,1,1,1,1,2,2,0.737482,0.752763,0.737459,0.752762,0.745111,0.013450,0.970413,0.241077,0.013451,0.970416,0.241064,0.012836,0.969753,0.243740,10.174040,-4.381668,0.008773,1,3,18.267110,1.354343,0,0
16.410280,-11.477930,260.175800,415.891300,1,1,1,1,2,2,0.737166,0.752319,0.737189,0.752322,0.744755,0.013449,0.970398,0.241137,0.013451,0.970416,0.241064,0.012889,0.969811,0.243510,10.184100,-4.378963,0.010952,1,3,18.279950,1.421867,0,0
16.420280,-11.500330,260.132000,416.067500,1,1,1,1,2,2,0.736994,0.751949,0.736989,0.751944,0.744467,0.013450,0.970413,0.241077,0.013451,0.970416,0.241064,0.012937,0.969863,0.243300,10.170300,-4.376177,0.013603,1,3,18.292730,1.488563,0,0
16.430280,-11.522590,260.088300,416.243800,1,1,1,1,2,2,0.736846,0.751581,0.736841,0.751637,0.744239,0.013456,0.970405,0.241107,0.013451,0.970416,0.241064,0.012981,0.969910,0.243107,10.140410,-4.373542,0.016457,1,3,18.305470,1.554292,0,0
16.440280,-11.544690,260.044600,416.420300,1,1,1,1,2,2,0.736786,0.751402,0.736763,0.751400,0.744082,0.013450,0.970413,0.241077,0.013451,0.970416,0.241064,0.013022,0.969954,0.242931,10.097520,-4.371213,0.019322,1,3,18.318150,1.618986,0,0
16.450280,-11.566650,260.000900,416.597000,1,1,1,1,2,2,0.735662,0.747070,0.735668,0.747044,0.741356,0.006773,0.973541,0.228412,0.006726,0.973558,0.228339,0.012480,0.970274,0.241678,11.004730,-4.369316,0.002785,1,3,18.330790,1.682909,0,0
16.460280,-11.588440,259.957300,416.773900,1,1,1,1,2,2,0.738667,0.749598,0.738520,0.749426,0.743973,0.006746,0.975525,0.219784,0.006727,0.975486,0.219959,0.011985,0.970743,0.239814,11.014920,-4.358596,-0.016283,1,3,18.343280,1.739294,0,0
16.470280,-11.610060,259.913800,416.950900,1,1,1,1,2,2,0.739508,0.749959,0.739531,0.749970,0.744751,0.006676,0.977254,0.211968,0.006729,0.977274,0.211873,0.011533,0.971338,0.237417,11.608660,-4.347742,-0.045398,1,3,18.355550,1.793949,0,0
16.480280,-11.631510,259.870500,417.128100,1,1,1,1,2,2,0.738874,0.748905,0.738892,0.748895,0.743894,0.006730,0.978932,0.204076,0.006731,0.978928,0.204094,0.011120,0.972037,0.234559,12.568770,-4.331072,-0.077357,1,3,18.367520,1.847849,0,0
16.490280,-11.652780,259.827500,417.305500,1,1,1,1,2,2,0.736778,0.746328,0.736708,0.746267,0.741487,0.006733,0.980477,0.196517,0.006733,0.980454,0.196635,0.010743,0.972820,0.231309,13.756530,-4.305007,-0.107236,1,3,18.379130,1.900791,0,0
16.500280,-11.673850,259.784800,417.483100,1,1,1,1,2,2,0.733216,0.735751,0.733214,0.727063,0.730139,0.003380,0.994956,0.100258,0.003368,0.983094,0.183070,0.010109,0.973800,0.227178,16.660190,-4.267310,-0.141287,1,3,18.390290,1.954101,0,0
16.510280,-11.694740,259.742800,417.661000,1,1,1,1,2,2,0.714222,0.720513,0.714164,0.720540,0.717352,0.000024,0.986723,0.162416,0.000000,0.986733,0.162350,0.009240,0.975085,0.221634,19.751820,-4.201226,-0.172383,1,3,18.400820,2.006232,0,0
16.520280,-11.715420,259.701700,417.839300,1,1,1,1,2,2,0.702375,0.707659,0.702396,0.707708,0.705052,0.000111,0.989004,0.147889,0.000000,0.989029,0.147724,0.008446,0.976507,0.215317,22.351840,-4.104812,-0.187268,1,3,18.410510,2.052333,0,0
16.530280,-11.735880,259.661900,418.018000,1,1,1,1,2,2,0.689190,0.693074,0.685706,0.693107,0.689407,-0.000048,0.996947,0.078082,0.000000,0.991539,0.129811,0.007721,0.978095,0.208013,25.372240,-3.982770,-0.194814,1,3,18.419390,2.096806,0,0
16.540280,-11.756140,259.623600,418.197100,1,1,1,1,2,2,0.673615,0.677224,0.673599,0.677199,0.675399,-0.000080,0.993506,0.113783,0.000000,0.993483,0.113979,0.007058,0.979773,0.199982,27.686990,-3.830887,-0.185890,1,3,18.427390,2.140079,0,0
16.550280,-11.776170,259.587000,418.376700,1,1,1,1,2,2,0.657167,0.660300,0.657237,0.660388,0.658813,-0.000087,0.994805,0.101803,0.000000,0.994812,0.101732,0.006453,0.981453,0.191590,30.058880,-3.655965,-0.160685,1,3,18.434630,2.180448,0,0
16.560280,-11.795970,259.552500,418.556700,1,1,1,1,2,2,0.640224,0.643066,0.640351,0.643051,0.641701,-0.000175,0.995922,0.090220,0.000000,0.995923,0.090204,0.005899,0.983108,0.182928,32.060670,-3.457376,-0.116902,1,3,18.441320,2.219316,0,0
16.570280,-11.815550,259.520100,418.737300,1,1,1,1,2,2,0.623255,0.625591,0.623298,0.625622,0.624460,-0.000167,0.996825,0.079621,0.000000,0.996842,0.079409,0.005393,0.984716,0.174081,33.673390,-3.238696,-0.056647,1,3,18.447730,2.256148,0,0
16.580280,-11.834890,259.490100,418.918300,1,1,1,1,2,2,0.606355,0.613220,0.606411,0.608388,0.607399,-0.000036,0.997918,0.064500,0.000000,0.997592,0.069356,0.004930,0.986259,0.165128,34.901790,-3.003714,0.017661,1,3,18.454140,2.290885,0,0
16.590280,-11.854000,259.462500,419.099900,1,1,1,1,2,2,0.590068,0.591708,0.589969,0.591628,0.590799,-0.000191,0.998196,0.060043,0.000000,0.998195,0.060056,0.004507,0.987724,0.156140,35.757360,-2.756198,0.103538,1,3,18.460790,2.323591,0,0
16.600280,-11.872860,259.437500,419.281900,1,1,1,1,2,2,0.574202,0.575588,0.574252,0.575637,0.574945,0.000000,0.998678,0.051404,0.000000,0.998672,0.051515,0.004121,0.989099,0.147187,36.250240,-2.499826,0.198512,1,3,18.467860,2.354325,0,0
16.610280,-11.891480,259.415100,419.464300,1,1,1,1,2,2,0.559449,0.560704,0.559492,0.560634,0.560063,0.000000,0.999048,0.043629,0.000000,0.999043,0.043738,0.003767,0.990378,0.138330,36.401530,-2.238197,0.300109,1,3,18.475500,2.383179,0,0
16.620290,-11.909850,259.395400,419.647200,1,1,1,1,2,2,0.545824,0.543858,0.545856,0.546786,0.546321,0.000000,0.999258,-0.038517,0.000000,0.999325,0.036731,0.003444,0.991556,0.129627,36.239880,-1.974717,0.405979,1,3,18.483750,2.410291,0,0
16.630290,-11.927970,259.378300,419.830400,1,1,1,1,2,2,0.533516,0.533032,0.533512,0.533147,0.533329,-0.000183,0.999609,0.027979,0.000000,0.999614,0.027768,0.003148,0.992659,0.120899,35.997460,-1.712524,0.509650,1,3,18.492580,2.436158,0,0
16.640290,-11.945850,259.363700,420.014000,1,1,1,1,2,2,0.521562,0.522045,0.521511,0.522000,0.521756,-0.000143,0.999798,0.020093,0.000000,0.999793,0.020357,0.002878,0.993672,0.112279,35.511520,-1.452449,0.612817,1,3,18.501900,2.460369,0,0
16.650290,-11.963470,259.351800,420.197900,1,1,1,1,2,2,0.512051,0.512407,0.512095,0.512492,0.512293,-0.000044,0.999863,0.016534,0.000000,0.999865,0.016454,0.002631,0.994567,0.104060,34.583130,-1.196950,0.718431,1,3,18.511590,2.482685,0,0
16.660290,-11.980830,259.342300,420.382000,1,1,1,1,2,2,0.504371,0.504674,0.504400,0.504690,0.504545,-0.000032,0.999913,0.013223,0.000000,0.999911,0.013331,0.002405,0.995352,0.096274,33.379270,-0.950477,0.822681,1,3,18.521410,2.503721,0,0
16.670290,-11.997940,259.335100,420.566400,1,1,1,1,2,2,0.498404,0.498631,0.498401,0.498645,0.498523,-0.000060,0.999940,0.010935,0.000000,0.999940,0.010988,0.002199,0.996033,0.088952,31.952590,-0.715821,0.923372,1,3,18.531140,2.523658,0,0
16.680290,-12.014790,259.330200,420.751000,1,1,1,1,2,2,0.494254,0.494561,0.494224,0.494422,0.494323,-0.000103,0.999957,0.009281,0.000000,0.999956,0.009427,0.002010,0.996620,0.082123,30.328910,-0.495248,1.018793,1,3,18.540510,2.542587,0,0
16.690290,-12.031380,259.327300,420.935700,1,1,1,1,2,2,0.491878,0.491935,0.491824,0.491992,0.491908,0.000000,0.999964,0.008519,0.000000,0.999963,0.008645,0.001837,0.997120,0.075810,28.552250,-0.290765,1.107444,1,3,18.549250,2.560611,0,0
16.700290,-12.047700,259.326200,421.120600,1,1,1,1,2,2,0.491173,0.491340,0.491218,0.491386,0.491302,0.000000,0.999965,0.008391,0.000000,0.999963,0.008645,0.001679,0.997543,0.070039,26.645640,-0.103934,1.188235,1,3,18.557070,2.577765,0,0
16.710290,-12.063770,259.326900,421.305500,1,1,1,1,2,2,0.492373,0.492669,0.492392,0.492559,0.492475,0.000000,0.999955,0.009536,0.000000,0.999956,0.009426,0.001535,0.997895,0.064829,24.637170,0.063919,1.260264,1,3,18.563700,2.594085,0,0
16.720290,-12.079570,259.329000,421.490500,1,1,1,1,2,2,0.495295,0.494098,0.495297,0.495480,0.495388,0.000000,0.999955,0.009536,0.000000,0.999940,0.010988,0.001403,0.998185,0.060200,22.550370,0.211750,1.322877,1,3,18.568920,2.609589,0,0
16.730290,-12.095100,259.332400,421.675600,1,1,1,1,2,2,0.502218,0.499048,0.500111,0.498987,0.499549,-0.000163,0.999853,0.017167,0.000000,0.999886,0.015088,0.001282,0.998412,0.056321,20.415190,0.338759,1.378415,1,3,18.572520,2.624204,0,0
16.740290,-12.110370,259.336800,421.860600,1,1,1,1,2,2,0.505153,0.505350,0.505059,0.505394,0.505227,0.000083,0.999790,0.020474,0.000000,0.999793,0.020357,0.001172,0.998581,0.053228,18.178380,0.444447,1.427077,1,3,18.574390,2.638106,0,0
16.750290,-12.125370,259.342100,422.045700,1,1,1,1,2,2,0.513025,0.513425,0.513046,0.513443,0.513244,0.000072,0.999689,0.024931,0.000000,0.999687,0.025038,0.001071,0.998708,0.050803,15.771530,0.527788,1.465673,1,3,18.574380,2.651327,0,0
16.760290,-12.140100,259.348000,422.230700,1,1,1,1,2,2,0.522587,0.522917,0.522590,0.523048,0.522819,-0.000147,0.999530,0.030647,0.000000,0.999535,0.030497,0.000979,0.998795,0.049056,13.373470,0.587081,1.492692,1,3,18.572310,2.663660,0,0
16.770290,-12.154560,259.354200,422.415800,1,1,1,1,2,2,0.533511,0.534172,0.533637,0.534155,0.533896,0.000000,0.999324,0.036759,0.000000,0.999325,0.036731,0.000895,0.998847,0.047996,10.987530,0.622413,1.508396,1,3,18.568150,2.675090,0,0
16.780290,-12.168750,259.360500,422.600700,1,1,1,1,2,2,0.546142,0.546722,0.546098,0.546677,0.546388,0.000000,0.999043,0.043739,0.000000,0.999043,0.043738,0.000818,0.998864,0.047630,8.623461,0.633907,1.513025,1,3,18.561940,2.685585,0,0
16.790290,-12.182670,259.366800,422.785600,1,1,1,1,2,2,0.559897,0.560445,0.559885,0.560539,0.560212,0.000000,0.998671,0.051537,0.000000,0.998672,0.051515,0.000747,0.998847,0.047964,6.287062,0.621788,1.506940,1,3,18.553760,2.695063,0,0
16.800290,-12.196320,259.372600,422.970500,1,1,1,1,2,2,0.574945,0.575681,0.574904,0.575665,0.575284,0.000000,0.998196,0.060047,0.000000,0.998195,0.060056,0.000683,0.998797,0.049005,3.984094,0.586341,1.490518,1,3,18.543740,2.703503,0,0
16.810290,-12.209690,259.377900,423.155200,1,1,1,1,2,2,0.591176,0.591858,0.591122,0.591943,0.591532,0.000000,0.997594,0.069323,0.000000,0.997592,0.069356,0.000624,0.998710,0.050757,1.716740,0.527908,1.464191,1,3,18.532070,2.710833,0,0
16.820290,-12.222790,259.382400,423.339900,1,1,1,1,2,2,0.608569,0.617822,0.606701,0.607687,0.607194,0.000000,0.990053,0.140696,0.000000,0.995923,0.090204,0.000570,0.998531,0.054156,0.000000,0.446860,1.445567,1,3,18.518930,2.717228,0,0
16.830290,-12.235620,259.385800,423.524500,1,1,1,1,2,2,0.625206,0.626268,0.625156,0.626216,0.625686,0.000175,0.994805,0.101803,0.000000,0.994812,0.101732,0.000521,0.998300,0.058257,0.000000,0.348711,1.422712,1,3,18.504960,2.722595,0,0
16.840290,-12.248180,259.388300,423.709000,1,1,1,1,2,2,0.644841,0.645966,0.644845,0.645949,0.645397,-0.000286,0.993506,0.113783,0.000000,0.993483,0.113978,0.000477,0.998009,0.063063,0.000000,0.250616,1.412843,1,3,18.491500,2.726511,0,0
16.850290,-12.260460,259.389900,423.893300,1,1,1,1,2,2,0.665912,0.667077,0.665883,0.667030,0.666457,0.000147,0.991906,0.126977,0.000000,0.991912,0.126931,0.000436,0.997645,0.068574,0.000000,0.152577,1.415980,1,3,18.478560,2.729048,0,0
16.860290,-12.272470,259.390400,424.077600,1,1,1,1,2,2,0.688279,0.689481,0.688377,0.689582,0.688980,-0.000099,0.990079,0.140512,0.000000,0.990071,0.140568,0.000398,0.997198,0.074790,0.000000,0.054596,1.432113,1,3,18.466150,2.730197,0,0
16.870290,-12.284210,259.390000,424.261700,1,1,1,1,2,2,0.688279,0.689481,0.688377,0.689582,0.688980,-0.000099,0.990079,0.140512,0.000000,0.990071,0.140568,0.000398,0.997198,0.074790,0.000000,-3.946226,-2.623456,0,3,17.977170,119.011100,1,0
16.880290,-12.284210,259.390000,424.261700,1,1,1,1,2,2,0.688279,0.689481,0.688377,0.689582,0.688980,-0.000099,0.990079,0.140512,0.000000,0.990071,0.140568,0.000398,0.997198,0.074790,0.000000,-3.944908,-2.622580,0,3,17.971170,-0.012372,1,0
16.890290,-12.247080,259.317500,424.533500,1,1,1,1,2,2,0.688279,0.689481,0.688377,0.689582,0.688980,-0.000099,0.990079,0.140512,0.000000,0.990071,0.140568,0.000398,0.997198,0.074790,0.000000,-3.948323,-2.624850,0,3,17.986720,0.032062,1,0
16.900290,-12.214800,259.249400,424.792800,1,1,1,1,2,2,0.688279,0.689481,0.688377,0.689582,0.688980,-0.000099,0.990079,0.140512,0.000000,0.990071,0.140568,0.000398,0.997198,0.074790,0.000000,-3.951671,-2.627076,0,3,18.001980,0.031445,1,0
16.910290,-12.186740,259.184900,425.041400,1,1,1,1,2,2,0.688279,0.689481,0.688377,0.689582,0.688980,-0.000099,0.990079,0.140512,0.000000,0.990071,0.140568,0.000398,0.997198,0.074790,0.000000,-3.955086,-2.629346,0,3,18.017540,0.032066,1,0
16.920290,-12.162340,259.123700,425.280500,1,1,1,1,2,2,0.688279,0.689481,0.688377,0.689582,0.688980,-0.000099,0.990079,0.140512,0.000000,0.990071,0.140568,0.000398,0.997198,0.074790,0.000000,-3.958500,-2.631616,0,3,18.033090,0.032062,1,0
16.930290,-12.141130,259.065300,425.511500,1,1,1,1,2,2,0.688279,0.689481,0.688377,0.689582,0.688980,-0.000099,0.990079,0.140512,0.000000,0.990071,0.140568,0.000398,0.997198,0.074790,0.000000,-3.961849,-2.633842,0,3,18.048350,0.031446,1,0
16.940290,-12.122690,259.009300,425.735500,1,1,1,1,2,2,0.688279,0.689481,0.688377,0.689582,0.688980,-0.000099,0.990079,0.140512,0.000000,0.990071,0.140568,0.000398,0.997198,0.074790,0.000000,-3.965263,-2.636112,0,3,18.063900,0.032062,1,0
16.950290,-12.106670,258.955400,425.953400,1,1,1,1,2,2,0.688279,0.689481,0.688377,0.689582,0.688980,-0.000099,0.990079,0.140512,0.000000,0.990071,0.140568,0.000398,0.997198,0.074790,0.000000,-3.968678,-2.638382,0,3,18.079450,0.032062,1,0
16.960290,-12.092730,258.903400,426.166000,1,1,1,1,2,2,0.688279,0.689481,0.688377,0.689582,0.688980,-0.000099,0.990079,0.140512,0.000000,0.990071,0.140568,0.000398,0.997198,0.074790,0.000000,-3.972026,-2.640608,0,3,18.094710,0.031445,1,0
16.970290,-12.080620,258.852800,426.374000,1,1,1,1,2,2,0.688279,0.689481,0.688377,0.689582,0.688980,-0.000099,0.990079,0.140512,0.000000,0.990071,0.140568,0.000398,0.997198,0.074790,0.000000,-3.975441,-2.642878,0,3,18.110260,0.032062,1,0
16.980290,-12.070080,258.803700,426.578000,1,1,1,1,2,2,0.688279,0.689481,0.688377,0.689582,0.688980,-0.000099,0.990079,0.140512,0.000000,0.990071,0.140568,0.000398,0.997198,0.074790,0.000000,-3.978855,-2.645148,0,3,18.125820,0.032062,1,0
16.990290,-12.060930,258.755800,426.778700,1,1,1,1,2,2,0.688279,0.689481,0.688377,0.689582,0.688980,-0.000099,0.990079,0.140512,0.000000,0.990071,0.140568,0.000398,0.997198,0.074790,0.000000,-3.982204,-2.647374,0,3,18.141070,0.031445,1,0
17.000290,-12.052970,258.708900,426.976300,1,1,1,1,2,2,0.688279,0.689481,0.688377,0.689582,0.688980,-0.000099,0.990079,0.140512,0.000000,0.990071,0.140568,0.000398,0.997198,0.074790,0.000000,-3.985618,-2.649644,0,3,18.156630,0.032062,1,0
17.010290,-12.046050,258.662900,427.171400,1,1,1,1,2,2,0.688279,0.689481,0.688377,0.689582,0.688980,-0.000099,0.990079,0.140512,0.000000,0.990071,0.140568,0.000398,0.997198,0.074790,0.000000,-3.989033,-2.651914,0,3,18.172180,0.032062,1,0
17.020290,-12.040030,258.617600,427.364300,1,1,1,1,2,2,0.688279,0.689481,0.688377,0.689582,0.688980,-0.000099,0.990079,0.140512,0.000000,0.990071,0.140568,0.000398,0.997198,0.074790,0.000000,-3.992447,-2.654184,0,3,18.187740,0.032062,1,0
17.030290,-12.034800,258.573100,427.555400,1,1,1,1,2,2,0.688279,0.689481,0.688377,0.689582,0.688980,-0.000099,0.990079,0.140512,0.000000,0.990071,0.140568,0.000398,0.997198,0.074790,0.000000,-3.995862,-2.656454,0,3,18.203290,0.032062,1,0
17.040290,-12.030260,258.529100,427.744800,1,1,1,1,2,2,0.688279,0.689481,0.688377,0.689582,0.688980,-0.000099,0.990079,0.140512,0.000000,0.990071,0.140568,0.000398,0.997198,0.074790,0.000000,-3.999276,-2.658724,0,3,18.218850,0.032062,1,0
17.050290,-12.026300,258.485600,427.932800,1,1,1,1,2,2,0.688279,0.689481,0.688377,0.689582,0.688980,-0.000099,0.990079,0.140512,0.000000,0.990071,0.140568,0.000398,0.997198,0.074790,0.000000,-4.002690,-2.660994,0,3,18.234400,0.032062,1,0
17.060300,-12.022870,258.442500,428.119600,1,1,1,1,2,2,0.688279,0.689481,0.688377,0.689582,0.688980,-0.000099,0.990079,0.140512,0.000000,0.990071,0.140568,0.000398,0.997198,0.074790,0.000000,-4.006104,-2.663263,0,3,18.249950,0.032062,1,0
17.070300,-12.019880,258.399800,428.305400,1,1,1,1,2,2,0.688279,0.689481,0.688377,0.689582,0.688980,-0.000099,0.990079,0.140512,0.000000,0.990071,0.140568,0.000398,0.997198,0.074790,0.000000,-4.009519,-2.665533,0,3,18.265510,0.032066,1,0
17.080300,-12.017280,258.357400,428.490400,1,1,1,1,2,2,0.688279,0.689481,0.688377,0.689582,0.688980,-0.000099,0.990079,0.140512,0.000000,0.990071,0.140568,0.000398,0.997198,0.074790,0.000000,-4.012933,-2.667803,0,3,18.281060,0.032062,1,0
17.090300,-12.015030,258.315200,428.674600,1,1,1,1,2,2,0.688279,0.689481,0.688377,0.689582,0.688980,-0.000099,0.990079,0.140512,0.000000,0.990071,0.140568,0.000398,0.997198,0.074790,0.000000,-4.016348,-2.670073,0,3,18.296620,0.032062,1,0
17.100300,-12.013060,258.273300,428.858200,1,1,1,1,2,2,0.688279,0.689481,0.688377,0.689582,0.688980,-0.000099,0.990079,0.140512,0.000000,0.990071,0.140568,0.000398,0.997198,0.074790,0.000000,-4.019762,-2.672343,0,3,18.312170,0.032062,1,0
17.110300,-12.011360,258.231700,429.041200,1,1,1,1,2,2,0.688279,0.689481,0.688377,0.689582,0.688980,-0.000099,0.990079,0.140512,0.000000,0.990071,0.140568,0.000398,0.997198,0.074790,0.000000,-4.023177,-2.674613,0,3,18.327730,0.032062,1,0
17.120300,-12.009870,258.190100,429.223900,1,1,1,1,2,2,0.688279,0.689481,0.688377,0.689582,0.688980,-0.000099,0.990079,0.140512,0.000000,0.990071,0.140568,0.000398,0.997198,0.074790,0.000000,-4.026591,-2.676883,0,3,18.343280,0.032062,1,0
17.130300,-12.008580,258.148700,429.406200,1,1,1,1,2,2,0.688279,0.689481,0.688377,0.689582,0.688980,-0.000099,0.990079,0.140512,0.000000,0.990071,0.140568,0.000398,0.997198,0.074790,0.000000,-4.030005,-2.679153,0,3,18.358840,0.032062,1,0
17.140300,-12.007460,258.107400,429.588300,1,1,1,1,2,2,0.688279,0.689481,0.688377,0.689582,0.688980,-0.000099,0.990079,0.140512,0.000000,0.990071,0.140568,0.000398,0.997198,0.074790,0.000000,-4.033420,-2.681422,0,3,18.374390,0.032062,1,0
17.150300,-12.006490,258.066200,429.770100,1,1,1,1,2,2,0.688279,0.689481,0.688377,0.689582,0.688980,-0.000099,0.990079,0.140512,0.000000,0.990071,0.140568,0.000398,0.997198,0.074790,0.000000,-4.036834,-2.683692,0,3,18.389940,0.032062,1,0
17.160300,-12.005640,258.025100,429.951700,1,1,1,1,2,2,0.688279,0.689481,0.688377,0.689582,0.688980,-0.000099,0.990079,0.140512,0.000000,0.990071,0.140568,0.000398,0.997198,0.074790,0.000000,-4.040249,-2.685963,0,3,18.405500,0.032062,1,0
17.170300,-12.004900,257.984000,430.133100,1,1,1,1,2,2,0.688279,0.689481,0.688377,0.689582,0.688980,-0.000099,0.990079,0.140512,0.000000,0.990071,0.140568,0.000398,0.997198,0.074790,0.000000,-4.043663,-2.688232,0,3,18.421050,0.032062,1,0
17.180300,-12.004260,257.943000,430.314500,1,1,1,1,2,2,0.688279,0.689481,0.688377,0.689582,0.688980,-0.000099,0.990079,0.140512,0.000000,0.990071,0.140568,0.000398,0.997198,0.074790,0.000000,-4.047078,-2.690502,0,3,18.436610,0.032066,1,0
17.190300,-12.003710,257.902000,430.495800,1,1,1,1,2,2,0.688279,0.689481,0.688377,0.689582,0.688980,-0.000099,0.990079,0.140512,0.000000,0.990071,0.140568,0.000398,0.997198,0.074790,0.000000,-4.050492,-2.692772,0,3,18.452160,0.032062,1,0
17.200300,-12.003220,257.861100,430.677100,1,1,1,1,2,2,0.688279,0.689481,0.688377,0.689582,0.688980,-0.000099,0.990079,0.140512,0.000000,0.990071,0.140568,0.000398,0.997198,0.074790,0.000000,-4.053906,-2.695042,0,3,18.467720,0.032062,1,0
17.210300,-12.002800,257.820200,430.858400,1,1,1,1,2,2,0.688279,0.689481,0.688377,0.689582,0.688980,-0.000099,0.990079,0.140512,0.000000,0.990071,0.140568,0.000398,0.997198,0.074790,0.000000,-4.057255,-2.697268,0,3,18.482970,0.031445,1,0
17.220300,-12.002430,257.779300,431.039700,1,1,1,1,2,2,0.688279,0.689481,0.688377,0.689582,0.688980,-0.000099,0.990079,0.140512,0.000000,0.990071,0.140568,0.000398,0.997198,0.074790,0.000000,-4.060669,-2.699538,0,3,18.498530,0.032062,1,0
17.230300,-12.002120,257.738400,431.220900,1,1,1,1,2,2,0.688279,0.689481,0.688377,0.689582,0.688980,-0.000099,0.990079,0.140512,0.000000,0.990071,0.140568,0.000398,0.997198,0.074790,0.000000,-4.064084,-2.701808,0,3,18.514080,0.032062,1,0
17.240300,-12.001840,257.697500,431.402300,1,1,1,1,2,2,0.688279,0.689481,0.688377,0.689582,0.688980,-0.000099,0.990079,0.140512,0.000000,0.990071,0.140568,0.000398,0.997198,0.074790,0.000000,-4.067498,-2.704078,0,3,18.529630,0.032062,1,0
17.250300,-12.001600,257.656600,431.583700,1,1,1,1,2,2,0.688279,0.689481,0.688377,0.689582,0.688980,-0.000099,0.990079,0.140512,0.000000,0.990071,0.140568,0.000398,0.997198,0.074790,0.000000,-4.070912,-2.706348,0,3,18.545190,0.032062,1,0
17.260300,-12.001390,257.615700,431.765200,1,1,1,1,2,2,0.688279,0.689481,0.688377,0.689582,0.688980,-0.000099,0.990079,0.140512,0.000000,0.990071,0.140568,0.000398,0.997198,0.074790,0.000000,-4.074327,-2.708618,0,3,18.560740,0.032062,1,0
17.270300,-12.001210,257.574800,431.946700,1,1,1,1,2,2,0.688279,0.689481,0.688377,0.689582,0.688980,-0.000099,0.990079,0.140512,0.000000,0.990071,0.140568,0.000398,0.997198,0.074790,0.000000,-4.077741,-2.710887,0,3,18.576300,0.032062,1,0
17.280300,-12.001050,257.533900,432.128400,1,1,1,1,2,2,0.688279,0.689481,0.688377,0.689582,0.688980,-0.000099,0.990079,0.140512,0.000000,0.990071,0.140568,0.000398,0.997198,0.074790,0.000000,-4.081156,-2.713157,0,3,18.591850,0.032062,1,0
17.290300,-12.000910,257.493000,432.310100,1,1,1,1,2,2,0.688279,0.689481,0.688377,0.689582,0.688980,-0.000099,0.990079,0.140512,0.000000,0.990071,0.140568,0.000398,0.997198,0.074790,0.000000,-4.084570,-2.715427,0,3,18.607400,0.032062,1,0
17.300300,-12.000790,257.452000,432.491900,1,1,1,1,2,2,0.688279,0.689481,0.688377,0.689582,0.688980,-0.000099,0.990079,0.140512,0.000000,0.990071,0.140568,0.000398,0.997198,0.074790,0.000000,-4.087985,-2.717697,0,3,18.622960,0.032066,1,0
17.310300,-12.000690,257.411000,432.673900,1,1,1,1,2,2,0.688279,0.689481,0.688377,0.689582,0.688980,-0.000099,0.990079,0.140512,0.000000,0.990071,0.140568,0.000398,0.997198,0.074790,0.000000,-4.091399,-2.719967,0,3,18.638520,0.032062,1,0
17.320300,-12.000600,257.370100,432.856000,1,1,1,1,2,2,0.688279,0.689481,0.688377,0.689582,0.688980,-0.000099,0.990079,0.140512,0.000000,0.990071,0.140568,0.000398,0.997198,0.074790,0.000000,-4.094813,-2.722237,0,3,18.654070,0.032062,1,0
17.330300,-12.000520,257.329000,433.038200,1,1,1,1,2,2,0.688279,0.689481,0.688377,0.689582,0.688980,-0.000099,0.990079,0.140512,0.000000,0.990071,0.140568,0.000398,0.997198,0.074790,0.000000,-4.098228,-2.724507,0,3,18.669620,0.032062,1,0
17.340300,-12.000450,257.288000,433.220500,1,1,1,1,2,2,0.688279,0.689481,0.688377,0.689582,0.688980,-0.000099,0.990079,0.140512,0.000000,0.990071,0.140568,0.000398,0.997198,0.074790,0.000000,-4.101642,-2.726777,0,3,18.685180,0.032062,1,0
17.350300,-12.000390,257.246900,433.402900,1,1,1,1,2,2,0.688279,0.689481,0.688377,0.689582,0.688980,-0.000099,0.990079,0.140512,0.000000,0.990071,0.140568,0.000398,0.997198,0.074790,0.000000,-4.105057,-2.729047,0,3,18.700730,0.032062,1,0
17.360300,-12.000340,257.205800,433.585500,1,1,1,1,2,2,0.688279,0.689481,0.688377,0.689582,0.688980,-0.000099,0.990079,0.140512,0.000000,0.990071,0.140568,0.000398,0.997198,0.074790,0.000000,-4.108471,-2.731317,0,3,18.716290,0.032062,1,0
17.370300,-12.000300,257.164700,433.768200,1,1,1,1,2,2,0.688279,0.689481,0.688377,0.689582,0.688980,-0.000099,0.990079,0.140512,0.000000,0.990071,0.140568,0.000398,0.997198,0.074790,0.000000,-4.111820,-2.733543,0,3,18.731540,0.031446,1,0
17.380300,-12.000260,257.123600,433.951100,1,1,1,1,2,2,0.688279,0.689481,0.688377,0.689582,0.688980,-0.000099,0.990079,0.140512,0.000000,0.990071,0.140568,0.000398,0.997198,0.074790,0.000000,-4.115234,-2.735813,0,3,18.747100,0.032062,1,0
17.390300,-12.000230,257.082400,434.134100,1,1,1,1,2,2,0.688279,0.689481,0.688377,0.689582,0.688980,-0.000099,0.990079,0.140512,0.000000,0.990071,0.140568,0.000398,0.997198,0.074790,0.000000,-4.118649,-2.738083,0,3,18.762650,0.032062,1,0
17.400300,-12.000200,257.041200,434.317200,1,1,1,1,2,2,0.688279,0.689481,0.688377,0.689582,0.688980,-0.000099,0.990079,0.140512,0.000000,0.990071,0.140568,0.000398,0.997198,0.074790,0.000000,-4.122063,-2.740352,0,3,18.778210,0.032062,1,0
17.410300,-12.000170,256.999900,434.500500,1,1,1,1,2,2,0.688279,0.689481,0.688377,0.689582,0.688980,-0.000099,0.990079,0.140512,0.000000,0.990071,0.140568,0.000398,0.997198,0.074790,0.000000,-4.125477,-2.742623,0,3,18.793760,0.032062,1,0
17.420300,-12.000150,256.958600,434.683900,1,1,1,1,2,2,0.688279,0.689481,0.688377,0.689582,0.688980,-0.000099,0.990079,0.140512,0.000000,0.990071,0.140568,0.000398,0.997198,0.074790,0.000000,-4.128826,-2.744848,0,3,18.809020,0.031445,1,0
17.430300,-12.000130,256.917400,434.867400,1,1,1,1,2,2,0.688279,0.689481,0.688377,0.689582,0.688980,-0.000099,0.990079,0.140512,0.000000,0.990071,0.140568,0.000398,0.997198,0.074790,0.000000,-4.132240,-2.747118,0,3,18.824570,0.032062,1,0
17.440300,-12.000110,256.876000,435.051100,1,1,1,1,2,2,0.688279,0.689481,0.688377,0.689582,0.688980,-0.000099,0.990079,0.140512,0.000000,0.990071,0.140568,0.000398,0.997198,0.074790,0.000000,-4.135654,-2.749388,0,3,18.840120,0.032066,1,0
17.450300,-12.000100,256.834600,435.235000,1,1,1,1,2,2,0.688279,0.689481,0.688377,0.689582,0.688980,-0.000099,0.990079,0.140512,0.000000,0.990071,0.140568,0.000398,0.997198,0.074790,0.000000,-4.139069,-2.751658,0,3,18.855680,0.032062,1,0
17.460300,-12.000080,256.793200,435.419000,0,0,0,0,0,0,0.000000,0.000000,0.000000,0.000000,0.688980,0.000000,0.000000,0.000000,0.000000,0.990071,0.140568,0.000398,0.997198,0.074790,0.000000,-0.642484,0.736266,0,3,18.422160,-0.650761,0,0
17.470300,-12.000080,256.785800,435.603100,0,0,0,0,0,0,0.000000,0.000000,0.000000,0.000000,0.688980,0.000000,0.000000,0.000000,0.000000,0.990071,0.140568,0.000398,0.997198,0.074790,0.000000,-0.740584,0.638441,0,3,18.425840,0.019139,0,0
17.480300,-12.000080,256.777400,435.787200,0,0,0,0,0,0,0.000000,0.000000,0.000000,0.000000,0.688980,0.000000,0.000000,0.000000,0.000000,0.990071,0.140568,0.000398,0.997198,0.074790,0.000000,-0.838684,0.540616,0,3,18.430050,0.019139,0,0
17.490300,-12.000080,256.768000,435.971300,0,0,0,0,0,0,0.000000,0.000000,0.000000,0.000000,0.688980,0.000000,0.000000,0.000000,0.000000,0.990071,0.140568,0.000398,0.997198,0.074790,0.000000,-0.936784,0.442791,0,3,18.434770,0.019139,0,0
17.500310,-12.000080,256.757700,436.155400,0,0,0,0,0,0,0.000000,0.000000,0.000000,0.000000,0.688980,0.000000,0.000000,0.000000,0.000000,0.990071,0.140568,0.000398,0.997198,0.074790,0.000000,-1.034884,0.344965,0,3,18.440020,0.019139,0,0
17.510310,-12.000080,256.746400,436.339500,0,0,0,0,0,0,0.000000,0.000000,0.000000,0.000000,0.688980,0.000000,0.000000,0.000000,0.000000,0.990071,0.140568,0.000398,0.997198,0.074790,0.000000,-1.132984,0.247140,0,3,18.445780,0.019139,0,0
17.520310,-12.000080,256.734100,436.523700,0,0,0,0,0,0,0.000000,0.000000,0.000000,0.000000,0.688980,0.000000,0.000000,0.000000,0.000000,0.990071,0.140568,0.000398,0.997198,0.074790,0.000000,-1.231084,0.149315,0,3,18.452070,0.019139,0,0
17.530310,-12.000080,256.720800,436.707800,0,0,0,0,0,0,0.000000,0.000000,0.000000,0.000000,0.688980,0.000000,0.000000,0.000000,0.000000,0.990071,0.140568,0.000398,0.997198,0.074790,0.000000,-1.329184,0.051490,0,3,18.458870,0.019139,0,0
17.540310,-12.000080,256.706500,436.891900,0,0,0,0,0,0,0.000000,0.000000,0.000000,0.000000,0.688980,0.000000,0.000000,0.000000,0.000000,0.990071,0.140568,0.000398,0.997198,0.074790,0.000000,-1.427284,-0.046335,0,3,18.466200,0.019139,0,0
17.550310,-12.000080,256.691200,437.076000,0,0,0,0,0,0,0.000000,0.000000,0.000000,0.000000,0.688980,0.000000,0.000000,0.000000,0.000000,0.990071,0.140568,0.000398,0.997198,0.074790,0.000000,-1.525383,-0.144160,0,3,18.474040,0.019139,0,0
17.560310,-12.000080,256.675000,437.260100,0,0,0,0,0,0,0.000000,0.000000,0.000000,0.000000,0.688980,0.000000,0.000000,0.000000,0.000000,0.990071,0.140568,0.000398,0.997198,0.074790,0.000000,-1.623483,-0.241985,0,3,18.482400,0.019139,0,0
17.570310,-12.000080,256.657800,437.444200,0,0,0,0,0,0,0.000000,0.000000,0.000000,0.000000,0.688980,0.000000,0.000000,0.000000,0.000000,0.990071,0.140568,0.000398,0.997198,0.074790,0.000000,-1.721583,-0.339810,0,3,18.491270,0.019139,0,0
17.580310,-12.000080,256.639600,437.628300,0,0,0,0,0,0,0.000000,0.000000,0.000000,0.000000,0.688980,0.000000,0.000000,0.000000,0.000000,0.990071,0.140568,0.000398,0.997198,0.074790,0.000000,-1.819683,-0.437636,0,3,18.500660,0.019139,0,0
17.590310,-12.000080,256.620400,437.812400,0,0,0,0,0,0,0.000000,0.000000,0.000000,0.000000,0.688980,0.000000,0.000000,0.000000,0.000000,0.990071,0.140568,0.000398,0.997198,0.074790,0.000000,-1.917783,-0.535461,0,3,18.510570,0.019139,0,0
17.600310,-12.000080,256.600300,437.996600,0,0,0,0,0,0,0.000000,0.000000,0.000000,0.000000,0.688980,0.000000,0.000000,0.000000,0.000000,0.990071,0.140568,0.000398,0.997198,0.074790,0.000000,-2.015883,-0.633286,0,3,18.520990,0.019139,0,0
17.610310,-12.000080,256.579100,438.180700,0,0,0,0,0,0,0.000000,0.000000,0.000000,0.000000,0.688980,0.000000,0.000000,0.000000,0.000000,0.990071,0.140568,0.000398,0.997198,0.074790,0.000000,-2.113983,-0.731111,0,3,18.531920,0.019139,0,0
17.620310,-12.000080,256.557000,438.364800,0,0,0,0,0,0,0.000000,0.000000,0.000000,0.000000,0.688980,0.000000,0.000000,0.000000,0.000000,0.990071,0.140568,0.000398,0.997198,0.074790,0.000000,-2.212083,-0.828936,0,3,18.543370,0.019139,0,0
17.630310,-12.000080,256.533900,438.548900,0,0,0,0,0,0,0.000000,0.000000,0.000000,0.000000,0.688980,0.000000,0.000000,0.000000,0.000000,0.990071,0.140568,0.000398,0.997198,0.074790,0.000000,-2.310183,-0.926761,0,3,18.555330,0.019139,0,0
17.640310,-12.000080,256.509800,438.733000,0,0,0,0,0,0,0.000000,0.000000,0.000000,0.000000,0.688980,0.000000,0.000000,0.000000,0.000000,0.990071,0.140568,0.000398,0.997198,0.074790,0.000000,-2.408283,-1.024586,0,3,18.567800,0.019139,0,0
17.650310,-12.000080,256.484700,438.917100,0,0,0,0,0,0,0.000000,0.000000,0.000000,0.000000,0.688980,0.000000,0.000000,0.000000,0.000000,0.990071,0.140568,0.000398,0.997198,0.074790,0.000000,-2.506383,-1.122411,0,3,18.580780,0.019139,0,0
17.660310,-12.000080,256.458700,439.101200,0,0,0,0,0,0,0.000000,0.000000,0.000000,0.000000,0.688980,0.000000,0.000000,0.000000,0.000000,0.990071,0.140568,0.000398,0.997198,0.074790,0.000000,-2.604483,-1.220236,0,3,18.594260,0.019139,0,0
17.670310,-12.000080,256.431700,439.285300,0,0,0,0,0,0,0.000000,0.000000,0.000000,0.000000,0.688980,0.000000,0.000000,0.000000,0.000000,0.990071,0.140568,0.000398,0.997198,0.074790,0.000000,-2.702583,-1.318062,0,3,18.608260,0.019139,0,0
17.680310,-12.000080,256.403700,439.469500,0,0,0,0,0,0,0.000000,0.000000,0.000000,0.000000,0.688980,0.000000,0.000000,0.000000,0.000000,0.990071,0.140568,0.000398,0.997198,0.074790,0.000000,-2.800683,-1.415887,0,3,18.622760,0.019139,0,0
17.690310,-12.000080,256.374700,439.653600,0,0,0,0,0,0,0.000000,0.000000,0.000000,0.000000,0.688980,0.000000,0.000000,0.000000,0.000000,0.990071,0.140568,0.000398,0.997198,0.074790,0.000000,-2.898783,-1.513712,0,3,18.637760,0.019139,0,0
17.700310,-12.000080,256.344700,439.837700,0,0,0,0,0,0,0.000000,0.000000,0.000000,0.000000,0.688980,0.000000,0.000000,0.000000,0.000000,0.990071,0.140568,0.000398,0.997198,0.074790,0.000000,-2.996883,-1.611537,0,3,18.653270,0.019139,0,0
17.710310,-12.000080,256.313800,440.021800,0,0,0,0,0,0,0.000000,0.000000,0.000000,0.000000,0.688980,0.000000,0.000000,0.000000,0.000000,0.990071,0.140568,0.000398,0.997198,0.074790,0.000000,-3.094983,-1.709362,0,3,18.669280,0.019139,0,0
17.720310,-12.000080,256.281800,440.205900,0,0,0,0,0,0,0.000000,0.000000,0.000000,0.000000,0.688980,0.000000,0.000000,0.000000,0.000000,0.990071,0.140568,0.000398,0.997198,0.074790,0.000000,-3.193083,-1.807187,0,3,18.685800,0.019139,0,0
17.730310,-12.000080,256.248900,440.390000,0,0,0,0,0,0,0.000000,0.000000,0.000000,0.000000,0.688980,0.000000,0.000000,0.000000,0.000000,0.990071,0.140568,0.000398,0.997198,0.074790,0.000000,-3.291183,-1.905012,0,3,18.702810,0.019139,0,0
17.740310,-12.000080,256.215000,440.574100,0,0,0,0,0,0,0.000000,0.000000,0.000000,0.000000,0.688980,0.000000,0.000000,0.000000,0.000000,0.990071,0.140568,0.000398,0.997198,0.074790,0.000000,-3.389282,-2.002837,0,3,18.720320,0.019139,0,0
17.750310,-12.000080,256.180100,440.758200,0,0,0,0,0,0,0.000000,0.000000,0.000000,0.000000,0.688980,0.000000,0.000000,0.000000,0.000000,0.990071,0.140568,0.000398,0.997198,0.074790,0.000000,-3.487382,-2.100662,0,3,18.738330,0.019139,0,0
17.760310,-12.000080,256.144300,440.942400,0,0,0,0,0,0,0.000000,0.000000,0.000000,0.000000,0.688980,0.000000,0.000000,0.000000,0.000000,0.990071,0.140568,0.000398,0.997198,0.074790,0.000000,-3.585482,-2.198488,0,3,18.756840,0.019139,0,0
17.770310,-12.000080,256.107500,441.126500,0,0,0,0,0,0,0.000000,0.000000,0.000000,0.000000,0.688980,0.000000,0.000000,0.000000,0.000000,0.990071,0.140568,0.000398,0.997198,0.074790,0.000000,-3.683582,-2.296313,0,3,18.775840,0.019139,0,0
17.780310,-12.000080,256.069600,441.310600,0,0,0,0,0,0,0.000000,0.000000,0.000000,0.000000,0.688980,0.000000,0.000000,0.000000,0.000000,0.990071,0.140568,0.000398,0.997198,0.074790,0.000000,-3.781682,-2.394138,0,3,18.795330,0.019139,0,0
17.790310,-12.000080,256.030900,441.494700,0,0,0,0,0,0,0.000000,0.000000,0.000000,0.000000,0.688980,0.000000,0.000000,0.000000,0.000000,0.990071,0.140568,0.000398,0.997198,0.074790,0.000000,-3.879782,-2.491963,0,3,18.815310,0.019139,0,0
17.800310,-12.000080,255.991100,441.678800,0,0,0,0,0,0,0.000000,0.000000,0.000000,0.000000,0.688980,0.000000,0.000000,0.000000,0.000000,0.990071,0.140568,0.000398,0.997198,0.074790,0.000000,-3.977882,-2.589788,0,3,18.835780,0.019139,0,0
17.810310,-12.000080,255.950300,441.862900,0,0,0,0,0,0,0.000000,0.000000,0.000000,0.000000,0.688980,0.000000,0.000000,0.000000,0.000000,0.990071,0.140568,0.000398,0.997198,0.074790,0.000000,-4.075982,-2.687613,0,3,18.856750,0.019139,0,0
17.820310,-12.000080,255.908600,442.047000,0,0,0,0,0,0,0.000000,0.000000,0.000000,0.000000,0.688980,0.000000,0.000000,0.000000,0.000000,0.990071,0.140568,0.000398,0.997198,0.074790,0.000000,-4.174082,-2.785439,0,3,18.878190,0.019139,0,0
17.830310,-12.000080,255.865800,442.231100,0,0,0,0,0,0,0.000000,0.000000,0.000000,0.000000,0.688980,0.000000,0.000000,0.000000,0.000000,0.990071,0.140568,0.000398,0.997198,0.074790,0.000000,-4.272182,-2.883264,0,3,18.900130,0.019139,0,0
17.840310,-12.000080,255.822100,442.415300,0,0,0,0,0,0,0.000000,0.000000,0.000000,0.000000,0.688980,0.000000,0.000000,0.000000,0.000000,0.990071,0.140568,0.000398,0.997198,0.074790,0.000000,-4.370283,-2.981089,0,3,18.922540,0.019139,0,0
17.850310,-12.000080,255.777500,442.599400,0,0,0,0,0,0,0.000000,0.000000,0.000000,0.000000,0.688980,0.000000,0.000000,0.000000,0.000000,0.990071,0.140568,0.000398,0.997198,0.074790,0.000000,-4.468383,-3.078914,0,3,18.945440,0.019139,0,0
17.860310,-12.000080,255.731800,442.783500,0,0,0,0,0,0,0.000000,0.000000,0.000000,0.000000,0.688980,0.000000,0.000000,0.000000,0.000000,0.990071,0.140568,0.000398,0.997198,0.074790,0.000000,-4.566483,-3.176740,0,3,18.968820,0.019139,0,0
17.870310,-12.000080,255.685200,442.967600,0,0,0,0,0,0,0.000000,0.000000,0.000000,0.000000,0.688980,0.000000,0.000000,0.000000,0.000000,0.990071,0.140568,0.000398,0.997198,0.074790,0.000000,-4.664583,-3.274565,0,3,18.992670,0.019139,0,0
17.880310,-12.000080,255.637500,443.151700,0,0,0,0,0,0,0.000000,0.000000,0.000000,0.000000,0.688980,0.000000,0.000000,0.000000,0.000000,0.990071,0.140568,0.000398,0.997198,0.074790,0.000000,-4.762683,-3.372391,0,3,19.017000,0.019139,0,0
17.890310,-12.000080,255.588900,443.335800,0,0,0,0,0,0,0.000000,0.000000,0.000000,0.000000,0.688980,0.000000,0.000000,0.000000,0.000000,0.990071,0.140568,0.000398,0.997198,0.074790,0.000000,-4.860784,-3.470216,0,3,19.041810,0.019139,0,0
17.900310,-12.000080,255.539300,443.519900,0,0,0,0,0,0,0.000000,0.000000,0.000000,0.000000,0.688980,0.000000,0.000000,0.000000,0.000000,0.990071,0.140568,0.000398,0.997198,0.074790,0.000000,-4.958884,-3.568041,0,3,19.067090,0.019139,0,0
17.910310,-12.000080,255.488800,443.704000,0,0,0,0,0,0,0.000000,0.000000,0.000000,0.000000,0.688980,0.000000,0.000000,0.000000,0.000000,0.990071,0.140568,0.000398,0.997198,0.074790,0.000000,-5.056984,-3.665867,0,3,19.092840,0.019139,0,0
17.920310,-12.000080,255.437200,443.888200,0,0,0,0,0,0,0.000000,0.000000,0.000000,0.000000,0.688980,0.000000,0.000000,0.000000,0.000000,0.990071,0.140568,0.000398,0.997198,0.074790,0.000000,-5.155084,-3.763692,0,3,19.119050,0.019139,0,0
17.930320,-12.000080,255.384700,444.072300,0,0,0,0,0,0,0.000000,0.000000,0.000000,0.000000,0.688980,0.000000,0.000000,0.000000,0.000000,0.990071,0.140568,0.000398,0.997198,0.074790,0.000000,-5.253184,-3.861517,0,3,19.145740,0.019139,0,0
17.940320,-12.000080,255.331200,444.256400,0,0,0,0,0,0,0.000000,0.000000,0.000000,0.000000,0.688980,0.000000,0.000000,0.000000,0.000000,0.990071,0.140568,0.000398,0.997198,0.074790,0.000000,-5.351285,-3.959343,0,3,19.172890,0.019139,0,0
17.950320,-12.000080,255.276700,444.440500,0,0,0,0,0,0,0.000000,0.000000,0.000000,0.000000,0.688980,0.000000,0.000000,0.000000,0.000000,0.990071,0.140568,0.000398,0.997198,0.074790,0.000000,-5.449385,-4.057168,0,3,19.200500,0.019139,0,0
17.960320,-12.000080,255.221200,444.624600,0,0,0,0,0,0,0.000000,0.000000,0.000000,0.000000,0.688980,0.000000,0.000000,0.000000,0.000000,0.990071,0.140568,0.000398,0.997198,0.074790,0.000000,-5.547485,-4.154994,0,3,19.228570,0.019139,0,0
17.970320,-12.000080,255.164700,444.808700,0,0,0,0,0,0,0.000000,0.000000,0.000000,0.000000,0.688980,0.000000,0.000000,0.000000,0.000000,0.990071,0.140568,0.000398,0.997198,0.074790,0.000000,-5.645585,-4.252819,0,3,19.257100,0.019139,0,0
17.980320,-12.000080,255.107300,444.992800,0,0,0,0,0,0,0.000000,0.000000,0.000000,0.000000,0.688980,0.000000,0.000000,0.000000,0.000000,0.990071,0.140568,0.000398,0.997198,0.074790,0.000000,-5.743685,-4.350644,0,3,19.286090,0.019139,0,0
17.990320,-12.000080,255.048900,445.176900,0,0,0,0,0,0,0.000000,0.000000,0.000000,0.000000,0.688980,0.000000,0.000000,0.000000,0.000000,0.990071,0.140568,0.000398,0.997198,0.074790,0.000000,-5.841785,-4.448469,0,3,19.315530,0.019139,0,0
18.000320,-12.000080,254.989500,445.361100,0,0,0,0,0,0,0.000000,0.000000,0.000000,0.000000,0.688980,0.000000,0.000000,0.000000,0.000000,0.990071,0.140568,0.000398,0.997198,0.074790,0.000000,-5.939886,-4.546295,0,3,19.345430,0.019139,0,0
18.010320,-12.000080,254.929100,445.545200,0,0,0,0,0,0,0.000000,0.000000,0.000000,0.000000,0.688980,0.000000,0.000000,0.000000,0.000000,0.990071,0.140568,0.000398,0.997198,0.074790,0.000000,-6.037986,-4.644120,0,3,19.375770,0.019139,0,0
18.020320,-12.000080,254.867800,445.729300,0,0,0,0,0,0,0.000000,0.000000,0.000000,0.000000,0.688980,0.000000,0.000000,0.000000,0.000000,0.990071,0.140568,0.000398,0.997198,0.074790,0.000000,-6.136086,-4.741945,0,3,19.406570,0.019139,0,0
18.030320,-12.000080,254.805400,445.913400,0,0,0,0,0,0,0.000000,0.000000,0.000000,0.000000,0.688980,0.000000,0.000000,0.000000,0.000000,0.990071,0.140568,0.000398,0.997198,0.074790,0.000000,-6.234186,-4.839771,0,3,19.437810,0.025574,0,0
18.040320,-12.000080,254.742100,446.097500,0,0,0,0,0,0,0.000000,0.000000,0.000000,0.000000,0.688980,0.000000,0.000000,0.000000,0.000000,0.990071,0.140568,0.000398,0.997198,0.074790,0.000000,-6.332286,-4.937596,0,3,19.469490,0.031779,0,0
18.050320,-12.000080,254.677800,446.281600,0,0,0,0,0,0,0.000000,0.000000,0.000000,0.000000,0.688980,0.000000,0.000000,0.000000,0.000000,0.990071,0.140568,0.000398,0.997198,0.074790,0.000000,-6.430387,-5.035421,0,3,19.501620,0.037762,0,0
18.060320,-12.000080,254.612500,446.465700,0,0,0,0,0,0,0.000000,0.000000,0.000000,0.000000,0.688980,0.000000,0.000000,0.000000,0.000000,0.990071,0.140568,0.000398,0.997198,0.074790,0.000000,-6.528487,-5.133247,0,3,19.534190,0.043532,0,0
18.070320,-12.000080,254.546200,446.649800,0,0,0,0,0,0,0.000000,0.000000,0.000000,0.000000,0.688980,0.000000,0.000000,0.000000,0.000000,0.990071,0.140568,0.000398,0.997198,0.074790,0.000000,-6.626587,-5.231072,0,3,19.567190,0.049097,0,0
18.080320,-12.000080,254.479000,446.834000,0,0,0,0,0,0,0.000000,0.000000,0.000000,0.000000,0.688980,0.000000,0.000000,0.000000,0.000000,0.990071,0.140568,0.000398,0.997198,0.074790,0.000000,-6.724687,-5.328897,0,3,19.600630,0.054463,0,0
18.090320,-12.000080,254.410800,447.018100,0,0,0,0,0,0,0.000000,0.000000,0.000000,0.000000,0.688980,0.000000,0.000000,0.000000,0.000000,0.990071,0.140568,0.000398,0.997198,0.074790,0.000000,-6.822787,-5.426723,0,3,19.634500,0.059639,0,0
18.100320,-12.000080,254.341500,447.202200,0,0,0,0,0,0,0.000000,0.000000,0.000000,0.000000,0.688980,0.000000,0.000000,0.000000,0.000000,0.990071,0.140568,0.000398,0.997198,0.074790,0.000000,-6.920887,-5.524548,0,3,19.668810,0.064631,0,0
18.110320,-12.000080,254.271300,447.386300,0,0,0,0,0,0,0.000000,0.000000,0.000000,0.000000,0.688980,0.000000,0.000000,0.000000,0.000000,0.990071,0.140568,0.000398,0.997198,0.074790,0.000000,-7.018988,-5.622374,0,3,19.703540,0.069446,0,0
18.120320,-12.000080,254.200200,447.570400,0,0,0,0,0,0,0.000000,0.000000,0.000000,0.000000,0.688980,0.000000,0.000000,0.000000,0.000000,0.990071,0.140568,0.000398,0.997198,0.074790,0.000000,-7.117088,-5.720199,0,3,19.738700,0.074090,0,0
18.130320,-12.000080,254.128000,447.754500,0,0,0,0,0,0,0.000000,0.000000,0.000000,0.000000,0.688980,0.000000,0.000000,0.000000,0.000000,0.990071,0.140568,0.000398,0.997198,0.074790,0.000000,-7.215188,-5.818024,0,3,19.774280,0.078569,0,0
18.140320,-12.000080,254.054900,447.938600,0,0,0,0,0,0,0.000000,0.000000,0.000000,0.000000,0.688980,0.000000,0.000000,0.000000,0.000000,0.990071,0.140568,0.000398,0.997198,0.074790,0.000000,-7.313288,-5.915850,0,3,19.810290,0.082890,0,0
18.150320,-12.000080,253.980800,448.122700,0,0,0,0,0,0,0.000000,0.000000,0.000000,0.000000,0.688980,0.000000,0.000000,0.000000,0.000000,0.990071,0.140568,0.000398,0.997198,0.074790,0.000000,-7.411388,-6.013675,0,3,19.846710,0.086987,0,0
18.160320,-12.000080,253.905700,448.306900,0,0,0,0,0,0,0.000000,0.000000,0.000000,0.000000,0.688980,0.000000,0.000000,0.000000,0.000000,0.990071,0.140568,0.000398,0.997198,0.074790,0.000000,-7.509489,-6.111500,0,3,19.883550,0.090940,0,0
18.170320,-12.000080,253.829600,448.491000,0,0,0,0,0,0,0.000000,0.000000,0.000000,0.000000,0.688980,0.000000,0.000000,0.000000,0.000000,0.990071,0.140568,0.000398,0.997198,0.074790,0.000000,-7.607589,-6.209326,0,3,19.920810,0.094752,0,0
18.180320,-12.000080,253.752500,448.675100,0,0,0,0,0,0,0.000000,0.000000,0.000000,0.000000,0.688980,0.000000,0.000000,0.000000,0.000000,0.990071,0.140568,0.000398,0.997198,0.074790,0.000000,-7.705689,-6.307151,0,3,19.958480,0.098429,0,0
18.190320,-12.000080,253.674500,448.859200,0,0,0,0,0,0,0.000000,0.000000,0.000000,0.000000,0.688980,0.000000,0.000000,0.000000,0.000000,0.990071,0.140568,0.000398,0.997198,0.074790,0.000000,-7.803789,-6.404976,0,3,19.996560,0.101975,0,0
18.200320,-12.000080,253.595500,449.043300,0,0,0,0,0,0,0.000000,0.000000,0.000000,0.000000,0.688980,0.000000,0.000000,0.000000,0.000000,0.990071,0.140568,0.000398,0.997198,0.074790,0.000000,-7.901889,-6.502802,0,3,20.035050,0.105396,0,0
18.210320,-12.000080,253.515500,449.227400,0,0,0,0,0,0,0.000000,0.000000,0.000000,0.000000,0.688980,0.000000,0.000000,0.000000,0.000000,0.990071,0.140568,0.000398,0.997198,0.074790,0.000000,-7.999990,-6.600627,0,3,20.073940,0.108696,0,0
18.220320,-12.000080,253.434500,449.411500,0,0,0,0,0,0,0.000000,0.000000,0.000000,0.000000,0.688980,0.000000,0.000000,0.000000,0.000000,0.990071,0.140568,0.000398,0.997198,0.074790,0.000000,-8.098089,-6.698452,0,3,20.113240,0.111879,0,0
18.230320,-12.000080,253.352600,449.595600,0,0,0,0,0,0,0.000000,0.000000,0.000000,0.000000,0.688980,0.000000,0.000000,0.000000,0.000000,0.990071,0.140568,0.000398,0.997198,0.074790,0.000000,-8.196189,-6.796277,0,3,20.152940,0.114949,0,0
18.240320,-12.000080,253.269600,449.779800,0,0,0,0,0,0,0.000000,0.000000,0.000000,0.000000,0.688980,0.000000,0.000000,0.000000,0.000000,0.990071,0.140568,0.000398,0.997198,0.074790,0.000000,-8.294289,-6.894102,0,3,20.193030,0.117910,0,0
18.250320,-12.000080,253.185700,449.963900,0,0,0,0,0,0,0.000000,0.000000,0.000000,0.000000,0.688980,0.000000,0.000000,0.000000,0.000000,0.990071,0.140568,0.000398,0.997198,0.074790,0.000000,-8.392388,-6.991927,0,3,20.233520,0.120766,0,0
18.260320,-12.000080,253.100800,450.148000,0,0,0,0,0,0,0.000000,0.000000,0.000000,0.000000,0.688980,0.000000,0.000000,0.000000,0.000000,0.990071,0.140568,0.000398,0.997198,0.074790,0.000000,-8.490488,-7.089751,0,3,20.274410,0.123521,0,0
18.270320,-12.000080,253.014900,450.332100,0,0,0,0,0,0,0.000000,0.000000,0.000000,0.000000,0.688980,0.000000,0.000000,0.000000,0.000000,0.990071,0.140568,0.000398,0.997198,0.074790,0.000000,-8.588588,-7.187576,0,3,20.315690,0.126177,0,0
18.280320,-12.000080,252.928000,450.516200,0,0,0,0,0,0,0.000000,0.000000,0.000000,0.000000,0.688980,0.000000,0.000000,0.000000,0.000000,0.990071,0.140568,0.000398,0.997198,0.074790,0.000000,-8.686687,-7.285401,0,3,20.357350,0.128739,0,0
18.290320,-12.000080,252.840200,450.700300,0,0,0,0,0,0,0.000000,0.000000,0.000000,0.000000,0.688980,0.000000,0.000000,0.000000,0.000000,0.990071,0.140568,0.000398,0.997198,0.074790,0.000000,-8.784787,-7.383226,0,3,20.399410,0.131210,0,0
18.300320,-12.000080,252.751400,450.884400,0,0,0,0,0,0,0.000000,0.000000,0.000000,0.000000,0.688980,0.000000,0.000000,0.000000,0.000000,0.990071,0.140568,0.000398,0.997198,0.074790,0.000000,-8.882887,-7.481051,0,3,20.441840,0.133592,0,0
18.310320,-12.000080,252.661500,451.068500,0,0,0,0,0,0,0.000000,0.000000,0.000000,0.000000,0.688980,0.000000,0.000000,0.000000,0.000000,0.990071,0.140568,0.000398,0.997198,0.074790,0.000000,-8.980987,-7.578876,0,3,20.484660,0.135889,0,0
18.320320,-12.000080,252.570800,451.252700,0,0,0,0,0,0,0.000000,0.000000,0.000000,0.000000,0.688980,0.000000,0.000000,0.000000,0.000000,0.990071,0.140568,0.000398,0.997198,0.074790,0.000000,-9.079086,-7.676701,0,3,20.527860,0.138105,0,0
18.330320,-12.000080,252.479000,451.436800,0,0,0,0,0,0,0.000000,0.000000,0.000000,0.000000,0.688980,0.000000,0.000000,0.000000,0.000000,0.990071,0.140568,0.000398,0.997198,0.074790,0.000000,-9.177186,-7.774526,0,3,20.571440,0.140241,0,0
18.340320,-12.000080,252.386200,451.620900,0,0,0,0,0,0,0.000000,0.000000,0.000000,0.000000,0.688980,0.000000,0.000000,0.000000,0.000000,0.990071,0.140568,0.000398,0.997198,0.074790,0.000000,-9.275286,-7.872350,0,3,20.615390,0.142300,0,0
18.350320,-12.000080,252.292500,451.805000,0,0,0,0,0,0,0.000000,0.000000,0.000000,0.000000,0.688980,0.000000,0.000000,0.000000,0.000000,0.990071,0.140568,0.000398,0.997198,0.074790,0.000000,-9.373385,-7.970175,0,3,20.659710,0.144286,0,0
18.360320,-12.000080,252.197800,451.989100,0,0,0,0,0,0,0.000000,0.000000,0.000000,0.000000,0.688980,0.000000,0.000000,0.000000,0.000000,0.990071,0.140568,0.000398,0.997198,0.074790,0.000000,-9.471485,-8.068000,0,3,20.704400,0.146200,0,0
18.370330,-12.000080,252.102100,452.173200,0,0,0,0,0,0,0.000000,0.000000,0.000000,0.000000,0.688980,0.000000,0.000000,0.000000,0.000000,0.990071,0.140568,0.000398,0.997198,0.074790,0.000000,-9.569585,-8.165825,0,3,20.749460,0.148045,0,0
18.380330,-12.000080,252.005400,452.357300,1,1,1,1,2,2,1.001801,1.011139,1.001762,1.011048,1.006405,0.022462,0.975469,0.218989,0.022455,0.975423,0.219192,0.022455,0.975423,0.219192,0.000000,-4.264896,0.000000,1,4,19.441100,-0.478560,0,0
18.390330,-11.998950,251.961800,452.546900,1,1,1,1,2,2,1.000868,1.010171,1.000783,1.010076,1.005430,0.022460,0.975472,0.218976,0.022455,0.975423,0.219192,0.022455,0.975423,0.219192,0.000000,-4.360368,-0.095690,1,4,19.451270,-0.210299,0,0
18.400330,-11.997870,251.917200,452.736300,1,1,1,1,2,2,0.999008,1.007679,0.998930,1.007778,1.003354,0.022190,0.975393,0.219354,0.022185,0.975372,0.219450,0.022432,0.975419,0.219214,0.000000,-4.455800,-0.190901,1,4,19.461910,-0.208085,0,0
18.410330,-11.996820,251.871700,452.925700,1,1,1,1,2,2,0.996180,1.005028,0.996106,1.004958,1.000532,0.022189,0.975423,0.219219,0.022185,0.975372,0.219450,0.022411,0.975415,0.219234,0.000000,-4.551192,-0.286110,1,4,19.473010,-0.205699,0,0
18.420330,-11.995820,251.825300,453.114900,1,1,1,1,2,2,0.992407,1.001078,0.992330,1.001178,0.996754,0.022190,0.975393,0.219354,0.022185,0.975372,0.219450,0.022391,0.975411,0.219253,0.000000,-4.646544,-0.381314,1,4,19.484560,-0.203171,0,0
18.430330,-11.994860,251.777800,453.304000,1,1,1,1,2,2,0.987498,0.996523,0.987608,0.996451,0.992029,0.022186,0.975393,0.219354,0.022185,0.975372,0.219450,0.022373,0.975408,0.219270,0.000000,-4.741855,-0.476508,1,4,19.496570,-0.200509,0,0
18.440330,-11.993940,251.729500,453.493000,1,1,1,1,2,2,0.982046,0.990845,0.982175,0.990774,0.986474,0.021919,0.975335,0.219638,0.021914,0.975320,0.219707,0.022334,0.975400,0.219307,0.000000,-4.837125,-0.571251,1,4,19.509040,-0.197959,0,0
18.450330,-11.993060,251.680100,453.681900,1,1,1,1,2,2,0.975715,0.984205,0.975642,0.984144,0.979893,0.021923,0.975372,0.219476,0.021914,0.975320,0.219707,0.022298,0.975393,0.219342,0.000000,-4.932356,-0.666018,1,4,19.521960,-0.195273,0,0
18.460330,-11.992230,251.629900,453.870600,1,1,1,1,2,2,0.968128,0.976876,0.968141,0.976802,0.972472,0.021649,0.975262,0.219989,0.021644,0.975268,0.219965,0.022241,0.975383,0.219395,0.000000,-5.027546,-0.760364,1,4,19.535340,-0.192711,0,0
18.470330,-11.991430,251.578600,454.059300,1,1,1,1,2,2,0.959682,0.968410,0.959704,0.968350,0.964027,0.021649,0.975262,0.219989,0.021644,0.975268,0.219965,0.022190,0.975373,0.219444,0.000000,-5.122695,-0.854760,1,4,19.549160,-0.190010,0,0
18.480330,-11.990680,251.526500,454.247800,1,1,1,1,2,2,0.950278,0.959032,0.950299,0.958956,0.954627,0.021644,0.975265,0.219975,0.021644,0.975268,0.219965,0.022143,0.975364,0.219489,0.000000,-5.217804,-0.949198,1,4,19.563430,-0.187222,0,0
18.490330,-11.989960,251.473300,454.436300,1,1,1,1,2,2,0.940029,0.948581,0.939945,0.948610,0.944277,0.021649,0.975262,0.219989,0.021644,0.975268,0.219965,0.022100,0.975355,0.219530,0.690147,-5.312872,-1.043671,1,4,19.578150,-0.184358,0,0
18.500330,-11.989290,251.419300,454.624600,1,1,1,1,2,2,0.927985,0.936726,0.928039,0.936683,0.932361,0.021636,0.975007,0.221119,0.021638,0.975021,0.221055,0.022060,0.975327,0.219661,4.977697,-5.401168,-1.129391,1,4,19.592920,-0.181407,0,0
18.510330,-11.988640,251.364800,454.812900,1,1,1,1,2,2,0.916494,0.925166,0.916576,0.925213,0.920895,0.021642,0.975031,0.221011,0.021638,0.975021,0.221055,0.022024,0.975300,0.219781,8.117163,-5.447608,-1.172420,1,4,19.605450,-0.178285,0,0
18.520330,-11.988010,251.310200,455.001300,1,1,1,1,2,2,0.904895,0.913638,0.904957,0.913608,0.909282,0.021637,0.975004,0.221132,0.021638,0.975021,0.221055,0.021991,0.975276,0.219891,10.502630,-5.463410,-1.184239,1,4,19.616150,-0.175203,0,0
18.530330,-11.987400,251.255600,455.189800,1,1,1,1,2,2,0.893379,0.902114,0.893433,0.902071,0.897752,0.021648,0.975007,0.221119,0.021638,0.975021,0.221055,0.021960,0.975255,0.219991,12.281470,-5.455942,-1.172384,1,4,19.625430,-0.172136,0,0
18.540330,-11.986800,251.201300,455.378500,1,1,1,1,2,2,0.882204,0.890864,0.882209,0.890853,0.886531,0.021643,0.974970,0.221281,0.021638,0.975021,0.221055,0.021933,0.975234,0.220083,13.564400,-5.431129,-1.142914,1,4,19.633660,-0.169087,0,0
18.550330,-11.986200,251.147400,455.567400,1,1,1,1,2,2,0.871812,0.880461,0.871804,0.880476,0.876140,0.021634,0.974741,0.222289,0.021633,0.974774,0.222144,0.021907,0.975195,0.220260,14.333870,-5.393818,-1.098896,1,4,19.641220,-0.166053,0,0
18.560330,-11.985620,251.093900,455.756400,1,1,1,1,2,2,0.861694,0.870323,0.861675,0.870332,0.866003,0.021630,0.974750,0.222248,0.021633,0.974774,0.222144,0.021883,0.975159,0.220422,14.873310,-5.349024,-1.047503,1,4,19.648470,-0.163038,0,0
18.570330,-11.985030,251.040900,455.945700,1,1,1,1,2,2,0.852073,0.860749,0.852067,0.860715,0.856391,0.021630,0.974750,0.222248,0.021633,0.974774,0.222144,0.021862,0.975125,0.220570,15.190870,-5.298992,-0.991012,1,4,19.655580,-0.160043,0,0
18.580330,-11.984460,250.988400,456.135200,1,1,1,1,2,2,0.843045,0.851702,0.843046,0.851684,0.847365,0.021632,0.974747,0.222262,0.021633,0.974774,0.222144,0.021842,0.975095,0.220706,15.330560,-5.245890,-0.931622,1,4,19.662710,-0.157059,0,0
18.590330,-11.983880,250.936500,456.324900,1,1,1,1,2,2,0.834604,0.843252,0.834597,0.843239,0.838918,0.021634,0.974750,0.222248,0.021633,0.974774,0.222144,0.021824,0.975067,0.220830,15.337390,-5.191452,-0.871089,1,4,19.669950,-0.154095,0,0
18.600330,-11.983310,250.885100,456.514900,1,1,1,1,2,2,0.826727,0.835385,0.826722,0.835367,0.831044,0.021626,0.974750,0.222248,0.021633,0.974774,0.222144,0.021807,0.975042,0.220943,15.245350,-5.136973,-0.810725,1,4,19.677380,-0.151158,0,0
18.610330,-11.982740,250.834300,456.705000,1,1,1,1,2,2,0.819439,0.828095,0.819452,0.828105,0.823778,0.021633,0.974753,0.222234,0.021633,0.974774,0.222144,0.021792,0.975019,0.221046,15.072320,-5.083419,-0.751498,1,4,19.685030,-0.148243,0,0
18.620330,-11.982170,250.784000,456.895400,1,1,1,1,2,2,0.812718,0.821375,0.812710,0.821364,0.817037,0.021628,0.974747,0.222262,0.021633,0.974774,0.222144,0.021779,0.974998,0.221141,14.853150,-5.031577,-0.694203,1,4,19.692920,-0.145357,0,0
18.630330,-11.981610,250.734200,457.086100,1,1,1,1,2,2,0.806511,0.815157,0.806500,0.815161,0.810831,0.021629,0.974744,0.222276,0.021633,0.974774,0.222144,0.021766,0.974979,0.221227,14.597110,-4.981897,-0.639285,1,4,19.701050,-0.142498,0,0
18.640330,-11.981050,250.684800,457.276900,1,1,1,1,2,2,0.800829,0.809488,0.800804,0.809460,0.805132,0.021632,0.974757,0.222220,0.021633,0.974774,0.222144,0.021755,0.974961,0.221306,14.318000,-4.934736,-0.587096,1,4,19.709400,-0.139666,0,0
18.650330,-11.980500,250.635900,457.467900,1,1,1,1,2,2,0.795161,0.804240,0.795079,0.804221,0.799650,0.021166,0.974671,0.222640,0.021166,0.974683,0.222588,0.021704,0.974937,0.221416,14.054380,-4.890319,-0.537090,1,4,19.717970,-0.136679,0,0
18.660330,-11.979940,250.587400,457.659100,1,1,1,1,2,2,0.790588,0.799459,0.790505,0.799465,0.794985,0.021167,0.974671,0.222640,0.021166,0.974683,0.222588,0.021658,0.974915,0.221517,13.714870,-4.848494,-0.489929,1,4,19.726720,-0.134279,0,0
18.670330,-11.979400,250.539400,457.850500,1,1,1,1,2,2,0.786407,0.794547,0.786319,0.794621,0.790470,0.020690,0.974573,0.223112,0.020699,0.974591,0.223032,0.021575,0.974887,0.221648,13.418820,-4.809999,-0.445589,1,4,19.735670,-0.131713,0,0
18.680330,-11.978860,250.491600,458.042100,1,1,1,1,2,2,0.782457,0.790920,0.782531,0.790826,0.786678,0.020706,0.974573,0.223112,0.020699,0.974591,0.223032,0.021500,0.974862,0.221767,13.072560,-4.774409,-0.404449,1,4,19.744780,-0.129681,0,0
18.690330,-11.978320,250.444200,458.233900,1,1,1,1,2,2,0.779206,0.787485,0.779092,0.787390,0.783241,0.020701,0.974604,0.222977,0.020699,0.974591,0.223032,0.021431,0.974839,0.221876,12.754670,-4.742213,-0.366992,1,4,19.754030,-0.127635,0,0
18.700330,-11.977790,250.397000,458.425800,1,1,1,1,2,2,0.776401,0.784364,0.776376,0.784259,0.780317,0.020237,0.974514,0.223411,0.020233,0.974500,0.223476,0.021328,0.974809,0.222013,12.409410,-4.713132,-0.332147,1,4,19.763420,-0.125424,0,0
18.710330,-11.977270,250.350200,458.617900,1,1,1,1,2,2,0.773774,0.781536,0.773732,0.781434,0.777583,0.020235,0.974521,0.223383,0.020233,0.974500,0.223476,0.021233,0.974783,0.222139,12.122750,-4.687433,-0.301003,1,4,19.772910,-0.123704,0,0
18.720330,-11.976750,250.303500,458.810200,1,1,1,1,2,2,0.771382,0.779301,0.771339,0.779267,0.775303,0.019766,0.974434,0.223803,0.019766,0.974407,0.223919,0.021107,0.974750,0.222292,11.812390,-4.664541,-0.272186,1,4,19.782500,-0.121824,0,0
18.730330,-11.976240,250.257100,459.002500,1,1,1,1,2,2,0.769209,0.777082,0.769175,0.777108,0.773141,0.019770,0.974385,0.224017,0.019766,0.974407,0.223919,0.020992,0.974721,0.222432,11.565170,-4.644688,-0.246745,1,4,19.792170,-0.120380,0,0
18.740330,-11.975740,250.210800,459.195100,1,1,1,1,2,2,0.767322,0.775186,0.767176,0.775115,0.771146,0.019771,0.974412,0.223896,0.019766,0.974407,0.223919,0.020886,0.974694,0.222560,11.356150,-4.627256,-0.224025,1,4,19.801900,-0.118861,0,0
18.750330,-11.975250,250.164700,459.387800,1,1,1,1,2,2,0.765555,0.773409,0.765406,0.773357,0.769382,0.019772,0.974409,0.223910,0.019766,0.974407,0.223919,0.020790,0.974669,0.222677,11.163410,-4.611871,-0.203625,1,4,19.811690,-0.117278,0,0
18.760330,-11.974770,250.118700,459.580600,1,1,1,1,2,2,0.762957,0.770818,0.762929,0.770874,0.766902,0.019759,0.974059,0.225429,0.019759,0.974087,0.225308,0.020701,0.974619,0.222904,11.091960,-4.598374,-0.182929,1,4,19.821510,-0.115634,0,0
18.770330,-11.974300,250.072800,459.773500,1,1,1,1,2,2,0.761677,0.769629,0.761715,0.769670,0.765692,0.019756,0.974087,0.225308,0.019759,0.974087,0.225308,0.020620,0.974573,0.223111,10.819590,-4.585583,-0.163344,1,4,19.831370,-0.113937,0,0
18.780330,-11.973830,250.027100,459.966600,1,1,1,1,2,2,0.760607,0.768561,0.760655,0.768600,0.764627,0.019757,0.974084,0.225322,0.019759,0.974087,0.225308,0.020546,0.974531,0.223300,10.598400,-4.575457,-0.146847,1,4,19.841280,-0.112219,0,0
18.790330,-11.973380,249.981400,460.159700,1,1,1,1,2,2,0.759655,0.767607,0.759704,0.767633,0.763669,0.019760,0.974087,0.225308,0.019759,0.974087,0.225308,0.020478,0.974493,0.223472,10.421700,-4.567493,-0.132892,1,4,19.851220,-0.110469,0,0
18.800330,-11.972930,249.935800,460.353000,1,1,1,1,2,2,0.758793,0.766801,0.758849,0.766789,0.762819,0.019760,0.974056,0.225443,0.019759,0.974087,0.225308,0.020416,0.974458,0.223630,10.277160,-4.561259,-0.121007,1,4,19.861190,-0.108688,0,0
18.810340,-11.972500,249.890200,460.546400,1,1,1,1,2,2,0.758591,0.766543,0.758588,0.766558,0.762573,0.019747,0.973735,0.226826,0.019753,0.973765,0.226696,0.020359,0.974399,0.223894,10.005860,-4.556438,-0.108407,1,4,19.871190,-0.106886,0,0
18.820340,-11.972070,249.844700,460.740000,1,1,1,1,2,2,0.758146,0.766068,0.758116,0.766061,0.762088,0.019743,0.973735,0.226826,0.019753,0.973765,0.226696,0.020307,0.974344,0.224135,9.856862,-4.554268,-0.098978,1,4,19.881210,-0.105078,0,0
18.830340,-11.971650,249.799200,460.933600,1,1,1,1,2,2,0.757688,0.765637,0.757692,0.765630,0.761661,0.019752,0.973732,0.226840,0.019753,0.973765,0.226696,0.020259,0.974294,0.224356,9.745317,-4.553555,-0.091459,1,4,19.891270,-0.103259,0,0
18.840340,-11.971250,249.753600,461.127300,1,1,1,1,2,2,0.757299,0.765218,0.757280,0.765214,0.761247,0.019754,0.973738,0.226812,0.019753,0.973765,0.226696,0.020216,0.974249,0.224557,9.668890,-4.553932,-0.085439,1,4,19.901340,-0.101435,0,0
18.850340,-11.970850,249.708100,461.321200,1,1,1,1,2,2,0.756897,0.764820,0.756875,0.764817,0.760846,0.019755,0.973735,0.226826,0.019753,0.973765,0.226696,0.020176,0.974207,0.224741,9.618029,-4.555058,-0.080532,1,4,19.911430,-0.099606,0,0
18.860340,-11.970470,249.662500,461.515100,1,1,1,1,2,2,0.756487,0.764423,0.756477,0.764419,0.760448,0.019752,0.973732,0.226840,0.019753,0.973765,0.226696,0.020140,0.974169,0.224909,9.587231,-4.556681,-0.076453,1,4,19.921530,-0.097783,0,0
18.870340,-11.970090,249.616900,461.709100,1,1,1,1,2,2,0.756095,0.764015,0.756069,0.764011,0.760040,0.019750,0.973738,0.226812,0.019753,0.973765,0.226696,0.020106,0.974134,0.225063,9.573481,-4.558606,-0.072975,1,4,19.931630,-0.095960,0,0
18.880340,-11.969730,249.571300,461.903300,1,1,1,1,2,2,0.755685,0.763631,0.755679,0.763639,0.759659,0.019758,0.973728,0.226854,0.019753,0.973765,0.226696,0.020076,0.974103,0.225204,9.564870,-4.560667,-0.069900,1,4,19.941750,-0.094149,0,0
18.890340,-11.969370,249.525700,462.097500,1,1,1,1,2,2,0.755269,0.763247,0.755289,0.763238,0.759263,0.019759,0.973725,0.226868,0.019753,0.973765,0.226696,0.020048,0.974074,0.225332,9.567147,-4.562813,-0.067156,1,4,19.951870,-0.092352,0,0
18.900340,-11.969030,249.480000,462.291800,1,1,1,1,2,2,0.754921,0.762843,0.754895,0.762829,0.758862,0.019751,0.973735,0.226826,0.019753,0.973765,0.226696,0.020023,0.974047,0.225449,9.575515,-4.564938,-0.064612,1,4,19.962000,-0.090569,0,0
18.910340,-11.968690,249.434400,462.486300,1,1,1,1,2,2,0.753981,0.762457,0.753863,0.762457,0.758160,0.019125,0.973625,0.227353,0.019127,0.973639,0.227290,0.019946,0.974012,0.225608,9.614884,-4.566981,-0.061146,1,4,19.972120,-0.088808,0,0
18.920340,-11.968360,249.388700,462.680800,1,1,1,1,2,2,0.753810,0.762071,0.753729,0.762068,0.757898,0.019133,0.973625,0.227353,0.019127,0.973639,0.227290,0.019875,0.973980,0.225753,9.572064,-4.568643,-0.057561,1,4,19.982260,-0.087563,0,0
18.930340,-11.968040,249.343000,462.875400,1,1,1,1,2,2,0.753706,0.761158,0.753603,0.761075,0.757339,0.018502,0.973513,0.227880,0.018500,0.973513,0.227884,0.019757,0.973940,0.225936,9.573679,-4.570724,-0.053613,1,4,19.992400,-0.086288,0,0
18.940340,-11.967740,249.297300,463.070200,1,1,1,1,2,2,0.753599,0.761027,0.753454,0.760934,0.757194,0.018503,0.973513,0.227880,0.018500,0.973513,0.227884,0.019649,0.973903,0.226104,9.508262,-4.572790,-0.049967,1,4,20.002550,-0.085490,0,0
18.950340,-11.967430,249.251500,463.265000,1,1,1,1,2,2,0.753423,0.760893,0.753313,0.760778,0.757046,0.018496,0.973520,0.227852,0.018500,0.973513,0.227884,0.019550,0.973869,0.226257,9.467138,-4.575496,-0.047267,1,4,20.012710,-0.084621,0,0
18.960340,-11.967140,249.205700,463.459900,1,1,1,1,2,2,0.753698,0.760754,0.753714,0.760636,0.757175,0.017873,0.973352,0.228620,0.017874,0.973385,0.228478,0.019406,0.973828,0.226448,9.366719,-4.578603,-0.044199,1,4,20.022880,-0.083692,0,0
18.970340,-11.966860,249.159900,463.654900,1,1,1,1,2,2,0.753696,0.760426,0.753810,0.760459,0.757134,0.017873,0.973352,0.228620,0.017874,0.973385,0.228478,0.019274,0.973789,0.226623,9.330385,-4.582690,-0.042468,1,4,20.033060,-0.083214,0,0
18.980340,-11.966590,249.114000,463.850000,1,1,1,1,2,2,0.753751,0.760992,0.753855,0.760894,0.757375,0.017248,0.973236,0.229161,0.017248,0.973257,0.229072,0.019099,0.973744,0.226834,9.233912,-4.587132,-0.040357,1,4,20.043250,-0.082633,0,0
18.990340,-11.966330,249.068100,464.045200,1,1,1,1,2,2,0.754025,0.760945,0.753873,0.760887,0.757380,0.017246,0.973271,0.229012,0.017248,0.973257,0.229072,0.018940,0.973702,0.227026,9.213045,-4.592514,-0.039576,1,4,20.053450,-0.082465,0,0
19.000340,-11.966070,249.022100,464.240500,1,1,1,1,2,2,0.753756,0.760964,0.753873,0.760880,0.757376,0.017245,0.973274,0.228998,0.017248,0.973257,0.229072,0.018794,0.973663,0.227203,9.207364,-4.598100,-0.039339,1,4,20.063660,-0.082152,0,0
19.010340,-11.965830,248.976100,464.435900,1,1,1,1,2,2,0.753711,0.760893,0.753818,0.760824,0.757321,0.017246,0.973271,0.229012,0.017248,0.973257,0.229072,0.018661,0.973628,0.227363,9.220154,-4.603742,-0.039463,1,4,20.073880,-0.081709,0,0
19.020340,-11.965590,248.930000,464.631300,1,1,1,1,2,2,0.752912,0.760016,0.752901,0.759938,0.756420,0.017238,0.972910,0.230543,0.017242,0.972916,0.230518,0.018539,0.973567,0.227635,9.324478,-4.609260,-0.037172,1,4,20.084110,-0.081166,0,0
19.030340,-11.965370,248.883800,464.826900,1,1,1,1,2,2,0.753195,0.760119,0.753105,0.760116,0.756611,0.017242,0.972909,0.230543,0.017242,0.972916,0.230518,0.018427,0.973511,0.227883,9.217948,-4.613763,-0.034311,1,4,20.094360,-0.080516,0,0
19.040340,-11.965150,248.837600,465.022600,1,1,1,1,2,2,0.753376,0.760297,0.753301,0.760302,0.756801,0.017239,0.972906,0.230557,0.017242,0.972916,0.230518,0.018325,0.973460,0.228110,9.149065,-4.619306,-0.032947,1,4,20.104620,-0.079805,0,0
19.050340,-11.964940,248.791400,465.218400,1,1,1,1,2,2,0.753534,0.760431,0.753420,0.760435,0.756928,0.017237,0.972913,0.230529,0.017242,0.972916,0.230518,0.018232,0.973413,0.228317,9.118905,-4.625520,-0.032668,1,4,20.114890,-0.079019,0,0
19.060340,-11.964740,248.745100,465.414200,1,1,1,1,2,2,0.753498,0.760513,0.753502,0.760495,0.756998,0.017239,0.972938,0.230423,0.017242,0.972916,0.230518,0.018147,0.973370,0.228506,9.115354,-4.632029,-0.033052,1,4,20.125180,-0.078163,0,0
19.070340,-11.964550,248.698700,465.610200,1,1,1,1,2,2,0.754239,0.761259,0.754208,0.761246,0.757727,0.017235,0.972574,0.231953,0.017235,0.972572,0.231962,0.018068,0.973301,0.228804,8.937922,-4.638571,-0.031227,1,4,20.135480,-0.077253,0,0
19.080340,-11.964370,248.652200,465.806200,1,1,1,1,2,2,0.754524,0.761544,0.754497,0.761509,0.758003,0.017237,0.972567,0.231982,0.017235,0.972572,0.231962,0.017997,0.973239,0.229076,8.899310,-4.646843,-0.031696,1,4,20.145800,-0.076308,0,0
19.090340,-11.964200,248.605700,466.002300,1,1,1,1,2,2,0.754709,0.761749,0.754705,0.761724,0.758215,0.017236,0.972571,0.231967,0.017235,0.972572,0.231962,0.017931,0.973181,0.229324,8.893937,-4.655491,-0.033027,1,4,20.156140,-0.075309,0,0
19.100340,-11.964040,248.559000,466.198500,1,1,1,1,2,2,0.754885,0.761925,0.754846,0.761865,0.758356,0.017234,0.972578,0.231939,0.017235,0.972572,0.231962,0.017871,0.973129,0.229551,8.913462,-4.664191,-0.034844,1,4,20.166490,-0.074275,0,0
19.110340,-11.963880,248.512300,466.394800,1,1,1,1,2,2,0.754974,0.761994,0.754928,0.761977,0.758452,0.017235,0.972574,0.231953,0.017235,0.972572,0.231962,0.017817,0.973081,0.229759,8.946090,-4.672701,-0.036863,1,4,20.176860,-0.073214,0,0
19.120340,-11.963740,248.465500,466.591200,1,1,1,1,2,2,0.755004,0.762019,0.754957,0.761999,0.758478,0.017232,0.972571,0.231967,0.017235,0.972572,0.231962,0.017767,0.973037,0.229948,8.992386,-4.680892,-0.038918,1,4,20.187240,-0.072130,0,0
19.130340,-11.963600,248.418600,466.787700,1,1,1,1,2,2,0.754974,0.762014,0.754935,0.761947,0.758441,0.017238,0.972578,0.231939,0.017235,0.972572,0.231962,0.017721,0.972997,0.230122,9.046733,-4.688632,-0.040840,1,4,20.197630,-0.071028,0,0
19.140340,-11.963470,248.371600,466.984200,1,1,1,1,2,2,0.754907,0.761929,0.754876,0.761881,0.758378,0.017244,0.972571,0.231967,0.017235,0.972572,0.231962,0.017679,0.972960,0.230280,9.099703,-4.695843,-0.042522,1,4,20.208030,-0.069908,0,0
19.150340,-11.963360,248.324600,467.180800,1,1,1,1,2,2,0.754753,0.761773,0.754757,0.761769,0.758263,0.017241,0.972567,0.231982,0.017235,0.972572,0.231962,0.017641,0.972927,0.230425,9.155869,-4.702537,-0.043951,1,4,20.218430,-0.068779,0,0
19.160340,-11.963240,248.277500,467.377600,1,1,1,1,2,2,0.753807,0.761635,0.753658,0.761602,0.757630,0.016494,0.972443,0.232557,0.016498,0.972418,0.232660,0.017542,0.972883,0.230617,9.266232,-4.708683,-0.043827,1,4,20.228840,-0.067667,0,0
19.170340,-11.963140,248.230400,467.574400,1,1,1,1,2,2,0.750652,0.754401,0.750590,0.754334,0.752462,0.008621,0.973829,0.227118,0.008618,0.973811,0.227198,0.016775,0.972966,0.230324,10.420740,-4.713756,-0.052762,1,4,20.239260,-0.067296,0,0
19.180340,-11.963040,248.183300,467.771400,1,1,1,1,2,2,0.751445,0.755171,0.751503,0.755229,0.753366,0.009480,0.974593,0.223781,0.008618,0.974616,0.223719,0.016073,0.973113,0.229756,10.336620,-4.707588,-0.055852,1,4,20.249610,-0.072284,0,0
19.190340,-11.962950,248.136300,467.968400,1,1,1,1,2,2,0.751797,0.755500,0.751793,0.755515,0.753654,0.009569,0.975401,0.220232,0.008619,0.975411,0.220227,0.015431,0.973316,0.228938,10.516140,-4.702229,-0.065024,1,4,20.259890,-0.077486,0,0
19.200340,-11.962870,248.089300,468.165600,1,1,1,1,2,2,0.751336,0.755206,0.751491,0.755206,0.753349,0.009404,0.976165,0.216829,0.008619,0.976196,0.216721,0.014845,0.973572,0.227888,10.878340,-4.695107,-0.077215,1,4,20.270080,-0.081844,0,0
19.210340,-11.962790,248.042500,468.362900,1,1,1,1,2,2,0.750783,0.754332,0.751120,0.754294,0.752707,0.009039,0.976999,0.213054,0.007882,0.976823,0.213902,0.014246,0.973861,0.226687,11.290670,-4.684440,-0.088974,1,4,20.280140,-0.085417,0,0
19.220340,-11.962720,247.995800,468.560400,1,1,1,1,2,2,0.740354,0.740772,0.740356,0.740774,0.740565,0.000716,0.978813,0.204755,0.000000,0.978790,0.204865,0.013020,0.974313,0.224815,14.022420,-4.669735,-0.110647,1,4,20.290040,-0.087919,0,0
19.230340,-11.962660,247.949500,468.758100,1,1,1,1,2,2,0.755373,0.745838,0.736075,0.736464,0.736270,0.000425,0.984548,0.175117,0.000000,0.980239,0.197819,0.011900,0.974858,0.222499,14.891220,-4.628378,-0.114256,1,4,20.299630,-0.094688,0,0
19.240350,-11.962600,247.903700,468.955900,1,1,1,1,2,2,0.729744,0.730118,0.729716,0.730090,0.729903,0.000874,0.981291,0.192530,0.000000,0.981292,0.192526,0.010876,0.975454,0.219928,16.049840,-4.578503,-0.114524,1,4,20.308950,-0.102736,0,0
19.250350,-11.962550,247.858600,469.154000,1,1,1,1,2,2,0.723724,0.724175,0.723738,0.724097,0.723917,0.000977,0.982637,0.185538,0.000000,0.982658,0.185426,0.009940,0.976126,0.216970,17.053560,-4.517269,-0.111316,1,4,20.317980,-0.109562,0,0
19.260350,-11.962500,247.814100,469.352400,1,1,1,1,2,2,0.717018,0.717361,0.717037,0.717382,0.717210,-0.000743,0.983975,0.178304,0.000000,0.983977,0.178297,0.009085,0.976866,0.213655,18.123760,-4.446168,-0.105537,1,4,20.326700,-0.115716,0,0
19.270350,-11.962450,247.770500,469.551000,1,1,1,1,2,2,0.699927,0.706912,0.709755,0.710093,0.709924,0.000000,0.987895,0.155123,0.000000,0.985247,0.171139,0.008304,0.977662,0.210011,19.203010,-4.364531,-0.095939,1,4,20.335090,-0.121057,0,0
19.280350,-11.962420,247.727700,469.749800,1,1,1,1,2,2,0.702585,0.665453,0.702668,0.702289,0.702478,-0.000570,0.992354,0.123425,0.000000,0.986319,0.164849,0.007589,0.978492,0.206140,20.160460,-4.272247,-0.080301,1,4,20.343160,-0.125718,0,0
19.290350,-11.962380,247.686000,469.949000,1,1,1,1,2,2,0.694474,0.694779,0.694465,0.694774,0.694620,-0.001586,0.987361,0.158477,0.000000,0.987353,0.158539,0.006937,0.979347,0.202061,21.062720,-4.170490,-0.059473,1,4,20.350930,-0.129840,0,0
19.300350,-11.962360,247.645400,470.148500,1,1,1,1,2,2,0.685919,0.686206,0.685942,0.686229,0.686086,0.000421,0.988480,0.151351,0.000000,0.988486,0.151310,0.006340,0.980238,0.197713,22.002310,-4.059783,-0.035263,1,4,20.358420,-0.133419,0,0
19.310350,-11.962340,247.606000,470.348300,1,1,1,1,2,2,0.677117,0.677390,0.677183,0.677462,0.677322,-0.000008,0.989546,0.144217,0.000000,0.989570,0.144057,0.005795,0.981158,0.193116,22.878750,-3.939743,-0.006863,1,4,20.365640,-0.136456,0,0
19.320350,-11.962330,247.567900,470.548500,1,1,1,1,2,2,0.668188,0.668552,0.668269,0.668526,0.668398,-0.001224,0.990611,0.136708,0.000000,0.990602,0.136780,0.005297,0.982098,0.188290,23.685280,-3.810970,0.025501,1,4,20.372640,-0.139055,0,0
19.330350,-11.962330,247.531200,470.748900,1,1,1,1,2,2,0.659275,0.659519,0.659271,0.659513,0.659392,0.000127,0.991551,0.129715,0.000000,0.991582,0.129481,0.004841,0.983053,0.183251,24.415740,-3.674134,0.061498,1,4,20.379430,-0.141256,0,0
19.340350,-11.962330,247.495900,470.949700,1,1,1,1,2,2,0.650269,0.650480,0.650265,0.650492,0.650379,0.001717,0.992517,0.122094,0.000000,0.992510,0.122160,0.004425,0.984017,0.178018,25.067270,-3.529968,0.100709,1,4,20.386040,-0.143091,0,0
19.350350,-11.962340,247.462100,471.150800,1,1,1,1,2,2,0.649270,0.641469,0.641291,0.641503,0.641397,-0.000290,0.994179,0.107742,0.000000,0.993386,0.114820,0.004045,0.984982,0.172604,25.644670,-3.379238,0.142660,1,4,20.392500,-0.144591,0,0
19.360350,-11.962370,247.429900,471.352200,1,1,1,1,2,2,0.667720,0.660478,0.631369,0.631567,0.631468,0.000119,0.998886,0.047191,0.000000,0.994008,0.109310,0.003697,0.985919,0.167180,26.253640,-3.222663,0.190160,1,4,20.398820,-0.145784,0,0
19.370350,-11.962400,247.399300,471.554000,1,1,1,1,2,2,0.622614,0.622938,0.622646,0.622836,0.622741,0.000028,0.994797,0.101874,0.000000,0.994791,0.101937,0.003379,0.986852,0.161589,26.581350,-3.059932,0.240250,1,4,20.405070,-0.146639,0,0
19.380350,-11.962440,247.370300,471.756000,1,1,1,1,2,2,0.614047,0.614226,0.614104,0.614278,0.614191,-0.000989,0.995538,0.094362,0.000000,0.995520,0.094548,0.003089,0.987776,0.155844,26.876080,-2.893812,0.290386,1,4,20.411240,-0.147305,0,0
19.390350,-11.962490,247.343100,471.958400,1,1,1,1,2,2,0.605678,0.605949,0.605758,0.605910,0.605834,0.001848,0.996196,0.087117,0.000000,0.996196,0.087143,0.002823,0.988688,0.149956,27.136730,-2.724628,0.340489,1,4,20.417320,-0.147716,0,0
19.400350,-11.962550,247.317600,472.161000,1,1,1,1,2,2,0.597549,0.597939,0.597634,0.597778,0.597706,-0.000413,0.996826,0.079613,0.000000,0.996817,0.079723,0.002581,0.989583,0.143935,27.359660,-2.552716,0.390442,1,4,20.423310,-0.147890,0,0
19.410350,-11.962620,247.293800,472.364000,1,1,1,1,2,2,0.589773,0.589902,0.589749,0.589878,0.589814,-0.001113,0.997387,0.072231,0.000000,0.997384,0.072290,0.002359,0.990458,0.137793,27.547890,-2.378452,0.440083,1,4,20.429180,-0.147853,0,0
19.420350,-11.962710,247.271700,472.567100,1,1,1,1,2,2,0.577517,0.582120,0.582127,0.582241,0.582184,0.001041,0.998197,0.060020,0.000000,0.997895,0.064845,0.002156,0.991309,0.131538,27.700170,-2.202182,0.489260,1,4,20.434920,-0.147619,0,0
19.430350,-11.962800,247.251500,472.770500,1,1,1,1,2,2,0.551853,0.559301,0.575615,0.574861,0.575238,0.000000,0.999846,0.017551,0.000000,0.998298,0.058319,0.001971,0.992122,0.125259,27.704160,-2.024267,0.539430,1,4,20.440520,-0.147211,0,0
19.440350,-11.962910,247.233000,472.974100,1,1,1,1,2,2,0.526107,0.534030,0.568518,0.568610,0.568564,0.000000,0.999675,-0.025478,0.000000,0.998658,0.051787,0.001801,0.992898,0.118956,27.670180,-1.846187,0.589147,1,4,20.445940,-0.146668,0,0
19.450350,-11.963030,247.216400,473.177900,1,1,1,1,2,2,0.561624,0.561835,0.561696,0.561772,0.561734,0.000087,0.999015,0.044384,0.000000,0.999018,0.044316,0.001647,0.993644,0.112553,27.725140,-1.668328,0.636414,1,4,20.451150,-0.145958,0,0
19.460350,-11.963150,247.201500,473.382000,1,1,1,1,2,2,0.555180,0.555368,0.555121,0.555189,0.555155,-0.000119,0.999324,0.036751,0.000000,0.999321,0.036837,0.001505,0.994359,0.106055,27.769650,-1.489818,0.682286,1,4,20.456170,-0.145100,0,0
19.470350,-11.963300,247.188400,473.586200,1,1,1,1,2,2,0.548726,0.548789,0.548815,0.548868,0.548842,-0.000242,0.999572,0.029249,0.000000,0.999569,0.029352,0.001376,0.995039,0.099472,27.799340,-1.310767,0.726819,1,4,20.460950,-0.144124,0,0
19.480350,-11.963450,247.177000,473.790500,1,1,1,1,2,2,0.542694,0.542725,0.542773,0.542811,0.542792,-0.000580,0.999766,0.021620,0.000000,0.999761,0.021862,0.001258,0.995683,0.092809,27.814870,-1.131333,0.770007,1,4,20.465490,-0.143041,0,0
19.490350,-11.963610,247.167500,473.995000,1,1,1,1,2,2,0.536898,0.536924,0.536989,0.537004,0.536997,-0.000231,0.999895,0.014498,0.000000,0.999897,0.014368,0.001150,0.996288,0.086073,27.818260,-0.951668,0.811837,1,4,20.469760,-0.141863,0,0
19.500350,-11.963790,247.159800,474.199600,1,1,1,1,2,2,0.531502,0.531507,0.531463,0.531471,0.531467,0.000759,0.999974,0.007122,0.000000,0.999976,0.006872,0.001051,0.996852,0.079271,27.807060,-0.771902,0.852320,1,4,20.473730,-0.140602,0,0
19.510350,-11.963980,247.153900,474.404200,1,1,1,1,2,2,0.526234,0.526230,0.526204,0.526204,0.526204,-0.000890,1.000000,-0.000511,0.000000,1.000000,-0.000625,0.000961,0.997374,0.072407,27.781880,-0.592194,0.891424,1,4,20.477370,-0.139267,0,0
19.520350,-11.964180,247.149800,474.609000,1,1,1,1,2,2,0.521232,0.521218,0.521206,0.521191,0.521198,-0.001518,0.999966,-0.008139,0.000000,0.999967,-0.008122,0.000878,0.997853,0.065487,27.745350,-0.412694,0.929115,1,4,20.480660,-0.137866,0,0
19.530350,-11.964400,247.147400,474.813800,1,1,1,1,2,2,0.516368,0.516341,0.516453,0.516423,0.516438,0.000159,0.999880,-0.015515,0.000000,0.999878,-0.015618,0.000803,0.998286,0.058516,27.699700,-0.233529,0.965386,1,4,20.483590,-0.136409,0,0
19.540350,-11.964620,247.146900,475.018700,1,1,1,1,2,2,0.511863,0.511821,0.511947,0.511909,0.511928,0.000119,0.999732,-0.023145,0.000000,0.999733,-0.023111,0.000734,0.998673,0.051498,27.643880,-0.054801,1.000240,1,4,20.486110,-0.134907,0,0
19.550350,-11.964860,247.148100,475.223600,1,1,1,1,2,2,0.507750,0.507688,0.507697,0.507643,0.507670,0.000195,0.999534,-0.030526,0.000000,0.999532,-0.030600,0.000671,0.999012,0.044438,27.578130,0.123373,1.033664,1,4,20.488210,-0.133362,0,0
19.560350,-11.965110,247.151100,475.428400,1,1,1,1,2,2,0.503606,0.501187,0.503671,0.503602,0.503636,-0.000278,0.999182,-0.040440,0.000000,0.999275,-0.038084,0.000613,0.999302,0.037339,27.507550,0.300881,1.065643,1,4,20.489870,-0.131782,0,0
19.570350,-11.965370,247.155900,475.633300,1,1,1,1,2,2,0.499814,0.499740,0.499878,0.499801,0.499840,-0.001125,0.998963,-0.045528,0.000000,0.998962,-0.045562,0.000560,0.999543,0.030206,27.429170,0.477662,1.096210,1,4,20.491070,-0.130171,0,0
19.580350,-11.965640,247.162400,475.838100,1,1,1,1,2,2,0.462556,0.454889,0.496311,0.496220,0.496265,0.000800,0.999746,0.022547,0.000000,0.998593,-0.053032,0.000512,0.999734,0.023042,27.345580,0.653623,1.125362,1,4,20.491780,-0.128541,0,0
19.590350,-11.965930,247.170700,476.042800,1,1,1,1,2,2,0.472543,0.465290,0.492963,0.492857,0.492910,0.000286,0.999940,-0.010938,0.000000,0.998169,-0.060493,0.000468,0.999874,0.015850,27.257100,0.828699,1.153116,1,4,20.491980,-0.126889,0,0
19.600350,-11.966220,247.180700,476.247500,1,1,1,1,2,2,0.482482,0.475509,0.488970,0.488848,0.488909,0.001888,0.998973,-0.045272,0.000000,0.997814,-0.066087,0.000428,0.999961,0.008794,27.236810,1.002827,1.182770,1,4,20.491660,-0.125239,0,0
19.610350,-11.966530,247.192500,476.452100,1,1,1,1,2,2,0.486070,0.485821,0.486052,0.485922,0.485987,0.000787,0.997285,-0.073633,0.000000,0.997293,-0.073530,0.000391,0.999998,0.001703,27.044730,1.176675,1.211504,1,4,20.490880,-0.123553,0,0
19.620350,-11.966840,247.206000,476.656500,1,1,1,1,2,2,0.483364,0.483229,0.483330,0.483193,0.483262,0.000151,0.996723,-0.080892,0.000000,0.996717,-0.080960,0.000358,0.999985,-0.005419,26.880600,1.348511,1.237686,1,4,20.489530,-0.121872,0,0
19.630350,-11.967170,247.221200,476.860800,1,1,1,1,2,2,0.480843,0.480695,0.480790,0.480638,0.480714,-0.000302,0.996075,-0.088511,0.000000,0.996087,-0.088378,0.000327,0.999921,-0.012569,26.738740,1.518602,1.261675,1,4,20.487590,-0.120189,0,0
19.640350,-11.967510,247.238100,477.065000,1,1,1,1,2,2,0.478373,0.478344,0.478432,0.478273,0.478353,0.002150,0.995403,-0.095757,0.000000,0.995402,-0.095781,0.000299,0.999805,-0.019743,26.610400,1.687159,1.283768,1,4,20.485060,-0.118503,0,0
19.650350,-11.967860,247.257900,477.268400,1,1,1,1,2,2,0.477548,0.477489,0.477577,0.477410,0.477493,0.000433,0.994666,-0.103148,0.000000,0.994664,-0.103167,0.000273,0.999637,-0.026936,22.972890,1.984131,1.435391,1,4,20.441080,-0.134145,0,0
19.660350,-11.968220,247.279900,477.471300,1,1,1,1,2,2,0.477425,0.477220,0.477439,0.477249,0.477344,0.000811,0.993860,-0.110642,0.000000,0.993872,-0.110537,0.000250,0.999417,-0.034148,22.657050,2.143941,1.449013,1,4,20.426600,-0.118599,0,0
19.670350,-11.968590,247.303500,477.673900,1,1,1,1,1,1,0.478197,0.478010,0.478124,0.477957,0.478041,0.002201,0.994862,-0.101216,0.000000,0.994851,-0.101352,0.000228,0.999202,-0.039942,21.732390,2.292942,1.480899,1,4,20.413600,-0.115867,0,0
19.680360,-11.968970,247.328600,477.876100,1,1,1,1,1,1,0.478002,0.477804,0.478057,0.477875,0.477966,-0.001311,0.994058,-0.108840,0.000000,0.994072,-0.108727,0.000209,0.998947,-0.045875,21.035730,2.440757,1.509202,1,4,20.396940,-0.115066,0,0
19.690360,-11.969360,247.355100,478.077900,1,1,1,1,1,1,0.484555,0.499875,0.480045,0.479863,0.479954,-0.000008,0.995939,-0.090031,0.000000,0.993662,-0.112409,0.000191,0.998667,-0.051613,19.881770,2.587622,1.540939,1,4,20.377350,-0.113987,0,0
19.700360,-11.969760,247.381900,478.279800,1,1,1,1,1,1,0.478973,0.478777,0.478846,0.478649,0.478748,0.000000,0.992831,-0.119526,0.000000,0.992803,-0.119756,0.000174,0.998346,-0.057492,20.580310,2.686767,1.521556,1,4,20.367850,-0.107862,0,0
19.710360,-11.970170,247.409900,478.481500,1,1,1,1,1,1,0.477223,0.476978,0.477244,0.477017,0.477131,0.000000,0.991884,-0.127148,0.000000,0.991892,-0.127086,0.000159,0.997982,-0.063498,21.240960,2.792759,1.506629,1,4,20.358250,-0.106152,0,0
19.720360,-11.970580,247.438900,478.682900,0,0,0,0,0,0,0.000000,0.000000,0.000000,0.000000,0.477131,0.000000,0.000000,0.000000,0.000000,0.991892,-0.127086,0.000159,0.997982,-0.063498,0.000000,2.905203,1.620479,0,5,20.348530,-0.104935,0,0
19.730360,-11.971000,247.467000,478.884300,0,0,0,0,0,0,0.000000,0.000000,0.000000,0.000000,0.477131,0.000000,0.000000,0.000000,0.000000,0.991892,-0.127086,0.000159,0.997982,-0.063498,0.000000,2.807103,1.522577,0,5,20.334750,-0.001219,0,0
19.740360,-11.971420,247.494100,479.085700,0,0,0,0,0,0,0.000000,0.000000,0.000000,0.000000,0.477131,0.000000,0.000000,0.000000,0.000000,0.991892,-0.127086,0.000159,0.997982,-0.063498,0.000000,2.709003,1.424675,0,5,20.321440,-0.001219,0,0
19.750360,-11.971840,247.520200,479.287000,0,0,0,0,0,0,0.000000,0.000000,0.000000,0.000000,0.477131,0.000000,0.000000,0.000000,0.000000,0.991892,-0.127086,0.000159,0.997982,-0.063498,0.000000,2.610904,1.326773,0,5,20.308600,-0.001219,0,0
19.760360,-11.972260,247.545300,479.488400,0,0,0,0,0,0,0.000000,0.000000,0.000000,0.000000,0.477131,0.000000,0.000000,0.000000,0.000000,0.991892,-0.127086,0.000159,0.997982,-0.063498,0.000000,2.512804,1.228871,0,5,20.296220,-0.001219,0,0
19.770360,-11.972680,247.569500,479.689800,0,0,0,0,0,0,0.000000,0.000000,0.000000,0.000000,0.477131,0.000000,0.000000,0.000000,0.000000,0.991892,-0.127086,0.000159,0.997982,-0.063498,0.000000,2.414704,1.130969,0,5,20.284310,-0.001219,0,0
19.780360,-11.973100,247.592600,479.891200,0,0,0,0,0,0,0.000000,0.000000,0.000000,0.000000,0.477131,0.000000,0.000000,0.000000,0.000000,0.991892,-0.127086,0.000159,0.997982,-0.063498,0.000000,2.316604,1.033067,0,5,20.272860,-0.001219,0,0
19.790360,-11.973520,247.614800,480.092600,0,0,0,0,0,0,0.000000,0.000000,0.000000,0.000000,0.477131,0.000000,0.000000,0.000000,0.000000,0.991892,-0.127086,0.000159,0.997982,-0.063498,0.000000,2.218504,0.935166,0,5,20.261890,-0.001219,0,0
19.800360,-11.973930,247.636000,480.294000,0,0,0,0,0,0,0.000000,0.000000,0.000000,0.000000,0.477131,0.000000,0.000000,0.000000,0.000000,0.991892,-0.127086,0.000159,0.997982,-0.063498,0.000000,2.120404,0.837264,0,5,20.251380,-0.001219,0,0
19.810360,-11.974350,247.656300,480.495400,0,0,0,0,0,0,0.000000,0.000000,0.000000,0.000000,0.477131,0.000000,0.000000,0.000000,0.000000,0.991892,-0.127086,0.000159,0.997982,-0.063498,0.000000,2.022304,0.739362,0,5,20.241340,-0.001219,0,0
19.820360,-11.974770,247.675500,480.696700,0,0,0,0,0,0,0.000000,0.000000,0.000000,0.000000,0.477131,0.000000,0.000000,0.000000,0.000000,0.991892,-0.127086,0.000159,0.997982,-0.063498,0.000000,1.924204,0.641460,0,5,20.231780,-0.001219,0,0
19.830360,-11.975190,247.693800,480.898100,0,0,0,0,0,0,0.000000,0.000000,0.000000,0.000000,0.477131,0.000000,0.000000,0.000000,0.000000,0.991892,-0.127086,0.000159,0.997982,-0.063498,0.000000,1.826104,0.543558,0,5,20.222680,-0.001219,0,0
19.840360,-11.975610,247.711000,481.099500,0,0,0,0,0,0,0.000000,0.000000,0.000000,0.000000,0.477131,0.000000,0.000000,0.000000,0.000000,0.991892,-0.127086,0.000159,0.997982,-0.063498,0.000000,1.728004,0.445656,0,5,20.214060,-0.001219,0,0
19.850360,-11.976030,247.727300,481.300900,0,0,0,0,0,0,0.000000,0.000000,0.000000,0.000000,0.477131,0.000000,0.000000,0.000000,0.000000,0.991892,-0.127086,0.000159,0.997982,-0.063498,0.000000,1.629904,0.347754,0,5,20.205910,-0.001219,0,0
19.860360,-11.976450,247.742600,481.502300,0,0,0,0,0,0,0.000000,0.000000,0.000000,0.000000,0.477131,0.000000,0.000000,0.000000,0.000000,0.991892,-0.127086,0.000159,0.997982,-0.063498,0.000000,1.531804,0.249852,0,5,20.198240,-0.001219,0,0
19.870360,-11.976860,247.757000,481.703700,0,0,0,0,0,0,0.000000,0.000000,0.000000,0.000000,0.477131,0.000000,0.000000,0.000000,0.000000,0.991892,-0.127086,0.000159,0.997982,-0.063498,0.000000,1.433704,0.151950,0,5,20.191030,-0.001219,0,0
19.880360,-11.977280,247.770300,481.905100,0,0,0,0,0,0,0.000000,0.000000,0.000000,0.000000,0.477131,0.000000,0.000000,0.000000,0.000000,0.991892,-0.127086,0.000159,0.997982,-0.063498,0.000000,1.335604,0.054048,0,5,20.184310,-0.001219,0,0
19.890360,-11.977700,247.782700,482.106400,0,0,0,0,0,0,0.000000,0.000000,0.000000,0.000000,0.477131,0.000000,0.000000,0.000000,0.000000,0.991892,-0.127086,0.000159,0.997982,-0.063498,0.000000,1.237504,-0.043854,0,5,20.178050,-0.001219,0,0
19.900360,-11.978120,247.794100,482.307800,0,0,0,0,0,0,0.000000,0.000000,0.000000,0.000000,0.477131,0.000000,0.000000,0.000000,0.000000,0.991892,-0.127086,0.000159,0.997982,-0.063498,0.000000,1.139404,-0.141756,0,5,20.172270,-0.001219,0,0
19.910360,-11.978540,247.804500,482.509200,0,0,0,0,0,0,0.000000,0.000000,0.000000,0.000000,0.477131,0.000000,0.000000,0.000000,0.000000,0.991892,-0.127086,0.000159,0.997982,-0.063498,0.000000,1.041304,-0.239658,0,5,20.166970,-0.001219,0,0
19.920360,-11.978960,247.813900,482.710600,0,0,0,0,0,0,0.000000,0.000000,0.000000,0.000000,0.477131,0.000000,0.000000,0.000000,0.000000,0.991892,-0.127086,0.000159,0.997982,-0.063498,0.000000,0.943204,-0.337560,0,5,20.162140,-0.001219,0,0
19.930360,-11.979380,247.822400,482.912000,0,0,0,0,0,0,0.000000,0.000000,0.000000,0.000000,0.477131,0.000000,0.000000,0.000000,0.000000,0.991892,-0.127086,0.000159,0.997982,-0.063498,0.000000,0.845104,-0.435462,0,5,20.157790,-0.001219,0,0
19.940360,-11.979800,247.829900,483.113400,0,0,0,0,0,0,0.000000,0.000000,0.000000,0.000000,0.477131,0.000000,0.000000,0.000000,0.000000,0.991892,-0.127086,0.000159,0.997982,-0.063498,0.000000,0.747004,-0.533364,0,5,20.153920,-0.001219,0,0
19.950360,-11.980210,247.836400,483.314800,0,0,0,0,0,0,0.000000,0.000000,0.000000,0.000000,0.477131,0.000000,0.000000,0.000000,0.000000,0.991892,-0.127086,0.000159,0.997982,-0.063498,0.000000,0.648904,-0.631266,0,5,20.150520,-0.001219,0,0
19.960360,-11.980630,247.841900,483.516100,0,0,0,0,0,0,0.000000,0.000000,0.000000,0.000000,0.477131,0.000000,0.000000,0.000000,0.000000,0.991892,-0.127086,0.000159,0.997982,-0.063498,0.000000,0.550804,-0.729168,0,5,20.147600,-0.001219,0,0
19.970360,-11.981050,247.846400,483.717500,0,0,0,0,0,0,0.000000,0.000000,0.000000,0.000000,0.477131,0.000000,0.000000,0.000000,0.000000,0.991892,-0.127086,0.000159,0.997982,-0.063498,0.000000,0.452704,-0.827070,0,5,20.145150,-0.001219,0,0
19.980360,-11.981470,247.849900,483.918900,0,0,0,0,0,0,0.000000,0.000000,0.000000,0.000000,0.477131,0.000000,0.000000,0.000000,0.000000,0.991892,-0.127086,0.000159,0.997982,-0.063498,0.000000,0.354604,-0.924972,0,5,20.143190,-0.001219,0,0
19.990360,-11.981890,247.852500,484.120300,0,0,0,0,0,0,0.000000,0.000000,0.000000,0.000000,0.477131,0.000000,0.000000,0.000000,0.000000,0.991892,-0.127086,0.000159,0.997982,-0.063498,0.000000,0.256504,-1.022874,0,5,20.141700,-0.001219,0,0
20.000360,-11.982310,247.854100,484.321700,0,0,0,0,0,0,0.000000,0.000000,0.000000,0.000000,0.477131,0.000000,0.000000,0.000000,0.000000,0.991892,-0.127086,0.000159,0.997982,-0.063498,0.000000,0.158404,-1.120776,0,5,20.140690,-0.001219,0,0
20.010360,-11.982730,247.854700,484.523100,0,0,0,0,0,0,0.000000,0.000000,0.000000,0.000000,0.477131,0.000000,0.000000,0.000000,0.000000,0.991892,-0.127086,0.000159,0.997982,-0.063498,0.000000,0.060304,-1.218678,0,5,20.140160,-0.001219,0,0
20.020360,-11.983140,247.854300,484.724500,0,0,0,0,0,0,0.000000,0.000000,0.000000,0.000000,0.477131,0.000000,0.000000,0.000000,0.000000,0.991892,-0.127086,0.000159,0.997982,-0.063498,0.000000,-0.037796,-1.316580,0,5,20.140100,-0.001219,0,0
20.030360,-11.983560,247.853000,484.925800,0,0,0,0,0,0,0.000000,0.000000,0.000000,0.000000,0.477131,0.000000,0.000000,0.000000,0.000000,0.991892,-0.127086,0.000159,0.997982,-0.063498,0.000000,-0.135896,-1.414482,0,5,20.140530,-0.001219,0,0
20.040360,-11.983980,247.850600,485.127200,0,0,0,0,0,0,0.000000,0.000000,0.000000,0.000000,0.477131,0.000000,0.000000,0.000000,0.000000,0.991892,-0.127086,0.000159,0.997982,-0.063498,0.000000,-0.233996,-1.512384,0,5,20.141430,-0.001219,0,0
20.050360,-11.984400,247.847300,485.328600,0,0,0,0,0,0,0.000000,0.000000,0.000000,0.000000,0.477131,0.000000,0.000000,0.000000,0.000000,0.991892,-0.127086,0.000159,0.997982,-0.063498,0.000000,-0.332096,-1.610286,0,5,20.142810,-0.001219,0,0
20.060360,-11.984820,247.843000,485.530000,0,0,0,0,0,0,0.000000,0.000000,0.000000,0.000000,0.477131,0.000000,0.000000,0.000000,0.000000,0.991892,-0.127086,0.000159,0.997982,-0.063498,0.000000,-0.430196,-1.708188,0,5,20.144660,-0.001219,0,0
20.070360,-11.985240,247.837700,485.731400,0,0,0,0,0,0,0.000000,0.000000,0.000000,0.000000,0.477131,0.000000,0.000000,0.000000,0.000000,0.991892,-0.127086,0.000159,0.997982,-0.063498,0.000000,-0.528296,-1.806090,0,5,20.147000,-0.001219,0,0
20.080360,-11.985660,247.831500,485.932800,0,0,0,0,0,0,0.000000,0.000000,0.000000,0.000000,0.477131,0.000000,0.000000,0.000000,0.000000,0.991892,-0.127086,0.000159,0.997982,-0.063498,0.000000,-0.626396,-1.903992,0,5,20.149810,-0.001219,0,0
20.090360,-11.986080,247.824200,486.134200,0,0,0,0,0,0,0.000000,0.000000,0.000000,0.000000,0.477131,0.000000,0.000000,0.000000,0.000000,0.991892,-0.127086,0.000159,0.997982,-0.063498,0.000000,-0.724496,-2.001894,0,5,20.153100,-0.001219,0,0
20.100360,-11.986490,247.816000,486.335500,0,0,0,0,0,0,0.000000,0.000000,0.000000,0.000000,0.477131,0.000000,0.000000,0.000000,0.000000,0.991892,-0.127086,0.000159,0.997982,-0.063498,0.000000,-0.822596,-2.099796,0,5,20.156860,-0.001219,0,0
20.110360,-11.986910,247.806800,486.536900,0,0,0,0,0,0,0.000000,0.000000,0.000000,0.000000,0.477131,0.000000,0.000000,0.000000,0.000000,0.991892,-0.127086,0.000159,0.997982,-0.063498,0.000000,-0.920696,-2.197698,0,5,20.161100,-0.001219,0,0
20.120370,-11.987330,247.796600,486.738300,0,0,0,0,0,0,0.000000,0.000000,0.000000,0.000000,0.477131,0.000000,0.000000,0.000000,0.000000,0.991892,-0.127086,0.000159,0.997982,-0.063498,0.000000,-1.018796,-2.295600,0,5,20.165820,-0.001219,0,0
20.130370,-11.987750,247.785400,486.939700,0,0,0,0,0,0,0.000000,0.000000,0.000000,0.000000,0.477131,0.000000,0.000000,0.000000,0.000000,0.991892,-0.127086,0.000159,0.997982,-0.063498,0.000000,-1.116896,-2.393502,0,5,20.171010,-0.001219,0,0
20.140370,-11.988170,247.773300,487.141100,0,0,0,0,0,0,0.000000,0.000000,0.000000,0.000000,0.477131,0.000000,0.000000,0.000000,0.000000,0.991892,-0.127086,0.000159,0.997982,-0.063498,0.000000,-1.214996,-2.491404,0,5,20.176680,-0.001219,0,0
20.150370,-11.988590,247.760100,487.342500,0,0,0,0,0,0,0.000000,0.000000,0.000000,0.000000,0.477131,0.000000,0.000000,0.000000,0.000000,0.991892,-0.127086,0.000159,0.997982,-0.063498,0.000000,-1.313096,-2.589306,0,5,20.182830,-0.001219,0,0
20.160370,-11.989010,247.746000,487.543900,0,0,0,0,0,0,0.000000,0.000000,0.000000,0.000000,0.477131,0.000000,0.000000,0.000000,0.000000,0.991892,-0.127086,0.000159,0.997982,-0.063498,0.000000,-1.411196,-2.687208,0,5,20.189450,-0.001219,0,0
20.170370,-11.989420,247.730900,487.745200,0,0,0,0,0,0,0.000000,0.000000,0.000000,0.000000,0.477131,0.000000,0.000000,0.000000,0.000000,0.991892,-0.127086,0.000159,0.997982,-0.063498,0.000000,-1.509295,-2.785110,0,5,20.196540,-0.001219,0,0
20.180370,-11.989840,247.714900,487.946600,0,0,0,0,0,0,0.000000,0.000000,0.000000,0.000000,0.477131,0.000000,0.000000,0.000000,0.000000,0.991892,-0.127086,0.000159,0.997982,-0.063498,0.000000,-1.607395,-2.883012,0,5,20.204110,-0.001219,0,0
20.190370,-11.990260,247.697800,488.148000,0,0,0,0,0,0,0.000000,0.000000,0.000000,0.000000,0.477131,0.000000,0.000000,0.000000,0.000000,0.991892,-0.127086,0.000159,0.997982,-0.063498,0.000000,-1.705495,-2.980913,0,5,20.212150,-0.001219,0,0
20.200370,-11.990680,247.679800,488.349400,0,0,0,0,0,0,0.000000,0.000000,0.000000,0.000000,0.477131,0.000000,0.000000,0.000000,0.000000,0.991892,-0.127086,0.000159,0.997982,-0.063498,0.000000,-1.803595,-3.078815,0,5,20.220660,-0.001219,0,0
20.210370,-11.991100,247.660800,488.550800,0,0,0,0,0,0,0.000000,0.000000,0.000000,0.000000,0.477131,0.000000,0.000000,0.000000,0.000000,0.991892,-0.127086,0.000159,0.997982,-0.063498,0.000000,-1.901695,-3.176717,0,5,20.229650,-0.001219,0,0
20.220370,-11.991520,247.640700,488.752200,0,0,0,0,0,0,0.000000,0.000000,0.000000,0.000000,0.477131,0.000000,0.000000,0.000000,0.000000,0.991892,-0.127086,0.000159,0.997982,-0.063498,0.000000,-1.999795,-3.274619,0,5,20.239110,-0.001219,0,0
20.230370,-11.991940,247.619800,488.953600,0,0,0,0,0,0,0.000000,0.000000,0.000000,0.000000,0.477131,0.000000,0.000000,0.000000,0.000000,0.991892,-0.127086,0.000159,0.997982,-0.063498,0.000000,-2.097895,-3.372521,0,5,20.249040,-0.001219,0,0
20.240370,-11.992360,247.597800,489.154900,0,0,0,0,0,0,0.000000,0.000000,0.000000,0.000000,0.477131,0.000000,0.000000,0.000000,0.000000,0.991892,-0.127086,0.000159,0.997982,-0.063498,0.000000,-2.195995,-3.470423,0,5,20.259440,-0.001219,0,0
20.250370,-11.992770,247.574900,489.356300,0,0,0,0,0,0,0.000000,0.000000,0.000000,0.000000,0.477131,0.000000,0.000000,0.000000,0.000000,0.991892,-0.127086,0.000159,0.997982,-0.063498,0.000000,-2.294095,-3.568325,0,5,20.270300,-0.001219,0,0
20.260370,-11.993190,247.550900,489.557700,0,0,0,0,0,0,0.000000,0.000000,0.000000,0.000000,0.477131,0.000000,0.000000,0.000000,0.000000,0.991892,-0.127086,0.000159,0.997982,-0.063498,0.000000,-2.392195,-3.666227,0,5,20.281640,-0.001219,0,0
20.270370,-11.993610,247.526000,489.759100,0,0,0,0,0,0,0.000000,0.000000,0.000000,0.000000,0.477131,0.000000,0.000000,0.000000,0.000000,0.991892,-0.127086,0.000159,0.997982,-0.063498,0.000000,-2.490295,-3.764129,0,5,20.293440,-0.001219,0,0
20.280370,-11.994030,247.500200,489.960500,0,0,0,0,0,0,0.000000,0.000000,0.000000,0.000000,0.477131,0.000000,0.000000,0.000000,0.000000,0.991892,-0.127086,0.000159,0.997982,-0.063498,0.000000,-2.588395,-3.862031,0,5,20.305720,-0.001219,0,0
20.290370,-11.994450,247.473300,490.161900,0,0,0,0,0,0,0.000000,0.000000,0.000000,0.000000,0.477131,0.000000,0.000000,0.000000,0.000000,0.991892,-0.127086,0.000159,0.997982,-0.063498,0.000000,-2.686495,-3.959933,0,5,20.318450,-0.001219,0,0
20.300370,-11.994870,247.445400,490.363300,0,0,0,0,0,0,0.000000,0.000000,0.000000,0.000000,0.477131,0.000000,0.000000,0.000000,0.000000,0.991892,-0.127086,0.000159,0.997982,-0.063498,0.000000,-2.784595,-4.057835,0,5,20.331660,-0.001219,0,0
20.310370,-11.995290,247.416600,490.564600,0,0,0,0,0,0,0.000000,0.000000,0.000000,0.000000,0.477131,0.000000,0.000000,0.000000,0.000000,0.991892,-0.127086,0.000159,0.997982,-0.063498,0.000000,-2.882695,-4.155737,0,5,20.345330,-0.001219,0,0
20.320370,-11.995700,247.386800,490.766000,0,0,0,0,0,0,0.000000,0.000000,0.000000,0.000000,0.477131,0.000000,0.000000,0.000000,0.000000,0.991892,-0.127086,0.000159,0.997982,-0.063498,0.000000,-2.980795,-4.253639,0,5,20.359460,-0.001219,0,0
20.330370,-11.996120,247.356000,490.967400,0,0,0,0,0,0,0.000000,0.000000,0.000000,0.000000,0.477131,0.000000,0.000000,0.000000,0.000000,0.991892,-0.127086,0.000159,0.997982,-0.063498,0.000000,-3.078895,-4.351541,0,5,20.374050,-0.001219,0,0
20.340370,-11.996540,247.324300,491.168800,0,0,0,0,0,0,0.000000,0.000000,0.000000,0.000000,0.477131,0.000000,0.000000,0.000000,0.000000,0.991892,-0.127086,0.000159,0.997982,-0.063498,0.000000,-3.176995,-4.449442,0,5,20.389100,-0.001219,0,0
20.350370,-11.996960,247.291500,491.370200,0,0,0,0,0,0,0.000000,0.000000,0.000000,0.000000,0.477131,0.000000,0.000000,0.000000,0.000000,0.991892,-0.127086,0.000159,0.997982,-0.063498,0.000000,-3.275095,-4.547345,0,5,20.404620,-0.001219,0,0
20.360370,-11.997380,247.257800,491.571600,0,0,0,0,0,0,0.000000,0.000000,0.000000,0.000000,0.477131,0.000000,0.000000,0.000000,0.000000,0.991892,-0.127086,0.000159,0.997982,-0.063498,0.000000,-3.373194,-4.645247,0,5,20.420600,-0.001219,0,0
20.370370,-11.997800,247.223100,491.772900,0,0,0,0,0,0,0.000000,0.000000,0.000000,0.000000,0.477131,0.000000,0.000000,0.000000,0.000000,0.991892,-0.127086,0.000159,0.997982,-0.063498,0.000000,-3.471294,-4.743148,0,5,20.437030,-0.001219,0,0
20.380370,-11.998220,247.187400,491.974300,0,0,0,0,0,0,0.000000,0.000000,0.000000,0.000000,0.477131,0.000000,0.000000,0.000000,0.000000,0.991892,-0.127086,0.000159,0.997982,-0.063498,0.000000,-3.569394,-4.841050,0,5,20.453920,-0.001219,0,0
20.390370,-11.998640,247.150700,492.175700,0,0,0,0,0,0,0.000000,0.000000,0.000000,0.000000,0.477131,0.000000,0.000000,0.000000,0.000000,0.991892,-0.127086,0.000159,0.997982,-0.063498,0.000000,-3.667494,-4.938952,0,5,20.471270,-0.001219,0,0
20.400370,-11.999050,247.113000,492.377100,0,0,0,0,0,0,0.000000,0.000000,0.000000,0.000000,0.477131,0.000000,0.000000,0.000000,0.000000,0.991892,-0.127086,0.000159,0.997982,-0.063498,0.000000,-3.765594,-5.036854,0,5,20.489070,-0.001219,0,0
20.410370,-11.999470,247.074400,492.578500,0,0,0,0,0,0,0.000000,0.000000,0.000000,0.000000,0.477131,0.000000,0.000000,0.000000,0.000000,0.991892,-0.127086,0.000159,0.997982,-0.063498,0.000000,-3.863694,-5.134756,0,5,20.507330,-0.001219,0,0
20.420370,-11.999890,247.034800,492.779900,0,0,0,0,0,0,0.000000,0.000000,0.000000,0.000000,0.477131,0.000000,0.000000,0.000000,0.000000,0.991892,-0.127086,0.000159,0.997982,-0.063498,0.000000,-3.961794,-5.232658,0,5,20.526040,-0.001219,0,0
20.430370,-12.000310,246.994200,492.981300,0,0,0,0,0,0,0.000000,0.000000,0.000000,0.000000,0.477131,0.000000,0.000000,0.000000,0.000000,0.991892,-0.127086,0.000159,0.997982,-0.063498,0.000000,-4.059894,-5.330560,0,5,20.545200,-0.001219,0,0
20.440370,-12.000730,246.952600,493.182600,0,0,0,0,0,0,0.000000,0.000000,0.000000,0.000000,0.477131,0.000000,0.000000,0.000000,0.000000,0.991892,-0.127086,0.000159,0.997982,-0.063498,0.000000,-4.157994,-5.428462,0,5,20.564810,-0.001219,0,0
20.450370,-12.001150,246.910000,493.384000,0,0,0,0,0,0,0.000000,0.000000,0.000000,0.000000,0.477131,0.000000,0.000000,0.000000,0.000000,0.991892,-0.127086,0.000159,0.997982,-0.063498,0.000000,-4.256094,-5.526364,0,5,20.584870,-0.001219,0,0
20.460370,-12.001570,246.866500,493.585400,0,0,0,0,0,0,0.000000,0.000000,0.000000,0.000000,0.477131,0.000000,0.000000,0.000000,0.000000,0.991892,-0.127086,0.000159,0.997982,-0.063498,0.000000,-4.354195,-5.624267,0,5,20.605370,-0.001219,0,0
20.470370,-12.001980,246.822000,493.786800,0,0,0,0,0,0,0.000000,0.000000,0.000000,0.000000,0.477131,0.000000,0.000000,0.000000,0.000000,0.991892,-0.127086,0.000159,0.997982,-0.063498,0.000000,-4.452295,-5.722169,0,5,20.626320,-0.001219,0,0
20.480370,-12.002400,246.776500,493.988200,0,0,0,0,0,0,0.000000,0.000000,0.000000,0.000000,0.477131,0.000000,0.000000,0.000000,0.000000,0.991892,-0.127086,0.000159,0.997982,-0.063498,0.000000,-4.550395,-5.820071,0,5,20.647720,-0.001219,0,0
20.490370,-12.002820,246.730000,494.189600,0,0,0,0,0,0,0.000000,0.000000,0.000000,0.000000,0.477131,0.000000,0.000000,0.000000,0.000000,0.991892,-0.127086,0.000159,0.997982,-0.063498,0.000000,-4.648495,-5.917973,0,5,20.669560,-0.001219,0,0
20.500370,-12.003240,246.682500,494.391000,0,0,0,0,0,0,0.000000,0.000000,0.000000,0.000000,0.477131,0.000000,0.000000,0.000000,0.000000,0.991892,-0.127086,0.000159,0.997982,-0.063498,0.000000,-4.746595,-6.015875,0,5,20.691850,-0.001219,0,0
20.510370,-12.003660,246.634100,494.592300,0,0,0,0,0,0,0.000000,0.000000,0.000000,0.000000,0.477131,0.000000,0.000000,0.000000,0.000000,0.991892,-0.127086,0.000159,0.997982,-0.063498,0.000000,-4.844696,-6.113778,0,5,20.714570,-0.001219,0,0
20.520370,-12.004080,246.584700,494.793700,0,0,0,0,0,0,0.000000,0.000000,0.000000,0.000000,0.477131,0.000000,0.000000,0.000000,0.000000,0.991892,-0.127086,0.000159,0.997982,-0.063498,0.000000,-4.942796,-6.211679,0,5,20.737730,-0.001219,0,0
20.530370,-12.004500,246.534200,494.995100,0,0,0,0,0,0,0.000000,0.000000,0.000000,0.000000,0.477131,0.000000,0.000000,0.000000,0.000000,0.991892,-0.127086,0.000159,0.997982,-0.063498,0.000000,-5.040896,-6.309582,0,5,20.761330,-0.001219,0,0
20.540370,-12.004920,246.482800,495.196500,0,0,0,0,0,0,0.000000,0.000000,0.000000,0.000000,0.477131,0.000000,0.000000,0.000000,0.000000,0.991892,-0.127086,0.000159,0.997982,-0.063498,0.000000,-5.138996,-6.407484,0,5,20.785370,-0.001219,0,0
20.550370,-12.005330,246.430500,495.397900,0,0,0,0,0,0,0.000000,0.000000,0.000000,0.000000,0.477131,0.000000,0.000000,0.000000,0.000000,0.991892,-0.127086,0.000159,0.997982,-0.063498,0.000000,-5.237096,-6.505386,0,5,20.809840,-0.001219,0,0
20.560380,-12.005750,246.377100,495.599300,0,0,0,0,0,0,0.000000,0.000000,0.000000,0.000000,0.477131,0.000000,0.000000,0.000000,0.000000,0.991892,-0.127086,0.000159,0.997982,-0.063498,0.000000,-5.335196,-6.603288,0,5,20.834750,-0.001219,0,0
20.570380,-12.006170,246.322800,495.800700,0,0,0,0,0,0,0.000000,0.000000,0.000000,0.000000,0.477131,0.000000,0.000000,0.000000,0.000000,0.991892,-0.127086,0.000159,0.997982,-0.063498,0.000000,-5.433297,-6.701190,0,5,20.860080,-0.001219,0,0
20.580380,-12.006590,246.267500,496.002000,0,0,0,0,0,0,0.000000,0.000000,0.000000,0.000000,0.477131,0.000000,0.000000,0.000000,0.000000,0.991892,-0.127086,0.000159,0.997982,-0.063498,0.000000,-5.531397,-6.799093,0,5,20.885850,-0.001219,0,0
20.590380,-12.007010,246.211200,496.203400,0,0,0,0,0,0,0.000000,0.000000,0.000000,0.000000,0.477131,0.000000,0.000000,0.000000,0.000000,0.991892,-0.127086,0.000159,0.997982,-0.063498,0.000000,-5.629497,-6.896995,0,5,20.912040,-0.001219,0,0
20.600380,-12.007430,246.153900,496.404800,0,0,0,0,0,0,0.000000,0.000000,0.000000,0.000000,0.477131,0.000000,0.000000,0.000000,0.000000,0.991892,-0.127086,0.000159,0.997982,-0.063498,0.000000,-5.727597,-6.994897,0,5,20.938670,-0.001219,0,0
20.610380,-12.007850,246.095700,496.606200,0,0,0,0,0,0,0.000000,0.000000,0.000000,0.000000,0.477131,0.000000,0.000000,0.000000,0.000000,0.991892,-0.127086,0.000159,0.997982,-0.063498,0.000000,-5.825697,-7.092799,0,5,20.965710,-0.001219,0,0
20.620380,-12.008260,246.036400,496.807600,0,0,0,0,0,0,0.000000,0.000000,0.000000,0.000000,0.477131,0.000000,0.000000,0.000000,0.000000,0.991892,-0.127086,0.000159,0.997982,-0.063498,0.000000,-5.923798,-7.190701,0,5,20.993180,-0.001219,0,0
20.630380,-12.008680,245.976200,497.009000,0,0,0,0,0,0,0.000000,0.000000,0.000000,0.000000,0.477131,0.000000,0.000000,0.000000,0.000000,0.991892,-0.127086,0.000159,0.997982,-0.063498,0.000000,-6.021898,-7.288604,0,5,21.021070,-0.001219,0,0
20.640380,-12.009100,245.915000,497.210400,0,0,0,0,0,0,0.000000,0.000000,0.000000,0.000000,0.477131,0.000000,0.000000,0.000000,0.000000,0.991892,-0.127086,0.000159,0.997982,-0.063498,0.000000,-6.119998,-7.386506,0,5,21.049390,-0.001219,0,0
20.650380,-12.009520,245.852800,497.411700,0,0,0,0,0,0,0.000000,0.000000,0.000000,0.000000,0.477131,0.000000,0.000000,0.000000,0.000000,0.991892,-0.127086,0.000159,0.997982,-0.063498,0.000000,-6.218098,-7.484408,0,5,21.078120,-0.001219,0,0
20.660380,-12.009940,245.789700,497.613100,0,0,0,0,0,0,0.000000,0.000000,0.000000,0.000000,0.477131,0.000000,0.000000,0.000000,0.000000,0.991892,-0.127086,0.000159,0.997982,-0.063498,0.000000,-6.316198,-7.582310,0,5,21.107270,-0.001219,0,0
20.670380,-12.010360,245.725500,497.814500,0,0,0,0,0,0,0.000000,0.000000,0.000000,0.000000,0.477131,0.000000,0.000000,0.000000,0.000000,0.991892,-0.127086,0.000159,0.997982,-0.063498,0.000000,-6.414299,-7.680212,0,5,21.136830,-0.001219,0,0
20.680380,-12.010780,245.660400,498.015900,0,0,0,0,0,0,0.000000,0.000000,0.000000,0.000000,0.477131,0.000000,0.000000,0.000000,0.000000,0.991892,-0.127086,0.000159,0.997982,-0.063498,0.000000,-6.512399,-7.778115,0,5,21.166810,-0.001219,0,0
20.690380,-12.011200,245.594300,498.217300,0,0,0,0,0,0,0.000000,0.000000,0.000000,0.000000,0.477131,0.000000,0.000000,0.000000,0.000000,0.991892,-0.127086,0.000159,0.997982,-0.063498,0.000000,-6.610499,-7.876017,0,5,21.197190,-0.001219,0,0
20.700380,-12.011610,245.527200,498.418700,0,0,0,0,0,0,0.000000,0.000000,0.000000,0.000000,0.477131,0.000000,0.000000,0.000000,0.000000,0.991892,-0.127086,0.000159,0.997982,-0.063498,0.000000,-6.708599,-7.973919,0,5,21.227990,-0.001219,0,0
20.710380,-12.012030,245.459100,498.620100,0,0,0,0,0,0,0.000000,0.000000,0.000000,0.000000,0.477131,0.000000,0.000000,0.000000,0.000000,0.991892,-0.127086,0.000159,0.997982,-0.063498,0.000000,-6.806699,-8.071821,0,5,21.259200,-0.001219,0,0
20.720380,-12.012450,245.390100,498.821400,0,0,0,0,0,0,0.000000,0.000000,0.000000,0.000000,0.477131,0.000000,0.000000,0.000000,0.000000,0.991892,-0.127086,0.000159,0.997982,-0.063498,0.000000,-6.904799,-8.169724,0,5,21.290810,-0.001219,0,0
20.730380,-12.012870,245.320100,499.022800,0,0,0,0,0,0,0.000000,0.000000,0.000000,0.000000,0.477131,0.000000,0.000000,0.000000,0.000000,0.991892,-0.127086,0.000159,0.997982,-0.063498,0.000000,-7.002900,-8.267626,0,5,21.322830,-0.001219,0,0
20.740380,-12.013290,245.249000,499.224200,0,0,0,0,0,0,0.000000,0.000000,0.000000,0.000000,0.477131,0.000000,0.000000,0.000000,0.000000,0.991892,-0.127086,0.000159,0.997982,-0.063498,0.000000,-7.101000,-8.365528,0,5,21.355250,-0.001219,0,0
20.750380,-12.013710,245.177000,499.425600,0,0,0,0,0,0,0.000000,0.000000,0.000000,0.000000,0.477131,0.000000,0.000000,0.000000,0.000000,0.991892,-0.127086,0.000159,0.997982,-0.063498,0.000000,-7.199100,-8.463429,0,5,21.388070,-0.001219,0,0
20.760380,-12.014130,245.104100,499.627000,0,0,0,0,0,0,0.000000,0.000000,0.000000,0.000000,0.477131,0.000000,0.000000,0.000000,0.000000,0.991892,-0.127086,0.000159,0.997982,-0.063498,0.000000,-7.297200,-8.561332,0,5,21.421290,-0.001219,0,0
20.770380,-12.014540,245.030100,499.828400,0,0,0,0,0,0,0.000000,0.000000,0.000000,0.000000,0.477131,0.000000,0.000000,0.000000,0.000000,0.991892,-0.127086,0.000159,0.997982,-0.063498,0.000000,-7.395300,-8.659234,0,5,21.454900,-0.001219,0,0
20.780380,-12.014960,244.955200,500.029800,0,0,0,0,0,0,0.000000,0.000000,0.000000,0.000000,0.477131,0.000000,0.000000,0.000000,0.000000,0.991892,-0.127086,0.000159,0.997982,-0.063498,0.000000,-7.493401,-8.757136,0,5,21.488910,-0.001219,0,0
20.790380,-12.015380,244.879300,500.231100,0,0,0,0,0,0,0.000000,0.000000,0.000000,0.000000,0.477131,0.000000,0.000000,0.000000,0.000000,0.991892,-0.127086,0.000159,0.997982,-0.063498,0.000000,-7.591501,-8.855039,0,5,21.523320,-0.001219,0,0
20.800380,-12.015800,244.802400,500.432500,0,0,0,0,0,0,0.000000,0.000000,0.000000,0.000000,0.477131,0.000000,0.000000,0.000000,0.000000,0.991892,-0.127086,0.000159,0.997982,-0.063498,0.000000,-7.689601,-8.952941,0,5,21.558120,-0.001219,0,0
20.810380,-12.016220,244.724500,500.633900,0,0,0,0,0,0,0.000000,0.000000,0.000000,0.000000,0.477131,0.000000,0.000000,0.000000,0.000000,0.991892,-0.127086,0.000159,0.997982,-0.063498,0.000000,-7.787701,-9.050843,0,5,21.593300,-0.001219,0,0
20.820380,-12.016640,244.645600,500.835300,0,0,0,0,0,0,0.000000,0.000000,0.000000,0.000000,0.477131,0.000000,0.000000,0.000000,0.000000,0.991892,-0.127086,0.000159,0.997982,-0.063498,0.000000,-7.885801,-9.148746,0,5,21.628870,-0.001219,0,0
20.830380,-12.017060,244.565800,501.036700,0,0,0,0,0,0,0.000000,0.000000,0.000000,0.000000,0.477131,0.000000,0.000000,0.000000,0.000000,0.991892,-0.127086,0.000159,0.997982,-0.063498,0.000000,-7.983902,-9.246647,0,5,21.664830,-0.001219,0,0
20.840380,-12.017480,244.485000,501.238100,0,0,0,0,0,0,0.000000,0.000000,0.000000,0.000000,0.477131,0.000000,0.000000,0.000000,0.000000,0.991892,-0.127086,0.000159,0.997982,-0.063498,0.000000,-8.082002,-9.344549,0,5,21.701180,-0.001219,0,0
20.850380,-12.017890,244.403200,501.439500,0,0,0,0,0,0,0.000000,0.000000,0.000000,0.000000,0.477131,0.000000,0.000000,0.000000,0.000000,0.991892,-0.127086,0.000159,0.997982,-0.063498,0.000000,-8.180101,-9.442451,0,5,21.737900,-0.001219,0,0
20.860380,-12.018310,244.320400,501.640800,0,0,0,0,0,0,0.000000,0.000000,0.000000,0.000000,0.477131,0.000000,0.000000,0.000000,0.000000,0.991892,-0.127086,0.000159,0.997982,-0.063498,0.000000,-8.278201,-9.540353,0,5,21.775010,-0.001219,0,0
20.870380,-12.018730,244.236600,501.842200,0,0,0,0,0,0,0.000000,0.000000,0.000000,0.000000,0.477131,0.000000,0.000000,0.000000,0.000000,0.991892,-0.127086,0.000159,0.997982,-0.063498,0.000000,-8.376301,-9.638254,0,5,21.812490,-0.001219,0,0
20.880380,-12.019150,244.151900,502.043600,0,0,0,0,0,0,0.000000,0.000000,0.000000,0.000000,0.477131,0.000000,0.000000,0.000000,0.000000,0.991892,-0.127086,0.000159,0.997982,-0.063498,0.000000,-8.474401,-9.736156,0,5,21.850350,-0.001219,0,0
20.890380,-12.019570,244.066200,502.245000,0,0,0,0,0,0,0.000000,0.000000,0.000000,0.000000,0.477131,0.000000,0.000000,0.000000,0.000000,0.991892,-0.127086,0.000159,0.997982,-0.063498,0.000000,-8.572500,-9.834058,0,5,21.888580,-0.001219,0,0
20.900380,-12.019990,243.979500,502.446400,0,0,0,0,0,0,0.000000,0.000000,0.000000,0.000000,0.477131,0.000000,0.000000,0.000000,0.000000,0.991892,-0.127086,0.000159,0.997982,-0.063498,0.000000,-8.670600,-9.931960,0,5,21.927190,-0.001219,0,0
20.910380,-12.020410,243.891800,502.647800,0,0,0,0,0,0,0.000000,0.000000,0.000000,0.000000,0.477131,0.000000,0.000000,0.000000,0.000000,0.991892,-0.127086,0.000159,0.997982,-0.063498,0.000000,-8.768700,-10.029860,0,5,21.966170,-0.001219,0,0
20.920380,-12.020820,243.803100,502.849200,0,0,0,0,0,0,0.000000,0.000000,0.000000,0.000000,0.477131,0.000000,0.000000,0.000000,0.000000,0.991892,-0.127086,0.000159,0.997982,-0.063498,0.000000,-8.866799,-10.127760,0,5,22.005510,-0.001219,0,0
20.930380,-12.021240,243.713500,503.050500,0,0,0,0,0,0,0.000000,0.000000,0.000000,0.000000,0.477131,0.000000,0.000000,0.000000,0.000000,0.991892,-0.127086,0.000159,0.997982,-0.063498,0.000000,-8.964899,-10.225670,0,5,22.045220,-0.001219,0,0
20.940380,-12.021660,243.622800,503.251900,0,0,0,0,0,0,0.000000,0.000000,0.000000,0.000000,0.477131,0.000000,0.000000,0.000000,0.000000,0.991892,-0.127086,0.000159,0.997982,-0.063498,0.000000,-9.062999,-10.323570,0,5,22.085290,-0.001219,0,0
20.950380,-12.022080,243.531200,503.453300,0,0,0,0,0,0,0.000000,0.000000,0.000000,0.000000,0.477131,0.000000,0.000000,0.000000,0.000000,0.991892,-0.127086,0.000159,0.997982,-0.063498,0.000000,-9.161098,-10.421470,0,5,22.125730,-0.001219,0,0
20.960380,-12.022500,243.438600,503.654700,0,0,0,0,0,0,0.000000,0.000000,0.000000,0.000000,0.477131,0.000000,0.000000,0.000000,0.000000,0.991892,-0.127086,0.000159,0.997982,-0.063498,0.000000,-9.259198,-10.519370,0,5,22.166530,-0.001219,0,0
20.970380,-12.022920,243.345100,503.856100,0,0,0,0,0,0,0.000000,0.000000,0.000000,0.000000,0.477131,0.000000,0.000000,0.000000,0.000000,0.991892,-0.127086,0.000159,0.997982,-0.063498,0.000000,-9.357298,-10.617270,0,5,22.207690,-0.001219,0,0
20.980380,-12.023340,243.250500,504.057500,0,0,0,0,0,0,0.000000,0.000000,0.000000,0.000000,0.477131,0.000000,0.000000,0.000000,0.000000,0.991892,-0.127086,0.000159,0.997982,-0.063498,0.000000,-9.455398,-10.715170,0,5,22.249200,-0.001219,0,0
20.990390,-12.023760,243.155000,504.258900,0,0,0,0,0,0,0.000000,0.000000,0.000000,0.000000,0.477131,0.000000,0.000000,0.000000,0.000000,0.991892,-0.127086,0.000159,0.997982,-0.063498,0.000000,-9.553497,-10.813080,0,5,22.291070,-0.001219,0,0
21.000390,-12.024170,243.058500,504.460200,0,0,0,0,0,0,0.000000,0.000000,0.000000,0.000000,0.477131,0.000000,0.000000,0.000000,0.000000,0.991892,-0.127086,0.000159,0.997982,-0.063498,0.000000,-9.651597,-10.910980,0,5,22.333290,-0.001219,0,0
21.010390,-12.024590,242.961000,504.661600,0,0,0,0,0,0,0.000000,0.000000,0.000000,0.000000,0.477131,0.000000,0.000000,0.000000,0.000000,0.991892,-0.127086,0.000159,0.997982,-0.063498,0.000000,-9.749697,-11.008880,0,5,22.375860,-0.001219,0,0
21.020390,-12.025010,242.862500,504.863000,0,0,0,0,0,0,0.000000,0.000000,0.000000,0.000000,0.477131,0.000000,0.000000,0.000000,0.000000,0.991892,-0.127086,0.000159,0.997982,-0.063498,0.000000,-9.847796,-11.106780,0,5,22.418770,-0.001219,0,0
21.030390,-12.025430,242.763000,505.064400,0,0,0,0,0,0,0.000000,0.000000,0.000000,0.000000,0.477131,0.000000,0.000000,0.000000,0.000000,0.991892,-0.127086,0.000159,0.997982,-0.063498,0.000000,-9.945896,-11.204680,0,5,22.462040,-0.001219,0,0
21.040390,-12.025850,242.662600,505.265800,0,0,0,0,0,0,0.000000,0.000000,0.000000,0.000000,0.477131,0.000000,0.000000,0.000000,0.000000,0.991892,-0.127086,0.000159,0.997982,-0.063498,0.000000,-10.044000,-11.302580,0,5,22.505650,-0.001219,0,0
21.050390,-12.026270,242.561200,505.467200,0,0,0,0,0,0,0.000000,0.000000,0.000000,0.000000,0.477131,0.000000,0.000000,0.000000,0.000000,0.991892,-0.127086,0.000159,0.997982,-0.063498,0.000000,-10.142100,-11.400490,0,5,22.549600,-0.001219,0,0
21.060390,-12.026690,242.458800,505.668500,0,0,0,0,0,0,0.000000,0.000000,0.000000,0.000000,0.477131,0.000000,0.000000,0.000000,0.000000,0.991892,-0.127086,0.000159,0.997982,-0.063498,0.000000,-10.240200,-11.498390,0,5,22.593890,-0.001219,0,0
21.070390,-12.027100,242.355400,505.869900,0,0,0,0,0,0,0.000000,0.000000,0.000000,0.000000,0.477131,0.000000,0.000000,0.000000,0.000000,0.991892,-0.127086,0.000159,0.997982,-0.063498,0.000000,-10.338290,-11.596290,0,5,22.638520,-0.001219,0,0
21.080390,-12.027520,242.251000,506.071300,0,0,0,0,0,0,0.000000,0.000000,0.000000,0.000000,0.477131,0.000000,0.000000,0.000000,0.000000,0.991892,-0.127086,0.000159,0.997982,-0.063498,0.000000,-10.436390,-11.694190,0,5,22.683490,-0.001219,0,0
21.090390,-12.027940,242.145700,506.272700,0,0,0,0,0,0,0.000000,0.000000,0.000000,0.000000,0.477131,0.000000,0.000000,0.000000,0.000000,0.991892,-0.127086,0.000159,0.997982,-0.063498,0.000000,-10.534490,-11.792090,0,5,22.728790,-0.001219,0,0
21.100390,-12.028360,242.039300,506.474100,0,0,0,0,0,0,0.000000,0.000000,0.000000,0.000000,0.477131,0.000000,0.000000,0.000000,0.000000,0.991892,-0.127086,0.000159,0.997982,-0.063498,0.000000,-10.632590,-11.889990,0,5,22.774420,-0.001219,0,0
21.110390,-12.028780,241.932000,506.675500,0,0,0,0,0,0,0.000000,0.000000,0.000000,0.000000,0.477131,0.000000,0.000000,0.000000,0.000000,0.991892,-0.127086,0.000159,0.997982,-0.063498,0.000000,-10.730690,-11.987900,0,5,22.820390,-0.001219,0,0
21.120390,-12.029200,241.823700,506.876900,0,0,0,0,0,0,0.000000,0.000000,0.000000,0.000000,0.477131,0.000000,0.000000,0.000000,0.000000,0.991892,-0.127086,0.000159,0.997982,-0.063498,0.000000,-10.828790,-12.085800,0,5,22.866680,-0.001219,0,0
21.130390,-12.029620,241.714500,507.078200,0,0,0,0,0,0,0.000000,0.000000,0.000000,0.000000,0.477131,0.000000,0.000000,0.000000,0.000000,0.991892,-0.127086,0.000159,0.997982,-0.063498,0.000000,-10.926890,-12.183700,0,5,22.913300,-0.001219,0,0
21.140390,-12.030040,241.604200,507.279600,0,0,0,0,0,0,0.000000,0.000000,0.000000,0.000000,0.477131,0.000000,0.000000,0.000000,0.000000,0.991892,-0.127086,0.000159,0.997982,-0.063498,0.000000,-11.024990,-12.281600,0,5,22.960240,-0.001219,0,0
21.150390,-12.030450,241.493000,507.481000,0,0,0,0,0,0,0.000000,0.000000,0.000000,0.000000,0.477131,0.000000,0.000000,0.000000,0.000000,0.991892,-0.127086,0.000159,0.997982,-0.063498,0.000000,-11.123090,-12.379500,0,5,23.007510,-0.001219,0,0
21.160390,-12.030870,241.380800,507.682400,0,0,0,0,0,0,0.000000,0.000000,0.000000,0.000000,0.477131,0.000000,0.000000,0.000000,0.000000,0.991892,-0.127086,0.000159,0.997982,-0.063498,0.000000,-11.221190,-12.477400,0,5,23.055100,-0.001219,0,0
21.170390,-12.031290,241.267600,507.883800,0,0,0,0,0,0,0.000000,0.000000,0.000000,0.000000,0.477131,0.000000,0.000000,0.000000,0.000000,0.991892,-0.127086,0.000159,0.997982,-0.063498,0.000000,-11.319290,-12.575310,0,5,23.103000,-0.001219,0,0
21.180390,-12.031710,241.153400,508.085200,0,0,0,0,0,0,0.000000,0.000000,0.000000,0.000000,0.477131,0.000000,0.000000,0.000000,0.000000,0.991892,-0.127086,0.000159,0.997982,-0.063498,0.000000,-11.417390,-12.673210,0,5,23.151220,-0.001219,0,0
21.190390,-12.032130,241.038300,508.286600,0,0,0,0,0,0,0.000000,0.000000,0.000000,0.000000,0.477131,0.000000,0.000000,0.000000,0.000000,0.991892,-0.127086,0.000159,0.997982,-0.063498,0.000000,-11.515490,-12.771110,0,5,23.199760,-0.001219,0,0
21.200390,-12.032550,240.922100,508.487900,0,0,0,0,0,0,0.000000,0.000000,0.000000,0.000000,0.477131,0.000000,0.000000,0.000000,0.000000,0.991892,-0.127086,0.000159,0.997982,-0.063498,0.000000,-11.613590,-12.869010,0,5,23.248610,-0.001219,0,0
21.210390,-12.032970,240.805000,508.689300,0,0,0,0,0,0,0.000000,0.000000,0.000000,0.000000,0.477131,0.000000,0.000000,0.000000,0.000000,0.991892,-0.127086,0.000159,0.997982,-0.063498,0.000000,-11.711690,-12.966910,0,5,23.297770,-0.001219,0,0
21.220390,-12.033380,240.686900,508.890700,0,0,0,0,0,0,0.000000,0.000000,0.000000,0.000000,0.477131,0.000000,0.000000,0.000000,0.000000,0.991892,-0.127086,0.000159,0.997982,-0.063498,0.000000,-11.809790,-13.064810,0,5,23.347240,-0.001219,0,0
21.230390,-12.033800,240.567800,509.092100,0,0,0,0,0,0,0.000000,0.000000,0.000000,0.000000,0.477131,0.000000,0.000000,0.000000,0.000000,0.991892,-0.127086,0.000159,0.997982,-0.063498,0.000000,-11.907890,-13.162720,0,5,23.397010,-0.001219,0,0
21.240390,-12.034220,240.447800,509.293500,0,0,0,0,0,0,0.000000,0.000000,0.000000,0.000000,0.477131,0.000000,0.000000,0.000000,0.000000,0.991892,-0.127086,0.000159,0.997982,-0.063498,0.000000,-12.005990,-13.260620,0,5,23.447090,-0.001219,0,0
21.250390,-12.034640,240.326700,509.494900,0,0,0,0,0,0,0.000000,0.000000,0.000000,0.000000,0.477131,0.000000,0.000000,0.000000,0.000000,0.991892,-0.127086,0.000159,0.997982,-0.063498,0.000000,-12.104090,-13.358520,0,5,23.497470,-0.001219,0,0
21.260390,-12.035060,240.204700,509.696300,0,0,0,0,0,0,0.000000,0.000000,0.000000,0.000000,0.477131,0.000000,0.000000,0.000000,0.000000,0.991892,-0.127086,0.000159,0.997982,-0.063498,0.000000,-12.202190,-13.456420,0,5,23.548160,-0.001219,0,0
21.270390,-12.035480,240.081700,509.897600,0,0,0,0,0,0,0.000000,0.000000,0.000000,0.000000,0.477131,0.000000,0.000000,0.000000,0.000000,0.991892,-0.127086,0.000159,0.997982,-0.063498,0.000000,-12.300290,-13.554320,0,5,23.599140,-0.001219,0,0
21.280390,-12.035900,239.957700,510.099000,0,0,0,0,0,0,0.000000,0.000000,0.000000,0.000000,0.477131,0.000000,0.000000,0.000000,0.000000,0.991892,-0.127086,0.000159,0.997982,-0.063498,0.000000,-12.398390,-13.652220,0,5,23.650420,-0.001219,0,0
21.290390,-12.036310,239.832700,510.300400,0,0,0,0,0,0,0.000000,0.000000,0.000000,0.000000,0.477131,0.000000,0.000000,0.000000,0.000000,0.991892,-0.127086,0.000159,0.997982,-0.063498,0.000000,-12.496490,-13.750130,0,5,23.701990,-0.001219,0,0
21.300390,-12.036730,239.706800,510.501800,0,0,0,0,0,0,0.000000,0.000000,0.000000,0.000000,0.477131,0.000000,0.000000,0.000000,0.000000,0.991892,-0.127086,0.000159,0.997982,-0.063498,0.000000,-12.594590,-13.848030,0,5,23.753860,-0.001219,0,0
21.310390,-12.037150,239.579900,510.703200,0,0,0,0,0,0,0.000000,0.000000,0.000000,0.000000,0.477131,0.000000,0.000000,0.000000,0.000000,0.991892,-0.127086,0.000159,0.997982,-0.063498,0.000000,-12.692690,-13.945930,0,5,23.806020,-0.001219,0,0
21.320390,-12.037570,239.452000,510.904600,0,0,0,0,0,0,0.000000,0.000000,0.000000,0.000000,0.477131,0.000000,0.000000,0.000000,0.000000,0.991892,-0.127086,0.000159,0.997982,-0.063498,0.000000,-12.790790,-14.043830,0,5,23.858470,-0.001219,0,0
21.330390,-12.037990,239.323100,511.106000,0,0,0,0,0,0,0.000000,0.000000,0.000000,0.000000,0.477131,0.000000,0.000000,0.000000,0.000000,0.991892,-0.127086,0.000159,0.997982,-0.063498,0.000000,-12.888890,-14.141730,0,5,23.911210,-0.001219,0,0
21.340390,-12.038410,239.193200,511.307300,0,0,0,0,0,0,0.000000,0.000000,0.000000,0.000000,0.477131,0.000000,0.000000,0.000000,0.000000,0.991892,-0.127086,0.000159,0.997982,-0.063498,0.000000,-12.986990,-14.239630,0,5,23.964230,-0.001219,0,0
21.350390,-12.038830,239.062400,511.508700,0,0,0,0,0,0,0.000000,0.000000,0.000000,0.000000,0.477131,0.000000,0.000000,0.000000,0.000000,0.991892,-0.127086,0.000159,0.997982,-0.063498,0.000000,-13.085090,-14.337540,0,5,24.017530,-0.001219,0,0
21.360390,-12.039250,238.930500,511.710100,0,0,0,0,0,0,0.000000,0.000000,0.000000,0.000000,0.477131,0.000000,0.000000,0.000000,0.000000,0.991892,-0.127086,0.000159,0.997982,-0.063498,0.000000,-13.183190,-14.435440,0,5,24.071120,-0.001219,0,0
21.370390,-12.039660,238.797700,511.911500,0,0,0,0,0,0,0.000000,0.000000,0.000000,0.000000,0.477131,0.000000,0.000000,0.000000,0.000000,0.991892,-0.127086,0.000159,0.997982,-0.063498,0.000000,-13.281290,-14.533340,0,5,24.124980,-0.001009,0,0
21.380390,-12.040080,238.663900,512.112900,0,0,0,0,0,0,0.000000,0.000000,0.000000,0.000000,0.477131,0.000000,0.000000,0.000000,0.000000,0.991892,-0.127086,0.000159,0.997982,-0.063498,0.000000,-13.379390,-14.631240,0,5,24.179130,-0.000810,0,0
21.390390,-12.040500,238.529100,512.314300,0,0,0,0,0,0,0.000000,0.000000,0.000000,0.000000,0.477131,0.000000,0.000000,0.000000,0.000000,0.991892,-0.127086,0.000159,0.997982,-0.063498,0.000000,-13.477490,-14.729140,0,5,24.233550,-0.000621,0,0
21.400390,-12.040920,238.393400,512.515700,0,0,0,0,0,0,0.000000,0.000000,0.000000,0.000000,0.477131,0.000000,0.000000,0.000000,0.000000,0.991892,-0.127086,0.000159,0.997982,-0.063498,0.000000,-13.575590,-14.827040,0,5,24.288240,-0.000442,0,0
21.410390,-12.041340,238.256700,512.717200,0,0,0,0,0,0,0.000000,0.000000,0.000000,0.000000,0.477131,0.000000,0.000000,0.000000,0.000000,0.991892,-0.127086,0.000159,0.997982,-0.063498,0.000000,-13.673690,-14.924950,0,5,24.343210,-0.000272,0,0
21.420390,-12.041760,238.118900,512.918600,0,0,0,0,0,0,0.000000,0.000000,0.000000,0.000000,0.477131,0.000000,0.000000,0.000000,0.000000,0.991892,-0.127086,0.000159,0.997982,-0.063498,0.000000,-13.771780,-15.022850,0,5,24.398450,-0.000111,0,0
21.430400,-12.042180,237.980200,513.120000,0,0,0,0,0,0,0.000000,0.000000,0.000000,0.000000,0.477131,0.000000,0.000000,0.000000,0.000000,0.991892,-0.127086,0.000159,0.997982,-0.063498,0.000000,-13.869880,-15.120750,0,5,24.453960,0.000184,0,0
21.440400,-12.042590,237.840600,513.321400,0,0,0,0,0,0,0.000000,0.000000,0.000000,0.000000,0.477131,0.000000,0.000000,0.000000,0.000000,0.991892,-0.127086,0.000159,0.997982,-0.063498,0.000000,-13.967980,-15.218650,0,5,24.509730,0.000467,0,0
21.450400,-12.043010,237.699900,513.522800,0,0,0,0,0,0,0.000000,0.000000,0.000000,0.000000,0.477131,0.000000,0.000000,0.000000,0.000000,0.991892,-0.127086,0.000159,0.997982,-0.063498,0.000000,-14.066080,-15.316550,0,5,24.565770,0.000737,0,0
21.460400,-12.043430,237.558300,513.724200,0,0,0,0,0,0,0.000000,0.000000,0.000000,0.000000,0.477131,0.000000,0.000000,0.000000,0.000000,0.991892,-0.127086,0.000159,0.997982,-0.063498,0.000000,-14.164180,-15.414460,0,5,24.622070,0.000996,0,0
21.470400,-12.043850,237.415600,513.925700,0,0,0,0,0,0,0.000000,0.000000,0.000000,0.000000,0.477131,0.000000,0.000000,0.000000,0.000000,0.991892,-0.127086,0.000159,0.997982,-0.063498,0.000000,-14.262280,-15.512360,0,5,24.678630,0.001244,0,0
21.480400,-12.044270,237.272000,514.127100,0,0,0,0,0,0,0.000000,0.000000,0.000000,0.000000,0.477131,0.000000,0.000000,0.000000,0.000000,0.991892,-0.127086,0.000159,0.997982,-0.063498,0.000000,-14.360380,-15.610260,0,5,24.735460,0.001482,0,0
21.490400,-12.044690,237.127400,514.328500,0,0,0,0,0,0,0.000000,0.000000,0.000000,0.000000,0.477131,0.000000,0.000000,0.000000,0.000000,0.991892,-0.127086,0.000159,0.997982,-0.063498,0.000000,-14.458480,-15.708160,0,5,24.792540,0.001709,0,0
21.500400,-12.045110,236.981900,514.529900,0,0,0,0,0,0,0.000000,0.000000,0.000000,0.000000,0.477131,0.000000,0.000000,0.000000,0.000000,0.991892,-0.127086,0.000159,0.997982,-0.063498,0.000000,-14.556580,-15.806060,0,5,24.849880,0.001927,0,0
21.510400,-12.045530,236.835300,514.731300,1,1,1,1,2,2,0.998173,0.998577,0.998307,0.998724,0.998515,0.000405,0.975333,0.220739,0.000405,0.975354,0.220645,0.000405,0.975354,0.220645,0.000000,-4.795048,0.000000,1,6,21.732020,-0.167904,0,0
21.520400,-12.045890,236.786400,514.943200,1,1,1,1,2,2,0.997192,0.997645,0.997355,0.997778,0.997566,0.000405,0.975330,0.220753,0.000405,0.975354,0.220645,0.000405,0.975354,0.220645,0.000000,-4.890156,-0.095683,1,6,21.740310,-0.058586,0,0
21.530400,-12.046260,236.736600,515.154800,1,1,1,1,2,2,0.995279,0.995703,0.995449,0.995872,0.995661,0.000409,0.975330,0.220753,0.000405,0.975354,0.220645,0.000405,0.975354,0.220645,0.000000,-4.985219,-0.191321,1,6,21.749020,-0.057780,0,0
21.540400,-12.046640,236.685800,515.366400,1,1,1,1,2,2,0.992569,0.992831,0.992561,0.992991,0.992776,0.000397,0.975275,0.220995,0.000405,0.975354,0.220645,0.000405,0.975354,0.220645,0.000000,-5.080236,-0.286914,1,6,21.758140,-0.056952,0,0
21.550400,-12.047030,236.634000,515.577800,1,1,1,1,2,2,0.987404,0.987821,0.987464,0.987890,0.987677,0.000405,0.976019,0.217684,0.000405,0.976119,0.217238,0.000405,0.975420,0.220352,0.000000,-5.175208,-0.389005,1,6,21.767680,-0.056115,0,0
21.560400,-12.047420,236.581300,515.789100,1,1,1,1,2,2,0.981855,0.982280,0.981909,0.982305,0.982107,0.000405,0.976022,0.217671,0.000405,0.976119,0.217238,0.000405,0.975480,0.220084,0.000000,-5.270136,-0.490493,1,6,21.777610,-0.055261,0,0
21.570400,-12.047820,236.527700,516.000300,1,1,1,1,2,2,0.975370,0.975787,0.975408,0.975826,0.975617,0.000405,0.976019,0.217684,0.000405,0.976119,0.217238,0.000405,0.975535,0.219839,0.000000,-5.365019,-0.591428,1,6,21.787960,-0.054395,0,0
21.580400,-12.048220,236.473100,516.211400,1,1,1,1,2,2,0.967951,0.968341,0.967976,0.968394,0.968185,0.000405,0.976022,0.217671,0.000405,0.976119,0.217238,0.000405,0.975585,0.219615,0.000000,-5.459858,-0.691851,1,6,21.798720,-0.053520,0,0
21.590400,-12.048630,236.417500,516.422200,1,1,1,1,2,2,0.959524,0.959941,0.959575,0.959999,0.959787,0.000409,0.976019,0.217684,0.000405,0.976119,0.217238,0.000405,0.975631,0.219410,0.000000,-5.554652,-0.791803,1,6,21.809880,-0.052637,0,0
21.600400,-12.049040,236.361000,516.633000,1,1,1,1,2,2,0.950163,0.950588,0.950215,0.950639,0.950427,0.000405,0.976022,0.217671,0.000405,0.976119,0.217238,0.000405,0.975673,0.219223,0.000000,-5.649401,-0.891321,1,6,21.821440,-0.051749,0,0
21.610400,-12.049470,236.303600,516.843600,1,1,1,1,2,2,0.939866,0.940283,0.939921,0.940347,0.940134,0.000401,0.976019,0.217684,0.000405,0.976119,0.217238,0.000405,0.975712,0.219053,0.108596,-5.744105,-0.990439,1,6,21.833400,-0.050859,0,0
21.620400,-12.049890,236.245200,517.054100,1,1,1,1,2,2,0.928606,0.929022,0.928661,0.929079,0.928870,0.000401,0.976022,0.217671,0.000405,0.976119,0.217238,0.000405,0.975747,0.218896,4.577960,-5.837704,-1.088100,1,6,21.845710,-0.049968,0,0
21.630400,-12.050320,236.186300,517.264600,1,1,1,1,2,2,0.935809,0.917272,0.917158,0.917327,0.917242,0.015009,0.978948,0.203555,0.000571,0.976154,0.217079,0.000419,0.975782,0.218740,7.994620,-5.887649,-1.141031,1,6,21.856040,-0.049005,0,0
21.640400,-12.050760,236.127300,517.475200,1,1,1,1,2,2,0.905265,0.905389,0.905182,0.905434,0.905308,0.000568,0.976076,0.217429,0.000571,0.976154,0.217079,0.000432,0.975814,0.218597,10.604140,-5.904229,-1.159473,1,6,21.864630,-0.048065,0,0
21.650400,-12.051200,236.068300,517.685800,1,1,1,1,2,2,0.893402,0.893945,0.893325,0.893868,0.893596,0.000739,0.976133,0.217173,0.000737,0.976189,0.216921,0.000459,0.975846,0.218453,12.521880,-5.895334,-1.151846,1,6,21.871820,-0.047139,0,0
21.660400,-12.051650,236.009700,517.896500,1,1,1,1,2,2,0.881851,0.882393,0.881773,0.882295,0.882034,0.000735,0.976136,0.217159,0.000737,0.976189,0.216921,0.000483,0.975876,0.218321,13.926570,-5.867725,-1.124772,1,6,21.878010,-0.046122,0,0
21.670400,-12.052100,235.951400,518.107500,1,1,1,1,2,2,0.870730,0.871274,0.870646,0.871183,0.870914,0.000731,0.976139,0.217146,0.000737,0.976189,0.216921,0.000505,0.975903,0.218200,14.894340,-5.826417,-1.083412,1,6,21.883510,-0.045111,0,0
21.680400,-12.052550,235.893700,518.318600,1,1,1,1,2,2,0.859959,0.860691,0.859936,0.860592,0.860264,0.000898,0.976193,0.216903,0.000903,0.976224,0.216763,0.000539,0.975930,0.218077,15.538110,-5.775680,-1.032471,1,6,21.888630,-0.044187,0,0
21.690400,-12.053010,235.836500,518.530000,1,1,1,1,2,2,0.849904,0.850714,0.849866,0.850626,0.850246,0.000902,0.976190,0.216917,0.000903,0.976224,0.216763,0.000570,0.975956,0.217964,15.901830,-5.718679,-0.974880,1,6,21.893560,-0.043098,0,0
21.700400,-12.053480,235.779900,518.741500,1,1,1,1,2,2,0.840462,0.841170,0.840488,0.841137,0.840812,0.001073,0.976243,0.216675,0.001070,0.976259,0.216604,0.000613,0.975982,0.217847,16.072440,-5.658152,-0.913771,1,6,21.898490,-0.042122,0,0
21.710400,-12.053940,235.723900,518.953300,1,1,1,1,2,2,0.831765,0.832409,0.831715,0.832399,0.832057,0.001065,0.976249,0.216648,0.001070,0.976259,0.216604,0.000652,0.976005,0.217740,16.073410,-5.595983,-0.850761,1,6,21.903520,-0.040966,0,0
21.720400,-12.054420,235.668600,519.165300,1,1,1,1,2,2,0.823627,0.824269,0.823589,0.824274,0.823931,0.001065,0.976246,0.216661,0.001070,0.976259,0.216604,0.000688,0.976027,0.217642,15.956410,-5.533830,-0.787568,1,6,21.908730,-0.039845,0,0
21.730400,-12.054890,235.613900,519.377500,1,1,1,1,2,2,0.816183,0.816647,0.816132,0.816797,0.816464,0.001065,0.976306,0.216392,0.001070,0.976259,0.216604,0.000721,0.976047,0.217553,15.746170,-5.472844,-0.725389,1,6,21.914140,-0.038759,0,0
21.740400,-12.055370,235.559700,519.589900,1,1,1,1,2,2,0.811169,0.811840,0.811136,0.811808,0.811472,0.001065,0.976923,0.213590,0.001070,0.976925,0.213582,0.000751,0.976123,0.217211,15.286010,-5.413936,-0.671006,1,6,21.919790,-0.037705,0,0
21.750400,-12.055850,235.506100,519.802500,1,1,1,1,2,2,0.804232,0.804903,0.804190,0.804860,0.804525,0.001073,0.976917,0.213617,0.001070,0.976925,0.213582,0.000779,0.976192,0.216899,15.277000,-5.359535,-0.620601,1,6,21.925680,-0.036693,0,0
21.760400,-12.056340,235.453100,520.015300,1,1,1,1,2,2,0.797877,0.798522,0.797823,0.798480,0.798152,0.001069,0.976920,0.213604,0.001070,0.976925,0.213582,0.000804,0.976255,0.216613,15.152600,-5.305238,-0.569715,1,6,21.931680,-0.035728,0,0
21.770400,-12.056820,235.400600,520.228300,1,1,1,1,2,2,0.792035,0.792683,0.792003,0.792673,0.792338,0.001069,0.976917,0.213617,0.001070,0.976925,0.213582,0.000827,0.976313,0.216352,14.945630,-5.252172,-0.519552,1,6,21.937800,-0.034794,0,0
21.780400,-12.057320,235.348500,520.441500,1,1,1,1,2,2,0.786760,0.787424,0.786717,0.787389,0.787053,0.001073,0.976917,0.213617,0.001070,0.976925,0.213582,0.000848,0.976365,0.216114,14.683260,-5.201142,-0.470986,1,6,21.944060,-0.033890,0,0
21.790400,-12.057810,235.297000,520.654900,1,1,1,1,2,2,0.780461,0.781109,0.780408,0.781057,0.780732,0.001073,0.977584,0.210545,0.001071,0.977581,0.210558,0.000867,0.976471,0.215637,14.808470,-5.152690,-0.430443,1,6,21.950470,-0.033011,0,0
21.800400,-12.058310,235.246000,520.868500,1,1,1,1,2,2,0.775532,0.776186,0.775486,0.776150,0.775818,0.001069,0.977575,0.210584,0.001071,0.977581,0.210558,0.000884,0.976567,0.215201,14.626590,-5.103024,-0.387750,1,6,21.956890,-0.032180,0,0
21.810400,-12.058810,235.195400,521.082200,1,1,1,1,2,2,0.771115,0.771778,0.771084,0.771749,0.771416,0.001069,0.977578,0.210571,0.001071,0.977581,0.210558,0.000900,0.976655,0.214802,14.377800,-5.055145,-0.346070,1,6,21.963400,-0.031370,0,0
21.820400,-12.059310,235.145300,521.296100,1,1,1,1,2,2,0.767159,0.767873,0.767154,0.767811,0.767483,0.001069,0.977578,0.210571,0.001071,0.977581,0.210558,0.000915,0.976735,0.214437,14.088750,-5.009705,-0.306153,1,6,21.969990,-0.030586,0,0
21.830400,-12.059820,235.095700,521.510200,1,1,1,1,2,2,0.763701,0.764365,0.763670,0.764329,0.763999,0.001073,0.977578,0.210571,0.001071,0.977581,0.210558,0.000929,0.976808,0.214103,13.773830,-4.967099,-0.268450,1,6,21.976660,-0.029826,0,0
21.840400,-12.060330,235.046400,521.724400,1,1,1,1,2,2,0.760668,0.761305,0.760606,0.761277,0.760941,0.001069,0.977584,0.210545,0.001071,0.977581,0.210558,0.000941,0.976874,0.213798,13.445570,-4.927579,-0.233276,1,6,21.983400,-0.029090,0,0
21.850400,-12.060840,234.997500,521.938800,1,1,1,1,2,2,0.757965,0.758629,0.757935,0.758585,0.758260,0.001065,0.977578,0.210571,0.001071,0.977581,0.210558,0.000952,0.976935,0.213519,13.117460,-4.891276,-0.200819,1,6,21.990210,-0.028376,0,0
21.860400,-12.061360,234.948900,522.153400,1,1,1,1,2,2,0.755646,0.756310,0.755615,0.756273,0.755944,0.001073,0.977578,0.210571,0.001071,0.977581,0.210558,0.000962,0.976991,0.213264,12.792520,-4.858188,-0.171126,1,6,21.997060,-0.027685,0,0
21.870410,-12.061870,234.900600,522.368000,1,1,1,1,2,2,0.753922,0.754286,0.753756,0.754273,0.754015,0.001216,0.977625,0.210354,0.001222,0.977612,0.210414,0.000985,0.977044,0.213019,12.474410,-4.828282,-0.144489,1,6,22.003940,-0.027056,0,0
21.880410,-12.062390,234.852600,522.582800,1,1,1,1,2,2,0.751833,0.752588,0.751980,0.752566,0.752273,0.001224,0.977581,0.210558,0.001222,0.977612,0.210414,0.001005,0.977093,0.212795,12.190580,-4.801492,-0.120577,1,6,22.010860,-0.026279,0,0
21.890410,-12.062920,234.804800,522.797700,1,1,1,1,2,2,0.750635,0.751384,0.750467,0.751243,0.750855,0.001379,0.977682,0.210085,0.001372,0.977642,0.210270,0.001037,0.977140,0.212577,11.916030,-4.777482,-0.099366,1,6,22.017780,-0.025568,0,0
21.900410,-12.063440,234.757300,523.012800,1,1,1,1,2,2,0.749352,0.750110,0.749183,0.749981,0.749582,0.001379,0.977679,0.210098,0.001372,0.977642,0.210270,0.001066,0.977184,0.212379,11.673770,-4.756160,-0.080495,1,6,22.024720,-0.024728,0,0
21.910410,-12.063970,234.709900,523.227900,1,1,1,1,2,2,0.747924,0.748732,0.748103,0.748870,0.748486,0.001375,0.977575,0.210584,0.001372,0.977642,0.210270,0.001092,0.977223,0.212197,11.450940,-4.737211,-0.063676,1,6,22.031650,-0.023930,0,0
21.920410,-12.064500,234.662700,523.443200,1,1,1,1,2,2,0.747145,0.748134,0.747044,0.747997,0.747520,0.001522,0.977729,0.209868,0.001523,0.977673,0.210126,0.001129,0.977262,0.212019,11.258910,-4.720443,-0.049025,1,6,22.038580,-0.023197,0,0
21.930410,-12.065030,234.615600,523.658600,1,1,1,1,2,2,0.746342,0.747257,0.746260,0.747170,0.746715,0.001669,0.977781,0.209624,0.001674,0.977704,0.209982,0.001176,0.977300,0.211844,11.084570,-4.705555,-0.036241,1,6,22.045510,-0.022371,0,0
21.940410,-12.065560,234.568700,523.874000,1,1,1,1,2,2,0.745592,0.746301,0.745633,0.746522,0.746077,0.001669,0.977627,0.210341,0.001674,0.977704,0.209982,0.001219,0.977335,0.211683,10.915540,-4.692374,-0.024871,1,6,22.052420,-0.021446,0,0
21.950410,-12.066100,234.521900,524.089600,1,1,1,1,2,2,0.745413,0.745979,0.745140,0.746029,0.745585,0.001669,0.977630,0.210328,0.001674,0.977704,0.209982,0.001258,0.977366,0.211537,10.754930,-4.680847,-0.014889,1,6,22.059310,-0.020990,0,0
21.960410,-12.066640,234.475200,524.305200,1,1,1,1,2,2,0.744860,0.745875,0.744776,0.745610,0.745193,0.001681,0.977728,0.209868,0.001674,0.977704,0.209982,0.001294,0.977396,0.211403,10.609410,-4.670892,-0.006237,1,6,22.066190,-0.020585,0,0
21.970410,-12.067170,234.428500,524.521000,1,1,1,1,2,2,0.745982,0.746751,0.746105,0.746889,0.746497,0.001669,0.978223,0.207549,0.001675,0.978216,0.207582,0.001327,0.977466,0.211074,10.305800,-4.662361,-0.003451,1,6,22.073060,0.008830,0,0
21.980410,-12.067710,234.382000,524.736800,1,1,1,1,2,2,0.745196,0.745987,0.745350,0.746149,0.745750,0.001673,0.978223,0.207548,0.001675,0.978216,0.207582,0.001357,0.977531,0.210774,10.431460,-4.656795,-0.003072,1,6,22.079890,0.037578,0,0
21.990410,-12.068240,234.335500,524.952800,1,1,1,1,2,2,0.744734,0.745550,0.744686,0.745477,0.745081,0.001673,0.978123,0.208022,0.001675,0.978216,0.207582,0.001384,0.977590,0.210499,10.497010,-4.649996,-0.000860,1,6,22.086680,0.037012,0,0
22.000410,-12.068760,234.289000,525.168800,1,1,1,1,2,2,0.743966,0.744733,0.744118,0.744937,0.744528,0.001673,0.978215,0.207587,0.001675,0.978216,0.207582,0.001409,0.977644,0.210248,10.512380,-4.642555,0.002533,1,6,22.093440,0.036437,0,0
22.010410,-12.069290,234.242700,525.384800,1,1,1,1,2,2,0.743488,0.744255,0.743619,0.744395,0.744007,0.001681,0.978226,0.207536,0.001675,0.978216,0.207582,0.001432,0.977693,0.210018,10.505890,-4.634961,0.006559,1,6,22.100170,0.035855,0,0
22.020410,-12.069810,234.196400,525.601000,1,1,1,1,2,2,0.742081,0.742890,0.742101,0.742872,0.742486,0.001681,0.978659,0.205485,0.001676,0.978723,0.205180,0.001453,0.977782,0.209603,10.786830,-4.627429,0.006307,1,6,22.106870,0.035269,0,0
22.030410,-12.070320,234.150200,525.817300,1,1,1,1,2,2,0.741284,0.742042,0.741279,0.742056,0.741668,0.001673,0.978662,0.205472,0.001676,0.978723,0.205180,0.001472,0.977864,0.209223,10.851010,-4.617145,0.009667,1,6,22.113530,0.034668,0,0
22.040410,-12.070830,234.104200,526.033600,1,1,1,1,2,2,0.740588,0.741355,0.740571,0.741363,0.740967,0.001673,0.978664,0.205459,0.001676,0.978723,0.205180,0.001489,0.977938,0.208875,10.860230,-4.606230,0.014373,1,6,22.120150,0.034069,0,0
22.050410,-12.071340,234.058200,526.250100,1,1,1,1,2,2,0.740015,0.740799,0.740004,0.740788,0.740396,0.001677,0.978662,0.205472,0.001676,0.978723,0.205180,0.001505,0.978005,0.208557,10.827120,-4.595223,0.019836,1,6,22.126730,0.033471,0,0
22.060410,-12.071850,234.012400,526.466600,1,1,1,1,2,2,0.739550,0.740334,0.739549,0.740347,0.739948,0.001681,0.978656,0.205498,0.001676,0.978723,0.205180,0.001520,0.978067,0.208267,10.764760,-4.584538,0.025576,1,6,22.133270,0.032873,0,0
22.070410,-12.072350,233.966600,526.683200,1,1,1,1,2,2,0.731707,0.732179,0.731712,0.732175,0.731944,0.000958,0.978444,0.206510,0.000838,0.978506,0.206219,0.001461,0.978105,0.208090,12.013480,-4.574461,0.033275,1,6,22.139790,0.032360,0,0
22.080410,-12.072850,233.921100,526.900000,1,1,1,1,2,2,0.735265,0.735721,0.735110,0.735580,0.735345,0.000862,0.979610,0.200907,0.000838,0.979624,0.200838,0.001408,0.978238,0.207468,11.150710,-4.552172,0.043348,1,6,22.146310,0.031131,0,0
22.090410,-12.073340,233.875700,527.116800,1,1,1,1,2,2,0.737098,0.737561,0.737025,0.737474,0.737250,0.000843,0.980634,0.195847,0.000838,0.980669,0.195674,0.001359,0.978452,0.206454,10.995650,-4.538318,0.035922,1,6,22.152750,0.029852,0,0
22.100410,-12.073840,233.830500,527.333700,1,1,1,1,2,2,0.787906,0.785221,0.737477,0.740994,0.739235,0.000839,0.994277,0.106829,0.000838,0.982097,0.188374,0.001314,0.978779,0.204901,11.171830,-4.525967,0.014706,1,6,22.159070,0.028678,0,0
22.110410,-12.074330,233.785300,527.550800,1,1,1,1,2,2,0.734046,0.734188,0.733967,0.734110,0.734038,-0.000056,0.982115,0.188281,0.000000,0.982132,0.188192,0.001201,0.979079,0.203465,12.530600,-4.511867,-0.002110,1,6,22.165230,0.027689,0,0
22.120410,-12.074810,233.740500,527.767900,1,1,1,1,2,2,0.730647,0.730503,0.730408,0.730543,0.730476,0.000000,0.983964,0.178368,0.000000,0.983972,0.178321,0.001098,0.979525,0.201306,13.666700,-4.484440,-0.021727,1,6,22.171240,0.026086,0,0
22.130410,-12.075300,233.696000,527.985200,1,1,1,1,2,2,0.724631,0.724464,0.724445,0.724566,0.724505,0.000000,0.985672,0.168675,0.000000,0.985635,0.168892,0.001003,0.980093,0.198525,15.306080,-4.445849,-0.044094,1,6,22.177010,0.024561,0,0
22.140410,-12.075780,233.652100,528.202600,1,1,1,1,2,2,0.716351,0.716465,0.716326,0.716431,0.716379,0.000151,0.988514,0.151128,0.000000,0.988473,0.151399,0.000917,0.980903,0.194485,17.638160,-4.391140,-0.078546,1,6,22.182470,0.023188,0,0
22.150410,-12.076260,233.609000,528.420200,1,1,1,1,2,2,0.706008,0.706114,0.706055,0.706153,0.706104,-0.000016,0.989655,0.143470,0.000000,0.989672,0.143351,0.000838,0.981762,0.190103,19.968150,-4.313471,-0.097433,1,6,22.187430,0.021938,0,0
22.160410,-12.076730,233.566800,528.638100,1,1,1,1,2,2,0.694756,0.694567,0.694546,0.694637,0.694591,0.000000,0.990767,0.135579,0.000000,0.990739,0.135780,0.000766,0.982652,0.185448,22.093080,-4.212827,-0.099188,1,6,22.191880,0.020758,0,0
22.170410,-12.077210,233.525900,528.856300,1,1,1,1,2,2,0.681965,0.682056,0.681861,0.681951,0.681906,0.000036,0.992519,0.122092,0.000000,0.992519,0.122089,0.000700,0.983661,0.180021,24.334710,-4.091188,-0.097123,1,6,22.195870,0.019350,0,0
22.180410,-12.077680,233.486500,529.074700,1,1,1,1,2,2,0.668495,0.668548,0.668648,0.668701,0.668674,-0.000004,0.993251,0.115986,0.000000,0.993252,0.115980,0.000640,0.984649,0.174535,26.147330,-3.947353,-0.073971,1,6,22.199380,0.018303,0,0
22.190410,-12.078140,233.448600,529.293500,1,1,1,1,2,2,0.655719,0.655258,0.655367,0.655420,0.655394,0.000000,0.993891,0.110369,0.000000,0.993891,0.110368,0.000585,0.985608,0.169037,27.521990,-3.785516,-0.032960,1,6,22.202560,0.046128,0,0
22.200410,-12.078600,233.412500,529.512600,1,1,1,1,2,2,0.641905,0.641958,0.641833,0.641886,0.641860,-0.000004,0.994916,0.100711,0.000000,0.994922,0.100649,0.000535,0.986595,0.163178,28.802410,-3.609975,0.013653,1,6,22.205600,0.044501,0,0
22.210410,-12.079060,233.378300,529.732000,1,1,1,1,2,2,0.628921,0.628974,0.629111,0.629157,0.629134,0.000107,0.995319,0.096646,0.000000,0.995328,0.096548,0.000489,0.987523,0.157468,29.533100,-3.421633,0.076415,1,6,22.208540,0.042925,0,0
22.220410,-12.079510,233.346000,529.951800,1,1,1,1,2,2,0.617057,0.617338,0.617249,0.617287,0.617268,0.000000,0.995635,0.093334,0.000000,0.995670,0.092954,0.000447,0.988389,0.151938,29.825260,-3.225917,0.150506,1,6,22.211550,0.041391,0,0
22.230410,-12.079950,233.315800,530.171900,1,1,1,1,2,2,0.603081,0.604976,0.605789,0.605834,0.605812,-0.000076,0.996515,0.083419,0.000000,0.996182,0.087300,0.000408,0.989225,0.146396,29.977300,-3.027170,0.227236,1,6,22.214720,0.039912,0,0
22.240410,-12.080390,233.287500,530.392300,1,1,1,1,2,2,0.595913,0.596232,0.596071,0.596116,0.596094,0.000167,0.996365,0.085192,0.000000,0.996360,0.085241,0.000373,0.989987,0.141151,29.611920,-2.826783,0.312121,1,6,22.218070,0.038485,0,0
22.250410,-12.080830,233.261200,530.612900,1,1,1,1,2,2,0.587642,0.587961,0.587795,0.587840,0.587818,0.000000,0.996494,0.083667,0.000000,0.996491,0.083697,0.000341,0.990677,0.136222,28.901500,-2.629898,0.400395,1,6,22.221580,0.037105,0,0
22.260410,-12.081260,233.236800,530.833800,1,1,1,1,2,2,0.561813,0.563849,0.580319,0.580364,0.580341,0.000000,0.999019,0.044284,0.000000,0.996620,0.082152,0.000312,0.991304,0.131582,28.063270,-2.439957,0.487999,1,6,22.225210,0.035781,0,0
22.270410,-12.081690,233.214200,531.054900,1,1,1,1,2,2,0.575077,0.575123,0.575206,0.575244,0.575225,0.000282,0.996600,0.082393,0.000000,0.996620,0.082152,0.000285,0.991858,0.127339,26.788060,-2.258250,0.576063,1,6,22.228870,0.034515,0,0
22.280410,-12.082110,233.193300,531.276200,1,1,1,1,2,2,0.571972,0.571741,0.571817,0.571862,0.571839,0.000000,0.996579,0.082651,0.000000,0.996577,0.082667,0.000260,0.992343,0.123503,25.292480,-2.089137,0.660453,1,6,22.232400,0.033300,0,0
22.290410,-12.082530,233.174000,531.497700,1,1,1,1,2,2,0.540593,0.542727,0.570188,0.570226,0.570207,0.000000,0.999688,0.024968,0.000000,0.996491,0.083697,0.000238,0.992763,0.120084,23.622650,-1.934829,0.739166,1,6,22.235650,0.032142,0,0
22.300420,-12.082950,233.156000,531.719400,1,1,1,1,2,2,0.569453,0.569498,0.569540,0.569586,0.569563,-0.000139,0.996166,0.087485,0.000000,0.996182,0.087300,0.000218,0.993100,0.117267,21.855860,-1.797078,0.814605,1,6,22.238440,0.031037,0,0
22.310420,-12.083360,233.139200,531.941200,1,1,1,1,2,2,0.571479,0.571801,0.571558,0.571603,0.571580,0.000000,0.995962,0.089779,0.000000,0.995953,0.089871,0.000199,0.993375,0.114912,19.793720,-1.676868,0.882673,1,6,22.240670,0.029995,0,0
22.320420,-12.083770,233.123400,532.163100,1,1,1,1,2,2,0.575515,0.575559,0.575341,0.575387,0.575364,0.000000,0.995659,0.093082,0.000000,0.995670,0.092954,0.000182,0.993592,0.113024,17.668630,-1.577148,0.940519,1,6,22.242110,0.029005,0,0
22.330420,-12.084180,233.108500,532.385000,1,1,1,1,2,2,0.579979,0.580024,0.580046,0.580099,0.580073,0.000091,0.994916,0.100711,0.000000,0.994922,0.100649,0.000166,0.993712,0.111960,15.448000,-1.498554,0.995491,1,6,22.242640,0.028066,0,0
22.340420,-12.084580,233.094000,532.606900,1,1,1,1,2,2,0.587885,0.587439,0.587467,0.587520,0.587494,0.000000,0.994440,0.105302,0.000000,0.994445,0.105257,0.000152,0.993777,0.111384,13.021810,-1.442047,1.039130,1,6,22.242200,0.027189,0,0
22.350420,-12.084980,233.079900,532.828900,1,1,1,1,2,2,0.596461,0.596477,0.596531,0.596584,0.596558,0.000000,0.993889,0.110383,0.000000,0.993891,0.110368,0.000139,0.993787,0.111297,10.633450,-1.409669,1.069409,1,6,22.240630,0.026361,0,0
22.360420,-12.085380,233.065900,533.050800,1,1,1,1,2,2,0.606132,0.606182,0.606244,0.606297,0.606271,0.000000,0.992520,0.122083,0.000000,0.992519,0.122089,0.000127,0.993682,0.112226,8.156252,-1.401041,1.098520,1,6,22.237930,0.025582,0,0
22.370420,-12.085780,233.051800,533.272700,1,1,1,1,2,2,0.618757,0.618864,0.618655,0.618715,0.618685,0.000000,0.991683,0.128705,0.000000,0.991685,0.128690,0.000116,0.993521,0.113645,5.538623,-1.417040,1.113782,1,6,22.234110,0.024859,0,0
22.380420,-12.086180,233.037200,533.494500,1,1,1,1,2,2,0.632290,0.632628,0.632510,0.632578,0.632544,0.000000,0.990698,0.136081,0.000000,0.990739,0.135780,0.000106,0.993301,0.115552,3.041371,-1.459047,1.113800,1,6,22.229150,0.024181,0,0
22.390420,-12.086570,233.021900,533.716200,1,1,1,1,2,2,0.646519,0.646594,0.646510,0.646585,0.646547,0.000079,0.988516,0.151117,0.000000,0.988473,0.151399,0.000097,0.992937,0.118644,0.478623,-1.525845,1.115344,1,6,22.223200,0.023552,0,0
22.400420,-12.086960,233.005700,533.937700,1,1,1,1,2,2,0.646519,0.646594,0.646510,0.646585,0.646547,0.000079,0.988516,0.151117,0.000000,0.988473,0.151399,0.000097,0.992937,0.118644,0.000000,-4.921650,-2.348214,0,6,21.956180,3.904783,1,0
22.410420,-12.086960,233.005700,533.937700,1,1,1,1,2,2,0.646519,0.646594,0.646510,0.646585,0.646547,0.000079,0.988516,0.151117,0.000000,0.988473,0.151399,0.000097,0.992937,0.118644,0.000000,-4.920305,-2.347572,0,6,21.950180,-0.000817,1,0
22.420420,-12.075600,232.960400,534.290500,1,1,1,1,2,2,0.646519,0.646594,0.646510,0.646585,0.646547,0.000079,0.988516,0.151117,0.000000,0.988473,0.151399,0.000097,0.992937,0.118644,0.000000,-4.923892,-2.349284,0,6,21.966180,0.002179,1,0
22.430420,-12.065720,232.914500,534.625100,1,1,1,1,2,2,0.646519,0.646594,0.646510,0.646585,0.646547,0.000079,0.988516,0.151117,0.000000,0.988473,0.151399,0.000097,0.992937,0.118644,0.000000,-4.926825,-2.350346,0,6,21.982030,0.002162,1,0
22.440420,-12.057140,232.868200,534.944300,1,1,1,1,2,2,0.646519,0.646594,0.646510,0.646585,0.646547,0.000079,0.988516,0.151117,0.000000,0.988473,0.151399,0.000097,0.992937,0.118644,0.000000,-4.930378,-2.352041,0,6,21.997890,0.002159,1,0
22.450420,-12.049670,232.821400,535.249900,1,1,1,1,2,2,0.646519,0.646594,0.646510,0.646585,0.646547,0.000079,0.988516,0.151117,0.000000,0.988473,0.151399,0.000097,0.992937,0.118644,0.000000,-4.934587,-2.354387,0,6,22.013890,0.002176,1,0
22.460420,-12.043180,232.774300,535.543600,1,1,1,1,2,2,0.646519,0.646594,0.646510,0.646585,0.646547,0.000079,0.988516,0.151117,0.000000,0.988473,0.151399,0.000097,0.992937,0.118644,0.000000,-4.938175,-2.356098,0,6,22.029900,0.002179,1,0
22.470420,-12.037540,232.726800,535.827300,1,1,1,1,2,2,0.646519,0.646594,0.646510,0.646585,0.646547,0.000079,0.988516,0.151117,0.000000,0.988473,0.151399,0.000097,0.992937,0.118644,0.000000,-4.941762,-2.357810,0,6,22.045900,0.002179,1,0
22.480420,-12.032640,232.679000,536.102000,1,1,1,1,2,2,0.646519,0.646594,0.646510,0.646585,0.646547,0.000079,0.988516,0.151117,0.000000,0.988473,0.151399,0.000097,0.992937,0.118644,0.000000,-4.945350,-2.359522,0,6,22.061910,0.002179,1,0
22.490420,-12.028370,232.631000,536.369100,1,1,1,1,2,2,0.646519,0.646594,0.646510,0.646585,0.646547,0.000079,0.988516,0.151117,0.000000,0.988473,0.151399,0.000097,0.992937,0.118644,0.000000,-4.948937,-2.361233,0,6,22.077910,0.002179,1,0
22.500420,-12.024670,232.582800,536.629500,1,1,1,1,2,2,0.646519,0.646594,0.646510,0.646585,0.646547,0.000079,0.988516,0.151117,0.000000,0.988473,0.151399,0.000097,0.992937,0.118644,0.000000,-4.951900,-2.362308,0,6,22.093920,0.002182,1,0
22.510420,-12.021440,232.534400,536.884200,1,1,1,1,2,2,0.646519,0.646594,0.646510,0.646585,0.646547,0.000079,0.988516,0.151117,0.000000,0.988473,0.151399,0.000097,0.992937,0.118644,0.000000,-4.955488,-2.364020,0,6,22.109920,0.002179,1,0
22.520420,-12.018640,232.485800,537.133900,1,1,1,1,2,2,0.646519,0.646594,0.646510,0.646585,0.646547,0.000079,0.988516,0.151117,0.000000,0.988473,0.151399,0.000097,0.992937,0.118644,0.000000,-4.959700,-2.366369,0,6,22.125930,0.002176,1,0
22.530420,-12.016210,232.437000,537.379300,1,1,1,1,2,2,0.646519,0.646594,0.646510,0.646585,0.646547,0.000079,0.988516,0.151117,0.000000,0.988473,0.151399,0.000097,0.992937,0.118644,0.000000,-4.963288,-2.368080,0,6,22.141930,0.002179,1,0
22.540420,-12.014090,232.388100,537.620900,1,1,1,1,2,2,0.646519,0.646594,0.646510,0.646585,0.646547,0.000079,0.988516,0.151117,0.000000,0.988473,0.151399,0.000097,0.992937,0.118644,0.000000,-4.966842,-2.369776,0,6,22.157780,0.002159,1,0
22.550420,-12.012250,232.339100,537.859300,1,1,1,1,2,2,0.646519,0.646594,0.646510,0.646585,0.646547,0.000079,0.988516,0.151117,0.000000,0.988473,0.151399,0.000097,0.992937,0.118644,0.000000,-4.970429,-2.371487,0,6,22.173790,0.002179,1,0
22.560420,-12.010650,232.289900,538.095000,1,1,1,1,2,2,0.646519,0.646594,0.646510,0.646585,0.646547,0.000079,0.988516,0.151117,0.000000,0.988473,0.151399,0.000097,0.992937,0.118644,0.000000,-4.974017,-2.373199,0,6,22.189790,0.002179,1,0
22.570420,-12.009260,232.240600,538.328200,1,1,1,1,2,2,0.646519,0.646594,0.646510,0.646585,0.646547,0.000079,0.988516,0.151117,0.000000,0.988473,0.151399,0.000097,0.992937,0.118644,0.000000,-4.976976,-2.374271,0,6,22.205800,0.002182,1,0
22.580420,-12.008050,232.191300,538.559400,1,1,1,1,2,2,0.646519,0.646594,0.646510,0.646585,0.646547,0.000079,0.988516,0.151117,0.000000,0.988473,0.151399,0.000097,0.992937,0.118644,0.000000,-4.980564,-2.375982,0,6,22.221800,0.002179,1,0
22.590420,-12.007000,232.141800,538.788900,1,1,1,1,2,2,0.646519,0.646594,0.646510,0.646585,0.646547,0.000079,0.988516,0.151117,0.000000,0.988473,0.151399,0.000097,0.992937,0.118644,0.000000,-4.984779,-2.378334,0,6,22.237810,0.002176,1,0
22.600420,-12.006080,232.092300,539.016700,1,1,1,1,2,2,0.646519,0.646594,0.646510,0.646585,0.646547,0.000079,0.988516,0.151117,0.000000,0.988473,0.151399,0.000097,0.992937,0.118644,0.000000,-4.988367,-2.380046,0,6,22.253810,0.002179,1,0
22.610420,-12.005290,232.042700,539.243300,1,1,1,1,2,2,0.646519,0.646594,0.646510,0.646585,0.646547,0.000079,0.988516,0.151117,0.000000,0.988473,0.151399,0.000097,0.992937,0.118644,0.000000,-4.991954,-2.381758,0,6,22.269820,0.002179,1,0
22.620420,-12.004600,231.993000,539.468800,1,1,1,1,2,2,0.646519,0.646594,0.646510,0.646585,0.646547,0.000079,0.988516,0.151117,0.000000,0.988473,0.151399,0.000097,0.992937,0.118644,0.000000,-4.995542,-2.383470,0,6,22.285820,0.002179,1,0
22.630420,-12.004000,231.943200,539.693300,1,1,1,1,2,2,0.646519,0.646594,0.646510,0.646585,0.646547,0.000079,0.988516,0.151117,0.000000,0.988473,0.151399,0.000097,0.992937,0.118644,0.000000,-4.999129,-2.385181,0,6,22.301820,0.002179,1,0
22.640420,-12.003470,231.893400,539.917100,1,1,1,1,2,2,0.646519,0.646594,0.646510,0.646585,0.646547,0.000079,0.988516,0.151117,0.000000,0.988473,0.151399,0.000097,0.992937,0.118644,0.000000,-5.002086,-2.386250,0,6,22.317830,0.002182,1,0
22.650420,-12.003020,231.843600,540.140000,1,1,1,1,2,2,0.646519,0.646594,0.646510,0.646585,0.646547,0.000079,0.988516,0.151117,0.000000,0.988473,0.151399,0.000097,0.992937,0.118644,0.000000,-5.005673,-2.387961,0,6,22.333830,0.002179,1,0
22.660420,-12.002630,231.793600,540.362500,1,1,1,1,2,2,0.646519,0.646594,0.646510,0.646585,0.646547,0.000079,0.988516,0.151117,0.000000,0.988473,0.151399,0.000097,0.992937,0.118644,0.000000,-5.009892,-2.390316,0,6,22.349840,0.002176,1,0
22.670420,-12.002280,231.743700,540.584500,1,1,1,1,2,2,0.646519,0.646594,0.646510,0.646585,0.646547,0.000079,0.988516,0.151117,0.000000,0.988473,0.151399,0.000097,0.992937,0.118644,0.000000,-5.013480,-2.392028,0,6,22.365840,0.002179,1,0
22.680420,-12.001980,231.693600,540.806200,1,1,1,1,2,2,0.646519,0.646594,0.646510,0.646585,0.646547,0.000079,0.988516,0.151117,0.000000,0.988473,0.151399,0.000097,0.992937,0.118644,0.000000,-5.017034,-2.393723,0,6,22.381700,0.002159,1,0
22.690420,-12.001730,231.643600,541.027500,1,1,1,1,2,2,0.646519,0.646594,0.646510,0.646585,0.646547,0.000079,0.988516,0.151117,0.000000,0.988473,0.151399,0.000097,0.992937,0.118644,0.000000,-5.020587,-2.395419,0,6,22.397550,0.002159,1,0
22.700420,-12.001500,231.593400,541.248500,1,1,1,1,2,2,0.646519,0.646594,0.646510,0.646585,0.646547,0.000079,0.988516,0.151117,0.000000,0.988473,0.151399,0.000097,0.992937,0.118644,0.000000,-5.024175,-2.397131,0,6,22.413560,0.002179,1,0
22.710420,-12.001300,231.543200,541.469300,1,1,1,1,2,2,0.646519,0.646594,0.646510,0.646585,0.646547,0.000079,0.988516,0.151117,0.000000,0.988473,0.151399,0.000097,0.992937,0.118644,0.000000,-5.027128,-2.398196,0,6,22.429560,0.002182,1,0
22.720420,-12.001130,231.493000,541.689900,1,1,1,1,2,2,0.646519,0.646594,0.646510,0.646585,0.646547,0.000079,0.988516,0.151117,0.000000,0.988473,0.151399,0.000097,0.992937,0.118644,0.000000,-5.030715,-2.399907,0,6,22.445560,0.002179,1,0
22.730420,-12.000990,231.442800,541.910500,1,1,1,1,2,2,0.646519,0.646594,0.646510,0.646585,0.646547,0.000079,0.988516,0.151117,0.000000,0.988473,0.151399,0.000097,0.992937,0.118644,0.000000,-5.034937,-2.402266,0,6,22.461570,0.002176,1,0
22.740430,-12.000860,231.392500,542.131000,1,1,1,1,2,2,0.646519,0.646594,0.646510,0.646585,0.646547,0.000079,0.988516,0.151117,0.000000,0.988473,0.151399,0.000097,0.992937,0.118644,0.000000,-5.038491,-2.403961,0,6,22.477420,0.002159,1,0
22.750430,-12.000740,231.342100,542.351400,1,1,1,1,2,2,0.646519,0.646594,0.646510,0.646585,0.646547,0.000079,0.988516,0.151117,0.000000,0.988473,0.151399,0.000097,0.992937,0.118644,0.000000,-5.041409,-2.405008,0,6,22.493270,0.002162,1,0
22.760430,-12.000650,231.291700,542.571800,1,1,1,1,2,2,0.646519,0.646594,0.646510,0.646585,0.646547,0.000079,0.988516,0.151117,0.000000,0.988473,0.151399,0.000097,0.992937,0.118644,0.000000,-5.044996,-2.406720,0,6,22.509280,0.002179,1,0
22.770430,-12.000560,231.241300,542.792200,1,1,1,1,2,2,0.646519,0.646594,0.646510,0.646585,0.646547,0.000079,0.988516,0.151117,0.000000,0.988473,0.151399,0.000097,0.992937,0.118644,0.000000,-5.049220,-2.409081,0,6,22.525290,0.002176,1,0
22.780430,-12.000490,231.190800,543.012600,1,1,1,1,2,2,0.646519,0.646594,0.646510,0.646585,0.646547,0.000079,0.988516,0.151117,0.000000,0.988473,0.151399,0.000097,0.992937,0.118644,0.000000,-5.052808,-2.410792,0,6,22.541290,0.002179,1,0
22.790430,-12.000430,231.140400,543.233100,1,1,1,1,2,2,0.646519,0.646594,0.646510,0.646585,0.646547,0.000079,0.988516,0.151117,0.000000,0.988473,0.151399,0.000097,0.992937,0.118644,0.000000,-5.056395,-2.412504,0,6,22.557290,0.002179,1,0
22.800430,-12.000370,231.089800,543.453600,1,1,1,1,2,2,0.646519,0.646594,0.646510,0.646585,0.646547,0.000079,0.988516,0.151117,0.000000,0.988473,0.151399,0.000097,0.992937,0.118644,0.000000,-5.059983,-2.414215,0,6,22.573300,0.002179,1,0
22.810430,-12.000320,231.039200,543.674200,1,1,1,1,2,2,0.729952,0.730011,0.729873,0.729985,0.729929,0.000000,0.974631,0.223819,0.000000,0.974555,0.224148,0.000097,0.992937,0.118644,0.000000,-1.563570,1.059351,0,6,22.069930,-0.087898,0,0
22.820430,-12.000320,231.022600,543.894300,1,1,1,1,2,2,0.763082,0.763196,0.763027,0.763139,0.763083,0.000000,0.974628,0.223833,0.000000,0.974555,0.224148,0.000097,0.992937,0.118644,0.000000,-1.661670,0.961944,0,6,22.077090,0.002525,0,0
22.830430,-12.000320,231.005000,544.114500,1,1,1,1,2,2,0.795287,0.795391,0.795229,0.795341,0.795285,0.000000,0.974631,0.223819,0.000000,0.974555,0.224148,0.000097,0.992937,0.118644,0.000000,-1.759770,0.864537,0,6,22.084690,0.002525,0,0
22.840430,-12.000320,230.986400,544.334700,1,1,1,1,2,2,0.826532,0.826636,0.826465,0.826569,0.826517,0.000000,0.974631,0.223819,0.000000,0.974555,0.224148,0.000097,0.992937,0.118644,0.000000,-1.857870,0.767130,0,6,22.092730,0.002525,0,0
22.850430,-12.000320,230.966900,544.554800,1,1,1,1,2,2,0.429845,0.419321,0.856745,0.856859,0.856802,0.000000,0.771975,0.635654,0.000000,0.974555,0.224148,0.000097,0.992937,0.118644,0.000000,-1.955970,0.669723,0,6,22.101190,0.002525,0,0
22.860430,-12.000320,230.946300,544.775000,1,1,1,1,1,1,0.885967,0.886090,0.886083,0.886187,0.886135,0.000000,0.974624,0.223847,0.000000,0.974555,0.224148,0.000097,0.992937,0.118644,0.000000,-2.054070,0.572316,0,6,22.110090,0.002525,0,0
22.870430,-12.000320,230.924800,544.995100,1,1,1,1,1,1,0.914342,0.914465,0.914456,0.914560,0.914508,0.000000,0.974624,0.223847,0.000000,0.974555,0.224148,0.000097,0.992937,0.118644,0.000000,-2.152170,0.474909,0,6,22.119420,0.002525,0,0
22.880430,-12.000320,230.902300,545.215300,1,1,1,1,1,1,0.941766,0.941870,0.941877,0.941981,0.941929,0.000000,0.974631,0.223819,0.000000,0.974555,0.224148,0.000097,0.992937,0.118644,0.000000,-2.250270,0.377502,0,6,22.129180,0.002525,0,0
22.890430,-12.000320,230.878800,545.435400,1,1,1,1,1,1,0.968220,0.968341,0.968332,0.968436,0.968384,0.000000,0.974637,0.223791,0.000000,0.974555,0.224148,0.000097,0.992937,0.118644,0.000000,-2.348370,0.280095,0,6,22.139370,0.002525,0,0
22.900430,-12.000320,230.854400,545.655600,0,0,0,0,0,0,0.000000,0.000000,0.000000,0.000000,0.968384,0.000000,0.000000,0.000000,0.000000,0.974555,0.224148,0.000097,0.992937,0.118644,0.000000,-2.446470,0.182688,0,6,22.149990,0.002525,0,0
22.910430,-12.000320,230.828900,545.875700,0,0,0,0,0,0,0.000000,0.000000,0.000000,0.000000,0.968384,0.000000,0.000000,0.000000,0.000000,0.974555,0.224148,0.000097,0.992937,0.118644,0.000000,-2.544569,0.085281,0,6,22.161040,0.002525,0,0
22.920430,-12.000320,230.802500,546.095900,0,0,0,0,0,0,0.000000,0.000000,0.000000,0.000000,0.968384,0.000000,0.000000,0.000000,0.000000,0.974555,0.224148,0.000097,0.992937,0.118644,0.000000,-2.642669,-0.012126,0,6,22.172520,0.002525,0,0
22.930430,-12.000320,230.775100,546.316000,0,0,0,0,0,0,0.000000,0.000000,0.000000,0.000000,0.968384,0.000000,0.000000,0.000000,0.000000,0.974555,0.224148,0.000097,0.992937,0.118644,0.000000,-2.740769,-0.109533,0,6,22.184430,0.002525,0,0
22.940430,-12.000320,230.746700,546.536200,0,0,0,0,0,0,0.000000,0.000000,0.000000,0.000000,0.968384,0.000000,0.000000,0.000000,0.000000,0.974555,0.224148,0.000097,0.992937,0.118644,0.000000,-2.838869,-0.206940,0,6,22.196760,0.002525,0,0
22.950430,-12.000320,230.717300,546.756300,0,0,0,0,0,0,0.000000,0.000000,0.000000,0.000000,0.968384,0.000000,0.000000,0.000000,0.000000,0.974555,0.224148,0.000097,0.992937,0.118644,0.000000,-2.936969,-0.304347,0,6,22.209520,0.002525,0,0
22.960430,-12.000320,230.687000,546.976500,0,0,0,0,0,0,0.000000,0.000000,0.000000,0.000000,0.968384,0.000000,0.000000,0.000000,0.000000,0.974555,0.224148,0.000097,0.992937,0.118644,0.000000,-3.035069,-0.401754,0,6,22.222700,0.002525,0,0
22.970430,-12.000320,230.655600,547.196700,0,0,0,0,0,0,0.000000,0.000000,0.000000,0.000000,0.968384,0.000000,0.000000,0.000000,0.000000,0.974555,0.224148,0.000097,0.992937,0.118644,0.000000,-3.133169,-0.499161,0,6,22.236310,0.002525,0,0
22.980430,-12.000320,230.623300,547.416800,0,0,0,0,0,0,0.000000,0.000000,0.000000,0.000000,0.968384,0.000000,0.000000,0.000000,0.000000,0.974555,0.224148,0.000097,0.992937,0.118644,0.000000,-3.231269,-0.596568,0,6,22.250350,0.002525,0,0
22.990430,-12.000320,230.590000,547.637000,0,0,0,0,0,0,0.000000,0.000000,0.000000,0.000000,0.968384,0.000000,0.000000,0.000000,0.000000,0.974555,0.224148,0.000097,0.992937,0.118644,0.000000,-3.329369,-0.693975,0,6,22.264810,0.002525,0,0
23.000430,-12.000320,230.555800,547.857100,0,0,0,0,0,0,0.000000,0.000000,0.000000,0.000000,0.968384,0.000000,0.000000,0.000000,0.000000,0.974555,0.224148,0.000097,0.992937,0.118644,0.000000,-3.427469,-0.791382,0,6,22.279690,0.002525,0,0
23.010430,-12.000320,230.520500,548.077300,0,0,0,0,0,0,0.000000,0.000000,0.000000,0.000000,0.968384,0.000000,0.000000,0.000000,0.000000,0.974555,0.224148,0.000097,0.992937,0.118644,0.000000,-3.525569,-0.888789,0,6,22.294990,0.002525,0,0
23.020430,-12.000320,230.484300,548.297400,0,0,0,0,0,0,0.000000,0.000000,0.000000,0.000000,0.968384,0.000000,0.000000,0.000000,0.000000,0.974555,0.224148,0.000097,0.992937,0.118644,0.000000,-3.623669,-0.986196,0,6,22.310710,0.002525,0,0
23.030430,-12.000320,230.447000,548.517600,0,0,0,0,0,0,0.000000,0.000000,0.000000,0.000000,0.968384,0.000000,0.000000,0.000000,0.000000,0.974555,0.224148,0.000097,0.992937,0.118644,0.000000,-3.721769,-1.083603,0,6,22.326860,0.002525,0,0
23.040430,-12.000320,230.408800,548.737700,0,0,0,0,0,0,0.000000,0.000000,0.000000,0.000000,0.968384,0.000000,0.000000,0.000000,0.000000,0.974555,0.224148,0.000097,0.992937,0.118644,0.000000,-3.819869,-1.181010,0,6,22.343420,0.002525,0,0
23.050430,-12.000320,230.369700,548.957900,0,0,0,0,0,0,0.000000,0.000000,0.000000,0.000000,0.968384,0.000000,0.000000,0.000000,0.000000,0.974555,0.224148,0.000097,0.992937,0.118644,0.000000,-3.917969,-1.278417,0,6,22.360400,0.002525,0,0
23.060430,-12.000320,230.329500,549.178000,0,0,0,0,0,0,0.000000,0.000000,0.000000,0.000000,0.968384,0.000000,0.000000,0.000000,0.000000,0.974555,0.224148,0.000097,0.992937,0.118644,0.000000,-4.016069,-1.375825,0,6,22.377800,0.002525,0,0
23.070430,-12.000320,230.288400,549.398200,0,0,0,0,0,0,0.000000,0.000000,0.000000,0.000000,0.968384,0.000000,0.000000,0.000000,0.000000,0.974555,0.224148,0.000097,0.992937,0.118644,0.000000,-4.114169,-1.473232,0,6,22.395610,0.002525,0,0
23.080430,-12.000320,230.246200,549.618300,0,0,0,0,0,0,0.000000,0.000000,0.000000,0.000000,0.968384,0.000000,0.000000,0.000000,0.000000,0.974555,0.224148,0.000097,0.992937,0.118644,0.000000,-4.212269,-1.570639,0,6,22.413840,0.002525,0,0
23.090430,-12.000320,230.203100,549.838500,0,0,0,0,0,0,0.000000,0.000000,0.000000,0.000000,0.968384,0.000000,0.000000,0.000000,0.000000,0.974555,0.224148,0.000097,0.992937,0.118644,0.000000,-4.310369,-1.668046,0,6,22.432480,0.002525,0,0
23.100430,-12.000320,230.159000,550.058700,0,0,0,0,0,0,0.000000,0.000000,0.000000,0.000000,0.968384,0.000000,0.000000,0.000000,0.000000,0.974555,0.224148,0.000097,0.992937,0.118644,0.000000,-4.408470,-1.765454,0,6,22.451540,0.002525,0,0
23.110430,-12.000320,230.114000,550.278800,0,0,0,0,0,0,0.000000,0.000000,0.000000,0.000000,0.968384,0.000000,0.000000,0.000000,0.000000,0.974555,0.224148,0.000097,0.992937,0.118644,0.000000,-4.506570,-1.862861,0,6,22.471010,0.002525,0,0
23.120430,-12.000320,230.067900,550.499000,0,0,0,0,0,0,0.000000,0.000000,0.000000,0.000000,0.968384,0.000000,0.000000,0.000000,0.000000,0.974555,0.224148,0.000097,0.992937,0.118644,0.000000,-4.604670,-1.960268,0,6,22.490880,0.002525,0,0
23.130430,-12.000320,230.020900,550.719100,0,0,0,0,0,0,0.000000,0.000000,0.000000,0.000000,0.968384,0.000000,0.000000,0.000000,0.000000,0.974555,0.224148,0.000097,0.992937,0.118644,0.000000,-4.702770,-2.057676,0,6,22.511180,0.001948,0,0
23.140430,-12.000320,229.972900,550.939300,0,0,0,0,0,0,0.000000,0.000000,0.000000,0.000000,0.968384,0.000000,0.000000,0.000000,0.000000,0.974555,0.224148,0.000097,0.992937,0.118644,0.000000,-4.800870,-2.155083,0,6,22.531870,0.001387,0,0
23.150430,-12.000320,229.923900,551.159400,0,0,0,0,0,0,0.000000,0.000000,0.000000,0.000000,0.968384,0.000000,0.000000,0.000000,0.000000,0.974555,0.224148,0.000097,0.992937,0.118644,0.000000,-4.898971,-2.252490,0,6,22.552980,0.000843,0,0
23.160430,-12.000320,229.873900,551.379600,0,0,0,0,0,0,0.000000,0.000000,0.000000,0.000000,0.968384,0.000000,0.000000,0.000000,0.000000,0.974555,0.224148,0.000097,0.992937,0.118644,0.000000,-4.997071,-2.349897,0,6,22.574490,0.000315,0,0
23.170430,-12.000320,229.823000,551.599700,0,0,0,0,0,0,0.000000,0.000000,0.000000,0.000000,0.968384,0.000000,0.000000,0.000000,0.000000,0.974555,0.224148,0.000097,0.992937,0.118644,0.000000,-5.095171,-2.447305,0,6,22.596410,-0.000197,0,0
23.180440,-12.000320,229.771100,551.819900,0,0,0,0,0,0,0.000000,0.000000,0.000000,0.000000,0.968384,0.000000,0.000000,0.000000,0.000000,0.974555,0.224148,0.000097,0.992937,0.118644,0.000000,-5.193271,-2.544712,0,6,22.618730,-0.000694,0,0
23.190440,-12.000320,229.718100,552.040000,0,0,0,0,0,0,0.000000,0.000000,0.000000,0.000000,0.968384,0.000000,0.000000,0.000000,0.000000,0.974555,0.224148,0.000097,0.992937,0.118644,0.000000,-5.291371,-2.642119,0,6,22.641460,-0.001177,0,0
23.200440,-12.000320,229.664200,552.260200,0,0,0,0,0,0,0.000000,0.000000,0.000000,0.000000,0.968384,0.000000,0.000000,0.000000,0.000000,0.974555,0.224148,0.000097,0.992937,0.118644,0.000000,-5.389472,-2.739527,0,6,22.664580,-0.001645,0,0
23.210440,-12.000320,229.609400,552.480300,0,0,0,0,0,0,0.000000,0.000000,0.000000,0.000000,0.968384,0.000000,0.000000,0.000000,0.000000,0.974555,0.224148,0.000097,0.992937,0.118644,0.000000,-5.487572,-2.836934,0,6,22.688110,-0.002099,0,0
23.220440,-12.000320,229.553500,552.700500,0,0,0,0,0,0,0.000000,0.000000,0.000000,0.000000,0.968384,0.000000,0.000000,0.000000,0.000000,0.974555,0.224148,0.000097,0.992937,0.118644,0.000000,-5.585672,-2.934341,0,6,22.712040,-0.002540,0,0
23.230440,-12.000320,229.496700,552.920700,0,0,0,0,0,0,0.000000,0.000000,0.000000,0.000000,0.968384,0.000000,0.000000,0.000000,0.000000,0.974555,0.224148,0.000097,0.992937,0.118644,0.000000,-5.683772,-3.031748,0,6,22.736360,-0.002967,0,0
23.240440,-12.000320,229.438900,553.140800,0,0,0,0,0,0,0.000000,0.000000,0.000000,0.000000,0.968384,0.000000,0.000000,0.000000,0.000000,0.974555,0.224148,0.000097,0.992937,0.118644,0.000000,-5.781872,-3.129155,0,6,22.761090,-0.003994,0,0
23.250440,-12.000320,229.380100,553.361000,0,0,0,0,0,0,0.000000,0.000000,0.000000,0.000000,0.968384,0.000000,0.000000,0.000000,0.000000,0.974555,0.224148,0.000097,0.992937,0.118644,0.000000,-5.879972,-3.226563,0,6,22.786200,-0.004990,0,0
23.260440,-12.000320,229.320300,553.581100,0,0,0,0,0,0,0.000000,0.000000,0.000000,0.000000,0.968384,0.000000,0.000000,0.000000,0.000000,0.974555,0.224148,0.000097,0.992937,0.118644,0.000000,-5.978073,-3.323970,0,6,22.811710,-0.005954,0,0
23.270440,-12.000320,229.259500,553.801300,0,0,0,0,0,0,0.000000,0.000000,0.000000,0.000000,0.968384,0.000000,0.000000,0.000000,0.000000,0.974555,0.224148,0.000097,0.992937,0.118644,0.000000,-6.076173,-3.421377,0,6,22.837620,-0.006889,0,0
23.280440,-12.000320,229.197800,554.021400,0,0,0,0,0,0,0.000000,0.000000,0.000000,0.000000,0.968384,0.000000,0.000000,0.000000,0.000000,0.974555,0.224148,0.000097,0.992937,0.118644,0.000000,-6.174273,-3.518785,0,6,22.863910,-0.007795,0,0
23.290440,-12.000320,229.135100,554.241600,0,0,0,0,0,0,0.000000,0.000000,0.000000,0.000000,0.968384,0.000000,0.000000,0.000000,0.000000,0.974555,0.224148,0.000097,0.992937,0.118644,0.000000,-6.272373,-3.616192,0,6,22.890600,-0.008673,0,0
23.300440,-12.000320,229.071400,554.461700,0,0,0,0,0,0,0.000000,0.000000,0.000000,0.000000,0.968384,0.000000,0.000000,0.000000,0.000000,0.974555,0.224148,0.000097,0.992937,0.118644,0.000000,-6.370473,-3.713599,0,6,22.917680,-0.009524,0,0
23.310440,-12.000320,229.006700,554.681900,0,0,0,0,0,0,0.000000,0.000000,0.000000,0.000000,0.968384,0.000000,0.000000,0.000000,0.000000,0.974555,0.224148,0.000097,0.992937,0.118644,0.000000,-6.468574,-3.811006,0,6,22.945140,-0.010349,0,0
23.320440,-12.000320,228.941000,554.902000,0,0,0,0,0,0,0.000000,0.000000,0.000000,0.000000,0.968384,0.000000,0.000000,0.000000,0.000000,0.974555,0.224148,0.000097,0.992937,0.118644,0.000000,-6.566674,-3.908414,0,6,22.972990,-0.011147,0,0
23.330440,-12.000320,228.874300,555.122200,0,0,0,0,0,0,0.000000,0.000000,0.000000,0.000000,0.968384,0.000000,0.000000,0.000000,0.000000,0.974555,0.224148,0.000097,0.992937,0.118644,0.000000,-6.664774,-4.005821,0,6,23.001220,-0.011920,0,0
23.340440,-12.000320,228.806700,555.342300,0,0,0,0,0,0,0.000000,0.000000,0.000000,0.000000,0.968384,0.000000,0.000000,0.000000,0.000000,0.974555,0.224148,0.000097,0.992937,0.118644,0.000000,-6.762874,-4.103228,0,6,23.029840,-0.012669,0,0
23.350440,-12.000320,228.738100,555.562500,0,0,0,0,0,0,0.000000,0.000000,0.000000,0.000000,0.968384,0.000000,0.000000,0.000000,0.000000,0.974555,0.224148,0.000097,0.992937,0.118644,0.000000,-6.860974,-4.200635,0,6,23.058840,-0.013395,0,0
23.360440,-12.000320,228.668500,555.782700,0,0,0,0,0,0,0.000000,0.000000,0.000000,0.000000,0.968384,0.000000,0.000000,0.000000,0.000000,0.974555,0.224148,0.000097,0.992937,0.118644,0.000000,-6.959074,-4.298043,0,6,23.088210,-0.014097,0,0
23.370440,-12.000320,228.597900,556.002800,0,0,0,0,0,0,0.000000,0.000000,0.000000,0.000000,0.968384,0.000000,0.000000,0.000000,0.000000,0.974555,0.224148,0.000097,0.992937,0.118644,0.000000,-7.057175,-4.395450,0,6,23.117970,-0.014778,0,0
23.380440,-12.000320,228.526400,556.223000,0,0,0,0,0,0,0.000000,0.000000,0.000000,0.000000,0.968384,0.000000,0.000000,0.000000,0.000000,0.974555,0.224148,0.000097,0.992937,0.118644,0.000000,-7.155275,-4.492857,0,6,23.148110,-0.015438,0,0
23.390440,-12.000320,228.453900,556.443100,0,0,0,0,0,0,0.000000,0.000000,0.000000,0.000000,0.968384,0.000000,0.000000,0.000000,0.000000,0.974555,0.224148,0.000097,0.992937,0.118644,0.000000,-7.253375,-4.590264,0,6,23.178620,-0.016076,0,0
23.400440,-12.000320,228.380300,556.663300,0,0,0,0,0,0,0.000000,0.000000,0.000000,0.000000,0.968384,0.000000,0.000000,0.000000,0.000000,0.974555,0.224148,0.000097,0.992937,0.118644,0.000000,-7.351475,-4.687672,0,6,23.209510,-0.016695,0,0
23.410440,-12.000320,228.305800,556.883400,0,0,0,0,0,0,0.000000,0.000000,0.000000,0.000000,0.968384,0.000000,0.000000,0.000000,0.000000,0.974555,0.224148,0.000097,0.992937,0.118644,0.000000,-7.449575,-4.785079,0,6,23.240760,-0.017294,0,0
23.420440,-12.000320,228.230400,557.103600,0,0,0,0,0,0,0.000000,0.000000,0.000000,0.000000,0.968384,0.000000,0.000000,0.000000,0.000000,0.974555,0.224148,0.000097,0.992937,0.118644,0.000000,-7.547676,-4.882486,0,6,23.272390,-0.017874,0,0
23.430440,-12.000320,228.153900,557.323700,0,0,0,0,0,0,0.000000,0.000000,0.000000,0.000000,0.968384,0.000000,0.000000,0.000000,0.000000,0.974555,0.224148,0.000097,0.992937,0.118644,0.000000,-7.645776,-4.979894,0,6,23.304400,-0.018436,0,0
23.440440,-12.000320,228.076500,557.543900,0,0,0,0,0,0,0.000000,0.000000,0.000000,0.000000,0.968384,0.000000,0.000000,0.000000,0.000000,0.974555,0.224148,0.000097,0.992937,0.118644,0.000000,-7.743876,-5.077301,0,6,23.336760,-0.018980,0,0
23.450440,-12.000320,227.998100,557.764000,0,0,0,0,0,0,0.000000,0.000000,0.000000,0.000000,0.968384,0.000000,0.000000,0.000000,0.000000,0.974555,0.224148,0.000097,0.992937,0.118644,0.000000,-7.841976,-5.174708,0,6,23.369500,-0.019506,0,0
23.460440,-12.000320,227.918700,557.984200,0,0,0,0,0,0,0.000000,0.000000,0.000000,0.000000,0.968384,0.000000,0.000000,0.000000,0.000000,0.974555,0.224148,0.000097,0.992937,0.118644,0.000000,-7.940076,-5.272115,0,6,23.402600,-0.020016,0,0
23.470440,-12.000320,227.838300,558.204300,0,0,0,0,0,0,0.000000,0.000000,0.000000,0.000000,0.968384,0.000000,0.000000,0.000000,0.000000,0.974555,0.224148,0.000097,0.992937,0.118644,0.000000,-8.038177,-5.369523,0,6,23.436070,-0.021158,0,0
23.480440,-12.000320,227.756900,558.424500,0,0,0,0,0,0,0.000000,0.000000,0.000000,0.000000,0.968384,0.000000,0.000000,0.000000,0.000000,0.974555,0.224148,0.000097,0.992937,0.118644,0.000000,-8.136276,-5.466929,0,6,23.469890,-0.022264,0,0
23.490440,-12.000320,227.674600,558.644700,0,0,0,0,0,0,0.000000,0.000000,0.000000,0.000000,0.968384,0.000000,0.000000,0.000000,0.000000,0.974555,0.224148,0.000097,0.992937,0.118644,0.000000,-8.234376,-5.564336,0,6,23.504080,-0.023335,0,0
23.500440,-12.000320,227.591200,558.864800,0,0,0,0,0,0,0.000000,0.000000,0.000000,0.000000,0.968384,0.000000,0.000000,0.000000,0.000000,0.974555,0.224148,0.000097,0.992937,0.118644,0.000000,-8.332476,-5.661743,0,6,23.538630,-0.024372,0,0
23.510440,-12.000320,227.506900,559.085000,0,0,0,0,0,0,0.000000,0.000000,0.000000,0.000000,0.968384,0.000000,0.000000,0.000000,0.000000,0.974555,0.224148,0.000097,0.992937,0.118644,0.000000,-8.430575,-5.759150,0,6,23.573530,-0.025376,0,0
23.520440,-12.000320,227.421700,559.305100,1,1,1,1,2,2,1.025037,1.022692,1.024924,1.022614,1.023769,-0.006228,0.976437,0.215714,-0.006228,0.976381,0.215967,-0.006228,0.976381,0.215967,0.000000,-4.915445,0.000000,1,7,22.759130,-0.034752,0,0
23.530440,-12.000540,227.371600,559.527200,1,1,1,1,2,2,1.022590,1.020311,1.022768,1.020423,1.021596,-0.006231,0.975994,0.217707,-0.006225,0.976012,0.217630,-0.006227,0.976349,0.216110,0.000000,-5.010405,-0.092445,1,7,22.765990,-0.038919,0,0
23.540440,-12.000750,227.320500,559.749100,1,1,1,1,2,2,1.021197,1.018961,1.021190,1.018933,1.020062,-0.006230,0.975886,0.218192,-0.006225,0.976012,0.217630,-0.006227,0.976320,0.216241,0.000000,-5.105316,-0.185129,1,7,22.773230,-0.035339,0,0
23.550440,-12.000960,227.268500,559.970900,1,1,1,1,2,2,1.018553,1.016349,1.018666,1.016469,1.017567,-0.006231,0.975994,0.217707,-0.006225,0.976012,0.217630,-0.006227,0.976294,0.216361,0.000000,-5.200182,-0.278025,1,7,22.780870,-0.065309,0,0
23.560440,-12.001180,227.215500,560.192600,1,1,1,1,2,2,1.015097,1.012946,1.015210,1.013080,1.014145,-0.006231,0.975997,0.217693,-0.006225,0.976012,0.217630,-0.006227,0.976269,0.216470,0.000000,-5.295002,-0.371114,1,7,22.788910,-0.100250,0,0
23.570440,-12.001410,227.161700,560.414100,1,1,1,1,2,2,1.010624,1.008576,1.010772,1.008717,1.009745,-0.006227,0.975994,0.217707,-0.006225,0.976012,0.217630,-0.006227,0.976247,0.216570,0.000000,-5.389778,-0.464373,1,7,22.797330,-0.157407,0,0
23.580440,-12.001650,227.106800,560.635500,1,1,1,1,2,2,1.006060,1.004125,1.006117,1.004160,1.005138,-0.006222,0.975548,0.219699,-0.006223,0.975639,0.219292,-0.006226,0.976195,0.216804,0.000000,-5.484510,-0.554441,1,7,22.806150,-0.237857,0,0
23.590440,-12.001930,227.051000,560.856800,1,1,1,1,2,2,1.000105,0.998297,1.000125,0.998325,0.999225,-0.006226,0.975548,0.219699,-0.006223,0.975639,0.219292,-0.006226,0.976147,0.217018,0.000000,-5.579199,-0.644930,1,7,22.815340,-0.341854,0,0
23.600440,-12.002240,226.994300,561.077800,1,1,1,1,2,2,0.993132,0.991496,0.993181,0.991543,0.992362,-0.006222,0.975545,0.219712,-0.006223,0.975639,0.219292,-0.006226,0.976103,0.217214,0.000000,-5.673844,-0.735799,1,7,22.824920,-0.468926,0,0
23.610450,-12.002620,226.936600,561.298800,1,1,1,1,2,2,0.985220,0.983778,0.985268,0.983810,0.984539,-0.006214,0.975545,0.219712,-0.006223,0.975639,0.219292,-0.006226,0.976063,0.217393,0.000000,-5.768446,-0.827012,1,7,22.834860,-0.617999,0,0
23.620450,-12.003070,226.878000,561.519600,1,1,1,1,2,2,0.976363,0.975118,0.976417,0.975144,0.975781,-0.006222,0.975551,0.219685,-0.006223,0.975639,0.219292,-0.006225,0.976027,0.217556,0.000000,-5.863004,-0.918534,1,7,22.845170,-0.787522,0,0
23.630450,-12.003610,226.818400,561.740200,1,1,1,1,2,2,0.966567,0.965460,0.966592,0.965513,0.966053,-0.006226,0.975548,0.219699,-0.006223,0.975639,0.219292,-0.006225,0.975993,0.217706,0.000000,-5.957517,-1.010337,1,7,22.855830,-0.975576,0,0
23.640450,-12.004260,226.757900,561.960800,1,1,1,1,2,2,0.955783,0.954919,0.955792,0.954943,0.955367,-0.006222,0.975548,0.219699,-0.006223,0.975639,0.219292,-0.006225,0.975963,0.217842,0.167863,-6.051982,-1.102391,1,7,22.866830,-1.179969,0,0
23.650450,-12.005050,226.696500,562.181200,1,1,1,1,2,2,0.944024,0.943400,0.944046,0.943427,0.943737,-0.006218,0.975545,0.219712,-0.006223,0.975639,0.219292,-0.006225,0.975935,0.217967,4.526110,-6.144759,-1.192992,1,7,22.878070,-1.398326,0,0
23.660450,-12.006000,226.634500,562.401500,1,1,1,1,2,2,0.931121,0.931430,0.931119,0.931436,0.931278,-0.006787,0.975426,0.220223,-0.006786,0.975515,0.219828,-0.006273,0.975899,0.218127,7.921818,-6.194951,-1.239128,1,7,22.887200,-1.628439,0,0
23.670450,-12.007140,226.572400,562.621800,1,1,1,1,2,2,0.919003,0.919267,0.918973,0.919281,0.919127,-0.006786,0.975432,0.220195,-0.006786,0.975515,0.219828,-0.006317,0.975866,0.218274,10.420410,-6.211973,-1.251601,1,7,22.894480,-1.867332,0,0
23.680450,-12.008490,226.510300,562.842300,1,1,1,1,2,2,0.906919,0.906600,0.906915,0.906618,0.906766,-0.007348,0.975304,0.220747,-0.007349,0.975390,0.220364,-0.006406,0.975825,0.218454,12.312000,-6.204595,-1.238283,1,7,22.900310,-2.112731,0,0
23.690450,-12.010080,226.448600,563.062900,1,1,1,1,2,2,0.895164,0.895124,0.895154,0.895119,0.895137,-0.007346,0.975310,0.220719,-0.007349,0.975390,0.220364,-0.006487,0.975788,0.218618,13.608230,-6.178752,-1.206413,1,7,22.905060,-2.362426,0,0
23.700450,-12.011940,226.387200,563.283600,1,1,1,1,2,2,0.884132,0.884020,0.883775,0.884013,0.883894,-0.007351,0.975364,0.220477,-0.007349,0.975390,0.220364,-0.006561,0.975753,0.218768,14.519270,-6.140261,-1.161922,1,7,22.909080,-2.613986,0,0
23.710450,-12.014090,226.326200,563.504500,1,1,1,1,2,2,0.873289,0.873420,0.873457,0.873422,0.873439,-0.007911,0.975245,0.220988,-0.007912,0.975264,0.220900,-0.006678,0.975711,0.218952,15.041330,-6.092883,-1.107548,1,7,22.912640,-2.865040,0,0
23.720450,-12.016560,226.265800,563.725500,1,1,1,1,2,2,0.863689,0.864120,0.863354,0.863792,0.863573,-0.008477,0.975173,0.221283,-0.008475,0.975138,0.221436,-0.006832,0.975662,0.219166,15.309300,-6.040417,-1.047247,1,7,22.915960,-3.113993,0,0
23.730450,-12.019370,226.206000,563.946700,1,1,1,1,2,2,0.853683,0.854414,0.853824,0.854582,0.854203,-0.008471,0.975182,0.221242,-0.008475,0.975138,0.221436,-0.006974,0.975617,0.219361,15.432240,-5.985343,-0.984722,1,7,22.919190,-3.359337,0,0
23.740450,-12.022550,226.146700,564.168100,1,1,1,1,2,2,0.844907,0.845934,0.844918,0.845937,0.845428,-0.008471,0.975069,0.221740,-0.008475,0.975138,0.221436,-0.007103,0.975576,0.219540,15.428040,-5.929074,-0.921386,1,7,22.922410,-3.598948,0,0
23.750450,-12.026120,226.087900,564.389600,1,1,1,1,2,2,0.836939,0.838263,0.836615,0.837917,0.837266,-0.008472,0.975179,0.221256,-0.008475,0.975138,0.221436,-0.007221,0.975538,0.219703,15.324090,-5.872846,-0.858479,1,7,22.925650,-3.831404,0,0
23.760450,-12.030110,226.029800,564.611400,1,1,1,1,2,2,0.828238,0.829867,0.827973,0.829624,0.828799,-0.008472,0.974830,0.222789,-0.008473,0.974814,0.222859,-0.007329,0.975476,0.219974,15.237810,-5.817629,-0.794087,1,7,22.928960,-4.055481,0,0
23.770450,-12.034530,225.972100,564.833300,1,1,1,1,2,2,0.821386,0.823347,0.821138,0.823102,0.822120,-0.008472,0.974830,0.222789,-0.008473,0.974814,0.222859,-0.007427,0.975419,0.220223,14.865600,-5.763249,-0.731132,1,7,22.932340,-4.269956,0,0
23.780450,-12.039400,225.915000,565.055400,1,1,1,1,2,2,0.815089,0.817370,0.814824,0.817113,0.815968,-0.008476,0.974833,0.222776,-0.008473,0.974814,0.222859,-0.007517,0.975367,0.220450,14.504680,-5.712491,-0.672426,1,7,22.935840,-4.474059,0,0
23.790450,-12.044750,225.858300,565.277600,1,1,1,1,2,2,0.809265,0.811876,0.808994,0.811611,0.810302,-0.008480,0.974830,0.222789,-0.008473,0.974814,0.222859,-0.007599,0.975319,0.220657,14.158750,-5.665238,-0.617811,1,7,22.939450,-4.667019,0,0
23.800450,-12.050590,225.802100,565.500000,1,1,1,1,2,2,0.803741,0.812378,0.803631,0.807084,0.805358,-0.008457,0.972988,0.230703,-0.008471,0.974651,0.223571,-0.007674,0.975262,0.220908,13.744340,-5.621341,-0.565655,1,7,22.943130,-4.848302,0,0
23.810450,-12.056940,225.746300,565.722500,1,1,1,1,2,2,0.799635,0.802895,0.799500,0.802779,0.801140,-0.008473,0.974593,0.223825,-0.008470,0.974487,0.224283,-0.007743,0.975195,0.221198,13.279790,-5.581462,-0.516730,1,7,22.946880,-5.017387,0,0
23.820450,-12.063820,225.690800,565.945100,1,1,1,1,2,2,0.795385,0.798983,0.795270,0.798862,0.797066,-0.008473,0.974589,0.223839,-0.008470,0.974487,0.224283,-0.007805,0.975134,0.221464,12.920540,-5.546089,-0.473056,1,7,22.950700,-5.173955,0,0
23.830450,-12.071230,225.635700,566.167800,1,1,1,1,2,2,0.791491,0.795456,0.791390,0.795329,0.793359,-0.008473,0.974589,0.223839,-0.008470,0.974487,0.224283,-0.007863,0.975078,0.221706,12.599010,-5.514188,-0.433527,1,7,22.954530,-5.317892,0,0
23.840450,-12.079200,225.580800,566.390600,1,1,1,1,2,2,0.787914,0.792177,0.787806,0.792066,0.789936,-0.008473,0.974589,0.223839,-0.008470,0.974487,0.224283,-0.007915,0.975027,0.221928,12.319520,-5.485388,-0.397720,1,7,22.958370,-5.449093,0,0
23.850450,-12.087720,225.526200,566.613500,1,1,1,1,2,2,0.784637,0.789183,0.784505,0.789069,0.786787,-0.008469,0.974593,0.223825,-0.008470,0.974487,0.224283,-0.007963,0.974981,0.222131,12.072120,-5.459276,-0.365169,1,7,22.962190,-5.567575,0,0
23.860450,-12.096830,225.471900,566.836400,1,1,1,1,2,2,0.781577,0.786476,0.781478,0.786349,0.783914,-0.008473,0.974589,0.223839,-0.008470,0.974487,0.224283,-0.008006,0.974939,0.222316,11.847580,-5.435536,-0.335515,1,7,22.965980,-5.673434,0,0
23.870450,-12.106510,225.417800,567.059400,1,1,1,1,2,2,0.778788,0.783956,0.778689,0.783858,0.781274,-0.008473,0.974589,0.223839,-0.008470,0.974487,0.224283,-0.008046,0.974900,0.222485,11.646830,-5.413945,-0.308493,1,7,22.969740,-5.766841,0,0
23.880450,-12.116790,225.363800,567.282500,1,1,1,1,2,2,0.775504,0.781692,0.775470,0.781582,0.778526,-0.008958,0.974468,0.224349,-0.008958,0.974376,0.224747,-0.008125,0.974855,0.222680,11.499790,-5.394268,-0.282845,1,7,22.973450,-5.847977,0,0
23.890450,-12.127660,225.310100,567.505700,1,1,1,1,2,2,0.773001,0.777294,0.773283,0.778754,0.776018,-0.010404,0.974047,0.226106,-0.009447,0.974264,0.225211,-0.008238,0.974804,0.222898,11.331690,-5.375985,-0.258085,1,7,22.977120,-5.917504,0,0
23.900450,-12.139140,225.256500,567.728900,1,1,1,1,2,2,0.771045,0.777127,0.771318,0.777102,0.774210,-0.009447,0.974290,0.225100,-0.009447,0.974264,0.225211,-0.008343,0.974757,0.223097,11.091100,-5.359303,-0.235459,1,7,22.980760,-5.975788,0,0
23.910450,-12.151230,225.203000,567.952100,1,1,1,1,2,2,0.769499,0.775613,0.769444,0.775532,0.772488,-0.009455,0.974349,0.224845,-0.009447,0.974264,0.225211,-0.008438,0.974715,0.223279,10.905470,-5.344928,-0.215654,1,7,22.984380,-6.022777,0,0
23.920450,-12.163930,225.149700,568.175400,1,1,1,1,2,2,0.767824,0.774182,0.767756,0.774148,0.770952,-0.009452,0.974342,0.224873,-0.009447,0.974264,0.225211,-0.008524,0.974676,0.223445,10.742370,-5.332324,-0.198084,1,7,22.987960,-6.058862,0,0
23.930450,-12.177240,225.096500,568.398600,1,1,1,1,2,2,0.766988,0.772594,0.766733,0.772838,0.769785,-0.009939,0.974111,0.225851,-0.009936,0.974152,0.225675,-0.008646,0.974631,0.223637,10.537100,-5.321272,-0.181493,1,7,22.991520,-6.084429,0,0
23.940450,-12.191170,225.043400,568.621900,1,1,1,1,2,2,0.765554,0.771890,0.765491,0.772121,0.768806,-0.010428,0.974047,0.226106,-0.010425,0.974039,0.226138,-0.008799,0.974580,0.223852,10.334360,-5.312186,-0.166354,1,7,22.995070,-6.100337,0,0
23.950450,-12.205710,224.990300,568.845200,1,1,1,1,2,2,0.764425,0.771511,0.764310,0.771244,0.767777,-0.010424,0.974047,0.226106,-0.010425,0.974039,0.226138,-0.008939,0.974534,0.224049,10.202650,-5.305044,-0.153692,1,7,22.998600,-6.106996,0,0
23.960450,-12.220870,224.937300,569.068500,1,1,1,1,2,2,0.763332,0.770169,0.763240,0.770440,0.766840,-0.010428,0.974044,0.226120,-0.010425,0.974039,0.226138,-0.009067,0.974491,0.224229,10.097500,-5.299155,-0.142757,1,7,23.002130,-6.104462,0,0
23.970450,-12.236650,224.884400,569.291900,1,1,1,1,2,2,0.762281,0.769424,0.762199,0.769647,0.765923,-0.010427,0.974050,0.226092,-0.010425,0.974039,0.226138,-0.009184,0.974452,0.224393,10.024490,-5.294260,-0.133249,1,7,23.005650,-6.093259,0,0
23.980450,-12.253030,224.831500,569.515200,1,1,1,1,2,2,0.761285,0.768502,0.761182,0.768281,0.764731,-0.010428,0.973928,0.226616,-0.010423,0.973926,0.226626,-0.009290,0.974407,0.224585,10.002950,-5.290046,-0.123827,1,7,23.009170,-6.073837,0,0
23.990450,-12.270030,224.778600,569.738500,1,1,1,1,2,2,0.760005,0.767899,0.759774,0.767842,0.763808,-0.010421,0.973806,0.227141,-0.010422,0.973813,0.227114,-0.009388,0.974356,0.224803,9.923700,-5.286015,-0.114030,1,7,23.012690,-6.046653,0,0
24.000450,-12.287630,224.725800,569.961900,1,1,1,1,2,2,0.759179,0.767508,0.759113,0.767435,0.763274,-0.010421,0.973862,0.226900,-0.010422,0.973813,0.227114,-0.009477,0.974309,0.225002,9.805641,-5.282731,-0.105477,1,7,23.016230,-6.012164,0,0
24.010450,-12.305830,224.673000,570.185200,1,1,1,1,2,2,0.758532,0.767299,0.758467,0.767055,0.762761,-0.010425,0.973806,0.227141,-0.010422,0.973813,0.227114,-0.009558,0.974266,0.225184,9.723444,-5.280572,-0.098516,1,7,23.019790,-5.970893,0,0
24.020450,-12.324640,224.620200,570.408500,1,1,1,1,2,2,0.757906,0.766927,0.757828,0.766670,0.762249,-0.010424,0.973809,0.227127,-0.010422,0.973813,0.227114,-0.009633,0.974227,0.225350,9.671196,-5.279192,-0.092753,1,7,23.023370,-5.923269,0,0
24.030450,-12.344030,224.567400,570.631800,1,1,1,1,2,2,0.757788,0.766886,0.757685,0.766828,0.762256,-0.010416,0.973631,0.227893,-0.010420,0.973585,0.228089,-0.009700,0.974172,0.225585,9.497482,-5.278301,-0.085880,1,7,23.026980,-5.869809,0,0
24.040450,-12.364010,224.514600,570.855100,1,1,1,1,2,2,0.757390,0.766730,0.757306,0.766680,0.761993,-0.010413,0.973627,0.227907,-0.010420,0.973585,0.228089,-0.009762,0.974121,0.225801,9.428166,-5.279083,-0.081229,1,7,23.030640,-5.810759,0,0
24.050460,-12.384570,224.461800,571.078400,1,1,1,1,2,2,0.756981,0.766601,0.756897,0.766524,0.761710,-0.010424,0.973630,0.227893,-0.010420,0.973585,0.228089,-0.009819,0.974075,0.225998,9.390648,-5.280524,-0.077712,1,7,23.034340,-5.746728,0,0
24.060460,-12.405700,224.409000,571.301600,1,1,1,1,2,2,0.756580,0.766430,0.756503,0.766353,0.761428,-0.010420,0.973631,0.227893,-0.010420,0.973585,0.228089,-0.009871,0.974033,0.226178,9.372622,-5.282315,-0.074975,1,7,23.038090,-5.678020,0,0
24.070460,-12.427390,224.356100,571.524800,1,1,1,1,2,2,0.756164,0.766240,0.756088,0.766152,0.761120,-0.010417,0.973627,0.227907,-0.010420,0.973585,0.228089,-0.009918,0.973994,0.226342,9.373009,-5.284268,-0.072787,1,7,23.041880,-5.605134,0,0
24.080460,-12.449650,224.303300,571.748000,1,1,1,1,2,2,0.755749,0.766015,0.755700,0.765930,0.760815,-0.010416,0.973631,0.227893,-0.010420,0.973585,0.228089,-0.009961,0.973959,0.226493,9.381212,-5.286207,-0.070933,1,7,23.045720,-5.528385,0,0
24.090460,-12.472450,224.250400,571.971300,1,1,1,1,2,2,0.754686,0.765782,0.754799,0.765699,0.760249,-0.010776,0.973517,0.228360,-0.010779,0.973501,0.228429,-0.010031,0.973920,0.226659,9.422840,-5.288057,-0.068542,1,7,23.049620,-5.448150,0,0
24.100460,-12.495800,224.197500,572.194400,1,1,1,1,2,2,0.754727,0.764831,0.754516,0.764988,0.759752,-0.011134,0.973450,0.228628,-0.011138,0.973417,0.228770,-0.010127,0.973876,0.226841,9.431300,-5.289497,-0.065317,1,7,23.053570,-5.365032,0,0
24.110460,-12.519670,224.144600,572.417500,1,1,1,1,2,2,0.754119,0.764757,0.754247,0.764875,0.759561,-0.011133,0.973394,0.228869,-0.011138,0.973417,0.228770,-0.010214,0.973837,0.227007,9.391998,-5.290854,-0.062389,1,7,23.057590,-5.279309,0,0
24.120460,-12.544080,224.091600,572.640700,1,1,1,1,2,2,0.754120,0.764654,0.753928,0.764771,0.759350,-0.011139,0.973443,0.228656,-0.011138,0.973417,0.228770,-0.010293,0.973801,0.227159,9.375103,-5.292595,-0.060201,1,7,23.061670,-5.191018,0,0
24.130460,-12.568990,224.038700,572.863800,1,1,1,1,2,2,0.753468,0.764518,0.753902,0.764644,0.759273,-0.011142,0.973390,0.228883,-0.011497,0.973333,0.229110,-0.010397,0.973760,0.227327,9.326681,-5.294503,-0.057732,1,7,23.065820,-5.100481,0,0
24.140460,-12.594410,223.985700,573.086900,1,1,1,1,2,2,0.753576,0.764694,0.753733,0.764496,0.759114,-0.011496,0.973386,0.228882,-0.011497,0.973333,0.229110,-0.010492,0.973723,0.227480,9.314231,-5.296889,-0.056103,1,7,23.070040,-5.008248,0,0
24.150460,-12.620330,223.932700,573.309900,1,1,1,1,2,2,0.753403,0.764906,0.753577,0.764744,0.759160,-0.011856,0.973329,0.229108,-0.011857,0.973248,0.229450,-0.010609,0.973683,0.227650,9.256782,-5.299403,-0.054151,1,7,23.074330,-4.914319,0,0
24.160460,-12.646740,223.879700,573.533000,1,1,1,1,2,2,0.753220,0.764529,0.753405,0.764715,0.759060,-0.011856,0.973269,0.229363,-0.011857,0.973248,0.229450,-0.010717,0.973645,0.227805,9.249086,-5.302486,-0.053136,1,7,23.078700,-4.819129,0,0
24.170460,-12.673630,223.826700,573.756000,1,1,1,1,2,2,0.753136,0.764989,0.753161,0.764684,0.758923,-0.011855,0.973215,0.229590,-0.011857,0.973248,0.229450,-0.010815,0.973611,0.227946,9.258305,-5.305655,-0.052530,1,7,23.083140,-4.722785,0,0
24.180460,-12.700980,223.773600,573.979100,1,1,1,1,2,2,0.753039,0.764728,0.752923,0.764566,0.758744,-0.011857,0.973382,0.228882,-0.011857,0.973248,0.229450,-0.010904,0.973580,0.228076,9.280206,-5.308747,-0.052135,1,7,23.087660,-4.625408,0,0
24.190460,-12.728790,223.720500,574.202100,1,1,1,1,2,2,0.752644,0.764466,0.752648,0.764447,0.758547,-0.011854,0.973158,0.229831,-0.011857,0.973248,0.229450,-0.010986,0.973551,0.228194,9.306947,-5.311638,-0.051797,1,7,23.092250,-4.527294,0,0
24.200460,-12.757050,223.667300,574.425000,1,1,1,1,2,2,0.752467,0.764453,0.752344,0.764320,0.758332,-0.011857,0.973382,0.228882,-0.011857,0.973248,0.229450,-0.011061,0.973525,0.228302,9.336718,-5.314284,-0.051446,1,7,23.096920,-4.428592,0,0
24.210460,-12.785750,223.614200,574.648000,1,1,1,1,2,2,0.752001,0.764132,0.751797,0.763951,0.757874,-0.011859,0.973135,0.229931,-0.011856,0.973157,0.229839,-0.011130,0.973493,0.228434,9.388761,-5.316655,-0.050244,1,7,23.101660,-4.329568,0,0
24.220460,-12.814880,223.561000,574.871000,1,1,1,1,2,2,0.751798,0.763837,0.751574,0.763803,0.757689,-0.011850,0.973199,0.229661,-0.011856,0.973157,0.229839,-0.011192,0.973464,0.228555,9.385775,-5.318537,-0.048801,1,7,23.106480,-4.230317,0,0
24.230460,-12.844430,223.507800,575.093900,1,1,1,1,2,2,0.751369,0.763902,0.751315,0.763713,0.757514,-0.011859,0.973195,0.229675,-0.011856,0.973157,0.229839,-0.011249,0.973438,0.228666,9.387996,-5.320466,-0.047644,1,7,23.111380,-4.131057,0,0
24.240460,-12.874380,223.454500,575.316900,1,1,1,1,2,2,0.751263,0.763789,0.751062,0.763558,0.757310,-0.011854,0.973142,0.229902,-0.011856,0.973157,0.229839,-0.011301,0.973414,0.228767,9.400928,-5.322392,-0.046700,1,7,23.116350,-4.032011,0,0
24.250460,-12.904740,223.401300,575.539900,1,1,1,1,2,2,0.751006,0.763679,0.750947,0.763561,0.757254,-0.011859,0.973135,0.229931,-0.011854,0.973065,0.230227,-0.011349,0.973384,0.228892,9.369456,-5.324211,-0.045054,1,7,23.121390,-3.933264,0,0
24.260460,-12.935490,223.348000,575.762800,1,1,1,1,2,2,0.750845,0.763601,0.750740,0.763509,0.757124,-0.011856,0.973128,0.229959,-0.011854,0.973065,0.230227,-0.011393,0.973356,0.229007,9.365881,-5.326358,-0.043986,1,7,23.126510,-3.834918,0,0
24.270460,-12.966620,223.294700,575.985800,1,1,1,1,2,2,0.750633,0.763509,0.750525,0.763420,0.756972,-0.011854,0.973138,0.229916,-0.011854,0.973065,0.230227,-0.011432,0.973331,0.229112,9.373258,-5.328560,-0.043195,1,7,23.131710,-3.737147,0,0
24.280460,-12.998120,223.241400,576.208700,1,1,1,1,2,2,0.750377,0.763363,0.750309,0.763257,0.756783,-0.011860,0.973128,0.229959,-0.011854,0.973065,0.230227,-0.011469,0.973308,0.229208,9.390989,-5.330713,-0.042550,1,7,23.136980,-3.640110,0,0
24.290460,-13.029980,223.188100,576.431600,1,1,1,1,2,2,0.749859,0.763222,0.749860,0.763123,0.756492,-0.012042,0.973069,0.230199,-0.012039,0.973021,0.230401,-0.011518,0.973284,0.229311,9.417534,-5.332715,-0.041524,1,7,23.142330,-3.543861,0,0
24.300460,-13.062200,223.134800,576.654500,1,1,1,1,2,2,0.749708,0.762751,0.749712,0.762740,0.756226,-0.012223,0.973017,0.230411,-0.012223,0.972978,0.230576,-0.011578,0.973257,0.229420,9.428131,-5.334482,-0.040044,1,7,23.147740,-3.448627,0,0
24.310460,-13.094760,223.081400,576.877500,1,1,1,1,2,2,0.749551,0.762686,0.749512,0.762695,0.756104,-0.012216,0.973013,0.230425,-0.012223,0.972978,0.230576,-0.011634,0.973233,0.229519,9.416103,-5.336171,-0.038692,1,7,23.153230,-3.354529,0,0
24.320460,-13.127650,223.028000,577.100500,1,1,1,1,2,2,0.749387,0.762602,0.749385,0.762591,0.755988,-0.012227,0.973017,0.230411,-0.012223,0.972978,0.230576,-0.011685,0.973211,0.229610,9.411234,-5.338001,-0.037675,1,7,23.158790,-3.261494,0,0
24.330460,-13.160870,222.974600,577.323400,1,1,1,1,2,2,0.749427,0.762512,0.749381,0.762487,0.755934,-0.012401,0.972957,0.230651,-0.012407,0.972934,0.230750,-0.011747,0.973187,0.229708,9.391308,-5.339904,-0.036495,1,7,23.164410,-3.169516,0,0
24.340460,-13.194400,222.921200,577.546400,1,1,1,1,2,2,0.749313,0.762366,0.749262,0.762518,0.755890,-0.012409,0.972957,0.230651,-0.012592,0.972890,0.230925,-0.011820,0.973162,0.229813,9.369493,-5.342027,-0.035319,1,7,23.170110,-3.078801,0,0
24.350460,-13.228250,222.867800,577.769300,1,1,1,1,2,2,0.749219,0.762695,0.749166,0.762452,0.755809,-0.012590,0.972841,0.231132,-0.012592,0.972890,0.230925,-0.011886,0.973138,0.229909,9.365691,-5.344388,-0.034591,1,7,23.175870,-2.989493,0,0
24.360460,-13.262390,222.814300,577.992300,1,1,1,1,2,2,0.749086,0.762449,0.749039,0.762392,0.755716,-0.012588,0.972895,0.230906,-0.012592,0.972890,0.230925,-0.011947,0.973117,0.229996,9.370208,-5.346811,-0.034111,1,7,23.181710,-2.901524,0,0
24.370460,-13.296820,222.760800,578.215300,1,1,1,1,2,2,0.748930,0.762350,0.748890,0.762281,0.755586,-0.012587,0.972898,0.230892,-0.012592,0.972890,0.230925,-0.012002,0.973097,0.230076,9.385086,-5.349217,-0.033777,1,7,23.187600,-2.814893,0,0
24.380460,-13.331530,222.707300,578.438200,1,1,1,1,2,2,0.748461,0.762239,0.748720,0.762199,0.755460,-0.012585,0.972848,0.231104,-0.012592,0.972890,0.230925,-0.012053,0.973080,0.230149,9.399947,-5.351503,-0.033470,1,7,23.193560,-2.729622,0,0
24.390460,-13.366520,222.653700,578.661300,1,1,1,1,2,2,0.748588,0.762122,0.748534,0.762066,0.755300,-0.012588,0.972895,0.230906,-0.012592,0.972890,0.230925,-0.012099,0.973063,0.230216,9.421124,-5.353670,-0.033174,1,7,23.199570,-2.647722,0,0
24.400460,-13.401770,222.600200,578.884300,1,1,1,1,2,2,0.748395,0.761979,0.748349,0.761932,0.755140,-0.012587,0.972898,0.230892,-0.012592,0.972890,0.230925,-0.012142,0.973048,0.230277,9.440708,-5.355653,-0.032815,1,7,23.205640,-2.569709,0,0
24.410460,-13.437290,222.546600,579.107300,1,1,1,1,2,2,0.748195,0.761835,0.748133,0.761791,0.754962,-0.012586,0.972902,0.230877,-0.012592,0.972890,0.230925,-0.012180,0.973035,0.230333,9.462161,-5.357468,-0.032394,1,7,23.211760,-2.495191,0,0
24.420460,-13.473050,222.493000,579.330400,1,1,1,1,2,2,0.748007,0.761679,0.747955,0.761650,0.754803,-0.012586,0.972905,0.230863,-0.012592,0.972890,0.230925,-0.012216,0.973022,0.230384,9.477900,-5.359095,-0.031881,1,7,23.217920,-2.423892,0,0
24.430460,-13.509070,222.439400,579.553500,1,1,1,1,2,2,0.804819,0.761514,0.747928,0.761632,0.754780,-0.012715,0.982725,0.184634,-0.012592,0.972949,0.230676,-0.012248,0.973016,0.230409,9.480610,-5.360589,-0.031828,1,7,23.224130,-2.355607,0,0
24.440460,-13.545320,222.385800,579.776600,1,1,1,1,2,2,0.747517,0.761307,0.747661,0.761401,0.754531,-0.012598,0.972905,0.230863,-0.012592,0.972949,0.230676,-0.012278,0.973010,0.230432,9.524817,-5.362075,-0.031808,1,7,23.230370,-2.290569,0,0
24.450460,-13.581800,222.332200,579.999700,1,1,1,1,2,2,0.747267,0.761033,0.747402,0.761164,0.754283,-0.012586,0.972902,0.230877,-0.012592,0.972949,0.230676,-0.012305,0.973005,0.230453,9.559347,-5.363150,-0.031401,1,7,23.236640,-2.228080,0,0
24.460460,-13.618510,222.278500,580.222800,1,1,1,1,2,2,0.747022,0.760780,0.747149,0.760926,0.754038,-0.012590,0.972901,0.230877,-0.012592,0.972949,0.230676,-0.012330,0.973000,0.230472,9.585789,-5.363919,-0.030698,1,7,23.242980,-2.139308,0,0
24.470460,-13.655430,222.224900,580.446000,1,1,1,1,2,2,0.746776,0.760565,0.746889,0.760659,0.753774,-0.012594,0.972901,0.230877,-0.012592,0.972949,0.230676,-0.012352,0.972996,0.230490,9.610167,-5.364460,-0.029778,1,7,23.249370,-2.055398,0,0
24.480460,-13.692570,222.171200,580.669300,1,1,1,1,2,2,0.746802,0.760268,0.746557,0.760272,0.753415,-0.012580,0.972955,0.230651,-0.012577,0.973012,0.230412,-0.012372,0.972997,0.230483,9.660414,-5.364791,-0.029198,1,7,23.255800,-1.976000,0,0
24.490470,-13.729900,222.117600,580.892500,1,1,1,1,2,2,0.746512,0.759944,0.746275,0.760052,0.753164,-0.012558,0.972949,0.230680,-0.012561,0.973016,0.230396,-0.012388,0.972999,0.230475,9.679311,-5.364660,-0.028145,1,7,23.262290,-1.900767,0,0
24.500470,-13.767430,222.063900,581.115800,1,1,1,1,2,2,0.745920,0.759998,0.745978,0.759726,0.752852,-0.012560,0.972956,0.230651,-0.012561,0.973016,0.230396,-0.012403,0.973000,0.230469,9.704083,-5.364369,-0.026893,1,7,23.268810,-1.829344,0,0
24.510470,-13.805150,222.010300,581.339100,1,1,1,1,2,2,0.745630,0.759736,0.745726,0.759481,0.752603,-0.012559,0.972959,0.230637,-0.012561,0.973016,0.230396,-0.012416,0.973002,0.230462,9.711171,-5.363854,-0.025385,1,7,23.275360,-1.778770,0,0
24.520470,-13.843060,221.956600,581.562500,1,1,1,1,2,2,0.745412,0.759169,0.745488,0.759221,0.752355,-0.012555,0.972902,0.230878,-0.012561,0.973016,0.230396,-0.012429,0.973003,0.230457,9.716331,-5.363273,-0.023799,1,7,23.281930,-1.771191,0,0
24.530470,-13.881150,221.903000,581.785900,1,1,1,1,2,2,0.745319,0.758945,0.745222,0.758999,0.752110,-0.012546,0.973009,0.230424,-0.012544,0.973020,0.230381,-0.012439,0.973004,0.230450,9.720100,-5.362644,-0.022192,1,7,23.288500,-1.761966,0,0
24.540470,-13.919430,221.849400,582.009300,1,1,1,1,2,2,0.745123,0.758535,0.745014,0.758770,0.751892,-0.012527,0.973063,0.230198,-0.012528,0.973024,0.230366,-0.012446,0.973006,0.230443,9.718951,-5.361982,-0.020574,1,7,23.295090,-1.751283,0,0
24.550470,-13.957900,221.795800,582.232800,1,1,1,1,2,2,0.744751,0.758673,0.744806,0.758562,0.751684,-0.012526,0.973010,0.230425,-0.012528,0.973024,0.230366,-0.012453,0.973008,0.230436,9.716024,-5.361334,-0.018956,1,7,23.301680,-1.739292,0,0
24.560470,-13.996550,221.742200,582.456300,1,1,1,1,2,2,0.744371,0.758658,0.744598,0.758362,0.751480,-0.012526,0.973010,0.230425,-0.012528,0.973024,0.230366,-0.012460,0.973009,0.230430,9.712733,-5.360719,-0.017357,1,7,23.308290,-1.726096,0,0
24.570470,-14.035380,221.688600,582.679900,1,1,1,1,2,2,0.744532,0.758147,0.744450,0.758191,0.751321,-0.012528,0.973000,0.230467,-0.012528,0.973024,0.230366,-0.012466,0.973010,0.230425,9.702093,-5.360140,-0.015782,1,7,23.314910,-1.712301,0,0
24.580470,-14.074400,221.635000,582.903400,1,1,1,1,2,2,0.744242,0.758267,0.744295,0.758020,0.751157,-0.012526,0.972949,0.230680,-0.012528,0.973024,0.230366,-0.012471,0.973011,0.230419,9.694559,-5.359670,-0.014304,1,7,23.321540,-1.697494,0,0
24.590470,-14.113590,221.581400,583.127100,1,1,1,1,2,2,0.744304,0.757930,0.744205,0.757850,0.751027,-0.012527,0.973124,0.229943,-0.012528,0.973024,0.230366,-0.012476,0.973012,0.230415,9.682732,-5.359291,-0.012894,1,7,23.328200,-1.649804,0,0
24.600470,-14.152950,221.527800,583.350800,1,1,1,1,2,2,0.744056,0.757657,0.744093,0.757723,0.750908,-0.012526,0.972889,0.230935,-0.012528,0.973024,0.230366,-0.012480,0.973013,0.230411,9.671689,-5.359047,-0.011596,1,7,23.334900,-1.600531,0,0
24.610470,-14.192480,221.474200,583.574500,1,1,1,1,2,2,0.743964,0.757655,0.743997,0.757574,0.750786,-0.012526,0.973010,0.230425,-0.012528,0.973024,0.230366,-0.012485,0.973014,0.230407,9.663896,-5.358930,-0.010401,1,7,23.341630,-1.549994,0,0
24.620470,-14.232170,221.420600,583.798200,1,1,1,1,2,2,0.744047,0.757380,0.743959,0.757434,0.750697,-0.012527,0.973006,0.230439,-0.012528,0.973024,0.230366,-0.012488,0.973015,0.230403,9.651871,-5.358908,-0.009279,1,7,23.348400,-1.498465,0,0
24.630470,-14.272020,221.367000,584.022000,1,1,1,1,2,2,0.743811,0.757420,0.743871,0.757330,0.750600,-0.012527,0.973003,0.230453,-0.012528,0.973024,0.230366,-0.012492,0.973016,0.230400,9.644039,-5.359024,-0.008272,1,7,23.355190,-1.446143,0,0
24.640470,-14.312020,221.313400,584.245800,1,1,1,1,2,2,0.743908,0.757326,0.743804,0.757219,0.750512,-0.012528,0.973120,0.229957,-0.012528,0.973024,0.230366,-0.012495,0.973016,0.230397,9.636662,-5.359235,-0.007338,1,7,23.362020,-1.393221,0,0
24.650470,-14.352160,221.259900,584.469700,1,1,1,1,2,2,0.743868,0.757080,0.743796,0.757107,0.750452,-0.012526,0.973010,0.230425,-0.012528,0.973024,0.230366,-0.012498,0.973017,0.230394,9.625809,-5.359538,-0.006473,1,7,23.368870,-1.339903,0,0
24.660470,-14.392450,221.206300,584.693700,1,1,1,1,2,2,0.744283,0.757317,0.744219,0.757421,0.750820,-0.012528,0.973197,0.229631,-0.012531,0.973225,0.229514,-0.012501,0.973035,0.230318,9.584033,-5.359965,-0.007444,1,7,23.375750,-1.286378,0,0
24.670470,-14.432870,221.152600,584.917700,1,1,1,1,2,2,0.744557,0.757064,0.744308,0.757138,0.750723,-0.012309,0.973367,0.228923,-0.012305,0.973278,0.229300,-0.012484,0.973056,0.230231,9.645461,-5.360818,-0.009199,1,7,23.382640,-1.232919,0,0
24.680470,-14.473420,221.099000,585.141700,1,1,1,1,2,2,0.743885,0.757118,0.743959,0.757206,0.750583,-0.012077,0.973373,0.228909,-0.012079,0.973331,0.229086,-0.012449,0.973079,0.230132,9.707856,-5.361090,-0.010672,1,7,23.389550,-1.179308,0,0
24.690470,-14.514090,221.045400,585.365700,1,1,1,1,2,2,0.743552,0.756746,0.743617,0.756828,0.750223,-0.012082,0.973370,0.228923,-0.012079,0.973331,0.229086,-0.012417,0.973101,0.230042,9.788812,-5.360772,-0.011310,1,7,23.396470,-1.125767,0,0
24.700470,-14.554890,220.991800,585.589800,1,1,1,1,2,2,0.743005,0.756091,0.742959,0.756031,0.749495,-0.012084,0.973499,0.228371,-0.012081,0.973531,0.228235,-0.012388,0.973138,0.229887,9.954345,-5.359684,-0.012680,1,7,23.403400,-1.072441,0,0
24.710470,-14.595800,220.938300,585.814000,1,1,1,1,2,2,0.742563,0.755564,0.742527,0.755519,0.749023,-0.012087,0.973503,0.228356,-0.012081,0.973531,0.228235,-0.012362,0.973172,0.229745,10.024480,-5.357000,-0.012072,1,7,23.410330,-1.019627,0,0
24.720470,-14.636810,220.884700,586.038300,1,1,1,1,2,2,0.741795,0.755086,0.741770,0.755043,0.748407,-0.011852,0.973565,0.228102,-0.011856,0.973584,0.228021,-0.012318,0.973207,0.229596,10.108630,-5.353652,-0.010986,1,7,23.417270,-0.967226,0,0
24.730470,-14.677940,220.831200,586.262600,1,1,1,1,2,2,0.741320,0.754375,0.741301,0.754345,0.747823,-0.011628,0.973618,0.227890,-0.011630,0.973637,0.227807,-0.012259,0.973244,0.229442,10.170870,-5.349501,-0.009262,1,7,23.424200,-0.915167,0,0
24.740470,-14.719160,220.777800,586.486900,1,1,1,1,2,2,0.740945,0.753920,0.740917,0.753863,0.747390,-0.011386,0.973620,0.227890,-0.011380,0.973640,0.227808,-0.012183,0.973278,0.229302,10.184540,-5.344761,-0.006675,1,7,23.431140,-0.863492,0,0
24.750470,-14.760470,220.724400,586.711400,1,1,1,1,2,2,0.740585,0.753298,0.740553,0.753447,0.747000,-0.011382,0.973680,0.227635,-0.011380,0.973640,0.227808,-0.012114,0.973310,0.229173,10.179320,-5.339904,-0.003643,1,7,23.438070,-0.812230,0,0
24.760470,-14.801880,220.671000,586.935900,1,1,1,1,2,2,0.740273,0.753128,0.740233,0.753105,0.746669,-0.011386,0.973620,0.227890,-0.011380,0.973640,0.227808,-0.012051,0.973338,0.229055,10.157570,-5.335115,-0.000381,1,7,23.445000,-0.761641,0,0
24.770470,-14.843370,220.617700,587.160500,1,1,1,1,2,2,0.740042,0.752858,0.740003,0.752851,0.746427,-0.011381,0.973624,0.227876,-0.011380,0.973640,0.227808,-0.011993,0.973364,0.228948,10.118860,-5.330554,0.002920,1,7,23.451930,-0.711761,0,0
24.780470,-14.884940,220.564500,587.385100,1,1,1,1,2,2,0.739842,0.752628,0.739788,0.752600,0.746194,-0.011377,0.973624,0.227876,-0.011380,0.973640,0.227808,-0.011940,0.973388,0.228850,10.082330,-5.326386,0.006068,1,7,23.458870,-0.661883,0,0
24.790470,-14.926580,220.511200,587.609900,1,1,1,1,2,2,0.739651,0.752484,0.739623,0.752429,0.746026,-0.011137,0.973633,0.227849,-0.011131,0.973642,0.227808,-0.011871,0.973410,0.228760,10.040010,-5.322591,0.008977,1,7,23.465800,-0.612110,0,0
24.800470,-14.968290,220.458000,587.834700,1,1,1,1,2,2,0.739540,0.752338,0.739512,0.752331,0.745922,-0.011130,0.973630,0.227863,-0.011131,0.973642,0.227808,-0.011807,0.973430,0.228678,9.991778,-5.319223,0.011667,1,7,23.472720,-0.562055,0,0
24.810470,-15.010070,220.404900,588.059500,1,1,1,1,2,2,0.739474,0.752283,0.739453,0.752228,0.745840,-0.011125,0.973633,0.227849,-0.011131,0.973642,0.227808,-0.011749,0.973448,0.228603,9.946741,-5.316342,0.014060,1,7,23.479650,-0.512195,0,0
24.820470,-15.051900,220.351700,588.284400,1,1,1,1,2,2,0.739444,0.752204,0.739407,0.752198,0.745803,-0.011142,0.973630,0.227863,-0.011131,0.973642,0.227808,-0.011696,0.973465,0.228535,9.900843,-5.313915,0.016174,1,7,23.486570,-0.462434,0,0
24.830470,-15.093790,220.298600,588.509400,1,1,1,1,2,2,0.739452,0.752276,0.739422,0.752250,0.745836,-0.010887,0.973636,0.227849,-0.010881,0.973645,0.227809,-0.011625,0.973480,0.228472,9.851939,-5.311950,0.017895,1,7,23.493490,-0.412878,0,0
24.840470,-15.135730,220.245500,588.734400,1,1,1,1,2,2,0.739503,0.752288,0.739482,0.752228,0.745855,-0.010886,0.973639,0.227835,-0.010881,0.973645,0.227809,-0.011561,0.973494,0.228415,9.814139,-5.310477,0.019277,1,7,23.500410,-0.363335,0,0
24.850470,-15.177710,220.192400,588.959500,1,1,1,1,2,2,0.739582,0.752255,0.739527,0.752258,0.745892,-0.010879,0.973636,0.227849,-0.010881,0.973645,0.227809,-0.011503,0.973507,0.228363,9.779027,-5.309388,0.020418,1,7,23.507320,-0.314087,0,0
24.860470,-15.219730,220.139300,589.184700,1,1,1,1,2,2,0.739956,0.752327,0.739863,0.752295,0.746079,-0.010681,0.973694,0.227609,-0.010676,0.973693,0.227614,-0.011432,0.973523,0.228299,9.734533,-5.308655,0.020862,1,7,23.514230,-0.265162,0,0
24.870470,-15.261790,220.086200,589.410000,1,1,1,1,2,2,0.739927,0.752387,0.739870,0.752632,0.746251,-0.010471,0.973693,0.227623,-0.010470,0.973741,0.227419,-0.011349,0.973542,0.228223,9.711731,-5.308370,0.020542,1,7,23.521130,-0.216407,0,0
24.880470,-15.303870,220.033200,589.635300,1,1,1,1,2,2,0.740886,0.753402,0.740934,0.753457,0.747195,-0.010224,0.974115,0.225823,-0.010225,0.974148,0.225681,-0.011252,0.973594,0.228004,9.642555,-5.308320,0.016530,1,7,23.528030,-0.167913,0,0
24.890470,-15.345980,219.980100,589.860700,1,1,1,1,2,2,0.740502,0.752988,0.740547,0.753019,0.746783,-0.010232,0.974115,0.225823,-0.010225,0.974148,0.225681,-0.011164,0.973642,0.227804,9.822895,-5.308954,0.012305,1,7,23.534900,-0.119957,0,0
24.900470,-15.388110,219.927000,590.086200,1,1,1,1,2,2,0.739913,0.752541,0.739985,0.752595,0.746290,-0.010014,0.974170,0.225596,-0.010020,0.974195,0.225486,-0.011065,0.973689,0.227605,9.973577,-5.307843,0.009847,1,7,23.541750,-0.072378,0,0
24.910470,-15.430250,219.873900,590.311700,1,1,1,1,2,2,0.739687,0.735969,0.739561,0.752026,0.745793,0.007463,0.977844,0.209200,-0.009814,0.974242,0.225291,-0.010958,0.973737,0.227406,10.088000,-5.305276,0.008862,1,7,23.548580,-0.025202,0,0
24.920480,-15.472410,219.820900,590.537300,1,1,1,1,2,2,0.729898,0.750860,0.738564,0.750849,0.744706,-0.009849,0.977191,0.212135,-0.009818,0.974643,0.223551,-0.010860,0.973815,0.227074,10.358460,-5.301606,0.005902,1,7,23.555390,0.021699,0,0
24.930480,-15.514570,219.768000,590.763000,1,1,1,1,2,2,0.737866,0.750059,0.737880,0.750068,0.743974,-0.009815,0.974587,0.223795,-0.009818,0.974643,0.223551,-0.010770,0.973886,0.226771,10.479670,-5.295312,0.006354,1,7,23.562150,0.067695,0,0
24.940480,-15.556740,219.715100,590.988800,1,1,1,1,2,2,0.737276,0.749382,0.737256,0.749391,0.743323,-0.009822,0.974590,0.223781,-0.009818,0.974643,0.223551,-0.010688,0.973951,0.226493,10.539710,-5.287848,0.008662,1,7,23.568890,0.113147,0,0
24.950480,-15.598900,219.662300,591.214700,1,1,1,1,2,2,0.736753,0.748820,0.736757,0.748803,0.742780,-0.009822,0.974590,0.223781,-0.009818,0.974643,0.223551,-0.010613,0.974011,0.226240,10.550670,-5.279810,0.012160,1,7,23.575600,0.157986,0,0
24.960480,-15.641050,219.609600,591.440600,1,1,1,1,2,2,0.736335,0.748304,0.736355,0.748305,0.742330,-0.009819,0.974587,0.223795,-0.009818,0.974643,0.223551,-0.010545,0.974065,0.226009,10.528510,-5.271677,0.016304,1,7,23.582270,0.202642,0,0
24.970480,-15.683200,219.556900,591.666700,1,1,1,1,2,2,0.736023,0.747947,0.736014,0.747948,0.741981,-0.009818,0.974593,0.223767,-0.009818,0.974643,0.223551,-0.010482,0.974115,0.225797,10.481590,-5.263773,0.020717,1,7,23.588920,0.247460,0,0
24.980480,-15.725320,219.504400,591.892800,1,1,1,1,2,2,0.735785,0.747634,0.735791,0.747621,0.741706,-0.009831,0.974587,0.223795,-0.009818,0.974643,0.223551,-0.010425,0.974160,0.225604,10.421710,-5.256339,0.025109,1,7,23.595540,0.292795,0,0
24.990480,-15.767430,219.451900,592.119000,1,1,1,1,2,2,0.735670,0.747392,0.735671,0.747406,0.741538,-0.009811,0.974587,0.223795,-0.009818,0.974643,0.223551,-0.010373,0.974202,0.225427,10.347190,-5.249501,0.029313,1,7,23.602140,0.338938,0,0
25.000480,-15.809510,219.399500,592.345300,1,1,1,1,2,2,0.735617,0.747256,0.735598,0.747256,0.741427,-0.009814,0.974590,0.223781,-0.009818,0.974643,0.223551,-0.010325,0.974240,0.225266,10.271810,-5.243402,0.033145,1,7,23.608720,0.386125,0,0
25.010480,-15.851560,219.347100,592.571700,1,1,1,1,2,2,0.735600,0.747184,0.735619,0.747197,0.741408,-0.009823,0.974584,0.223808,-0.009818,0.974643,0.223551,-0.010282,0.974274,0.225118,10.190110,-5.238051,0.036566,1,7,23.615260,0.434544,0,0
25.020480,-15.893570,219.294700,592.798200,1,1,1,1,2,2,0.735675,0.747203,0.735687,0.747183,0.741435,-0.009815,0.974587,0.223795,-0.009818,0.974643,0.223551,-0.010242,0.974306,0.224983,10.112630,-5.233510,0.039483,1,7,23.621790,0.484516,0,0
25.030480,-15.935550,219.242400,593.024800,1,1,1,1,2,2,0.735815,0.747254,0.735828,0.747242,0.741535,-0.009823,0.974587,0.223795,-0.009818,0.974643,0.223551,-0.010205,0.974335,0.224860,10.034130,-5.229737,0.041912,1,7,23.628290,0.536131,0,0
25.040480,-15.977470,219.190200,593.251400,1,1,1,1,2,2,0.735984,0.747352,0.736006,0.747331,0.741668,-0.009818,0.974590,0.223781,-0.009818,0.974643,0.223551,-0.010172,0.974362,0.224747,9.962771,-5.226743,0.043817,1,7,23.634760,0.589542,0,0
25.050480,-16.019350,219.137900,593.478100,1,1,1,1,2,2,0.736804,0.747478,0.736721,0.747450,0.742086,-0.009354,0.974708,0.223285,-0.009348,0.974750,0.223104,-0.010101,0.974395,0.224606,9.879430,-5.224458,0.044159,1,7,23.641220,0.644910,0,0
25.060480,-16.061160,219.085700,593.705000,1,1,1,1,2,2,0.736768,0.748228,0.736721,0.748159,0.742440,-0.008874,0.974823,0.222802,-0.008877,0.974857,0.222657,-0.009996,0.974435,0.224438,9.847767,-5.223000,0.042889,1,7,23.647640,0.702643,0,0
25.070480,-16.102920,219.033500,593.931800,1,1,1,1,2,2,0.736831,0.748159,0.736750,0.748077,0.742414,-0.008874,0.974827,0.222788,-0.008877,0.974857,0.222657,-0.009899,0.974471,0.224285,9.883066,-5.221863,0.041682,1,7,23.654030,0.762807,0,0
25.080480,-16.144600,218.981300,594.158800,1,1,1,1,2,2,0.736905,0.748122,0.736824,0.748039,0.742432,-0.008878,0.974827,0.222788,-0.008877,0.974857,0.222657,-0.009811,0.974504,0.224145,9.892815,-5.220396,0.041174,1,7,23.660390,0.825134,0,0
25.090480,-16.186200,218.929100,594.385900,1,1,1,1,2,2,0.736441,0.748121,0.736430,0.748032,0.742231,-0.008408,0.974950,0.222265,-0.008407,0.974963,0.222209,-0.009691,0.974544,0.223978,9.958878,-5.218848,0.039991,1,7,23.666730,0.889599,0,0
25.100480,-16.227720,218.876900,594.613000,1,1,1,1,2,2,0.737582,0.748761,0.737422,0.748593,0.743007,-0.007936,0.975524,0.219750,-0.007939,0.975483,0.219934,-0.009540,0.974625,0.223630,9.944478,-5.216671,0.035010,1,7,23.673030,0.956609,0,0
25.110480,-16.269160,218.824800,594.840300,1,1,1,1,2,2,0.737058,0.748117,0.736923,0.747990,0.742456,-0.007941,0.975521,0.219764,-0.007939,0.975483,0.219934,-0.009402,0.974699,0.223312,10.153670,-5.214646,0.030640,1,7,23.679270,1.025858,0,0
25.120480,-16.310490,218.772700,595.067600,1,1,1,1,2,2,0.736601,0.747552,0.736469,0.747424,0.741946,-0.007942,0.975515,0.219791,-0.007939,0.975483,0.219934,-0.009276,0.974766,0.223021,10.285590,-5.210595,0.029061,1,7,23.685460,1.097256,0,0
25.130480,-16.351720,218.720600,595.295000,1,1,1,1,2,2,0.736240,0.747061,0.736105,0.746897,0.741501,-0.007949,0.975518,0.219777,-0.007939,0.975483,0.219934,-0.009161,0.974828,0.222756,10.356930,-5.205271,0.029437,1,7,23.691610,1.170749,0,0
25.140480,-16.392840,218.668700,595.522500,1,1,1,1,2,2,0.735968,0.745875,0.735807,0.745773,0.740790,-0.007949,0.975748,0.218755,-0.007941,0.975688,0.219019,-0.009056,0.974902,0.222434,10.490910,-5.199267,0.029227,1,7,23.697700,1.246322,0,0
25.150480,-16.433830,218.616700,595.750100,1,1,1,1,2,2,0.734629,0.745098,0.734538,0.744998,0.739768,-0.007949,0.975976,0.217732,-0.007943,0.975893,0.218105,-0.008961,0.974988,0.222063,10.676700,-5.191972,0.029188,1,7,23.703740,1.323844,0,0
25.160480,-16.474700,218.564900,595.977800,1,1,1,1,2,2,0.734082,0.744420,0.734023,0.744350,0.739186,-0.007950,0.975967,0.217772,-0.007943,0.975893,0.218105,-0.008873,0.975066,0.221722,10.717500,-5.182878,0.031774,1,7,23.709720,1.403087,0,0
25.170480,-16.515430,218.513200,596.205700,1,1,1,1,2,2,0.733709,0.743907,0.733600,0.743814,0.738707,-0.007941,0.975973,0.217745,-0.007943,0.975893,0.218105,-0.008793,0.975137,0.221411,10.711600,-5.173402,0.035490,1,7,23.715640,1.484248,0,0
25.180480,-16.556020,218.461500,596.433700,1,1,1,1,2,2,0.733425,0.743491,0.733331,0.743413,0.738372,-0.007941,0.975976,0.217732,-0.007943,0.975893,0.218105,-0.008720,0.975202,0.221126,10.664610,-5.163999,0.039807,1,7,23.721500,1.567227,0,0
25.190480,-16.596460,218.410000,596.661700,1,1,1,1,2,2,0.733244,0.743154,0.733144,0.743092,0.738118,-0.007950,0.975970,0.217759,-0.007943,0.975893,0.218105,-0.008653,0.975262,0.220866,10.599570,-5.155070,0.044258,1,7,23.727310,1.651751,0,0
25.200480,-16.636730,218.358500,596.889800,1,1,1,1,2,2,0.733162,0.742961,0.733070,0.742882,0.737976,-0.007949,0.975976,0.217732,-0.007943,0.975893,0.218105,-0.008592,0.975316,0.220628,10.516950,-5.146792,0.048608,1,7,23.733050,1.737837,0,0
25.210480,-16.676830,218.307100,597.118100,1,1,1,1,2,2,0.733174,0.742836,0.733093,0.742742,0.737918,-0.007941,0.975973,0.217745,-0.007943,0.975893,0.218105,-0.008536,0.975366,0.220411,10.427260,-5.139335,0.052636,1,7,23.738740,1.825240,0,0
25.220480,-16.716750,218.255800,597.346500,1,1,1,1,2,2,0.733305,0.742805,0.733220,0.742720,0.737970,-0.007941,0.975976,0.217732,-0.007943,0.975893,0.218105,-0.008485,0.975411,0.220213,10.328540,-5.132768,0.056227,1,7,23.744360,1.913837,0,0
25.230480,-16.756490,218.204500,597.575000,1,1,1,1,2,2,0.734252,0.742833,0.734346,0.742749,0.738547,-0.007226,0.976096,0.217221,-0.007231,0.976050,0.217427,-0.008377,0.975466,0.219973,10.190610,-5.127178,0.057607,1,7,23.749930,2.003482,0,0
25.240480,-16.796020,218.153300,597.803500,1,1,1,1,2,2,0.734147,0.760475,0.734240,0.743885,0.739062,0.005429,0.978731,0.205078,-0.006519,0.976206,0.216749,-0.008217,0.975530,0.219695,10.126510,-5.122948,0.056488,1,7,23.755430,2.094495,0,0
25.250480,-16.835350,218.102100,598.032200,1,1,1,1,2,2,0.734056,0.743855,0.734180,0.743653,0.738916,-0.006518,0.976271,0.216455,-0.006519,0.976206,0.216749,-0.008071,0.975588,0.219442,10.181850,-5.119356,0.055352,1,7,23.760850,2.186711,0,0
25.260480,-16.874460,218.051000,598.261000,1,1,1,1,2,2,0.734356,0.743682,0.734148,0.743466,0.738807,-0.006518,0.976328,0.216199,-0.006519,0.976206,0.216749,-0.007937,0.975641,0.219210,10.202300,-5.115236,0.055339,1,7,23.766210,2.279331,0,0
25.270480,-16.913350,217.999900,598.489900,1,1,1,1,2,2,0.704689,0.743267,0.734213,0.743368,0.738790,0.023942,0.981948,0.187630,-0.006519,0.976206,0.216749,-0.007815,0.975690,0.218998,10.188000,-5.110929,0.056050,1,7,23.771500,2.372215,0,0
25.280480,-16.951990,217.948800,598.718900,1,1,1,1,2,2,0.733372,0.743238,0.733386,0.743337,0.738362,-0.005794,0.976341,0.216160,-0.005808,0.976361,0.216070,-0.007643,0.975748,0.218746,10.280700,-5.106773,0.055453,1,7,23.776710,2.465126,0,0
25.290480,-16.990400,217.897800,598.947900,1,1,1,1,2,2,0.733211,0.742284,0.733194,0.742477,0.737836,-0.005086,0.976517,0.215379,-0.005096,0.976515,0.215392,-0.007423,0.975814,0.218457,10.394360,-5.101723,0.054717,1,7,23.781860,2.558501,0,0
25.300480,-17.028540,217.846800,599.177100,1,1,1,1,2,2,0.733074,0.742192,0.733074,0.742193,0.737634,-0.005086,0.976461,0.215635,-0.005096,0.976515,0.215392,-0.007223,0.975874,0.218193,10.404610,-5.095575,0.055785,1,7,23.786920,2.652073,0,0
25.310480,-17.066430,217.795900,599.406400,1,1,1,1,2,2,0.732889,0.741991,0.733053,0.742001,0.737527,-0.005085,0.976520,0.215366,-0.005096,0.976515,0.215392,-0.007040,0.975929,0.217952,10.379950,-5.089338,0.057564,1,7,23.791910,2.745072,0,0
25.320480,-17.104040,217.745100,599.635900,1,1,1,1,2,2,0.733979,0.742517,0.734063,0.742733,0.738398,-0.005101,0.976855,0.213844,-0.005098,0.976871,0.213770,-0.006873,0.976011,0.217593,10.255170,-5.083353,0.056316,1,7,23.796820,2.837432,0,0
25.330480,-17.141360,217.694300,599.865400,1,1,1,1,2,2,0.733711,0.742220,0.733759,0.742292,0.738026,-0.005109,0.976801,0.214087,-0.005098,0.976871,0.213770,-0.006720,0.976085,0.217264,10.365930,-5.078590,0.054594,1,7,23.801640,2.928713,0,0
25.340480,-17.178400,217.643600,600.095000,1,1,1,1,2,2,0.733551,0.741864,0.733587,0.741941,0.737764,-0.005093,0.976801,0.214087,-0.005098,0.976871,0.213770,-0.006581,0.976152,0.216964,10.410970,-5.072752,0.054704,1,7,23.806370,3.018977,0,0
25.350480,-17.215130,217.593000,600.324700,1,1,1,1,2,2,0.733461,0.741607,0.733491,0.741637,0.737564,-0.005085,0.976804,0.214074,-0.005098,0.976871,0.213770,-0.006453,0.976214,0.216689,10.416920,-5.066480,0.055927,1,7,23.811020,3.108077,0,0
25.360490,-17.251550,217.542400,600.554600,1,1,1,1,2,2,0.732812,0.740700,0.732847,0.740735,0.736791,-0.005109,0.977134,0.212564,-0.005100,0.977224,0.212148,-0.006337,0.976302,0.216299,10.593240,-5.060153,0.054475,1,7,23.815580,3.195926,0,0
25.370490,-17.287660,217.491800,600.784500,1,1,1,1,2,2,0.732505,0.740242,0.732533,0.740237,0.736385,-0.005093,0.977140,0.212538,-0.005100,0.977224,0.212148,-0.006230,0.976381,0.215942,10.638950,-5.052105,0.055603,1,7,23.820060,3.282113,0,0
25.380490,-17.323430,217.441400,601.014600,1,1,1,1,2,2,0.732338,0.739842,0.732354,0.739878,0.736116,-0.005109,0.977137,0.212551,-0.005100,0.977224,0.212148,-0.006133,0.976454,0.215615,10.629310,-5.043611,0.057953,1,7,23.824440,3.366750,0,0
25.390490,-17.358880,217.391100,601.244900,1,1,1,1,2,2,0.732239,0.739592,0.732250,0.739594,0.735922,-0.005084,0.977143,0.212525,-0.005100,0.977224,0.212148,-0.006044,0.976520,0.215317,10.591100,-5.035212,0.060907,1,7,23.828730,3.449669,0,0
25.400490,-17.393970,217.340800,601.475200,1,1,1,1,2,2,0.732217,0.739380,0.732221,0.739400,0.735810,-0.005101,0.977134,0.212564,-0.005100,0.977224,0.212148,-0.005963,0.976581,0.215044,10.531440,-5.027184,0.064119,1,7,23.832940,3.530768,0,0
25.410490,-17.428720,217.290600,601.705600,1,1,1,1,2,2,0.732339,0.739277,0.732334,0.739304,0.735819,-0.005101,0.977137,0.212551,-0.005100,0.977224,0.212148,-0.005889,0.976636,0.214795,10.450500,-5.019737,0.067318,1,7,23.837060,3.609910,0,0
25.420490,-17.463100,217.240400,601.936100,1,1,1,1,2,2,0.733760,0.739284,0.733575,0.739297,0.736436,-0.004187,0.977360,0.211541,-0.004197,0.977415,0.211286,-0.005743,0.976703,0.214493,10.318460,-5.013078,0.068181,1,7,23.841110,3.686934,0,0
25.430490,-17.497120,217.190400,602.166700,1,1,1,1,2,2,0.733199,0.740733,0.733363,0.740576,0.736970,-0.003297,0.977524,0.210799,-0.003294,0.977605,0.210424,-0.005532,0.976782,0.214143,10.269410,-5.007706,0.066332,1,7,23.845060,3.762476,0,0
25.440490,-17.530760,217.140300,602.397500,1,1,1,1,2,2,0.733408,0.740430,0.733254,0.740215,0.736735,-0.003297,0.977582,0.210531,-0.003294,0.977605,0.210424,-0.005340,0.976853,0.213823,10.351170,-5.002810,0.064780,1,7,23.848910,3.836363,0,0
25.450490,-17.564010,217.090400,602.628400,1,1,1,1,2,2,0.733324,0.740147,0.733172,0.739989,0.736581,-0.003305,0.977582,0.210530,-0.003294,0.977605,0.210424,-0.005164,0.976917,0.213530,10.379870,-4.997109,0.064766,1,7,23.852680,3.907740,0,0
25.460490,-17.596880,217.040500,602.859300,1,1,1,1,2,2,0.732065,0.739960,0.732302,0.739779,0.736041,-0.002400,0.977747,0.209776,-0.002392,0.977793,0.209561,-0.004925,0.976993,0.213189,10.505840,-4.991124,0.063646,1,7,23.856370,3.976435,0,0
25.470490,-17.629350,216.990600,603.090400,1,1,1,1,2,2,0.731694,0.721383,0.731943,0.739001,0.735472,0.018171,0.981634,0.189908,-0.001489,0.977979,0.208698,-0.004630,0.977079,0.212804,10.636700,-4.983903,0.062538,1,7,23.859970,4.043161,0,0
25.480490,-17.661410,216.940900,603.321600,1,1,1,1,2,2,0.731724,0.738597,0.731688,0.738545,0.735117,-0.001494,0.978017,0.208522,-0.001489,0.977979,0.208698,-0.004360,0.977158,0.212451,10.674450,-4.975400,0.063619,1,7,23.863480,4.107799,0,0
25.490490,-17.693070,216.891200,603.552900,1,1,1,1,2,2,0.731570,0.738248,0.731524,0.738195,0.734859,-0.001494,0.978017,0.208522,-0.001489,0.977979,0.208698,-0.004114,0.977229,0.212129,10.664750,-4.966524,0.065888,1,7,23.866900,4.169561,0,0
25.500490,-17.724300,216.841600,603.784200,1,1,1,1,2,2,0.731723,0.737676,0.731465,0.737941,0.734703,-0.001494,0.977910,0.209021,-0.001489,0.977979,0.208698,-0.003888,0.977294,0.211834,10.621300,-4.957737,0.068776,1,7,23.870240,4.228332,0,0
25.510490,-17.755120,216.792100,604.015700,1,1,1,1,2,2,0.731570,0.737860,0.731515,0.737814,0.734665,-0.001494,0.978017,0.208522,-0.001489,0.977979,0.208698,-0.003682,0.977353,0.211564,10.550600,-4.949369,0.071904,1,7,23.873510,4.284138,0,0
25.520490,-17.785510,216.742700,604.247400,1,1,1,1,2,2,0.731908,0.737998,0.731658,0.737748,0.734703,-0.001494,0.977910,0.209021,-0.001489,0.977979,0.208698,-0.003493,0.977407,0.211317,10.468310,-4.941686,0.074940,1,7,23.876690,4.336933,0,0
25.530490,-17.815460,216.693300,604.479100,1,1,1,1,2,2,0.731649,0.738033,0.731918,0.737783,0.734851,-0.001494,0.977910,0.209021,-0.001489,0.977979,0.208698,-0.003320,0.977456,0.211092,10.372800,-4.934799,0.077717,1,7,23.879800,4.386725,0,0
25.540490,-17.844980,216.644100,604.710900,1,1,1,1,2,2,0.732724,0.738396,0.732748,0.738426,0.735587,-0.001494,0.978229,0.207522,-0.001490,0.978219,0.207568,-0.003163,0.977522,0.210789,10.241400,-4.928836,0.077696,1,7,23.882840,4.433468,0,0
25.550490,-17.874050,216.594800,604.942800,1,1,1,1,2,2,0.732851,0.738306,0.732875,0.738357,0.735616,-0.001486,0.978229,0.207522,-0.001490,0.978219,0.207568,-0.003019,0.977582,0.210511,10.253400,-4.924145,0.077032,1,7,23.885810,4.477122,0,0
25.560490,-17.902680,216.545600,605.174800,1,1,1,1,2,2,0.733007,0.738487,0.733038,0.738316,0.735677,-0.001494,0.978178,0.207766,-0.001490,0.978219,0.207568,-0.002887,0.977637,0.210258,10.241260,-4.919322,0.077101,1,7,23.888700,4.517733,0,0
25.570490,-17.930860,216.496500,605.406900,1,1,1,1,2,2,0.733271,0.738524,0.733278,0.738353,0.735816,-0.001494,0.978180,0.207753,-0.001490,0.978219,0.207568,-0.002767,0.977687,0.210027,10.204100,-4.914604,0.077608,1,7,23.891530,4.555332,0,0
25.580490,-17.958580,216.447400,605.639100,1,1,1,1,2,2,0.733055,0.737912,0.732996,0.737885,0.735441,-0.001494,0.978443,0.206510,-0.001490,0.978459,0.206438,-0.002657,0.977753,0.209718,10.315100,-4.910233,0.075895,1,7,23.894300,4.589946,0,0
25.590490,-17.985840,216.398300,605.871400,1,1,1,1,2,2,0.733142,0.737815,0.733134,0.737782,0.735458,-0.001494,0.978441,0.206523,-0.001490,0.978459,0.206438,-0.002557,0.977814,0.209435,10.310910,-4.904760,0.075960,1,7,23.897010,4.621493,0,0
25.600490,-18.012650,216.349300,606.103800,1,1,1,1,2,2,0.733301,0.737800,0.733286,0.737766,0.735526,-0.001494,0.978438,0.206536,-0.001490,0.978459,0.206438,-0.002465,0.977869,0.209177,10.283440,-4.899310,0.076593,1,7,23.899650,4.650092,0,0
25.610490,-18.038990,216.300400,606.336200,1,1,1,1,2,2,0.734835,0.737853,0.734753,0.737826,0.736290,-0.000469,0.978658,0.205498,-0.000466,0.978666,0.205458,-0.002293,0.977938,0.208857,10.180800,-4.894110,0.075227,1,7,23.902240,4.675728,0,0
25.620490,-18.064860,216.251500,606.568800,1,1,1,1,2,2,0.734586,0.737954,0.734509,0.737944,0.736227,-0.000461,0.978660,0.205485,-0.000466,0.978666,0.205458,-0.002136,0.978001,0.208565,10.234870,-4.889898,0.073541,1,7,23.904760,4.699347,0,0
25.630490,-18.090270,216.202600,606.801500,1,1,1,1,2,2,0.734102,0.739072,0.734323,0.738990,0.736656,0.000556,0.978821,0.204716,0.000558,0.978871,0.204477,-0.001904,0.978077,0.208213,10.227410,-4.885140,0.070777,1,7,23.907230,4.719909,0,0
25.640490,-18.115200,216.153800,607.034200,1,1,1,1,2,2,0.734312,0.738793,0.734237,0.738718,0.736478,0.000564,0.978872,0.204472,0.000558,0.978871,0.204477,-0.001692,0.978146,0.207891,10.312170,-4.880440,0.068700,1,7,23.909640,4.738437,0,0
25.650490,-18.139660,216.105100,607.267000,1,1,1,1,2,2,0.733339,0.738574,0.733280,0.738499,0.735890,0.001582,0.979082,0.203459,0.001582,0.979075,0.203495,-0.001409,0.978227,0.207513,10.488130,-4.874896,0.065926,1,7,23.911990,4.753934,0,0
25.660490,-18.163650,216.056400,607.499900,1,1,1,1,2,2,0.732874,0.738437,0.732816,0.738348,0.735582,0.001581,0.979085,0.203446,0.001582,0.979075,0.203495,-0.001153,0.978301,0.207168,10.547020,-4.867616,0.065814,1,7,23.914290,4.767357,0,0
25.670490,-18.187160,216.007800,607.732800,1,1,1,1,2,2,0.732485,0.737164,0.732428,0.737127,0.734778,0.002607,0.979293,0.202433,0.002606,0.979276,0.202514,-0.000829,0.978386,0.206768,10.718530,-4.859748,0.064780,1,7,23.916530,4.777778,0,0
25.680490,-18.210200,215.959300,607.965900,1,1,1,1,2,2,0.732209,0.736699,0.732158,0.736663,0.734411,0.002607,0.979290,0.202445,0.002606,0.979276,0.202514,-0.000534,0.978464,0.206403,10.745490,-4.850191,0.066372,1,7,23.918720,4.786212,0,0
25.690490,-18.232760,215.910900,608.199100,1,1,1,1,2,2,0.732059,0.736393,0.732003,0.736350,0.734176,0.002607,0.979295,0.202420,0.002606,0.979276,0.202514,-0.000264,0.978535,0.206069,10.720880,-4.840359,0.069074,1,7,23.920860,4.791745,0,0
25.700490,-18.254840,215.862600,608.432400,1,1,1,1,2,2,0.732005,0.736159,0.731978,0.736124,0.734051,0.002607,0.979290,0.202445,0.002606,0.979276,0.202514,-0.000017,0.978599,0.205763,10.664510,-4.830756,0.072256,1,7,23.922960,4.794490,0,0
25.710490,-18.276450,215.814400,608.665700,1,1,1,1,2,2,0.732089,0.736062,0.732037,0.736028,0.734033,0.002606,0.979298,0.202407,0.002606,0.979276,0.202514,0.000208,0.978658,0.205483,10.585530,-4.821694,0.075568,1,7,23.925010,4.794497,0,0
25.720490,-18.297580,215.766200,608.899100,1,1,1,1,2,2,0.732236,0.736049,0.732181,0.735991,0.734086,0.002606,0.979298,0.202407,0.002606,0.979276,0.202514,0.000415,0.978711,0.205228,10.497760,-4.813392,0.078718,1,7,23.927030,4.791824,0,0
25.730490,-18.318230,215.718200,609.132600,1,1,1,1,2,2,0.732500,0.736131,0.732456,0.736074,0.734265,0.002607,0.979295,0.202420,0.002606,0.979276,0.202514,0.000603,0.978759,0.204994,10.394780,-4.805936,0.081565,1,7,23.929010,4.786570,0,0
25.740490,-18.338400,215.670200,609.366200,1,1,1,1,2,2,0.732844,0.736305,0.732785,0.736245,0.734515,0.002607,0.979293,0.202433,0.002606,0.979276,0.202514,0.000776,0.978804,0.204781,10.291760,-4.799475,0.083906,1,7,23.930960,4.778802,0,0
25.750490,-18.358100,215.622200,609.599900,1,1,1,1,2,2,0.733510,0.736822,0.733410,0.736705,0.735057,0.002607,0.979394,0.201945,0.002606,0.979357,0.202121,0.000933,0.978852,0.204552,10.170440,-4.794008,0.084872,1,7,23.932880,4.768641,0,0
25.760490,-18.377330,215.574300,609.833600,1,1,1,1,2,2,0.733888,0.737024,0.733761,0.736914,0.735337,0.002607,0.979394,0.201945,0.002606,0.979357,0.202121,0.001077,0.978895,0.204342,10.113950,-4.789712,0.085131,1,7,23.934780,4.756111,0,0
25.770490,-18.396080,215.526500,610.067300,1,1,1,1,2,2,0.734480,0.737256,0.734187,0.737143,0.735665,0.002607,0.979346,0.202176,0.002606,0.979357,0.202121,0.001209,0.978935,0.204151,10.051430,-4.785954,0.085289,1,7,23.936660,4.741318,0,0
25.780490,-18.414360,215.478700,610.301100,1,1,1,1,2,2,0.734736,0.737549,0.734650,0.737431,0.736041,0.002607,0.979391,0.201957,0.002606,0.979357,0.202121,0.001329,0.978971,0.203976,9.985303,-4.782791,0.085245,1,7,23.938520,4.724343,0,0
25.790490,-18.432170,215.430800,610.535000,1,1,1,1,2,2,0.735047,0.737693,0.734969,0.737613,0.736291,0.002607,0.979497,0.201444,0.002606,0.979438,0.201728,0.001439,0.979011,0.203783,9.969102,-4.780259,0.084102,1,7,23.940360,4.705273,0,0
25.800500,-18.449510,215.383100,610.769000,1,1,1,1,2,2,0.735488,0.737962,0.735410,0.737904,0.736657,0.002607,0.979497,0.201444,0.002606,0.979438,0.201728,0.001540,0.979048,0.203606,9.925714,-4.777867,0.083220,1,7,23.942190,4.684154,0,0
25.810500,-18.466390,215.335300,611.003000,1,1,1,1,2,2,0.736974,0.738244,0.736915,0.738189,0.737552,0.003672,0.979699,0.200442,0.003670,0.979644,0.200708,0.001723,0.979099,0.203357,9.845656,-4.775883,0.079998,1,7,23.944020,4.661062,0,0
25.820500,-18.482810,215.287600,611.237100,1,1,1,1,2,2,0.736587,0.739897,0.736853,0.739829,0.738341,0.004738,0.979849,0.199684,0.004733,0.979848,0.199687,0.001982,0.979165,0.203041,9.847978,-4.774668,0.074250,1,7,23.945820,4.637008,0,0
25.830500,-18.498760,215.239800,611.471200,1,1,1,1,2,2,0.736910,0.739412,0.736842,0.739670,0.738256,0.004737,0.979854,0.199659,0.004733,0.979848,0.199687,0.002218,0.979224,0.202753,9.989717,-4.773417,0.069217,1,7,23.947600,4.611959,0,0
25.840500,-18.514250,215.192100,611.705400,1,1,1,1,2,2,0.736924,0.739573,0.736849,0.739518,0.738183,0.004738,0.979901,0.199427,0.004733,0.979848,0.199687,0.002435,0.979277,0.202489,10.077630,-4.770766,0.066244,1,7,23.949370,4.584952,0,0
25.850500,-18.529290,215.144500,611.939600,1,1,1,1,2,2,0.735590,0.739522,0.735831,0.739469,0.737650,0.005802,0.980055,0.198643,0.005796,0.980050,0.198666,0.002723,0.979345,0.202161,10.268230,-4.767241,0.062486,1,7,23.951130,4.556082,0,0
25.860500,-18.543880,215.096800,612.174000,1,1,1,1,2,2,0.735486,0.738696,0.735443,0.738628,0.737036,0.006868,0.980300,0.197395,0.006859,0.980250,0.197644,0.003079,0.979424,0.201772,10.465350,-4.761839,0.059055,1,7,23.952880,4.526321,0,0
25.870500,-18.558020,215.049300,612.408300,1,1,1,1,2,2,0.735196,0.737900,0.735129,0.738166,0.736647,0.006868,0.980251,0.197640,0.006859,0.980250,0.197644,0.003404,0.979496,0.201418,10.550300,-4.754499,0.058481,1,7,23.954610,4.495766,0,0
25.880500,-18.571710,215.001800,612.642800,1,1,1,1,2,2,0.734663,0.738075,0.734904,0.737784,0.736344,0.006867,0.980201,0.197884,0.006859,0.980250,0.197644,0.003701,0.979562,0.201094,10.578570,-4.746322,0.059561,1,7,23.956330,4.463474,0,0
25.890500,-18.584960,214.954400,612.877300,1,1,1,1,2,2,0.734852,0.737826,0.734785,0.737558,0.736172,0.006867,0.980253,0.197628,0.006859,0.980250,0.197644,0.003972,0.979622,0.200798,10.558470,-4.737860,0.061628,1,7,23.958030,4.429515,0,0
25.900500,-18.597760,214.907100,613.111800,1,1,1,1,2,2,0.734806,0.737462,0.734754,0.737382,0.736068,0.006868,0.980300,0.197395,0.006859,0.980250,0.197644,0.004221,0.979676,0.200526,10.514900,-4.729589,0.064140,1,7,23.959730,4.394030,0,0
25.910500,-18.610140,214.859900,613.346400,1,1,1,1,2,2,0.734871,0.737093,0.734830,0.737327,0.736078,0.006867,0.980253,0.197628,0.006859,0.980250,0.197644,0.004448,0.979725,0.200278,10.446590,-4.721738,0.066816,1,7,23.961420,4.357058,0,0
25.920500,-18.622080,214.812800,613.581100,1,1,1,1,2,2,0.735239,0.737412,0.734971,0.737335,0.736153,0.006868,0.980251,0.197640,0.006859,0.980250,0.197644,0.004656,0.979771,0.200052,10.370080,-4.714549,0.069356,1,7,23.963110,4.318708,0,0
25.930500,-18.633590,214.765700,613.815700,1,1,1,1,2,2,0.734932,0.737468,0.735174,0.737424,0.736299,0.006868,0.980251,0.197640,0.006859,0.980250,0.197644,0.004845,0.979812,0.199844,10.287400,-4.708102,0.071630,1,7,23.964800,4.279077,0,0
25.940500,-18.644680,214.718700,614.050500,1,1,1,1,2,2,0.735209,0.737841,0.735449,0.737573,0.736511,0.006867,0.980204,0.197872,0.006859,0.980250,0.197644,0.005019,0.979850,0.199655,10.201980,-4.702457,0.073532,1,7,23.966500,4.238221,0,0
25.950500,-18.655340,214.671700,614.285300,1,1,1,1,2,2,0.735869,0.737875,0.735820,0.737799,0.736810,0.006868,0.980300,0.197395,0.006859,0.980250,0.197644,0.005177,0.979884,0.199482,10.112010,-4.697641,0.074996,1,7,23.968200,4.196239,0,0
25.960500,-18.665590,214.624700,614.520100,1,1,1,1,2,2,0.723704,0.724207,0.723698,0.724238,0.723968,0.002551,0.977891,0.209098,0.003430,0.977845,0.209303,0.005027,0.979712,0.200328,11.777170,-4.693697,0.100783,1,7,23.969900,4.153347,0,0
25.970500,-18.675430,214.578000,614.755100,1,1,1,1,2,2,0.759728,0.780584,0.729410,0.729824,0.729617,0.003441,0.990052,0.140660,0.003430,0.978532,0.206068,0.004890,0.979613,0.200821,9.914451,-4.673436,0.134579,1,7,23.971810,4.106501,0,0
25.980500,-18.684860,214.531300,614.990000,1,1,1,1,2,2,0.732249,0.732335,0.732141,0.732427,0.732284,0.003434,0.978488,0.206278,0.003430,0.978532,0.206068,0.004764,0.979521,0.201273,9.080373,-4.671423,0.148704,1,7,23.973710,4.058606,0,0
25.990500,-18.693890,214.484500,615.225000,1,1,1,1,2,2,0.738204,0.736749,0.738111,0.736471,0.737291,0.005134,0.979695,0.200429,0.005144,0.979682,0.200490,0.004797,0.979535,0.201205,8.355350,-4.677571,0.141661,1,7,23.975630,4.010424,0,0
26.000500,-18.702530,214.437600,615.460000,1,1,1,1,2,2,0.738730,0.740160,0.738660,0.740079,0.739369,0.006860,0.980196,0.197909,0.006859,0.980146,0.198157,0.004974,0.979587,0.200943,8.461176,-4.690805,0.122484,1,7,23.977540,3.963544,0,0
26.010500,-18.710770,214.390600,615.694900,1,1,1,1,2,2,0.741993,0.741080,0.742172,0.741005,0.741589,0.004450,0.977948,0.208803,0.004448,0.977940,0.208840,0.004929,0.979448,0.201623,7.932224,-4.702987,0.127608,1,7,23.979470,3.917037,0,0
26.020500,-18.718620,214.343400,615.929900,1,1,1,1,2,2,0.742936,0.744833,0.743090,0.744933,0.744011,0.002734,0.979186,0.202945,0.002733,0.979168,0.203035,0.004740,0.979424,0.201745,7.838649,-4.720339,0.113898,1,7,23.981460,3.867572,0,0
26.030500,-18.726100,214.296000,616.164900,1,1,1,1,2,2,0.744229,0.745554,0.744359,0.745720,0.745040,0.001717,0.981289,0.192534,0.001715,0.981282,0.192569,0.004480,0.979587,0.200956,8.576748,-4.738581,0.077034,1,7,23.983510,3.816447,0,0
26.040500,-18.733190,214.248500,616.399900,1,1,1,1,2,2,0.743791,0.743877,0.744099,0.743877,0.743988,0.003425,0.982366,0.186935,0.003429,0.982367,0.186933,0.004389,0.979835,0.199751,9.763467,-4.749554,0.037235,1,7,23.985560,3.764927,0,0
26.050500,-18.739920,214.201000,616.634900,1,1,1,1,2,2,0.742026,0.742645,0.742203,0.742774,0.742489,0.004451,0.983173,0.182622,0.004448,0.983170,0.182641,0.004394,0.980133,0.198281,10.898060,-4.748864,0.002763,1,7,23.987560,3.714581,0,0
26.060500,-18.746280,214.153700,616.870100,1,1,1,1,2,2,0.740204,0.738290,0.740043,0.738746,0.739395,0.006796,0.984181,0.177034,0.002733,0.984254,0.176736,0.004252,0.980507,0.196431,12.267390,-4.737021,-0.029587,1,7,23.989440,3.664984,0,0
26.070500,-18.752270,214.106500,617.105200,1,1,1,1,2,2,0.737083,0.733649,0.737364,0.733681,0.735522,0.002004,0.985109,0.171922,0.002733,0.985136,0.171752,0.004121,0.980929,0.194312,13.599950,-4.711712,-0.054840,1,7,23.991160,3.613712,0,0
26.080500,-18.757900,214.059800,617.340500,1,1,1,1,2,2,0.728862,0.727247,0.729097,0.727464,0.728280,-0.004285,0.986821,0.161758,0.000000,0.986818,0.161835,0.003766,0.981479,0.191524,15.612440,-4.673288,-0.082985,1,7,23.992660,3.563263,0,0
26.090500,-18.763190,214.013600,617.575900,1,1,1,1,2,2,0.721940,0.720373,0.721916,0.720281,0.721098,-0.004593,0.987880,0.155149,0.000000,0.987891,0.155152,0.003442,0.982084,0.188404,17.316150,-4.615049,-0.099182,1,7,23.993840,3.510092,0,0
26.100500,-18.768120,213.968200,617.811500,1,1,1,1,2,2,0.713904,0.712212,0.713939,0.712309,0.713124,0.006351,0.988887,0.148537,0.000000,0.988920,0.148447,0.003146,0.982736,0.184976,18.925110,-4.540009,-0.105871,1,7,23.994690,3.457050,0,0
26.110500,-18.772710,213.923800,618.047200,1,1,1,1,2,2,0.705568,0.703607,0.705308,0.703699,0.704503,0.001843,0.989915,0.141652,0.000000,0.989907,0.141722,0.002876,0.983428,0.181266,20.421500,-4.449083,-0.103387,1,7,23.995210,3.404222,0,0
26.120500,-18.776960,213.880300,618.283100,1,1,1,1,2,2,0.696204,0.694417,0.696189,0.694595,0.695392,0.008956,0.990800,0.135039,0.000000,0.990849,0.134977,0.002628,0.984153,0.177296,21.791430,-4.343358,-0.092298,1,7,23.995400,3.351629,0,0
26.130500,-18.780870,213.838100,618.519300,1,1,1,1,2,2,0.686660,0.685538,0.686696,0.685131,0.685913,0.002790,0.991713,0.128447,0.000000,0.991747,0.128214,0.002402,0.984902,0.173088,23.031550,-4.224061,-0.073363,1,7,23.995300,3.299288,0,0
26.140500,-18.784460,213.797200,618.755700,1,1,1,1,2,2,0.676942,0.676155,0.676942,0.674835,0.675888,0.003409,0.998449,0.055571,0.000000,0.992179,0.124824,0.002196,0.985621,0.168948,24.017910,-4.092455,-0.040353,1,7,23.994940,3.247355,0,0
26.150500,-18.787730,213.757700,618.992300,1,1,1,1,2,2,0.667150,0.664987,0.666494,0.664919,0.665707,0.000000,0.998712,0.050744,0.000000,0.992600,0.121433,0.002007,0.986312,0.164873,24.747550,-3.951038,0.004039,1,7,23.994440,3.195651,0,0
26.160500,-18.790670,213.719600,619.229200,1,1,1,1,2,2,0.656521,0.654716,0.656449,0.654934,0.655691,0.000000,0.993400,0.114701,0.000000,0.993408,0.114634,0.001834,0.987023,0.160563,25.407620,-3.802340,0.050025,1,7,23.993880,3.144037,0,0
26.170500,-18.793310,213.683200,619.466300,1,1,1,1,2,2,0.646423,0.644995,0.646395,0.644917,0.645656,0.000000,0.994169,0.107830,0.000000,0.994171,0.107819,0.001676,0.987748,0.156040,26.037490,-3.647039,0.097371,1,7,23.993270,3.092800,0,0
26.180500,-18.795640,213.648300,619.703700,1,1,1,1,2,2,0.636159,0.634964,0.636363,0.634944,0.635654,-0.000008,0.994889,0.100977,0.000000,0.994888,0.100989,0.001532,0.988483,0.151318,26.624400,-3.485425,0.146196,1,7,23.992640,3.041956,0,0
26.190500,-18.797670,213.615100,619.941300,1,1,1,1,2,2,0.626448,0.625097,0.626433,0.625081,0.625757,0.000000,0.995562,0.094113,0.000000,0.995559,0.094145,0.001401,0.989222,0.146415,27.156600,-3.317915,0.196457,1,7,23.991980,2.991530,0,0
26.200500,-18.799400,213.583700,620.179100,1,1,1,1,2,2,0.616607,0.615369,0.616634,0.615358,0.615996,-0.000016,0.996165,0.087493,0.000000,0.996183,0.087288,0.001280,0.989959,0.141343,27.633230,-3.145048,0.247962,1,7,23.991320,2.941529,0,0
26.210500,-18.800840,213.554000,620.417200,1,1,1,1,2,2,0.606978,0.605781,0.607007,0.605798,0.606403,-0.000016,0.996725,0.080872,0.000000,0.996761,0.080418,0.001170,0.990691,0.136117,28.054100,-2.967368,0.300485,1,7,23.990640,2.891970,0,0
26.220500,-18.802000,213.526200,620.655500,1,1,1,1,2,2,0.597581,0.596470,0.597614,0.596495,0.597055,-0.000008,0.997276,0.073758,0.000000,0.997293,0.073536,0.001069,0.991414,0.130749,28.411860,-2.785428,0.353765,1,7,23.989960,2.842855,0,0
26.230500,-18.802870,213.500200,620.893900,1,1,1,1,2,2,0.588451,0.587410,0.588480,0.587430,0.587955,-0.000016,0.997777,0.066639,0.000000,0.997777,0.066644,0.000978,0.992124,0.125249,28.714730,-2.599852,0.407447,1,7,23.989270,2.794229,0,0
26.240510,-18.803470,213.476100,621.132600,1,1,1,1,2,2,0.579820,0.578631,0.579614,0.578670,0.579142,0.000008,0.998213,0.059765,0.000000,0.998214,0.059743,0.000894,0.992818,0.119628,28.962970,-2.411186,0.461242,1,7,23.988570,2.746066,0,0
26.250510,-18.803800,213.453900,621.371400,1,1,1,1,2,2,0.571267,0.570666,0.571056,0.570210,0.570633,0.000604,0.998600,0.052902,0.000000,0.998603,0.052832,0.000817,0.993492,0.113896,29.161340,-2.219977,0.514835,1,7,23.987840,2.698395,0,0
26.260510,-18.803870,213.433600,621.610400,1,1,1,1,2,2,0.563040,0.561923,0.562829,0.562082,0.562456,0.003497,0.998934,0.046034,0.000000,0.998945,0.045915,0.000747,0.994143,0.108061,29.311920,-2.026724,0.567945,1,7,23.987060,2.651213,0,0
26.270510,-18.803670,213.415300,621.849500,1,1,1,1,2,2,0.554870,0.554223,0.554929,0.554281,0.554605,-0.002273,0.999230,0.039165,0.000000,0.999240,0.038991,0.000682,0.994770,0.102132,29.422400,-1.831908,0.620298,1,7,23.986220,2.604512,0,0
26.280510,-18.803230,213.398900,622.088900,1,1,1,1,2,2,0.547327,0.546795,0.547387,0.546845,0.547116,-0.000628,0.999494,0.031791,0.000000,0.999486,0.032061,0.000624,0.995370,0.096116,29.491870,-1.635934,0.671673,1,7,23.985290,2.558316,0,0
26.290510,-18.802530,213.384500,622.328200,1,1,1,1,2,2,0.540342,0.539969,0.540181,0.539761,0.539971,-0.002908,0.999679,0.025181,0.000000,0.999684,0.025126,0.000570,0.995940,0.090020,29.529580,-1.439220,0.721832,1,7,23.984240,2.512617,0,0
26.300510,-18.801580,213.372100,622.567700,1,1,1,1,2,2,0.533343,0.533339,0.533336,0.533023,0.533179,0.001677,0.999836,0.018059,0.000000,0.999835,0.018188,0.000521,0.996478,0.083851,29.537740,-1.242090,0.770618,1,7,23.983060,2.467854,0,0
26.310510,-18.800400,213.361600,622.807300,1,1,1,1,2,2,0.527026,0.526707,0.526843,0.526645,0.526744,-0.002312,0.999935,0.011189,0.000000,0.999937,0.011247,0.000476,0.996983,0.077614,29.519360,-1.044847,0.817884,1,7,23.981700,2.424977,0,0
26.320510,-18.798980,213.353200,623.046900,1,1,1,1,2,2,0.521054,0.520376,0.520707,0.520623,0.520665,-0.001200,0.999990,0.004322,0.000000,0.999991,0.004305,0.000435,0.997454,0.071315,29.477890,-0.847768,0.863498,1,7,23.980130,2.383905,0,0
26.330510,-18.797330,213.346600,623.286600,1,1,1,1,2,2,0.514940,0.514798,0.514911,0.514949,0.514930,-0.006564,0.999975,-0.002542,0.000000,0.999997,-0.002639,0.000398,0.997888,0.064960,29.417840,-0.651092,0.907360,1,7,23.978330,2.344509,0,0
26.340510,-18.795450,213.342100,623.526300,1,1,1,1,2,2,0.509581,0.509585,0.509457,0.509632,0.509545,-0.004578,0.999943,-0.009665,0.000000,0.999954,-0.009581,0.000364,0.998284,0.058552,29.340110,-0.455016,0.949401,1,7,23.976270,2.306684,0,0
26.350510,-18.793350,213.339500,623.766100,1,1,1,1,2,2,0.504291,0.470225,0.504344,0.504649,0.504497,0.002019,0.999856,0.016829,0.000000,0.999864,-0.016522,0.000333,0.998642,0.052098,29.248350,-0.259729,0.989557,1,7,23.973900,2.270349,0,0
26.360510,-18.791030,213.338900,624.005700,1,1,1,1,2,2,0.499685,0.499960,0.499545,0.500035,0.499790,0.002718,0.999800,-0.019841,0.000000,0.999800,-0.019992,0.000304,0.998946,0.045898,28.963900,-0.065382,1.034942,1,7,23.971210,2.235705,0,0
26.370510,-18.788490,213.340100,624.245400,1,1,1,1,2,2,0.492396,0.495563,0.495058,0.495633,0.495346,0.000000,0.999586,0.028778,0.000000,0.999637,-0.026929,0.000278,0.999214,0.039634,28.741270,0.126085,1.075950,1,7,23.968160,2.201937,0,0
26.380510,-18.785740,213.343300,624.485000,1,1,1,1,2,2,0.491122,0.491190,0.490935,0.491514,0.491224,0.000000,0.999534,-0.030520,0.000000,0.999538,-0.030397,0.000254,0.999435,0.033609,28.371850,0.315279,1.120490,1,7,23.964720,2.169622,0,0
26.390510,-18.782790,213.348300,624.724600,1,1,1,1,2,2,0.486856,0.487570,0.486907,0.487631,0.487269,0.000000,0.999310,-0.037135,0.000000,0.999303,-0.037328,0.000232,0.999621,0.027506,28.111280,0.500720,1.159464,1,7,23.960870,2.137757,0,0
26.400510,-18.779620,213.355100,624.964100,1,1,1,1,2,2,0.483058,0.484161,0.483110,0.483979,0.483545,-0.000008,0.999009,-0.044504,0.000000,0.999020,-0.044254,0.000212,0.999772,0.021330,27.916400,0.683488,1.194134,1,7,23.956600,2.107305,0,0
26.410510,-18.776260,213.363800,625.203400,1,1,1,1,2,2,0.479704,0.480210,0.479498,0.480512,0.480005,0.000000,0.998706,-0.050865,0.000000,0.998690,-0.051173,0.000194,0.999886,0.015089,27.774910,0.864229,1.225323,1,7,23.951900,2.077812,0,0
26.420510,-18.772710,213.374300,625.442500,1,1,1,1,2,2,0.476188,0.477385,0.476247,0.477412,0.476829,0.000000,0.998317,-0.057988,0.000000,0.998312,-0.058085,0.000177,0.999961,0.008788,27.243440,1.059279,1.269476,1,7,23.941820,2.072236,0,0
26.430510,-18.768960,213.389000,625.680700,1,1,1,1,2,2,0.475761,0.476838,0.475547,0.476864,0.476206,0.000000,0.997895,-0.064856,0.000000,0.997886,-0.064989,0.000162,0.999997,0.002434,23.046340,1.383756,1.441864,1,7,23.889510,2.236118,0,0
26.440510,-18.765030,213.405900,625.918300,1,1,1,1,2,2,0.475412,0.476865,0.475435,0.476888,0.476162,0.000000,0.997425,-0.071717,0.000000,0.997413,-0.071883,0.000148,0.999992,-0.003967,22.743120,1.548753,1.454308,1,7,23.871470,2.035599,0,0
26.450510,-18.760920,213.424300,626.155700,1,1,1,1,2,2,0.475379,0.476981,0.475399,0.476989,0.476194,0.000000,0.996887,-0.078840,0.000000,0.996893,-0.078767,0.000135,0.999946,-0.010412,22.491350,1.711839,1.464128,1,7,23.852330,1.978761,0,0
26.460510,-18.756640,213.444400,626.392700,1,1,1,1,2,2,0.475387,0.477108,0.475402,0.477134,0.476268,0.000000,0.996298,-0.085964,0.000000,0.996326,-0.085640,0.000124,0.999857,-0.016895,22.258610,1.874414,1.472869,1,7,23.831810,1.925979,0,0
26.470510,-18.752180,213.466000,626.629400,1,1,1,1,2,2,0.475386,0.477027,0.475397,0.477265,0.476331,0.000000,0.995682,-0.092829,0.000000,0.995713,-0.092501,0.000113,0.999726,-0.023412,22.053710,2.036378,1.480562,1,7,23.810010,1.875354,0,0
26.480510,-18.747550,213.489200,626.865700,1,1,1,1,2,2,0.475186,0.477604,0.475422,0.477441,0.476432,-0.000723,0.995018,-0.099693,0.000000,0.995053,-0.099348,0.000103,0.999551,-0.029960,21.867650,2.197615,1.487209,1,7,23.787050,1.826482,0,0
26.490510,-18.742770,213.513900,627.101700,1,1,1,1,2,2,0.475468,0.477509,0.475433,0.477579,0.476506,0.003917,0.994327,-0.106296,0.000000,0.994347,-0.106182,0.000095,0.999332,-0.036533,21.707720,2.358186,1.492986,1,7,23.762960,1.779650,0,0
26.500510,-18.737830,213.540100,627.337200,1,1,1,1,2,2,0.475146,0.477806,0.475467,0.477755,0.476611,-0.003202,0.993570,-0.113174,0.000000,0.993595,-0.113000,0.000086,0.999069,-0.043129,21.565560,2.517914,1.497814,1,7,23.737880,1.734252,0,0
26.510510,-18.732740,213.567800,627.572400,1,1,1,1,2,2,0.475530,0.477778,0.475486,0.477909,0.476697,0.008583,0.992793,-0.119536,0.000000,0.992798,-0.119803,0.000079,0.998762,-0.049745,21.444480,2.676921,1.501916,1,7,23.711840,1.690778,0,0
26.520510,-18.727500,213.597100,627.807100,1,1,1,1,2,2,0.475812,0.478150,0.475527,0.478085,0.476806,0.002901,0.991943,-0.126655,0.000000,0.991955,-0.126588,0.000072,0.998409,-0.056377,21.338590,2.835056,1.505229,1,7,23.684960,1.648610,0,0
26.530510,-18.722130,213.627800,628.041300,1,1,1,1,2,2,0.475242,0.478556,0.475555,0.478253,0.476904,0.003377,0.991043,-0.133504,0.000000,0.991068,-0.133356,0.000066,0.998012,-0.063022,21.251610,2.992332,1.507848,1,7,23.657260,1.607937,0,0
26.540510,-18.716610,213.660000,628.275100,1,1,1,1,2,2,0.475829,0.478126,0.475605,0.478444,0.477025,-0.002535,0.990129,-0.140140,0.000000,0.990137,-0.140105,0.000060,0.997569,-0.069678,21.176220,3.148717,1.509820,1,7,23.628840,1.568612,0,0
26.550510,-18.710960,213.693700,628.508400,1,1,1,1,2,2,0.475730,0.482656,0.475641,0.479078,0.477359,0.000453,0.996152,-0.087644,0.000000,0.989655,-0.143471,0.000055,0.997104,-0.076050,20.904150,3.304217,1.518112,1,7,23.599710,1.530947,0,0
26.560510,-18.705180,213.728800,628.741300,1,1,1,1,2,2,0.480650,0.479288,0.475669,0.479155,0.477412,0.000000,0.998074,-0.062033,0.000000,0.988657,-0.150191,0.000050,0.996595,-0.082454,20.714390,3.458619,1.525120,1,7,23.569260,1.510319,0,0
26.570510,-18.699280,213.765300,628.973600,1,1,1,1,2,2,0.476031,0.479163,0.476128,0.479241,0.477685,0.000000,0.988129,-0.153626,0.000000,0.988142,-0.153545,0.000046,0.996068,-0.088595,20.342410,3.611960,1.537830,1,7,23.537750,1.492725,0,0
26.580510,-18.693250,213.803300,629.205300,1,1,1,1,2,2,0.476043,0.479296,0.476075,0.479320,0.477697,0.000000,0.987163,-0.159717,0.000000,0.987079,-0.160233,0.000042,0.995498,-0.094784,20.060310,3.764083,1.548802,1,7,23.504580,1.476623,0,0
26.590510,-18.687090,213.842700,629.436500,1,1,1,1,2,2,0.476191,0.479356,0.476014,0.479399,0.477706,0.000000,0.985938,-0.167110,0.000000,0.985974,-0.166900,0.000038,0.994885,-0.101016,19.816260,3.915066,1.558256,1,7,23.470060,1.459446,0,0
26.600510,-18.680820,213.883500,629.667200,1,1,1,1,2,2,0.475934,0.479494,0.475970,0.479493,0.477731,0.000000,0.984846,-0.173432,0.000000,0.984826,-0.173543,0.000035,0.994228,-0.107285,19.605270,4.064830,1.566259,1,7,23.434340,1.441607,0,0
26.610510,-18.674420,213.925100,629.897500,1,1,1,1,2,2,0.475285,0.478974,0.475289,0.478965,0.477127,0.000000,0.983652,-0.180082,0.000000,0.983637,-0.180163,0.000032,0.993528,-0.113586,20.965180,4.159168,1.515940,1,7,23.415110,1.360831,0,0
26.620510,-18.667900,213.967800,630.127400,1,1,1,1,2,2,0.474345,0.478211,0.474348,0.478155,0.476251,0.000000,0.982419,-0.186690,0.000000,0.982406,-0.186759,0.000029,0.992784,-0.119914,22.047010,4.266809,1.478679,1,7,23.396030,1.342961,0,0
26.630510,-18.661270,214.012600,630.356400,1,1,1,1,2,2,0.474032,0.478203,0.474204,0.478148,0.476176,-0.001820,0.981183,-0.193070,0.000000,0.981134,-0.193329,0.000027,0.991996,-0.126265,22.724870,4.384958,1.451798,1,7,23.376940,1.325192,0,0
26.640510,-18.654530,214.059000,630.584800,1,1,1,1,2,2,0.473828,0.478323,0.474249,0.478329,0.476289,-0.005562,0.979750,-0.200147,0.000000,0.979822,-0.199874,0.000025,0.991165,-0.132634,23.134510,4.512327,1.434273,1,7,23.356680,1.308936,0,0
26.650510,-18.647670,214.106800,630.812700,1,1,1,1,2,2,0.474121,0.478510,0.474324,0.478526,0.476425,0.002869,0.978543,-0.206023,0.000000,0.978469,-0.206392,0.000022,0.990290,-0.139017,23.010350,4.659736,1.437916,1,7,23.330710,1.308581,0,0
26.660510,-18.640710,214.155900,631.040100,1,1,1,1,2,2,0.474244,0.478493,0.474401,0.478746,0.476573,0.000501,0.977029,-0.213106,0.000000,0.977078,-0.212883,0.000021,0.989371,-0.145411,22.897310,4.806320,1.441010,1,7,23.303850,1.291301,0,0
26.670520,-18.633630,214.206300,631.266900,1,1,1,1,2,2,0.474228,0.478966,0.474501,0.478974,0.476737,-0.000572,0.975663,-0.219274,0.000000,0.975647,-0.219345,0.000019,0.988409,-0.151813,22.801250,4.951750,1.443293,1,7,23.276240,1.273652,0,0
26.680520,-18.626450,214.258000,631.493200,1,1,1,1,2,2,0.475104,0.479965,0.474610,0.479824,0.477217,-0.001208,0.974874,-0.222755,0.000000,0.974918,-0.222563,0.000017,0.987449,-0.157939,22.501390,5.096055,1.451458,1,7,23.247950,1.256292,0,0
26.690520,-18.619160,214.311100,631.718900,1,1,1,1,2,2,0.475481,0.479918,0.475303,0.479932,0.477618,0.000000,0.974228,-0.225564,0.000000,0.974179,-0.225779,0.000016,0.986491,-0.163812,22.086040,5.238987,1.464811,1,7,23.218290,1.240738,0,0
26.700520,-18.611770,214.365400,631.944000,1,1,1,1,2,2,0.475522,0.479979,0.475279,0.480034,0.477657,0.000000,0.972668,-0.232199,0.000000,0.972672,-0.232183,0.000014,0.985490,-0.169733,21.782680,5.380426,1.476272,1,7,23.186910,1.225955,0,0
26.710520,-18.604280,214.421000,632.168500,1,1,1,1,2,2,0.475226,0.480122,0.475219,0.480108,0.477664,0.000000,0.971129,-0.238555,0.000000,0.971128,-0.238558,0.000013,0.984445,-0.175694,21.526170,5.520480,1.486071,1,7,23.154190,1.207737,0,0
26.720520,-18.596690,214.477800,632.392400,1,1,1,1,2,2,0.475277,0.480240,0.475221,0.480183,0.477702,0.000000,0.969609,-0.244659,0.000000,0.969548,-0.244901,0.000012,0.983356,-0.181690,21.302590,5.659115,1.494310,1,7,23.120310,1.188995,0,0
26.730520,-18.589010,214.535500,632.615900,1,1,1,1,2,2,0.474810,0.479936,0.474768,0.479795,0.477281,-0.000016,0.967922,-0.251249,0.000000,0.967932,-0.251214,0.000011,0.982223,-0.187715,22.001590,5.766972,1.468935,1,7,23.095290,1.112480,0,0
26.740520,-18.581240,214.594300,632.838900,1,1,1,1,2,2,0.476645,0.479392,0.474214,0.479336,0.476775,-0.002385,0.966164,-0.257917,0.000000,0.966280,-0.257494,0.000010,0.981048,-0.193764,22.552080,5.881384,1.450103,1,7,23.070090,1.062886,0,0
26.750520,-18.573380,214.654400,633.061200,1,1,1,1,2,2,0.474080,0.478814,0.473796,0.478976,0.476386,-0.007597,0.964559,-0.263760,0.000000,0.964593,-0.263742,0.000009,0.979830,-0.199832,22.951640,6.000867,1.436442,1,7,23.044630,1.013592,0,0
26.760520,-18.565440,214.716100,633.282600,1,1,1,1,2,2,0.473985,0.479536,0.473830,0.479074,0.476452,0.003380,0.962832,-0.270079,0.000000,0.962872,-0.269957,0.000008,0.978570,-0.205913,23.174740,6.123918,1.426547,1,7,23.018830,0.964661,0,0
26.770520,-18.557440,214.779200,633.503400,1,1,1,1,2,2,0.473962,0.441607,0.473985,0.480151,0.477068,-0.000779,0.972426,-0.233209,0.000000,0.962000,-0.273050,0.000008,0.977327,-0.211735,23.088090,6.248787,1.425093,1,7,22.992600,0.916265,0,0
26.780520,-18.549360,214.843400,633.723500,1,1,1,1,2,2,0.475135,0.480385,0.474956,0.480212,0.477584,-0.000008,0.961106,-0.276180,0.000000,0.961118,-0.276139,0.000007,0.976100,-0.217319,22.898940,6.372447,1.428459,1,7,22.965780,0.868246,0,0
26.790520,-18.541220,214.908800,633.943100,1,1,1,1,2,2,0.474959,0.480451,0.474956,0.480261,0.477609,0.000000,0.959395,-0.282067,0.000000,0.959330,-0.282286,0.000006,0.974829,-0.222953,22.871980,6.493906,1.428861,1,7,22.938370,0.820483,0,0
26.800520,-18.533010,214.975300,634.162000,1,1,1,1,2,2,0.474997,0.480344,0.474952,0.480305,0.477628,0.000016,0.957630,-0.288000,0.000000,0.957510,-0.288399,0.000006,0.973513,-0.228630,22.874570,6.614739,1.428100,1,7,22.910450,0.773371,0,0
26.810520,-18.524750,215.043000,634.380300,1,1,1,1,2,2,0.474728,0.480488,0.474942,0.480373,0.477658,0.000000,0.955724,-0.294265,0.000000,0.955659,-0.294477,0.000005,0.972154,-0.234344,22.892770,6.735226,1.426628,1,7,22.882030,0.726963,0,0
26.820520,-18.516440,215.111800,634.598000,1,1,1,1,2,2,0.474791,0.480280,0.474980,0.480444,0.477712,-0.003218,0.953744,-0.300603,0.000000,0.953776,-0.300519,0.000005,0.970751,-0.240088,22.700780,6.863107,1.433366,1,7,22.850470,0.685458,0,0
26.830520,-18.508080,215.181600,634.815100,1,1,1,1,2,2,0.474951,0.480149,0.474889,0.480393,0.477641,0.001876,0.951880,-0.306465,0.000000,0.951862,-0.306526,0.000004,0.969306,-0.245855,22.805330,6.981131,1.429128,1,7,22.820960,0.636395,0,0
26.840520,-18.499680,215.252600,635.031500,1,1,1,1,2,2,0.475181,0.480428,0.474925,0.480446,0.477685,0.008869,0.949942,-0.312300,0.000000,0.949919,-0.312496,0.000004,0.967820,-0.251642,22.870740,7.099771,1.425610,1,7,22.791000,0.592374,0,0
26.850520,-18.491230,215.324800,635.247200,1,1,1,1,2,2,0.474963,0.494007,0.475064,0.481595,0.478330,-0.002899,0.966506,-0.256628,0.000000,0.948938,-0.315464,0.000004,0.966363,-0.257183,22.664640,7.218637,1.428641,1,7,22.760550,0.549320,0,0
26.860520,-18.482760,215.398100,635.462200,1,1,1,1,2,2,0.476064,0.481882,0.476183,0.481699,0.478941,0.000000,0.947886,-0.318609,0.000000,0.947947,-0.318429,0.000003,0.964932,-0.262500,22.381210,7.335110,1.435016,1,7,22.729490,0.506945,0,0
26.870520,-18.474250,215.472600,635.676400,1,1,1,1,2,2,0.476396,0.481911,0.476367,0.481908,0.479137,-0.000024,0.946010,-0.324137,0.000000,0.945946,-0.324325,0.000003,0.963456,-0.267868,22.270170,7.448458,1.437465,1,7,22.697810,0.465093,0,0
26.880520,-18.465720,215.548200,635.889900,1,1,1,1,2,2,0.476648,0.482266,0.476653,0.482254,0.479453,0.000016,0.943933,-0.330137,0.000000,0.943917,-0.330183,0.000003,0.961935,-0.273280,22.187500,7.560341,1.437899,1,7,22.665610,0.424047,0,0
26.890520,-18.457170,215.624900,636.102700,1,1,1,1,2,2,0.477094,0.482972,0.477063,0.482681,0.479872,0.003098,0.941806,-0.336142,0.000000,0.941861,-0.336004,0.000003,0.960370,-0.278729,22.124970,7.671028,1.436770,1,7,22.632880,0.383830,0,0
26.900520,-18.448600,215.702700,636.314700,1,1,1,1,2,2,0.477450,0.483067,0.477590,0.483217,0.480404,0.002670,0.939760,-0.341825,0.000000,0.939778,-0.341786,0.000002,0.958762,-0.284208,22.071930,7.780704,1.434436,1,7,22.599620,0.344446,0,0
26.910520,-18.440020,215.781600,636.525900,1,1,1,1,2,2,0.478392,0.483618,0.478254,0.483897,0.481075,0.005007,0.937693,-0.347429,0.000000,0.937669,-0.347530,0.000002,0.957114,-0.289712,22.017410,7.889453,1.431134,1,7,22.565840,0.305892,0,0
26.920520,-18.431420,215.861600,636.736400,1,1,1,1,2,2,0.478882,0.485818,0.480120,0.485720,0.482920,0.002146,0.936649,-0.350263,0.000000,0.937669,-0.347530,0.000002,0.955579,-0.294734,21.479680,7.997256,1.438761,1,7,22.531520,0.268410,0,0
26.930520,-18.422820,215.942600,636.946100,1,1,1,1,2,2,0.480717,0.486513,0.480787,0.486396,0.483591,-0.000016,0.935528,-0.353253,0.000000,0.935535,-0.353235,0.000002,0.953997,-0.299817,21.319300,8.099524,1.439718,1,7,22.496440,0.231288,0,0
26.940520,-18.414220,216.024600,637.155000,1,1,1,1,2,2,0.481479,0.487438,0.481562,0.487164,0.484363,0.000000,0.933400,-0.358838,0.000000,0.933376,-0.358900,0.000002,0.952368,-0.304951,21.207520,8.199864,1.437995,1,7,22.460820,0.194926,0,0
26.950520,-18.405620,216.107600,637.363200,1,1,1,1,2,2,0.482483,0.488283,0.482421,0.488068,0.485245,0.000000,0.931197,-0.364517,0.000000,0.931193,-0.364527,0.000002,0.950694,-0.310130,21.125810,8.298738,1.434260,1,7,22.424660,0.159381,0,0
26.960520,-18.397020,216.191500,637.570500,1,1,1,1,2,2,0.483466,0.488955,0.483409,0.489056,0.486232,-0.003791,0.929004,-0.370050,0.000000,0.928987,-0.370114,0.000001,0.948977,-0.315346,21.062920,8.396424,1.428990,1,7,22.387990,0.124637,0,0
26.970520,-18.388430,216.276500,637.777000,1,1,1,1,2,2,0.484694,0.490286,0.484508,0.490142,0.487325,-0.000961,0.926854,-0.375421,0.000000,0.926757,-0.375661,0.000001,0.947217,-0.320592,21.010360,8.493097,1.422531,1,7,22.350780,0.090686,0,0
26.980520,-18.379850,216.362400,637.982800,1,1,1,1,2,2,0.485986,0.492556,0.486854,0.492403,0.489629,-0.001407,0.925606,-0.378485,0.000000,0.926757,-0.375661,0.000001,0.945584,-0.325378,20.479780,8.588848,1.426529,1,7,22.313060,0.057730,0,0
26.990520,-18.371280,216.449200,638.187700,1,1,1,1,2,2,0.487950,0.493354,0.487862,0.493447,0.490655,0.000000,0.924459,-0.381283,0.000000,0.924506,-0.381168,0.000001,0.943901,-0.330228,20.345190,8.679187,1.423866,1,7,22.274590,0.025149,0,0
27.000520,-18.362740,216.536800,638.391900,1,1,1,1,2,2,0.489116,0.494699,0.488974,0.494538,0.491756,0.000000,0.922257,-0.386577,0.000000,0.922233,-0.386634,0.000001,0.942171,-0.335133,20.258500,8.767861,1.418724,1,7,22.235590,-0.006725,0,0
27.010520,-18.354210,216.625400,638.595300,1,1,1,1,1,1,0.492153,0.497388,0.492322,0.497725,0.495023,-0.003814,0.924381,-0.381450,0.000000,0.924484,-0.381221,0.000001,0.940738,-0.339134,19.270150,8.855319,1.434173,1,7,22.196080,-0.037450,0,0
27.020520,-18.345700,216.714700,638.797900,1,1,1,1,1,1,0.492952,0.498525,0.492948,0.498324,0.495636,0.004945,0.922217,-0.386642,0.000000,0.922211,-0.386688,0.000001,0.939239,-0.343263,19.077880,8.933145,1.436864,1,7,22.155640,-0.068163,0,0
27.030520,-18.337220,216.804800,638.999600,1,1,1,1,1,1,0.494027,0.498450,0.493573,0.503324,0.498448,0.003927,0.919867,-0.392212,0.000000,0.921067,-0.389403,0.000001,0.937765,-0.347269,18.461120,9.008835,1.440708,1,7,22.114730,-0.098092,0,0
27.040520,-18.328760,216.895600,639.200700,1,1,1,1,1,1,0.498571,0.503892,0.498275,0.503595,0.500935,0.000000,0.920077,-0.391739,0.000000,0.919916,-0.392115,0.000001,0.936314,-0.351162,17.986770,9.078422,1.441208,1,7,22.073080,-0.127314,0,0
27.050520,-18.320340,216.987000,639.400900,1,1,1,1,1,1,0.498368,0.504235,0.498457,0.503736,0.501097,0.000000,0.917712,-0.397247,0.000000,0.917602,-0.397500,0.000001,0.934795,-0.355187,18.121490,9.143264,1.434058,1,7,22.030780,-0.155963,0,0
27.060520,-18.311950,217.079100,639.600400,0,0,0,0,0,0,0.000000,0.000000,0.000000,0.000000,0.501097,0.000000,0.000000,0.000000,0.000000,0.917602,-0.397500,0.000001,0.934795,-0.355187,0.000000,9.209059,1.522893,0,8,21.988210,-0.179787,0,0
27.070520,-18.303560,217.170200,639.799900,0,0,0,0,0,0,0.000000,0.000000,0.000000,0.000000,0.501097,0.000000,0.000000,0.000000,0.000000,0.917602,-0.397500,0.000001,0.934795,-0.355187,0.000000,9.110959,1.431190,0,8,21.947300,0.112024,0,0
27.080520,-18.295180,217.260300,639.999300,0,0,0,0,0,0,0.000000,0.000000,0.000000,0.000000,0.501097,0.000000,0.000000,0.000000,0.000000,0.917602,-0.397500,0.000001,0.934795,-0.355187,0.000000,9.012859,1.339486,0,8,21.906760,0.112024,0,0
27.090520,-18.286790,217.349500,640.198800,0,0,0,0,0,0,0.000000,0.000000,0.000000,0.000000,0.501097,0.000000,0.000000,0.000000,0.000000,0.917602,-0.397500,0.000001,0.934795,-0.355187,0.000000,8.914760,1.247783,0,8,21.866580,0.112024,0,0
27.100520,-18.278400,217.437700,640.398300,0,0,0,0,0,0,0.000000,0.000000,0.000000,0.000000,0.501097,0.000000,0.000000,0.000000,0.000000,0.917602,-0.397500,0.000001,0.934795,-0.355187,0.000000,8.816660,1.156080,0,8,21.826770,0.112024,0,0
27.110530,-18.270010,217.524800,640.597700,0,0,0,0,0,0,0.000000,0.000000,0.000000,0.000000,0.501097,0.000000,0.000000,0.000000,0.000000,0.917602,-0.397500,0.000001,0.934795,-0.355187,0.000000,8.718560,1.064377,0,8,21.787330,0.112024,0,0
27.120530,-18.261620,217.611100,640.797200,0,0,0,0,0,0,0.000000,0.000000,0.000000,0.000000,0.501097,0.000000,0.000000,0.000000,0.000000,0.917602,-0.397500,0.000001,0.934795,-0.355187,0.000000,8.620461,0.972674,0,8,21.748260,0.112024,0,0
27.130530,-18.253230,217.696300,640.996600,0,0,0,0,0,0,0.000000,0.000000,0.000000,0.000000,0.501097,0.000000,0.000000,0.000000,0.000000,0.917602,-0.397500,0.000001,0.934795,-0.355187,0.000000,8.522361,0.880971,0,8,21.709560,0.112024,0,0
27.140530,-18.244840,217.780500,641.196100,0,0,0,0,0,0,0.000000,0.000000,0.000000,0.000000,0.501097,0.000000,0.000000,0.000000,0.000000,0.917602,-0.397500,0.000001,0.934795,-0.355187,0.000000,8.424261,0.789268,0,8,21.671240,0.112024,0,0
27.150530,-18.236460,217.863800,641.395600,0,0,0,0,0,0,0.000000,0.000000,0.000000,0.000000,0.501097,0.000000,0.000000,0.000000,0.000000,0.917602,-0.397500,0.000001,0.934795,-0.355187,0.000000,8.326161,0.697564,0,8,21.633290,0.112024,0,0
27.160530,-18.228070,217.946100,641.595000,0,0,0,0,0,0,0.000000,0.000000,0.000000,0.000000,0.501097,0.000000,0.000000,0.000000,0.000000,0.917602,-0.397500,0.000001,0.934795,-0.355187,0.000000,8.228062,0.605861,0,8,21.595730,0.112024,0,0
27.170530,-18.219680,218.027400,641.794500,0,0,0,0,0,0,0.000000,0.000000,0.000000,0.000000,0.501097,0.000000,0.000000,0.000000,0.000000,0.917602,-0.397500,0.000001,0.934795,-0.355187,0.000000,8.129962,0.514158,0,8,21.558540,0.112024,0,0
27.180530,-18.211290,218.107700,641.994000,0,0,0,0,0,0,0.000000,0.000000,0.000000,0.000000,0.501097,0.000000,0.000000,0.000000,0.000000,0.917602,-0.397500,0.000001,0.934795,-0.355187,0.000000,8.031862,0.422455,0,8,21.521740,0.112024,0,0
27.190530,-18.202900,218.187000,642.193400,0,0,0,0,0,0,0.000000,0.000000,0.000000,0.000000,0.501097,0.000000,0.000000,0.000000,0.000000,0.917602,-0.397500,0.000001,0.934795,-0.355187,0.000000,7.933762,0.330751,0,8,21.485320,0.112025,0,0
27.200530,-18.194510,218.265400,642.392900,0,0,0,0,0,0,0.000000,0.000000,0.000000,0.000000,0.501097,0.000000,0.000000,0.000000,0.000000,0.917602,-0.397500,0.000001,0.934795,-0.355187,0.000000,7.835662,0.239048,0,8,21.449290,0.112025,0,0
27.210530,-18.186120,218.342700,642.592300,0,0,0,0,0,0,0.000000,0.000000,0.000000,0.000000,0.501097,0.000000,0.000000,0.000000,0.000000,0.917602,-0.397500,0.000001,0.934795,-0.355187,0.000000,7.737562,0.147344,0,8,21.413650,0.112025,0,0
27.220530,-18.177740,218.419100,642.791800,0,0,0,0,0,0,0.000000,0.000000,0.000000,0.000000,0.501097,0.000000,0.000000,0.000000,0.000000,0.917602,-0.397500,0.000001,0.934795,-0.355187,0.000000,7.639462,0.055641,0,8,21.378400,0.112025,0,0
27.230530,-18.169350,218.494600,642.991300,0,0,0,0,0,0,0.000000,0.000000,0.000000,0.000000,0.501097,0.000000,0.000000,0.000000,0.000000,0.917602,-0.397500,0.000001,0.934795,-0.355187,0.000000,7.541361,-0.036063,0,8,21.343540,0.112025,0,0
27.240530,-18.160960,218.569000,643.190700,0,0,0,0,0,0,0.000000,0.000000,0.000000,0.000000,0.501097,0.000000,0.000000,0.000000,0.000000,0.917602,-0.397500,0.000001,0.934795,-0.355187,0.000000,7.443261,-0.127767,0,8,21.309070,0.112025,0,0
27.250530,-18.152570,218.642400,643.390200,0,0,0,0,0,0,0.000000,0.000000,0.000000,0.000000,0.501097,0.000000,0.000000,0.000000,0.000000,0.917602,-0.397500,0.000001,0.934795,-0.355187,0.000000,7.345161,-0.219470,0,8,21.275010,0.112025,0,0
27.260530,-18.144180,218.714900,643.589700,0,0,0,0,0,0,0.000000,0.000000,0.000000,0.000000,0.501097,0.000000,0.000000,0.000000,0.000000,0.917602,-0.397500,0.000001,0.934795,-0.355187,0.000000,7.247061,-0.311174,0,8,21.241330,0.112025,0,0
27.270530,-18.135790,218.786400,643.789100,0,0,0,0,0,0,0.000000,0.000000,0.000000,0.000000,0.501097,0.000000,0.000000,0.000000,0.000000,0.917602,-0.397500,0.000001,0.934795,-0.355187,0.000000,7.148961,-0.402877,0,8,21.208070,0.112025,0,0
27.280530,-18.127410,218.856900,643.988600,0,0,0,0,0,0,0.000000,0.000000,0.000000,0.000000,0.501097,0.000000,0.000000,0.000000,0.000000,0.917602,-0.397500,0.000001,0.934795,-0.355187,0.000000,7.050860,-0.494581,0,8,21.175200,0.112025,0,0
27.290530,-18.119020,218.926400,644.188000,0,0,0,0,0,0,0.000000,0.000000,0.000000,0.000000,0.501097,0.000000,0.000000,0.000000,0.000000,0.917602,-0.397500,0.000001,0.934795,-0.355187,0.000000,6.952760,-0.586284,0,8,21.142740,0.112025,0,0
27.300530,-18.110630,218.995000,644.387500,0,0,0,0,0,0,0.000000,0.000000,0.000000,0.000000,0.501097,0.000000,0.000000,0.000000,0.000000,0.917602,-0.397500,0.000001,0.934795,-0.355187,0.000000,6.854660,-0.677988,0,8,21.110680,0.112025,0,0
27.310530,-18.102240,219.062500,644.587000,0,0,0,0,0,0,0.000000,0.000000,0.000000,0.000000,0.501097,0.000000,0.000000,0.000000,0.000000,0.917602,-0.397500,0.000001,0.934795,-0.355187,0.000000,6.756560,-0.769692,0,8,21.079030,0.112025,0,0
27.320530,-18.093850,219.129100,644.786400,0,0,0,0,0,0,0.000000,0.000000,0.000000,0.000000,0.501097,0.000000,0.000000,0.000000,0.000000,0.917602,-0.397500,0.000001,0.934795,-0.355187,0.000000,6.658460,-0.861395,0,8,21.047790,0.112025,0,0
27.330530,-18.085460,219.194700,644.985900,0,0,0,0,0,0,0.000000,0.000000,0.000000,0.000000,0.501097,0.000000,0.000000,0.000000,0.000000,0.917602,-0.397500,0.000001,0.934795,-0.355187,0.000000,6.560359,-0.953099,0,8,21.016960,0.112025,0,0
27.340530,-18.077070,219.259400,645.185400,0,0,0,0,0,0,0.000000,0.000000,0.000000,0.000000,0.501097,0.000000,0.000000,0.000000,0.000000,0.917602,-0.397500,0.000001,0.934795,-0.355187,0.000000,6.462259,-1.044802,0,8,20.986550,0.112025,0,0
27.350530,-18.068690,219.323000,645.384800,0,0,0,0,0,0,0.000000,0.000000,0.000000,0.000000,0.501097,0.000000,0.000000,0.000000,0.000000,0.917602,-0.397500,0.000001,0.934795,-0.355187,0.000000,6.364159,-1.136506,0,8,20.956550,0.112025,0,0
27.360530,-18.060300,219.385700,645.584300,0,0,0,0,0,0,0.000000,0.000000,0.000000,0.000000,0.501097,0.000000,0.000000,0.000000,0.000000,0.917602,-0.397500,0.000001,0.934795,-0.355187,0.000000,6.266059,-1.228209,0,8,20.926970,0.112025,0,0
27.370530,-18.051910,219.447300,645.783800,0,0,0,0,0,0,0.000000,0.000000,0.000000,0.000000,0.501097,0.000000,0.000000,0.000000,0.000000,0.917602,-0.397500,0.000001,0.934795,-0.355187,0.000000,6.167959,-1.319913,0,8,20.897800,0.112025,0,0
27.380530,-18.043520,219.508000,645.983200,0,0,0,0,0,0,0.000000,0.000000,0.000000,0.000000,0.501097,0.000000,0.000000,0.000000,0.000000,0.917602,-0.397500,0.000001,0.934795,-0.355187,0.000000,6.069859,-1.411617,0,8,20.869060,0.112025,0,0
27.390530,-18.035130,219.567800,646.182700,0,0,0,0,0,0,0.000000,0.000000,0.000000,0.000000,0.501097,0.000000,0.000000,0.000000,0.000000,0.917602,-0.397500,0.000001,0.934795,-0.355187,0.000000,5.971758,-1.503320,0,8,20.840740,0.112025,0,0
27.400530,-18.026740,219.626500,646.382100,0,0,0,0,0,0,0.000000,0.000000,0.000000,0.000000,0.501097,0.000000,0.000000,0.000000,0.000000,0.917602,-0.397500,0.000001,0.934795,-0.355187,0.000000,5.873658,-1.595024,0,8,20.812840,0.112025,0,0
27.410530,-18.018350,219.684200,646.581600,0,0,0,0,0,0,0.000000,0.000000,0.000000,0.000000,0.501097,0.000000,0.000000,0.000000,0.000000,0.917602,-0.397500,0.000001,0.934795,-0.355187,0.000000,5.775558,-1.686727,0,8,20.785370,0.112025,0,0
27.420530,-18.009970,219.741000,646.781100,0,0,0,0,0,0,0.000000,0.000000,0.000000,0.000000,0.501097,0.000000,0.000000,0.000000,0.000000,0.917602,-0.397500,0.000001,0.934795,-0.355187,0.000000,5.677458,-1.778431,0,8,20.758320,0.112025,0,0
27.430530,-18.001580,219.796800,646.980500,0,0,0,0,0,0,0.000000,0.000000,0.000000,0.000000,0.501097,0.000000,0.000000,0.000000,0.000000,0.917602,-0.397500,0.000001,0.934795,-0.355187,0.000000,5.579358,-1.870134,0,8,20.731710,0.112025,0,0
27.440530,-17.993190,219.851600,647.180000,0,0,0,0,0,0,0.000000,0.000000,0.000000,0.000000,0.501097,0.000000,0.000000,0.000000,0.000000,0.917602,-0.397500,0.000001,0.934795,-0.355187,0.000000,5.481257,-1.961838,0,8,20.705520,0.112025,0,0
27.450530,-17.984800,219.905500,647.379500,0,0,0,0,0,0,0.000000,0.000000,0.000000,0.000000,0.501097,0.000000,0.000000,0.000000,0.000000,0.917602,-0.397500,0.000001,0.934795,-0.355187,0.000000,5.383157,-2.053542,0,8,20.679770,0.112025,0,0
27.460530,-17.976410,219.958300,647.578900,0,0,0,0,0,0,0.000000,0.000000,0.000000,0.000000,0.501097,0.000000,0.000000,0.000000,0.000000,0.917602,-0.397500,0.000001,0.934795,-0.355187,0.000000,5.285057,-2.145245,0,8,20.654450,0.112025,0,0
27.470530,-17.968020,220.010200,647.778400,0,0,0,0,0,0,0.000000,0.000000,0.000000,0.000000,0.501097,0.000000,0.000000,0.000000,0.000000,0.917602,-0.397500,0.000001,0.934795,-0.355187,0.000000,5.186957,-2.236949,0,8,20.629560,0.112025,0,0
27.480530,-17.959630,220.061100,647.977800,0,0,0,0,0,0,0.000000,0.000000,0.000000,0.000000,0.501097,0.000000,0.000000,0.000000,0.000000,0.917602,-0.397500,0.000001,0.934795,-0.355187,0.000000,5.088857,-2.328652,0,8,20.605120,0.112025,0,0
27.490530,-17.951250,220.111000,648.177300,0,0,0,0,0,0,0.000000,0.000000,0.000000,0.000000,0.501097,0.000000,0.000000,0.000000,0.000000,0.917602,-0.397500,0.000001,0.934795,-0.355187,0.000000,4.990757,-2.420356,0,8,20.581110,0.112025,0,0
27.500530,-17.942860,220.159900,648.376800,0,0,0,0,0,0,0.000000,0.000000,0.000000,0.000000,0.501097,0.000000,0.000000,0.000000,0.000000,0.917602,-0.397500,0.000001,0.934795,-0.355187,0.000000,4.892656,-2.512060,0,8,20.557540,0.112025,0,0
27.510530,-17.934470,220.207800,648.576200,0,0,0,0,0,0,0.000000,0.000000,0.000000,0.000000,0.501097,0.000000,0.000000,0.000000,0.000000,0.917602,-0.397500,0.000001,0.934795,-0.355187,0.000000,4.794556,-2.603763,0,8,20.534410,0.112025,0,0
27.520530,-17.926080,220.254800,648.775700,0,0,0,0,0,0,0.000000,0.000000,0.000000,0.000000,0.501097,0.000000,0.000000,0.000000,0.000000,0.917602,-0.397500,0.000001,0.934795,-0.355187,0.000000,4.696456,-2.695467,0,8,20.511730,0.112025,0,0
27.530530,-17.917690,220.300800,648.975200,0,0,0,0,0,0,0.000000,0.000000,0.000000,0.000000,0.501097,0.000000,0.000000,0.000000,0.000000,0.917602,-0.397500,0.000001,0.934795,-0.355187,0.000000,4.598356,-2.787170,0,8,20.489490,0.112025,0,0
27.540530,-17.909300,220.345800,649.174600,0,0,0,0,0,0,0.000000,0.000000,0.000000,0.000000,0.501097,0.000000,0.000000,0.000000,0.000000,0.917602,-0.397500,0.000001,0.934795,-0.355187,0.000000,4.500256,-2.878874,0,8,20.467700,0.112025,0,0
27.550540,-17.900920,220.389800,649.374100,0,0,0,0,0,0,0.000000,0.000000,0.000000,0.000000,0.501097,0.000000,0.000000,0.000000,0.000000,0.917602,-0.397500,0.000001,0.934795,-0.355187,0.000000,4.402155,-2.970577,0,8,20.446350,0.112025,0,0
27.560540,-17.892530,220.432900,649.573500,0,0,0,0,0,0,0.000000,0.000000,0.000000,0.000000,0.501097,0.000000,0.000000,0.000000,0.000000,0.917602,-0.397500,0.000001,0.934795,-0.355187,0.000000,4.304055,-3.062281,0,8,20.425460,0.112025,0,0
27.570540,-17.884140,220.474900,649.773000,0,0,0,0,0,0,0.000000,0.000000,0.000000,0.000000,0.501097,0.000000,0.000000,0.000000,0.000000,0.917602,-0.397500,0.000001,0.934795,-0.355187,0.000000,4.205955,-3.153985,0,8,20.405010,0.112025,0,0
27.580540,-17.875750,220.516000,649.972500,0,0,0,0,0,0,0.000000,0.000000,0.000000,0.000000,0.501097,0.000000,0.000000,0.000000,0.000000,0.917602,-0.397500,0.000001,0.934795,-0.355187,0.000000,4.107855,-3.245688,0,8,20.385020,0.112025,0,0
27.590540,-17.867360,220.556100,650.171900,0,0,0,0,0,0,0.000000,0.000000,0.000000,0.000000,0.501097,0.000000,0.000000,0.000000,0.000000,0.917602,-0.397500,0.000001,0.934795,-0.355187,0.000000,4.009755,-3.337392,0,8,20.365470,0.112025,0,0
27.600540,-17.858970,220.595200,650.371400,0,0,0,0,0,0,0.000000,0.000000,0.000000,0.000000,0.501097,0.000000,0.000000,0.000000,0.000000,0.917602,-0.397500,0.000001,0.934795,-0.355187,0.000000,3.911655,-3.429095,0,8,20.346390,0.112025,0,0
27.610540,-17.850580,220.633300,650.570900,0,0,0,0,0,0,0.000000,0.000000,0.000000,0.000000,0.501097,0.000000,0.000000,0.000000,0.000000,0.917602,-0.397500,0.000001,0.934795,-0.355187,0.000000,3.813555,-3.520798,0,8,20.327750,0.112025,0,0
27.620540,-17.842200,220.670500,650.770300,0,0,0,0,0,0,0.000000,0.000000,0.000000,0.000000,0.501097,0.000000,0.000000,0.000000,0.000000,0.917602,-0.397500,0.000001,0.934795,-0.355187,0.000000,3.715455,-3.612502,0,8,20.309580,0.112025,0,0
27.630540,-17.833810,220.706700,650.969800,0,0,0,0,0,0,0.000000,0.000000,0.000000,0.000000,0.501097,0.000000,0.000000,0.000000,0.000000,0.917602,-0.397500,0.000001,0.934795,-0.355187,0.000000,3.617355,-3.704205,0,8,20.291860,0.112025,0,0
27.640540,-17.825420,220.741900,651.169300,0,0,0,0,0,0,0.000000,0.000000,0.000000,0.000000,0.501097,0.000000,0.000000,0.000000,0.000000,0.917602,-0.397500,0.000001,0.934795,-0.355187,0.000000,3.519255,-3.795909,0,8,20.274600,0.112025,0,0
27.650540,-17.817030,220.776100,651.368700,0,0,0,0,0,0,0.000000,0.000000,0.000000,0.000000,0.501097,0.000000,0.000000,0.000000,0.000000,0.917602,-0.397500,0.000001,0.934795,-0.355187,0.000000,3.421155,-3.887612,0,8,20.257810,0.112025,0,0
27.660540,-17.808640,220.809300,651.568200,0,0,0,0,0,0,0.000000,0.000000,0.000000,0.000000,0.501097,0.000000,0.000000,0.000000,0.000000,0.917602,-0.397500,0.000001,0.934795,-0.355187,0.000000,3.323055,-3.979315,0,8,20.241470,0.112025,0,0
27.670540,-17.800250,220.841600,651.767600,0,0,0,0,0,0,0.000000,0.000000,0.000000,0.000000,0.501097,0.000000,0.000000,0.000000,0.000000,0.917602,-0.397500,0.000001,0.934795,-0.355187,0.000000,3.224955,-4.071019,0,8,20.225600,0.112025,0,0
27.680540,-17.791860,220.872800,651.967100,0,0,0,0,0,0,0.000000,0.000000,0.000000,0.000000,0.501097,0.000000,0.000000,0.000000,0.000000,0.917602,-0.397500,0.000001,0.934795,-0.355187,0.000000,3.126855,-4.162722,0,8,20.210190,0.112025,0,0
27.690540,-17.783480,220.903100,652.166600,0,0,0,0,0,0,0.000000,0.000000,0.000000,0.000000,0.501097,0.000000,0.000000,0.000000,0.000000,0.917602,-0.397500,0.000001,0.934795,-0.355187,0.000000,3.028755,-4.254426,0,8,20.195240,0.112025,0,0
27.700540,-17.775090,220.932400,652.366000,0,0,0,0,0,0,0.000000,0.000000,0.000000,0.000000,0.501097,0.000000,0.000000,0.000000,0.000000,0.917602,-0.397500,0.000001,0.934795,-0.355187,0.000000,2.930655,-4.346129,0,8,20.180760,0.112025,0,0
27.710540,-17.766700,220.960800,652.565500,0,0,0,0,0,0,0.000000,0.000000,0.000000,0.000000,0.501097,0.000000,0.000000,0.000000,0.000000,0.917602,-0.397500,0.000001,0.934795,-0.355187,0.000000,2.832555,-4.437832,0,8,20.166750,0.112025,0,0
27.720540,-17.758310,220.988100,652.765000,0,0,0,0,0,0,0.000000,0.000000,0.000000,0.000000,0.501097,0.000000,0.000000,0.000000,0.000000,0.917602,-0.397500,0.000001,0.934795,-0.355187,0.000000,2.734455,-4.529535,0,8,20.153210,0.112025,0,0
27.730540,-17.749920,221.014500,652.964400,0,0,0,0,0,0,0.000000,0.000000,0.000000,0.000000,0.501097,0.000000,0.000000,0.000000,0.000000,0.917602,-0.397500,0.000001,0.934795,-0.355187,0.000000,2.636355,-4.621239,0,8,20.140130,0.112025,0,0
27.740540,-17.741530,221.039800,653.163900,0,0,0,0,0,0,0.000000,0.000000,0.000000,0.000000,0.501097,0.000000,0.000000,0.000000,0.000000,0.917602,-0.397500,0.000001,0.934795,-0.355187,0.000000,2.538255,-4.712942,0,8,20.127520,0.112025,0,0
27.750540,-17.733140,221.064200,653.363300,0,0,0,0,0,0,0.000000,0.000000,0.000000,0.000000,0.501097,0.000000,0.000000,0.000000,0.000000,0.917602,-0.397500,0.000001,0.934795,-0.355187,0.000000,2.440156,-4.804646,0,8,20.115390,0.112025,0,0
27.760540,-17.724760,221.087700,653.562800,0,0,0,0,0,0,0.000000,0.000000,0.000000,0.000000,0.501097,0.000000,0.000000,0.000000,0.000000,0.917602,-0.397500,0.000001,0.934795,-0.355187,0.000000,2.342056,-4.896349,0,8,20.103720,0.112025,0,0
27.770540,-17.716370,221.110100,653.762300,0,0,0,0,0,0,0.000000,0.000000,0.000000,0.000000,0.501097,0.000000,0.000000,0.000000,0.000000,0.917602,-0.397500,0.000001,0.934795,-0.355187,0.000000,2.243956,-4.988052,0,8,20.092530,0.112025,0,0
27.780540,-17.707980,221.131600,653.961700,0,0,0,0,0,0,0.000000,0.000000,0.000000,0.000000,0.501097,0.000000,0.000000,0.000000,0.000000,0.917602,-0.397500,0.000001,0.934795,-0.355187,0.000000,2.145856,-5.079756,0,8,20.081810,0.112025,0,0
27.790540,-17.699590,221.152000,654.161200,0,0,0,0,0,0,0.000000,0.000000,0.000000,0.000000,0.501097,0.000000,0.000000,0.000000,0.000000,0.917602,-0.397500,0.000001,0.934795,-0.355187,0.000000,2.047756,-5.171459,0,8,20.071570,0.112025,0,0
27.800540,-17.691200,221.171500,654.360700,0,0,0,0,0,0,0.000000,0.000000,0.000000,0.000000,0.501097,0.000000,0.000000,0.000000,0.000000,0.917602,-0.397500,0.000001,0.934795,-0.355187,0.000000,1.949656,-5.263163,0,8,20.061790,0.112025,0,0
27.810540,-17.682810,221.190000,654.560100,0,0,0,0,0,0,0.000000,0.000000,0.000000,0.000000,0.501097,0.000000,0.000000,0.000000,0.000000,0.917602,-0.397500,0.000001,0.934795,-0.355187,0.000000,1.851556,-5.354866,0,8,20.052500,0.112025,0,0
27.820540,-17.674430,221.207600,654.759600,0,0,0,0,0,0,0.000000,0.000000,0.000000,0.000000,0.501097,0.000000,0.000000,0.000000,0.000000,0.917602,-0.397500,0.000001,0.934795,-0.355187,0.000000,1.753456,-5.446569,0,8,20.043680,0.112025,0,0
27.830540,-17.666040,221.224100,654.959000,0,0,0,0,0,0,0.000000,0.000000,0.000000,0.000000,0.501097,0.000000,0.000000,0.000000,0.000000,0.917602,-0.397500,0.000001,0.934795,-0.355187,0.000000,1.655356,-5.538272,0,8,20.035340,0.112025,0,0
27.840540,-17.657650,221.239700,655.158500,0,0,0,0,0,0,0.000000,0.000000,0.000000,0.000000,0.501097,0.000000,0.000000,0.000000,0.000000,0.917602,-0.397500,0.000001,0.934795,-0.355187,0.000000,1.557256,-5.629976,0,8,20.027470,0.112025,0,0
27.850540,-17.649260,221.254300,655.358000,0,0,0,0,0,0,0.000000,0.000000,0.000000,0.000000,0.501097,0.000000,0.000000,0.000000,0.000000,0.917602,-0.397500,0.000001,0.934795,-0.355187,0.000000,1.459156,-5.721679,0,8,20.020080,0.112025,0,0
27.860540,-17.640870,221.267900,655.557400,0,0,0,0,0,0,0.000000,0.000000,0.000000,0.000000,0.501097,0.000000,0.000000,0.000000,0.000000,0.917602,-0.397500,0.000001,0.934795,-0.355187,0.000000,1.361056,-5.813383,0,8,20.013170,0.112025,0,0
27.870540,-17.632480,221.280500,655.756900,0,0,0,0,0,0,0.000000,0.000000,0.000000,0.000000,0.501097,0.000000,0.000000,0.000000,0.000000,0.917602,-0.397500,0.000001,0.934795,-0.355187,0.000000,1.262956,-5.905086,0,8,20.006740,0.112025,0,0
27.880540,-17.624090,221.292200,655.956400,0,0,0,0,0,0,0.000000,0.000000,0.000000,0.000000,0.501097,0.000000,0.000000,0.000000,0.000000,0.917602,-0.397500,0.000001,0.934795,-0.355187,0.000000,1.164856,-5.996789,0,8,20.000780,0.112025,0,0
27.890540,-17.615710,221.302900,656.155800,0,0,0,0,0,0,0.000000,0.000000,0.000000,0.000000,0.501097,0.000000,0.000000,0.000000,0.000000,0.917602,-0.397500,0.000001,0.934795,-0.355187,0.000000,1.066756,-6.088493,0,8,19.995310,0.112025,0,0
27.900540,-17.607320,221.312500,656.355300,0,0,0,0,0,0,0.000000,0.000000,0.000000,0.000000,0.501097,0.000000,0.000000,0.000000,0.000000,0.917602,-0.397500,0.000001,0.934795,-0.355187,0.000000,0.968656,-6.180196,0,8,19.990320,0.112025,0,0
27.910540,-17.598930,221.321300,656.554700,0,0,0,0,0,0,0.000000,0.000000,0.000000,0.000000,0.501097,0.000000,0.000000,0.000000,0.000000,0.917602,-0.397500,0.000001,0.934795,-0.355187,0.000000,0.870556,-6.271900,0,8,19.985800,0.112025,0,0
27.920540,-17.590540,221.329000,656.754200,0,0,0,0,0,0,0.000000,0.000000,0.000000,0.000000,0.501097,0.000000,0.000000,0.000000,0.000000,0.917602,-0.397500,0.000001,0.934795,-0.355187,0.000000,0.772456,-6.363603,0,8,19.981770,0.112025,0,0
27.930540,-17.582150,221.335700,656.953700,0,0,0,0,0,0,0.000000,0.000000,0.000000,0.000000,0.501097,0.000000,0.000000,0.000000,0.000000,0.917602,-0.397500,0.000001,0.934795,-0.355187,0.000000,0.674356,-6.455307,0,8,19.978220,0.112025,0,0
27.940540,-17.573760,221.341500,657.153100,0,0,0,0,0,0,0.000000,0.000000,0.000000,0.000000,0.501097,0.000000,0.000000,0.000000,0.000000,0.917602,-0.397500,0.000001,0.934795,-0.355187,0.000000,0.576256,-6.547010,0,8,19.975150,0.112025,0,0
27.950540,-17.565370,221.346300,657.352600,0,0,0,0,0,0,0.000000,0.000000,0.000000,0.000000,0.501097,0.000000,0.000000,0.000000,0.000000,0.917602,-0.397500,0.000001,0.934795,-0.355187,0.000000,0.478156,-6.638713,0,8,19.972560,0.112025,0,0
27.960540,-17.556990,221.350100,657.552100,0,0,0,0,0,0,0.000000,0.000000,0.000000,0.000000,0.501097,0.000000,0.000000,0.000000,0.000000,0.917602,-0.397500,0.000001,0.934795,-0.355187,0.000000,0.380056,-6.730417,0,8,19.970450,0.112025,0,0
27.970540,-17.548600,221.352900,657.751500,0,0,0,0,0,0,0.000000,0.000000,0.000000,0.000000,0.501097,0.000000,0.000000,0.000000,0.000000,0.917602,-0.397500,0.000001,0.934795,-0.355187,0.000000,0.281956,-6.822120,0,8,19.968820,0.112025,0,0
27.980550,-17.540210,221.354700,657.951000,0,0,0,0,0,0,0.000000,0.000000,0.000000,0.000000,0.501097,0.000000,0.000000,0.000000,0.000000,0.917602,-0.397500,0.000001,0.934795,-0.355187,0.000000,0.183856,-6.913824,0,8,19.967680,0.112025,0,0
27.990550,-17.531820,221.355600,658.150500,0,0,0,0,0,0,0.000000,0.000000,0.000000,0.000000,0.501097,0.000000,0.000000,0.000000,0.000000,0.917602,-0.397500,0.000001,0.934795,-0.355187,0.000000,0.085756,-7.005527,0,8,19.967020,0.112025,0,0
28.000550,-17.523430,221.355500,658.349900,0,0,0,0,0,0,0.000000,0.000000,0.000000,0.000000,0.501097,0.000000,0.000000,0.000000,0.000000,0.917602,-0.397500,0.000001,0.934795,-0.355187,0.000000,-0.012344,-7.097230,0,8,19.966840,0.112025,0,0
28.010550,-17.515040,221.354400,658.549400,0,0,0,0,0,0,0.000000,0.000000,0.000000,0.000000,0.501097,0.000000,0.000000,0.000000,0.000000,0.917602,-0.397500,0.000001,0.934795,-0.355187,0.000000,-0.110444,-7.188933,0,8,19.967140,0.112025,0,0
28.020550,-17.506650,221.352300,658.748800,0,0,0,0,0,0,0.000000,0.000000,0.000000,0.000000,0.501097,0.000000,0.000000,0.000000,0.000000,0.917602,-0.397500,0.000001,0.934795,-0.355187,0.000000,-0.208544,-7.280637,0,8,19.967920,0.112025,0,0
28.030550,-17.498270,221.349200,658.948300,0,0,0,0,0,0,0.000000,0.000000,0.000000,0.000000,0.501097,0.000000,0.000000,0.000000,0.000000,0.917602,-0.397500,0.000001,0.934795,-0.355187,0.000000,-0.306644,-7.372340,0,8,19.969190,0.112025,0,0
28.040550,-17.489880,221.345200,659.147800,0,0,0,0,0,0,0.000000,0.000000,0.000000,0.000000,0.501097,0.000000,0.000000,0.000000,0.000000,0.917602,-0.397500,0.000001,0.934795,-0.355187,0.000000,-0.404744,-7.464044,0,8,19.970940,0.112025,0,0
28.050550,-17.481490,221.340100,659.347200,0,0,0,0,0,0,0.000000,0.000000,0.000000,0.000000,0.501097,0.000000,0.000000,0.000000,0.000000,0.917602,-0.397500,0.000001,0.934795,-0.355187,0.000000,-0.502844,-7.555747,0,8,19.973160,0.112025,0,0
28.060550,-17.473100,221.334100,659.546700,0,0,0,0,0,0,0.000000,0.000000,0.000000,0.000000,0.501097,0.000000,0.000000,0.000000,0.000000,0.917602,-0.397500,0.000001,0.934795,-0.355187,0.000000,-0.600944,-7.647450,0,8,19.975870,0.112025,0,0
28.070550,-17.464710,221.327100,659.746200,0,0,0,0,0,0,0.000000,0.000000,0.000000,0.000000,0.501097,0.000000,0.000000,0.000000,0.000000,0.917602,-0.397500,0.000001,0.934795,-0.355187,0.000000,-0.699044,-7.739154,0,8,19.979070,0.112025,0,0
28.080550,-17.456320,221.319200,659.945600,0,0,0,0,0,0,0.000000,0.000000,0.000000,0.000000,0.501097,0.000000,0.000000,0.000000,0.000000,0.917602,-0.397500,0.000001,0.934795,-0.355187,0.000000,-0.797144,-7.830857,0,8,19.982740,0.112025,0,0
28.090550,-17.447940,221.310200,660.145100,0,0,0,0,0,0,0.000000,0.000000,0.000000,0.000000,0.501097,0.000000,0.000000,0.000000,0.000000,0.917602,-0.397500,0.000001,0.934795,-0.355187,0.000000,-0.895244,-7.922561,0,8,19.986890,0.112025,0,0
28.100550,-17.439550,221.300300,660.344500,0,0,0,0,0,0,0.000000,0.000000,0.000000,0.000000,0.501097,0.000000,0.000000,0.000000,0.000000,0.917602,-0.397500,0.000001,0.934795,-0.355187,0.000000,-0.993344,-8.014264,0,8,19.991530,0.112025,0,0
28.110550,-17.431160,221.289400,660.544000,0,0,0,0,0,0,0.000000,0.000000,0.000000,0.000000,0.501097,0.000000,0.000000,0.000000,0.000000,0.917602,-0.397500,0.000001,0.934795,-0.355187,0.000000,-1.091444,-8.105968,0,8,19.996640,0.112025,0,0
28.120550,-17.422770,221.277500,660.743500,0,0,0,0,0,0,0.000000,0.000000,0.000000,0.000000,0.501097,0.000000,0.000000,0.000000,0.000000,0.917602,-0.397500,0.000001,0.934795,-0.355187,0.000000,-1.189544,-8.197671,0,8,20.002240,0.112025,0,0
28.130550,-17.414380,221.264600,660.942900,0,0,0,0,0,0,0.000000,0.000000,0.000000,0.000000,0.501097,0.000000,0.000000,0.000000,0.000000,0.917602,-0.397500,0.000001,0.934795,-0.355187,0.000000,-1.287644,-8.289374,0,8,20.008310,0.112025,0,0
28.140550,-17.405990,221.250700,661.142400,0,0,0,0,0,0,0.000000,0.000000,0.000000,0.000000,0.501097,0.000000,0.000000,0.000000,0.000000,0.917602,-0.397500,0.000001,0.934795,-0.355187,0.000000,-1.385744,-8.381078,0,8,20.014860,0.112025,0,0
28.150550,-17.397600,221.235900,661.341900,0,0,0,0,0,0,0.000000,0.000000,0.000000,0.000000,0.501097,0.000000,0.000000,0.000000,0.000000,0.917602,-0.397500,0.000001,0.934795,-0.355187,0.000000,-1.483844,-8.472781,0,8,20.021890,0.112025,0,0
28.160550,-17.389220,221.220100,661.541300,0,0,0,0,0,0,0.000000,0.000000,0.000000,0.000000,0.501097,0.000000,0.000000,0.000000,0.000000,0.917602,-0.397500,0.000001,0.934795,-0.355187,0.000000,-1.581944,-8.564485,0,8,20.029400,0.112025,0,0
28.170550,-17.380830,221.203300,661.740800,0,0,0,0,0,0,0.000000,0.000000,0.000000,0.000000,0.501097,0.000000,0.000000,0.000000,0.000000,0.917602,-0.397500,0.000001,0.934795,-0.355187,0.000000,-1.680043,-8.656188,0,8,20.037390,0.112025,0,0
28.180550,-17.372440,221.185500,661.940200,0,0,0,0,0,0,0.000000,0.000000,0.000000,0.000000,0.501097,0.000000,0.000000,0.000000,0.000000,0.917602,-0.397500,0.000001,0.934795,-0.355187,0.000000,-1.778143,-8.747891,0,8,20.045850,0.112025,0,0
28.190550,-17.364050,221.166700,662.139700,0,0,0,0,0,0,0.000000,0.000000,0.000000,0.000000,0.501097,0.000000,0.000000,0.000000,0.000000,0.917602,-0.397500,0.000001,0.934795,-0.355187,0.000000,-1.876243,-8.839595,0,8,20.054790,0.112025,0,0
28.200550,-17.355660,221.147000,662.339200,0,0,0,0,0,0,0.000000,0.000000,0.000000,0.000000,0.501097,0.000000,0.000000,0.000000,0.000000,0.917602,-0.397500,0.000001,0.934795,-0.355187,0.000000,-1.974343,-8.931298,0,8,20.064210,0.112025,0,0
28.210550,-17.347270,221.126300,662.538600,0,0,0,0,0,0,0.000000,0.000000,0.000000,0.000000,0.501097,0.000000,0.000000,0.000000,0.000000,0.917602,-0.397500,0.000001,0.934795,-0.355187,0.000000,-2.072443,-9.023002,0,8,20.074100,0.112025,0,0
28.220550,-17.338880,221.104600,662.738100,0,0,0,0,0,0,0.000000,0.000000,0.000000,0.000000,0.501097,0.000000,0.000000,0.000000,0.000000,0.917602,-0.397500,0.000001,0.934795,-0.355187,0.000000,-2.170543,-9.114705,0,8,20.084460,0.112025,0,0
28.230550,-17.330500,221.081900,662.937600,0,0,0,0,0,0,0.000000,0.000000,0.000000,0.000000,0.501097,0.000000,0.000000,0.000000,0.000000,0.917602,-0.397500,0.000001,0.934795,-0.355187,0.000000,-2.268643,-9.206408,0,8,20.095300,0.112025,0,0
28.240550,-17.322110,221.058200,663.137000,0,0,0,0,0,0,0.000000,0.000000,0.000000,0.000000,0.501097,0.000000,0.000000,0.000000,0.000000,0.917602,-0.397500,0.000001,0.934795,-0.355187,0.000000,-2.366743,-9.298111,0,8,20.106610,0.112025,0,0
28.250550,-17.313720,221.033600,663.336500,0,0,0,0,0,0,0.000000,0.000000,0.000000,0.000000,0.501097,0.000000,0.000000,0.000000,0.000000,0.917602,-0.397500,0.000001,0.934795,-0.355187,0.000000,-2.464843,-9.389814,0,8,20.118400,0.112025,0,0
28.260550,-17.305330,221.007900,663.535900,0,0,0,0,0,0,0.000000,0.000000,0.000000,0.000000,0.501097,0.000000,0.000000,0.000000,0.000000,0.917602,-0.397500,0.000001,0.934795,-0.355187,0.000000,-2.562943,-9.481518,0,8,20.130650,0.112025,0,0
28.270550,-17.296940,220.981300,663.735400,0,0,0,0,0,0,0.000000,0.000000,0.000000,0.000000,0.501097,0.000000,0.000000,0.000000,0.000000,0.917602,-0.397500,0.000001,0.934795,-0.355187,0.000000,-2.661043,-9.573221,0,8,20.143380,0.112025,0,0
28.280550,-17.288550,220.953700,663.934900,0,0,0,0,0,0,0.000000,0.000000,0.000000,0.000000,0.501097,0.000000,0.000000,0.000000,0.000000,0.917602,-0.397500,0.000001,0.934795,-0.355187,0.000000,-2.759143,-9.664925,0,8,20.156570,0.112025,0,0
28.290550,-17.280160,220.925100,664.134300,0,0,0,0,0,0,0.000000,0.000000,0.000000,0.000000,0.501097,0.000000,0.000000,0.000000,0.000000,0.917602,-0.397500,0.000001,0.934795,-0.355187,0.000000,-2.857243,-9.756628,0,8,20.170230,0.112025,0,0
28.300550,-17.271780,220.895600,664.333800,0,0,0,0,0,0,0.000000,0.000000,0.000000,0.000000,0.501097,0.000000,0.000000,0.000000,0.000000,0.917602,-0.397500,0.000001,0.934795,-0.355187,0.000000,-2.955343,-9.848331,0,8,20.184360,0.112025,0,0
28.310550,-17.263390,220.865100,664.533300,0,0,0,0,0,0,0.000000,0.000000,0.000000,0.000000,0.501097,0.000000,0.000000,0.000000,0.000000,0.917602,-0.397500,0.000001,0.934795,-0.355187,0.000000,-3.053443,-9.940035,0,8,20.198960,0.112025,0,0
28.320550,-17.255000,220.833500,664.732700,0,0,0,0,0,0,0.000000,0.000000,0.000000,0.000000,0.501097,0.000000,0.000000,0.000000,0.000000,0.917602,-0.397500,0.000001,0.934795,-0.355187,0.000000,-3.151543,-10.031740,0,8,20.214020,0.112025,0,0
28.330550,-17.246610,220.801000,664.932200,0,0,0,0,0,0,0.000000,0.000000,0.000000,0.000000,0.501097,0.000000,0.000000,0.000000,0.000000,0.917602,-0.397500,0.000001,0.934795,-0.355187,0.000000,-3.249643,-10.123440,0,8,20.229550,0.112025,0,0
28.340550,-17.238220,220.767600,665.131700,0,0,0,0,0,0,0.000000,0.000000,0.000000,0.000000,0.501097,0.000000,0.000000,0.000000,0.000000,0.917602,-0.397500,0.000001,0.934795,-0.355187,0.000000,-3.347743,-10.215150,0,8,20.245540,0.112025,0,0
28.350550,-17.229830,220.733100,665.331100,0,0,0,0,0,0,0.000000,0.000000,0.000000,0.000000,0.501097,0.000000,0.000000,0.000000,0.000000,0.917602,-0.397500,0.000001,0.934795,-0.355187,0.000000,-3.445843,-10.306850,0,8,20.261990,0.112025,0,0
28.360550,-17.221450,220.697700,665.530600,0,0,0,0,0,0,0.000000,0.000000,0.000000,0.000000,0.501097,0.000000,0.000000,0.000000,0.000000,0.917602,-0.397500,0.000001,0.934795,-0.355187,0.000000,-3.543942,-10.398550,0,8,20.278900,0.112025,0,0
28.370550,-17.213060,220.661200,665.730000,0,0,0,0,0,0,0.000000,0.000000,0.000000,0.000000,0.501097,0.000000,0.000000,0.000000,0.000000,0.917602,-0.397500,0.000001,0.934795,-0.355187,0.000000,-3.642042,-10.490260,0,8,20.296280,0.112025,0,0
28.380550,-17.204670,220.623800,665.929500,0,0,0,0,0,0,0.000000,0.000000,0.000000,0.000000,0.501097,0.000000,0.000000,0.000000,0.000000,0.917602,-0.397500,0.000001,0.934795,-0.355187,0.000000,-3.740142,-10.581960,0,8,20.314110,0.112025,0,0
28.390550,-17.196280,220.585500,666.129000,0,0,0,0,0,0,0.000000,0.000000,0.000000,0.000000,0.501097,0.000000,0.000000,0.000000,0.000000,0.917602,-0.397500,0.000001,0.934795,-0.355187,0.000000,-3.838242,-10.673660,0,8,20.332400,0.112025,0,0
28.400550,-17.187890,220.546100,666.328400,0,0,0,0,0,0,0.000000,0.000000,0.000000,0.000000,0.501097,0.000000,0.000000,0.000000,0.000000,0.917602,-0.397500,0.000001,0.934795,-0.355187,0.000000,-3.936342,-10.765360,0,8,20.351150,0.112025,0,0
28.410550,-17.179500,220.505800,666.527900,0,0,0,0,0,0,0.000000,0.000000,0.000000,0.000000,0.501097,0.000000,0.000000,0.000000,0.000000,0.917602,-0.397500,0.000001,0.934795,-0.355187,0.000000,-4.034442,-10.857070,0,8,20.370350,0.112025,0,0
28.420560,-17.171110,220.464400,666.727400,0,0,0,0,0,0,0.000000,0.000000,0.000000,0.000000,0.501097,0.000000,0.000000,0.000000,0.000000,0.917602,-0.397500,0.000001,0.934795,-0.355187,0.000000,-4.132543,-10.948770,0,8,20.390010,0.112025,0,0
28.430560,-17.162730,220.422100,666.926800,0,0,0,0,0,0,0.000000,0.000000,0.000000,0.000000,0.501097,0.000000,0.000000,0.000000,0.000000,0.917602,-0.397500,0.000001,0.934795,-0.355187,0.000000,-4.230643,-11.040480,0,8,20.410110,0.112025,0,0
28.440560,-17.154340,220.378800,667.126300,0,0,0,0,0,0,0.000000,0.000000,0.000000,0.000000,0.501097,0.000000,0.000000,0.000000,0.000000,0.917602,-0.397500,0.000001,0.934795,-0.355187,0.000000,-4.328743,-11.132180,0,8,20.430670,0.112025,0,0
28.450560,-17.145950,220.334600,667.325700,0,0,0,0,0,0,0.000000,0.000000,0.000000,0.000000,0.501097,0.000000,0.000000,0.000000,0.000000,0.917602,-0.397500,0.000001,0.934795,-0.355187,0.000000,-4.426843,-11.223880,0,8,20.451680,0.112025,0,0
28.460560,-17.137560,220.289300,667.525200,0,0,0,0,0,0,0.000000,0.000000,0.000000,0.000000,0.501097,0.000000,0.000000,0.000000,0.000000,0.917602,-0.397500,0.000001,0.934795,-0.355187,0.000000,-4.524943,-11.315590,0,8,20.473140,0.112025,0,0
28.470560,-17.129170,220.243100,667.724700,0,0,0,0,0,0,0.000000,0.000000,0.000000,0.000000,0.501097,0.000000,0.000000,0.000000,0.000000,0.917602,-0.397500,0.000001,0.934795,-0.355187,0.000000,-4.623044,-11.407290,0,8,20.495050,0.112025,0,0
28.480560,-17.120780,220.195900,667.924100,0,0,0,0,0,0,0.000000,0.000000,0.000000,0.000000,0.501097,0.000000,0.000000,0.000000,0.000000,0.917602,-0.397500,0.000001,0.934795,-0.355187,0.000000,-4.721144,-11.498990,0,8,20.517400,0.112025,0,0
28.490560,-17.112390,220.147700,668.123600,0,0,0,0,0,0,0.000000,0.000000,0.000000,0.000000,0.501097,0.000000,0.000000,0.000000,0.000000,0.917602,-0.397500,0.000001,0.934795,-0.355187,0.000000,-4.819244,-11.590700,0,8,20.540190,0.112025,0,0
28.500560,-17.104010,220.098500,668.323100,0,0,0,0,0,0,0.000000,0.000000,0.000000,0.000000,0.501097,0.000000,0.000000,0.000000,0.000000,0.917602,-0.397500,0.000001,0.934795,-0.355187,0.000000,-4.917344,-11.682400,0,8,20.563430,0.112025,0,0
28.510560,-17.095620,220.048400,668.522500,0,0,0,0,0,0,0.000000,0.000000,0.000000,0.000000,0.501097,0.000000,0.000000,0.000000,0.000000,0.917602,-0.397500,0.000001,0.934795,-0.355187,0.000000,-5.015444,-11.774100,0,8,20.587110,0.112025,0,0
28.520560,-17.087230,219.997200,668.722000,0,0,0,0,0,0,0.000000,0.000000,0.000000,0.000000,0.501097,0.000000,0.000000,0.000000,0.000000,0.917602,-0.397500,0.000001,0.934795,-0.355187,0.000000,-5.113544,-11.865810,0,8,20.611230,0.112025,0,0
28.530560,-17.078840,219.945100,668.921400,0,0,0,0,0,0,0.000000,0.000000,0.000000,0.000000,0.501097,0.000000,0.000000,0.000000,0.000000,0.917602,-0.397500,0.000001,0.934795,-0.355187,0.000000,-5.211645,-11.957510,0,8,20.635790,0.112025,0,0
28.540560,-17.070450,219.892000,669.120900,0,0,0,0,0,0,0.000000,0.000000,0.000000,0.000000,0.501097,0.000000,0.000000,0.000000,0.000000,0.917602,-0.397500,0.000001,0.934795,-0.355187,0.000000,-5.309745,-12.049220,0,8,20.660780,0.112025,0,0
28.550560,-17.062060,219.837900,669.320400,0,0,0,0,0,0,0.000000,0.000000,0.000000,0.000000,0.501097,0.000000,0.000000,0.000000,0.000000,0.917602,-0.397500,0.000001,0.934795,-0.355187,0.000000,-5.407845,-12.140920,0,8,20.686210,0.112025,0,0
28.560560,-17.053670,219.782900,669.519800,0,0,0,0,0,0,0.000000,0.000000,0.000000,0.000000,0.501097,0.000000,0.000000,0.000000,0.000000,0.917602,-0.397500,0.000001,0.934795,-0.355187,0.000000,-5.505945,-12.232620,0,8,20.712070,0.112025,0,0
28.570560,-17.045290,219.726800,669.719300,0,0,0,0,0,0,0.000000,0.000000,0.000000,0.000000,0.501097,0.000000,0.000000,0.000000,0.000000,0.917602,-0.397500,0.000001,0.934795,-0.355187,0.000000,-5.604045,-12.324330,0,8,20.738370,0.112025,0,0
28.580560,-17.036900,219.669800,669.918800,0,0,0,0,0,0,0.000000,0.000000,0.000000,0.000000,0.501097,0.000000,0.000000,0.000000,0.000000,0.917602,-0.397500,0.000001,0.934795,-0.355187,0.000000,-5.702146,-12.416030,0,8,20.765090,0.112025,0,0
28.590560,-17.028510,219.611800,670.118200,0,0,0,0,0,0,0.000000,0.000000,0.000000,0.000000,0.501097,0.000000,0.000000,0.000000,0.000000,0.917602,-0.397500,0.000001,0.934795,-0.355187,0.000000,-5.800246,-12.507730,0,8,20.792240,0.112025,0,0
28.600560,-17.020120,219.552800,670.317700,0,0,0,0,0,0,0.000000,0.000000,0.000000,0.000000,0.501097,0.000000,0.000000,0.000000,0.000000,0.917602,-0.397500,0.000001,0.934795,-0.355187,0.000000,-5.898346,-12.599440,0,8,20.819820,0.112025,0,0
28.610560,-17.011730,219.492800,670.517200,0,0,0,0,0,0,0.000000,0.000000,0.000000,0.000000,0.501097,0.000000,0.000000,0.000000,0.000000,0.917602,-0.397500,0.000001,0.934795,-0.355187,0.000000,-5.996446,-12.691140,0,8,20.847820,0.112025,0,0
28.620560,-17.003340,219.431900,670.716600,0,0,0,0,0,0,0.000000,0.000000,0.000000,0.000000,0.501097,0.000000,0.000000,0.000000,0.000000,0.917602,-0.397500,0.000001,0.934795,-0.355187,0.000000,-6.094546,-12.782840,0,8,20.876250,0.112025,0,0
28.630560,-16.994960,219.370000,670.916100,0,0,0,0,0,0,0.000000,0.000000,0.000000,0.000000,0.501097,0.000000,0.000000,0.000000,0.000000,0.917602,-0.397500,0.000001,0.934795,-0.355187,0.000000,-6.192647,-12.874550,0,8,20.905100,0.112025,0,0
28.640560,-16.986570,219.307100,671.115500,0,0,0,0,0,0,0.000000,0.000000,0.000000,0.000000,0.501097,0.000000,0.000000,0.000000,0.000000,0.917602,-0.397500,0.000001,0.934795,-0.355187,0.000000,-6.290747,-12.966250,0,8,20.934370,0.112025,0,0
28.650560,-16.978180,219.243200,671.315000,0,0,0,0,0,0,0.000000,0.000000,0.000000,0.000000,0.501097,0.000000,0.000000,0.000000,0.000000,0.917602,-0.397500,0.000001,0.934795,-0.355187,0.000000,-6.388847,-13.057950,0,8,20.964060,0.112025,0,0
28.660560,-16.969790,219.178300,671.514500,0,0,0,0,0,0,0.000000,0.000000,0.000000,0.000000,0.501097,0.000000,0.000000,0.000000,0.000000,0.917602,-0.397500,0.000001,0.934795,-0.355187,0.000000,-6.486947,-13.149660,0,8,20.994160,0.112025,0,0
28.670560,-16.961400,219.112500,671.713900,0,0,0,0,0,0,0.000000,0.000000,0.000000,0.000000,0.501097,0.000000,0.000000,0.000000,0.000000,0.917602,-0.397500,0.000001,0.934795,-0.355187,0.000000,-6.585047,-13.241360,0,8,21.024680,0.112025,0,0
28.680560,-16.953010,219.045600,671.913400,0,0,0,0,0,0,0.000000,0.000000,0.000000,0.000000,0.501097,0.000000,0.000000,0.000000,0.000000,0.917602,-0.397500,0.000001,0.934795,-0.355187,0.000000,-6.683147,-13.333070,0,8,21.055610,0.112025,0,0
28.690560,-16.944620,218.977800,672.112900,0,0,0,0,0,0,0.000000,0.000000,0.000000,0.000000,0.501097,0.000000,0.000000,0.000000,0.000000,0.917602,-0.397500,0.000001,0.934795,-0.355187,0.000000,-6.781248,-13.424770,0,8,21.086960,0.112025,0,0
28.700560,-16.936240,218.909000,672.312300,0,0,0,0,0,0,0.000000,0.000000,0.000000,0.000000,0.501097,0.000000,0.000000,0.000000,0.000000,0.917602,-0.397500,0.000001,0.934795,-0.355187,0.000000,-6.879348,-13.516470,0,8,21.118710,0.112025,0,0
28.710560,-16.927850,218.839200,672.511800,0,0,0,0,0,0,0.000000,0.000000,0.000000,0.000000,0.501097,0.000000,0.000000,0.000000,0.000000,0.917602,-0.397500,0.000001,0.934795,-0.355187,0.000000,-6.977448,-13.608180,0,8,21.150870,0.112025,0,0
28.720560,-16.919460,218.768500,672.711200,0,0,0,0,0,0,0.000000,0.000000,0.000000,0.000000,0.501097,0.000000,0.000000,0.000000,0.000000,0.917602,-0.397500,0.000001,0.934795,-0.355187,0.000000,-7.075548,-13.699880,0,8,21.183430,0.112025,0,0
28.730560,-16.911070,218.696800,672.910700,0,0,0,0,0,0,0.000000,0.000000,0.000000,0.000000,0.501097,0.000000,0.000000,0.000000,0.000000,0.917602,-0.397500,0.000001,0.934795,-0.355187,0.000000,-7.173648,-13.791580,0,8,21.216400,0.112025,0,0
28.740560,-16.902680,218.624000,673.110200,0,0,0,0,0,0,0.000000,0.000000,0.000000,0.000000,0.501097,0.000000,0.000000,0.000000,0.000000,0.917602,-0.397500,0.000001,0.934795,-0.355187,0.000000,-7.271749,-13.883290,0,8,21.249770,0.112025,0,0
28.750560,-16.894290,218.550300,673.309600,0,0,0,0,0,0,0.000000,0.000000,0.000000,0.000000,0.501097,0.000000,0.000000,0.000000,0.000000,0.917602,-0.397500,0.000001,0.934795,-0.355187,0.000000,-7.369849,-13.974990,0,8,21.283540,0.112025,0,0
28.760560,-16.885900,218.475700,673.509100,0,0,0,0,0,0,0.000000,0.000000,0.000000,0.000000,0.501097,0.000000,0.000000,0.000000,0.000000,0.917602,-0.397500,0.000001,0.934795,-0.355187,0.000000,-7.467949,-14.066690,0,8,21.317710,0.112025,0,0
28.770560,-16.877520,218.400000,673.708600,0,0,0,0,0,0,0.000000,0.000000,0.000000,0.000000,0.501097,0.000000,0.000000,0.000000,0.000000,0.917602,-0.397500,0.000001,0.934795,-0.355187,0.000000,-7.566049,-14.158400,0,8,21.352270,0.112025,0,0
28.780560,-16.869130,218.323400,673.908000,0,0,0,0,0,0,0.000000,0.000000,0.000000,0.000000,0.501097,0.000000,0.000000,0.000000,0.000000,0.917602,-0.397500,0.000001,0.934795,-0.355187,0.000000,-7.664149,-14.250100,0,8,21.387230,0.112025,0,0
28.790560,-16.860740,218.245700,674.107500,0,0,0,0,0,0,0.000000,0.000000,0.000000,0.000000,0.501097,0.000000,0.000000,0.000000,0.000000,0.917602,-0.397500,0.000001,0.934795,-0.355187,0.000000,-7.762249,-14.341800,0,8,21.422580,0.112025,0,0
28.800560,-16.852350,218.167100,674.306900,0,0,0,0,0,0,0.000000,0.000000,0.000000,0.000000,0.501097,0.000000,0.000000,0.000000,0.000000,0.917602,-0.397500,0.000001,0.934795,-0.355187,0.000000,-7.860350,-14.433510,0,8,21.458320,0.112025,0,0
28.810560,-16.843960,218.087600,674.506400,0,0,0,0,0,0,0.000000,0.000000,0.000000,0.000000,0.501097,0.000000,0.000000,0.000000,0.000000,0.917602,-0.397500,0.000001,0.934795,-0.355187,0.000000,-7.958450,-14.525210,0,8,21.494450,0.112025,0,0
28.820560,-16.835570,218.007000,674.705900,0,0,0,0,0,0,0.000000,0.000000,0.000000,0.000000,0.501097,0.000000,0.000000,0.000000,0.000000,0.917602,-0.397500,0.000001,0.934795,-0.355187,0.000000,-8.056550,-14.616920,0,8,21.530960,0.112025,0,0
28.830560,-16.827180,217.925400,674.905300,0,0,0,0,0,0,0.000000,0.000000,0.000000,0.000000,0.501097,0.000000,0.000000,0.000000,0.000000,0.917602,-0.397500,0.000001,0.934795,-0.355187,0.000000,-8.154650,-14.708620,0,8,21.567860,0.112024,0,0
28.840560,-16.818800,217.842900,675.104800,0,0,0,0,0,0,0.000000,0.000000,0.000000,0.000000,0.501097,0.000000,0.000000,0.000000,0.000000,0.917602,-0.397500,0.000001,0.934795,-0.355187,0.000000,-8.252749,-14.800320,0,8,21.605150,0.112024,0,0
28.850560,-16.810410,217.759400,675.304300,0,0,0,0,0,0,0.000000,0.000000,0.000000,0.000000,0.501097,0.000000,0.000000,0.000000,0.000000,0.917602,-0.397500,0.000001,0.934795,-0.355187,0.000000,-8.350849,-14.892020,0,8,21.642810,0.112024,0,0
28.860570,-16.802020,217.674900,675.503700,0,0,0,0,0,0,0.000000,0.000000,0.000000,0.000000,0.501097,0.000000,0.000000,0.000000,0.000000,0.917602,-0.397500,0.000001,0.934795,-0.355187,0.000000,-8.448949,-14.983730,0,8,21.680850,0.112024,0,0
28.870570,-16.793630,217.589400,675.703200,0,0,0,0,0,0,0.000000,0.000000,0.000000,0.000000,0.501097,0.000000,0.000000,0.000000,0.000000,0.917602,-0.397500,0.000001,0.934795,-0.355187,0.000000,-8.547049,-15.075430,0,8,21.719260,0.112024,0,0
28.880570,-16.785240,217.503000,675.902600,0,0,0,0,0,0,0.000000,0.000000,0.000000,0.000000,0.501097,0.000000,0.000000,0.000000,0.000000,0.917602,-0.397500,0.000001,0.934795,-0.355187,0.000000,-8.645148,-15.167130,0,8,21.758060,0.112024,0,0
28.890570,-16.776850,217.415600,676.102100,0,0,0,0,0,0,0.000000,0.000000,0.000000,0.000000,0.501097,0.000000,0.000000,0.000000,0.000000,0.917602,-0.397500,0.000001,0.934795,-0.355187,0.000000,-8.743248,-15.258840,0,8,21.797220,0.112024,0,0
28.900570,-16.768470,217.327100,676.301600,0,0,0,0,0,0,0.000000,0.000000,0.000000,0.000000,0.501097,0.000000,0.000000,0.000000,0.000000,0.917602,-0.397500,0.000001,0.934795,-0.355187,0.000000,-8.841348,-15.350540,0,8,21.836760,0.112024,0,0
28.910570,-16.760080,217.237700,676.501000,0,0,0,0,0,0,0.000000,0.000000,0.000000,0.000000,0.501097,0.000000,0.000000,0.000000,0.000000,0.917602,-0.397500,0.000001,0.934795,-0.355187,0.000000,-8.939447,-15.442240,0,8,21.876660,0.112024,0,0
28.920570,-16.751690,217.147400,676.700500,0,0,0,0,0,0,0.000000,0.000000,0.000000,0.000000,0.501097,0.000000,0.000000,0.000000,0.000000,0.917602,-0.397500,0.000001,0.934795,-0.355187,0.000000,-9.037547,-15.533950,0,8,21.916930,0.112024,0,0
28.930570,-16.743300,217.056000,676.900000,0,0,0,0,0,0,0.000000,0.000000,0.000000,0.000000,0.501097,0.000000,0.000000,0.000000,0.000000,0.917602,-0.397500,0.000001,0.934795,-0.355187,0.000000,-9.135647,-15.625650,0,8,21.957560,0.112024,0,0
28.940570,-16.734910,216.963700,677.099400,0,0,0,0,0,0,0.000000,0.000000,0.000000,0.000000,0.501097,0.000000,0.000000,0.000000,0.000000,0.917602,-0.397500,0.000001,0.934795,-0.355187,0.000000,-9.233747,-15.717350,0,8,21.998560,0.112024,0,0
28.950570,-16.726520,216.870400,677.298900,0,0,0,0,0,0,0.000000,0.000000,0.000000,0.000000,0.501097,0.000000,0.000000,0.000000,0.000000,0.917602,-0.397500,0.000001,0.934795,-0.355187,0.000000,-9.331846,-15.809060,0,8,22.039910,0.112024,0,0
28.960570,-16.718130,216.776100,677.498400,0,0,0,0,0,0,0.000000,0.000000,0.000000,0.000000,0.501097,0.000000,0.000000,0.000000,0.000000,0.917602,-0.397500,0.000001,0.934795,-0.355187,0.000000,-9.429946,-15.900760,0,8,22.081630,0.112024,0,0
28.970570,-16.709750,216.680800,677.697800,0,0,0,0,0,0,0.000000,0.000000,0.000000,0.000000,0.501097,0.000000,0.000000,0.000000,0.000000,0.917602,-0.397500,0.000001,0.934795,-0.355187,0.000000,-9.528046,-15.992460,0,8,22.123700,0.112024,0,0
28.980570,-16.701360,216.584500,677.897300,0,0,0,0,0,0,0.000000,0.000000,0.000000,0.000000,0.501097,0.000000,0.000000,0.000000,0.000000,0.917602,-0.397500,0.000001,0.934795,-0.355187,0.000000,-9.626145,-16.084170,0,8,22.166130,0.112024,0,0
28.990570,-16.692970,216.487300,678.096700,0,0,0,0,0,0,0.000000,0.000000,0.000000,0.000000,0.501097,0.000000,0.000000,0.000000,0.000000,0.917602,-0.397500,0.000001,0.934795,-0.355187,0.000000,-9.724245,-16.175870,0,8,22.208900,0.112024,0,0
29.000570,-16.684580,216.389100,678.296200,0,0,0,0,0,0,0.000000,0.000000,0.000000,0.000000,0.501097,0.000000,0.000000,0.000000,0.000000,0.917602,-0.397500,0.000001,0.934795,-0.355187,0.000000,-9.822345,-16.267570,0,8,22.252030,0.112024,0,0
29.010570,-16.676190,216.289900,678.495700,0,0,0,0,0,0,0.000000,0.000000,0.000000,0.000000,0.501097,0.000000,0.000000,0.000000,0.000000,0.917602,-0.397500,0.000001,0.934795,-0.355187,0.000000,-9.920444,-16.359280,0,8,22.295510,0.112024,0,0
29.020570,-16.667800,216.189700,678.695100,0,0,0,0,0,0,0.000000,0.000000,0.000000,0.000000,0.501097,0.000000,0.000000,0.000000,0.000000,0.917602,-0.397500,0.000001,0.934795,-0.355187,0.000000,-10.018540,-16.450980,0,8,22.339330,0.112024,0,0
29.030570,-16.659410,216.088500,678.894600,0,0,0,0,0,0,0.000000,0.000000,0.000000,0.000000,0.501097,0.000000,0.000000,0.000000,0.000000,0.917602,-0.397500,0.000001,0.934795,-0.355187,0.000000,-10.116640,-16.542680,0,8,22.383500,0.112024,0,0
29.040570,-16.651030,215.986400,679.094100,0,0,0,0,0,0,0.000000,0.000000,0.000000,0.000000,0.501097,0.000000,0.000000,0.000000,0.000000,0.917602,-0.397500,0.000001,0.934795,-0.355187,0.000000,-10.214740,-16.634380,0,8,22.428010,0.112024,0,0
29.050570,-16.642640,215.883200,679.293500,0,0,0,0,0,0,0.000000,0.000000,0.000000,0.000000,0.501097,0.000000,0.000000,0.000000,0.000000,0.917602,-0.397500,0.000001,0.934795,-0.355187,0.000000,-10.312840,-16.726090,0,8,22.472850,0.112024,0,0
29.060570,-16.634250,215.779100,679.493000,0,0,0,0,0,0,0.000000,0.000000,0.000000,0.000000,0.501097,0.000000,0.000000,0.000000,0.000000,0.917602,-0.397500,0.000001,0.934795,-0.355187,0.000000,-10.410940,-16.817790,0,8,22.518040,0.112024,0,0
29.070570,-16.625860,215.674000,679.692400,0,0,0,0,0,0,0.000000,0.000000,0.000000,0.000000,0.501097,0.000000,0.000000,0.000000,0.000000,0.917602,-0.397500,0.000001,0.934795,-0.355187,0.000000,-10.509040,-16.909490,0,8,22.563560,0.112024,0,0
29.080570,-16.617470,215.568000,679.891900,0,0,0,0,0,0,0.000000,0.000000,0.000000,0.000000,0.501097,0.000000,0.000000,0.000000,0.000000,0.917602,-0.397500,0.000001,0.934795,-0.355187,0.000000,-10.607140,-17.001200,0,8,22.609420,0.112024,0,0
29.090570,-16.609080,215.460900,680.091400,0,0,0,0,0,0,0.000000,0.000000,0.000000,0.000000,0.501097,0.000000,0.000000,0.000000,0.000000,0.917602,-0.397500,0.000001,0.934795,-0.355187,0.000000,-10.705240,-17.092900,0,8,22.655610,0.112024,0,0
29.100570,-16.600690,215.352900,680.290800,0,0,0,0,0,0,0.000000,0.000000,0.000000,0.000000,0.501097,0.000000,0.000000,0.000000,0.000000,0.917602,-0.397500,0.000001,0.934795,-0.355187,0.000000,-10.803340,-17.184600,0,8,22.702130,0.112024,0,0
29.110570,-16.592310,215.243900,680.490300,0,0,0,0,0,0,0.000000,0.000000,0.000000,0.000000,0.501097,0.000000,0.000000,0.000000,0.000000,0.917602,-0.397500,0.000001,0.934795,-0.355187,0.000000,-10.901440,-17.276310,0,8,22.748980,0.112024,0,0
29.120570,-16.583920,215.133900,680.689800,0,0,0,0,0,0,0.000000,0.000000,0.000000,0.000000,0.501097,0.000000,0.000000,0.000000,0.000000,0.917602,-0.397500,0.000001,0.934795,-0.355187,0.000000,-10.999540,-17.368010,0,8,22.796150,0.112024,0,0
29.130570,-16.575530,215.022900,680.889200,0,0,0,0,0,0,0.000000,0.000000,0.000000,0.000000,0.501097,0.000000,0.000000,0.000000,0.000000,0.917602,-0.397500,0.000001,0.934795,-0.355187,0.000000,-11.097640,-17.459710,0,8,22.843640,0.112024,0,0
29.140570,-16.567140,214.910900,681.088700,0,0,0,0,0,0,0.000000,0.000000,0.000000,0.000000,0.501097,0.000000,0.000000,0.000000,0.000000,0.917602,-0.397500,0.000001,0.934795,-0.355187,0.000000,-11.195740,-17.551420,0,8,22.891460,0.112024,0,0
29.150570,-16.558750,214.798000,681.288100,0,0,0,0,0,0,0.000000,0.000000,0.000000,0.000000,0.501097,0.000000,0.000000,0.000000,0.000000,0.917602,-0.397500,0.000001,0.934795,-0.355187,0.000000,-11.293840,-17.643120,0,8,22.939600,0.112024,0,0
29.160570,-16.550360,214.684100,681.487600,0,0,0,0,0,0,0.000000,0.000000,0.000000,0.000000,0.501097,0.000000,0.000000,0.000000,0.000000,0.917602,-0.397500,0.000001,0.934795,-0.355187,0.000000,-11.391940,-17.734820,0,8,22.988060,0.112024,0,0
29.170570,-16.541980,214.569200,681.687100,0,0,0,0,0,0,0.000000,0.000000,0.000000,0.000000,0.501097,0.000000,0.000000,0.000000,0.000000,0.917602,-0.397500,0.000001,0.934795,-0.355187,0.000000,-11.490040,-17.826520,0,8,23.036830,0.112024,0,0
29.180570,-16.533590,214.453300,681.886500,0,0,0,0,0,0,0.000000,0.000000,0.000000,0.000000,0.501097,0.000000,0.000000,0.000000,0.000000,0.917602,-0.397500,0.000001,0.934795,-0.355187,0.000000,-11.588140,-17.918230,0,8,23.085910,0.112024,0,0
29.190570,-16.525200,214.336400,682.086000,0,0,0,0,0,0,0.000000,0.000000,0.000000,0.000000,0.501097,0.000000,0.000000,0.000000,0.000000,0.917602,-0.397500,0.000001,0.934795,-0.355187,0.000000,-11.686240,-18.009930,0,8,23.135310,0.112024,0,0
29.200570,-16.516810,214.218600,682.285500,0,0,0,0,0,0,0.000000,0.000000,0.000000,0.000000,0.501097,0.000000,0.000000,0.000000,0.000000,0.917602,-0.397500,0.000001,0.934795,-0.355187,0.000000,-11.784340,-18.101630,0,8,23.185020,0.112024,0,0
29.210570,-16.508420,214.099800,682.484900,0,0,0,0,0,0,0.000000,0.000000,0.000000,0.000000,0.501097,0.000000,0.000000,0.000000,0.000000,0.917602,-0.397500,0.000001,0.934795,-0.355187,0.000000,-11.882440,-18.193340,0,8,23.235030,0.112024,0,0
29.220570,-16.500030,213.979900,682.684400,0,0,0,0,0,0,0.000000,0.000000,0.000000,0.000000,0.501097,0.000000,0.000000,0.000000,0.000000,0.917602,-0.397500,0.000001,0.934795,-0.355187,0.000000,-11.980540,-18.285040,0,8,23.285350,0.112024,0,0
29.230570,-16.491640,213.859200,682.883900,0,0,0,0,0,0,0.000000,0.000000,0.000000,0.000000,0.501097,0.000000,0.000000,0.000000,0.000000,0.917602,-0.397500,0.000001,0.934795,-0.355187,0.000000,-12.078640,-18.376740,0,8,23.335980,0.112024,0,0
29.240570,-16.483260,213.737400,683.083300,0,0,0,0,0,0,0.000000,0.000000,0.000000,0.000000,0.501097,0.000000,0.000000,0.000000,0.000000,0.917602,-0.397500,0.000001,0.934795,-0.355187,0.000000,-12.176740,-18.468450,0,8,23.386910,0.112024,0,0
29.250570,-16.474870,213.614700,683.282800,0,0,0,0,0,0,0.000000,0.000000,0.000000,0.000000,0.501097,0.000000,0.000000,0.000000,0.000000,0.917602,-0.397500,0.000001,0.934795,-0.355187,0.000000,-12.274840,-18.560150,0,8,23.438130,0.112024,0,0
29.260570,-16.466480,213.490900,683.482200,0,0,0,0,0,0,0.000000,0.000000,0.000000,0.000000,0.501097,0.000000,0.000000,0.000000,0.000000,0.917602,-0.397500,0.000001,0.934795,-0.355187,0.000000,-12.372940,-18.651850,0,8,23.489660,0.112024,0,0
29.270570,-16.458090,213.366200,683.681700,0,0,0,0,0,0,0.000000,0.000000,0.000000,0.000000,0.501097,0.000000,0.000000,0.000000,0.000000,0.917602,-0.397500,0.000001,0.934795,-0.355187,0.000000,-12.471040,-18.743560,0,8,23.541480,0.112024,0,0
29.280570,-16.449700,213.240500,683.881200,0,0,0,0,0,0,0.000000,0.000000,0.000000,0.000000,0.501097,0.000000,0.000000,0.000000,0.000000,0.917602,-0.397500,0.000001,0.934795,-0.355187,0.000000,-12.569140,-18.835260,0,8,23.593590,0.112024,0,0
29.290580,-16.441310,213.113800,684.080600,0,0,0,0,0,0,0.000000,0.000000,0.000000,0.000000,0.501097,0.000000,0.000000,0.000000,0.000000,0.917602,-0.397500,0.000001,0.934795,-0.355187,0.000000,-12.667240,-18.926960,0,8,23.646000,0.112024,0,0
29.300580,-16.432920,212.986200,684.280100,0,0,0,0,0,0,0.000000,0.000000,0.000000,0.000000,0.501097,0.000000,0.000000,0.000000,0.000000,0.917602,-0.397500,0.000001,0.934795,-0.355187,0.000000,-12.765340,-19.018670,0,8,23.698700,0.112024,0,0
29.310580,-16.424540,212.857600,684.479600,0,0,0,0,0,0,0.000000,0.000000,0.000000,0.000000,0.501097,0.000000,0.000000,0.000000,0.000000,0.917602,-0.397500,0.000001,0.934795,-0.355187,0.000000,-12.863440,-19.110370,0,8,23.751680,0.112024,0,0
29.320580,-16.416150,212.728000,684.679000,0,0,0,0,0,0,0.000000,0.000000,0.000000,0.000000,0.501097,0.000000,0.000000,0.000000,0.000000,0.917602,-0.397500,0.000001,0.934795,-0.355187,0.000000,-12.961540,-19.202070,0,8,23.804950,0.112024,0,0
29.330580,-16.407760,212.597400,684.878500,0,0,0,0,0,0,0.000000,0.000000,0.000000,0.000000,0.501097,0.000000,0.000000,0.000000,0.000000,0.917602,-0.397500,0.000001,0.934795,-0.355187,0.000000,-13.059640,-19.293780,0,8,23.858510,0.112024,0,0
29.340580,-16.399370,212.465800,685.077900,0,0,0,0,0,0,0.000000,0.000000,0.000000,0.000000,0.501097,0.000000,0.000000,0.000000,0.000000,0.917602,-0.397500,0.000001,0.934795,-0.355187,0.000000,-13.157730,-19.385480,0,8,23.912350,0.112024,0,0
29.350580,-16.390980,212.333200,685.277400,0,0,0,0,0,0,0.000000,0.000000,0.000000,0.000000,0.501097,0.000000,0.000000,0.000000,0.000000,0.917602,-0.397500,0.000001,0.934795,-0.355187,0.000000,-13.255830,-19.477180,0,8,23.966470,0.112024,0,0
29.360580,-16.382590,212.199700,685.476900,0,0,0,0,0,0,0.000000,0.000000,0.000000,0.000000,0.501097,0.000000,0.000000,0.000000,0.000000,0.917602,-0.397500,0.000001,0.934795,-0.355187,0.000000,-13.353930,-19.568890,0,8,24.020870,0.112024,0,0
29.370580,-16.374200,212.065200,685.676300,0,0,0,0,0,0,0.000000,0.000000,0.000000,0.000000,0.501097,0.000000,0.000000,0.000000,0.000000,0.917602,-0.397500,0.000001,0.934795,-0.355187,0.000000,-13.452030,-19.660590,0,8,24.075540,0.112024,0,0
29.380580,-16.365820,211.929700,685.875800,0,0,0,0,0,0,0.000000,0.000000,0.000000,0.000000,0.501097,0.000000,0.000000,0.000000,0.000000,0.917602,-0.397500,0.000001,0.934795,-0.355187,0.000000,-13.550130,-19.752290,0,8,24.130490,0.112024,0,0
29.390580,-16.357430,211.793200,686.075300,0,0,0,0,0,0,0.000000,0.000000,0.000000,0.000000,0.501097,0.000000,0.000000,0.000000,0.000000,0.917602,-0.397500,0.000001,0.934795,-0.355187,0.000000,-13.648230,-19.843990,0,8,24.185710,0.112024,0,0
29.400580,-16.349040,211.655700,686.274700,0,0,0,0,0,0,0.000000,0.000000,0.000000,0.000000,0.501097,0.000000,0.000000,0.000000,0.000000,0.917602,-0.397500,0.000001,0.934795,-0.355187,0.000000,-13.746330,-19.935700,0,8,24.241210,0.112024,0,0
29.410580,-16.340650,211.517300,686.474200,0,0,0,0,0,0,0.000000,0.000000,0.000000,0.000000,0.501097,0.000000,0.000000,0.000000,0.000000,0.917602,-0.397500,0.000001,0.934795,-0.355187,0.000000,-13.844430,-20.027400,0,8,24.296970,0.112024,0,0
29.420580,-16.332260,211.377800,686.673600,0,0,0,0,0,0,0.000000,0.000000,0.000000,0.000000,0.501097,0.000000,0.000000,0.000000,0.000000,0.917602,-0.397500,0.000001,0.934795,-0.355187,0.000000,-13.942530,-20.119100,0,8,24.353000,0.112024,0,0
29.430580,-16.323870,211.237400,686.873100,0,0,0,0,0,0,0.000000,0.000000,0.000000,0.000000,0.501097,0.000000,0.000000,0.000000,0.000000,0.917602,-0.397500,0.000001,0.934795,-0.355187,0.000000,-14.040630,-20.210810,0,8,24.409300,0.112024,0,0
29.440580,-16.315490,211.096000,687.072600,0,0,0,0,0,0,0.000000,0.000000,0.000000,0.000000,0.501097,0.000000,0.000000,0.000000,0.000000,0.917602,-0.397500,0.000001,0.934795,-0.355187,0.000000,-14.138730,-20.302510,0,8,24.465860,0.112024,0,0
29.450580,-16.307100,210.953700,687.272000,0,0,0,0,0,0,0.000000,0.000000,0.000000,0.000000,0.501097,0.000000,0.000000,0.000000,0.000000,0.917602,-0.397500,0.000001,0.934795,-0.355187,0.000000,-14.236830,-20.394210,0,8,24.522680,0.112024,0,0
29.460580,-16.298710,210.810300,687.471500,0,0,0,0,0,0,0.000000,0.000000,0.000000,0.000000,0.501097,0.000000,0.000000,0.000000,0.000000,0.917602,-0.397500,0.000001,0.934795,-0.355187,0.000000,-14.334930,-20.485920,0,8,24.579760,0.112024,0,0
29.470580,-16.290320,210.666000,687.671000,0,0,0,0,0,0,0.000000,0.000000,0.000000,0.000000,0.501097,0.000000,0.000000,0.000000,0.000000,0.917602,-0.397500,0.000001,0.934795,-0.355187,0.000000,-14.433030,-20.577620,0,8,24.637100,0.112024,0,0
29.480580,-16.281930,210.520700,687.870400,0,0,0,0,0,0,0.000000,0.000000,0.000000,0.000000,0.501097,0.000000,0.000000,0.000000,0.000000,0.917602,-0.397500,0.000001,0.934795,-0.355187,0.000000,-14.531130,-20.669320,0,8,24.694700,0.112024,0,0
29.490580,-16.273540,210.374400,688.069900,0,0,0,0,0,0,0.000000,0.000000,0.000000,0.000000,0.501097,0.000000,0.000000,0.000000,0.000000,0.917602,-0.397500,0.000001,0.934795,-0.355187,0.000000,-14.629230,-20.761030,0,8,24.752550,0.112024,0,0
29.500580,-16.265150,210.227100,688.269300,0,0,0,0,0,0,0.000000,0.000000,0.000000,0.000000,0.501097,0.000000,0.000000,0.000000,0.000000,0.917602,-0.397500,0.000001,0.934795,-0.355187,0.000000,-14.727330,-20.852730,0,8,24.810660,0.112024,0,0
29.510580,-16.256770,210.078900,688.468800,0,0,0,0,0,0,0.000000,0.000000,0.000000,0.000000,0.501097,0.000000,0.000000,0.000000,0.000000,0.917602,-0.397500,0.000001,0.934795,-0.355187,0.000000,-14.825430,-20.944430,0,8,24.869010,0.112024,0,0
29.520580,-16.248380,209.929600,688.668300,0,0,0,0,0,0,0.000000,0.000000,0.000000,0.000000,0.501097,0.000000,0.000000,0.000000,0.000000,0.917602,-0.397500,0.000001,0.934795,-0.355187,0.000000,-14.923530,-21.036130,0,8,24.927620,0.112024,0,0
29.530580,-16.239990,209.779400,688.867700,0,0,0,0,0,0,0.000000,0.000000,0.000000,0.000000,0.501097,0.000000,0.000000,0.000000,0.000000,0.917602,-0.397500,0.000001,0.934795,-0.355187,0.000000,-15.021630,-21.127840,0,8,24.986470,0.112024,0,0
29.540580,-16.231600,209.628200,689.067200,0,0,0,0,0,0,0.000000,0.000000,0.000000,0.000000,0.501097,0.000000,0.000000,0.000000,0.000000,0.917602,-0.397500,0.000001,0.934795,-0.355187,0.000000,-15.119730,-21.219540,0,8,25.045570,0.112024,0,0
29.550580,-16.223210,209.476000,689.266700,0,0,0,0,0,0,0.000000,0.000000,0.000000,0.000000,0.501097,0.000000,0.000000,0.000000,0.000000,0.917602,-0.397500,0.000001,0.934795,-0.355187,0.000000,-15.217830,-21.311240,0,8,25.104920,0.112024,0,0
29.560580,-16.214820,209.322900,689.466100,0,0,0,0,0,0,0.000000,0.000000,0.000000,0.000000,0.501097,0.000000,0.000000,0.000000,0.000000,0.917602,-0.397500,0.000001,0.934795,-0.355187,0.000000,-15.315930,-21.402950,0,8,25.164500,0.112024,0,0
29.570580,-16.206430,209.168700,689.665600,0,0,0,0,0,0,0.000000,0.000000,0.000000,0.000000,0.501097,0.000000,0.000000,0.000000,0.000000,0.917602,-0.397500,0.000001,0.934795,-0.355187,0.000000,-15.414030,-21.494650,0,8,25.224330,0.112024,0,0
29.580580,-16.198050,209.013600,689.865100,0,0,0,0,0,0,0.000000,0.000000,0.000000,0.000000,0.501097,0.000000,0.000000,0.000000,0.000000,0.917602,-0.397500,0.000001,0.934795,-0.355187,0.000000,-15.512130,-21.586350,0,8,25.284390,0.112024,0,0
29.590580,-16.189660,208.857500,690.064500,0,0,0,0,0,0,0.000000,0.000000,0.000000,0.000000,0.501097,0.000000,0.000000,0.000000,0.000000,0.917602,-0.397500,0.000001,0.934795,-0.355187,0.000000,-15.610230,-21.678060,0,8,25.344700,0.112024,0,0
29.600580,-16.181270,208.700400,690.264000,0,0,0,0,0,0,0.000000,0.000000,0.000000,0.000000,0.501097,0.000000,0.000000,0.000000,0.000000,0.917602,-0.397500,0.000001,0.934795,-0.355187,0.000000,-15.708330,-21.769760,0,8,25.405240,0.112024,0,0
29.610580,-16.172880,208.542400,690.463400,0,0,0,0,0,0,0.000000,0.000000,0.000000,0.000000,0.501097,0.000000,0.000000,0.000000,0.000000,0.917602,-0.397500,0.000001,0.934795,-0.355187,0.000000,-15.806430,-21.861460,0,8,25.466010,0.112024,0,0
29.620580,-16.164490,208.383300,690.662900,0,0,0,0,0,0,0.000000,0.000000,0.000000,0.000000,0.501097,0.000000,0.000000,0.000000,0.000000,0.917602,-0.397500,0.000001,0.934795,-0.355187,0.000000,-15.904530,-21.953170,0,8,25.527010,0.112024,0,0
29.630580,-16.156100,208.223300,690.862400,0,0,0,0,0,0,0.000000,0.000000,0.000000,0.000000,0.501097,0.000000,0.000000,0.000000,0.000000,0.917602,-0.397500,0.000001,0.934795,-0.355187,0.000000,-16.002630,-22.044870,0,8,25.588250,0.112024,0,0
29.640580,-16.147710,208.062300,691.061800,0,0,0,0,0,0,0.000000,0.000000,0.000000,0.000000,0.501097,0.000000,0.000000,0.000000,0.000000,0.917602,-0.397500,0.000001,0.934795,-0.355187,0.000000,-16.100730,-22.136570,0,8,25.649710,0.112026,0,0
29.650580,-16.139330,207.900300,691.261300,0,0,0,0,0,0,0.000000,0.000000,0.000000,0.000000,0.501097,0.000000,0.000000,0.000000,0.000000,0.917602,-0.397500,0.000001,0.934795,-0.355187,0.000000,-16.198830,-22.228280,0,8,25.711410,0.112026,0,0
29.660580,-16.130940,207.737300,691.460800,0,0,0,0,0,0,0.000000,0.000000,0.000000,0.000000,0.501097,0.000000,0.000000,0.000000,0.000000,0.917602,-0.397500,0.000001,0.934795,-0.355187,0.000000,-16.296930,-22.319980,0,8,25.773320,0.112026,0,0
29.670580,-16.122550,207.573400,691.660200,0,0,0,0,0,0,0.000000,0.000000,0.000000,0.000000,0.501097,0.000000,0.000000,0.000000,0.000000,0.917602,-0.397500,0.000001,0.934795,-0.355187,0.000000,-16.395030,-22.411690,0,8,25.835470,0.112026,0,0
29.680580,-16.114160,207.408400,691.859700,0,0,0,0,0,0,0.000000,0.000000,0.000000,0.000000,0.501097,0.000000,0.000000,0.000000,0.000000,0.917602,-0.397500,0.000001,0.934795,-0.355187,0.000000,-16.493130,-22.503390,0,8,25.897830,0.112026,0,0
29.690580,-16.105770,207.242500,692.059100,0,0,0,0,0,0,0.000000,0.000000,0.000000,0.000000,0.501097,0.000000,0.000000,0.000000,0.000000,0.917602,-0.397500,0.000001,0.934795,-0.355187,0.000000,-16.591230,-22.595090,0,8,25.960420,0.112026,0,0
29.700580,-16.097380,207.075600,692.258600,0,0,0,0,0,0,0.000000,0.000000,0.000000,0.000000,0.501097,0.000000,0.000000,0.000000,0.000000,0.917602,-0.397500,0.000001,0.934795,-0.355187,0.000000,-16.689330,-22.686800,0,8,26.023220,0.112026,0,0
29.710580,-16.088990,206.907800,692.458100,0,0,0,0,0,0,0.000000,0.000000,0.000000,0.000000,0.501097,0.000000,0.000000,0.000000,0.000000,0.917602,-0.397500,0.000001,0.934795,-0.355187,0.000000,-16.787430,-22.778500,0,8,26.086250,0.112026,0,0
29.720580,-16.080610,206.738900,692.657500,0,0,0,0,0,0,0.000000,0.000000,0.000000,0.000000,0.501097,0.000000,0.000000,0.000000,0.000000,0.917602,-0.397500,0.000001,0.934795,-0.355187,0.000000,-16.885530,-22.870210,0,8,26.149490,0.112026,0,0
29.730590,-16.072220,206.569100,692.857000,0,0,0,0,0,0,0.000000,0.000000,0.000000,0.000000,0.501097,0.000000,0.000000,0.000000,0.000000,0.917602,-0.397500,0.000001,0.934795,-0.355187,0.000000,-16.983630,-22.961910,0,8,26.212940,0.112026,0,0
29.740590,-16.063830,206.398300,693.056500,0,0,0,0,0,0,0.000000,0.000000,0.000000,0.000000,0.501097,0.000000,0.000000,0.000000,0.000000,0.917602,-0.397500,0.000001,0.934795,-0.355187,0.000000,-17.081730,-23.053610,0,8,26.276610,0.112026,0,0
29.750590,-16.055440,206.226500,693.255900,0,0,0,0,0,0,0.000000,0.000000,0.000000,0.000000,0.501097,0.000000,0.000000,0.000000,0.000000,0.917602,-0.397500,0.000001,0.934795,-0.355187,0.000000,-17.179830,-23.145320,0,8,26.340480,0.112026,0,0
29.760590,-16.047050,206.053700,693.455400,0,0,0,0,0,0,0.000000,0.000000,0.000000,0.000000,0.501097,0.000000,0.000000,0.000000,0.000000,0.917602,-0.397500,0.000001,0.934795,-0.355187,0.000000,-17.277940,-23.237020,0,8,26.404570,0.112026,0,0
29.770590,-16.038660,205.879900,693.654800,0,0,0,0,0,0,0.000000,0.000000,0.000000,0.000000,0.501097,0.000000,0.000000,0.000000,0.000000,0.917602,-0.397500,0.000001,0.934795,-0.355187,0.000000,-17.376040,-23.328730,0,8,26.468870,0.112026,0,0
29.780590,-16.030280,205.705200,693.854300,0,0,0,0,0,0,0.000000,0.000000,0.000000,0.000000,0.501097,0.000000,0.000000,0.000000,0.000000,0.917602,-0.397500,0.000001,0.934795,-0.355187,0.000000,-17.474140,-23.420430,0,8,26.533370,0.112026,0,0
29.790590,-16.021890,205.529400,694.053800,0,0,0,0,0,0,0.000000,0.000000,0.000000,0.000000,0.501097,0.000000,0.000000,0.000000,0.000000,0.917602,-0.397500,0.000001,0.934795,-0.355187,0.000000,-17.572240,-23.512130,0,8,26.598080,0.112026,0,0
29.800590,-16.013500,205.352800,694.253200,0,0,0,0,0,0,0.000000,0.000000,0.000000,0.000000,0.501097,0.000000,0.000000,0.000000,0.000000,0.917602,-0.397500,0.000001,0.934795,-0.355187,0.000000,-17.670340,-23.603840,0,8,26.662990,0.112026,0,0
29.810590,-16.005110,205.175100,694.452700,0,0,0,0,0,0,0.000000,0.000000,0.000000,0.000000,0.501097,0.000000,0.000000,0.000000,0.000000,0.917602,-0.397500,0.000001,0.934795,-0.355187,0.000000,-17.768440,-23.695540,0,8,26.728110,0.112026,0,0
29.820590,-15.996720,204.996400,694.652200,0,0,0,0,0,0,0.000000,0.000000,0.000000,0.000000,0.501097,0.000000,0.000000,0.000000,0.000000,0.917602,-0.397500,0.000001,0.934795,-0.355187,0.000000,-17.866540,-23.787250,0,8,26.793430,0.112026,0,0
29.830590,-15.988330,204.816800,694.851600,0,0,0,0,0,0,0.000000,0.000000,0.000000,0.000000,0.501097,0.000000,0.000000,0.000000,0.000000,0.917602,-0.397500,0.000001,0.934795,-0.355187,0.000000,-17.964640,-23.878950,0,8,26.858940,0.112026,0,0
29.840590,-15.979940,204.636100,695.051100,0,0,0,0,0,0,0.000000,0.000000,0.000000,0.000000,0.501097,0.000000,0.000000,0.000000,0.000000,0.917602,-0.397500,0.000001,0.934795,-0.355187,0.000000,-18.062740,-23.970650,0,8,26.924650,0.112026,0,0
29.850590,-15.971560,204.454500,695.250500,0,0,0,0,0,0,0.000000,0.000000,0.000000,0.000000,0.501097,0.000000,0.000000,0.000000,0.000000,0.917602,-0.397500,0.000001,0.934795,-0.355187,0.000000,-18.160840,-24.062360,0,8,26.990560,0.112026,0,0
29.860590,-15.963170,204.271900,695.450000,0,0,0,0,0,0,0.000000,0.000000,0.000000,0.000000,0.501097,0.000000,0.000000,0.000000,0.000000,0.917602,-0.397500,0.000001,0.934795,-0.355187,0.000000,-18.258940,-24.154060,0,8,27.056670,0.112026,0,0
29.870590,-15.954780,204.088400,695.649500,0,0,0,0,0,0,0.000000,0.000000,0.000000,0.000000,0.501097,0.000000,0.000000,0.000000,0.000000,0.917602,-0.397500,0.000001,0.934795,-0.355187,0.000000,-18.357040,-24.245770,0,8,27.122970,0.112026,0,0
29.880590,-15.946390,203.903800,695.848900,0,0,0,0,0,0,0.000000,0.000000,0.000000,0.000000,0.501097,0.000000,0.000000,0.000000,0.000000,0.917602,-0.397500,0.000001,0.934795,-0.355187,0.000000,-18.455140,-24.337470,0,8,27.189460,0.112026,0,0
29.890590,-15.938000,203.718300,696.048400,0,0,0,0,0,0,0.000000,0.000000,0.000000,0.000000,0.501097,0.000000,0.000000,0.000000,0.000000,0.917602,-0.397500,0.000001,0.934795,-0.355187,0.000000,-18.553240,-24.429170,0,8,27.256140,0.112026,0,0
29.900590,-15.929610,203.531800,696.247900,0,0,0,0,0,0,0.000000,0.000000,0.000000,0.000000,0.501097,0.000000,0.000000,0.000000,0.000000,0.917602,-0.397500,0.000001,0.934795,-0.355187,0.000000,-18.651340,-24.520880,0,8,27.323010,0.112026,0,0
29.910590,-15.921220,203.344300,696.447300,0,0,0,0,0,0,0.000000,0.000000,0.000000,0.000000,0.501097,0.000000,0.000000,0.000000,0.000000,0.917602,-0.397500,0.000001,0.934795,-0.355187,0.000000,-18.749440,-24.612580,0,8,27.390070,0.112026,0,0
29.920590,-15.912840,203.155800,696.646800,0,0,0,0,0,0,0.000000,0.000000,0.000000,0.000000,0.501097,0.000000,0.000000,0.000000,0.000000,0.917602,-0.397500,0.000001,0.934795,-0.355187,0.000000,-18.847550,-24.704290,0,8,27.457320,0.112026,0,0
29.930590,-15.904450,202.966300,696.846300,0,0,0,0,0,0,0.000000,0.000000,0.000000,0.000000,0.501097,0.000000,0.000000,0.000000,0.000000,0.917602,-0.397500,0.000001,0.934795,-0.355187,0.000000,-18.945650,-24.795990,0,8,27.524750,0.112026,0,0
29.940590,-15.896060,202.775900,697.045700,0,0,0,0,0,0,0.000000,0.000000,0.000000,0.000000,0.501097,0.000000,0.000000,0.000000,0.000000,0.917602,-0.397500,0.000001,0.934795,-0.355187,0.000000,-19.043750,-24.887700,0,8,27.592370,0.112026,0,0
29.950590,-15.887670,202.584500,697.245200,0,0,0,0,0,0,0.000000,0.000000,0.000000,0.000000,0.501097,0.000000,0.000000,0.000000,0.000000,0.917602,-0.397500,0.000001,0.934795,-0.355187,0.000000,-19.141850,-24.979400,0,8,27.660170,0.112026,0,0
29.960590,-15.879280,202.392100,697.444600,0,0,0,0,0,0,0.000000,0.000000,0.000000,0.000000,0.501097,0.000000,0.000000,0.000000,0.000000,0.917602,-0.397500,0.000001,0.934795,-0.355187,0.000000,-19.239950,-25.071100,0,8,27.728150,0.112026,0,0
29.970590,-15.870890,202.198700,697.644100,0,0,0,0,0,0,0.000000,0.000000,0.000000,0.000000,0.501097,0.000000,0.000000,0.000000,0.000000,0.917602,-0.397500,0.000001,0.934795,-0.355187,0.000000,-19.338050,-25.162810,0,8,27.796300,0.112026,0,0
29.980590,-15.862500,202.004300,697.843600,0,0,0,0,0,0,0.000000,0.000000,0.000000,0.000000,0.501097,0.000000,0.000000,0.000000,0.000000,0.917602,-0.397500,0.000001,0.934795,-0.355187,0.000000,-19.436150,-25.254510,0,8,27.864640,0.112026,0,0
29.990590,-15.854120,201.809000,698.043000,0,0,0,0,0,0,0.000000,0.000000,0.000000,0.000000,0.501097,0.000000,0.000000,0.000000,0.000000,0.917602,-0.397500,0.000001,0.934795,-0.355187,0.000000,-19.534250,-25.346210,0,8,27.933160,0.112026,0,0
30.000590,-15.845730,201.612700,698.242500,0,0,0,0,0,0,0.000000,0.000000,0.000000,0.000000,0.501097,0.000000,0.000000,0.000000,0.000000,0.917602,-0.397500,0.000001,0.934795,-0.355187,0.000000,-19.632350,-25.437920,0,8,28.001850,0.112026,0,0
30.010590,-15.837340,201.415400,698.442000,0,0,0,0,0,0,0.000000,0.000000,0.000000,0.000000,0.501097,0.000000,0.000000,0.000000,0.000000,0.917602,-0.397500,0.000001,0.934795,-0.355187,0.000000,-19.730450,-25.529620,0,8,28.070720,0.112026,0,0
30.020590,-15.828950,201.217100,698.641400,0,0,0,0,0,0,0.000000,0.000000,0.000000,0.000000,0.501097,0.000000,0.000000,0.000000,0.000000,0.917602,-0.397500,0.000001,0.934795,-0.355187,0.000000,-19.828550,-25.621330,0,8,28.139760,0.112026,0,0
30.030590,-15.820560,201.017800,698.840900,0,0,0,0,0,0,0.000000,0.000000,0.000000,0.000000,0.501097,0.000000,0.000000,0.000000,0.000000,0.917602,-0.397500,0.000001,0.934795,-0.355187,0.000000,-19.926650,-25.713030,0,8,28.208970,0.112026,0,0
30.040590,-15.812170,200.817600,699.040300,0,0,0,0,0,0,0.000000,0.000000,0.000000,0.000000,0.501097,0.000000,0.000000,0.000000,0.000000,0.917602,-0.397500,0.000001,0.934795,-0.355187,0.000000,-20.024750,-25.804740,0,8,28.278350,0.112026,0,0
30.050590,-15.803790,200.616300,699.239800,0,0,0,0,0,0,0.000000,0.000000,0.000000,0.000000,0.501097,0.000000,0.000000,0.000000,0.000000,0.917602,-0.397500,0.000001,0.934795,-0.355187,0.000000,-20.122850,-25.896440,0,8,28.347900,0.112026,0,0
30.060590,-15.795400,200.414100,699.439300,0,0,0,0,0,0,0.000000,0.000000,0.000000,0.000000,0.501097,0.000000,0.000000,0.000000,0.000000,0.917602,-0.397500,0.000001,0.934795,-0.355187,0.000000,-20.220950,-25.988140,0,8,28.417630,0.112026,0,0
30.070590,-15.787010,200.210900,699.638700,0,0,0,0,0,0,0.000000,0.000000,0.000000,0.000000,0.501097,0.000000,0.000000,0.000000,0.000000,0.917602,-0.397500,0.000001,0.934795,-0.355187,0.000000,-20.319060,-26.079850,0,8,28.487510,0.112026,0,0
30.080590,-15.778620,200.006800,699.838200,0,0,0,0,0,0,0.000000,0.000000,0.000000,0.000000,0.501097,0.000000,0.000000,0.000000,0.000000,0.917602,-0.397500,0.000001,0.934795,-0.355187,0.000000,-20.417160,-26.171550,0,8,28.557570,0.112026,0,0
30.090590,-15.770230,199.801600,700.037700,0,0,0,0,0,0,0.000000,0.000000,0.000000,0.000000,0.501097,0.000000,0.000000,0.000000,0.000000,0.917602,-0.397500,0.000001,0.934795,-0.355187,0.000000,-20.515260,-26.263250,0,8,28.627790,0.112026,0,0
30.100590,-15.761840,199.595500,700.237100,0,0,0,0,0,0,0.000000,0.000000,0.000000,0.000000,0.501097,0.000000,0.000000,0.000000,0.000000,0.917602,-0.397500,0.000001,0.934795,-0.355187,0.000000,-20.613360,-26.354960,0,8,28.698170,0.112026,0,0
30.110590,-15.753450,199.388400,700.436600,0,0,0,0,0,0,0.000000,0.000000,0.000000,0.000000,0.501097,0.000000,0.000000,0.000000,0.000000,0.917602,-0.397500,0.000001,0.934795,-0.355187,0.000000,-20.711460,-26.446660,0,8,28.768710,0.112026,0,0
30.120590,-15.745070,199.180300,700.636000,0,0,0,0,0,0,0.000000,0.000000,0.000000,0.000000,0.501097,0.000000,0.000000,0.000000,0.000000,0.917602,-0.397500,0.000001,0.934795,-0.355187,0.000000,-20.809560,-26.538370,0,8,28.839420,0.112026,0,0
30.130590,-15.736680,198.971200,700.835500,0,0,0,0,0,0,0.000000,0.000000,0.000000,0.000000,0.501097,0.000000,0.000000,0.000000,0.000000,0.917602,-0.397500,0.000001,0.934795,-0.355187,0.000000,-20.907660,-26.630070,0,8,28.910290,0.112026,0,0
30.140590,-15.728290,198.761100,701.035000,0,0,0,0,0,0,0.000000,0.000000,0.000000,0.000000,0.501097,0.000000,0.000000,0.000000,0.000000,0.917602,-0.397500,0.000001,0.934795,-0.355187,0.000000,-21.005760,-26.721780,0,8,28.981310,0.112026,0,0
30.150590,-15.719900,198.550100,701.234400,0,0,0,0,0,0,0.000000,0.000000,0.000000,0.000000,0.501097,0.000000,0.000000,0.000000,0.000000,0.917602,-0.397500,0.000001,0.934795,-0.355187,0.000000,-21.103860,-26.813480,0,8,29.052490,0.112026,0,0
30.160590,-15.711510,198.338100,701.433900,0,0,0,0,0,0,0.000000,0.000000,0.000000,0.000000,0.501097,0.000000,0.000000,0.000000,0.000000,0.917602,-0.397500,0.000001,0.934795,-0.355187,0.000000,-21.201960,-26.905180,0,8,29.123830,0.112026,0,0
30.170600,-15.703120,198.125100,701.633400,0,0,0,0,0,0,0.000000,0.000000,0.000000,0.000000,0.501097,0.000000,0.000000,0.000000,0.000000,0.917602,-0.397500,0.000001,0.934795,-0.355187,0.000000,-21.300060,-26.996890,0,8,29.195330,0.112026,0,0
30.180600,-15.694730,197.911100,701.832800,0,0,0,0,0,0,0.000000,0.000000,0.000000,0.000000,0.501097,0.000000,0.000000,0.000000,0.000000,0.917602,-0.397500,0.000001,0.934795,-0.355187,0.000000,-21.398160,-27.088590,0,8,29.266980,0.112026,0,0
30.190600,-15.686350,197.696100,702.032300,0,0,0,0,0,0,0.000000,0.000000,0.000000,0.000000,0.501097,0.000000,0.000000,0.000000,0.000000,0.917602,-0.397500,0.000001,0.934795,-0.355187,0.000000,-21.496260,-27.180300,0,8,29.338780,0.112026,0,0
30.200600,-15.677960,197.480200,702.231800,0,0,0,0,0,0,0.000000,0.000000,0.000000,0.000000,0.501097,0.000000,0.000000,0.000000,0.000000,0.917602,-0.397500,0.000001,0.934795,-0.355187,0.000000,-21.594360,-27.272000,0,8,29.410730,0.112026,0,0
30.210600,-15.669570,197.263300,702.431200,0,0,0,0,0,0,0.000000,0.000000,0.000000,0.000000,0.501097,0.000000,0.000000,0.000000,0.000000,0.917602,-0.397500,0.000001,0.934795,-0.355187,0.000000,-21.692460,-27.363700,0,8,29.482830,0.112026,0,0
30.220600,-15.661180,197.045400,702.630700,0,0,0,0,0,0,0.000000,0.000000,0.000000,0.000000,0.501097,0.000000,0.000000,0.000000,0.000000,0.917602,-0.397500,0.000001,0.934795,-0.355187,0.000000,-21.790570,-27.455410,0,8,29.555090,0.112026,0,0
30.230600,-15.652790,196.826500,702.830100,0,0,0,0,0,0,0.000000,0.000000,0.000000,0.000000,0.501097,0.000000,0.000000,0.000000,0.000000,0.917602,-0.397500,0.000001,0.934795,-0.355187,0.000000,-21.888670,-27.547110,0,8,29.627490,0.112026,0,0
30.240600,-15.644400,196.606600,703.029600,0,0,0,0,0,0,0.000000,0.000000,0.000000,0.000000,0.501097,0.000000,0.000000,0.000000,0.000000,0.917602,-0.397500,0.000001,0.934795,-0.355187,0.000000,-21.986770,-27.638810,0,8,29.700040,0.112026,0,0
30.250600,-15.636010,196.385800,703.229100,0,0,0,0,0,0,0.000000,0.000000,0.000000,0.000000,0.501097,0.000000,0.000000,0.000000,0.000000,0.917602,-0.397500,0.000001,0.934795,-0.355187,0.000000,-22.084870,-27.730520,0,8,29.772740,0.112026,0,0
30.260600,-15.627630,196.163900,703.428500,0,0,0,0,0,0,0.000000,0.000000,0.000000,0.000000,0.501097,0.000000,0.000000,0.000000,0.000000,0.917602,-0.397500,0.000001,0.934795,-0.355187,0.000000,-22.182970,-27.822220,0,8,29.845580,0.112026,0,0
30.270600,-15.619240,195.941100,703.628000,0,0,0,0,0,0,0.000000,0.000000,0.000000,0.000000,0.501097,0.000000,0.000000,0.000000,0.000000,0.917602,-0.397500,0.000001,0.934795,-0.355187,0.000000,-22.281070,-27.913930,0,8,29.918560,0.112026,0,0
30.280600,-15.610850,195.717300,703.827500,0,0,0,0,0,0,0.000000,0.000000,0.000000,0.000000,0.501097,0.000000,0.000000,0.000000,0.000000,0.917602,-0.397500,0.000001,0.934795,-0.355187,0.000000,-22.379170,-28.005630,0,8,29.991690,0.112026,0,0
30.290600,-15.602460,195.492600,704.026900,0,0,0,0,0,0,0.000000,0.000000,0.000000,0.000000,0.501097,0.000000,0.000000,0.000000,0.000000,0.917602,-0.397500,0.000001,0.934795,-0.355187,0.000000,-22.477270,-28.097340,0,8,30.064960,0.115700,0,0
30.300600,-15.594070,195.266800,704.226400,0,0,0,0,0,0,0.000000,0.000000,0.000000,0.000000,0.501097,0.000000,0.000000,0.000000,0.000000,0.917602,-0.397500,0.000001,0.934795,-0.355187,0.000000,-22.575370,-28.189040,0,8,30.138380,0.119110,0,0
30.310600,-15.585680,195.040100,704.425800,0,0,0,0,0,0,0.000000,0.000000,0.000000,0.000000,0.501097,0.000000,0.000000,0.000000,0.000000,0.917602,-0.397500,0.000001,0.934795,-0.355187,0.000000,-22.673470,-28.280740,0,8,30.211930,0.123103,0,0
30.320600,-15.577300,194.812300,704.625300,0,0,0,0,0,0,0.000000,0.000000,0.000000,0.000000,0.501097,0.000000,0.000000,0.000000,0.000000,0.917602,-0.397500,0.000001,0.934795,-0.355187,0.000000,-22.771570,-28.372450,0,8,30.285620,0.126827,0,0
30.330600,-15.568910,194.583600,704.824800,0,0,0,0,0,0,0.000000,0.000000,0.000000,0.000000,0.501097,0.000000,0.000000,0.000000,0.000000,0.917602,-0.397500,0.000001,0.934795,-0.355187,0.000000,-22.869670,-28.464150,0,8,30.359450,0.130298,0,0
30.340600,-15.560520,194.354000,705.024200,0,0,0,0,0,0,0.000000,0.000000,0.000000,0.000000,0.501097,0.000000,0.000000,0.000000,0.000000,0.917602,-0.397500,0.000001,0.934795,-0.355187,0.000000,-22.967770,-28.555850,0,8,30.433420,0.133538,0,0
30.350600,-15.552130,194.123300,705.223700,0,0,0,0,0,0,0.000000,0.000000,0.000000,0.000000,0.501097,0.000000,0.000000,0.000000,0.000000,0.917602,-0.397500,0.000001,0.934795,-0.355187,0.000000,-23.065870,-28.647560,0,8,30.507520,0.136551,0,0
30.360600,-15.543740,193.891700,705.423200,1,1,1,1,2,2,0.923778,0.932308,0.923838,0.932196,0.928017,0.029309,0.975528,0.217914,0.029315,0.975509,0.217997,0.029315,0.975509,0.217997,0.000000,-4.534386,0.000001,1,9,20.672020,-13.256170,0,0
30.370600,-15.532330,193.845400,705.624400,1,1,1,1,2,2,0.922338,0.931646,0.922286,0.931625,0.926955,0.029319,0.975582,0.217672,0.029316,0.975565,0.217746,0.029315,0.975514,0.217975,0.000000,-4.629382,-0.096153,1,9,20.680680,-1.231046,0,0
30.380600,-15.521100,193.798100,705.825500,1,1,1,1,2,2,0.920299,0.929702,0.920277,0.929689,0.924983,0.029318,0.975576,0.217699,0.029316,0.975565,0.217746,0.029315,0.975518,0.217955,0.000000,-4.724279,-0.192226,1,9,20.689690,-1.462929,0,0
30.390600,-15.510060,193.750000,706.026500,1,1,1,1,2,2,0.917363,0.926831,0.917327,0.926802,0.922064,0.029311,0.975576,0.217699,0.029316,0.975565,0.217746,0.029315,0.975522,0.217937,0.000000,-4.819075,-0.288221,1,9,20.699070,-1.694575,0,0
30.400600,-15.499240,193.700800,706.227400,1,1,1,1,2,2,0.913433,0.922998,0.913384,0.922977,0.918180,0.029322,0.975575,0.217699,0.029316,0.975565,0.217746,0.029315,0.975526,0.217921,0.000000,-4.913770,-0.384141,1,9,20.708800,-1.918416,0,0
30.410600,-15.488650,193.650700,706.428100,1,1,1,1,2,2,0.908536,0.918235,0.908493,0.918207,0.913350,0.029316,0.975573,0.217712,0.029316,0.975565,0.217746,0.029315,0.975529,0.217906,0.000000,-5.008359,-0.479989,1,9,20.718870,-2.145916,0,0
30.420600,-15.478340,193.599700,706.628700,1,1,1,1,2,2,0.902656,0.912525,0.902636,0.912490,0.907563,0.029318,0.975576,0.217699,0.029316,0.975565,0.217746,0.029315,0.975533,0.217892,0.000000,-5.102838,-0.575767,1,9,20.729280,-2.380228,0,0
30.430600,-15.468310,193.547700,706.829300,1,1,1,1,2,2,0.895815,0.905893,0.895802,0.905873,0.900838,0.029318,0.975576,0.217699,0.029316,0.975565,0.217746,0.029315,0.975535,0.217879,0.000000,-5.197200,-0.671478,1,9,20.740010,-2.623137,0,0
30.440600,-15.458600,193.494800,707.029700,1,1,1,1,2,2,0.887989,0.898309,0.888002,0.898274,0.893138,0.029308,0.975573,0.217712,0.029316,0.975565,0.217746,0.029316,0.975538,0.217868,2.983317,-5.291439,-0.767124,1,9,20.751040,-2.875254,0,0
30.450600,-15.449220,193.441300,707.230100,1,1,1,1,2,2,0.879552,0.890077,0.879545,0.890043,0.884794,0.029318,0.975576,0.217699,0.029316,0.975565,0.217746,0.029316,0.975540,0.217857,6.128901,-5.356443,-0.832873,1,9,20.761150,-3.136184,0,0
30.460600,-15.440190,193.387400,707.430500,1,1,1,1,2,2,0.870740,0.881502,0.870698,0.881469,0.876083,0.029318,0.975576,0.217699,0.029316,0.975565,0.217746,0.029316,0.975542,0.217848,8.553007,-5.390637,-0.867118,1,9,20.769970,-3.404786,0,0
30.470600,-15.431530,193.333300,707.630900,1,1,1,1,2,2,0.861793,0.872854,0.861752,0.872826,0.867289,0.029318,0.975576,0.217699,0.029316,0.975565,0.217746,0.029316,0.975544,0.217839,10.385270,-5.401065,-0.877089,1,9,20.777630,-3.679367,0,0
30.480600,-15.423270,193.279400,707.831500,1,1,1,1,2,2,0.852963,0.864294,0.852909,0.864272,0.858590,0.029317,0.975579,0.217685,0.029316,0.975565,0.217746,0.029316,0.975546,0.217831,11.741770,-5.393505,-0.868717,1,9,20.784340,-3.957806,0,0
30.490600,-15.415420,193.225700,708.032200,1,1,1,1,2,2,0.844297,0.855965,0.844275,0.855945,0.850110,0.029320,0.975573,0.217712,0.029316,0.975565,0.217746,0.029316,0.975548,0.217823,12.719570,-5.372598,-0.846770,1,9,20.790310,-4.237748,0,0
30.500600,-15.408020,193.172300,708.233000,1,1,1,1,2,2,0.835973,0.847964,0.835946,0.847944,0.841945,0.029318,0.975576,0.217699,0.029316,0.975565,0.217746,0.029316,0.975549,0.217817,13.396060,-5.342041,-0.815041,1,9,20.795700,-4.516701,0,0
30.510600,-15.401080,193.119200,708.434000,1,1,1,1,2,2,0.828051,0.840326,0.828012,0.840308,0.834160,0.029315,0.975582,0.217672,0.029316,0.975565,0.217746,0.029316,0.975551,0.217811,13.835130,-5.304770,-0.776548,1,9,20.800690,-4.792171,0,0
30.520600,-15.394640,193.066600,708.635200,1,1,1,1,2,2,0.820499,0.833151,0.820465,0.833132,0.826798,0.029317,0.975579,0.217685,0.029316,0.975565,0.217746,0.029316,0.975552,0.217805,14.088300,-5.263102,-0.733672,1,9,20.805370,-5.061725,0,0
30.530600,-15.388730,193.014400,708.836500,1,1,1,1,2,2,0.813421,0.826473,0.813400,0.826413,0.819907,0.029309,0.975579,0.217685,0.029316,0.975565,0.217746,0.029316,0.975553,0.217800,14.193760,-5.218847,-0.688272,1,9,20.809830,-5.323063,0,0
30.540600,-15.383350,192.962700,709.038100,1,1,1,1,2,2,0.807411,0.820194,0.807384,0.820175,0.813779,0.029866,0.975674,0.217184,0.029861,0.975664,0.217226,0.029363,0.975563,0.217751,14.158710,-5.173446,-0.642749,1,9,20.814130,-5.574292,0,0
30.550600,-15.378550,192.911400,709.239800,1,1,1,1,2,2,0.801047,0.814418,0.801022,0.814399,0.807710,0.029864,0.975677,0.217170,0.029861,0.975664,0.217226,0.029406,0.975571,0.217705,14.120350,-5.128264,-0.597513,1,9,20.818320,-5.812804,0,0
30.560600,-15.374340,192.860500,709.441700,1,1,1,1,2,2,0.795157,0.809641,0.795121,0.809657,0.802389,0.030403,0.975763,0.216709,0.030405,0.975763,0.216707,0.029492,0.975588,0.217620,13.978730,-5.083333,-0.553529,1,9,20.822390,-6.037709,0,0
30.570600,-15.370750,192.810200,709.643700,1,1,1,1,2,2,0.789384,0.804271,0.789385,0.804274,0.796830,0.030410,0.975658,0.217180,0.030402,0.975660,0.217170,0.029570,0.975594,0.217581,13.890880,-5.039657,-0.509985,1,9,20.826360,-6.246881,0,0
30.580600,-15.367790,192.760200,709.845900,1,1,1,1,2,2,0.784444,0.799696,0.784445,0.799704,0.792074,0.030402,0.975658,0.217180,0.030402,0.975660,0.217170,0.029642,0.975600,0.217545,13.679200,-4.996713,-0.467277,1,9,20.830230,-6.439728,0,0
30.590600,-15.365480,192.710600,710.048300,1,1,1,1,2,2,0.779423,0.795552,0.779443,0.795546,0.787495,0.030941,0.975756,0.216665,0.030946,0.975759,0.216650,0.029754,0.975614,0.217468,13.511350,-4.955711,-0.427584,1,9,20.834020,-6.615517,0,0
30.600610,-15.363840,192.661500,710.250800,1,1,1,1,2,2,0.775083,0.791796,0.775088,0.791790,0.783439,0.030957,0.975755,0.216665,0.030946,0.975759,0.216650,0.029856,0.975626,0.217398,13.288260,-4.916224,-0.389459,1,9,20.837710,-6.772896,0,0
30.610610,-15.362890,192.612700,710.453400,1,1,1,1,2,2,0.771107,0.787911,0.771091,0.787910,0.779501,0.031497,0.975852,0.216150,0.031490,0.975857,0.216131,0.029997,0.975646,0.217289,13.121090,-4.878792,-0.354404,1,9,20.841320,-6.912146,0,0
30.620610,-15.362630,192.564200,710.656200,1,1,1,1,2,2,0.767738,0.784922,0.767731,0.784899,0.776315,0.031495,0.975742,0.216648,0.031487,0.975754,0.216594,0.030125,0.975655,0.217229,12.834540,-4.842872,-0.320002,1,9,20.844840,-7.032354,0,0
30.630610,-15.363090,192.516100,710.859100,1,1,1,1,2,2,0.764562,0.782101,0.764530,0.782083,0.773307,0.031481,0.975739,0.216661,0.031487,0.975754,0.216594,0.030243,0.975664,0.217174,12.585620,-4.809634,-0.288381,1,9,20.848280,-7.133966,0,0
30.640610,-15.364250,192.468400,711.062000,1,1,1,1,2,2,0.761666,0.779577,0.761635,0.779531,0.770583,0.031481,0.975739,0.216661,0.031487,0.975754,0.216594,0.030350,0.975672,0.217124,12.345780,-4.778718,-0.259173,1,9,20.851650,-7.217139,0,0
30.650610,-15.366150,192.420900,711.265100,1,1,1,1,2,2,0.759051,0.777328,0.759029,0.777312,0.768170,0.031491,0.975742,0.216648,0.031487,0.975754,0.216594,0.030448,0.975679,0.217079,12.108090,-4.750041,-0.232293,1,9,20.854950,-7.282097,0,0
30.660610,-15.368770,192.373600,711.468200,1,1,1,1,2,2,0.756667,0.775333,0.756663,0.775325,0.765994,0.031487,0.975736,0.216675,0.031487,0.975754,0.216594,0.030537,0.975685,0.217037,11.885760,-4.723591,-0.207725,1,9,20.858190,-7.329204,0,0
30.670610,-15.372120,192.326600,711.671400,1,1,1,1,2,2,0.754574,0.773595,0.754539,0.773539,0.764039,0.031477,0.975739,0.216661,0.031487,0.975754,0.216594,0.030619,0.975691,0.216999,11.677530,-4.699224,-0.185321,1,9,20.861370,-7.358933,0,0
30.680610,-15.376210,192.279800,711.874800,1,1,1,1,2,2,0.752664,0.772016,0.752648,0.772018,0.762333,0.031481,0.975739,0.216661,0.031487,0.975754,0.216594,0.030693,0.975696,0.216964,11.475230,-4.676811,-0.164943,1,9,20.864500,-7.371864,0,0
30.690610,-15.381040,192.233300,712.078100,1,1,1,1,2,2,0.750938,0.770652,0.750915,0.770648,0.760781,0.031489,0.975739,0.216661,0.031487,0.975754,0.216594,0.030762,0.975701,0.216932,11.294450,-4.656303,-0.146538,1,9,20.867580,-7.368614,0,0
30.700610,-15.386600,192.186900,712.281600,1,1,1,1,2,2,0.749412,0.769459,0.749388,0.769429,0.759408,0.031489,0.975739,0.216661,0.031487,0.975754,0.216594,0.030824,0.975706,0.216903,11.125520,-4.637498,-0.129893,1,9,20.870630,-7.349888,0,0
30.710610,-15.392890,192.140700,712.485000,1,1,1,1,2,2,0.748036,0.768452,0.748004,0.768415,0.758209,0.031479,0.975742,0.216648,0.031487,0.975754,0.216594,0.030881,0.975710,0.216876,10.966390,-4.620289,-0.114893,1,9,20.873660,-7.316419,0,0
30.720610,-15.399910,192.094700,712.688500,1,1,1,1,2,2,0.746800,0.767502,0.746782,0.767478,0.757130,0.031489,0.975739,0.216661,0.031487,0.975754,0.216594,0.030933,0.975714,0.216852,10.824510,-4.604590,-0.101445,1,9,20.876670,-7.268997,0,0
30.730610,-15.407650,192.048800,712.892100,1,1,1,1,2,2,0.745698,0.766720,0.745673,0.766682,0.756177,0.031477,0.975739,0.216661,0.031487,0.975754,0.216594,0.030981,0.975717,0.216830,10.694300,-4.590241,-0.089377,1,9,20.879680,-7.208386,0,0
30.740610,-15.416110,192.003000,713.095600,1,1,1,1,2,2,0.744729,0.766026,0.744675,0.766003,0.755339,0.031479,0.975742,0.216648,0.031487,0.975754,0.216594,0.031025,0.975721,0.216809,10.575240,-4.577137,-0.078577,1,9,20.882700,-7.135429,0,0
30.750610,-15.425270,191.957300,713.299300,1,1,1,1,2,2,0.743804,0.765474,0.743804,0.765402,0.754603,0.031481,0.975745,0.216635,0.031487,0.975754,0.216594,0.031064,0.975723,0.216791,10.466650,-4.565178,-0.068936,1,9,20.885730,-7.050923,0,0
30.760610,-15.435130,191.911800,713.502900,1,1,1,1,2,2,0.743031,0.764949,0.742977,0.764917,0.753947,0.031489,0.975739,0.216661,0.031487,0.975754,0.216594,0.031101,0.975726,0.216774,10.370130,-4.554272,-0.060351,1,9,20.888800,-6.955703,0,0
30.770610,-15.445680,191.866300,713.706500,1,1,1,1,2,2,0.742288,0.764517,0.742256,0.764493,0.753375,0.031493,0.975739,0.216661,0.031487,0.975754,0.216594,0.031134,0.975729,0.216758,10.282070,-4.544307,-0.052703,1,9,20.891900,-6.850549,0,0
30.780610,-15.456910,191.821000,713.910200,1,1,1,1,2,2,0.742014,0.764169,0.742085,0.764129,0.753107,0.031846,0.975785,0.216403,0.031842,0.975818,0.216255,0.031195,0.975736,0.216715,10.176800,-4.535211,-0.046564,1,9,20.895040,-6.736301,0,0
30.790610,-15.468800,191.775700,714.113800,1,1,1,1,2,2,0.741606,0.763895,0.741342,0.763831,0.752587,0.031840,0.975844,0.216134,0.031842,0.975818,0.216255,0.031251,0.975743,0.216675,10.141480,-4.527157,-0.041400,1,9,20.898240,-6.613476,0,0
30.800610,-15.481340,191.730500,714.317500,1,1,1,1,2,2,0.740598,0.763864,0.740688,0.763955,0.752322,0.032203,0.975830,0.216145,0.032197,0.975881,0.215916,0.031332,0.975755,0.216610,10.083650,-4.519470,-0.037175,1,9,20.901500,-6.483105,0,0
30.810610,-15.494520,191.685400,714.521200,1,1,1,1,2,2,0.740004,0.762822,0.740099,0.762858,0.751478,0.032190,0.975714,0.216670,0.032193,0.975755,0.216487,0.031406,0.975755,0.216599,10.114960,-4.512375,-0.032356,1,9,20.904820,-6.345692,0,0
30.820610,-15.508320,191.640400,714.724900,1,1,1,1,2,2,0.738978,0.762814,0.738997,0.762800,0.750899,0.032188,0.975609,0.217141,0.032188,0.975628,0.217058,0.031473,0.975744,0.216639,10.064170,-4.505011,-0.026154,1,9,20.908230,-6.202199,0,0
30.830610,-15.522730,191.595400,714.928600,1,1,1,1,2,2,0.738270,0.762784,0.738402,0.762772,0.750587,0.032547,0.975703,0.216667,0.032543,0.975691,0.216719,0.031565,0.975740,0.216646,9.996129,-4.498186,-0.021193,1,9,20.911720,-6.053273,0,0
30.840610,-15.537740,191.550400,715.132300,1,1,1,1,2,2,0.737927,0.762800,0.738067,0.762810,0.750438,0.032547,0.975703,0.216667,0.032543,0.975691,0.216719,0.031650,0.975735,0.216652,9.916114,-4.492074,-0.016921,1,9,20.915310,-5.899392,0,0
30.850610,-15.553320,191.505600,715.336100,1,1,1,1,2,2,0.737824,0.762316,0.737740,0.762448,0.750094,0.032894,0.975752,0.216396,0.032898,0.975755,0.216381,0.031757,0.975737,0.216629,9.908135,-4.486797,-0.014123,1,9,20.918990,-5.741504,0,0
30.860610,-15.569460,191.460800,715.539800,1,1,1,1,2,2,0.748640,0.762870,0.737897,0.762859,0.750378,0.032769,0.971856,0.233286,0.032890,0.975501,0.217523,0.031855,0.975717,0.216706,9.735194,-4.481658,-0.009255,1,9,20.922780,-5.579941,0,0
30.870610,-15.586160,191.416000,715.743500,1,1,1,1,2,2,0.737880,0.763047,0.737866,0.763023,0.750445,0.032893,0.975470,0.217661,0.032890,0.975501,0.217523,0.031944,0.975698,0.216776,9.647826,-4.478271,-0.006250,1,9,20.926680,-5.415408,0,0
30.880610,-15.603380,191.371200,715.947300,1,1,1,1,2,2,0.737886,0.763261,0.737867,0.763223,0.750545,0.032881,0.975470,0.217661,0.032890,0.975501,0.217523,0.032025,0.975681,0.216840,9.579331,-4.475806,-0.004240,1,9,20.930690,-5.248648,0,0
30.890610,-15.621120,191.326500,716.151000,1,1,1,1,2,2,0.737862,0.763412,0.737845,0.763402,0.750624,0.032887,0.975467,0.217675,0.032890,0.975501,0.217523,0.032100,0.975666,0.216899,9.534665,-4.474085,-0.003025,1,9,20.934830,-5.080108,0,0
30.900610,-15.639350,191.281800,716.354700,1,1,1,1,2,2,0.737923,0.763603,0.737902,0.763573,0.750738,0.032889,0.975470,0.217661,0.032890,0.975501,0.217523,0.032168,0.975652,0.216953,9.497289,-4.472878,-0.002357,1,9,20.939090,-4.910335,0,0
30.910610,-15.658070,191.237000,716.558500,1,1,1,1,2,2,0.737885,0.763706,0.737888,0.763721,0.750805,0.032885,0.975470,0.217661,0.032890,0.975501,0.217523,0.032230,0.975639,0.217002,9.480017,-4.472118,-0.002154,1,9,20.943460,-4.739745,0,0
30.920610,-15.677240,191.192300,716.762200,1,1,1,1,2,2,0.737874,0.763866,0.737838,0.763848,0.750843,0.032885,0.975470,0.217661,0.032890,0.975501,0.217523,0.032287,0.975627,0.217047,9.474282,-4.471613,-0.002206,1,9,20.947960,-4.568838,0,0
30.930610,-15.696870,191.147600,716.965900,1,1,1,1,2,2,0.737867,0.763969,0.737873,0.763982,0.750927,0.032899,0.975461,0.217702,0.032890,0.975501,0.217523,0.032338,0.975616,0.217088,9.463662,-4.471253,-0.002390,1,9,20.952590,-4.397976,0,0
30.940610,-15.716920,191.102900,717.169700,1,1,1,1,2,2,0.737868,0.764124,0.737829,0.764093,0.750961,0.032883,0.975473,0.217648,0.032890,0.975501,0.217523,0.032386,0.975606,0.217125,9.466420,-4.471087,-0.002748,1,9,20.957330,-4.227435,0,0
30.950610,-15.737390,191.058200,717.373500,1,1,1,1,2,2,0.737836,0.764203,0.737829,0.764183,0.751006,0.032883,0.975467,0.217675,0.032890,0.975501,0.217523,0.032429,0.975597,0.217159,9.467976,-4.470989,-0.003141,1,9,20.962200,-4.057879,0,0
30.960610,-15.758260,191.013500,717.577300,1,1,1,1,2,2,0.737806,0.764302,0.737777,0.764301,0.751039,0.032893,0.975464,0.217688,0.032890,0.975501,0.217523,0.032469,0.975589,0.217191,9.472851,-4.470970,-0.003575,1,9,20.967190,-3.889489,0,0
30.970610,-15.779500,190.968800,717.781100,1,1,1,1,2,2,0.737774,0.764392,0.737769,0.764355,0.751062,0.032889,0.975470,0.217661,0.032890,0.975501,0.217523,0.032505,0.975581,0.217219,9.479589,-4.471001,-0.004011,1,9,20.972310,-3.722535,0,0
30.980610,-15.801110,190.924100,717.984900,1,1,1,1,2,2,0.737738,0.764411,0.737739,0.764407,0.751073,0.032899,0.975467,0.217675,0.032890,0.975501,0.217523,0.032538,0.975575,0.217245,9.487966,-4.471063,-0.004426,1,9,20.977540,-3.557348,0,0
30.990610,-15.823070,190.879400,718.188700,1,1,1,1,2,2,0.737734,0.764482,0.737702,0.764444,0.751073,0.032887,0.975473,0.217648,0.032890,0.975501,0.217523,0.032569,0.975568,0.217269,9.497169,-4.471142,-0.004799,1,9,20.982890,-3.394240,0,0
31.000610,-15.845360,190.834700,718.392600,1,1,1,1,2,2,0.737671,0.764492,0.737658,0.764495,0.751077,0.032883,0.975467,0.217675,0.032890,0.975501,0.217523,0.032596,0.975562,0.217291,9.504442,-4.471230,-0.005120,1,9,20.988360,-3.233401,0,0
31.010610,-15.867960,190.789900,718.596400,1,1,1,1,2,2,0.737572,0.764522,0.737729,0.764517,0.751123,0.033004,0.975460,0.217687,0.033004,0.975521,0.217414,0.032631,0.975559,0.217302,9.508649,-4.471345,-0.005623,1,9,20.993950,-3.075084,0,0
31.020610,-15.890870,190.745200,718.800400,1,1,1,1,2,2,0.737799,0.764853,0.737634,0.764666,0.751150,0.033121,0.975568,0.217188,0.033117,0.975542,0.217306,0.032673,0.975557,0.217302,9.521247,-4.471518,-0.006319,1,9,20.999640,-2.919468,0,0
31.030610,-15.914060,190.700500,719.004300,1,1,1,1,2,2,0.737396,0.764790,0.737549,0.764613,0.751081,0.033117,0.975517,0.217417,0.033117,0.975542,0.217306,0.032711,0.975556,0.217302,9.547654,-4.471664,-0.006882,1,9,21.005440,-2.766630,0,0
31.040620,-15.937520,190.655800,719.208300,1,1,1,1,2,2,0.737282,0.764429,0.737441,0.764539,0.750990,0.033115,0.975463,0.217660,0.033117,0.975542,0.217306,0.032746,0.975555,0.217303,9.571416,-4.471650,-0.007175,1,9,21.011350,-2.616848,0,0
31.050620,-15.961240,190.611100,719.412200,1,1,1,1,2,2,0.737521,0.764359,0.737322,0.764495,0.750908,0.033123,0.975514,0.217431,0.033117,0.975542,0.217306,0.032778,0.975554,0.217303,9.587303,-4.471496,-0.007225,1,9,21.017350,-2.474469,0,0
31.060620,-15.985200,190.566400,719.616300,1,1,1,1,2,2,0.735951,0.763522,0.736068,0.763533,0.749800,0.033216,0.975167,0.218964,0.033218,0.975186,0.218880,0.032816,0.975522,0.217439,9.711583,-4.471275,-0.004230,1,9,21.023440,-2.339651,0,0
31.070620,-16.009390,190.521700,719.820300,1,1,1,1,2,2,0.736395,0.763599,0.736312,0.763700,0.750006,0.033329,0.975167,0.218950,0.033332,0.975207,0.218772,0.032861,0.975495,0.217553,9.579885,-4.469926,-0.000455,1,9,21.029630,-2.210989,0,0
31.080620,-16.033800,190.477000,720.024400,1,1,1,1,2,2,0.736449,0.764031,0.736558,0.763960,0.750259,0.033343,0.975163,0.218963,0.033332,0.975207,0.218772,0.032901,0.975470,0.217658,9.477754,-4.469965,0.001800,1,9,21.035930,-2.063891,0,0
31.090620,-16.058410,190.432300,720.228600,1,1,1,1,2,2,0.736891,0.764071,0.736825,0.764212,0.750518,0.033329,0.975167,0.218950,0.033332,0.975207,0.218772,0.032938,0.975447,0.217754,9.404582,-4.471095,0.002849,1,9,21.042340,-1.925632,0,0
31.100620,-16.083230,190.387600,720.432700,1,1,1,1,2,2,0.736915,0.764476,0.737047,0.764435,0.750741,0.033345,0.975160,0.218977,0.033332,0.975207,0.218772,0.032972,0.975427,0.217842,9.360550,-4.472927,0.002999,1,9,21.048760,-1.940515,0,0
31.110620,-16.108260,190.342800,720.637000,1,1,1,1,2,2,0.738013,0.765503,0.738013,0.765515,0.751764,0.033324,0.974766,0.220726,0.033319,0.974828,0.220455,0.033002,0.975375,0.218067,9.109378,-4.475154,0.005662,1,9,21.055180,-1.986420,0,0
31.120620,-16.133500,190.298000,720.841200,1,1,1,1,2,2,0.738571,0.766014,0.738562,0.766007,0.752285,0.033306,0.974776,0.220685,0.033319,0.974828,0.220455,0.033029,0.975328,0.218272,9.021489,-4.479804,0.005409,1,9,21.061610,-2.026639,0,0
31.130620,-16.158950,190.253200,721.045500,1,1,1,1,2,2,0.739031,0.766466,0.739039,0.766468,0.752753,0.033314,0.974770,0.220712,0.033319,0.974828,0.220455,0.033054,0.975285,0.218460,8.974242,-4.485308,0.003908,1,9,21.068080,-2.032618,0,0
31.140620,-16.184620,190.208300,721.249800,1,1,1,1,2,2,0.739435,0.766848,0.739463,0.766840,0.753151,0.033322,0.974763,0.220740,0.033319,0.974828,0.220455,0.033077,0.975246,0.218632,8.959986,-4.491274,0.001598,1,9,21.074600,-2.031625,0,0
31.150620,-16.210510,190.163300,721.454100,1,1,1,1,2,2,0.739858,0.767150,0.739863,0.767174,0.753518,0.033310,0.974770,0.220712,0.033319,0.974828,0.220455,0.033098,0.975210,0.218789,8.962532,-4.497386,-0.001161,1,9,21.081170,-2.024228,0,0
31.160620,-16.236610,190.118300,721.658400,1,1,1,1,2,2,0.740144,0.767408,0.740155,0.767406,0.753780,0.033320,0.974767,0.220726,0.033319,0.974828,0.220455,0.033117,0.975177,0.218932,8.990446,-4.503483,-0.004175,1,9,21.087790,-2.010977,0,0
31.170620,-16.262920,190.073200,721.862900,1,1,1,1,2,2,0.740407,0.767608,0.740436,0.767627,0.754032,0.033316,0.974767,0.220726,0.033319,0.974828,0.220455,0.033134,0.975147,0.219063,9.019673,-4.509321,-0.007166,1,9,21.094470,-1.992387,0,0
31.180620,-16.289430,190.028000,722.067300,1,1,1,1,2,2,0.740592,0.767752,0.740616,0.767769,0.754193,0.033320,0.974767,0.220726,0.033319,0.974828,0.220455,0.033150,0.975119,0.219183,9.063739,-4.514894,-0.010098,1,9,21.101200,-1.966489,0,0
31.190620,-16.316160,189.982800,722.271700,1,1,1,1,2,2,0.740774,0.767856,0.740763,0.767866,0.754315,0.033328,0.974766,0.220726,0.033319,0.974828,0.220455,0.033165,0.975094,0.219292,9.109161,-4.520061,-0.012804,1,9,21.107990,-1.932019,0,0
31.200620,-16.343080,189.937600,722.476200,1,1,1,1,2,2,0.740869,0.767895,0.740876,0.767903,0.754390,0.033324,0.974760,0.220753,0.033319,0.974828,0.220455,0.033178,0.975071,0.219392,9.156578,-4.524818,-0.015250,1,9,21.114840,-1.889282,0,0
31.210620,-16.370200,189.892300,722.680700,1,1,1,1,2,2,0.740942,0.767895,0.740957,0.767896,0.754426,0.033306,0.974764,0.220740,0.033319,0.974828,0.220455,0.033190,0.975051,0.219484,9.203494,-4.529150,-0.017400,1,9,21.121760,-1.838700,0,0
31.220620,-16.397510,189.847000,722.885300,1,1,1,1,2,2,0.726462,0.767858,0.740750,0.767879,0.754315,0.023230,0.972866,0.230201,0.033163,0.974800,0.220604,0.033188,0.975029,0.219580,9.261786,-4.533067,-0.018934,1,9,21.128730,-1.780572,0,0
31.230620,-16.425000,189.801600,723.089800,1,1,1,1,2,2,0.740706,0.767759,0.740853,0.767763,0.754308,0.033162,0.974714,0.220983,0.033163,0.974800,0.220604,0.033186,0.975009,0.219668,9.290957,-4.536464,-0.020061,1,9,21.135780,-1.715388,0,0
31.240620,-16.452660,189.756200,723.294500,1,1,1,1,2,2,0.740758,0.767696,0.740877,0.767506,0.754192,0.033011,0.974719,0.220984,0.033007,0.974771,0.220753,0.033170,0.974989,0.219762,9.328781,-4.539631,-0.020745,1,9,21.142890,-1.643471,0,0
31.250620,-16.480500,189.710800,723.499100,1,1,1,1,2,2,0.741108,0.767620,0.740920,0.767433,0.754177,0.032997,0.974774,0.220742,0.033007,0.974771,0.220753,0.033156,0.974970,0.219847,9.343284,-4.542487,-0.021225,1,9,21.150070,-1.565334,0,0
31.260620,-16.508490,189.665300,723.703900,1,1,1,1,2,2,0.741114,0.767174,0.740943,0.767344,0.754143,0.033003,0.974719,0.220984,0.033007,0.974771,0.220753,0.033143,0.974953,0.219925,9.361419,-4.545263,-0.021717,1,9,21.157320,-1.481283,0,0
31.270620,-16.536640,189.619800,723.908600,1,1,1,1,2,2,0.763235,0.767096,0.741050,0.767240,0.754145,0.003231,0.968465,0.249130,0.032850,0.974743,0.220902,0.033118,0.974935,0.220009,9.364583,-4.547929,-0.021861,1,9,21.164630,-1.391759,0,0
31.280620,-16.564920,189.574300,724.113500,1,1,1,1,2,2,0.741181,0.766963,0.741138,0.767106,0.754122,0.032846,0.974721,0.220999,0.032850,0.974743,0.220902,0.033095,0.974918,0.220086,9.375317,-4.550633,-0.022132,1,9,21.172010,-1.297302,0,0
31.290620,-16.593340,189.528800,724.318400,1,1,1,1,2,2,0.740916,0.767204,0.741146,0.767151,0.754149,0.032711,0.974725,0.221000,0.032694,0.974714,0.221051,0.033061,0.974901,0.220169,9.370233,-4.553305,-0.022129,1,9,21.179440,-1.198276,0,0
31.300620,-16.621880,189.483200,724.523300,1,1,1,1,2,2,0.741225,0.765991,0.741182,0.765751,0.753467,0.032690,0.974490,0.222036,0.032686,0.974487,0.222053,0.033028,0.974865,0.220331,9.451362,-4.556101,-0.020476,1,9,21.186940,-1.095137,0,0
31.310620,-16.650520,189.437700,724.728300,1,1,1,1,2,2,0.740284,0.766133,0.740210,0.766091,0.753151,0.032679,0.974322,0.222775,0.032678,0.974258,0.223056,0.032998,0.974813,0.220566,9.407244,-4.558184,-0.016456,1,9,21.194500,-0.988131,0,0
31.320620,-16.679270,189.392000,724.933400,1,1,1,1,2,2,0.740660,0.766452,0.740648,0.766389,0.753519,0.032683,0.974316,0.222803,0.032678,0.974258,0.223056,0.032971,0.974765,0.220780,9.261971,-4.560778,-0.013314,1,9,21.202130,-0.877659,0,0
31.330620,-16.708100,189.346400,725.138500,1,1,1,1,2,2,0.741272,0.766895,0.741006,0.766671,0.753838,0.032679,0.974205,0.223286,0.032678,0.974258,0.223056,0.032946,0.974721,0.220976,9.171697,-4.564870,-0.012023,1,9,21.209830,-0.764331,0,0
31.340620,-16.737010,189.300700,725.343700,1,1,1,1,2,2,0.741444,0.767103,0.741383,0.766886,0.754134,0.032667,0.974258,0.223058,0.032678,0.974258,0.223056,0.032923,0.974682,0.221155,9.117428,-4.569924,-0.012000,1,9,21.217580,-0.648518,0,0
31.350620,-16.765990,189.254900,725.548900,1,1,1,1,2,2,0.742541,0.767989,0.742425,0.767924,0.755175,0.032658,0.973850,0.224832,0.032663,0.973797,0.225060,0.032900,0.974605,0.221491,8.857635,-4.575590,-0.009126,1,9,21.225380,-0.530558,0,0
31.360620,-16.795020,189.209100,725.754200,1,1,1,1,2,2,0.743168,0.768529,0.743124,0.768451,0.755787,0.032682,0.973849,0.224832,0.032663,0.973797,0.225060,0.032880,0.974536,0.221798,8.755261,-4.583872,-0.009472,1,9,21.233250,-0.410629,0,0
31.370620,-16.824100,189.163200,725.959500,1,1,1,1,2,2,0.743799,0.768999,0.743697,0.768912,0.756304,0.032668,0.973846,0.224846,0.032663,0.973797,0.225060,0.032861,0.974472,0.222079,8.710024,-4.593235,-0.011407,1,9,21.241180,-0.289369,0,0
31.380620,-16.853210,189.117100,726.164900,1,1,1,1,2,2,0.744316,0.769346,0.744224,0.769290,0.756757,0.032662,0.973844,0.224860,0.032663,0.973797,0.225060,0.032844,0.974414,0.222335,8.700484,-4.603121,-0.014311,1,9,21.249160,-0.167083,0,0
31.390620,-16.882330,189.071000,726.370300,1,1,1,1,2,2,0.744730,0.769640,0.744655,0.769566,0.757111,0.032672,0.973840,0.224874,0.032663,0.973797,0.225060,0.032828,0.974361,0.222570,8.723127,-4.613181,-0.017783,1,9,21.257170,-0.044132,0,0
31.400620,-16.911460,189.024800,726.575800,1,1,1,1,2,2,0.726796,0.745141,0.726832,0.745177,0.736004,0.016314,0.975300,0.220281,0.016334,0.975285,0.220344,0.031409,0.974452,0.222381,12.736090,-4.623101,-0.026298,1,9,21.265230,0.078010,0,0
31.410620,-16.940580,188.978800,726.781500,1,1,1,1,2,2,0.731975,0.749710,0.731867,0.749613,0.740740,0.016291,0.977207,0.211661,0.016335,0.977144,0.211948,0.030112,0.974697,0.221486,11.485480,-4.593991,-0.010272,1,9,21.273280,0.193434,0,0
31.420620,-16.969670,188.933000,726.987300,1,1,1,1,2,2,0.734769,0.760859,0.734688,0.756779,0.745734,0.016305,0.980372,0.196481,0.016339,0.979670,0.199952,0.028928,0.975151,0.219638,11.026230,-4.577137,-0.027684,1,9,21.281270,0.301804,0,0
31.430620,-16.998720,188.887400,727.193200,1,1,1,1,2,2,0.735228,0.756235,0.735259,0.756182,0.745721,0.016374,0.981232,0.192136,0.016343,0.981197,0.192319,0.027845,0.975707,0.217295,11.859960,-4.564799,-0.060719,1,9,21.289080,0.411012,0,0
31.440620,-17.027730,188.841900,727.399200,1,1,1,1,2,2,0.737999,0.753655,0.738001,0.753664,0.745833,0.016312,0.983296,0.181283,0.016350,0.983266,0.181439,0.026857,0.976414,0.214221,12.866080,-4.544352,-0.101495,1,9,21.296640,0.522399,0,0
31.450620,-17.056670,188.796800,727.605400,1,1,1,1,2,2,0.713102,0.721866,0.713203,0.721963,0.717583,0.000024,0.985437,0.170043,0.000000,0.985475,0.169819,0.024548,0.977301,0.210421,19.028340,-4.514085,-0.144239,1,9,21.303830,0.638259,0,0
31.460620,-17.085530,188.752600,727.811900,1,1,1,1,2,2,0.703500,0.732181,0.703634,0.708393,0.706013,0.000008,0.993801,0.111173,0.000000,0.988567,0.150780,0.022438,0.978436,0.205320,21.366420,-4.423566,-0.154014,1,9,21.310370,0.751330,0,0
31.470620,-17.114290,188.709500,728.018700,1,1,1,1,2,2,0.691396,0.698015,0.691256,0.697915,0.694585,0.000016,0.991063,0.133394,0.000000,0.991015,0.133752,0.020510,0.979743,0.199201,23.657590,-4.310066,-0.162868,1,9,21.316330,0.852815,0,0
31.480630,-17.142940,188.667700,728.225800,1,1,1,1,2,2,0.675950,0.681540,0.676080,0.681669,0.678875,-0.000048,0.993480,0.114006,0.000000,0.993483,0.113979,0.018749,0.981231,0.191918,26.786800,-4.173955,-0.174335,1,9,21.321620,0.953895,0,0
31.490630,-17.171460,188.627700,728.433300,1,1,1,1,2,2,0.658775,0.663689,0.658841,0.663742,0.661291,0.000056,0.994806,0.101794,0.000000,0.994812,0.101732,0.017139,0.982736,0.184210,29.709080,-4.006912,-0.164035,1,9,21.326110,1.054663,0,0
31.500630,-17.199850,188.589600,728.641200,1,1,1,1,2,2,0.640451,0.661766,0.640405,0.641886,0.641145,0.000000,0.999548,0.030065,0.000000,0.996213,0.086942,0.015668,0.984283,0.175897,32.696200,-3.810879,-0.137862,1,9,21.329950,1.154418,0,0
31.510630,-17.228080,188.553700,728.849600,1,1,1,1,2,2,0.582085,0.623854,0.621272,0.623910,0.622591,0.000024,0.999427,0.033861,0.000000,0.997230,0.074383,0.014324,0.985815,0.167219,34.853210,-3.585124,-0.089947,1,9,21.333340,1.252166,0,0
31.520630,-17.256150,188.520300,729.058500,1,1,1,1,2,2,0.600669,0.603402,0.600833,0.603571,0.602202,0.000048,0.998196,0.060044,0.000000,0.998195,0.060056,0.013095,0.987342,0.158055,37.067440,-3.337754,-0.031119,1,9,21.336540,1.346621,0,0
31.530630,-17.284050,188.489700,729.267800,1,1,1,1,2,2,0.581218,0.583540,0.581288,0.583587,0.582437,-0.000095,0.998653,0.051891,0.000000,0.998672,0.051515,0.011972,0.988773,0.148940,38.594810,-3.068145,0.050654,1,9,21.339780,1.437556,0,0
31.540630,-17.311780,188.461800,729.477600,1,1,1,1,2,2,0.562541,0.580542,0.562445,0.562187,0.562316,0.000000,0.999851,0.017292,0.000000,0.999142,0.041406,0.010945,0.990127,0.139736,39.857080,-2.783062,0.145566,1,9,21.343390,1.525700,0,0
31.550630,-17.339310,188.437000,729.687800,1,1,1,1,2,2,0.560897,0.544828,0.542660,0.544957,0.543809,-0.000032,0.999919,0.012716,0.000000,0.999505,0.031473,0.010006,0.991401,0.130465,40.553630,-2.485120,0.251457,1,9,21.347620,1.611181,0,0
31.560630,-17.366650,188.415200,729.898400,1,1,1,1,2,2,0.526992,0.528047,0.526976,0.528028,0.527502,-0.000064,0.999677,0.025434,0.000000,0.999687,0.025038,0.009148,0.992557,0.121432,40.557170,-2.179929,0.369177,1,9,21.352610,1.692394,0,0
31.570630,-17.393800,188.396400,730.109400,1,1,1,1,2,2,0.512208,0.512782,0.512028,0.512867,0.512447,0.000000,0.999788,0.020599,0.000000,0.999793,0.020357,0.008363,0.993585,0.112768,40.142480,-1.874398,0.494565,1,9,21.358380,1.770210,0,0
31.580630,-17.420730,188.380700,730.320800,1,1,1,1,2,2,0.498779,0.498439,0.498970,0.498472,0.498721,0.000008,0.999891,0.014751,0.000000,0.999889,0.014893,0.007645,0.994508,0.104373,39.452660,-1.572729,0.621351,1,9,21.364920,1.846085,0,0
31.590630,-17.447450,188.367900,730.532500,1,1,1,1,2,2,0.443808,0.487365,0.486817,0.487244,0.487031,0.000024,0.998644,0.052059,0.000000,0.999940,0.010988,0.006989,0.995321,0.096360,38.370010,-1.277705,0.749144,1,9,21.372110,1.919499,0,0
31.600630,-17.473960,188.358000,730.744400,1,1,1,1,2,2,0.477987,0.478350,0.477960,0.478326,0.478143,0.000016,0.999953,0.009664,0.000000,0.999956,0.009427,0.006389,0.996020,0.088897,36.765050,-0.993286,0.877609,1,9,21.379720,1.990383,0,0
31.610630,-17.500100,188.354200,730.955500,1,1,1,1,2,2,0.474845,0.475173,0.474923,0.475251,0.475087,0.000000,0.999967,0.008139,0.000000,0.999963,0.008645,0.005840,0.996614,0.082006,25.788550,-0.378439,1.338902,1,9,21.276830,2.042796,0,0
31.620630,-17.525980,188.352800,731.166500,1,1,1,1,2,2,0.474035,0.473348,0.474207,0.473363,0.473785,-0.000024,0.999958,0.009155,0.000000,0.999959,0.009036,0.005338,0.997113,0.075737,23.314230,-0.137056,1.447445,1,9,21.256870,2.134955,0,0
31.630630,-17.551630,188.352800,731.377600,1,1,1,1,2,2,0.473706,0.474110,0.473839,0.474228,0.474034,0.000000,0.999937,0.011189,0.000000,0.999940,0.010988,0.004879,0.997523,0.070173,22.813270,-0.002623,1.465856,1,9,21.260180,2.196182,0,0
31.640630,-17.577040,188.354100,731.588700,1,1,1,1,2,2,0.476421,0.476908,0.476404,0.476869,0.476636,0.000048,0.999913,0.013226,0.000000,0.999911,0.013331,0.004460,0.997856,0.065287,21.658620,0.126842,1.493433,1,9,21.262650,2.260438,0,0
31.650630,-17.602210,188.356500,731.799800,1,1,1,1,2,2,0.480753,0.481314,0.480818,0.481390,0.481104,0.000000,0.999868,0.016278,0.000000,0.999865,0.016454,0.004076,0.998124,0.061089,20.096890,0.244800,1.523838,1,9,21.263890,2.323252,0,0
31.660630,-17.627140,188.360000,732.010900,1,1,1,1,2,2,0.487272,0.486754,0.487191,0.486766,0.486979,0.000024,0.999744,0.022638,0.000000,0.999742,0.022698,0.003725,0.998322,0.057787,18.201540,0.347172,1.557434,1,9,21.263660,2.384701,0,0
31.670630,-17.651810,188.364300,732.222000,1,1,1,1,2,2,0.494601,0.495603,0.494473,0.495464,0.494969,0.000087,0.999534,0.030520,0.000000,0.999535,0.030497,0.003405,0.998456,0.055440,15.898230,0.430616,1.592091,1,9,21.261760,2.445293,0,0
31.680630,-17.676230,188.369200,732.433200,1,1,1,1,2,2,0.505054,0.505990,0.505055,0.506229,0.505642,-0.000008,0.999320,0.036880,0.000000,0.999325,0.036731,0.003112,0.998545,0.053830,13.300600,0.491050,1.619182,1,9,21.257940,2.505136,0,0
31.690630,-17.700380,188.374500,732.644200,1,1,1,1,2,2,0.517528,0.519153,0.517627,0.518990,0.518309,0.000000,0.999031,0.044008,0.000000,0.999043,0.043738,0.002844,0.998592,0.052962,10.604840,0.525535,1.635832,1,9,21.251960,2.563835,0,0
31.700630,-17.724270,188.379800,732.855200,1,1,1,1,2,2,0.555425,0.532752,0.530750,0.532583,0.531667,0.000072,0.996293,0.086022,0.000000,0.998195,0.060056,0.002599,0.998560,0.053572,7.680311,0.533095,1.656624,1,9,21.243800,2.621285,0,0
31.710630,-17.747880,188.384900,733.066200,1,1,1,1,2,2,0.547522,0.549582,0.547494,0.549547,0.548521,-0.000056,0.997567,0.069710,0.000000,0.997592,0.069356,0.002376,0.998487,0.054931,4.464658,0.511450,1.663872,1,9,21.233410,2.678545,0,0
31.720630,-17.771220,188.389500,733.277000,1,1,1,1,2,2,0.565952,0.568769,0.566060,0.568345,0.567202,0.000000,0.996845,0.079380,0.000000,0.996842,0.079409,0.002171,0.998369,0.057039,1.330433,0.457709,1.654686,1,9,21.220650,2.734330,0,0
31.730630,-17.794270,188.393200,733.487800,1,1,1,1,2,2,0.586048,0.588574,0.586317,0.587022,0.586670,0.000000,0.995935,0.090076,0.000000,0.995384,0.095969,0.001984,0.998172,0.060394,0.000000,0.372704,1.640367,1,9,21.205750,2.788892,0,0
31.740630,-17.817040,188.395900,733.698400,1,1,1,1,2,2,0.566137,0.609806,0.606570,0.609686,0.608128,-0.000103,0.989198,0.146582,0.000000,0.993483,0.113978,0.001814,0.997882,0.065015,0.000000,0.274464,1.639352,1,9,21.190240,2.842309,0,0
31.750630,-17.839520,188.397700,733.909000,1,1,1,1,2,2,0.630904,0.634285,0.630987,0.634361,0.632674,-0.000032,0.991932,0.126769,0.000000,0.991912,0.126931,0.001658,0.997520,0.070358,0.000000,0.176281,1.653480,1,9,21.175150,2.893662,0,0
31.760630,-17.861700,188.398500,734.119400,1,1,1,1,2,2,0.630904,0.634285,0.630987,0.634361,0.632674,-0.000032,0.991932,0.126769,0.000000,0.991912,0.126931,0.001658,0.997520,0.070358,0.000000,0.000000,1.480588,0,9,21.043780,224.290500,1,0
31.770630,-17.861700,188.398500,734.119400,1,1,1,1,2,2,0.630904,0.634285,0.630987,0.634361,0.632674,-0.000032,0.991932,0.126769,0.000000,0.991912,0.126931,0.001658,0.997520,0.070358,0.000000,0.000000,1.480166,0,9,21.037780,-0.040466,1,0
31.780630,-17.879760,188.377100,734.444900,1,1,1,1,2,2,0.630904,0.634285,0.630987,0.634361,0.632674,-0.000032,0.991932,0.126769,0.000000,0.991912,0.126931,0.001658,0.997520,0.070358,0.000000,0.000000,1.479743,0,9,21.031780,-0.040466,1,0
31.790630,-17.895470,188.358600,734.755200,1,1,1,1,2,2,0.630904,0.634285,0.630987,0.634361,0.632674,-0.000032,0.991932,0.126769,0.000000,0.991912,0.126931,0.001658,0.997520,0.070358,0.000000,0.000000,1.479321,0,9,21.025780,-0.040466,1,0
31.800630,-17.909130,188.342400,735.052400,1,1,1,1,2,2,0.630904,0.634285,0.630987,0.634361,0.632674,-0.000032,0.991932,0.126769,0.000000,0.991912,0.126931,0.001658,0.997520,0.070358,0.000000,0.000000,1.478899,0,9,21.019780,-0.040466,1,0
31.810630,-17.921000,188.328400,735.338100,1,1,1,1,2,2,0.630904,0.634285,0.630987,0.634361,0.632674,-0.000032,0.991932,0.126769,0.000000,0.991912,0.126931,0.001658,0.997520,0.070358,0.000000,0.000000,1.478477,0,9,21.013780,-0.040466,1,0
31.820630,-17.931320,188.316200,735.614000,1,1,1,1,2,2,0.630904,0.634285,0.630987,0.634361,0.632674,-0.000032,0.991932,0.126769,0.000000,0.991912,0.126931,0.001658,0.997520,0.070358,0.000000,0.000000,1.478055,0,9,21.007780,-0.040466,1,0
31.830630,-17.940290,188.305600,735.881200,1,1,1,1,2,2,0.630904,0.634285,0.630987,0.634361,0.632674,-0.000032,0.991932,0.126769,0.000000,0.991912,0.126931,0.001658,0.997520,0.070358,0.000000,0.000000,1.477633,0,9,21.001780,-0.040466,1,0
31.840630,-17.948090,188.296300,736.140900,1,1,1,1,2,2,0.630904,0.634285,0.630987,0.634361,0.632674,-0.000032,0.991932,0.126769,0.000000,0.991912,0.126931,0.001658,0.997520,0.070358,0.000000,0.000000,1.477210,0,9,20.995780,-0.040466,1,0
31.850630,-17.954870,188.288300,736.394000,1,1,1,1,2,2,0.630904,0.634285,0.630987,0.634361,0.632674,-0.000032,0.991932,0.126769,0.000000,0.991912,0.126931,0.001658,0.997520,0.070358,0.000000,0.000000,1.476788,0,9,20.989780,-0.040466,1,0
31.860630,-17.960770,188.281400,736.641500,1,1,1,1,2,2,0.630904,0.634285,0.630987,0.634361,0.632674,-0.000032,0.991932,0.126769,0.000000,0.991912,0.126931,0.001658,0.997520,0.070358,0.000000,0.000000,1.476366,0,9,20.983780,-0.040466,1,0
31.870630,-17.965890,188.275300,736.883900,1,1,1,1,2,2,0.630904,0.634285,0.630987,0.634361,0.632674,-0.000032,0.991932,0.126769,0.000000,0.991912,0.126931,0.001658,0.997520,0.070358,0.000000,0.000000,1.475944,0,9,20.977780,-0.040466,1,0
31.880630,-17.970350,188.270000,737.122100,1,1,1,1,2,2,0.630904,0.634285,0.630987,0.634361,0.632674,-0.000032,0.991932,0.126769,0.000000,0.991912,0.126931,0.001658,0.997520,0.070358,0.000000,0.000000,1.475522,0,9,20.971780,-0.040466,1,0
31.890630,-17.974220,188.265500,737.356400,1,1,1,1,2,2,0.630904,0.634285,0.630987,0.634361,0.632674,-0.000032,0.991932,0.126769,0.000000,0.991912,0.126931,0.001658,0.997520,0.070358,0.000000,0.000000,1.475100,0,9,20.965770,-0.040466,1,0
31.900630,-17.977590,188.261500,737.587500,1,1,1,1,2,2,0.630904,0.634285,0.630987,0.634361,0.632674,-0.000032,0.991932,0.126769,0.000000,0.991912,0.126931,0.001658,0.997520,0.070358,0.000000,0.000000,1.474677,0,9,20.959770,-0.040466,1,0
31.910630,-17.980520,188.258000,737.815800,1,1,1,1,2,2,0.630904,0.634285,0.630987,0.634361,0.632674,-0.000032,0.991932,0.126769,0.000000,0.991912,0.126931,0.001658,0.997520,0.070358,0.000000,0.000000,1.474255,0,9,20.953770,-0.040466,1,0
31.920640,-17.983060,188.255000,738.041500,1,1,1,1,2,2,0.630904,0.634285,0.630987,0.634361,0.632674,-0.000032,0.991932,0.126769,0.000000,0.991912,0.126931,0.001658,0.997520,0.070358,0.000000,0.000000,1.473833,0,9,20.947770,-0.040466,1,0
31.930640,-17.985280,188.252400,738.265100,1,1,1,1,2,2,0.630904,0.634285,0.630987,0.634361,0.632674,-0.000032,0.991932,0.126769,0.000000,0.991912,0.126931,0.001658,0.997520,0.070358,0.000000,0.000000,1.473411,0,9,20.941770,-0.040466,1,0
31.940640,-17.987200,188.250100,738.486800,1,1,1,1,2,2,0.630904,0.634285,0.630987,0.634361,0.632674,-0.000032,0.991932,0.126769,0.000000,0.991912,0.126931,0.001658,0.997520,0.070358,0.000000,0.000000,1.472989,0,9,20.935770,-0.040466,1,0
31.950640,-17.988870,188.248100,738.706800,1,1,1,1,2,2,0.630904,0.634285,0.630987,0.634361,0.632674,-0.000032,0.991932,0.126769,0.000000,0.991912,0.126931,0.001658,0.997520,0.070358,0.000000,0.000000,1.472566,0,9,20.929770,-0.040466,1,0
31.960640,-17.990330,188.246400,738.925400,1,1,1,1,2,2,0.630904,0.634285,0.630987,0.634361,0.632674,-0.000032,0.991932,0.126769,0.000000,0.991912,0.126931,0.001658,0.997520,0.070358,0.000000,0.000000,1.472144,0,9,20.923770,-0.040466,1,0
31.970640,-17.991590,188.244900,739.142600,1,1,1,1,2,2,0.630904,0.634285,0.630987,0.634361,0.632674,-0.000032,0.991932,0.126769,0.000000,0.991912,0.126931,0.001658,0.997520,0.070358,0.000000,0.000000,1.471722,0,9,20.917770,-0.040466,1,0
31.980640,-17.992690,188.243600,739.358800,1,1,1,1,2,2,0.630904,0.634285,0.630987,0.634361,0.632674,-0.000032,0.991932,0.126769,0.000000,0.991912,0.126931,0.001658,0.997520,0.070358,0.000000,0.000000,1.471300,0,9,20.911770,-0.040466,1,0
31.990640,-17.993640,188.242500,739.574000,1,1,1,1,2,2,0.630904,0.634285,0.630987,0.634361,0.632674,-0.000032,0.991932,0.126769,0.000000,0.991912,0.126931,0.001658,0.997520,0.070358,0.000000,0.000000,1.470878,0,9,20.905770,-0.040466,1,0
32.000640,-17.994470,188.241500,739.788300,1,1,1,1,2,2,0.630904,0.634285,0.630987,0.634361,0.632674,-0.000032,0.991932,0.126769,0.000000,0.991912,0.126931,0.001658,0.997520,0.070358,0.000000,0.000000,1.470456,0,9,20.899770,-0.040466,1,0
32.010640,-17.995200,188.240700,740.002000,1,1,1,1,2,2,0.630904,0.634285,0.630987,0.634361,0.632674,-0.000032,0.991932,0.126769,0.000000,0.991912,0.126931,0.001658,0.997520,0.070358,0.000000,0.000000,1.470033,0,9,20.893770,-0.040466,1,0
32.020630,-17.995820,188.239900,740.214800,1,1,1,1,2,2,0.630904,0.634285,0.630987,0.634361,0.632674,-0.000032,0.991932,0.126769,0.000000,0.991912,0.126931,0.001658,0.997520,0.070358,0.000000,0.000000,1.469611,0,9,20.887770,-0.040466,1,0
32.030630,-17.996370,188.239300,740.427200,1,1,1,1,2,2,0.630904,0.634285,0.630987,0.634361,0.632674,-0.000032,0.991932,0.126769,0.000000,0.991912,0.126931,0.001658,0.997520,0.070358,0.000000,0.000000,1.469189,0,9,20.881770,-0.040466,1,0
32.040630,-17.996840,188.238700,740.639000,1,1,1,1,2,2,0.630904,0.634285,0.630987,0.634361,0.632674,-0.000032,0.991932,0.126769,0.000000,0.991912,0.126931,0.001658,0.997520,0.070358,0.000000,0.000000,1.468767,0,9,20.875770,-0.040466,1,0
32.050630,-17.997260,188.238200,740.850500,1,1,1,1,2,2,0.630904,0.634285,0.630987,0.634361,0.632674,-0.000032,0.991932,0.126769,0.000000,0.991912,0.126931,0.001658,0.997520,0.070358,0.000000,0.000000,1.468345,0,9,20.869770,-0.040466,1,0
32.060630,-17.997610,188.237800,741.061400,1,1,1,1,2,2,0.630904,0.634285,0.630987,0.634361,0.632674,-0.000032,0.991932,0.126769,0.000000,0.991912,0.126931,0.001658,0.997520,0.070358,0.000000,0.000000,1.467922,0,9,20.863770,-0.040466,1,0
32.070630,-17.997930,188.237400,741.272000,1,1,1,1,2,2,0.630904,0.634285,0.630987,0.634361,0.632674,-0.000032,0.991932,0.126769,0.000000,0.991912,0.126931,0.001658,0.997520,0.070358,0.000000,0.000000,1.467500,0,9,20.857770,-0.040466,1,0
32.080620,-17.998200,188.237100,741.482400,1,1,1,1,2,2,0.630904,0.634285,0.630987,0.634361,0.632674,-0.000032,0.991932,0.126769,0.000000,0.991912,0.126931,0.001658,0.997520,0.070358,0.000000,0.000000,1.467078,0,9,20.851760,-0.040466,1,0
32.090620,-17.998430,188.236800,741.692300,1,1,1,1,2,2,0.630904,0.634285,0.630987,0.634361,0.632674,-0.000032,0.991932,0.126769,0.000000,0.991912,0.126931,0.001658,0.997520,0.070358,0.000000,0.000000,1.466656,0,9,20.845760,-0.040466,1,0
32.100620,-17.998640,188.236600,741.902100,1,1,1,1,2,2,0.630904,0.634285,0.630987,0.634361,0.632674,-0.000032,0.991932,0.126769,0.000000,0.991912,0.126931,0.001658,0.997520,0.070358,0.000000,0.000000,1.466234,0,9,20.839760,-0.040466,1,0
32.110620,-17.998820,188.236400,742.111600,1,1,1,1,2,2,0.630904,0.634285,0.630987,0.634361,0.632674,-0.000032,0.991932,0.126769,0.000000,0.991912,0.126931,0.001658,0.997520,0.070358,0.000000,0.000000,1.465811,0,9,20.833760,-0.040466,1,0
32.120620,-17.998970,188.236200,742.321000,1,1,1,1,2,2,0.630904,0.634285,0.630987,0.634361,0.632674,-0.000032,0.991932,0.126769,0.000000,0.991912,0.126931,0.001658,0.997520,0.070358,0.000000,0.000000,1.465389,0,9,20.827760,-0.040466,1,0
32.130620,-17.999110,188.236000,742.530200,1,1,1,1,2,2,0.630904,0.634285,0.630987,0.634361,0.632674,-0.000032,0.991932,0.126769,0.000000,0.991912,0.126931,0.001658,0.997520,0.070358,0.000000,0.000000,1.464967,0,9,20.821760,-0.040466,1,0
32.140610,-17.999220,188.235900,742.739100,1,1,1,1,2,2,0.630904,0.634285,0.630987,0.634361,0.632674,-0.000032,0.991932,0.126769,0.000000,0.991912,0.126931,0.001658,0.997520,0.070358,0.000000,0.000000,1.464545,0,9,20.815760,-0.040466,1,0
32.150610,-17.999320,188.235800,742.947800,1,1,1,1,2,2,0.630904,0.634285,0.630987,0.634361,0.632674,-0.000032,0.991932,0.126769,0.000000,0.991912,0.126931,0.001658,0.997520,0.070358,0.000000,0.000000,1.464123,0,9,20.809760,-0.040466,1,0
32.160610,-17.999410,188.235700,743.156600,1,1,1,1,2,2,0.630904,0.634285,0.630987,0.634361,0.632674,-0.000032,0.991932,0.126769,0.000000,0.991912,0.126931,0.001658,0.997520,0.070358,0.000000,0.000000,1.463701,0,9,20.803760,-0.040466,1,0
32.170610,-17.999490,188.235600,743.365100,1,1,1,1,2,2,0.630904,0.634285,0.630987,0.634361,0.632674,-0.000032,0.991932,0.126769,0.000000,0.991912,0.126931,0.001658,0.997520,0.070358,0.000000,0.000000,1.463278,0,9,20.797760,-0.040466,1,0
32.180610,-17.999560,188.235500,743.573500,1,1,1,1,2,2,0.630904,0.634285,0.630987,0.634361,0.632674,-0.000032,0.991932,0.126769,0.000000,0.991912,0.126931,0.001658,0.997520,0.070358,0.000000,0.000000,1.462856,0,9,20.791760,-0.040466,1,0
32.190610,-17.999610,188.235400,743.781700,1,1,1,1,2,2,0.630904,0.634285,0.630987,0.634361,0.632674,-0.000032,0.991932,0.126769,0.000000,0.991912,0.126931,0.001658,0.997520,0.070358,0.000000,0.000000,1.462434,0,9,20.785760,-0.040466,1,0
32.200600,-17.999660,188.235400,743.989900,1,1,1,1,2,2,0.630904,0.634285,0.630987,0.634361,0.632674,-0.000032,0.991932,0.126769,0.000000,0.991912,0.126931,0.001658,0.997520,0.070358,0.000000,0.000000,1.462012,0,9,20.779760,-0.040466,1,0
32.210600,-17.999710,188.235300,744.198000,1,1,1,1,2,2,0.630904,0.634285,0.630987,0.634361,0.632674,-0.000032,0.991932,0.126769,0.000000,0.991912,0.126931,0.001658,0.997520,0.070358,0.000000,0.000000,1.461590,0,9,20.773760,-0.040466,1,0
32.220600,-17.999750,188.235300,744.406000,1,1,1,1,2,2,0.630904,0.634285,0.630987,0.634361,0.632674,-0.000032,0.991932,0.126769,0.000000,0.991912,0.126931,0.001658,0.997520,0.070358,0.000000,0.000000,1.461168,0,9,20.767760,-0.040466,1,0
32.230600,-17.999780,188.235200,744.613900,1,1,1,1,2,2,0.630904,0.634285,0.630987,0.634361,0.632674,-0.000032,0.991932,0.126769,0.000000,0.991912,0.126931,0.001658,0.997520,0.070358,0.000000,0.000000,1.460745,0,9,20.761760,-0.040466,1,0
32.240600,-17.999810,188.235200,744.821700,1,1,1,1,2,2,0.630904,0.634285,0.630987,0.634361,0.632674,-0.000032,0.991932,0.126769,0.000000,0.991912,0.126931,0.001658,0.997520,0.070358,0.000000,0.000000,1.460323,0,9,20.755760,-0.040466,1,0
32.250600,-17.999830,188.235200,745.029400,1,1,1,1,2,2,0.630904,0.634285,0.630987,0.634361,0.632674,-0.000032,0.991932,0.126769,0.000000,0.991912,0.126931,0.001658,0.997520,0.070358,0.000000,0.000000,1.459901,0,9,20.749760,-0.040466,1,0
32.260590,-17.999860,188.235200,745.237100,1,1,1,1,2,2,0.630904,0.634285,0.630987,0.634361,0.632674,-0.000032,0.991932,0.126769,0.000000,0.991912,0.126931,0.001658,0.997520,0.070358,0.000000,0.000000,1.459479,0,9,20.743760,-0.040466,1,0
32.270590,-17.999870,188.235100,745.444600,1,1,1,1,1,1,0.533910,0.531454,0.251566,0.538997,0.395282,0.003012,0.999996,0.000000,-0.258819,0.965926,0.000000,0.001658,0.997520,0.070358,0.000000,3.500000,4.950377,0,9,21.031040,-2.285610,0,0
32.280590,-17.999870,188.269100,745.652000,1,1,1,1,1,1,0.557686,0.555083,0.260369,0.563047,0.411708,0.003012,0.999996,0.000000,-0.258819,0.965926,0.000000,0.001658,0.997520,0.070358,0.000000,3.401900,4.852521,0,9,21.014930,0.062928,0,0
32.290590,-17.999870,188.302200,745.859400,1,1,1,1,1,1,0.580780,0.578034,0.268919,0.586406,0.427663,0.003012,0.999996,0.000000,-0.258819,0.965926,0.000000,0.001658,0.997520,0.070358,0.000000,3.303800,4.754664,0,9,20.999280,0.062928,0,0
32.300590,-17.999870,188.334200,746.066800,1,1,1,1,1,1,0.603190,0.600306,0.277217,0.609075,0.443146,0.003012,0.999996,0.000000,-0.258819,0.965926,0.000000,0.001658,0.997520,0.070358,0.000000,3.205700,4.656807,0,9,20.984070,0.062928,0,0
32.310590,-17.999870,188.365300,746.274200,1,1,1,1,1,1,0.554170,0.621899,0.630880,0.631054,0.630967,-0.059715,0.998215,-0.000782,0.000000,1.000000,0.000000,0.001658,0.997520,0.070358,0.000000,3.107600,4.558951,0,9,20.969300,0.062928,0,0
32.320580,-17.999870,188.395400,746.481600,1,1,1,1,1,1,0.586007,0.642804,0.652158,0.652331,0.652244,-0.048500,0.998823,-0.000772,0.000000,1.000000,0.000000,0.001658,0.997520,0.070358,0.000000,3.009500,4.461094,0,9,20.954990,0.062928,0,0
32.330580,-17.999870,188.424500,746.689000,1,0,1,0,1,0,0.618059,0.000000,0.672745,0.000000,0.672745,-0.769528,0.638613,0.000000,-0.707107,0.707107,0.000000,0.001658,0.997520,0.070358,0.000000,2.911400,4.363237,0,9,20.941130,0.062928,0,0
32.340580,-17.999870,188.452700,746.896400,1,0,1,0,1,0,0.649438,0.000000,0.692631,0.000000,0.692631,-0.755768,0.654840,0.000000,-0.707107,0.707107,0.000000,0.001658,0.997520,0.070358,0.000000,2.813300,4.265381,0,9,20.927710,0.062928,0,0
32.350580,-17.999870,188.479800,747.103800,1,0,1,0,1,0,0.680444,0.000000,0.711827,0.000000,0.711827,-0.742054,0.670341,0.000000,-0.707107,0.707107,0.000000,0.001658,0.997520,0.070358,0.000000,2.715200,4.167524,0,9,20.914750,0.062928,0,0
32.360580,-17.999870,188.506000,747.311200,1,0,1,0,1,0,0.711008,0.000000,0.730333,0.000000,0.730333,-0.728409,0.685143,0.000000,-0.707107,0.707107,0.000000,0.001658,0.997520,0.070358,0.000000,2.617100,4.069667,0,9,20.902240,0.062928,0,0
32.370570,-17.999870,188.531200,747.518600,1,0,1,0,1,0,0.789931,0.000000,0.328186,0.000000,0.328186,-0.714351,0.690471,0.113808,-0.965926,0.258819,0.000000,0.001658,0.997520,0.070358,0.000000,2.519001,3.971811,0,9,20.890180,0.062928,0,0
32.380570,-17.999870,188.555400,747.726000,0,0,0,0,0,0,0.000000,0.000000,0.000000,0.000000,0.328186,0.000000,0.000000,0.000000,-0.965926,0.258819,0.000000,0.001658,0.997520,0.070358,0.000000,2.420901,3.873954,0,9,20.878580,0.062928,0,0
32.390570,-17.999870,188.578600,747.933300,0,0,0,0,0,0,0.000000,0.000000,0.000000,0.000000,0.328186,0.000000,0.000000,0.000000,-0.965926,0.258819,0.000000,0.001658,0.997520,0.070358,0.000000,2.322801,3.776097,0,9,20.867440,0.062928,0,0
32.400570,-17.999870,188.600900,748.140700,0,0,0,0,0,0,0.000000,0.000000,0.000000,0.000000,0.328186,0.000000,0.000000,0.000000,-0.965926,0.258819,0.000000,0.001658,0.997520,0.070358,0.000000,2.224701,3.678241,0,9,20.856740,0.062928,0,0
32.410570,-17.999870,188.622100,748.348100,0,0,0,0,0,0,0.000000,0.000000,0.000000,0.000000,0.328186,0.000000,0.000000,0.000000,-0.965926,0.258819,0.000000,0.001658,0.997520,0.070358,0.000000,2.126601,3.580384,0,9,20.846510,0.062928,0,0
32.420570,-17.999870,188.642400,748.555500,0,0,0,0,0,0,0.000000,0.000000,0.000000,0.000000,0.328186,0.000000,0.000000,0.000000,-0.965926,0.258819,0.000000,0.001658,0.997520,0.070358,0.000000,2.028501,3.482527,0,9,20.836730,0.062928,0,0
32.430560,-17.999870,188.661700,748.762900,0,0,0,0,0,0,0.000000,0.000000,0.000000,0.000000,0.328186,0.000000,0.000000,0.000000,-0.965926,0.258819,0.000000,0.001658,0.997520,0.070358,0.000000,1.930401,3.384670,0,9,20.827410,0.062928,0,0
32.440560,-17.999870,188.680000,748.970300,0,0,0,0,0,0,0.000000,0.000000,0.000000,0.000000,0.328186,0.000000,0.000000,0.000000,-0.965926,0.258819,0.000000,0.001658,0.997520,0.070358,0.000000,1.832301,3.286814,0,9,20.818540,0.062928,0,0
32.450560,-17.999870,188.697400,749.177700,0,0,0,0,0,0,0.000000,0.000000,0.000000,0.000000,0.328186,0.000000,0.000000,0.000000,-0.965926,0.258819,0.000000,0.001658,0.997520,0.070358,0.000000,1.734201,3.188957,0,9,20.810140,0.062928,0,0
32.460560,-17.999870,188.713700,749.385100,0,0,0,0,0,0,0.000000,0.000000,0.000000,0.000000,0.328186,0.000000,0.000000,0.000000,-0.965926,0.258819,0.000000,0.001658,0.997520,0.070358,0.000000,1.636101,3.091100,0,9,20.802190,0.062928,0,0
32.470560,-17.999870,188.729100,749.592500,0,0,0,0,0,0,0.000000,0.000000,0.000000,0.000000,0.328186,0.000000,0.000000,0.000000,-0.965926,0.258819,0.000000,0.001658,0.997520,0.070358,0.000000,1.538001,2.993244,0,9,20.794710,0.062928,0,0
32.480560,-17.999870,188.743500,749.799900,0,0,0,0,0,0,0.000000,0.000000,0.000000,0.000000,0.328186,0.000000,0.000000,0.000000,-0.965926,0.258819,0.000000,0.001658,0.997520,0.070358,0.000000,1.439901,2.895387,0,9,20.787680,0.062928,0,0
32.490550,-17.999870,188.756900,750.007300,0,0,0,0,0,0,0.000000,0.000000,0.000000,0.000000,0.328186,0.000000,0.000000,0.000000,-0.965926,0.258819,0.000000,0.001658,0.997520,0.070358,0.000000,1.341801,2.797530,0,9,20.781120,0.062928,0,0
32.500550,-17.999870,188.769400,750.214700,0,0,0,0,0,0,0.000000,0.000000,0.000000,0.000000,0.328186,0.000000,0.000000,0.000000,-0.965926,0.258819,0.000000,0.001658,0.997520,0.070358,0.000000,1.243701,2.699674,0,9,20.775010,0.062928,0,0
32.510550,-17.999870,188.780800,750.422100,0,0,0,0,0,0,0.000000,0.000000,0.000000,0.000000,0.328186,0.000000,0.000000,0.000000,-0.965926,0.258819,0.000000,0.001658,0.997520,0.070358,0.000000,1.145601,2.601817,0,9,20.769370,0.062928,0,0
32.520550,-17.999870,188.791300,750.629500,0,0,0,0,0,0,0.000000,0.000000,0.000000,0.000000,0.328186,0.000000,0.000000,0.000000,-0.965926,0.258819,0.000000,0.001658,0.997520,0.070358,0.000000,1.047501,2.503960,0,9,20.764190,0.062928,0,0
32.530550,-17.999870,188.800800,750.836900,0,0,0,0,0,0,0.000000,0.000000,0.000000,0.000000,0.328186,0.000000,0.000000,0.000000,-0.965926,0.258819,0.000000,0.001658,0.997520,0.070358,0.000000,0.949401,2.406104,0,9,20.759480,0.062928,0,0
32.540550,-17.999870,188.809300,751.044300,0,0,0,0,0,0,0.000000,0.000000,0.000000,0.000000,0.328186,0.000000,0.000000,0.000000,-0.965926,0.258819,0.000000,0.001658,0.997520,0.070358,0.000000,0.851301,2.308247,0,9,20.755220,0.062928,0,0
32.550540,-17.999870,188.816800,751.251700,0,0,0,0,0,0,0.000000,0.000000,0.000000,0.000000,0.328186,0.000000,0.000000,0.000000,-0.965926,0.258819,0.000000,0.001658,0.997520,0.070358,0.000000,0.753201,2.210390,0,9,20.751430,0.062928,0,0
32.560540,-17.999870,188.823400,751.459100,0,0,0,0,0,0,0.000000,0.000000,0.000000,0.000000,0.328186,0.000000,0.000000,0.000000,-0.965926,0.258819,0.000000,0.001658,0.997520,0.070358,0.000000,0.655101,2.112533,0,9,20.748100,0.062928,0,0
32.570540,-17.999870,188.829000,751.666500,0,0,0,0,0,0,0.000000,0.000000,0.000000,0.000000,0.328186,0.000000,0.000000,0.000000,-0.965926,0.258819,0.000000,0.001658,0.997520,0.070358,0.000000,0.557001,2.014677,0,9,20.745230,0.062928,0,0
32.580540,-17.999870,188.833600,751.873900,0,0,0,0,0,0,0.000000,0.000000,0.000000,0.000000,0.328186,0.000000,0.000000,0.000000,-0.965926,0.258819,0.000000,0.001658,0.997520,0.070358,0.000000,0.458901,1.916820,0,9,20.742830,0.062928,0,0
32.590540,-17.999870,188.837200,752.081300,0,0,0,0,0,0,0.000000,0.000000,0.000000,0.000000,0.328186,0.000000,0.000000,0.000000,-0.965926,0.258819,0.000000,0.001658,0.997520,0.070358,0.000000,0.360801,1.818963,0,9,20.740890,0.062928,0,0
32.600540,-17.999870,188.839800,752.288700,0,0,0,0,0,0,0.000000,0.000000,0.000000,0.000000,0.328186,0.000000,0.000000,0.000000,-0.965926,0.258819,0.000000,0.001658,0.997520,0.070358,0.000000,0.262701,1.721106,0,9,20.739420,0.062928,0,0
32.610530,-17.999870,188.841400,752.496100,0,0,0,0,0,0,0.000000,0.000000,0.000000,0.000000,0.328186,0.000000,0.000000,0.000000,-0.965926,0.258819,0.000000,0.001658,0.997520,0.070358,0.000000,0.164601,1.623250,0,9,20.738410,0.062928,0,0
32.620530,-17.999870,188.842100,752.703500,0,0,0,0,0,0,0.000000,0.000000,0.000000,0.000000,0.328186,0.000000,0.000000,0.000000,-0.965926,0.258819,0.000000,0.001658,0.997520,0.070358,0.000000,0.066501,1.525393,0,9,20.737860,0.062928,0,0
32.630530,-17.999870,188.841800,752.910900,0,0,0,0,0,0,0.000000,0.000000,0.000000,0.000000,0.328186,0.000000,0.000000,0.000000,-0.965926,0.258819,0.000000,0.001658,0.997520,0.070358,0.000000,-0.031599,1.427536,0,9,20.737780,0.062928,0,0
32.640530,-17.999870,188.840500,753.118300,0,0,0,0,0,0,0.000000,0.000000,0.000000,0.000000,0.328186,0.000000,0.000000,0.000000,-0.965926,0.258819,0.000000,0.001658,0.997520,0.070358,0.000000,-0.129699,1.329679,0,9,20.738160,0.062928,0,0
32.650530,-17.999870,188.838200,753.325700,0,0,0,0,0,0,0.000000,0.000000,0.000000,0.000000,0.328186,0.000000,0.000000,0.000000,-0.965926,0.258819,0.000000,0.001658,0.997520,0.070358,0.000000,-0.227799,1.231823,0,9,20.739010,0.062928,0,0
32.660530,-17.999870,188.834900,753.533100,0,0,0,0,0,0,0.000000,0.000000,0.000000,0.000000,0.328186,0.000000,0.000000,0.000000,-0.965926,0.258819,0.000000,0.001658,0.997520,0.070358,0.000000,-0.325899,1.133966,0,9,20.740320,0.062928,0,0
32.670520,-17.999870,188.830700,753.740500,0,0,0,0,0,0,0.000000,0.000000,0.000000,0.000000,0.328186,0.000000,0.000000,0.000000,-0.965926,0.258819,0.000000,0.001658,0.997520,0.070358,0.000000,-0.423999,1.036109,0,9,20.742090,0.062928,0,0
32.680520,-17.999870,188.825500,753.947900,0,0,0,0,0,0,0.000000,0.000000,0.000000,0.000000,0.328186,0.000000,0.000000,0.000000,-0.965926,0.258819,0.000000,0.001658,0.997520,0.070358,0.000000,-0.522099,0.938253,0,9,20.744330,0.062928,0,0
32.690520,-17.999870,188.819300,754.155300,0,0,0,0,0,0,0.000000,0.000000,0.000000,0.000000,0.328186,0.000000,0.000000,0.000000,-0.965926,0.258819,0.000000,0.001658,0.997520,0.070358,0.000000,-0.620199,0.840396,0,9,20.747030,0.062928,0,0
32.700520,-17.999870,188.812100,754.362700,0,0,0,0,0,0,0.000000,0.000000,0.000000,0.000000,0.328186,0.000000,0.000000,0.000000,-0.965926,0.258819,0.000000,0.001658,0.997520,0.070358,0.000000,-0.718299,0.742539,0,9,20.750190,0.062928,0,0
32.710520,-17.999870,188.803900,754.570100,0,0,0,0,0,0,0.000000,0.000000,0.000000,0.000000,0.328186,0.000000,0.000000,0.000000,-0.965926,0.258819,0.000000,0.001658,0.997520,0.070358,0.000000,-0.816399,0.644682,0,9,20.753820,0.062928,0,0
32.720520,-17.999870,188.794800,754.777500,0,0,0,0,0,0,0.000000,0.000000,0.000000,0.000000,0.328186,0.000000,0.000000,0.000000,-0.965926,0.258819,0.000000,0.001658,0.997520,0.070358,0.000000,-0.914499,0.546826,0,9,20.757910,0.062928,0,0
32.730510,-17.999870,188.784700,754.984900,0,0,0,0,0,0,0.000000,0.000000,0.000000,0.000000,0.328186,0.000000,0.000000,0.000000,-0.965926,0.258819,0.000000,0.001658,0.997520,0.070358,0.000000,-1.012599,0.448969,0,9,20.762460,0.062928,0,0
32.740510,-17.999870,188.773600,755.192300,0,0,0,0,0,0,0.000000,0.000000,0.000000,0.000000,0.328186,0.000000,0.000000,0.000000,-0.965926,0.258819,0.000000,0.001658,0.997520,0.070358,0.000000,-1.110699,0.351112,0,9,20.767480,0.062928,0,0
32.750510,-17.999870,188.761500,755.399700,0,0,0,0,0,0,0.000000,0.000000,0.000000,0.000000,0.328186,0.000000,0.000000,0.000000,-0.965926,0.258819,0.000000,0.001658,0.997520,0.070358,0.000000,-1.208799,0.253256,0,9,20.772950,0.062928,0,0
32.760510,-17.999870,188.748400,755.607100,0,0,0,0,0,0,0.000000,0.000000,0.000000,0.000000,0.328186,0.000000,0.000000,0.000000,-0.965926,0.258819,0.000000,0.001658,0.997520,0.070358,0.000000,-1.306899,0.155399,0,9,20.778890,0.062928,0,0
32.770510,-17.999870,188.734400,755.814500,0,0,0,0,0,0,0.000000,0.000000,0.000000,0.000000,0.328186,0.000000,0.000000,0.000000,-0.965926,0.258819,0.000000,0.001658,0.997520,0.070358,0.000000,-1.404999,0.057542,0,9,20.785300,0.062928,0,0
32.780510,-17.999870,188.719300,756.021900,0,0,0,0,0,0,0.000000,0.000000,0.000000,0.000000,0.328186,0.000000,0.000000,0.000000,-0.965926,0.258819,0.000000,0.001658,0.997520,0.070358,0.000000,-1.503098,-0.040315,0,9,20.792160,0.062928,0,0
32.790500,-17.999870,188.703300,756.229200,0,0,0,0,0,0,0.000000,0.000000,0.000000,0.000000,0.328186,0.000000,0.000000,0.000000,-0.965926,0.258819,0.000000,0.001658,0.997520,0.070358,0.000000,-1.601198,-0.138171,0,9,20.799480,0.062928,0,0
32.800500,-17.999870,188.686300,756.436600,0,0,0,0,0,0,0.000000,0.000000,0.000000,0.000000,0.328186,0.000000,0.000000,0.000000,-0.965926,0.258819,0.000000,0.001658,0.997520,0.070358,0.000000,-1.699298,-0.236028,0,9,20.807260,0.062928,0,0
32.810500,-17.999870,188.668400,756.644000,0,0,0,0,0,0,0.000000,0.000000,0.000000,0.000000,0.328186,0.000000,0.000000,0.000000,-0.965926,0.258819,0.000000,0.001658,0.997520,0.070358,0.000000,-1.797398,-0.333885,0,9,20.815500,0.062928,0,0
32.820500,-17.999870,188.649400,756.851400,0,0,0,0,0,0,0.000000,0.000000,0.000000,0.000000,0.328186,0.000000,0.000000,0.000000,-0.965926,0.258819,0.000000,0.001658,0.997520,0.070358,0.000000,-1.895498,-0.431741,0,9,20.824200,0.062928,0,0
32.830500,-17.999870,188.629500,757.058800,0,0,0,0,0,0,0.000000,0.000000,0.000000,0.000000,0.328186,0.000000,0.000000,0.000000,-0.965926,0.258819,0.000000,0.001658,0.997520,0.070358,0.000000,-1.993598,-0.529598,0,9,20.833360,0.062928,0,0
32.840500,-17.999870,188.608500,757.266200,0,0,0,0,0,0,0.000000,0.000000,0.000000,0.000000,0.328186,0.000000,0.000000,0.000000,-0.965926,0.258819,0.000000,0.001658,0.997520,0.070358,0.000000,-2.091698,-0.627455,0,9,20.842980,0.062928,0,0
32.850490,-17.999870,188.586600,757.473600,0,0,0,0,0,0,0.000000,0.000000,0.000000,0.000000,0.328186,0.000000,0.000000,0.000000,-0.965926,0.258819,0.000000,0.001658,0.997520,0.070358,0.000000,-2.189798,-0.725311,0,9,20.853050,0.062928,0,0
32.860490,-17.999870,188.563800,757.681000,0,0,0,0,0,0,0.000000,0.000000,0.000000,0.000000,0.328186,0.000000,0.000000,0.000000,-0.965926,0.258819,0.000000,0.001658,0.997520,0.070358,0.000000,-2.287898,-0.823168,0,9,20.863580,0.062928,0,0
32.870490,-17.999870,188.539900,757.888400,0,0,0,0,0,0,0.000000,0.000000,0.000000,0.000000,0.328186,0.000000,0.000000,0.000000,-0.965926,0.258819,0.000000,0.001658,0.997520,0.070358,0.000000,-2.385998,-0.921025,0,9,20.874570,0.062928,0,0
32.880490,-17.999870,188.515100,758.095800,0,0,0,0,0,0,0.000000,0.000000,0.000000,0.000000,0.328186,0.000000,0.000000,0.000000,-0.965926,0.258819,0.000000,0.001658,0.997520,0.070358,0.000000,-2.484098,-1.018881,0,9,20.886010,0.062928,0,0
32.890490,-17.999870,188.489200,758.303200,0,0,0,0,0,0,0.000000,0.000000,0.000000,0.000000,0.328186,0.000000,0.000000,0.000000,-0.965926,0.258819,0.000000,0.001658,0.997520,0.070358,0.000000,-2.582198,-1.116738,0,9,20.897900,0.062928,0,0
32.900490,-17.999870,188.462400,758.510600,0,0,0,0,0,0,0.000000,0.000000,0.000000,0.000000,0.328186,0.000000,0.000000,0.000000,-0.965926,0.258819,0.000000,0.001658,0.997520,0.070358,0.000000,-2.680298,-1.214595,0,9,20.910250,0.062928,0,0
32.910480,-17.999870,188.434600,758.718000,0,0,0,0,0,0,0.000000,0.000000,0.000000,0.000000,0.328186,0.000000,0.000000,0.000000,-0.965926,0.258819,0.000000,0.001658,0.997520,0.070358,0.000000,-2.778398,-1.312451,0,9,20.923050,0.062928,0,0
32.920480,-17.999870,188.405900,758.925400,0,0,0,0,0,0,0.000000,0.000000,0.000000,0.000000,0.328186,0.000000,0.000000,0.000000,-0.965926,0.258819,0.000000,0.001658,0.997520,0.070358,0.000000,-2.876498,-1.410308,0,9,20.936300,0.062928,0,0
32.930480,-17.999870,188.376100,759.132800,0,0,0,0,0,0,0.000000,0.000000,0.000000,0.000000,0.328186,0.000000,0.000000,0.000000,-0.965926,0.258819,0.000000,0.001658,0.997520,0.070358,0.000000,-2.974598,-1.508165,0,9,20.950000,0.062928,0,0
32.940480,-17.999870,188.345400,759.340200,0,0,0,0,0,0,0.000000,0.000000,0.000000,0.000000,0.328186,0.000000,0.000000,0.000000,-0.965926,0.258819,0.000000,0.001658,0.997520,0.070358,0.000000,-3.072698,-1.606022,0,9,20.964160,0.062928,0,0
32.950480,-17.999870,188.313700,759.547600,0,0,0,0,0,0,0.000000,0.000000,0.000000,0.000000,0.328186,0.000000,0.000000,0.000000,-0.965926,0.258819,0.000000,0.001658,0.997520,0.070358,0.000000,-3.170798,-1.703878,0,9,20.978760,0.062928,0,0
32.960480,-17.999870,188.281000,759.755000,0,0,0,0,0,0,0.000000,0.000000,0.000000,0.000000,0.328186,0.000000,0.000000,0.000000,-0.965926,0.258819,0.000000,0.001658,0.997520,0.070358,0.000000,-3.268898,-1.801735,0,9,20.993810,0.062928,0,0
32.970470,-17.999870,188.247300,759.962400,0,0,0,0,0,0,0.000000,0.000000,0.000000,0.000000,0.328186,0.000000,0.000000,0.000000,-0.965926,0.258819,0.000000,0.001658,0.997520,0.070358,0.000000,-3.366997,-1.899592,0,9,21.009310,0.062928,0,0
32.980470,-17.999870,188.212700,760.169800,0,0,0,0,0,0,0.000000,0.000000,0.000000,0.000000,0.328186,0.000000,0.000000,0.000000,-0.965926,0.258819,0.000000,0.001658,0.997520,0.070358,0.000000,-3.465097,-1.997448,0,9,21.025260,0.062928,0,0
32.990470,-17.999870,188.177100,760.377200,0,0,0,0,0,0,0.000000,0.000000,0.000000,0.000000,0.328186,0.000000,0.000000,0.000000,-0.965926,0.258819,0.000000,0.001658,0.997520,0.070358,0.000000,-3.563197,-2.095305,0,9,21.041650,0.062928,0,0
33.000470,-17.999870,188.140500,760.584600,0,0,0,0,0,0,0.000000,0.000000,0.000000,0.000000,0.328186,0.000000,0.000000,0.000000,-0.965926,0.258819,0.000000,0.001658,0.997520,0.070358,0.000000,-3.661297,-2.193162,0,9,21.058480,0.062928,0,0
33.010470,-17.999870,188.102900,760.792000,0,0,0,0,0,0,0.000000,0.000000,0.000000,0.000000,0.328186,0.000000,0.000000,0.000000,-0.965926,0.258819,0.000000,0.001658,0.997520,0.070358,0.000000,-3.759397,-2.291018,0,9,21.075760,0.062928,0,0
33.020470,-17.999870,188.064300,760.999400,0,0,0,0,0,0,0.000000,0.000000,0.000000,0.000000,0.328186,0.000000,0.000000,0.000000,-0.965926,0.258819,0.000000,0.001658,0.997520,0.070358,0.000000,-3.857497,-2.388875,0,9,21.093480,0.062928,0,0
33.030460,-17.999870,188.024700,761.206800,0,0,0,0,0,0,0.000000,0.000000,0.000000,0.000000,0.328186,0.000000,0.000000,0.000000,-0.965926,0.258819,0.000000,0.001658,0.997520,0.070358,0.000000,-3.955597,-2.486732,0,9,21.111640,0.062928,0,0
33.040460,-17.999870,187.984200,761.414200,0,0,0,0,0,0,0.000000,0.000000,0.000000,0.000000,0.328186,0.000000,0.000000,0.000000,-0.965926,0.258819,0.000000,0.001658,0.997520,0.070358,0.000000,-4.053697,-2.584589,0,9,21.130240,0.062928,0,0
33.050460,-17.999870,187.942700,761.621600,0,0,0,0,0,0,0.000000,0.000000,0.000000,0.000000,0.328186,0.000000,0.000000,0.000000,-0.965926,0.258819,0.000000,0.001658,0.997520,0.070358,0.000000,-4.151797,-2.682445,0,9,21.149280,0.062928,0,0
33.060460,-17.999870,187.900200,761.829000,0,0,0,0,0,0,0.000000,0.000000,0.000000,0.000000,0.328186,0.000000,0.000000,0.000000,-0.965926,0.258819,0.000000,0.001658,0.997520,0.070358,0.000000,-4.249897,-2.780302,0,9,21.168750,0.062928,0,0
33.070460,-17.999870,187.856700,762.036400,0,0,0,0,0,0,0.000000,0.000000,0.000000,0.000000,0.328186,0.000000,0.000000,0.000000,-0.965926,0.258819,0.000000,0.001658,0.997520,0.070358,0.000000,-4.347998,-2.878159,0,9,21.188670,0.062928,0,0
33.080460,-17.999870,187.812200,762.243800,0,0,0,0,0,0,0.000000,0.000000,0.000000,0.000000,0.328186,0.000000,0.000000,0.000000,-0.965926,0.258819,0.000000,0.001658,0.997520,0.070358,0.000000,-4.446098,-2.976016,0,9,21.209010,0.062928,0,0
33.090450,-17.999870,187.766800,762.451200,0,0,0,0,0,0,0.000000,0.000000,0.000000,0.000000,0.328186,0.000000,0.000000,0.000000,-0.965926,0.258819,0.000000,0.001658,0.997520,0.070358,0.000000,-4.544198,-3.073873,0,9,21.229800,0.062928,0,0
33.100450,-17.999870,187.720400,762.658600,0,0,0,0,0,0,0.000000,0.000000,0.000000,0.000000,0.328186,0.000000,0.000000,0.000000,-0.965926,0.258819,0.000000,0.001658,0.997520,0.070358,0.000000,-4.642298,-3.171730,0,9,21.251010,0.062928,0,0
33.110450,-17.999870,187.673000,762.866000,0,0,0,0,0,0,0.000000,0.000000,0.000000,0.000000,0.328186,0.000000,0.000000,0.000000,-0.965926,0.258819,0.000000,0.001658,0.997520,0.070358,0.000000,-4.740398,-3.269587,0,9,21.272660,0.062928,0,0
33.120450,-17.999870,187.624600,763.073400,0,0,0,0,0,0,0.000000,0.000000,0.000000,0.000000,0.328186,0.000000,0.000000,0.000000,-0.965926,0.258819,0.000000,0.001658,0.997520,0.070358,0.000000,-4.838499,-3.367444,0,9,21.294730,0.062928,0,0
33.130450,-17.999870,187.575200,763.280800,0,0,0,0,0,0,0.000000,0.000000,0.000000,0.000000,0.328186,0.000000,0.000000,0.000000,-0.965926,0.258819,0.000000,0.001658,0.997520,0.070358,0.000000,-4.936599,-3.465301,0,9,21.317230,0.062928,0,0
33.140450,-17.999870,187.524900,763.488200,0,0,0,0,0,0,0.000000,0.000000,0.000000,0.000000,0.328186,0.000000,0.000000,0.000000,-0.965926,0.258819,0.000000,0.001658,0.997520,0.070358,0.000000,-5.034699,-3.563158,0,9,21.340170,0.062928,0,0
33.150440,-17.999870,187.473500,763.695600,0,0,0,0,0,0,0.000000,0.000000,0.000000,0.000000,0.328186,0.000000,0.000000,0.000000,-0.965926,0.258819,0.000000,0.001658,0.997520,0.070358,0.000000,-5.132799,-3.661015,0,9,21.363520,0.062928,0,0
33.160440,-17.999870,187.421200,763.903000,0,0,0,0,0,0,0.000000,0.000000,0.000000,0.000000,0.328186,0.000000,0.000000,0.000000,-0.965926,0.258819,0.000000,0.001658,0.997520,0.070358,0.000000,-5.230899,-3.758872,0,9,21.387300,0.062928,0,0
33.170440,-17.999870,187.367900,764.110400,0,0,0,0,0,0,0.000000,0.000000,0.000000,0.000000,0.328186,0.000000,0.000000,0.000000,-0.965926,0.258819,0.000000,0.001658,0.997520,0.070358,0.000000,-5.329000,-3.856728,0,9,21.411510,0.062928,0,0
33.180440,-17.999870,187.313700,764.317700,0,0,0,0,0,0,0.000000,0.000000,0.000000,0.000000,0.328186,0.000000,0.000000,0.000000,-0.965926,0.258819,0.000000,0.001658,0.997520,0.070358,0.000000,-5.427100,-3.954585,0,9,21.436130,0.062928,0,0
33.190440,-17.999870,187.258400,764.525100,0,0,0,0,0,0,0.000000,0.000000,0.000000,0.000000,0.328186,0.000000,0.000000,0.000000,-0.965926,0.258819,0.000000,0.001658,0.997520,0.070358,0.000000,-5.525200,-4.052442,0,9,21.461180,0.062928,0,0
33.200440,-17.999870,187.202200,764.732500,0,0,0,0,0,0,0.000000,0.000000,0.000000,0.000000,0.328186,0.000000,0.000000,0.000000,-0.965926,0.258819,0.000000,0.001658,0.997520,0.070358,0.000000,-5.623300,-4.150299,0,9,21.486650,0.062928,0,0
33.210430,-17.999870,187.145000,764.939900,0,0,0,0,0,0,0.000000,0.000000,0.000000,0.000000,0.328186,0.000000,0.000000,0.000000,-0.965926,0.258819,0.000000,0.001658,0.997520,0.070358,0.000000,-5.721400,-4.248156,0,9,21.512530,0.062928,0,0
33.220430,-17.999870,187.086800,765.147300,0,0,0,0,0,0,0.000000,0.000000,0.000000,0.000000,0.328186,0.000000,0.000000,0.000000,-0.965926,0.258819,0.000000,0.001658,0.997520,0.070358,0.000000,-5.819500,-4.346013,0,9,21.538830,0.062928,0,0
33.230430,-17.999870,187.027600,765.354700,0,0,0,0,0,0,0.000000,0.000000,0.000000,0.000000,0.328186,0.000000,0.000000,0.000000,-0.965926,0.258819,0.000000,0.001658,0.997520,0.070358,0.000000,-5.917601,-4.443870,0,9,21.565540,0.062928,0,0
33.240430,-17.999870,186.967400,765.562100,0,0,0,0,0,0,0.000000,0.000000,0.000000,0.000000,0.328186,0.000000,0.000000,0.000000,-0.965926,0.258819,0.000000,0.001658,0.997520,0.070358,0.000000,-6.015701,-4.541727,0,9,21.592660,0.062928,0,0
33.250430,-17.999870,186.906300,765.769500,0,0,0,0,0,0,0.000000,0.000000,0.000000,0.000000,0.328186,0.000000,0.000000,0.000000,-0.965926,0.258819,0.000000,0.001658,0.997520,0.070358,0.000000,-6.113801,-4.639584,0,9,21.620200,0.062928,0,0
33.260430,-17.999870,186.844200,765.976900,0,0,0,0,0,0,0.000000,0.000000,0.000000,0.000000,0.328186,0.000000,0.000000,0.000000,-0.965926,0.258819,0.000000,0.001658,0.997520,0.070358,0.000000,-6.211901,-4.737441,0,9,21.648150,0.062928,0,0
33.270420,-17.999870,186.781100,766.184300,0,0,0,0,0,0,0.000000,0.000000,0.000000,0.000000,0.328186,0.000000,0.000000,0.000000,-0.965926,0.258819,0.000000,0.001658,0.997520,0.070358,0.000000,-6.310001,-4.835298,0,9,21.676500,0.062928,0,0
33.280420,-17.999870,186.717000,766.391700,0,0,0,0,0,0,0.000000,0.000000,0.000000,0.000000,0.328186,0.000000,0.000000,0.000000,-0.965926,0.258819,0.000000,0.001658,0.997520,0.070358,0.000000,-6.408102,-4.933155,0,9,21.705260,0.062928,0,0
33.290420,-17.999870,186.651900,766.599100,0,0,0,0,0,0,0.000000,0.000000,0.000000,0.000000,0.328186,0.000000,0.000000,0.000000,-0.965926,0.258819,0.000000,0.001658,0.997520,0.070358,0.000000,-6.506202,-5.031012,0,9,21.734420,0.062928,0,0
33.300420,-17.999870,186.585900,766.806500,0,0,0,0,0,0,0.000000,0.000000,0.000000,0.000000,0.328186,0.000000,0.000000,0.000000,-0.965926,0.258819,0.000000,0.001658,0.997520,0.070358,0.000000,-6.604302,-5.128869,0,9,21.763990,0.062928,0,0
33.310420,-17.999870,186.518900,767.013900,0,0,0,0,0,0,0.000000,0.000000,0.000000,0.000000,0.328186,0.000000,0.000000,0.000000,-0.965926,0.258819,0.000000,0.001658,0.997520,0.070358,0.000000,-6.702402,-5.226725,0,9,21.793960,0.062928,0,0
33.320420,-17.999870,186.450900,767.221300,0,0,0,0,0,0,0.000000,0.000000,0.000000,0.000000,0.328186,0.000000,0.000000,0.000000,-0.965926,0.258819,0.000000,0.001658,0.997520,0.070358,0.000000,-6.800502,-5.324582,0,9,21.824330,0.062928,0,0
33.330410,-17.999870,186.381900,767.428700,0,0,0,0,0,0,0.000000,0.000000,0.000000,0.000000,0.328186,0.000000,0.000000,0.000000,-0.965926,0.258819,0.000000,0.001658,0.997520,0.070358,0.000000,-6.898602,-5.422439,0,9,21.855090,0.062928,0,0
33.340410,-17.999870,186.311900,767.636100,0,0,0,0,0,0,0.000000,0.000000,0.000000,0.000000,0.328186,0.000000,0.000000,0.000000,-0.965926,0.258819,0.000000,0.001658,0.997520,0.070358,0.000000,-6.996703,-5.520296,0,9,21.886260,0.062928,0,0
33.350410,-17.999870,186.241000,767.843500,0,0,0,0,0,0,0.000000,0.000000,0.000000,0.000000,0.328186,0.000000,0.000000,0.000000,-0.965926,0.258819,0.000000,0.001658,0.997520,0.070358,0.000000,-7.094803,-5.618153,0,9,21.917820,0.062928,0,0
33.360410,-17.999870,186.169000,768.050900,0,0,0,0,0,0,0.000000,0.000000,0.000000,0.000000,0.328186,0.000000,0.000000,0.000000,-0.965926,0.258819,0.000000,0.001658,0.997520,0.070358,0.000000,-7.192903,-5.716010,0,9,21.949770,0.062928,0,0
33.370410,-17.999870,186.096100,768.258300,0,0,0,0,0,0,0.000000,0.000000,0.000000,0.000000,0.328186,0.000000,0.000000,0.000000,-0.965926,0.258819,0.000000,0.001658,0.997520,0.070358,0.000000,-7.291003,-5.813867,0,9,21.982110,0.062928,0,0
33.380410,-17.999870,186.022200,768.465700,0,0,0,0,0,0,0.000000,0.000000,0.000000,0.000000,0.328186,0.000000,0.000000,0.000000,-0.965926,0.258819,0.000000,0.001658,0.997520,0.070358,0.000000,-7.389103,-5.911724,0,9,22.014840,0.062928,0,0
33.390400,-17.999870,185.947400,768.673100,0,0,0,0,0,0,0.000000,0.000000,0.000000,0.000000,0.328186,0.000000,0.000000,0.000000,-0.965926,0.258819,0.000000,0.001658,0.997520,0.070358,0.000000,-7.487204,-6.009581,0,9,22.047960,0.062928,0,0
33.400400,-17.999870,185.871500,768.880500,0,0,0,0,0,0,0.000000,0.000000,0.000000,0.000000,0.328186,0.000000,0.000000,0.000000,-0.965926,0.258819,0.000000,0.001658,0.997520,0.070358,0.000000,-7.585304,-6.107438,0,9,22.081470,0.062928,0,0
33.410400,-17.999870,185.794700,769.087900,0,0,0,0,0,0,0.000000,0.000000,0.000000,0.000000,0.328186,0.000000,0.000000,0.000000,-0.965926,0.258819,0.000000,0.001658,0.997520,0.070358,0.000000,-7.683404,-6.205295,0,9,22.115360,0.062928,0,0
33.420400,-17.999870,185.716900,769.295300,0,0,0,0,0,0,0.000000,0.000000,0.000000,0.000000,0.328186,0.000000,0.000000,0.000000,-0.965926,0.258819,0.000000,0.001658,0.997520,0.070358,0.000000,-7.781504,-6.303152,0,9,22.149630,0.062928,0,0
33.430400,-17.999870,185.638100,769.502700,0,0,0,0,0,0,0.000000,0.000000,0.000000,0.000000,0.328186,0.000000,0.000000,0.000000,-0.965926,0.258819,0.000000,0.001658,0.997520,0.070358,0.000000,-7.879604,-6.401009,0,9,22.184290,0.062928,0,0
33.440400,-17.999870,185.558300,769.710100,0,0,0,0,0,0,0.000000,0.000000,0.000000,0.000000,0.328186,0.000000,0.000000,0.000000,-0.965926,0.258819,0.000000,0.001658,0.997520,0.070358,0.000000,-7.977705,-6.498865,0,9,22.219320,0.062928,0,0
33.450390,-17.999870,185.477500,769.917500,0,0,0,0,0,0,0.000000,0.000000,0.000000,0.000000,0.328186,0.000000,0.000000,0.000000,-0.965926,0.258819,0.000000,0.001658,0.997520,0.070358,0.000000,-8.075805,-6.596722,0,9,22.254730,0.062928,0,0
33.460390,-17.999870,185.395800,770.124900,0,0,0,0,0,0,0.000000,0.000000,0.000000,0.000000,0.328186,0.000000,0.000000,0.000000,-0.965926,0.258819,0.000000,0.001658,0.997520,0.070358,0.000000,-8.173904,-6.694579,0,9,22.290520,0.062928,0,0
33.470390,-17.999870,185.313100,770.332300,0,0,0,0,0,0,0.000000,0.000000,0.000000,0.000000,0.328186,0.000000,0.000000,0.000000,-0.965926,0.258819,0.000000,0.001658,0.997520,0.070358,0.000000,-8.272004,-6.792435,0,9,22.326680,0.062928,0,0
33.480390,-17.999870,185.229400,770.539700,0,0,0,0,0,0,0.000000,0.000000,0.000000,0.000000,0.328186,0.000000,0.000000,0.000000,-0.965926,0.258819,0.000000,0.001658,0.997520,0.070358,0.000000,-8.370104,-6.890292,0,9,22.363210,0.062928,0,0
33.490390,-17.999870,185.144700,770.747100,0,0,0,0,0,0,0.000000,0.000000,0.000000,0.000000,0.328186,0.000000,0.000000,0.000000,-0.965926,0.258819,0.000000,0.001658,0.997520,0.070358,0.000000,-8.468204,-6.988148,0,9,22.400110,0.062928,0,0
33.500390,-17.999870,185.059000,770.954500,0,0,0,0,0,0,0.000000,0.000000,0.000000,0.000000,0.328186,0.000000,0.000000,0.000000,-0.965926,0.258819,0.000000,0.001658,0.997520,0.070358,0.000000,-8.566303,-7.086005,0,9,22.437380,0.062928,0,0
33.510380,-17.999870,184.972400,771.161900,0,0,0,0,0,0,0.000000,0.000000,0.000000,0.000000,0.328186,0.000000,0.000000,0.000000,-0.965926,0.258819,0.000000,0.001658,0.997520,0.070358,0.000000,-8.664403,-7.183861,0,9,22.475020,0.062928,0,0
33.520380,-17.999870,184.884800,771.369300,0,0,0,0,0,0,0.000000,0.000000,0.000000,0.000000,0.328186,0.000000,0.000000,0.000000,-0.965926,0.258819,0.000000,0.001658,0.997520,0.070358,0.000000,-8.762503,-7.281717,0,9,22.513020,0.062928,0,0
33.530380,-17.999870,184.796100,771.576700,0,0,0,0,0,0,0.000000,0.000000,0.000000,0.000000,0.328186,0.000000,0.000000,0.000000,-0.965926,0.258819,0.000000,0.001658,0.997520,0.070358,0.000000,-8.860602,-7.379574,0,9,22.551380,0.062928,0,0
33.540380,-17.999870,184.706600,771.784100,0,0,0,0,0,0,0.000000,0.000000,0.000000,0.000000,0.328186,0.000000,0.000000,0.000000,-0.965926,0.258819,0.000000,0.001658,0.997520,0.070358,0.000000,-8.958702,-7.477430,0,9,22.590110,0.062928,0,0
33.550380,-17.999870,184.616000,771.991500,0,0,0,0,0,0,0.000000,0.000000,0.000000,0.000000,0.328186,0.000000,0.000000,0.000000,-0.965926,0.258819,0.000000,0.001658,0.997520,0.070358,0.000000,-9.056802,-7.575287,0,9,22.629190,0.062928,0,0
33.560380,-17.999870,184.524400,772.198900,0,0,0,0,0,0,0.000000,0.000000,0.000000,0.000000,0.328186,0.000000,0.000000,0.000000,-0.965926,0.258819,0.000000,0.001658,0.997520,0.070358,0.000000,-9.154902,-7.673143,0,9,22.668630,0.062928,0,0
33.570370,-17.999870,184.431900,772.406300,0,0,0,0,0,0,0.000000,0.000000,0.000000,0.000000,0.328186,0.000000,0.000000,0.000000,-0.965926,0.258819,0.000000,0.001658,0.997520,0.070358,0.000000,-9.253001,-7.770999,0,9,22.708420,0.062928,0,0
33.580370,-17.999870,184.338400,772.613600,0,0,0,0,0,0,0.000000,0.000000,0.000000,0.000000,0.328186,0.000000,0.000000,0.000000,-0.965926,0.258819,0.000000,0.001658,0.997520,0.070358,0.000000,-9.351101,-7.868856,0,9,22.748570,0.062928,0,0
33.590370,-17.999870,184.243900,772.821000,0,0,0,0,0,0,0.000000,0.000000,0.000000,0.000000,0.328186,0.000000,0.000000,0.000000,-0.965926,0.258819,0.000000,0.001658,0.997520,0.070358,0.000000,-9.449201,-7.966712,0,9,22.789070,0.062928,0,0
33.600370,-17.999870,184.148400,773.028400,0,0,0,0,0,0,0.000000,0.000000,0.000000,0.000000,0.328186,0.000000,0.000000,0.000000,-0.965926,0.258819,0.000000,0.001658,0.997520,0.070358,0.000000,-9.547300,-8.064569,0,9,22.829920,0.062928,0,0
33.610370,-17.999870,184.052000,773.235800,0,0,0,0,0,0,0.000000,0.000000,0.000000,0.000000,0.328186,0.000000,0.000000,0.000000,-0.965926,0.258819,0.000000,0.001658,0.997520,0.070358,0.000000,-9.645400,-8.162425,0,9,22.871120,0.062928,0,0
33.620370,-17.999870,183.954600,773.443200,0,0,0,0,0,0,0.000000,0.000000,0.000000,0.000000,0.328186,0.000000,0.000000,0.000000,-0.965926,0.258819,0.000000,0.001658,0.997520,0.070358,0.000000,-9.743500,-8.260282,0,9,22.912670,0.062928,0,0
33.630360,-17.999870,183.856100,773.650600,0,0,0,0,0,0,0.000000,0.000000,0.000000,0.000000,0.328186,0.000000,0.000000,0.000000,-0.965926,0.258819,0.000000,0.001658,0.997520,0.070358,0.000000,-9.841599,-8.358138,0,9,22.954550,0.062928,0,0
33.640360,-17.999870,183.756700,773.858000,0,0,0,0,0,0,0.000000,0.000000,0.000000,0.000000,0.328186,0.000000,0.000000,0.000000,-0.965926,0.258819,0.000000,0.001658,0.997520,0.070358,0.000000,-9.939699,-8.455995,0,9,22.996780,0.062928,0,0
33.650360,-17.999870,183.656400,774.065400,0,0,0,0,0,0,0.000000,0.000000,0.000000,0.000000,0.328186,0.000000,0.000000,0.000000,-0.965926,0.258819,0.000000,0.001658,0.997520,0.070358,0.000000,-10.037800,-8.553851,0,9,23.039350,0.062928,0,0
33.660360,-17.999870,183.555000,774.272800,0,0,0,0,0,0,0.000000,0.000000,0.000000,0.000000,0.328186,0.000000,0.000000,0.000000,-0.965926,0.258819,0.000000,0.001658,0.997520,0.070358,0.000000,-10.135900,-8.651708,0,9,23.082260,0.062928,0,0
33.670360,-17.999870,183.452700,774.480200,0,0,0,0,0,0,0.000000,0.000000,0.000000,0.000000,0.328186,0.000000,0.000000,0.000000,-0.965926,0.258819,0.000000,0.001658,0.997520,0.070358,0.000000,-10.234000,-8.749564,0,9,23.125510,0.062928,0,0
33.680360,-17.999870,183.349300,774.687600,0,0,0,0,0,0,0.000000,0.000000,0.000000,0.000000,0.328186,0.000000,0.000000,0.000000,-0.965926,0.258819,0.000000,0.001658,0.997520,0.070358,0.000000,-10.332100,-8.847421,0,9,23.169090,0.062928,0,0
33.690350,-17.999870,183.245000,774.895000,0,0,0,0,0,0,0.000000,0.000000,0.000000,0.000000,0.328186,0.000000,0.000000,0.000000,-0.965926,0.258819,0.000000,0.001658,0.997520,0.070358,0.000000,-10.430200,-8.945277,0,9,23.213000,0.062928,0,0
33.700350,-17.999870,183.139800,775.102400,0,0,0,0,0,0,0.000000,0.000000,0.000000,0.000000,0.328186,0.000000,0.000000,0.000000,-0.965926,0.258819,0.000000,0.001658,0.997520,0.070358,0.000000,-10.528300,-9.043134,0,9,23.257250,0.062928,0,0
33.710350,-17.999870,183.033500,775.309800,0,0,0,0,0,0,0.000000,0.000000,0.000000,0.000000,0.328186,0.000000,0.000000,0.000000,-0.965926,0.258819,0.000000,0.001658,0.997520,0.070358,0.000000,-10.626400,-9.140990,0,9,23.301820,0.062928,0,0
33.720350,-17.999870,182.926300,775.517200,0,0,0,0,0,0,0.000000,0.000000,0.000000,0.000000,0.328186,0.000000,0.000000,0.000000,-0.965926,0.258819,0.000000,0.001658,0.997520,0.070358,0.000000,-10.724500,-9.238847,0,9,23.346720,0.062928,0,0
33.730350,-17.999870,182.818000,775.724600,0,0,0,0,0,0,0.000000,0.000000,0.000000,0.000000,0.328186,0.000000,0.000000,0.000000,-0.965926,0.258819,0.000000,0.001658,0.997520,0.070358,0.000000,-10.822600,-9.336702,0,9,23.391940,0.062928,0,0
33.740350,-17.999870,182.708800,775.932000,0,0,0,0,0,0,0.000000,0.000000,0.000000,0.000000,0.328186,0.000000,0.000000,0.000000,-0.965926,0.258819,0.000000,0.001658,0.997520,0.070358,0.000000,-10.920700,-9.434559,0,9,23.437490,0.062928,0,0
33.750340,-17.999870,182.598600,776.139400,0,0,0,0,0,0,0.000000,0.000000,0.000000,0.000000,0.328186,0.000000,0.000000,0.000000,-0.965926,0.258819,0.000000,0.001658,0.997520,0.070358,0.000000,-11.018800,-9.532415,0,9,23.483360,0.062928,0,0
33.760340,-17.999870,182.487500,776.346800,0,0,0,0,0,0,0.000000,0.000000,0.000000,0.000000,0.328186,0.000000,0.000000,0.000000,-0.965926,0.258819,0.000000,0.001658,0.997520,0.070358,0.000000,-11.116900,-9.630272,0,9,23.529550,0.062928,0,0
33.770340,-17.999870,182.375300,776.554200,0,0,0,0,0,0,0.000000,0.000000,0.000000,0.000000,0.328186,0.000000,0.000000,0.000000,-0.965926,0.258819,0.000000,0.001658,0.997520,0.070358,0.000000,-11.215000,-9.728128,0,9,23.576060,0.062928,0,0
33.780340,-17.999870,182.262200,776.761600,0,0,0,0,0,0,0.000000,0.000000,0.000000,0.000000,0.328186,0.000000,0.000000,0.000000,-0.965926,0.258819,0.000000,0.001658,0.997520,0.070358,0.000000,-11.313100,-9.825985,0,9,23.622880,0.062928,0,0
33.790340,-17.999870,182.148100,776.969000,0,0,0,0,0,0,0.000000,0.000000,0.000000,0.000000,0.328186,0.000000,0.000000,0.000000,-0.965926,0.258819,0.000000,0.001658,0.997520,0.070358,0.000000,-11.411190,-9.923841,0,9,23.670020,0.062928,0,0
33.800330,-17.999870,182.033000,777.176400,0,0,0,0,0,0,0.000000,0.000000,0.000000,0.000000,0.328186,0.000000,0.000000,0.000000,-0.965926,0.258819,0.000000,0.001658,0.997520,0.070358,0.000000,-11.509290,-10.021700,0,9,23.717470,0.062928,0,0
33.810330,-17.999870,181.916900,777.383800,0,0,0,0,0,0,0.000000,0.000000,0.000000,0.000000,0.328186,0.000000,0.000000,0.000000,-0.965926,0.258819,0.000000,0.001658,0.997520,0.070358,0.000000,-11.607390,-10.119550,0,9,23.765230,0.062928,0,0
33.820330,-17.999870,181.799900,777.591200,0,0,0,0,0,0,0.000000,0.000000,0.000000,0.000000,0.328186,0.000000,0.000000,0.000000,-0.965926,0.258819,0.000000,0.001658,0.997520,0.070358,0.000000,-11.705490,-10.217410,0,9,23.813300,0.062928,0,0
33.830330,-17.999870,181.681800,777.798600,0,0,0,0,0,0,0.000000,0.000000,0.000000,0.000000,0.328186,0.000000,0.000000,0.000000,-0.965926,0.258819,0.000000,0.001658,0.997520,0.070358,0.000000,-11.803590,-10.315270,0,9,23.861670,0.062928,0,0
33.840330,-17.999870,181.562800,778.006000,0,0,0,0,0,0,0.000000,0.000000,0.000000,0.000000,0.328186,0.000000,0.000000,0.000000,-0.965926,0.258819,0.000000,0.001658,0.997520,0.070358,0.000000,-11.901690,-10.413120,0,9,23.910350,0.062928,0,0
33.850330,-17.999870,181.442800,778.213400,0,0,0,0,0,0,0.000000,0.000000,0.000000,0.000000,0.328186,0.000000,0.000000,0.000000,-0.965926,0.258819,0.000000,0.001658,0.997520,0.070358,0.000000,-11.999790,-10.510980,0,9,23.959330,0.062928,0,0
33.860320,-17.999870,181.321800,778.420800,0,0,0,0,0,0,0.000000,0.000000,0.000000,0.000000,0.328186,0.000000,0.000000,0.000000,-0.965926,0.258819,0.000000,0.001658,0.997520,0.070358,0.000000,-12.097890,-10.608840,0,9,24.008610,0.062928,0,0
33.870320,-17.999870,181.199900,778.628200,0,0,0,0,0,0,0.000000,0.000000,0.000000,0.000000,0.328186,0.000000,0.000000,0.000000,-0.965926,0.258819,0.000000,0.001658,0.997520,0.070358,0.000000,-12.195990,-10.706690,0,9,24.058200,0.062928,0,0
33.880320,-17.999870,181.076900,778.835600,0,0,0,0,0,0,0.000000,0.000000,0.000000,0.000000,0.328186,0.000000,0.000000,0.000000,-0.965926,0.258819,0.000000,0.001658,0.997520,0.070358,0.000000,-12.294090,-10.804550,0,9,24.108070,0.062928,0,0
33.890320,-17.999870,180.953000,779.043000,0,0,0,0,0,0,0.000000,0.000000,0.000000,0.000000,0.328186,0.000000,0.000000,0.000000,-0.965926,0.258819,0.000000,0.001658,0.997520,0.070358,0.000000,-12.392190,-10.902410,0,9,24.158250,0.062928,0,0
33.900320,-17.999870,180.828100,779.250400,0,0,0,0,0,0,0.000000,0.000000,0.000000,0.000000,0.328186,0.000000,0.000000,0.000000,-0.965926,0.258819,0.000000,0.001658,0.997520,0.070358,0.000000,-12.490290,-11.000260,0,9,24.208720,0.062928,0,0
33.910320,-17.999870,180.702200,779.457800,0,0,0,0,0,0,0.000000,0.000000,0.000000,0.000000,0.328186,0.000000,0.000000,0.000000,-0.965926,0.258819,0.000000,0.001658,0.997520,0.070358,0.000000,-12.588390,-11.098120,0,9,24.259470,0.062928,0,0
33.920310,-17.999870,180.575300,779.665200,0,0,0,0,0,0,0.000000,0.000000,0.000000,0.000000,0.328186,0.000000,0.000000,0.000000,-0.965926,0.258819,0.000000,0.001658,0.997520,0.070358,0.000000,-12.686490,-11.195980,0,9,24.310520,0.062928,0,0
33.930310,-17.999870,180.447500,779.872600,0,0,0,0,0,0,0.000000,0.000000,0.000000,0.000000,0.328186,0.000000,0.000000,0.000000,-0.965926,0.258819,0.000000,0.001658,0.997520,0.070358,0.000000,-12.784590,-11.293830,0,9,24.361860,0.062928,0,0
33.940310,-17.999870,180.318700,780.080000,0,0,0,0,0,0,0.000000,0.000000,0.000000,0.000000,0.328186,0.000000,0.000000,0.000000,-0.965926,0.258819,0.000000,0.001658,0.997520,0.070358,0.000000,-12.882690,-11.391690,0,9,24.413480,0.062928,0,0
33.950310,-17.999870,180.188900,780.287400,0,0,0,0,0,0,0.000000,0.000000,0.000000,0.000000,0.328186,0.000000,0.000000,0.000000,-0.965926,0.258819,0.000000,0.001658,0.997520,0.070358,0.000000,-12.980790,-11.489540,0,9,24.465390,0.062928,0,0
33.960310,-17.999870,180.058100,780.494800,0,0,0,0,0,0,0.000000,0.000000,0.000000,0.000000,0.328186,0.000000,0.000000,0.000000,-0.965926,0.258819,0.000000,0.001658,0.997520,0.070358,0.000000,-13.078890,-11.587400,0,9,24.517580,0.062928,0,0
33.970310,-17.999870,179.926300,780.702100,0,0,0,0,0,0,0.000000,0.000000,0.000000,0.000000,0.328186,0.000000,0.000000,0.000000,-0.965926,0.258819,0.000000,0.001658,0.997520,0.070358,0.000000,-13.176990,-11.685260,0,9,24.570050,0.062928,0,0
33.980300,-17.999870,179.793500,780.909500,0,0,0,0,0,0,0.000000,0.000000,0.000000,0.000000,0.328186,0.000000,0.000000,0.000000,-0.965926,0.258819,0.000000,0.001658,0.997520,0.070358,0.000000,-13.275090,-11.783110,0,9,24.622800,0.062928,0,0
33.990300,-17.999870,179.659800,781.116900,0,0,0,0,0,0,0.000000,0.000000,0.000000,0.000000,0.328186,0.000000,0.000000,0.000000,-0.965926,0.258819,0.000000,0.001658,0.997520,0.070358,0.000000,-13.373190,-11.880970,0,9,24.675830,0.062928,0,0
34.000300,-17.999870,179.525100,781.324300,0,0,0,0,0,0,0.000000,0.000000,0.000000,0.000000,0.328186,0.000000,0.000000,0.000000,-0.965926,0.258819,0.000000,0.001658,0.997520,0.070358,0.000000,-13.471290,-11.978830,0,9,24.729130,0.062928,0,0
34.010300,-17.999870,179.389400,781.531700,0,0,0,0,0,0,0.000000,0.000000,0.000000,0.000000,0.328186,0.000000,0.000000,0.000000,-0.965926,0.258819,0.000000,0.001658,0.997520,0.070358,0.000000,-13.569390,-12.076680,0,9,24.782710,0.062928,0,0
34.020300,-17.999870,179.252700,781.739100,0,0,0,0,0,0,0.000000,0.000000,0.000000,0.000000,0.328186,0.000000,0.000000,0.000000,-0.965926,0.258819,0.000000,0.001658,0.997520,0.070358,0.000000,-13.667490,-12.174540,0,9,24.836560,0.062928,0,0
34.030300,-17.999870,179.115100,781.946500,0,0,0,0,0,0,0.000000,0.000000,0.000000,0.000000,0.328186,0.000000,0.000000,0.000000,-0.965926,0.258819,0.000000,0.001658,0.997520,0.070358,0.000000,-13.765590,-12.272400,0,9,24.890680,0.062928,0,0
34.040290,-17.999870,178.976400,782.153900,0,0,0,0,0,0,0.000000,0.000000,0.000000,0.000000,0.328186,0.000000,0.000000,0.000000,-0.965926,0.258819,0.000000,0.001658,0.997520,0.070358,0.000000,-13.863690,-12.370250,0,9,24.945070,0.062928,0,0
34.050290,-17.999870,178.836800,782.361300,0,0,0,0,0,0,0.000000,0.000000,0.000000,0.000000,0.328186,0.000000,0.000000,0.000000,-0.965926,0.258819,0.000000,0.001658,0.997520,0.070358,0.000000,-13.961790,-12.468110,0,9,24.999720,0.062928,0,0
34.060290,-17.999870,178.696200,782.568700,0,0,0,0,0,0,0.000000,0.000000,0.000000,0.000000,0.328186,0.000000,0.000000,0.000000,-0.965926,0.258819,0.000000,0.001658,0.997520,0.070358,0.000000,-14.059890,-12.565970,0,9,25.054640,0.062928,0,0
34.070290,-17.999870,178.554600,782.776100,0,0,0,0,0,0,0.000000,0.000000,0.000000,0.000000,0.328186,0.000000,0.000000,0.000000,-0.965926,0.258819,0.000000,0.001658,0.997520,0.070358,0.000000,-14.157990,-12.663820,0,9,25.109820,0.062928,0,0
34.080290,-17.999870,178.412100,782.983500,0,0,0,0,0,0,0.000000,0.000000,0.000000,0.000000,0.328186,0.000000,0.000000,0.000000,-0.965926,0.258819,0.000000,0.001658,0.997520,0.070358,0.000000,-14.256090,-12.761680,0,9,25.165260,0.062928,0,0
34.090290,-17.999870,178.268500,783.190900,0,0,0,0,0,0,0.000000,0.000000,0.000000,0.000000,0.328186,0.000000,0.000000,0.000000,-0.965926,0.258819,0.000000,0.001658,0.997520,0.070358,0.000000,-14.354190,-12.859540,0,9,25.220970,0.062928,0,0
34.100280,-17.999870,178.124000,783.398300,0,0,0,0,0,0,0.000000,0.000000,0.000000,0.000000,0.328186,0.000000,0.000000,0.000000,-0.965926,0.258819,0.000000,0.001658,0.997520,0.070358,0.000000,-14.452290,-12.957390,0,9,25.276930,0.062928,0,0
34.110280,-17.999870,177.978500,783.605700,0,0,0,0,0,0,0.000000,0.000000,0.000000,0.000000,0.328186,0.000000,0.000000,0.000000,-0.965926,0.258819,0.000000,0.001658,0.997520,0.070358,0.000000,-14.550390,-13.055250,0,9,25.333140,0.062928,0,0
34.120280,-17.999870,177.832000,783.813100,0,0,0,0,0,0,0.000000,0.000000,0.000000,0.000000,0.328186,0.000000,0.000000,0.000000,-0.965926,0.258819,0.000000,0.001658,0.997520,0.070358,0.000000,-14.648490,-13.153100,0,9,25.389620,0.062928,0,0
34.130280,-17.999870,177.684600,784.020500,0,0,0,0,0,0,0.000000,0.000000,0.000000,0.000000,0.328186,0.000000,0.000000,0.000000,-0.965926,0.258819,0.000000,0.001658,0.997520,0.070358,0.000000,-14.746580,-13.250960,0,9,25.446340,0.062928,0,0
34.140280,-17.999870,177.536100,784.227900,0,0,0,0,0,0,0.000000,0.000000,0.000000,0.000000,0.328186,0.000000,0.000000,0.000000,-0.965926,0.258819,0.000000,0.001658,0.997520,0.070358,0.000000,-14.844680,-13.348820,0,9,25.503320,0.062928,0,0
34.150280,-17.999870,177.386700,784.435300,0,0,0,0,0,0,0.000000,0.000000,0.000000,0.000000,0.328186,0.000000,0.000000,0.000000,-0.965926,0.258819,0.000000,0.001658,0.997520,0.070358,0.000000,-14.942780,-13.446670,0,9,25.560540,0.062928,0,0
34.160270,-17.999870,177.236300,784.642700,0,0,0,0,0,0,0.000000,0.000000,0.000000,0.000000,0.328186,0.000000,0.000000,0.000000,-0.965926,0.258819,0.000000,0.001658,0.997520,0.070358,0.000000,-15.040880,-13.544530,0,9,25.618020,0.062928,0,0
34.170270,-17.999870,177.084900,784.850100,0,0,0,0,0,0,0.000000,0.000000,0.000000,0.000000,0.328186,0.000000,0.000000,0.000000,-0.965926,0.258819,0.000000,0.001658,0.997520,0.070358,0.000000,-15.138980,-13.642390,0,9,25.675730,0.062928,0,0
34.180270,-17.999870,176.932500,785.057500,0,0,0,0,0,0,0.000000,0.000000,0.000000,0.000000,0.328186,0.000000,0.000000,0.000000,-0.965926,0.258819,0.000000,0.001658,0.997520,0.070358,0.000000,-15.237080,-13.740240,0,9,25.733700,0.062928,0,0
34.190270,-17.999870,176.779200,785.264900,0,0,0,0,0,0,0.000000,0.000000,0.000000,0.000000,0.328186,0.000000,0.000000,0.000000,-0.965926,0.258819,0.000000,0.001658,0.997520,0.070358,0.000000,-15.335180,-13.838100,0,9,25.791900,0.062928,0,0
34.200270,-17.999870,176.624800,785.472300,0,0,0,0,0,0,0.000000,0.000000,0.000000,0.000000,0.328186,0.000000,0.000000,0.000000,-0.965926,0.258819,0.000000,0.001658,0.997520,0.070358,0.000000,-15.433280,-13.935960,0,9,25.850350,0.062928,0,0
34.210270,-17.999870,176.469500,785.679700,0,0,0,0,0,0,0.000000,0.000000,0.000000,0.000000,0.328186,0.000000,0.000000,0.000000,-0.965926,0.258819,0.000000,0.001658,0.997520,0.070358,0.000000,-15.531380,-14.033810,0,9,25.909040,0.062928,0,0
34.220260,-17.999870,176.313200,785.887100,0,0,0,0,0,0,0.000000,0.000000,0.000000,0.000000,0.328186,0.000000,0.000000,0.000000,-0.965926,0.258819,0.000000,0.001658,0.997520,0.070358,0.000000,-15.629480,-14.131670,0,9,25.967960,0.062928,0,0
34.230260,-17.999870,176.156000,786.094500,0,0,0,0,0,0,0.000000,0.000000,0.000000,0.000000,0.328186,0.000000,0.000000,0.000000,-0.965926,0.258819,0.000000,0.001658,0.997520,0.070358,0.000000,-15.727580,-14.229530,0,9,26.027130,0.062928,0,0
34.240260,-17.999870,175.997700,786.301900,0,0,0,0,0,0,0.000000,0.000000,0.000000,0.000000,0.328186,0.000000,0.000000,0.000000,-0.965926,0.258819,0.000000,0.001658,0.997520,0.070358,0.000000,-15.825680,-14.327380,0,9,26.086520,0.062928,0,0
34.250260,-17.999870,175.838500,786.509300,0,0,0,0,0,0,0.000000,0.000000,0.000000,0.000000,0.328186,0.000000,0.000000,0.000000,-0.965926,0.258819,0.000000,0.001658,0.997520,0.070358,0.000000,-15.923780,-14.425240,0,9,26.146150,0.062928,0,0
34.260260,-17.999870,175.678200,786.716700,0,0,0,0,0,0,0.000000,0.000000,0.000000,0.000000,0.328186,0.000000,0.000000,0.000000,-0.965926,0.258819,0.000000,0.001658,0.997520,0.070358,0.000000,-16.021880,-14.523090,0,9,26.206010,0.063678,0,0
34.270260,-17.999870,175.517000,786.924100,0,0,0,0,0,0,0.000000,0.000000,0.000000,0.000000,0.328186,0.000000,0.000000,0.000000,-0.965926,0.258819,0.000000,0.001658,0.997520,0.070358,0.000000,-16.119980,-14.620950,0,9,26.266110,0.064315,0,0
34.280250,-17.999870,175.354900,787.131500,0,0,0,0,0,0,0.000000,0.000000,0.000000,0.000000,0.328186,0.000000,0.000000,0.000000,-0.965926,0.258819,0.000000,0.001658,0.997520,0.070358,0.000000,-16.218080,-14.718810,0,9,26.326430,0.065064,0,0
34.290250,-17.999870,175.191700,787.338900,0,0,0,0,0,0,0.000000,0.000000,0.000000,0.000000,0.328186,0.000000,0.000000,0.000000,-0.965926,0.258819,0.000000,0.001658,0.997520,0.070358,0.000000,-16.316180,-14.816670,0,9,26.386970,0.065709,0,0
34.300250,-17.999870,175.027600,787.546300,0,0,0,0,0,0,0.000000,0.000000,0.000000,0.000000,0.328186,0.000000,0.000000,0.000000,-0.965926,0.258819,0.000000,0.001658,0.997520,0.070358,0.000000,-16.414280,-14.914520,0,9,26.447740,0.066260,0,0
34.310250,-17.999870,174.862400,787.753700,0,0,0,0,0,0,0.000000,0.000000,0.000000,0.000000,0.328186,0.000000,0.000000,0.000000,-0.965926,0.258819,0.000000,0.001658,0.997520,0.070358,0.000000,-16.512380,-15.012380,0,9,26.508740,0.066722,0,0
34.320250,-17.999870,174.696300,787.961100,0,0,0,0,0,0,0.000000,0.000000,0.000000,0.000000,0.328186,0.000000,0.000000,0.000000,-0.965926,0.258819,0.000000,0.001658,0.997520,0.070358,0.000000,-16.610490,-15.110240,0,9,26.569960,0.067103,0,0
34.330250,-17.999870,174.529200,788.168500,0,0,0,0,0,0,0.000000,0.000000,0.000000,0.000000,0.328186,0.000000,0.000000,0.000000,-0.965926,0.258819,0.000000,0.001658,0.997520,0.070358,0.000000,-16.708590,-15.208100,0,9,26.631400,0.067409,0,0
34.340240,-17.999870,174.361200,788.375900,0,0,0,0,0,0,0.000000,0.000000,0.000000,0.000000,0.328186,0.000000,0.000000,0.000000,-0.965926,0.258819,0.000000,0.001658,0.997520,0.070358,0.000000,-16.806690,-15.305950,0,9,26.693050,0.067646,0,0
34.350240,-17.999870,174.192100,788.583300,0,0,0,0,0,0,0.000000,0.000000,0.000000,0.000000,0.328186,0.000000,0.000000,0.000000,-0.965926,0.258819,0.000000,0.001658,0.997520,0.070358,0.000000,-16.904790,-15.403810,0,9,26.754930,0.067820,0,0
34.360240,-17.999870,174.022100,788.790600,0,0,0,0,0,0,0.000000,0.000000,0.000000,0.000000,0.328186,0.000000,0.000000,0.000000,-0.965926,0.258819,0.000000,0.001658,0.997520,0.070358,0.000000,-17.002890,-15.501670,0,9,26.817020,0.067935,0,0
34.370240,-17.999870,173.851100,788.998000,1,1,1,1,2,2,1.017599,1.023569,1.017506,1.023512,1.020509,0.005165,0.975781,0.218691,0.005169,0.975739,0.218874,0.005169,0.975739,0.218874,0.000000,-4.536458,-0.000001,1,10,20.724860,-16.497010,0,0
34.380240,-17.999540,173.804800,789.200100,1,1,1,1,2,2,1.016559,1.022684,1.016521,1.022617,1.019569,0.005182,0.975771,0.218732,0.005169,0.975739,0.218874,0.005169,0.975739,0.218874,0.000000,-4.631460,-0.095722,1,10,20.732840,-2.014960,0,0
34.390240,-17.999430,173.757500,789.402100,1,1,1,1,2,2,1.014666,1.020742,1.014580,1.020689,1.017635,0.005174,0.975774,0.218718,0.005169,0.975739,0.218874,0.005169,0.975739,0.218874,0.000000,-4.726411,-0.191400,1,10,20.741250,-2.066888,0,0
34.400230,-17.999530,173.709300,789.603900,1,1,1,1,2,2,1.013471,1.019653,1.013563,1.019612,1.016588,0.005173,0.976296,0.216376,0.005173,0.976364,0.216072,0.005170,0.975793,0.218633,0.000000,-4.821313,-0.292162,1,10,20.750090,-2.108497,0,0
34.410230,-17.999860,173.660100,789.805600,1,1,1,1,2,2,1.009068,1.015046,1.009161,1.015151,1.012156,0.005181,0.976347,0.216147,0.005173,0.976364,0.216072,0.005170,0.975842,0.218413,0.000000,-4.916167,-0.392445,1,10,20.759380,-2.140077,0,0
34.420230,-18.000400,173.610000,790.007100,1,1,1,1,2,2,1.003720,1.009811,1.003804,1.009742,1.006773,0.005180,0.976299,0.216363,0.005173,0.976364,0.216072,0.005170,0.975887,0.218211,0.000000,-5.010983,-0.492287,1,10,20.769130,-2.133526,0,0
34.430230,-18.001170,173.559000,790.208600,1,1,1,1,2,2,0.997383,1.003275,0.997481,1.003380,1.000431,0.005173,0.976347,0.216147,0.005173,0.976364,0.216072,0.005170,0.975928,0.218027,0.000000,-5.105762,-0.591721,1,10,20.779350,-2.116863,0,0
34.440230,-18.002160,173.507000,790.409900,1,1,1,1,2,2,0.990129,0.995987,0.990225,0.996072,0.993149,0.005181,0.976347,0.216147,0.005173,0.976364,0.216072,0.005171,0.975966,0.217859,0.000000,-5.200506,-0.690779,1,10,20.790050,-2.091362,0,0
34.450230,-18.003360,173.454000,790.611000,1,1,1,1,2,2,0.980869,0.986607,0.980893,0.986625,0.983759,0.005156,0.976919,0.213548,0.005176,0.976980,0.213267,0.005171,0.976054,0.217464,0.000000,-5.295214,-0.794615,1,10,20.801220,-2.058282,0,0
34.460220,-18.004770,173.400100,790.812100,1,1,1,1,2,2,0.971093,0.976799,0.971137,0.976796,0.973966,0.005180,0.976913,0.213575,0.005176,0.976980,0.213267,0.005171,0.976134,0.217103,0.000000,-5.389890,-0.897703,1,10,20.812870,-2.016654,0,0
34.470220,-18.006380,173.345300,791.012900,1,1,1,1,2,2,0.960368,0.966002,0.960396,0.966025,0.963210,0.005180,0.976913,0.213575,0.005176,0.976980,0.213267,0.005172,0.976206,0.216773,0.000000,-5.484535,-1.000093,1,10,20.824990,-1.965820,0,0
34.480220,-18.008200,173.289500,791.213700,1,1,1,1,2,2,0.948710,0.954263,0.948739,0.954320,0.951529,0.005180,0.976916,0.213561,0.005176,0.976980,0.213267,0.005172,0.976273,0.216471,0.848026,-5.579149,-1.101843,1,10,20.837590,-1.906847,0,0
34.490220,-18.010210,173.232800,791.414300,1,1,1,1,2,2,0.936465,0.941659,0.936459,0.941695,0.939077,0.005403,0.976965,0.213332,0.005407,0.977027,0.213046,0.005192,0.976338,0.216176,5.417287,-5.665455,-1.194929,1,10,20.850170,-1.840592,0,0
34.500220,-18.012400,173.175800,791.614900,1,1,1,1,2,2,0.923428,0.928646,0.923420,0.928687,0.926054,0.005411,0.976965,0.213332,0.005407,0.977027,0.213046,0.005211,0.976397,0.215907,8.932487,-5.707123,-1.241749,1,10,20.860400,-1.768325,0,0
34.510220,-18.014760,173.118600,791.815600,1,1,1,1,2,2,0.910312,0.916186,0.910330,0.915860,0.913095,0.005643,0.977067,0.212859,0.005639,0.977074,0.212825,0.005248,0.976455,0.215642,11.554840,-5.714461,-1.253318,1,10,20.868610,-1.690887,0,0
34.520210,-18.017280,173.061700,792.016400,1,1,1,1,2,2,0.897755,0.902884,0.897438,0.902868,0.900153,0.005643,0.977064,0.212872,0.005639,0.977074,0.212825,0.005281,0.976509,0.215399,13.506470,-5.696199,-1.238180,1,10,20.875280,-1.609124,0,0
34.530210,-18.019960,173.005100,792.217400,1,1,1,1,2,2,0.884942,0.890301,0.884932,0.890305,0.887619,0.005634,0.977017,0.213089,0.005639,0.977074,0.212825,0.005312,0.976557,0.215178,14.885990,-5.658896,-1.203093,1,10,20.880860,-1.523936,0,0
34.540210,-18.022780,172.949000,792.418600,1,1,1,1,2,2,0.872764,0.878269,0.872794,0.878239,0.875517,0.005872,0.977071,0.212832,0.005870,0.977121,0.212604,0.005360,0.976606,0.214956,15.843430,-5.608147,-1.154236,1,10,20.885770,-1.436208,0,0
34.550210,-18.025740,172.893500,792.619900,1,1,1,1,2,2,0.861359,0.866850,0.861367,0.866839,0.864103,0.005865,0.977068,0.212846,0.005870,0.977121,0.212604,0.005404,0.976650,0.214754,16.428130,-5.548077,-1.095426,1,10,20.890320,-1.346354,0,0
34.560210,-18.028820,172.838700,792.821500,1,1,1,1,2,2,0.850615,0.855739,0.850624,0.855887,0.853255,0.006103,0.977175,0.212346,0.006101,0.977167,0.212384,0.005464,0.976695,0.214550,16.766440,-5.482332,-1.030841,1,10,20.894780,-1.255395,0,0
34.570210,-18.032010,172.784500,793.023400,1,1,1,1,2,2,0.840937,0.846132,0.840605,0.845801,0.843203,0.006104,0.977225,0.212117,0.006101,0.977167,0.212384,0.005519,0.976735,0.214363,16.868510,-5.413319,-0.962530,1,10,20.899320,-1.163529,0,0
34.580200,-18.035310,172.731100,793.225500,1,1,1,1,2,2,0.831339,0.836585,0.831338,0.836450,0.833894,0.006104,0.977222,0.212130,0.006101,0.977167,0.212384,0.005569,0.976772,0.214193,16.803490,-5.343347,-0.892892,1,10,20.904070,-1.071590,0,0
34.590200,-18.038710,172.678400,793.427800,1,1,1,1,2,2,0.823133,0.827813,0.822816,0.827804,0.825310,0.006104,0.977170,0.212373,0.006101,0.977167,0.212384,0.005615,0.976806,0.214037,16.617290,-5.274049,-0.823624,1,10,20.909100,-0.980062,0,0
34.600200,-18.042200,172.626300,793.630300,1,1,1,1,2,2,0.815297,0.819881,0.814974,0.819878,0.817426,0.006104,0.977170,0.212373,0.006101,0.977167,0.212384,0.005657,0.976838,0.213895,16.345260,-5.206609,-0.755967,1,10,20.914460,-0.889384,0,0
34.610200,-18.045760,172.574900,793.833100,1,1,1,1,2,2,0.807806,0.812661,0.807815,0.812626,0.810221,0.006104,0.977117,0.212616,0.006101,0.977167,0.212384,0.005695,0.976866,0.213765,16.013400,-5.141864,-0.690802,1,10,20.920140,-0.799941,0,0
34.620200,-18.049390,172.524100,794.036000,1,1,1,1,2,2,0.801115,0.805840,0.801320,0.806006,0.803663,0.006104,0.977225,0.212117,0.006101,0.977167,0.212384,0.005730,0.976892,0.213646,15.642600,-5.080398,-0.628747,1,10,20.926140,-0.712072,0,0
34.630200,-18.053090,172.473900,794.239200,1,1,1,1,2,2,0.795196,0.800029,0.795382,0.800047,0.797714,0.006104,0.977170,0.212373,0.006101,0.977167,0.212384,0.005762,0.976916,0.213537,15.250310,-5.022588,-0.570212,1,10,20.932440,-0.626063,0,0
34.640190,-18.056840,172.424200,794.442600,1,1,1,1,2,2,0.790054,0.794747,0.790044,0.794591,0.792318,0.006104,0.977222,0.212130,0.006101,0.977167,0.212384,0.005791,0.976937,0.213438,14.852300,-4.968645,-0.515428,1,10,20.939010,-0.542156,0,0
34.650190,-18.060630,172.375000,794.646100,1,1,1,1,2,2,0.786198,0.790851,0.786335,0.790778,0.788556,0.006103,0.977615,0.210311,0.006104,0.977597,0.210397,0.005818,0.976994,0.213176,14.347450,-4.918621,-0.468129,1,10,20.945820,-0.460551,0,0
34.660190,-18.064460,172.326300,794.849900,1,1,1,1,2,2,0.781447,0.785788,0.781596,0.785939,0.783768,0.006104,0.977665,0.210081,0.006104,0.977597,0.210397,0.005843,0.977046,0.212937,14.142290,-4.873553,-0.425425,1,10,20.952830,-0.381488,0,0
34.670190,-18.068320,172.278000,795.053800,1,1,1,1,2,2,0.777319,0.781593,0.777284,0.781553,0.779419,0.006103,0.977560,0.210567,0.006104,0.977597,0.210397,0.005865,0.977093,0.212718,13.898820,-4.830513,-0.384357,1,10,20.959950,-0.305052,0,0
34.680190,-18.072200,172.230100,795.257900,1,1,1,1,2,2,0.773279,0.777632,0.773435,0.777598,0.775517,0.006112,0.977613,0.210324,0.006104,0.977597,0.210397,0.005886,0.977137,0.212519,13.626300,-4.789873,-0.345344,1,10,20.967190,-0.231340,0,0
34.690190,-18.076090,172.182500,795.462200,1,1,1,1,2,2,0.769826,0.774097,0.769969,0.774056,0.772013,0.006120,0.977613,0.210324,0.006104,0.977597,0.210397,0.005905,0.977176,0.212336,13.341570,-4.751916,-0.308710,1,10,20.974530,-0.160442,0,0
34.700180,-18.080000,172.135400,795.666600,1,1,1,1,2,2,0.765860,0.769859,0.765854,0.769839,0.767847,0.006103,0.978000,0.208518,0.006107,0.978023,0.208409,0.005922,0.977249,0.211998,13.331340,-4.716761,-0.278276,1,10,20.981950,-0.092402,0,0
34.710180,-18.083910,172.088600,795.871200,1,1,1,1,2,2,0.762734,0.766638,0.762701,0.766638,0.764670,0.006111,0.977997,0.208531,0.006107,0.978023,0.208409,0.005938,0.977316,0.211689,13.130550,-4.681719,-0.247344,1,10,20.989400,-0.027310,0,0
34.720180,-18.087810,172.042100,796.075900,1,1,1,1,2,2,0.759943,0.763763,0.759916,0.763751,0.761834,0.006103,0.978000,0.208518,0.006107,0.978023,0.208409,0.005952,0.977377,0.211407,12.904800,-4.648653,-0.217871,1,10,20.996880,0.034861,0,0
34.730180,-18.091700,171.995900,796.280800,1,1,1,1,2,2,0.757785,0.761266,0.757712,0.761216,0.759464,0.006286,0.978053,0.208261,0.006286,0.978058,0.208237,0.005981,0.977435,0.211134,12.647040,-4.617807,-0.190477,1,10,21.004400,0.094074,0,0
34.740180,-18.095580,171.950000,796.485800,1,1,1,1,2,2,0.755266,0.759025,0.755482,0.758999,0.757240,0.006286,0.977998,0.208518,0.006286,0.978058,0.208237,0.006007,0.977489,0.210885,12.415300,-4.589492,-0.165176,1,10,21.011960,0.150577,0,0
34.750180,-18.099440,171.904400,796.690900,1,1,1,1,2,2,0.753662,0.757339,0.753542,0.757249,0.755395,0.006470,0.978098,0.208044,0.006465,0.978094,0.208066,0.006047,0.977541,0.210642,12.170260,-4.563454,-0.142071,1,10,21.019530,0.204145,0,0
34.760170,-18.103270,171.859000,796.896200,1,1,1,1,2,2,0.751976,0.755629,0.751869,0.755488,0.753678,0.006469,0.978101,0.208031,0.006465,0.978094,0.208066,0.006083,0.977588,0.210420,11.952620,-4.539820,-0.120983,1,10,21.027110,0.255053,0,0
34.770170,-18.107070,171.813800,797.101600,1,1,1,1,2,2,0.750510,0.754062,0.750408,0.753982,0.752195,0.006470,0.978095,0.208057,0.006465,0.978094,0.208066,0.006116,0.977632,0.210218,11.737390,-4.518323,-0.101676,1,10,21.034700,0.303150,0,0
34.780170,-18.110830,171.768800,797.307100,1,1,1,1,2,2,0.749090,0.752781,0.749034,0.752659,0.750847,0.006652,0.978151,0.207787,0.006645,0.978129,0.207894,0.006161,0.977675,0.210018,11.550600,-4.498939,-0.084482,1,10,21.042280,0.348455,0,0
34.790170,-18.114560,171.724000,797.512700,1,1,1,1,2,2,0.747963,0.751669,0.747921,0.751555,0.749738,0.006653,0.978146,0.207813,0.006645,0.978129,0.207894,0.006203,0.977714,0.209835,11.358470,-4.481388,-0.068798,1,10,21.049860,0.391389,0,0
