time,x,y,z,left,right,leftSamples,rightSamples,leftHeight,rightHeight,height,rawNx,rawNy,rawNz,supportNx,supportNy,supportNz,supportAcceleration,verticalVelocity,normalVelocity,grounded,transitions,speed,lateralAcceleration
0.000000,4000.000000,0.750000,2.000000,1,1,2,2,0.750000,0.750000,0.750000,0.000000,1.000000,0.000000,0.000000,1.000000,0.000000,9.810000,0.000000,0.000000,1,0,16.000000,0.000000
0.010000,4000.000000,0.750000,2.159848,1,1,2,2,0.750000,0.750000,0.750000,0.000000,1.000000,-0.000001,0.000000,1.000000,0.000000,9.810000,0.000000,0.000000,1,0,15.984810,0.000000
0.020000,4000.000000,0.750000,2.319544,1,1,2,2,0.750000,0.750000,0.750000,0.000000,1.000000,0.000000,0.000000,1.000000,0.000000,9.810000,0.000000,0.000000,1,0,15.969640,0.000000
0.030000,4000.000000,0.750000,2.479089,1,1,2,2,0.750000,0.750000,0.750000,0.000000,1.000000,-0.000001,0.000000,1.000000,0.000000,9.810000,0.000000,0.000000,1,0,15.954490,0.000000
0.040000,4000.000000,0.750000,2.638483,1,1,2,2,0.750000,0.750000,0.750000,0.000000,1.000000,-0.000002,0.000000,1.000000,0.000000,9.810000,0.000000,0.000000,1,0,15.939360,0.000000
0.050000,4000.000000,0.750000,2.797725,1,1,2,2,0.750000,0.750000,0.750000,0.000000,1.000000,0.000000,0.000000,1.000000,0.000000,9.810000,0.000000,0.000000,1,0,15.924260,0.000000
0.060000,4000.000000,0.750000,2.956817,1,1,2,2,0.750000,0.750000,0.750000,0.000000,1.000000,-0.000002,0.000000,1.000000,0.000000,9.810000,0.000000,0.000000,1,0,15.909170,0.000000
0.070000,4000.000000,0.750000,3.115758,1,1,2,2,0.750000,0.750000,0.750000,0.000000,1.000000,0.000000,0.000000,1.000000,0.000000,9.810000,0.000000,0.000000,1,0,15.894110,0.000000
0.080000,4000.000000,0.750000,3.274549,1,1,2,2,0.750000,0.750000,0.750000,0.000000,1.000000,0.000000,0.000000,1.000000,0.000000,9.810000,0.000000,0.000000,1,0,15.879070,0.000000
0.090000,4000.000000,0.750000,3.433190,1,1,2,2,0.750000,0.750000,0.750000,0.000000,1.000000,-0.000002,0.000000,1.000000,0.000000,9.810000,0.000000,0.000000,1,0,15.864060,0.000000
0.100000,4000.000000,0.750000,3.591680,1,1,2,2,0.750000,0.750000,0.750000,0.000000,1.000000,0.000000,0.000000,1.000000,0.000000,9.810000,0.000000,0.000000,1,0,15.849060,0.000000
0.110000,4000.000000,0.750000,3.750021,1,1,2,2,0.750000,0.750000,0.750000,0.000000,1.000000,0.000352,0.000000,1.000000,0.000000,9.810000,0.000000,0.000000,1,0,15.834090,0.000000
0.120000,4000.000000,0.750000,3.908213,1,1,2,2,0.750000,0.750000,0.750000,0.000000,1.000000,0.000000,0.000000,1.000000,0.000000,9.810000,0.000000,0.000000,1,0,15.819140,0.000000
0.130000,4000.000000,0.750000,4.066255,1,1,2,2,0.750000,0.750000,0.750000,0.000000,1.000000,0.000000,0.000000,1.000000,0.000000,9.810000,0.000000,0.000000,1,0,15.804210,0.000000
0.140000,4000.000000,0.750000,4.224148,1,1,2,2,0.750000,0.750000,0.750000,0.000000,1.000000,-0.000001,0.000000,1.000000,0.000000,9.810000,0.000000,0.000000,1,0,15.789300,0.000000
0.150000,4000.000000,0.750000,4.381892,1,1,2,2,0.750000,0.750000,0.750000,0.000000,1.000000,-0.000001,0.000000,1.000000,0.000000,9.810000,0.000000,0.000000,1,0,15.774420,0.000000
0.160000,4000.000000,0.750000,4.539488,1,1,2,2,0.750000,0.750000,0.750000,0.000000,1.000000,0.000000,0.000000,1.000000,0.000000,9.810000,0.000000,0.000000,1,0,15.759550,0.000000
0.170000,4000.000000,0.750000,4.696935,1,1,2,2,0.750000,0.750000,0.750000,0.000000,1.000000,0.000000,0.000000,1.000000,0.000000,9.810000,0.000000,0.000000,1,0,15.744710,0.000000
0.180000,4000.000000,0.750000,4.854234,1,1,2,2,0.750000,0.750000,0.750000,0.000000,1.000000,0.000000,0.000000,1.000000,0.000000,9.810000,0.000000,0.000000,1,0,15.729890,0.000000
0.190000,4000.000000,0.750000,5.011384,1,1,2,2,0.750000,0.750000,0.750000,0.000000,1.000000,0.000000,0.000000,1.000000,0.000000,9.810000,0.000000,0.000000,1,0,15.715090,0.000000
0.200000,4000.000000,0.750000,5.168387,1,1,2,2,0.750000,0.750000,0.750000,0.000000,1.000000,0.000000,0.000000,1.000000,0.000000,9.810000,0.000000,0.000000,1,0,15.700310,0.000000
0.210000,4000.000000,0.750000,5.325243,1,1,2,2,0.750000,0.750000,0.750000,0.000000,1.000000,0.000000,0.000000,1.000000,0.000000,9.810000,0.000000,0.000000,1,0,15.685550,0.000000
0.220000,4000.000000,0.750000,5.481951,1,1,2,2,0.750000,0.750000,0.750000,0.000000,1.000000,0.000000,0.000000,1.000000,0.000000,9.810000,0.000000,0.000000,1,0,15.670820,0.000000
0.230000,4000.000000,0.750000,5.638512,1,1,2,2,0.750000,0.750000,0.750000,0.000000,1.000000,0.000000,0.000000,1.000000,0.000000,9.810000,0.000000,0.000000,1,0,15.656100,0.000000
0.240000,4000.000000,0.750000,5.794926,1,1,2,2,0.750000,0.750000,0.750000,0.000000,1.000000,0.000000,0.000000,1.000000,0.000000,9.810000,0.000000,0.000000,1,0,15.641410,0.000000
0.250000,4000.000000,0.750000,5.951193,1,1,2,2,0.750000,0.750000,0.750000,0.000000,1.000000,0.000000,0.000000,1.000000,0.000000,9.810000,0.000000,0.000000,1,0,15.626740,0.000000
0.260000,4000.000000,0.750000,6.107314,1,1,2,2,0.750000,0.750000,0.750000,0.000000,1.000000,0.000000,0.000000,1.000000,0.000000,9.810000,0.000000,0.000000,1,0,15.612090,0.000000
0.270000,4000.000000,0.750000,6.263288,1,1,2,2,0.750000,0.750000,0.750000,0.000000,1.000000,0.000000,0.000000,1.000000,0.000000,9.810000,0.000000,0.000000,1,0,15.597460,0.000000
0.280000,4000.000000,0.750000,6.419117,1,1,2,2,0.750000,0.750000,0.750000,0.000000,1.000000,0.000000,0.000000,1.000000,0.000000,9.810000,0.000000,0.000000,1,0,15.582850,0.000000
0.290000,4000.000000,0.750000,6.574800,1,1,2,2,0.750000,0.750000,0.750000,0.000000,1.000000,0.000000,0.000000,1.000000,0.000000,9.810000,0.000000,0.000000,1,0,15.568260,0.000000
0.300000,4000.000000,0.750000,6.730337,1,1,2,2,0.750000,0.750000,0.750000,0.000000,1.000000,0.000000,0.000000,1.000000,0.000000,9.810000,0.000000,0.000000,1,0,15.553690,0.000000
0.310000,4000.000000,0.750000,6.885728,1,1,2,2,0.750000,0.750000,0.750000,0.000000,1.000000,0.000000,0.000000,1.000000,0.000000,9.810000,0.000000,0.000000,1,0,15.539140,0.000000
0.320000,4000.000000,0.750000,7.040974,1,1,2,2,0.750000,0.750000,0.750000,0.000000,1.000000,0.000000,0.000000,1.000000,0.000000,9.810000,0.000000,0.000000,1,0,15.524620,0.000000
0.330000,4000.000000,0.750000,7.196075,1,1,2,2,0.750000,0.750000,0.750000,0.000000,1.000000,0.000000,0.000000,1.000000,0.000000,9.810000,0.000000,0.000000,1,0,15.510110,0.000000
0.340000,4000.000000,0.750000,7.351032,1,1,2,2,0.750000,0.750000,0.750000,0.000000,1.000000,0.000000,0.000000,1.000000,0.000000,9.810000,0.000000,0.000000,1,0,15.495630,0.000000
0.350000,4000.000000,0.750000,7.505844,1,1,2,2,0.750000,0.750000,0.750000,0.000000,1.000000,0.000000,0.000000,1.000000,0.000000,9.810000,0.000000,0.000000,1,0,15.481170,0.000000
0.360000,4000.000000,0.750000,7.660511,1,1,2,2,0.750000,0.750000,0.750000,0.000000,1.000000,0.000000,0.000000,1.000000,0.000000,9.810000,0.000000,0.000000,1,0,15.466720,0.000000
0.370000,4000.000000,0.750000,7.815034,1,1,2,2,0.750000,0.750000,0.750000,0.000000,1.000000,0.000000,0.000000,1.000000,0.000000,9.810000,0.000000,0.000000,1,0,15.452300,0.000000
0.380000,4000.000000,0.750000,7.969413,1,1,2,2,0.750000,0.750000,0.750000,0.000000,1.000000,0.000000,0.000000,1.000000,0.000000,9.810000,0.000000,0.000000,1,0,15.437900,0.000000
0.390000,4000.000000,0.750000,8.123648,1,1,2,2,0.750000,0.750000,0.750000,0.000000,1.000000,0.000000,0.000000,1.000000,0.000000,9.810000,0.000000,0.000000,1,0,15.423520,0.000000
0.400000,4000.000000,0.750000,8.277740,1,1,2,2,0.750000,0.750000,0.750000,0.000000,1.000000,0.000000,0.000000,1.000000,0.000000,9.810000,0.000000,0.000000,1,0,15.409150,0.000000
0.410000,4000.000000,0.750000,8.431687,1,1,2,2,0.750000,0.750000,0.750000,0.000000,1.000000,0.000000,0.000000,1.000000,0.000000,9.810000,0.000000,0.000000,1,0,15.394810,0.000000
0.420000,4000.000000,0.750000,8.585492,1,1,2,2,0.750000,0.750000,0.750000,0.000000,1.000000,0.000000,0.000000,1.000000,0.000000,9.810000,0.000000,0.000000,1,0,15.380490,0.000000
0.430000,4000.000000,0.750000,8.739154,1,1,2,2,0.750000,0.750000,0.750000,0.000000,1.000000,0.000000,0.000000,1.000000,0.000000,9.810000,0.000000,0.000000,1,0,15.366190,0.000000
0.440000,4000.000000,0.750000,8.892673,1,1,2,2,0.750000,0.750000,0.750000,0.000000,1.000000,0.000000,0.000000,1.000000,0.000000,9.810000,0.000000,0.000000,1,0,15.351910,0.000000
0.450000,4000.000000,0.750000,9.046049,1,1,2,2,0.750000,0.750000,0.750000,0.000000,1.000000,0.000000,0.000000,1.000000,0.000000,9.810000,0.000000,0.000000,1,0,15.337650,0.000000
0.460000,4000.000000,0.750000,9.199284,1,1,2,2,0.750000,0.750000,0.750000,0.000000,1.000000,0.000000,0.000000,1.000000,0.000000,9.810000,0.000000,0.000000,1,0,15.323410,0.000000
0.470000,4000.000000,0.750000,9.352375,1,1,2,2,0.750000,0.750000,0.750000,0.000000,1.000000,0.000000,0.000000,1.000000,0.000000,9.810000,0.000000,0.000000,1,0,15.309190,0.000000
0.480000,4000.000000,0.750000,9.505325,1,1,2,2,0.750000,0.750000,0.750000,0.000000,1.000000,0.000000,0.000000,1.000000,0.000000,9.810000,0.000000,0.000000,1,0,15.294990,0.000000
0.490000,4000.000000,0.750000,9.658134,1,1,2,2,0.750000,0.750000,0.750000,0.000000,1.000000,0.000000,0.000000,1.000000,0.000000,9.810000,0.000000,0.000000,1,0,15.280810,0.000000
0.500000,4000.000000,0.750000,9.810800,1,1,2,2,0.750000,0.750000,0.750000,0.000000,1.000000,0.000000,0.000000,1.000000,0.000000,9.810000,0.000000,0.000000,1,0,15.266650,0.000000
0.510000,4000.000000,0.750000,9.963325,1,1,2,2,0.750000,0.750000,0.750000,0.000000,1.000000,0.000000,0.000000,1.000000,0.000000,9.810000,0.000000,0.000000,1,0,15.252510,0.000000
0.520000,4000.000000,0.750000,10.115710,1,1,2,2,0.750000,0.750000,0.750000,0.000000,1.000000,0.000000,0.000000,1.000000,0.000000,9.810000,0.000000,0.000000,1,0,15.238390,0.000000
0.530000,4000.000000,0.750000,10.267950,1,1,2,2,0.750000,0.750000,0.750000,0.000000,1.000000,0.000000,0.000000,1.000000,0.000000,9.810000,0.000000,0.000000,1,0,15.224290,0.000000
0.540000,4000.000000,0.750000,10.420050,1,1,2,2,0.750000,0.750000,0.750000,0.000000,1.000000,0.000000,0.000000,1.000000,0.000000,9.810000,0.000000,0.000000,1,0,15.210210,0.000000
0.550000,4000.000000,0.750000,10.572010,1,1,2,2,0.750000,0.750000,0.750000,0.000000,1.000000,0.000000,0.000000,1.000000,0.000000,9.810000,0.000000,0.000000,1,0,15.196150,0.000000
0.560000,4000.000000,0.750000,10.723840,1,1,2,2,0.750000,0.750000,0.750000,0.000000,1.000000,0.000000,0.000000,1.000000,0.000000,9.810000,0.000000,0.000000,1,0,15.182110,0.000000
0.570000,4000.000000,0.750000,10.875520,1,1,2,2,0.750000,0.750000,0.750000,0.000000,1.000000,0.000000,0.000000,1.000000,0.000000,9.810000,0.000000,0.000000,1,0,15.168080,0.000000
0.580000,4000.000000,0.750000,11.027060,1,1,2,2,0.750000,0.750000,0.750000,0.000000,1.000000,0.000000,0.000000,1.000000,0.000000,9.810000,0.000000,0.000000,1,0,15.154080,0.000000
0.590000,4000.000000,0.750000,11.178460,1,1,2,2,0.750000,0.750000,0.750000,0.000000,1.000000,0.000000,0.000000,1.000000,0.000000,9.810000,0.000000,0.000000,1,0,15.140100,0.000000
0.600000,4000.000000,0.750000,11.329720,1,1,2,2,0.750000,0.750000,0.750000,0.000000,1.000000,0.000000,0.000000,1.000000,0.000000,9.810000,0.000000,0.000000,1,0,15.126130,0.000000
0.610000,4000.000000,0.750000,11.480840,1,1,2,2,0.750000,0.750000,0.750000,0.000000,1.000000,0.000000,0.000000,1.000000,0.000000,9.810000,0.000000,0.000000,1,0,15.112190,0.000000
0.620000,4000.000000,0.750000,11.631820,1,1,2,2,0.750000,0.750000,0.750000,0.000000,1.000000,0.000000,0.000000,1.000000,0.000000,9.810000,0.000000,0.000000,1,0,15.098270,0.000000
0.630000,4000.000000,0.750000,11.782670,1,1,2,2,0.750000,0.750000,0.750000,0.000000,1.000000,0.000000,0.000000,1.000000,0.000000,9.810000,0.000000,0.000000,1,0,15.084360,0.000000
0.640000,4000.000000,0.750000,11.933370,1,1,2,2,0.750000,0.750000,0.750000,0.000000,1.000000,0.000000,0.000000,1.000000,0.000000,9.810000,0.000000,0.000000,1,0,15.070470,0.000000
0.650000,4000.000000,0.750000,12.083940,1,1,2,2,0.750000,0.750000,0.750000,0.000000,1.000000,0.000000,0.000000,1.000000,0.000000,9.810000,0.000000,0.000000,1,0,15.056610,0.000000
0.660000,4000.000000,0.750000,12.234370,1,1,2,2,0.750000,0.750000,0.750000,0.000000,1.000000,0.000000,0.000000,1.000000,0.000000,9.810000,0.000000,0.000000,1,0,15.042760,0.000000
0.670000,4000.000000,0.750000,12.384660,1,1,2,2,0.750000,0.750000,0.750000,0.000000,1.000000,0.000000,0.000000,1.000000,0.000000,9.810000,0.000000,0.000000,1,0,15.028930,0.000000
0.680000,4000.000000,0.750000,12.534810,1,1,2,2,0.750000,0.750000,0.750000,0.000000,1.000000,0.000000,0.000000,1.000000,0.000000,9.810000,0.000000,0.000000,1,0,15.015120,0.000000
0.690000,4000.000000,0.750000,12.684820,1,1,2,2,0.750000,0.750000,0.750000,0.000000,1.000000,0.000000,0.000000,1.000000,0.000000,9.810000,0.000000,0.000000,1,0,15.001330,0.000000
0.700000,4000.000000,0.750000,12.834700,1,1,2,2,0.750000,0.750000,0.750000,0.000000,1.000000,0.000000,0.000000,1.000000,0.000000,9.810000,0.000000,0.000000,1,0,14.987560,0.000000
0.710000,4000.000000,0.750000,12.984430,1,1,2,2,0.750000,0.750000,0.750000,0.000000,1.000000,0.000000,0.000000,1.000000,0.000000,9.810000,0.000000,0.000000,1,0,14.973810,0.000000
0.720000,4000.000000,0.750000,13.134040,1,1,2,2,0.750000,0.750000,0.750000,0.000000,1.000000,0.000000,0.000000,1.000000,0.000000,9.810000,0.000000,0.000000,1,0,14.960080,0.000000
0.730000,4000.000000,0.750000,13.283500,1,1,2,2,0.750000,0.750000,0.750000,0.000000,1.000000,0.000000,0.000000,1.000000,0.000000,9.810000,0.000000,0.000000,1,0,14.946360,0.000000
0.740000,4000.000000,0.750000,13.432830,1,1,2,2,0.750000,0.750000,0.750000,0.000000,1.000000,0.000000,0.000000,1.000000,0.000000,9.810000,0.000000,0.000000,1,0,14.932670,0.000000
0.750000,4000.000000,0.750000,13.582020,1,1,2,2,0.750000,0.750000,0.750000,0.000000,1.000000,0.000000,0.000000,1.000000,0.000000,9.810000,0.000000,0.000000,1,0,14.918990,0.000000
0.760000,4000.000000,0.750000,13.731070,1,1,2,2,0.750000,0.750000,0.750000,0.000000,1.000000,0.000000,0.000000,1.000000,0.000000,9.810000,0.000000,0.000000,1,0,14.905330,0.000000
0.770000,4000.000000,0.750000,13.879990,1,1,2,2,0.750000,0.750000,0.750000,0.000000,1.000000,0.000000,0.000000,1.000000,0.000000,9.810000,0.000000,0.000000,1,0,14.891690,0.000000
0.780000,4000.000000,0.750000,14.028770,1,1,2,2,0.750000,0.750000,0.750000,0.000000,1.000000,0.000000,0.000000,1.000000,0.000000,9.810000,0.000000,0.000000,1,0,14.878070,0.000000
0.790000,4000.000000,0.750000,14.177410,1,1,2,2,0.750000,0.750000,0.750000,0.000000,1.000000,0.000000,0.000000,1.000000,0.000000,9.810000,0.000000,0.000000,1,0,14.864470,0.000000
0.800000,4000.000000,0.750000,14.325920,1,1,2,2,0.750000,0.750000,0.750000,0.000000,1.000000,0.000000,0.000000,1.000000,0.000000,9.810000,0.000000,0.000000,1,0,14.850890,0.000000
0.810000,4000.000000,0.750000,14.474290,1,1,2,2,0.750000,0.750000,0.750000,0.000000,1.000000,0.000000,0.000000,1.000000,0.000000,9.810000,0.000000,0.000000,1,0,14.837320,0.000000
0.820000,4000.000000,0.750000,14.622530,1,1,2,2,0.750000,0.750000,0.750000,0.000000,1.000000,0.000000,0.000000,1.000000,0.000000,9.810000,0.000000,0.000000,1,0,14.823780,0.000000
0.830000,4000.000000,0.750000,14.770630,1,1,2,2,0.750000,0.750000,0.750000,0.000000,1.000000,0.000000,0.000000,1.000000,0.000000,9.810000,0.000000,0.000000,1,0,14.810250,0.000000
0.840000,4000.000000,0.750000,14.918600,1,1,2,2,0.750000,0.750000,0.750000,0.000000,1.000000,0.000000,0.000000,1.000000,0.000000,9.810000,0.000000,0.000000,1,0,14.796740,0.000000
0.850000,4000.000000,0.750000,15.066430,1,1,2,2,0.750000,0.750000,0.750000,0.000000,1.000000,0.000000,0.000000,1.000000,0.000000,9.810000,0.000000,0.000000,1,0,14.783250,0.000000
0.860000,4000.000000,0.750000,15.214130,1,1,2,2,0.750000,0.750000,0.750000,0.000000,1.000000,0.000000,0.000000,1.000000,0.000000,9.810000,0.000000,0.000000,1,0,14.769770,0.000000
0.870000,4000.000000,0.750000,15.361700,1,1,2,2,0.750000,0.750000,0.750000,0.000000,1.000000,0.000000,0.000000,1.000000,0.000000,9.810000,0.000000,0.000000,1,0,14.756320,0.000000
0.880000,4000.000000,0.750000,15.509120,1,1,2,2,0.750000,0.750000,0.750000,0.000000,1.000000,0.000000,0.000000,1.000000,0.000000,9.810000,0.000000,0.000000,1,0,14.742880,0.000000
0.890000,4000.000000,0.750000,15.656420,1,1,2,2,0.750000,0.750000,0.750000,0.000000,1.000000,0.000000,0.000000,1.000000,0.000000,9.810000,0.000000,0.000000,1,0,14.729460,0.000000
0.900000,4000.000000,0.750000,15.803580,1,1,2,2,0.750000,0.750000,0.750000,0.000000,1.000000,0.000000,0.000000,1.000000,0.000000,9.810000,0.000000,0.000000,1,0,14.716060,0.000000
0.910000,4000.000000,0.750000,15.950610,1,1,2,2,0.750000,0.750000,0.750000,0.000000,1.000000,0.000000,0.000000,1.000000,0.000000,9.810000,0.000000,0.000000,1,0,14.702680,0.000000
0.920000,4000.000000,0.750000,16.097500,1,1,2,2,0.750000,0.750000,0.750000,0.000000,1.000000,0.000000,0.000000,1.000000,0.000000,9.810000,0.000000,0.000000,1,0,14.689320,0.000000
0.930000,4000.000000,0.750000,16.244260,1,1,2,2,0.750000,0.750000,0.750000,0.000000,1.000000,0.000000,0.000000,1.000000,0.000000,9.810000,0.000000,0.000000,1,0,14.675970,0.000000
0.940000,4000.000000,0.750000,16.390880,1,1,2,2,0.750000,0.750000,0.750000,0.000000,1.000000,0.000000,0.000000,1.000000,0.000000,9.810000,0.000000,0.000000,1,0,14.662650,0.000000
0.950000,4000.000000,0.750000,16.537380,1,1,2,2,0.750000,0.750000,0.750000,0.000000,1.000000,0.000000,0.000000,1.000000,0.000000,9.810000,0.000000,0.000000,1,0,14.649340,0.000000
0.960000,4000.000000,0.750000,16.683740,1,1,2,2,0.750000,0.750000,0.750000,0.000000,1.000000,0.000000,0.000000,1.000000,0.000000,9.810000,0.000000,0.000000,1,0,14.636040,0.000000
0.970000,4000.000000,0.750000,16.829970,1,1,2,2,0.750000,0.750000,0.750000,0.000000,1.000000,0.000000,0.000000,1.000000,0.000000,9.810000,0.000000,0.000000,1,0,14.622770,0.000000
0.980000,4000.000000,0.750000,16.976060,1,1,2,2,0.750000,0.750000,0.750000,0.000000,1.000000,0.000000,0.000000,1.000000,0.000000,9.810000,0.000000,0.000000,1,0,14.609510,0.000000
0.990000,4000.000000,0.750000,17.122020,1,1,2,2,0.750000,0.750000,0.750000,0.000000,1.000000,0.000000,0.000000,1.000000,0.000000,9.810000,0.000000,0.000000,1,0,14.596280,0.000000
1.000000,4000.000000,0.750000,17.267850,1,1,2,2,0.750000,0.750000,0.750000,0.000000,1.000000,0.000000,0.000000,1.000000,0.000000,9.810000,0.000000,0.000000,1,0,14.583060,0.000000
1.010000,4000.000000,0.750000,17.413550,1,1,2,2,0.750000,0.750000,0.750000,0.000000,1.000000,0.000000,0.000000,1.000000,0.000000,9.810000,0.000000,0.000000,1,0,14.569850,0.000000
1.020000,4000.000000,0.750000,17.559120,1,1,2,2,0.750000,0.750000,0.750000,0.000000,1.000000,0.000000,0.000000,1.000000,0.000000,9.810000,0.000000,0.000000,1,0,14.556670,0.000000
1.030000,4000.000000,0.750000,17.704560,1,1,2,2,0.750000,0.750000,0.750000,0.000000,1.000000,0.000000,0.000000,1.000000,0.000000,9.810000,0.000000,0.000000,1,0,14.543500,0.000000
1.040000,4000.000000,0.750000,17.849860,1,1,2,2,0.750000,0.750000,0.750000,0.000000,1.000000,0.000000,0.000000,1.000000,0.000000,9.810000,0.000000,0.000000,1,0,14.530350,0.000000
1.050000,4000.000000,0.750000,17.995030,1,1,2,2,0.750000,0.750000,0.750000,0.000000,1.000000,0.000000,0.000000,1.000000,0.000000,9.810000,0.000000,0.000000,1,0,14.517220,0.000000
1.060000,4000.000000,0.750000,18.140070,1,1,2,2,0.750000,0.750000,0.750000,0.000000,1.000000,0.000000,0.000000,1.000000,0.000000,9.810000,0.000000,0.000000,1,0,14.504100,0.000000
1.070000,4000.000000,0.750000,18.284980,1,1,2,2,0.750000,0.750000,0.750000,0.000000,1.000000,0.000000,0.000000,1.000000,0.000000,9.810000,0.000000,0.000000,1,0,14.491000,0.000000
1.080000,4000.000000,0.750000,18.429760,1,1,2,2,0.750000,0.750000,0.750000,0.000000,1.000000,0.000000,0.000000,1.000000,0.000000,9.810000,0.000000,0.000000,1,0,14.477930,0.000000
1.090000,4000.000000,0.750000,18.574410,1,1,2,2,0.750000,0.750000,0.750000,0.000000,1.000000,0.000000,0.000000,1.000000,0.000000,9.810000,0.000000,0.000000,1,0,14.464860,0.000000
1.100000,4000.000000,0.750000,18.718930,1,1,2,2,0.750000,0.750000,0.750000,0.000000,1.000000,0.000000,0.000000,1.000000,0.000000,9.810000,0.000000,0.000000,1,0,14.451820,0.000000
1.110000,4000.000000,0.750000,18.863320,1,1,2,2,0.750000,0.750000,0.750000,0.000000,1.000000,0.000000,0.000000,1.000000,0.000000,9.810000,0.000000,0.000000,1,0,14.438790,0.000000
1.120000,4000.000000,0.750000,19.007580,1,1,2,2,0.750000,0.750000,0.750000,0.000000,1.000000,0.000000,0.000000,1.000000,0.000000,9.810000,0.000000,0.000000,1,0,14.425780,0.000000
1.130000,4000.000000,0.750000,19.151700,1,1,2,2,0.750000,0.750000,0.750000,0.000000,1.000000,0.000000,0.000000,1.000000,0.000000,9.810000,0.000000,0.000000,1,0,14.412790,0.000000
1.140000,4000.000000,0.750000,19.295700,1,1,2,2,0.750000,0.750000,0.750000,0.000000,1.000000,0.000000,0.000000,1.000000,0.000000,9.810000,0.000000,0.000000,1,0,14.399810,0.000000
1.150000,4000.000000,0.750000,19.439570,1,1,2,2,0.750000,0.750000,0.750000,0.000000,1.000000,0.000000,0.000000,1.000000,0.000000,9.810000,0.000000,0.000000,1,0,14.386850,0.000000
1.160000,4000.000000,0.750000,19.583310,1,1,2,2,0.750000,0.750000,0.750000,0.000000,1.000000,0.000000,0.000000,1.000000,0.000000,9.810000,0.000000,0.000000,1,0,14.373910,0.000000
1.170000,4000.000000,0.750000,19.726920,1,1,2,2,0.750000,0.750000,0.750000,0.000000,1.000000,0.000000,0.000000,1.000000,0.000000,9.810000,0.000000,0.000000,1,0,14.360990,0.000000
1.180000,4000.000000,0.750000,19.870400,1,1,2,2,0.750000,0.750000,0.750000,0.000000,1.000000,0.000000,0.000000,1.000000,0.000000,9.810000,0.000000,0.000000,1,0,14.348080,0.000000
1.190000,4000.000000,0.750000,20.013750,1,1,2,2,0.750000,0.750000,0.750000,0.000000,1.000000,0.000000,0.000000,1.000000,0.000000,9.810000,0.000000,0.000000,1,0,14.335190,0.000000
1.200000,4000.000000,0.750000,20.156980,1,1,2,2,0.750000,0.750000,0.750000,0.000000,1.000000,0.000000,0.000000,1.000000,0.000000,9.810000,0.000000,0.000000,1,0,14.322310,0.000000
1.210000,4000.000000,0.750000,20.300070,1,1,2,2,0.750000,0.750000,0.750000,0.000000,1.000000,0.000000,0.000000,1.000000,0.000000,9.810000,0.000000,0.000000,1,0,14.309460,0.000000
1.220000,4000.000000,0.750000,20.443040,1,1,2,2,0.750000,0.750000,0.750000,0.000000,1.000000,0.000000,0.000000,1.000000,0.000000,9.810000,0.000000,0.000000,1,0,14.296620,0.000000
1.230000,4000.000000,0.750000,20.585870,1,1,2,2,0.750000,0.750000,0.750000,0.000000,1.000000,0.000000,0.000000,1.000000,0.000000,9.810000,0.000000,0.000000,1,0,14.283800,0.000000
1.240000,4000.000000,0.750000,20.728580,1,1,2,2,0.750000,0.750000,0.750000,0.000000,1.000000,0.000000,0.000000,1.000000,0.000000,9.810000,0.000000,0.000000,1,0,14.270990,0.000000
1.250000,4000.000000,0.750000,20.871170,1,1,2,2,0.750000,0.750000,0.750000,0.000000,1.000000,0.000000,0.000000,1.000000,0.000000,9.810000,0.000000,0.000000,1,0,14.258200,0.000000
1.260000,4000.000000,0.750000,21.013620,1,1,2,2,0.750000,0.750000,0.750000,0.000000,1.000000,0.000000,0.000000,1.000000,0.000000,9.810000,0.000000,0.000000,1,0,14.245430,0.000000
1.270000,4000.000000,0.750000,21.155950,1,1,2,2,0.750000,0.750000,0.750000,0.000000,1.000000,0.000000,0.000000,1.000000,0.000000,9.810000,0.000000,0.000000,1,0,14.232670,0.000000
1.280000,4000.000000,0.750000,21.298150,1,1,2,2,0.750000,0.750000,0.750000,0.000000,1.000000,0.000000,0.000000,1.000000,0.000000,9.810000,0.000000,0.000000,1,0,14.219930,0.000000
1.290000,4000.000000,0.750000,21.440220,1,1,2,2,0.750000,0.750000,0.750000,0.000000,1.000000,0.000000,0.000000,1.000000,0.000000,9.810000,0.000000,0.000000,1,0,14.207210,0.000000
1.300000,4000.000000,0.750000,21.582160,1,1,2,2,0.750000,0.750000,0.750000,0.000000,1.000000,0.000000,0.000000,1.000000,0.000000,9.810000,0.000000,0.000000,1,0,14.194510,0.000000
1.310000,4000.000000,0.750000,21.723980,1,1,2,2,0.750000,0.750000,0.750000,0.000000,1.000000,0.000000,0.000000,1.000000,0.000000,9.810000,0.000000,0.000000,1,0,14.181820,0.000000
1.320000,4000.000000,0.750000,21.865670,1,1,2,2,0.750000,0.750000,0.750000,0.000000,1.000000,0.000000,0.000000,1.000000,0.000000,9.810000,0.000000,0.000000,1,0,14.169140,0.000000
1.330000,4000.000000,0.750000,22.007240,1,1,2,2,0.750000,0.750000,0.750000,0.000000,1.000000,0.000000,0.000000,1.000000,0.000000,9.810000,0.000000,0.000000,1,0,14.156490,0.000000
1.340000,4000.000000,0.750000,22.148680,1,1,2,2,0.750000,0.750000,0.750000,0.000000,1.000000,0.000000,0.000000,1.000000,0.000000,9.810000,0.000000,0.000000,1,0,14.143850,0.000000
1.350000,4000.000000,0.750000,22.289990,1,1,2,2,0.750000,0.750000,0.750000,0.000000,1.000000,0.000000,0.000000,1.000000,0.000000,9.810000,0.000000,0.000000,1,0,14.131220,0.000000
1.360000,4000.000000,0.750000,22.431170,1,1,2,2,0.750000,0.750000,0.750000,0.000000,1.000000,0.000000,0.000000,1.000000,0.000000,9.810000,0.000000,0.000000,1,0,14.118620,0.000000
1.370000,4000.000000,0.750000,22.572230,1,1,2,2,0.750000,0.750000,0.750000,0.000000,1.000000,0.000000,0.000000,1.000000,0.000000,9.810000,0.000000,0.000000,1,0,14.106030,0.000000
1.380000,4000.000000,0.750000,22.713170,1,1,2,2,0.750000,0.750000,0.750000,0.000000,1.000000,0.000000,0.000000,1.000000,0.000000,9.810000,0.000000,0.000000,1,0,14.093450,0.000000
1.390000,4000.000000,0.750000,22.853980,1,1,2,2,0.750000,0.750000,0.750000,0.000000,1.000000,0.000000,0.000000,1.000000,0.000000,9.810000,0.000000,0.000000,1,0,14.080900,0.000000
1.400000,4000.000000,0.750000,22.994660,1,1,2,2,0.750000,0.750000,0.750000,0.000000,1.000000,0.000000,0.000000,1.000000,0.000000,9.810000,0.000000,0.000000,1,0,14.068350,0.000000
1.410000,4000.000000,0.750000,23.135220,1,1,2,2,0.750000,0.750000,0.750000,0.000000,1.000000,0.000000,0.000000,1.000000,0.000000,9.810000,0.000000,0.000000,1,0,14.055830,0.000000
1.420000,4000.000000,0.750000,23.275650,1,1,2,2,0.750000,0.750000,0.750000,0.000000,1.000000,0.000000,0.000000,1.000000,0.000000,9.810000,0.000000,0.000000,1,0,14.043320,0.000000
1.430000,4000.000000,0.750000,23.415960,1,1,2,2,0.750000,0.750000,0.750000,0.000000,1.000000,0.000000,0.000000,1.000000,0.000000,9.810000,0.000000,0.000000,1,0,14.030830,0.000000
1.440000,4000.000000,0.750000,23.556140,1,1,2,2,0.750000,0.750000,0.750000,0.000000,1.000000,0.000000,0.000000,1.000000,0.000000,9.810000,0.000000,0.000000,1,0,14.018350,0.000000
1.450000,4000.000000,0.750000,23.696200,1,1,2,2,0.750000,0.750000,0.750000,0.000000,1.000000,0.000000,0.000000,1.000000,0.000000,9.810000,0.000000,0.000000,1,0,14.005890,0.000000
1.460000,4000.000000,0.750000,23.836140,1,1,2,2,0.750000,0.750000,0.750000,0.000000,1.000000,0.000000,0.000000,1.000000,0.000000,9.810000,0.000000,0.000000,1,0,13.993440,0.000000
1.470000,4000.000000,0.750000,23.975950,1,1,2,2,0.750000,0.750000,0.750000,0.000000,1.000000,0.000000,0.000000,1.000000,0.000000,9.810000,0.000000,0.000000,1,0,13.981010,0.000000
1.480000,4000.000000,0.750000,24.115630,1,1,2,2,0.750000,0.750000,0.750000,0.000000,1.000000,0.000000,0.000000,1.000000,0.000000,9.810000,0.000000,0.000000,1,0,13.968600,0.000000
1.490000,4000.000000,0.750000,24.255200,1,1,2,2,0.750000,0.750000,0.750000,0.000000,1.000000,0.000000,0.000000,1.000000,0.000000,9.810000,0.000000,0.000000,1,0,13.956200,0.000000
1.500000,4000.000000,0.750000,24.394630,1,1,2,2,0.750000,0.750000,0.750000,0.000000,1.000000,0.000000,0.000000,1.000000,0.000000,9.810000,0.000000,0.000000,1,0,13.943820,0.000000
1.510000,4000.000000,0.750000,24.533950,1,1,2,2,0.750000,0.750000,0.750000,0.000000,1.000000,0.000000,0.000000,1.000000,0.000000,9.810000,0.000000,0.000000,1,0,13.931460,0.000000
1.520000,4000.000000,0.750000,24.673140,1,1,2,2,0.750000,0.750000,0.750000,0.000000,1.000000,0.000000,0.000000,1.000000,0.000000,9.810000,0.000000,0.000000,1,0,13.919110,0.000000
1.530000,4000.000000,0.750000,24.812210,1,1,2,2,0.750000,0.750000,0.750000,0.000000,1.000000,0.000000,0.000000,1.000000,0.000000,9.810000,0.000000,0.000000,1,0,13.906780,0.000000
1.540000,4000.000000,0.750000,24.951150,1,1,2,2,0.750000,0.750000,0.750000,0.000000,1.000000,0.000000,0.000000,1.000000,0.000000,9.810000,0.000000,0.000000,1,0,13.894460,0.000000
1.550000,4000.000000,0.750000,25.089970,1,1,2,2,0.750000,0.750000,0.750000,0.000000,1.000000,0.000000,0.000000,1.000000,0.000000,9.810000,0.000000,0.000000,1,0,13.882160,0.000000
1.560000,4000.000000,0.750000,25.228670,1,1,2,2,0.750000,0.750000,0.750000,0.000000,1.000000,0.000000,0.000000,1.000000,0.000000,9.810000,0.000000,0.000000,1,0,13.869870,0.000000
1.570000,4000.000000,0.750000,25.367250,1,1,2,2,0.750000,0.750000,0.750000,0.000000,1.000000,0.000000,0.000000,1.000000,0.000000,9.810000,0.000000,0.000000,1,0,13.857600,0.000000
1.580000,4000.000000,0.750000,25.505700,1,1,2,2,0.750000,0.750000,0.750000,0.000000,1.000000,0.000000,0.000000,1.000000,0.000000,9.810000,0.000000,0.000000,1,0,13.845340,0.000000
1.590000,4000.000000,0.750000,25.644030,1,1,2,2,0.750000,0.750000,0.750000,0.000000,1.000000,0.000000,0.000000,1.000000,0.000000,9.810000,0.000000,0.000000,1,0,13.833100,0.000000
1.600000,4000.000000,0.750000,25.782240,1,1,2,2,0.750000,0.750000,0.750000,0.000000,1.000000,0.000000,0.000000,1.000000,0.000000,9.810000,0.000000,0.000000,1,0,13.820880,0.000000
1.610000,4000.000000,0.750000,25.920330,1,1,2,2,0.750000,0.750000,0.750000,0.000000,1.000000,0.000000,0.000000,1.000000,0.000000,9.810000,0.000000,0.000000,1,0,13.808670,0.000000
1.620000,4000.000000,0.750000,26.058290,1,1,2,2,0.750000,0.750000,0.750000,0.000000,1.000000,0.000000,0.000000,1.000000,0.000000,9.810000,0.000000,0.000000,1,0,13.796480,0.000000
1.630000,4000.000000,0.750000,26.196130,1,1,2,2,0.750000,0.750000,0.750000,0.000000,1.000000,0.000000,0.000000,1.000000,0.000000,9.810000,0.000000,0.000000,1,0,13.784300,0.000000
1.640000,4000.000000,0.750000,26.333850,1,1,2,2,0.750000,0.750000,0.750000,0.000000,1.000000,0.000000,0.000000,1.000000,0.000000,9.810000,0.000000,0.000000,1,0,13.772140,0.000000
1.650000,4000.000000,0.750000,26.471450,1,1,2,2,0.750000,0.750000,0.750000,0.000000,1.000000,0.000000,0.000000,1.000000,0.000000,9.810000,0.000000,0.000000,1,0,13.759990,0.000000
1.660000,4000.000000,0.750000,26.608930,1,1,2,2,0.750000,0.750000,0.750000,0.000000,1.000000,0.000000,0.000000,1.000000,0.000000,9.810000,0.000000,0.000000,1,0,13.747860,0.000000
1.670000,4000.000000,0.750000,26.746290,1,1,2,2,0.750000,0.750000,0.750000,0.000000,1.000000,0.000000,0.000000,1.000000,0.000000,9.810000,0.000000,0.000000,1,0,13.735750,0.000000
1.680000,4000.000000,0.750000,26.883530,1,1,2,2,0.750000,0.750000,0.750000,0.000000,1.000000,0.000000,0.000000,1.000000,0.000000,9.810000,0.000000,0.000000,1,0,13.723650,0.000000
1.690000,4000.000000,0.750000,27.020640,1,1,2,2,0.750000,0.750000,0.750000,0.000000,1.000000,0.000000,0.000000,1.000000,0.000000,9.810000,0.000000,0.000000,1,0,13.711560,0.000000
1.700000,4000.000000,0.750000,27.157640,1,1,2,2,0.750000,0.750000,0.750000,0.000000,1.000000,0.000000,0.000000,1.000000,0.000000,9.810000,0.000000,0.000000,1,0,13.699490,0.000000
1.710000,4000.000000,0.750000,27.294510,1,1,2,2,0.750000,0.750000,0.750000,0.000000,1.000000,0.000000,0.000000,1.000000,0.000000,9.810000,0.000000,0.000000,1,0,13.687440,0.000000
1.720000,4000.000000,0.750000,27.431260,1,1,2,2,0.750000,0.750000,0.750000,0.000000,1.000000,0.000000,0.000000,1.000000,0.000000,9.810000,0.000000,0.000000,1,0,13.675400,0.000000
1.730000,4000.000000,0.750000,27.567900,1,1,2,2,0.750000,0.750000,0.750000,0.000000,1.000000,0.000000,0.000000,1.000000,0.000000,9.810000,0.000000,0.000000,1,0,13.663370,0.000000
1.740000,4000.000000,0.750000,27.704410,1,1,2,2,0.750000,0.750000,0.750000,0.000000,1.000000,0.000000,0.000000,1.000000,0.000000,9.810000,0.000000,0.000000,1,0,13.651360,0.000000
1.750000,4000.000000,0.750000,27.840810,1,1,2,2,0.750000,0.750000,0.750000,0.000000,1.000000,0.000000,0.000000,1.000000,0.000000,9.810000,0.000000,0.000000,1,0,13.639370,0.000000
1.760000,4000.000000,0.750000,27.977080,1,1,2,2,0.750000,0.750000,0.750000,0.000000,1.000000,0.000000,0.000000,1.000000,0.000000,9.810000,0.000000,0.000000,1,0,13.627390,0.000000
1.770000,4000.000000,0.750000,28.113230,1,1,2,2,0.750000,0.750000,0.750000,0.000000,1.000000,0.000000,0.000000,1.000000,0.000000,9.810000,0.000000,0.000000,1,0,13.615420,0.000000
1.780000,4000.000000,0.750000,28.249270,1,1,2,2,0.750000,0.750000,0.750000,0.000000,1.000000,0.000000,0.000000,1.000000,0.000000,9.810000,0.000000,0.000000,1,0,13.603470,0.000000
1.790000,4000.000000,0.750000,28.385180,1,1,2,2,0.750000,0.750000,0.750000,0.000000,1.000000,0.000000,0.000000,1.000000,0.000000,9.810000,0.000000,0.000000,1,0,13.591540,0.000000
1.800000,4000.000000,0.750000,28.520980,1,1,2,2,0.750000,0.750000,0.750000,0.000000,1.000000,0.000000,0.000000,1.000000,0.000000,9.810000,0.000000,0.000000,1,0,13.579620,0.000000
1.810000,4000.000000,0.750000,28.656660,1,1,2,2,0.750000,0.750000,0.750000,0.000000,1.000000,0.000000,0.000000,1.000000,0.000000,9.810000,0.000000,0.000000,1,0,13.567720,0.000000
1.820000,4000.000000,0.750000,28.792220,1,1,2,2,0.750000,0.750000,0.750000,0.000000,1.000000,0.000000,0.000000,1.000000,0.000000,9.810000,0.000000,0.000000,1,0,13.555830,0.000000
1.830000,4000.000000,0.750000,28.927650,1,1,2,2,0.750000,0.750000,0.750000,0.000000,1.000000,0.000000,0.000000,1.000000,0.000000,9.810000,0.000000,0.000000,1,0,13.543950,0.000000
1.840000,4000.000000,0.750000,29.062970,1,1,2,2,0.750000,0.750000,0.750000,0.000000,1.000000,0.000000,0.000000,1.000000,0.000000,9.810000,0.000000,0.000000,1,0,13.532090,0.000000
1.850000,4000.000000,0.750000,29.198180,1,1,2,2,0.750000,0.750000,0.750000,0.000000,1.000000,0.000000,0.000000,1.000000,0.000000,9.810000,0.000000,0.000000,1,0,13.520250,0.000000
1.860000,4000.000000,0.750000,29.333260,1,1,2,2,0.750000,0.750000,0.750000,0.000000,1.000000,0.000000,0.000000,1.000000,0.000000,9.810000,0.000000,0.000000,1,0,13.508420,0.000000
1.870000,4000.000000,0.750000,29.468230,1,1,2,2,0.750000,0.750000,0.750000,0.000000,1.000000,0.000000,0.000000,1.000000,0.000000,9.810000,0.000000,0.000000,1,0,13.496600,0.000000
1.880000,4000.000000,0.750000,29.603080,1,1,2,2,0.750000,0.750000,0.750000,0.000000,1.000000,0.000000,0.000000,1.000000,0.000000,9.810000,0.000000,0.000000,1,0,13.484800,0.000000
1.890000,4000.000000,0.750000,29.737800,1,1,2,2,0.750000,0.750000,0.750000,0.000000,1.000000,0.000000,0.000000,1.000000,0.000000,9.810000,0.000000,0.000000,1,0,13.473010,0.000000
1.900000,4000.000000,0.750000,29.872420,1,1,2,2,0.750000,0.750000,0.750000,0.000000,1.000000,0.000000,0.000000,1.000000,0.000000,9.810000,0.000000,0.000000,1,0,13.461240,0.000000
1.910000,4000.000000,0.750000,30.006910,1,1,2,2,0.750000,0.750000,0.750000,0.000000,1.000000,0.000000,0.000000,1.000000,0.000000,9.810000,0.000000,0.000000,1,0,13.449480,0.000000
1.920000,4000.000000,0.750000,30.141290,1,1,2,2,0.750000,0.750000,0.750000,0.000000,1.000000,0.000000,0.000000,1.000000,0.000000,9.810000,0.000000,0.000000,1,0,13.437740,0.000000
1.930000,4000.000000,0.750000,30.275550,1,1,2,2,0.750000,0.750000,0.750000,0.000000,1.000000,0.000000,0.000000,1.000000,0.000000,9.810000,0.000000,0.000000,1,0,13.426010,0.000000
1.940000,4000.000000,0.750000,30.409690,1,1,2,2,0.750000,0.750000,0.750000,0.000000,1.000000,0.000000,0.000000,1.000000,0.000000,9.810000,0.000000,0.000000,1,0,13.414300,0.000000
1.950000,4000.000000,0.750000,30.543720,1,1,2,2,0.750000,0.750000,0.750000,0.000000,1.000000,0.000000,0.000000,1.000000,0.000000,9.810000,0.000000,0.000000,1,0,13.402600,0.000000
1.960000,4000.000000,0.750000,30.677630,1,1,2,2,0.750000,0.750000,0.750000,0.000000,1.000000,0.000000,0.000000,1.000000,0.000000,9.810000,0.000000,0.000000,1,0,13.390910,0.000000
1.970000,4000.000000,0.750000,30.811420,1,1,2,2,0.750000,0.750000,0.750000,0.000000,1.000000,0.000000,0.000000,1.000000,0.000000,9.810000,0.000000,0.000000,1,0,13.379240,0.000000
1.980000,4000.000000,0.750000,30.945100,1,1,2,2,0.750000,0.750000,0.750000,0.000000,1.000000,0.000000,0.000000,1.000000,0.000000,9.810000,0.000000,0.000000,1,0,13.367580,0.000000
1.990000,4000.000000,0.750000,31.078660,1,1,2,2,0.750000,0.750000,0.750000,0.000000,1.000000,0.000000,0.000000,1.000000,0.000000,9.810000,0.000000,0.000000,1,0,13.355940,0.000000
2.000000,4000.000000,0.750000,31.212100,1,1,2,2,0.750000,0.750000,0.750000,0.000000,1.000000,0.000000,0.000000,1.000000,0.000000,9.810000,0.000000,0.000000,1,0,13.344310,0.000000
2.010000,4000.000000,0.750000,31.345430,1,1,2,2,0.750000,0.750000,0.750000,0.000000,1.000000,0.000000,0.000000,1.000000,0.000000,9.810000,0.000000,0.000000,1,0,13.332700,0.000000
2.020000,4000.000000,0.750000,31.478640,1,1,2,2,0.750000,0.750000,0.750000,0.000000,1.000000,0.000000,0.000000,1.000000,0.000000,9.810000,0.000000,0.000000,1,0,13.321100,0.000000
2.030000,4000.000000,0.750000,31.611730,1,1,2,2,0.750000,0.750000,0.750000,0.000000,1.000000,0.000000,0.000000,1.000000,0.000000,9.810000,0.000000,0.000000,1,0,13.309510,0.000000
2.040000,4000.000000,0.750000,31.744710,1,1,2,2,0.750000,0.750000,0.750000,0.000000,1.000000,0.000000,0.000000,1.000000,0.000000,9.810000,0.000000,0.000000,1,0,13.297940,0.000000
2.050000,4000.000000,0.750000,31.877580,1,1,2,2,0.750000,0.750000,0.750000,0.000000,1.000000,0.000000,0.000000,1.000000,0.000000,9.810000,0.000000,0.000000,1,0,13.286390,0.000000
2.060000,4000.000000,0.750000,32.010330,1,1,2,2,0.750000,0.750000,0.750000,0.000000,1.000000,0.000000,0.000000,1.000000,0.000000,9.810000,0.000000,0.000000,1,0,13.274840,0.000000
2.070000,4000.000000,0.750000,32.142960,1,1,2,2,0.750000,0.750000,0.750000,0.000000,1.000000,0.000000,0.000000,1.000000,0.000000,9.810000,0.000000,0.000000,1,0,13.263320,0.000000
2.080000,4000.000000,0.750000,32.275480,1,1,2,2,0.750000,0.750000,0.750000,0.000000,1.000000,0.000000,0.000000,1.000000,0.000000,9.810000,0.000000,0.000000,1,0,13.251800,0.000000
2.090000,4000.000000,0.750000,32.407880,1,1,2,2,0.750000,0.750000,0.750000,0.000000,1.000000,0.000000,0.000000,1.000000,0.000000,9.810000,0.000000,0.000000,1,0,13.240300,0.000000
2.100000,4000.000000,0.750000,32.540170,1,1,2,2,0.750000,0.750000,0.750000,0.000000,1.000000,0.000000,0.000000,1.000000,0.000000,9.810000,0.000000,0.000000,1,0,13.228810,0.000000
2.110000,4000.000000,0.750000,32.672340,1,1,2,2,0.750000,0.750000,0.750000,0.000000,1.000000,0.000000,0.000000,1.000000,0.000000,9.810000,0.000000,0.000000,1,0,13.217340,0.000000
2.120000,4000.000000,0.750000,32.804400,1,1,2,2,0.750000,0.750000,0.750000,0.000000,1.000000,0.000000,0.000000,1.000000,0.000000,9.810000,0.000000,0.000000,1,0,13.205880,0.000000
2.130000,4000.000000,0.750000,32.936340,1,1,2,2,0.750000,0.750000,0.750000,0.000000,1.000000,0.000000,0.000000,1.000000,0.000000,9.810000,0.000000,0.000000,1,0,13.194440,0.000000
2.140000,4000.000000,0.750000,33.068170,1,1,2,2,0.750000,0.750000,0.750000,0.000000,1.000000,0.000000,0.000000,1.000000,0.000000,9.810000,0.000000,0.000000,1,0,13.183010,0.000000
2.150000,4000.000000,0.750000,33.199890,1,1,2,2,0.750000,0.750000,0.750000,0.000000,1.000000,0.000000,0.000000,1.000000,0.000000,9.810000,0.000000,0.000000,1,0,13.171590,0.000000
2.160000,4000.000000,0.750000,33.331490,1,1,2,2,0.750000,0.750000,0.750000,0.000000,1.000000,0.000000,0.000000,1.000000,0.000000,9.810000,0.000000,0.000000,1,0,13.160190,0.000000
2.170000,4000.000000,0.750000,33.462980,1,1,2,2,0.750000,0.750000,0.750000,0.000000,1.000000,0.000000,0.000000,1.000000,0.000000,9.810000,0.000000,0.000000,1,0,13.148800,0.000000
2.180000,4000.000000,0.750000,33.594360,1,1,2,2,0.750000,0.750000,0.750000,0.000000,1.000000,0.000000,0.000000,1.000000,0.000000,9.810000,0.000000,0.000000,1,0,13.137420,0.000000
2.190000,4000.000000,0.750000,33.725620,1,1,2,2,0.750000,0.750000,0.750000,0.000000,1.000000,0.000000,0.000000,1.000000,0.000000,9.810000,0.000000,0.000000,1,0,13.126060,0.000000
2.200000,4000.000000,0.750000,33.856760,1,1,2,2,0.750000,0.750000,0.750000,0.000000,1.000000,0.000000,0.000000,1.000000,0.000000,9.810000,0.000000,0.000000,1,0,13.114710,0.000000
2.210000,4000.000000,0.750000,33.987800,1,1,2,2,0.750000,0.750000,0.750000,0.000000,1.000000,0.000000,0.000000,1.000000,0.000000,9.810000,0.000000,0.000000,1,0,13.103380,0.000000
2.220000,4000.000000,0.750000,34.118720,1,1,2,2,0.750000,0.750000,0.750000,0.000000,1.000000,0.000000,0.000000,1.000000,0.000000,9.810000,0.000000,0.000000,1,0,13.092060,0.000000
2.230000,4000.000000,0.750000,34.249520,1,1,2,2,0.750000,0.750000,0.750000,0.000000,1.000000,0.000000,0.000000,1.000000,0.000000,9.810000,0.000000,0.000000,1,0,13.080750,0.000000
2.240000,4000.000000,0.750000,34.380220,1,1,2,2,0.750000,0.750000,0.750000,0.000000,1.000000,0.000000,0.000000,1.000000,0.000000,9.810000,0.000000,0.000000,1,0,13.069450,0.000000
2.250000,4000.000000,0.750000,34.510800,1,1,2,2,0.750000,0.750000,0.750000,0.000000,1.000000,0.000000,0.000000,1.000000,0.000000,9.810000,0.000000,0.000000,1,0,13.058170,0.000000
2.260000,4000.000000,0.750000,34.641270,1,1,2,2,0.750000,0.750000,0.750000,0.000000,1.000000,0.000000,0.000000,1.000000,0.000000,9.810000,0.000000,0.000000,1,0,13.046910,0.000000
2.270000,4000.000000,0.750000,34.771630,1,1,2,2,0.750000,0.750000,0.750000,0.000000,1.000000,0.000000,0.000000,1.000000,0.000000,9.810000,0.000000,0.000000,1,0,13.035650,0.000000
2.280000,4000.000000,0.750000,34.901870,1,1,2,2,0.750000,0.750000,0.750000,0.000000,1.000000,0.000000,0.000000,1.000000,0.000000,9.810000,0.000000,0.000000,1,0,13.024410,0.000000
2.290000,4000.000000,0.750000,35.032000,1,1,2,2,0.750000,0.750000,0.750000,0.000000,1.000000,0.000000,0.000000,1.000000,0.000000,9.810000,0.000000,0.000000,1,0,13.013190,0.000000
2.300000,4000.000000,0.750000,35.162020,1,1,2,2,0.750000,0.750000,0.750000,0.000000,1.000000,0.000000,0.000000,1.000000,0.000000,9.810000,0.000000,0.000000,1,0,13.001980,0.000000
2.310000,4000.000000,0.750000,35.291930,1,1,2,2,0.750000,0.750000,0.750000,0.000000,1.000000,0.000000,0.000000,1.000000,0.000000,9.810000,0.000000,0.000000,1,0,12.990780,0.000000
2.320000,4000.000000,0.750000,35.421730,1,1,2,2,0.750000,0.750000,0.750000,0.000000,1.000000,0.000000,0.000000,1.000000,0.000000,9.810000,0.000000,0.000000,1,0,12.979590,0.000000
2.330000,4000.000000,0.750000,35.551410,1,1,2,2,0.750000,0.750000,0.750000,0.000000,1.000000,0.000000,0.000000,1.000000,0.000000,9.810000,0.000000,0.000000,1,0,12.968420,0.000000
2.340000,4000.000000,0.750000,35.680980,1,1,2,2,0.750000,0.750000,0.750000,0.000000,1.000000,0.000000,0.000000,1.000000,0.000000,9.810000,0.000000,0.000000,1,0,12.957260,0.000000
2.350000,4000.000000,0.750000,35.810440,1,1,2,2,0.750000,0.750000,0.750000,0.000000,1.000000,0.000000,0.000000,1.000000,0.000000,9.810000,0.000000,0.000000,1,0,12.946110,0.000000
2.360000,4000.000000,0.750000,35.939790,1,1,2,2,0.750000,0.750000,0.750000,0.000000,1.000000,0.000000,0.000000,1.000000,0.000000,9.810000,0.000000,0.000000,1,0,12.934980,0.000000
2.370000,4000.000000,0.750000,36.069030,1,1,2,2,0.750000,0.750000,0.750000,0.000000,1.000000,0.000000,0.000000,1.000000,0.000000,9.810000,0.000000,0.000000,1,0,12.923860,0.000000
2.380000,4000.000000,0.750000,36.198160,1,1,2,2,0.750000,0.750000,0.750000,0.000000,1.000000,0.000000,0.000000,1.000000,0.000000,9.810000,0.000000,0.000000,1,0,12.912760,0.000000
2.390000,4000.000000,0.750000,36.327180,1,1,2,2,0.750000,0.750000,0.750000,0.000000,1.000000,0.000000,0.000000,1.000000,0.000000,9.810000,0.000000,0.000000,1,0,12.901660,0.000000
2.400000,4000.000000,0.750000,36.456080,1,1,2,2,0.750000,0.750000,0.750000,0.000000,1.000000,0.000000,0.000000,1.000000,0.000000,9.810000,0.000000,0.000000,1,0,12.890580,0.000000
2.410000,4000.000000,0.750000,36.584880,1,1,2,2,0.750000,0.750000,0.750000,0.000000,1.000000,0.000000,0.000000,1.000000,0.000000,9.810000,0.000000,0.000000,1,0,12.879520,0.000000
2.420000,4000.000000,0.750000,36.713560,1,1,2,2,0.750000,0.750000,0.750000,0.000000,1.000000,0.000000,0.000000,1.000000,0.000000,9.810000,0.000000,0.000000,1,0,12.868460,0.000000
2.430000,4000.000000,0.750000,36.842140,1,1,2,2,0.750000,0.750000,0.750000,0.000000,1.000000,0.000000,0.000000,1.000000,0.000000,9.810000,0.000000,0.000000,1,0,12.857420,0.000000
2.440000,4000.000000,0.750000,36.970600,1,1,2,2,0.750000,0.750000,0.750000,0.000000,1.000000,0.000000,0.000000,1.000000,0.000000,9.810000,0.000000,0.000000,1,0,12.846390,0.000000
2.450000,4000.000000,0.750000,37.098950,1,1,2,2,0.750000,0.750000,0.750000,0.000000,1.000000,0.000000,0.000000,1.000000,0.000000,9.810000,0.000000,0.000000,1,0,12.835380,0.000000
2.460000,4000.000000,0.750000,37.227200,1,1,2,2,0.750000,0.750000,0.750000,0.000000,1.000000,0.000000,0.000000,1.000000,0.000000,9.810000,0.000000,0.000000,1,0,12.824380,0.000000
2.470000,4000.000000,0.750000,37.355330,1,1,2,2,0.750000,0.750000,0.750000,0.000000,1.000000,0.000000,0.000000,1.000000,0.000000,9.810000,0.000000,0.000000,1,0,12.813390,0.000000
2.480000,4000.000000,0.750000,37.483360,1,1,2,2,0.750000,0.750000,0.750000,0.000000,1.000000,0.000000,0.000000,1.000000,0.000000,9.810000,0.000000,0.000000,1,0,12.802410,0.000000
2.490000,4000.000000,0.750000,37.611270,1,1,2,2,0.750000,0.750000,0.750000,0.000000,1.000000,0.000000,0.000000,1.000000,0.000000,9.810000,0.000000,0.000000,1,0,12.791450,0.000000
2.500000,4000.000000,0.750000,37.739070,1,1,2,2,0.750000,0.750000,0.750000,0.000000,1.000000,0.000000,0.000000,1.000000,0.000000,9.810000,0.000000,0.000000,1,0,12.780500,0.000000
2.510000,4000.000000,0.750000,37.866770,1,1,2,2,0.750000,0.750000,0.750000,0.000000,1.000000,0.000000,0.000000,1.000000,0.000000,9.810000,0.000000,0.000000,1,0,12.769560,0.000000
2.520000,4000.000000,0.750000,37.994360,1,1,2,2,0.750000,0.750000,0.750000,0.000000,1.000000,0.000000,0.000000,1.000000,0.000000,9.810000,0.000000,0.000000,1,0,12.758640,0.000000
2.530000,4000.000000,0.750000,38.121830,1,1,2,2,0.750000,0.750000,0.750000,0.000000,1.000000,0.000000,0.000000,1.000000,0.000000,9.810000,0.000000,0.000000,1,0,12.747730,0.000000
2.540000,4000.000000,0.750000,38.249200,1,1,2,2,0.750000,0.750000,0.750000,0.000000,1.000000,0.000000,0.000000,1.000000,0.000000,9.810000,0.000000,0.000000,1,0,12.736830,0.000000
2.550000,4000.000000,0.750000,38.376460,1,1,2,2,0.750000,0.750000,0.750000,0.000000,1.000000,0.000000,0.000000,1.000000,0.000000,9.810000,0.000000,0.000000,1,0,12.725940,0.000000
2.560000,4000.000000,0.750000,38.503610,1,1,2,2,0.750000,0.750000,0.750000,0.000000,1.000000,0.000000,0.000000,1.000000,0.000000,9.810000,0.000000,0.000000,1,0,12.715070,0.000000
2.570000,4000.000000,0.750000,38.630650,1,1,2,2,0.750000,0.750000,0.750000,0.000000,1.000000,0.000000,0.000000,1.000000,0.000000,9.810000,0.000000,0.000000,1,0,12.704210,0.000000
2.580000,4000.000000,0.750000,38.757590,1,1,2,2,0.750000,0.750000,0.750000,0.000000,1.000000,0.000000,0.000000,1.000000,0.000000,9.810000,0.000000,0.000000,1,0,12.693360,0.000000
2.590000,4000.000000,0.750000,38.884410,1,1,2,2,0.750000,0.750000,0.750000,0.000000,1.000000,0.000000,0.000000,1.000000,0.000000,9.810000,0.000000,0.000000,1,0,12.682530,0.000000
2.600000,4000.000000,0.750000,39.011130,1,1,2,2,0.750000,0.750000,0.750000,0.000000,1.000000,0.000000,0.000000,1.000000,0.000000,9.810000,0.000000,0.000000,1,0,12.671710,0.000000
2.610000,4000.000000,0.750000,39.137740,1,1,2,2,0.750000,0.750000,0.750000,0.000000,1.000000,0.000000,0.000000,1.000000,0.000000,9.810000,0.000000,0.000000,1,0,12.660900,0.000000
2.620000,4000.000000,0.750000,39.264240,1,1,2,2,0.750000,0.750000,0.750000,0.000000,1.000000,0.000000,0.000000,1.000000,0.000000,9.810000,0.000000,0.000000,1,0,12.650100,0.000000
2.630000,4000.000000,0.750000,39.390630,1,1,2,2,0.750000,0.750000,0.750000,0.000000,1.000000,0.000000,0.000000,1.000000,0.000000,9.810000,0.000000,0.000000,1,0,12.639310,0.000000
2.640000,4000.000000,0.750000,39.516910,1,1,2,2,0.750000,0.750000,0.750000,0.000000,1.000000,0.000000,0.000000,1.000000,0.000000,9.810000,0.000000,0.000000,1,0,12.628540,0.000000
2.650000,4000.000000,0.750000,39.643090,1,1,2,2,0.750000,0.750000,0.750000,0.000000,1.000000,0.000000,0.000000,1.000000,0.000000,9.810000,0.000000,0.000000,1,0,12.617780,0.000000
2.660000,4000.000000,0.750000,39.769170,1,1,2,2,0.750000,0.750000,0.750000,0.000000,1.000000,0.000000,0.000000,1.000000,0.000000,9.810000,0.000000,0.000000,1,0,12.607040,0.000000
2.670000,4000.000000,0.750000,39.895130,1,1,2,2,0.750000,0.750000,0.750000,0.000000,1.000000,0.000000,0.000000,1.000000,0.000000,9.810000,0.000000,0.000000,1,0,12.596300,0.000000
2.680000,4000.000000,0.750000,40.020980,1,1,2,2,0.750000,0.750000,0.750000,0.000000,1.000000,0.000000,0.000000,1.000000,0.000000,9.810000,0.000000,0.000000,1,0,12.585580,0.000000
2.690000,4000.000000,0.750000,40.146730,1,1,2,2,0.750000,0.750000,0.750000,0.000000,1.000000,0.000000,0.000000,1.000000,0.000000,9.810000,0.000000,0.000000,1,0,12.574870,0.000000
2.700000,4000.000000,0.750000,40.272370,1,1,2,2,0.750000,0.750000,0.750000,0.000000,1.000000,0.000000,0.000000,1.000000,0.000000,9.810000,0.000000,0.000000,1,0,12.564170,0.000000
2.710000,4000.000000,0.750000,40.397900,1,1,2,2,0.750000,0.750000,0.750000,0.000000,1.000000,0.000000,0.000000,1.000000,0.000000,9.810000,0.000000,0.000000,1,0,12.553490,0.000000
2.720000,4000.000000,0.750000,40.523330,1,1,2,2,0.750000,0.750000,0.750000,0.000000,1.000000,0.000000,0.000000,1.000000,0.000000,9.810000,0.000000,0.000000,1,0,12.542810,0.000000
2.730000,4000.000000,0.750000,40.648650,1,1,2,2,0.750000,0.750000,0.750000,0.000000,1.000000,0.000000,0.000000,1.000000,0.000000,9.810000,0.000000,0.000000,1,0,12.532150,0.000000
2.740000,4000.000000,0.750000,40.773860,1,1,2,2,0.750000,0.750000,0.750000,0.000000,1.000000,0.000000,0.000000,1.000000,0.000000,9.810000,0.000000,0.000000,1,0,12.521510,0.000000
2.750000,4000.000000,0.750000,40.898970,1,1,2,2,0.750000,0.750000,0.750000,0.000000,1.000000,0.000000,0.000000,1.000000,0.000000,9.810000,0.000000,0.000000,1,0,12.510870,0.000000
2.760000,4000.000000,0.750000,41.023980,1,1,2,2,0.750000,0.750000,0.750000,0.000000,1.000000,0.000000,0.000000,1.000000,0.000000,9.810000,0.000000,0.000000,1,0,12.500250,0.000000
2.770000,4000.000000,0.750000,41.148870,1,1,2,2,0.750000,0.750000,0.750000,0.000000,1.000000,0.000000,0.000000,1.000000,0.000000,9.810000,0.000000,0.000000,1,0,12.489630,0.000000
2.780000,4000.000000,0.750000,41.273660,1,1,2,2,0.750000,0.750000,0.750000,0.000000,1.000000,0.000000,0.000000,1.000000,0.000000,9.810000,0.000000,0.000000,1,0,12.479040,0.000000
2.790000,4000.000000,0.750000,41.398350,1,1,2,2,0.750000,0.750000,0.750000,0.000000,1.000000,0.000000,0.000000,1.000000,0.000000,9.810000,0.000000,0.000000,1,0,12.468450,0.000000
2.800000,4000.000000,0.750000,41.522930,1,1,2,2,0.750000,0.750000,0.750000,0.000000,1.000000,0.000000,0.000000,1.000000,0.000000,9.810000,0.000000,0.000000,1,0,12.457870,0.000000
2.810000,4000.000000,0.750000,41.647400,1,1,2,2,0.750000,0.750000,0.750000,0.000000,1.000000,0.000000,0.000000,1.000000,0.000000,9.810000,0.000000,0.000000,1,0,12.447310,0.000000
2.820000,4000.000000,0.750000,41.771770,1,1,2,2,0.750000,0.750000,0.750000,0.000000,1.000000,0.000000,0.000000,1.000000,0.000000,9.810000,0.000000,0.000000,1,0,12.436760,0.000000
2.830000,4000.000000,0.750000,41.896030,1,1,2,2,0.750000,0.750000,0.750000,0.000000,1.000000,0.000000,0.000000,1.000000,0.000000,9.810000,0.000000,0.000000,1,0,12.426220,0.000000
2.840000,4000.000000,0.750000,42.020190,1,1,2,2,0.750000,0.750000,0.750000,0.000000,1.000000,0.000000,0.000000,1.000000,0.000000,9.810000,0.000000,0.000000,1,0,12.415690,0.000000
2.850000,4000.000000,0.750000,42.144240,1,1,2,2,0.750000,0.750000,0.750000,0.000000,1.000000,0.000000,0.000000,1.000000,0.000000,9.810000,0.000000,0.000000,1,0,12.405180,0.000000
2.860000,4000.000000,0.750000,42.268180,1,1,2,2,0.750000,0.750000,0.750000,0.000000,1.000000,0.000000,0.000000,1.000000,0.000000,9.810000,0.000000,0.000000,1,0,12.394680,0.000000
2.870000,4000.000000,0.750000,42.392020,1,1,2,2,0.750000,0.750000,0.750000,0.000000,1.000000,0.000000,0.000000,1.000000,0.000000,9.810000,0.000000,0.000000,1,0,12.384190,0.000000
2.880000,4000.000000,0.750000,42.515760,1,1,2,2,0.750000,0.750000,0.750000,0.000000,1.000000,0.000000,0.000000,1.000000,0.000000,9.810000,0.000000,0.000000,1,0,12.373710,0.000000
2.890000,4000.000000,0.750000,42.639390,1,1,2,2,0.750000,0.750000,0.750000,0.000000,1.000000,0.000000,0.000000,1.000000,0.000000,9.810000,0.000000,0.000000,1,0,12.363240,0.000000
2.900000,4000.000000,0.750000,42.762920,1,1,2,2,0.750000,0.750000,0.750000,0.000000,1.000000,0.000000,0.000000,1.000000,0.000000,9.810000,0.000000,0.000000,1,0,12.352790,0.000000
2.910000,4000.000000,0.750000,42.886340,1,1,2,2,0.750000,0.750000,0.750000,0.000000,1.000000,0.000000,0.000000,1.000000,0.000000,9.810000,0.000000,0.000000,1,0,12.342340,0.000000
2.920000,4000.000000,0.750000,43.009660,1,1,2,2,0.750000,0.750000,0.750000,0.000000,1.000000,0.000000,0.000000,1.000000,0.000000,9.810000,0.000000,0.000000,1,0,12.331910,0.000000
2.930000,4000.000000,0.750000,43.132880,1,1,2,2,0.750000,0.750000,0.750000,0.000000,1.000000,0.000000,0.000000,1.000000,0.000000,9.810000,0.000000,0.000000,1,0,12.321490,0.000000
2.940000,4000.000000,0.750000,43.255990,1,1,2,2,0.750000,0.750000,0.750000,0.000000,1.000000,0.000000,0.000000,1.000000,0.000000,9.810000,0.000000,0.000000,1,0,12.311080,0.000000
2.950000,4000.000000,0.750000,43.379000,1,1,2,2,0.750000,0.750000,0.750000,0.000000,1.000000,0.000000,0.000000,1.000000,0.000000,9.810000,0.000000,0.000000,1,0,12.300690,0.000000
2.960000,4000.000000,0.750000,43.501900,1,1,2,2,0.750000,0.750000,0.750000,0.000000,1.000000,0.000000,0.000000,1.000000,0.000000,9.810000,0.000000,0.000000,1,0,12.290300,0.000000
2.970000,4000.000000,0.750000,43.624700,1,1,2,2,0.750000,0.750000,0.750000,0.000000,1.000000,0.000000,0.000000,1.000000,0.000000,9.810000,0.000000,0.000000,1,0,12.279930,0.000000
2.980000,4000.000000,0.750000,43.747390,1,1,2,2,0.750000,0.750000,0.750000,0.000000,1.000000,0.000000,0.000000,1.000000,0.000000,9.810000,0.000000,0.000000,1,0,12.269570,0.000000
2.990000,4000.000000,0.750000,43.869990,1,1,2,2,0.750000,0.750000,0.750000,0.000000,1.000000,0.000000,0.000000,1.000000,0.000000,9.810000,0.000000,0.000000,1,0,12.259220,0.000000
3.000000,4000.000000,0.750000,43.992480,1,1,2,2,0.750000,0.750000,0.750000,0.000000,1.000000,0.000000,0.000000,1.000000,0.000000,9.810000,0.000000,0.000000,1,0,12.248880,0.000000
3.010000,4000.000000,0.750000,44.114860,1,1,2,2,0.750000,0.750000,0.750000,0.000000,1.000000,0.000000,0.000000,1.000000,0.000000,9.810000,0.000000,0.000000,1,0,12.238560,0.000000
3.020000,4000.000000,0.750000,44.237150,1,1,2,2,0.750000,0.750000,0.750000,0.000000,1.000000,0.000000,0.000000,1.000000,0.000000,9.810000,0.000000,0.000000,1,0,12.228240,0.000000
3.030000,4000.000000,0.750000,44.359330,1,1,2,2,0.750000,0.750000,0.750000,0.000000,1.000000,0.000000,0.000000,1.000000,0.000000,9.810000,0.000000,0.000000,1,0,12.217940,0.000000
3.040000,4000.000000,0.750000,44.481410,1,1,2,2,0.750000,0.750000,0.750000,0.000000,1.000000,0.000000,0.000000,1.000000,0.000000,9.810000,0.000000,0.000000,1,0,12.207650,0.000000
3.050000,4000.000000,0.750000,44.603380,1,1,2,2,0.750000,0.750000,0.750000,0.000000,1.000000,0.000000,0.000000,1.000000,0.000000,9.810000,0.000000,0.000000,1,0,12.197370,0.000000
3.060000,4000.000000,0.750000,44.725250,1,1,2,2,0.750000,0.750000,0.750000,0.000000,1.000000,0.000000,0.000000,1.000000,0.000000,9.810000,0.000000,0.000000,1,0,12.187100,0.000000
3.070000,4000.000000,0.750000,44.847020,1,1,2,2,0.750000,0.750000,0.750000,0.000000,1.000000,0.000000,0.000000,1.000000,0.000000,9.810000,0.000000,0.000000,1,0,12.176850,0.000000
3.080000,4000.000000,0.750000,44.968690,1,1,2,2,0.750000,0.750000,0.750000,0.000000,1.000000,0.000000,0.000000,1.000000,0.000000,9.810000,0.000000,0.000000,1,0,12.166600,0.000000
3.090000,4000.000000,0.750000,45.090250,1,1,2,2,0.750000,0.750000,0.750000,0.000000,1.000000,0.000000,0.000000,1.000000,0.000000,9.810000,0.000000,0.000000,1,0,12.156370,0.000000
3.100000,4000.000000,0.750000,45.211710,1,1,2,2,0.750000,0.750000,0.750000,0.000000,1.000000,0.000000,0.000000,1.000000,0.000000,9.810000,0.000000,0.000000,1,0,12.146140,0.000000
3.110000,4000.000000,0.750000,45.333070,1,1,2,2,0.750000,0.750000,0.750000,0.000000,1.000000,0.000000,0.000000,1.000000,0.000000,9.810000,0.000000,0.000000,1,0,12.135930,0.000000
3.120000,4000.000000,0.750000,45.454330,1,1,2,2,0.750000,0.750000,0.750000,0.000000,1.000000,0.000000,0.000000,1.000000,0.000000,9.810000,0.000000,0.000000,1,0,12.125730,0.000000
3.130000,4000.000000,0.750000,45.575490,1,1,2,2,0.750000,0.750000,0.750000,0.000000,1.000000,0.000000,0.000000,1.000000,0.000000,9.810000,0.000000,0.000000,1,0,12.115550,0.000000
3.140000,4000.000000,0.750000,45.696540,1,1,2,2,0.750000,0.750000,0.750000,0.000000,1.000000,0.000000,0.000000,1.000000,0.000000,9.810000,0.000000,0.000000,1,0,12.105370,0.000000
3.150000,4000.000000,0.750000,45.817490,1,1,2,2,0.750000,0.750000,0.750000,0.000000,1.000000,0.000000,0.000000,1.000000,0.000000,9.810000,0.000000,0.000000,1,0,12.095200,0.000000
3.160000,4000.000000,0.750000,45.938340,1,1,2,2,0.750000,0.750000,0.750000,0.000000,1.000000,0.000000,0.000000,1.000000,0.000000,9.810000,0.000000,0.000000,1,0,12.085050,0.000000
3.170000,4000.000000,0.750000,46.059090,1,1,2,2,0.750000,0.750000,0.750000,0.000000,1.000000,0.000000,0.000000,1.000000,0.000000,9.810000,0.000000,0.000000,1,0,12.074910,0.000000
3.180000,4000.000000,0.750000,46.179740,1,1,2,2,0.750000,0.750000,0.750000,0.000000,1.000000,0.000000,0.000000,1.000000,0.000000,9.810000,0.000000,0.000000,1,0,12.064780,0.000000
3.190000,4000.000000,0.750000,46.300290,1,1,2,2,0.750000,0.750000,0.750000,0.000000,1.000000,0.000000,0.000000,1.000000,0.000000,9.810000,0.000000,0.000000,1,0,12.054660,0.000000
3.200000,4000.000000,0.750000,46.420730,1,1,2,2,0.750000,0.750000,0.750000,0.000000,1.000000,0.000000,0.000000,1.000000,0.000000,9.810000,0.000000,0.000000,1,0,12.044550,0.000000
3.210000,4000.000000,0.750000,46.541080,1,1,2,2,0.750000,0.750000,0.750000,0.000000,1.000000,0.000000,0.000000,1.000000,0.000000,9.810000,0.000000,0.000000,1,0,12.034450,0.000000
3.220000,4000.000000,0.750000,46.661320,1,1,2,2,0.750000,0.750000,0.750000,0.000000,1.000000,0.000000,0.000000,1.000000,0.000000,9.810000,0.000000,0.000000,1,0,12.024360,0.000000
3.230000,4000.000000,0.750000,46.781460,1,1,2,2,0.750000,0.750000,0.750000,0.000000,1.000000,0.000000,0.000000,1.000000,0.000000,9.810000,0.000000,0.000000,1,0,12.014290,0.000000
3.240000,4000.000000,0.750000,46.901500,1,1,2,2,0.750000,0.750000,0.750000,0.000000,1.000000,0.000000,0.000000,1.000000,0.000000,9.810000,0.000000,0.000000,1,0,12.004220,0.000000
3.250000,4000.000000,0.750000,47.021450,1,1,2,2,0.750000,0.750000,0.750000,0.000000,1.000000,0.000000,0.000000,1.000000,0.000000,9.810000,0.000000,0.000000,1,0,11.994170,0.000000
3.260000,4000.000000,0.750000,47.141290,1,1,2,2,0.750000,0.750000,0.750000,0.000000,1.000000,0.000000,0.000000,1.000000,0.000000,9.810000,0.000000,0.000000,1,0,11.984130,0.000000
3.270000,4000.000000,0.750000,47.261030,1,1,2,2,0.750000,0.750000,0.750000,0.000000,1.000000,0.000000,0.000000,1.000000,0.000000,9.810000,0.000000,0.000000,1,0,11.974100,0.000000
3.280000,4000.000000,0.750000,47.380670,1,1,2,2,0.750000,0.750000,0.750000,0.000000,1.000000,0.000000,0.000000,1.000000,0.000000,9.810000,0.000000,0.000000,1,0,11.964080,0.000000
3.290000,4000.000000,0.750000,47.500210,1,1,2,2,0.750000,0.750000,0.750000,0.000000,0.999994,0.003497,0.000000,1.000000,0.000000,9.810000,0.000000,0.000000,1,0,11.954070,0.000000
3.300000,4000.000000,0.750000,47.619650,1,1,2,2,0.750000,0.750000,0.750000,0.000000,1.000000,0.000000,0.000000,1.000000,0.000000,9.810000,0.000000,0.000000,1,0,11.944070,0.000000
3.310000,4000.000000,0.750000,47.738990,1,1,2,2,0.750000,0.750000,0.750000,0.000000,1.000000,0.000000,0.000000,1.000000,0.000000,9.810000,0.000000,0.000000,1,0,11.934080,0.000000
3.320000,4000.000000,0.750000,47.858230,1,1,2,2,0.750000,0.750000,0.750000,0.000000,1.000000,0.000000,0.000000,1.000000,0.000000,9.810000,0.000000,0.000000,1,0,11.924110,0.000000
3.330000,4000.000000,0.750000,47.977370,1,1,2,2,0.750000,0.750000,0.750000,0.000000,1.000000,0.000000,0.000000,1.000000,0.000000,9.810000,0.000000,0.000000,1,0,11.914140,0.000000
3.340000,4000.000000,0.750000,48.096410,1,1,2,2,0.750000,0.750000,0.750000,0.000000,1.000000,0.000000,0.000000,1.000000,0.000000,9.810000,0.000000,0.000000,1,0,11.904190,0.000000
3.350000,4000.000000,0.750000,48.215350,1,1,2,2,0.750000,0.750000,0.750000,0.000000,1.000000,0.000000,0.000000,1.000000,0.000000,9.810000,0.000000,0.000000,1,0,11.894250,0.000000
3.360000,4000.000000,0.750000,48.334200,1,1,2,2,0.750000,0.750000,0.750000,0.000000,1.000000,0.000000,0.000000,1.000000,0.000000,9.810000,0.000000,0.000000,1,0,11.884310,0.000000
3.370000,4000.000000,0.750000,48.452940,1,1,2,2,0.750000,0.750000,0.750000,0.000000,1.000000,0.000000,0.000000,1.000000,0.000000,9.810000,0.000000,0.000000,1,0,11.874390,0.000000
3.380000,4000.000000,0.750000,48.571590,1,1,2,2,0.750000,0.750000,0.750000,0.000000,1.000000,0.000000,0.000000,1.000000,0.000000,9.810000,0.000000,0.000000,1,0,11.864480,0.000000
3.390000,4000.000000,0.750000,48.690130,1,1,2,2,0.750000,0.750000,0.750000,0.000000,1.000000,0.000000,0.000000,1.000000,0.000000,9.810000,0.000000,0.000000,1,0,11.854580,0.000000
3.400000,4000.000000,0.750000,48.808580,1,1,2,2,0.750000,0.750000,0.750000,0.000000,1.000000,0.000000,0.000000,1.000000,0.000000,9.810000,0.000000,0.000000,1,0,11.844690,0.000000
3.410000,4000.000000,0.750000,48.926930,1,1,2,2,0.750000,0.750000,0.750000,0.000000,1.000000,0.000000,0.000000,1.000000,0.000000,9.810000,0.000000,0.000000,1,0,11.834810,0.000000
3.420000,4000.000000,0.750000,49.045170,1,1,2,2,0.750000,0.750000,0.750000,0.000000,1.000000,0.000000,0.000000,1.000000,0.000000,9.810000,0.000000,0.000000,1,0,11.824940,0.000000
3.430000,4000.000000,0.750000,49.163330,1,1,2,2,0.750000,0.750000,0.750000,0.000000,1.000000,0.000000,0.000000,1.000000,0.000000,9.810000,0.000000,0.000000,1,0,11.815090,0.000000
3.440000,4000.000000,0.750000,49.281380,1,1,2,2,0.750000,0.750000,0.750000,0.000000,1.000000,0.000000,0.000000,1.000000,0.000000,9.810000,0.000000,0.000000,1,0,11.805240,0.000000
3.450000,4000.000000,0.750000,49.399330,1,1,2,2,0.750000,0.750000,0.750000,0.000000,1.000000,0.000000,0.000000,1.000000,0.000000,9.810000,0.000000,0.000000,1,0,11.795410,0.000000
3.460000,4000.000000,0.750000,49.517190,1,1,2,2,0.750000,0.750000,0.750000,0.000000,1.000000,0.000000,0.000000,1.000000,0.000000,9.810000,0.000000,0.000000,1,0,11.785580,0.000000
3.470000,4000.000000,0.750000,49.634940,1,1,2,2,0.750000,0.750000,0.750000,0.000000,1.000000,0.000000,0.000000,1.000000,0.000000,9.810000,0.000000,0.000000,1,0,11.775770,0.000000
3.480000,4000.000000,0.750000,49.752610,1,1,2,2,0.750000,0.750000,0.750000,0.000000,1.000000,0.000000,0.000000,1.000000,0.000000,9.810000,0.000000,0.000000,1,0,11.765960,0.000000
3.490000,4000.000000,0.750000,49.870170,1,1,2,2,0.750000,0.750000,0.750000,0.000000,1.000000,0.000000,0.000000,1.000000,0.000000,9.810000,0.000000,0.000000,1,0,11.756170,0.000000
3.500000,4000.000000,0.750000,49.987630,1,1,2,2,0.750000,0.750000,0.750000,0.000000,1.000000,0.000000,0.000000,1.000000,0.000000,9.810000,0.000000,0.000000,1,0,11.746390,0.000000
3.510000,4000.000000,0.750000,50.105000,1,1,2,2,0.750000,0.750000,0.750000,0.000000,1.000000,0.000000,0.000000,1.000000,0.000000,9.810000,0.000000,0.000000,1,0,11.736620,0.000000
3.520000,4000.000000,0.750000,50.222260,1,1,2,2,0.750000,0.750000,0.750000,0.000000,1.000000,0.000000,0.000000,1.000000,0.000000,9.810000,0.000000,0.000000,1,0,11.726850,0.000000
3.530000,4000.000000,0.750000,50.339440,1,1,2,2,0.750000,0.750000,0.750000,0.000000,1.000000,0.000000,0.000000,1.000000,0.000000,9.810000,0.000000,0.000000,1,0,11.717100,0.000000
3.540000,4000.000000,0.750000,50.456510,1,1,2,2,0.750000,0.750000,0.750000,0.000000,1.000000,0.000000,0.000000,1.000000,0.000000,9.810000,0.000000,0.000000,1,0,11.707360,0.000000
3.550000,4000.000000,0.750000,50.573490,1,1,2,2,0.750000,0.750000,0.750000,0.000000,1.000000,0.000000,0.000000,1.000000,0.000000,9.810000,0.000000,0.000000,1,0,11.697630,0.000000
3.560000,4000.000000,0.750000,50.690360,1,1,2,2,0.750000,0.750000,0.750000,0.000000,1.000000,0.000000,0.000000,1.000000,0.000000,9.810000,0.000000,0.000000,1,0,11.687920,0.000000
3.570000,4000.000000,0.750000,50.807150,1,1,2,2,0.750000,0.750000,0.750000,0.000000,1.000000,0.000000,0.000000,1.000000,0.000000,9.810000,0.000000,0.000000,1,0,11.678210,0.000000
3.580000,4000.000000,0.750000,50.923830,1,1,2,2,0.750000,0.750000,0.750000,0.000000,1.000000,0.000000,0.000000,1.000000,0.000000,9.810000,0.000000,0.000000,1,0,11.668510,0.000000
3.590000,4000.000000,0.750000,51.040420,1,1,2,2,0.750000,0.750000,0.750000,0.000000,1.000000,0.000000,0.000000,1.000000,0.000000,9.810000,0.000000,0.000000,1,0,11.658820,0.000000
3.600000,4000.000000,0.750000,51.156910,1,1,2,2,0.750000,0.750000,0.750000,0.000000,1.000000,0.000000,0.000000,1.000000,0.000000,9.810000,0.000000,0.000000,1,0,11.649140,0.000000
3.610000,4000.000000,0.750000,51.273310,1,1,2,2,0.750000,0.750000,0.750000,0.000000,1.000000,0.000000,0.000000,1.000000,0.000000,9.810000,0.000000,0.000000,1,0,11.639470,0.000000
3.620000,4000.000000,0.750000,51.389610,1,1,2,2,0.750000,0.750000,0.750000,0.000000,1.000000,0.000000,0.000000,1.000000,0.000000,9.810000,0.000000,0.000000,1,0,11.629820,0.000000
3.630000,4000.000000,0.750000,51.505810,1,1,2,2,0.750000,0.750000,0.750000,0.000000,1.000000,0.000000,0.000000,1.000000,0.000000,9.810000,0.000000,0.000000,1,0,11.620170,0.000000
3.640000,4000.000000,0.750000,51.621910,1,1,2,2,0.750000,0.750000,0.750000,0.000000,1.000000,0.000000,0.000000,1.000000,0.000000,9.810000,0.000000,0.000000,1,0,11.610530,0.000000
3.650000,4000.000000,0.750000,51.737920,1,1,2,2,0.750000,0.750000,0.750000,0.000000,1.000000,0.000000,0.000000,1.000000,0.000000,9.810000,0.000000,0.000000,1,0,11.600910,0.000000
3.660000,4000.000000,0.750000,51.853840,1,1,2,2,0.750000,0.750000,0.750000,0.000000,1.000000,0.000000,0.000000,1.000000,0.000000,9.810000,0.000000,0.000000,1,0,11.591290,0.000000
3.670000,4000.000000,0.750000,51.969650,1,1,2,2,0.750000,0.750000,0.750000,0.000000,1.000000,0.000000,0.000000,1.000000,0.000000,9.810000,0.000000,0.000000,1,0,11.581690,0.000000
3.680000,4000.000000,0.750000,52.085380,1,1,2,2,0.750000,0.750000,0.750000,0.000000,1.000000,0.000000,0.000000,1.000000,0.000000,9.810000,0.000000,0.000000,1,0,11.572090,0.000000
3.690000,4000.000000,0.750000,52.201000,1,1,2,2,0.750000,0.750000,0.750000,0.000000,1.000000,0.000000,0.000000,1.000000,0.000000,9.810000,0.000000,0.000000,1,0,11.562510,0.000000
3.700000,4000.000000,0.750000,52.316530,1,1,2,2,0.750000,0.750000,0.750000,0.000000,1.000000,0.000000,0.000000,1.000000,0.000000,9.810000,0.000000,0.000000,1,0,11.552930,0.000000
3.710000,4000.000000,0.750000,52.431960,1,1,2,2,0.750000,0.750000,0.750000,0.000000,1.000000,0.000000,0.000000,1.000000,0.000000,9.810000,0.000000,0.000000,1,0,11.543370,0.000000
3.720000,4000.000000,0.750000,52.547300,1,1,2,2,0.750000,0.750000,0.750000,0.000000,1.000000,0.000000,0.000000,1.000000,0.000000,9.810000,0.000000,0.000000,1,0,11.533810,0.000000
3.730000,4000.000000,0.750000,52.662540,1,1,2,2,0.750000,0.750000,0.750000,0.000000,1.000000,0.000000,0.000000,1.000000,0.000000,9.810000,0.000000,0.000000,1,0,11.524270,0.000000
3.740000,4000.000000,0.750000,52.777690,1,1,2,2,0.750000,0.750000,0.750000,0.000000,1.000000,0.000000,0.000000,1.000000,0.000000,9.810000,0.000000,0.000000,1,0,11.514730,0.000000
3.750000,4000.000000,0.750000,52.892740,1,1,2,2,0.750000,0.750000,0.750000,0.000000,1.000000,0.000000,0.000000,1.000000,0.000000,9.810000,0.000000,0.000000,1,0,11.505210,0.000000
3.760000,4000.000000,0.750000,53.007690,1,1,2,2,0.750000,0.750000,0.750000,0.000000,1.000000,0.000000,0.000000,1.000000,0.000000,9.810000,0.000000,0.000000,1,0,11.495700,0.000000
3.770000,4000.000000,0.750000,53.122550,1,1,2,2,0.750000,0.750000,0.750000,0.000000,1.000000,0.000000,0.000000,1.000000,0.000000,9.810000,0.000000,0.000000,1,0,11.486190,0.000000
3.780000,4000.000000,0.750000,53.237320,1,1,2,2,0.750000,0.750000,0.750000,0.000000,1.000000,0.000000,0.000000,1.000000,0.000000,9.810000,0.000000,0.000000,1,0,11.476700,0.000000
3.790000,4000.000000,0.750000,53.351990,1,1,2,2,0.750000,0.750000,0.750000,0.000000,1.000000,0.000000,0.000000,1.000000,0.000000,9.810000,0.000000,0.000000,1,0,11.467210,0.000000
3.800000,4000.000000,0.750000,53.466570,1,1,2,2,0.750000,0.750000,0.750000,0.000000,1.000000,0.000000,0.000000,1.000000,0.000000,9.810000,0.000000,0.000000,1,0,11.457740,0.000000
3.810000,4000.000000,0.750000,53.581050,1,1,2,2,0.750000,0.750000,0.750000,0.000000,1.000000,0.000000,0.000000,1.000000,0.000000,9.810000,0.000000,0.000000,1,0,11.448270,0.000000
3.820000,4000.000000,0.750000,53.695440,1,1,2,2,0.750000,0.750000,0.750000,0.000000,1.000000,0.000000,0.000000,1.000000,0.000000,9.810000,0.000000,0.000000,1,0,11.438820,0.000000
3.830000,4000.000000,0.750000,53.809730,1,1,2,2,0.750000,0.750000,0.750000,0.000000,1.000000,0.000000,0.000000,1.000000,0.000000,9.810000,0.000000,0.000000,1,0,11.429380,0.000000
3.840000,4000.000000,0.750000,53.923930,1,1,2,2,0.750000,0.750000,0.750000,0.000000,1.000000,0.000000,0.000000,1.000000,0.000000,9.810000,0.000000,0.000000,1,0,11.419940,0.000000
3.850000,4000.000000,0.750000,54.038040,1,1,2,2,0.750000,0.750000,0.750000,0.000000,1.000000,0.000000,0.000000,1.000000,0.000000,9.810000,0.000000,0.000000,1,0,11.410520,0.000000
3.860000,4000.000000,0.750000,54.152050,1,1,2,2,0.750000,0.750000,0.750000,0.000000,1.000000,0.000000,0.000000,1.000000,0.000000,9.810000,0.000000,0.000000,1,0,11.401100,0.000000
3.870000,4000.000000,0.750000,54.265970,1,1,2,2,0.750000,0.750000,0.750000,0.000000,1.000000,0.000000,0.000000,1.000000,0.000000,9.810000,0.000000,0.000000,1,0,11.391700,0.000000
3.880000,4000.000000,0.750000,54.379790,1,1,2,2,0.750000,0.750000,0.750000,0.000000,1.000000,0.000000,0.000000,1.000000,0.000000,9.810000,0.000000,0.000000,1,0,11.382300,0.000000
3.890000,4000.000000,0.750000,54.493520,1,1,2,2,0.750000,0.750000,0.750000,0.000000,1.000000,0.000000,0.000000,1.000000,0.000000,9.810000,0.000000,0.000000,1,0,11.372920,0.000000
3.900000,4000.000000,0.750000,54.607150,1,1,2,2,0.750000,0.750000,0.750000,0.000000,1.000000,0.000000,0.000000,1.000000,0.000000,9.810000,0.000000,0.000000,1,0,11.363540,0.000000
3.910000,4000.000000,0.750000,54.720700,1,1,2,2,0.750000,0.750000,0.750000,0.000000,1.000000,0.000000,0.000000,1.000000,0.000000,9.810000,0.000000,0.000000,1,0,11.354180,0.000000
3.920000,4000.000000,0.750000,54.834140,1,1,2,2,0.750000,0.750000,0.750000,0.000000,1.000000,0.000000,0.000000,1.000000,0.000000,9.810000,0.000000,0.000000,1,0,11.344820,0.000000
3.930000,4000.000000,0.750000,54.947500,1,1,2,2,0.750000,0.750000,0.750000,0.000000,1.000000,0.000000,0.000000,1.000000,0.000000,9.810000,0.000000,0.000000,1,0,11.335480,0.000000
3.940000,4000.000000,0.750000,55.060760,1,1,2,2,0.750000,0.750000,0.750000,0.000000,1.000000,0.000000,0.000000,1.000000,0.000000,9.810000,0.000000,0.000000,1,0,11.326140,0.000000
3.950000,4000.000000,0.750000,55.173930,1,1,2,2,0.750000,0.750000,0.750000,0.000000,1.000000,0.000000,0.000000,1.000000,0.000000,9.810000,0.000000,0.000000,1,0,11.316810,0.000000
3.960000,4000.000000,0.750000,55.287000,1,1,2,2,0.750000,0.750000,0.750000,0.000000,1.000000,0.000000,0.000000,1.000000,0.000000,9.810000,0.000000,0.000000,1,0,11.307500,0.000000
3.970000,4000.000000,0.750000,55.399990,1,1,2,2,0.750000,0.750000,0.750000,0.000000,1.000000,0.000000,0.000000,1.000000,0.000000,9.810000,0.000000,0.000000,1,0,11.298190,0.000000
3.980000,4000.000000,0.750000,55.512870,1,1,2,2,0.750000,0.750000,0.750000,0.000000,1.000000,0.000000,0.000000,1.000000,0.000000,9.810000,0.000000,0.000000,1,0,11.288890,0.000000
3.990000,4000.000000,0.750000,55.625670,1,1,2,2,0.750000,0.750000,0.750000,0.000000,1.000000,-0.000985,0.000000,1.000000,0.000000,9.810000,0.000000,0.000000,1,0,11.279600,0.000000
4.000000,4000.000000,0.750000,55.738370,1,1,2,2,0.750000,0.750000,0.750000,0.000000,1.000000,0.000000,0.000000,1.000000,0.000000,9.810000,0.000000,0.000000,1,0,11.270330,0.000000
4.010000,4000.000000,0.750000,55.850980,1,1,2,2,0.750000,0.750000,0.750000,0.000000,1.000000,0.000000,0.000000,1.000000,0.000000,9.810000,0.000000,0.000000,1,0,11.261060,0.000000
4.020000,4000.000000,0.750000,55.963500,1,1,2,2,0.750000,0.750000,0.750000,0.000000,1.000000,0.000000,0.000000,1.000000,0.000000,9.810000,0.000000,0.000000,1,0,11.251800,0.000000
4.030000,4000.000000,0.750000,56.075930,1,1,2,2,0.750000,0.750000,0.750000,0.000000,1.000000,0.000000,0.000000,1.000000,0.000000,9.810000,0.000000,0.000000,1,0,11.242550,0.000000
4.040000,4000.000000,0.750000,56.188260,1,1,2,2,0.750000,0.750000,0.750000,0.000000,1.000000,0.000000,0.000000,1.000000,0.000000,9.810000,0.000000,0.000000,1,0,11.233310,0.000000
4.050000,4000.000000,0.750000,56.300500,1,1,2,2,0.750000,0.750000,0.750000,0.000000,1.000000,0.000000,0.000000,1.000000,0.000000,9.810000,0.000000,0.000000,1,0,11.224080,0.000000
4.060000,4000.000000,0.750000,56.412650,1,1,2,2,0.750000,0.750000,0.750000,0.000000,1.000000,0.000000,0.000000,1.000000,0.000000,9.810000,0.000000,0.000000,1,0,11.214860,0.000000
4.070000,4000.000000,0.750000,56.524700,1,1,2,2,0.750000,0.750000,0.750000,0.000000,1.000000,0.000000,0.000000,1.000000,0.000000,9.810000,0.000000,0.000000,1,0,11.205650,0.000000
4.080000,4000.000000,0.750000,56.636670,1,1,2,2,0.750000,0.750000,0.750000,0.000000,1.000000,0.000000,0.000000,1.000000,0.000000,9.810000,0.000000,0.000000,1,0,11.196440,0.000000
4.090000,4000.000000,0.750000,56.748540,1,1,2,2,0.750000,0.750000,0.750000,0.000000,1.000000,0.000000,0.000000,1.000000,0.000000,9.810000,0.000000,0.000000,1,0,11.187250,0.000000
4.100000,4000.000000,0.750000,56.860320,1,1,2,2,0.750000,0.750000,0.750000,0.000000,1.000000,0.000000,0.000000,1.000000,0.000000,9.810000,0.000000,0.000000,1,0,11.178070,0.000000
4.110000,4000.000000,0.750000,56.972020,1,1,2,2,0.750000,0.750000,0.750000,0.000000,1.000000,0.000000,0.000000,1.000000,0.000000,9.810000,0.000000,0.000000,1,0,11.168890,0.000000
4.120000,4000.000000,0.750000,57.083610,1,1,2,2,0.750000,0.750000,0.750000,0.000000,1.000000,0.000000,0.000000,1.000000,0.000000,9.810000,0.000000,0.000000,1,0,11.159730,0.000000
4.130000,4000.000000,0.750000,57.195120,1,1,2,2,0.750000,0.750000,0.750000,0.000000,1.000000,0.000000,0.000000,1.000000,0.000000,9.810000,0.000000,0.000000,1,0,11.150580,0.000000
4.140000,4000.000000,0.750000,57.306540,1,1,2,2,0.750000,0.750000,0.750000,0.000000,1.000000,0.000000,0.000000,1.000000,0.000000,9.810000,0.000000,0.000000,1,0,11.141430,0.000000
4.150000,4000.000000,0.750000,57.417860,1,1,2,2,0.750000,0.750000,0.750000,0.000000,1.000000,0.000000,0.000000,1.000000,0.000000,9.810000,0.000000,0.000000,1,0,11.132300,0.000000
4.160000,4000.000000,0.750000,57.529090,1,1,2,2,0.750000,0.750000,0.750000,0.000000,1.000000,0.000000,0.000000,1.000000,0.000000,9.810000,0.000000,0.000000,1,0,11.123170,0.000000
4.170000,4000.000000,0.750000,57.640240,1,1,2,2,0.750000,0.750000,0.750000,0.000000,1.000000,0.000000,0.000000,1.000000,0.000000,9.810000,0.000000,0.000000,1,0,11.114050,0.000000
4.180000,4000.000000,0.750000,57.751290,1,1,2,2,0.750000,0.750000,0.750000,0.000000,1.000000,0.000000,0.000000,1.000000,0.000000,9.810000,0.000000,0.000000,1,0,11.104940,0.000000
4.190000,4000.000000,0.750000,57.862240,1,1,2,2,0.750000,0.750000,0.750000,0.000000,1.000000,0.000000,0.000000,1.000000,0.000000,9.810000,0.000000,0.000000,1,0,11.095850,0.000000
4.200000,4000.000000,0.750000,57.973110,1,1,2,2,0.750000,0.750000,0.750000,0.000000,1.000000,0.000000,0.000000,1.000000,0.000000,9.810000,0.000000,0.000000,1,0,11.086760,0.000000
4.210000,4000.000000,0.750000,58.083890,1,1,2,2,0.750000,0.750000,0.750000,0.000000,1.000000,0.000000,0.000000,1.000000,0.000000,9.810000,0.000000,0.000000,1,0,11.077680,0.000000
4.220000,4000.000000,0.750000,58.194570,1,1,2,2,0.750000,0.750000,0.750000,0.000000,1.000000,0.000000,0.000000,1.000000,0.000000,9.810000,0.000000,0.000000,1,0,11.068610,0.000000
4.230000,4000.000000,0.750000,58.305170,1,1,2,2,0.750000,0.750000,0.750000,0.000000,1.000000,0.000000,0.000000,1.000000,0.000000,9.810000,0.000000,0.000000,1,0,11.059540,0.000000
4.240000,4000.000000,0.750000,58.415670,1,1,2,2,0.750000,0.750000,0.750000,0.000000,1.000000,0.000000,0.000000,1.000000,0.000000,9.810000,0.000000,0.000000,1,0,11.050490,0.000000
4.250000,4000.000000,0.750000,58.526080,1,1,2,2,0.750000,0.750000,0.750000,0.000000,1.000000,0.000000,0.000000,1.000000,0.000000,9.810000,0.000000,0.000000,1,0,11.041450,0.000000
4.260000,4000.000000,0.750000,58.636410,1,1,2,2,0.750000,0.750000,0.750000,0.000000,1.000000,0.000000,0.000000,1.000000,0.000000,9.810000,0.000000,0.000000,1,0,11.032420,0.000000
4.270000,4000.000000,0.750000,58.746640,1,1,2,2,0.750000,0.750000,0.750000,0.000000,1.000000,0.000000,0.000000,1.000000,0.000000,9.810000,0.000000,0.000000,1,0,11.023390,0.000000
4.280000,4000.000000,0.750000,58.856790,1,1,2,2,0.750000,0.750000,0.750000,0.000000,1.000000,0.000000,0.000000,1.000000,0.000000,9.810000,0.000000,0.000000,1,0,11.014370,0.000000
4.290000,4000.000000,0.750000,58.966840,1,1,2,2,0.750000,0.750000,0.750000,0.000000,1.000000,0.000000,0.000000,1.000000,0.000000,9.810000,0.000000,0.000000,1,0,11.005370,0.000000
4.300000,4000.000000,0.750000,59.076810,1,1,2,2,0.750000,0.750000,0.750000,0.000000,1.000000,0.000000,0.000000,1.000000,0.000000,9.810000,0.000000,0.000000,1,0,10.996370,0.000000
4.310000,4000.000000,0.750000,59.186680,1,1,2,2,0.750000,0.750000,0.750000,0.000000,1.000000,0.000000,0.000000,1.000000,0.000000,9.810000,0.000000,0.000000,1,0,10.987380,0.000000
4.320000,4000.000000,0.750000,59.296460,1,1,2,2,0.750000,0.750000,0.750000,0.000000,1.000000,0.000000,0.000000,1.000000,0.000000,9.810000,0.000000,0.000000,1,0,10.978400,0.000000
4.330000,4000.000000,0.750000,59.406160,1,1,2,2,0.750000,0.750000,0.750000,0.000000,1.000000,0.000000,0.000000,1.000000,0.000000,9.810000,0.000000,0.000000,1,0,10.969430,0.000000
4.340000,4000.000000,0.750000,59.515760,1,1,2,2,0.750000,0.750000,0.750000,0.000000,1.000000,0.000000,0.000000,1.000000,0.000000,9.810000,0.000000,0.000000,1,0,10.960470,0.000000
4.350000,4000.000000,0.750000,59.625280,1,1,2,2,0.750000,0.750000,0.750000,0.000000,1.000000,0.000000,0.000000,1.000000,0.000000,9.810000,0.000000,0.000000,1,0,10.951520,0.000000
4.360000,4000.000000,0.750000,59.734700,1,1,2,2,0.750000,0.750000,0.750000,0.000000,1.000000,0.000000,0.000000,1.000000,0.000000,9.810000,0.000000,0.000000,1,0,10.942580,0.000000
4.370000,4000.000000,0.750000,59.844040,1,1,2,2,0.750000,0.750000,0.750000,0.000000,1.000000,0.000000,0.000000,1.000000,0.000000,9.810000,0.000000,0.000000,1,0,10.933640,0.000000
4.380000,4000.000000,0.750000,59.953290,1,1,2,2,0.750000,0.750000,0.750000,0.000000,1.000000,0.000000,0.000000,1.000000,0.000000,9.810000,0.000000,0.000000,1,0,10.924720,0.000000
4.390000,4000.000000,0.750000,60.062440,1,1,2,2,0.750000,0.750000,0.750000,0.000000,1.000000,0.000000,0.000000,1.000000,0.000000,9.810000,0.000000,0.000000,1,0,10.915800,0.000000
4.400000,4000.000000,0.750000,60.171510,1,1,2,2,0.750000,0.750000,0.750000,0.000000,1.000000,0.000000,0.000000,1.000000,0.000000,9.810000,0.000000,0.000000,1,0,10.906900,0.000000
4.410000,4000.000000,0.750000,60.280490,1,1,2,2,0.750000,0.750000,0.750000,0.000000,1.000000,0.000000,0.000000,1.000000,0.000000,9.810000,0.000000,0.000000,1,0,10.898000,0.000000
4.420000,4000.000000,0.750000,60.389380,1,1,2,2,0.750000,0.750000,0.750000,0.000000,1.000000,0.000000,0.000000,1.000000,0.000000,9.810000,0.000000,0.000000,1,0,10.889110,0.000000
4.430000,4000.000000,0.750000,60.498180,1,1,2,2,0.750000,0.750000,0.750000,0.000000,1.000000,0.000000,0.000000,1.000000,0.000000,9.810000,0.000000,0.000000,1,0,10.880230,0.000000
4.440000,4000.000000,0.750000,60.606900,1,1,2,2,0.750000,0.750000,0.750000,0.000000,1.000000,0.000000,0.000000,1.000000,0.000000,9.810000,0.000000,0.000000,1,0,10.871360,0.000000
4.450000,4000.000000,0.750000,60.715520,1,1,2,2,0.750000,0.750000,0.750000,0.000000,1.000000,0.000000,0.000000,1.000000,0.000000,9.810000,0.000000,0.000000,1,0,10.862490,0.000000
4.460000,4000.000000,0.750000,60.824060,1,1,2,2,0.750000,0.750000,0.750000,0.000000,1.000000,0.000000,0.000000,1.000000,0.000000,9.810000,0.000000,0.000000,1,0,10.853640,0.000000
4.470000,4000.000000,0.750000,60.932510,1,1,2,2,0.750000,0.750000,0.750000,0.000000,1.000000,0.000000,0.000000,1.000000,0.000000,9.810000,0.000000,0.000000,1,0,10.844800,0.000000
4.480000,4000.000000,0.750000,61.040870,1,1,2,2,0.750000,0.750000,0.750000,0.000000,1.000000,0.000000,0.000000,1.000000,0.000000,9.810000,0.000000,0.000000,1,0,10.835960,0.000000
4.490000,4000.000000,0.750000,61.149140,1,1,2,2,0.750000,0.750000,0.750000,0.000000,1.000000,0.000000,0.000000,1.000000,0.000000,9.810000,0.000000,0.000000,1,0,10.827130,0.000000
4.500000,4000.000000,0.750000,61.257320,1,1,2,2,0.750000,0.750000,0.750000,0.000000,1.000000,0.000000,0.000000,1.000000,0.000000,9.810000,0.000000,0.000000,1,0,10.818310,0.000000
4.510000,4000.000000,0.750000,61.365420,1,1,2,2,0.750000,0.750000,0.750000,0.000000,1.000000,0.000000,0.000000,1.000000,0.000000,9.810000,0.000000,0.000000,1,0,10.809500,0.000000
4.520000,4000.000000,0.750000,61.473420,1,1,2,2,0.750000,0.750000,0.750000,0.000000,1.000000,0.000000,0.000000,1.000000,0.000000,9.810000,0.000000,0.000000,1,0,10.800700,0.000000
4.530000,4000.000000,0.750000,61.581340,1,1,2,2,0.750000,0.750000,0.750000,0.000000,1.000000,0.000000,0.000000,1.000000,0.000000,9.810000,0.000000,0.000000,1,0,10.791910,0.000000
4.540000,4000.000000,0.750000,61.689170,1,1,2,2,0.750000,0.750000,0.750000,0.000000,1.000000,0.000000,0.000000,1.000000,0.000000,9.810000,0.000000,0.000000,1,0,10.783130,0.000000
4.550000,4000.000000,0.750000,61.796910,1,1,2,2,0.750000,0.750000,0.750000,0.000000,1.000000,0.000000,0.000000,1.000000,0.000000,9.810000,0.000000,0.000000,1,0,10.774350,0.000000
4.560000,4000.000000,0.750000,61.904570,1,1,2,2,0.750000,0.750000,0.750000,0.000000,1.000000,0.000000,0.000000,1.000000,0.000000,9.810000,0.000000,0.000000,1,0,10.765590,0.000000
4.570000,4000.000000,0.750000,62.012130,1,1,2,2,0.750000,0.750000,0.750000,0.000000,1.000000,0.000000,0.000000,1.000000,0.000000,9.810000,0.000000,0.000000,1,0,10.756830,0.000000
4.580000,4000.000000,0.750000,62.119610,1,1,2,2,0.750000,0.750000,0.750000,0.000000,1.000000,0.000000,0.000000,1.000000,0.000000,9.810000,0.000000,0.000000,1,0,10.748080,0.000000
4.590000,4000.000000,0.750000,62.227010,1,1,2,2,0.750000,0.750000,0.750000,0.000000,1.000000,0.000000,0.000000,1.000000,0.000000,9.810000,0.000000,0.000000,1,0,10.739340,0.000000
4.600000,4000.000000,0.750000,62.334320,1,1,2,2,0.750000,0.750000,0.750000,0.000000,1.000000,0.000000,0.000000,1.000000,0.000000,9.810000,0.000000,0.000000,1,0,10.730610,0.000000
4.610000,4000.000000,0.750000,62.441540,1,1,2,2,0.750000,0.750000,0.750000,0.000000,1.000000,0.000000,0.000000,1.000000,0.000000,9.810000,0.000000,0.000000,1,0,10.721880,0.000000
4.620000,4000.000000,0.750000,62.548670,1,1,2,2,0.750000,0.750000,0.750000,0.000000,1.000000,0.000000,0.000000,1.000000,0.000000,9.810000,0.000000,0.000000,1,0,10.713170,0.000000
4.630000,4000.000000,0.750000,62.655710,1,1,2,2,0.750000,0.750000,0.750000,0.000000,1.000000,0.000000,0.000000,1.000000,0.000000,9.810000,0.000000,0.000000,1,0,10.704460,0.000000
4.640000,4000.000000,0.750000,62.762670,1,1,2,2,0.750000,0.750000,0.750000,0.000000,1.000000,0.000000,0.000000,1.000000,0.000000,9.810000,0.000000,0.000000,1,0,10.695770,0.000000
4.650000,4000.000000,0.750000,62.869540,1,1,2,2,0.750000,0.750000,0.750000,0.000000,1.000000,0.000000,0.000000,1.000000,0.000000,9.810000,0.000000,0.000000,1,0,10.687080,0.000000
4.660000,4000.000000,0.750000,62.976330,1,1,2,2,0.750000,0.750000,0.750000,0.000000,1.000000,0.000000,0.000000,1.000000,0.000000,9.810000,0.000000,0.000000,1,0,10.678400,0.000000
4.670000,4000.000000,0.750000,63.083020,1,1,2,2,0.750000,0.750000,0.750000,0.000000,1.000000,0.000000,0.000000,1.000000,0.000000,9.810000,0.000000,0.000000,1,0,10.669720,0.000000
4.680000,4000.000000,0.750000,63.189630,1,1,2,2,0.750000,0.750000,0.750000,0.000000,1.000000,0.000000,0.000000,1.000000,0.000000,9.810000,0.000000,0.000000,1,0,10.661060,0.000000
4.690000,4000.000000,0.750000,63.296160,1,1,2,2,0.750000,0.750000,0.750000,0.000000,1.000000,0.000000,0.000000,1.000000,0.000000,9.810000,0.000000,0.000000,1,0,10.652410,0.000000
4.700000,4000.000000,0.750000,63.402600,1,1,2,2,0.750000,0.750000,0.750000,0.000000,1.000000,0.000000,0.000000,1.000000,0.000000,9.810000,0.000000,0.000000,1,0,10.643760,0.000000
4.710000,4000.000000,0.750000,63.508950,1,1,2,2,0.750000,0.750000,0.750000,0.000000,1.000000,0.000000,0.000000,1.000000,0.000000,9.810000,0.000000,0.000000,1,0,10.635120,0.000000
4.720000,4000.000000,0.750000,63.615210,1,1,2,2,0.750000,0.750000,0.750000,0.000000,1.000000,0.000000,0.000000,1.000000,0.000000,9.810000,0.000000,0.000000,1,0,10.626490,0.000000
4.730000,4000.000000,0.750000,63.721390,1,1,2,2,0.750000,0.750000,0.750000,0.000000,1.000000,0.000000,0.000000,1.000000,0.000000,9.810000,0.000000,0.000000,1,0,10.617870,0.000000
4.740000,4000.000000,0.750000,63.827480,1,1,2,2,0.750000,0.750000,0.750000,0.000000,1.000000,0.000000,0.000000,1.000000,0.000000,9.810000,0.000000,0.000000,1,0,10.609260,0.000000
4.750000,4000.000000,0.750000,63.933490,1,1,2,2,0.750000,0.750000,0.750000,0.000000,1.000000,0.000000,0.000000,1.000000,0.000000,9.810000,0.000000,0.000000,1,0,10.600660,0.000000
4.760000,4000.000000,0.750000,64.039410,1,1,2,2,0.750000,0.750000,0.750000,0.000000,1.000000,0.000000,0.000000,1.000000,0.000000,9.810000,0.000000,0.000000,1,0,10.592060,0.000000
4.770000,4000.000000,0.750000,64.145250,1,1,2,2,0.750000,0.750000,0.750000,0.000000,1.000000,0.000000,0.000000,1.000000,0.000000,9.810000,0.000000,0.000000,1,0,10.583470,0.000000
4.780000,4000.000000,0.750000,64.251000,1,1,2,2,0.750000,0.750000,0.750000,0.000000,1.000000,0.000000,0.000000,1.000000,0.000000,9.810000,0.000000,0.000000,1,0,10.574890,0.000000
4.790000,4000.000000,0.750000,64.356660,1,1,2,2,0.750000,0.750000,0.750000,0.000000,1.000000,0.000000,0.000000,1.000000,0.000000,9.810000,0.000000,0.000000,1,0,10.566320,0.000000
4.800000,4000.000000,0.750000,64.462230,1,1,2,2,0.750000,0.750000,0.750000,0.000000,1.000000,0.000000,0.000000,1.000000,0.000000,9.810000,0.000000,0.000000,1,0,10.557760,0.000000
4.810000,4000.000000,0.750000,64.567730,1,1,2,2,0.750000,0.750000,0.750000,0.000000,1.000000,0.000000,0.000000,1.000000,0.000000,9.810000,0.000000,0.000000,1,0,10.549210,0.000000
4.820000,4000.000000,0.750000,64.673130,1,1,2,2,0.750000,0.750000,0.750000,0.000000,1.000000,0.000000,0.000000,1.000000,0.000000,9.810000,0.000000,0.000000,1,0,10.540660,0.000000
4.830000,4000.000000,0.750000,64.778460,1,1,2,2,0.750000,0.750000,0.750000,0.000000,1.000000,0.000000,0.000000,1.000000,0.000000,9.810000,0.000000,0.000000,1,0,10.532120,0.000000
4.840000,4000.000000,0.750000,64.883690,1,1,2,2,0.750000,0.750000,0.750000,0.000000,1.000000,0.000000,0.000000,1.000000,0.000000,9.810000,0.000000,0.000000,1,0,10.523600,0.000000
4.850000,4000.000000,0.750000,64.988840,1,1,2,2,0.750000,0.750000,0.750000,0.000000,1.000000,0.000000,0.000000,1.000000,0.000000,9.810000,0.000000,0.000000,1,0,10.515070,0.000000
4.860000,4000.000000,0.750000,65.093900,1,1,2,2,0.750000,0.750000,0.750000,0.000000,1.000000,0.000000,0.000000,1.000000,0.000000,9.810000,0.000000,0.000000,1,0,10.506560,0.000000
4.870000,4000.000000,0.750000,65.198880,1,1,2,2,0.750000,0.750000,0.750000,0.000000,1.000000,0.000000,0.000000,1.000000,0.000000,9.810000,0.000000,0.000000,1,0,10.498060,0.000000
4.880000,4000.000000,0.750000,65.303780,1,1,2,2,0.750000,0.750000,0.750000,0.000000,1.000000,0.000000,0.000000,1.000000,0.000000,9.810000,0.000000,0.000000,1,0,10.489560,0.000000
4.890000,4000.000000,0.750000,65.408590,1,1,2,2,0.750000,0.750000,0.750000,0.000000,1.000000,0.000000,0.000000,1.000000,0.000000,9.810000,0.000000,0.000000,1,0,10.481070,0.000000
4.900000,4000.000000,0.750000,65.513320,1,1,2,2,0.750000,0.750000,0.750000,0.000000,1.000000,0.000000,0.000000,1.000000,0.000000,9.810000,0.000000,0.000000,1,0,10.472590,0.000000
4.910000,4000.000000,0.750000,65.617970,1,1,2,2,0.750000,0.750000,0.750000,0.000000,1.000000,0.000000,0.000000,1.000000,0.000000,9.810000,0.000000,0.000000,1,0,10.464120,0.000000
4.920000,4000.000000,0.750000,65.722520,1,1,2,2,0.750000,0.750000,0.750000,0.000000,1.000000,0.000000,0.000000,1.000000,0.000000,9.810000,0.000000,0.000000,1,0,10.455660,0.000000
4.930000,4000.000000,0.750000,65.826990,1,1,2,2,0.750000,0.750000,0.750000,0.000000,1.000000,0.000000,0.000000,1.000000,0.000000,9.810000,0.000000,0.000000,1,0,10.447200,0.000000
4.940000,4000.000000,0.750000,65.931370,1,1,2,2,0.750000,0.750000,0.750000,0.000000,1.000000,0.000000,0.000000,1.000000,0.000000,9.810000,0.000000,0.000000,1,0,10.438760,0.000000
4.950000,4000.000000,0.750000,66.035680,1,1,2,2,0.750000,0.750000,0.750000,0.000000,1.000000,0.000000,0.000000,1.000000,0.000000,9.810000,0.000000,0.000000,1,0,10.430320,0.000000
4.960000,4000.000000,0.750000,66.139890,1,1,2,2,0.750000,0.750000,0.750000,0.000000,1.000000,0.000000,0.000000,1.000000,0.000000,9.810000,0.000000,0.000000,1,0,10.421880,0.000000
4.970000,4000.000000,0.750000,66.244030,1,1,2,2,0.750000,0.750000,0.750000,0.000000,1.000000,0.000000,0.000000,1.000000,0.000000,9.810000,0.000000,0.000000,1,0,10.413460,0.000000
4.980000,4000.000000,0.750000,66.348080,1,1,2,2,0.750000,0.750000,0.750000,0.000000,1.000000,0.000000,0.000000,1.000000,0.000000,9.810000,0.000000,0.000000,1,0,10.405050,0.000000
4.990000,4000.000000,0.750000,66.452040,1,1,2,2,0.750000,0.750000,0.750000,0.000000,1.000000,0.000000,0.000000,1.000000,0.000000,9.810000,0.000000,0.000000,1,0,10.396640,0.000000
5.000000,4000.000000,0.750000,66.555920,1,1,2,2,0.750000,0.750000,0.750000,0.000000,1.000000,0.000000,0.000000,1.000000,0.000000,9.810000,0.000000,0.000000,1,0,10.388240,0.000000
5.010000,4000.000000,0.750000,66.659720,1,1,2,2,0.750000,0.750000,0.750000,0.000000,1.000000,0.000000,0.000000,1.000000,0.000000,9.810000,0.000000,0.000000,1,0,10.379850,0.000000
5.020000,4000.000000,0.750000,66.763440,1,1,2,2,0.750000,0.750000,0.750000,0.000000,1.000000,0.000000,0.000000,1.000000,0.000000,9.810000,0.000000,0.000000,1,0,10.371470,0.000000
5.030000,4000.000000,0.750000,66.867070,1,1,2,2,0.750000,0.750000,0.750000,0.000000,1.000000,0.000000,0.000000,1.000000,0.000000,9.810000,0.000000,0.000000,1,0,10.363090,0.000000
5.040000,4000.000000,0.750000,66.970610,1,1,2,2,0.750000,0.750000,0.750000,0.000000,1.000000,0.000000,0.000000,1.000000,0.000000,9.810000,0.000000,0.000000,1,0,10.354730,0.000000
5.050000,4000.000000,0.750000,67.074070,1,1,2,2,0.750000,0.750000,0.750000,0.000000,1.000000,0.000000,0.000000,1.000000,0.000000,9.810000,0.000000,0.000000,1,0,10.346370,0.000000
5.060000,4000.000000,0.750000,67.177450,1,1,2,2,0.750000,0.750000,0.750000,0.000000,1.000000,0.000000,0.000000,1.000000,0.000000,9.810000,0.000000,0.000000,1,0,10.338020,0.000000
5.070000,4000.000000,0.750000,67.280750,1,1,2,2,0.750000,0.750000,0.750000,0.000000,1.000000,0.000000,0.000000,1.000000,0.000000,9.810000,0.000000,0.000000,1,0,10.329670,0.000000
5.080000,4000.000000,0.750000,67.383960,1,1,2,2,0.750000,0.750000,0.750000,0.000000,1.000000,0.000000,0.000000,1.000000,0.000000,9.810000,0.000000,0.000000,1,0,10.321340,0.000000
5.090000,4000.000000,0.750000,67.487080,1,1,2,2,0.750000,0.750000,0.750000,0.000000,1.000000,0.000000,0.000000,1.000000,0.000000,9.810000,0.000000,0.000000,1,0,10.313010,0.000000
5.100000,4000.000000,0.750000,67.590130,1,1,2,2,0.750000,0.750000,0.750000,0.000000,1.000000,0.000000,0.000000,1.000000,0.000000,9.810000,0.000000,0.000000,1,0,10.304690,0.000000
5.110000,4000.000000,0.750000,67.693100,1,1,2,2,0.750000,0.750000,0.750000,0.000000,1.000000,0.000000,0.000000,1.000000,0.000000,9.810000,0.000000,0.000000,1,0,10.296380,0.000000
5.120000,4000.000000,0.750000,67.795980,1,1,2,2,0.750000,0.750000,0.750000,0.000000,1.000000,0.000000,0.000000,1.000000,0.000000,9.810000,0.000000,0.000000,1,0,10.288080,0.000000
5.130000,4000.000000,0.750000,67.898780,1,1,2,2,0.750000,0.750000,0.750000,0.000000,1.000000,0.000000,0.000000,1.000000,0.000000,9.810000,0.000000,0.000000,1,0,10.279780,0.000000
5.140000,4000.000000,0.750000,68.001500,1,1,2,2,0.750000,0.750000,0.750000,0.000000,1.000000,0.000000,0.000000,1.000000,0.000000,9.810000,0.000000,0.000000,1,0,10.271490,0.000000
5.150000,4000.000000,0.750000,68.104130,1,1,2,2,0.750000,0.750000,0.750000,0.000000,1.000000,0.000000,0.000000,1.000000,0.000000,9.810000,0.000000,0.000000,1,0,10.263210,0.000000
5.160000,4000.000000,0.750000,68.206670,1,1,2,2,0.750000,0.750000,0.750000,0.000000,1.000000,0.000000,0.000000,1.000000,0.000000,9.810000,0.000000,0.000000,1,0,10.254940,0.000000
5.170000,4000.000000,0.750000,68.309140,1,1,2,2,0.750000,0.750000,0.750000,0.000000,1.000000,0.000000,0.000000,1.000000,0.000000,9.810000,0.000000,0.000000,1,0,10.246680,0.000000
5.180000,4000.000000,0.750000,68.411530,1,1,2,2,0.750000,0.750000,0.750000,0.000000,1.000000,0.000000,0.000000,1.000000,0.000000,9.810000,0.000000,0.000000,1,0,10.238420,0.000000
5.190000,4000.000000,0.750000,68.513830,1,1,2,2,0.750000,0.750000,0.750000,0.000000,1.000000,0.000000,0.000000,1.000000,0.000000,9.810000,0.000000,0.000000,1,0,10.230170,0.000000
5.200000,4000.000000,0.750000,68.616050,1,1,2,2,0.750000,0.750000,0.750000,0.000000,1.000000,0.000000,0.000000,1.000000,0.000000,9.810000,0.000000,0.000000,1,0,10.221930,0.000000
5.210000,4000.000000,0.750000,68.718190,1,1,2,2,0.750000,0.750000,0.750000,0.000000,1.000000,0.000000,0.000000,1.000000,0.000000,9.810000,0.000000,0.000000,1,0,10.213700,0.000000
5.220000,4000.000000,0.750000,68.820240,1,1,2,2,0.750000,0.750000,0.750000,0.000000,1.000000,0.000000,0.000000,1.000000,0.000000,9.810000,0.000000,0.000000,1,0,10.205470,0.000000
5.230000,4000.000000,0.750000,68.922220,1,1,2,2,0.750000,0.750000,0.750000,0.000000,1.000000,0.000000,0.000000,1.000000,0.000000,9.810000,0.000000,0.000000,1,0,10.197250,0.000000
5.240000,4000.000000,0.750000,69.024110,1,1,2,2,0.750000,0.750000,0.750000,0.000000,1.000000,0.000000,0.000000,1.000000,0.000000,9.810000,0.000000,0.000000,1,0,10.189040,0.000000
5.250000,4000.000000,0.750000,69.125920,1,1,2,2,0.750000,0.750000,0.750000,0.000000,1.000000,0.001017,0.000000,1.000000,0.000000,9.810000,0.000000,0.000000,1,0,10.180840,0.000000
5.260000,4000.000000,0.750000,69.227640,1,1,2,2,0.750000,0.750000,0.750000,0.000000,1.000000,0.000000,0.000000,1.000000,0.000000,9.810000,0.000000,0.000000,1,0,10.172650,0.000000
5.270000,4000.000000,0.750000,69.329280,1,1,2,2,0.750000,0.750000,0.750000,0.000000,1.000000,0.000000,0.000000,1.000000,0.000000,9.810000,0.000000,0.000000,1,0,10.164460,0.000000
5.280000,4000.000000,0.750000,69.430850,1,1,2,2,0.750000,0.750000,0.750000,0.000000,1.000000,0.000000,0.000000,1.000000,0.000000,9.810000,0.000000,0.000000,1,0,10.156280,0.000000
5.290000,4000.000000,0.750000,69.532330,1,1,2,2,0.750000,0.750000,0.750000,0.000000,1.000000,0.000000,0.000000,1.000000,0.000000,9.810000,0.000000,0.000000,1,0,10.148110,0.000000
5.300000,4000.000000,0.750000,69.633730,1,1,2,2,0.750000,0.750000,0.750000,0.000000,1.000000,0.000000,0.000000,1.000000,0.000000,9.810000,0.000000,0.000000,1,0,10.139940,0.000000
5.310000,4000.000000,0.750000,69.735050,1,1,2,2,0.750000,0.750000,0.750000,0.000000,1.000000,0.000000,0.000000,1.000000,0.000000,9.810000,0.000000,0.000000,1,0,10.131790,0.000000
5.320000,4000.000000,0.750000,69.836280,1,1,2,2,0.750000,0.750000,0.750000,0.000000,1.000000,0.000000,0.000000,1.000000,0.000000,9.810000,0.000000,0.000000,1,0,10.123640,0.000000
5.330000,4000.000000,0.750000,69.937440,1,1,2,2,0.750000,0.750000,0.750000,0.000000,1.000000,0.000000,0.000000,1.000000,0.000000,9.810000,0.000000,0.000000,1,0,10.115490,0.000000
5.340000,4000.000000,0.750000,70.038510,1,1,2,2,0.750000,0.750000,0.750000,0.000000,1.000000,0.000000,0.000000,1.000000,0.000000,9.810000,0.000000,0.000000,1,0,10.107360,0.000000
5.350000,4000.000000,0.750000,70.139500,1,1,2,2,0.750000,0.750000,0.750000,0.000000,1.000000,0.000000,0.000000,1.000000,0.000000,9.810000,0.000000,0.000000,1,0,10.099230,0.000000
5.360000,4000.000000,0.750000,70.240420,1,1,2,2,0.750000,0.750000,0.750000,0.000000,1.000000,0.000000,0.000000,1.000000,0.000000,9.810000,0.000000,0.000000,1,0,10.091120,0.000000
5.370000,4000.000000,0.750000,70.341250,1,1,2,2,0.750000,0.750000,0.750000,0.000000,1.000000,0.000000,0.000000,1.000000,0.000000,9.810000,0.000000,0.000000,1,0,10.083000,0.000000
5.380000,4000.000000,0.750000,70.441990,1,1,2,2,0.750000,0.750000,0.750000,0.000000,1.000000,0.000000,0.000000,1.000000,0.000000,9.810000,0.000000,0.000000,1,0,10.074900,0.000000
5.390000,4000.000000,0.750000,70.542660,1,1,2,2,0.750000,0.750000,0.750000,0.000000,1.000000,0.000000,0.000000,1.000000,0.000000,9.810000,0.000000,0.000000,1,0,10.066800,0.000000
5.400000,4000.000000,0.750000,70.643250,1,1,2,2,0.750000,0.750000,0.750000,0.000000,1.000000,0.000000,0.000000,1.000000,0.000000,9.810000,0.000000,0.000000,1,0,10.058720,0.000000
5.410000,4000.000000,0.750000,70.743760,1,1,2,2,0.750000,0.750000,0.750000,0.000000,1.000000,0.000000,0.000000,1.000000,0.000000,9.810000,0.000000,0.000000,1,0,10.050630,0.000000
5.420000,4000.000000,0.750000,70.844180,1,1,2,2,0.750000,0.750000,0.750000,0.000000,1.000000,0.000000,0.000000,1.000000,0.000000,9.810000,0.000000,0.000000,1,0,10.042560,0.000000
5.430000,4000.000000,0.750000,70.944530,1,1,2,2,0.750000,0.750000,0.750000,0.000000,1.000000,0.000000,0.000000,1.000000,0.000000,9.810000,0.000000,0.000000,1,0,10.034490,0.000000
5.440000,4000.000000,0.750000,71.044790,1,1,2,2,0.750000,0.750000,0.750000,0.000000,1.000000,0.000000,0.000000,1.000000,0.000000,9.810000,0.000000,0.000000,1,0,10.026440,0.000000
5.450000,4000.000000,0.750000,71.144970,1,1,2,2,0.750000,0.750000,0.750000,0.000000,1.000000,0.000000,0.000000,1.000000,0.000000,9.810000,0.000000,0.000000,1,0,10.018380,0.000000
5.460000,4000.000000,0.750000,71.245080,1,1,2,2,0.750000,0.750000,0.750000,0.000000,1.000000,0.000000,0.000000,1.000000,0.000000,9.810000,0.000000,0.000000,1,0,10.010340,0.000000
5.470000,4000.000000,0.750000,71.345100,1,1,2,2,0.750000,0.750000,0.750000,0.000000,1.000000,0.000000,0.000000,1.000000,0.000000,9.810000,0.000000,0.000000,1,0,10.002300,0.000000
5.480000,4000.000000,0.750000,71.445050,1,1,2,2,0.750000,0.750000,0.750000,0.000000,1.000000,0.000000,0.000000,1.000000,0.000000,9.810000,0.000000,0.000000,1,0,9.994274,0.000000
5.490000,4000.000000,0.750000,71.544910,1,1,2,2,0.750000,0.750000,0.750000,0.000000,1.000000,0.000000,0.000000,1.000000,0.000000,9.810000,0.000000,0.000000,1,0,9.986252,0.000000
5.500000,4000.000000,0.750000,71.644690,1,1,2,2,0.750000,0.750000,0.750000,0.000000,1.000000,0.000000,0.000000,1.000000,0.000000,9.810000,0.000000,0.000000,1,0,9.978237,0.000000
5.510000,4000.000000,0.750000,71.744390,1,1,2,2,0.750000,0.750000,0.750000,0.000000,1.000000,0.000000,0.000000,1.000000,0.000000,9.810000,0.000000,0.000000,1,0,9.970230,0.000000
5.520000,4000.000000,0.750000,71.844020,1,1,2,2,0.750000,0.750000,0.750000,0.000000,1.000000,0.000000,0.000000,1.000000,0.000000,9.810000,0.000000,0.000000,1,0,9.962230,0.000000
5.530000,4000.000000,0.750000,71.943560,1,1,2,2,0.750000,0.750000,0.750000,0.000000,1.000000,0.000000,0.000000,1.000000,0.000000,9.810000,0.000000,0.000000,1,0,9.954237,0.000000
5.540000,4000.000000,0.750000,72.043020,1,1,2,2,0.750000,0.750000,0.750000,0.000000,1.000000,0.000000,0.000000,1.000000,0.000000,9.810000,0.000000,0.000000,1,0,9.946252,0.000000
5.550000,4000.000000,0.750000,72.142400,1,1,2,2,0.750000,0.750000,0.750000,0.000000,1.000000,0.000000,0.000000,1.000000,0.000000,9.810000,0.000000,0.000000,1,0,9.938273,0.000000
5.560000,4000.000000,0.750000,72.241710,1,1,2,2,0.750000,0.750000,0.750000,0.000000,1.000000,0.000000,0.000000,1.000000,0.000000,9.810000,0.000000,0.000000,1,0,9.930303,0.000000
5.570000,4000.000000,0.750000,72.340930,1,1,2,2,0.750000,0.750000,0.750000,0.000000,1.000000,0.000000,0.000000,1.000000,0.000000,9.810000,0.000000,0.000000,1,0,9.922339,0.000000
5.580000,4000.000000,0.750000,72.440070,1,1,2,2,0.750000,0.750000,0.750000,0.000000,1.000000,0.000000,0.000000,1.000000,0.000000,9.810000,0.000000,0.000000,1,0,9.914383,0.000000
5.590000,4000.000000,0.750000,72.539140,1,1,2,2,0.750000,0.750000,0.750000,0.000000,1.000000,0.000000,0.000000,1.000000,0.000000,9.810000,0.000000,0.000000,1,0,9.906434,0.000000
5.600000,4000.000000,0.750000,72.638120,1,1,2,2,0.750000,0.750000,0.750000,0.000000,1.000000,0.000000,0.000000,1.000000,0.000000,9.810000,0.000000,0.000000,1,0,9.898493,0.000000
5.610000,4000.000000,0.750000,72.737030,1,1,2,2,0.750000,0.750000,0.750000,0.000000,1.000000,0.000000,0.000000,1.000000,0.000000,9.810000,0.000000,0.000000,1,0,9.890558,0.000000
5.620000,4000.000000,0.750000,72.835850,1,1,2,2,0.750000,0.750000,0.750000,0.000000,1.000000,0.000000,0.000000,1.000000,0.000000,9.810000,0.000000,0.000000,1,0,9.882631,0.000000
5.630000,4000.000000,0.750000,72.934600,1,1,2,2,0.750000,0.750000,0.750000,0.000000,1.000000,0.000000,0.000000,1.000000,0.000000,9.810000,0.000000,0.000000,1,0,9.874711,0.000000
5.640000,4000.000000,0.750000,73.033270,1,1,2,2,0.750000,0.750000,0.750000,0.000000,1.000000,0.000000,0.000000,1.000000,0.000000,9.810000,0.000000,0.000000,1,0,9.866798,0.000000
5.650000,4000.000000,0.750000,73.131860,1,1,2,2,0.750000,0.750000,0.750000,0.000000,1.000000,0.000000,0.000000,1.000000,0.000000,9.810000,0.000000,0.000000,1,0,9.858892,0.000000
5.660000,4000.000000,0.750000,73.230370,1,1,2,2,0.750000,0.750000,0.750000,0.000000,1.000000,0.000000,0.000000,1.000000,0.000000,9.810000,0.000000,0.000000,1,0,9.850994,0.000000
5.670000,4000.000000,0.750000,73.328800,1,1,2,2,0.750000,0.750000,0.750000,0.000000,1.000000,0.000000,0.000000,1.000000,0.000000,9.810000,0.000000,0.000000,1,0,9.843102,0.000000
5.680000,4000.000000,0.750000,73.427150,1,1,2,2,0.750000,0.750000,0.750000,0.000000,1.000000,0.000000,0.000000,1.000000,0.000000,9.810000,0.000000,0.000000,1,0,9.835218,0.000000
5.690000,4000.000000,0.750000,73.525430,1,1,2,2,0.750000,0.750000,0.750000,0.000000,1.000000,0.000000,0.000000,1.000000,0.000000,9.810000,0.000000,0.000000,1,0,9.827341,0.000000
5.700000,4000.000000,0.750000,73.623630,1,1,2,2,0.750000,0.750000,0.750000,0.000000,1.000000,0.000000,0.000000,1.000000,0.000000,9.810000,0.000000,0.000000,1,0,9.819471,0.000000
5.710000,4000.000000,0.750000,73.721740,1,1,2,2,0.750000,0.750000,0.750000,0.000000,1.000000,0.000000,0.000000,1.000000,0.000000,9.810000,0.000000,0.000000,1,0,9.811608,0.000000
5.720000,4000.000000,0.750000,73.819780,1,1,2,2,0.750000,0.750000,0.750000,0.000000,1.000000,0.000000,0.000000,1.000000,0.000000,9.810000,0.000000,0.000000,1,0,9.803753,0.000000
5.730000,4000.000000,0.750000,73.917740,1,1,2,2,0.750000,0.750000,0.750000,0.000000,1.000000,0.000000,0.000000,1.000000,0.000000,9.810000,0.000000,0.000000,1,0,9.795904,0.000000
5.740000,4000.000000,0.750000,74.015620,1,1,2,2,0.750000,0.750000,0.750000,0.000000,1.000000,0.000000,0.000000,1.000000,0.000000,9.810000,0.000000,0.000000,1,0,9.788062,0.000000
5.750000,4000.000000,0.750000,74.113420,1,1,2,2,0.750000,0.750000,0.750000,0.000000,1.000000,0.000000,0.000000,1.000000,0.000000,9.810000,0.000000,0.000000,1,0,9.780228,0.000000
5.760000,4000.000000,0.750000,74.211140,1,1,2,2,0.750000,0.750000,0.750000,0.000000,1.000000,0.000000,0.000000,1.000000,0.000000,9.810000,0.000000,0.000000,1,0,9.772400,0.000000
5.770000,4000.000000,0.750000,74.308790,1,1,2,2,0.750000,0.750000,0.750000,0.000000,1.000000,0.000000,0.000000,1.000000,0.000000,9.810000,0.000000,0.000000,1,0,9.764580,0.000000
5.780000,4000.000000,0.750000,74.406360,1,1,2,2,0.750000,0.750000,0.750000,0.000000,1.000000,0.000000,0.000000,1.000000,0.000000,9.810000,0.000000,0.000000,1,0,9.756766,0.000000
5.790000,4000.000000,0.750000,74.503850,1,1,2,2,0.750000,0.750000,0.750000,0.000000,1.000000,0.000000,0.000000,1.000000,0.000000,9.810000,0.000000,0.000000,1,0,9.748960,0.000000
5.800000,4000.000000,0.750000,74.601260,1,1,2,2,0.750000,0.750000,0.750000,0.000000,1.000000,0.000000,0.000000,1.000000,0.000000,9.810000,0.000000,0.000000,1,0,9.741160,0.000000
5.810000,4000.000000,0.750000,74.698590,1,1,2,2,0.750000,0.750000,0.750000,0.000000,1.000000,0.000000,0.000000,1.000000,0.000000,9.810000,0.000000,0.000000,1,0,9.733368,0.000000
5.820000,4000.000000,0.750000,74.795850,1,1,2,2,0.750000,0.750000,0.750000,0.000000,1.000000,0.000000,0.000000,1.000000,0.000000,9.810000,0.000000,0.000000,1,0,9.725582,0.000000
5.830000,4000.000000,0.750000,74.893030,1,1,2,2,0.750000,0.750000,0.750000,0.000000,1.000000,0.000000,0.000000,1.000000,0.000000,9.810000,0.000000,0.000000,1,0,9.717804,0.000000
5.840000,4000.000000,0.750000,74.990130,1,1,2,2,0.750000,0.750000,0.750000,0.000000,1.000000,0.000000,0.000000,1.000000,0.000000,9.810000,0.000000,0.000000,1,0,9.710032,0.000000
5.850000,4000.000000,0.750000,75.087150,1,1,2,2,0.750000,0.750000,0.750000,0.000000,1.000000,0.000000,0.000000,1.000000,0.000000,9.810000,0.000000,0.000000,1,0,9.702268,0.000000
5.860000,4000.000000,0.750000,75.184100,1,1,2,2,0.750000,0.750000,0.750000,0.000000,1.000000,0.000000,0.000000,1.000000,0.000000,9.810000,0.000000,0.000000,1,0,9.694510,0.000000
5.870000,4000.000000,0.750000,75.280970,1,1,2,2,0.750000,0.750000,0.750000,0.000000,1.000000,0.000000,0.000000,1.000000,0.000000,9.810000,0.000000,0.000000,1,0,9.686759,0.000000
5.880000,4000.000000,0.750000,75.377750,1,1,2,2,0.750000,0.750000,0.750000,0.000000,1.000000,0.000000,0.000000,1.000000,0.000000,9.810000,0.000000,0.000000,1,0,9.679015,0.000000
5.890000,4000.000000,0.750000,75.474460,1,1,2,2,0.750000,0.750000,0.750000,0.000000,1.000000,0.000000,0.000000,1.000000,0.000000,9.810000,0.000000,0.000000,1,0,9.671278,0.000000
5.900000,4000.000000,0.750000,75.571100,1,1,2,2,0.750000,0.750000,0.750000,0.000000,1.000000,0.000000,0.000000,1.000000,0.000000,9.810000,0.000000,0.000000,1,0,9.663548,0.000000
5.910000,4000.000000,0.750000,75.667660,1,1,2,2,0.750000,0.750000,0.750000,0.000000,1.000000,0.000000,0.000000,1.000000,0.000000,9.810000,0.000000,0.000000,1,0,9.655824,0.000000
5.920000,4000.000000,0.750000,75.764140,1,1,2,2,0.750000,0.750000,0.750000,0.000000,1.000000,0.000000,0.000000,1.000000,0.000000,9.810000,0.000000,0.000000,1,0,9.648108,0.000000
5.930000,4000.000000,0.750000,75.860540,1,1,2,2,0.750000,0.750000,0.750000,0.000000,1.000000,0.000000,0.000000,1.000000,0.000000,9.810000,0.000000,0.000000,1,0,9.640398,0.000000
5.940000,4000.000000,0.750000,75.956870,1,1,2,2,0.750000,0.750000,0.750000,0.000000,1.000000,0.000000,0.000000,1.000000,0.000000,9.810000,0.000000,0.000000,1,0,9.632695,0.000000
5.950000,4000.000000,0.750000,76.053120,1,1,2,2,0.750000,0.750000,0.750000,0.000000,1.000000,0.000000,0.000000,1.000000,0.000000,9.810000,0.000000,0.000000,1,0,9.624999,0.000000
5.960000,4000.000000,0.750000,76.149300,1,1,2,2,0.750000,0.750000,0.750000,0.000000,1.000000,0.000000,0.000000,1.000000,0.000000,9.810000,0.000000,0.000000,1,0,9.617310,0.000000
5.970000,4000.000000,0.750000,76.245400,1,1,2,2,0.750000,0.750000,0.750000,0.000000,1.000000,0.000000,0.000000,1.000000,0.000000,9.810000,0.000000,0.000000,1,0,9.609627,0.000000
5.980000,4000.000000,0.750000,76.341420,1,1,2,2,0.750000,0.750000,0.750000,0.000000,1.000000,0.000000,0.000000,1.000000,0.000000,9.810000,0.000000,0.000000,1,0,9.601952,0.000000
5.990000,4000.000000,0.750000,76.437360,1,1,2,2,0.750000,0.750000,0.750000,0.000000,1.000000,0.000000,0.000000,1.000000,0.000000,9.810000,0.000000,0.000000,1,0,9.594283,0.000000
6.000000,4000.000000,0.750000,76.533220,1,1,2,2,0.750000,0.750000,0.750000,0.000000,1.000000,0.000000,0.000000,1.000000,0.000000,9.810000,0.000000,0.000000,1,0,9.586621,0.000000
6.010000,4000.000000,0.750000,76.629010,1,1,2,2,0.750000,0.750000,0.750000,0.000000,1.000000,0.000000,0.000000,1.000000,0.000000,9.810000,0.000000,0.000000,1,0,9.578966,0.000000
6.020000,4000.000000,0.750000,76.724720,1,1,2,2,0.750000,0.750000,0.750000,0.000000,1.000000,0.000000,0.000000,1.000000,0.000000,9.810000,0.000000,0.000000,1,0,9.571318,0.000000
6.030000,4000.000000,0.750000,76.820350,1,1,2,2,0.750000,0.750000,0.750000,0.000000,1.000000,0.000000,0.000000,1.000000,0.000000,9.810000,0.000000,0.000000,1,0,9.563676,0.000000
6.040000,4000.000000,0.750000,76.915910,1,1,2,2,0.750000,0.750000,0.750000,0.000000,1.000000,0.000000,0.000000,1.000000,0.000000,9.810000,0.000000,0.000000,1,0,9.556041,0.000000
6.050000,4000.000000,0.750000,77.011390,1,1,2,2,0.750000,0.750000,0.750000,0.000000,1.000000,0.000000,0.000000,1.000000,0.000000,9.810000,0.000000,0.000000,1,0,9.548412,0.000000
6.060000,4000.000000,0.750000,77.106800,1,1,2,2,0.750000,0.750000,0.750000,0.000000,1.000000,0.000000,0.000000,1.000000,0.000000,9.810000,0.000000,0.000000,1,0,9.540791,0.000000
6.070000,4000.000000,0.750000,77.202130,1,1,2,2,0.750000,0.750000,0.750000,0.000000,1.000000,0.000000,0.000000,1.000000,0.000000,9.810000,0.000000,0.000000,1,0,9.533175,0.000000
6.080000,4000.000000,0.750000,77.297380,1,1,2,2,0.750000,0.750000,0.750000,0.000000,1.000000,0.000000,0.000000,1.000000,0.000000,9.810000,0.000000,0.000000,1,0,9.525567,0.000000
6.090000,4000.000000,0.750000,77.392560,1,1,2,2,0.750000,0.750000,0.750000,0.000000,1.000000,0.000000,0.000000,1.000000,0.000000,9.810000,0.000000,0.000000,1,0,9.517965,0.000000
6.100000,4000.000000,0.750000,77.487660,1,1,2,2,0.750000,0.750000,0.750000,0.000000,1.000000,0.000000,0.000000,1.000000,0.000000,9.810000,0.000000,0.000000,1,0,9.510370,0.000000
6.110000,4000.000000,0.750000,77.582680,1,1,2,2,0.750000,0.750000,0.750000,0.000000,1.000000,0.000000,0.000000,1.000000,0.000000,9.810000,0.000000,0.000000,1,0,9.502782,0.000000
6.120000,4000.000000,0.750000,77.677640,1,1,2,2,0.750000,0.750000,0.750000,0.000000,1.000000,0.000000,0.000000,1.000000,0.000000,9.810000,0.000000,0.000000,1,0,9.495200,0.000000
6.130000,4000.000000,0.750000,77.772510,1,1,2,2,0.750000,0.750000,0.750000,0.000000,1.000000,0.000000,0.000000,1.000000,0.000000,9.810000,0.000000,0.000000,1,0,9.487625,0.000000
6.140000,4000.000000,0.750000,77.867320,1,1,2,2,0.750000,0.750000,0.750000,0.000000,1.000000,0.000000,0.000000,1.000000,0.000000,9.810000,0.000000,0.000000,1,0,9.480057,0.000000
6.150000,4000.000000,0.750000,77.962040,1,1,2,2,0.750000,0.750000,0.750000,0.000000,1.000000,0.000000,0.000000,1.000000,0.000000,9.810000,0.000000,0.000000,1,0,9.472495,0.000000
6.160000,4000.000000,0.750000,78.056690,1,1,2,2,0.750000,0.750000,0.750000,0.000000,1.000000,0.000000,0.000000,1.000000,0.000000,9.810000,0.000000,0.000000,1,0,9.464940,0.000000
6.170000,4000.000000,0.750000,78.151270,1,1,2,2,0.750000,0.750000,0.750000,0.000000,1.000000,0.000000,0.000000,1.000000,0.000000,9.810000,0.000000,0.000000,1,0,9.457391,0.000000
6.180000,4000.000000,0.750000,78.245770,1,1,2,2,0.750000,0.750000,0.750000,0.000000,1.000000,0.000000,0.000000,1.000000,0.000000,9.810000,0.000000,0.000000,1,0,9.449848,0.000000
6.190000,4000.000000,0.750000,78.340190,1,1,2,2,0.750000,0.750000,0.750000,0.000000,1.000000,0.000000,0.000000,1.000000,0.000000,9.810000,0.000000,0.000000,1,0,9.442312,0.000000
6.200000,4000.000000,0.750000,78.434530,1,1,2,2,0.750000,0.750000,0.750000,0.000000,1.000000,0.000000,0.000000,1.000000,0.000000,9.810000,0.000000,0.000000,1,0,9.434783,0.000000
6.210000,4000.000000,0.750000,78.528800,1,1,2,2,0.750000,0.750000,0.750000,0.000000,1.000000,0.000000,0.000000,1.000000,0.000000,9.810000,0.000000,0.000000,1,0,9.427260,0.000000
6.220000,4000.000000,0.750000,78.623000,1,1,2,2,0.750000,0.750000,0.750000,0.000000,1.000000,0.000000,0.000000,1.000000,0.000000,9.810000,0.000000,0.000000,1,0,9.419744,0.000000
6.230000,4000.000000,0.750000,78.717120,1,1,2,2,0.750000,0.750000,0.750000,0.000000,1.000000,0.000000,0.000000,1.000000,0.000000,9.810000,0.000000,0.000000,1,0,9.412235,0.000000
6.240000,4000.000000,0.750000,78.811170,1,1,2,2,0.750000,0.750000,0.750000,0.000000,1.000000,0.000000,0.000000,1.000000,0.000000,9.810000,0.000000,0.000000,1,0,9.404732,0.000000
6.250000,4000.000000,0.750000,78.905140,1,1,2,2,0.750000,0.750000,0.750000,0.000000,1.000000,0.000000,0.000000,1.000000,0.000000,9.810000,0.000000,0.000000,1,0,9.397235,0.000000
6.260000,4000.000000,0.750000,78.999040,1,1,2,2,0.750000,0.750000,0.750000,0.000000,1.000000,0.000000,0.000000,1.000000,0.000000,9.810000,0.000000,0.000000,1,0,9.389745,0.000000
6.270000,4000.000000,0.750000,79.092860,1,1,2,2,0.750000,0.750000,0.750000,0.000000,1.000000,0.000000,0.000000,1.000000,0.000000,9.810000,0.000000,0.000000,1,0,9.382261,0.000000
6.280000,4000.000000,0.750000,79.186610,1,1,2,2,0.750000,0.750000,0.750000,0.000000,1.000000,0.000000,0.000000,1.000000,0.000000,9.810000,0.000000,0.000000,1,0,9.374784,0.000000
6.290000,4000.000000,0.750000,79.280290,1,1,2,2,0.750000,0.750000,0.750000,0.000000,1.000000,0.000000,0.000000,1.000000,0.000000,9.810000,0.000000,0.000000,1,0,9.367313,0.000000
6.300000,4000.000000,0.750000,79.373890,1,1,2,2,0.750000,0.750000,0.750000,0.000000,1.000000,0.000000,0.000000,1.000000,0.000000,9.810000,0.000000,0.000000,1,0,9.359849,0.000000
6.310000,4000.000000,0.750000,79.467410,1,1,2,2,0.750000,0.750000,0.750000,0.000000,1.000000,0.000000,0.000000,1.000000,0.000000,9.810000,0.000000,0.000000,1,0,9.352391,0.000000
6.320000,4000.000000,0.750000,79.560860,1,1,2,2,0.750000,0.750000,0.750000,0.000000,1.000000,0.000000,0.000000,1.000000,0.000000,9.810000,0.000000,0.000000,1,0,9.344940,0.000000
6.330000,4000.000000,0.750000,79.654240,1,1,2,2,0.750000,0.750000,0.750000,0.000000,1.000000,0.000000,0.000000,1.000000,0.000000,9.810000,0.000000,0.000000,1,0,9.337495,0.000000
6.340000,4000.000000,0.750000,79.747540,1,1,2,2,0.750000,0.750000,0.750000,0.000000,1.000000,0.000000,0.000000,1.000000,0.000000,9.810000,0.000000,0.000000,1,0,9.330056,0.000000
6.350000,4000.000000,0.750000,79.840760,1,1,2,2,0.750000,0.750000,0.750000,0.000000,1.000000,0.000000,0.000000,1.000000,0.000000,9.810000,0.000000,0.000000,1,0,9.322624,0.000000
6.360000,4000.000000,0.750000,79.933910,1,1,2,2,0.750000,0.750000,0.750000,0.000000,1.000000,0.000000,0.000000,1.000000,0.000000,9.810000,0.000000,0.000000,1,0,9.315198,0.000000
6.370000,4000.000000,0.750000,80.026990,1,1,2,2,0.750000,0.750000,0.750000,0.000000,1.000000,0.000000,0.000000,1.000000,0.000000,9.810000,0.000000,0.000000,1,0,9.307778,0.000000
6.380000,4000.000000,0.750000,80.120000,1,1,2,2,0.750000,0.750000,0.750000,0.000000,1.000000,0.000000,0.000000,1.000000,0.000000,9.810000,0.000000,0.000000,1,0,9.300365,0.000000
6.390000,4000.000000,0.750000,80.212920,1,1,2,2,0.750000,0.750000,0.750000,0.000000,1.000000,0.000000,0.000000,1.000000,0.000000,9.810000,0.000000,0.000000,1,0,9.292958,0.000000
6.400000,4000.000000,0.750000,80.305780,1,1,2,2,0.750000,0.750000,0.750000,0.000000,1.000000,0.000000,0.000000,1.000000,0.000000,9.810000,0.000000,0.000000,1,0,9.285558,0.000000
6.410000,4000.000000,0.750000,80.398560,1,1,2,2,0.750000,0.750000,0.750000,0.000000,1.000000,0.000000,0.000000,1.000000,0.000000,9.810000,0.000000,0.000000,1,0,9.278164,0.000000
6.420000,4000.000000,0.750000,80.491260,1,1,2,2,0.750000,0.750000,0.750000,0.000000,1.000000,0.000000,0.000000,1.000000,0.000000,9.810000,0.000000,0.000000,1,0,9.270776,0.000000
6.430000,4000.000000,0.750000,80.583900,1,1,2,2,0.750000,0.750000,0.750000,0.000000,1.000000,0.000000,0.000000,1.000000,0.000000,9.810000,0.000000,0.000000,1,0,9.263394,0.000000
6.440000,4000.000000,0.750000,80.676460,1,1,2,2,0.750000,0.750000,0.750000,0.000000,1.000000,0.000000,0.000000,1.000000,0.000000,9.810000,0.000000,0.000000,1,0,9.256019,0.000000
6.450000,4000.000000,0.750000,80.768940,1,1,2,2,0.750000,0.750000,0.750000,0.000000,1.000000,0.000000,0.000000,1.000000,0.000000,9.810000,0.000000,0.000000,1,0,9.248650,0.000000
6.460000,4000.000000,0.750000,80.861360,1,1,2,2,0.750000,0.750000,0.750000,0.000000,1.000000,0.000000,0.000000,1.000000,0.000000,9.810000,0.000000,0.000000,1,0,9.241286,0.000000
6.470000,4000.000000,0.750000,80.953700,1,1,2,2,0.750000,0.750000,0.750000,0.000000,1.000000,0.000000,0.000000,1.000000,0.000000,9.810000,0.000000,0.000000,1,0,9.233930,0.000000
6.480000,4000.000000,0.750000,81.045960,1,1,2,2,0.750000,0.750000,0.750000,0.000000,1.000000,0.000000,0.000000,1.000000,0.000000,9.810000,0.000000,0.000000,1,0,9.226580,0.000000
6.490000,4000.000000,0.750000,81.138150,1,1,2,2,0.750000,0.750000,0.750000,0.000000,1.000000,0.000000,0.000000,1.000000,0.000000,9.810000,0.000000,0.000000,1,0,9.219235,0.000000
6.500000,4000.000000,0.750000,81.230270,1,1,2,2,0.750000,0.750000,0.750000,0.000000,1.000000,0.000000,0.000000,1.000000,0.000000,9.810000,0.000000,0.000000,1,0,9.211898,0.000000
6.510000,4000.000000,0.750000,81.322320,1,1,2,2,0.750000,0.750000,0.750000,0.000000,1.000000,0.000000,0.000000,1.000000,0.000000,9.810000,0.000000,0.000000,1,0,9.204566,0.000000
6.520000,4000.000000,0.750000,81.414290,1,1,2,2,0.750000,0.750000,0.750000,0.000000,1.000000,0.000000,0.000000,1.000000,0.000000,9.810000,0.000000,0.000000,1,0,9.197241,0.000000
6.530000,4000.000000,0.750000,81.506190,1,1,2,2,0.750000,0.750000,0.750000,0.000000,1.000000,0.000000,0.000000,1.000000,0.000000,9.810000,0.000000,0.000000,1,0,9.189921,0.000000
6.540000,4000.000000,0.750000,81.598010,1,1,2,2,0.750000,0.750000,0.750000,0.000000,1.000000,0.000000,0.000000,1.000000,0.000000,9.810000,0.000000,0.000000,1,0,9.182609,0.000000
6.550000,4000.000000,0.750000,81.689770,1,1,2,2,0.750000,0.750000,0.750000,0.000000,1.000000,0.000000,0.000000,1.000000,0.000000,9.810000,0.000000,0.000000,1,0,9.175302,0.000000
6.560000,4000.000000,0.750000,81.781450,1,1,2,2,0.750000,0.750000,0.750000,0.000000,1.000000,0.000000,0.000000,1.000000,0.000000,9.810000,0.000000,0.000000,1,0,9.168001,0.000000
6.570000,4000.000000,0.750000,81.873050,1,1,2,2,0.750000,0.750000,0.750000,0.000000,1.000000,0.000000,0.000000,1.000000,0.000000,9.810000,0.000000,0.000000,1,0,9.160707,0.000000
6.580000,4000.000000,0.750000,81.964590,1,1,2,2,0.750000,0.750000,0.750000,0.000000,1.000000,0.000000,0.000000,1.000000,0.000000,9.810000,0.000000,0.000000,1,0,9.153418,0.000000
6.590000,4000.000000,0.750000,82.056050,1,1,2,2,0.750000,0.750000,0.750000,0.000000,1.000000,0.000000,0.000000,1.000000,0.000000,9.810000,0.000000,0.000000,1,0,9.146135,0.000000
6.600000,4000.000000,0.750000,82.147440,1,1,2,2,0.750000,0.750000,0.750000,0.000000,1.000000,0.000000,0.000000,1.000000,0.000000,9.810000,0.000000,0.000000,1,0,9.138859,0.000000
6.610000,4000.000000,0.750000,82.238750,1,1,2,2,0.750000,0.750000,0.750000,0.000000,1.000000,0.000000,0.000000,1.000000,0.000000,9.810000,0.000000,0.000000,1,0,9.131589,0.000000
6.620000,4000.000000,0.750000,82.329990,1,1,2,2,0.750000,0.750000,0.750000,0.000000,1.000000,0.000000,0.000000,1.000000,0.000000,9.810000,0.000000,0.000000,1,0,9.124325,0.000000
6.630000,4000.000000,0.750000,82.421170,1,1,2,2,0.750000,0.750000,0.750000,0.000000,1.000000,0.000000,0.000000,1.000000,0.000000,9.810000,0.000000,0.000000,1,0,9.117066,0.000000
6.640000,4000.000000,0.750000,82.512260,1,1,2,2,0.750000,0.750000,0.750000,0.000000,1.000000,0.000000,0.000000,1.000000,0.000000,9.810000,0.000000,0.000000,1,0,9.109815,0.000000
6.650000,4000.000000,0.750000,82.603290,1,1,2,2,0.750000,0.750000,0.750000,0.000000,1.000000,0.000000,0.000000,1.000000,0.000000,9.810000,0.000000,0.000000,1,0,9.102569,0.000000
6.660000,4000.000000,0.750000,82.694240,1,1,2,2,0.750000,0.750000,0.750000,0.000000,1.000000,0.000000,0.000000,1.000000,0.000000,9.810000,0.000000,0.000000,1,0,9.095329,0.000000
6.670000,4000.000000,0.750000,82.785120,1,1,2,2,0.750000,0.750000,0.750000,0.000000,1.000000,0.000000,0.000000,1.000000,0.000000,9.810000,0.000000,0.000000,1,0,9.088096,0.000000
6.680000,4000.000000,0.750000,82.875920,1,1,2,2,0.750000,0.750000,0.750000,0.000000,0.999999,0.001081,0.000000,1.000000,0.000000,9.810000,0.000000,0.000000,1,0,9.080868,0.000000
6.690000,4000.000000,0.750000,82.966660,1,1,2,2,0.750000,0.750000,0.750000,0.000000,1.000000,0.000000,0.000000,1.000000,0.000000,9.810000,0.000000,0.000000,1,0,9.073647,0.000000
6.700000,4000.000000,0.750000,83.057330,1,1,2,2,0.750000,0.750000,0.750000,0.000000,1.000000,0.000000,0.000000,1.000000,0.000000,9.810000,0.000000,0.000000,1,0,9.066431,0.000000
6.710000,4000.000000,0.750000,83.147920,1,1,2,2,0.750000,0.750000,0.750000,0.000000,1.000000,0.000000,0.000000,1.000000,0.000000,9.810000,0.000000,0.000000,1,0,9.059221,0.000000
6.720000,4000.000000,0.750000,83.238440,1,1,2,2,0.750000,0.750000,0.750000,0.000000,1.000000,0.000000,0.000000,1.000000,0.000000,9.810000,0.000000,0.000000,1,0,9.052018,0.000000
6.730000,4000.000000,0.750000,83.328890,1,1,2,2,0.750000,0.750000,0.750000,0.000000,1.000000,0.000000,0.000000,1.000000,0.000000,9.810000,0.000000,0.000000,1,0,9.044821,0.000000
6.740000,4000.000000,0.750000,83.419270,1,1,2,2,0.750000,0.750000,0.750000,0.000000,1.000000,0.000000,0.000000,1.000000,0.000000,9.810000,0.000000,0.000000,1,0,9.037629,0.000000
6.750000,4000.000000,0.750000,83.509570,1,1,2,2,0.750000,0.750000,0.750000,0.000000,1.000000,0.000000,0.000000,1.000000,0.000000,9.810000,0.000000,0.000000,1,0,9.030443,0.000000
6.760000,4000.000000,0.750000,83.599800,1,1,2,2,0.750000,0.750000,0.750000,0.000000,1.000000,0.000000,0.000000,1.000000,0.000000,9.810000,0.000000,0.000000,1,0,9.023264,0.000000
6.770000,4000.000000,0.750000,83.689960,1,1,2,2,0.750000,0.750000,0.750000,0.000000,1.000000,0.000000,0.000000,1.000000,0.000000,9.810000,0.000000,0.000000,1,0,9.016090,0.000000
6.780000,4000.000000,0.750000,83.780050,1,1,2,2,0.750000,0.750000,0.750000,0.000000,1.000000,0.000000,0.000000,1.000000,0.000000,9.810000,0.000000,0.000000,1,0,9.008923,0.000000
6.790000,4000.000000,0.750000,83.870070,1,1,2,2,0.750000,0.750000,0.750000,0.000000,1.000000,0.000000,0.000000,1.000000,0.000000,9.810000,0.000000,0.000000,1,0,9.001760,0.000000
6.800000,4000.000000,0.750000,83.960010,1,1,2,2,0.750000,0.750000,0.750000,0.000000,1.000000,0.000000,0.000000,1.000000,0.000000,9.810000,0.000000,0.000000,1,0,8.994605,0.000000
6.810000,4000.000000,0.750000,84.049890,1,1,2,2,0.750000,0.750000,0.750000,0.000000,1.000000,0.000000,0.000000,1.000000,0.000000,9.810000,0.000000,0.000000,1,0,8.987455,0.000000
6.820000,4000.000000,0.750000,84.139690,1,1,2,2,0.750000,0.750000,0.750000,0.000000,1.000000,0.000000,0.000000,1.000000,0.000000,9.810000,0.000000,0.000000,1,0,8.980311,0.000000
6.830000,4000.000000,0.750000,84.229420,1,1,2,2,0.750000,0.750000,0.750000,0.000000,1.000000,0.000000,0.000000,1.000000,0.000000,9.810000,0.000000,0.000000,1,0,8.973173,0.000000
6.840000,4000.000000,0.750000,84.319080,1,1,2,2,0.750000,0.750000,0.750000,0.000000,1.000000,0.000000,0.000000,1.000000,0.000000,9.810000,0.000000,0.000000,1,0,8.966041,0.000000
6.850000,4000.000000,0.750000,84.408680,1,1,2,2,0.750000,0.750000,0.750000,0.000000,1.000000,0.000000,0.000000,1.000000,0.000000,9.810000,0.000000,0.000000,1,0,8.958914,0.000000
6.860000,4000.000000,0.750000,84.498190,1,1,2,2,0.750000,0.750000,0.750000,0.000000,1.000000,0.000000,0.000000,1.000000,0.000000,9.810000,0.000000,0.000000,1,0,8.951794,0.000000
6.870000,4000.000000,0.750000,84.587640,1,1,2,2,0.750000,0.750000,0.750000,0.000000,1.000000,0.000000,0.000000,1.000000,0.000000,9.810000,0.000000,0.000000,1,0,8.944679,0.000000
6.880000,4000.000000,0.750000,84.677020,1,1,2,2,0.750000,0.750000,0.750000,0.000000,1.000000,0.000000,0.000000,1.000000,0.000000,9.810000,0.000000,0.000000,1,0,8.937571,0.000000
6.890000,4000.000000,0.750000,84.766320,1,1,2,2,0.750000,0.750000,0.750000,0.000000,1.000000,0.000000,0.000000,1.000000,0.000000,9.810000,0.000000,0.000000,1,0,8.930468,0.000000
6.900000,4000.000000,0.750000,84.855550,1,1,2,2,0.750000,0.750000,0.750000,0.000000,1.000000,0.000000,0.000000,1.000000,0.000000,9.810000,0.000000,0.000000,1,0,8.923370,0.000000
6.910000,4000.000000,0.750000,84.944720,1,1,2,2,0.750000,0.750000,0.750000,0.000000,1.000000,0.000000,0.000000,1.000000,0.000000,9.810000,0.000000,0.000000,1,0,8.916279,0.000000
6.920000,4000.000000,0.750000,85.033810,1,1,2,2,0.750000,0.750000,0.750000,0.000000,1.000000,0.000000,0.000000,1.000000,0.000000,9.810000,0.000000,0.000000,1,0,8.909193,0.000000
6.930000,4000.000000,0.750000,85.122830,1,1,2,2,0.750000,0.750000,0.750000,0.000000,1.000000,0.000000,0.000000,1.000000,0.000000,9.810000,0.000000,0.000000,1,0,8.902113,0.000000
6.940000,4000.000000,0.750000,85.211780,1,1,2,2,0.750000,0.750000,0.750000,0.000000,1.000000,0.000000,0.000000,1.000000,0.000000,9.810000,0.000000,0.000000,1,0,8.895039,0.000000
6.950000,4000.000000,0.750000,85.300660,1,1,2,2,0.750000,0.750000,0.750000,0.000000,1.000000,0.000000,0.000000,1.000000,0.000000,9.810000,0.000000,0.000000,1,0,8.887971,0.000000
6.960000,4000.000000,0.750000,85.389470,1,1,2,2,0.750000,0.750000,0.750000,0.000000,1.000000,0.000000,0.000000,1.000000,0.000000,9.810000,0.000000,0.000000,1,0,8.880909,0.000000
6.970000,4000.000000,0.750000,85.478200,1,1,2,2,0.750000,0.750000,0.750000,0.000000,1.000000,0.000000,0.000000,1.000000,0.000000,9.810000,0.000000,0.000000,1,0,8.873853,0.000000
6.980000,4000.000000,0.750000,85.566870,1,1,2,2,0.750000,0.750000,0.750000,0.000000,1.000000,0.000000,0.000000,1.000000,0.000000,9.810000,0.000000,0.000000,1,0,8.866802,0.000000
6.990000,4000.000000,0.750000,85.655470,1,1,2,2,0.750000,0.750000,0.750000,0.000000,1.000000,0.000000,0.000000,1.000000,0.000000,9.810000,0.000000,0.000000,1,0,8.859757,0.000000
7.000000,4000.000000,0.750000,85.744000,1,1,2,2,0.750000,0.750000,0.750000,0.000000,1.000000,0.000000,0.000000,1.000000,0.000000,9.810000,0.000000,0.000000,1,0,8.852718,0.000000
7.010000,4000.000000,0.750000,85.832450,1,1,2,2,0.750000,0.750000,0.750000,0.000000,1.000000,0.000000,0.000000,1.000000,0.000000,9.810000,0.000000,0.000000,1,0,8.845685,0.000000
7.020000,4000.000000,0.750000,85.920840,1,1,2,2,0.750000,0.750000,0.750000,0.000000,1.000000,0.000000,0.000000,1.000000,0.000000,9.810000,0.000000,0.000000,1,0,8.838657,0.000000
7.030000,4000.000000,0.750000,86.009160,1,1,2,2,0.750000,0.750000,0.750000,0.000000,1.000000,0.000000,0.000000,1.000000,0.000000,9.810000,0.000000,0.000000,1,0,8.831635,0.000000
7.040000,4000.000000,0.750000,86.097400,1,1,2,2,0.750000,0.750000,0.750000,0.000000,1.000000,0.000000,0.000000,1.000000,0.000000,9.810000,0.000000,0.000000,1,0,8.824619,0.000000
7.050000,4000.000000,0.750000,86.185580,1,1,2,2,0.750000,0.750000,0.750000,0.000000,1.000000,0.000000,0.000000,1.000000,0.000000,9.810000,0.000000,0.000000,1,0,8.817609,0.000000
7.060000,4000.000000,0.750000,86.273680,1,1,2,2,0.750000,0.750000,0.750000,0.000000,1.000000,0.000000,0.000000,1.000000,0.000000,9.810000,0.000000,0.000000,1,0,8.810604,0.000000
7.070000,4000.000000,0.750000,86.361720,1,1,2,2,0.750000,0.750000,0.750000,0.000000,1.000000,0.000000,0.000000,1.000000,0.000000,9.810000,0.000000,0.000000,1,0,8.803605,0.000000
7.080000,4000.000000,0.750000,86.449680,1,1,2,2,0.750000,0.750000,0.750000,0.000000,1.000000,0.000000,0.000000,1.000000,0.000000,9.810000,0.000000,0.000000,1,0,8.796611,0.000000
7.090000,4000.000000,0.750000,86.537580,1,1,2,2,0.750000,0.750000,0.750000,0.000000,1.000000,0.000000,0.000000,1.000000,0.000000,9.810000,0.000000,0.000000,1,0,8.789622,0.000000
7.100000,4000.000000,0.750000,86.625410,1,1,2,2,0.750000,0.750000,0.750000,0.000000,1.000000,0.000000,0.000000,1.000000,0.000000,9.810000,0.000000,0.000000,1,0,8.782640,0.000000
7.110000,4000.000000,0.750000,86.713170,1,1,2,2,0.750000,0.750000,0.750000,0.000000,1.000000,0.000000,0.000000,1.000000,0.000000,9.810000,0.000000,0.000000,1,0,8.775662,0.000000
7.120000,4000.000000,0.750000,86.800850,1,1,2,2,0.750000,0.750000,0.750000,0.000000,1.000000,0.000000,0.000000,1.000000,0.000000,9.810000,0.000000,0.000000,1,0,8.768691,0.000000
7.130000,4000.000000,0.750000,86.888470,1,1,2,2,0.750000,0.750000,0.750000,0.000000,1.000000,0.000000,0.000000,1.000000,0.000000,9.810000,0.000000,0.000000,1,0,8.761725,0.000000
7.140000,4000.000000,0.750000,86.976010,1,1,2,2,0.750000,0.750000,0.750000,0.000000,1.000000,0.000000,0.000000,1.000000,0.000000,9.810000,0.000000,0.000000,1,0,8.754766,0.000000
7.150000,4000.000000,0.750000,87.063490,1,1,2,2,0.750000,0.750000,0.750000,0.000000,1.000000,0.000000,0.000000,1.000000,0.000000,9.810000,0.000000,0.000000,1,0,8.747811,0.000000
7.160000,4000.000000,0.750000,87.150900,1,1,2,2,0.750000,0.750000,0.750000,0.000000,1.000000,0.000000,0.000000,1.000000,0.000000,9.810000,0.000000,0.000000,1,0,8.740863,0.000000
7.170000,4000.000000,0.750000,87.238240,1,1,2,2,0.750000,0.750000,0.750000,0.000000,1.000000,0.000000,0.000000,1.000000,0.000000,9.810000,0.000000,0.000000,1,0,8.733919,0.000000
7.180000,4000.000000,0.750000,87.325520,1,1,2,2,0.750000,0.750000,0.750000,0.000000,1.000000,0.000000,0.000000,1.000000,0.000000,9.810000,0.000000,0.000000,1,0,8.726981,0.000000
7.190000,4000.000000,0.750000,87.412720,1,1,2,2,0.750000,0.750000,0.750000,0.000000,1.000000,0.000000,0.000000,1.000000,0.000000,9.810000,0.000000,0.000000,1,0,8.720049,0.000000
7.200000,4000.000000,0.750000,87.499850,1,1,2,2,0.750000,0.750000,0.750000,0.000000,0.999997,-0.002543,0.000000,1.000000,0.000000,9.810000,0.000000,0.000000,1,0,8.713122,0.000000
7.210000,4000.000000,0.750000,87.586910,1,1,2,2,0.750000,0.750000,0.750000,0.000000,1.000000,0.000000,0.000000,1.000000,0.000000,9.810000,0.000000,0.000000,1,0,8.706202,0.000000
7.220000,4000.000000,0.750000,87.673900,1,1,2,2,0.750000,0.750000,0.750000,0.000000,1.000000,0.000000,0.000000,1.000000,0.000000,9.810000,0.000000,0.000000,1,0,8.699286,0.000000
7.230000,4000.000000,0.750000,87.760820,1,1,2,2,0.750000,0.750000,0.750000,0.000000,1.000000,0.000000,0.000000,1.000000,0.000000,9.810000,0.000000,0.000000,1,0,8.692376,0.000000
7.240000,4000.000000,0.750000,87.847670,1,1,2,2,0.750000,0.750000,0.750000,0.000000,1.000000,0.000000,0.000000,1.000000,0.000000,9.810000,0.000000,0.000000,1,0,8.685472,0.000000
7.250000,4000.000000,0.750000,87.934460,1,1,2,2,0.750000,0.750000,0.750000,0.000000,1.000000,0.000000,0.000000,1.000000,0.000000,9.810000,0.000000,0.000000,1,0,8.678573,0.000000
7.260000,4000.000000,0.750000,88.021170,1,1,2,2,0.750000,0.750000,0.750000,0.000000,1.000000,0.000000,0.000000,1.000000,0.000000,9.810000,0.000000,0.000000,1,0,8.671679,0.000000
7.270000,4000.000000,0.750000,88.107820,1,1,2,2,0.750000,0.750000,0.750000,0.000000,1.000000,0.000000,0.000000,1.000000,0.000000,9.810000,0.000000,0.000000,1,0,8.664792,0.000000
7.280000,4000.000000,0.750000,88.194400,1,1,2,2,0.750000,0.750000,0.750000,0.000000,1.000000,0.000000,0.000000,1.000000,0.000000,9.810000,0.000000,0.000000,1,0,8.657909,0.000000
7.290000,4000.000000,0.750000,88.280910,1,1,2,2,0.750000,0.750000,0.750000,0.000000,1.000000,0.000000,0.000000,1.000000,0.000000,9.810000,0.000000,0.000000,1,0,8.651032,0.000000
7.300000,4000.000000,0.750000,88.367350,1,1,2,2,0.750000,0.750000,0.750000,0.000000,1.000000,0.000000,0.000000,1.000000,0.000000,9.810000,0.000000,0.000000,1,0,8.644161,0.000000
7.310000,4000.000000,0.750000,88.453720,1,1,2,2,0.750000,0.750000,0.750000,0.000000,1.000000,0.000000,0.000000,1.000000,0.000000,9.810000,0.000000,0.000000,1,0,8.637295,0.000000
7.320000,4000.000000,0.750000,88.540020,1,1,2,2,0.750000,0.750000,0.750000,0.000000,1.000000,0.000000,0.000000,1.000000,0.000000,9.810000,0.000000,0.000000,1,0,8.630434,0.000000
7.330000,4000.000000,0.750000,88.626260,1,1,2,2,0.750000,0.750000,0.750000,0.000000,1.000000,0.000000,0.000000,1.000000,0.000000,9.810000,0.000000,0.000000,1,0,8.623579,0.000000
7.340000,4000.000000,0.750000,88.712430,1,1,2,2,0.750000,0.750000,0.750000,0.000000,1.000000,0.000000,0.000000,1.000000,0.000000,9.810000,0.000000,0.000000,1,0,8.616730,0.000000
7.350000,4000.000000,0.750000,88.798520,1,1,2,2,0.750000,0.750000,0.750000,0.000000,1.000000,0.000000,0.000000,1.000000,0.000000,9.810000,0.000000,0.000000,1,0,8.609885,0.000000
7.360000,4000.000000,0.750000,88.884550,1,1,2,2,0.750000,0.750000,0.750000,0.000000,1.000000,0.000000,0.000000,1.000000,0.000000,9.810000,0.000000,0.000000,1,0,8.603046,0.000000
7.370000,4000.000000,0.750000,88.970510,1,1,2,2,0.750000,0.750000,0.750000,0.000000,1.000000,0.000000,0.000000,1.000000,0.000000,9.810000,0.000000,0.000000,1,0,8.596213,0.000000
7.380000,4000.000000,0.750000,89.056400,1,1,2,2,0.750000,0.750000,0.750000,0.000000,1.000000,0.000000,0.000000,1.000000,0.000000,9.810000,0.000000,0.000000,1,0,8.589385,0.000000
7.390000,4000.000000,0.750000,89.142230,1,1,2,2,0.750000,0.750000,0.750000,0.000000,1.000000,0.000000,0.000000,1.000000,0.000000,9.810000,0.000000,0.000000,1,0,8.582562,0.000000
7.400000,4000.000000,0.750000,89.227980,1,1,2,2,0.750000,0.750000,0.750000,0.000000,1.000000,0.000000,0.000000,1.000000,0.000000,9.810000,0.000000,0.000000,1,0,8.575746,0.000000
7.410000,4000.000000,0.750000,89.313670,1,1,2,2,0.750000,0.750000,0.750000,0.000000,1.000000,0.000000,0.000000,1.000000,0.000000,9.810000,0.000000,0.000000,1,0,8.568933,0.000000
7.420000,4000.000000,0.750000,89.399290,1,1,2,2,0.750000,0.750000,0.750000,0.000000,1.000000,0.000000,0.000000,1.000000,0.000000,9.810000,0.000000,0.000000,1,0,8.562127,0.000000
7.430000,4000.000000,0.750000,89.484850,1,1,2,2,0.750000,0.750000,0.750000,0.000000,1.000000,0.000000,0.000000,1.000000,0.000000,9.810000,0.000000,0.000000,1,0,8.555326,0.000000
7.440000,4000.000000,0.750000,89.570340,1,1,2,2,0.750000,0.750000,0.750000,0.000000,1.000000,0.000000,0.000000,1.000000,0.000000,9.810000,0.000000,0.000000,1,0,8.548530,0.000000
7.450000,4000.000000,0.750000,89.655750,1,1,2,2,0.750000,0.750000,0.750000,0.000000,1.000000,0.000000,0.000000,1.000000,0.000000,9.810000,0.000000,0.000000,1,0,8.541739,0.000000
7.460000,4000.000000,0.750000,89.741100,1,1,2,2,0.750000,0.750000,0.750000,0.000000,1.000000,0.000000,0.000000,1.000000,0.000000,9.810000,0.000000,0.000000,1,0,8.534954,0.000000
7.470000,4000.000000,0.750000,89.826390,1,1,2,2,0.750000,0.750000,0.750000,0.000000,1.000000,0.000000,0.000000,1.000000,0.000000,9.810000,0.000000,0.000000,1,0,8.528174,0.000000
7.480000,4000.000000,0.750000,89.911600,1,1,2,2,0.750000,0.750000,0.750000,0.000000,1.000000,0.000000,0.000000,1.000000,0.000000,9.810000,0.000000,0.000000,1,0,8.521399,0.000000
7.490000,4000.000000,0.750000,89.996740,1,1,2,2,0.750000,0.750000,0.750000,0.000000,1.000000,0.000000,0.000000,1.000000,0.000000,9.810000,0.000000,0.000000,1,0,8.514630,0.000000
7.500000,4000.000000,0.750000,90.081820,1,1,2,2,0.750000,0.750000,0.750000,0.000000,1.000000,0.000000,0.000000,1.000000,0.000000,9.810000,0.000000,0.000000,1,0,8.507867,0.000000
7.510000,4000.000000,0.750000,90.166830,1,1,2,2,0.750000,0.750000,0.750000,0.000000,1.000000,0.000000,0.000000,1.000000,0.000000,9.810000,0.000000,0.000000,1,0,8.501108,0.000000
7.520000,4000.000000,0.750000,90.251780,1,1,2,2,0.750000,0.750000,0.750000,0.000000,1.000000,0.000000,0.000000,1.000000,0.000000,9.810000,0.000000,0.000000,1,0,8.494355,0.000000
7.530000,4000.000000,0.750000,90.336650,1,1,2,2,0.750000,0.750000,0.750000,0.000000,1.000000,0.000000,0.000000,1.000000,0.000000,9.810000,0.000000,0.000000,1,0,8.487607,0.000000
7.540000,4000.000000,0.750000,90.421460,1,1,2,2,0.750000,0.750000,0.750000,0.000000,1.000000,0.000000,0.000000,1.000000,0.000000,9.810000,0.000000,0.000000,1,0,8.480865,0.000000
7.550000,4000.000000,0.750000,90.506200,1,1,2,2,0.750000,0.750000,0.750000,0.000000,1.000000,0.000000,0.000000,1.000000,0.000000,9.810000,0.000000,0.000000,1,0,8.474127,0.000000
7.560000,4000.000000,0.750000,90.590870,1,1,2,2,0.750000,0.750000,0.750000,0.000000,1.000000,0.000000,0.000000,1.000000,0.000000,9.810000,0.000000,0.000000,1,0,8.467395,0.000000
7.570000,4000.000000,0.750000,90.675480,1,1,2,2,0.750000,0.750000,0.750000,0.000000,1.000000,0.000000,0.000000,1.000000,0.000000,9.810000,0.000000,0.000000,1,0,8.460668,0.000000
7.580000,4000.000000,0.750000,90.760030,1,1,2,2,0.750000,0.750000,0.750000,0.000000,1.000000,0.000000,0.000000,1.000000,0.000000,9.810000,0.000000,0.000000,1,0,8.453946,0.000000
7.590000,4000.000000,0.750000,90.844500,1,1,2,2,0.750000,0.750000,0.750000,0.000000,1.000000,0.000000,0.000000,1.000000,0.000000,9.810000,0.000000,0.000000,1,0,8.447229,0.000000
7.600000,4000.000000,0.750000,90.928900,1,1,2,2,0.750000,0.750000,0.750000,0.000000,1.000000,0.000000,0.000000,1.000000,0.000000,9.810000,0.000000,0.000000,1,0,8.440518,0.000000
7.610000,4000.000000,0.750000,91.013240,1,1,2,2,0.750000,0.750000,0.750000,0.000000,1.000000,0.000000,0.000000,1.000000,0.000000,9.810000,0.000000,0.000000,1,0,8.433812,0.000000
7.620000,4000.000000,0.750000,91.097510,1,1,2,2,0.750000,0.750000,0.750000,0.000000,1.000000,0.000000,0.000000,1.000000,0.000000,9.810000,0.000000,0.000000,1,0,8.427111,0.000000
7.630000,4000.000000,0.750000,91.181720,1,1,2,2,0.750000,0.750000,0.750000,0.000000,1.000000,0.000000,0.000000,1.000000,0.000000,9.810000,0.000000,0.000000,1,0,8.420415,0.000000
7.640000,4000.000000,0.750000,91.265850,1,1,2,2,0.750000,0.750000,0.750000,0.000000,1.000000,0.000000,0.000000,1.000000,0.000000,9.810000,0.000000,0.000000,1,0,8.413724,0.000000
7.650000,4000.000000,0.750000,91.349920,1,1,2,2,0.750000,0.750000,0.750000,0.000000,1.000000,0.000000,0.000000,1.000000,0.000000,9.810000,0.000000,0.000000,1,0,8.407039,0.000000
7.660000,4000.000000,0.750000,91.433930,1,1,2,2,0.750000,0.750000,0.750000,0.000000,1.000000,0.000000,0.000000,1.000000,0.000000,9.810000,0.000000,0.000000,1,0,8.400358,0.000000
7.670000,4000.000000,0.750000,91.517870,1,1,2,2,0.750000,0.750000,0.750000,0.000000,1.000000,0.000000,0.000000,1.000000,0.000000,9.810000,0.000000,0.000000,1,0,8.393683,0.000000
7.680000,4000.000000,0.750000,91.601740,1,1,2,2,0.750000,0.750000,0.750000,0.000000,1.000000,0.000000,0.000000,1.000000,0.000000,9.810000,0.000000,0.000000,1,0,8.387013,0.000000
7.690000,4000.000000,0.750000,91.685540,1,1,2,2,0.750000,0.750000,0.750000,0.000000,1.000000,0.000000,0.000000,1.000000,0.000000,9.810000,0.000000,0.000000,1,0,8.380348,0.000000
7.700000,4000.000000,0.750000,91.769280,1,1,2,2,0.750000,0.750000,0.750000,0.000000,1.000000,0.000000,0.000000,1.000000,0.000000,9.810000,0.000000,0.000000,1,0,8.373689,0.000000
7.710000,4000.000000,0.750000,91.852950,1,1,2,2,0.750000,0.750000,0.750000,0.000000,1.000000,0.000000,0.000000,1.000000,0.000000,9.810000,0.000000,0.000000,1,0,8.367034,0.000000
7.720000,4000.000000,0.750000,91.936550,1,1,2,2,0.750000,0.750000,0.750000,0.000000,1.000000,0.000000,0.000000,1.000000,0.000000,9.810000,0.000000,0.000000,1,0,8.360385,0.000000
7.730000,4000.000000,0.750000,92.020090,1,1,2,2,0.750000,0.750000,0.750000,0.000000,1.000000,0.000000,0.000000,1.000000,0.000000,9.810000,0.000000,0.000000,1,0,8.353741,0.000000
7.740000,4000.000000,0.750000,92.103560,1,1,2,2,0.750000,0.750000,0.750000,0.000000,1.000000,0.000000,0.000000,1.000000,0.000000,9.810000,0.000000,0.000000,1,0,8.347101,0.000000
7.750000,4000.000000,0.750000,92.186970,1,1,2,2,0.750000,0.750000,0.750000,0.000000,1.000000,0.000000,0.000000,1.000000,0.000000,9.810000,0.000000,0.000000,1,0,8.340467,0.000000
7.760000,4000.000000,0.750000,92.270300,1,1,2,2,0.750000,0.750000,0.750000,0.000000,1.000000,0.000000,0.000000,1.000000,0.000000,9.810000,0.000000,0.000000,1,0,8.333838,0.000000
7.770000,4000.000000,0.750000,92.353580,1,1,2,2,0.750000,0.750000,0.750000,0.000000,1.000000,0.000000,0.000000,1.000000,0.000000,9.810000,0.000000,0.000000,1,0,8.327214,0.000000
7.780000,4000.000000,0.750000,92.436780,1,1,2,2,0.750000,0.750000,0.750000,0.000000,1.000000,0.000000,0.000000,1.000000,0.000000,9.810000,0.000000,0.000000,1,0,8.320596,0.000000
7.790000,4000.000000,0.750000,92.519920,1,1,2,2,0.750000,0.750000,0.750000,0.000000,1.000000,0.000000,0.000000,1.000000,0.000000,9.810000,0.000000,0.000000,1,0,8.313982,0.000000
7.800000,4000.000000,0.750000,92.603000,1,1,2,2,0.750000,0.750000,0.750000,0.000000,1.000000,0.000000,0.000000,1.000000,0.000000,9.810000,0.000000,0.000000,1,0,8.307373,0.000000
7.810000,4000.000000,0.750000,92.686000,1,1,2,2,0.750000,0.750000,0.750000,0.000000,1.000000,0.000000,0.000000,1.000000,0.000000,9.810000,0.000000,0.000000,1,0,8.300769,0.000000
7.820000,4000.000000,0.750000,92.768940,1,1,2,2,0.750000,0.750000,0.750000,0.000000,1.000000,0.000000,0.000000,1.000000,0.000000,9.810000,0.000000,0.000000,1,0,8.294170,0.000000
7.830000,4000.000000,0.750000,92.851820,1,1,2,2,0.750000,0.750000,0.750000,0.000000,1.000000,0.000000,0.000000,1.000000,0.000000,9.810000,0.000000,0.000000,1,0,8.287577,0.000000
7.840000,4000.000000,0.750000,92.934630,1,1,2,2,0.750000,0.750000,0.750000,0.000000,1.000000,0.000000,0.000000,1.000000,0.000000,9.810000,0.000000,0.000000,1,0,8.280988,0.000000
7.850000,4000.000000,0.750000,93.017370,1,1,2,2,0.750000,0.750000,0.750000,0.000000,1.000000,0.000000,0.000000,1.000000,0.000000,9.810000,0.000000,0.000000,1,0,8.274405,0.000000
7.860000,4000.000000,0.750000,93.100050,1,1,2,2,0.750000,0.750000,0.750000,0.000000,1.000000,0.000000,0.000000,1.000000,0.000000,9.810000,0.000000,0.000000,1,0,8.267826,0.000000
7.870000,4000.000000,0.750000,93.182660,1,1,2,2,0.750000,0.750000,0.750000,0.000000,1.000000,0.000000,0.000000,1.000000,0.000000,9.810000,0.000000,0.000000,1,0,8.261252,0.000000
7.880000,4000.000000,0.750000,93.265210,1,1,2,2,0.750000,0.750000,0.750000,0.000000,1.000000,0.000000,0.000000,1.000000,0.000000,9.810000,0.000000,0.000000,1,0,8.254683,0.000000
7.890000,4000.000000,0.750000,93.347690,1,1,2,2,0.750000,0.750000,0.750000,0.000000,1.000000,0.000000,0.000000,1.000000,0.000000,9.810000,0.000000,0.000000,1,0,8.248119,0.000000
7.900000,4000.000000,0.750000,93.430110,1,1,2,2,0.750000,0.750000,0.750000,0.000000,1.000000,0.000000,0.000000,1.000000,0.000000,9.810000,0.000000,0.000000,1,0,8.241561,0.000000
7.910000,4000.000000,0.750000,93.512460,1,1,2,2,0.750000,0.750000,0.750000,0.000000,1.000000,0.000000,0.000000,1.000000,0.000000,9.810000,0.000000,0.000000,1,0,8.235007,0.000000
7.920000,4000.000000,0.750000,93.594740,1,1,2,2,0.750000,0.750000,0.750000,0.000000,1.000000,0.000000,0.000000,1.000000,0.000000,9.810000,0.000000,0.000000,1,0,8.228458,0.000000
7.930000,4000.000000,0.750000,93.676960,1,1,2,2,0.750000,0.750000,0.750000,0.000000,1.000000,0.000000,0.000000,1.000000,0.000000,9.810000,0.000000,0.000000,1,0,8.221914,0.000000
7.940000,4000.000000,0.750000,93.759120,1,1,2,2,0.750000,0.750000,0.750000,0.000000,1.000000,0.000000,0.000000,1.000000,0.000000,9.810000,0.000000,0.000000,1,0,8.215375,0.000000
7.950000,4000.000000,0.750000,93.841200,1,1,2,2,0.750000,0.750000,0.750000,0.000000,1.000000,0.000000,0.000000,1.000000,0.000000,9.810000,0.000000,0.000000,1,0,8.208841,0.000000
7.960000,4000.000000,0.750000,93.923230,1,1,2,2,0.750000,0.750000,0.750000,0.000000,1.000000,0.000000,0.000000,1.000000,0.000000,9.810000,0.000000,0.000000,1,0,8.202312,0.000000
7.970000,4000.000000,0.750000,94.005180,1,1,2,2,0.750000,0.750000,0.750000,0.000000,1.000000,0.000000,0.000000,1.000000,0.000000,9.810000,0.000000,0.000000,1,0,8.195788,0.000000
7.980000,4000.000000,0.750000,94.087070,1,1,2,2,0.750000,0.750000,0.750000,0.000000,1.000000,0.000000,0.000000,1.000000,0.000000,9.810000,0.000000,0.000000,1,0,8.189269,0.000000
7.990000,4000.000000,0.750000,94.168900,1,1,2,2,0.750000,0.750000,0.750000,0.000000,1.000000,0.000000,0.000000,1.000000,0.000000,9.810000,0.000000,0.000000,1,0,8.182755,0.000000
8.000000,4000.000000,0.750000,94.250660,1,1,2,2,0.750000,0.750000,0.750000,0.000000,1.000000,0.000000,0.000000,1.000000,0.000000,9.810000,0.000000,0.000000,1,0,8.176245,0.000000
8.010000,4000.000000,0.750000,94.332360,1,1,2,2,0.750000,0.750000,0.750000,0.000000,1.000000,0.000000,0.000000,1.000000,0.000000,9.810000,0.000000,0.000000,1,0,8.169741,0.000000
8.020000,4000.000000,0.750000,94.413990,1,1,2,2,0.750000,0.750000,0.750000,0.000000,1.000000,0.000000,0.000000,1.000000,0.000000,9.810000,0.000000,0.000000,1,0,8.163241,0.000000
8.030000,4000.000000,0.750000,94.495560,1,1,2,2,0.750000,0.750000,0.750000,0.000000,1.000000,0.000000,0.000000,1.000000,0.000000,9.810000,0.000000,0.000000,1,0,8.156747,0.000000
8.040000,4000.000000,0.750000,94.577060,1,1,2,2,0.750000,0.750000,0.750000,0.000000,1.000000,0.000000,0.000000,1.000000,0.000000,9.810000,0.000000,0.000000,1,0,8.150257,0.000000
8.050000,4000.000000,0.750000,94.658500,1,1,2,2,0.750000,0.750000,0.750000,0.000000,1.000000,0.000000,0.000000,1.000000,0.000000,9.810000,0.000000,0.000000,1,0,8.143772,0.000000
8.059999,4000.000000,0.750000,94.739880,1,1,2,2,0.750000,0.750000,0.750000,0.000000,1.000000,0.000000,0.000000,1.000000,0.000000,9.810000,0.000000,0.000000,1,0,8.137292,0.000000
8.070000,4000.000000,0.750000,94.821180,1,1,2,2,0.750000,0.750000,0.750000,0.000000,1.000000,0.000000,0.000000,1.000000,0.000000,9.810000,0.000000,0.000000,1,0,8.130816,0.000000
8.080000,4000.000000,0.750000,94.902430,1,1,2,2,0.750000,0.750000,0.750000,0.000000,1.000000,0.000000,0.000000,1.000000,0.000000,9.810000,0.000000,0.000000,1,0,8.124346,0.000000
8.090000,4000.000000,0.750000,94.983600,1,1,2,2,0.750000,0.750000,0.750000,0.000000,1.000000,0.000000,0.000000,1.000000,0.000000,9.810000,0.000000,0.000000,1,0,8.117880,0.000000
8.099999,4000.000000,0.750000,95.064720,1,1,2,2,0.750000,0.750000,0.750000,0.000000,1.000000,0.000000,0.000000,1.000000,0.000000,9.810000,0.000000,0.000000,1,0,8.111419,0.000000
8.110000,4000.000000,0.750000,95.145770,1,1,2,2,0.750000,0.750000,0.750000,0.000000,1.000000,0.000000,0.000000,1.000000,0.000000,9.810000,0.000000,0.000000,1,0,8.104962,0.000000
8.120000,4000.000000,0.750000,95.226750,1,1,2,2,0.750000,0.750000,0.750000,0.000000,1.000000,0.000000,0.000000,1.000000,0.000000,9.810000,0.000000,0.000000,1,0,8.098511,0.000000
8.130000,4000.000000,0.750000,95.307670,1,1,2,2,0.750000,0.750000,0.750000,0.000000,1.000000,0.000000,0.000000,1.000000,0.000000,9.810000,0.000000,0.000000,1,0,8.092065,0.000000
8.139999,4000.000000,0.750000,95.388530,1,1,2,2,0.750000,0.750000,0.750000,0.000000,1.000000,0.000000,0.000000,1.000000,0.000000,9.810000,0.000000,0.000000,1,0,8.085624,0.000000
8.150000,4000.000000,0.750000,95.469320,1,1,2,2,0.750000,0.750000,0.750000,0.000000,1.000000,0.000000,0.000000,1.000000,0.000000,9.810000,0.000000,0.000000,1,0,8.079187,0.000000
8.160000,4000.000000,0.750000,95.550050,1,1,2,2,0.750000,0.750000,0.750000,0.000000,1.000000,0.000000,0.000000,1.000000,0.000000,9.810000,0.000000,0.000000,1,0,8.072756,0.000000
8.170000,4000.000000,0.750000,95.630710,1,1,2,2,0.750000,0.750000,0.750000,0.000000,1.000000,0.000000,0.000000,1.000000,0.000000,9.810000,0.000000,0.000000,1,0,8.066329,0.000000
8.179999,4000.000000,0.750000,95.711310,1,1,2,2,0.750000,0.750000,0.750000,0.000000,1.000000,0.000000,0.000000,1.000000,0.000000,9.810000,0.000000,0.000000,1,0,8.059907,0.000000
8.190000,4000.000000,0.750000,95.791850,1,1,2,2,0.750000,0.750000,0.750000,0.000000,1.000000,0.000000,0.000000,1.000000,0.000000,9.810000,0.000000,0.000000,1,0,8.053490,0.000000
8.200000,4000.000000,0.750000,95.872310,1,1,2,2,0.750000,0.750000,0.750000,0.000000,1.000000,0.000000,0.000000,1.000000,0.000000,9.810000,0.000000,0.000000,1,0,8.047077,0.000000
8.210000,4000.000000,0.750000,95.952720,1,1,2,2,0.750000,0.750000,0.750000,0.000000,1.000000,0.000000,0.000000,1.000000,0.000000,9.810000,0.000000,0.000000,1,0,8.040669,0.000000
8.220000,4000.000000,0.750000,96.033070,1,1,2,2,0.750000,0.750000,0.750000,0.000000,1.000000,0.000000,0.000000,1.000000,0.000000,9.810000,0.000000,0.000000,1,0,8.034266,0.000000
8.230000,4000.000000,0.750000,96.113340,1,1,2,2,0.750000,0.750000,0.750000,0.000000,1.000000,0.000000,0.000000,1.000000,0.000000,9.810000,0.000000,0.000000,1,0,8.027866,0.000000
8.240000,4000.000000,0.750000,96.193560,1,1,2,2,0.750000,0.750000,0.750000,0.000000,1.000000,0.000000,0.000000,1.000000,0.000000,9.810000,0.000000,0.000000,1,0,8.021472,0.000000
8.250000,4000.000000,0.750000,96.273710,1,1,2,2,0.750000,0.750000,0.750000,0.000000,1.000000,0.000000,0.000000,1.000000,0.000000,9.810000,0.000000,0.000000,1,0,8.015082,0.000000
8.260000,4000.000000,0.750000,96.353800,1,1,2,2,0.750000,0.750000,0.750000,0.000000,1.000000,0.000000,0.000000,1.000000,0.000000,9.810000,0.000000,0.000000,1,0,8.008698,0.000000
8.270000,4000.000000,0.750000,96.433820,1,1,2,2,0.750000,0.750000,0.750000,0.000000,1.000000,0.000000,0.000000,1.000000,0.000000,9.810000,0.000000,0.000000,1,0,8.002317,0.000000
8.280000,4000.000000,0.750000,96.513780,1,1,2,2,0.750000,0.750000,0.750000,0.000000,1.000000,0.000000,0.000000,1.000000,0.000000,9.810000,0.000000,0.000000,1,0,7.995942,0.000000
8.290000,4000.000000,0.750000,96.593670,1,1,2,2,0.750000,0.750000,0.750000,0.000000,1.000000,0.000000,0.000000,1.000000,0.000000,9.810000,0.000000,0.000000,1,0,7.989572,0.000000
8.300000,4000.000000,0.750000,96.673510,1,1,2,2,0.750000,0.750000,0.750000,0.000000,1.000000,0.000000,0.000000,1.000000,0.000000,9.810000,0.000000,0.000000,1,0,7.983206,0.000000
8.309999,4000.000000,0.750000,96.753270,1,1,2,2,0.750000,0.750000,0.750000,0.000000,1.000000,0.000000,0.000000,1.000000,0.000000,9.810000,0.000000,0.000000,1,0,7.976845,0.000000
8.320000,4000.000000,0.750000,96.832980,1,1,2,2,0.750000,0.750000,0.750000,0.000000,1.000000,0.000000,0.000000,1.000000,0.000000,9.810000,0.000000,0.000000,1,0,7.970488,0.000000
8.330000,4000.000000,0.750000,96.912620,1,1,2,2,0.750000,0.750000,0.750000,0.000000,1.000000,0.000000,0.000000,1.000000,0.000000,9.810000,0.000000,0.000000,1,0,7.964136,0.000000
8.340000,4000.000000,0.750000,96.992200,1,1,2,2,0.750000,0.750000,0.750000,0.000000,1.000000,0.000000,0.000000,1.000000,0.000000,9.810000,0.000000,0.000000,1,0,7.957789,0.000000
8.349999,4000.000000,0.750000,97.071710,1,1,2,2,0.750000,0.750000,0.750000,0.000000,1.000000,0.000000,0.000000,1.000000,0.000000,9.810000,0.000000,0.000000,1,0,7.951447,0.000000
8.360000,4000.000000,0.750000,97.151160,1,1,2,2,0.750000,0.750000,0.750000,0.000000,1.000000,0.000000,0.000000,1.000000,0.000000,9.810000,0.000000,0.000000,1,0,7.945108,0.000000
8.370000,4000.000000,0.750000,97.230550,1,1,2,2,0.750000,0.750000,0.750000,0.000000,1.000000,0.000000,0.000000,1.000000,0.000000,9.810000,0.000000,0.000000,1,0,7.938775,0.000000
8.380000,4000.000000,0.750000,97.309880,1,1,2,2,0.750000,0.750000,0.750000,0.000000,1.000000,0.000000,0.000000,1.000000,0.000000,9.810000,0.000000,0.000000,1,0,7.932446,0.000000
8.389999,4000.000000,0.750000,97.389140,1,1,2,2,0.750000,0.750000,0.750000,0.000000,1.000000,0.000000,0.000000,1.000000,0.000000,9.810000,0.000000,0.000000,1,0,7.926122,0.000000
8.400000,4000.000000,0.750000,97.468340,1,1,2,2,0.750000,0.750000,0.750000,0.000000,1.000000,0.000000,0.000000,1.000000,0.000000,9.810000,0.000000,0.000000,1,0,7.919803,0.000000
8.410000,4000.000000,0.750000,97.547470,1,1,2,2,0.750000,0.750000,0.750000,0.000000,1.000000,0.000000,0.000000,1.000000,0.000000,9.810000,0.000000,0.000000,1,0,7.913488,0.000000
8.420000,4000.000000,0.750000,97.626540,1,1,2,2,0.750000,0.750000,0.750000,0.000000,1.000000,0.000000,0.000000,1.000000,0.000000,9.810000,0.000000,0.000000,1,0,7.907177,0.000000
8.429999,4000.000000,0.750000,97.705550,1,1,2,2,0.750000,0.750000,0.750000,0.000000,1.000000,0.000000,0.000000,1.000000,0.000000,9.810000,0.000000,0.000000,1,0,7.900872,0.000000
8.440000,4000.000000,0.750000,97.784500,1,1,2,2,0.750000,0.750000,0.750000,0.000000,1.000000,0.000000,0.000000,1.000000,0.000000,9.810000,0.000000,0.000000,1,0,7.894571,0.000000
8.450000,4000.000000,0.750000,97.863380,1,1,2,2,0.750000,0.750000,0.750000,0.000000,1.000000,0.000000,0.000000,1.000000,0.000000,9.810000,0.000000,0.000000,1,0,7.888274,0.000000
8.460000,4000.000000,0.750000,97.942200,1,1,2,2,0.750000,0.750000,0.750000,0.000000,1.000000,0.000000,0.000000,1.000000,0.000000,9.810000,0.000000,0.000000,1,0,7.881982,0.000000
8.470000,4000.000000,0.750000,98.020960,1,1,2,2,0.750000,0.750000,0.750000,0.000000,1.000000,0.000000,0.000000,1.000000,0.000000,9.810000,0.000000,0.000000,1,0,7.875695,0.000000
8.480000,4000.000000,0.750000,98.099660,1,1,2,2,0.750000,0.750000,0.750000,0.000000,1.000000,0.000000,0.000000,1.000000,0.000000,9.810000,0.000000,0.000000,1,0,7.869412,0.000000
8.490000,4000.000000,0.750000,98.178280,1,1,2,2,0.750000,0.750000,0.750000,0.000000,1.000000,0.000000,0.000000,1.000000,0.000000,9.810000,0.000000,0.000000,1,0,7.863133,0.000000
8.500000,4000.000000,0.750000,98.256850,1,1,2,2,0.750000,0.750000,0.750000,0.000000,1.000000,0.000000,0.000000,1.000000,0.000000,9.810000,0.000000,0.000000,1,0,7.856860,0.000000
8.510000,4000.000000,0.750000,98.335360,1,1,2,2,0.750000,0.750000,0.750000,0.000000,1.000000,0.000000,0.000000,1.000000,0.000000,9.810000,0.000000,0.000000,1,0,7.850590,0.000000
8.520000,4000.000000,0.750000,98.413800,1,1,2,2,0.750000,0.750000,0.750000,0.000000,1.000000,0.000000,0.000000,1.000000,0.000000,9.810000,0.000000,0.000000,1,0,7.844326,0.000000
8.530000,4000.000000,0.750000,98.492190,1,1,2,2,0.750000,0.750000,0.750000,0.000000,1.000000,0.000000,0.000000,1.000000,0.000000,9.810000,0.000000,0.000000,1,0,7.838065,0.000000
8.540000,4000.000000,0.750000,98.570500,1,1,2,2,0.750000,0.750000,0.750000,0.000000,1.000000,0.000000,0.000000,1.000000,0.000000,9.810000,0.000000,0.000000,1,0,7.831810,0.000000
8.550000,4000.000000,0.750000,98.648760,1,1,2,2,0.750000,0.750000,0.750000,0.000000,1.000000,0.000000,0.000000,1.000000,0.000000,9.810000,0.000000,0.000000,1,0,7.825558,0.000000
8.559999,4000.000000,0.750000,98.726950,1,1,2,2,0.750000,0.750000,0.750000,0.000000,1.000000,0.000000,0.000000,1.000000,0.000000,9.810000,0.000000,0.000000,1,0,7.819312,0.000000
8.570000,4000.000000,0.750000,98.805080,1,1,2,2,0.750000,0.750000,0.750000,0.000000,1.000000,0.000000,0.000000,1.000000,0.000000,9.810000,0.000000,0.000000,1,0,7.813069,0.000000
8.580000,4000.000000,0.750000,98.883160,1,1,2,2,0.750000,0.750000,0.750000,0.000000,1.000000,0.000000,0.000000,1.000000,0.000000,9.810000,0.000000,0.000000,1,0,7.806832,0.000000
8.590000,4000.000000,0.750000,98.961160,1,1,2,2,0.750000,0.750000,0.750000,0.000000,1.000000,0.000000,0.000000,1.000000,0.000000,9.810000,0.000000,0.000000,1,0,7.800599,0.000000
8.599999,4000.000000,0.750000,99.039100,1,1,2,2,0.750000,0.750000,0.750000,0.000000,1.000000,0.000000,0.000000,1.000000,0.000000,9.810000,0.000000,0.000000,1,0,7.794370,0.000000
8.610000,4000.000000,0.750000,99.116980,1,1,2,2,0.750000,0.750000,0.750000,0.000000,1.000000,0.000000,0.000000,1.000000,0.000000,9.810000,0.000000,0.000000,1,0,7.788146,0.000000
8.620000,4000.000000,0.750000,99.194800,1,1,2,2,0.750000,0.750000,0.750000,0.000000,1.000000,0.000000,0.000000,1.000000,0.000000,9.810000,0.000000,0.000000,1,0,7.781926,0.000000
8.630000,4000.000000,0.750000,99.272560,1,1,2,2,0.750000,0.750000,0.750000,0.000000,1.000000,0.000000,0.000000,1.000000,0.000000,9.810000,0.000000,0.000000,1,0,7.775710,0.000000
8.639999,4000.000000,0.750000,99.350260,1,1,2,2,0.750000,0.750000,0.750000,0.000000,1.000000,0.000000,0.000000,1.000000,0.000000,9.810000,0.000000,0.000000,1,0,7.769499,0.000000
8.650000,4000.000000,0.750000,99.427890,1,1,2,2,0.750000,0.750000,0.750000,0.000000,1.000000,0.000000,0.000000,1.000000,0.000000,9.810000,0.000000,0.000000,1,0,7.763293,0.000000
8.660000,4000.000000,0.750000,99.505460,1,1,2,2,0.750000,0.750000,0.750000,0.000000,1.000000,0.000000,0.000000,1.000000,0.000000,9.810000,0.000000,0.000000,1,0,7.757091,0.000000
8.670000,4000.000000,0.750000,99.582970,1,1,2,2,0.750000,0.750000,0.750000,0.000000,1.000000,0.000000,0.000000,1.000000,0.000000,9.810000,0.000000,0.000000,1,0,7.750893,0.000000
8.679999,4000.000000,0.750000,99.660420,1,1,2,2,0.750000,0.750000,0.750000,0.000000,1.000000,0.000000,0.000000,1.000000,0.000000,9.810000,0.000000,0.000000,1,0,7.744700,0.000000
8.690000,4000.000000,0.750000,99.737800,1,1,2,2,0.750000,0.750000,0.750000,0.000000,1.000000,0.000000,0.000000,1.000000,0.000000,9.810000,0.000000,0.000000,1,0,7.738511,0.000000
8.700000,4000.000000,0.750000,99.815120,1,1,2,2,0.750000,0.750000,0.750000,0.000000,1.000000,0.000000,0.000000,1.000000,0.000000,9.810000,0.000000,0.000000,1,0,7.732327,0.000000
8.710000,4000.000000,0.750000,99.892390,1,1,2,2,0.750000,0.750000,0.750000,0.000000,1.000000,0.000000,0.000000,1.000000,0.000000,9.810000,0.000000,0.000000,1,0,7.726146,0.000000
8.720000,4000.000000,0.750000,99.969590,1,1,2,2,0.750000,0.750000,0.750000,0.000000,1.000000,0.000000,0.000000,1.000000,0.000000,9.810000,0.000000,0.000000,1,0,7.719971,0.000000
8.730000,4000.000000,0.750000,100.046700,1,1,2,2,0.750000,0.750000,0.750000,0.000000,1.000000,0.000000,0.000000,1.000000,0.000000,9.810000,0.000000,0.000000,1,0,7.713799,0.000000
8.740000,4000.000000,0.750000,100.123800,1,1,2,2,0.750000,0.750000,0.750000,0.000000,1.000000,0.000000,0.000000,1.000000,0.000000,9.810000,0.000000,0.000000,1,0,7.707633,0.000000
8.750000,4000.000000,0.750000,100.200800,1,1,2,2,0.750000,0.750000,0.750000,0.000000,1.000000,0.000000,0.000000,1.000000,0.000000,9.810000,0.000000,0.000000,1,0,7.701470,0.000000
8.760000,4000.000000,0.750000,100.277800,1,1,2,2,0.750000,0.750000,0.750000,0.000000,1.000000,0.000000,0.000000,1.000000,0.000000,9.810000,0.000000,0.000000,1,0,7.695312,0.000000
8.770000,4000.000000,0.750000,100.354700,1,1,2,2,0.750000,0.750000,0.750000,0.000000,1.000000,0.000000,0.000000,1.000000,0.000000,9.810000,0.000000,0.000000,1,0,7.689158,0.000000
8.780000,4000.000000,0.750000,100.431500,1,1,2,2,0.750000,0.750000,0.750000,0.000000,1.000000,0.000000,0.000000,1.000000,0.000000,9.810000,0.000000,0.000000,1,0,7.683009,0.000000
8.790000,4000.000000,0.750000,100.508300,1,1,2,2,0.750000,0.750000,0.750000,0.000000,1.000000,0.000000,0.000000,1.000000,0.000000,9.810000,0.000000,0.000000,1,0,7.676864,0.000000
8.800000,4000.000000,0.750000,100.585000,1,1,2,2,0.750000,0.750000,0.750000,0.000000,1.000000,0.000000,0.000000,1.000000,0.000000,9.810000,0.000000,0.000000,1,0,7.670723,0.000000
8.809999,4000.000000,0.750000,100.661600,1,1,2,2,0.750000,0.750000,0.750000,0.000000,1.000000,0.000000,0.000000,1.000000,0.000000,9.810000,0.000000,0.000000,1,0,7.664587,0.000000
8.820000,4000.000000,0.750000,100.738200,1,1,2,2,0.750000,0.750000,0.750000,0.000000,1.000000,0.000000,0.000000,1.000000,0.000000,9.810000,0.000000,0.000000,1,0,7.658454,0.000000
8.830000,4000.000000,0.750000,100.814700,1,1,2,2,0.750000,0.750000,0.750000,0.000000,1.000000,0.000000,0.000000,1.000000,0.000000,9.810000,0.000000,0.000000,1,0,7.652327,0.000000
8.840000,4000.000000,0.750000,100.891200,1,1,2,2,0.750000,0.750000,0.750000,0.000000,1.000000,0.000000,0.000000,1.000000,0.000000,9.810000,0.000000,0.000000,1,0,7.646203,0.000000
8.849999,4000.000000,0.750000,100.967600,1,1,2,2,0.750000,0.750000,0.750000,0.000000,1.000000,0.000000,0.000000,1.000000,0.000000,9.810000,0.000000,0.000000,1,0,7.640084,0.000000
8.860000,4000.000000,0.750000,101.043900,1,1,2,2,0.750000,0.750000,0.750000,0.000000,1.000000,0.000000,0.000000,1.000000,0.000000,9.810000,0.000000,0.000000,1,0,7.633969,0.000000
8.870000,4000.000000,0.750000,101.120200,1,1,2,2,0.750000,0.750000,0.750000,0.000000,1.000000,0.000000,0.000000,1.000000,0.000000,9.810000,0.000000,0.000000,1,0,7.627858,0.000000
8.880000,4000.000000,0.750000,101.196400,1,1,2,2,0.750000,0.750000,0.750000,0.000000,1.000000,0.000000,0.000000,1.000000,0.000000,9.810000,0.000000,0.000000,1,0,7.621752,0.000000
8.889999,4000.000000,0.750000,101.272600,1,1,2,2,0.750000,0.750000,0.750000,0.000000,1.000000,0.000000,0.000000,1.000000,0.000000,9.810000,0.000000,0.000000,1,0,7.615650,0.000000
8.900000,4000.000000,0.750000,101.348700,1,1,2,2,0.750000,0.750000,0.750000,0.000000,1.000000,0.000000,0.000000,1.000000,0.000000,9.810000,0.000000,0.000000,1,0,7.609552,0.000000
8.910000,4000.000000,0.750000,101.424700,1,1,2,2,0.750000,0.750000,0.750000,0.000000,1.000000,0.000000,0.000000,1.000000,0.000000,9.810000,0.000000,0.000000,1,0,7.603458,0.000000
8.920000,4000.000000,0.750000,101.500700,1,1,2,2,0.750000,0.750000,0.750000,0.000000,1.000000,0.000000,0.000000,1.000000,0.000000,9.810000,0.000000,0.000000,1,0,7.597369,0.000000
8.929999,4000.000000,0.750000,101.576600,1,1,2,2,0.750000,0.750000,0.750000,0.000000,1.000000,0.000000,0.000000,1.000000,0.000000,9.810000,0.000000,0.000000,1,0,7.591284,0.000000
8.940000,4000.000000,0.750000,101.652400,1,1,2,2,0.750000,0.750000,0.750000,0.000000,1.000000,0.000000,0.000000,1.000000,0.000000,9.810000,0.000000,0.000000,1,0,7.585204,0.000000
8.950000,4000.000000,0.750000,101.728200,1,1,2,2,0.750000,0.750000,0.750000,0.000000,1.000000,0.000000,0.000000,1.000000,0.000000,9.810000,0.000000,0.000000,1,0,7.579127,0.000000
8.960000,4000.000000,0.750000,101.804000,1,1,2,2,0.750000,0.750000,0.750000,0.000000,1.000000,0.000000,0.000000,1.000000,0.000000,9.810000,0.000000,0.000000,1,0,7.573055,0.000000
8.970000,4000.000000,0.750000,101.879600,1,1,2,2,0.750000,0.750000,0.750000,0.000000,1.000000,0.000000,0.000000,1.000000,0.000000,9.810000,0.000000,0.000000,1,0,7.566987,0.000000
8.980000,4000.000000,0.750000,101.955200,1,1,2,2,0.750000,0.750000,0.750000,0.000000,1.000000,0.000000,0.000000,1.000000,0.000000,9.810000,0.000000,0.000000,1,0,7.560923,0.000000
8.990000,4000.000000,0.750000,102.030800,1,1,2,2,0.750000,0.750000,0.750000,0.000000,1.000000,0.000000,0.000000,1.000000,0.000000,9.810000,0.000000,0.000000,1,0,7.554863,0.000000
9.000000,4000.000000,0.750000,102.106300,1,1,2,2,0.750000,0.750000,0.750000,0.000000,1.000000,0.000000,0.000000,1.000000,0.000000,9.810000,0.000000,0.000000,1,0,7.548808,0.000000
9.010000,4000.000000,0.750000,102.181700,1,1,2,2,0.750000,0.750000,0.750000,0.000000,1.000000,0.000000,0.000000,1.000000,0.000000,9.810000,0.000000,0.000000,1,0,7.542757,0.000000
9.020000,4000.000000,0.750000,102.257100,1,1,2,2,0.750000,0.750000,0.750000,0.000000,1.000000,0.000000,0.000000,1.000000,0.000000,9.810000,0.000000,0.000000,1,0,7.536709,0.000000
9.030000,4000.000000,0.750000,102.332400,1,1,2,2,0.750000,0.750000,0.750000,0.000000,1.000000,0.000000,0.000000,1.000000,0.000000,9.810000,0.000000,0.000000,1,0,7.530666,0.000000
9.040000,4000.000000,0.750000,102.407600,1,1,2,2,0.750000,0.750000,0.750000,0.000000,1.000000,0.000000,0.000000,1.000000,0.000000,9.810000,0.000000,0.000000,1,0,7.524628,0.000000
9.050000,4000.000000,0.750000,102.482800,1,1,2,2,0.750000,0.750000,0.750000,0.000000,1.000000,0.000000,0.000000,1.000000,0.000000,9.810000,0.000000,0.000000,1,0,7.518593,0.000000
9.059999,4000.000000,0.750000,102.557900,1,1,2,2,0.750000,0.750000,0.750000,0.000000,1.000000,0.000000,0.000000,1.000000,0.000000,9.810000,0.000000,0.000000,1,0,7.512563,0.000000
9.070000,4000.000000,0.750000,102.633000,1,1,2,2,0.750000,0.750000,0.750000,0.000000,1.000000,0.000000,0.000000,1.000000,0.000000,9.810000,0.000000,0.000000,1,0,7.506537,0.000000
9.080000,4000.000000,0.750000,102.708000,1,1,2,2,0.750000,0.750000,0.750000,0.000000,1.000000,0.000000,0.000000,1.000000,0.000000,9.810000,0.000000,0.000000,1,0,7.500515,0.000000
9.090000,4000.000000,0.750000,102.782900,1,1,2,2,0.750000,0.750000,0.750000,0.000000,1.000000,0.000000,0.000000,1.000000,0.000000,9.810000,0.000000,0.000000,1,0,7.494497,0.000000
9.099999,4000.000000,0.750000,102.857800,1,1,2,2,0.750000,0.750000,0.750000,0.000000,1.000000,0.000000,0.000000,1.000000,0.000000,9.810000,0.000000,0.000000,1,0,7.488483,0.000000
9.110000,4000.000000,0.750000,102.932600,1,1,2,2,0.750000,0.750000,0.750000,0.000000,1.000000,0.000000,0.000000,1.000000,0.000000,9.810000,0.000000,0.000000,1,0,7.482474,0.000000
9.120000,4000.000000,0.750000,103.007400,1,1,2,2,0.750000,0.750000,0.750000,0.000000,1.000000,0.000000,0.000000,1.000000,0.000000,9.810000,0.000000,0.000000,1,0,7.476469,0.000000
9.130000,4000.000000,0.750000,103.082100,1,1,2,2,0.750000,0.750000,0.750000,0.000000,1.000000,0.000000,0.000000,1.000000,0.000000,9.810000,0.000000,0.000000,1,0,7.470467,0.000000
9.139999,4000.000000,0.750000,103.156800,1,1,2,2,0.750000,0.750000,0.750000,0.000000,1.000000,0.000000,0.000000,1.000000,0.000000,9.810000,0.000000,0.000000,1,0,7.464470,0.000000
9.150000,4000.000000,0.750000,103.231400,1,1,2,2,0.750000,0.750000,0.750000,0.000000,1.000000,0.000000,0.000000,1.000000,0.000000,9.810000,0.000000,0.000000,1,0,7.458477,0.000000
9.160000,4000.000000,0.750000,103.305900,1,1,2,2,0.750000,0.750000,0.750000,0.000000,1.000000,0.000000,0.000000,1.000000,0.000000,9.810000,0.000000,0.000000,1,0,7.452488,0.000000
9.170000,4000.000000,0.750000,103.380300,1,1,2,2,0.750000,0.750000,0.750000,0.000000,1.000000,0.000000,0.000000,1.000000,0.000000,9.810000,0.000000,0.000000,1,0,7.446503,0.000000
9.179999,4000.000000,0.750000,103.454700,1,1,2,2,0.750000,0.750000,0.750000,0.000000,1.000000,0.000000,0.000000,1.000000,0.000000,9.810000,0.000000,0.000000,1,0,7.440522,0.000000
9.190000,4000.000000,0.750000,103.529100,1,1,2,2,0.750000,0.750000,0.750000,0.000000,1.000000,0.000000,0.000000,1.000000,0.000000,9.810000,0.000000,0.000000,1,0,7.434546,0.000000
9.200000,4000.000000,0.750000,103.603400,1,1,2,2,0.750000,0.750000,0.750000,0.000000,1.000000,0.000000,0.000000,1.000000,0.000000,9.810000,0.000000,0.000000,1,0,7.428573,0.000000
9.210000,4000.000000,0.750000,103.677600,1,1,2,2,0.750000,0.750000,0.750000,0.000000,1.000000,0.000000,0.000000,1.000000,0.000000,9.810000,0.000000,0.000000,1,0,7.422605,0.000000
9.220000,4000.000000,0.750000,103.751800,1,1,2,2,0.750000,0.750000,0.750000,0.000000,1.000000,0.000000,0.000000,1.000000,0.000000,9.810000,0.000000,0.000000,1,0,7.416640,0.000000
9.230000,4000.000000,0.750000,103.825900,1,1,2,2,0.750000,0.750000,0.750000,0.000000,1.000000,0.000000,0.000000,1.000000,0.000000,9.810000,0.000000,0.000000,1,0,7.410680,0.000000
9.240000,4000.000000,0.750000,103.899900,1,1,2,2,0.750000,0.750000,0.750000,0.000000,1.000000,0.000000,0.000000,1.000000,0.000000,9.810000,0.000000,0.000000,1,0,7.404724,0.000000
9.250000,4000.000000,0.750000,103.973900,1,1,2,2,0.750000,0.750000,0.750000,0.000000,1.000000,0.000000,0.000000,1.000000,0.000000,9.810000,0.000000,0.000000,1,0,7.398771,0.000000
9.260000,4000.000000,0.750000,104.047800,1,1,2,2,0.750000,0.750000,0.750000,0.000000,1.000000,0.000000,0.000000,1.000000,0.000000,9.810000,0.000000,0.000000,1,0,7.392823,0.000000
9.270000,4000.000000,0.750000,104.121700,1,1,2,2,0.750000,0.750000,0.750000,0.000000,1.000000,0.000000,0.000000,1.000000,0.000000,9.810000,0.000000,0.000000,1,0,7.386879,0.000000
9.280000,4000.000000,0.750000,104.195500,1,1,2,2,0.750000,0.750000,0.750000,0.000000,1.000000,0.000000,0.000000,1.000000,0.000000,9.810000,0.000000,0.000000,1,0,7.380939,0.000000
9.290000,4000.000000,0.750000,104.269300,1,1,2,2,0.750000,0.750000,0.750000,0.000000,1.000000,0.000000,0.000000,1.000000,0.000000,9.810000,0.000000,0.000000,1,0,7.375003,0.000000
9.300000,4000.000000,0.750000,104.343000,1,1,2,2,0.750000,0.750000,0.750000,0.000000,1.000000,0.000000,0.000000,1.000000,0.000000,9.810000,0.000000,0.000000,1,0,7.369071,0.000000
9.309999,4000.000000,0.750000,104.416600,1,1,2,2,0.750000,0.750000,0.750000,0.000000,1.000000,0.000000,0.000000,1.000000,0.000000,9.810000,0.000000,0.000000,1,0,7.363143,0.000000
9.320000,4000.000000,0.750000,104.490200,1,1,2,2,0.750000,0.750000,0.750000,0.000000,1.000000,0.000000,0.000000,1.000000,0.000000,9.810000,0.000000,0.000000,1,0,7.357219,0.000000
9.330000,4000.000000,0.750000,104.563700,1,1,2,2,0.750000,0.750000,0.750000,0.000000,1.000000,0.000000,0.000000,1.000000,0.000000,9.810000,0.000000,0.000000,1,0,7.351299,0.000000
9.340000,4000.000000,0.750000,104.637100,1,1,2,2,0.750000,0.750000,0.750000,0.000000,1.000000,0.000000,0.000000,1.000000,0.000000,9.810000,0.000000,0.000000,1,0,7.345383,0.000000
9.349999,4000.000000,0.750000,104.710500,1,1,2,2,0.750000,0.750000,0.750000,0.000000,1.000000,0.000000,0.000000,1.000000,0.000000,9.810000,0.000000,0.000000,1,0,7.339471,0.000000
9.360000,4000.000000,0.750000,104.783900,1,1,2,2,0.750000,0.750000,0.750000,0.000000,1.000000,0.000000,0.000000,1.000000,0.000000,9.810000,0.000000,0.000000,1,0,7.333563,0.000000
9.370000,4000.000000,0.750000,104.857100,1,1,2,2,0.750000,0.750000,0.750000,0.000000,1.000000,0.000000,0.000000,1.000000,0.000000,9.810000,0.000000,0.000000,1,0,7.327659,0.000000
9.380000,4000.000000,0.750000,104.930400,1,1,2,2,0.750000,0.750000,0.750000,0.000000,1.000000,0.000000,0.000000,1.000000,0.000000,9.810000,0.000000,0.000000,1,0,7.321759,0.000000
9.389999,4000.000000,0.750000,105.003500,1,1,2,2,0.750000,0.750000,0.750000,0.000000,1.000000,0.000000,0.000000,1.000000,0.000000,9.810000,0.000000,0.000000,1,0,7.315863,0.000000
9.400000,4000.000000,0.750000,105.076600,1,1,2,2,0.750000,0.750000,0.750000,0.000000,1.000000,0.000000,0.000000,1.000000,0.000000,9.810000,0.000000,0.000000,1,0,7.309970,0.000000
9.410000,4000.000000,0.750000,105.149700,1,1,2,2,0.750000,0.750000,0.750000,0.000000,1.000000,0.000000,0.000000,1.000000,0.000000,9.810000,0.000000,0.000000,1,0,7.304082,0.000000
9.420000,4000.000000,0.750000,105.222600,1,1,2,2,0.750000,0.750000,0.750000,0.000000,1.000000,0.000000,0.000000,1.000000,0.000000,9.810000,0.000000,0.000000,1,0,7.298198,0.000000
9.429999,4000.000000,0.750000,105.295600,1,1,2,2,0.750000,0.750000,0.750000,0.000000,1.000000,0.000000,0.000000,1.000000,0.000000,9.810000,0.000000,0.000000,1,0,7.292318,0.000000
9.440000,4000.000000,0.750000,105.368400,1,1,2,2,0.750000,0.750000,0.750000,0.000000,1.000000,0.000000,0.000000,1.000000,0.000000,9.810000,0.000000,0.000000,1,0,7.286441,0.000000
9.450000,4000.000000,0.750000,105.441200,1,1,2,2,0.750000,0.750000,0.750000,0.000000,1.000000,0.000000,0.000000,1.000000,0.000000,9.810000,0.000000,0.000000,1,0,7.280569,0.000000
9.460000,4000.000000,0.750000,105.514000,1,1,2,2,0.750000,0.750000,0.750000,0.000000,1.000000,0.000000,0.000000,1.000000,0.000000,9.810000,0.000000,0.000000,1,0,7.274701,0.000000
9.469999,4000.000000,0.750000,105.586700,1,1,2,2,0.750000,0.750000,0.750000,0.000000,1.000000,0.000000,0.000000,1.000000,0.000000,9.810000,0.000000,0.000000,1,0,7.268836,0.000000
9.480000,4000.000000,0.750000,105.659300,1,1,2,2,0.750000,0.750000,0.750000,0.000000,1.000000,0.000000,0.000000,1.000000,0.000000,9.810000,0.000000,0.000000,1,0,7.262975,0.000000
9.490000,4000.000000,0.750000,105.731900,1,1,2,2,0.750000,0.750000,0.750000,0.000000,1.000000,0.000000,0.000000,1.000000,0.000000,9.810000,0.000000,0.000000,1,0,7.257119,0.000000
9.500000,4000.000000,0.750000,105.804400,1,1,2,2,0.750000,0.750000,0.750000,0.000000,1.000000,0.000000,0.000000,1.000000,0.000000,9.810000,0.000000,0.000000,1,0,7.251266,0.000000
9.510000,4000.000000,0.750000,105.876800,1,1,2,2,0.750000,0.750000,0.750000,0.000000,1.000000,0.000000,0.000000,1.000000,0.000000,9.810000,0.000000,0.000000,1,0,7.245417,0.000000
9.520000,4000.000000,0.750000,105.949200,1,1,2,2,0.750000,0.750000,0.750000,0.000000,1.000000,0.000000,0.000000,1.000000,0.000000,9.810000,0.000000,0.000000,1,0,7.239572,0.000000
9.530000,4000.000000,0.750000,106.021600,1,1,2,2,0.750000,0.750000,0.750000,0.000000,1.000000,0.000000,0.000000,1.000000,0.000000,9.810000,0.000000,0.000000,1,0,7.233731,0.000000
9.540000,4000.000000,0.750000,106.093800,1,1,2,2,0.750000,0.750000,0.750000,0.000000,1.000000,0.000000,0.000000,1.000000,0.000000,9.810000,0.000000,0.000000,1,0,7.227893,0.000000
9.550000,4000.000000,0.750000,106.166100,1,1,2,2,0.750000,0.750000,0.750000,0.000000,1.000000,0.000000,0.000000,1.000000,0.000000,9.810000,0.000000,0.000000,1,0,7.222060,0.000000
9.559999,4000.000000,0.750000,106.238200,1,1,2,2,0.750000,0.750000,0.750000,0.000000,1.000000,0.000000,0.000000,1.000000,0.000000,9.810000,0.000000,0.000000,1,0,7.216231,0.000000
9.570000,4000.000000,0.750000,106.310300,1,1,2,2,0.750000,0.750000,0.750000,0.000000,1.000000,0.000000,0.000000,1.000000,0.000000,9.810000,0.000000,0.000000,1,0,7.210405,0.000000
9.580000,4000.000000,0.750000,106.382400,1,1,2,2,0.750000,0.750000,0.750000,0.000000,1.000000,0.000000,0.000000,1.000000,0.000000,9.810000,0.000000,0.000000,1,0,7.204584,0.000000
9.590000,4000.000000,0.750000,106.454400,1,1,2,2,0.750000,0.750000,0.750000,0.000000,1.000000,0.000000,0.000000,1.000000,0.000000,9.810000,0.000000,0.000000,1,0,7.198766,0.000000
9.599999,4000.000000,0.750000,106.526300,1,1,2,2,0.750000,0.750000,0.750000,0.000000,1.000000,0.000000,0.000000,1.000000,0.000000,9.810000,0.000000,0.000000,1,0,7.192952,0.000000
9.610000,4000.000000,0.750000,106.598200,1,1,2,2,0.750000,0.750000,0.750000,0.000000,1.000000,0.000000,0.000000,1.000000,0.000000,9.810000,0.000000,0.000000,1,0,7.187141,0.000000
9.620000,4000.000000,0.750000,106.670000,1,1,2,2,0.750000,0.750000,0.750000,0.000000,1.000000,0.000000,0.000000,1.000000,0.000000,9.810000,0.000000,0.000000,1,0,7.181335,0.000000
9.630000,4000.000000,0.750000,106.741700,1,1,2,2,0.750000,0.750000,0.750000,0.000000,1.000000,0.000000,0.000000,1.000000,0.000000,9.810000,0.000000,0.000000,1,0,7.175532,0.000000
9.639999,4000.000000,0.750000,106.813400,1,1,2,2,0.750000,0.750000,0.750000,0.000000,1.000000,0.000000,0.000000,1.000000,0.000000,9.810000,0.000000,0.000000,1,0,7.169734,0.000000
9.650000,4000.000000,0.750000,106.885100,1,1,2,2,0.750000,0.750000,0.750000,0.000000,1.000000,0.000000,0.000000,1.000000,0.000000,9.810000,0.000000,0.000000,1,0,7.163939,0.000000
9.660000,4000.000000,0.750000,106.956600,1,1,2,2,0.750000,0.750000,0.750000,0.000000,1.000000,0.000000,0.000000,1.000000,0.000000,9.810000,0.000000,0.000000,1,0,7.158147,0.000000
9.670000,4000.000000,0.750000,107.028200,1,1,2,2,0.750000,0.750000,0.750000,0.000000,1.000000,0.000000,0.000000,1.000000,0.000000,9.810000,0.000000,0.000000,1,0,7.152360,0.000000
9.679999,4000.000000,0.750000,107.099600,1,1,2,2,0.750000,0.750000,0.750000,0.000000,1.000000,0.000000,0.000000,1.000000,0.000000,9.810000,0.000000,0.000000,1,0,7.146576,0.000000
9.690000,4000.000000,0.750000,107.171100,1,1,2,2,0.750000,0.750000,0.750000,0.000000,1.000000,0.000000,0.000000,1.000000,0.000000,9.810000,0.000000,0.000000,1,0,7.140797,0.000000
9.700000,4000.000000,0.750000,107.242400,1,1,2,2,0.750000,0.750000,0.750000,0.000000,1.000000,0.000000,0.000000,1.000000,0.000000,9.810000,0.000000,0.000000,1,0,7.135021,0.000000
9.710000,4000.000000,0.750000,107.313700,1,1,2,2,0.750000,0.750000,0.750000,0.000000,1.000000,0.000000,0.000000,1.000000,0.000000,9.810000,0.000000,0.000000,1,0,7.129249,0.000000
9.719999,4000.000000,0.750000,107.384900,1,1,2,2,0.750000,0.750000,0.750000,0.000000,1.000000,0.000000,0.000000,1.000000,0.000000,9.810000,0.000000,0.000000,1,0,7.123480,0.000000
9.730000,4000.000000,0.750000,107.456100,1,1,2,2,0.750000,0.750000,0.750000,0.000000,1.000000,0.000000,0.000000,1.000000,0.000000,9.810000,0.000000,0.000000,1,0,7.117716,0.000000
9.740000,4000.000000,0.750000,107.527200,1,1,2,2,0.750000,0.750000,0.750000,0.000000,1.000000,0.000000,0.000000,1.000000,0.000000,9.810000,0.000000,0.000000,1,0,7.111955,0.000000
9.750000,4000.000000,0.750000,107.598300,1,1,2,2,0.750000,0.750000,0.750000,0.000000,1.000000,0.000000,0.000000,1.000000,0.000000,9.810000,0.000000,0.000000,1,0,7.106198,0.000000
9.760000,4000.000000,0.750000,107.669300,1,1,2,2,0.750000,0.750000,0.750000,0.000000,1.000000,0.000000,0.000000,1.000000,0.000000,9.810000,0.000000,0.000000,1,0,7.100445,0.000000
9.770000,4000.000000,0.750000,107.740200,1,1,2,2,0.750000,0.750000,0.750000,0.000000,1.000000,0.000000,0.000000,1.000000,0.000000,9.810000,0.000000,0.000000,1,0,7.094696,0.000000
9.780000,4000.000000,0.750000,107.811100,1,1,2,2,0.750000,0.750000,0.750000,0.000000,1.000000,0.000000,0.000000,1.000000,0.000000,9.810000,0.000000,0.000000,1,0,7.088950,0.000000
9.790000,4000.000000,0.750000,107.882000,1,1,2,2,0.750000,0.750000,0.750000,0.000000,1.000000,0.000000,0.000000,1.000000,0.000000,9.810000,0.000000,0.000000,1,0,7.083208,0.000000
9.800000,4000.000000,0.750000,107.952700,1,1,2,2,0.750000,0.750000,0.750000,0.000000,1.000000,0.000000,0.000000,1.000000,0.000000,9.810000,0.000000,0.000000,1,0,7.077469,0.000000
9.809999,4000.000000,0.750000,108.023500,1,1,2,2,0.750000,0.750000,0.750000,0.000000,1.000000,0.000000,0.000000,1.000000,0.000000,9.810000,0.000000,0.000000,1,0,7.071735,0.000000
9.820000,4000.000000,0.750000,108.094100,1,1,2,2,0.750000,0.750000,0.750000,0.000000,1.000000,0.000000,0.000000,1.000000,0.000000,9.810000,0.000000,0.000000,1,0,7.066004,0.000000
9.830000,4000.000000,0.750000,108.164700,1,1,2,2,0.750000,0.750000,0.750000,0.000000,1.000000,0.000000,0.000000,1.000000,0.000000,9.810000,0.000000,0.000000,1,0,7.060277,0.000000
9.840000,4000.000000,0.750000,108.235300,1,1,2,2,0.750000,0.750000,0.750000,0.000000,1.000000,0.000000,0.000000,1.000000,0.000000,9.810000,0.000000,0.000000,1,0,7.054554,0.000000
9.849999,4000.000000,0.750000,108.305800,1,1,2,2,0.750000,0.750000,0.750000,0.000000,1.000000,0.000000,0.000000,1.000000,0.000000,9.810000,0.000000,0.000000,1,0,7.048834,0.000000
9.860000,4000.000000,0.750000,108.376200,1,1,2,2,0.750000,0.750000,0.750000,0.000000,1.000000,0.000000,0.000000,1.000000,0.000000,9.810000,0.000000,0.000000,1,0,7.043118,0.000000
9.870000,4000.000000,0.750000,108.446600,1,1,2,2,0.750000,0.750000,0.750000,0.000000,1.000000,0.000000,0.000000,1.000000,0.000000,9.810000,0.000000,0.000000,1,0,7.037406,0.000000
9.880000,4000.000000,0.750000,108.516900,1,1,2,2,0.750000,0.750000,0.750000,0.000000,1.000000,0.000000,0.000000,1.000000,0.000000,9.810000,0.000000,0.000000,1,0,7.031697,0.000000
9.889999,4000.000000,0.750000,108.587100,1,1,2,2,0.750000,0.750000,0.750000,0.000000,1.000000,0.000000,0.000000,1.000000,0.000000,9.810000,0.000000,0.000000,1,0,7.025992,0.000000
9.900000,4000.000000,0.750000,108.657300,1,1,2,2,0.750000,0.750000,0.750000,0.000000,1.000000,0.000000,0.000000,1.000000,0.000000,9.810000,0.000000,0.000000,1,0,7.020291,0.000000
9.910000,4000.000000,0.750000,108.727500,1,1,2,2,0.750000,0.750000,0.750000,0.000000,1.000000,0.000000,0.000000,1.000000,0.000000,9.810000,0.000000,0.000000,1,0,7.014594,0.000000
9.920000,4000.000000,0.750000,108.797600,1,1,2,2,0.750000,0.750000,0.750000,0.000000,1.000000,0.000000,0.000000,1.000000,0.000000,9.810000,0.000000,0.000000,1,0,7.008900,0.000000
9.929999,4000.000000,0.750000,108.867600,1,1,2,2,0.750000,0.750000,0.750000,0.000000,1.000000,0.000000,0.000000,1.000000,0.000000,9.810000,0.000000,0.000000,1,0,7.003210,0.000000
9.940000,4000.000000,0.750000,108.937600,1,1,2,2,0.750000,0.750000,0.750000,0.000000,1.000000,0.000000,0.000000,1.000000,0.000000,9.810000,0.000000,0.000000,1,0,6.997523,0.000000
9.950000,4000.000000,0.750000,109.007500,1,1,2,2,0.750000,0.750000,0.750000,0.000000,1.000000,0.000000,0.000000,1.000000,0.000000,9.810000,0.000000,0.000000,1,0,6.991840,0.000000
9.960000,4000.000000,0.750000,109.077400,1,1,2,2,0.750000,0.750000,0.750000,0.000000,1.000000,0.000000,0.000000,1.000000,0.000000,9.810000,0.000000,0.000000,1,0,6.986161,0.000000
9.969999,4000.000000,0.750000,109.147200,1,1,2,2,0.750000,0.750000,0.750000,0.000000,1.000000,0.000000,0.000000,1.000000,0.000000,9.810000,0.000000,0.000000,1,0,6.980486,0.000000
9.980000,4000.000000,0.750000,109.216900,1,1,2,2,0.750000,0.750000,0.750000,0.000000,1.000000,0.000000,0.000000,1.000000,0.000000,9.810000,0.000000,0.000000,1,0,6.974814,0.000000
9.990000,4000.000000,0.750000,109.286600,1,1,2,2,0.750000,0.750000,0.750000,0.000000,1.000000,0.000000,0.000000,1.000000,0.000000,9.810000,0.000000,0.000000,1,0,6.969146,0.000000
