time,x,y,z,leftRaw,rightRaw,left,right,leftSamples,rightSamples,leftRawHeight,rightRawHeight,leftHeight,rightHeight,height,rawNx,rawNy,rawNz,filteredNx,filteredNy,filteredNz,supportNx,supportNy,supportNz,supportAcceleration,verticalVelocity,normalVelocity,grounded,transitions,speed,lateralAcceleration,rail,bailed
0.000000,270.000000,80.270920,2.168111,1,1,1,1,2,2,0.749985,0.749999,0.750003,0.750003,0.750003,0.000000,0.974555,0.224150,0.000000,0.974555,0.224148,0.000000,0.974555,0.224148,9.559893,-3.586363,0.000000,1,1,16.000000,0.000000,0,0
0.010000,270.000000,80.235040,2.324106,1,1,1,1,2,2,0.750002,0.750002,0.750003,0.750003,0.750003,0.000000,0.974555,0.224150,0.000000,0.974555,0.224148,0.000000,0.974555,0.224148,9.560027,-3.587891,-0.000005,1,1,16.006800,0.000000,0,0
0.020000,270.000000,80.199140,2.480167,1,1,1,1,2,2,0.749990,0.750002,0.749999,0.749999,0.749999,0.000000,0.974552,0.224163,0.000000,0.974555,0.224148,0.000000,0.974555,0.224148,9.560783,-3.589416,-0.000008,1,1,16.013580,0.000000,0,0
0.030000,270.000000,80.163230,2.636294,1,1,1,1,2,2,0.750003,0.750003,0.749995,0.749995,0.749995,0.000000,0.974558,0.224137,0.000000,0.974555,0.224148,0.000000,0.974555,0.224148,9.561350,-3.590930,-0.000004,1,1,16.020360,0.000000,0,0
0.040000,270.000000,80.127300,2.792488,1,1,1,1,2,2,0.749981,0.749981,0.749995,0.749995,0.749995,0.000000,0.974553,0.224156,0.000000,0.974555,0.224148,0.000000,0.974555,0.224148,9.561108,-3.592437,0.000005,1,1,16.027120,0.000000,0,0
0.050000,270.000000,80.091360,2.948747,1,1,1,1,2,2,0.749980,0.749992,0.749992,0.749992,0.749992,0.000000,0.974558,0.224138,0.000000,0.974555,0.224148,0.000000,0.974555,0.224148,9.561589,-3.593944,0.000013,1,1,16.033880,0.000000,0,0
0.060000,270.000000,80.055400,3.105072,1,1,1,1,2,2,0.749985,0.749985,0.749992,0.749992,0.749992,0.000000,0.974552,0.224163,0.000000,0.974555,0.224148,0.000000,0.974555,0.224148,9.561285,-3.595444,0.000025,1,1,16.040620,0.000000,0,0
0.070000,270.000000,80.019430,3.261462,1,1,1,1,2,2,0.749986,0.749986,0.749988,0.749988,0.749988,0.000000,0.974552,0.224160,0.000000,0.974555,0.224148,0.000000,0.974555,0.224148,9.561739,-3.596946,0.000034,1,1,16.047360,0.000000,0,0
0.080000,270.000000,79.983440,3.417918,1,1,1,1,2,2,0.749990,0.749988,0.749984,0.749984,0.749984,0.000000,0.974555,0.224148,0.000000,0.974555,0.224148,0.000000,0.974555,0.224148,9.562057,-3.598440,0.000047,1,1,16.054080,0.000000,0,0
0.090000,270.000000,79.947450,3.574440,1,1,1,1,2,2,0.749984,0.749984,0.749988,0.749988,0.749988,0.000000,0.974558,0.224134,0.000000,0.974555,0.224148,0.000000,0.974555,0.224148,9.560981,-3.599929,0.000064,1,1,16.060800,0.000000,0,0
0.100000,270.000000,79.911440,3.731026,1,1,1,1,2,2,0.749978,0.749994,0.749992,0.749992,0.749992,0.000000,0.974557,0.224141,0.000000,0.974555,0.224148,0.000000,0.974555,0.224148,9.560156,-3.601426,0.000070,1,1,16.067500,0.000000,0,0
0.110000,270.000000,79.875410,3.887679,1,1,1,1,2,2,0.749992,0.749880,0.749995,0.749995,0.749995,0.000000,0.974534,0.224240,0.000000,0.974555,0.224148,0.000000,0.974555,0.224148,9.559546,-3.602929,0.000068,1,1,16.074200,0.000000,0,0
0.120000,270.000000,79.839370,4.044396,1,1,1,1,2,2,0.750013,0.750013,0.749999,0.749999,0.749999,0.000000,0.974557,0.224141,0.000000,0.974555,0.224148,0.000000,0.974555,0.224148,9.559103,-3.604436,0.000059,1,1,16.080890,0.000000,0,0
0.130000,270.000000,79.803310,4.201178,1,1,1,1,2,2,0.750014,0.750013,0.750003,0.750003,0.750003,0.000000,0.974556,0.224145,0.000000,0.974555,0.224148,0.000000,0.974555,0.224148,9.558739,-3.605945,0.000046,1,1,16.087560,0.000000,0,0
0.140000,270.000000,79.767240,4.358025,1,1,1,1,2,2,0.749996,0.749996,0.750006,0.750006,0.750006,0.000000,0.974555,0.224148,0.000000,0.974555,0.224148,0.000000,0.974555,0.224148,9.558511,-3.607455,0.000030,1,1,16.094230,0.000000,0,0
0.150000,270.000000,79.731160,4.514937,1,1,1,1,2,2,0.750019,0.750019,0.750010,0.750010,0.750010,0.000000,0.974558,0.224137,0.000000,0.974555,0.224148,0.000000,0.974555,0.224148,9.558294,-3.608966,0.000011,1,1,16.100890,0.000000,0,0
0.160000,270.000000,79.695050,4.671914,1,1,1,1,2,2,0.750020,0.750021,0.750010,0.750010,0.750010,0.000000,0.974557,0.224139,0.000000,0.974555,0.224148,0.000000,0.974555,0.224148,9.558817,-3.610476,-0.000010,1,1,16.107530,0.000000,0,0
0.170000,270.000000,79.658940,4.828955,1,1,1,1,2,2,0.750014,0.750014,0.750014,0.750014,0.750014,0.000000,0.974554,0.224153,0.000000,0.974555,0.224148,0.000000,0.974555,0.224148,9.558558,-3.611979,-0.000026,1,1,16.114170,0.000000,0,0
0.180000,270.000000,79.622800,4.986061,1,1,1,1,2,2,0.750011,0.750023,0.750014,0.750014,0.750014,0.000000,0.974554,0.224153,0.000000,0.974555,0.224148,0.000000,0.974555,0.224148,9.558999,-3.613482,-0.000044,1,1,16.120800,0.000000,0,0
0.190000,270.000000,79.586650,5.143231,1,1,1,1,2,2,0.750002,0.750016,0.750014,0.750014,0.750014,0.000000,0.974555,0.224148,0.000000,0.974555,0.224148,0.000000,0.974555,0.224148,9.559344,-3.614979,-0.000058,1,1,16.127410,0.000000,0,0
0.200000,270.000000,79.550490,5.300466,1,1,1,1,2,2,0.750028,0.750028,0.750018,0.750017,0.750018,0.000000,0.974557,0.224141,0.000000,0.974555,0.224148,0.000000,0.974555,0.224148,9.558946,-3.616470,-0.000068,1,1,16.134020,0.000000,0,0
0.210000,270.000000,79.514310,5.457765,1,1,1,1,2,2,0.750032,0.750015,0.750018,0.750018,0.750018,0.000000,0.974557,0.224139,0.000000,0.974555,0.224148,0.000000,0.974555,0.224148,9.559279,-3.617962,-0.000082,1,1,16.140620,0.000000,0,0
0.220000,270.000000,79.478120,5.615129,1,1,1,1,2,2,0.750004,0.750004,0.750018,0.750018,0.750018,0.000000,0.974555,0.224148,0.000000,0.974555,0.224148,0.000000,0.974555,0.224148,9.559565,-3.619450,-0.000093,1,1,16.147210,0.000000,0,0
0.230000,270.000000,79.441910,5.772556,1,1,1,1,2,2,0.750017,0.750017,0.750014,0.750014,0.750014,0.000000,0.974556,0.224145,0.000000,0.974555,0.224148,0.000000,0.974555,0.224148,9.560431,-3.620932,-0.000101,1,1,16.153780,0.000000,0,0
0.240000,270.000000,79.405690,5.930047,1,1,1,1,2,2,0.750006,0.750017,0.750014,0.750014,0.750014,0.000000,0.974552,0.224161,0.000000,0.974555,0.224148,0.000000,0.974555,0.224148,9.560409,-3.622404,-0.000101,1,1,16.160350,0.000000,0,0
0.250000,270.000000,79.369450,6.087602,1,1,1,1,2,2,0.750017,0.750017,0.750014,0.750014,0.750014,0.000000,0.974557,0.224141,0.000000,0.974555,0.224148,0.000000,0.974555,0.224148,9.560431,-3.623873,-0.000100,1,1,16.166910,0.000000,0,0
0.260000,270.000000,79.333190,6.245221,1,1,1,1,2,2,0.750024,0.750010,0.750010,0.750010,0.750010,0.000000,0.974556,0.224144,0.000000,0.974555,0.224148,0.000000,0.974555,0.224148,9.561037,-3.625340,-0.000100,1,1,16.173460,0.000000,0,0
0.270000,270.000000,79.296920,6.402904,1,1,1,1,2,2,0.749996,0.750008,0.750006,0.750006,0.750006,0.000000,0.974557,0.224139,0.000000,0.974555,0.224148,0.000000,0.974555,0.224148,9.561560,-3.626800,-0.000093,1,1,16.180000,0.000000,0,0
0.280000,270.000000,79.260640,6.560650,1,1,1,1,2,2,0.750001,0.750001,0.750003,0.750003,0.750003,0.000000,0.974553,0.224159,0.000000,0.974555,0.224148,0.000000,0.974555,0.224148,9.561939,-3.628252,-0.000081,1,1,16.186530,0.000000,0,0
0.290000,270.000000,79.224330,6.718461,1,1,1,1,2,2,0.749989,0.750004,0.749999,0.749999,0.749999,0.000000,0.974551,0.224165,0.000000,0.974555,0.224148,0.000000,0.974555,0.224148,9.562222,-3.629698,-0.000066,1,1,16.193050,0.000000,0,0
0.300000,270.000000,79.188030,6.876334,1,1,1,1,2,2,0.750014,0.750014,0.750003,0.750003,0.750003,0.000000,0.974556,0.224145,0.000000,0.974555,0.224148,0.000000,0.974555,0.224148,9.561085,-3.631139,-0.000047,1,1,16.199560,0.000000,0,0
0.310000,270.000000,79.151700,7.034271,1,1,1,1,2,2,0.750000,0.750000,0.750003,0.750003,0.750003,0.000000,0.974558,0.224137,0.000000,0.974555,0.224148,0.000000,0.974555,0.224148,9.560907,-3.632589,-0.000040,1,1,16.206060,0.000000,0,0
0.320000,270.000000,79.115360,7.192271,1,1,1,1,2,2,0.749994,0.749996,0.750006,0.750007,0.750006,0.000000,0.974556,0.224144,0.000000,0.974555,0.224148,0.000000,0.974555,0.224148,9.560096,-3.634039,-0.000035,1,1,16.212550,0.000000,0,0
0.330000,270.000000,79.079010,7.350335,1,1,1,1,2,2,0.750010,0.750010,0.750006,0.750006,0.750006,0.000000,0.974554,0.224151,0.000000,0.974555,0.224148,0.000000,0.974555,0.224148,9.560175,-3.635494,-0.000037,1,1,16.219030,0.000000,0,0
0.340000,270.000000,79.042640,7.508461,1,1,1,1,2,2,0.750016,0.750015,0.750006,0.750006,0.750006,0.000000,0.974557,0.224141,0.000000,0.974555,0.224148,0.000000,0.974555,0.224148,9.560217,-3.636946,-0.000040,1,1,16.225500,0.000000,0,0
0.350000,270.000000,79.006260,7.666650,1,1,1,1,2,2,0.749994,0.750005,0.750003,0.750003,0.750003,0.000000,0.974551,0.224165,0.000000,0.974555,0.224148,0.000000,0.974555,0.224148,9.560940,-3.638396,-0.000041,1,1,16.231960,0.000000,0,0
0.360000,270.000000,78.969860,7.824903,1,1,1,1,2,2,0.750000,0.750000,0.750003,0.750003,0.750003,0.000000,0.974555,0.224148,0.000000,0.974555,0.224148,0.000000,0.974555,0.224148,9.560798,-3.639837,-0.000035,1,1,16.238410,0.000000,0,0
0.370000,270.000000,78.933440,7.983218,1,1,1,1,2,2,0.749984,0.750001,0.749999,0.749999,0.749999,0.000000,0.974556,0.224143,0.000000,0.974555,0.224148,0.000000,0.974555,0.224148,9.561341,-3.641277,-0.000031,1,1,16.244860,0.000000,0,0
0.380000,270.000000,78.897010,8.141596,1,1,1,1,2,2,0.750002,0.750006,0.749995,0.749995,0.749995,0.000000,0.974557,0.224141,0.000000,0.974555,0.224148,0.000000,0.974555,0.224148,9.561784,-3.642709,-0.000022,1,1,16.251290,0.000000,0,0
0.390000,270.000000,78.860570,8.300036,1,1,1,1,2,2,0.749994,0.749994,0.749999,0.749999,0.749999,0.000000,0.974557,0.224140,0.000000,0.974555,0.224148,0.000000,0.974555,0.224148,9.560746,-3.644135,-0.000008,1,1,16.257710,0.000000,0,0
0.400000,270.000000,78.824120,8.458539,1,1,1,1,2,2,0.749983,0.750000,0.750003,0.750003,0.750003,0.000000,0.974556,0.224143,0.000000,0.974555,0.224148,0.000000,0.974555,0.224148,9.559979,-3.645570,-0.000004,1,1,16.264130,0.000000,0,0
0.410000,270.000000,78.787650,8.617105,1,1,1,1,2,2,0.750002,0.750002,0.750002,0.750002,0.750002,0.000000,0.974554,0.224151,0.000000,0.974555,0.224148,0.000000,0.974555,0.224148,9.560155,-3.647009,-0.000008,1,1,16.270530,0.000000,0,0
0.420000,270.000000,78.751170,8.775732,1,1,1,1,2,2,0.750010,0.750010,0.750003,0.750003,0.750003,0.000000,0.974554,0.224151,0.000000,0.974555,0.224148,0.000000,0.974555,0.224148,9.560138,-3.648444,-0.000011,1,1,16.276920,0.000000,0,0
0.430000,270.000000,78.714670,8.934422,1,1,1,1,2,2,0.750015,0.750013,0.750003,0.750003,0.750003,0.000000,0.974558,0.224137,0.000000,0.974555,0.224148,0.000000,0.974555,0.224148,9.560195,-3.649878,-0.000013,1,1,16.283310,0.000000,0,0
0.440000,270.000000,78.678150,9.093173,1,1,1,1,2,2,0.749999,0.749999,0.750003,0.750002,0.750003,0.000000,0.974556,0.224144,0.000000,0.974555,0.224148,0.000000,0.974555,0.224148,9.560295,-3.651309,-0.000014,1,1,16.289680,0.000000,0,0
0.450000,270.000000,78.641620,9.251987,1,1,1,1,2,2,0.749987,0.750002,0.749999,0.749999,0.749999,0.000000,0.974556,0.224144,0.000000,0.974555,0.224147,0.000000,0.974555,0.224148,9.560955,-3.652736,-0.000016,1,1,16.296050,0.000000,0,0
0.460000,270.000000,78.605080,9.410863,1,1,1,1,2,2,0.749992,0.750004,0.749995,0.749995,0.749995,0.000000,0.974554,0.224153,0.000000,0.974555,0.224147,0.000000,0.974555,0.224148,9.561485,-3.654155,-0.000010,1,1,16.302400,0.000000,0,0
0.470000,270.000000,78.568530,9.569800,1,1,1,1,2,2,0.750011,0.750011,0.749999,0.749999,0.749999,0.000000,0.974558,0.224137,0.000000,0.974555,0.224148,0.000000,0.974555,0.224148,9.560551,-3.655567,0.000001,1,1,16.308750,0.000000,0,0
0.480000,270.000000,78.531960,9.728800,1,1,1,1,2,2,0.750014,0.750005,0.750003,0.750003,0.750003,0.000000,0.974557,0.224141,0.000000,0.974555,0.224148,0.000000,0.974555,0.224148,9.559817,-3.656986,0.000003,1,1,16.315090,0.000000,0,0
0.490000,270.000000,78.495380,9.887861,1,1,1,1,2,2,0.749999,0.749999,0.750003,0.750003,0.750003,0.000000,0.974556,0.224144,0.000000,0.974555,0.224147,0.000000,0.974555,0.224148,9.559964,-3.658410,-0.000003,1,1,16.321420,0.000000,0,0
0.500000,270.000000,78.458780,10.046980,1,1,1,1,2,2,0.750002,0.750002,0.750003,0.750003,0.750003,0.000000,0.974554,0.224151,0.000000,0.974555,0.224148,0.000000,0.974555,0.224148,9.560070,-3.659830,-0.000006,1,1,16.327730,0.000000,0,0
0.510000,270.000000,78.422160,10.206170,1,1,1,1,2,2,0.750004,0.750001,0.750003,0.750003,0.750003,0.000000,0.974553,0.224156,0.000000,0.974555,0.224148,0.000000,0.974555,0.224148,9.560138,-3.661247,-0.000009,1,1,16.334040,0.000000,0,0
0.520000,270.000000,78.385540,10.365410,1,1,1,1,2,2,0.750011,0.750011,0.749999,0.749999,0.749999,0.000000,0.974558,0.224137,0.000000,0.974555,0.224147,0.000000,0.974555,0.224148,9.560867,-3.662662,-0.000012,1,1,16.340340,0.000000,0,0
0.530000,270.000000,78.348890,10.524720,1,1,1,1,2,2,0.749993,0.749993,0.749995,0.749995,0.749995,0.000000,0.974558,0.224137,0.000000,0.974555,0.224148,0.000000,0.974555,0.224148,9.561405,-3.664067,-0.000006,1,1,16.346630,0.000000,0,0
0.540000,270.000000,78.312240,10.684090,1,1,1,1,2,2,0.749987,0.750000,0.749999,0.749999,0.749999,0.000000,0.974558,0.224137,0.000000,0.974555,0.224148,0.000000,0.974555,0.224148,9.560481,-3.665464,0.000004,1,1,16.352910,0.000000,0,0
0.550000,270.000000,78.275570,10.843520,1,1,1,1,2,2,0.750011,0.750011,0.750003,0.750003,0.750003,0.000000,0.974558,0.224137,0.000000,0.974555,0.224147,0.000000,0.974555,0.224148,9.559787,-3.666869,0.000005,1,1,16.359180,0.000000,0,0
0.560000,270.000000,78.238890,11.003010,1,1,1,1,2,2,0.750006,0.750005,0.750003,0.750003,0.750003,0.000000,0.974556,0.224144,0.000000,0.974555,0.224148,0.000000,0.974555,0.224148,9.559936,-3.668278,-0.000001,1,1,16.365440,0.000000,0,0
0.570000,270.000000,78.202190,11.162560,1,1,1,1,2,2,0.749996,0.750008,0.750003,0.750003,0.750003,0.000000,0.974554,0.224153,0.000000,0.974555,0.224148,0.000000,0.974555,0.224148,9.560023,-3.669684,-0.000005,1,1,16.371700,0.000000,0,0
0.580000,270.000000,78.165480,11.322170,1,1,1,1,2,2,0.749990,0.749990,0.749999,0.749999,0.749999,0.000000,0.974554,0.224151,0.000000,0.974555,0.224147,0.000000,0.974555,0.224148,9.560790,-3.671087,-0.000009,1,1,16.377940,0.000000,0,0
0.590000,270.000000,78.128750,11.481840,1,1,1,1,2,2,0.749986,0.750000,0.749996,0.749996,0.749996,0.000000,0.974556,0.224144,0.000000,0.974555,0.224147,0.000000,0.974555,0.224148,9.561345,-3.672480,-0.000006,1,1,16.384170,0.000000,0,0
0.600000,270.000000,78.092020,11.641580,1,1,1,1,2,2,0.750018,0.750003,0.749999,0.749999,0.749999,0.000000,0.974556,0.224144,0.000000,0.974555,0.224148,0.000000,0.974555,0.224148,9.560467,-3.673865,0.000005,1,1,16.390400,0.000000,0,0
0.610000,270.000000,78.055270,11.801370,1,1,1,1,2,2,0.749990,0.749990,0.750003,0.750003,0.750003,0.000000,0.974554,0.224151,0.000000,0.974555,0.224147,0.000000,0.974555,0.224148,9.559786,-3.675257,0.000005,1,1,16.396610,0.000000,0,0
0.620000,270.000000,78.018500,11.961230,1,1,1,1,2,2,0.749982,0.750000,0.750003,0.750003,0.750003,0.000000,0.974557,0.224141,0.000000,0.974555,0.224147,0.000000,0.974555,0.224148,9.559923,-3.676654,-0.000002,1,1,16.402820,0.000000,0,0
0.630000,270.000000,77.981720,12.121140,1,1,1,1,2,2,0.750001,0.750001,0.749999,0.749999,0.749999,0.000000,0.974554,0.224153,0.000000,0.974555,0.224148,0.000000,0.974555,0.224148,9.560753,-3.678047,-0.000006,1,1,16.409010,0.000000,0,0
0.640000,270.000000,77.944920,12.281120,1,1,1,1,2,2,0.750011,0.750011,0.749999,0.749999,0.749999,0.000000,0.974558,0.224137,0.000000,0.974555,0.224147,0.000000,0.974555,0.224148,9.560623,-3.679430,-0.000003,1,1,16.415200,0.000000,0,0
0.650000,270.000000,77.908110,12.441150,1,1,1,1,2,2,0.750007,0.750006,0.749995,0.749995,0.749995,0.000000,0.974558,0.224137,0.000000,0.974555,0.224147,0.000000,0.974555,0.224148,9.561242,-3.680813,-0.000001,1,1,16.421380,0.000000,0,0
0.660000,270.000000,77.871290,12.601250,1,1,1,1,2,2,0.749993,0.749993,0.749999,0.749999,0.749999,0.000000,0.974558,0.224137,0.000000,0.974555,0.224148,0.000000,0.974555,0.224148,9.560390,-3.682187,0.000008,1,1,16.427540,0.000000,0,0
0.670000,270.000000,77.834460,12.761400,1,1,1,1,2,2,0.755145,0.755145,0.749999,0.749999,0.749999,0.000000,0.981774,0.190051,0.000000,0.974555,0.224147,0.000000,0.974555,0.224148,9.560355,-3.683567,0.000008,1,1,16.433700,0.000000,0,0
0.680000,270.000000,77.797610,12.921620,1,1,1,1,2,2,0.749992,0.750004,0.749999,0.749999,0.749999,0.000000,0.974554,0.224153,0.000000,0.974555,0.224147,0.000000,0.974555,0.224148,9.560339,-3.684946,0.000007,1,1,16.439850,0.000000,0,0
0.690000,270.000000,77.760740,13.081890,1,1,1,1,2,2,0.750002,0.750002,0.749995,0.749995,0.749995,0.000000,0.974554,0.224151,0.000000,0.974555,0.224148,0.000000,0.974555,0.224148,9.561073,-3.686322,0.000008,1,1,16.445990,0.000000,0,0
0.700000,270.000000,77.723860,13.242230,1,1,1,1,2,2,0.749998,0.749997,0.749992,0.749992,0.749992,0.000000,0.974556,0.224144,0.000000,0.974555,0.224148,0.000000,0.974555,0.224148,9.561526,-3.687690,0.000015,1,1,16.452120,0.000000,0,0
0.710000,270.000000,77.686970,13.402620,1,1,1,1,2,2,0.749978,0.749991,0.749996,0.749996,0.749996,0.000000,0.974555,0.224151,0.000000,0.974555,0.224147,0.000000,0.974555,0.224148,9.560549,-3.689050,0.000026,1,1,16.458240,0.000000,0,0
0.720000,270.000000,77.650070,13.563080,1,1,1,1,2,2,0.750002,0.750002,0.749995,0.749995,0.749995,0.000000,0.974554,0.224151,0.000000,0.974555,0.224148,0.000000,0.974555,0.224148,9.560548,-3.690419,0.000028,1,1,16.464350,0.000000,0,0
0.730000,270.000000,77.613150,13.723590,1,1,1,1,2,2,0.750007,0.749993,0.749995,0.749995,0.749995,0.000000,0.974556,0.224144,0.000000,0.974555,0.224148,0.000000,0.974555,0.224148,9.560490,-3.691785,0.000030,1,1,16.470460,0.000000,0,0
0.740000,270.000000,77.576220,13.884160,1,1,1,1,2,2,0.749988,0.749988,0.749995,0.749995,0.749995,0.000000,0.974551,0.224166,0.000000,0.974555,0.224147,0.000000,0.974555,0.224148,9.560459,-3.693150,0.000031,1,1,16.476550,0.000000,0,0
0.750000,270.000000,77.539280,14.044800,1,1,1,1,2,2,0.749988,0.749988,0.749999,0.749999,0.749999,0.000000,0.974556,0.224145,0.000000,0.974555,0.224148,0.000000,0.974555,0.224148,9.559787,-3.694513,0.000032,1,1,16.482630,0.000000,0,0
0.760000,270.000000,77.502320,14.205490,1,1,1,1,2,2,0.749982,0.750000,0.749999,0.749999,0.749999,0.000000,0.974557,0.224141,0.000000,0.974555,0.224148,0.000000,0.974555,0.224148,9.559908,-3.695881,0.000026,1,1,16.488710,0.000000,0,0
0.770000,270.000000,77.465350,14.366240,1,1,1,1,2,2,0.750011,0.750011,0.749999,0.749999,0.749999,0.000000,0.974558,0.224137,0.000000,0.974555,0.224147,0.000000,0.974555,0.224148,9.560051,-3.697245,0.000021,1,1,16.494780,0.000000,0,0
0.780000,270.000000,77.428360,14.527050,1,1,1,1,2,2,0.749995,0.749995,0.749999,0.749999,0.749999,0.000000,0.974556,0.224144,0.000000,0.974555,0.224148,0.000000,0.974555,0.224148,9.560127,-3.698606,0.000018,1,1,16.500830,0.000000,0,0
0.790000,270.000000,77.391360,14.687920,1,1,1,1,2,2,0.749978,0.749991,0.749995,0.749995,0.749995,0.000000,0.974555,0.224151,0.000000,0.974555,0.224148,0.000000,0.974555,0.224148,9.560841,-3.699964,0.000016,1,1,16.506880,0.000000,0,0
0.800000,270.000000,77.354350,14.848840,1,1,1,1,2,2,0.749993,0.749993,0.749999,0.749999,0.749999,0.000000,0.974553,0.224159,0.000000,0.974555,0.224147,0.000000,0.974555,0.224148,9.560076,-3.701313,0.000020,1,1,16.512920,0.000000,0,0
0.810000,270.000000,77.317320,15.009830,1,1,1,1,2,2,0.749988,0.750001,0.750003,0.750003,0.750003,0.000000,0.974553,0.224160,0.000000,0.974555,0.224148,0.000000,0.974555,0.224148,9.559479,-3.702667,0.000017,1,1,16.518950,0.000000,0,0
0.820000,270.000000,77.280280,15.170880,1,1,1,1,2,2,0.750014,0.750003,0.749999,0.749999,0.749999,0.000000,0.974556,0.224144,0.000000,0.974555,0.224148,0.000000,0.974555,0.224148,9.560337,-3.704026,0.000009,1,1,16.524970,0.000000,0,0
0.830000,270.000000,77.243230,15.331980,1,1,1,1,2,2,0.749992,0.749992,0.749999,0.749999,0.749999,0.000000,0.974558,0.224136,0.000000,0.974555,0.224147,0.000000,0.974555,0.224148,9.560401,-3.705374,0.000008,1,1,16.530980,0.000000,0,0
0.840000,270.000000,77.206160,15.493140,1,1,1,1,2,2,0.749983,0.749996,0.750003,0.750003,0.750003,0.000000,0.974556,0.224143,0.000000,0.974555,0.224147,0.000000,0.974555,0.224148,9.559714,-3.706719,0.000007,1,1,16.536980,0.000000,0,0
0.850000,270.000000,77.169080,15.654360,1,1,1,1,2,2,0.750005,0.750017,0.750003,0.750003,0.750003,0.000000,0.974556,0.224145,0.000000,0.974555,0.224148,0.000000,0.974555,0.224148,9.559849,-3.708068,0.000000,1,1,16.542970,0.000000,0,0
0.860000,270.000000,77.131990,15.815640,1,1,1,1,2,2,0.750005,0.750005,0.750003,0.750003,0.750003,0.000000,0.974553,0.224159,0.000000,0.974555,0.224148,0.000000,0.974555,0.224148,9.560020,-3.709415,-0.000005,1,1,16.548960,0.000000,0,0
0.870000,270.000000,77.094880,15.976980,1,1,1,1,2,2,0.750015,0.750013,0.750003,0.750003,0.750003,0.000000,0.974558,0.224137,0.000000,0.974555,0.224148,0.000000,0.974555,0.224148,9.560147,-3.710757,-0.000008,1,1,16.554930,0.000000,0,0
0.880000,270.000000,77.057750,16.138370,1,1,1,1,2,2,0.749992,0.750006,0.749999,0.749999,0.749999,0.000000,0.974559,0.224129,0.000000,0.974555,0.224148,0.000000,0.974555,0.224148,9.560804,-3.712097,-0.000011,1,1,16.560900,0.000000,0,0
0.889999,270.000000,77.020620,16.299830,1,1,1,1,2,2,0.750001,0.750001,0.749999,0.749999,0.749999,0.000000,0.974554,0.224153,0.000000,0.974555,0.224148,0.000000,0.974555,0.224148,9.560775,-3.713428,-0.000007,1,1,16.566850,0.000000,0,0
0.899999,270.000000,76.983470,16.461340,1,1,1,1,2,2,0.749988,0.750001,0.749999,0.749999,0.749999,0.000000,0.974553,0.224160,0.000000,0.974555,0.224148,0.000000,0.974555,0.224148,9.560710,-3.714757,-0.000003,1,1,16.572800,0.000000,0,0
0.909999,270.000000,76.946310,16.622910,1,1,1,1,2,2,0.749999,0.749999,0.749999,0.749999,0.749999,0.000000,0.974554,0.224153,0.000000,0.974555,0.224147,0.000000,0.974555,0.224148,9.560575,-3.716085,0.000000,1,1,16.578740,0.000000,0,0
0.919999,270.000000,76.909140,16.784530,1,1,1,1,2,2,0.750000,0.750000,0.750003,0.750003,0.750003,0.000000,0.974558,0.224137,0.000000,0.974555,0.224148,0.000000,0.974555,0.224148,9.559837,-3.717412,0.000003,1,1,16.584670,0.000000,0,0
0.929999,270.000000,76.871960,16.946220,1,1,1,1,2,2,0.750000,0.750002,0.750003,0.750003,0.750003,0.000000,0.974556,0.224144,0.000000,0.974555,0.224148,0.000000,0.974555,0.224148,9.559964,-3.718744,-0.000002,1,1,16.590590,0.000000,0,0
0.939999,270.000000,76.834750,17.107960,1,1,1,1,2,2,0.750012,0.750012,0.750003,0.750003,0.750003,0.000000,0.974558,0.224136,0.000000,0.974555,0.224147,0.000000,0.974555,0.224148,9.560061,-3.720073,-0.000007,1,1,16.596500,0.000000,0,0
0.949999,270.000000,76.797540,17.269760,1,1,1,1,2,2,0.767466,0.767466,0.749999,0.749999,0.749999,0.000000,0.960831,0.277136,0.000000,0.974555,0.224148,0.000000,0.974555,0.224148,9.560781,-3.721399,-0.000010,1,1,16.602400,0.000000,0,0
0.959999,270.000000,76.760310,17.431620,1,1,1,1,2,2,0.750007,0.750006,0.750003,0.750003,0.750003,0.000000,0.974553,0.224160,0.000000,0.974555,0.224148,0.000000,0.974555,0.224148,9.559990,-3.722716,-0.000006,1,1,16.608300,0.000000,0,0
0.969999,270.000000,76.723080,17.593530,1,1,1,1,2,2,0.750000,0.750000,0.750006,0.750006,0.750006,0.000000,0.974558,0.224136,0.000000,0.974555,0.224148,0.000000,0.974555,0.224148,9.559583,-3.724039,-0.000009,1,1,16.614180,0.000000,0,0
0.979999,270.000000,76.685820,17.755500,1,1,1,1,2,2,0.792124,0.792125,0.750007,0.750007,0.750007,0.000000,0.987394,0.158282,0.000000,0.974555,0.224148,0.000000,0.974555,0.224148,9.559609,-3.725364,-0.000017,1,1,16.620050,0.000000,0,0
0.989999,270.000000,76.648550,17.917530,1,1,1,1,2,2,0.750018,0.750011,0.750003,0.750003,0.750003,0.000000,0.974558,0.224137,0.000000,0.974555,0.224148,0.000000,0.974555,0.224148,9.560474,-3.726686,-0.000025,1,1,16.625920,0.000000,0,0
0.999999,270.000000,76.611270,18.079620,1,1,1,1,2,2,0.750000,0.750000,0.750006,0.750007,0.750006,0.000000,0.974558,0.224137,0.000000,0.974555,0.224147,0.000000,0.974555,0.224148,9.559847,-3.727998,-0.000025,1,1,16.631780,0.000000,0,0
1.009999,270.000000,76.573980,18.241760,1,1,1,1,2,2,0.750002,0.750009,0.750007,0.750007,0.750007,0.000000,0.974558,0.224137,0.000000,0.974555,0.224147,0.000000,0.974555,0.224148,9.559977,-3.729314,-0.000030,1,1,16.637630,0.000000,0,0
1.019999,270.000000,76.536670,18.403960,1,1,1,1,2,2,0.750002,0.750014,0.750003,0.750003,0.750003,0.000000,0.974558,0.224137,0.000000,0.974555,0.224147,0.000000,0.974555,0.224148,9.560764,-3.730627,-0.000035,1,1,16.643470,0.000000,0,0
1.029999,270.000000,76.499350,18.566220,1,1,1,1,2,2,0.750011,0.750011,0.749999,0.749999,0.749999,0.000000,0.974558,0.224137,0.000000,0.974555,0.224149,0.000000,0.974555,0.224148,9.561340,-3.731930,-0.000029,1,1,16.649300,0.000000,0,0
1.039999,270.000000,76.462020,18.728530,1,1,1,1,2,2,0.750017,0.749997,0.750003,0.750003,0.750003,0.000000,0.974556,0.224145,0.000000,0.974555,0.224149,0.000000,0.974555,0.224148,9.560340,-3.733226,-0.000017,1,1,16.655120,0.000000,0,0
1.049999,270.000000,76.424670,18.890900,1,1,1,1,2,2,0.749982,0.749995,0.749999,0.749999,0.749999,0.000000,0.974556,0.224144,0.000000,0.974555,0.224147,0.000000,0.974555,0.224148,9.560987,-3.734529,-0.000018,1,1,16.660930,0.000000,0,0
1.059999,270.000000,76.387310,19.053330,1,1,1,1,2,2,0.749994,0.749994,0.749999,0.749999,0.749999,0.000000,0.974554,0.224151,0.000000,0.974555,0.224147,0.000000,0.974555,0.224148,9.560901,-3.735824,-0.000013,1,1,16.666740,0.000000,0,0
1.069999,270.000000,76.349950,19.215810,1,1,1,1,2,2,0.749989,0.750001,0.749999,0.749999,0.749999,0.000000,0.974551,0.224166,0.000000,0.974555,0.224147,0.000000,0.974555,0.224148,9.560774,-3.737118,-0.000009,1,1,16.672530,0.000000,0,0
1.079999,270.000000,76.312560,19.378350,1,1,1,1,2,2,0.750011,0.750011,0.749999,0.749999,0.749999,0.000000,0.974558,0.224137,0.000000,0.974555,0.224147,0.000000,0.974555,0.224148,9.560695,-3.738411,-0.000005,1,1,16.678320,0.000000,0,0
1.089999,270.000000,76.275160,19.540950,1,1,1,1,2,2,0.749993,0.749993,0.749999,0.749999,0.749999,0.000000,0.974558,0.224137,0.000000,0.974555,0.224148,0.000000,0.974555,0.224148,9.560549,-3.739703,-0.000002,1,1,16.684090,0.000000,0,0
1.099999,270.000000,76.237750,19.703600,1,1,1,1,2,2,0.749982,0.749995,0.749999,0.749999,0.749999,0.000000,0.974556,0.224144,0.000000,0.974555,0.224148,0.000000,0.974555,0.224148,9.560499,-3.740994,0.000000,1,1,16.689860,0.000000,0,0
1.109999,270.000000,76.200330,19.866300,1,1,1,1,2,2,0.749998,0.749998,0.750003,0.750003,0.750003,0.000000,0.974554,0.224151,0.000000,0.974555,0.224147,0.000000,0.974555,0.224148,9.559897,-3.742284,0.000001,1,1,16.695620,0.000000,0,0
1.119999,270.000000,76.162900,20.029070,1,1,1,1,2,2,0.749998,0.749998,0.749999,0.749999,0.749999,0.000000,0.974554,0.224151,0.000000,0.974555,0.224147,0.000000,0.974555,0.224148,9.560676,-3.743578,-0.000005,1,1,16.701370,0.000000,0,0
1.129999,270.000000,76.125450,20.191890,1,1,1,1,2,2,0.749994,0.750006,0.750003,0.750003,0.750003,0.000000,0.974551,0.224166,0.000000,0.974555,0.224147,0.000000,0.974555,0.224148,9.559950,-3.744862,-0.000002,1,1,16.707110,0.000000,0,0
1.139999,270.000000,76.087990,20.354760,1,1,1,1,2,2,0.750000,0.750000,0.750003,0.750003,0.750003,0.000000,0.974558,0.224137,0.000000,0.974555,0.224147,0.000000,0.974555,0.224148,9.560086,-3.746151,-0.000007,1,1,16.712850,0.000000,0,0
1.149999,270.000000,76.050510,20.517700,1,1,1,1,2,2,0.724556,0.724556,0.750002,0.750002,0.750002,0.000000,0.965687,0.259711,0.000000,0.974555,0.224148,0.000000,0.974555,0.224148,9.560234,-3.747437,-0.000009,1,1,16.718570,0.000000,0,0
1.159999,270.000000,76.013020,20.680680,1,1,1,1,2,2,0.750010,0.750008,0.749999,0.749999,0.749999,0.000000,0.974556,0.224144,0.000000,0.974555,0.224148,0.000000,0.974555,0.224148,9.560896,-3.748720,-0.000010,1,1,16.724290,0.000000,0,0
1.169999,270.000000,75.975520,20.843730,1,1,1,1,2,2,0.749992,0.749992,0.750000,0.750000,0.750000,0.000000,0.974558,0.224136,0.000000,0.974556,0.224146,0.000000,0.974555,0.224148,9.560620,-3.749994,-0.000007,1,1,16.729990,0.000000,0,0
1.179999,270.000000,75.938010,21.006820,1,1,1,1,2,2,0.749982,0.750007,0.749999,0.749999,0.749999,0.000000,0.974556,0.224144,0.000000,0.974555,0.224147,0.000000,0.974555,0.224148,9.560676,-3.751269,-0.000005,1,1,16.735690,0.000000,0,0
1.189999,270.000000,75.900480,21.169980,1,1,1,1,2,2,0.749994,0.749994,0.749995,0.749995,0.749995,0.000000,0.974554,0.224151,0.000000,0.974555,0.224147,0.000000,0.974555,0.224148,9.561284,-3.752541,-0.000002,1,1,16.741380,0.000000,0,0
1.199999,270.000000,75.862950,21.333190,1,1,1,1,2,2,0.750000,0.750000,0.749995,0.749995,0.749995,0.000000,0.974551,0.224166,0.000000,0.974555,0.224147,0.000000,0.974555,0.224148,9.561088,-3.753805,0.000006,1,1,16.747060,0.000000,0,0
1.209999,270.000000,75.825390,21.496450,1,1,1,1,2,2,0.750010,0.750009,0.749996,0.749996,0.749996,0.000000,0.974556,0.224144,0.000000,0.974555,0.224147,0.000000,0.974555,0.224148,9.560848,-3.755070,0.000013,1,1,16.752730,0.000000,0,0
1.219999,270.000000,75.787830,21.659770,1,1,1,1,2,2,0.749975,0.749988,0.749992,0.749992,0.749992,0.000000,0.974556,0.224144,0.000000,0.974555,0.224148,0.000000,0.974555,0.224148,9.561352,-3.756335,0.000019,1,1,16.758390,0.000000,0,0
1.229999,270.000000,75.750250,21.823150,1,1,1,1,2,2,0.750004,0.750004,0.749996,0.749996,0.749996,0.000000,0.974558,0.224137,0.000000,0.974556,0.224146,0.000000,0.974555,0.224147,9.560546,-3.757592,0.000025,1,1,16.764050,0.000000,0,0
1.239999,270.000000,75.712660,21.986580,1,1,1,1,2,2,0.750001,0.750001,0.749992,0.749992,0.749992,0.000000,0.974558,0.224136,0.000000,0.974556,0.224146,0.000000,0.974555,0.224147,9.561188,-3.758856,0.000024,1,1,16.769690,0.000000,0,0
1.249999,270.000000,75.675060,22.150060,1,1,1,1,2,2,0.749987,0.749999,0.749996,0.749995,0.749996,0.000000,0.974551,0.224166,0.000000,0.974555,0.224147,0.000000,0.974555,0.224147,9.560400,-3.760112,0.000032,1,1,16.775330,0.000000,0,0
1.259999,270.000000,75.637450,22.313600,1,1,1,1,2,2,0.749993,0.749993,0.749996,0.749996,0.749996,0.000000,0.974558,0.224137,0.000000,0.974556,0.224146,0.000000,0.974555,0.224147,9.560382,-3.761374,0.000031,1,1,16.780960,0.000000,0,0
1.269999,270.000000,75.599820,22.477200,1,1,1,1,2,2,0.749994,0.750008,0.749996,0.749996,0.749996,0.000000,0.974556,0.224144,0.000000,0.974556,0.224146,0.000000,0.974555,0.224147,9.560280,-3.762633,0.000030,1,1,16.786580,0.000000,0,0
1.279999,270.000000,75.562190,22.640850,1,1,1,1,2,2,0.749999,0.749998,0.750000,0.750000,0.750000,0.000000,0.974553,0.224158,0.000000,0.974556,0.224146,0.000000,0.974555,0.224147,9.559726,-3.763892,0.000028,1,1,16.792190,0.000000,0,0
1.289999,270.000000,75.524540,22.804550,1,1,1,1,2,2,0.749992,0.749992,0.749999,0.749999,0.749999,0.000000,0.974558,0.224136,0.000000,0.974556,0.224146,0.000000,0.974555,0.224147,9.560078,-3.765154,0.000019,1,1,16.797790,0.000000,0,0
1.299999,270.000000,75.486870,22.968310,1,1,1,1,2,2,0.749993,0.750008,0.749996,0.749996,0.749996,0.000000,0.974558,0.224137,0.000000,0.974556,0.224146,0.000000,0.974555,0.224147,9.560761,-3.766411,0.000014,1,1,16.803380,0.000000,0,0
1.309999,270.000000,75.449200,23.132120,1,1,1,1,2,2,0.749998,0.749998,0.750001,0.750000,0.750001,0.000000,0.974554,0.224151,0.000000,0.974556,0.224146,0.000000,0.974555,0.224147,9.559900,-3.767659,0.000016,1,1,16.808970,0.000000,0,0
1.319999,270.000000,75.411510,23.295990,1,1,1,1,2,2,0.749998,0.749998,0.750000,0.750000,0.750000,0.000000,0.974554,0.224151,0.000000,0.974556,0.224145,0.000000,0.974555,0.224147,9.560219,-3.768913,0.000008,1,1,16.814550,0.000000,0,0
1.329999,270.000000,75.373800,23.459910,1,1,1,1,2,2,0.749999,0.749999,0.749996,0.749997,0.749996,0.000000,0.974554,0.224153,0.000000,0.974556,0.224145,0.000000,0.974556,0.224146,9.560949,-3.770163,0.000003,1,1,16.820110,0.000000,0,0
1.339999,270.000000,75.336090,23.623890,1,1,1,1,2,2,0.750002,0.750002,0.749996,0.750000,0.749998,0.000000,0.974561,0.224121,0.000000,0.974556,0.224145,0.000000,0.974556,0.224146,9.560618,-3.771403,0.000006,1,1,16.825670,0.000000,0,0
1.349999,270.000000,75.298360,23.787920,1,1,1,1,2,2,0.749998,0.749998,0.749996,0.749996,0.749996,0.000000,0.974554,0.224151,0.000000,0.974556,0.224145,0.000000,0.974556,0.224146,9.560900,-3.772645,0.000006,1,1,16.831220,0.000000,0,0
1.359999,270.000000,75.260620,23.952000,1,1,1,1,2,2,0.749986,0.749998,0.749997,0.749997,0.749997,0.000000,0.974551,0.224168,0.000000,0.974556,0.224145,0.000000,0.974556,0.224146,9.560784,-3.773882,0.000009,1,1,16.836760,0.000000,0,0
1.369999,270.000000,75.222870,24.116140,1,1,1,1,2,2,0.749991,0.749991,0.749997,0.749997,0.749997,0.000000,0.974554,0.224151,0.000000,0.974557,0.224142,0.000000,0.974556,0.224146,9.560722,-3.775119,0.000007,1,1,16.842300,0.000000,0,0
1.379999,270.000000,75.185100,24.280330,1,1,1,1,2,2,0.750001,0.750001,0.749990,0.749994,0.749992,0.000000,0.974558,0.224136,0.000000,0.974557,0.224142,0.000000,0.974556,0.224145,9.561744,-3.776354,0.000006,1,1,16.847820,0.000000,0,0
1.389999,270.000000,75.147330,24.444580,1,1,1,1,2,2,0.750006,0.750005,0.749997,0.749997,0.749997,0.000000,0.974556,0.224144,0.000000,0.974557,0.224142,0.000000,0.974556,0.224145,9.560534,-3.777577,0.000014,1,1,16.853340,0.000000,0,0
1.399999,270.000000,75.109540,24.608880,1,1,1,1,2,2,0.749989,0.749989,0.749994,0.749994,0.749994,0.000000,0.974558,0.224137,0.000000,0.974557,0.224141,0.000000,0.974556,0.224145,9.561243,-3.778810,0.000010,1,1,16.858840,0.000000,0,0
1.409999,270.000000,75.071740,24.773230,1,1,1,1,2,2,0.750000,0.750000,0.749991,0.749991,0.749991,0.000000,0.974558,0.224137,0.000000,0.974557,0.224141,0.000000,0.974556,0.224144,9.561777,-3.780034,0.000013,1,1,16.864340,0.000000,0,0
1.419999,270.000000,75.033930,24.937630,1,1,1,1,2,2,0.750006,0.749985,0.749994,0.749994,0.749994,0.000000,0.974556,0.224145,0.000000,0.974557,0.224141,0.000000,0.974556,0.224144,9.560882,-3.781251,0.000023,1,1,16.869830,0.000000,0,0
1.429999,270.000000,74.996100,25.102090,1,1,1,1,2,2,0.749991,0.749991,0.749991,0.749991,0.749991,0.000000,0.974561,0.224121,0.000000,0.974558,0.224138,0.000000,0.974556,0.224144,9.561607,-3.782475,0.000018,1,1,16.875310,0.000000,0,0
1.439999,270.000000,74.958270,25.266610,1,1,1,1,2,2,0.749991,0.749991,0.749996,0.749996,0.749996,0.000000,0.974561,0.224121,0.000000,0.974558,0.224136,0.000000,0.974556,0.224143,9.560669,-3.783690,0.000018,1,1,16.880790,0.000000,0,0
1.449999,270.000000,74.920420,25.431170,1,1,1,1,2,2,0.749991,0.749991,0.749996,0.749996,0.749996,0.000000,0.974561,0.224121,0.000000,0.974558,0.224136,0.000000,0.974557,0.224142,9.560832,-3.784912,0.000010,1,1,16.886250,0.000000,0,0
1.459999,270.000000,74.882550,25.595790,1,1,1,1,2,2,0.749995,0.749995,0.749989,0.749988,0.749989,0.000000,0.974554,0.224151,0.000000,0.974558,0.224134,0.000000,0.974557,0.224142,9.562386,-3.786131,0.000003,1,1,16.891710,0.000000,0,0
1.469999,270.000000,74.844680,25.760460,1,1,1,1,2,2,0.766627,0.766627,0.749989,0.749989,0.749989,0.000000,0.979931,0.199335,0.000000,0.974559,0.224133,0.000000,0.974557,0.224141,9.562049,-3.787332,0.000010,1,1,16.897160,0.000000,0,0
1.479999,270.000000,74.806790,25.925190,1,1,1,1,2,2,0.749988,0.749976,0.749986,0.749986,0.749986,0.000000,0.974558,0.224136,0.000000,0.974559,0.224133,0.000000,0.974557,0.224140,9.562548,-3.788535,0.000015,1,1,16.902590,0.000000,0,0
1.489999,270.000000,74.768900,26.089970,1,1,1,1,2,2,0.749988,0.749988,0.749987,0.749987,0.749987,0.000000,0.974561,0.224122,0.000000,0.974560,0.224129,0.000000,0.974557,0.224139,9.562301,-3.789732,0.000020,1,1,16.908020,0.000000,0,0
1.499999,270.000000,74.730990,26.254800,1,1,1,1,2,2,0.766377,0.766377,0.749988,0.749988,0.749988,0.000000,0.996796,0.079983,0.000000,0.974561,0.224124,0.000000,0.974558,0.224138,9.562114,-3.790928,0.000017,1,1,16.913450,0.000000,0,0
1.509999,270.000000,74.693070,26.419680,1,1,1,1,2,2,0.749987,0.749975,0.749989,0.749989,0.749989,0.000000,0.974558,0.224136,0.000000,0.974561,0.224124,0.000000,0.974558,0.224137,9.562109,-3.792125,0.000014,1,1,16.918860,0.000000,0,0
1.519999,270.000000,74.655140,26.584620,1,1,1,1,2,2,0.749986,0.749986,0.749986,0.749986,0.749986,0.000000,0.974558,0.224136,0.000000,0.974561,0.224121,0.000000,0.974558,0.224135,9.562788,-3.793319,0.000007,1,1,16.924270,0.000000,0,0
1.529999,270.000000,74.617190,26.749610,1,1,1,1,2,2,0.749987,0.749987,0.749982,0.749982,0.749982,0.000000,0.974565,0.224106,0.000000,0.974561,0.224121,0.000000,0.974558,0.224134,9.563364,-3.794506,0.000009,1,1,16.929660,0.000000,0,0
1.539999,270.000000,74.579230,26.914650,1,1,1,1,2,2,0.749973,0.749986,0.749980,0.749980,0.749980,0.000000,0.974563,0.224114,0.000000,0.974562,0.224118,0.000000,0.974559,0.224133,9.563682,-3.795685,0.000015,1,1,16.935050,0.000000,0,0
1.549999,270.000000,74.541260,27.079750,1,1,1,1,2,2,0.749971,0.749971,0.749978,0.749978,0.749978,0.000000,0.974558,0.224136,0.000000,0.974564,0.224111,0.000000,0.974559,0.224131,9.564022,-3.796858,0.000015,1,1,16.940430,0.000000,0,0
1.559999,270.000000,74.503280,27.244890,1,1,1,1,2,2,0.749979,0.749979,0.749974,0.749974,0.749974,0.000000,0.974565,0.224106,0.000000,0.974564,0.224111,0.000000,0.974560,0.224129,9.564517,-3.798027,0.000021,1,1,16.945800,0.000000,0,0
1.569999,270.000000,74.465290,27.410090,1,1,1,1,2,2,0.749976,0.749977,0.749973,0.749973,0.749973,0.000000,0.974563,0.224114,0.000000,0.974565,0.224104,0.000000,0.974560,0.224127,9.564651,-3.799189,0.000024,1,1,16.951160,0.000000,0,0
1.579999,270.000000,74.427280,27.575340,1,1,1,1,2,2,0.749967,0.749967,0.749971,0.749971,0.749971,0.000000,0.974568,0.224092,0.000000,0.974567,0.224097,0.000000,0.974561,0.224124,9.565101,-3.800348,0.000022,1,1,16.956510,0.000000,0,0
1.589999,270.000000,74.389270,27.740650,1,1,1,1,2,2,0.749959,0.749969,0.749964,0.749964,0.749964,0.000000,0.974570,0.224083,0.000000,0.974567,0.224097,0.000000,0.974561,0.224122,9.566258,-3.801500,0.000028,1,1,16.961860,0.000000,0,0
1.599999,270.000000,74.351240,27.906000,1,1,1,1,2,2,0.749957,0.749956,0.749964,0.749963,0.749964,0.000000,0.974566,0.224099,0.000000,0.974569,0.224090,0.000000,0.974562,0.224119,9.566090,-3.802639,0.000037,1,1,16.967200,0.000000,0,0
1.609999,270.000000,74.313200,28.071410,1,1,1,1,2,2,0.749967,0.749967,0.749963,0.749963,0.749963,0.000000,0.974575,0.224062,0.000000,0.974571,0.224078,0.000000,0.974563,0.224116,9.566329,-3.803779,0.000032,1,1,16.972520,0.000000,0,0
1.619999,270.000000,74.275150,28.236870,1,1,1,1,2,2,0.749950,0.749964,0.749955,0.749955,0.749955,0.000000,0.974573,0.224069,0.000000,0.974571,0.224078,0.000000,0.974563,0.224113,9.567616,-3.804914,0.000035,1,1,16.977840,0.000000,0,0
1.629999,270.000000,74.237090,28.402380,1,1,1,1,2,2,0.749945,0.749957,0.749952,0.749952,0.749952,0.000000,0.974572,0.224076,0.000000,0.974574,0.224067,0.000000,0.974564,0.224109,9.568215,-3.806034,0.000038,1,1,16.983150,0.000000,0,0
1.639999,270.000000,74.199020,28.567950,1,1,1,1,2,2,0.749935,0.749935,0.749949,0.749949,0.749949,0.000000,0.974572,0.224076,0.000000,0.974577,0.224054,0.000000,0.974565,0.224104,9.568884,-3.807147,0.000033,1,1,16.988450,0.000000,0,0
1.649999,270.000000,74.160930,28.733560,1,1,1,1,2,2,0.749923,0.749937,0.749938,0.749938,0.749938,0.000000,0.974575,0.224062,0.000000,0.974577,0.224054,0.000000,0.974566,0.224100,9.570648,-3.808251,0.000042,1,1,16.993750,0.000000,0,0
1.659999,270.000000,74.122840,28.899230,1,1,1,1,2,2,0.749931,0.749945,0.749934,0.749934,0.749934,0.000000,0.974584,0.224024,0.000000,0.974580,0.224040,0.000000,0.974568,0.224094,9.570988,-3.809336,0.000053,1,1,16.999030,0.000000,0,0
1.669999,270.000000,74.084740,29.064950,1,1,1,1,2,2,0.749932,0.749932,0.749933,0.749933,0.749933,0.000000,0.974589,0.224002,0.000000,0.974585,0.224020,0.000000,0.974569,0.224088,9.571422,-3.810416,0.000046,1,1,17.004310,0.000000,0,0
1.679999,270.000000,74.046620,29.230720,1,1,1,1,2,2,0.749907,0.749920,0.749918,0.749918,0.749918,0.000000,0.974587,0.224009,0.000000,0.974585,0.224020,0.000000,0.974570,0.224082,9.573885,-3.811491,0.000054,1,1,17.009570,0.000000,0,0
1.689999,270.000000,74.008500,29.396540,1,1,1,1,2,2,0.749912,0.749911,0.749918,0.749918,0.749918,0.000000,0.974587,0.224009,0.000000,0.974589,0.224000,0.000000,0.974572,0.224075,9.573761,-3.812539,0.000063,1,1,17.014830,0.000000,0,0
1.699999,270.000000,73.970360,29.562410,1,1,1,1,2,2,0.749907,0.749907,0.749910,0.749910,0.749910,0.000000,0.974589,0.224002,0.000000,0.974595,0.223977,0.000000,0.974574,0.224067,9.575653,-3.813586,0.000048,1,1,17.020080,0.000000,0,0
1.709999,270.000000,73.932210,29.728330,1,1,1,1,2,2,0.749895,0.749906,0.749891,0.749891,0.749891,0.000000,0.974591,0.223994,0.000000,0.974595,0.223977,0.000000,0.974576,0.224059,9.578585,-3.814613,0.000064,1,1,17.025320,0.000000,0,0
1.719999,270.000000,73.894060,29.894310,1,1,1,1,2,2,0.749879,0.749878,0.749884,0.749884,0.749884,0.000000,0.974601,0.223949,0.000000,0.974600,0.223952,0.000000,0.974578,0.224050,9.579348,-3.815610,0.000083,1,1,17.030550,0.000000,0,0
1.729999,270.000000,73.855900,30.060340,1,1,1,1,2,2,0.749883,0.749883,0.749883,0.749883,0.749883,0.000000,0.974610,0.223911,0.000000,0.974608,0.223920,0.000000,0.974580,0.224039,9.579805,-3.816597,0.000074,1,1,17.035770,0.000000,0,0
1.739999,270.000000,73.817720,30.226420,1,1,1,1,2,2,0.749866,0.749865,0.749865,0.749865,0.749865,0.000000,0.974608,0.223919,0.000000,0.974608,0.223920,0.000000,0.974583,0.224028,9.582863,-3.817578,0.000087,1,1,17.040990,0.000000,0,0
1.749999,270.000000,73.779530,30.392550,1,1,1,1,2,2,0.749847,0.749860,0.749857,0.749856,0.749857,0.000000,0.974618,0.223875,0.000000,0.974616,0.223885,0.000000,0.974586,0.224016,9.584184,-3.818527,0.000093,1,1,17.046190,0.000000,0,0
1.759999,270.000000,73.741340,30.558730,1,1,1,1,2,2,0.749849,0.749849,0.749847,0.749847,0.749847,0.000000,0.974623,0.223852,0.000000,0.974625,0.223846,0.000000,0.974589,0.224001,9.586533,-3.819462,0.000073,1,1,17.051390,0.000000,0,0
1.769999,270.000000,73.703140,30.724960,1,1,1,1,2,2,0.749816,0.749838,0.749824,0.749824,0.749824,0.000000,0.974625,0.223844,0.000000,0.974625,0.223846,0.000000,0.974592,0.223988,9.589967,-3.820372,0.000098,1,1,17.056570,0.000000,0,0
1.779999,270.000000,73.664920,30.891240,1,1,1,1,2,2,0.749799,0.749824,0.749808,0.749808,0.749808,0.000000,0.974635,0.223799,0.000000,0.974634,0.223803,0.000000,0.974596,0.223972,9.592546,-3.821246,0.000111,1,1,17.061750,0.000000,0,0
1.789999,270.000000,73.626700,31.057580,1,1,1,1,2,2,0.749794,0.749794,0.749794,0.749794,0.749794,0.000000,0.974648,0.223746,0.000000,0.974647,0.223750,0.000000,0.974600,0.223953,9.595541,-3.822094,0.000095,1,1,17.066910,0.000000,0,0
1.799999,270.000000,73.588470,31.223960,1,1,1,1,2,2,0.749751,0.749764,0.749761,0.749761,0.749761,0.000000,0.974646,0.223754,0.000000,0.974647,0.223750,0.000000,0.974604,0.223936,9.600537,-3.822910,0.000136,1,1,17.072070,0.000000,0,0
1.809999,270.000000,73.550230,31.390400,1,1,1,1,2,2,0.749753,0.749738,0.749742,0.749742,0.749742,0.000000,0.974658,0.223701,0.000000,0.974660,0.223693,0.000000,0.974609,0.223915,9.603285,-3.823676,0.000166,1,1,17.077220,0.000000,0,0
1.819999,270.000000,73.511990,31.556890,1,1,1,1,2,2,0.749734,0.749734,0.749724,0.749724,0.749724,0.000000,0.974678,0.223612,0.000000,0.974675,0.223628,0.000000,0.974615,0.223890,9.606742,-3.824413,0.000158,1,1,17.082350,0.000000,0,0
1.829999,270.000000,73.473730,31.723420,1,1,1,1,2,2,0.749686,0.749678,0.749679,0.749679,0.749679,0.000000,0.974679,0.223610,0.000000,0.974675,0.223628,0.000000,0.974620,0.223867,9.613314,-3.825114,0.000221,1,1,17.087480,0.000000,0,0
1.839999,270.000000,73.435480,31.890010,1,1,1,1,2,2,0.749663,0.749635,0.749660,0.749660,0.749660,0.000000,0.974689,0.223567,0.000000,0.974691,0.223556,0.000000,0.974626,0.223841,9.615412,-3.825750,0.000273,1,1,17.092590,0.000000,0,0
1.849999,270.000000,73.397220,32.056660,1,1,1,1,2,2,0.749651,0.749651,0.749639,0.749639,0.749639,0.000000,0.974710,0.223476,0.000000,0.974710,0.223474,0.000000,0.974633,0.223809,9.619584,-3.826363,0.000262,1,1,17.097700,0.000000,0,0
1.859999,270.000000,73.358950,32.223350,1,1,1,1,2,2,0.749598,0.749590,0.749587,0.749587,0.749587,0.000000,0.974710,0.223476,0.000000,0.974710,0.223474,0.000000,0.974640,0.223780,9.627073,-3.826933,0.000340,1,1,17.102790,0.000000,0,0
1.869999,270.000000,73.320670,32.390090,1,1,1,1,2,2,0.749566,0.749547,0.749560,0.749560,0.749560,0.000000,0.974732,0.223378,0.000000,0.974732,0.223378,0.000000,0.974648,0.223746,9.630727,-3.827429,0.000391,1,1,17.107870,0.000000,0,0
1.879999,270.000000,73.282390,32.556880,1,1,1,1,2,2,0.749533,0.749533,0.749531,0.749531,0.749531,0.000000,0.974761,0.223250,0.000000,0.974755,0.223276,0.000000,0.974657,0.223705,9.636508,-3.827887,0.000375,1,1,17.112940,0.000000,0,0
1.889999,270.000000,73.244110,32.723730,1,1,1,1,2,2,0.749461,0.749438,0.749464,0.749463,0.749464,0.000000,0.974755,0.223278,0.000000,0.974755,0.223276,0.000000,0.974665,0.223668,9.646092,-3.828287,0.000477,1,1,17.118000,0.000000,0,0
1.899999,270.000000,73.205830,32.890630,1,1,1,1,2,2,0.749451,0.749430,0.749428,0.749428,0.749428,0.000000,0.974782,0.223158,0.000000,0.974782,0.223159,0.000000,0.974675,0.223624,9.650798,-3.828592,0.000553,1,1,17.123050,0.000000,0,0
1.909999,270.000000,73.167530,33.057570,1,1,1,1,2,2,0.749390,0.749390,0.749391,0.749391,0.749391,0.000000,0.974806,0.223055,0.000000,0.974811,0.223032,0.000000,0.974687,0.223573,9.657670,-3.828848,0.000549,1,1,17.128080,0.000000,0,0
1.919999,270.000000,73.129240,33.224570,1,1,1,1,2,2,0.749300,0.749311,0.749305,0.749305,0.749305,0.000000,0.974809,0.223040,0.000000,0.974811,0.223032,0.000000,0.974698,0.223527,9.669658,-3.829036,0.000689,1,1,17.133110,0.000000,0,0
1.929999,270.000000,73.090950,33.391620,1,1,1,1,2,2,0.749269,0.749260,0.749257,0.749257,0.749257,0.000000,0.974847,0.222874,0.000000,0.974845,0.222884,0.000000,0.974710,0.223471,9.675711,-3.829105,0.000794,1,1,17.138110,0.000000,0,0
1.939999,270.000000,73.052660,33.558720,1,1,1,1,2,2,0.749194,0.749194,0.749208,0.749208,0.749208,0.000000,0.974882,0.222723,0.000000,0.974882,0.222723,0.000000,0.974725,0.223407,9.684705,-3.829113,0.000799,1,1,17.143110,0.000000,0,0
1.949998,270.000000,73.014370,33.725870,1,1,1,1,2,2,0.749114,0.749092,0.749104,0.749104,0.749104,0.000000,0.974880,0.222730,0.000000,0.974882,0.222723,0.000000,0.974739,0.223348,9.698830,-3.829031,0.000989,1,1,17.148100,0.000000,0,0
1.959998,270.000000,72.976080,33.893070,1,1,1,1,2,2,0.749044,0.749035,0.749043,0.749046,0.749044,0.000000,0.974916,0.222572,0.000000,0.974923,0.222543,0.000000,0.974755,0.223279,9.705966,-3.828809,0.001136,1,1,17.153060,0.000000,0,0
1.969998,270.000000,72.937800,34.060330,1,1,1,1,2,2,0.748979,0.748979,0.748988,0.748988,0.748988,0.000000,0.974964,0.222363,0.000000,0.974968,0.222345,0.000000,0.974773,0.223199,9.715762,-3.828516,0.001157,1,1,17.158020,0.000000,0,0
1.979998,270.000000,72.899510,34.227630,1,1,1,1,2,2,0.748875,0.748854,0.748862,0.748862,0.748862,0.000000,0.974971,0.222333,0.000000,0.974968,0.222345,0.000000,0.974790,0.223125,9.732721,-3.828126,0.001395,1,1,17.162960,0.000000,0,0
1.989998,270.000000,72.861240,34.394990,1,1,1,1,2,2,0.748784,0.748775,0.748781,0.748781,0.748781,0.000000,0.975022,0.222108,0.000000,0.975018,0.222124,0.000000,0.974809,0.223039,9.742841,-3.827568,0.001578,1,1,17.167880,0.000000,0,0
1.999998,270.000000,72.822970,34.562400,1,1,1,1,2,2,0.748700,0.748700,0.748708,0.748708,0.748708,0.000000,0.975074,0.221882,0.000000,0.975074,0.221880,0.000000,0.974832,0.222939,9.755218,-3.826909,0.001618,1,1,17.172790,0.000000,0,0
2.009999,270.000000,72.784710,34.729860,1,1,1,1,2,2,0.748541,0.748532,0.748552,0.748552,0.748552,0.000000,0.975070,0.221896,0.000000,0.975074,0.221880,0.000000,0.974853,0.222848,9.775610,-3.826128,0.001931,1,1,17.177680,0.000000,0,0
2.019999,270.000000,72.746450,34.897370,1,1,1,1,2,2,0.748470,0.748460,0.748454,0.748454,0.748454,0.000000,0.975137,0.221603,0.000000,0.975135,0.221612,0.000000,0.974877,0.222742,9.787292,-3.825145,0.002179,1,1,17.182550,0.000000,0,0
2.029999,270.000000,72.708210,35.064940,1,1,1,1,2,2,0.748357,0.748357,0.748361,0.748361,0.748361,0.000000,0.975207,0.221294,0.000000,0.975202,0.221315,0.000000,0.974905,0.222619,9.802567,-3.824047,0.002250,1,1,17.187400,0.000000,0,0
2.039999,270.000000,72.669980,35.232560,1,1,1,1,2,2,0.748179,0.748172,0.748175,0.748175,0.748175,0.000000,0.975205,0.221304,0.000000,0.975202,0.221315,0.000000,0.974931,0.222507,9.826135,-3.822798,0.002657,1,1,17.192240,0.000000,0,0
2.049999,270.000000,72.631770,35.400230,1,1,1,1,2,2,0.748051,0.748042,0.748050,0.748050,0.748050,0.000000,0.975275,0.220995,0.000000,0.975276,0.220992,0.000000,0.974960,0.222376,9.840879,-3.821317,0.002977,1,1,17.197060,0.000000,0,0
2.059999,270.000000,72.593570,35.567950,1,1,1,1,2,2,0.747952,0.747952,0.747934,0.747934,0.747934,0.000000,0.975360,0.220618,0.000000,0.975357,0.220635,0.000000,0.974995,0.222226,9.859208,-3.819690,0.003096,1,1,17.201850,0.000000,0,0
2.069999,270.000000,72.555390,35.735730,1,1,1,1,2,2,0.747719,0.747723,0.747714,0.747714,0.747714,0.000000,0.975352,0.220655,0.000000,0.975357,0.220635,0.000000,0.975026,0.222089,9.885902,-3.817882,0.003621,1,1,17.206630,0.000000,0,0
2.079998,270.000000,72.517230,35.903560,1,1,1,1,2,2,0.747562,0.747573,0.747570,0.747570,0.747570,0.000000,0.975449,0.220226,0.000000,0.975445,0.220246,0.000000,0.975062,0.221931,9.902186,-3.815811,0.004026,1,1,17.211380,0.000000,0,0
2.089998,270.000000,72.479100,36.071450,1,1,1,1,2,2,0.747406,0.747406,0.747424,0.747425,0.747424,0.000000,0.975537,0.219834,0.000000,0.975541,0.219819,0.000000,0.975103,0.221749,9.924849,-3.813580,0.004182,1,1,17.216110,0.000000,0,0
2.099998,270.000000,72.440990,36.239380,1,1,1,1,2,2,0.747179,0.747157,0.747164,0.747164,0.747164,0.000000,0.975539,0.219828,0.000000,0.975541,0.219819,0.000000,0.975141,0.221583,9.955692,-3.811125,0.004836,1,1,17.220820,0.000000,0,0
2.109998,270.000000,72.402900,36.407380,1,1,1,1,2,2,0.746981,0.746992,0.746980,0.746980,0.746980,0.000000,0.975648,0.219341,0.000000,0.975645,0.219357,0.000000,0.975184,0.221391,9.976505,-3.808367,0.005343,1,1,17.225500,0.000000,0,0
2.119998,270.000000,72.364850,36.575420,1,1,1,1,2,2,0.746790,0.746790,0.746802,0.746803,0.746803,0.000000,0.975757,0.218856,0.000000,0.975759,0.218850,0.000000,0.975233,0.221173,10.003170,-3.805404,0.005574,1,1,17.230150,0.000000,0,0
2.129998,270.000000,72.326820,36.743520,1,1,1,1,2,2,0.746506,0.746483,0.746491,0.746491,0.746491,0.000000,0.975760,0.218842,0.000000,0.975759,0.218850,0.000000,0.975279,0.220973,10.039060,-3.802178,0.006399,1,1,17.234780,0.000000,0,0
2.139998,270.000000,72.288830,36.911680,1,1,1,1,2,2,0.746290,0.746280,0.746273,0.746269,0.746271,0.000000,0.975883,0.218294,0.000000,0.975881,0.218302,0.000000,0.975331,0.220743,10.063100,-3.798600,0.007047,1,1,17.239380,0.000000,0,0
2.149998,270.000000,72.250890,37.079890,1,1,1,1,2,2,0.746056,0.746056,0.746060,0.746061,0.746060,0.000000,0.976006,0.217742,0.000000,0.976014,0.217710,0.000000,0.975389,0.220482,10.093270,-3.794786,0.007378,1,1,17.243960,0.000000,0,0
2.159998,270.000000,72.212970,37.248160,1,1,1,1,2,2,0.745687,0.745700,0.745692,0.745692,0.745692,0.000000,0.976014,0.217706,0.000000,0.976014,0.217710,0.000000,0.975443,0.220243,10.134480,-3.790674,0.008401,1,1,17.248500,0.000000,0,0
2.169998,270.000000,72.175110,37.416480,1,1,1,1,2,2,0.745432,0.745423,0.745429,0.745429,0.745429,0.000000,0.976153,0.217082,0.000000,0.976157,0.217068,0.000000,0.975505,0.219970,10.162110,-3.786158,0.009215,1,1,17.253000,0.000000,0,0
2.179998,270.000000,72.137300,37.584860,1,1,1,1,2,2,0.745186,0.745186,0.745179,0.745179,0.745179,0.000000,0.976307,0.216389,0.000000,0.976311,0.216374,0.000000,0.975574,0.219660,10.196840,-3.781370,0.009657,1,1,17.257480,0.000000,0,0
2.189998,270.000000,72.099530,37.753300,1,1,1,1,2,2,0.760359,0.760359,0.744934,0.744938,0.744936,0.000000,0.998487,0.054991,0.000000,0.976476,0.215628,0.000000,0.975652,0.219313,10.238300,-3.776241,0.009774,1,1,17.261920,0.000000,0,0
2.199998,270.000000,72.061830,37.921790,1,1,1,1,2,2,0.744457,0.744461,0.744450,0.744450,0.744450,0.000000,0.976482,0.215597,0.000000,0.976476,0.215628,0.000000,0.975722,0.218996,10.300200,-3.770703,0.010826,1,1,17.266310,0.000000,0,0
2.209998,270.000000,72.024190,38.090350,1,1,1,1,2,2,0.744146,0.744146,0.744155,0.744155,0.744155,0.000000,0.976650,0.214836,0.000000,0.976652,0.214829,0.000000,0.975802,0.218637,10.330910,-3.764559,0.011753,1,1,17.270680,0.000000,0,0
2.219998,270.000000,71.986600,38.258960,1,1,1,1,2,2,0.751425,0.751425,0.743868,0.743868,0.743868,0.000000,0.988785,0.149348,0.000000,0.976840,0.213970,0.000000,0.975892,0.218237,10.371520,-3.758112,0.012232,1,1,17.275000,0.000000,0,0
2.229998,270.000000,71.949090,38.427630,1,1,1,1,2,2,0.743320,0.743312,0.743316,0.743317,0.743317,0.000000,0.976839,0.213978,0.000000,0.976840,0.213970,0.000000,0.975974,0.217869,10.434790,-3.751265,0.013701,1,1,17.279270,0.000000,0,0
2.239998,270.000000,71.911650,38.596360,1,1,1,1,2,2,0.742977,0.742977,0.742973,0.742972,0.742973,0.000000,0.977043,0.213045,0.000000,0.977041,0.213052,0.000000,0.976066,0.217456,10.465720,-3.743799,0.014977,1,1,17.283500,0.000000,0,0
2.249998,270.000000,71.874290,38.765160,1,1,1,1,2,2,0.742635,0.742635,0.742641,0.742641,0.742641,0.000000,0.977256,0.212064,0.000000,0.977255,0.212070,0.000000,0.976170,0.216992,10.509530,-3.736027,0.015649,1,1,17.287690,0.000000,0,0
2.259998,270.000000,71.837010,38.934010,1,1,1,1,2,2,0.742025,0.742016,0.742022,0.742023,0.742023,0.000000,0.977261,0.212040,0.000000,0.977255,0.212070,0.000000,0.976264,0.216569,10.576330,-3.727824,0.017470,1,1,17.291820,0.000000,0,0
2.269998,270.000000,71.799820,39.102920,1,1,1,1,2,2,0.741634,0.741634,0.741622,0.741622,0.741622,0.000000,0.977481,0.211023,0.000000,0.977480,0.211028,0.000000,0.976370,0.216093,10.610870,-3.718966,0.019017,1,1,17.295910,0.000000,0,0
2.279998,270.000000,71.762730,39.271900,1,1,1,1,2,2,0.741238,0.741238,0.741242,0.741242,0.741242,0.000000,0.977721,0.209907,0.000000,0.977719,0.209919,0.000000,0.976488,0.215562,10.657870,-3.709768,0.019919,1,1,17.299950,0.000000,0,0
2.289998,270.000000,71.725720,39.440940,1,1,1,1,2,2,0.740544,0.740535,0.740552,0.740552,0.740552,0.000000,0.977715,0.209937,0.000000,0.977719,0.209919,0.000000,0.976595,0.215076,10.729050,-3.700107,0.022083,1,1,17.303930,0.000000,0,0
2.299998,270.000000,71.688830,39.610040,1,1,1,1,2,2,0.740100,0.740100,0.740099,0.740099,0.740099,0.000000,0.977973,0.208730,0.000000,0.977970,0.208744,0.000000,0.976715,0.214532,10.766220,-3.689748,0.023902,1,1,17.307860,0.000000,0,0
2.309998,270.000000,71.652040,39.779200,1,1,1,1,2,2,0.739656,0.739656,0.739663,0.739663,0.739663,0.000000,0.978228,0.207536,0.000000,0.978235,0.207502,0.000000,0.976848,0.213927,10.818240,-3.679023,0.025012,1,1,17.311730,0.000000,0,0
2.319998,270.000000,71.615360,39.948430,1,1,1,1,2,2,0.738902,0.738894,0.738902,0.738902,0.738902,0.000000,0.978237,0.207492,0.000000,0.978235,0.207502,0.000000,0.976969,0.213374,10.893260,-3.667784,0.027541,1,1,17.315540,0.000000,0,0
2.329998,270.000000,71.578800,40.117720,1,1,1,1,2,2,0.738382,0.738382,0.738387,0.738387,0.738387,0.000000,0.978514,0.206180,0.000000,0.978512,0.206192,0.000000,0.977104,0.212757,10.933970,-3.655811,0.029669,1,1,17.319290,0.000000,0,0
2.339998,270.000000,71.542370,40.287080,1,1,1,1,2,2,0.737896,0.737896,0.737889,0.737889,0.737889,0.000000,0.978802,0.204807,0.000000,0.978801,0.204812,0.000000,0.977252,0.212074,10.991200,-3.643435,0.031025,1,1,17.322980,0.000000,0,0
2.349998,270.000000,71.506060,40.456490,1,1,1,1,2,2,0.737047,0.737071,0.737045,0.737049,0.737047,0.000000,0.978798,0.204829,0.000000,0.978801,0.204812,0.000000,0.977388,0.211450,11.070320,-3.630496,0.033977,1,1,17.326600,0.000000,0,0
2.359998,270.000000,71.469890,40.625980,1,1,1,1,2,2,0.736462,0.736462,0.736465,0.736464,0.736464,0.000000,0.979105,0.203355,0.000000,0.979103,0.203364,0.000000,0.977538,0.210755,11.114710,-3.616780,0.036454,1,1,17.330150,0.000000,0,0
2.369998,270.000000,71.433860,40.795530,1,1,1,1,2,2,0.735905,0.735905,0.735907,0.735907,0.735907,0.000000,0.979412,0.201872,0.000000,0.979416,0.201851,0.000000,0.977703,0.209989,11.175660,-3.602627,0.038097,1,1,17.333630,0.000000,0,0
2.379998,270.000000,71.397980,40.965150,1,1,1,1,2,2,0.735019,0.734987,0.734999,0.734998,0.734999,0.000000,0.979416,0.201850,0.000000,0.979416,0.201851,0.000000,0.977853,0.209290,11.255170,-3.587873,0.041513,1,1,17.337040,0.000000,0,0
2.389998,270.000000,71.362260,41.134830,1,1,1,1,2,2,0.734358,0.734358,0.734354,0.734354,0.734354,0.000000,0.979741,0.200271,0.000000,0.979741,0.200267,0.000000,0.978018,0.208515,11.301860,-3.572337,0.044354,1,1,17.340380,0.000000,0,0
2.399998,270.000000,71.326700,41.304580,1,1,1,1,2,2,0.733724,0.733724,0.733730,0.733730,0.733730,0.000000,0.980075,0.198628,0.000000,0.980076,0.198621,0.000000,0.978199,0.207664,11.366880,-3.556341,0.046315,1,1,17.343640,0.000000,0,0
2.409998,270.000000,71.291300,41.474400,1,1,1,1,2,2,0.732783,0.732763,0.732769,0.732769,0.732769,0.000000,0.980073,0.198640,0.000000,0.980076,0.198621,0.000000,0.978364,0.206887,11.444260,-3.539704,0.050201,1,1,17.346810,0.000000,0,0
2.419998,270.000000,71.256070,41.644290,1,1,1,1,2,2,0.732065,0.732057,0.732052,0.732053,0.732052,0.000000,0.980430,0.196868,0.000000,0.980422,0.196909,0.000000,0.978545,0.206030,11.494630,-3.522307,0.053419,1,1,17.349910,0.000000,0,0
2.429998,270.000000,71.221030,41.814240,1,1,1,1,2,2,0.731351,0.731351,0.731367,0.731367,0.731367,0.000000,0.980770,0.195168,0.000000,0.980775,0.195143,0.000000,0.978742,0.205094,11.561940,-3.504412,0.055737,1,1,17.352930,0.000000,0,0
2.439998,270.000000,71.186170,41.984260,1,1,1,1,2,2,0.730360,0.730342,0.730357,0.730357,0.730357,0.000000,0.980776,0.195138,0.000000,0.980775,0.195143,0.000000,0.978921,0.204239,11.635520,-3.485852,0.060137,1,1,17.355860,0.000000,0,0
2.449998,270.000000,71.151500,42.154350,1,1,1,1,2,2,0.729603,0.729584,0.729580,0.729580,0.729580,0.000000,0.981137,0.193315,0.000000,0.981138,0.193312,0.000000,0.979116,0.203300,11.686760,-3.466569,0.063760,1,1,17.358710,0.000000,0,0
2.459998,270.000000,71.117030,42.324510,1,1,1,1,2,2,0.728841,0.728841,0.728836,0.728835,0.728836,0.000000,0.981503,0.191450,0.000000,0.981506,0.191432,0.000000,0.979327,0.202280,11.755820,-3.446780,0.066439,1,1,17.361460,0.000000,0,0
2.469998,270.000000,71.082770,42.494740,1,1,1,1,2,2,0.727800,0.727804,0.727791,0.727791,0.727791,0.000000,0.981505,0.191437,0.000000,0.981506,0.191432,0.000000,0.979520,0.201347,11.823250,-3.426309,0.071336,1,1,17.364120,0.000000,0,0
2.479998,270.000000,71.048720,42.665040,1,1,1,1,2,2,0.726971,0.726952,0.726963,0.726963,0.726963,0.000000,0.981887,0.189466,0.000000,0.981880,0.189502,0.000000,0.979728,0.200329,11.873330,-3.405173,0.075380,1,1,17.366700,0.000000,0,0
2.489998,270.000000,71.014880,42.835400,1,1,1,1,2,2,0.726162,0.726162,0.726172,0.726171,0.726171,0.000000,0.982253,0.187562,0.000000,0.982258,0.187535,0.000000,0.979953,0.199230,11.941230,-3.383543,0.078450,1,1,17.369170,0.000000,0,0
2.499998,270.000000,70.981270,43.005830,1,1,1,1,2,2,0.732079,0.732079,0.725421,0.725418,0.725419,0.000000,0.995264,0.097212,0.000000,0.982640,0.185524,0.000000,0.980191,0.198052,12.020530,-3.361240,0.080787,1,1,17.371540,0.000000,0,0
2.509998,270.000000,70.947890,43.176330,1,1,1,1,2,2,0.724240,0.724223,0.724252,0.724252,0.724252,0.000000,0.982639,0.185528,0.000000,0.982640,0.185524,0.000000,0.980408,0.196975,12.110300,-3.338154,0.085689,1,1,17.373810,0.000000,0,0
2.519998,270.000000,70.914750,43.346900,1,1,1,1,2,2,0.723439,0.723439,0.723429,0.723429,0.723429,0.000000,0.983021,0.183494,0.000000,0.983023,0.183485,0.000000,0.980641,0.195815,12.153000,-3.314183,0.089995,1,1,17.375970,0.000000,0,0
2.529998,270.000000,70.881850,43.517540,1,1,1,1,2,2,0.722669,0.722669,0.722664,0.722664,0.722664,0.000000,0.983406,0.181417,0.000000,0.983405,0.181425,0.000000,0.980887,0.194578,12.209580,-3.289788,0.093337,1,1,17.378030,0.000000,0,0
2.539998,270.000000,70.849210,43.688250,1,1,1,1,2,2,0.721519,0.721512,0.721530,0.721531,0.721531,0.000000,0.983406,0.181417,0.000000,0.983405,0.181425,0.000000,0.981110,0.193448,12.271440,-3.264831,0.099110,1,1,17.379960,0.000000,0,0
2.549998,270.000000,70.816810,43.859020,1,1,1,1,2,2,0.720717,0.720717,0.720705,0.720706,0.720706,0.000000,0.983783,0.179361,0.000000,0.983785,0.179353,0.000000,0.981348,0.192237,12.299000,-3.239264,0.104040,1,1,17.381800,0.000000,0,0
2.559998,270.000000,70.784680,44.029860,1,1,1,1,2,2,0.719942,0.719942,0.719949,0.719949,0.719949,0.000000,0.984158,0.177294,0.000000,0.984162,0.177272,0.000000,0.981599,0.190951,12.341120,-3.213421,0.107900,1,1,17.383530,0.000000,0,0
2.569998,270.000000,70.752810,44.200770,1,1,1,1,2,2,0.718894,0.718877,0.718882,0.718882,0.718882,0.000000,0.984158,0.177293,0.000000,0.984162,0.177272,0.000000,0.981827,0.189775,12.380270,-3.187159,0.114105,1,1,17.385130,0.000000,0,0
2.579998,270.000000,70.721200,44.371740,1,1,1,1,2,2,0.718078,0.718078,0.718082,0.718082,0.718082,0.000000,0.984534,0.175194,0.000000,0.984533,0.175200,0.000000,0.982069,0.188522,12.396330,-3.160509,0.119319,1,1,17.386630,0.000000,0,0
2.589998,270.000000,70.689870,44.542770,1,1,1,1,2,2,0.717352,0.717352,0.717349,0.717349,0.717349,0.000000,0.984900,0.173125,0.000000,0.984898,0.173138,0.000000,0.982322,0.187200,12.427840,-3.133697,0.123434,1,1,17.388020,0.000000,0,0
2.599998,270.000000,70.658800,44.713870,1,1,1,1,2,2,0.716379,0.716372,0.716376,0.716376,0.716376,0.000000,0.984895,0.173156,0.000000,0.984898,0.173138,0.000000,0.982551,0.185991,12.444790,-3.106570,0.129855,1,1,17.389280,0.000000,0,0
2.609998,270.000000,70.628010,44.885030,1,1,1,1,2,2,0.715630,0.715642,0.715623,0.715623,0.715623,0.000000,0.985253,0.171102,0.000000,0.985252,0.171108,0.000000,0.982793,0.184711,12.449820,-3.079273,0.135167,1,1,17.390430,0.000000,0,0
2.619998,270.000000,70.597490,45.056240,1,1,1,1,2,2,0.714939,0.714939,0.714939,0.714939,0.714939,0.000000,0.985599,0.169099,0.000000,0.985597,0.169111,0.000000,0.983044,0.183371,12.469030,-3.051923,0.139423,1,1,17.391470,0.000000,0,0
2.629998,270.000000,70.567250,45.227510,1,1,1,1,2,2,0.714096,0.714090,0.714097,0.714097,0.714097,0.000000,0.985595,0.169124,0.000000,0.985597,0.169111,0.000000,0.983271,0.182145,12.461340,-3.024379,0.145883,1,1,17.392380,0.000000,0,0
2.639998,270.000000,70.537280,45.398840,1,1,1,1,2,2,0.713429,0.713422,0.713417,0.713417,0.713417,0.000000,0.985928,0.167172,0.000000,0.985928,0.167169,0.000000,0.983509,0.180858,12.454240,-2.996909,0.151156,1,1,17.393180,0.000000,0,0
2.649998,270.000000,70.507580,45.570230,1,1,1,1,2,2,0.712812,0.712812,0.712814,0.712814,0.712814,0.000000,0.986249,0.165265,0.000000,0.986246,0.165286,0.000000,0.983754,0.179519,12.458560,-2.969505,0.155421,1,1,17.393850,0.000000,0,0
2.659998,270.000000,70.478160,45.741660,1,1,1,1,2,2,0.712154,0.712147,0.712137,0.712137,0.712137,0.000000,0.986247,0.165281,0.000000,0.986246,0.165286,0.000000,0.983977,0.178295,12.424560,-2.942054,0.161747,1,1,17.394410,0.000000,0,0
2.669998,270.000000,70.449010,45.913150,1,1,1,1,2,2,0.711549,0.711543,0.711559,0.711559,0.711559,0.000000,0.986548,0.163471,0.000000,0.986546,0.163483,0.000000,0.984207,0.177022,12.403730,-2.914936,0.166828,1,1,17.394840,0.000000,0,0
2.679998,270.000000,70.420140,46.084690,1,1,1,1,2,2,0.711083,0.711083,0.711070,0.711067,0.711069,0.000000,0.986827,0.161780,0.000000,0.986830,0.161762,0.000000,0.984442,0.175711,12.389880,-2.888021,0.171006,1,1,17.395160,0.000000,0,0
2.689998,270.000000,70.391530,46.256280,1,1,1,1,2,2,0.714015,0.714015,0.710658,0.710658,0.710658,0.000000,0.994509,0.104652,0.000000,0.987093,0.160149,0.000000,0.984679,0.174373,12.377100,-2.861238,0.174564,1,1,17.395350,0.000000,0,0
2.699998,270.000000,70.363180,46.427910,1,1,1,1,2,2,0.710168,0.710161,0.710169,0.710169,0.710169,0.000000,0.987094,0.160145,0.000000,0.987093,0.160149,0.000000,0.984895,0.173151,12.331230,-2.834579,0.180005,1,1,17.395420,0.000000,0,0
2.709998,270.000000,70.335100,46.599580,1,1,1,1,2,2,0.709826,0.709826,0.709835,0.709836,0.709836,0.000000,0.987333,0.158664,0.000000,0.987335,0.158650,0.000000,0.985113,0.171905,12.279770,-2.808369,0.184552,1,1,17.395360,0.000000,0,0
2.719998,270.000000,70.307270,46.771290,1,1,1,1,2,2,0.709590,0.709590,0.709590,0.709590,0.709590,0.000000,0.987547,0.157322,0.000000,0.987553,0.157286,0.000000,0.985332,0.170648,12.230390,-2.782665,0.188384,1,1,17.395190,0.000000,0,0
2.729998,270.000000,70.279700,46.943040,1,1,1,1,2,2,0.709381,0.709374,0.709375,0.709375,0.709375,0.000000,0.987553,0.157286,0.000000,0.987553,0.157286,0.000000,0.985530,0.169500,12.140470,-2.757446,0.193606,1,1,17.394890,0.000000,0,0
2.739998,270.000000,70.252370,47.114830,1,1,1,1,2,2,0.709241,0.709241,0.709247,0.709247,0.709247,0.000000,0.987749,0.156052,0.000000,0.987748,0.156057,0.000000,0.985728,0.168344,12.061080,-2.733112,0.197780,1,1,17.394480,0.000000,0,0
2.749998,270.000000,70.225280,47.286640,1,1,1,1,2,2,0.709217,0.709217,0.709213,0.709213,0.709213,0.000000,0.987918,0.154978,0.000000,0.987916,0.154991,0.000000,0.985923,0.167196,11.981450,-2.709561,0.201283,1,1,17.393950,0.000000,0,0
2.759998,270.000000,70.198410,47.458490,1,1,1,1,2,2,0.709322,0.709316,0.709300,0.709300,0.709300,0.000000,0.987919,0.154968,0.000000,0.987916,0.154991,0.000000,0.986101,0.166147,11.856830,-2.686794,0.205712,1,1,17.393300,0.000000,0,0
2.769998,270.000000,70.171760,47.630360,1,1,1,1,2,2,0.709416,0.709416,0.709413,0.709413,0.709413,0.000000,0.988054,0.154111,0.000000,0.988057,0.154090,0.000000,0.986275,0.165110,11.753700,-2.665256,0.209092,1,1,17.392540,0.000000,0,0
2.779998,270.000000,70.145310,47.802250,1,1,1,1,2,2,0.709618,0.709618,0.709617,0.709617,0.709617,0.000000,0.988172,0.153347,0.000000,0.988168,0.153374,0.000000,0.986443,0.164101,11.648230,-2.644736,0.211911,1,1,17.391670,0.000000,0,0
2.789998,270.000000,70.119060,47.974170,1,1,1,1,2,2,0.710041,0.710035,0.710039,0.710039,0.710039,0.000000,0.988167,0.153383,0.000000,0.988168,0.153374,0.000000,0.986596,0.163178,11.491580,-2.625256,0.215195,1,1,17.390690,0.000000,0,0
2.799998,270.000000,70.092990,48.146100,1,1,1,1,2,2,0.710422,0.710412,0.710422,0.710422,0.710422,0.000000,0.988248,0.152861,0.000000,0.988249,0.152851,0.000000,0.986743,0.162290,11.366600,-2.607323,0.217498,1,1,17.389600,0.000000,0,0
2.809998,270.000000,70.067080,48.318040,1,1,1,1,2,2,0.710893,0.710893,0.710894,0.710894,0.710894,0.000000,0.988300,0.152521,0.000000,0.988298,0.152535,0.000000,0.986880,0.161451,11.235010,-2.590624,0.219413,1,1,17.388410,0.000000,0,0
2.819998,270.000000,70.041330,48.489990,1,1,1,1,2,2,0.711661,0.711655,0.711675,0.711675,0.711675,0.000000,0.988300,0.152521,0.000000,0.988298,0.152535,0.000000,0.987005,0.160685,11.049010,-2.575224,0.221283,1,1,17.387130,0.000000,0,0
2.829998,270.000000,70.015710,48.661950,1,1,1,1,2,2,0.712363,0.712358,0.712355,0.712356,0.712356,0.000000,0.988309,0.152463,0.000000,0.988314,0.152432,0.000000,0.987121,0.159976,10.902750,-2.561661,0.222276,1,1,17.385750,0.000000,0,0
2.839998,270.000000,69.990210,48.833920,1,1,1,1,2,2,0.713125,0.713125,0.713129,0.713129,0.713129,0.000000,0.988297,0.152542,0.000000,0.988296,0.152551,0.000000,0.987224,0.159338,10.745140,-2.549543,0.223055,1,1,17.384290,0.000000,0,0
2.849998,270.000000,69.964820,49.005880,1,1,1,1,2,2,0.702791,0.702772,0.713984,0.713984,0.713984,0.000000,0.992089,0.125536,0.000000,0.988240,0.152908,0.000000,0.987313,0.158785,10.574620,-2.538981,0.223749,1,1,17.382740,0.000000,0,0
2.859998,270.000000,69.939520,49.177840,1,1,1,1,2,2,0.715290,0.715284,0.715277,0.715277,0.715277,0.000000,0.988241,0.152908,0.000000,0.988240,0.152908,0.000000,0.987394,0.158280,10.347000,-2.530104,0.223576,1,1,17.381120,0.000000,0,0
2.869998,270.000000,69.914280,49.349790,1,1,1,1,2,2,0.716369,0.716369,0.716372,0.716372,0.716372,0.000000,0.988148,0.153502,0.000000,0.988148,0.153503,0.000000,0.987460,0.157870,10.170730,-2.523474,0.222774,1,1,17.379420,0.000000,0,0
2.879998,270.000000,69.889100,49.521730,1,1,1,1,2,2,0.717545,0.717545,0.717548,0.717548,0.717548,0.000000,0.988012,0.154379,0.000000,0.988017,0.154343,0.000000,0.987508,0.157566,9.976485,-2.518586,0.222094,1,1,17.377660,0.000000,0,0
2.889998,270.000000,69.863950,49.693660,1,1,1,1,2,2,0.719236,0.719240,0.719233,0.719233,0.719233,0.000000,0.988017,0.154343,0.000000,0.988017,0.154343,0.000000,0.987552,0.157289,9.727832,-2.515616,0.219928,1,1,17.375850,0.000000,0,0
2.899998,270.000000,69.838790,49.865570,1,1,1,1,2,2,0.720645,0.720645,0.720656,0.720656,0.720656,0.000000,0.987850,0.155412,0.000000,0.987847,0.155428,0.000000,0.987577,0.157128,9.536620,-2.515100,0.217334,1,1,17.373980,0.000000,0,0
2.909998,270.000000,69.813630,50.037460,1,1,1,1,2,2,0.722147,0.722147,0.722147,0.722147,0.722147,0.000000,0.987633,0.156785,0.000000,0.987635,0.156773,0.000000,0.987582,0.157098,9.324001,-2.516472,0.215107,1,1,17.372070,0.000000,0,0
2.919998,270.000000,69.788430,50.209320,1,1,1,1,2,2,0.724210,0.724204,0.724204,0.724204,0.724204,0.000000,0.987630,0.156802,0.000000,0.987635,0.156773,0.000000,0.987587,0.157070,9.061458,-2.519942,0.210801,1,1,17.370140,0.000000,0,0
2.929998,270.000000,69.763170,50.381160,1,1,1,1,2,2,0.725965,0.725965,0.725960,0.725959,0.725959,0.000000,0.987381,0.158365,0.000000,0.987381,0.158365,0.000000,0.987569,0.157181,8.857222,-2.526002,0.206325,1,1,17.368180,0.000000,0,0
2.939998,270.000000,69.737830,50.552960,1,1,1,1,2,2,0.727772,0.727772,0.727766,0.727766,0.727766,0.000000,0.987083,0.160212,0.000000,0.987083,0.160212,0.000000,0.987527,0.157442,8.628817,-2.534076,0.202440,1,1,17.366210,0.000000,0,0
2.949998,270.000000,69.712390,50.724730,1,1,1,1,2,2,0.730165,0.730159,0.730168,0.730168,0.730168,0.000000,0.987082,0.160217,0.000000,0.987083,0.160212,0.000000,0.987489,0.157681,8.359926,-2.544402,0.195883,1,1,17.364250,0.000000,0,0
2.959998,270.000000,69.686810,50.896460,1,1,1,1,2,2,0.732235,0.732219,0.732238,0.732238,0.732238,0.000000,0.986739,0.162316,0.000000,0.986740,0.162307,0.000000,0.987425,0.158079,8.147497,-2.557378,0.189451,1,1,17.362280,0.000000,0,0
2.969998,270.000000,69.661090,51.068150,1,1,1,1,2,2,0.734338,0.734338,0.734338,0.734342,0.734340,0.000000,0.986349,0.164667,0.000000,0.986351,0.164656,0.000000,0.987335,0.158645,7.908140,-2.572445,0.183858,1,1,17.360350,0.000000,0,0
2.979998,270.000000,69.635190,51.239790,1,1,1,1,2,2,0.737063,0.737067,0.737054,0.737054,0.737054,0.000000,0.986348,0.164672,0.000000,0.986351,0.164656,0.000000,0.987251,0.159162,7.639370,-2.589869,0.175032,1,1,17.358450,0.000000,0,0
2.989998,270.000000,69.609090,51.411380,1,1,1,1,2,2,0.739415,0.739409,0.739414,0.739415,0.739414,0.000000,0.985919,0.167223,0.000000,0.985917,0.167236,0.000000,0.987139,0.159858,7.422665,-2.609937,0.166663,1,1,17.356600,0.000000,0,0
2.999998,270.000000,69.582760,51.582920,1,1,1,1,2,2,0.741786,0.741786,0.741786,0.741789,0.741787,0.000000,0.985434,0.170057,0.000000,0.985435,0.170055,0.000000,0.986997,0.160735,7.177079,-2.632135,0.159347,1,1,17.354800,0.000000,0,0
3.009998,270.000000,69.556200,51.754410,1,1,1,1,2,2,0.744777,0.744770,0.744149,0.744149,0.744149,0.000000,0.985434,0.170062,0.000000,0.984905,0.173098,0.000000,0.986823,0.161800,6.911668,-2.656747,0.152887,1,1,17.353090,0.000000,0,0
3.019998,270.000000,69.529360,51.925830,1,1,1,1,2,2,0.747382,0.747395,0.747387,0.747387,0.747387,0.000000,0.984909,0.173074,0.000000,0.984905,0.173098,0.000000,0.986663,0.162773,6.594899,-2.683968,0.142183,1,1,17.351470,0.000000,0,0
3.029998,270.000000,69.502210,52.097200,1,1,1,1,2,2,0.749987,0.749987,0.749976,0.749975,0.749975,0.000000,0.984326,0.176356,0.000000,0.984326,0.176358,0.000000,0.986469,0.163943,6.386430,-2.714300,0.131811,1,1,17.349950,0.000000,0,0
3.039998,270.000000,69.474750,52.268500,1,1,1,1,2,2,0.733808,0.733808,0.752530,0.752530,0.752530,0.000000,0.951289,0.308301,0.000000,0.983701,0.179813,0.000000,0.986241,0.165311,6.148371,-2.746674,0.122852,1,1,17.348560,0.000000,0,0
3.049998,270.000000,69.446930,52.439730,1,1,1,1,2,2,0.755959,0.755952,0.755954,0.755954,0.755954,0.000000,0.983703,0.179803,0.000000,0.983701,0.179813,0.000000,0.986031,0.166560,5.864702,-2.781380,0.109461,1,1,17.347300,0.000000,0,0
3.059998,270.000000,69.418740,52.610890,1,1,1,1,2,2,0.758685,0.758685,0.758704,0.758703,0.758704,0.000000,0.983025,0.183475,0.000000,0.983027,0.183459,0.000000,0.985784,0.168016,5.681158,-2.818864,0.096910,1,1,17.346180,0.000000,0,0
3.069998,270.000000,69.390160,52.781970,1,1,1,1,2,2,0.761376,0.761376,0.761382,0.761382,0.761382,0.000000,0.982308,0.187275,0.000000,0.982307,0.187280,0.000000,0.985499,0.169677,5.464935,-2.858137,0.086161,1,1,17.345230,0.000000,0,0
3.079998,270.000000,69.361170,52.952970,1,1,1,1,2,2,0.764922,0.764927,0.764929,0.764929,0.764929,0.000000,0.982311,0.187256,0.000000,0.982307,0.187280,0.000000,0.985237,0.171194,5.208742,-2.899520,0.070772,1,1,17.344470,0.000000,0,0
3.089998,270.000000,69.331730,53.123890,1,1,1,1,2,2,0.767772,0.767772,0.767777,0.767777,0.767777,0.000000,0.981540,0.191259,0.000000,0.981540,0.191255,0.000000,0.984935,0.172924,5.047286,-2.943403,0.056603,1,1,17.343880,0.000000,0,0
3.099998,270.000000,69.301840,53.294730,1,1,1,1,2,2,0.770518,0.770518,0.770516,0.770516,0.770516,0.000000,0.980733,0.195351,0.000000,0.980730,0.195369,0.000000,0.984593,0.174859,4.853661,-2.988852,0.044496,1,1,17.343500,0.000000,0,0
3.109998,270.000000,69.271480,53.465490,1,1,1,1,2,2,0.774095,0.774088,0.774094,0.774094,0.774094,0.000000,0.980728,0.195376,0.000000,0.980730,0.195369,0.000000,0.984277,0.176628,4.629844,-3.036181,0.027563,1,1,17.343350,0.000000,0,0
3.119998,270.000000,69.240620,53.636150,1,1,1,1,2,2,0.776993,0.776994,0.776978,0.776978,0.776978,0.000000,0.979878,0.199599,0.000000,0.979877,0.199601,0.000000,0.983920,0.178609,4.491271,-3.085685,0.012197,1,1,17.343420,0.000000,0,0
3.129997,270.000000,69.209260,53.806730,1,1,1,1,2,2,0.779744,0.779744,0.779735,0.779735,0.779735,0.000000,0.978986,0.203928,0.000000,0.978983,0.203940,0.000000,0.983521,0.180794,4.318592,-3.136523,-0.000901,1,1,17.343730,0.000000,0,0
3.139997,270.000000,69.177370,53.977220,1,1,1,1,2,2,0.783292,0.783271,0.783280,0.783280,0.783280,0.000000,0.978988,0.203918,0.000000,0.978983,0.203940,0.000000,0.983152,0.182790,4.129085,-3.189029,-0.018990,1,1,17.344300,0.000000,0,0
3.149997,270.000000,69.144940,54.147610,1,1,1,1,2,2,0.786142,0.786120,0.786127,0.786127,0.786127,0.000000,0.978050,0.208372,0.000000,0.978054,0.208353,0.000000,0.982739,0.184995,4.018188,-3.243365,-0.035215,1,1,17.345130,0.000000,0,0
3.159997,270.000000,69.111950,54.317910,1,1,1,1,2,2,0.788812,0.788812,0.788821,0.788821,0.788821,0.000000,0.977089,0.212833,0.000000,0.977090,0.212828,0.000000,0.982284,0.187397,3.873713,-3.298758,-0.049010,1,1,17.346230,0.000000,0,0
3.169997,270.000000,69.078390,54.488110,1,1,1,1,2,2,0.792283,0.792260,0.792258,0.792258,0.792258,0.000000,0.977090,0.212826,0.000000,0.977090,0.212828,0.000000,0.981863,0.189591,3.721632,-3.355535,-0.067843,1,1,17.347610,0.000000,0,0
3.179997,270.000000,69.044260,54.658210,1,1,1,1,2,2,0.795022,0.795013,0.795011,0.795012,0.795011,0.000000,0.976094,0.217351,0.000000,0.976096,0.217342,0.000000,0.981398,0.191986,3.639688,-3.413768,-0.084569,1,1,17.349290,0.000000,0,0
3.189997,270.000000,69.009530,54.828210,1,1,1,1,2,2,0.797586,0.797586,0.797583,0.797582,0.797582,0.000000,0.975080,0.221852,0.000000,0.975075,0.221875,0.000000,0.980889,0.194565,3.526582,-3.472768,-0.098756,1,1,17.351250,0.000000,0,0
3.199997,270.000000,68.974200,54.998110,1,1,1,1,2,2,0.800823,0.800813,0.800827,0.800827,0.800827,0.000000,0.975077,0.221865,0.000000,0.975075,0.221875,0.000000,0.980419,0.196922,3.417463,-3.532840,-0.117936,1,1,17.353530,0.000000,0,0
3.209997,270.000000,68.938260,55.167910,1,1,1,1,2,2,0.803422,0.803399,0.803401,0.803402,0.803402,0.000000,0.974040,0.226375,0.000000,0.974034,0.226403,0.000000,0.979904,0.199467,3.370236,-3.593942,-0.134786,1,1,17.356110,0.000000,0,0
3.219997,270.000000,68.901700,55.337610,1,1,1,1,2,2,0.805776,0.805776,0.805785,0.805785,0.805785,0.000000,0.972979,0.230894,0.000000,0.972976,0.230906,0.000000,0.979348,0.202181,3.291326,-3.655467,-0.149009,1,1,17.359000,0.000000,0,0
3.229997,270.000000,68.864520,55.507200,1,1,1,1,2,2,0.808764,0.808755,0.807968,0.807968,0.807968,0.000000,0.972970,0.230931,0.000000,0.971907,0.235365,0.000000,0.978752,0.205047,3.198076,-3.717724,-0.161233,1,1,17.362220,0.000000,0,0
3.239997,270.000000,68.826710,55.676690,1,1,1,1,2,2,0.811114,0.811104,0.811109,0.811109,0.811109,0.000000,0.971908,0.235363,0.000000,0.971907,0.235365,0.000000,0.978200,0.207665,3.063746,-3.780854,-0.178687,1,1,17.365760,0.000000,0,0
3.249997,270.000000,68.788260,55.846080,1,1,1,1,2,2,0.813220,0.813220,0.813227,0.813223,0.813225,0.000000,0.970834,0.239752,0.000000,0.970833,0.239756,0.000000,0.977607,0.210436,3.076041,-3.845255,-0.194650,1,1,17.369640,0.000000,0,0
3.259997,270.000000,68.749170,56.015360,1,1,1,1,2,2,0.817282,0.817282,0.815117,0.815117,0.815117,0.000000,0.966672,0.256020,0.000000,0.969759,0.244066,0.000000,0.976978,0.213341,3.063058,-3.909492,-0.208000,1,1,17.373840,0.000000,0,0
3.269997,270.000000,68.709430,56.184540,1,1,1,1,2,2,0.817864,0.817855,0.817870,0.817870,0.817870,0.000000,0.969762,0.244054,0.000000,0.969759,0.244066,0.000000,0.976395,0.215994,3.007933,-3.973814,-0.225843,1,1,17.378370,0.000000,0,0
3.279997,270.000000,68.669040,56.353610,1,1,1,1,2,2,0.819646,0.819646,0.819641,0.819641,0.819641,0.000000,0.968686,0.248291,0.000000,0.968690,0.248272,0.000000,0.975774,0.218782,3.080072,-4.038631,-0.241724,1,1,17.383230,0.000000,0,0
3.289997,270.000000,68.628010,56.522590,1,1,1,1,2,2,0.793416,0.793416,0.821184,0.821184,0.821184,0.000000,0.926420,0.376493,0.000000,0.967635,0.252355,0.000000,0.975119,0.221682,3.121740,-4.102700,-0.254759,1,1,17.388400,0.000000,0,0
3.299997,270.000000,68.586350,56.691470,1,1,1,1,2,2,0.823490,0.823477,0.823488,0.823488,0.823488,0.000000,0.967630,0.252374,0.000000,0.967635,0.252355,0.000000,0.974513,0.224331,3.125554,-4.166321,-0.271736,1,1,17.393880,0.000000,0,0
3.309997,270.000000,68.544050,56.860240,1,1,1,1,2,2,0.824864,0.824864,0.824884,0.824884,0.824884,0.000000,0.966600,0.256289,0.000000,0.966598,0.256298,0.000000,0.973873,0.227092,3.238405,-4.229863,-0.286555,1,1,17.399680,0.000000,0,0
3.319997,270.000000,68.501130,57.028930,1,1,1,1,2,2,0.826057,0.826057,0.826044,0.826044,0.826044,0.000000,0.965581,0.260103,0.000000,0.965584,0.260091,0.000000,0.973204,0.229943,3.322084,-4.292265,-0.298517,1,1,17.405770,0.000000,0,0
3.329997,270.000000,68.457590,57.197520,1,1,1,1,2,2,0.827862,0.827863,0.827850,0.827850,0.827850,0.000000,0.965587,0.260082,0.000000,0.965584,0.260091,0.000000,0.972585,0.232547,3.376380,-4.353813,-0.313933,1,1,17.412150,0.000000,0,0
3.339997,270.000000,68.413440,57.366020,1,1,1,1,2,2,0.828815,0.828815,0.828831,0.828831,0.828831,0.000000,0.964599,0.263721,0.000000,0.964600,0.263718,0.000000,0.971937,0.235240,3.522523,-4.414794,-0.327097,1,1,17.418820,0.000000,0,0
3.349997,270.000000,68.368690,57.534430,1,1,1,1,2,2,0.829597,0.829597,0.829594,0.829594,0.829594,0.000000,0.963654,0.267155,0.000000,0.963652,0.267162,0.000000,0.971266,0.237998,3.638696,-4.474318,-0.337499,1,1,17.425750,0.000000,0,0
3.359997,270.000000,68.323360,57.702770,1,1,1,1,2,2,0.830901,0.830889,0.830889,0.830890,0.830889,0.000000,0.963662,0.267126,0.000000,0.963652,0.267162,0.000000,0.970645,0.240517,3.734627,-4.532678,-0.350907,1,1,17.432950,0.000000,0,0
3.369997,270.000000,68.277470,57.871020,1,1,1,1,2,2,0.831476,0.831476,0.831461,0.831462,0.831461,0.000000,0.962750,0.270394,0.000000,0.962745,0.270411,0.000000,0.970002,0.243099,3.905224,-4.590072,-0.362100,1,1,17.440410,0.000000,0,0
3.379997,270.000000,68.231010,58.039200,1,1,1,1,2,2,0.831820,0.831820,0.831821,0.831821,0.831821,0.000000,0.961885,0.273453,0.000000,0.961883,0.273461,0.000000,0.969340,0.245722,4.049745,-4.645780,-0.370730,1,1,17.448100,0.000000,0,0
3.389997,270.000000,68.184010,58.207320,1,1,1,1,2,2,0.832575,0.832586,0.832586,0.832586,0.832586,0.000000,0.961887,0.273447,0.000000,0.961883,0.273461,0.000000,0.968730,0.248118,4.184832,-4.700057,-0.381883,1,1,17.456020,0.000000,0,0
3.399997,270.000000,68.136480,58.375370,1,1,1,1,2,2,0.832737,0.832737,0.832736,0.832736,0.832736,0.000000,0.961075,0.276287,0.000000,0.961071,0.276302,0.000000,0.968103,0.250552,4.376493,-4.752996,-0.390873,1,1,17.464170,0.000000,0,0
3.409997,270.000000,68.088440,58.543360,1,1,1,1,2,2,0.832696,0.832696,0.832685,0.832685,0.832685,0.000000,0.960318,0.278909,0.000000,0.960314,0.278921,0.000000,0.967466,0.253003,4.545882,-4.804054,-0.397535,1,1,17.472520,0.000000,0,0
3.419997,270.000000,68.039900,58.711300,1,1,1,1,2,2,0.832920,0.832891,0.832919,0.832919,0.832919,0.000000,0.960310,0.278934,0.000000,0.960314,0.278921,0.000000,0.966878,0.255241,4.715289,-4.853449,-0.406224,1,1,17.481070,0.000000,0,0
3.429997,270.000000,67.990890,58.879180,1,1,1,1,2,2,0.832648,0.832648,0.832656,0.832656,0.832656,0.000000,0.959608,0.281340,0.000000,0.959615,0.281315,0.000000,0.966280,0.257493,4.922692,-4.901185,-0.412861,1,1,17.489810,0.000000,0,0
3.439997,270.000000,67.941420,59.047040,1,1,1,1,2,2,0.832193,0.832193,0.832213,0.832213,0.832213,0.000000,0.958972,0.283502,0.000000,0.958977,0.283483,0.000000,0.965680,0.259737,5.111325,-4.946896,-0.417453,1,1,17.498710,0.000000,0,0
3.449997,270.000000,67.891510,59.214850,1,1,1,1,2,2,0.831926,0.831913,0.831916,0.831916,0.831916,0.000000,0.958972,0.283502,0.000000,0.958977,0.283483,0.000000,0.965126,0.261787,5.312277,-4.990769,-0.423568,1,1,17.507770,0.000000,0,0
3.459997,270.000000,67.841190,59.382630,1,1,1,1,2,2,0.831278,0.831278,0.831258,0.831258,0.831258,0.000000,0.958410,0.285393,0.000000,0.958402,0.285421,0.000000,0.964570,0.263828,5.529649,-5.032686,-0.427748,1,1,17.516990,0.000000,0,0
3.469997,270.000000,67.790460,59.550400,1,1,1,1,2,2,0.830422,0.830422,0.830429,0.830429,0.830429,0.000000,0.957888,0.287144,0.000000,0.957893,0.287125,0.000000,0.964018,0.265839,5.734488,-5.072494,-0.430188,1,1,17.526340,0.000000,0,0
3.479997,270.000000,67.739360,59.718140,1,1,1,1,2,2,0.829631,0.829636,0.829648,0.829648,0.829648,0.000000,0.957894,0.287123,0.000000,0.957893,0.287125,0.000000,0.963509,0.267677,5.956686,-5.110316,-0.433650,1,1,17.535820,0.000000,0,0
3.489997,270.000000,67.687900,59.885880,1,1,1,1,2,2,0.828611,0.828611,0.828608,0.828608,0.828608,0.000000,0.957462,0.288561,0.000000,0.957452,0.288593,0.000000,0.963006,0.269482,6.182286,-5.145987,-0.435383,1,1,17.545410,0.000000,0,0
3.499997,270.000000,67.636100,60.053620,1,1,1,1,2,2,0.827441,0.827441,0.827420,0.827420,0.827420,0.000000,0.957078,0.289832,0.000000,0.957078,0.289830,0.000000,0.962513,0.271238,6.398467,-5.179479,-0.435672,1,1,17.555100,0.000000,0,0
3.509997,270.000000,67.583990,60.221360,1,1,1,1,2,2,0.826176,0.826163,0.826168,0.826168,0.826168,0.000000,0.957078,0.289832,0.000000,0.957078,0.289830,0.000000,0.962059,0.272842,6.639758,-5.210885,-0.436491,1,1,17.564890,0.000000,0,0
3.519997,270.000000,67.531590,60.389110,1,1,1,1,2,2,0.824770,0.824770,0.824777,0.824776,0.824776,0.000000,0.956765,0.290863,0.000000,0.956771,0.290842,0.000000,0.961617,0.274394,6.867647,-5.239965,-0.435757,1,1,17.574760,0.000000,0,0
3.529997,270.000000,67.478930,60.556880,1,1,1,1,2,2,0.823285,0.823285,0.823276,0.823276,0.823276,0.000000,0.956531,0.291632,0.000000,0.956533,0.291624,0.000000,0.961192,0.275881,7.086846,-5.266852,-0.433889,1,1,17.584710,0.000000,0,0
3.539997,270.000000,67.426010,60.724690,1,1,1,1,2,2,0.821616,0.821583,0.821594,0.821594,0.821594,0.000000,0.956540,0.291603,0.000000,0.956533,0.291624,0.000000,0.960801,0.277239,7.341296,-5.291632,-0.432109,1,1,17.594720,0.000000,0,0
3.549997,270.000000,67.372870,60.892520,1,1,1,1,2,2,0.819875,0.819886,0.819892,0.819890,0.819891,0.000000,0.956356,0.292203,0.000000,0.956362,0.292185,0.000000,0.960428,0.278528,7.565864,-5.313968,-0.428979,1,1,17.604780,0.000000,0,0
3.559997,270.000000,67.319530,61.060400,1,1,1,1,2,2,0.818098,0.818098,0.818088,0.818089,0.818088,0.000000,0.956255,0.292535,0.000000,0.956256,0.292530,0.000000,0.960078,0.279735,7.789077,-5.334150,-0.425064,1,1,17.614880,0.000000,0,0
3.569997,270.000000,67.266010,61.228320,1,1,1,1,2,2,0.816035,0.816022,0.816035,0.816035,0.816035,0.000000,0.956255,0.292535,0.000000,0.956256,0.292530,0.000000,0.959756,0.280837,8.048372,-5.352192,-0.420782,1,1,17.625030,0.000000,0,0
3.579997,270.000000,67.212330,61.396310,1,1,1,1,2,2,0.814075,0.814064,0.814057,0.814057,0.814057,0.000000,0.956222,0.292643,0.000000,0.956213,0.292670,0.000000,0.959457,0.281857,8.266412,-5.367750,-0.415373,1,1,17.635200,0.000000,0,0
3.589997,270.000000,67.158520,61.564360,1,1,1,1,2,2,0.812009,0.812009,0.812010,0.812010,0.812010,0.000000,0.956234,0.292605,0.000000,0.956233,0.292607,0.000000,0.959184,0.282783,8.484549,-5.381221,-0.409468,1,1,17.645400,0.000000,0,0
3.599997,270.000000,67.104590,61.732480,1,1,1,1,2,2,0.809646,0.809617,0.809639,0.809639,0.809639,0.000000,0.956234,0.292605,0.000000,0.956233,0.292607,0.000000,0.958935,0.283629,8.742518,-5.392606,-0.402817,1,1,17.655610,0.000000,0,0
3.609997,270.000000,67.050580,61.900670,1,1,1,1,2,2,0.807456,0.807426,0.807430,0.807430,0.807430,0.000000,0.956316,0.292334,0.000000,0.956310,0.292353,0.000000,0.958712,0.284380,8.949788,-5.401524,-0.395291,1,1,17.665830,0.000000,0,0
3.619997,270.000000,66.996490,62.068950,1,1,1,1,2,2,0.805189,0.805189,0.805185,0.805185,0.805185,0.000000,0.956445,0.291912,0.000000,0.956445,0.291914,0.000000,0.958519,0.285028,9.159299,-5.408461,-0.387581,1,1,17.676050,0.000000,0,0
3.629997,270.000000,66.942360,62.237330,1,1,1,1,2,2,0.802559,0.802547,0.802562,0.802562,0.802562,0.000000,0.956445,0.291912,0.000000,0.956445,0.291914,0.000000,0.958343,0.285620,9.409768,-5.413397,-0.378783,1,1,17.686280,0.000000,0,0
3.639997,270.000000,66.888200,62.405800,1,1,1,1,2,2,0.800188,0.800173,0.800172,0.800169,0.800170,0.000000,0.956633,0.291297,0.000000,0.956630,0.291306,0.000000,0.958197,0.286109,9.603266,-5.415941,-0.369360,1,1,17.696490,0.000000,0,0
3.649997,270.000000,66.834030,62.574380,1,1,1,1,2,2,0.797774,0.797774,0.797767,0.797767,0.797767,0.000000,0.956867,0.290525,0.000000,0.956865,0.290534,0.000000,0.958084,0.286489,9.800976,-5.416637,-0.360008,1,1,17.706690,0.000000,0,0
3.659997,270.000000,66.779880,62.743070,1,1,1,1,2,2,0.794958,0.794945,0.794956,0.794956,0.794956,0.000000,0.956867,0.290525,0.000000,0.956865,0.290534,0.000000,0.957979,0.286837,10.036920,-5.415446,-0.349252,1,1,17.716870,0.000000,0,0
3.669997,270.000000,66.725750,62.911880,1,1,1,1,2,2,0.792437,0.792426,0.792441,0.792441,0.792441,0.000000,0.957147,0.289602,0.000000,0.957144,0.289611,0.000000,0.957907,0.287076,10.211590,-5.412003,-0.338157,1,1,17.727030,0.000000,0,0
3.679997,270.000000,66.671680,63.080810,1,1,1,1,2,2,0.789956,0.789956,0.789928,0.789927,0.789927,0.000000,0.957467,0.288544,0.000000,0.957465,0.288548,0.000000,0.957869,0.287203,10.394580,-5.406892,-0.327390,1,1,17.737160,0.000000,0,0
3.689997,270.000000,66.617680,63.249860,1,1,1,1,2,2,0.787007,0.787012,0.787006,0.787006,0.787006,0.000000,0.957464,0.288552,0.000000,0.957465,0.288548,0.000000,0.957834,0.287318,10.610260,-5.400034,-0.314999,1,1,17.747270,0.000000,0,0
3.699997,270.000000,66.563770,63.419060,1,1,1,1,2,2,0.784398,0.784403,0.784417,0.784414,0.784416,0.000000,0.957815,0.287386,0.000000,0.957822,0.287362,0.000000,0.957833,0.287322,10.764890,-5.391117,-0.302534,1,1,17.757340,0.000000,0,0
3.709997,270.000000,66.509960,63.588390,1,1,1,1,2,2,0.781837,0.781837,0.781841,0.781843,0.781842,0.000000,0.958216,0.286047,0.000000,0.958213,0.286055,0.000000,0.957866,0.287213,10.930670,-5.380723,-0.290625,1,1,17.767370,0.000000,0,0
3.719997,270.000000,66.456280,63.757860,1,1,1,1,2,2,0.803002,0.803002,0.779306,0.779306,0.779306,0.000000,0.991386,0.130973,0.000000,0.958633,0.284646,0.000000,0.957932,0.286992,11.100840,-5.368745,-0.279147,1,1,17.777360,0.000000,0,0
3.729997,270.000000,66.402730,63.927480,1,1,1,1,2,2,0.776254,0.776237,0.776253,0.776253,0.776253,0.000000,0.958628,0.284664,0.000000,0.958633,0.284646,0.000000,0.957992,0.286790,11.313180,-5.355137,-0.265632,1,1,17.787310,0.000000,0,0
3.739997,270.000000,66.349330,64.097250,1,1,1,1,2,2,0.773677,0.773677,0.773681,0.773682,0.773682,0.000000,0.959086,0.283116,0.000000,0.959076,0.283149,0.000000,0.958086,0.286477,11.438160,-5.339497,-0.252081,1,1,17.797200,0.000000,0,0
3.749997,270.000000,66.296100,64.267180,1,1,1,1,2,2,0.771143,0.771143,0.771164,0.771164,0.771164,0.000000,0.959535,0.281591,0.000000,0.959540,0.281571,0.000000,0.958212,0.286056,11.573280,-5.322661,-0.239312,1,1,17.807040,0.000000,0,0
3.759997,270.000000,66.243050,64.437270,1,1,1,1,2,2,0.768158,0.768150,0.768155,0.768155,0.768155,0.000000,0.959544,0.281560,0.000000,0.959540,0.281571,0.000000,0.958327,0.285670,11.746960,-5.304529,-0.224547,1,1,17.816820,0.000000,0,0
3.769997,270.000000,66.190200,64.607520,1,1,1,1,2,2,0.765640,0.765640,0.765636,0.765634,0.765635,0.000000,0.960020,0.279932,0.000000,0.960021,0.279929,0.000000,0.958474,0.285176,11.840750,-5.284732,-0.210097,1,1,17.826540,0.000000,0,0
3.779997,270.000000,66.137560,64.777940,1,1,1,1,2,2,0.763167,0.763167,0.763195,0.763195,0.763195,0.000000,0.960515,0.278229,0.000000,0.960515,0.278229,0.000000,0.958651,0.284579,11.945460,-5.264035,-0.196649,1,1,17.836220,0.000000,0,0
3.789997,270.000000,66.085140,64.948520,1,1,1,1,2,2,0.760294,0.760296,0.760304,0.760304,0.760304,0.000000,0.960506,0.278259,0.000000,0.960515,0.278229,0.000000,0.958813,0.284034,12.081870,-5.242330,-0.181223,1,1,17.845820,0.000000,0,0
3.799997,270.000000,66.032940,65.119280,1,1,1,1,2,2,0.757871,0.757871,0.757891,0.757893,0.757892,0.000000,0.961011,0.276510,0.000000,0.961017,0.276490,0.000000,0.959005,0.283387,12.146500,-5.219315,-0.166368,1,1,17.855370,0.000000,0,0
3.809997,270.000000,65.980990,65.290210,1,1,1,1,2,2,0.755583,0.755583,0.755567,0.755567,0.755567,0.000000,0.961526,0.274713,0.000000,0.961525,0.274718,0.000000,0.959225,0.282642,12.225960,-5.195676,-0.152719,1,1,17.864850,0.000000,0,0
3.819997,270.000000,65.929280,65.461300,1,1,1,1,2,2,0.752848,0.752848,0.752848,0.752848,0.752848,0.000000,0.961522,0.274729,0.000000,0.961525,0.274718,0.000000,0.959425,0.281961,12.327470,-5.171268,-0.137127,1,1,17.874270,0.000000,0,0
3.829997,270.000000,65.877820,65.632580,1,1,1,1,2,2,0.750561,0.750561,0.750576,0.750572,0.750574,0.000000,0.962024,0.272966,0.000000,0.962034,0.272929,0.000000,0.959653,0.281185,12.368820,-5.145881,-0.122316,1,1,17.883620,0.000000,0,0
3.839997,270.000000,65.826610,65.804020,1,1,1,1,2,2,0.748442,0.748442,0.748404,0.748404,0.748404,0.000000,0.962549,0.271108,0.000000,0.962544,0.271126,0.000000,0.959905,0.280321,12.423410,-5.120090,-0.108780,1,1,17.892900,0.000000,0,0
3.849997,270.000000,65.775670,65.975650,1,1,1,1,2,2,0.745935,0.745895,0.745899,0.745899,0.745899,0.000000,0.962543,0.271130,0.000000,0.962544,0.271126,0.000000,0.960136,0.279531,12.490970,-5.093766,-0.093356,1,1,17.902100,0.000000,0,0
3.859997,270.000000,65.725010,66.147450,1,1,1,1,2,2,0.743781,0.743786,0.743802,0.743802,0.743802,0.000000,0.963043,0.269347,0.000000,0.963048,0.269330,0.000000,0.960391,0.278655,12.509650,-5.066787,-0.078905,1,1,17.911230,0.000000,0,0
3.869997,270.000000,65.674610,66.319420,1,1,1,1,2,2,0.741798,0.741798,0.741814,0.741814,0.741814,0.000000,0.963546,0.267542,0.000000,0.963546,0.267542,0.000000,0.960667,0.277700,12.541910,-5.039620,-0.065771,1,1,17.920290,0.000000,0,0
3.879997,270.000000,65.624480,66.491560,1,1,1,1,2,2,0.739572,0.739572,0.739572,0.739571,0.739572,0.000000,0.963546,0.267543,0.000000,0.963546,0.267542,0.000000,0.960919,0.276827,12.574510,-5.012133,-0.050832,1,1,17.929260,0.000000,0,0
3.889997,270.000000,65.574640,66.663880,1,1,1,1,2,2,0.737696,0.737711,0.737680,0.737680,0.737680,0.000000,0.964042,0.265750,0.000000,0.964034,0.265778,0.000000,0.961192,0.275878,12.572680,-4.984324,-0.037031,1,1,17.938150,0.000000,0,0
3.899997,270.000000,65.525070,66.836370,1,1,1,1,2,2,0.735890,0.735890,0.735903,0.735901,0.735902,0.000000,0.964526,0.263989,0.000000,0.964513,0.264036,0.000000,0.961483,0.274860,12.583820,-4.956522,-0.024559,1,1,17.946960,0.000000,0,0
3.909997,270.000000,65.475780,67.009030,1,1,1,1,2,2,0.749297,0.749297,0.734247,0.734247,0.734247,0.000000,0.988600,0.150566,0.000000,0.964976,0.262339,0.000000,0.961790,0.273785,12.598160,-4.928600,-0.013101,1,1,17.955680,0.000000,0,0
3.919997,270.000000,65.426780,67.181860,1,1,1,1,2,2,0.732263,0.732286,0.732296,0.732296,0.732296,0.000000,0.964970,0.262359,0.000000,0.964976,0.262339,0.000000,0.962070,0.272802,12.620400,-4.900527,0.000170,1,1,17.964300,0.000000,0,0
3.929997,270.000000,65.378060,67.354860,1,1,1,1,2,2,0.730792,0.730792,0.730766,0.730766,0.730766,0.000000,0.965428,0.260669,0.000000,0.965425,0.260682,0.000000,0.962364,0.271761,12.589060,-4.872230,0.012554,1,1,17.972840,0.000000,0,0
3.939997,270.000000,65.329620,67.528020,1,1,1,1,2,2,0.729337,0.729337,0.729362,0.729362,0.729362,0.000000,0.965862,0.259059,0.000000,0.965856,0.259080,0.000000,0.962671,0.270671,12.566810,-4.844222,0.023671,1,1,17.981270,0.000000,0,0
3.949997,270.000000,65.281460,67.701350,1,1,1,1,2,2,0.727755,0.727713,0.727748,0.727748,0.727748,0.000000,0.965861,0.259061,0.000000,0.965856,0.259080,0.000000,0.962951,0.269676,12.544960,-4.816414,0.036279,1,1,17.989600,0.000000,0,0
3.959997,270.000000,65.233570,67.874850,1,1,1,1,2,2,0.726494,0.726494,0.726474,0.726475,0.726475,0.000000,0.966283,0.257481,0.000000,0.966270,0.257533,0.000000,0.963242,0.268632,12.490570,-4.788806,0.047735,1,1,17.997850,0.000000,0,0
3.969997,270.000000,65.185950,68.048500,1,1,1,1,2,2,0.725335,0.725335,0.725336,0.725336,0.725336,0.000000,0.966647,0.256111,0.000000,0.966664,0.256049,0.000000,0.963543,0.267551,12.444370,-4.761711,0.057901,1,1,18.006000,0.000000,0,0
3.979997,270.000000,65.138600,68.222310,1,1,1,1,2,2,0.724062,0.724064,0.724067,0.724071,0.724069,0.000000,0.966654,0.256087,0.000000,0.966664,0.256049,0.000000,0.963817,0.266563,12.390180,-4.735047,0.069299,1,1,18.014040,0.000000,0,0
3.989997,270.000000,65.091510,68.396260,1,1,1,1,2,2,0.723058,0.723060,0.723069,0.723069,0.723069,0.000000,0.967040,0.254626,0.000000,0.967037,0.254635,0.000000,0.964100,0.265538,12.319630,-4.708895,0.079432,1,1,18.021980,0.000000,0,0
3.999997,270.000000,65.044680,68.570370,1,1,1,1,2,2,0.722219,0.722219,0.722190,0.722190,0.722190,0.000000,0.967386,0.253307,0.000000,0.967389,0.253296,0.000000,0.964389,0.264486,12.258450,-4.683411,0.088320,1,1,18.029830,0.000000,0,0
4.009997,270.000000,64.998090,68.744630,1,1,1,1,2,2,0.721287,0.721260,0.721269,0.721269,0.721269,0.000000,0.967384,0.253313,0.000000,0.967389,0.253296,0.000000,0.964652,0.263525,12.178640,-4.658505,0.098247,1,1,18.037570,0.000000,0,0
4.019997,270.000000,64.951750,68.919030,1,1,1,1,2,2,0.720558,0.720541,0.720546,0.720547,0.720546,0.000000,0.967719,0.252031,0.000000,0.967720,0.252028,0.000000,0.964922,0.262537,12.096620,-4.634359,0.106836,1,1,18.045210,0.000000,0,0
4.029997,270.000000,64.905640,69.093570,1,1,1,1,2,2,0.719916,0.719916,0.719932,0.719930,0.719931,0.000000,0.968016,0.250889,0.000000,0.968028,0.250842,0.000000,0.965195,0.261532,12.024680,-4.610993,0.114255,1,1,18.052740,0.000000,0,0
4.039998,270.000000,64.859760,69.268240,1,1,1,1,2,2,0.719446,0.719446,0.719432,0.719434,0.719433,0.000000,0.968313,0.249740,0.000000,0.968313,0.249740,0.000000,0.965469,0.260519,11.954110,-4.588310,0.120770,1,1,18.060170,0.000000,0,0
4.049998,270.000000,64.814090,69.443050,1,1,1,1,2,2,0.718899,0.718850,0.718878,0.718878,0.718878,0.000000,0.968308,0.249758,0.000000,0.968313,0.249740,0.000000,0.965718,0.259592,11.871560,-4.566296,0.128167,1,1,18.067500,0.000000,0,0
4.059998,270.000000,64.768650,69.618000,1,1,1,1,2,2,0.718506,0.718506,0.718529,0.718530,0.718530,0.000000,0.968574,0.248724,0.000000,0.968574,0.248727,0.000000,0.965968,0.258659,11.776580,-4.545069,0.134569,1,1,18.074720,0.000000,0,0
4.069998,270.000000,64.723400,69.793060,1,1,1,1,2,2,0.718276,0.718276,0.718289,0.718289,0.718289,0.000000,0.968806,0.247820,0.000000,0.968815,0.247787,0.000000,0.966218,0.257724,11.687430,-4.524749,0.139968,1,1,18.081840,0.000000,0,0
4.079998,270.000000,64.678340,69.968250,1,1,1,1,2,2,0.718060,0.718040,0.718052,0.718052,0.718052,0.000000,0.968819,0.247768,0.000000,0.968815,0.247787,0.000000,0.966446,0.256870,11.582500,-4.505280,0.145958,1,1,18.088850,0.000000,0,0
4.089999,270.000000,64.633480,70.143550,1,1,1,1,2,2,0.717987,0.717939,0.717955,0.717955,0.717955,0.000000,0.969026,0.246957,0.000000,0.969030,0.246944,0.000000,0.966672,0.256017,11.479080,-4.486815,0.150883,1,1,18.095770,0.000000,0,0
4.099999,270.000000,64.588780,70.318980,1,1,1,1,2,2,0.717945,0.717945,0.717962,0.717962,0.717962,0.000000,0.969225,0.246177,0.000000,0.969224,0.246180,0.000000,0.966895,0.255172,11.379840,-4.469342,0.154887,1,1,18.102580,0.000000,0,0
4.109999,270.000000,64.544260,70.494510,1,1,1,1,2,2,0.718044,0.718026,0.718022,0.718022,0.718022,0.000000,0.969224,0.246180,0.000000,0.969224,0.246180,0.000000,0.967099,0.254400,11.262260,-4.452818,0.159244,1,1,18.109300,0.000000,0,0
4.119999,270.000000,64.499890,70.670150,1,1,1,1,2,2,0.718136,0.718166,0.718163,0.718163,0.718163,0.000000,0.969394,0.245512,0.000000,0.969392,0.245517,0.000000,0.967299,0.253637,11.155680,-4.437423,0.162568,1,1,18.115920,0.000000,0,0
4.130000,270.000000,64.455660,70.845890,1,1,1,1,2,2,0.718383,0.718383,0.718396,0.718398,0.718397,0.000000,0.969530,0.244973,0.000000,0.969542,0.244926,0.000000,0.967495,0.252888,11.052820,-4.423051,0.165075,1,1,18.122450,0.000000,0,0
4.140000,270.000000,64.411560,71.021740,1,1,1,1,2,2,0.718689,0.718689,0.718697,0.718695,0.718696,0.000000,0.969671,0.244413,0.000000,0.969666,0.244436,0.000000,0.967685,0.252162,10.954090,-4.409665,0.166946,1,1,18.128890,0.000000,0,0
4.150000,270.000000,64.367580,71.197680,1,1,1,1,2,2,0.719057,0.719081,0.719059,0.719059,0.719059,0.000000,0.969669,0.244424,0.000000,0.969666,0.244436,0.000000,0.967858,0.251498,10.839320,-4.397226,0.168988,1,1,18.135230,0.000000,0,0
4.160000,270.000000,64.323720,71.373710,1,1,1,1,2,2,0.719505,0.719505,0.719489,0.719490,0.719490,0.000000,0.969771,0.244016,0.000000,0.969772,0.244015,0.000000,0.968024,0.250856,10.731870,-4.385890,0.170251,1,1,18.141490,0.000000,0,0
4.170001,270.000000,64.279970,71.549840,1,1,1,1,2,2,0.719995,0.719995,0.719987,0.719989,0.719988,0.000000,0.969852,0.243695,0.000000,0.969851,0.243698,0.000000,0.968183,0.250241,10.626650,-4.375587,0.170936,1,1,18.147670,0.000000,0,0
4.180001,270.000000,64.236310,71.726040,1,1,1,1,2,2,0.720591,0.720590,0.720583,0.720582,0.720582,0.000000,0.969851,0.243699,0.000000,0.969851,0.243698,0.000000,0.968329,0.249678,10.506430,-4.366294,0.171524,1,1,18.153760,0.000000,0,0
4.190001,270.000000,64.192730,71.902340,1,1,1,1,2,2,0.721201,0.721174,0.721198,0.721200,0.721199,0.000000,0.969914,0.243448,0.000000,0.969915,0.243444,0.000000,0.968467,0.249142,10.399490,-4.358159,0.171414,1,1,18.159780,0.000000,0,0
4.200001,270.000000,64.149220,72.078700,1,1,1,1,2,2,0.721878,0.721878,0.721870,0.721868,0.721869,0.000000,0.969963,0.243254,0.000000,0.969955,0.243284,0.000000,0.968596,0.248639,10.295100,-4.351053,0.170817,1,1,18.165720,0.000000,0,0
4.210001,270.000000,64.105770,72.255150,1,1,1,1,2,2,0.691000,0.691000,0.722578,0.722578,0.722578,0.000000,0.986304,0.164938,0.000000,0.969976,0.243201,0.000000,0.968716,0.248172,10.192950,-4.344951,0.169849,1,1,18.171600,0.000000,0,0
4.220002,270.000000,64.062370,72.431660,1,1,1,1,2,2,0.723410,0.723432,0.723414,0.723412,0.723413,0.000000,0.969972,0.243216,0.000000,0.969976,0.243201,0.000000,0.968825,0.247745,10.075040,-4.339831,0.168593,1,1,18.177400,0.000000,0,0
4.230002,270.000000,64.019010,72.608250,1,1,1,1,2,2,0.724226,0.724226,0.724232,0.724232,0.724232,0.000000,0.969980,0.243186,0.000000,0.969979,0.243190,0.000000,0.968925,0.247353,9.973170,-4.335847,0.166812,1,1,18.183150,0.000000,0,0
4.240002,270.000000,63.975690,72.784900,1,1,1,1,2,2,0.725056,0.725056,0.725075,0.725073,0.725074,0.000000,0.969965,0.243246,0.000000,0.969963,0.243253,0.000000,0.969014,0.247001,9.874511,-4.332844,0.164731,1,1,18.188840,0.000000,0,0
4.250002,270.000000,63.932380,72.961620,1,1,1,1,2,2,0.726068,0.726050,0.726053,0.726053,0.726053,0.000000,0.969962,0.243257,0.000000,0.969963,0.243253,0.000000,0.969096,0.246678,9.761668,-4.330790,0.162224,1,1,18.194470,0.000000,0,0
4.260003,270.000000,63.889080,73.138390,1,1,1,1,2,2,0.726961,0.726961,0.726977,0.726979,0.726978,0.000000,0.969931,0.243381,0.000000,0.969930,0.243385,0.000000,0.969168,0.246395,9.668538,-4.329823,0.159316,1,1,18.200050,0.000000,0,0
4.270003,270.000000,63.845780,73.315220,1,1,1,1,2,2,0.727941,0.727941,0.727927,0.727927,0.727927,0.000000,0.969882,0.243575,0.000000,0.969876,0.243598,0.000000,0.969229,0.246154,9.574480,-4.329753,0.156271,1,1,18.205580,0.000000,0,0
4.280003,270.000000,63.802480,73.492110,1,1,1,1,2,2,0.729038,0.728989,0.729017,0.729017,0.729017,0.000000,0.969876,0.243601,0.000000,0.969876,0.243598,0.000000,0.969285,0.245934,9.468928,-4.330589,0.152670,1,1,18.211080,0.000000,0,0
4.290003,270.000000,63.759160,73.669050,1,1,1,1,2,2,0.730056,0.730008,0.730028,0.730028,0.730028,0.000000,0.969812,0.243856,0.000000,0.969812,0.243855,0.000000,0.969330,0.245755,9.384550,-4.332441,0.148782,1,1,18.216530,0.000000,0,0
4.300004,270.000000,63.715810,73.846040,1,1,1,1,2,2,0.731067,0.731067,0.731057,0.731058,0.731057,0.000000,0.969724,0.244203,0.000000,0.969729,0.244185,0.000000,0.969364,0.245620,9.297328,-4.335104,0.144872,1,1,18.221950,0.000000,0,0
4.310004,270.000000,63.672420,74.023070,1,1,1,1,2,2,0.700889,0.700889,0.732085,0.732085,0.732085,0.000000,0.923113,0.384530,0.000000,0.969630,0.244575,0.000000,0.969387,0.245530,9.211020,-4.338608,0.140937,1,1,18.227340,0.000000,0,0
4.320004,270.000000,63.628990,74.200150,1,1,1,1,2,2,0.733284,0.733290,0.733281,0.733283,0.733282,0.000000,0.969628,0.244585,0.000000,0.969630,0.244575,0.000000,0.969408,0.245448,9.111979,-4.342942,0.136285,1,1,18.232710,0.000000,0,0
4.330004,270.000000,63.585510,74.377270,1,1,1,1,2,2,0.734369,0.734369,0.734362,0.734362,0.734362,0.000000,0.969530,0.244973,0.000000,0.969519,0.245017,0.000000,0.969418,0.245411,9.037533,-4.348229,0.131493,1,1,18.238050,0.000000,0,0
4.340004,270.000000,63.541970,74.554440,1,1,1,1,2,2,0.735445,0.735445,0.735436,0.735437,0.735437,0.000000,0.969386,0.245541,0.000000,0.969395,0.245507,0.000000,0.969416,0.245419,8.961019,-4.354232,0.126812,1,1,18.243380,0.000000,0,0
4.350005,270.000000,63.498360,74.731640,1,1,1,1,2,2,0.736649,0.736679,0.736666,0.736666,0.736666,0.000000,0.969397,0.245500,0.000000,0.969395,0.245507,0.000000,0.969414,0.245426,8.876146,-4.360971,0.121357,1,1,18.248700,0.000000,0,0
4.360005,270.000000,63.454670,74.908870,1,1,1,1,2,2,0.737764,0.737764,0.737770,0.737768,0.737769,0.000000,0.969259,0.246042,0.000000,0.969259,0.246042,0.000000,0.969401,0.245479,8.813539,-4.368526,0.115914,1,1,18.254000,0.000000,0,0
4.370005,270.000000,63.410900,75.086140,1,1,1,1,2,2,0.738865,0.738865,0.738859,0.738859,0.738859,0.000000,0.969113,0.246617,0.000000,0.969109,0.246632,0.000000,0.969376,0.245579,8.746903,-4.376682,0.110721,1,1,18.259300,0.000000,0,0
4.380005,270.000000,63.367050,75.263440,1,1,1,1,2,2,0.740092,0.740092,0.739941,0.739937,0.739939,0.000000,0.969113,0.246617,0.000000,0.968953,0.247246,0.000000,0.969339,0.245722,8.677527,-4.385478,0.105706,1,1,18.264600,0.000000,0,0
4.390006,270.000000,63.323100,75.440780,1,1,1,1,2,2,0.741216,0.741174,0.741200,0.741201,0.741200,0.000000,0.968957,0.247230,0.000000,0.968953,0.247246,0.000000,0.969306,0.245853,8.598502,-4.394940,0.099772,1,1,18.269900,0.000000,0,0
4.400006,270.000000,63.279050,75.618140,1,1,1,1,2,2,0.742296,0.742296,0.742281,0.742280,0.742281,0.000000,0.968787,0.247895,0.000000,0.968783,0.247909,0.000000,0.969261,0.246030,8.549905,-4.405162,0.093921,1,1,18.275200,0.000000,0,0
4.410006,270.000000,63.234890,75.795530,1,1,1,1,2,2,0.743355,0.743355,0.743345,0.743345,0.743345,0.000000,0.968609,0.248590,0.000000,0.968608,0.248592,0.000000,0.969205,0.246251,8.495402,-4.415848,0.088415,1,1,18.280510,0.000000,0,0
4.420006,270.000000,63.190620,75.972950,1,1,1,1,2,2,0.744580,0.744580,0.744570,0.744571,0.744570,0.000000,0.968608,0.248593,0.000000,0.968608,0.248592,0.000000,0.969154,0.246452,8.434298,-4.427057,0.082017,1,1,18.285840,0.000000,0,0
4.430007,270.000000,63.146230,76.150400,1,1,1,1,2,2,0.745633,0.745640,0.745636,0.745638,0.745637,0.000000,0.968428,0.249295,0.000000,0.968424,0.249309,0.000000,0.969091,0.246698,8.395627,-4.438851,0.075859,1,1,18.291180,0.000000,0,0
4.440007,270.000000,63.101720,76.327870,1,1,1,1,2,2,0.746689,0.746689,0.746667,0.746667,0.746667,0.000000,0.968232,0.250053,0.000000,0.968235,0.250043,0.000000,0.969017,0.246986,8.353006,-4.451013,0.070121,1,1,18.296530,0.000000,0,0
4.450007,270.000000,63.057090,76.505360,1,1,1,1,2,2,0.747838,0.747811,0.747667,0.747667,0.747667,0.000000,0.968232,0.250053,0.000000,0.968038,0.250805,0.000000,0.968933,0.247315,8.306631,-4.463582,0.064742,1,1,18.301910,0.000000,0,0
4.460007,270.000000,63.012320,76.682870,1,1,1,1,2,2,0.748869,0.748848,0.748856,0.748854,0.748855,0.000000,0.968035,0.250814,0.000000,0.968038,0.250805,0.000000,0.968856,0.247615,8.251108,-4.476594,0.058379,1,1,18.307310,0.000000,0,0
4.470007,270.000000,62.967420,76.860400,1,1,1,1,2,2,0.749824,0.749824,0.749832,0.749833,0.749832,0.000000,0.967838,0.251576,0.000000,0.967838,0.251573,0.000000,0.968768,0.247956,8.227947,-4.490139,0.052236,1,1,18.312740,0.000000,0,0
4.480008,270.000000,62.922380,77.037960,1,1,1,1,2,2,0.750771,0.750771,0.750775,0.750777,0.750776,0.000000,0.967638,0.252344,0.000000,0.967636,0.252351,0.000000,0.968672,0.248333,8.198713,-4.503901,0.046574,1,1,18.318190,0.000000,0,0
4.490008,270.000000,62.877200,77.215550,1,1,1,1,2,2,0.751868,0.751875,0.751871,0.751869,0.751870,0.000000,0.967638,0.252344,0.000000,0.967636,0.252351,0.000000,0.968583,0.248679,8.164267,-4.517940,0.040037,1,1,18.323680,0.000000,0,0
4.500008,270.000000,62.831870,77.393140,1,1,1,1,2,2,0.752794,0.752808,0.752789,0.752789,0.752789,0.000000,0.967430,0.253139,0.000000,0.967430,0.253139,0.000000,0.968485,0.249062,8.152047,-4.532305,0.033874,1,1,18.329190,0.000000,0,0
4.510008,270.000000,62.786410,77.570760,1,1,1,1,2,2,0.753667,0.753667,0.753666,0.753666,0.753666,0.000000,0.967235,0.253881,0.000000,0.967225,0.253922,0.000000,0.968377,0.249480,8.133200,-4.546783,0.028271,1,1,18.334740,0.000000,0,0
4.520009,270.000000,62.740790,77.748410,1,1,1,1,2,2,0.754661,0.754633,0.754651,0.754651,0.754651,0.000000,0.967221,0.253937,0.000000,0.967225,0.253922,0.000000,0.968279,0.249862,8.116421,-4.561437,0.021812,1,1,18.340320,0.000000,0,0
4.530009,270.000000,62.695030,77.926060,1,1,1,1,2,2,0.755515,0.755472,0.755491,0.755493,0.755492,0.000000,0.967013,0.254727,0.000000,0.967018,0.254709,0.000000,0.968171,0.250279,8.112510,-4.576247,0.015869,1,1,18.345930,0.000000,0,0
4.540009,270.000000,62.649120,78.103740,1,1,1,1,2,2,0.756306,0.756306,0.756293,0.756292,0.756292,0.000000,0.966819,0.255462,0.000000,0.966814,0.255482,0.000000,0.968055,0.250728,8.101480,-4.591088,0.010503,1,1,18.351580,0.000000,0,0
4.550009,270.000000,62.603060,78.281450,1,1,1,1,2,2,0.757044,0.757044,0.757046,0.757046,0.757046,0.000000,0.966618,0.256222,0.000000,0.966612,0.256243,0.000000,0.967933,0.251202,8.088739,-4.606030,0.005540,1,1,18.357280,0.000000,0,0
4.560009,270.000000,62.556850,78.459170,1,1,1,1,2,2,0.757909,0.757917,0.757918,0.757918,0.757918,0.000000,0.966616,0.256230,0.000000,0.966612,0.256243,0.000000,0.967820,0.251635,8.076909,-4.621090,-0.000310,1,1,18.363000,0.000000,0,0
4.570010,270.000000,62.510490,78.636910,1,1,1,1,2,2,0.758598,0.758598,0.758618,0.758618,0.758618,0.000000,0.966414,0.256990,0.000000,0.966415,0.256987,0.000000,0.967700,0.252096,8.085251,-4.636258,-0.005734,1,1,18.368770,0.000000,0,0
4.580010,270.000000,62.463970,78.814670,1,1,1,1,2,2,0.759265,0.759265,0.759280,0.759280,0.759280,0.000000,0.966228,0.257690,0.000000,0.966222,0.257710,0.000000,0.967574,0.252580,8.087120,-4.651340,-0.010623,1,1,18.374580,0.000000,0,0
4.590010,270.000000,62.417310,78.992450,1,1,1,1,2,2,0.759993,0.760014,0.760008,0.760008,0.760008,0.000000,0.966220,0.257720,0.000000,0.966222,0.257710,0.000000,0.967459,0.253023,8.095705,-4.666398,-0.016253,1,1,18.380430,0.000000,0,0
4.600010,270.000000,62.370490,79.170260,1,1,1,1,2,2,0.760603,0.760595,0.760603,0.760603,0.760603,0.000000,0.966040,0.258395,0.000000,0.966035,0.258412,0.000000,0.967337,0.253487,8.115154,-4.681366,-0.021363,1,1,18.386310,0.000000,0,0
4.610011,270.000000,62.323530,79.348080,1,1,1,1,2,2,0.761138,0.761138,0.761157,0.761157,0.761157,0.000000,0.965855,0.259083,0.000000,0.965859,0.259069,0.000000,0.967212,0.253968,8.129098,-4.696141,-0.025961,1,1,18.392240,0.000000,0,0
4.620011,270.000000,62.276420,79.525930,1,1,1,1,2,2,0.691924,0.691924,0.761650,0.761650,0.761650,0.000000,0.937923,0.346844,0.000000,0.965687,0.259708,0.000000,0.967082,0.254462,8.143214,-4.710776,-0.030125,1,1,18.398200,0.000000,0,0
4.630011,270.000000,62.229170,79.703800,1,1,1,1,2,2,0.762209,0.762223,0.762210,0.762214,0.762212,0.000000,0.965692,0.259690,0.000000,0.965687,0.259708,0.000000,0.966963,0.254914,8.161418,-4.725270,-0.034944,1,1,18.404210,0.000000,0,0
4.640011,270.000000,62.181770,79.881700,1,1,1,1,2,2,0.762647,0.762647,0.762648,0.762648,0.762648,0.000000,0.965529,0.260297,0.000000,0.965531,0.260288,0.000000,0.966841,0.255377,8.191471,-4.739582,-0.039338,1,1,18.410260,0.000000,0,0
4.650012,270.000000,62.134240,80.059620,1,1,1,1,2,2,0.763020,0.763020,0.763030,0.763032,0.763031,0.000000,0.965376,0.260863,0.000000,0.965380,0.260848,0.000000,0.966716,0.255847,8.219917,-4.753599,-0.043278,1,1,18.416340,0.000000,0,0
4.660012,270.000000,62.086570,80.237570,1,1,1,1,2,2,0.763413,0.763413,0.763426,0.763428,0.763427,0.000000,0.965378,0.260855,0.000000,0.965380,0.260848,0.000000,0.966602,0.256278,8.257211,-4.767335,-0.047666,1,1,18.422450,0.000000,0,0
4.670012,270.000000,62.038760,80.415550,1,1,1,1,2,2,0.763711,0.763731,0.763734,0.763734,0.763734,0.000000,0.965248,0.261335,0.000000,0.965248,0.261335,0.000000,0.966487,0.256713,8.298881,-4.780707,-0.051590,1,1,18.428610,0.000000,0,0
4.680012,270.000000,61.990830,80.593560,1,1,1,1,2,2,0.764009,0.764009,0.763998,0.763996,0.763997,0.000000,0.965132,0.261764,0.000000,0.965125,0.261788,0.000000,0.966371,0.257149,8.336789,-4.793671,-0.055045,1,1,18.434790,0.000000,0,0
4.690012,270.000000,61.942760,80.771600,1,1,1,1,2,2,0.741505,0.741505,0.764202,0.764202,0.764202,0.000000,0.932963,0.359974,0.000000,0.965020,0.262176,0.000000,0.966256,0.257582,8.377013,-4.806264,-0.058174,1,1,18.441010,0.000000,0,0
4.700013,270.000000,61.894580,80.949670,1,1,1,1,2,2,0.764420,0.764370,0.764391,0.764390,0.764390,0.000000,0.965023,0.262165,0.000000,0.965020,0.262176,0.000000,0.966150,0.257977,8.427884,-4.818465,-0.061608,1,1,18.447260,0.000000,0,0
4.710013,270.000000,61.846280,81.127770,1,1,1,1,2,2,0.764534,0.764534,0.764515,0.764517,0.764516,0.000000,0.964930,0.262507,0.000000,0.964930,0.262508,0.000000,0.966046,0.258367,8.479034,-4.830170,-0.064599,1,1,18.453540,0.000000,0,0
4.720013,270.000000,61.797870,81.305910,1,1,1,1,2,2,0.764602,0.764602,0.764592,0.764592,0.764592,0.000000,0.964857,0.262776,0.000000,0.964858,0.262772,0.000000,0.965945,0.258746,8.531502,-4.841377,-0.067288,1,1,18.459850,0.000000,0,0
4.730013,270.000000,61.749350,81.484090,1,1,1,1,2,2,0.764615,0.764614,0.764601,0.764601,0.764601,0.000000,0.964860,0.262764,0.000000,0.964858,0.262772,0.000000,0.965851,0.259092,8.598070,-4.852074,-0.070048,1,1,18.466180,0.000000,0,0
4.740014,270.000000,61.700730,81.662300,1,1,1,1,2,2,0.764562,0.764582,0.764582,0.764583,0.764582,0.000000,0.964802,0.262979,0.000000,0.964805,0.262967,0.000000,0.965761,0.259426,8.658752,-4.862123,-0.072376,1,1,18.472540,0.000000,0,0
4.750014,270.000000,61.652010,81.840550,1,1,1,1,2,2,0.764510,0.764510,0.764515,0.764513,0.764514,0.000000,0.964758,0.263139,0.000000,0.964767,0.263104,0.000000,0.965676,0.259743,8.720957,-4.871584,-0.074409,1,1,18.478910,0.000000,0,0
4.760014,270.000000,61.603200,82.018840,1,1,1,1,2,2,0.772623,0.772623,0.764409,0.764409,0.764409,0.000000,0.957406,0.288745,0.000000,0.964754,0.263152,0.000000,0.965596,0.260036,8.785101,-4.880441,-0.076249,1,1,18.485300,0.000000,0,0
4.770014,270.000000,61.554320,82.197180,1,1,1,1,2,2,0.764210,0.764159,0.764177,0.764177,0.764177,0.000000,0.964761,0.263130,0.000000,0.964754,0.263152,0.000000,0.965524,0.260304,8.867930,-4.888675,-0.077921,1,1,18.491710,0.000000,0,0
4.780015,270.000000,61.505360,82.375560,1,1,1,1,2,2,0.763983,0.763983,0.763974,0.763973,0.763973,0.000000,0.964772,0.263088,0.000000,0.964761,0.263128,0.000000,0.965458,0.260547,8.936903,-4.896107,-0.079237,1,1,18.498130,0.000000,0,0
4.790015,270.000000,61.456330,82.553990,1,1,1,1,2,2,0.763740,0.763740,0.763718,0.763718,0.763718,0.000000,0.964790,0.263021,0.000000,0.964788,0.263029,0.000000,0.965401,0.260761,9.011794,-4.902870,-0.080418,1,1,18.504560,0.000000,0,0
4.800015,270.000000,61.407240,82.732480,1,1,1,1,2,2,0.763306,0.763285,0.763304,0.763304,0.763304,0.000000,0.964790,0.263021,0.000000,0.964788,0.263029,0.000000,0.965348,0.260956,9.105230,-4.908907,-0.081195,1,1,18.511000,0.000000,0,0
4.810015,270.000000,61.358100,82.911010,1,1,1,1,2,2,0.762969,0.762948,0.762956,0.762956,0.762956,0.000000,0.964843,0.262827,0.000000,0.964838,0.262844,0.000000,0.965304,0.261119,9.179120,-4.914040,-0.081659,1,1,18.517440,0.000000,0,0
4.820015,270.000000,61.308910,83.089600,1,1,1,1,2,2,0.762579,0.762579,0.762563,0.762561,0.762562,0.000000,0.964912,0.262574,0.000000,0.964910,0.262580,0.000000,0.965270,0.261244,9.260178,-4.918457,-0.082083,1,1,18.523890,0.000000,0,0
4.830016,270.000000,61.259690,83.268250,1,1,1,1,2,2,0.762131,0.762131,0.762146,0.762146,0.762146,0.000000,0.965011,0.262211,0.000000,0.965009,0.262217,0.000000,0.965248,0.261328,9.345255,-4.922089,-0.082499,1,1,18.530320,0.000000,0,0
4.840016,270.000000,61.210450,83.446950,1,1,1,1,2,2,0.761471,0.761493,0.761480,0.761480,0.761480,0.000000,0.965006,0.262228,0.000000,0.965009,0.262217,0.000000,0.965227,0.261405,9.457513,-4.924897,-0.082199,1,1,18.536760,0.000000,0,0
4.850016,270.000000,61.161180,83.625720,1,1,1,1,2,2,0.760938,0.760938,0.760940,0.760940,0.760940,0.000000,0.965134,0.261756,0.000000,0.965125,0.261788,0.000000,0.965218,0.261438,9.539832,-4.926619,-0.081611,1,1,18.543190,0.000000,0,0
4.860016,270.000000,61.111900,83.804550,1,1,1,1,2,2,0.760371,0.760371,0.760378,0.760378,0.760378,0.000000,0.965260,0.261293,0.000000,0.965271,0.261249,0.000000,0.965223,0.261421,9.629470,-4.927545,-0.081143,1,1,18.549600,0.000000,0,0
4.870017,270.000000,61.062630,83.983440,1,1,1,1,2,2,0.759564,0.759544,0.759550,0.759552,0.759551,0.000000,0.965277,0.261230,0.000000,0.965271,0.261249,0.000000,0.965227,0.261407,9.743571,-4.927602,-0.079754,1,1,18.556000,0.000000,0,0
4.880017,270.000000,61.013360,84.162410,1,1,1,1,2,2,0.758884,0.758877,0.758870,0.758872,0.758871,0.000000,0.965444,0.260610,0.000000,0.965437,0.260638,0.000000,0.965245,0.261340,9.827502,-4.926557,-0.078211,1,1,18.562380,0.000000,0,0
4.890017,270.000000,60.964120,84.341450,1,1,1,1,2,2,0.758177,0.758177,0.758161,0.758163,0.758162,0.000000,0.965633,0.259910,0.000000,0.965629,0.259924,0.000000,0.965278,0.261218,9.922805,-4.924699,-0.076906,1,1,18.568740,0.000000,0,0
4.900017,270.000000,60.914890,84.520560,1,1,1,1,2,2,0.757416,0.757416,0.757442,0.757442,0.757442,0.000000,0.965837,0.259150,0.000000,0.965843,0.259127,0.000000,0.965327,0.261038,10.024650,-4.921919,-0.075771,1,1,18.575080,0.000000,0,0
4.910017,270.000000,60.865710,84.699750,1,1,1,1,2,2,0.756388,0.756353,0.756371,0.756371,0.756371,0.000000,0.965845,0.259121,0.000000,0.965843,0.259127,0.000000,0.965371,0.260874,10.156640,-4.918153,-0.073326,1,1,18.581380,0.000000,0,0
4.920018,270.000000,60.816580,84.879010,1,1,1,1,2,2,0.755546,0.755546,0.755524,0.755524,0.755524,0.000000,0.966077,0.258256,0.000000,0.966080,0.258243,0.000000,0.965432,0.260647,10.245480,-4.913110,-0.070759,1,1,18.587650,0.000000,0,0
4.930018,270.000000,60.767510,85.058360,1,1,1,1,2,2,0.754672,0.754672,0.754675,0.754673,0.754674,0.000000,0.966347,0.257243,0.000000,0.966343,0.257259,0.000000,0.965511,0.260356,10.344510,-4.907207,-0.068569,1,1,18.593890,0.000000,0,0
4.940018,270.000000,60.718510,85.237790,1,1,1,1,2,2,0.753484,0.753478,0.753481,0.753481,0.753481,0.000000,0.966349,0.257235,0.000000,0.966343,0.257259,0.000000,0.965582,0.260089,10.468750,-4.900344,-0.064916,1,1,18.600080,0.000000,0,0
4.950018,270.000000,60.669580,85.417300,1,1,1,1,2,2,0.752514,0.752472,0.752503,0.752506,0.752504,0.000000,0.966626,0.256192,0.000000,0.966624,0.256201,0.000000,0.965672,0.259755,10.556060,-4.892280,-0.061344,1,1,18.606240,0.000000,0,0
4.960019,270.000000,60.620750,85.596900,1,1,1,1,2,2,0.751527,0.751527,0.751527,0.751526,0.751527,0.000000,0.966922,0.255074,0.000000,0.966932,0.255036,0.000000,0.965781,0.259349,10.656640,-4.883369,-0.058286,1,1,18.612350,0.000000,0,0
4.970019,270.000000,60.572010,85.776600,1,1,1,1,2,2,0.750526,0.750526,0.750538,0.750540,0.750539,0.000000,0.967255,0.253806,0.000000,0.967254,0.253811,0.000000,0.965909,0.258873,10.768310,-4.873484,-0.055588,1,1,18.618420,0.000000,0,0
4.980019,270.000000,60.523390,85.956380,1,1,1,1,2,2,0.749123,0.749132,0.749137,0.749137,0.749137,0.000000,0.967255,0.253806,0.000000,0.967254,0.253811,0.000000,0.966026,0.258439,10.906730,-4.862515,-0.050989,1,1,18.624420,0.000000,0,0
4.990019,270.000000,60.474880,86.136260,1,1,1,1,2,2,0.748038,0.748038,0.748033,0.748033,0.748033,0.000000,0.967605,0.252471,0.000000,0.967602,0.252481,0.000000,0.966162,0.257927,10.994610,-4.850206,-0.046503,1,1,18.630370,0.000000,0,0
5.000020,270.000000,60.426510,86.316240,1,1,1,1,2,2,0.746929,0.746929,0.746940,0.746940,0.746940,0.000000,0.967969,0.251068,0.000000,0.967965,0.251084,0.000000,0.966319,0.257339,11.096650,-4.837044,-0.042648,1,1,18.636260,0.000000,0,0
5.010020,270.000000,60.378280,86.496320,1,1,1,1,2,2,0.745462,0.745477,0.745474,0.745474,0.745474,0.000000,0.967959,0.251110,0.000000,0.967965,0.251084,0.000000,0.966462,0.256802,11.215750,-4.822890,-0.036805,1,1,18.642090,0.000000,0,0
5.020020,270.000000,60.330210,86.676490,1,1,1,1,2,2,0.744268,0.744268,0.744264,0.744264,0.744264,0.000000,0.968348,0.249605,0.000000,0.968349,0.249602,0.000000,0.966627,0.256183,11.299210,-4.807582,-0.031364,1,1,18.647860,0.000000,0,0
5.030020,270.000000,60.282290,86.856770,1,1,1,1,2,2,0.743095,0.743095,0.743073,0.743072,0.743073,0.000000,0.968753,0.248030,0.000000,0.968749,0.248045,0.000000,0.966812,0.255484,11.398130,-4.791463,-0.026670,1,1,18.653560,0.000000,0,0
5.040020,270.000000,60.234550,87.037150,1,1,1,1,2,2,0.741869,0.741869,0.741887,0.741887,0.741887,0.000000,0.969159,0.246438,0.000000,0.969162,0.246424,0.000000,0.967018,0.254705,11.510170,-4.774382,-0.022533,1,1,18.659190,0.000000,0,0
5.050021,270.000000,60.186990,87.217640,1,1,1,1,2,2,0.740256,0.740256,0.740267,0.740267,0.740267,0.000000,0.969160,0.246431,0.000000,0.969162,0.246424,0.000000,0.967205,0.253994,11.640490,-4.756210,-0.016010,1,1,18.664740,0.000000,0,0
5.060021,270.000000,60.139620,87.398230,1,1,1,1,2,2,0.739005,0.738964,0.738996,0.738994,0.738995,0.000000,0.969586,0.244753,0.000000,0.969593,0.244725,0.000000,0.967413,0.253198,11.716980,-4.736773,-0.009830,1,1,18.670210,0.000000,0,0
5.070021,270.000000,60.092450,87.578930,1,1,1,1,2,2,0.737726,0.737726,0.737736,0.737738,0.737737,0.000000,0.970028,0.242992,0.000000,0.970032,0.242978,0.000000,0.967643,0.252320,11.812660,-4.716589,-0.004507,1,1,18.675600,0.000000,0,0
5.080021,270.000000,60.045500,87.759740,1,1,1,1,2,2,0.746035,0.746035,0.736503,0.736503,0.736503,0.000000,0.986728,0.162383,0.000000,0.970487,0.241156,0.000000,0.967893,0.251360,11.920160,-4.695472,0.000176,1,1,18.680910,0.000000,0,0
5.090022,270.000000,59.998760,87.940670,1,1,1,1,2,2,0.734787,0.734767,0.734777,0.734779,0.734778,0.000000,0.970487,0.241155,0.000000,0.970487,0.241156,0.000000,0.968120,0.250483,12.049960,-4.673306,0.007493,1,1,18.686120,0.000000,0,0
5.100022,270.000000,59.952270,88.121700,1,1,1,1,2,2,0.733482,0.733482,0.733475,0.733476,0.733475,0.000000,0.970943,0.239311,0.000000,0.970948,0.239292,0.000000,0.968368,0.249521,12.112890,-4.649876,0.014450,1,1,18.691250,0.000000,0,0
5.110022,270.000000,59.906010,88.302860,1,1,1,1,2,2,0.732202,0.732202,0.732199,0.732200,0.732200,0.000000,0.971425,0.237349,0.000000,0.971418,0.237377,0.000000,0.968637,0.248478,12.195830,-4.625830,0.020421,1,1,18.696280,0.000000,0,0
5.120022,270.000000,59.860000,88.484120,1,1,1,1,2,2,0.730535,0.730558,0.730533,0.730533,0.730533,0.000000,0.971419,0.237371,0.000000,0.971418,0.237377,0.000000,0.968881,0.247524,12.285710,-4.600970,0.028923,1,1,18.701220,0.000000,0,0
5.130023,270.000000,59.814250,88.665500,1,1,1,1,2,2,0.729211,0.729211,0.729202,0.729203,0.729202,0.000000,0.971891,0.235431,0.000000,0.971894,0.235417,0.000000,0.969146,0.246483,12.335440,-4.575234,0.036619,1,1,18.706060,0.000000,0,0
5.140023,270.000000,59.768760,88.847000,1,1,1,1,2,2,0.727896,0.727896,0.727907,0.727906,0.727906,0.000000,0.972383,0.233392,0.000000,0.972375,0.233423,0.000000,0.969431,0.245361,12.406710,-4.549008,0.043212,1,1,18.710810,0.000000,0,0
5.150023,270.000000,59.723540,89.028610,1,1,1,1,2,2,0.726676,0.726676,0.726656,0.726658,0.726657,0.000000,0.972868,0.231360,0.000000,0.972861,0.231391,0.000000,0.969734,0.244161,12.490670,-4.522081,0.048968,1,1,18.715450,0.000000,0,0
5.160023,270.000000,59.678590,89.210330,1,1,1,1,2,2,0.724995,0.724961,0.724983,0.724981,0.724982,0.000000,0.972860,0.231393,0.000000,0.972861,0.231391,0.000000,0.970010,0.243064,12.580840,-4.494328,0.057526,1,1,18.719980,0.000000,0,0
5.170023,270.000000,59.633930,89.392170,1,1,1,1,2,2,0.723684,0.723684,0.723686,0.723684,0.723685,0.000000,0.973350,0.229326,0.000000,0.973344,0.229349,0.000000,0.970304,0.241885,12.620890,-4.465694,0.065381,1,1,18.724420,0.000000,0,0
5.180024,270.000000,59.589570,89.574130,1,1,1,1,2,2,0.722462,0.722462,0.722448,0.722448,0.722448,0.000000,0.973839,0.227239,0.000000,0.973832,0.227268,0.000000,0.970616,0.240630,12.678200,-4.436661,0.072118,1,1,18.728740,0.000000,0,0
5.190024,270.000000,59.545500,89.756200,1,1,1,1,2,2,0.733273,0.733273,0.721260,0.721260,0.721260,0.000000,0.994642,0.103377,0.000000,0.974315,0.225191,0.000000,0.970944,0.239303,12.747600,-4.407062,0.078025,1,1,18.732950,0.000000,0,0
5.200024,270.000000,59.501730,89.938390,1,1,1,1,2,2,0.719647,0.719640,0.719646,0.719644,0.719645,0.000000,0.974314,0.225193,0.000000,0.974315,0.225191,0.000000,0.971242,0.238091,12.822200,-4.376776,0.086785,1,1,18.737030,0.000000,0,0
5.210024,270.000000,59.458270,90.120700,1,1,1,1,2,2,0.718456,0.718456,0.718447,0.718447,0.718447,0.000000,0.974808,0.223046,0.000000,0.974797,0.223094,0.000000,0.971557,0.236802,12.840560,-4.345757,0.094798,1,1,18.741000,0.000000,0,0
5.220025,270.000000,59.415130,90.303120,1,1,1,1,2,2,0.717315,0.717315,0.717315,0.717315,0.717315,0.000000,0.975274,0.221001,0.000000,0.975271,0.221011,0.000000,0.971887,0.235445,12.876530,-4.314549,0.101637,1,1,18.744860,0.000000,0,0
5.230025,270.000000,59.372300,90.485640,1,1,1,1,2,2,0.715885,0.715878,0.715882,0.715882,0.715882,0.000000,0.975271,0.221012,0.000000,0.975271,0.221011,0.000000,0.972187,0.234205,12.902160,-4.282980,0.111048,1,1,18.748600,0.000000,0,0
5.240025,270.000000,59.329790,90.668280,1,1,1,1,2,2,0.714732,0.714761,0.714748,0.714748,0.714748,0.000000,0.975738,0.218940,0.000000,0.975742,0.218926,0.000000,0.972502,0.232893,12.903260,-4.251154,0.119292,1,1,18.752220,0.000000,0,0
5.250025,270.000000,59.287590,90.851030,1,1,1,1,2,2,0.713686,0.713686,0.713691,0.713690,0.713690,0.000000,0.976201,0.216870,0.000000,0.976204,0.216855,0.000000,0.972831,0.231515,12.922870,-4.219308,0.126253,1,1,18.755720,0.000000,0,0
5.260026,270.000000,59.245720,91.033890,1,1,1,1,2,2,0.712694,0.712694,0.712694,0.712694,0.712694,0.000000,0.976665,0.214769,0.000000,0.976657,0.214806,0.000000,0.973172,0.230079,12.955320,-4.187260,0.132262,1,1,18.759100,0.000000,0,0
5.270026,270.000000,59.204170,91.216860,1,1,1,1,2,2,0.711416,0.711440,0.711421,0.711421,0.711421,0.000000,0.976658,0.214803,0.000000,0.976657,0.214806,0.000000,0.973481,0.228767,12.970600,-4.154884,0.140940,1,1,18.762340,0.000000,0,0
5.280026,270.000000,59.162950,91.399930,1,1,1,1,2,2,0.710478,0.710439,0.710457,0.710458,0.710457,0.000000,0.977103,0.212768,0.000000,0.977100,0.212779,0.000000,0.973803,0.227393,12.956910,-4.122352,0.148551,1,1,18.765470,0.000000,0,0
5.290026,270.000000,59.122050,91.583100,1,1,1,1,2,2,0.709550,0.709550,0.709569,0.709571,0.709570,0.000000,0.977522,0.210834,0.000000,0.977531,0.210792,0.000000,0.974135,0.225968,12.959040,-4.089942,0.154986,1,1,18.768460,0.000000,0,0
5.300026,270.000000,59.081470,91.766370,1,1,1,1,2,2,0.708762,0.708762,0.708766,0.708766,0.708766,0.000000,0.977947,0.208852,0.000000,0.977953,0.208828,0.000000,0.974475,0.224496,12.968660,-4.057502,0.160520,1,1,18.771330,0.000000,0,0
5.310027,270.000000,59.041230,91.949750,1,1,1,1,2,2,0.707728,0.707695,0.707699,0.707700,0.707699,0.000000,0.977953,0.208828,0.000000,0.977953,0.208828,0.000000,0.974784,0.223149,12.963180,-4.024956,0.168544,1,1,18.774050,0.000000,0,0
5.320027,270.000000,59.001300,92.133220,1,1,1,1,2,2,0.706919,0.706919,0.706945,0.706945,0.706945,0.000000,0.978352,0.206949,0.000000,0.978356,0.206929,0.000000,0.975102,0.221756,12.926570,-3.992455,0.175564,1,1,18.776650,0.000000,0,0
5.330027,270.000000,58.961700,92.316790,1,1,1,1,2,2,0.706276,0.706276,0.706277,0.706279,0.706278,0.000000,0.978740,0.205107,0.000000,0.978749,0.205063,0.000000,0.975427,0.220322,12.903760,-3.960303,0.181406,1,1,18.779120,0.000000,0,0
5.340027,270.000000,58.922410,92.500450,1,1,1,1,2,2,0.705469,0.705493,0.705705,0.705705,0.705705,0.000000,0.978748,0.205067,0.000000,0.979126,0.203256,0.000000,0.975757,0.218856,12.885880,-3.928363,0.186376,1,1,18.781450,0.000000,0,0
5.350028,270.000000,58.883450,92.684200,1,1,1,1,2,2,0.704897,0.704923,0.704900,0.704901,0.704901,0.000000,0.979130,0.203236,0.000000,0.979126,0.203256,0.000000,0.976057,0.217515,12.854080,-3.896587,0.193556,1,1,18.783640,0.000000,0,0
5.360028,270.000000,58.844800,92.868040,1,1,1,1,2,2,0.704390,0.704390,0.704397,0.704397,0.704397,0.000000,0.979480,0.201542,0.000000,0.979486,0.201511,0.000000,0.976362,0.216140,12.793630,-3.865115,0.199724,1,1,18.785700,0.000000,0,0
5.370028,270.000000,58.806450,93.051960,1,1,1,1,2,2,0.703986,0.703986,0.703991,0.703989,0.703990,0.000000,0.979818,0.199893,0.000000,0.979829,0.199837,0.000000,0.976671,0.214740,12.744080,-3.834225,0.204758,1,1,18.787620,0.000000,0,0
5.380028,270.000000,58.768420,93.235970,1,1,1,1,2,2,0.703507,0.703486,0.703493,0.703493,0.703493,0.000000,0.979832,0.199822,0.000000,0.979829,0.199837,0.000000,0.976952,0.213459,12.665790,-3.803811,0.211575,1,1,18.789410,0.000000,0,0
5.390028,270.000000,58.730670,93.420050,1,1,1,1,2,2,0.703174,0.703180,0.703169,0.703170,0.703169,0.000000,0.980155,0.198234,0.000000,0.980156,0.198228,0.000000,0.977237,0.212150,12.590030,-3.774156,0.217047,1,1,18.791070,0.000000,0,0
5.400029,270.000000,58.693220,93.604210,1,1,1,1,2,2,0.702937,0.702937,0.702940,0.702940,0.702940,0.000000,0.980474,0.196648,0.000000,0.980467,0.196683,0.000000,0.977524,0.210821,12.526690,-3.745236,0.221346,1,1,18.792600,0.000000,0,0
5.410029,270.000000,58.656050,93.788440,1,1,1,1,2,2,0.702799,0.702799,0.702797,0.702795,0.702796,0.000000,0.980753,0.195254,0.000000,0.980757,0.195234,0.000000,0.977812,0.209482,12.469540,-3.716927,0.224783,1,1,18.793990,0.000000,0,0
5.420029,270.000000,58.619160,93.972730,1,1,1,1,2,2,0.702602,0.702602,0.702598,0.702598,0.702598,0.000000,0.980754,0.195248,0.000000,0.980757,0.195234,0.000000,0.978074,0.208258,12.381540,-3.689170,0.229832,1,1,18.795250,0.000000,0,0
5.430029,270.000000,58.582540,94.157100,1,1,1,1,2,2,0.702564,0.702549,0.702555,0.702554,0.702555,0.000000,0.981032,0.193848,0.000000,0.981030,0.193855,0.000000,0.978336,0.207020,12.294560,-3.662269,0.233725,1,1,18.796370,0.000000,0,0
5.440030,270.000000,58.546180,94.341520,1,1,1,1,2,2,0.702597,0.702597,0.702605,0.702605,0.702605,0.000000,0.981282,0.192576,0.000000,0.981284,0.192565,0.000000,0.978599,0.205778,12.215450,-3.636214,0.236626,1,1,18.797370,0.000000,0,0
5.450030,270.000000,58.510070,94.526000,1,1,1,1,2,2,0.702719,0.702719,0.702736,0.702736,0.702736,0.000000,0.981517,0.191376,0.000000,0.981520,0.191361,0.000000,0.978858,0.204539,12.140680,-3.610927,0.238778,1,1,18.798240,0.000000,0,0
5.460030,270.000000,58.474210,94.710540,1,1,1,1,2,2,0.702833,0.702839,0.702850,0.702850,0.702850,0.000000,0.981518,0.191370,0.000000,0.981520,0.191361,0.000000,0.979094,0.203406,12.036850,-3.586366,0.242204,1,1,18.798980,0.000000,0,0
5.470030,270.000000,58.438580,94.895130,1,1,1,1,2,2,0.703108,0.703075,0.703100,0.703100,0.703100,0.000000,0.981735,0.190256,0.000000,0.981737,0.190243,0.000000,0.979329,0.202275,11.934320,-3.562819,0.244600,1,1,18.799590,0.000000,0,0
5.480031,270.000000,58.403170,95.079770,1,1,1,1,2,2,0.703432,0.703432,0.703425,0.703427,0.703426,0.000000,0.981925,0.189271,0.000000,0.981935,0.189221,0.000000,0.979560,0.201153,11.839690,-3.540271,0.246125,1,1,18.800080,0.000000,0,0
5.490031,270.000000,58.367980,95.264450,1,1,1,1,2,2,0.703842,0.703842,0.703842,0.703842,0.703842,0.000000,0.982110,0.188310,0.000000,0.982114,0.188286,0.000000,0.979786,0.200047,11.745230,-3.518646,0.246994,1,1,18.800450,0.000000,0,0
5.500031,270.000000,58.333000,95.449170,1,1,1,1,2,2,0.704243,0.704267,0.704268,0.704268,0.704268,0.000000,0.982114,0.188285,0.000000,0.982114,0.188286,0.000000,0.979992,0.199036,11.627490,-3.497942,0.248723,1,1,18.800690,0.000000,0,0
5.510031,270.000000,58.298220,95.633930,1,1,1,1,2,2,0.704795,0.704795,0.704795,0.704796,0.704796,0.000000,0.982267,0.187489,0.000000,0.982273,0.187458,0.000000,0.980193,0.198041,11.513440,-3.478389,0.249562,1,1,18.800820,0.000000,0,0
5.520031,270.000000,58.263620,95.818730,1,1,1,1,2,2,0.705402,0.705402,0.705398,0.705399,0.705398,0.000000,0.982422,0.186674,0.000000,0.982416,0.186706,0.000000,0.980390,0.197067,11.405020,-3.459951,0.249636,1,1,18.800840,0.000000,0,0
5.530032,270.000000,58.229200,96.003560,1,1,1,1,2,2,0.716266,0.716266,0.706077,0.706077,0.706077,0.000000,0.998236,0.059380,0.000000,0.982538,0.186062,0.000000,0.980580,0.196121,11.296710,-3.442573,0.249158,1,1,18.800750,0.000000,0,0
5.540032,270.000000,58.194930,96.188420,1,1,1,1,2,2,0.706808,0.706803,0.706806,0.706806,0.706806,0.000000,0.982533,0.186087,0.000000,0.982538,0.186062,0.000000,0.980752,0.195256,11.167560,-3.426253,0.249143,1,1,18.800540,0.000000,0,0
5.550032,270.000000,58.160820,96.373310,1,1,1,1,2,2,0.707600,0.707600,0.707599,0.707598,0.707598,0.000000,0.982641,0.185517,0.000000,0.982645,0.185498,0.000000,0.980919,0.194417,11.047200,-3.411197,0.248317,1,1,18.800230,0.000000,0,0
5.560032,270.000000,58.126850,96.558210,1,1,1,1,2,2,0.708446,0.708446,0.708453,0.708453,0.708453,0.000000,0.982724,0.185075,0.000000,0.982729,0.185049,0.000000,0.981078,0.193612,10.930270,-3.397320,0.246905,1,1,18.799830,0.000000,0,0
5.570033,270.000000,58.093010,96.743130,1,1,1,1,2,2,0.709386,0.709406,0.709412,0.709414,0.709413,0.000000,0.982730,0.185045,0.000000,0.982729,0.185049,0.000000,0.981223,0.192876,10.790180,-3.384586,0.245653,1,1,18.799330,0.000000,0,0
5.580033,270.000000,58.059270,96.928070,1,1,1,1,2,2,0.710373,0.710397,0.710369,0.710369,0.710369,0.000000,0.982802,0.184665,0.000000,0.982800,0.184676,0.000000,0.981361,0.192171,10.671130,-3.373225,0.243585,1,1,18.798730,0.000000,0,0
5.590033,270.000000,58.025640,97.113010,1,1,1,1,2,2,0.711375,0.711375,0.711381,0.711381,0.711381,0.000000,0.982845,0.184433,0.000000,0.982851,0.184401,0.000000,0.981492,0.191504,10.554110,-3.363030,0.241029,1,1,18.798050,0.000000,0,0
5.600033,270.000000,57.992100,97.297970,1,1,1,1,2,2,0.712431,0.712431,0.712449,0.712449,0.712449,0.000000,0.982880,0.184248,0.000000,0.982887,0.184209,0.000000,0.981614,0.190877,10.436990,-3.353981,0.238072,1,1,18.797290,0.000000,0,0
5.610034,270.000000,57.958640,97.482930,1,1,1,1,2,2,0.713634,0.713614,0.713630,0.713630,0.713630,0.000000,0.982890,0.184193,0.000000,0.982887,0.184209,0.000000,0.981725,0.190303,10.303130,-3.346078,0.234966,1,1,18.796460,0.000000,0,0
5.620034,270.000000,57.925250,97.667900,1,1,1,1,2,2,0.714801,0.714795,0.714792,0.714791,0.714792,0.000000,0.982904,0.184117,0.000000,0.982905,0.184111,0.000000,0.981828,0.189771,10.186870,-3.339487,0.231296,1,1,18.795540,0.000000,0,0
5.630034,270.000000,57.891910,97.852870,1,1,1,1,2,2,0.715991,0.715991,0.715986,0.715985,0.715986,0.000000,0.982915,0.184058,0.000000,0.982908,0.184097,0.000000,0.981922,0.189284,10.072240,-3.334034,0.227319,1,1,18.794570,0.000000,0,0
5.640034,270.000000,57.858610,98.037830,1,1,1,1,2,2,0.717230,0.717230,0.717217,0.717217,0.717217,0.000000,0.982891,0.184187,0.000000,0.982896,0.184162,0.000000,0.982007,0.188844,9.956754,-3.329704,0.223105,1,1,18.793530,0.000000,0,0
5.650034,270.000000,57.825340,98.222790,1,1,1,1,2,2,0.718571,0.718602,0.718584,0.718584,0.718584,0.000000,0.982898,0.184150,0.000000,0.982896,0.184162,0.000000,0.982084,0.188441,9.828436,-3.326505,0.218427,1,1,18.792430,0.000000,0,0
5.660035,270.000000,57.792100,98.407740,1,1,1,1,2,2,0.719898,0.719884,0.719891,0.719891,0.719891,0.000000,0.982868,0.184313,0.000000,0.982867,0.184314,0.000000,0.982152,0.188086,9.719936,-3.324563,0.213388,1,1,18.791280,0.000000,0,0
5.670035,270.000000,57.758860,98.592670,1,1,1,1,2,2,0.721242,0.721242,0.721223,0.721221,0.721222,0.000000,0.982833,0.184500,0.000000,0.982827,0.184531,0.000000,0.982210,0.187780,9.610505,-3.323683,0.208203,1,1,18.790090,0.000000,0,0
5.680035,270.000000,57.725620,98.777600,1,1,1,1,2,2,0.722561,0.722561,0.722575,0.722575,0.722575,0.000000,0.982771,0.184830,0.000000,0.982770,0.184832,0.000000,0.982258,0.187526,9.499503,-3.323874,0.202921,1,1,18.788850,0.000000,0,0
5.690035,270.000000,57.692370,98.962520,1,1,1,1,2,2,0.724059,0.724058,0.724072,0.724072,0.724072,0.000000,0.982771,0.184827,0.000000,0.982770,0.184832,0.000000,0.982302,0.187294,9.379690,-3.325151,0.196947,1,1,18.787580,0.000000,0,0
5.700036,270.000000,57.659100,99.147410,1,1,1,1,2,2,0.725469,0.725463,0.725475,0.725474,0.725475,0.000000,0.982700,0.185204,0.000000,0.982701,0.185197,0.000000,0.982337,0.187114,9.282347,-3.327601,0.190759,1,1,18.786280,0.000000,0,0
5.710036,270.000000,57.625790,99.332280,1,1,1,1,2,2,0.726916,0.726916,0.726893,0.726894,0.726894,0.000000,0.982618,0.185640,0.000000,0.982620,0.185628,0.000000,0.982361,0.186986,9.181000,-3.331003,0.184605,1,1,18.784950,0.000000,0,0
5.720036,270.000000,57.592430,99.517140,1,1,1,1,2,2,0.712708,0.712708,0.728303,0.728305,0.728304,0.000000,0.958353,0.285586,0.000000,0.982526,0.186127,0.000000,0.982375,0.186912,9.080504,-3.335396,0.178473,1,1,18.783610,0.000000,0,0
5.730036,270.000000,57.559020,99.701970,1,1,1,1,2,2,0.729878,0.729903,0.729881,0.729881,0.729881,0.000000,0.982526,0.186126,0.000000,0.982526,0.186127,0.000000,0.982388,0.186844,8.972059,-3.340772,0.171462,1,1,18.782250,0.000000,0,0
5.740036,270.000000,57.525550,99.886760,1,1,1,1,2,2,0.730824,0.731344,0.731333,0.731333,0.731333,0.000000,0.982549,0.186003,0.000000,0.982422,0.186674,0.000000,0.982391,0.186830,8.887751,-3.347207,0.164381,1,1,18.780880,0.000000,0,0
5.750037,270.000000,57.492000,100.071500,1,1,1,1,2,2,0.732771,0.732771,0.732770,0.732772,0.732771,0.000000,0.982302,0.187305,0.000000,0.982305,0.187288,0.000000,0.982384,0.186869,8.801015,-3.354465,0.157498,1,1,18.779510,0.000000,0,0
5.760037,270.000000,57.458370,100.256300,1,1,1,1,2,2,0.734339,0.734339,0.734202,0.734202,0.734202,0.000000,0.982302,0.187305,0.000000,0.982181,0.187935,0.000000,0.982366,0.186961,8.711826,-3.362570,0.150754,1,1,18.778140,0.000000,0,0
5.770037,270.000000,57.424660,100.441000,1,1,1,1,2,2,0.735789,0.735789,0.735805,0.735804,0.735805,0.000000,0.982181,0.187936,0.000000,0.982181,0.187935,0.000000,0.982350,0.187045,8.617653,-3.371546,0.142975,1,1,18.776770,0.000000,0,0
5.780037,270.000000,57.390850,100.625700,1,1,1,1,2,2,0.737248,0.737248,0.737249,0.737248,0.737248,0.000000,0.982048,0.188634,0.000000,0.982044,0.188651,0.000000,0.982324,0.187183,8.549359,-3.381440,0.135302,1,1,18.775420,0.000000,0,0
5.790038,270.000000,57.356930,100.810300,1,1,1,1,2,2,0.738645,0.738645,0.738666,0.738664,0.738665,0.000000,0.981901,0.189393,0.000000,0.981902,0.189388,0.000000,0.982288,0.187373,8.478084,-3.391998,0.127939,1,1,18.774080,0.000000,0,0
5.800038,270.000000,57.322900,100.995000,1,1,1,1,2,2,0.740229,0.740196,0.740214,0.740214,0.740214,0.000000,0.981906,0.189371,0.000000,0.981902,0.189388,0.000000,0.982255,0.187546,8.408329,-3.403250,0.119562,1,1,18.772760,0.000000,0,0
5.810038,270.000000,57.288740,101.179500,1,1,1,1,2,2,0.741653,0.741647,0.741636,0.741636,0.741636,0.000000,0.981753,0.190161,0.000000,0.981751,0.190171,0.000000,0.982211,0.187772,8.353517,-3.415180,0.111500,1,1,18.771460,0.000000,0,0
5.820038,270.000000,57.254470,101.364100,1,1,1,1,2,2,0.743034,0.743034,0.743018,0.743018,0.743018,0.000000,0.981592,0.190991,0.000000,0.981592,0.190990,0.000000,0.982158,0.188049,8.294834,-3.427641,0.103879,1,1,18.770190,0.000000,0,0
5.830039,270.000000,57.220060,101.548600,1,1,1,1,2,2,0.744382,0.744382,0.744376,0.744377,0.744377,0.000000,0.981432,0.191811,0.000000,0.981427,0.191834,0.000000,0.982095,0.188375,8.231182,-3.440672,0.096615,1,1,18.768950,0.000000,0,0
5.840039,270.000000,57.185520,101.733100,1,1,1,1,2,2,0.745865,0.745871,0.745865,0.745865,0.745865,0.000000,0.981430,0.191820,0.000000,0.981427,0.191834,0.000000,0.982038,0.188673,8.173305,-3.454320,0.088191,1,1,18.767740,0.000000,0,0
5.850039,270.000000,57.150830,101.917500,1,1,1,1,2,2,0.747202,0.747186,0.747194,0.747198,0.747196,0.000000,0.981256,0.192707,0.000000,0.981256,0.192710,0.000000,0.981970,0.189020,8.134030,-3.468529,0.080152,1,1,18.766570,0.000000,0,0
5.860039,270.000000,57.116000,102.101900,1,1,1,1,2,2,0.748482,0.748482,0.748493,0.748494,0.748493,0.000000,0.981082,0.193591,0.000000,0.981082,0.193593,0.000000,0.981895,0.189414,8.088227,-3.483116,0.072615,1,1,18.765450,0.000000,0,0
5.870039,270.000000,57.081020,102.286200,1,1,1,1,2,2,0.749745,0.749745,0.749743,0.749743,0.749743,0.000000,0.980906,0.194484,0.000000,0.980899,0.194518,0.000000,0.981810,0.189854,8.039638,-3.498145,0.065530,1,1,18.764370,0.000000,0,0
5.880040,270.000000,57.045880,102.470600,1,1,1,1,2,2,0.751137,0.751122,0.751130,0.751130,0.751130,0.000000,0.980894,0.194542,0.000000,0.980899,0.194518,0.000000,0.981732,0.190257,7.996429,-3.513644,0.057240,1,1,18.763330,0.000000,0,0
5.890040,270.000000,57.010580,102.654800,1,1,1,1,2,2,0.752330,0.752329,0.752342,0.752342,0.752342,0.000000,0.980716,0.195441,0.000000,0.980717,0.195433,0.000000,0.981646,0.190701,7.974991,-3.529559,0.049339,1,1,18.762350,0.000000,0,0
5.900040,270.000000,56.975120,102.839100,1,1,1,1,2,2,0.753531,0.753531,0.753508,0.753509,0.753508,0.000000,0.980527,0.196385,0.000000,0.980529,0.196375,0.000000,0.981551,0.191190,7.945205,-3.545676,0.042092,1,1,18.761420,0.000000,0,0
5.910040,270.000000,56.939500,103.023300,1,1,1,1,2,2,0.754613,0.754613,0.754620,0.754620,0.754620,0.000000,0.980333,0.197351,0.000000,0.980341,0.197313,0.000000,0.981449,0.191717,7.914331,-3.562077,0.035283,1,1,18.760540,0.000000,0,0
5.920041,270.000000,56.903710,103.207400,1,1,1,1,2,2,0.755866,0.755866,0.755869,0.755869,0.755869,0.000000,0.980335,0.197342,0.000000,0.980341,0.197313,0.000000,0.981355,0.192198,7.887940,-3.578774,0.027309,1,1,18.759720,0.000000,0,0
5.930041,270.000000,56.867760,103.391500,1,1,1,1,2,2,0.756945,0.756966,0.756941,0.756940,0.756940,0.000000,0.980149,0.198264,0.000000,0.980148,0.198266,0.000000,0.981252,0.192720,7.879797,-3.595721,0.019882,1,1,18.758960,0.000000,0,0
5.940041,270.000000,56.831630,103.575600,1,1,1,1,2,2,0.757945,0.757945,0.757948,0.757946,0.757947,0.000000,0.979950,0.199245,0.000000,0.979956,0.199214,0.000000,0.981142,0.193279,7.867179,-3.612740,0.013095,1,1,18.758250,0.000000,0,0
5.950041,270.000000,56.795330,103.759600,1,1,1,1,2,2,0.759042,0.759036,0.758906,0.758906,0.758906,0.000000,0.979950,0.199242,0.000000,0.979764,0.200157,0.000000,0.981026,0.193871,7.850284,-3.629875,0.006820,1,1,18.757610,0.000000,0,0
5.960042,270.000000,56.758860,103.943600,1,1,1,1,2,2,0.759993,0.759993,0.759997,0.759997,0.759997,0.000000,0.979765,0.200149,0.000000,0.979764,0.200157,0.000000,0.980919,0.194412,7.837919,-3.647168,-0.000584,1,1,18.757040,0.000000,0,0
5.970042,270.000000,56.722210,104.127600,1,1,1,1,2,2,0.760911,0.760911,0.760893,0.760893,0.760893,0.000000,0.979569,0.201109,0.000000,0.979570,0.201104,0.000000,0.980805,0.194988,7.846200,-3.664574,-0.007411,1,1,18.756520,0.000000,0,0
5.980042,270.000000,56.685390,104.311500,1,1,1,1,2,2,0.761715,0.761715,0.761734,0.761733,0.761734,0.000000,0.979376,0.202048,0.000000,0.979379,0.202033,0.000000,0.980684,0.195594,7.847849,-3.681891,-0.013575,1,1,18.756070,0.000000,0,0
5.990042,270.000000,56.648400,104.495400,1,1,1,1,2,2,0.762671,0.762637,0.762656,0.762656,0.762656,0.000000,0.979381,0.202021,0.000000,0.979379,0.202033,0.000000,0.980573,0.196148,7.858901,-3.699185,-0.020699,1,1,18.755690,0.000000,0,0
6.000042,270.000000,56.611240,104.679200,1,1,1,1,2,2,0.763465,0.763431,0.763432,0.763432,0.763432,0.000000,0.979186,0.202964,0.000000,0.979186,0.202964,0.000000,0.980456,0.196735,7.876923,-3.716362,-0.027057,1,1,18.755360,0.000000,0,0
6.010043,270.000000,56.573910,104.863000,1,1,1,1,2,2,0.764138,0.764138,0.764151,0.764152,0.764152,0.000000,0.978992,0.203898,0.000000,0.978997,0.203874,0.000000,0.980332,0.197350,7.886971,-3.733355,-0.032689,1,1,18.755100,0.000000,0,0
6.020043,270.000000,56.536400,105.046800,1,1,1,1,2,2,0.764826,0.764826,0.764819,0.764821,0.764820,0.000000,0.978819,0.204729,0.000000,0.978810,0.204772,0.000000,0.980204,0.197988,7.891694,-3.750242,-0.037739,1,1,18.754910,0.000000,0,0
6.030043,270.000000,56.498730,105.230500,1,1,1,1,2,2,0.765575,0.765598,0.765569,0.765569,0.765569,0.000000,0.978812,0.204759,0.000000,0.978810,0.204772,0.000000,0.980086,0.198572,7.906493,-3.767076,-0.043773,1,1,18.754780,0.000000,0,0
6.040043,270.000000,56.460900,105.414200,1,1,1,1,2,2,0.766158,0.766181,0.766168,0.766168,0.766168,0.000000,0.978626,0.205647,0.000000,0.978625,0.205655,0.000000,0.979962,0.199182,7.932105,-3.783759,-0.049153,1,1,18.754720,0.000000,0,0
6.050044,270.000000,56.422890,105.597800,1,1,1,1,2,2,0.766709,0.766709,0.766717,0.766717,0.766717,0.000000,0.978433,0.206565,0.000000,0.978442,0.206520,0.000000,0.979833,0.199814,7.948908,-3.800183,-0.053828,1,1,18.754720,0.000000,0,0
6.060044,270.000000,56.384730,105.781400,1,1,1,1,2,2,0.767208,0.767208,0.767197,0.767197,0.767197,0.000000,0.978257,0.207395,0.000000,0.978262,0.207374,0.000000,0.979700,0.200465,7.964170,-3.816437,-0.057952,1,1,18.754780,0.000000,0,0
6.070044,270.000000,56.346400,105.965000,1,1,1,1,2,2,0.767787,0.767788,0.767779,0.767779,0.767779,0.000000,0.978258,0.207391,0.000000,0.978262,0.207374,0.000000,0.979579,0.201060,7.983765,-3.832536,-0.062974,1,1,18.754920,0.000000,0,0
6.080044,270.000000,56.307920,106.148600,1,1,1,1,2,2,0.768209,0.768226,0.768211,0.768213,0.768212,0.000000,0.978089,0.208187,0.000000,0.978089,0.208188,0.000000,0.979453,0.201674,8.016192,-3.848436,-0.067435,1,1,18.755110,0.000000,0,0
6.090044,270.000000,56.269280,106.332100,1,1,1,1,2,2,0.768590,0.768590,0.768583,0.768585,0.768584,0.000000,0.977919,0.208986,0.000000,0.977915,0.209002,0.000000,0.979322,0.202305,8.042138,-3.864013,-0.071203,1,1,18.755370,0.000000,0,0
6.100045,270.000000,56.230490,106.515600,1,1,1,1,2,2,0.760855,0.760855,0.768907,0.768907,0.768907,0.000000,0.965428,0.260669,0.000000,0.977750,0.209776,0.000000,0.979189,0.202948,8.064607,-3.879331,-0.074480,1,1,18.755680,0.000000,0,0
6.110045,270.000000,56.191540,106.699100,1,1,1,1,2,2,0.769295,0.769325,0.769319,0.769317,0.769318,0.000000,0.977751,0.209769,0.000000,0.977750,0.209776,0.000000,0.979067,0.203535,8.092028,-3.894424,-0.078584,1,1,18.756070,0.000000,0,0
6.120045,270.000000,56.152450,106.882600,1,1,1,1,2,2,0.769602,0.769602,0.769582,0.769582,0.769582,0.000000,0.977592,0.210510,0.000000,0.977584,0.210546,0.000000,0.978942,0.204138,8.130729,-3.909243,-0.082084,1,1,18.756510,0.000000,0,0
6.130045,270.000000,56.113210,107.066000,1,1,1,1,2,2,0.769780,0.769780,0.769791,0.769791,0.769791,0.000000,0.977426,0.211279,0.000000,0.977427,0.211273,0.000000,0.978814,0.204752,8.164385,-3.923678,-0.084982,1,1,18.757010,0.000000,0,0
6.140046,270.000000,56.073830,107.249400,1,1,1,1,2,2,0.770041,0.770042,0.770046,0.770046,0.770046,0.000000,0.977428,0.211269,0.000000,0.977427,0.211273,0.000000,0.978696,0.205313,8.206131,-3.937780,-0.088535,1,1,18.757570,0.000000,0,0
6.150046,270.000000,56.034320,107.432700,1,1,1,1,2,2,0.770206,0.770213,0.770209,0.770209,0.770209,0.000000,0.977276,0.211973,0.000000,0.977273,0.211985,0.000000,0.978576,0.205887,8.247530,-3.951469,-0.091413,1,1,18.758190,0.000000,0,0
6.160046,270.000000,55.994670,107.616100,1,1,1,1,2,2,0.770325,0.770325,0.770319,0.770320,0.770320,0.000000,0.977123,0.212674,0.000000,0.977125,0.212668,0.000000,0.978453,0.206470,8.282738,-3.964749,-0.093667,1,1,18.758860,0.000000,0,0
6.170046,270.000000,55.954900,107.799400,1,1,1,1,2,2,0.770394,0.770394,0.770392,0.770393,0.770392,0.000000,0.976972,0.213368,0.000000,0.976981,0.213327,0.000000,0.978328,0.207060,8.312833,-3.977681,-0.095443,1,1,18.759580,0.000000,0,0
6.180047,270.000000,55.914990,107.982700,1,1,1,1,2,2,0.770534,0.770511,0.770515,0.770515,0.770515,0.000000,0.976984,0.213314,0.000000,0.976981,0.213327,0.000000,0.978214,0.207599,8.350177,-3.990315,-0.097866,1,1,18.760370,0.000000,0,0
6.190047,270.000000,55.874970,108.166000,1,1,1,1,2,2,0.770556,0.770516,0.770535,0.770535,0.770535,0.000000,0.976839,0.213978,0.000000,0.976841,0.213967,0.000000,0.978097,0.208147,8.392303,-4.002581,-0.099739,1,1,18.761200,0.000000,0,0
6.200047,270.000000,55.834820,108.349300,1,1,1,1,2,2,0.770508,0.770508,0.770519,0.770521,0.770520,0.000000,0.976708,0.214574,0.000000,0.976709,0.214568,0.000000,0.977980,0.208699,8.427539,-4.014432,-0.101087,1,1,18.762080,0.000000,0,0
6.210047,270.000000,55.794560,108.532600,1,1,1,1,2,2,0.770459,0.770459,0.770462,0.770462,0.770462,0.000000,0.976582,0.215146,0.000000,0.976579,0.215158,0.000000,0.977861,0.209254,8.459897,-4.025936,-0.102013,1,1,18.763020,0.000000,0,0
6.220047,270.000000,55.754190,108.715800,1,1,1,1,2,2,0.770462,0.770468,0.770462,0.770462,0.770462,0.000000,0.976580,0.215153,0.000000,0.976579,0.215158,0.000000,0.977752,0.209762,8.496428,-4.037121,-0.103516,1,1,18.764010,0.000000,0,0
6.230048,270.000000,55.713710,108.899000,1,1,1,1,2,2,0.770357,0.770373,0.770374,0.770374,0.770374,0.000000,0.976462,0.215692,0.000000,0.976458,0.215708,0.000000,0.977642,0.210274,8.537028,-4.047947,-0.104546,1,1,18.765040,0.000000,0,0
6.240048,270.000000,55.673130,109.082300,1,1,1,1,2,2,0.770230,0.770230,0.770251,0.770250,0.770250,0.000000,0.976341,0.216237,0.000000,0.976339,0.216244,0.000000,0.977532,0.210788,8.572678,-4.058374,-0.105126,1,1,18.766120,0.000000,0,0
6.250048,270.000000,55.632440,109.265500,1,1,1,1,2,2,0.763350,0.763350,0.770086,0.770088,0.770087,0.000000,0.966180,0.257868,0.000000,0.976227,0.216752,0.000000,0.977421,0.211301,8.606784,-4.068451,-0.105354,1,1,18.767250,0.000000,0,0
6.260048,270.000000,55.591660,109.448700,1,1,1,1,2,2,0.769998,0.770004,0.769980,0.769983,0.769981,0.000000,0.976228,0.216745,0.000000,0.976227,0.216752,0.000000,0.977319,0.211770,8.642653,-4.078194,-0.106071,1,1,18.768420,0.000000,0,0
6.270049,270.000000,55.550790,109.631900,1,1,1,1,2,2,0.769790,0.769790,0.769798,0.769798,0.769798,0.000000,0.976117,0.217247,0.000000,0.976120,0.217235,0.000000,0.977218,0.212239,8.683271,-4.087584,-0.106417,1,1,18.769640,0.000000,0,0
6.280049,270.000000,55.509820,109.815000,1,1,1,1,2,2,0.769579,0.769579,0.769575,0.769575,0.769575,0.000000,0.976016,0.217698,0.000000,0.976016,0.217699,0.000000,0.977115,0.212709,8.720231,-4.096577,-0.106329,1,1,18.770890,0.000000,0,0
6.290049,270.000000,55.468770,109.998200,1,1,1,1,2,2,0.769380,0.769387,0.769384,0.769384,0.769384,0.000000,0.976018,0.217691,0.000000,0.976016,0.217699,0.000000,0.977022,0.213139,8.761334,-4.105208,-0.106636,1,1,18.772190,0.000000,0,0
6.300049,270.000000,55.427630,110.181400,1,1,1,1,2,2,0.769155,0.769155,0.769145,0.769145,0.769145,0.000000,0.975919,0.218135,0.000000,0.975921,0.218125,0.000000,0.976928,0.213569,8.800573,-4.113436,-0.106521,1,1,18.773530,0.000000,0,0
6.310050,270.000000,55.386420,110.364600,1,1,1,1,2,2,0.768867,0.768867,0.768878,0.768878,0.768878,0.000000,0.975831,0.218526,0.000000,0.975827,0.218547,0.000000,0.976834,0.213997,8.835311,-4.121280,-0.106022,1,1,18.774900,0.000000,0,0
6.320050,270.000000,55.345130,110.547700,1,1,1,1,2,2,0.768585,0.768585,0.768595,0.768595,0.768595,0.000000,0.975732,0.218970,0.000000,0.975741,0.218930,0.000000,0.976741,0.214422,8.865785,-4.128785,-0.105243,1,1,18.776310,0.000000,0,0
6.330050,270.000000,55.303770,110.730900,1,1,1,1,2,2,0.768370,0.768329,0.768338,0.768338,0.768338,0.000000,0.975740,0.218933,0.000000,0.975741,0.218930,0.000000,0.976656,0.214809,8.901814,-4.135992,-0.104868,1,1,18.777760,0.000000,0,0
6.340050,270.000000,55.262340,110.914100,1,1,1,1,2,2,0.768050,0.768009,0.768039,0.768040,0.768039,0.000000,0.975653,0.219320,0.000000,0.975656,0.219309,0.000000,0.976571,0.215195,8.936690,-4.142847,-0.104145,1,1,18.779240,0.000000,0,0
6.350050,270.000000,55.220850,111.097200,1,1,1,1,2,2,0.767707,0.767707,0.767717,0.767716,0.767716,0.000000,0.975574,0.219670,0.000000,0.975578,0.219652,0.000000,0.976487,0.215577,8.969115,-4.149361,-0.103149,1,1,18.780750,0.000000,0,0
6.360051,270.000000,55.179290,111.280400,1,1,1,1,2,2,0.767382,0.767382,0.767388,0.767388,0.767388,0.000000,0.975505,0.219979,0.000000,0.975505,0.219978,0.000000,0.976403,0.215955,8.995840,-4.155559,-0.101886,1,1,18.782290,0.000000,0,0
6.370051,270.000000,55.137680,111.463600,1,1,1,1,2,2,0.767083,0.767090,0.767086,0.767086,0.767086,0.000000,0.975505,0.219979,0.000000,0.975505,0.219978,0.000000,0.976326,0.216302,9.026226,-4.161496,-0.100961,1,1,18.783870,0.000000,0,0
6.380051,270.000000,55.096010,111.646700,1,1,1,1,2,2,0.766728,0.766745,0.766735,0.766735,0.766735,0.000000,0.975439,0.220272,0.000000,0.975435,0.220290,0.000000,0.976249,0.216645,9.059185,-4.167138,-0.099782,1,1,18.785480,0.000000,0,0
6.390051,270.000000,55.054280,111.829900,1,1,1,1,2,2,0.766382,0.766382,0.766387,0.766389,0.766388,0.000000,0.975374,0.220558,0.000000,0.975370,0.220577,0.000000,0.976173,0.216983,9.085457,-4.172458,-0.098359,1,1,18.787120,0.000000,0,0
6.400052,270.000000,55.012510,112.013100,1,1,1,1,2,2,0.766040,0.766070,0.766019,0.766019,0.766019,0.000000,0.975369,0.220581,0.000000,0.975306,0.220856,0.000000,0.976099,0.217317,9.111238,-4.177522,-0.096765,1,1,18.788780,0.000000,0,0
6.410052,270.000000,54.970680,112.196300,1,1,1,1,2,2,0.765689,0.765681,0.765688,0.765684,0.765686,0.000000,0.975303,0.220874,0.000000,0.975306,0.220856,0.000000,0.976031,0.217621,9.137883,-4.182336,-0.095459,1,1,18.790470,0.000000,0,0
6.420052,270.000000,54.928810,112.379500,1,1,1,1,2,2,0.765300,0.765300,0.765315,0.765315,0.765315,0.000000,0.975245,0.221129,0.000000,0.975251,0.221100,0.000000,0.975963,0.217921,9.166992,-4.186890,-0.093980,1,1,18.792190,0.000000,0,0
6.430052,270.000000,54.886900,112.562700,1,1,1,1,2,2,0.764950,0.764950,0.764940,0.764938,0.764939,0.000000,0.975202,0.221317,0.000000,0.975195,0.221348,0.000000,0.975897,0.218216,9.191785,-4.191161,-0.092291,1,1,18.793930,0.000000,0,0
6.440053,270.000000,54.844950,112.745900,1,1,1,1,2,2,0.764592,0.764586,0.764583,0.764583,0.764583,0.000000,0.975202,0.221318,0.000000,0.975195,0.221348,0.000000,0.975837,0.218485,9.218989,-4.195191,-0.090836,1,1,18.795700,0.000000,0,0
6.450053,270.000000,54.802960,112.929100,1,1,1,1,2,2,0.764199,0.764206,0.764208,0.764208,0.764208,0.000000,0.975145,0.221570,0.000000,0.975146,0.221564,0.000000,0.975777,0.218750,9.244820,-4.198957,-0.089194,1,1,18.797490,0.000000,0,0
6.460053,270.000000,54.760940,113.112400,1,1,1,1,2,2,0.763841,0.763841,0.763828,0.763828,0.763828,0.000000,0.975103,0.221754,0.000000,0.975098,0.221776,0.000000,0.975719,0.219011,9.267153,-4.202471,-0.087375,1,1,18.799300,0.000000,0,0
6.470053,270.000000,54.718880,113.295600,1,1,1,1,2,2,0.763439,0.763439,0.763446,0.763446,0.763446,0.000000,0.975043,0.222017,0.000000,0.975054,0.221967,0.000000,0.975662,0.219265,9.287060,-4.205769,-0.085444,1,1,18.801130,0.000000,0,0
6.480053,270.000000,54.676790,113.478900,1,1,1,1,2,2,0.763116,0.763075,0.763087,0.763087,0.763087,0.000000,0.975051,0.221980,0.000000,0.975054,0.221967,0.000000,0.975609,0.219498,9.308332,-4.208874,-0.083731,1,1,18.802980,0.000000,0,0
6.490054,270.000000,54.634670,113.662200,1,1,1,1,2,2,0.762735,0.762701,0.762715,0.762716,0.762716,0.000000,0.975021,0.222114,0.000000,0.975013,0.222147,0.000000,0.975558,0.219726,9.328628,-4.211772,-0.081887,1,1,18.804850,0.000000,0,0
6.500054,270.000000,54.592530,113.845400,1,1,1,1,2,2,0.762337,0.762337,0.762336,0.762338,0.762337,0.000000,0.974971,0.222333,0.000000,0.974974,0.222317,0.000000,0.975508,0.219949,9.347401,-4.214473,-0.079934,1,1,18.806740,0.000000,0,0
6.510054,270.000000,54.550360,114.028700,1,1,1,1,2,2,0.761949,0.761949,0.761964,0.761964,0.761964,0.000000,0.974942,0.222461,0.000000,0.974941,0.222466,0.000000,0.975459,0.220165,9.363503,-4.216992,-0.077912,1,1,18.808650,0.000000,0,0
6.520054,270.000000,54.508160,114.212000,1,1,1,1,2,2,0.761599,0.761600,0.761607,0.761607,0.761607,0.000000,0.974943,0.222457,0.000000,0.974941,0.222466,0.000000,0.975414,0.220363,9.381672,-4.219356,-0.076086,1,1,18.810570,0.000000,0,0
6.530055,270.000000,54.465950,114.395400,1,1,1,1,2,2,0.761215,0.761244,0.761238,0.761238,0.761238,0.000000,0.974905,0.222622,0.000000,0.974906,0.222618,0.000000,0.975371,0.220557,9.399333,-4.221543,-0.074151,1,1,18.812500,0.000000,0,0
6.540055,270.000000,54.423710,114.578700,1,1,1,1,2,2,0.760867,0.760867,0.760876,0.760876,0.760876,0.000000,0.974868,0.222783,0.000000,0.974877,0.222745,0.000000,0.975328,0.220746,9.413979,-4.223560,-0.072147,1,1,18.814460,0.000000,0,0
6.550055,270.000000,54.381450,114.762100,1,1,1,1,2,2,0.760554,0.760519,0.760514,0.760514,0.760514,0.000000,0.974877,0.222746,0.000000,0.974848,0.222872,0.000000,0.975287,0.220929,9.427445,-4.225435,-0.070095,1,1,18.816420,0.000000,0,0
6.560055,270.000000,54.339180,114.945400,1,1,1,1,2,2,0.760204,0.760157,0.760177,0.760174,0.760175,0.000000,0.974848,0.222871,0.000000,0.974848,0.222872,0.000000,0.975249,0.221096,9.440857,-4.227180,-0.068209,1,1,18.818410,0.000000,0,0
6.570055,270.000000,54.296890,115.128800,1,1,1,1,2,2,0.759840,0.759840,0.759824,0.759824,0.759824,0.000000,0.974825,0.222972,0.000000,0.974824,0.222978,0.000000,0.975212,0.221258,9.455791,-4.228795,-0.066289,1,1,18.820400,0.000000,0,0
6.580056,270.000000,54.254590,115.312200,1,1,1,1,2,2,0.759482,0.759482,0.759482,0.759483,0.759482,0.000000,0.974796,0.223099,0.000000,0.974798,0.223091,0.000000,0.975177,0.221416,9.467085,-4.230265,-0.064298,1,1,18.822400,0.000000,0,0
6.590056,270.000000,54.212280,115.495700,1,1,1,1,2,2,0.759159,0.759151,0.759153,0.759153,0.759153,0.000000,0.974796,0.223099,0.000000,0.974798,0.223091,0.000000,0.975144,0.221560,9.479987,-4.231627,-0.062454,1,1,18.824420,0.000000,0,0
6.600056,270.000000,54.169950,115.679100,1,1,1,1,2,2,0.758832,0.758807,0.758826,0.758824,0.758825,0.000000,0.974780,0.223167,0.000000,0.974777,0.223183,0.000000,0.975112,0.221700,9.491469,-4.232863,-0.060565,1,1,18.826450,0.000000,0,0
6.610056,270.000000,54.127610,115.862600,1,1,1,1,2,2,0.758514,0.758514,0.758501,0.758505,0.758503,0.000000,0.974751,0.223294,0.000000,0.974756,0.223271,0.000000,0.975082,0.221835,9.501225,-4.233989,-0.058646,1,1,18.828480,0.000000,0,0
6.620057,270.000000,54.085260,116.046100,1,1,1,1,2,2,0.758166,0.758166,0.758182,0.758182,0.758182,0.000000,0.974739,0.223348,0.000000,0.974738,0.223353,0.000000,0.975052,0.221966,9.510379,-4.235021,-0.056717,1,1,18.830530,0.000000,0,0
6.630057,270.000000,54.042900,116.229600,1,1,1,1,2,2,0.757865,0.757881,0.757879,0.757879,0.757879,0.000000,0.974730,0.223385,0.000000,0.974738,0.223353,0.000000,0.975025,0.222085,9.519548,-4.235964,-0.054912,1,1,18.832580,0.000000,0,0
6.640057,270.000000,54.000530,116.413100,1,1,1,1,2,2,0.757588,0.757582,0.757576,0.757579,0.757577,0.000000,0.974723,0.223415,0.000000,0.974721,0.223427,0.000000,0.974999,0.222200,9.528048,-4.236819,-0.053089,1,1,18.834640,0.000000,0,0
6.650057,270.000000,53.958150,116.596600,1,1,1,1,2,2,0.757279,0.757279,0.757277,0.757276,0.757277,0.000000,0.974696,0.223536,0.000000,0.974705,0.223497,0.000000,0.974974,0.222312,9.536050,-4.237592,-0.051254,1,1,18.836710,0.000000,0,0
6.660058,270.000000,53.915770,116.780200,1,1,1,1,2,2,0.756988,0.756988,0.756989,0.756991,0.756990,0.000000,0.974693,0.223550,0.000000,0.974691,0.223558,0.000000,0.974949,0.222419,9.541591,-4.238288,-0.049424,1,1,18.838790,0.000000,0,0
6.670058,270.000000,53.873380,116.963700,1,1,1,1,2,2,0.756712,0.756729,0.756715,0.756715,0.756715,0.000000,0.974687,0.223573,0.000000,0.974691,0.223558,0.000000,0.974927,0.222517,9.548202,-4.238931,-0.047715,1,1,18.840870,0.000000,0,0
6.680058,270.000000,53.830990,117.147300,1,1,1,1,2,2,0.756465,0.756425,0.756440,0.756438,0.756439,0.000000,0.974674,0.223630,0.000000,0.974677,0.223618,0.000000,0.974905,0.222612,9.554932,-4.239511,-0.046003,1,1,18.842960,0.000000,0,0
6.690058,270.000000,53.788590,117.331000,1,1,1,1,2,2,0.756167,0.756167,0.756172,0.756172,0.756172,0.000000,0.974668,0.223657,0.000000,0.974666,0.223667,0.000000,0.974885,0.222703,9.560034,-4.240025,-0.044297,1,1,18.845060,0.000000,0,0
6.700058,270.000000,53.746180,117.514600,1,1,1,1,2,2,0.752604,0.752604,0.755919,0.755919,0.755919,0.000000,0.969933,0.243373,0.000000,0.974655,0.223713,0.000000,0.974865,0.222790,9.563425,-4.240491,-0.042615,1,1,18.847150,0.000000,0,0
6.710059,270.000000,53.703770,117.698300,1,1,1,1,2,2,0.755654,0.755671,0.755670,0.755672,0.755671,0.000000,0.974656,0.223708,0.000000,0.974655,0.223713,0.000000,0.974847,0.222869,9.568596,-4.240924,-0.041043,1,1,18.849260,0.000000,0,0
6.720059,270.000000,53.661360,117.881900,1,1,1,1,2,2,0.755436,0.755436,0.755427,0.755427,0.755427,0.000000,0.974649,0.223738,0.000000,0.974645,0.223759,0.000000,0.974830,0.222946,9.573025,-4.241308,-0.039474,1,1,18.851370,0.000000,0,0
6.730059,270.000000,53.618950,118.065600,1,1,1,1,2,2,0.755190,0.755190,0.755194,0.755194,0.755194,0.000000,0.974623,0.223852,0.000000,0.974636,0.223798,0.000000,0.974813,0.223019,9.576160,-4.241649,-0.037923,1,1,18.853480,0.000000,0,0
6.740059,270.000000,53.576530,118.249400,1,1,1,1,2,2,0.754983,0.754965,0.754969,0.754969,0.754969,0.000000,0.974637,0.223791,0.000000,0.974636,0.223798,0.000000,0.974798,0.223086,9.579967,-4.241961,-0.036462,1,1,18.855600,0.000000,0,0
6.750060,270.000000,53.534100,118.433100,1,1,1,1,2,2,0.754745,0.754739,0.754742,0.754743,0.754743,0.000000,0.974623,0.223852,0.000000,0.974627,0.223837,0.000000,0.974783,0.223151,9.584165,-4.242235,-0.035010,1,1,18.857720,0.000000,0,0
6.760060,270.000000,53.491680,118.616900,1,1,1,1,2,2,0.754529,0.754529,0.754532,0.754532,0.754532,0.000000,0.974622,0.223859,0.000000,0.974621,0.223861,0.000000,0.974769,0.223212,9.586317,-4.242469,-0.033581,1,1,18.859840,0.000000,0,0
6.770060,270.000000,53.449250,118.800700,1,1,1,1,2,2,0.754324,0.754324,0.754319,0.754323,0.754321,0.000000,0.974618,0.223873,0.000000,0.974613,0.223897,0.000000,0.974756,0.223271,9.588950,-4.242683,-0.032174,1,1,18.861960,0.000000,0,0
6.780060,270.000000,53.406830,118.984500,1,1,1,1,2,2,0.754126,0.754149,0.754124,0.754124,0.754124,0.000000,0.974613,0.223896,0.000000,0.974613,0.223897,0.000000,0.974743,0.223325,9.590911,-4.242872,-0.030838,1,1,18.864090,0.000000,0,0
6.790061,270.000000,53.364400,119.168300,1,1,1,1,2,2,0.753934,0.753916,0.753933,0.753932,0.753933,0.000000,0.974609,0.223916,0.000000,0.974607,0.223921,0.000000,0.974732,0.223376,9.592547,-4.243042,-0.029531,1,1,18.866210,0.000000,0,0
6.800061,270.000000,53.321960,119.352100,1,1,1,1,2,2,0.753741,0.753741,0.753751,0.753753,0.753752,0.000000,0.974596,0.223973,0.000000,0.974602,0.223946,0.000000,0.974720,0.223425,9.593020,-4.243196,-0.028252,1,1,18.868340,0.000000,0,0
6.810061,270.000000,53.279530,119.536000,1,1,1,1,2,2,0.753556,0.753556,0.753567,0.753567,0.753567,0.000000,0.974592,0.223987,0.000000,0.974597,0.223967,0.000000,0.974710,0.223472,9.595262,-4.243346,-0.027015,1,1,18.870470,0.000000,0,0
6.820061,270.000000,53.237090,119.719900,1,1,1,1,2,2,0.753424,0.753383,0.753397,0.753397,0.753397,0.000000,0.974600,0.223953,0.000000,0.974597,0.223967,0.000000,0.974700,0.223514,9.596267,-4.243475,-0.025833,1,1,18.872600,0.000000,0,0
6.830061,270.000000,53.194660,119.903800,1,1,1,1,2,2,0.753222,0.753222,0.753236,0.753238,0.753237,0.000000,0.974592,0.223990,0.000000,0.974593,0.223985,0.000000,0.974691,0.223555,9.596092,-4.243594,-0.024682,1,1,18.874730,0.000000,0,0
6.840062,270.000000,53.152220,120.087800,1,1,1,1,2,2,0.753055,0.753055,0.753074,0.753074,0.753074,0.000000,0.974591,0.223993,0.000000,0.974588,0.224006,0.000000,0.974682,0.223594,9.597530,-4.243715,-0.023566,1,1,18.876870,0.000000,0,0
6.850062,270.000000,53.109780,120.271700,1,1,1,1,2,2,0.723371,0.723371,0.752921,0.752920,0.752921,0.000000,0.932170,0.362021,0.000000,0.974585,0.224017,0.000000,0.974674,0.223630,9.597847,-4.243823,-0.022481,1,1,18.879000,0.000000,0,0
6.860062,270.000000,53.067340,120.455700,1,1,1,1,2,2,0.752764,0.752780,0.752777,0.752775,0.752776,0.000000,0.974585,0.224017,0.000000,0.974585,0.224017,0.000000,0.974666,0.223663,9.598145,-4.243927,-0.021455,1,1,18.881130,0.000000,0,0
6.870062,270.000000,53.024910,120.639700,1,1,1,1,2,2,0.752620,0.752642,0.752634,0.752636,0.752635,0.000000,0.974585,0.224020,0.000000,0.974581,0.224038,0.000000,0.974659,0.223696,9.598291,-4.244029,-0.020446,1,1,18.883260,0.000000,0,0
6.880063,270.000000,52.982460,120.823700,1,1,1,1,2,2,0.752507,0.752507,0.752503,0.752500,0.752502,0.000000,0.974577,0.224054,0.000000,0.974580,0.224041,0.000000,0.974652,0.223725,9.598093,-4.244129,-0.019483,1,1,18.885390,0.000000,0,0
6.890063,270.000000,52.940020,121.007800,1,1,1,1,2,2,0.752384,0.752384,0.752370,0.752370,0.752370,0.000000,0.974578,0.224047,0.000000,0.974576,0.224059,0.000000,0.974645,0.223754,9.598264,-4.244231,-0.018542,1,1,18.887520,0.000000,0,0
6.900063,270.000000,52.897580,121.191800,1,1,1,1,2,2,0.752261,0.752261,0.752249,0.752248,0.752249,0.000000,0.974578,0.224047,0.000000,0.974576,0.224059,0.000000,0.974639,0.223780,9.597688,-4.244331,-0.017648,1,1,18.889650,0.000000,0,0
6.910063,270.000000,52.855130,121.375900,1,1,1,1,2,2,0.752137,0.752137,0.752125,0.752125,0.752125,0.000000,0.974577,0.224054,0.000000,0.974573,0.224070,0.000000,0.974634,0.223805,9.598392,-4.244437,-0.016786,1,1,18.891780,0.000000,0,0
6.920063,270.000000,52.812690,121.560000,1,1,1,1,2,2,0.752031,0.752031,0.752017,0.752017,0.752017,0.000000,0.974577,0.224054,0.000000,0.974572,0.224077,0.000000,0.974628,0.223829,9.596621,-4.244536,-0.015946,1,1,18.893900,0.000000,0,0
6.930064,270.000000,52.770240,121.744200,1,1,1,1,2,2,0.751919,0.751919,0.751910,0.751910,0.751910,0.000000,0.974575,0.224061,0.000000,0.974572,0.224077,0.000000,0.974623,0.223850,9.596439,-4.244653,-0.015164,1,1,18.896030,0.000000,0,0
6.940064,270.000000,52.727790,121.928300,1,1,1,1,2,2,0.751816,0.751775,0.751804,0.751804,0.751804,0.000000,0.974570,0.224084,0.000000,0.974569,0.224087,0.000000,0.974619,0.223870,9.596343,-4.244771,-0.014401,1,1,18.898150,0.000000,0,0
6.950064,270.000000,52.685340,122.112500,1,1,1,1,2,2,0.751717,0.751717,0.751709,0.751709,0.751709,0.000000,0.974577,0.224054,0.000000,0.974568,0.224091,0.000000,0.974614,0.223889,9.595032,-4.244889,-0.013668,1,1,18.900270,0.000000,0,0
6.960064,270.000000,52.642890,122.296700,1,1,1,1,2,2,0.751588,0.751588,0.751615,0.751613,0.751614,0.000000,0.974565,0.224107,0.000000,0.974565,0.224105,0.000000,0.974610,0.223908,9.594393,-4.245020,-0.012956,1,1,18.902390,0.000000,0,0
6.970065,270.000000,52.600440,122.480900,1,1,1,1,2,2,0.751544,0.751526,0.751525,0.751525,0.751525,0.000000,0.974564,0.224111,0.000000,0.974565,0.224105,0.000000,0.974606,0.223925,9.593379,-4.245158,-0.012281,1,1,18.904510,0.000000,0,0
6.980065,270.000000,52.557990,122.665100,1,1,1,1,2,2,0.751452,0.751411,0.751439,0.751439,0.751439,0.000000,0.974568,0.224091,0.000000,0.974567,0.224098,0.000000,0.974603,0.223940,9.593212,-4.245305,-0.011657,1,1,18.906630,0.000000,0,0
6.990065,270.000000,52.515540,122.849400,1,1,1,1,2,2,0.751334,0.751334,0.751360,0.751360,0.751360,0.000000,0.974563,0.224114,0.000000,0.974563,0.224116,0.000000,0.974599,0.223955,9.591793,-4.245453,-0.011030,1,1,18.908740,0.000000,0,0
7.000065,270.000000,52.473080,123.033700,1,1,1,1,2,2,0.751258,0.751258,0.751281,0.751281,0.751281,0.000000,0.974563,0.224114,0.000000,0.974563,0.224112,0.000000,0.974596,0.223968,9.591498,-4.245615,-0.010448,1,1,18.910850,0.000000,0,0
7.010066,270.000000,52.430620,123.218000,1,1,1,1,2,2,0.751226,0.751208,0.751208,0.751208,0.751208,0.000000,0.974564,0.224111,0.000000,0.974563,0.224112,0.000000,0.974594,0.223981,9.590650,-4.245780,-0.009893,1,1,18.912960,0.000000,0,0
7.020066,270.000000,52.388160,123.402300,1,1,1,1,2,2,0.751153,0.751135,0.751142,0.751140,0.751141,0.000000,0.974565,0.224107,0.000000,0.974562,0.224119,0.000000,0.974591,0.223993,9.589288,-4.245952,-0.009354,1,1,18.915070,0.000000,0,0
7.030066,270.000000,52.345700,123.586600,1,1,1,1,2,2,0.751041,0.751041,0.751067,0.751069,0.751068,0.000000,0.974563,0.224114,0.000000,0.974561,0.224123,0.000000,0.974588,0.224004,9.589614,-4.246138,-0.008844,1,1,18.917170,0.000000,0,0
7.040066,270.000000,52.303240,123.771000,1,1,1,1,2,2,0.771515,0.771515,0.751013,0.751013,0.751013,0.000000,0.957688,0.287809,0.000000,0.974561,0.224123,0.000000,0.974586,0.224014,9.587105,-4.246319,-0.008349,1,1,18.919280,0.000000,0,0
7.050066,270.000000,52.260770,123.955400,1,1,1,1,2,2,0.750961,0.750950,0.750955,0.750953,0.750954,0.000000,0.974563,0.224114,0.000000,0.974561,0.224123,0.000000,0.974584,0.224023,9.586301,-4.246525,-0.007896,1,1,18.921380,0.000000,0,0
7.060067,270.000000,52.218300,124.139800,1,1,1,1,2,2,0.750862,0.750892,0.750893,0.750891,0.750892,0.000000,0.974557,0.224141,0.000000,0.974559,0.224130,0.000000,0.974582,0.224033,9.586518,-4.246739,-0.007456,1,1,18.923470,0.000000,0,0
7.070067,270.000000,52.175830,124.324200,1,1,1,1,2,2,0.750838,0.750838,0.750836,0.750838,0.750837,0.000000,0.974551,0.224168,0.000000,0.974559,0.224130,0.000000,0.974580,0.224041,9.585708,-4.246950,-0.007029,1,1,18.925560,0.000000,0,0
7.080067,270.000000,52.133360,124.508700,1,1,1,1,2,2,0.750804,0.750779,0.750789,0.750791,0.750790,0.000000,0.974564,0.224111,0.000000,0.974558,0.224137,0.000000,0.974578,0.224049,9.583700,-4.247168,-0.006612,1,1,18.927660,0.000000,0,0
7.090067,270.000000,52.090890,124.693200,1,1,1,1,2,2,0.750775,0.750734,0.750741,0.750745,0.750743,0.000000,0.974556,0.224144,0.000000,0.974558,0.224137,0.000000,0.974576,0.224057,9.582623,-4.247406,-0.006229,1,1,18.929740,0.000000,0,0
7.100068,270.000000,52.048410,124.877600,1,1,1,1,2,2,0.750688,0.750688,0.750695,0.750696,0.750696,0.000000,0.974549,0.224175,0.000000,0.974559,0.224130,0.000000,0.974575,0.224063,9.582415,-4.247653,-0.005882,1,1,18.931830,0.000000,0,0
7.110068,270.000000,52.005930,125.062200,1,1,1,1,2,2,0.750650,0.750650,0.750653,0.750650,0.750652,0.000000,0.974551,0.224168,0.000000,0.974558,0.224137,0.000000,0.974573,0.224069,9.581656,-4.247902,-0.005535,1,1,18.933910,0.000000,0,0
7.120068,270.000000,51.963450,125.246700,1,1,1,1,2,2,0.750609,0.750615,0.750614,0.750614,0.750614,0.000000,0.974552,0.224161,0.000000,0.974558,0.224137,0.000000,0.974572,0.224075,9.580140,-4.248158,-0.005207,1,1,18.935990,0.000000,0,0
7.130068,270.000000,51.920970,125.431200,1,1,1,1,2,2,0.750585,0.750567,0.750573,0.750576,0.750575,0.000000,0.974563,0.224114,0.000000,0.974557,0.224140,0.000000,0.974571,0.224081,9.579535,-4.248428,-0.004898,1,1,18.938070,0.000000,0,0
7.140069,270.000000,51.878480,125.615800,1,1,1,1,2,2,0.750537,0.750537,0.750540,0.750539,0.750540,0.000000,0.974551,0.224168,0.000000,0.974557,0.224140,0.000000,0.974569,0.224086,9.578515,-4.248703,-0.004604,1,1,18.940140,0.000000,0,0
7.150069,270.000000,51.835990,125.800400,1,1,1,1,2,2,0.750508,0.750508,0.750508,0.750508,0.750508,0.000000,0.974549,0.224175,0.000000,0.974557,0.224140,0.000000,0.974568,0.224091,9.577345,-4.248988,-0.004330,1,1,18.942210,0.000000,0,0
7.160069,270.000000,51.793500,125.985000,1,1,1,1,2,2,0.750510,0.750469,0.750474,0.750474,0.750474,0.000000,0.974555,0.224148,0.000000,0.974557,0.224140,0.000000,0.974567,0.224095,9.576982,-4.249284,-0.004074,1,1,18.944270,0.000000,0,0
7.170069,270.000000,51.751000,126.169700,1,1,1,1,2,2,0.750444,0.750444,0.750447,0.750449,0.750448,0.000000,0.974551,0.224168,0.000000,0.974558,0.224137,0.000000,0.974567,0.224098,9.575766,-4.249582,-0.003836,1,1,18.946340,0.000000,0,0
7.180069,270.000000,51.708500,126.354300,1,1,1,1,2,2,0.750409,0.750409,0.750417,0.750417,0.750417,0.000000,0.974549,0.224175,0.000000,0.974555,0.224147,0.000000,0.974566,0.224103,9.575487,-4.249892,-0.003599,1,1,18.948400,0.000000,0,0
7.190070,270.000000,51.666000,126.539000,1,1,1,1,2,2,0.750389,0.750389,0.750393,0.750393,0.750393,0.000000,0.974549,0.224175,0.000000,0.974557,0.224140,0.000000,0.974565,0.224106,9.574386,-4.250204,-0.003383,1,1,18.950460,0.000000,0,0
7.200070,270.000000,51.623500,126.723700,1,1,1,1,2,2,0.750356,0.750364,0.750370,0.750370,0.750370,0.000000,0.974551,0.224168,0.000000,0.974557,0.224140,0.000000,0.974564,0.224109,9.573414,-4.250526,-0.003183,1,1,18.952510,0.000000,0,0
7.210070,270.000000,51.580990,126.908400,1,1,1,1,2,2,0.750312,0.750341,0.750341,0.750343,0.750342,0.000000,0.974557,0.224141,0.000000,0.974555,0.224147,0.000000,0.974563,0.224112,9.573585,-4.250857,-0.002987,1,1,18.954560,0.000000,0,0
7.220070,270.000000,51.538480,127.093200,1,1,1,1,2,2,0.750319,0.750319,0.750324,0.750324,0.750324,0.000000,0.974551,0.224168,0.000000,0.974558,0.224137,0.000000,0.974563,0.224114,9.572458,-4.251186,-0.002812,1,1,18.956610,0.000000,0,0
7.230071,270.000000,51.495960,127.277900,1,1,1,1,2,2,0.750295,0.750295,0.750300,0.750300,0.750300,0.000000,0.974547,0.224182,0.000000,0.974555,0.224151,0.000000,0.974562,0.224117,9.572248,-4.251525,-0.002629,1,1,18.958650,0.000000,0,0
7.240071,270.000000,51.453450,127.462700,1,1,1,1,2,2,0.750294,0.750276,0.750281,0.750281,0.750281,0.000000,0.974561,0.224121,0.000000,0.974555,0.224151,0.000000,0.974562,0.224120,9.571182,-4.251865,-0.002452,1,1,18.960690,0.000000,0,0
7.250071,270.000000,51.410920,127.647500,1,1,1,1,2,2,0.750296,0.750214,0.750262,0.750262,0.750262,0.000000,0.974548,0.224178,0.000000,0.974556,0.224144,0.000000,0.974561,0.224122,9.570909,-4.252215,-0.002303,1,1,18.962730,0.000000,0,0
7.260071,270.000000,51.368400,127.832300,1,1,1,1,2,2,0.750280,0.750280,0.750251,0.750248,0.750249,0.000000,0.974561,0.224121,0.000000,0.974556,0.224144,0.000000,0.974561,0.224124,9.569603,-4.252568,-0.002161,1,1,18.964770,0.000000,0,0
7.270072,270.000000,51.325870,128.017200,1,1,1,1,2,2,0.728163,0.728163,0.750223,0.750223,0.750223,0.000000,0.966902,0.255148,0.000000,0.974556,0.224144,0.000000,0.974560,0.224126,9.571205,-4.252932,-0.002035,1,1,18.966800,0.000000,0,0
7.280072,270.000000,51.283330,128.202000,1,1,1,1,2,2,0.750246,0.750239,0.750208,0.750210,0.750209,0.000000,0.974562,0.224118,0.000000,0.974556,0.224144,0.000000,0.974560,0.224127,9.570228,-4.253280,-0.001896,1,1,18.968820,0.000000,0,0
7.290072,270.000000,51.240800,128.386900,1,1,1,1,2,2,0.750229,0.750229,0.750196,0.750196,0.750196,0.000000,0.974561,0.224121,0.000000,0.974555,0.224147,0.000000,0.974559,0.224129,9.569195,-4.253637,-0.001763,1,1,18.970850,0.000000,0,0
7.300072,270.000000,51.198250,128.571800,1,1,1,1,2,2,0.750192,0.750192,0.750179,0.750179,0.750179,0.000000,0.974575,0.224061,0.000000,0.974555,0.224151,0.000000,0.974559,0.224131,9.569176,-4.254003,-0.001637,1,1,18.972870,0.000000,0,0
7.310072,270.000000,51.155710,128.756700,1,1,1,1,2,2,0.764157,0.764157,0.750166,0.750166,0.750166,0.000000,0.993748,0.111646,0.000000,0.974557,0.224140,0.000000,0.974559,0.224132,9.568897,-4.254369,-0.001533,1,1,18.974890,0.000000,0,0
7.320073,270.000000,51.113160,128.941600,1,1,1,1,2,2,0.750166,0.750085,0.750151,0.750155,0.750153,0.000000,0.974561,0.224125,0.000000,0.974557,0.224140,0.000000,0.974559,0.224133,9.568758,-4.254736,-0.001433,1,1,18.976900,0.000000,0,0
7.330073,270.000000,51.070610,129.126600,1,1,1,1,2,2,0.750151,0.750151,0.750138,0.750138,0.750138,0.000000,0.974575,0.224061,0.000000,0.974555,0.224151,0.000000,0.974558,0.224134,9.568555,-4.255105,-0.001318,1,1,18.978910,0.000000,0,0
7.340073,270.000000,51.028050,129.311600,1,1,1,1,2,2,0.750143,0.750143,0.750134,0.750132,0.750133,0.000000,0.974575,0.224061,0.000000,0.974556,0.224144,0.000000,0.974558,0.224135,9.567024,-4.255475,-0.001220,1,1,18.980920,0.000000,0,0
7.350073,270.000000,50.985500,129.496600,1,1,1,1,2,2,0.750136,0.750136,0.750126,0.750126,0.750126,0.000000,0.974575,0.224061,0.000000,0.974556,0.224144,0.000000,0.974558,0.224136,9.566175,-4.255858,-0.001138,1,1,18.982920,0.000000,0,0
7.360074,270.000000,50.942930,129.681600,1,1,1,1,2,2,0.750125,0.750125,0.750114,0.750114,0.750114,0.000000,0.974575,0.224061,0.000000,0.974555,0.224147,0.000000,0.974558,0.224137,9.566330,-4.256250,-0.001060,1,1,18.984920,0.000000,0,0
7.370074,270.000000,50.900360,129.866600,1,1,1,1,2,2,0.750117,0.750117,0.750103,0.750101,0.750102,0.000000,0.974575,0.224061,0.000000,0.974555,0.224147,0.000000,0.974558,0.224138,9.566549,-4.256639,-0.000982,1,1,18.986920,0.000000,0,0
7.380074,270.000000,50.857790,130.051700,1,1,1,1,2,2,0.750108,0.750108,0.750098,0.750100,0.750099,0.000000,0.974575,0.224061,0.000000,0.974555,0.224147,0.000000,0.974557,0.224138,9.565251,-4.257025,-0.000904,1,1,18.988910,0.000000,0,0
7.390074,270.000000,50.815220,130.236800,1,1,1,1,2,2,0.750105,0.750017,0.750088,0.750088,0.750088,0.000000,0.974563,0.224114,0.000000,0.974555,0.224147,0.000000,0.974557,0.224139,9.565492,-4.257423,-0.000839,1,1,18.990910,0.000000,0,0
7.400074,270.000000,50.772640,130.421800,1,1,1,1,2,2,0.750091,0.750091,0.750075,0.750075,0.750075,0.000000,0.974575,0.224061,0.000000,0.974555,0.224147,0.000000,0.974557,0.224140,9.566205,-4.257819,-0.000774,1,1,18.992890,0.000000,0,0
7.410075,270.000000,50.730050,130.607000,1,1,1,1,2,2,0.750084,0.750084,0.750072,0.750074,0.750073,0.000000,0.974575,0.224061,0.000000,0.974556,0.224144,0.000000,0.974557,0.224140,9.564969,-4.258206,-0.000710,1,1,18.994870,0.000000,0,0
7.420075,270.000000,50.687470,130.792100,1,1,1,1,2,2,0.750076,0.750076,0.750065,0.750065,0.750065,0.000000,0.974575,0.224061,0.000000,0.974555,0.224151,0.000000,0.974557,0.224141,9.564792,-4.258605,-0.000646,1,1,18.996850,0.000000,0,0
7.430075,270.000000,50.644870,130.977200,1,1,1,1,2,2,0.750080,0.749991,0.750055,0.750061,0.750058,0.000000,0.974561,0.224121,0.000000,0.974555,0.224151,0.000000,0.974557,0.224142,9.564613,-4.259006,-0.000586,1,1,18.998830,0.000000,0,0
7.440075,270.000000,50.602280,131.162400,1,1,1,1,2,2,0.750065,0.750111,0.750054,0.750054,0.750054,0.000000,0.974561,0.224121,0.000000,0.974556,0.224144,0.000000,0.974557,0.224142,9.564247,-4.259407,-0.000540,1,1,19.000800,0.000000,0,0
7.450076,270.000000,50.559680,131.347600,1,1,1,1,2,2,0.750062,0.750062,0.750047,0.750049,0.750048,0.000000,0.974575,0.224061,0.000000,0.974555,0.224151,0.000000,0.974556,0.224143,9.563960,-4.259810,-0.000487,1,1,19.002770,0.000000,0,0
7.460076,270.000000,50.517080,131.532800,1,1,1,1,2,2,0.750058,0.750058,0.750044,0.750044,0.750044,0.000000,0.974575,0.224061,0.000000,0.974555,0.224147,0.000000,0.974556,0.224143,9.563613,-4.260216,-0.000444,1,1,19.004740,0.000000,0,0
7.470076,270.000000,50.474470,131.718000,1,1,1,1,2,2,0.750061,0.749973,0.750038,0.750038,0.750038,0.000000,0.974562,0.224118,0.000000,0.974555,0.224147,0.000000,0.974556,0.224144,9.563650,-4.260625,-0.000405,1,1,19.006700,0.000000,0,0
7.480076,270.000000,50.431860,131.903300,1,1,1,1,2,2,0.750048,0.750094,0.750038,0.750038,0.750038,0.000000,0.974563,0.224114,0.000000,0.974555,0.224147,0.000000,0.974556,0.224144,9.562677,-4.261032,-0.000366,1,1,19.008660,0.000000,0,0
7.490077,270.000000,50.389250,132.088600,1,1,1,1,2,2,0.750047,0.750047,0.750035,0.750033,0.750034,0.000000,0.974575,0.224061,0.000000,0.974555,0.224147,0.000000,0.974556,0.224144,9.562798,-4.261448,-0.000338,1,1,19.010620,0.000000,0,0
7.500077,270.000000,50.346630,132.273800,1,1,1,1,2,2,0.750045,0.750045,0.750036,0.750034,0.750035,0.000000,0.974575,0.224061,0.000000,0.974555,0.224147,0.000000,0.974556,0.224145,9.561753,-4.261863,-0.000308,1,1,19.012570,0.000000,0,0
7.510077,270.000000,50.304010,132.459200,1,1,1,1,2,2,0.750043,0.750095,0.750034,0.750029,0.750032,0.000000,0.974562,0.224118,0.000000,0.974555,0.224147,0.000000,0.974556,0.224145,9.561940,-4.262287,-0.000290,1,1,19.014520,0.000000,0,0
7.520077,270.000000,50.261380,132.644500,1,1,1,1,2,2,0.750036,0.750089,0.750028,0.750030,0.750029,0.000000,0.974561,0.224125,0.000000,0.974555,0.224151,0.000000,0.974556,0.224145,9.561764,-4.262708,-0.000264,1,1,19.016470,0.000000,0,0
7.530077,270.000000,50.218750,132.829800,1,1,1,1,2,2,0.750039,0.750039,0.750026,0.750026,0.750026,0.000000,0.974575,0.224061,0.000000,0.974556,0.224144,0.000000,0.974556,0.224145,9.562056,-4.263130,-0.000253,1,1,19.018410,0.000000,0,0
7.540078,270.000000,50.176110,133.015200,1,1,1,1,2,2,0.745026,0.745026,0.750023,0.750023,0.750023,0.000000,0.967454,0.253046,0.000000,0.974555,0.224151,0.000000,0.974556,0.224146,9.561980,-4.263548,-0.000227,1,1,19.020350,0.000000,0,0
7.550078,270.000000,50.133470,133.200600,1,1,1,1,2,2,0.750032,0.750084,0.750019,0.750021,0.750020,0.000000,0.974562,0.224118,0.000000,0.974555,0.224151,0.000000,0.974556,0.224146,9.561883,-4.263967,-0.000202,1,1,19.022290,0.000000,0,0
7.560078,270.000000,50.090830,133.386000,1,1,1,1,2,2,0.750028,0.750028,0.750017,0.750017,0.750017,0.000000,0.974575,0.224061,0.000000,0.974556,0.224144,0.000000,0.974556,0.224146,9.562210,-4.264386,-0.000191,1,1,19.024220,0.000000,0,0
7.570078,270.000000,50.048180,133.571400,1,1,1,1,2,2,0.750028,0.750028,0.750015,0.750015,0.750015,0.000000,0.974575,0.224061,0.000000,0.974555,0.224151,0.000000,0.974556,0.224146,9.561769,-4.264801,-0.000165,1,1,19.026150,0.000000,0,0
7.580079,270.000000,50.005530,133.756800,1,1,1,1,2,2,0.728249,0.728160,0.750012,0.750014,0.750013,0.000000,0.985583,0.169195,0.000000,0.974555,0.224147,0.000000,0.974556,0.224146,9.561774,-4.265219,-0.000149,1,1,19.028070,0.000000,0,0
7.590079,270.000000,49.962870,133.942300,1,1,1,1,2,2,0.750026,0.750072,0.750010,0.750014,0.750012,0.000000,0.974562,0.224118,0.000000,0.974555,0.224147,0.000000,0.974556,0.224147,9.561561,-4.265636,-0.000134,1,1,19.030000,0.000000,0,0
7.600079,270.000000,49.920210,134.127700,1,1,1,1,2,2,0.750024,0.750024,0.750014,0.750014,0.750014,0.000000,0.974575,0.224061,0.000000,0.974555,0.224147,0.000000,0.974556,0.224147,9.560898,-4.266055,-0.000121,1,1,19.031920,0.000000,0,0
7.610079,270.000000,49.877550,134.313200,1,1,1,1,2,2,0.750031,0.750031,0.750012,0.750012,0.750012,0.000000,0.974577,0.224054,0.000000,0.974555,0.224147,0.000000,0.974556,0.224147,9.561057,-4.266479,-0.000114,1,1,19.033830,0.000000,0,0
7.620080,270.000000,49.834880,134.498800,1,1,1,1,2,2,0.750033,0.749944,0.750017,0.750017,0.750017,0.000000,0.974563,0.224114,0.000000,0.974555,0.224147,0.000000,0.974556,0.224147,9.559926,-4.266902,-0.000107,1,1,19.035750,0.000000,0,0
7.630080,270.000000,49.792210,134.684300,1,1,1,1,2,2,0.750024,0.750070,0.750014,0.750014,0.750014,0.000000,0.974562,0.224118,0.000000,0.974555,0.224147,0.000000,0.974556,0.224147,9.560643,-4.267334,-0.000111,1,1,19.037650,0.000000,0,0
7.640080,270.000000,49.749530,134.869800,1,1,1,1,2,2,0.750020,0.750020,0.750006,0.750010,0.750008,0.000000,0.974577,0.224054,0.000000,0.974555,0.224151,0.000000,0.974556,0.224147,9.561484,-4.267759,-0.000101,1,1,19.039560,0.000000,0,0
7.650080,270.000000,49.706840,135.055400,1,1,1,1,2,2,0.750023,0.750023,0.750009,0.750009,0.750009,0.000000,0.974578,0.224047,0.000000,0.974556,0.224144,0.000000,0.974556,0.224147,9.561150,-4.268175,-0.000096,1,1,19.041460,0.000000,0,0
7.660080,270.000000,49.664160,135.241000,1,1,1,1,2,2,0.750017,0.750023,0.750007,0.750009,0.750008,0.000000,0.974577,0.224054,0.000000,0.974556,0.224144,0.000000,0.974556,0.224147,9.561289,-4.268593,-0.000093,1,1,19.043360,0.000000,0,0
7.670081,270.000000,49.621470,135.426600,1,1,1,1,2,2,0.750016,0.750063,0.750004,0.750004,0.750004,0.000000,0.974562,0.224118,0.000000,0.974555,0.224151,0.000000,0.974556,0.224147,9.561581,-4.269010,-0.000077,1,1,19.045260,0.000000,0,0
7.680081,270.000000,49.578770,135.612200,1,1,1,1,2,2,0.750017,0.750017,0.750004,0.750005,0.750004,0.000000,0.974575,0.224061,0.000000,0.974556,0.224144,0.000000,0.974556,0.224147,9.561353,-4.269423,-0.000070,1,1,19.047150,0.000000,0,0
7.690081,270.000000,49.536080,135.797900,1,1,1,1,2,2,0.750018,0.750018,0.750004,0.750002,0.750003,0.000000,0.974574,0.224068,0.000000,0.974555,0.224151,0.000000,0.974556,0.224147,9.561169,-4.269837,-0.000053,1,1,19.049040,0.000000,0,0
7.700081,270.000000,49.493370,135.983500,1,1,1,1,2,2,0.750016,0.750069,0.750006,0.750006,0.750006,0.000000,0.974563,0.224114,0.000000,0.974555,0.224151,0.000000,0.974556,0.224147,9.560321,-4.270252,-0.000039,1,1,19.050930,0.000000,0,0
7.710082,270.000000,49.450670,136.169200,1,1,1,1,2,2,0.750021,0.750021,0.750005,0.750007,0.750006,0.000000,0.974575,0.224061,0.000000,0.974555,0.224147,0.000000,0.974556,0.224147,9.560386,-4.270675,-0.000040,1,1,19.052810,0.000000,0,0
7.720082,270.000000,49.407960,136.354900,1,1,1,1,2,2,0.750021,0.750021,0.750012,0.750010,0.750011,0.000000,0.974575,0.224061,0.000000,0.974555,0.224147,0.000000,0.974556,0.224147,9.559376,-4.271097,-0.000041,1,1,19.054690,0.000000,0,0
7.730082,270.000000,49.365240,136.540600,1,1,1,1,2,2,0.750024,0.750024,0.750005,0.750005,0.750005,0.000000,0.974577,0.224054,0.000000,0.974555,0.224147,0.000000,0.974556,0.224147,9.560819,-4.271527,-0.000051,1,1,19.056570,0.000000,0,0
7.740082,270.000000,49.322520,136.726400,1,1,1,1,2,2,0.750014,0.750060,0.750004,0.749999,0.750002,0.000000,0.974563,0.224114,0.000000,0.974555,0.224147,0.000000,0.974556,0.224147,9.561225,-4.271943,-0.000046,1,1,19.058440,0.000000,0,0
7.750082,270.000000,49.279800,136.912100,1,1,1,1,2,2,0.750017,0.750017,0.750005,0.750005,0.750005,0.000000,0.974575,0.224061,0.000000,0.974555,0.224147,0.000000,0.974556,0.224147,9.560506,-4.272354,-0.000038,1,1,19.060310,0.000000,0,0
7.760083,270.000000,49.237070,137.097900,1,1,1,1,2,2,0.750017,0.750017,0.750001,0.750004,0.750002,0.000000,0.974575,0.224061,0.000000,0.974555,0.224151,0.000000,0.974555,0.224148,9.560753,-4.272771,-0.000031,1,1,19.062180,0.000000,0,0
7.770083,270.000000,49.194340,137.283700,1,1,1,1,2,2,0.750017,0.750017,0.750005,0.750005,0.750005,0.000000,0.974575,0.224061,0.000000,0.974556,0.224144,0.000000,0.974556,0.224147,9.560285,-4.273186,-0.000034,1,1,19.064040,0.000000,0,0
7.780083,270.000000,49.151600,137.469500,1,1,1,1,2,2,0.750019,0.750058,0.750000,0.750007,0.750004,0.000000,0.974564,0.224111,0.000000,0.974556,0.224144,0.000000,0.974556,0.224147,9.560798,-4.273604,-0.000041,1,1,19.065900,0.000000,0,0
7.790083,270.000000,49.108860,137.655300,1,1,1,1,2,2,0.750013,0.749931,0.750002,0.750002,0.750002,0.000000,0.974562,0.224118,0.000000,0.974555,0.224151,0.000000,0.974556,0.224147,9.560781,-4.274016,-0.000031,1,1,19.067760,0.000000,0,0
7.800084,270.000000,49.066120,137.841200,1,1,1,1,2,2,0.750013,0.750013,0.749999,0.749999,0.749999,0.000000,0.974575,0.224061,0.000000,0.974555,0.224147,0.000000,0.974556,0.224147,9.561228,-4.274428,-0.000028,1,1,19.069610,0.000000,0,0
7.810084,270.000000,49.023370,138.027000,1,1,1,1,2,2,0.750015,0.750015,0.750003,0.750005,0.750004,0.000000,0.974575,0.224061,0.000000,0.974555,0.224147,0.000000,0.974556,0.224147,9.560201,-4.274835,-0.000019,1,1,19.071460,0.000000,0,0
7.820084,270.000000,48.980620,138.212900,1,1,1,1,2,2,0.750016,0.750063,0.750007,0.750007,0.750007,0.000000,0.974562,0.224118,0.000000,0.974555,0.224147,0.000000,0.974556,0.224147,9.559748,-4.275250,-0.000022,1,1,19.073310,0.000000,0,0
7.830084,270.000000,48.937860,138.398800,1,1,1,1,2,2,0.750023,0.749935,0.750003,0.750003,0.750003,0.000000,0.974563,0.224114,0.000000,0.974555,0.224147,0.000000,0.974556,0.224147,9.560590,-4.275670,-0.000028,1,1,19.075150,0.000000,0,0
7.840085,270.000000,48.895100,138.584700,1,1,1,1,2,2,0.750019,0.750019,0.750010,0.750009,0.750009,0.000000,0.974575,0.224061,0.000000,0.974555,0.224147,0.000000,0.974556,0.224147,9.559344,-4.276081,-0.000026,1,1,19.076990,0.000000,0,0
7.850085,270.000000,48.852340,138.770600,1,1,1,1,2,2,0.750017,0.750017,0.750005,0.750007,0.750006,0.000000,0.974575,0.224061,0.000000,0.974555,0.224147,0.000000,0.974556,0.224147,9.560287,-4.276503,-0.000036,1,1,19.078830,0.000000,0,0
7.860085,270.000000,48.809570,138.956600,1,1,1,1,2,2,0.750016,0.750063,0.750007,0.750007,0.750007,0.000000,0.974562,0.224118,0.000000,0.974555,0.224147,0.000000,0.974556,0.224147,9.560138,-4.276915,-0.000037,1,1,19.080660,0.000000,0,0
7.870085,270.000000,48.766790,139.142600,1,1,1,1,2,2,0.750017,0.749935,0.750000,0.750000,0.750000,0.000000,0.974561,0.224121,0.000000,0.974555,0.224151,0.000000,0.974555,0.224148,9.561170,-4.277328,-0.000034,1,1,19.082490,0.000000,0,0
7.880085,270.000000,48.724010,139.328600,1,1,1,1,2,2,0.750018,0.750018,0.750005,0.750005,0.750005,0.000000,0.974574,0.224068,0.000000,0.974555,0.224147,0.000000,0.974555,0.224148,9.560189,-4.277730,-0.000026,1,1,19.084320,0.000000,0,0
7.890086,270.000000,48.681230,139.514600,1,1,1,1,2,2,0.750017,0.750017,0.750004,0.750004,0.750004,0.000000,0.974575,0.224061,0.000000,0.974556,0.224144,0.000000,0.974556,0.224147,9.560637,-4.278141,-0.000035,1,1,19.086150,0.000000,0,0
7.900086,270.000000,48.638450,139.700600,1,1,1,1,2,2,0.750013,0.750013,0.750004,0.750002,0.750003,0.000000,0.974575,0.224061,0.000000,0.974556,0.224144,0.000000,0.974556,0.224147,9.560891,-4.278546,-0.000038,1,1,19.087970,0.000000,0,0
7.910086,270.000000,48.595660,139.886600,1,1,1,1,2,2,0.750013,0.750013,0.749995,0.749995,0.749995,0.000000,0.974575,0.224061,0.000000,0.974555,0.224151,0.000000,0.974556,0.224147,9.562006,-4.278949,-0.000027,1,1,19.089780,0.000000,0,0
7.920086,270.000000,48.552860,140.072700,1,1,1,1,2,2,0.750015,0.750015,0.750006,0.750006,0.750006,0.000000,0.974575,0.224061,0.000000,0.974555,0.224151,0.000000,0.974555,0.224148,9.559435,-4.279340,-0.000005,1,1,19.091600,0.000000,0,0
7.930087,270.000000,48.510070,140.258800,1,1,1,1,2,2,0.735007,0.735007,0.750005,0.750005,0.750005,0.000000,0.982684,0.185289,0.000000,0.974556,0.224144,0.000000,0.974556,0.224147,9.559944,-4.279756,-0.000020,1,1,19.093410,0.000000,0,0
7.940087,270.000000,48.467270,140.444900,1,1,1,1,2,2,0.750017,0.750017,0.750005,0.750005,0.750005,0.000000,0.974575,0.224061,0.000000,0.974556,0.224144,0.000000,0.974556,0.224147,9.560193,-4.280165,-0.000030,1,1,19.095220,0.000000,0,0
7.950087,270.000000,48.424460,140.631000,1,1,1,1,2,2,0.750017,0.750017,0.750005,0.750005,0.750005,0.000000,0.974575,0.224061,0.000000,0.974556,0.224144,0.000000,0.974556,0.224147,9.560388,-4.280572,-0.000038,1,1,19.097020,0.000000,0,0
7.960087,270.000000,48.381650,140.817100,1,1,1,1,2,2,0.750017,0.750017,0.750005,0.750003,0.750004,0.000000,0.974575,0.224061,0.000000,0.974553,0.224158,0.000000,0.974555,0.224148,9.560202,-4.280976,-0.000019,1,1,19.098830,0.000000,0,0
7.970088,270.000000,48.338840,141.003300,1,1,1,1,2,2,0.767889,0.767889,0.750009,0.750009,0.750009,0.000000,0.998532,0.054169,0.000000,0.974556,0.224144,0.000000,0.974555,0.224147,9.559456,-4.281381,-0.000028,1,1,19.100630,0.000000,0,0
7.980088,270.000000,48.296020,141.189400,1,1,1,1,2,2,0.750021,0.750021,0.750007,0.750009,0.750008,0.000000,0.974575,0.224061,0.000000,0.974556,0.224144,0.000000,0.974556,0.224147,9.560026,-4.281793,-0.000044,1,1,19.102420,0.000000,0,0
7.990088,270.000000,48.253200,141.375600,1,1,1,1,2,2,0.750023,0.750023,0.750007,0.750011,0.750009,0.000000,0.974578,0.224047,0.000000,0.974556,0.224144,0.000000,0.974556,0.224147,9.560111,-4.282198,-0.000053,1,1,19.104220,0.000000,0,0
