time,x,y,z,leftRaw,rightRaw,left,right,leftSamples,rightSamples,leftRawHeight,rightRawHeight,leftHeight,rightHeight,height,rawNx,rawNy,rawNz,filteredNx,filteredNy,filteredNz,supportNx,supportNy,supportNz,supportAcceleration,verticalVelocity,normalVelocity,grounded,transitions,speed,lateralAcceleration,rail,bailed
0.000000,270.000000,80.270920,2.168111,1,1,1,1,2,2,0.749985,0.749999,0.750003,0.750003,0.750003,0.000000,0.974555,0.224150,0.000000,0.974555,0.224148,0.000000,0.974555,0.224148,9.559893,-3.586363,0.000000,1,1,16.000000,0.000000,0,0
0.010000,270.000000,80.235040,2.324106,1,1,1,1,2,2,0.750002,0.750002,0.750003,0.750003,0.750003,0.000000,0.974555,0.224150,0.000000,0.974555,0.224148,0.000000,0.974555,0.224148,9.560027,-3.587891,-0.000005,1,1,16.006800,0.000000,0,0
0.020000,270.000000,80.199140,2.480167,1,1,1,1,2,2,0.749990,0.750002,0.749999,0.749999,0.749999,0.000000,0.974552,0.224163,0.000000,0.974555,0.224148,0.000000,0.974555,0.224148,9.560783,-3.589416,-0.000008,1,1,16.013580,0.000000,0,0
0.030000,270.000000,80.163230,2.636294,1,1,1,1,2,2,0.750003,0.750003,0.749995,0.749995,0.749995,0.000000,0.974558,0.224137,0.000000,0.974555,0.224148,0.000000,0.974555,0.224148,9.561350,-3.590930,-0.000004,1,1,16.020360,0.000000,0,0
0.040000,270.000000,80.127300,2.792488,1,1,1,1,2,2,0.749981,0.749981,0.749995,0.749995,0.749995,0.000000,0.974553,0.224156,0.000000,0.974555,0.224148,0.000000,0.974555,0.224148,9.561108,-3.592437,0.000005,1,1,16.027120,0.000000,0,0
0.050000,270.000000,80.091360,2.948747,1,1,1,1,2,2,0.749980,0.749992,0.749992,0.749992,0.749992,0.000000,0.974558,0.224138,0.000000,0.974555,0.224148,0.000000,0.974555,0.224148,9.561589,-3.593944,0.000013,1,1,16.033880,0.000000,0,0
0.060000,270.000000,80.055400,3.105072,1,1,1,1,2,2,0.749985,0.749985,0.749992,0.749992,0.749992,0.000000,0.974552,0.224163,0.000000,0.974555,0.224148,0.000000,0.974555,0.224148,9.561285,-3.595444,0.000025,1,1,16.040620,0.000000,0,0
0.070000,270.000000,80.019430,3.261462,1,1,1,1,2,2,0.749986,0.749986,0.749988,0.749988,0.749988,0.000000,0.974552,0.224160,0.000000,0.974555,0.224148,0.000000,0.974555,0.224148,9.561739,-3.596946,0.000034,1,1,16.047360,0.000000,0,0
0.080000,270.000000,79.983440,3.417918,1,1,1,1,2,2,0.749990,0.749988,0.749984,0.749984,0.749984,0.000000,0.974555,0.224148,0.000000,0.974555,0.224148,0.000000,0.974555,0.224148,9.562057,-3.598440,0.000047,1,1,16.054080,0.000000,0,0
0.090000,270.000000,79.947450,3.574440,1,1,1,1,2,2,0.749984,0.749984,0.749988,0.749988,0.749988,0.000000,0.974558,0.224134,0.000000,0.974555,0.224148,0.000000,0.974555,0.224148,9.560981,-3.599929,0.000064,1,1,16.060800,0.000000,0,0
0.100000,270.000000,79.911440,3.731026,1,1,1,1,2,2,0.749978,0.749994,0.749992,0.749992,0.749992,0.000000,0.974557,0.224141,0.000000,0.974555,0.224148,0.000000,0.974555,0.224148,9.560156,-3.601426,0.000070,1,1,16.067500,0.000000,0,0
0.110000,270.000000,79.875410,3.887679,1,1,1,1,2,2,0.749992,0.749880,0.749995,0.749995,0.749995,0.000000,0.974534,0.224240,0.000000,0.974555,0.224148,0.000000,0.974555,0.224148,9.559546,-3.602929,0.000068,1,1,16.074200,0.000000,0,0
0.120000,270.000000,79.839370,4.044396,1,1,1,1,2,2,0.750013,0.750013,0.749999,0.749999,0.749999,0.000000,0.974557,0.224141,0.000000,0.974555,0.224148,0.000000,0.974555,0.224148,9.559103,-3.604436,0.000059,1,1,16.080890,0.000000,0,0
0.130000,270.000000,79.803310,4.201178,1,1,1,1,2,2,0.750014,0.750013,0.750003,0.750003,0.750003,0.000000,0.974556,0.224145,0.000000,0.974555,0.224148,0.000000,0.974555,0.224148,9.558739,-3.605945,0.000046,1,1,16.087560,0.000000,0,0
0.140000,270.000000,79.767240,4.358025,1,1,1,1,2,2,0.749996,0.749996,0.750006,0.750006,0.750006,0.000000,0.974555,0.224148,0.000000,0.974555,0.224148,0.000000,0.974555,0.224148,9.558511,-3.607455,0.000030,1,1,16.094230,0.000000,0,0
0.150000,270.000000,79.731160,4.514937,1,1,1,1,2,2,0.750019,0.750019,0.750010,0.750010,0.750010,0.000000,0.974558,0.224137,0.000000,0.974555,0.224148,0.000000,0.974555,0.224148,9.558294,-3.608966,0.000011,1,1,16.100890,0.000000,0,0
0.160000,270.000000,79.695050,4.671914,1,1,1,1,2,2,0.750020,0.750021,0.750010,0.750010,0.750010,0.000000,0.974557,0.224139,0.000000,0.974555,0.224148,0.000000,0.974555,0.224148,9.558817,-3.610476,-0.000010,1,1,16.107530,0.000000,0,0
0.170000,270.000000,79.658940,4.828955,1,1,1,1,2,2,0.750014,0.750014,0.750014,0.750014,0.750014,0.000000,0.974554,0.224153,0.000000,0.974555,0.224148,0.000000,0.974555,0.224148,9.558558,-3.611979,-0.000026,1,1,16.114170,0.000000,0,0
0.180000,270.000000,79.622800,4.986061,1,1,1,1,2,2,0.750011,0.750023,0.750014,0.750014,0.750014,0.000000,0.974554,0.224153,0.000000,0.974555,0.224148,0.000000,0.974555,0.224148,9.558999,-3.613482,-0.000044,1,1,16.120800,0.000000,0,0
0.190000,270.000000,79.586650,5.143231,1,1,1,1,2,2,0.750002,0.750016,0.750014,0.750014,0.750014,0.000000,0.974555,0.224148,0.000000,0.974555,0.224148,0.000000,0.974555,0.224148,9.559344,-3.614979,-0.000058,1,1,16.127410,0.000000,0,0
0.200000,270.000000,79.550490,5.300466,1,1,1,1,2,2,0.750028,0.750028,0.750018,0.750017,0.750018,0.000000,0.974557,0.224141,0.000000,0.974555,0.224148,0.000000,0.974555,0.224148,9.558946,-3.616470,-0.000068,1,1,16.134020,0.000000,0,0
0.210000,270.000000,79.514310,5.457765,1,1,1,1,2,2,0.750032,0.750015,0.750018,0.750018,0.750018,0.000000,0.974557,0.224139,0.000000,0.974555,0.224148,0.000000,0.974555,0.224148,9.559279,-3.617962,-0.000082,1,1,16.140620,0.000000,0,0
0.220000,270.000000,79.478120,5.615129,1,1,1,1,2,2,0.750004,0.750004,0.750018,0.750018,0.750018,0.000000,0.974555,0.224148,0.000000,0.974555,0.224148,0.000000,0.974555,0.224148,9.559565,-3.619450,-0.000093,1,1,16.147210,0.000000,0,0
0.230000,270.000000,79.441910,5.772556,1,1,1,1,2,2,0.750017,0.750017,0.750014,0.750014,0.750014,0.000000,0.974556,0.224145,0.000000,0.974555,0.224148,0.000000,0.974555,0.224148,9.560431,-3.620932,-0.000101,1,1,16.153780,0.000000,0,0
0.240000,270.000000,79.405690,5.930047,1,1,1,1,2,2,0.750006,0.750017,0.750014,0.750014,0.750014,0.000000,0.974552,0.224161,0.000000,0.974555,0.224148,0.000000,0.974555,0.224148,9.560409,-3.622404,-0.000101,1,1,16.160350,0.000000,0,0
0.250000,270.000000,79.369450,6.087602,1,1,1,1,2,2,0.750017,0.750017,0.750014,0.750014,0.750014,0.000000,0.974557,0.224141,0.000000,0.974555,0.224148,0.000000,0.974555,0.224148,9.560431,-3.623873,-0.000100,1,1,16.166910,0.000000,0,0
0.260000,270.000000,79.333190,6.245221,1,1,1,1,2,2,0.750024,0.750010,0.750010,0.750010,0.750010,0.000000,0.974556,0.224144,0.000000,0.974555,0.224148,0.000000,0.974555,0.224148,9.561037,-3.625340,-0.000100,1,1,16.173460,0.000000,0,0
0.270000,270.000000,79.296920,6.402904,1,1,1,1,2,2,0.749996,0.750008,0.750006,0.750006,0.750006,0.000000,0.974557,0.224139,0.000000,0.974555,0.224148,0.000000,0.974555,0.224148,9.561560,-3.626800,-0.000093,1,1,16.180000,0.000000,0,0
0.280000,270.000000,79.260640,6.560650,1,1,1,1,2,2,0.750001,0.750001,0.750003,0.750003,0.750003,0.000000,0.974553,0.224159,0.000000,0.974555,0.224148,0.000000,0.974555,0.224148,9.561939,-3.628252,-0.000081,1,1,16.186530,0.000000,0,0
0.290000,270.000000,79.224330,6.718461,1,1,1,1,2,2,0.749989,0.750004,0.749999,0.749999,0.749999,0.000000,0.974551,0.224165,0.000000,0.974555,0.224148,0.000000,0.974555,0.224148,9.562222,-3.629698,-0.000066,1,1,16.193050,0.000000,0,0
0.300000,270.000000,79.188030,6.876334,1,1,1,1,2,2,0.750014,0.750014,0.750003,0.750003,0.750003,0.000000,0.974556,0.224145,0.000000,0.974555,0.224148,0.000000,0.974555,0.224148,9.561085,-3.631139,-0.000047,1,1,16.199560,0.000000,0,0
0.310000,270.000000,79.151700,7.034271,1,1,1,1,2,2,0.750000,0.750000,0.750003,0.750003,0.750003,0.000000,0.974558,0.224137,0.000000,0.974555,0.224148,0.000000,0.974555,0.224148,9.560907,-3.632589,-0.000040,1,1,16.206060,0.000000,0,0
0.320000,270.000000,79.115360,7.192271,1,1,1,1,2,2,0.749994,0.749996,0.750006,0.750007,0.750006,0.000000,0.974556,0.224144,0.000000,0.974555,0.224148,0.000000,0.974555,0.224148,9.560096,-3.634039,-0.000035,1,1,16.212550,0.000000,0,0
0.330000,270.000000,79.079010,7.350335,1,1,1,1,2,2,0.750010,0.750010,0.750006,0.750006,0.750006,0.000000,0.974554,0.224151,0.000000,0.974555,0.224148,0.000000,0.974555,0.224148,9.560175,-3.635494,-0.000037,1,1,16.219030,0.000000,0,0
0.340000,270.000000,79.042640,7.508461,1,1,1,1,2,2,0.750016,0.750015,0.750006,0.750006,0.750006,0.000000,0.974557,0.224141,0.000000,0.974555,0.224148,0.000000,0.974555,0.224148,9.560217,-3.636946,-0.000040,1,1,16.225500,0.000000,0,0
0.350000,270.000000,79.006260,7.666650,1,1,1,1,2,2,0.749994,0.750005,0.750003,0.750003,0.750003,0.000000,0.974551,0.224165,0.000000,0.974555,0.224148,0.000000,0.974555,0.224148,9.560940,-3.638396,-0.000041,1,1,16.231960,0.000000,0,0
0.360000,270.000000,78.969860,7.824903,1,1,1,1,2,2,0.750000,0.750000,0.750003,0.750003,0.750003,0.000000,0.974555,0.224148,0.000000,0.974555,0.224148,0.000000,0.974555,0.224148,9.560798,-3.639837,-0.000035,1,1,16.238410,0.000000,0,0
0.370000,270.000000,78.933440,7.983218,1,1,1,1,2,2,0.749984,0.750001,0.749999,0.749999,0.749999,0.000000,0.974556,0.224143,0.000000,0.974555,0.224148,0.000000,0.974555,0.224148,9.561341,-3.641277,-0.000031,1,1,16.244860,0.000000,0,0
0.380000,270.000000,78.897010,8.141596,1,1,1,1,2,2,0.750002,0.750006,0.749995,0.749995,0.749995,0.000000,0.974557,0.224141,0.000000,0.974555,0.224148,0.000000,0.974555,0.224148,9.561784,-3.642709,-0.000022,1,1,16.251290,0.000000,0,0
0.390000,270.000000,78.860570,8.300036,1,1,1,1,2,2,0.749994,0.749994,0.749999,0.749999,0.749999,0.000000,0.974557,0.224140,0.000000,0.974555,0.224148,0.000000,0.974555,0.224148,9.560746,-3.644135,-0.000008,1,1,16.257710,0.000000,0,0
0.400000,270.000000,78.824120,8.458539,1,1,1,1,2,2,0.749983,0.750000,0.750003,0.750003,0.750003,0.000000,0.974556,0.224143,0.000000,0.974555,0.224148,0.000000,0.974555,0.224148,9.559979,-3.645570,-0.000004,1,1,16.264130,0.000000,0,0
0.410000,270.000000,78.787650,8.617105,1,1,1,1,2,2,0.750002,0.750002,0.750002,0.750002,0.750002,0.000000,0.974554,0.224151,0.000000,0.974555,0.224148,0.000000,0.974555,0.224148,9.560155,-3.647009,-0.000008,1,1,16.270530,0.000000,0,0
0.420000,270.000000,78.751170,8.775732,1,1,1,1,2,2,0.750010,0.750010,0.750003,0.750003,0.750003,0.000000,0.974554,0.224151,0.000000,0.974555,0.224148,0.000000,0.974555,0.224148,9.560138,-3.648444,-0.000011,1,1,16.276920,0.000000,0,0
0.430000,270.000000,78.714670,8.934422,1,1,1,1,2,2,0.750015,0.750013,0.750003,0.750003,0.750003,0.000000,0.974558,0.224137,0.000000,0.974555,0.224148,0.000000,0.974555,0.224148,9.560195,-3.649878,-0.000013,1,1,16.283310,0.000000,0,0
0.440000,270.000000,78.678150,9.093173,1,1,1,1,2,2,0.749999,0.749999,0.750003,0.750002,0.750003,0.000000,0.974556,0.224144,0.000000,0.974555,0.224148,0.000000,0.974555,0.224148,9.560295,-3.651309,-0.000014,1,1,16.289680,0.000000,0,0
0.450000,270.000000,78.641620,9.251987,1,1,1,1,2,2,0.749987,0.750002,0.749999,0.749999,0.749999,0.000000,0.974556,0.224144,0.000000,0.974555,0.224147,0.000000,0.974555,0.224148,9.560955,-3.652736,-0.000016,1,1,16.296050,0.000000,0,0
0.460000,270.000000,78.605080,9.410863,1,1,1,1,2,2,0.749992,0.750004,0.749995,0.749995,0.749995,0.000000,0.974554,0.224153,0.000000,0.974555,0.224147,0.000000,0.974555,0.224148,9.561485,-3.654155,-0.000010,1,1,16.302400,0.000000,0,0
0.470000,270.000000,78.568530,9.569800,1,1,1,1,2,2,0.750011,0.750011,0.749999,0.749999,0.749999,0.000000,0.974558,0.224137,0.000000,0.974555,0.224148,0.000000,0.974555,0.224148,9.560551,-3.655567,0.000001,1,1,16.308750,0.000000,0,0
0.480000,270.000000,78.531960,9.728800,1,1,1,1,2,2,0.750014,0.750005,0.750003,0.750003,0.750003,0.000000,0.974557,0.224141,0.000000,0.974555,0.224148,0.000000,0.974555,0.224148,9.559817,-3.656986,0.000003,1,1,16.315090,0.000000,0,0
0.490000,270.000000,78.495380,9.887861,1,1,1,1,2,2,0.749999,0.749999,0.750003,0.750003,0.750003,0.000000,0.974556,0.224144,0.000000,0.974555,0.224147,0.000000,0.974555,0.224148,9.559964,-3.658410,-0.000003,1,1,16.321420,0.000000,0,0
0.500000,270.000000,78.458780,10.046980,1,1,1,1,2,2,0.750002,0.750002,0.750003,0.750003,0.750003,0.000000,0.974554,0.224151,0.000000,0.974555,0.224148,0.000000,0.974555,0.224148,9.560070,-3.659830,-0.000006,1,1,16.327730,0.000000,0,0
0.510000,270.000000,78.422160,10.206170,1,1,1,1,2,2,0.750004,0.750001,0.750003,0.750003,0.750003,0.000000,0.974553,0.224156,0.000000,0.974555,0.224148,0.000000,0.974555,0.224148,9.560138,-3.661247,-0.000009,1,1,16.334040,0.000000,0,0
0.520000,270.000000,78.385540,10.365410,1,1,1,1,2,2,0.750011,0.750011,0.749999,0.749999,0.749999,0.000000,0.974558,0.224137,0.000000,0.974555,0.224147,0.000000,0.974555,0.224148,9.560867,-3.662662,-0.000012,1,1,16.340340,0.000000,0,0
0.530000,270.000000,78.348890,10.524720,1,1,1,1,2,2,0.749993,0.749993,0.749995,0.749995,0.749995,0.000000,0.974558,0.224137,0.000000,0.974555,0.224148,0.000000,0.974555,0.224148,9.561405,-3.664067,-0.000006,1,1,16.346630,0.000000,0,0
0.540000,270.000000,78.312240,10.684090,1,1,1,1,2,2,0.749987,0.750000,0.749999,0.749999,0.749999,0.000000,0.974558,0.224137,0.000000,0.974555,0.224148,0.000000,0.974555,0.224148,9.560481,-3.665464,0.000004,1,1,16.352910,0.000000,0,0
0.550000,270.000000,78.275570,10.843520,1,1,1,1,2,2,0.750011,0.750011,0.750003,0.750003,0.750003,0.000000,0.974558,0.224137,0.000000,0.974555,0.224147,0.000000,0.974555,0.224148,9.559787,-3.666869,0.000005,1,1,16.359180,0.000000,0,0
0.560000,270.000000,78.238890,11.003010,1,1,1,1,2,2,0.750006,0.750005,0.750003,0.750003,0.750003,0.000000,0.974556,0.224144,0.000000,0.974555,0.224148,0.000000,0.974555,0.224148,9.559936,-3.668278,-0.000001,1,1,16.365440,0.000000,0,0
0.570000,270.000000,78.202190,11.162560,1,1,1,1,2,2,0.749996,0.750008,0.750003,0.750003,0.750003,0.000000,0.974554,0.224153,0.000000,0.974555,0.224148,0.000000,0.974555,0.224148,9.560023,-3.669684,-0.000005,1,1,16.371700,0.000000,0,0
0.580000,270.000000,78.165480,11.322170,1,1,1,1,2,2,0.749990,0.749990,0.749999,0.749999,0.749999,0.000000,0.974554,0.224151,0.000000,0.974555,0.224147,0.000000,0.974555,0.224148,9.560790,-3.671087,-0.000009,1,1,16.377940,0.000000,0,0
0.590000,270.000000,78.128750,11.481840,1,1,1,1,2,2,0.749986,0.750000,0.749996,0.749996,0.749996,0.000000,0.974556,0.224144,0.000000,0.974555,0.224147,0.000000,0.974555,0.224148,9.561345,-3.672480,-0.000006,1,1,16.384170,0.000000,0,0
0.600000,270.000000,78.092020,11.641580,1,1,1,1,2,2,0.750018,0.750003,0.749999,0.749999,0.749999,0.000000,0.974556,0.224144,0.000000,0.974555,0.224148,0.000000,0.974555,0.224148,9.560467,-3.673865,0.000005,1,1,16.390400,0.000000,0,0
0.610000,270.000000,78.055270,11.801370,1,1,1,1,2,2,0.749990,0.749990,0.750003,0.750003,0.750003,0.000000,0.974554,0.224151,0.000000,0.974555,0.224147,0.000000,0.974555,0.224148,9.559786,-3.675257,0.000005,1,1,16.396610,0.000000,0,0
0.620000,270.000000,78.018500,11.961230,1,1,1,1,2,2,0.749982,0.750000,0.750003,0.750003,0.750003,0.000000,0.974557,0.224141,0.000000,0.974555,0.224147,0.000000,0.974555,0.224148,9.559923,-3.676654,-0.000002,1,1,16.402820,0.000000,0,0
0.630000,270.000000,77.981720,12.121140,1,1,1,1,2,2,0.750001,0.750001,0.749999,0.749999,0.749999,0.000000,0.974554,0.224153,0.000000,0.974555,0.224148,0.000000,0.974555,0.224148,9.560753,-3.678047,-0.000006,1,1,16.409010,0.000000,0,0
0.640000,270.000000,77.944920,12.281120,1,1,1,1,2,2,0.750011,0.750011,0.749999,0.749999,0.749999,0.000000,0.974558,0.224137,0.000000,0.974555,0.224147,0.000000,0.974555,0.224148,9.560623,-3.679430,-0.000003,1,1,16.415200,0.000000,0,0
0.650000,270.000000,77.908110,12.441150,1,1,1,1,2,2,0.750007,0.750006,0.749995,0.749995,0.749995,0.000000,0.974558,0.224137,0.000000,0.974555,0.224147,0.000000,0.974555,0.224148,9.561242,-3.680813,-0.000001,1,1,16.421380,0.000000,0,0
0.660000,270.000000,77.871290,12.601250,1,1,1,1,2,2,0.749993,0.749993,0.749999,0.749999,0.749999,0.000000,0.974558,0.224137,0.000000,0.974555,0.224148,0.000000,0.974555,0.224148,9.560390,-3.682187,0.000008,1,1,16.427540,0.000000,0,0
0.670000,270.000000,77.834460,12.761400,1,1,1,1,2,2,0.755145,0.755145,0.749999,0.749999,0.749999,0.000000,0.981774,0.190051,0.000000,0.974555,0.224147,0.000000,0.974555,0.224148,9.560355,-3.683567,0.000008,1,1,16.433700,0.000000,0,0
0.680000,270.000000,77.797610,12.921620,1,1,1,1,2,2,0.749992,0.750004,0.749999,0.749999,0.749999,0.000000,0.974554,0.224153,0.000000,0.974555,0.224147,0.000000,0.974555,0.224148,9.560339,-3.684946,0.000007,1,1,16.439850,0.000000,0,0
0.690000,270.000000,77.760740,13.081890,1,1,1,1,2,2,0.750002,0.750002,0.749995,0.749995,0.749995,0.000000,0.974554,0.224151,0.000000,0.974555,0.224148,0.000000,0.974555,0.224148,9.561073,-3.686322,0.000008,1,1,16.445990,0.000000,0,0
0.700000,270.000000,77.723860,13.242230,1,1,1,1,2,2,0.749998,0.749997,0.749992,0.749992,0.749992,0.000000,0.974556,0.224144,0.000000,0.974555,0.224148,0.000000,0.974555,0.224148,9.561526,-3.687690,0.000015,1,1,16.452120,0.000000,0,0
0.710000,270.000000,77.686970,13.402620,1,1,1,1,2,2,0.749978,0.749991,0.749996,0.749996,0.749996,0.000000,0.974555,0.224151,0.000000,0.974555,0.224147,0.000000,0.974555,0.224148,9.560549,-3.689050,0.000026,1,1,16.458240,0.000000,0,0
0.720000,270.000000,77.650070,13.563080,1,1,1,1,2,2,0.750002,0.750002,0.749995,0.749995,0.749995,0.000000,0.974554,0.224151,0.000000,0.974555,0.224148,0.000000,0.974555,0.224148,9.560548,-3.690419,0.000028,1,1,16.464350,0.000000,0,0
0.730000,270.000000,77.613150,13.723590,1,1,1,1,2,2,0.750007,0.749993,0.749995,0.749995,0.749995,0.000000,0.974556,0.224144,0.000000,0.974555,0.224148,0.000000,0.974555,0.224148,9.560490,-3.691785,0.000030,1,1,16.470460,0.000000,0,0
0.740000,270.000000,77.576220,13.884160,1,1,1,1,2,2,0.749988,0.749988,0.749995,0.749995,0.749995,0.000000,0.974551,0.224166,0.000000,0.974555,0.224147,0.000000,0.974555,0.224148,9.560459,-3.693150,0.000031,1,1,16.476550,0.000000,0,0
0.750000,270.000000,77.539280,14.044800,1,1,1,1,2,2,0.749988,0.749988,0.749999,0.749999,0.749999,0.000000,0.974556,0.224145,0.000000,0.974555,0.224148,0.000000,0.974555,0.224148,9.559787,-3.694513,0.000032,1,1,16.482630,0.000000,0,0
0.760000,270.000000,77.502320,14.205490,1,1,1,1,2,2,0.749982,0.750000,0.749999,0.749999,0.749999,0.000000,0.974557,0.224141,0.000000,0.974555,0.224148,0.000000,0.974555,0.224148,9.559908,-3.695881,0.000026,1,1,16.488710,0.000000,0,0
0.770000,270.000000,77.465350,14.366240,1,1,1,1,2,2,0.750011,0.750011,0.749999,0.749999,0.749999,0.000000,0.974558,0.224137,0.000000,0.974555,0.224147,0.000000,0.974555,0.224148,9.560051,-3.697245,0.000021,1,1,16.494780,0.000000,0,0
0.780000,270.000000,77.428360,14.527050,1,1,1,1,2,2,0.749995,0.749995,0.749999,0.749999,0.749999,0.000000,0.974556,0.224144,0.000000,0.974555,0.224148,0.000000,0.974555,0.224148,9.560127,-3.698606,0.000018,1,1,16.500830,0.000000,0,0
0.790000,270.000000,77.391360,14.687920,1,1,1,1,2,2,0.749978,0.749991,0.749995,0.749995,0.749995,0.000000,0.974555,0.224151,0.000000,0.974555,0.224148,0.000000,0.974555,0.224148,9.560841,-3.699964,0.000016,1,1,16.506880,0.000000,0,0
0.800000,270.000000,77.354350,14.848840,1,1,1,1,2,2,0.749993,0.749993,0.749999,0.749999,0.749999,0.000000,0.974553,0.224159,0.000000,0.974555,0.224147,0.000000,0.974555,0.224148,9.560076,-3.701313,0.000020,1,1,16.512920,0.000000,0,0
0.810000,270.000000,77.317320,15.009830,1,1,1,1,2,2,0.749988,0.750001,0.750003,0.750003,0.750003,0.000000,0.974553,0.224160,0.000000,0.974555,0.224148,0.000000,0.974555,0.224148,9.559479,-3.702667,0.000017,1,1,16.518950,0.000000,0,0
0.820000,270.000000,77.280280,15.170880,1,1,1,1,2,2,0.750014,0.750003,0.749999,0.749999,0.749999,0.000000,0.974556,0.224144,0.000000,0.974555,0.224148,0.000000,0.974555,0.224148,9.560337,-3.704026,0.000009,1,1,16.524970,0.000000,0,0
0.830000,270.000000,77.243230,15.331980,1,1,1,1,2,2,0.749992,0.749992,0.749999,0.749999,0.749999,0.000000,0.974558,0.224136,0.000000,0.974555,0.224147,0.000000,0.974555,0.224148,9.560401,-3.705374,0.000008,1,1,16.530980,0.000000,0,0
0.840000,270.000000,77.206160,15.493140,1,1,1,1,2,2,0.749983,0.749996,0.750003,0.750003,0.750003,0.000000,0.974556,0.224143,0.000000,0.974555,0.224147,0.000000,0.974555,0.224148,9.559714,-3.706719,0.000007,1,1,16.536980,0.000000,0,0
0.850000,270.000000,77.169080,15.654360,1,1,1,1,2,2,0.750005,0.750017,0.750003,0.750003,0.750003,0.000000,0.974556,0.224145,0.000000,0.974555,0.224148,0.000000,0.974555,0.224148,9.559849,-3.708068,0.000000,1,1,16.542970,0.000000,0,0
0.860000,270.000000,77.131990,15.815640,1,1,1,1,2,2,0.750005,0.750005,0.750003,0.750003,0.750003,0.000000,0.974553,0.224159,0.000000,0.974555,0.224148,0.000000,0.974555,0.224148,9.560020,-3.709415,-0.000005,1,1,16.548960,0.000000,0,0
0.870000,270.000000,77.094880,15.976980,1,1,1,1,2,2,0.750015,0.750013,0.750003,0.750003,0.750003,0.000000,0.974558,0.224137,0.000000,0.974555,0.224148,0.000000,0.974555,0.224148,9.560147,-3.710757,-0.000008,1,1,16.554930,0.000000,0,0
0.880000,270.000000,77.057750,16.138370,1,1,1,1,2,2,0.749992,0.750006,0.749999,0.749999,0.749999,0.000000,0.974559,0.224129,0.000000,0.974555,0.224148,0.000000,0.974555,0.224148,9.560804,-3.712097,-0.000011,1,1,16.560900,0.000000,0,0
0.889999,270.000000,77.020620,16.299830,1,1,1,1,2,2,0.750001,0.750001,0.749999,0.749999,0.749999,0.000000,0.974554,0.224153,0.000000,0.974555,0.224148,0.000000,0.974555,0.224148,9.560775,-3.713428,-0.000007,1,1,16.566850,0.000000,0,0
0.899999,270.000000,76.983470,16.461340,1,1,1,1,2,2,0.749988,0.750001,0.749999,0.749999,0.749999,0.000000,0.974553,0.224160,0.000000,0.974555,0.224148,0.000000,0.974555,0.224148,9.560710,-3.714757,-0.000003,1,1,16.572800,0.000000,0,0
0.909999,270.000000,76.946310,16.622910,1,1,1,1,2,2,0.749999,0.749999,0.749999,0.749999,0.749999,0.000000,0.974554,0.224153,0.000000,0.974555,0.224147,0.000000,0.974555,0.224148,9.560575,-3.716085,0.000000,1,1,16.578740,0.000000,0,0
0.919999,270.000000,76.909140,16.784530,1,1,1,1,2,2,0.750000,0.750000,0.750003,0.750003,0.750003,0.000000,0.974558,0.224137,0.000000,0.974555,0.224148,0.000000,0.974555,0.224148,9.559837,-3.717412,0.000003,1,1,16.584670,0.000000,0,0
0.929999,270.000000,76.871960,16.946220,1,1,1,1,2,2,0.750000,0.750002,0.750003,0.750003,0.750003,0.000000,0.974556,0.224144,0.000000,0.974555,0.224148,0.000000,0.974555,0.224148,9.559964,-3.718744,-0.000002,1,1,16.590590,0.000000,0,0
0.939999,270.000000,76.834750,17.107960,1,1,1,1,2,2,0.750012,0.750012,0.750003,0.750003,0.750003,0.000000,0.974558,0.224136,0.000000,0.974555,0.224147,0.000000,0.974555,0.224148,9.560061,-3.720073,-0.000007,1,1,16.596500,0.000000,0,0
0.949999,270.000000,76.797540,17.269760,1,1,1,1,2,2,0.767466,0.767466,0.749999,0.749999,0.749999,0.000000,0.960831,0.277136,0.000000,0.974555,0.224148,0.000000,0.974555,0.224148,9.560781,-3.721399,-0.000010,1,1,16.602400,0.000000,0,0
0.959999,270.000000,76.760310,17.431620,1,1,1,1,2,2,0.750007,0.750006,0.750003,0.750003,0.750003,0.000000,0.974553,0.224160,0.000000,0.974555,0.224148,0.000000,0.974555,0.224148,9.559990,-3.722716,-0.000006,1,1,16.608300,0.000000,0,0
0.969999,270.000000,76.723080,17.593530,1,1,1,1,2,2,0.750000,0.750000,0.750006,0.750006,0.750006,0.000000,0.974558,0.224136,0.000000,0.974555,0.224148,0.000000,0.974555,0.224148,9.559583,-3.724039,-0.000009,1,1,16.614180,0.000000,0,0
0.979999,270.000000,76.685820,17.755500,1,1,1,1,2,2,0.792124,0.792125,0.750007,0.750007,0.750007,0.000000,0.987394,0.158282,0.000000,0.974555,0.224148,0.000000,0.974555,0.224148,9.559609,-3.725364,-0.000017,1,1,16.620050,0.000000,0,0
0.989999,270.000000,76.648550,17.917530,1,1,1,1,2,2,0.750018,0.750011,0.750003,0.750003,0.750003,0.000000,0.974558,0.224137,0.000000,0.974555,0.224148,0.000000,0.974555,0.224148,9.560474,-3.726686,-0.000025,1,1,16.625920,0.000000,0,0
0.999999,270.000000,76.611270,18.079620,1,1,1,1,2,2,0.750000,0.750000,0.750006,0.750007,0.750006,0.000000,0.974558,0.224137,0.000000,0.974555,0.224147,0.000000,0.974555,0.224148,9.559847,-3.727998,-0.000025,1,1,16.631780,0.000000,0,0
1.009999,270.000000,76.573980,18.241760,1,1,1,1,2,2,0.750002,0.750009,0.750007,0.750007,0.750007,0.000000,0.974558,0.224137,0.000000,0.974555,0.224147,0.000000,0.974555,0.224148,9.559977,-3.729314,-0.000030,1,1,16.637630,0.000000,0,0
1.019999,270.000000,76.536670,18.403960,1,1,1,1,2,2,0.750002,0.750014,0.750003,0.750003,0.750003,0.000000,0.974558,0.224137,0.000000,0.974555,0.224147,0.000000,0.974555,0.224148,9.560764,-3.730627,-0.000035,1,1,16.643470,0.000000,0,0
1.029999,270.000000,76.499350,18.566220,1,1,1,1,2,2,0.750011,0.750011,0.749999,0.749999,0.749999,0.000000,0.974558,0.224137,0.000000,0.974555,0.224149,0.000000,0.974555,0.224148,9.561340,-3.731930,-0.000029,1,1,16.649300,0.000000,0,0
1.039999,270.000000,76.462020,18.728530,1,1,1,1,2,2,0.750017,0.749997,0.750003,0.750003,0.750003,0.000000,0.974556,0.224145,0.000000,0.974555,0.224149,0.000000,0.974555,0.224148,9.560340,-3.733226,-0.000017,1,1,16.655120,0.000000,0,0
1.049999,270.000000,76.424670,18.890900,1,1,1,1,2,2,0.749982,0.749995,0.749999,0.749999,0.749999,0.000000,0.974556,0.224144,0.000000,0.974555,0.224147,0.000000,0.974555,0.224148,9.560987,-3.734529,-0.000018,1,1,16.660930,0.000000,0,0
1.059999,270.000000,76.387310,19.053330,1,1,1,1,2,2,0.749994,0.749994,0.749999,0.749999,0.749999,0.000000,0.974554,0.224151,0.000000,0.974555,0.224147,0.000000,0.974555,0.224148,9.560901,-3.735824,-0.000013,1,1,16.666740,0.000000,0,0
1.069999,270.000000,76.349950,19.215810,1,1,1,1,2,2,0.749989,0.750001,0.749999,0.749999,0.749999,0.000000,0.974551,0.224166,0.000000,0.974555,0.224147,0.000000,0.974555,0.224148,9.560774,-3.737118,-0.000009,1,1,16.672530,0.000000,0,0
1.079999,270.000000,76.312560,19.378350,1,1,1,1,2,2,0.750011,0.750011,0.749999,0.749999,0.749999,0.000000,0.974558,0.224137,0.000000,0.974555,0.224147,0.000000,0.974555,0.224148,9.560695,-3.738411,-0.000005,1,1,16.678320,0.000000,0,0
1.089999,270.000000,76.275160,19.540950,1,1,1,1,2,2,0.749993,0.749993,0.749999,0.749999,0.749999,0.000000,0.974558,0.224137,0.000000,0.974555,0.224149,0.000000,0.974555,0.224148,9.560630,-3.739703,0.000000,1,1,16.684090,0.000000,0,0
1.099999,270.000000,76.237750,19.703600,1,1,1,1,2,2,0.749982,0.749995,0.749999,0.749999,0.749999,0.000000,0.974556,0.224144,0.000000,0.974555,0.224149,0.000000,0.974555,0.224148,9.560516,-3.740994,0.000004,1,1,16.689860,0.000000,0,0
1.109999,270.000000,76.200330,19.866300,1,1,1,1,2,2,0.749998,0.749998,0.750003,0.750003,0.750003,0.000000,0.974554,0.224151,0.000000,0.974555,0.224147,0.000000,0.974555,0.224148,9.559802,-3.742283,0.000004,1,1,16.695620,0.000000,0,0
1.119999,270.000000,76.162900,20.029070,1,1,1,1,2,2,0.749998,0.749998,0.749999,0.749999,0.749999,0.000000,0.974554,0.224151,0.000000,0.974555,0.224147,0.000000,0.974555,0.224148,9.560604,-3.743578,-0.000002,1,1,16.701370,0.000000,0,0
1.129999,270.000000,76.125450,20.191890,1,1,1,1,2,2,0.749994,0.750006,0.750003,0.750003,0.750003,0.000000,0.974551,0.224166,0.000000,0.974555,0.224147,0.000000,0.974555,0.224148,9.559901,-3.744863,0.000000,1,1,16.707120,0.000000,0,0
1.139999,270.000000,76.087990,20.354760,1,1,1,1,2,2,0.750000,0.750000,0.750003,0.750006,0.750005,0.000000,0.974558,0.224137,0.000000,0.974555,0.224147,0.000000,0.974555,0.224148,9.559718,-3.746153,-0.000006,1,1,16.712850,0.000000,0,0
1.149999,270.000000,76.050510,20.517700,1,1,1,1,2,2,0.736690,0.736690,0.750002,0.750002,0.750002,0.000000,0.955516,0.294939,0.000000,0.974555,0.224149,0.000000,0.974555,0.224148,9.560213,-3.747442,-0.000011,1,1,16.718570,0.000000,0,0
1.159999,270.000000,76.013020,20.680680,1,1,1,1,2,2,0.750009,0.750008,0.749999,0.749999,0.749999,0.000000,0.974556,0.224143,0.000000,0.974555,0.224149,0.000000,0.974555,0.224148,9.560866,-3.748725,-0.000011,1,1,16.724290,0.000000,0,0
1.169999,270.000000,75.975520,20.843730,1,1,1,1,2,2,0.749992,0.749992,0.749999,0.749999,0.749999,0.000000,0.974558,0.224136,0.000000,0.974555,0.224147,0.000000,0.974555,0.224148,9.560757,-3.749999,-0.000007,1,1,16.729990,0.000000,0,0
1.179999,270.000000,75.938010,21.006820,1,1,1,1,2,2,0.749982,0.750007,0.749999,0.749999,0.749999,0.000000,0.974556,0.224144,0.000000,0.974555,0.224147,0.000000,0.974555,0.224148,9.560654,-3.751273,-0.000004,1,1,16.735690,0.000000,0,0
1.189999,270.000000,75.900480,21.169980,1,1,1,1,2,2,0.749994,0.749994,0.749995,0.749995,0.749995,0.000000,0.974554,0.224151,0.000000,0.974555,0.224147,0.000000,0.974555,0.224148,9.561268,-3.752545,-0.000002,1,1,16.741380,0.000000,0,0
1.199999,270.000000,75.862950,21.333190,1,1,1,1,2,2,0.750000,0.750000,0.749999,0.749999,0.749999,0.000000,0.974551,0.224166,0.000000,0.974555,0.224147,0.000000,0.974555,0.224148,9.560425,-3.753810,0.000006,1,1,16.747060,0.000000,0,0
1.209999,270.000000,75.825390,21.496450,1,1,1,1,2,2,0.750010,0.750009,0.749996,0.749996,0.749996,0.000000,0.974556,0.224144,0.000000,0.974555,0.224147,0.000000,0.974555,0.224148,9.561030,-3.755080,0.000006,1,1,16.752730,0.000000,0,0
1.219999,270.000000,75.787830,21.659770,1,1,1,1,2,2,0.749975,0.749988,0.749991,0.749992,0.749991,0.000000,0.974556,0.224144,0.000000,0.974555,0.224149,0.000000,0.974555,0.224148,9.561564,-3.756343,0.000015,1,1,16.758390,0.000000,0,0
1.229999,270.000000,75.750250,21.823150,1,1,1,1,2,2,0.749994,0.749994,0.749995,0.749995,0.749995,0.000000,0.974554,0.224151,0.000000,0.974555,0.224147,0.000000,0.974555,0.224148,9.560608,-3.757599,0.000025,1,1,16.764050,0.000000,0,0
1.239999,270.000000,75.712660,21.986580,1,1,1,1,2,2,0.749994,0.749994,0.749996,0.749996,0.749996,0.000000,0.974554,0.224153,0.000000,0.974555,0.224147,0.000000,0.974555,0.224148,9.560501,-3.758862,0.000027,1,1,16.769690,0.000000,0,0
1.249999,270.000000,75.675060,22.150060,1,1,1,1,2,2,0.750000,0.750009,0.749999,0.749999,0.749999,0.000000,0.974554,0.224152,0.000000,0.974555,0.224147,0.000000,0.974555,0.224148,9.559852,-3.760125,0.000027,1,1,16.775330,0.000000,0,0
1.259999,270.000000,75.637450,22.313600,1,1,1,1,2,2,0.749992,0.749992,0.749999,0.749999,0.749999,0.000000,0.974558,0.224136,0.000000,0.974555,0.224147,0.000000,0.974555,0.224148,9.560083,-3.761391,0.000022,1,1,16.780960,0.000000,0,0
1.269999,270.000000,75.599820,22.477200,1,1,1,1,2,2,0.749994,0.750008,0.750000,0.750000,0.750000,0.000000,0.974556,0.224144,0.000000,0.974555,0.224147,0.000000,0.974555,0.224148,9.560028,-3.762654,0.000018,1,1,16.786580,0.000000,0,0
1.279999,270.000000,75.562190,22.640850,1,1,1,1,2,2,0.749989,0.750001,0.749999,0.749999,0.749999,0.000000,0.974551,0.224166,0.000000,0.974555,0.224149,0.000000,0.974555,0.224148,9.560182,-3.763915,0.000017,1,1,16.792190,0.000000,0,0
1.289999,270.000000,75.524540,22.804550,1,1,1,1,2,2,0.750011,0.750011,0.750003,0.750002,0.750002,0.000000,0.974558,0.224137,0.000000,0.974555,0.224147,0.000000,0.974555,0.224148,9.559613,-3.765172,0.000014,1,1,16.797790,0.000000,0,0
1.299999,270.000000,75.486870,22.968310,1,1,1,1,2,2,0.749998,0.749998,0.749999,0.749999,0.749999,0.000000,0.974554,0.224151,0.000000,0.974555,0.224147,0.000000,0.974555,0.224148,9.560376,-3.766434,0.000005,1,1,16.803380,0.000000,0,0
1.309999,270.000000,75.449200,23.132120,1,1,1,1,2,2,0.750002,0.750002,0.750003,0.750003,0.750003,0.000000,0.974554,0.224151,0.000000,0.974555,0.224147,0.000000,0.974555,0.224148,9.559764,-3.767686,0.000005,1,1,16.808970,0.000000,0,0
1.319999,270.000000,75.411510,23.295990,1,1,1,1,2,2,0.750012,0.750012,0.750003,0.750003,0.750003,0.000000,0.974558,0.224136,0.000000,0.974555,0.224147,0.000000,0.974555,0.224148,9.559958,-3.768942,-0.000002,1,1,16.814540,0.000000,0,0
1.329999,270.000000,75.373800,23.459910,1,1,1,1,2,2,0.749998,0.750008,0.749999,0.749999,0.749999,0.000000,0.974556,0.224144,0.000000,0.974555,0.224147,0.000000,0.974555,0.224148,9.560703,-3.770194,-0.000007,1,1,16.820110,0.000000,0,0
1.339999,270.000000,75.336090,23.623890,1,1,1,1,2,2,0.749994,0.749994,0.750003,0.750003,0.750003,0.000000,0.974548,0.224180,0.000000,0.974555,0.224148,0.000000,0.974555,0.224148,9.559937,-3.771437,-0.000003,1,1,16.825670,0.000000,0,0
1.349999,270.000000,75.298360,23.787920,1,1,1,1,2,2,0.750000,0.750000,0.750002,0.750002,0.750002,0.000000,0.974557,0.224139,0.000000,0.974555,0.224148,0.000000,0.974555,0.224148,9.560161,-3.772685,-0.000006,1,1,16.831220,0.000000,0,0
1.359999,270.000000,75.260620,23.952000,1,1,1,1,2,2,0.749982,0.749995,0.749999,0.749999,0.749999,0.000000,0.974556,0.224144,0.000000,0.974555,0.224148,0.000000,0.974555,0.224148,9.560843,-3.773929,-0.000008,1,1,16.836760,0.000000,0,0
1.369999,270.000000,75.222870,24.116140,1,1,1,1,2,2,0.749998,0.749998,0.749999,0.749999,0.749999,0.000000,0.974554,0.224151,0.000000,0.974555,0.224147,0.000000,0.974555,0.224148,9.560694,-3.775165,-0.000004,1,1,16.842300,0.000000,0,0
1.379999,270.000000,75.185100,24.280330,1,1,1,1,2,2,0.749992,0.749992,0.749999,0.749999,0.749999,0.000000,0.974558,0.224136,0.000000,0.974555,0.224147,0.000000,0.974555,0.224148,9.560586,-3.776400,-0.000001,1,1,16.847820,0.000000,0,0
1.389999,270.000000,75.147330,24.444570,1,1,1,1,2,2,0.749983,0.749995,0.749999,0.750003,0.750001,0.000000,0.974556,0.224144,0.000000,0.974555,0.224147,0.000000,0.974555,0.224148,9.560192,-3.777635,0.000000,1,1,16.853340,0.000000,0,0
1.399999,270.000000,75.109540,24.608870,1,1,1,1,2,2,0.750002,0.750002,0.750002,0.750003,0.750003,0.000000,0.974554,0.224151,0.000000,0.974555,0.224147,0.000000,0.974555,0.224148,9.559984,-3.778871,-0.000002,1,1,16.858840,0.000000,0,0
1.409999,270.000000,75.071740,24.773230,1,1,1,1,2,2,0.713667,0.713667,0.749999,0.749999,0.749999,0.000000,0.922045,0.387083,0.000000,0.974555,0.224149,0.000000,0.974555,0.224148,9.560718,-3.780108,-0.000004,1,1,16.864340,0.000000,0,0
1.419999,270.000000,75.033930,24.937630,1,1,1,1,2,2,0.750017,0.749997,0.749999,0.750002,0.750001,0.000000,0.974556,0.224145,0.000000,0.974555,0.224149,0.000000,0.974555,0.224148,9.560238,-3.781335,0.000002,1,1,16.869830,0.000000,0,0
1.429999,270.000000,74.996100,25.102090,1,1,1,1,2,2,0.749982,0.749982,0.749999,0.749999,0.749999,0.000000,0.974554,0.224151,0.000000,0.974555,0.224147,0.000000,0.974555,0.224148,9.560597,-3.782565,-0.000001,1,1,16.875320,0.000000,0,0
1.439999,270.000000,74.958270,25.266600,1,1,1,1,2,2,0.750002,0.750002,0.750003,0.750003,0.750003,0.000000,0.974554,0.224151,0.000000,0.974555,0.224147,0.000000,0.974555,0.224148,9.559875,-3.783790,0.000001,1,1,16.880790,0.000000,0,0
1.449999,270.000000,74.920420,25.431170,1,1,1,1,2,2,0.749997,0.750009,0.750007,0.750007,0.750007,0.000000,0.974551,0.224168,0.000000,0.974555,0.224147,0.000000,0.974555,0.224148,9.559311,-3.785020,-0.000005,1,1,16.886260,0.000000,0,0
1.459999,270.000000,74.882550,25.595790,1,1,1,1,2,2,0.750018,0.750018,0.750002,0.750003,0.750002,0.000000,0.974554,0.224151,0.000000,0.974555,0.224147,0.000000,0.974555,0.224148,9.560351,-3.786254,-0.000016,1,1,16.891710,0.000000,0,0
1.469999,270.000000,74.844680,25.760460,1,1,1,1,2,2,0.750016,0.750016,0.750006,0.750006,0.750006,0.000000,0.974558,0.224137,0.000000,0.974555,0.224149,0.000000,0.974555,0.224148,9.559624,-3.787475,-0.000014,1,1,16.897160,0.000000,0,0
1.479999,270.000000,74.806790,25.925190,1,1,1,1,2,2,0.750000,0.750002,0.750003,0.750003,0.750003,0.000000,0.974556,0.224144,0.000000,0.974555,0.224149,0.000000,0.974555,0.224148,9.560419,-3.788702,-0.000020,1,1,16.902600,0.000000,0,0
1.489999,270.000000,74.768890,26.089960,1,1,1,1,2,2,0.749998,0.749998,0.749999,0.749999,0.749999,0.000000,0.974554,0.224151,0.000000,0.974555,0.224147,0.000000,0.974555,0.224148,9.561118,-3.789919,-0.000021,1,1,16.908030,0.000000,0,0
1.499999,270.000000,74.730980,26.254800,1,1,1,1,2,2,0.749998,0.750008,0.749999,0.749999,0.749999,0.000000,0.974556,0.224144,0.000000,0.974555,0.224147,0.000000,0.974555,0.224148,9.560905,-3.791127,-0.000014,1,1,16.913450,0.000000,0,0
1.509999,270.000000,74.693050,26.419680,1,1,1,1,2,2,0.749998,0.749998,0.750000,0.750000,0.750000,0.000000,0.974554,0.224151,0.000000,0.974555,0.224147,0.000000,0.974555,0.224148,9.560719,-3.792336,-0.000009,1,1,16.918870,0.000000,0,0
1.519999,270.000000,74.655120,26.584620,1,1,1,1,2,2,0.750001,0.750001,0.750003,0.749999,0.750001,0.000000,0.974554,0.224153,0.000000,0.974555,0.224147,0.000000,0.974555,0.224148,9.560447,-3.793544,-0.000007,1,1,16.924280,0.000000,0,0
1.529999,270.000000,74.617170,26.749610,1,1,1,1,2,2,0.749982,0.749995,0.749999,0.749999,0.749999,0.000000,0.974556,0.224144,0.000000,0.974555,0.224147,0.000000,0.974555,0.224148,9.560721,-3.794753,-0.000007,1,1,16.929670,0.000000,0,0
1.539999,270.000000,74.579220,26.914650,1,1,1,1,2,2,0.750018,0.750011,0.750002,0.750003,0.750003,0.000000,0.974558,0.224137,0.000000,0.974555,0.224149,0.000000,0.974555,0.224148,9.559951,-3.795958,-0.000001,1,1,16.935060,0.000000,0,0
1.549999,270.000000,74.541240,27.079740,1,1,1,1,2,2,0.750002,0.750002,0.750003,0.750003,0.750003,0.000000,0.974554,0.224151,0.000000,0.974555,0.224147,0.000000,0.974555,0.224148,9.560089,-3.797168,-0.000006,1,1,16.940440,0.000000,0,0
1.559999,270.000000,74.503260,27.244890,1,1,1,1,2,2,0.749982,0.750007,0.749999,0.749999,0.749999,0.000000,0.974556,0.224144,0.000000,0.974555,0.224147,0.000000,0.974555,0.224148,9.560801,-3.798375,-0.000010,1,1,16.945820,0.000000,0,0
1.569999,270.000000,74.465260,27.410090,1,1,1,1,2,2,0.749989,0.750001,0.750003,0.749999,0.750001,0.000000,0.974551,0.224166,0.000000,0.974555,0.224147,0.000000,0.974555,0.224148,9.560315,-3.799574,-0.000006,1,1,16.951180,0.000000,0,0
1.579999,270.000000,74.427250,27.575340,1,1,1,1,2,2,0.750011,0.750011,0.749999,0.749999,0.749999,0.000000,0.974558,0.224137,0.000000,0.974555,0.224147,0.000000,0.974555,0.224148,9.560789,-3.800775,-0.000008,1,1,16.956540,0.000000,0,0
1.589999,270.000000,74.389240,27.740640,1,1,1,1,2,2,0.750017,0.749997,0.750003,0.750003,0.750003,0.000000,0.974556,0.224145,0.000000,0.974555,0.224147,0.000000,0.974555,0.224148,9.559947,-3.801970,-0.000004,1,1,16.961880,0.000000,0,0
1.599999,270.000000,74.351200,27.905990,1,1,1,1,2,2,0.749982,0.749995,0.749999,0.749999,0.749999,0.000000,0.974556,0.224144,0.000000,0.974555,0.224149,0.000000,0.974555,0.224148,9.560756,-3.803170,-0.000006,1,1,16.967220,0.000000,0,0
1.609999,270.000000,74.313160,28.071400,1,1,1,1,2,2,0.750002,0.750002,0.750007,0.750007,0.750007,0.000000,0.974554,0.224151,0.000000,0.974555,0.224147,0.000000,0.974555,0.224148,9.559291,-3.804362,-0.000003,1,1,16.972550,0.000000,0,0
1.619999,270.000000,74.275110,28.236860,1,1,1,1,2,2,0.749997,0.750014,0.750007,0.750007,0.750007,0.000000,0.974554,0.224153,0.000000,0.974555,0.224147,0.000000,0.974555,0.224148,9.559587,-3.805565,-0.000015,1,1,16.977870,0.000000,0,0
1.629999,270.000000,74.237040,28.402370,1,1,1,1,2,2,0.750011,0.750010,0.749999,0.749999,0.749999,0.000000,0.974559,0.224131,0.000000,0.974555,0.224147,0.000000,0.974555,0.224148,9.561139,-3.806764,-0.000023,1,1,16.983190,0.000000,0,0
1.639999,270.000000,74.198960,28.567930,1,1,1,1,2,2,0.750002,0.750002,0.750003,0.750003,0.750003,0.000000,0.974554,0.224151,0.000000,0.974555,0.224147,0.000000,0.974555,0.224148,9.560293,-3.807946,-0.000016,1,1,16.988490,0.000000,0,0
1.649999,270.000000,74.160870,28.733550,1,1,1,1,2,2,0.749982,0.749995,0.749999,0.749999,0.749999,0.000000,0.974556,0.224144,0.000000,0.974555,0.224147,0.000000,0.974555,0.224148,9.560989,-3.809134,-0.000017,1,1,16.993790,0.000000,0,0
1.659999,270.000000,74.122760,28.899210,1,1,1,1,2,2,0.750001,0.750001,0.749999,0.749999,0.749999,0.000000,0.974554,0.224153,0.000000,0.974555,0.224149,0.000000,0.974555,0.224148,9.560850,-3.810314,-0.000009,1,1,16.999080,0.000000,0,0
1.669999,270.000000,74.084650,29.064930,1,1,1,1,2,2,0.750011,0.750011,0.749999,0.749999,0.749999,0.000000,0.974558,0.224137,0.000000,0.974555,0.224147,0.000000,0.974555,0.224148,9.560687,-3.811493,-0.000005,1,1,17.004360,0.000000,0,0
1.679999,270.000000,74.046520,29.230690,1,1,1,1,2,2,0.750018,0.750016,0.750003,0.750003,0.750003,0.000000,0.974556,0.224144,0.000000,0.974555,0.224147,0.000000,0.974555,0.224148,9.559964,-3.812672,-0.000003,1,1,17.009630,0.000000,0,0
1.689999,270.000000,74.008380,29.396510,1,1,1,1,2,2,0.749982,0.749995,0.750000,0.749999,0.749999,0.000000,0.974556,0.224144,0.000000,0.974555,0.224147,0.000000,0.974555,0.224148,9.560748,-3.813856,-0.000008,1,1,17.014900,0.000000,0,0
1.699999,270.000000,73.970240,29.562380,1,1,1,1,2,2,0.750012,0.750012,0.750006,0.750006,0.750006,0.000000,0.974558,0.224136,0.000000,0.974555,0.224147,0.000000,0.974555,0.224148,9.559363,-3.815031,-0.000005,1,1,17.020150,0.000000,0,0
1.709999,270.000000,73.932080,29.728310,1,1,1,1,2,2,0.750018,0.750016,0.750003,0.750003,0.750003,0.000000,0.974556,0.224144,0.000000,0.974555,0.224147,0.000000,0.974555,0.224148,9.560230,-3.816217,-0.000015,1,1,17.025400,0.000000,0,0
1.719999,270.000000,73.893900,29.894280,1,1,1,1,2,2,0.749993,0.750010,0.749999,0.749999,0.749999,0.000000,0.974554,0.224153,0.000000,0.974555,0.224149,0.000000,0.974555,0.224148,9.560979,-3.817393,-0.000014,1,1,17.030640,0.000000,0,0
1.729999,270.000000,73.855710,30.060300,1,1,1,1,2,2,0.750001,0.750001,0.750003,0.749999,0.750001,0.000000,0.974554,0.224153,0.000000,0.974555,0.224147,0.000000,0.974555,0.224148,9.560469,-3.818559,-0.000009,1,1,17.035870,0.000000,0,0
1.739999,270.000000,73.817510,30.226380,1,1,1,1,2,2,0.749983,0.750008,0.749999,0.749999,0.749999,0.000000,0.974556,0.224145,0.000000,0.974555,0.224147,0.000000,0.974555,0.224148,9.560770,-3.819729,-0.000009,1,1,17.041100,0.000000,0,0
1.749999,270.000000,73.779300,30.392500,1,1,1,1,2,2,0.749999,0.750008,0.750000,0.749999,0.749999,0.000000,0.974555,0.224151,0.000000,0.974555,0.224147,0.000000,0.974555,0.224148,9.560642,-3.820894,-0.000005,1,1,17.046310,0.000000,0,0
1.759999,270.000000,73.741080,30.558680,1,1,1,1,2,2,0.749994,0.749994,0.749995,0.749995,0.749995,0.000000,0.974554,0.224151,0.000000,0.974555,0.224147,0.000000,0.974555,0.224148,9.561362,-3.822059,-0.000003,1,1,17.051520,0.000000,0,0
1.769999,270.000000,73.702850,30.724910,1,1,1,1,2,2,0.749994,0.749989,0.749999,0.749999,0.749999,0.000000,0.974556,0.224144,0.000000,0.974555,0.224147,0.000000,0.974555,0.224148,9.560408,-3.823215,0.000006,1,1,17.056720,0.000000,0,0
1.779999,270.000000,73.664600,30.891180,1,1,1,1,2,2,0.749994,0.749994,0.749995,0.749995,0.749995,0.000000,0.974554,0.224151,0.000000,0.974555,0.224149,0.000000,0.974555,0.224148,9.561071,-3.824378,0.000009,1,1,17.061910,0.000000,0,0
1.789999,270.000000,73.626350,31.057510,1,1,1,1,2,2,0.750000,0.750000,0.749995,0.749995,0.749995,0.000000,0.974551,0.224166,0.000000,0.974555,0.224147,0.000000,0.974555,0.224148,9.560893,-3.825533,0.000015,1,1,17.067090,0.000000,0,0
1.799999,270.000000,73.588080,31.223890,1,1,1,1,2,2,0.750010,0.749990,0.749995,0.749995,0.749995,0.000000,0.974556,0.224144,0.000000,0.974555,0.224147,0.000000,0.974555,0.224148,9.560741,-3.826688,0.000019,1,1,17.072260,0.000000,0,0
1.809999,270.000000,73.549800,31.390320,1,1,1,1,2,2,0.749993,0.749994,0.749995,0.749995,0.749995,0.000000,0.974556,0.224144,0.000000,0.974555,0.224147,0.000000,0.974555,0.224148,9.560663,-3.827842,0.000022,1,1,17.077430,0.000000,0,0
1.819999,270.000000,73.511510,31.556800,1,1,1,1,2,2,0.749984,0.749984,0.749995,0.749995,0.749995,0.000000,0.974551,0.224166,0.000000,0.974555,0.224147,0.000000,0.974555,0.224148,9.560669,-3.828996,0.000025,1,1,17.082590,0.000000,0,0
1.829999,270.000000,73.473210,31.723330,1,1,1,1,2,2,0.750010,0.750002,0.749995,0.749995,0.749995,0.000000,0.974554,0.224153,0.000000,0.974555,0.224147,0.000000,0.974555,0.224148,9.560535,-3.830148,0.000027,1,1,17.087740,0.000000,0,0
1.839999,270.000000,73.434900,31.889910,1,1,1,1,2,2,0.750010,0.749988,0.749996,0.749996,0.749996,0.000000,0.974553,0.224159,0.000000,0.974555,0.224148,0.000000,0.974555,0.224148,9.560424,-3.831299,0.000030,1,1,17.092880,0.000000,0,0
1.849999,270.000000,73.396580,32.056540,1,1,1,1,2,2,0.749983,0.749983,0.749999,0.749999,0.749999,0.000000,0.974554,0.224153,0.000000,0.974555,0.224148,0.000000,0.974555,0.224148,9.559894,-3.832449,0.000031,1,1,17.098010,0.000000,0,0
1.859999,270.000000,73.358240,32.223220,1,1,1,1,2,2,0.750004,0.749978,0.749995,0.749995,0.749995,0.000000,0.974556,0.224144,0.000000,0.974555,0.224148,0.000000,0.974555,0.224148,9.560667,-3.833603,0.000026,1,1,17.103140,0.000000,0,0
1.869999,270.000000,73.319890,32.389950,1,1,1,1,2,2,0.750009,0.749988,0.749999,0.749999,0.749999,0.000000,0.974553,0.224158,0.000000,0.974555,0.224147,0.000000,0.974555,0.224148,9.559840,-3.834747,0.000029,1,1,17.108260,0.000000,0,0
1.879999,270.000000,73.281530,32.556720,1,1,1,1,2,2,0.750009,0.750009,0.749999,0.749999,0.749999,0.000000,0.974558,0.224137,0.000000,0.974555,0.224147,0.000000,0.974555,0.224148,9.559989,-3.835898,0.000023,1,1,17.113360,0.000000,0,0
1.889999,270.000000,73.243160,32.723550,1,1,1,1,2,2,0.750002,0.750005,0.750000,0.749999,0.749999,0.000000,0.974558,0.224137,0.000000,0.974555,0.224147,0.000000,0.974555,0.224148,9.560106,-3.837045,0.000018,1,1,17.118470,0.000000,0,0
1.899999,270.000000,73.204780,32.890430,1,1,1,1,2,2,0.749997,0.750002,0.749999,0.749999,0.749999,0.000000,0.974559,0.224131,0.000000,0.974555,0.224147,0.000000,0.974555,0.224148,9.560190,-3.838190,0.000015,1,1,17.123560,0.000000,0,0
1.909999,270.000000,73.166390,33.057360,1,1,1,1,2,2,0.750027,0.750027,0.749999,0.749999,0.749999,0.000000,0.974558,0.224137,0.000000,0.974555,0.224149,0.000000,0.974555,0.224148,9.560249,-3.839331,0.000015,1,1,17.128640,0.000000,0,0
1.919999,270.000000,73.127980,33.224330,1,1,1,1,2,2,0.749999,0.749988,0.749999,0.749999,0.749999,0.000000,0.974556,0.224144,0.000000,0.974555,0.224149,0.000000,0.974555,0.224148,9.560235,-3.840471,0.000015,1,1,17.133720,0.000000,0,0
1.929999,270.000000,73.089570,33.391360,1,1,1,1,2,2,0.750002,0.750007,0.749999,0.749999,0.749999,0.000000,0.974556,0.224144,0.000000,0.974555,0.224147,0.000000,0.974555,0.224148,9.560232,-3.841609,0.000013,1,1,17.138790,0.000000,0,0
1.939999,270.000000,73.051140,33.558440,1,1,1,1,2,2,0.749983,0.749983,0.749999,0.749999,0.749999,0.000000,0.974551,0.224165,0.000000,0.974555,0.224147,0.000000,0.974555,0.224148,9.560290,-3.842745,0.000011,1,1,17.143850,0.000000,0,0
1.949998,270.000000,73.012700,33.725560,1,1,1,1,2,2,0.750004,0.750007,0.749999,0.749999,0.749999,0.000000,0.974554,0.224151,0.000000,0.974555,0.224147,0.000000,0.974555,0.224148,9.560327,-3.843878,0.000009,1,1,17.148900,0.000000,0,0
1.959998,270.000000,72.974250,33.892740,1,1,1,1,2,2,0.750004,0.749993,0.749999,0.749999,0.749999,0.000000,0.974553,0.224158,0.000000,0.974555,0.224147,0.000000,0.974555,0.224148,9.560353,-3.845010,0.000008,1,1,17.153950,0.000000,0,0
1.969998,270.000000,72.935790,34.059960,1,1,1,1,2,2,0.749982,0.749982,0.750002,0.750002,0.750002,0.000000,0.974554,0.224151,0.000000,0.974555,0.224149,0.000000,0.974555,0.224148,9.559697,-3.846139,0.000010,1,1,17.158990,0.000000,0,0
1.979998,270.000000,72.897320,34.227240,1,1,1,1,2,2,0.749991,0.749997,0.749999,0.749998,0.749999,0.000000,0.974561,0.224121,0.000000,0.974555,0.224149,0.000000,0.974555,0.224148,9.560493,-3.847274,0.000005,1,1,17.164020,0.000000,0,0
1.989998,270.000000,72.858830,34.394560,1,1,1,1,2,2,0.750004,0.750007,0.749999,0.749999,0.749999,0.000000,0.974554,0.224151,0.000000,0.974555,0.224147,0.000000,0.974555,0.224148,9.560438,-3.848398,0.000005,1,1,17.169040,0.000000,0,0
1.999998,270.000000,72.820340,34.561930,1,1,1,1,2,2,0.750009,0.750009,0.749995,0.749999,0.749997,0.000000,0.974558,0.224137,0.000000,0.974555,0.224147,0.000000,0.974555,0.224148,9.560777,-3.849522,0.000004,1,1,17.174060,0.000000,0,0
2.009999,270.000000,72.781830,34.729350,1,1,1,1,2,2,0.750010,0.749988,0.750000,0.750000,0.750000,0.000000,0.974553,0.224159,0.000000,0.974555,0.224147,0.000000,0.974555,0.224148,9.560280,-3.850640,0.000008,1,1,17.179060,0.000000,0,0
2.019999,270.000000,72.743310,34.896820,1,1,1,1,2,2,0.749985,0.749990,0.749995,0.749995,0.749995,0.000000,0.974553,0.224158,0.000000,0.974555,0.224147,0.000000,0.974555,0.224148,9.561071,-3.851761,0.000006,1,1,17.184060,0.000000,0,0
2.029999,270.000000,72.704780,35.064330,1,1,1,1,2,2,0.749990,0.749990,0.749996,0.749996,0.749996,0.000000,0.974547,0.224182,0.000000,0.974555,0.224148,0.000000,0.974555,0.224148,9.560825,-3.852873,0.000014,1,1,17.189050,0.000000,0,0
2.039999,270.000000,72.666240,35.231900,1,1,1,1,2,2,0.749983,0.750007,0.749999,0.749999,0.749999,0.000000,0.974551,0.224166,0.000000,0.974555,0.224148,0.000000,0.974555,0.224148,9.560040,-3.853986,0.000019,1,1,17.194030,0.000000,0,0
2.049999,270.000000,72.627690,35.399510,1,1,1,1,2,2,0.750016,0.749993,0.749999,0.749999,0.749999,0.000000,0.974556,0.224144,0.000000,0.974555,0.224147,0.000000,0.974555,0.224148,9.560202,-3.855104,0.000014,1,1,17.199010,0.000000,0,0
2.059999,270.000000,72.589130,35.567180,1,1,1,1,2,2,0.749984,0.749984,0.750002,0.750002,0.750002,0.000000,0.974558,0.224137,0.000000,0.974555,0.224149,0.000000,0.974555,0.224148,9.559743,-3.856219,0.000015,1,1,17.203970,0.000000,0,0
2.069999,270.000000,72.550560,35.734890,1,1,1,1,2,2,0.750006,0.749997,0.750002,0.750002,0.750002,0.000000,0.974554,0.224151,0.000000,0.974555,0.224149,0.000000,0.974555,0.224148,9.559708,-3.857337,0.000010,1,1,17.208930,0.000000,0,0
2.079998,270.000000,72.511980,35.902650,1,1,1,1,2,2,0.750006,0.750009,0.750003,0.750007,0.750005,0.000000,0.974558,0.224137,0.000000,0.974555,0.224147,0.000000,0.974555,0.224148,9.559497,-3.858453,0.000002,1,1,17.213880,0.000000,0,0
2.089998,270.000000,72.473380,36.070450,1,1,1,1,2,2,0.750016,0.750016,0.750003,0.750007,0.750005,0.000000,0.974558,0.224137,0.000000,0.974555,0.224147,0.000000,0.974555,0.224148,9.559736,-3.859570,-0.000008,1,1,17.218830,0.000000,0,0
2.099998,270.000000,72.434780,36.238310,1,1,1,1,2,2,0.750016,0.750007,0.750007,0.750007,0.750007,0.000000,0.974551,0.224168,0.000000,0.974555,0.224147,0.000000,0.974555,0.224148,9.559582,-3.860682,-0.000015,1,1,17.223760,0.000000,0,0
2.109998,270.000000,72.396160,36.406210,1,1,1,1,2,2,0.750005,0.749997,0.750003,0.750003,0.750003,0.000000,0.974556,0.224144,0.000000,0.974555,0.224147,0.000000,0.974555,0.224148,9.560472,-3.861794,-0.000023,1,1,17.228690,0.000000,0,0
2.119998,270.000000,72.357530,36.574160,1,1,1,1,2,2,0.750018,0.750018,0.750003,0.750003,0.750003,0.000000,0.974554,0.224151,0.000000,0.974555,0.224149,0.000000,0.974555,0.224148,9.560358,-3.862896,-0.000020,1,1,17.233610,0.000000,0,0
2.129998,270.000000,72.318890,36.742160,1,1,1,1,2,2,0.750002,0.749992,0.750000,0.750003,0.750002,0.000000,0.974556,0.224144,0.000000,0.974555,0.224149,0.000000,0.974555,0.224148,9.560575,-3.863998,-0.000019,1,1,17.238520,0.000000,0,0
2.139998,270.000000,72.280240,36.910210,1,1,1,1,2,2,0.750002,0.750005,0.749999,0.749999,0.749999,0.000000,0.974558,0.224137,0.000000,0.974555,0.224147,0.000000,0.974555,0.224148,9.561009,-3.865095,-0.000018,1,1,17.243430,0.000000,0,0
2.149998,270.000000,72.241580,37.078300,1,1,1,1,2,2,0.749996,0.749996,0.750002,0.750002,0.750002,0.000000,0.974551,0.224168,0.000000,0.974555,0.224147,0.000000,0.974555,0.224148,9.560267,-3.866187,-0.000012,1,1,17.248320,0.000000,0,0
2.159998,270.000000,72.202900,37.246440,1,1,1,1,2,2,0.750006,0.750011,0.750003,0.750003,0.750003,0.000000,0.974556,0.224144,0.000000,0.974555,0.224147,0.000000,0.974555,0.224148,9.560249,-3.867284,-0.000014,1,1,17.253210,0.000000,0,0
2.169998,270.000000,72.164220,37.414630,1,1,1,1,2,2,0.750018,0.750001,0.750007,0.750007,0.750007,0.000000,0.974551,0.224166,0.000000,0.974555,0.224147,0.000000,0.974555,0.224148,9.559589,-3.868379,-0.000016,1,1,17.258090,0.000000,0,0
2.179998,270.000000,72.125530,37.582870,1,1,1,1,2,2,0.749984,0.749984,0.750005,0.750005,0.750005,0.000000,0.974558,0.224137,0.000000,0.974555,0.224149,0.000000,0.974555,0.224148,9.560071,-3.869479,-0.000022,1,1,17.262970,0.000000,0,0
2.189998,270.000000,72.086820,37.751150,1,1,1,1,2,2,0.750006,0.750011,0.750007,0.750007,0.750007,0.000000,0.974556,0.224144,0.000000,0.974555,0.224147,0.000000,0.974555,0.224148,9.559870,-3.870573,-0.000026,1,1,17.267830,0.000000,0,0
2.199998,270.000000,72.048100,37.919480,1,1,1,1,2,2,0.750006,0.749997,0.750003,0.750003,0.750003,0.000000,0.974554,0.224151,0.000000,0.974555,0.224147,0.000000,0.974555,0.224148,9.560655,-3.871666,-0.000032,1,1,17.272690,0.000000,0,0
2.209998,270.000000,72.009380,38.087860,1,1,1,1,2,2,0.750018,0.750018,0.750006,0.750002,0.750004,0.000000,0.974554,0.224151,0.000000,0.974555,0.224147,0.000000,0.974555,0.224148,9.560430,-3.872751,-0.000031,1,1,17.277540,0.000000,0,0
2.219998,270.000000,71.970630,38.256290,1,1,1,1,2,2,0.750002,0.749992,0.749999,0.749999,0.749999,0.000000,0.974556,0.224144,0.000000,0.974555,0.224147,0.000000,0.974555,0.224148,9.561333,-3.873836,-0.000031,1,1,17.282380,0.000000,0,0
2.229998,270.000000,71.931880,38.424760,1,1,1,1,2,2,0.749997,0.750002,0.749999,0.750000,0.749999,0.000000,0.974559,0.224131,0.000000,0.974555,0.224147,0.000000,0.974555,0.224148,9.561066,-3.874910,-0.000022,1,1,17.287220,0.000000,0,0
2.239998,270.000000,71.893130,38.593280,1,1,1,1,2,2,0.750027,0.750027,0.750003,0.750003,0.750003,0.000000,0.974558,0.224137,0.000000,0.974555,0.224149,0.000000,0.974555,0.224148,9.560132,-3.875986,-0.000013,1,1,17.292040,0.000000,0,0
2.249998,270.000000,71.854350,38.761850,1,1,1,1,2,2,0.745069,0.745049,0.749999,0.749999,0.749999,0.000000,0.977514,0.210868,0.000000,0.974555,0.224147,0.000000,0.974555,0.224148,9.560971,-3.877068,-0.000017,1,1,17.296860,0.000000,0,0
2.259998,270.000000,71.815570,38.930470,1,1,1,1,2,2,0.750002,0.750005,0.749999,0.749999,0.749999,0.000000,0.974558,0.224137,0.000000,0.974555,0.224147,0.000000,0.974555,0.224148,9.560847,-3.878141,-0.000012,1,1,17.301670,0.000000,0,0
2.269998,270.000000,71.776780,39.099130,1,1,1,1,2,2,0.749977,0.749977,0.749999,0.749999,0.749999,0.000000,0.974558,0.224137,0.000000,0.974555,0.224147,0.000000,0.974555,0.224148,9.560791,-3.879214,-0.000008,1,1,17.306480,0.000000,0,0
2.279998,270.000000,71.737980,39.267840,1,1,1,1,2,2,0.750010,0.750010,0.749999,0.749999,0.749999,0.000000,0.974554,0.224151,0.000000,0.974555,0.224147,0.000000,0.974555,0.224148,9.560663,-3.880285,-0.000004,1,1,17.311270,0.000000,0,0
2.289998,270.000000,71.699170,39.436590,1,1,1,1,2,2,0.750002,0.749993,0.749999,0.749999,0.749999,0.000000,0.974554,0.224151,0.000000,0.974555,0.224147,0.000000,0.974555,0.224148,9.560609,-3.881356,-0.000002,1,1,17.316060,0.000000,0,0
2.299998,270.000000,71.660340,39.605390,1,1,1,1,2,2,0.749977,0.749977,0.749998,0.749999,0.749999,0.000000,0.974558,0.224137,0.000000,0.974555,0.224147,0.000000,0.974555,0.224148,9.560643,-3.882425,0.000000,1,1,17.320840,0.000000,0,0
2.309998,270.000000,71.621510,39.774240,1,1,1,1,2,2,0.680948,0.680948,0.749998,0.749998,0.749998,0.000000,0.948926,0.315499,0.000000,0.974555,0.224149,0.000000,0.974555,0.224148,9.560664,-3.883492,0.000004,1,1,17.325610,0.000000,0,0
2.319998,270.000000,71.582660,39.943130,1,1,1,1,2,2,0.749999,0.750002,0.749998,0.749994,0.749996,0.000000,0.974558,0.224137,0.000000,0.974555,0.224149,0.000000,0.974555,0.224148,9.560881,-3.884558,0.000009,1,1,17.330380,0.000000,0,0
2.329998,270.000000,71.543800,40.112080,1,1,1,1,2,2,0.750010,0.750010,0.749995,0.749995,0.749995,0.000000,0.974554,0.224151,0.000000,0.974555,0.224147,0.000000,0.974555,0.224148,9.560885,-3.885620,0.000013,1,1,17.335140,0.000000,0,0
2.339998,270.000000,71.504940,40.281060,1,1,1,1,2,2,0.749988,0.749988,0.749999,0.749999,0.749999,0.000000,0.974551,0.224168,0.000000,0.974555,0.224147,0.000000,0.974555,0.224148,9.560114,-3.886680,0.000018,1,1,17.339890,0.000000,0,0
2.349998,270.000000,71.466060,40.450100,1,1,1,1,2,2,0.749999,0.749990,0.749995,0.749996,0.749996,0.000000,0.974554,0.224151,0.000000,0.974555,0.224147,0.000000,0.974555,0.224148,9.560817,-3.887745,0.000014,1,1,17.344640,0.000000,0,0
2.359998,270.000000,71.427170,40.619170,1,1,1,1,2,2,0.749990,0.749990,0.749999,0.749999,0.749999,0.000000,0.974547,0.224182,0.000000,0.974555,0.224147,0.000000,0.974555,0.224148,9.560146,-3.888803,0.000018,1,1,17.349370,0.000000,0,0
2.369998,270.000000,71.388270,40.788300,1,1,1,1,2,2,0.749999,0.749999,0.749996,0.749996,0.749996,0.000000,0.974551,0.224168,0.000000,0.974555,0.224149,0.000000,0.974555,0.224148,9.560660,-3.889865,0.000018,1,1,17.354100,0.000000,0,0
2.379998,270.000000,71.349360,40.957470,1,1,1,1,2,2,0.750008,0.749985,0.749996,0.749996,0.749996,0.000000,0.974558,0.224137,0.000000,0.974555,0.224149,0.000000,0.974555,0.224148,9.560510,-3.890920,0.000022,1,1,17.358820,0.000000,0,0
2.389998,270.000000,71.310440,41.126690,1,1,1,1,2,2,0.749978,0.749978,0.749995,0.749999,0.749997,0.000000,0.974554,0.224151,0.000000,0.974555,0.224147,0.000000,0.974555,0.224148,9.560325,-3.891976,0.000023,1,1,17.363530,0.000000,0,0
2.399998,270.000000,71.271510,41.295950,1,1,1,1,2,2,0.749999,0.749999,0.749995,0.749995,0.749995,0.000000,0.974551,0.224168,0.000000,0.974555,0.224147,0.000000,0.974555,0.224148,9.560691,-3.893031,0.000021,1,1,17.368240,0.000000,0,0
2.409998,270.000000,71.232570,41.465260,1,1,1,1,2,2,0.749988,0.749979,0.749995,0.749995,0.749995,0.000000,0.974551,0.224168,0.000000,0.974555,0.224147,0.000000,0.974555,0.224148,9.560630,-3.894081,0.000024,1,1,17.372930,0.000000,0,0
2.419998,270.000000,71.193620,41.634610,1,1,1,1,2,2,0.750009,0.750009,0.749999,0.750000,0.749999,0.000000,0.974558,0.224137,0.000000,0.974555,0.224147,0.000000,0.974555,0.224148,9.559879,-3.895130,0.000025,1,1,17.377630,0.000000,0,0
2.429998,270.000000,71.154660,41.804010,1,1,1,1,2,2,0.749977,0.749977,0.749994,0.749994,0.749994,0.000000,0.974558,0.224137,0.000000,0.974555,0.224149,0.000000,0.974555,0.224148,9.560958,-3.896184,0.000023,1,1,17.382310,0.000000,0,0
2.439998,270.000000,71.115680,41.973450,1,1,1,1,2,2,0.749997,0.750003,0.749998,0.749998,0.749998,0.000000,0.974558,0.224137,0.000000,0.974555,0.224149,0.000000,0.974555,0.224148,9.559950,-3.897227,0.000030,1,1,17.386980,0.000000,0,0
2.449998,270.000000,71.076700,42.142940,1,1,1,1,2,2,0.749988,0.749979,0.749995,0.749995,0.749995,0.000000,0.974551,0.224168,0.000000,0.974555,0.224147,0.000000,0.974555,0.224148,9.560604,-3.898278,0.000025,1,1,17.391650,0.000000,0,0
2.459998,270.000000,71.037700,42.312480,1,1,1,1,2,2,0.749999,0.749999,0.749991,0.749991,0.749991,0.000000,0.974551,0.224168,0.000000,0.974555,0.224147,0.000000,0.974555,0.224148,9.561359,-3.899320,0.000026,1,1,17.396310,0.000000,0,0
2.469998,270.000000,70.998700,42.482060,1,1,1,1,2,2,0.749999,0.749988,0.749996,0.750000,0.749998,0.000000,0.974556,0.224144,0.000000,0.974555,0.224147,0.000000,0.974555,0.224148,9.559931,-3.900354,0.000035,1,1,17.400970,0.000000,0,0
2.479998,270.000000,70.959690,42.651690,1,1,1,1,2,2,0.749995,0.749999,0.749992,0.749992,0.749992,0.000000,0.974556,0.224144,0.000000,0.974555,0.224147,0.000000,0.974555,0.224148,9.561072,-3.901399,0.000030,1,1,17.405610,0.000000,0,0
2.489998,270.000000,70.920660,42.821370,1,1,1,1,2,2,0.749999,0.749999,0.749996,0.749996,0.749996,0.000000,0.974551,0.224168,0.000000,0.974555,0.224149,0.000000,0.974555,0.224148,9.560142,-3.902432,0.000039,1,1,17.410250,0.000000,0,0
2.499998,270.000000,70.881630,42.991080,1,1,1,1,2,2,0.749999,0.749988,0.749997,0.749997,0.749997,0.000000,0.974556,0.224144,0.000000,0.974555,0.224149,0.000000,0.974555,0.224148,9.560009,-3.903473,0.000038,1,1,17.414880,0.000000,0,0
2.509998,270.000000,70.842580,43.160840,1,1,1,1,2,2,0.749995,0.749998,0.749995,0.749995,0.749995,0.000000,0.974558,0.224137,0.000000,0.974555,0.224147,0.000000,0.974555,0.224148,9.560390,-3.904513,0.000033,1,1,17.419510,0.000000,0,0
2.519998,270.000000,70.803530,43.330650,1,1,1,1,2,2,0.749977,0.749977,0.749995,0.749995,0.749995,0.000000,0.974558,0.224137,0.000000,0.974555,0.224147,0.000000,0.974555,0.224148,9.560406,-3.905548,0.000033,1,1,17.424120,0.000000,0,0
2.529998,270.000000,70.764470,43.500500,1,1,1,1,2,2,0.750002,0.750007,0.749999,0.749999,0.749999,0.000000,0.974556,0.224144,0.000000,0.974555,0.224147,0.000000,0.974555,0.224148,9.559752,-3.906580,0.000032,1,1,17.428730,0.000000,0,0
2.539998,270.000000,70.725390,43.670400,1,1,1,1,2,2,0.750010,0.749988,0.749999,0.749999,0.749999,0.000000,0.974553,0.224159,0.000000,0.974555,0.224147,0.000000,0.974555,0.224148,9.559934,-3.907618,0.000025,1,1,17.433330,0.000000,0,0
2.549998,270.000000,70.686300,43.840340,1,1,1,1,2,2,0.749982,0.749982,0.749997,0.749998,0.749998,0.000000,0.974554,0.224151,0.000000,0.974555,0.224149,0.000000,0.974555,0.224148,9.560249,-3.908652,0.000023,1,1,17.437930,0.000000,0,0
2.559998,270.000000,70.647210,44.010330,1,1,1,1,2,2,0.767361,0.767372,0.750003,0.750007,0.750005,0.000000,0.980156,0.198229,0.000000,0.974555,0.224147,0.000000,0.974555,0.224148,9.559048,-3.909682,0.000020,1,1,17.442510,0.000000,0,0
2.569998,270.000000,70.608100,44.180360,1,1,1,1,2,2,0.750006,0.749997,0.750003,0.750003,0.750003,0.000000,0.974554,0.224151,0.000000,0.974555,0.224147,0.000000,0.974555,0.224148,9.559705,-3.910721,0.000006,1,1,17.447090,0.000000,0,0
2.579998,270.000000,70.568980,44.350440,1,1,1,1,2,2,0.750018,0.750018,0.750007,0.750002,0.750004,0.000000,0.974554,0.224151,0.000000,0.974555,0.224147,0.000000,0.974555,0.224148,9.559638,-3.911752,-0.000002,1,1,17.451670,0.000000,0,0
2.589998,270.000000,70.529850,44.520560,1,1,1,1,2,2,0.749982,0.749982,0.749999,0.749999,0.749999,0.000000,0.974554,0.224151,0.000000,0.974555,0.224147,0.000000,0.974555,0.224148,9.560807,-3.912783,-0.000010,1,1,17.456230,0.000000,0,0
2.599998,270.000000,70.490720,44.690720,1,1,1,1,2,2,0.750002,0.750007,0.749999,0.749999,0.749999,0.000000,0.974556,0.224144,0.000000,0.974555,0.224147,0.000000,0.974555,0.224148,9.560757,-3.913800,-0.000006,1,1,17.460790,0.000000,0,0
2.609998,270.000000,70.451570,44.860930,1,1,1,1,2,2,0.750027,0.750027,0.750003,0.750003,0.750003,0.000000,0.974558,0.224137,0.000000,0.974555,0.224149,0.000000,0.974555,0.224148,9.559856,-3.914816,0.000000,1,1,17.465340,0.000000,0,0
2.619998,270.000000,70.412410,45.031190,1,1,1,1,2,2,0.750009,0.750009,0.749999,0.749999,0.749999,0.000000,0.974558,0.224137,0.000000,0.974555,0.224147,0.000000,0.974555,0.224148,9.560723,-3.915840,-0.000007,1,1,17.469880,0.000000,0,0
2.629998,270.000000,70.373240,45.201480,1,1,1,1,2,2,0.750010,0.749988,0.749995,0.749995,0.749995,0.000000,0.974553,0.224159,0.000000,0.974555,0.224147,0.000000,0.974555,0.224148,9.561320,-3.916853,-0.000004,1,1,17.474410,0.000000,0,0
2.639998,270.000000,70.334060,45.371830,1,1,1,1,2,2,0.749982,0.749982,0.749999,0.749998,0.749999,0.000000,0.974554,0.224151,0.000000,0.974555,0.224147,0.000000,0.974555,0.224148,9.560507,-3.917859,0.000005,1,1,17.478940,0.000000,0,0
2.649998,270.000000,70.294870,45.542210,1,1,1,1,2,2,0.750010,0.750010,0.749995,0.749995,0.749995,0.000000,0.974554,0.224151,0.000000,0.974555,0.224147,0.000000,0.974555,0.224148,9.561078,-3.918871,0.000006,1,1,17.483460,0.000000,0,0
2.659998,270.000000,70.255670,45.712640,1,1,1,1,2,2,0.750008,0.749985,0.749995,0.749995,0.749995,0.000000,0.974558,0.224137,0.000000,0.974555,0.224147,0.000000,0.974555,0.224148,9.560918,-3.919876,0.000012,1,1,17.487980,0.000000,0,0
2.669998,270.000000,70.216460,45.883120,1,1,1,1,2,2,0.749978,0.749978,0.749998,0.749998,0.749998,0.000000,0.974554,0.224151,0.000000,0.974555,0.224149,0.000000,0.974555,0.224148,9.560280,-3.920881,0.000020,1,1,17.492480,0.000000,0,0
2.679998,270.000000,70.177250,46.053630,1,1,1,1,2,2,0.749982,0.749982,0.750002,0.749999,0.750001,0.000000,0.974554,0.224151,0.000000,0.974555,0.224147,0.000000,0.974555,0.224148,9.559805,-3.921890,0.000018,1,1,17.496980,0.000000,0,0
2.689998,270.000000,70.138020,46.224200,1,1,1,1,2,2,0.750004,0.750007,0.750000,0.750000,0.750000,0.000000,0.974554,0.224151,0.000000,0.974555,0.224147,0.000000,0.974555,0.224148,9.560184,-3.922903,0.000011,1,1,17.501470,0.000000,0,0
2.699998,270.000000,70.098780,46.394800,1,1,1,1,2,2,0.750016,0.749993,0.750000,0.750000,0.750000,0.000000,0.974556,0.224144,0.000000,0.974555,0.224147,0.000000,0.974555,0.224148,9.560246,-3.923910,0.000009,1,1,17.505960,0.000000,0,0
2.709998,270.000000,70.059530,46.565450,1,1,1,1,2,2,0.749984,0.749984,0.750007,0.750007,0.750007,0.000000,0.974558,0.224137,0.000000,0.974555,0.224147,0.000000,0.974555,0.224148,9.559033,-3.924915,0.000007,1,1,17.510440,0.000000,0,0
2.719998,270.000000,70.020270,46.736150,1,1,1,1,2,2,0.749993,0.749997,0.750004,0.750004,0.750004,0.000000,0.974553,0.224158,0.000000,0.974555,0.224147,0.000000,0.974555,0.224148,9.559904,-3.925930,-0.000007,1,1,17.514910,0.000000,0,0
2.729998,270.000000,69.981000,46.906880,1,1,1,1,2,2,0.750006,0.749997,0.750004,0.750003,0.750004,0.000000,0.974554,0.224151,0.000000,0.974555,0.224149,0.000000,0.974555,0.224148,9.559974,-3.926935,-0.000009,1,1,17.519370,0.000000,0,0
2.739998,270.000000,69.941730,47.077660,1,1,1,1,2,2,0.750035,0.750035,0.750007,0.750007,0.750007,0.000000,0.974558,0.224137,0.000000,0.974555,0.224147,0.000000,0.974555,0.224148,9.559572,-3.927938,-0.000014,1,1,17.523820,0.000000,0,0
2.749998,270.000000,69.902440,47.248480,1,1,1,1,2,2,0.750006,0.749996,0.750004,0.750004,0.750004,0.000000,0.974556,0.224144,0.000000,0.974555,0.224147,0.000000,0.974555,0.224148,9.560306,-3.928943,-0.000023,1,1,17.528270,0.000000,0,0
2.759998,270.000000,69.863140,47.419350,1,1,1,1,2,2,0.750005,0.749997,0.750007,0.750003,0.750005,0.000000,0.974556,0.224144,0.000000,0.974555,0.224147,0.000000,0.974555,0.224148,9.560117,-3.929939,-0.000024,1,1,17.532710,0.000000,0,0
2.769998,270.000000,69.823830,47.590260,1,1,1,1,2,2,0.750003,0.750003,0.750007,0.750006,0.750006,0.000000,0.974558,0.224137,0.000000,0.974555,0.224147,0.000000,0.974555,0.224148,9.559944,-3.930936,-0.000028,1,1,17.537150,0.000000,0,0
2.779998,270.000000,69.784510,47.761210,1,1,1,1,2,2,0.750006,0.750009,0.750003,0.750003,0.750003,0.000000,0.974558,0.224137,0.000000,0.974555,0.224147,0.000000,0.974555,0.224148,9.560704,-3.931932,-0.000033,1,1,17.541570,0.000000,0,0
2.789998,270.000000,69.745180,47.932200,1,1,1,1,2,2,0.750016,0.750005,0.750003,0.750003,0.750003,0.000000,0.974559,0.224131,0.000000,0.974555,0.224147,0.000000,0.974555,0.224148,9.560540,-3.932920,-0.000029,1,1,17.546000,0.000000,0,0
2.799998,270.000000,69.705840,48.103240,1,1,1,1,2,2,0.749984,0.749984,0.750001,0.750005,0.750003,0.000000,0.974558,0.224137,0.000000,0.974555,0.224149,0.000000,0.974555,0.224148,9.560478,-3.933908,-0.000025,1,1,17.550410,0.000000,0,0
2.809998,270.000000,69.666490,48.274320,1,1,1,1,2,2,0.750007,0.750007,0.750003,0.750003,0.750003,0.000000,0.974551,0.224168,0.000000,0.974555,0.224147,0.000000,0.974555,0.224148,9.560517,-3.934894,-0.000025,1,1,17.554810,0.000000,0,0
2.819998,270.000000,69.627130,48.445450,1,1,1,1,2,2,0.749983,0.750007,0.750000,0.749999,0.749999,0.000000,0.974551,0.224166,0.000000,0.974555,0.224147,0.000000,0.974555,0.224148,9.561116,-3.935879,-0.000024,1,1,17.559210,0.000000,0,0
2.829998,270.000000,69.587760,48.616610,1,1,1,1,2,2,0.750027,0.750027,0.749998,0.749999,0.749999,0.000000,0.974558,0.224137,0.000000,0.974555,0.224147,0.000000,0.974555,0.224148,9.561062,-3.936856,-0.000017,1,1,17.563600,0.000000,0,0
2.839998,270.000000,69.548390,48.787820,1,1,1,1,2,2,0.749984,0.749984,0.750002,0.750002,0.750002,0.000000,0.974558,0.224137,0.000000,0.974555,0.224147,0.000000,0.974555,0.224148,9.560314,-3.937832,-0.000011,1,1,17.567990,0.000000,0,0
2.849998,270.000000,69.509000,48.959080,1,1,1,1,2,2,0.750002,0.750007,0.749999,0.749999,0.749999,0.000000,0.974556,0.224144,0.000000,0.974555,0.224147,0.000000,0.974555,0.224148,9.560846,-3.938814,-0.000012,1,1,17.572370,0.000000,0,0
2.859998,270.000000,69.469600,49.130370,1,1,1,1,2,2,0.750027,0.750027,0.750000,0.750000,0.750000,0.000000,0.974558,0.224137,0.000000,0.974555,0.224149,0.000000,0.974555,0.224148,9.560556,-3.939789,-0.000004,1,1,17.576740,0.000000,0,0
2.869998,270.000000,69.430190,49.301710,1,1,1,1,2,2,0.749993,0.749993,0.750002,0.750002,0.750002,0.000000,0.974547,0.224182,0.000000,0.974555,0.224147,0.000000,0.974555,0.224148,9.560120,-3.940765,-0.000003,1,1,17.581100,0.000000,0,0
2.879998,270.000000,69.390770,49.473090,1,1,1,1,2,2,0.750009,0.750013,0.749999,0.749999,0.749999,0.000000,0.974552,0.224161,0.000000,0.974555,0.224147,0.000000,0.974555,0.224148,9.560706,-3.941744,-0.000006,1,1,17.585460,0.000000,0,0
2.889998,270.000000,69.351340,49.644510,1,1,1,1,2,2,0.749997,0.750002,0.749995,0.749995,0.749995,0.000000,0.974559,0.224131,0.000000,0.974555,0.224147,0.000000,0.974555,0.224148,9.561301,-3.942716,-0.000003,1,1,17.589810,0.000000,0,0
2.899998,270.000000,69.311900,49.815970,1,1,1,1,2,2,0.750010,0.750010,0.749999,0.749999,0.749999,0.000000,0.974554,0.224151,0.000000,0.974555,0.224147,0.000000,0.974555,0.224148,9.560417,-3.943681,0.000006,1,1,17.594150,0.000000,0,0
2.909998,270.000000,69.272460,49.987480,1,1,1,1,2,2,0.750002,0.749993,0.750000,0.750000,0.750000,0.000000,0.974554,0.224151,0.000000,0.974555,0.224147,0.000000,0.974555,0.224148,9.560328,-3.944652,0.000006,1,1,17.598490,0.000000,0,0
2.919998,270.000000,69.233000,50.159030,1,1,1,1,2,2,0.749997,0.749990,0.749998,0.749998,0.749998,0.000000,0.974556,0.224144,0.000000,0.974555,0.224149,0.000000,0.974555,0.224148,9.560550,-3.945622,0.000008,1,1,17.602820,0.000000,0,0
2.929998,270.000000,69.193530,50.330620,1,1,1,1,2,2,0.749990,0.749990,0.749998,0.749999,0.749999,0.000000,0.974547,0.224182,0.000000,0.974555,0.224147,0.000000,0.974555,0.224148,9.560454,-3.946589,0.000008,1,1,17.607140,0.000000,0,0
2.939998,270.000000,69.154060,50.502260,1,1,1,1,2,2,0.749999,0.750002,0.749999,0.749999,0.749999,0.000000,0.974558,0.224137,0.000000,0.974555,0.224147,0.000000,0.974555,0.224148,9.560346,-3.947556,0.000008,1,1,17.611450,0.000000,0,0
2.949998,270.000000,69.114580,50.673930,1,1,1,1,2,2,0.750016,0.750005,0.750004,0.750004,0.750004,0.000000,0.974559,0.224131,0.000000,0.974555,0.224147,0.000000,0.974555,0.224148,9.559540,-3.948522,0.000008,1,1,17.615760,0.000000,0,0
2.959998,270.000000,69.075080,50.845650,1,1,1,1,2,2,0.749982,0.749982,0.749999,0.749999,0.749999,0.000000,0.974554,0.224151,0.000000,0.974555,0.224147,0.000000,0.974555,0.224148,9.560590,-3.949494,-0.000001,1,1,17.620060,0.000000,0,0
2.969998,270.000000,69.035580,51.017410,1,1,1,1,2,2,0.761390,0.761390,0.750000,0.750000,0.750000,0.000000,0.966329,0.257311,0.000000,0.974555,0.224149,0.000000,0.974555,0.224148,9.560367,-3.950454,0.000003,1,1,17.624350,0.000000,0,0
2.979998,270.000000,68.996060,51.189220,1,1,1,1,2,2,0.750016,0.749993,0.750003,0.750003,0.750003,0.000000,0.974556,0.224144,0.000000,0.974555,0.224149,0.000000,0.974555,0.224148,9.559648,-3.951415,0.000005,1,1,17.628640,0.000000,0,0
2.989998,270.000000,68.956540,51.361060,1,1,1,1,2,2,0.750016,0.750016,0.750002,0.750003,0.750002,0.000000,0.974558,0.224137,0.000000,0.974555,0.224147,0.000000,0.974555,0.224148,9.560044,-3.952381,-0.000003,1,1,17.632920,0.000000,0,0
2.999998,270.000000,68.917010,51.532940,1,1,1,1,2,2,0.749994,0.749994,0.750004,0.750003,0.750004,0.000000,0.974561,0.224124,0.000000,0.974555,0.224147,0.000000,0.974555,0.224148,9.559943,-3.953342,-0.000007,1,1,17.637190,0.000000,0,0
3.009998,270.000000,68.877460,51.704860,1,1,1,1,2,2,0.750002,0.750007,0.749999,0.750000,0.749999,0.000000,0.974556,0.224144,0.000000,0.974555,0.224147,0.000000,0.974555,0.224148,9.560815,-3.954303,-0.000012,1,1,17.641460,0.000000,0,0
3.019998,270.000000,68.837910,51.876830,1,1,1,1,2,2,0.750018,0.750018,0.750003,0.750003,0.750003,0.000000,0.974554,0.224151,0.000000,0.974555,0.224147,0.000000,0.974555,0.224148,9.560102,-3.955253,-0.000008,1,1,17.645710,0.000000,0,0
3.029998,270.000000,68.798360,52.048840,1,1,1,1,2,2,0.749996,0.749996,0.750004,0.750005,0.750005,0.000000,0.974551,0.224168,0.000000,0.974555,0.224149,0.000000,0.974555,0.224148,9.559774,-3.956209,-0.000009,1,1,17.649970,0.000000,0,0
3.039998,270.000000,68.758780,52.220890,1,1,1,1,2,2,0.750006,0.749997,0.750005,0.750005,0.750005,0.000000,0.974554,0.224151,0.000000,0.974555,0.224149,0.000000,0.974555,0.224148,9.559778,-3.957166,-0.000014,1,1,17.654210,0.000000,0,0
3.049998,270.000000,68.719200,52.392980,1,1,1,1,2,2,0.750006,0.750009,0.750007,0.750007,0.750007,0.000000,0.974558,0.224137,0.000000,0.974555,0.224147,0.000000,0.974555,0.224148,9.559726,-3.958122,-0.000020,1,1,17.658450,0.000000,0,0
3.059998,270.000000,68.679610,52.565120,1,1,1,1,2,2,0.750029,0.750029,0.750007,0.750006,0.750006,0.000000,0.974561,0.224124,0.000000,0.974555,0.224147,0.000000,0.974555,0.224148,9.559944,-3.959077,-0.000028,1,1,17.662680,0.000000,0,0
3.069998,270.000000,68.640010,52.737290,1,1,1,1,2,2,0.750023,0.750000,0.750010,0.750010,0.750010,0.000000,0.974558,0.224137,0.000000,0.974555,0.224147,0.000000,0.974555,0.224148,9.559372,-3.960028,-0.000033,1,1,17.666900,0.000000,0,0
3.079998,270.000000,68.600400,52.909500,1,1,1,1,2,2,0.750005,0.750003,0.750007,0.750007,0.750007,0.000000,0.974561,0.224122,0.000000,0.974555,0.224147,0.000000,0.974555,0.224148,9.560229,-3.960983,-0.000044,1,1,17.671120,0.000000,0,0
3.089998,270.000000,68.560780,53.081760,1,1,1,1,2,2,0.749997,0.749997,0.750006,0.750006,0.750006,0.000000,0.974547,0.224182,0.000000,0.974555,0.224149,0.000000,0.974555,0.224148,9.560321,-3.961929,-0.000043,1,1,17.675330,0.000000,0,0
3.099998,270.000000,68.521160,53.254060,1,1,1,1,2,2,0.718120,0.718133,0.750010,0.750010,0.750010,0.000000,0.989230,0.146368,0.000000,0.974555,0.224147,0.000000,0.974555,0.224148,9.559658,-3.962871,-0.000044,1,1,17.679540,0.000000,0,0
3.109998,270.000000,68.481520,53.426400,1,1,1,1,2,2,0.750014,0.750003,0.750011,0.750011,0.750011,0.000000,0.974556,0.224144,0.000000,0.974555,0.224147,0.000000,0.974555,0.224148,9.559777,-3.963819,-0.000052,1,1,17.683730,0.000000,0,0
3.119998,270.000000,68.441870,53.598770,1,1,1,1,2,2,0.749990,0.749990,0.750010,0.750010,0.750010,0.000000,0.974554,0.224151,0.000000,0.974555,0.224147,0.000000,0.974555,0.224148,9.560093,-3.964764,-0.000059,1,1,17.687920,0.000000,0,0
3.129997,270.000000,68.402210,53.771190,1,1,1,1,2,2,0.749990,0.749990,0.750007,0.750007,0.750007,0.000000,0.974554,0.224151,0.000000,0.974555,0.224147,0.000000,0.974555,0.224148,9.560771,-3.965705,-0.000062,1,1,17.692110,0.000000,0,0
3.139997,270.000000,68.362550,53.943650,1,1,1,1,2,2,0.750011,0.750014,0.750007,0.750007,0.750007,0.000000,0.974554,0.224151,0.000000,0.974555,0.224147,0.000000,0.974555,0.224148,9.560613,-3.966637,-0.000059,1,1,17.696280,0.000000,0,0
3.149997,270.000000,68.322880,54.116150,1,1,1,1,2,2,0.750014,0.750014,0.750008,0.750009,0.750009,0.000000,0.974551,0.224168,0.000000,0.974555,0.224149,0.000000,0.974555,0.224148,9.560202,-3.967569,-0.000054,1,1,17.700450,0.000000,0,0
3.159997,270.000000,68.283190,54.288700,1,1,1,1,2,2,0.749996,0.749996,0.750007,0.750007,0.750007,0.000000,0.974551,0.224168,0.000000,0.974555,0.224147,0.000000,0.974555,0.224148,9.560635,-3.968504,-0.000057,1,1,17.704610,0.000000,0,0
3.169997,270.000000,68.243490,54.461280,1,1,1,1,2,2,0.750006,0.749997,0.750007,0.750007,0.750007,0.000000,0.974554,0.224151,0.000000,0.974555,0.224147,0.000000,0.974555,0.224148,9.560432,-3.969433,-0.000055,1,1,17.708770,0.000000,0,0
3.179997,270.000000,68.203790,54.633900,1,1,1,1,2,2,0.749997,0.749997,0.750007,0.750007,0.750007,0.000000,0.974547,0.224182,0.000000,0.974555,0.224147,0.000000,0.974555,0.224148,9.560553,-3.970363,-0.000055,1,1,17.712920,0.000000,0,0
3.189997,270.000000,68.164080,54.806560,1,1,1,1,2,2,0.750029,0.750029,0.750002,0.750006,0.750004,0.000000,0.974561,0.224124,0.000000,0.974555,0.224147,0.000000,0.974555,0.224148,9.560957,-3.971289,-0.000053,1,1,17.717060,0.000000,0,0
3.199997,270.000000,68.124360,54.979260,1,1,1,1,2,2,0.750023,0.750000,0.750007,0.750007,0.750007,0.000000,0.974558,0.224137,0.000000,0.974555,0.224147,0.000000,0.974555,0.224148,9.560344,-3.972211,-0.000048,1,1,17.721200,0.000000,0,0
3.209997,270.000000,68.084630,55.152010,1,1,1,1,2,2,0.750005,0.750009,0.750007,0.750007,0.750007,0.000000,0.974559,0.224131,0.000000,0.974555,0.224149,0.000000,0.974555,0.224148,9.560246,-3.973137,-0.000046,1,1,17.725330,0.000000,0,0
3.219997,270.000000,68.044880,55.324790,1,1,1,1,2,2,0.750018,0.750018,0.750007,0.750006,0.750006,0.000000,0.974554,0.224151,0.000000,0.974555,0.224147,0.000000,0.974555,0.224148,9.560451,-3.974062,-0.000048,1,1,17.729450,0.000000,0,0
3.229997,270.000000,68.005130,55.497620,1,1,1,1,2,2,0.750006,0.749996,0.750007,0.750007,0.750007,0.000000,0.974556,0.224144,0.000000,0.974555,0.224147,0.000000,0.974555,0.224148,9.560335,-3.974984,-0.000048,1,1,17.733570,0.000000,0,0
3.239997,270.000000,67.965380,55.670480,1,1,1,1,2,2,0.750016,0.750007,0.750007,0.750007,0.750007,0.000000,0.974551,0.224168,0.000000,0.974555,0.224147,0.000000,0.974555,0.224148,9.560408,-3.975905,-0.000049,1,1,17.737670,0.000000,0,0
3.249997,270.000000,67.925610,55.843380,1,1,1,1,2,2,0.749994,0.749994,0.750003,0.750002,0.750002,0.000000,0.974561,0.224124,0.000000,0.974555,0.224147,0.000000,0.974555,0.224148,9.561200,-3.976825,-0.000049,1,1,17.741780,0.000000,0,0
3.259997,270.000000,67.885830,56.016330,1,1,1,1,2,2,0.750027,0.750027,0.749999,0.749999,0.749999,0.000000,0.974558,0.224137,0.000000,0.974555,0.224147,0.000000,0.974555,0.224148,9.561594,-3.977735,-0.000042,1,1,17.745870,0.000000,0,0
3.269997,270.000000,67.846040,56.189310,1,1,1,1,2,2,0.749999,0.749988,0.749999,0.749999,0.749999,0.000000,0.974556,0.224144,0.000000,0.974555,0.224147,0.000000,0.974555,0.224148,9.561296,-3.978639,-0.000030,1,1,17.749960,0.000000,0,0
3.279997,270.000000,67.806240,56.362330,1,1,1,1,2,2,0.749977,0.749977,0.749997,0.749997,0.749997,0.000000,0.974558,0.224137,0.000000,0.974555,0.224149,0.000000,0.974555,0.224148,9.561364,-3.979545,-0.000018,1,1,17.754050,0.000000,0,0
3.289997,270.000000,67.766440,56.535390,1,1,1,1,2,2,0.749995,0.749995,0.749999,0.749999,0.749999,0.000000,0.974558,0.224137,0.000000,0.974555,0.224147,0.000000,0.974555,0.224148,9.560771,-3.980449,-0.000009,1,1,17.758120,0.000000,0,0
3.299997,270.000000,67.726630,56.708500,1,1,1,1,2,2,0.750006,0.750009,0.750007,0.750007,0.750007,0.000000,0.974558,0.224137,0.000000,0.974555,0.224147,0.000000,0.974555,0.224148,9.559354,-3.981358,-0.000006,1,1,17.762190,0.000000,0,0
3.309997,270.000000,67.686810,56.881640,1,1,1,1,2,2,0.750027,0.750027,0.749999,0.749999,0.749999,0.000000,0.974558,0.224137,0.000000,0.974555,0.224147,0.000000,0.974555,0.224148,9.560968,-3.982278,-0.000016,1,1,17.766250,0.000000,0,0
3.319997,270.000000,67.646970,57.054820,1,1,1,1,2,2,0.749988,0.749988,0.749999,0.749999,0.749999,0.000000,0.974551,0.224168,0.000000,0.974555,0.224147,0.000000,0.974555,0.224148,9.560834,-3.983182,-0.000011,1,1,17.770310,0.000000,0,0
3.329997,270.000000,67.607130,57.228040,1,1,1,1,2,2,0.749997,0.750003,0.749999,0.749999,0.749999,0.000000,0.974558,0.224137,0.000000,0.974555,0.224147,0.000000,0.974555,0.224148,9.560730,-3.984085,-0.000007,1,1,17.774360,0.000000,0,0
3.339997,270.000000,67.567280,57.401300,1,1,1,1,2,2,0.750016,0.749993,0.750000,0.750000,0.750000,0.000000,0.974556,0.224144,0.000000,0.974555,0.224149,0.000000,0.974555,0.224148,9.560469,-3.984987,-0.000001,1,1,17.778400,0.000000,0,0
3.349997,270.000000,67.527430,57.574600,1,1,1,1,2,2,0.750004,0.750004,0.750003,0.750006,0.750004,0.000000,0.974551,0.224165,0.000000,0.974555,0.224147,0.000000,0.974555,0.224148,9.559654,-3.985891,-0.000001,1,1,17.782430,0.000000,0,0
3.359997,270.000000,67.487560,57.747940,1,1,1,1,2,2,0.750002,0.750005,0.749999,0.749999,0.749999,0.000000,0.974558,0.224137,0.000000,0.974555,0.224147,0.000000,0.974555,0.224148,9.560772,-3.986802,-0.000009,1,1,17.786460,0.000000,0,0
3.369997,270.000000,67.447680,57.921310,1,1,1,1,2,2,0.749997,0.750002,0.750000,0.750000,0.750000,0.000000,0.974559,0.224131,0.000000,0.974555,0.224147,0.000000,0.974555,0.224148,9.560568,-3.987700,-0.000005,1,1,17.790490,0.000000,0,0
3.379997,270.000000,67.407790,58.094730,1,1,1,1,2,2,0.750010,0.750010,0.749999,0.749999,0.749999,0.000000,0.974554,0.224151,0.000000,0.974555,0.224147,0.000000,0.974555,0.224148,9.560698,-3.988598,-0.000004,1,1,17.794500,0.000000,0,0
3.389997,270.000000,67.367900,58.268190,1,1,1,1,2,2,0.721453,0.721453,0.749998,0.749998,0.749998,0.000000,0.964557,0.263874,0.000000,0.974555,0.224149,0.000000,0.974555,0.224148,9.560728,-3.989494,0.000002,1,1,17.798510,0.000000,0,0
3.399997,270.000000,67.328000,58.441680,1,1,1,1,2,2,0.750002,0.750007,0.749998,0.749998,0.749998,0.000000,0.974556,0.224144,0.000000,0.974555,0.224149,0.000000,0.974555,0.224148,9.560586,-3.990387,0.000007,1,1,17.802520,0.000000,0,0
3.409997,270.000000,67.288090,58.615220,1,1,1,1,2,2,0.749997,0.749997,0.750006,0.750006,0.750006,0.000000,0.974547,0.224182,0.000000,0.974555,0.224147,0.000000,0.974555,0.224148,9.559082,-3.991281,0.000008,1,1,17.806510,0.000000,0,0
3.419997,270.000000,67.248160,58.788790,1,1,1,1,2,2,0.750007,0.750007,0.749999,0.749999,0.749999,0.000000,0.974551,0.224168,0.000000,0.974555,0.224147,0.000000,0.974555,0.224148,9.560736,-3.992188,-0.000005,1,1,17.810500,0.000000,0,0
3.429997,270.000000,67.208230,58.962400,1,1,1,1,2,2,0.750002,0.749993,0.750000,0.750000,0.750000,0.000000,0.974554,0.224151,0.000000,0.974555,0.224147,0.000000,0.974555,0.224148,9.560536,-3.993078,-0.000002,1,1,17.814490,0.000000,0,0
3.439997,270.000000,67.168290,59.136050,1,1,1,1,2,2,0.749982,0.749982,0.749999,0.749999,0.749999,0.000000,0.974554,0.224151,0.000000,0.974555,0.224147,0.000000,0.974555,0.224148,9.560590,-3.993968,-0.000001,1,1,17.818460,0.000000,0,0
3.449997,270.000000,67.128340,59.309750,1,1,1,1,2,2,0.749995,0.749995,0.750003,0.750003,0.750003,0.000000,0.974558,0.224137,0.000000,0.974555,0.224149,0.000000,0.974555,0.224148,9.559694,-3.994855,0.000003,1,1,17.822430,0.000000,0,0
3.459997,270.000000,67.088390,59.483470,1,1,1,1,2,2,0.750006,0.750009,0.750003,0.750003,0.750003,0.000000,0.974558,0.224137,0.000000,0.974555,0.224149,0.000000,0.974555,0.224148,9.559818,-3.995751,-0.000002,1,1,17.826400,0.000000,0,0
3.469997,270.000000,67.048420,59.657240,1,1,1,1,2,2,0.750023,0.750001,0.750010,0.750010,0.750010,0.000000,0.974556,0.224144,0.000000,0.974555,0.224147,0.000000,0.974555,0.224148,9.558767,-3.996643,-0.000009,1,1,17.830350,0.000000,0,0
3.479997,270.000000,67.008450,59.831050,1,1,1,1,2,2,0.749984,0.749984,0.750006,0.750007,0.750006,0.000000,0.974558,0.224137,0.000000,0.974555,0.224147,0.000000,0.974555,0.224148,9.559926,-3.997545,-0.000025,1,1,17.834300,0.000000,0,0
3.489997,270.000000,66.968460,60.004890,1,1,1,1,2,2,0.750006,0.749997,0.750003,0.750003,0.750003,0.000000,0.974554,0.224151,0.000000,0.974555,0.224147,0.000000,0.974555,0.224148,9.560659,-3.998433,-0.000031,1,1,17.838250,0.000000,0,0
3.499997,270.000000,66.928470,60.178770,1,1,1,1,2,2,0.749995,0.749985,0.750003,0.750003,0.750003,0.000000,0.974552,0.224161,0.000000,0.974555,0.224147,0.000000,0.974555,0.224148,9.560615,-3.999313,-0.000029,1,1,17.842190,0.000000,0,0
3.509997,270.000000,66.888470,60.352690,1,1,1,1,2,2,0.750018,0.750018,0.750005,0.750001,0.750003,0.000000,0.974554,0.224151,0.000000,0.974555,0.224149,0.000000,0.974555,0.224148,9.560458,-4.000192,-0.000024,1,1,17.846120,0.000000,0,0
3.519997,270.000000,66.848460,60.526650,1,1,1,1,2,2,0.749996,0.749996,0.750007,0.750007,0.750007,0.000000,0.974551,0.224168,0.000000,0.974555,0.224147,0.000000,0.974555,0.224148,9.559833,-4.001071,-0.000025,1,1,17.850040,0.000000,0,0
3.529997,270.000000,66.808440,60.700650,1,1,1,1,2,2,0.750010,0.750014,0.750007,0.750007,0.750007,0.000000,0.974556,0.224144,0.000000,0.974555,0.224147,0.000000,0.974555,0.224148,9.559982,-4.001955,-0.000031,1,1,17.853960,0.000000,0,0
3.539997,270.000000,66.768410,60.874680,1,1,1,1,2,2,0.749997,0.749997,0.750006,0.750007,0.750006,0.000000,0.974547,0.224182,0.000000,0.974555,0.224147,0.000000,0.974555,0.224148,9.560179,-4.002836,-0.000036,1,1,17.857880,0.000000,0,0
3.549997,270.000000,66.728370,61.048750,1,1,1,1,2,2,0.750007,0.750007,0.750003,0.749999,0.750001,0.000000,0.974551,0.224168,0.000000,0.974555,0.224147,0.000000,0.974555,0.224148,9.561179,-4.003713,-0.000038,1,1,17.861780,0.000000,0,0
3.559997,270.000000,66.688320,61.222860,1,1,1,1,2,2,0.750016,0.749992,0.749999,0.749999,0.749999,0.000000,0.974558,0.224137,0.000000,0.974555,0.224147,0.000000,0.974555,0.224148,9.561332,-4.004580,-0.000031,1,1,17.865680,0.000000,0,0
3.569997,270.000000,66.648270,61.397010,1,1,1,1,2,2,0.750002,0.750007,0.750003,0.750003,0.750003,0.000000,0.974556,0.224144,0.000000,0.974555,0.224149,0.000000,0.974555,0.224148,9.560261,-4.005443,-0.000020,1,1,17.869570,0.000000,0,0
3.579997,270.000000,66.608210,61.571200,1,1,1,1,2,2,0.750007,0.750007,0.750003,0.750000,0.750001,0.000000,0.974551,0.224168,0.000000,0.974555,0.224147,0.000000,0.974555,0.224148,9.560728,-4.006316,-0.000022,1,1,17.873460,0.000000,0,0
3.589997,270.000000,66.568140,61.745420,1,1,1,1,2,2,0.750006,0.750016,0.750003,0.750003,0.750003,0.000000,0.974559,0.224129,0.000000,0.974555,0.224147,0.000000,0.974555,0.224148,9.560366,-4.007182,-0.000019,1,1,17.877340,0.000000,0,0
3.599997,270.000000,66.528060,61.919690,1,1,1,1,2,2,0.750010,0.750013,0.750007,0.750007,0.750007,0.000000,0.974558,0.224137,0.000000,0.974555,0.224147,0.000000,0.974555,0.224148,9.559686,-4.008051,-0.000020,1,1,17.881210,0.000000,0,0
3.609997,270.000000,66.487970,62.093990,1,1,1,1,2,2,0.749984,0.749984,0.750006,0.750003,0.750004,0.000000,0.974558,0.224137,0.000000,0.974555,0.224147,0.000000,0.974555,0.224148,9.560324,-4.008924,-0.000028,1,1,17.885080,0.000000,0,0
3.619997,270.000000,66.447870,62.268330,1,1,1,1,2,2,0.720606,0.720606,0.750002,0.750002,0.750002,0.000000,0.964240,0.265032,0.000000,0.974555,0.224149,0.000000,0.974555,0.224148,9.560747,-4.009790,-0.000026,1,1,17.888940,0.000000,0,0
3.629997,270.000000,66.407760,62.442700,1,1,1,1,2,2,0.750002,0.749993,0.749999,0.749998,0.749999,0.000000,0.974554,0.224151,0.000000,0.974555,0.224149,0.000000,0.974555,0.224148,9.561173,-4.010651,-0.000020,1,1,17.892800,0.000000,0,0
3.639997,270.000000,66.367650,62.617110,1,1,1,1,2,2,0.749982,0.749982,0.749999,0.749999,0.749999,0.000000,0.974554,0.224151,0.000000,0.974555,0.224147,0.000000,0.974555,0.224148,9.560942,-4.011506,-0.000014,1,1,17.896640,0.000000,0,0
3.649997,270.000000,66.327520,62.791560,1,1,1,1,2,2,0.749982,0.749982,0.749998,0.749998,0.749998,0.000000,0.974554,0.224151,0.000000,0.974555,0.224147,0.000000,0.974555,0.224148,9.560930,-4.012362,-0.000009,1,1,17.900490,0.000000,0,0
3.659997,270.000000,66.287390,62.966050,1,1,1,1,2,2,0.749995,0.749986,0.749999,0.749999,0.749999,0.000000,0.974551,0.224168,0.000000,0.974555,0.224147,0.000000,0.974555,0.224148,9.560658,-4.013216,-0.000004,1,1,17.904320,0.000000,0,0
3.669997,270.000000,66.247250,63.140580,1,1,1,1,2,2,0.750006,0.749996,0.750003,0.750002,0.750002,0.000000,0.974556,0.224144,0.000000,0.974555,0.224147,0.000000,0.974555,0.224148,9.560019,-4.014072,-0.000002,1,1,17.908150,0.000000,0,0
3.679997,270.000000,66.207110,63.315140,1,1,1,1,2,2,0.749990,0.749990,0.750007,0.750007,0.750007,0.000000,0.974554,0.224151,0.000000,0.974555,0.224149,0.000000,0.974555,0.224148,9.559230,-4.014933,-0.000004,1,1,17.911980,0.000000,0,0
3.689997,270.000000,66.166950,63.489730,1,1,1,1,2,2,0.750006,0.749997,0.750003,0.750003,0.750003,0.000000,0.974554,0.224151,0.000000,0.974555,0.224149,0.000000,0.974555,0.224148,9.560107,-4.015800,-0.000013,1,1,17.915790,0.000000,0,0
3.699997,270.000000,66.126780,63.664370,1,1,1,1,2,2,0.750023,0.749994,0.750003,0.750003,0.750003,0.000000,0.974558,0.224136,0.000000,0.974555,0.224147,0.000000,0.974555,0.224148,9.560275,-4.016657,-0.000017,1,1,17.919600,0.000000,0,0
3.709997,270.000000,66.086600,63.839050,1,1,1,1,2,2,0.749993,0.749993,0.749998,0.749997,0.749998,0.000000,0.974547,0.224182,0.000000,0.974555,0.224147,0.000000,0.974555,0.224148,9.561257,-4.017511,-0.000019,1,1,17.923410,0.000000,0,0
3.719997,270.000000,66.046420,64.013760,1,1,1,1,2,2,0.749982,0.749982,0.749999,0.749999,0.749999,0.000000,0.974554,0.224151,0.000000,0.974555,0.224147,0.000000,0.974555,0.224148,9.560835,-4.018354,-0.000011,1,1,17.927210,0.000000,0,0
3.729997,270.000000,66.006230,64.188510,1,1,1,1,2,2,0.749982,0.750007,0.749999,0.750003,0.750001,0.000000,0.974553,0.224159,0.000000,0.974555,0.224147,0.000000,0.974555,0.224148,9.560406,-4.019199,-0.000007,1,1,17.931000,0.000000,0,0
3.739997,270.000000,65.966030,64.363290,1,1,1,1,2,2,0.750007,0.750007,0.750003,0.749999,0.750001,0.000000,0.974551,0.224168,0.000000,0.974555,0.224147,0.000000,0.974555,0.224148,9.560448,-4.020048,-0.000008,1,1,17.934780,0.000000,0,0
3.749997,270.000000,65.925820,64.538110,1,1,1,1,2,2,0.749984,0.749984,0.750002,0.750002,0.750002,0.000000,0.974544,0.224195,0.000000,0.974555,0.224149,0.000000,0.974555,0.224148,9.560222,-4.020894,-0.000005,1,1,17.938560,0.000000,0,0
3.759997,270.000000,65.885600,64.712970,1,1,1,1,2,2,0.749974,0.749997,0.750005,0.750005,0.750005,0.000000,0.974554,0.224151,0.000000,0.974555,0.224149,0.000000,0.974555,0.224148,9.559548,-4.021741,-0.000004,1,1,17.942340,0.000000,0,0
3.769997,270.000000,65.845380,64.887860,1,1,1,1,2,2,0.750014,0.748832,0.750010,0.750010,0.750010,0.000000,0.974353,0.225024,0.000000,0.974555,0.224147,0.000000,0.974555,0.224148,9.558898,-4.022594,-0.000014,1,1,17.946100,0.000000,0,0
3.779997,270.000000,65.805150,65.062800,1,1,1,1,2,2,0.750014,0.750014,0.750007,0.750007,0.750007,0.000000,0.974551,0.224168,0.000000,0.974555,0.224147,0.000000,0.974555,0.224148,9.559950,-4.023451,-0.000029,1,1,17.949870,0.000000,0,0
3.789997,270.000000,65.764900,65.237760,1,1,1,1,2,2,0.750038,0.749996,0.750003,0.750003,0.750003,0.000000,0.974556,0.224144,0.000000,0.974555,0.224147,0.000000,0.974555,0.224148,9.560756,-4.024297,-0.000035,1,1,17.953620,0.000000,0,0
3.799997,270.000000,65.724650,65.412770,1,1,1,1,2,2,0.749971,0.750007,0.749999,0.749999,0.749999,0.000000,0.974556,0.224144,0.000000,0.974555,0.224147,0.000000,0.974555,0.224148,9.561351,-4.025134,-0.000032,1,1,17.957370,0.000000,0,0
3.809997,270.000000,65.684390,65.587810,1,1,1,1,2,2,0.750007,0.750007,0.750003,0.750003,0.750003,0.000000,0.974551,0.224168,0.000000,0.974555,0.224149,0.000000,0.974555,0.224148,9.560266,-4.025963,-0.000020,1,1,17.961110,0.000000,0,0
3.819997,270.000000,65.644120,65.762890,1,1,1,1,2,2,0.748282,0.748282,0.750003,0.750003,0.750003,0.000000,0.975621,0.219461,0.000000,0.974555,0.224147,0.000000,0.974555,0.224148,9.560441,-4.026802,-0.000022,1,1,17.964850,0.000000,0,0
3.829997,270.000000,65.603840,65.938000,1,1,1,1,2,2,0.750048,0.749992,0.750005,0.749998,0.750001,0.000000,0.974558,0.224137,0.000000,0.974555,0.224147,0.000000,0.974555,0.224148,9.560700,-4.027637,-0.000022,1,1,17.968580,0.000000,0,0
3.839997,270.000000,65.563560,66.113140,1,1,1,1,2,2,0.750007,0.750007,0.750001,0.750003,0.750002,0.000000,0.974551,0.224168,0.000000,0.974555,0.224147,0.000000,0.974555,0.224148,9.560534,-4.028469,-0.000020,1,1,17.972300,0.000000,0,0
3.849997,270.000000,65.523270,66.288330,1,1,1,1,2,2,0.749997,0.749997,0.750003,0.750003,0.750003,0.000000,0.974547,0.224182,0.000000,0.974555,0.224147,0.000000,0.974555,0.224148,9.560362,-4.029301,-0.000019,1,1,17.976020,0.000000,0,0
3.859997,270.000000,65.482970,66.463550,1,1,1,1,2,2,0.750002,0.750014,0.750007,0.750005,0.750006,0.000000,0.974547,0.224182,0.000000,0.974555,0.224147,0.000000,0.974555,0.224148,9.559782,-4.030133,-0.000020,1,1,17.979730,0.000000,0,0
3.869997,270.000000,65.442670,66.638810,1,1,1,1,2,2,0.750014,0.750013,0.750009,0.750009,0.750009,0.000000,0.974552,0.224161,0.000000,0.974555,0.224149,0.000000,0.974555,0.224148,9.559364,-4.030970,-0.000024,1,1,17.983430,0.000000,0,0
3.879997,270.000000,65.402340,66.814100,1,1,1,1,2,2,0.749996,0.749996,0.750007,0.750007,0.750007,0.000000,0.974551,0.224168,0.000000,0.974555,0.224147,0.000000,0.974555,0.224148,9.560086,-4.031809,-0.000035,1,1,17.987130,0.000000,0,0
3.889997,270.000000,65.362010,66.989430,1,1,1,1,2,2,0.749974,0.749997,0.750005,0.750003,0.750004,0.000000,0.974554,0.224151,0.000000,0.974555,0.224147,0.000000,0.974555,0.224148,9.560695,-4.032640,-0.000038,1,1,17.990830,0.000000,0,0
3.899997,270.000000,65.321680,67.164800,1,1,1,1,2,2,0.750007,0.750007,0.749999,0.749999,0.749999,0.000000,0.974551,0.224168,0.000000,0.974555,0.224147,0.000000,0.974555,0.224148,9.561450,-4.033463,-0.000036,1,1,17.994510,0.000000,0,0
3.909997,270.000000,65.281330,67.340200,1,1,1,1,2,2,0.750002,0.750002,0.749998,0.749999,0.749999,0.000000,0.974554,0.224154,0.000000,0.974555,0.224147,0.000000,0.974555,0.224148,9.561277,-4.034278,-0.000026,1,1,17.998200,0.000000,0,0
3.919997,270.000000,65.240980,67.515640,1,1,1,1,2,2,0.756430,0.756430,0.750000,0.750000,0.750000,0.000000,0.970161,0.242460,0.000000,0.974555,0.224149,0.000000,0.974555,0.224148,9.560808,-4.035093,-0.000014,1,1,18.001870,0.000000,0,0
3.929997,270.000000,65.200620,67.691120,1,1,1,1,2,2,0.749966,0.750003,0.750000,0.750000,0.750000,0.000000,0.974558,0.224137,0.000000,0.974555,0.224149,0.000000,0.974555,0.224148,9.560658,-4.035911,-0.000008,1,1,18.005540,0.000000,0,0
3.939997,270.000000,65.160260,67.866620,1,1,1,1,2,2,0.749990,0.749990,0.749999,0.749998,0.749999,0.000000,0.974547,0.224182,0.000000,0.974555,0.224147,0.000000,0.974555,0.224148,9.560793,-4.036729,-0.000006,1,1,18.009200,0.000000,0,0
3.949997,270.000000,65.119880,68.042170,1,1,1,1,2,2,0.749988,0.749988,0.749995,0.749995,0.749995,0.000000,0.974551,0.224168,0.000000,0.974555,0.224147,0.000000,0.974555,0.224148,9.561304,-4.037545,-0.000003,1,1,18.012860,0.000000,0,0
3.959997,270.000000,65.079500,68.217750,1,1,1,1,2,2,0.749993,0.750005,0.749999,0.749999,0.749999,0.000000,0.974551,0.224168,0.000000,0.974555,0.224147,0.000000,0.974555,0.224148,9.560430,-4.038354,0.000005,1,1,18.016510,0.000000,0,0
3.969997,270.000000,65.039110,68.393360,1,1,1,1,2,2,0.749971,0.750007,0.749999,0.750003,0.750001,0.000000,0.974556,0.224144,0.000000,0.974555,0.224147,0.000000,0.974555,0.224148,9.560099,-4.039171,0.000005,1,1,18.020150,0.000000,0,0
3.979997,270.000000,64.998710,68.569020,1,1,1,1,2,2,0.750007,0.750007,0.750002,0.750002,0.750002,0.000000,0.974551,0.224168,0.000000,0.974555,0.224149,0.000000,0.974555,0.224148,9.559988,-4.039989,0.000005,1,1,18.023790,0.000000,0,0
3.989997,270.000000,64.958310,68.744710,1,1,1,1,2,2,0.750038,0.749996,0.750007,0.750007,0.750007,0.000000,0.974556,0.224144,0.000000,0.974555,0.224149,0.000000,0.974555,0.224148,9.559086,-4.040807,0.000002,1,1,18.027420,0.000000,0,0
3.999997,270.000000,64.917890,68.920430,1,1,1,1,2,2,0.749978,0.750014,0.750007,0.750007,0.750007,0.000000,0.974556,0.224144,0.000000,0.974555,0.224147,0.000000,0.974555,0.224148,9.559520,-4.041633,-0.000012,1,1,18.031050,0.000000,0,0
4.009997,270.000000,64.877460,69.096180,1,1,1,1,2,2,0.749997,0.749997,0.750008,0.750004,0.750006,0.000000,0.974547,0.224182,0.000000,0.974556,0.224146,0.000000,0.974555,0.224148,9.559928,-4.042453,-0.000025,1,1,18.034670,0.000000,0,0
4.019997,270.000000,64.837030,69.271980,1,1,1,1,2,2,0.696639,0.696639,0.750002,0.750002,0.750002,0.000000,0.955162,0.296083,0.000000,0.974555,0.224149,0.000000,0.974555,0.224148,9.560775,-4.043267,-0.000027,1,1,18.038280,0.000000,0,0
4.029997,270.000000,64.796590,69.447810,1,1,1,1,2,2,0.750029,0.749995,0.749998,0.749999,0.749998,0.000000,0.974558,0.224134,0.000000,0.974555,0.224149,0.000000,0.974555,0.224148,9.561214,-4.044072,-0.000021,1,1,18.041890,0.000000,0,0
4.039998,270.000000,64.756130,69.623670,1,1,1,1,2,2,0.749988,0.749988,0.749997,0.749998,0.749997,0.000000,0.974551,0.224168,0.000000,0.974555,0.224151,0.000000,0.974555,0.224148,9.561095,-4.044872,-0.000008,1,1,18.045500,0.000000,0,0
4.049998,270.000000,64.715680,69.799570,1,1,1,1,2,2,0.749995,0.749995,0.749999,0.749999,0.749999,0.000000,0.974549,0.224175,0.000000,0.974556,0.224146,0.000000,0.974555,0.224148,9.560797,-4.045671,-0.000005,1,1,18.049090,0.000000,0,0
4.059998,270.000000,64.675210,69.975500,1,1,1,1,2,2,0.749993,0.749993,0.749997,0.749997,0.749997,0.000000,0.974549,0.224175,0.000000,0.974556,0.224146,0.000000,0.974555,0.224148,9.561122,-4.046472,-0.000005,1,1,18.052680,0.000000,0,0
4.069998,270.000000,64.634740,70.151470,1,1,1,1,2,2,0.749970,0.749993,0.749992,0.749992,0.749992,0.000000,0.974556,0.224144,0.000000,0.974555,0.224147,0.000000,0.974555,0.224148,9.561846,-4.047268,0.000002,1,1,18.056270,0.000000,0,0
4.079998,270.000000,64.594250,70.327480,1,1,1,1,2,2,0.749988,0.749988,0.749992,0.749994,0.749993,0.000000,0.974551,0.224168,0.000000,0.974555,0.224147,0.000000,0.974555,0.224148,9.561310,-4.048056,0.000016,1,1,18.059840,0.000000,0,0
4.089999,270.000000,64.553760,70.503520,1,1,1,1,2,2,0.749968,0.749991,0.749991,0.749991,0.749991,0.000000,0.974556,0.224144,0.000000,0.974555,0.224151,0.000000,0.974555,0.224148,9.561258,-4.048848,0.000030,1,1,18.063420,0.000000,0,0
4.099999,270.000000,64.513270,70.679590,1,1,1,1,2,2,0.749990,0.749991,0.749992,0.749991,0.749991,0.000000,0.974550,0.224171,0.000000,0.974555,0.224151,0.000000,0.974555,0.224148,9.560854,-4.049639,0.000043,1,1,18.066980,0.000000,0,0
4.109999,270.000000,64.472760,70.855700,1,1,1,1,2,2,0.749990,0.749990,0.749994,0.749994,0.749994,0.000000,0.974551,0.224168,0.000000,0.974556,0.224144,0.000000,0.974555,0.224148,9.560410,-4.050432,0.000041,1,1,18.070540,0.000000,0,0
4.119999,270.000000,64.432250,71.031840,1,1,1,1,2,2,0.749990,0.749990,0.749991,0.749993,0.749992,0.000000,0.974551,0.224168,0.000000,0.974555,0.224151,0.000000,0.974555,0.224148,9.560697,-4.051229,0.000046,1,1,18.074100,0.000000,0,0
4.130000,270.000000,64.391730,71.208020,1,1,1,1,2,2,0.749972,0.749988,0.749993,0.749991,0.749992,0.000000,0.974555,0.224148,0.000000,0.974555,0.224151,0.000000,0.974555,0.224148,9.560484,-4.052022,0.000054,1,1,18.077650,0.000000,0,0
4.140000,270.000000,64.351200,71.384220,1,1,1,1,2,2,0.749988,0.749988,0.749995,0.749995,0.749995,0.000000,0.974547,0.224182,0.000000,0.974556,0.224144,0.000000,0.974555,0.224148,9.560117,-4.052815,0.000047,1,1,18.081190,0.000000,0,0
4.150000,270.000000,64.310670,71.560470,1,1,1,1,2,2,0.749987,0.749987,0.749995,0.749995,0.749995,0.000000,0.974549,0.224175,0.000000,0.974555,0.224151,0.000000,0.974555,0.224148,9.560106,-4.053610,0.000049,1,1,18.084730,0.000000,0,0
4.160000,270.000000,64.270130,71.736750,1,1,1,1,2,2,0.749994,0.749994,0.749997,0.749997,0.749997,0.000000,0.974551,0.224168,0.000000,0.974555,0.224151,0.000000,0.974555,0.224148,9.559735,-4.054405,0.000050,1,1,18.088260,0.000000,0,0
4.170001,270.000000,64.229580,71.913060,1,1,1,1,2,2,0.749998,0.749998,0.749997,0.749997,0.749997,0.000000,0.974550,0.224171,0.000000,0.974555,0.224147,0.000000,0.974555,0.224148,9.559834,-4.055202,0.000042,1,1,18.091780,0.000000,0,0
4.180001,270.000000,64.189020,72.089410,1,1,1,1,2,2,0.749999,0.749999,0.750003,0.750002,0.750002,0.000000,0.974551,0.224168,0.000000,0.974555,0.224147,0.000000,0.974555,0.224148,9.559088,-4.055996,0.000035,1,1,18.095300,0.000000,0,0
4.190001,270.000000,64.148450,72.265790,1,1,1,1,2,2,0.736224,0.736224,0.750003,0.750003,0.750003,0.000000,0.969841,0.243740,0.000000,0.974555,0.224147,0.000000,0.974555,0.224148,9.559365,-4.056796,0.000021,1,1,18.098820,0.000000,0,0
4.200001,270.000000,64.107880,72.442210,1,1,1,1,2,2,0.749983,0.749999,0.750005,0.750004,0.750004,0.000000,0.974555,0.224148,0.000000,0.974555,0.224147,0.000000,0.974555,0.224148,9.559399,-4.057592,0.000009,1,1,18.102330,0.000000,0,0
4.210001,270.000000,64.067300,72.618660,1,1,1,1,2,2,0.750003,0.750003,0.750009,0.750009,0.750009,0.000000,0.974547,0.224182,0.000000,0.974555,0.224147,0.000000,0.974555,0.224148,9.558829,-4.058387,-0.000003,1,1,18.105830,0.000000,0,0
4.220002,270.000000,64.026710,72.795140,1,1,1,1,2,2,0.750009,0.750009,0.750011,0.750011,0.750011,0.000000,0.974551,0.224168,0.000000,0.974555,0.224151,0.000000,0.974555,0.224148,9.558653,-4.059186,-0.000013,1,1,18.109330,0.000000,0,0
4.230002,270.000000,63.986110,72.971660,1,1,1,1,2,2,0.750047,0.750006,0.750013,0.750012,0.750013,0.000000,0.974555,0.224148,0.000000,0.974555,0.224151,0.000000,0.974555,0.224148,9.558754,-4.059985,-0.000027,1,1,18.112810,0.000000,0,0
4.240002,270.000000,63.945500,73.148220,1,1,1,1,2,2,0.749986,0.750009,0.750013,0.750013,0.750013,0.000000,0.974558,0.224137,0.000000,0.974556,0.224144,0.000000,0.974555,0.224148,9.559343,-4.060782,-0.000050,1,1,18.116300,0.000000,0,0
4.250002,270.000000,63.904890,73.324810,1,1,1,1,2,2,0.750009,0.750009,0.750011,0.750010,0.750011,0.000000,0.974551,0.224168,0.000000,0.974555,0.224151,0.000000,0.974555,0.224148,9.559885,-4.061572,-0.000056,1,1,18.119780,0.000000,0,0
4.260003,270.000000,63.864270,73.501430,1,1,1,1,2,2,0.750047,0.750006,0.750013,0.750013,0.750013,0.000000,0.974554,0.224151,0.000000,0.974556,0.224144,0.000000,0.974555,0.224148,9.559804,-4.062356,-0.000069,1,1,18.123250,0.000000,0,0
4.270003,270.000000,63.823640,73.678080,1,1,1,1,2,2,0.750009,0.750009,0.750011,0.750014,0.750012,0.000000,0.974551,0.224168,0.000000,0.974556,0.224144,0.000000,0.974555,0.224148,9.560212,-4.063138,-0.000081,1,1,18.126720,0.000000,0,0
4.280003,270.000000,63.783000,73.854770,1,1,1,1,2,2,0.750009,0.750009,0.750011,0.750011,0.750011,0.000000,0.974551,0.224168,0.000000,0.974555,0.224151,0.000000,0.974555,0.224148,9.560271,-4.063916,-0.000078,1,1,18.130180,0.000000,0,0
4.290003,270.000000,63.742350,74.031490,1,1,1,1,2,2,0.750009,0.750009,0.750010,0.750010,0.750010,0.000000,0.974551,0.224168,0.000000,0.974555,0.224147,0.000000,0.974555,0.224148,9.560543,-4.064692,-0.000080,1,1,18.133630,0.000000,0,0
4.300004,270.000000,63.701700,74.208240,1,1,1,1,2,2,0.750006,0.750013,0.750012,0.750012,0.750012,0.000000,0.974549,0.224175,0.000000,0.974555,0.224147,0.000000,0.974555,0.224148,9.560173,-4.065464,-0.000079,1,1,18.137080,0.000000,0,0
4.310004,270.000000,63.661040,74.385030,1,1,1,1,2,2,0.750012,0.750012,0.750015,0.750014,0.750014,0.000000,0.974551,0.224168,0.000000,0.974555,0.224147,0.000000,0.974555,0.224148,9.559851,-4.066237,-0.000082,1,1,18.140530,0.000000,0,0
4.320004,270.000000,63.620370,74.561860,1,1,1,1,2,2,0.750012,0.750012,0.750011,0.750013,0.750012,0.000000,0.974551,0.224168,0.000000,0.974555,0.224147,0.000000,0.974555,0.224148,9.560401,-4.067013,-0.000088,1,1,18.143960,0.000000,0,0
4.330004,270.000000,63.579690,74.738720,1,1,1,1,2,2,0.750014,0.750008,0.750014,0.750012,0.750013,0.000000,0.974550,0.224171,0.000000,0.974555,0.224147,0.000000,0.974555,0.224148,9.560256,-4.067782,-0.000088,1,1,18.147400,0.000000,0,0
4.340004,270.000000,63.539010,74.915600,1,1,1,1,2,2,0.750048,0.750008,0.750018,0.750018,0.750018,0.000000,0.974557,0.224141,0.000000,0.974555,0.224147,0.000000,0.974555,0.224148,9.559468,-4.068552,-0.000090,1,1,18.150830,0.000000,0,0
4.350005,270.000000,63.498320,75.092530,1,1,1,1,2,2,0.750010,0.750010,0.750017,0.750017,0.750017,0.000000,0.974549,0.224175,0.000000,0.974555,0.224151,0.000000,0.974555,0.224148,9.559673,-4.069328,-0.000094,1,1,18.154250,0.000000,0,0
4.360005,270.000000,63.457610,75.269490,1,1,1,1,2,2,0.750012,0.750012,0.750017,0.750017,0.750017,0.000000,0.974551,0.224168,0.000000,0.974556,0.224144,0.000000,0.974555,0.224148,9.560125,-4.070100,-0.000108,1,1,18.157660,0.000000,0,0
4.370005,270.000000,63.416900,75.446470,1,1,1,1,2,2,0.750009,0.750009,0.750013,0.750011,0.750012,0.000000,0.974551,0.224168,0.000000,0.974556,0.224144,0.000000,0.974555,0.224147,9.561171,-4.070867,-0.000116,1,1,18.161070,0.000000,0,0
4.380005,270.000000,63.376190,75.623500,1,1,1,1,2,2,0.750003,0.750003,0.750007,0.750006,0.750007,0.000000,0.974547,0.224182,0.000000,0.974555,0.224151,0.000000,0.974555,0.224148,9.561785,-4.071622,-0.000103,1,1,18.164470,0.000000,0,0
4.390006,270.000000,63.335460,75.800550,1,1,1,1,2,2,0.750002,0.750002,0.750010,0.750008,0.750009,0.000000,0.974549,0.224175,0.000000,0.974555,0.224147,0.000000,0.974555,0.224148,9.560939,-4.072371,-0.000089,1,1,18.167870,0.000000,0,0
4.400006,270.000000,63.294730,75.977640,1,1,1,1,2,2,0.749987,0.750003,0.750008,0.750009,0.750009,0.000000,0.974555,0.224148,0.000000,0.974555,0.224147,0.000000,0.974555,0.224148,9.560900,-4.073126,-0.000084,1,1,18.171270,0.000000,0,0
4.410006,270.000000,63.254000,76.154760,1,1,1,1,2,2,0.750009,0.750009,0.750014,0.750014,0.750014,0.000000,0.974550,0.224171,0.000000,0.974555,0.224147,0.000000,0.974555,0.224148,9.559862,-4.073880,-0.000079,1,1,18.174650,0.000000,0,0
4.420006,270.000000,63.213250,76.331920,1,1,1,1,2,2,0.750004,0.750004,0.750010,0.750010,0.750010,0.000000,0.974549,0.224175,0.000000,0.974555,0.224147,0.000000,0.974555,0.224147,9.560663,-4.074643,-0.000085,1,1,18.178030,0.000000,0,0
4.430007,270.000000,63.172500,76.509100,1,1,1,1,2,2,0.773917,0.773917,0.750014,0.750014,0.750014,0.000000,0.982157,0.188064,0.000000,0.974555,0.224147,0.000000,0.974555,0.224147,9.559936,-4.075397,-0.000082,1,1,18.181410,0.000000,0,0
4.440007,270.000000,63.131740,76.686330,1,1,1,1,2,2,0.749990,0.750006,0.750014,0.750016,0.750015,0.000000,0.974555,0.224148,0.000000,0.974555,0.224147,0.000000,0.974555,0.224147,9.559882,-4.076157,-0.000087,1,1,18.184780,0.000000,0,0
4.450007,270.000000,63.090970,76.863580,1,1,1,1,2,2,0.750013,0.750013,0.750014,0.750013,0.750013,0.000000,0.974549,0.224175,0.000000,0.974555,0.224151,0.000000,0.974555,0.224148,9.560220,-4.076916,-0.000087,1,1,18.188140,0.000000,0,0
4.460007,270.000000,63.050200,77.040860,1,1,1,1,2,2,0.750012,0.750012,0.750017,0.750017,0.750017,0.000000,0.974551,0.224168,0.000000,0.974556,0.224144,0.000000,0.974555,0.224147,9.559794,-4.077670,-0.000095,1,1,18.191500,0.000000,0,0
4.470007,270.000000,63.009410,77.218190,1,1,1,1,2,2,0.750012,0.750012,0.750018,0.750017,0.750017,0.000000,0.974551,0.224168,0.000000,0.974556,0.224144,0.000000,0.974555,0.224147,9.559930,-4.078427,-0.000106,1,1,18.194850,0.000000,0,0
4.480008,270.000000,62.968620,77.395540,1,1,1,1,2,2,0.749994,0.750010,0.750015,0.750015,0.750015,0.000000,0.974555,0.224148,0.000000,0.974555,0.224151,0.000000,0.974555,0.224147,9.560266,-4.079182,-0.000105,1,1,18.198200,0.000000,0,0
4.490008,270.000000,62.927830,77.572920,1,1,1,1,2,2,0.750017,0.750017,0.750017,0.750016,0.750016,0.000000,0.974549,0.224175,0.000000,0.974556,0.224144,0.000000,0.974555,0.224147,9.560292,-4.079932,-0.000112,1,1,18.201540,0.000000,0,0
4.500008,270.000000,62.887020,77.750340,1,1,1,1,2,2,0.750053,0.750006,0.750013,0.750015,0.750014,0.000000,0.974558,0.224137,0.000000,0.974555,0.224151,0.000000,0.974555,0.224147,9.560468,-4.080681,-0.000106,1,1,18.204880,0.000000,0,0
4.510008,270.000000,62.846210,77.927790,1,1,1,1,2,2,0.749987,0.750010,0.750015,0.750017,0.750016,0.000000,0.974555,0.224148,0.000000,0.974555,0.224151,0.000000,0.974555,0.224148,9.559985,-4.081427,-0.000100,1,1,18.208210,0.000000,0,0
4.520009,270.000000,62.805390,78.105270,1,1,1,1,2,2,0.750010,0.750010,0.750014,0.750015,0.750014,0.000000,0.974547,0.224182,0.000000,0.974555,0.224147,0.000000,0.974555,0.224148,9.560397,-4.082176,-0.000104,1,1,18.211540,0.000000,0,0
4.530009,270.000000,62.764560,78.282780,1,1,1,1,2,2,0.750014,0.750014,0.750016,0.750018,0.750017,0.000000,0.974551,0.224168,0.000000,0.974555,0.224147,0.000000,0.974555,0.224148,9.559988,-4.082920,-0.000105,1,1,18.214860,0.000000,0,0
4.540009,270.000000,62.723720,78.460330,1,1,1,1,2,2,0.750053,0.750006,0.750019,0.750019,0.750019,0.000000,0.974557,0.224141,0.000000,0.974555,0.224147,0.000000,0.974555,0.224148,9.559617,-4.083666,-0.000109,1,1,18.218170,0.000000,0,0
4.550009,270.000000,62.682880,78.637910,1,1,1,1,2,2,0.750006,0.750006,0.750012,0.750012,0.750012,0.000000,0.974548,0.224178,0.000000,0.974555,0.224147,0.000000,0.974555,0.224148,9.561127,-4.084415,-0.000117,1,1,18.221480,0.000000,0,0
4.560009,270.000000,62.642020,78.815520,1,1,1,1,2,2,0.750013,0.750013,0.750014,0.750014,0.750014,0.000000,0.974549,0.224175,0.000000,0.974555,0.224147,0.000000,0.974555,0.224148,9.560634,-4.085149,-0.000110,1,1,18.224780,0.000000,0,0
4.570010,270.000000,62.601170,78.993160,1,1,1,1,2,2,0.750009,0.750009,0.750014,0.750016,0.750015,0.000000,0.974551,0.224168,0.000000,0.974555,0.224147,0.000000,0.974555,0.224148,9.560436,-4.085886,-0.000109,1,1,18.228080,0.000000,0,0
4.580010,270.000000,62.560300,79.170840,1,1,1,1,2,2,0.750043,0.750009,0.750010,0.750010,0.750010,0.000000,0.974557,0.224141,0.000000,0.974555,0.224151,0.000000,0.974555,0.224148,9.561214,-4.086623,-0.000102,1,1,18.231370,0.000000,0,0
4.590010,270.000000,62.519420,79.348540,1,1,1,1,2,2,0.750005,0.750005,0.750009,0.750009,0.750009,0.000000,0.974551,0.224168,0.000000,0.974556,0.224144,0.000000,0.974555,0.224148,9.561273,-4.087351,-0.000101,1,1,18.234660,0.000000,0,0
4.600010,270.000000,62.478540,79.526280,1,1,1,1,2,2,0.750006,0.750006,0.750006,0.750006,0.750006,0.000000,0.974549,0.224175,0.000000,0.974555,0.224151,0.000000,0.974555,0.224148,9.561493,-4.088078,-0.000086,1,1,18.237940,0.000000,0,0
4.610011,270.000000,62.437650,79.704060,1,1,1,1,2,2,0.750001,0.750001,0.750004,0.750005,0.750005,0.000000,0.974551,0.224168,0.000000,0.974555,0.224151,0.000000,0.974555,0.224148,9.561336,-4.088801,-0.000070,1,1,18.241210,0.000000,0,0
4.620011,270.000000,62.396760,79.881860,1,1,1,1,2,2,0.749999,0.749999,0.750007,0.750005,0.750006,0.000000,0.974547,0.224182,0.000000,0.974556,0.224144,0.000000,0.974555,0.224148,9.560962,-4.089525,-0.000068,1,1,18.244490,0.000000,0,0
4.630011,270.000000,62.355860,80.059690,1,1,1,1,2,2,0.749999,0.749999,0.750004,0.750004,0.750004,0.000000,0.974547,0.224182,0.000000,0.974555,0.224151,0.000000,0.974555,0.224148,9.561070,-4.090251,-0.000057,1,1,18.247750,0.000000,0,0
4.640011,270.000000,62.314950,80.237560,1,1,1,1,2,2,0.749983,0.749999,0.750006,0.750006,0.750006,0.000000,0.974555,0.224148,0.000000,0.974555,0.224151,0.000000,0.974555,0.224148,9.560448,-4.090975,-0.000045,1,1,18.251010,0.000000,0,0
4.650012,270.000000,62.274030,80.415450,1,1,1,1,2,2,0.749997,0.750003,0.750003,0.750003,0.750003,0.000000,0.974550,0.224171,0.000000,0.974555,0.224147,0.000000,0.974555,0.224148,9.561028,-4.091704,-0.000046,1,1,18.254260,0.000000,0,0
4.660012,270.000000,62.233110,80.593380,1,1,1,1,2,2,0.749997,0.749997,0.750008,0.750007,0.750008,0.000000,0.974549,0.224175,0.000000,0.974555,0.224147,0.000000,0.974555,0.224148,9.560061,-4.092426,-0.000041,1,1,18.257510,0.000000,0,0
4.670012,270.000000,62.192180,80.771350,1,1,1,1,2,2,0.700915,0.700915,0.750003,0.750003,0.750003,0.000000,0.956822,0.290676,0.000000,0.974555,0.224147,0.000000,0.974555,0.224148,9.561018,-4.093156,-0.000045,1,1,18.260760,0.000000,0,0
4.680012,270.000000,62.151240,80.949340,1,1,1,1,2,2,0.750003,0.749997,0.750003,0.750003,0.750003,0.000000,0.974550,0.224171,0.000000,0.974555,0.224147,0.000000,0.974555,0.224148,9.560886,-4.093875,-0.000040,1,1,18.263990,0.000000,0,0
4.690012,270.000000,62.110290,81.127370,1,1,1,1,2,2,0.750001,0.750001,0.750005,0.750005,0.750005,0.000000,0.974551,0.224168,0.000000,0.974555,0.224147,0.000000,0.974555,0.224148,9.560454,-4.094595,-0.000036,1,1,18.267230,0.000000,0,0
4.700013,270.000000,62.069340,81.305420,1,1,1,1,2,2,0.749999,0.749999,0.750000,0.750000,0.750000,0.000000,0.974551,0.224168,0.000000,0.974555,0.224151,0.000000,0.974555,0.224148,9.561077,-4.095317,-0.000030,1,1,18.270450,0.000000,0,0
4.710013,270.000000,62.028370,81.483510,1,1,1,1,2,2,0.749998,0.749991,0.749999,0.749999,0.749999,0.000000,0.974549,0.224175,0.000000,0.974555,0.224151,0.000000,0.974555,0.224148,9.560987,-4.096033,-0.000019,1,1,18.273670,0.000000,0,0
4.720013,270.000000,61.987410,81.661620,1,1,1,1,2,2,0.749992,0.749998,0.750000,0.750001,0.750000,0.000000,0.974549,0.224175,0.000000,0.974556,0.224144,0.000000,0.974555,0.224148,9.560855,-4.096747,-0.000020,1,1,18.276890,0.000000,0,0
4.730013,270.000000,61.946430,81.839770,1,1,1,1,2,2,0.749991,0.749991,0.749999,0.750000,0.749999,0.000000,0.974549,0.224175,0.000000,0.974555,0.224151,0.000000,0.974555,0.224148,9.560761,-4.097463,-0.000011,1,1,18.280100,0.000000,0,0
4.740014,270.000000,61.905450,82.017950,1,1,1,1,2,2,0.749991,0.749991,0.749999,0.749999,0.749999,0.000000,0.974549,0.224175,0.000000,0.974555,0.224147,0.000000,0.974555,0.224148,9.560762,-4.098177,-0.000009,1,1,18.283310,0.000000,0,0
4.750014,270.000000,61.864460,82.196170,1,1,1,1,2,2,0.749970,0.749993,0.749997,0.750001,0.749999,0.000000,0.974555,0.224148,0.000000,0.974555,0.224147,0.000000,0.974555,0.224148,9.560722,-4.098891,-0.000007,1,1,18.286500,0.000000,0,0
4.760014,270.000000,61.823470,82.374410,1,1,1,1,2,2,0.749993,0.749993,0.750005,0.750003,0.750004,0.000000,0.974549,0.224175,0.000000,0.974555,0.224147,0.000000,0.974555,0.224148,9.559834,-4.099604,-0.000005,1,1,18.289700,0.000000,0,0
4.770014,270.000000,61.782460,82.552690,1,1,1,1,2,2,0.749998,0.749998,0.749997,0.749999,0.749998,0.000000,0.974551,0.224168,0.000000,0.974555,0.224147,0.000000,0.974555,0.224148,9.561001,-4.100325,-0.000012,1,1,18.292890,0.000000,0,0
4.780015,270.000000,61.741450,82.731000,1,1,1,1,2,2,0.750010,0.749998,0.749997,0.749995,0.749996,0.000000,0.974563,0.224114,0.000000,0.974555,0.224147,0.000000,0.974555,0.224148,9.561222,-4.101032,-0.000007,1,1,18.296070,0.000000,0,0
4.790015,270.000000,61.700440,82.909330,1,1,1,1,2,2,0.749993,0.749993,0.750003,0.750003,0.750003,0.000000,0.974548,0.224178,0.000000,0.974555,0.224147,0.000000,0.974555,0.224148,9.559859,-4.101737,0.000000,1,1,18.299250,0.000000,0,0
4.800015,270.000000,61.659410,83.087700,1,1,1,1,2,2,0.750002,0.750002,0.750002,0.749999,0.750001,0.000000,0.974549,0.224175,0.000000,0.974555,0.224151,0.000000,0.974555,0.224148,9.560308,-4.102453,0.000000,1,1,18.302420,0.000000,0,0
4.810015,270.000000,61.618380,83.266100,1,1,1,1,2,2,0.750001,0.750001,0.750005,0.750005,0.750005,0.000000,0.974551,0.224168,0.000000,0.974556,0.224144,0.000000,0.974555,0.224148,9.559648,-4.103164,-0.000009,1,1,18.305590,0.000000,0,0
4.820015,270.000000,61.577340,83.444530,1,1,1,1,2,2,0.749995,0.750001,0.750004,0.750004,0.750004,0.000000,0.974549,0.224175,0.000000,0.974556,0.224144,0.000000,0.974555,0.224147,9.560328,-4.103880,-0.000023,1,1,18.308750,0.000000,0,0
4.830016,270.000000,61.536300,83.622990,1,1,1,1,2,2,0.750002,0.750002,0.750001,0.750001,0.750001,0.000000,0.974549,0.224175,0.000000,0.974555,0.224151,0.000000,0.974555,0.224148,9.560586,-4.104589,-0.000017,1,1,18.311910,0.000000,0,0
4.840016,270.000000,61.495240,83.801480,1,1,1,1,2,2,0.750002,0.750002,0.750002,0.750001,0.750001,0.000000,0.974549,0.224175,0.000000,0.974556,0.224144,0.000000,0.974555,0.224147,9.560724,-4.105293,-0.000022,1,1,18.315060,0.000000,0,0
4.850016,270.000000,61.454180,83.980000,1,1,1,1,2,2,0.750038,0.749991,0.749999,0.750001,0.750000,0.000000,0.974557,0.224141,0.000000,0.974556,0.224144,0.000000,0.974555,0.224147,9.561057,-4.105995,-0.000024,1,1,18.318200,0.000000,0,0
4.860016,270.000000,61.413120,84.158550,1,1,1,1,2,2,0.749998,0.749991,0.750000,0.750000,0.750000,0.000000,0.974550,0.224171,0.000000,0.974555,0.224151,0.000000,0.974555,0.224147,9.560607,-4.106693,-0.000011,1,1,18.321350,0.000000,0,0
4.870017,270.000000,61.372040,84.337130,1,1,1,1,2,2,0.749995,0.749995,0.750001,0.750001,0.750001,0.000000,0.974547,0.224182,0.000000,0.974555,0.224147,0.000000,0.974555,0.224147,9.560462,-4.107394,-0.000010,1,1,18.324480,0.000000,0,0
4.880017,270.000000,61.330960,84.515740,1,1,1,1,2,2,0.756723,0.756723,0.750003,0.750003,0.750003,0.000000,0.969953,0.243291,0.000000,0.974555,0.224147,0.000000,0.974555,0.224147,9.560112,-4.108095,-0.000010,1,1,18.327610,0.000000,0,0
4.890017,270.000000,61.289880,84.694380,1,1,1,1,2,2,0.750035,0.749995,0.750003,0.750003,0.750003,0.000000,0.974555,0.224148,0.000000,0.974555,0.224147,0.000000,0.974555,0.224147,9.560190,-4.108798,-0.000013,1,1,18.330730,0.000000,0,0
4.900017,270.000000,61.248780,84.873050,1,1,1,1,2,2,0.749998,0.749998,0.749998,0.749999,0.749999,0.000000,0.974551,0.224168,0.000000,0.974555,0.224147,0.000000,0.974555,0.224147,9.560993,-4.109499,-0.000015,1,1,18.333850,0.000000,0,0
4.910017,270.000000,61.207680,85.051760,1,1,1,1,2,2,0.749998,0.749998,0.749999,0.750001,0.750000,0.000000,0.974549,0.224175,0.000000,0.974555,0.224147,0.000000,0.974555,0.224147,9.560611,-4.110192,-0.000009,1,1,18.336970,0.000000,0,0
4.920018,270.000000,61.166570,85.230490,1,1,1,1,2,2,0.749998,0.749998,0.750003,0.750003,0.750003,0.000000,0.974550,0.224171,0.000000,0.974555,0.224147,0.000000,0.974555,0.224147,9.560040,-4.110887,-0.000007,1,1,18.340080,0.000000,0,0
4.930018,270.000000,61.125450,85.409260,1,1,1,1,2,2,0.750035,0.749995,0.750000,0.750001,0.750001,0.000000,0.974555,0.224148,0.000000,0.974555,0.224151,0.000000,0.974555,0.224148,9.560359,-4.111586,-0.000005,1,1,18.343180,0.000000,0,0
4.940018,270.000000,61.084330,85.588050,1,1,1,1,2,2,0.749995,0.749995,0.750004,0.750004,0.750004,0.000000,0.974549,0.224175,0.000000,0.974556,0.224144,0.000000,0.974555,0.224147,9.560049,-4.112281,-0.000011,1,1,18.346280,0.000000,0,0
4.950018,270.000000,61.043200,85.766880,1,1,1,1,2,2,0.739540,0.739540,0.750000,0.750000,0.750000,0.000000,0.959628,0.281273,0.000000,0.974555,0.224151,0.000000,0.974555,0.224148,9.560546,-4.112978,-0.000009,1,1,18.349370,0.000000,0,0
4.960019,270.000000,61.002060,85.945730,1,1,1,1,2,2,0.749998,0.749998,0.750000,0.750002,0.750001,0.000000,0.974551,0.224168,0.000000,0.974555,0.224151,0.000000,0.974555,0.224148,9.560230,-4.113669,-0.000002,1,1,18.352460,0.000000,0,0
4.970019,270.000000,60.960920,86.124620,1,1,1,1,2,2,0.749998,0.749998,0.750000,0.749997,0.749999,0.000000,0.974551,0.224168,0.000000,0.974555,0.224147,0.000000,0.974555,0.224148,9.560754,-4.114362,-0.000005,1,1,18.355550,0.000000,0,0
4.980019,270.000000,60.919770,86.303540,1,1,1,1,2,2,0.749993,0.749993,0.750001,0.750001,0.750001,0.000000,0.974549,0.224175,0.000000,0.974555,0.224147,0.000000,0.974555,0.224148,9.560262,-4.115048,-0.000003,1,1,18.358620,0.000000,0,0
4.990019,270.000000,60.878610,86.482480,1,1,1,1,2,2,0.749979,0.750002,0.750005,0.750005,0.750005,0.000000,0.974556,0.224144,0.000000,0.974555,0.224147,0.000000,0.974555,0.224148,9.559690,-4.115738,-0.000005,1,1,18.361700,0.000000,0,0
5.000020,270.000000,60.837450,86.661460,1,1,1,1,2,2,0.750001,0.750002,0.750001,0.750001,0.750001,0.000000,0.974550,0.224171,0.000000,0.974555,0.224147,0.000000,0.974555,0.224148,9.560532,-4.116433,-0.000013,1,1,18.364770,0.000000,0,0
5.010020,270.000000,60.796280,86.840460,1,1,1,1,2,2,0.749993,0.749993,0.750003,0.750003,0.750003,0.000000,0.974549,0.224175,0.000000,0.974555,0.224147,0.000000,0.974555,0.224148,9.560176,-4.117118,-0.000012,1,1,18.367830,0.000000,0,0
5.020020,270.000000,60.755100,87.019490,1,1,1,1,2,2,0.713124,0.713124,0.749997,0.749997,0.749997,0.000000,0.961469,0.274915,0.000000,0.974555,0.224151,0.000000,0.974555,0.224148,9.561227,-4.117806,-0.000009,1,1,18.370890,0.000000,0,0
5.030020,270.000000,60.713910,87.198550,1,1,1,1,2,2,0.749998,0.749998,0.749999,0.749999,0.749999,0.000000,0.974550,0.224171,0.000000,0.974555,0.224151,0.000000,0.974555,0.224148,9.560571,-4.118482,0.000003,1,1,18.373940,0.000000,0,0
5.040020,270.000000,60.672720,87.377650,1,1,1,1,2,2,0.749998,0.749998,0.750001,0.750002,0.750002,0.000000,0.974551,0.224168,0.000000,0.974556,0.224144,0.000000,0.974555,0.224148,9.560170,-4.119164,-0.000003,1,1,18.376980,0.000000,0,0
5.050021,270.000000,60.631520,87.556770,1,1,1,1,2,2,0.749991,0.749991,0.749997,0.749999,0.749998,0.000000,0.974549,0.224175,0.000000,0.974555,0.224151,0.000000,0.974555,0.224148,9.560813,-4.119848,0.000000,1,1,18.380030,0.000000,0,0
5.060021,270.000000,60.590320,87.735920,1,1,1,1,2,2,0.749998,0.749991,0.749997,0.749997,0.749997,0.000000,0.974549,0.224175,0.000000,0.974555,0.224151,0.000000,0.974555,0.224148,9.560780,-4.120524,0.000009,1,1,18.383060,0.000000,0,0
5.070021,270.000000,60.549110,87.915110,1,1,1,1,2,2,0.749998,0.749998,0.750000,0.750000,0.750000,0.000000,0.974551,0.224168,0.000000,0.974556,0.224144,0.000000,0.974555,0.224148,9.560304,-4.121200,0.000005,1,1,18.386090,0.000000,0,0
5.080021,270.000000,60.507890,88.094320,1,1,1,1,2,2,0.749995,0.749995,0.750000,0.750002,0.750001,0.000000,0.974547,0.224182,0.000000,0.974555,0.224151,0.000000,0.974555,0.224148,9.560021,-4.121880,0.000009,1,1,18.389120,0.000000,0,0
5.090022,270.000000,60.466660,88.273570,1,1,1,1,2,2,0.749995,0.749995,0.750001,0.750001,0.750001,0.000000,0.974549,0.224175,0.000000,0.974555,0.224147,0.000000,0.974555,0.224148,9.560131,-4.122561,0.000003,1,1,18.392140,0.000000,0,0
5.100022,270.000000,60.425430,88.452840,1,1,1,1,2,2,0.749970,0.749993,0.749997,0.749999,0.749998,0.000000,0.974555,0.224148,0.000000,0.974555,0.224147,0.000000,0.974555,0.224148,9.560719,-4.123239,-0.000001,1,1,18.395160,0.000000,0,0
5.110022,270.000000,60.384190,88.632130,1,1,1,1,2,2,0.749998,0.749998,0.750003,0.750003,0.750003,0.000000,0.974549,0.224175,0.000000,0.974555,0.224147,0.000000,0.974555,0.224148,9.559857,-4.123911,0.000001,1,1,18.398170,0.000000,0,0
5.120022,270.000000,60.342950,88.811460,1,1,1,1,2,2,0.749998,0.749998,0.749999,0.749999,0.749999,0.000000,0.974551,0.224168,0.000000,0.974555,0.224147,0.000000,0.974555,0.224148,9.560676,-4.124590,-0.000005,1,1,18.401170,0.000000,0,0
5.130023,270.000000,60.301690,88.990820,1,1,1,1,2,2,0.750034,0.749993,0.750002,0.750002,0.750002,0.000000,0.974556,0.224144,0.000000,0.974555,0.224147,0.000000,0.974555,0.224148,9.560146,-4.125260,-0.000003,1,1,18.404170,0.000000,0,0
5.140023,270.000000,60.260430,89.170210,1,1,1,1,2,2,0.749998,0.749998,0.750003,0.750004,0.750003,0.000000,0.974550,0.224171,0.000000,0.974555,0.224147,0.000000,0.974555,0.224148,9.559973,-4.125934,-0.000007,1,1,18.407170,0.000000,0,0
5.150023,270.000000,60.219170,89.349630,1,1,1,1,2,2,0.749998,0.749998,0.750001,0.750001,0.750001,0.000000,0.974549,0.224175,0.000000,0.974555,0.224151,0.000000,0.974555,0.224148,9.560383,-4.126609,-0.000006,1,1,18.410160,0.000000,0,0
5.160023,270.000000,60.177890,89.529080,1,1,1,1,2,2,0.749995,0.749995,0.750002,0.750002,0.750002,0.000000,0.974547,0.224182,0.000000,0.974556,0.224144,0.000000,0.974555,0.224148,9.560435,-4.127278,-0.000014,1,1,18.413150,0.000000,0,0
5.170023,270.000000,60.136620,89.708550,1,1,1,1,2,2,0.749998,0.749998,0.750002,0.750002,0.750002,0.000000,0.974551,0.224168,0.000000,0.974556,0.224144,0.000000,0.974555,0.224147,9.560582,-4.127946,-0.000019,1,1,18.416130,0.000000,0,0
5.180024,270.000000,60.095330,89.888050,1,1,1,1,2,2,0.749998,0.749998,0.750000,0.750000,0.750000,0.000000,0.974551,0.224168,0.000000,0.974555,0.224151,0.000000,0.974555,0.224148,9.560616,-4.128611,-0.000012,1,1,18.419110,0.000000,0,0
5.190024,270.000000,60.054040,90.067590,1,1,1,1,2,2,0.749998,0.749998,0.750000,0.750000,0.750000,0.000000,0.974549,0.224175,0.000000,0.974556,0.224144,0.000000,0.974555,0.224147,9.560825,-4.129275,-0.000016,1,1,18.422080,0.000000,0,0
5.200024,270.000000,60.012740,90.247150,1,1,1,1,2,2,0.750038,0.749991,0.750000,0.750000,0.750000,0.000000,0.974558,0.224137,0.000000,0.974556,0.224144,0.000000,0.974555,0.224147,9.560852,-4.129935,-0.000017,1,1,18.425040,0.000000,0,0
5.210024,270.000000,59.971430,90.426740,1,1,1,1,2,2,0.749973,0.749995,0.750000,0.750000,0.750000,0.000000,0.974555,0.224148,0.000000,0.974555,0.224151,0.000000,0.974555,0.224147,9.560476,-4.130594,-0.000006,1,1,18.428000,0.000000,0,0
5.220025,270.000000,59.930120,90.606360,1,1,1,1,2,2,0.749998,0.749998,0.749999,0.749997,0.749998,0.000000,0.974551,0.224168,0.000000,0.974555,0.224147,0.000000,0.974555,0.224147,9.560834,-4.131256,-0.000006,1,1,18.430960,0.000000,0,0
5.230025,270.000000,59.888800,90.786010,1,1,1,1,2,2,0.749998,0.749998,0.750003,0.750001,0.750002,0.000000,0.974549,0.224175,0.000000,0.974555,0.224147,0.000000,0.974555,0.224147,9.560088,-4.131913,-0.000002,1,1,18.433910,0.000000,0,0
5.240025,270.000000,59.847470,90.965690,1,1,1,1,2,2,0.750038,0.749998,0.750003,0.750003,0.750003,0.000000,0.974558,0.224134,0.000000,0.974555,0.224147,0.000000,0.974555,0.224147,9.559991,-4.132576,-0.000005,1,1,18.436850,0.000000,0,0
5.250025,270.000000,59.806140,91.145390,1,1,1,1,2,2,0.749975,0.749992,0.749999,0.749999,0.749999,0.000000,0.974556,0.224144,0.000000,0.974555,0.224147,0.000000,0.974555,0.224147,9.560783,-4.133240,-0.000009,1,1,18.439790,0.000000,0,0
5.260026,270.000000,59.764800,91.325130,1,1,1,1,2,2,0.749998,0.749998,0.750001,0.750001,0.750001,0.000000,0.974549,0.224175,0.000000,0.974555,0.224147,0.000000,0.974555,0.224147,9.560348,-4.133894,-0.000005,1,1,18.442730,0.000000,0,0
5.270026,270.000000,59.723460,91.504890,1,1,1,1,2,2,0.749998,0.749998,0.750000,0.750000,0.750000,0.000000,0.974551,0.224168,0.000000,0.974555,0.224151,0.000000,0.974555,0.224148,9.560328,-4.134552,0.000000,1,1,18.445660,0.000000,0,0
5.280026,270.000000,59.682110,91.684680,1,1,1,1,2,2,0.750035,0.749995,0.750002,0.750000,0.750001,0.000000,0.974556,0.224144,0.000000,0.974555,0.224151,0.000000,0.974555,0.224148,9.560061,-4.135208,0.000004,1,1,18.448590,0.000000,0,0
5.290026,270.000000,59.640750,91.864500,1,1,1,1,2,2,0.749995,0.749995,0.750002,0.750001,0.750001,0.000000,0.974547,0.224182,0.000000,0.974556,0.224144,0.000000,0.974555,0.224148,9.560315,-4.135866,-0.000006,1,1,18.451510,0.000000,0,0
5.300026,270.000000,59.599380,92.044350,1,1,1,1,2,2,0.749998,0.749998,0.749999,0.749999,0.749999,0.000000,0.974549,0.224175,0.000000,0.974555,0.224151,0.000000,0.974555,0.224148,9.560688,-4.136520,-0.000001,1,1,18.454420,0.000000,0,0
5.310027,270.000000,59.558010,92.224230,1,1,1,1,2,2,0.750036,0.750002,0.750001,0.750001,0.750001,0.000000,0.974555,0.224148,0.000000,0.974555,0.224151,0.000000,0.974555,0.224148,9.559987,-4.137170,0.000007,1,1,18.457330,0.000000,0,0
5.320027,270.000000,59.516630,92.404140,1,1,1,1,2,2,0.750013,0.750001,0.749999,0.750003,0.750001,0.000000,0.974563,0.224114,0.000000,0.974555,0.224147,0.000000,0.974555,0.224148,9.560192,-4.137825,0.000002,1,1,18.460240,0.000000,0,0
5.330027,270.000000,59.475250,92.584070,1,1,1,1,2,2,0.749993,0.749993,0.750003,0.750001,0.750002,0.000000,0.974549,0.224175,0.000000,0.974555,0.224147,0.000000,0.974555,0.224148,9.560075,-4.138477,-0.000002,1,1,18.463140,0.000000,0,0
5.340027,270.000000,59.433860,92.764030,1,1,1,1,2,2,0.746651,0.746651,0.750001,0.750001,0.750001,0.000000,0.973424,0.229011,0.000000,0.974555,0.224147,0.000000,0.974555,0.224148,9.560369,-4.139130,-0.000006,1,1,18.466040,0.000000,0,0
5.350028,270.000000,59.392460,92.944020,1,1,1,1,2,2,0.750001,0.750001,0.750001,0.750003,0.750002,0.000000,0.974551,0.224168,0.000000,0.974555,0.224147,0.000000,0.974555,0.224148,9.560259,-4.139778,-0.000008,1,1,18.468930,0.000000,0,0
5.360028,270.000000,59.351060,93.124040,1,1,1,1,2,2,0.750001,0.750001,0.750005,0.750004,0.750004,0.000000,0.974551,0.224168,0.000000,0.974555,0.224147,0.000000,0.974555,0.224148,9.559885,-4.140427,-0.000010,1,1,18.471810,0.000000,0,0
5.370028,270.000000,59.309640,93.304080,1,1,1,1,2,2,0.749995,0.749995,0.750000,0.750000,0.750000,0.000000,0.974547,0.224182,0.000000,0.974555,0.224151,0.000000,0.974555,0.224148,9.560580,-4.141078,-0.000010,1,1,18.474690,0.000000,0,0
5.380028,270.000000,59.268230,93.484160,1,1,1,1,2,2,0.749979,0.750002,0.750004,0.750004,0.750004,0.000000,0.974556,0.224144,0.000000,0.974555,0.224151,0.000000,0.974555,0.224148,9.559778,-4.141720,-0.000004,1,1,18.477570,0.000000,0,0
5.390028,270.000000,59.226800,93.664260,1,1,1,1,2,2,0.750042,0.749995,0.750002,0.750002,0.750002,0.000000,0.974556,0.224144,0.000000,0.974556,0.224144,0.000000,0.974555,0.224148,9.560550,-4.142370,-0.000018,1,1,18.480440,0.000000,0,0
5.400029,270.000000,59.185370,93.844390,1,1,1,1,2,2,0.749991,0.749991,0.749999,0.749999,0.749999,0.000000,0.974549,0.224175,0.000000,0.974555,0.224151,0.000000,0.974555,0.224148,9.560932,-4.143011,-0.000012,1,1,18.483310,0.000000,0,0
5.410029,270.000000,59.143940,94.024550,1,1,1,1,2,2,0.749995,0.749995,0.750002,0.750002,0.750002,0.000000,0.974547,0.224182,0.000000,0.974556,0.224144,0.000000,0.974555,0.224148,9.560421,-4.143647,-0.000013,1,1,18.486170,0.000000,0,0
5.420029,270.000000,59.102490,94.204730,1,1,1,1,2,2,0.749998,0.749998,0.750000,0.750002,0.750001,0.000000,0.974551,0.224168,0.000000,0.974556,0.224144,0.000000,0.974555,0.224148,9.560740,-4.144288,-0.000019,1,1,18.489030,0.000000,0,0
5.430029,270.000000,59.061040,94.384950,1,1,1,1,2,2,0.749991,0.749991,0.750000,0.749999,0.749999,0.000000,0.974549,0.224175,0.000000,0.974555,0.224151,0.000000,0.974555,0.224148,9.560750,-4.144924,-0.000010,1,1,18.491880,0.000000,0,0
5.440030,270.000000,59.019590,94.565190,1,1,1,1,2,2,0.749995,0.749995,0.750001,0.749999,0.750000,0.000000,0.974549,0.224175,0.000000,0.974555,0.224147,0.000000,0.974555,0.224148,9.560575,-4.145558,-0.000008,1,1,18.494730,0.000000,0,0
5.450030,270.000000,58.978130,94.745460,1,1,1,1,2,2,0.749977,0.749993,0.749999,0.749999,0.749999,0.000000,0.974556,0.224144,0.000000,0.974555,0.224147,0.000000,0.974555,0.224148,9.560722,-4.146194,-0.000007,1,1,18.497570,0.000000,0,0
5.460030,270.000000,58.936660,94.925760,1,1,1,1,2,2,0.749998,0.749998,0.750005,0.750005,0.750005,0.000000,0.974550,0.224171,0.000000,0.974555,0.224147,0.000000,0.974555,0.224148,9.559678,-4.146827,-0.000004,1,1,18.500400,0.000000,0,0
5.470030,270.000000,58.895180,95.106080,1,1,1,1,2,2,0.749998,0.749998,0.750001,0.749998,0.750000,0.000000,0.974551,0.224168,0.000000,0.974555,0.224147,0.000000,0.974555,0.224148,9.560764,-4.147469,-0.000012,1,1,18.503240,0.000000,0,0
5.480031,270.000000,58.853700,95.286430,1,1,1,1,2,2,0.749993,0.749993,0.750003,0.750003,0.750003,0.000000,0.974549,0.224175,0.000000,0.974555,0.224147,0.000000,0.974555,0.224148,9.560102,-4.148099,-0.000009,1,1,18.506060,0.000000,0,0
5.490031,270.000000,58.812210,95.466810,1,1,1,1,2,2,0.749975,0.749998,0.750002,0.750002,0.750002,0.000000,0.974556,0.224144,0.000000,0.974555,0.224147,0.000000,0.974555,0.224148,9.560382,-4.148735,-0.000013,1,1,18.508890,0.000000,0,0
5.500031,270.000000,58.770720,95.647220,1,1,1,1,2,2,0.749998,0.749998,0.750000,0.750000,0.750000,0.000000,0.974550,0.224171,0.000000,0.974555,0.224151,0.000000,0.974555,0.224148,9.560508,-4.149366,-0.000007,1,1,18.511710,0.000000,0,0
5.510031,270.000000,58.729220,95.827650,1,1,1,1,2,2,0.749998,0.749998,0.750001,0.750002,0.750001,0.000000,0.974551,0.224168,0.000000,0.974556,0.224144,0.000000,0.974555,0.224148,9.560485,-4.149996,-0.000013,1,1,18.514520,0.000000,0,0
5.520031,270.000000,58.687710,96.008110,1,1,1,1,2,2,0.750010,0.749992,0.749997,0.749997,0.749997,0.000000,0.974561,0.224121,0.000000,0.974555,0.224151,0.000000,0.974555,0.224148,9.561155,-4.150625,-0.000006,1,1,18.517330,0.000000,0,0
5.530032,270.000000,58.646200,96.188600,1,1,1,1,2,2,0.749975,0.749998,0.749999,0.749999,0.749999,0.000000,0.974556,0.224144,0.000000,0.974555,0.224151,0.000000,0.974555,0.224148,9.560431,-4.151246,0.000006,1,1,18.520130,0.000000,0,0
5.540032,270.000000,58.604680,96.369120,1,1,1,1,2,2,0.749998,0.749998,0.750000,0.749999,0.749999,0.000000,0.974549,0.224175,0.000000,0.974556,0.224144,0.000000,0.974555,0.224148,9.560519,-4.151873,-0.000001,1,1,18.522930,0.000000,0,0
5.550032,270.000000,58.563160,96.549660,1,1,1,1,2,2,0.749987,0.749987,0.749997,0.749997,0.749997,0.000000,0.974549,0.224175,0.000000,0.974555,0.224151,0.000000,0.974555,0.224148,9.560853,-4.152498,0.000006,1,1,18.525730,0.000000,0,0
5.560032,270.000000,58.521630,96.730230,1,1,1,1,2,2,0.749969,0.749991,0.749997,0.749997,0.749997,0.000000,0.974555,0.224148,0.000000,0.974555,0.224151,0.000000,0.974555,0.224148,9.560617,-4.153119,0.000015,1,1,18.528510,0.000000,0,0
5.570033,270.000000,58.480090,96.910830,1,1,1,1,2,2,0.750001,0.749994,0.749995,0.749995,0.749995,0.000000,0.974551,0.224164,0.000000,0.974555,0.224147,0.000000,0.974555,0.224148,9.560841,-4.153741,0.000015,1,1,18.531300,0.000000,0,0
5.580033,270.000000,58.438550,97.091450,1,1,1,1,2,2,0.749998,0.749998,0.749999,0.749999,0.749999,0.000000,0.974549,0.224175,0.000000,0.974555,0.224147,0.000000,0.974555,0.224148,9.560068,-4.154360,0.000018,1,1,18.534080,0.000000,0,0
5.590033,270.000000,58.397000,97.272100,1,1,1,1,2,2,0.695800,0.695800,0.749995,0.749995,0.749995,0.000000,0.954839,0.297125,0.000000,0.974555,0.224147,0.000000,0.974555,0.224148,9.560886,-4.154986,0.000013,1,1,18.536860,0.000000,0,0
5.600033,270.000000,58.355440,97.452780,1,1,1,1,2,2,0.749966,0.749990,0.749997,0.749995,0.749996,0.000000,0.974555,0.224148,0.000000,0.974555,0.224147,0.000000,0.974555,0.224148,9.560650,-4.155602,0.000017,1,1,18.539630,0.000000,0,0
5.610034,270.000000,58.313880,97.633480,1,1,1,1,2,2,0.749989,0.749989,0.749999,0.749999,0.749999,0.000000,0.974549,0.224175,0.000000,0.974555,0.224147,0.000000,0.974555,0.224148,9.560082,-4.156220,0.000019,1,1,18.542390,0.000000,0,0
5.620034,270.000000,58.272310,97.814220,1,1,1,1,2,2,0.749994,0.749994,0.749997,0.749995,0.749996,0.000000,0.974551,0.224168,0.000000,0.974555,0.224151,0.000000,0.974555,0.224148,9.560658,-4.156842,0.000020,1,1,18.545150,0.000000,0,0
5.630034,270.000000,58.230730,97.994980,1,1,1,1,2,2,0.749987,0.749994,0.749997,0.749997,0.749997,0.000000,0.974551,0.224168,0.000000,0.974555,0.224151,0.000000,0.974555,0.224148,9.560328,-4.157458,0.000027,1,1,18.547910,0.000000,0,0
5.640034,270.000000,58.189150,98.175770,1,1,1,1,2,2,0.749971,0.749994,0.750000,0.750000,0.750000,0.000000,0.974558,0.224137,0.000000,0.974556,0.224144,0.000000,0.974555,0.224148,9.559997,-4.158075,0.000019,1,1,18.550660,0.000000,0,0
5.650034,270.000000,58.147560,98.356580,1,1,1,1,2,2,0.749994,0.749994,0.749999,0.749998,0.749998,0.000000,0.974551,0.224168,0.000000,0.974555,0.224151,0.000000,0.974555,0.224148,9.560261,-4.158695,0.000019,1,1,18.553410,0.000000,0,0
5.660035,270.000000,58.105970,98.537420,1,1,1,1,2,2,0.749992,0.749992,0.749997,0.749997,0.749997,0.000000,0.974547,0.224182,0.000000,0.974555,0.224147,0.000000,0.974555,0.224148,9.560476,-4.159311,0.000016,1,1,18.556150,0.000000,0,0
5.670035,270.000000,58.064370,98.718290,1,1,1,1,2,2,0.749992,0.749998,0.749997,0.749999,0.749998,0.000000,0.974549,0.224175,0.000000,0.974555,0.224147,0.000000,0.974555,0.224148,9.560357,-4.159924,0.000016,1,1,18.558890,0.000000,0,0
5.680035,270.000000,58.022770,98.899190,1,1,1,1,2,2,0.749996,0.749989,0.749999,0.749999,0.749999,0.000000,0.974550,0.224171,0.000000,0.974555,0.224147,0.000000,0.974555,0.224148,9.560206,-4.160537,0.000014,1,1,18.561620,0.000000,0,0
5.690035,270.000000,57.981160,99.080110,1,1,1,1,2,2,0.749998,0.749998,0.749996,0.749997,0.749996,0.000000,0.974549,0.224175,0.000000,0.974555,0.224147,0.000000,0.974555,0.224148,9.560769,-4.161151,0.000010,1,1,18.564350,0.000000,0,0
5.700036,270.000000,57.939540,99.261050,1,1,1,1,2,2,0.763427,0.763428,0.750001,0.750001,0.750001,0.000000,0.978917,0.204257,0.000000,0.974555,0.224147,0.000000,0.974555,0.224148,9.559892,-4.161758,0.000013,1,1,18.567070,0.000000,0,0
5.710036,270.000000,57.897910,99.442020,1,1,1,1,2,2,0.749992,0.749998,0.750001,0.750001,0.750001,0.000000,0.974549,0.224175,0.000000,0.974555,0.224147,0.000000,0.974555,0.224148,9.560059,-4.162373,0.000007,1,1,18.569790,0.000000,0,0
5.720036,270.000000,57.856290,99.623020,1,1,1,1,2,2,0.749998,0.749998,0.749998,0.749998,0.749998,0.000000,0.974551,0.224168,0.000000,0.974555,0.224151,0.000000,0.974555,0.224148,9.560602,-4.162984,0.000008,1,1,18.572510,0.000000,0,0
5.730036,270.000000,57.814650,99.804050,1,1,1,1,2,2,0.749998,0.749998,0.749998,0.749998,0.749998,0.000000,0.974549,0.224175,0.000000,0.974556,0.224144,0.000000,0.974555,0.224148,9.560692,-4.163590,0.000003,1,1,18.575220,0.000000,0,0
5.740036,270.000000,57.773010,99.985100,1,1,1,1,2,2,0.750032,0.749992,0.749999,0.749999,0.749999,0.000000,0.974555,0.224148,0.000000,0.974556,0.224144,0.000000,0.974555,0.224147,9.560631,-4.164194,0.000000,1,1,18.577920,0.000000,0,0
5.750037,270.000000,57.731360,100.166200,1,1,1,1,2,2,0.749994,0.749994,0.749995,0.749995,0.749995,0.000000,0.974551,0.224168,0.000000,0.974555,0.224151,0.000000,0.974555,0.224148,9.561132,-4.164797,0.000007,1,1,18.580630,0.000000,0,0
5.760037,270.000000,57.689700,100.347300,1,1,1,1,2,2,0.749998,0.749998,0.749998,0.749998,0.749998,0.000000,0.974551,0.224168,0.000000,0.974556,0.224144,0.000000,0.974555,0.224147,9.560526,-4.165394,0.000009,1,1,18.583320,0.000000,0,0
5.770037,270.000000,57.648040,100.528400,1,1,1,1,2,2,0.749992,0.749992,0.749997,0.749997,0.749997,0.000000,0.974547,0.224182,0.000000,0.974555,0.224151,0.000000,0.974555,0.224148,9.560611,-4.165996,0.000015,1,1,18.586010,0.000000,0,0
5.780037,270.000000,57.606380,100.709600,1,1,1,1,2,2,0.749990,0.749998,0.750000,0.750000,0.750000,0.000000,0.974551,0.224168,0.000000,0.974555,0.224151,0.000000,0.974555,0.224148,9.559752,-4.166596,0.000023,1,1,18.588700,0.000000,0,0
5.790038,270.000000,57.564710,100.890800,1,1,1,1,2,2,0.749970,0.749993,0.750000,0.750000,0.750000,0.000000,0.974556,0.224144,0.000000,0.974555,0.224147,0.000000,0.974555,0.224148,9.560000,-4.167204,0.000015,1,1,18.591380,0.000000,0,0
5.800038,270.000000,57.523030,101.072000,1,1,1,1,2,2,0.749998,0.749998,0.750002,0.750003,0.750002,0.000000,0.974549,0.224175,0.000000,0.974555,0.224147,0.000000,0.974555,0.224148,9.559696,-4.167808,0.000010,1,1,18.594060,0.000000,0,0
5.810038,270.000000,57.481350,101.253200,1,1,1,1,2,2,0.714858,0.714858,0.749999,0.749999,0.749999,0.000000,0.990258,0.139243,0.000000,0.974555,0.224147,0.000000,0.974555,0.224148,9.560484,-4.168414,0.000002,1,1,18.596730,0.000000,0,0
5.820038,270.000000,57.439660,101.434500,1,1,1,1,2,2,0.750010,0.749998,0.749997,0.749997,0.749997,0.000000,0.974563,0.224114,0.000000,0.974555,0.224147,0.000000,0.974555,0.224148,9.560846,-4.169012,0.000003,1,1,18.599400,0.000000,0,0
5.830039,270.000000,57.397960,101.615700,1,1,1,1,2,2,0.749993,0.749993,0.750003,0.750002,0.750002,0.000000,0.974549,0.224175,0.000000,0.974555,0.224147,0.000000,0.974555,0.224148,9.559795,-4.169604,0.000006,1,1,18.602070,0.000000,0,0
5.840039,270.000000,57.356260,101.797100,1,1,1,1,2,2,0.749998,0.749998,0.750000,0.750000,0.750000,0.000000,0.974549,0.224175,0.000000,0.974555,0.224151,0.000000,0.974555,0.224148,9.560184,-4.170207,0.000005,1,1,18.604730,0.000000,0,0
5.850039,270.000000,57.314550,101.978400,1,1,1,1,2,2,0.749991,0.749998,0.749998,0.749998,0.749998,0.000000,0.974549,0.224175,0.000000,0.974555,0.224151,0.000000,0.974555,0.224148,9.560486,-4.170804,0.000008,1,1,18.607380,0.000000,0,0
5.860039,270.000000,57.272830,102.159800,1,1,1,1,2,2,0.750010,0.749998,0.749998,0.749998,0.749998,0.000000,0.974563,0.224114,0.000000,0.974556,0.224144,0.000000,0.974555,0.224148,9.560741,-4.171397,0.000001,1,1,18.610030,0.000000,0,0
5.870039,270.000000,57.231110,102.341100,1,1,1,1,2,2,0.749994,0.749994,0.749995,0.749995,0.749995,0.000000,0.974551,0.224168,0.000000,0.974555,0.224151,0.000000,0.974555,0.224148,9.561069,-4.171987,0.000010,1,1,18.612680,0.000000,0,0
5.880040,270.000000,57.189390,102.522600,1,1,1,1,2,2,0.749998,0.749998,0.749995,0.749995,0.749995,0.000000,0.974549,0.224175,0.000000,0.974555,0.224147,0.000000,0.974555,0.224148,9.560855,-4.172572,0.000015,1,1,18.615320,0.000000,0,0
5.890040,270.000000,57.147660,102.704000,1,1,1,1,2,2,0.750030,0.749996,0.749994,0.749995,0.749995,0.000000,0.974557,0.224141,0.000000,0.974555,0.224147,0.000000,0.974555,0.224148,9.560925,-4.173159,0.000018,1,1,18.617950,0.000000,0,0
5.900040,270.000000,57.105920,102.885500,1,1,1,1,2,2,0.749989,0.749989,0.750000,0.749999,0.750000,0.000000,0.974549,0.224175,0.000000,0.974555,0.224147,0.000000,0.974555,0.224148,9.559908,-4.173744,0.000022,1,1,18.620590,0.000000,0,0
5.910040,270.000000,57.064170,103.067000,1,1,1,1,2,2,0.749994,0.749994,0.749995,0.749994,0.749995,0.000000,0.974551,0.224168,0.000000,0.974555,0.224147,0.000000,0.974555,0.224148,9.560892,-4.174337,0.000017,1,1,18.623210,0.000000,0,0
5.920041,270.000000,57.022430,103.248500,1,1,1,1,2,2,0.749996,0.749996,0.749997,0.749997,0.749997,0.000000,0.974551,0.224168,0.000000,0.974555,0.224147,0.000000,0.974555,0.224148,9.560359,-4.174921,0.000021,1,1,18.625840,0.000000,0,0
5.930041,270.000000,56.980670,103.430000,1,1,1,1,2,2,0.750035,0.749994,0.750000,0.750001,0.750000,0.000000,0.974558,0.224137,0.000000,0.974555,0.224147,0.000000,0.974555,0.224148,9.559823,-4.175508,0.000019,1,1,18.628460,0.000000,0,0
5.940041,270.000000,56.938910,103.611600,1,1,1,1,2,2,0.749991,0.749991,0.750000,0.749998,0.749999,0.000000,0.974549,0.224175,0.000000,0.974555,0.224151,0.000000,0.974555,0.224148,9.560102,-4.176100,0.000019,1,1,18.631070,0.000000,0,0
5.950041,270.000000,56.897140,103.793200,1,1,1,1,2,2,0.749998,0.749998,0.750000,0.750000,0.750000,0.000000,0.974551,0.224168,0.000000,0.974556,0.224144,0.000000,0.974555,0.224148,9.560214,-4.176688,0.000009,1,1,18.633680,0.000000,0,0
5.960042,270.000000,56.855370,103.974800,1,1,1,1,2,2,0.749992,0.749998,0.750000,0.750000,0.750000,0.000000,0.974549,0.224175,0.000000,0.974556,0.224144,0.000000,0.974555,0.224147,9.560423,-4.177274,0.000000,1,1,18.636290,0.000000,0,0
5.970042,270.000000,56.813590,104.156500,1,1,1,1,2,2,0.749991,0.749998,0.750000,0.750001,0.750001,0.000000,0.974550,0.224171,0.000000,0.974555,0.224151,0.000000,0.974555,0.224148,9.560083,-4.177856,0.000007,1,1,18.638890,0.000000,0,0
5.980042,270.000000,56.771810,104.338100,1,1,1,1,2,2,0.749991,0.749991,0.749999,0.750000,0.749999,0.000000,0.974549,0.224175,0.000000,0.974556,0.224144,0.000000,0.974555,0.224147,9.560579,-4.178442,-0.000003,1,1,18.641480,0.000000,0,0
5.990042,270.000000,56.730020,104.519800,1,1,1,1,2,2,0.728591,0.728591,0.749997,0.749997,0.749997,0.000000,0.943810,0.330488,0.000000,0.974555,0.224151,0.000000,0.974555,0.224148,9.560877,-4.179021,0.000005,1,1,18.644080,0.000000,0,0
6.000042,270.000000,56.688220,104.701600,1,1,1,1,2,2,0.749994,0.749994,0.749997,0.749998,0.749998,0.000000,0.974551,0.224168,0.000000,0.974555,0.224151,0.000000,0.974555,0.224148,9.560462,-4.179596,0.000015,1,1,18.646660,0.000000,0,0
6.010043,270.000000,56.646420,104.883300,1,1,1,1,2,2,0.749992,0.749992,0.749995,0.749995,0.749995,0.000000,0.974547,0.224182,0.000000,0.974555,0.224147,0.000000,0.974555,0.224148,9.560859,-4.180175,0.000015,1,1,18.649250,0.000000,0,0
6.020043,270.000000,56.604610,105.065100,1,1,1,1,2,2,0.749995,0.749995,0.749997,0.749997,0.749997,0.000000,0.974549,0.224175,0.000000,0.974555,0.224147,0.000000,0.974555,0.224148,9.560425,-4.180748,0.000018,1,1,18.651820,0.000000,0,0
6.030043,270.000000,56.562800,105.246900,1,1,1,1,2,2,0.750001,0.749994,0.750001,0.750001,0.750001,0.000000,0.974551,0.224168,0.000000,0.974555,0.224147,0.000000,0.974555,0.224148,9.559804,-4.181325,0.000017,1,1,18.654400,0.000000,0,0
6.040043,270.000000,56.520980,105.428700,1,1,1,1,2,2,0.749994,0.749995,0.749995,0.749994,0.749995,0.000000,0.974550,0.224171,0.000000,0.974555,0.224147,0.000000,0.974555,0.224148,9.561123,-4.181907,0.000010,1,1,18.656970,0.000000,0,0
6.050044,270.000000,56.479150,105.610500,1,1,1,1,2,2,0.749994,0.749994,0.749996,0.749997,0.749996,0.000000,0.974551,0.224168,0.000000,0.974555,0.224147,0.000000,0.974555,0.224148,9.560602,-4.182475,0.000017,1,1,18.659530,0.000000,0,0
6.060044,270.000000,56.437320,105.792400,1,1,1,1,2,2,0.749988,0.749988,0.749991,0.749993,0.749992,0.000000,0.974547,0.224182,0.000000,0.974555,0.224151,0.000000,0.974555,0.224148,9.561212,-4.183047,0.000024,1,1,18.662100,0.000000,0,0
6.070044,270.000000,56.395480,105.974300,1,1,1,1,2,2,0.749972,0.749994,0.749995,0.749995,0.749995,0.000000,0.974557,0.224141,0.000000,0.974555,0.224151,0.000000,0.974555,0.224148,9.560400,-4.183612,0.000037,1,1,18.664650,0.000000,0,0
6.080044,270.000000,56.353640,106.156200,1,1,1,1,2,2,0.750035,0.749988,0.749994,0.749996,0.749995,0.000000,0.974556,0.224144,0.000000,0.974556,0.224144,0.000000,0.974555,0.224148,9.560551,-4.184185,0.000029,1,1,18.667200,0.000000,0,0
6.090044,270.000000,56.311790,106.338200,1,1,1,1,2,2,0.749987,0.749987,0.749994,0.749994,0.749994,0.000000,0.974549,0.224175,0.000000,0.974555,0.224151,0.000000,0.974555,0.224148,9.560581,-4.184754,0.000036,1,1,18.669750,0.000000,0,0
6.100045,270.000000,56.269940,106.520100,1,1,1,1,2,2,0.749990,0.749990,0.749994,0.749994,0.749994,0.000000,0.974551,0.224168,0.000000,0.974556,0.224144,0.000000,0.974555,0.224148,9.560669,-4.185323,0.000031,1,1,18.672300,0.000000,0,0
6.110045,270.000000,56.228080,106.702100,1,1,1,1,2,2,0.749990,0.749990,0.749994,0.749993,0.749994,0.000000,0.974551,0.224168,0.000000,0.974556,0.224144,0.000000,0.974555,0.224147,9.560846,-4.185889,0.000027,1,1,18.674840,0.000000,0,0
6.120045,270.000000,56.186210,106.884200,1,1,1,1,2,2,0.749990,0.749990,0.749993,0.749993,0.749993,0.000000,0.974551,0.224168,0.000000,0.974555,0.224151,0.000000,0.974555,0.224148,9.560745,-4.186453,0.000037,1,1,18.677370,0.000000,0,0
6.130045,270.000000,56.144340,107.066200,1,1,1,1,2,2,0.749990,0.749990,0.749992,0.749992,0.749992,0.000000,0.974551,0.224168,0.000000,0.974555,0.224147,0.000000,0.974555,0.224148,9.560898,-4.187017,0.000040,1,1,18.679900,0.000000,0,0
6.140046,270.000000,56.102470,107.248300,1,1,1,1,2,2,0.749972,0.749988,0.749990,0.749990,0.749990,0.000000,0.974555,0.224148,0.000000,0.974555,0.224147,0.000000,0.974555,0.224148,9.561119,-4.187579,0.000044,1,1,18.682430,0.000000,0,0
6.150046,270.000000,56.060590,107.430400,1,1,1,1,2,2,0.749987,0.749995,0.749999,0.749998,0.749999,0.000000,0.974549,0.224175,0.000000,0.974555,0.224147,0.000000,0.974555,0.224148,9.559393,-4.188137,0.000050,1,1,18.684950,0.000000,0,0
6.160046,270.000000,56.018700,107.612500,1,1,1,1,2,2,0.749992,0.749992,0.749994,0.749995,0.749995,0.000000,0.974547,0.224182,0.000000,0.974555,0.224147,0.000000,0.974555,0.224148,9.560379,-4.188711,0.000040,1,1,18.687470,0.000000,0,0
6.170046,270.000000,55.976810,107.794600,1,1,1,1,2,2,0.749989,0.749989,0.749999,0.750001,0.750000,0.000000,0.974549,0.224175,0.000000,0.974555,0.224147,0.000000,0.974555,0.224148,9.559414,-4.189275,0.000039,1,1,18.689980,0.000000,0,0
6.180047,270.000000,55.934910,107.976800,1,1,1,1,2,2,0.749975,0.749998,0.750004,0.750004,0.750004,0.000000,0.974556,0.224144,0.000000,0.974555,0.224147,0.000000,0.974555,0.224148,9.559011,-4.189847,0.000028,1,1,18.692490,0.000000,0,0
6.190047,270.000000,55.893010,108.159000,1,1,1,1,2,2,0.749998,0.749998,0.749997,0.749999,0.749998,0.000000,0.974550,0.224171,0.000000,0.974555,0.224151,0.000000,0.974555,0.224148,9.560314,-4.190422,0.000020,1,1,18.694990,0.000000,0,0
6.200047,270.000000,55.851100,108.341200,1,1,1,1,2,2,0.749995,0.749995,0.750001,0.750003,0.750002,0.000000,0.974547,0.224182,0.000000,0.974556,0.224144,0.000000,0.974555,0.224147,9.559773,-4.190983,0.000012,1,1,18.697490,0.000000,0,0
6.210047,270.000000,55.809190,108.523500,1,1,1,1,2,2,0.712487,0.712487,0.750000,0.750000,0.750000,0.000000,0.920338,0.391125,0.000000,0.974555,0.224151,0.000000,0.974555,0.224148,9.560028,-4.191549,0.000012,1,1,18.699990,0.000000,0,0
6.220047,270.000000,55.767270,108.705700,1,1,1,1,2,2,0.749979,0.750001,0.750002,0.750004,0.750003,0.000000,0.974557,0.224141,0.000000,0.974555,0.224151,0.000000,0.974555,0.224148,9.559497,-4.192111,0.000013,1,1,18.702480,0.000000,0,0
6.230048,270.000000,55.725340,108.888000,1,1,1,1,2,2,0.750002,0.750002,0.750002,0.750002,0.750002,0.000000,0.974549,0.224175,0.000000,0.974555,0.224147,0.000000,0.974555,0.224148,9.559995,-4.192677,0.000003,1,1,18.704970,0.000000,0,0
6.240048,270.000000,55.683410,109.070300,1,1,1,1,2,2,0.750001,0.750001,0.750006,0.750005,0.750005,0.000000,0.974551,0.224168,0.000000,0.974555,0.224147,0.000000,0.974555,0.224148,9.559541,-4.193238,-0.000003,1,1,18.707450,0.000000,0,0
6.250048,270.000000,55.641470,109.252700,1,1,1,1,2,2,0.750013,0.749995,0.749999,0.749999,0.749999,0.000000,0.974561,0.224121,0.000000,0.974555,0.224147,0.000000,0.974555,0.224148,9.560854,-4.193802,-0.000012,1,1,18.709930,0.000000,0,0
6.260048,270.000000,55.599530,109.435000,1,1,1,1,2,2,0.749979,0.750001,0.750001,0.750001,0.750001,0.000000,0.974557,0.224141,0.000000,0.974555,0.224147,0.000000,0.974555,0.224148,9.560449,-4.194353,-0.000009,1,1,18.712400,0.000000,0,0
6.270049,270.000000,55.557580,109.617400,1,1,1,1,2,2,0.749999,0.749999,0.750004,0.750005,0.750004,0.000000,0.974551,0.224168,0.000000,0.974555,0.224147,0.000000,0.974555,0.224148,9.559846,-4.194906,-0.000009,1,1,18.714870,0.000000,0,0
6.280049,270.000000,55.515620,109.799800,1,1,1,1,2,2,0.749995,0.749995,0.750000,0.750002,0.750001,0.000000,0.974549,0.224175,0.000000,0.974555,0.224151,0.000000,0.974555,0.224148,9.560401,-4.195464,-0.000010,1,1,18.717340,0.000000,0,0
6.290049,270.000000,55.473660,109.982300,1,1,1,1,2,2,0.749998,0.749998,0.750001,0.750001,0.750001,0.000000,0.974551,0.224168,0.000000,0.974555,0.224151,0.000000,0.974555,0.224148,9.560292,-4.196016,-0.000005,1,1,18.719800,0.000000,0,0
6.300049,270.000000,55.431690,110.164700,1,1,1,1,2,2,0.749998,0.749998,0.749998,0.750002,0.750000,0.000000,0.974551,0.224168,0.000000,0.974556,0.224144,0.000000,0.974555,0.224148,9.560758,-4.196568,-0.000014,1,1,18.722260,0.000000,0,0
6.310050,270.000000,55.389720,110.347200,1,1,1,1,2,2,0.749998,0.749998,0.750000,0.750000,0.750000,0.000000,0.974551,0.224168,0.000000,0.974555,0.224151,0.000000,0.974555,0.224148,9.560611,-4.197114,-0.000005,1,1,18.724710,0.000000,0,0
6.320050,270.000000,55.347750,110.529700,1,1,1,1,2,2,0.749991,0.749991,0.750002,0.750000,0.750001,0.000000,0.974549,0.224175,0.000000,0.974556,0.224144,0.000000,0.974555,0.224148,9.560506,-4.197661,-0.000010,1,1,18.727160,0.000000,0,0
6.330050,270.000000,55.305770,110.712200,1,1,1,1,2,2,0.749979,0.749995,0.750004,0.750004,0.750004,0.000000,0.974555,0.224148,0.000000,0.974556,0.224144,0.000000,0.974555,0.224147,9.560152,-4.198208,-0.000016,1,1,18.729610,0.000000,0,0
6.340050,270.000000,55.263780,110.894800,1,1,1,1,2,2,0.750000,0.750007,0.749999,0.750002,0.750000,0.000000,0.974550,0.224171,0.000000,0.974555,0.224151,0.000000,0.974555,0.224148,9.560633,-4.198758,-0.000012,1,1,18.732050,0.000000,0,0
6.350050,270.000000,55.221790,111.077400,1,1,1,1,2,2,0.749995,0.749995,0.750001,0.750001,0.750001,0.000000,0.974547,0.224182,0.000000,0.974555,0.224147,0.000000,0.974555,0.224148,9.560473,-4.199302,-0.000011,1,1,18.734480,0.000000,0,0
6.360051,270.000000,55.179790,111.260000,1,1,1,1,2,2,0.769251,0.769251,0.750003,0.750003,0.750003,0.000000,0.980737,0.195332,0.000000,0.974555,0.224147,0.000000,0.974555,0.224148,9.560136,-4.199846,-0.000011,1,1,18.736920,0.000000,0,0
6.370051,270.000000,55.137780,111.442600,1,1,1,1,2,2,0.750000,0.749993,0.750003,0.750003,0.750003,0.000000,0.974549,0.224175,0.000000,0.974555,0.224147,0.000000,0.974555,0.224148,9.560222,-4.200393,-0.000014,1,1,18.739340,0.000000,0,0
6.380051,270.000000,55.095770,111.625300,1,1,1,1,2,2,0.749998,0.749998,0.749997,0.749998,0.749998,0.000000,0.974549,0.224175,0.000000,0.974555,0.224147,0.000000,0.974555,0.224148,9.561215,-4.200938,-0.000016,1,1,18.741770,0.000000,0,0
6.390051,270.000000,55.053760,111.807900,1,1,1,1,2,2,0.749989,0.749989,0.750000,0.750001,0.750001,0.000000,0.974549,0.224175,0.000000,0.974555,0.224147,0.000000,0.974555,0.224148,9.560516,-4.201473,-0.000009,1,1,18.744190,0.000000,0,0
6.400052,270.000000,55.011740,111.990600,1,1,1,1,2,2,0.750010,0.749998,0.750001,0.750001,0.750001,0.000000,0.974563,0.224114,0.000000,0.974555,0.224147,0.000000,0.974555,0.224148,9.560429,-4.202013,-0.000009,1,1,18.746600,0.000000,0,0
6.410052,270.000000,54.969710,112.173300,1,1,1,1,2,2,0.750001,0.749994,0.749995,0.749995,0.749995,0.000000,0.974551,0.224168,0.000000,0.974555,0.224151,0.000000,0.974555,0.224148,9.561402,-4.202553,-0.000003,1,1,18.749010,0.000000,0,0
6.420052,270.000000,54.927680,112.356100,1,1,1,1,2,2,0.749994,0.749994,0.749997,0.749995,0.749996,0.000000,0.974551,0.224168,0.000000,0.974556,0.224144,0.000000,0.974555,0.224148,9.561080,-4.203083,0.000001,1,1,18.751420,0.000000,0,0
6.430052,270.000000,54.885640,112.538800,1,1,1,1,2,2,0.749987,0.749987,0.749995,0.749995,0.749995,0.000000,0.974549,0.224175,0.000000,0.974555,0.224151,0.000000,0.974555,0.224148,9.561003,-4.203615,0.000013,1,1,18.753820,0.000000,0,0
6.440053,270.000000,54.843600,112.721600,1,1,1,1,2,2,0.749994,0.749987,0.749998,0.749998,0.749998,0.000000,0.974550,0.224171,0.000000,0.974555,0.224151,0.000000,0.974555,0.224148,9.560080,-4.204147,0.000024,1,1,18.756220,0.000000,0,0
6.450053,270.000000,54.801560,112.904400,1,1,1,1,2,2,0.750010,0.749992,0.749998,0.749998,0.749998,0.000000,0.974561,0.224121,0.000000,0.974556,0.224144,0.000000,0.974555,0.224148,9.560422,-4.204687,0.000014,1,1,18.758620,0.000000,0,0
6.460053,270.000000,54.759500,113.087300,1,1,1,1,2,2,0.749994,0.749994,0.749997,0.749995,0.749996,0.000000,0.974551,0.224168,0.000000,0.974555,0.224151,0.000000,0.974555,0.224148,9.560636,-4.205222,0.000020,1,1,18.761010,0.000000,0,0
6.470053,270.000000,54.717450,113.270100,1,1,1,1,2,2,0.749991,0.749991,0.749994,0.749997,0.749996,0.000000,0.974549,0.224175,0.000000,0.974555,0.224147,0.000000,0.974555,0.224148,9.560664,-4.205755,0.000021,1,1,18.763390,0.000000,0,0
6.480053,270.000000,54.675380,113.453000,1,1,1,1,2,2,0.749966,0.749990,0.749994,0.749994,0.749994,0.000000,0.974555,0.224148,0.000000,0.974555,0.224147,0.000000,0.974555,0.224148,9.560970,-4.206286,0.000023,1,1,18.765780,0.000000,0,0
6.490054,270.000000,54.633310,113.635900,1,1,1,1,2,2,0.749989,0.749989,0.749999,0.749999,0.749999,0.000000,0.974549,0.224175,0.000000,0.974555,0.224147,0.000000,0.974555,0.224148,9.559845,-4.206814,0.000028,1,1,18.768160,0.000000,0,0
6.500054,270.000000,54.591240,113.818900,1,1,1,1,2,2,0.749992,0.749992,0.749997,0.749998,0.749998,0.000000,0.974547,0.224182,0.000000,0.974555,0.224147,0.000000,0.974555,0.224148,9.560274,-4.207352,0.000021,1,1,18.770530,0.000000,0,0
6.510054,270.000000,54.549160,114.001800,1,1,1,1,2,2,0.750030,0.749989,0.749999,0.749999,0.749999,0.000000,0.974556,0.224144,0.000000,0.974555,0.224147,0.000000,0.974555,0.224148,9.560070,-4.207884,0.000019,1,1,18.772900,0.000000,0,0
6.520054,270.000000,54.507080,114.184800,1,1,1,1,2,2,0.749975,0.749992,0.750000,0.750001,0.750000,0.000000,0.974555,0.224148,0.000000,0.974555,0.224147,0.000000,0.974555,0.224148,9.559933,-4.208418,0.000015,1,1,18.775270,0.000000,0,0
6.530055,270.000000,54.464980,114.367800,1,1,1,1,2,2,0.749996,0.749996,0.749999,0.749996,0.749997,0.000000,0.974549,0.224175,0.000000,0.974555,0.224151,0.000000,0.974555,0.224148,9.560519,-4.208952,0.000016,1,1,18.777630,0.000000,0,0
6.540055,270.000000,54.422890,114.550800,1,1,1,1,2,2,0.749992,0.749992,0.749998,0.749998,0.749998,0.000000,0.974547,0.224182,0.000000,0.974556,0.224144,0.000000,0.974555,0.224148,9.560527,-4.209479,0.000010,1,1,18.779990,0.000000,0,0
6.550055,270.000000,54.380790,114.733900,1,1,1,1,2,2,0.750010,0.749998,0.749998,0.749998,0.749998,0.000000,0.974563,0.224114,0.000000,0.974556,0.224144,0.000000,0.974555,0.224147,9.560652,-4.210006,0.000005,1,1,18.782340,0.000000,0,0
6.560055,270.000000,54.338680,114.916900,1,1,1,1,2,2,0.750001,0.749994,0.749997,0.749997,0.749997,0.000000,0.974551,0.224164,0.000000,0.974555,0.224151,0.000000,0.974555,0.224148,9.560670,-4.210530,0.000013,1,1,18.784690,0.000000,0,0
6.570055,270.000000,54.296570,115.100000,1,1,1,1,2,2,0.749998,0.749998,0.749996,0.749997,0.749996,0.000000,0.974549,0.224175,0.000000,0.974555,0.224147,0.000000,0.974555,0.224148,9.560645,-4.211053,0.000015,1,1,18.787040,0.000000,0,0
6.580056,270.000000,54.254460,115.283100,1,1,1,1,2,2,0.749998,0.749998,0.750001,0.750001,0.750001,0.000000,0.974551,0.224168,0.000000,0.974555,0.224147,0.000000,0.974555,0.224148,9.559782,-4.211576,0.000017,1,1,18.789380,0.000000,0,0
6.590056,270.000000,54.212340,115.466300,1,1,1,1,2,2,0.749992,0.749998,0.750001,0.750001,0.750001,0.000000,0.974549,0.224175,0.000000,0.974555,0.224147,0.000000,0.974555,0.224148,9.559946,-4.212106,0.000011,1,1,18.791720,0.000000,0,0
6.600056,270.000000,54.170210,115.649400,1,1,1,1,2,2,0.749998,0.749998,0.749997,0.749997,0.749997,0.000000,0.974550,0.224171,0.000000,0.974555,0.224147,0.000000,0.974555,0.224148,9.560727,-4.212634,0.000006,1,1,18.794050,0.000000,0,0
6.610056,270.000000,54.128080,115.832600,1,1,1,1,2,2,0.749996,0.749996,0.749998,0.750000,0.749999,0.000000,0.974551,0.224168,0.000000,0.974555,0.224147,0.000000,0.974555,0.224148,9.560301,-4.213152,0.000009,1,1,18.796380,0.000000,0,0
6.620057,270.000000,54.085940,116.015800,1,1,1,1,2,2,0.736079,0.736079,0.749996,0.749997,0.749996,0.000000,0.969792,0.243935,0.000000,0.974555,0.224151,0.000000,0.974555,0.224148,9.560728,-4.213675,0.000014,1,1,18.798710,0.000000,0,0
6.630057,270.000000,54.043800,116.199000,1,1,1,1,2,2,0.749998,0.749991,0.749997,0.750000,0.749999,0.000000,0.974550,0.224171,0.000000,0.974555,0.224151,0.000000,0.974555,0.224148,9.560078,-4.214192,0.000023,1,1,18.801030,0.000000,0,0
6.640057,270.000000,54.001650,116.382300,1,1,1,1,2,2,0.749992,0.749992,0.750000,0.749998,0.749999,0.000000,0.974547,0.224182,0.000000,0.974556,0.224144,0.000000,0.974555,0.224148,9.560289,-4.214715,0.000012,1,1,18.803350,0.000000,0,0
6.650057,270.000000,53.959500,116.565600,1,1,1,1,2,2,0.749992,0.749992,0.749999,0.749999,0.749999,0.000000,0.974547,0.224182,0.000000,0.974555,0.224151,0.000000,0.974555,0.224148,9.560246,-4.215234,0.000017,1,1,18.805660,0.000000,0,0
6.660058,270.000000,53.917340,116.748900,1,1,1,1,2,2,0.749990,0.749998,0.750000,0.750000,0.750000,0.000000,0.974551,0.224168,0.000000,0.974555,0.224151,0.000000,0.974555,0.224148,9.559821,-4.215754,0.000020,1,1,18.807970,0.000000,0,0
6.670058,270.000000,53.875180,116.932200,1,1,1,1,2,2,0.749975,0.749998,0.749999,0.750001,0.750000,0.000000,0.974557,0.224141,0.000000,0.974556,0.224144,0.000000,0.974555,0.224148,9.560207,-4.216276,0.000006,1,1,18.810270,0.000000,0,0
6.680058,270.000000,53.833010,117.115500,1,1,1,1,2,2,0.749998,0.749998,0.750000,0.750000,0.750000,0.000000,0.974551,0.224168,0.000000,0.974555,0.224151,0.000000,0.974555,0.224148,9.560243,-4.216794,0.000010,1,1,18.812580,0.000000,0,0
6.690058,270.000000,53.790840,117.298900,1,1,1,1,2,2,0.750001,0.750001,0.750003,0.750003,0.750003,0.000000,0.974551,0.224168,0.000000,0.974555,0.224147,0.000000,0.974555,0.224148,9.559710,-4.217310,0.000007,1,1,18.814870,0.000000,0,0
6.700058,270.000000,53.748660,117.482300,1,1,1,1,2,2,0.750013,0.749995,0.750002,0.750002,0.750002,0.000000,0.974561,0.224121,0.000000,0.974555,0.224147,0.000000,0.974555,0.224148,9.560090,-4.217831,-0.000001,1,1,18.817170,0.000000,0,0
6.710059,270.000000,53.706480,117.665700,1,1,1,1,2,2,0.749979,0.749995,0.750001,0.750003,0.750002,0.000000,0.974555,0.224148,0.000000,0.974555,0.224147,0.000000,0.974555,0.224148,9.560162,-4.218348,-0.000005,1,1,18.819460,0.000000,0,0
6.720059,270.000000,53.664290,117.849100,1,1,1,1,2,2,0.750002,0.750002,0.750002,0.750002,0.750002,0.000000,0.974549,0.224175,0.000000,0.974555,0.224147,0.000000,0.974555,0.224148,9.560251,-4.218862,-0.000008,1,1,18.821740,0.000000,0,0
6.730059,270.000000,53.622100,118.032500,1,1,1,1,2,2,0.749993,0.749993,0.750005,0.750003,0.750004,0.000000,0.974549,0.224175,0.000000,0.974555,0.224147,0.000000,0.974555,0.224148,9.559978,-4.219375,-0.000011,1,1,18.824030,0.000000,0,0
6.740059,270.000000,53.579900,118.216000,1,1,1,1,2,2,0.750013,0.750001,0.750003,0.750003,0.750003,0.000000,0.974563,0.224114,0.000000,0.974555,0.224147,0.000000,0.974555,0.224148,9.560265,-4.219890,-0.000016,1,1,18.826310,0.000000,0,0
6.750060,270.000000,53.537690,118.399500,1,1,1,1,2,2,0.749998,0.749998,0.749999,0.750002,0.750000,0.000000,0.974550,0.224171,0.000000,0.974555,0.224151,0.000000,0.974555,0.224148,9.560631,-4.220401,-0.000012,1,1,18.828580,0.000000,0,0
6.760060,270.000000,53.495480,118.583000,1,1,1,1,2,2,0.749998,0.749998,0.750000,0.749998,0.749999,0.000000,0.974549,0.224175,0.000000,0.974556,0.224144,0.000000,0.974555,0.224148,9.560994,-4.220907,-0.000017,1,1,18.830850,0.000000,0,0
6.770060,270.000000,53.453270,118.766600,1,1,1,1,2,2,0.740556,0.740556,0.750000,0.750000,0.750000,0.000000,0.961103,0.276190,0.000000,0.974555,0.224151,0.000000,0.974555,0.224148,9.560456,-4.221409,-0.000005,1,1,18.833110,0.000000,0,0
6.780060,270.000000,53.411050,118.950100,1,1,1,1,2,2,0.750002,0.749995,0.750002,0.750002,0.750002,0.000000,0.974549,0.224175,0.000000,0.974555,0.224151,0.000000,0.974555,0.224148,9.559994,-4.221916,0.000000,1,1,18.835380,0.000000,0,0
6.790061,270.000000,53.368830,119.133700,1,1,1,1,2,2,0.750002,0.750002,0.750002,0.749998,0.750000,0.000000,0.974549,0.224175,0.000000,0.974555,0.224147,0.000000,0.974555,0.224148,9.560528,-4.222426,-0.000006,1,1,18.837630,0.000000,0,0
6.800061,270.000000,53.326600,119.317300,1,1,1,1,2,2,0.750002,0.750002,0.750002,0.750004,0.750003,0.000000,0.974549,0.224175,0.000000,0.974555,0.224147,0.000000,0.974555,0.224148,9.560015,-4.222930,-0.000006,1,1,18.839890,0.000000,0,0
6.810061,270.000000,53.284370,119.500900,1,1,1,1,2,2,0.750042,0.749995,0.750001,0.750001,0.750001,0.000000,0.974557,0.224141,0.000000,0.974555,0.224147,0.000000,0.974555,0.224148,9.560495,-4.223438,-0.000011,1,1,18.842140,0.000000,0,0
6.820061,270.000000,53.242130,119.684600,1,1,1,1,2,2,0.749979,0.749995,0.749999,0.749999,0.749999,0.000000,0.974555,0.224148,0.000000,0.974555,0.224147,0.000000,0.974555,0.224148,9.560830,-4.223941,-0.000011,1,1,18.844390,0.000000,0,0
6.830061,270.000000,53.199880,119.868300,1,1,1,1,2,2,0.749995,0.749995,0.750005,0.750002,0.750003,0.000000,0.974547,0.224182,0.000000,0.974555,0.224147,0.000000,0.974555,0.224148,9.559988,-4.224439,-0.000008,1,1,18.846630,0.000000,0,0
6.840062,270.000000,53.157630,120.052000,1,1,1,1,2,2,0.750001,0.750001,0.750004,0.750004,0.750004,0.000000,0.974551,0.224168,0.000000,0.974555,0.224151,0.000000,0.974555,0.224148,9.559839,-4.224945,-0.000007,1,1,18.848860,0.000000,0,0
6.850062,270.000000,53.115380,120.235700,1,1,1,1,2,2,0.750035,0.750001,0.750003,0.750001,0.750002,0.000000,0.974557,0.224141,0.000000,0.974555,0.224151,0.000000,0.974555,0.224148,9.560216,-4.225451,-0.000009,1,1,18.851100,0.000000,0,0
6.860062,270.000000,53.073120,120.419400,1,1,1,1,2,2,0.749978,0.750002,0.750007,0.750004,0.750005,0.000000,0.974557,0.224141,0.000000,0.974556,0.224144,0.000000,0.974555,0.224148,9.559898,-4.225954,-0.000018,1,1,18.853330,0.000000,0,0
6.870062,270.000000,53.030860,120.603200,1,1,1,1,2,2,0.750002,0.750002,0.750004,0.750004,0.750004,0.000000,0.974549,0.224175,0.000000,0.974555,0.224151,0.000000,0.974555,0.224148,9.560116,-4.226458,-0.000018,1,1,18.855560,0.000000,0,0
6.880063,270.000000,52.988590,120.786900,1,1,1,1,2,2,0.749995,0.749995,0.750002,0.750004,0.750003,0.000000,0.974547,0.224182,0.000000,0.974556,0.224144,0.000000,0.974555,0.224148,9.560649,-4.226959,-0.000029,1,1,18.857780,0.000000,0,0
6.890063,270.000000,52.946310,120.970700,1,1,1,1,2,2,0.749998,0.749998,0.750000,0.750000,0.750000,0.000000,0.974551,0.224168,0.000000,0.974556,0.224144,0.000000,0.974555,0.224148,9.561246,-4.227454,-0.000033,1,1,18.860000,0.000000,0,0
6.900063,270.000000,52.904030,121.154600,1,1,1,1,2,2,0.749979,0.749995,0.750000,0.750000,0.750000,0.000000,0.974555,0.224148,0.000000,0.974555,0.224151,0.000000,0.974555,0.224148,9.560792,-4.227942,-0.000018,1,1,18.862220,0.000000,0,0
6.910063,270.000000,52.861750,121.338400,1,1,1,1,2,2,0.749999,0.749999,0.749998,0.749998,0.749998,0.000000,0.974551,0.224168,0.000000,0.974555,0.224147,0.000000,0.974555,0.224148,9.561099,-4.228434,-0.000016,1,1,18.864430,0.000000,0,0
6.920063,270.000000,52.819460,121.522300,1,1,1,1,2,2,0.773463,0.773463,0.750003,0.750003,0.750003,0.000000,0.954372,0.298619,0.000000,0.974555,0.224147,0.000000,0.974555,0.224148,9.560113,-4.228922,-0.000010,1,1,18.866630,0.000000,0,0
6.930064,270.000000,52.777160,121.706200,1,1,1,1,2,2,0.749998,0.749998,0.750003,0.750003,0.750003,0.000000,0.974551,0.224168,0.000000,0.974555,0.224147,0.000000,0.974555,0.224148,9.560204,-4.229419,-0.000013,1,1,18.868840,0.000000,0,0
6.940064,270.000000,52.734870,121.890100,1,1,1,1,2,2,0.749979,0.749995,0.750001,0.749997,0.749999,0.000000,0.974555,0.224148,0.000000,0.974555,0.224147,0.000000,0.974555,0.224148,9.560939,-4.229914,-0.000016,1,1,18.871040,0.000000,0,0
6.950064,270.000000,52.692560,122.074000,1,1,1,1,2,2,0.749993,0.749993,0.750002,0.750002,0.750002,0.000000,0.974549,0.224175,0.000000,0.974555,0.224147,0.000000,0.974555,0.224148,9.560308,-4.230402,-0.000011,1,1,18.873240,0.000000,0,0
6.960064,270.000000,52.650250,122.257900,1,1,1,1,2,2,0.750038,0.749991,0.750000,0.750000,0.750000,0.000000,0.974558,0.224137,0.000000,0.974555,0.224151,0.000000,0.974555,0.224148,9.560491,-4.230894,-0.000007,1,1,18.875430,0.000000,0,0
6.970065,270.000000,52.607940,122.441900,1,1,1,1,2,2,0.750002,0.749995,0.750002,0.750002,0.750002,0.000000,0.974549,0.224175,0.000000,0.974555,0.224151,0.000000,0.974555,0.224148,9.560027,-4.231384,-0.000001,1,1,18.877610,0.000000,0,0
6.980065,270.000000,52.565620,122.625900,1,1,1,1,2,2,0.749998,0.749998,0.750002,0.750002,0.750002,0.000000,0.974551,0.224168,0.000000,0.974556,0.224144,0.000000,0.974555,0.224148,9.560405,-4.231877,-0.000012,1,1,18.879800,0.000000,0,0
6.990065,270.000000,52.523300,122.809900,1,1,1,1,2,2,0.749991,0.749991,0.749997,0.749997,0.749997,0.000000,0.974549,0.224175,0.000000,0.974555,0.224151,0.000000,0.974555,0.224148,9.561145,-4.232366,-0.000007,1,1,18.881980,0.000000,0,0
7.000065,270.000000,52.480970,122.994000,1,1,1,1,2,2,0.750032,0.749998,0.749999,0.749999,0.749999,0.000000,0.974557,0.224141,0.000000,0.974555,0.224151,0.000000,0.974555,0.224148,9.560536,-4.232847,0.000005,1,1,18.884160,0.000000,0,0
7.010066,270.000000,52.438640,123.178000,1,1,1,1,2,2,0.749977,0.749998,0.750002,0.750002,0.750002,0.000000,0.974557,0.224141,0.000000,0.974556,0.224144,0.000000,0.974555,0.224148,9.560123,-4.233333,-0.000001,1,1,18.886330,0.000000,0,0
7.020066,270.000000,52.396300,123.362100,1,1,1,1,2,2,0.749998,0.749998,0.750000,0.750000,0.750000,0.000000,0.974551,0.224168,0.000000,0.974555,0.224151,0.000000,0.974555,0.224148,9.560463,-4.233822,0.000001,1,1,18.888500,0.000000,0,0
7.030066,270.000000,52.353950,123.546200,1,1,1,1,2,2,0.749998,0.749998,0.749999,0.749999,0.749999,0.000000,0.974551,0.224168,0.000000,0.974555,0.224147,0.000000,0.974555,0.224148,9.560545,-4.234307,0.000000,1,1,18.890670,0.000000,0,0
7.040066,270.000000,52.311610,123.730300,1,1,1,1,2,2,0.750034,0.749993,0.749999,0.749999,0.749999,0.000000,0.974556,0.224144,0.000000,0.974555,0.224147,0.000000,0.974555,0.224148,9.560549,-4.234790,0.000000,1,1,18.892830,0.000000,0,0
7.050066,270.000000,52.269250,123.914500,1,1,1,1,2,2,0.749975,0.749992,0.750001,0.750000,0.750001,0.000000,0.974555,0.224148,0.000000,0.974555,0.224147,0.000000,0.974555,0.224148,9.560297,-4.235273,0.000000,1,1,18.894990,0.000000,0,0
7.060067,270.000000,52.226890,124.098600,1,1,1,1,2,2,0.749998,0.749998,0.749995,0.749996,0.749996,0.000000,0.974549,0.224175,0.000000,0.974555,0.224147,0.000000,0.974555,0.224148,9.561250,-4.235757,-0.000002,1,1,18.897140,0.000000,0,0
7.070067,270.000000,52.184530,124.282800,1,1,1,1,2,2,0.749998,0.749998,0.749999,0.749999,0.749999,0.000000,0.974551,0.224168,0.000000,0.974555,0.224147,0.000000,0.974555,0.224148,9.560414,-4.236231,0.000005,1,1,18.899290,0.000000,0,0
7.080067,270.000000,52.142170,124.467000,1,1,1,1,2,2,0.749992,0.749998,0.750002,0.750002,0.750002,0.000000,0.974549,0.224175,0.000000,0.974555,0.224147,0.000000,0.974555,0.224148,9.559949,-4.236712,0.000005,1,1,18.901440,0.000000,0,0
7.090067,270.000000,52.099790,124.651200,1,1,1,1,2,2,0.749975,0.749992,0.749997,0.749997,0.749997,0.000000,0.974555,0.224148,0.000000,0.974555,0.224151,0.000000,0.974555,0.224148,9.560864,-4.237197,0.000005,1,1,18.903590,0.000000,0,0
7.100068,270.000000,52.057420,124.835500,1,1,1,1,2,2,0.749998,0.749998,0.750000,0.749998,0.749999,0.000000,0.974549,0.224175,0.000000,0.974556,0.224144,0.000000,0.974555,0.224148,9.560542,-4.237672,0.000002,1,1,18.905730,0.000000,0,0
7.110068,270.000000,52.015030,125.019800,1,1,1,1,2,2,0.728859,0.728859,0.749997,0.749997,0.749997,0.000000,0.944215,0.329329,0.000000,0.974555,0.224151,0.000000,0.974555,0.224148,9.560759,-4.238150,0.000009,1,1,18.907860,0.000000,0,0
7.120068,270.000000,51.972650,125.204000,1,1,1,1,2,2,0.749998,0.749991,0.749997,0.749999,0.749998,0.000000,0.974549,0.224175,0.000000,0.974555,0.224151,0.000000,0.974555,0.224148,9.560363,-4.238624,0.000018,1,1,18.909990,0.000000,0,0
7.130068,270.000000,51.930260,125.388400,1,1,1,1,2,2,0.749998,0.749992,0.749994,0.749997,0.749995,0.000000,0.974548,0.224178,0.000000,0.974555,0.224147,0.000000,0.974555,0.224148,9.560830,-4.239102,0.000016,1,1,18.912120,0.000000,0,0
7.140069,270.000000,51.887860,125.572700,1,1,1,1,2,2,0.749994,0.749994,0.749998,0.749996,0.749997,0.000000,0.974551,0.224168,0.000000,0.974555,0.224147,0.000000,0.974555,0.224148,9.560405,-4.239574,0.000019,1,1,18.914250,0.000000,0,0
7.150069,270.000000,51.845460,125.757000,1,1,1,1,2,2,0.728982,0.728935,0.749995,0.749995,0.749995,0.000000,0.985284,0.170925,0.000000,0.974555,0.224147,0.000000,0.974555,0.224148,9.560790,-4.240049,0.000017,1,1,18.916370,0.000000,0,0
7.160069,270.000000,51.803050,125.941400,1,1,1,1,2,2,0.749966,0.749990,0.749995,0.749995,0.749995,0.000000,0.974555,0.224148,0.000000,0.974555,0.224147,0.000000,0.974555,0.224148,9.560731,-4.240520,0.000020,1,1,18.918490,0.000000,0,0
7.170069,270.000000,51.760640,126.125800,1,1,1,1,2,2,0.749995,0.749995,0.749998,0.749999,0.749999,0.000000,0.974549,0.224175,0.000000,0.974555,0.224147,0.000000,0.974555,0.224148,9.560091,-4.240991,0.000022,1,1,18.920600,0.000000,0,0
7.180069,270.000000,51.718230,126.310200,1,1,1,1,2,2,0.749987,0.749987,0.749995,0.749995,0.749995,0.000000,0.974549,0.224175,0.000000,0.974555,0.224151,0.000000,0.974555,0.224148,9.560720,-4.241467,0.000024,1,1,18.922710,0.000000,0,0
7.190070,270.000000,51.675810,126.494600,1,1,1,1,2,2,0.750028,0.749987,0.749995,0.749995,0.749995,0.000000,0.974556,0.224144,0.000000,0.974555,0.224151,0.000000,0.974555,0.224148,9.560532,-4.241936,0.000032,1,1,18.924820,0.000000,0,0
7.200070,270.000000,51.633380,126.679100,1,1,1,1,2,2,0.749971,0.749994,0.749998,0.749998,0.749998,0.000000,0.974558,0.224137,0.000000,0.974556,0.224144,0.000000,0.974555,0.224148,9.560131,-4.242406,0.000026,1,1,18.926920,0.000000,0,0
7.210070,270.000000,51.590960,126.863600,1,1,1,1,2,2,0.749998,0.749998,0.749997,0.749999,0.749998,0.000000,0.974549,0.224175,0.000000,0.974555,0.224151,0.000000,0.974555,0.224148,9.560117,-4.242879,0.000028,1,1,18.929020,0.000000,0,0
7.220070,270.000000,51.548520,127.048100,1,1,1,1,2,2,0.749994,0.749994,0.749998,0.749998,0.749998,0.000000,0.974551,0.224168,0.000000,0.974556,0.224144,0.000000,0.974555,0.224148,9.560336,-4.243352,0.000017,1,1,18.931120,0.000000,0,0
7.230071,270.000000,51.506080,127.232600,1,1,1,1,2,2,0.749994,0.749994,0.749996,0.749996,0.749996,0.000000,0.974551,0.224168,0.000000,0.974556,0.224144,0.000000,0.974555,0.224148,9.560841,-4.243822,0.000010,1,1,18.933210,0.000000,0,0
7.240071,270.000000,51.463640,127.417100,1,1,1,1,2,2,0.749980,0.749996,0.749997,0.749997,0.749997,0.000000,0.974557,0.224141,0.000000,0.974555,0.224151,0.000000,0.974555,0.224148,9.560489,-4.244286,0.000020,1,1,18.935300,0.000000,0,0
7.250071,270.000000,51.421200,127.601700,1,1,1,1,2,2,0.750034,0.750034,0.749996,0.749996,0.749996,0.000000,0.974561,0.224121,0.000000,0.974555,0.224147,0.000000,0.974555,0.224148,9.560606,-4.244752,0.000020,1,1,18.937380,0.000000,0,0
7.260071,270.000000,51.378740,127.786200,1,1,1,1,2,2,0.750033,0.750033,0.749999,0.750001,0.750000,0.000000,0.974563,0.224114,0.000000,0.974555,0.224147,0.000000,0.974555,0.224148,9.559819,-4.245216,0.000022,1,1,18.939460,0.000000,0,0
7.270072,270.000000,51.336280,127.970800,1,1,1,1,2,2,0.750030,0.750030,0.749996,0.749997,0.749997,0.000000,0.974563,0.224114,0.000000,0.974555,0.224147,0.000000,0.974555,0.224148,9.560591,-4.245688,0.000015,1,1,18.941540,0.000000,0,0
7.280072,270.000000,51.293820,128.155500,1,1,1,1,2,2,0.750037,0.749948,0.749995,0.749995,0.749995,0.000000,0.974550,0.224171,0.000000,0.974555,0.224147,0.000000,0.974555,0.224148,9.560813,-4.246151,0.000016,1,1,18.943620,0.000000,0,0
7.290072,270.000000,51.251360,128.340100,1,1,1,1,2,2,0.750030,0.750030,0.750001,0.749998,0.750000,0.000000,0.974563,0.224114,0.000000,0.974555,0.224147,0.000000,0.974555,0.224148,9.559968,-4.246611,0.000020,1,1,18.945690,0.000000,0,0
7.300072,270.000000,51.208890,128.524700,1,1,1,1,2,2,0.750007,0.750007,0.750000,0.750000,0.750000,0.000000,0.974574,0.224068,0.000000,0.974555,0.224151,0.000000,0.974555,0.224148,9.559799,-4.247078,0.000021,1,1,18.947750,0.000000,0,0
7.310072,270.000000,51.166410,128.709400,1,1,1,1,2,2,0.750013,0.749925,0.750000,0.750000,0.750000,0.000000,0.974561,0.224125,0.000000,0.974555,0.224151,0.000000,0.974555,0.224148,9.559830,-4.247547,0.000020,1,1,18.949810,0.000000,0,0
7.320073,270.000000,51.123930,128.894100,1,1,1,1,2,2,0.750010,0.750016,0.749998,0.749998,0.749998,0.000000,0.974577,0.224054,0.000000,0.974556,0.224144,0.000000,0.974555,0.224148,9.560607,-4.248014,0.000007,1,1,18.951870,0.000000,0,0
7.330073,270.000000,51.081450,129.078800,1,1,1,1,2,2,0.750013,0.750013,0.750000,0.749999,0.750000,0.000000,0.974575,0.224061,0.000000,0.974555,0.224151,0.000000,0.974555,0.224148,9.560129,-4.248473,0.000014,1,1,18.953930,0.000000,0,0
7.340073,270.000000,51.038960,129.263600,1,1,1,1,2,2,0.750013,0.750013,0.750004,0.750004,0.750004,0.000000,0.974577,0.224054,0.000000,0.974556,0.224144,0.000000,0.974555,0.224148,9.559650,-4.248935,0.000005,1,1,18.955980,0.000000,0,0
7.350073,270.000000,50.996460,129.448300,1,1,1,1,2,2,0.750016,0.749928,0.750000,0.750000,0.750000,0.000000,0.974563,0.224114,0.000000,0.974556,0.224144,0.000000,0.974555,0.224147,9.560657,-4.249402,-0.000009,1,1,18.958030,0.000000,0,0
7.360074,270.000000,50.953960,129.633100,1,1,1,1,2,2,0.750013,0.750013,0.750000,0.750000,0.750000,0.000000,0.974575,0.224061,0.000000,0.974555,0.224151,0.000000,0.974555,0.224148,9.560342,-4.249857,-0.000001,1,1,18.960080,0.000000,0,0
7.370074,270.000000,50.911460,129.817900,1,1,1,1,2,2,0.750013,0.750013,0.749999,0.749999,0.749999,0.000000,0.974575,0.224061,0.000000,0.974555,0.224147,0.000000,0.974555,0.224148,9.560597,-4.250316,-0.000002,1,1,18.962120,0.000000,0,0
7.380074,270.000000,50.868950,130.002700,1,1,1,1,2,2,0.805184,0.805184,0.750003,0.750003,0.750003,0.000000,0.990799,0.135342,0.000000,0.974555,0.224147,0.000000,0.974555,0.224148,9.559882,-4.250771,0.000000,1,1,18.964160,0.000000,0,0
7.390074,270.000000,50.826440,130.187600,1,1,1,1,2,2,0.750021,0.749932,0.750003,0.750003,0.750003,0.000000,0.974561,0.224121,0.000000,0.974555,0.224147,0.000000,0.974555,0.224148,9.560024,-4.251232,-0.000006,1,1,18.966190,0.000000,0,0
7.400074,270.000000,50.783920,130.372400,1,1,1,1,2,2,0.750013,0.750013,0.749997,0.749997,0.749997,0.000000,0.974575,0.224061,0.000000,0.974555,0.224147,0.000000,0.974555,0.224148,9.561118,-4.251690,-0.000010,1,1,18.968220,0.000000,0,0
7.410075,270.000000,50.741400,130.557300,1,1,1,1,2,2,0.750011,0.750011,0.750001,0.750001,0.750001,0.000000,0.974577,0.224054,0.000000,0.974555,0.224147,0.000000,0.974555,0.224148,9.560302,-4.252138,-0.000004,1,1,18.970250,0.000000,0,0
7.420075,270.000000,50.698880,130.742200,1,1,1,1,2,2,0.750010,0.750010,0.749997,0.749997,0.749997,0.000000,0.974575,0.224061,0.000000,0.974555,0.224147,0.000000,0.974555,0.224148,9.560994,-4.252592,-0.000005,1,1,18.972270,0.000000,0,0
7.430075,270.000000,50.656350,130.927100,1,1,1,1,2,2,0.750014,0.749932,0.749999,0.750000,0.749999,0.000000,0.974561,0.224125,0.000000,0.974555,0.224151,0.000000,0.974555,0.224148,9.560351,-4.253039,0.000007,1,1,18.974290,0.000000,0,0
7.440075,270.000000,50.613810,131.112000,1,1,1,1,2,2,0.750013,0.750013,0.750002,0.750000,0.750001,0.000000,0.974575,0.224061,0.000000,0.974556,0.224144,0.000000,0.974555,0.224147,9.560265,-4.253492,0.000000,1,1,18.976310,0.000000,0,0
7.450076,270.000000,50.571270,131.297000,1,1,1,1,2,2,0.750013,0.750013,0.750000,0.750002,0.750001,0.000000,0.974577,0.224054,0.000000,0.974555,0.224151,0.000000,0.974555,0.224148,9.560050,-4.253944,0.000004,1,1,18.978320,0.000000,0,0
7.460076,270.000000,50.528730,131.482000,1,1,1,1,2,2,0.750013,0.750007,0.749999,0.749999,0.749999,0.000000,0.974574,0.224064,0.000000,0.974555,0.224151,0.000000,0.974555,0.224148,9.560518,-4.254398,0.000006,1,1,18.980330,0.000000,0,0
7.470076,270.000000,50.486180,131.667000,1,1,1,1,2,2,0.750011,0.749929,0.749997,0.749995,0.749996,0.000000,0.974562,0.224118,0.000000,0.974555,0.224147,0.000000,0.974555,0.224148,9.560915,-4.254847,0.000005,1,1,18.982340,0.000000,0,0
7.480076,270.000000,50.443630,131.852000,1,1,1,1,2,2,0.750011,0.750011,0.749999,0.749999,0.749999,0.000000,0.974577,0.224054,0.000000,0.974555,0.224147,0.000000,0.974555,0.224148,9.560277,-4.255291,0.000009,1,1,18.984340,0.000000,0,0
7.490077,270.000000,50.401070,132.037000,1,1,1,1,2,2,0.750009,0.750009,0.749997,0.749997,0.749997,0.000000,0.974577,0.224054,0.000000,0.974555,0.224147,0.000000,0.974555,0.224148,9.560700,-4.255740,0.000007,1,1,18.986340,0.000000,0,0
7.500077,270.000000,50.358510,132.222100,1,1,1,1,2,2,0.750020,0.749932,0.749996,0.749999,0.749997,0.000000,0.974562,0.224118,0.000000,0.974555,0.224147,0.000000,0.974555,0.224148,9.560625,-4.256185,0.000009,1,1,18.988330,0.000000,0,0
7.510077,270.000000,50.315940,132.407100,1,1,1,1,2,2,0.750017,0.750063,0.750007,0.750007,0.750007,0.000000,0.974561,0.224125,0.000000,0.974555,0.224147,0.000000,0.974555,0.224148,9.558941,-4.256629,0.000011,1,1,18.990330,0.000000,0,0
7.520077,270.000000,50.273370,132.592200,1,1,1,1,2,2,0.750017,0.750017,0.750002,0.750002,0.750002,0.000000,0.974575,0.224061,0.000000,0.974555,0.224151,0.000000,0.974555,0.224148,9.559957,-4.257089,0.000001,1,1,18.992320,0.000000,0,0
7.530077,270.000000,50.230800,132.777300,1,1,1,1,2,2,0.750013,0.750013,0.750002,0.750002,0.750002,0.000000,0.974577,0.224054,0.000000,0.974556,0.224144,0.000000,0.974555,0.224148,9.560359,-4.257538,-0.000011,1,1,18.994300,0.000000,0,0
7.540078,270.000000,50.188220,132.962500,1,1,1,1,2,2,0.750019,0.749932,0.750004,0.750004,0.750004,0.000000,0.974563,0.224114,0.000000,0.974556,0.224144,0.000000,0.974555,0.224147,9.560198,-4.257983,-0.000017,1,1,18.996280,0.000000,0,0
7.550078,270.000000,50.145630,133.147600,1,1,1,1,2,2,0.750017,0.750018,0.750004,0.750004,0.750004,0.000000,0.974574,0.224064,0.000000,0.974555,0.224151,0.000000,0.974555,0.224148,9.559983,-4.258429,-0.000013,1,1,18.998260,0.000000,0,0
7.560078,270.000000,50.103050,133.332800,1,1,1,1,2,2,0.750017,0.750017,0.750005,0.750004,0.750004,0.000000,0.974575,0.224061,0.000000,0.974556,0.224144,0.000000,0.974555,0.224147,9.560180,-4.258875,-0.000023,1,1,19.000240,0.000000,0,0
7.570078,270.000000,50.060450,133.518000,1,1,1,1,2,2,0.735727,0.735727,0.750000,0.750000,0.750000,0.000000,0.954151,0.299326,0.000000,0.974555,0.224151,0.000000,0.974555,0.224148,9.560810,-4.259319,-0.000020,1,1,19.002210,0.000000,0,0
7.580079,270.000000,50.017850,133.703200,1,1,1,1,2,2,0.750020,0.749932,0.750000,0.750000,0.750000,0.000000,0.974562,0.224118,0.000000,0.974555,0.224151,0.000000,0.974555,0.224148,9.560573,-4.259757,-0.000010,1,1,19.004180,0.000000,0,0
7.590079,270.000000,49.975250,133.888400,1,1,1,1,2,2,0.750013,0.750065,0.749999,0.749999,0.749999,0.000000,0.974562,0.224118,0.000000,0.974555,0.224147,0.000000,0.974555,0.224148,9.560782,-4.260195,-0.000009,1,1,19.006140,0.000000,0,0
7.600079,270.000000,49.932640,134.073600,1,1,1,1,2,2,0.750011,0.750011,0.750005,0.750003,0.750004,0.000000,0.974577,0.224054,0.000000,0.974555,0.224147,0.000000,0.974555,0.224148,9.559865,-4.260631,-0.000006,1,1,19.008100,0.000000,0,0
7.610079,270.000000,49.890030,134.258900,1,1,1,1,2,2,0.735414,0.735421,0.749995,0.749995,0.749995,0.000000,0.982494,0.186297,0.000000,0.974555,0.224147,0.000000,0.974555,0.224148,9.561526,-4.261075,-0.000012,1,1,19.010060,0.000000,0,0
7.620080,270.000000,49.847420,134.444200,1,1,1,1,2,2,0.750020,0.749932,0.749997,0.749997,0.749997,0.000000,0.974562,0.224118,0.000000,0.974555,0.224147,0.000000,0.974555,0.224148,9.560925,-4.261502,-0.000002,1,1,19.012020,0.000000,0,0
7.630080,270.000000,49.804800,134.629500,1,1,1,1,2,2,0.750019,0.750019,0.750003,0.750005,0.750004,0.000000,0.974578,0.224047,0.000000,0.974555,0.224147,0.000000,0.974555,0.224148,9.559657,-4.261935,0.000002,1,1,19.013970,0.000000,0,0
7.640080,270.000000,49.762180,134.814800,1,1,1,1,2,2,0.750013,0.750013,0.750000,0.750000,0.750000,0.000000,0.974575,0.224061,0.000000,0.974555,0.224151,0.000000,0.974555,0.224148,9.560323,-4.262379,0.000000,1,1,19.015910,0.000000,0,0
7.650080,270.000000,49.719550,135.000100,1,1,1,1,2,2,0.750016,0.749927,0.749998,0.750000,0.749999,0.000000,0.974563,0.224114,0.000000,0.974556,0.224144,0.000000,0.974555,0.224148,9.560809,-4.262815,-0.000008,1,1,19.017860,0.000000,0,0
7.660080,270.000000,49.676910,135.185500,1,1,1,1,2,2,0.750010,0.750016,0.750000,0.750001,0.750001,0.000000,0.974577,0.224054,0.000000,0.974556,0.224144,0.000000,0.974555,0.224147,9.560557,-4.263247,-0.000011,1,1,19.019800,0.000000,0,0
7.670081,270.000000,49.634280,135.370900,1,1,1,1,2,2,0.750009,0.750009,0.749997,0.749995,0.749996,0.000000,0.974577,0.224054,0.000000,0.974555,0.224151,0.000000,0.974555,0.224148,9.561198,-4.263680,-0.000003,1,1,19.021740,0.000000,0,0
7.680081,270.000000,49.591640,135.556300,1,1,1,1,2,2,0.750009,0.750009,0.750000,0.749998,0.749999,0.000000,0.974577,0.224054,0.000000,0.974556,0.224144,0.000000,0.974555,0.224147,9.560646,-4.264105,-0.000002,1,1,19.023670,0.000000,0,0
7.690081,270.000000,49.548990,135.741700,1,1,1,1,2,2,0.750016,0.749928,0.750000,0.750000,0.750000,0.000000,0.974562,0.224118,0.000000,0.974556,0.224144,0.000000,0.974555,0.224147,9.560582,-4.264536,-0.000005,1,1,19.025600,0.000000,0,0
7.700081,270.000000,49.506340,135.927100,1,1,1,1,2,2,0.750013,0.750065,0.750000,0.750000,0.750000,0.000000,0.974562,0.224118,0.000000,0.974555,0.224151,0.000000,0.974555,0.224147,9.560240,-4.264966,0.000003,1,1,19.027530,0.000000,0,0
7.710082,270.000000,49.463690,136.112600,1,1,1,1,2,2,0.750017,0.750017,0.750003,0.750003,0.750003,0.000000,0.974575,0.224061,0.000000,0.974555,0.224147,0.000000,0.974555,0.224147,9.559842,-4.265399,0.000002,1,1,19.029450,0.000000,0,0
7.720082,270.000000,49.421030,136.298000,1,1,1,1,2,2,0.750009,0.750009,0.750005,0.750005,0.750005,0.000000,0.974574,0.224068,0.000000,0.974555,0.224147,0.000000,0.974555,0.224147,9.559643,-4.265835,-0.000004,1,1,19.031370,0.000000,0,0
7.730082,270.000000,49.378370,136.483500,1,1,1,1,2,2,0.750021,0.749932,0.749999,0.750001,0.750000,0.000000,0.974561,0.224121,0.000000,0.974555,0.224147,0.000000,0.974555,0.224147,9.560648,-4.266272,-0.000011,1,1,19.033290,0.000000,0,0
7.740082,270.000000,49.335700,136.669000,1,1,1,1,2,2,0.750009,0.749980,0.749997,0.749997,0.749997,0.000000,0.974549,0.224175,0.000000,0.974555,0.224147,0.000000,0.974555,0.224147,9.561108,-4.266699,-0.000009,1,1,19.035210,0.000000,0,0
7.750082,270.000000,49.293030,136.854600,1,1,1,1,2,2,0.750011,0.750011,0.749999,0.750001,0.750000,0.000000,0.974577,0.224054,0.000000,0.974555,0.224147,0.000000,0.974555,0.224147,9.560420,-4.267120,-0.000002,1,1,19.037120,0.000000,0,0
7.760083,270.000000,49.250350,137.040100,1,1,1,1,2,2,0.750013,0.750013,0.750000,0.750000,0.750000,0.000000,0.974575,0.224061,0.000000,0.974555,0.224151,0.000000,0.974555,0.224148,9.560224,-4.267548,0.000004,1,1,19.039020,0.000000,0,0
7.770083,270.000000,49.207680,137.225700,1,1,1,1,2,2,0.750020,0.749932,0.750000,0.750000,0.750000,0.000000,0.974562,0.224118,0.000000,0.974555,0.224151,0.000000,0.974555,0.224148,9.560130,-4.267976,0.000008,1,1,19.040930,0.000000,0,0
7.780083,270.000000,49.164990,137.411300,1,1,1,1,2,2,0.750013,0.750059,0.750002,0.750000,0.750001,0.000000,0.974561,0.224121,0.000000,0.974556,0.224144,0.000000,0.974555,0.224148,9.560305,-4.268405,-0.000002,1,1,19.042830,0.000000,0,0
7.790083,270.000000,49.122310,137.596900,1,1,1,1,2,2,0.750017,0.750017,0.750004,0.750004,0.750004,0.000000,0.974575,0.224061,0.000000,0.974555,0.224151,0.000000,0.974555,0.224148,9.559584,-4.268831,0.000002,1,1,19.044720,0.000000,0,0
7.800084,270.000000,49.079610,137.782500,1,1,1,1,2,2,0.750017,0.750017,0.750003,0.750001,0.750002,0.000000,0.974575,0.224061,0.000000,0.974555,0.224147,0.000000,0.974555,0.224148,9.560203,-4.269264,-0.000006,1,1,19.046620,0.000000,0,0
7.810084,270.000000,49.036910,137.968100,1,1,1,1,2,2,0.750015,0.749933,0.750001,0.749999,0.750000,0.000000,0.974562,0.224118,0.000000,0.974555,0.224147,0.000000,0.974555,0.224148,9.560616,-4.269690,-0.000009,1,1,19.048510,0.000000,0,0
7.820084,270.000000,48.994210,138.153800,1,1,1,1,2,2,0.750019,0.750059,0.750003,0.750005,0.750004,0.000000,0.974563,0.224114,0.000000,0.974555,0.224147,0.000000,0.974555,0.224148,9.559906,-4.270111,-0.000008,1,1,19.050400,0.000000,0,0
7.830084,270.000000,48.951510,138.339400,1,1,1,1,2,2,0.750004,0.750004,0.749997,0.749999,0.749998,0.000000,0.974575,0.224061,0.000000,0.974555,0.224147,0.000000,0.974555,0.224148,9.561045,-4.270538,-0.000014,1,1,19.052280,0.000000,0,0
7.840085,270.000000,48.908800,138.525100,1,1,1,1,2,2,0.750014,0.750014,0.750001,0.750003,0.750002,0.000000,0.974574,0.224068,0.000000,0.974555,0.224147,0.000000,0.974555,0.224148,9.560230,-4.270953,-0.000008,1,1,19.054160,0.000000,0,0
7.850085,270.000000,48.866090,138.710900,1,1,1,1,2,2,0.750013,0.750065,0.750003,0.749999,0.750001,0.000000,0.974562,0.224118,0.000000,0.974555,0.224147,0.000000,0.974555,0.224148,9.560427,-4.271376,-0.000010,1,1,19.056040,0.000000,0,0
7.860085,270.000000,48.823370,138.896600,1,1,1,1,2,2,0.750015,0.750067,0.750005,0.750005,0.750005,0.000000,0.974562,0.224118,0.000000,0.974555,0.224147,0.000000,0.974555,0.224148,9.559792,-4.271795,-0.000010,1,1,19.057910,0.000000,0,0
7.870085,270.000000,48.780650,139.082300,1,1,1,1,2,2,0.750017,0.750017,0.749999,0.749999,0.749999,0.000000,0.974575,0.224061,0.000000,0.974555,0.224151,0.000000,0.974555,0.224148,9.560915,-4.272221,-0.000010,1,1,19.059790,0.000000,0,0
7.880085,270.000000,48.737920,139.268100,1,1,1,1,2,2,0.763230,0.763230,0.750007,0.750007,0.750007,0.000000,0.964782,0.263052,0.000000,0.974555,0.224147,0.000000,0.974555,0.224148,9.559359,-4.272634,-0.000006,1,1,19.061650,0.000000,0,0
7.890086,270.000000,48.695190,139.453900,1,1,1,1,2,2,0.750017,0.750063,0.750007,0.750007,0.750007,0.000000,0.974561,0.224125,0.000000,0.974555,0.224147,0.000000,0.974555,0.224148,9.559648,-4.273062,-0.000018,1,1,19.063520,0.000000,0,0
7.900086,270.000000,48.652450,139.639700,1,1,1,1,2,2,0.747378,0.750019,0.750004,0.750002,0.750003,0.000000,0.974137,0.225959,0.000000,0.974556,0.224144,0.000000,0.974555,0.224147,9.560730,-4.273487,-0.000032,1,1,19.065380,0.000000,0,0
7.910086,270.000000,48.609710,139.825500,1,1,1,1,2,2,0.750013,0.750013,0.749995,0.749999,0.749997,0.000000,0.974575,0.224061,0.000000,0.974555,0.224151,0.000000,0.974555,0.224148,9.561533,-4.273900,-0.000023,1,1,19.067240,0.000000,0,0
7.920086,270.000000,48.566970,140.011400,1,1,1,1,2,2,0.761777,0.761776,0.750006,0.750004,0.750005,0.000000,0.978413,0.206661,0.000000,0.974555,0.224151,0.000000,0.974555,0.224148,9.559652,-4.274305,-0.000006,1,1,19.069090,0.000000,0,0
7.930087,270.000000,48.524220,140.197200,1,1,1,1,2,2,0.750013,0.750060,0.750002,0.750004,0.750003,0.000000,0.974561,0.224125,0.000000,0.974555,0.224151,0.000000,0.974555,0.224148,9.560060,-4.274727,-0.000009,1,1,19.070940,0.000000,0,0
7.940087,270.000000,48.481470,140.383100,1,1,1,1,2,2,0.750010,0.750010,0.749998,0.750001,0.750000,0.000000,0.974575,0.224061,0.000000,0.974556,0.224144,0.000000,0.974555,0.224148,9.560974,-4.275145,-0.000021,1,1,19.072790,0.000000,0,0
7.950087,270.000000,48.438720,140.569000,1,1,1,1,2,2,0.750010,0.750010,0.750000,0.749998,0.749999,0.000000,0.974575,0.224061,0.000000,0.974556,0.224144,0.000000,0.974555,0.224148,9.561134,-4.275553,-0.000021,1,1,19.074640,0.000000,0,0
7.960087,270.000000,48.395960,140.754900,1,1,1,1,2,2,0.750010,0.750016,0.749997,0.749997,0.749997,0.000000,0.974577,0.224054,0.000000,0.974553,0.224158,0.000000,0.974555,0.224148,9.560809,-4.275959,0.000004,1,1,19.076480,0.000000,0,0
7.970088,270.000000,48.353200,140.940800,1,1,1,1,2,2,0.750013,0.749977,0.749999,0.749996,0.749997,0.000000,0.974547,0.224182,0.000000,0.974553,0.224158,0.000000,0.974555,0.224149,9.560287,-4.276367,0.000023,1,1,19.078320,0.000000,0,0
7.980088,270.000000,48.310430,141.126800,1,1,1,1,2,2,0.750013,0.750013,0.750005,0.750005,0.750005,0.000000,0.974575,0.224061,0.000000,0.974556,0.224144,0.000000,0.974555,0.224149,9.559134,-4.276779,0.000013,1,1,19.080150,0.000000,0,0
7.990088,270.000000,48.267660,141.312700,1,1,1,1,2,2,0.750013,0.750013,0.750002,0.750002,0.750002,0.000000,0.974575,0.224061,0.000000,0.974556,0.224144,0.000000,0.974555,0.224148,9.560292,-4.277202,-0.000008,1,1,19.081990,0.000000,0,0
