time,x,y,z,leftRaw,rightRaw,left,right,leftSamples,rightSamples,leftRawHeight,rightRawHeight,leftHeight,rightHeight,height,rawNx,rawNy,rawNz,filteredNx,filteredNy,filteredNz,supportNx,supportNy,supportNz,supportAcceleration,verticalVelocity,normalVelocity,grounded,transitions,speed,lateralAcceleration,rail,bailed
0.000000,-16.981440,313.139500,185.166000,1,1,1,1,2,2,0.745037,0.754879,0.745004,0.754884,0.749944,0.024762,0.975079,0.220471,0.024753,0.975106,0.220354,0.024753,0.975106,0.220354,9.904179,-2.656196,-0.013132,1,1,12.000000,0.000000,0,0
0.010000,-16.982090,313.113000,185.283200,1,1,1,1,2,2,0.744922,0.754797,0.744913,0.754806,0.749860,0.024746,0.975107,0.220349,0.024753,0.975106,0.220354,0.024753,0.975106,0.220354,9.834690,-2.656280,-0.009745,1,1,12.015090,0.248942,0,0
0.020000,-16.982710,313.086400,185.400500,1,1,1,1,2,2,0.744848,0.754722,0.744826,0.754720,0.749773,0.024746,0.975107,0.220349,0.024753,0.975106,0.220354,0.024753,0.975106,0.220354,9.783025,-2.657039,-0.007053,1,1,12.030170,0.243899,0,0
0.030000,-16.983310,313.059800,185.518000,1,1,1,1,2,2,0.755973,0.771438,0.745187,0.755080,0.750134,0.024502,0.964893,0.261498,0.024746,0.974864,0.221421,0.024752,0.975085,0.220446,9.635169,-2.658300,-0.003744,1,1,12.045240,0.238958,0,0
0.040000,-16.983890,313.033200,185.635600,1,1,1,1,2,2,0.745292,0.755184,0.745277,0.755169,0.750223,0.024735,0.974855,0.221465,0.024746,0.974864,0.221421,0.024752,0.975066,0.220530,9.575547,-2.661002,-0.002009,1,1,12.060320,0.234117,0,0
0.050000,-16.984450,313.006600,185.753400,1,1,1,1,2,2,0.745396,0.755273,0.745379,0.755276,0.750328,0.024743,0.974854,0.221465,0.024746,0.974864,0.221421,0.024751,0.975049,0.220606,9.530184,-2.664285,-0.000957,1,1,12.075390,0.229374,0,0
0.060000,-16.984980,312.979900,185.871300,1,1,1,1,2,2,0.745433,0.755362,0.745483,0.755346,0.750414,0.024762,0.974848,0.221493,0.024746,0.974864,0.221421,0.024751,0.975033,0.220676,9.501443,-2.668008,-0.000438,1,1,12.090470,0.224727,0,0
0.070000,-16.985500,312.953200,185.989400,1,1,1,1,2,2,0.745565,0.755437,0.745558,0.755433,0.750495,0.024762,0.974848,0.221493,0.024746,0.974864,0.221421,0.024750,0.975018,0.220740,9.482742,-2.672009,-0.000279,1,1,12.105550,0.220174,0,0
0.080000,-16.985990,312.926400,186.107600,1,1,1,1,2,2,0.745619,0.755459,0.745589,0.755494,0.750542,0.024754,0.974848,0.221493,0.024746,0.974864,0.221421,0.024750,0.975005,0.220799,9.476607,-2.676192,-0.000372,1,1,12.120620,0.215713,0,0
0.090000,-16.986470,312.899600,186.226000,1,1,1,1,2,2,0.745688,0.755638,0.745663,0.755585,0.750624,0.024745,0.974867,0.221410,0.024746,0.974864,0.221421,0.024750,0.974993,0.220853,9.467015,-2.680431,-0.000588,1,1,12.135700,0.211341,0,0
0.100000,-16.986920,312.872700,186.344500,1,1,1,1,2,2,0.745738,0.755630,0.745708,0.755615,0.750662,0.024743,0.974854,0.221465,0.024746,0.974864,0.221421,0.024749,0.974982,0.220901,9.469385,-2.684763,-0.000955,1,1,12.150770,0.207059,0,0
0.110000,-16.987350,312.845900,186.463100,1,1,1,1,2,2,0.745798,0.755690,0.745768,0.755689,0.750729,0.024735,0.974855,0.221465,0.024746,0.974864,0.221421,0.024749,0.974972,0.220946,9.467072,-2.689069,-0.001349,1,1,12.165840,0.202864,0,0
0.120000,-16.987770,312.818900,186.581900,1,1,1,1,2,2,0.745808,0.754733,0.745811,0.754788,0.750299,0.018551,0.974930,0.221737,0.018561,0.974943,0.221681,0.024218,0.974971,0.221010,9.549232,-2.693395,-0.001544,1,1,12.180910,0.198700,0,0
0.130000,-16.988170,312.791900,186.700900,1,1,1,1,2,2,0.745842,0.755918,0.745857,0.755904,0.750881,0.018562,0.975128,0.220863,0.018561,0.975140,0.220811,0.023731,0.974987,0.220993,9.454107,-2.696918,-0.001919,1,1,12.195970,0.189642,0,0
0.140000,-16.988550,312.764900,186.819900,1,1,1,1,2,2,0.745820,0.780813,0.745887,0.757989,0.751938,0.018577,0.979259,0.201761,0.018561,0.975533,0.219067,0.023287,0.975035,0.220828,9.343908,-2.701364,-0.005104,1,1,12.211020,0.181100,0,0
0.150000,-16.988910,312.737900,186.939200,1,1,1,1,2,2,0.745867,0.758651,0.745870,0.758572,0.752221,0.019322,0.975723,0.218154,0.018561,0.975729,0.218193,0.022882,0.975095,0.220602,9.419830,-2.706878,-0.010156,1,1,12.226060,0.173131,0,0
0.160000,-16.989260,312.710700,187.058500,1,1,1,1,2,2,0.745857,0.758930,0.745842,0.758867,0.752355,0.017140,0.975951,0.217314,0.018561,0.975925,0.217317,0.022510,0.975168,0.220319,9.521788,-2.711643,-0.015168,1,1,12.241060,0.165770,0,0
0.170000,-16.989600,312.683600,187.178000,1,1,1,1,2,2,0.745880,0.758935,0.745797,0.758904,0.752351,0.019021,0.976111,0.216439,0.018561,0.976120,0.216439,0.022170,0.975251,0.219986,9.639275,-2.715406,-0.019807,1,1,12.256020,0.158883,0,0
0.180000,-16.989920,312.656400,187.297700,1,1,1,1,2,2,0.753576,0.758719,0.753549,0.758712,0.756130,0.012378,0.977693,0.209675,0.012375,0.977691,0.209683,0.021327,0.975469,0.219101,9.221813,-2.718014,-0.030236,1,1,12.270950,0.152484,0,0
0.190000,-16.990220,312.629100,187.417500,1,1,1,1,2,2,0.753089,0.758257,0.753050,0.758215,0.755633,0.012371,0.978078,0.207870,0.012375,0.978068,0.207920,0.020557,0.975701,0.218141,9.703193,-2.724675,-0.045816,1,1,12.285790,0.140983,0,0
0.200000,-16.990520,312.601900,187.537400,1,1,1,1,2,2,0.752314,0.757048,0.752354,0.757084,0.754719,0.006302,0.978422,0.206518,0.006188,0.978449,0.206398,0.019321,0.975951,0.217133,10.155090,-2.726618,-0.057219,1,1,12.300510,0.131182,0,0
0.210000,-16.990800,312.574600,187.657500,1,1,1,1,2,2,0.754688,0.756708,0.752562,0.756651,0.754606,0.004764,0.979701,0.200408,0.006188,0.979370,0.201982,0.018191,0.976261,0.215833,10.443560,-2.724129,-0.067823,1,1,12.315100,0.117245,0,0
0.220000,-16.991080,312.547400,187.777800,1,1,1,1,2,2,0.751392,0.754624,0.751442,0.754603,0.753022,0.006192,0.979909,0.199351,0.006189,0.979913,0.199331,0.017158,0.976592,0.214416,10.962740,-2.718798,-0.077054,1,1,12.329540,0.104351,0,0
0.230000,-16.991340,312.520400,187.898200,1,1,1,1,2,2,0.750054,0.752123,0.750211,0.752197,0.751204,0.006825,0.980424,0.196779,0.006189,0.980449,0.196675,0.016214,0.976941,0.212893,11.428960,-2.708367,-0.082475,1,1,12.343800,0.092822,0,0
0.240000,-16.991590,312.493400,188.018800,1,1,1,1,2,2,0.747983,0.749477,0.748834,0.749434,0.749134,0.006478,0.980858,0.194616,0.006189,0.980979,0.194013,0.015352,0.977307,0.211272,11.856220,-2.693351,-0.084517,1,1,12.357870,0.082255,0,0
0.250000,-16.991830,312.466700,188.139600,1,1,1,1,2,2,0.747459,0.745733,0.747497,0.745716,0.746607,0.005997,0.981662,0.190537,0.006189,0.981675,0.190464,0.014563,0.977703,0.209485,12.312750,-2.674126,-0.084428,1,1,12.371760,0.072580,0,0
0.260000,-16.992060,312.440200,188.260600,1,1,1,1,2,2,0.746178,0.742408,0.746151,0.742410,0.744280,0.006090,0.982188,0.187802,0.006190,0.982190,0.187790,0.013843,0.978111,0.207622,12.644620,-2.650402,-0.080791,1,1,12.385430,0.063769,0,0
0.270000,-16.992280,312.413900,188.381800,1,1,1,1,2,2,0.758425,0.748622,0.739604,0.739964,0.739784,0.000739,0.988083,0.153918,0.000000,0.984301,0.176499,0.012652,0.978690,0.204953,13.542820,-2.623394,-0.084117,1,1,12.398910,0.057280,0,0
0.280000,-16.992500,312.388100,188.503200,1,1,1,1,2,2,0.735923,0.736284,0.735872,0.736232,0.736052,0.001248,0.984926,0.172971,0.000000,0.984936,0.172920,0.011563,0.979275,0.202205,14.105340,-2.587539,-0.079520,1,1,12.412080,0.045420,0,0
0.290000,-16.992700,312.362600,188.624800,1,1,1,1,2,2,0.731973,0.732361,0.732065,0.732411,0.732238,0.000079,0.985568,0.169283,0.000000,0.985559,0.169335,0.010568,0.979864,0.199385,14.566710,-2.546115,-0.070285,1,1,12.424970,0.034285,0,0
0.300000,-16.992900,312.337600,188.746600,1,1,1,1,2,2,0.726213,0.728529,0.728230,0.728576,0.728403,-0.000048,0.985885,0.167426,0.000000,0.986169,0.165743,0.009659,0.980456,0.196499,14.939570,-2.500108,-0.057350,1,1,12.437600,0.024084,0,0
0.310000,-16.993100,312.313100,188.868700,1,1,1,1,2,2,0.723689,0.724060,0.723679,0.724011,0.723845,0.000358,0.987042,0.160464,0.000000,0.987060,0.160353,0.008828,0.981081,0.193399,15.419360,-2.450381,-0.043482,1,1,12.449990,0.014765,0,0
0.320000,-16.993290,312.289200,188.991000,1,1,1,1,2,2,0.719868,0.720192,0.719854,0.720155,0.720005,0.000398,0.987649,0.156684,0.000000,0.987639,0.156744,0.008069,0.981702,0.190254,15.665850,-2.395878,-0.025447,1,1,12.462140,0.006398,0,0
0.330000,-16.993470,312.265800,189.113500,1,1,1,1,2,2,0.717303,0.717610,0.717169,0.717470,0.717319,0.000254,0.988524,0.151063,0.000000,0.988486,0.151310,0.007375,0.982349,0.186914,15.707260,-2.338885,-0.007516,1,1,12.474060,-0.001338,0,0
0.340000,-16.993660,312.243000,189.236300,1,1,1,1,2,2,0.713356,0.713781,0.713415,0.713702,0.713559,0.000215,0.989027,0.147737,0.000000,0.989034,0.147686,0.006740,0.982988,0.183549,15.941700,-2.281410,0.010435,1,1,12.485730,-0.008467,0,0
0.350000,-16.993840,312.220700,189.359300,1,1,1,1,2,2,0.709820,0.709965,0.709724,0.710026,0.709875,0.000819,0.989580,0.143983,0.000000,0.989570,0.144057,0.006160,0.983618,0.180161,16.112810,-2.221557,0.030362,1,1,12.497170,-0.014766,0,0
0.360000,-16.994020,312.199100,189.482500,1,1,1,1,2,2,0.679767,0.687686,0.705449,0.705720,0.705585,0.000000,0.996048,0.088818,0.000000,0.990347,0.138610,0.005630,0.984267,0.176596,16.408500,-2.159949,0.049678,1,1,12.508380,-0.020461,0,0
0.370000,-16.994200,312.178200,189.605900,1,1,1,1,2,2,0.702028,0.702275,0.701936,0.702208,0.702072,-0.000684,0.990852,0.134955,0.000000,0.990850,0.134966,0.005146,0.984904,0.173025,16.494290,-2.095354,0.071787,1,1,12.519370,-0.025523,0,0
0.380000,-16.994380,312.157900,189.729600,1,1,1,1,2,2,0.732370,0.724302,0.698607,0.699943,0.699275,-0.001483,0.997009,0.077269,0.000000,0.991462,0.130398,0.004703,0.985542,0.169368,16.458970,-2.029840,0.093588,1,1,12.530120,-0.030155,0,0
0.390000,-16.994560,312.138200,189.853400,1,1,1,1,2,2,0.696439,0.696674,0.696430,0.696672,0.696551,0.000040,0.992043,0.125899,0.000000,0.992053,0.125823,0.004299,0.986179,0.165632,16.446360,-1.964598,0.113955,1,1,12.540620,-0.034347,0,0
0.400000,-16.994750,312.119200,189.977500,1,1,1,1,2,2,0.693365,0.693537,0.693313,0.693555,0.693434,-0.001534,0.992523,0.122044,0.000000,0.992510,0.122160,0.003929,0.986799,0.161902,16.507510,-1.899406,0.134197,1,1,12.550860,-0.038074,0,0
0.410000,-16.994930,312.100900,190.101700,1,1,1,1,2,2,0.690393,0.655061,0.690305,0.690532,0.690418,0.000024,0.997050,0.076756,0.000000,0.992955,0.118493,0.003591,0.987405,0.158177,16.535180,-1.833539,0.155040,1,1,12.560840,-0.041351,0,0
0.420000,-16.995120,312.083200,190.226200,1,1,1,1,2,2,0.686678,0.686765,0.686644,0.686856,0.686750,-0.000358,0.993591,0.113039,0.000000,0.993596,0.112989,0.003282,0.988019,0.154300,16.723780,-1.767329,0.174149,1,1,12.570570,-0.044253,0,0
0.430000,-16.995310,312.066200,190.350800,1,1,1,1,2,2,0.725915,0.718517,0.683864,0.684076,0.683970,0.000623,0.999376,0.035317,0.000000,0.994008,0.109310,0.003000,0.988615,0.150439,16.701610,-1.699185,0.195284,1,1,12.580050,-0.046771,0,0
0.440000,-16.995510,312.049900,190.475700,1,1,1,1,2,2,0.682306,0.682514,0.682239,0.682436,0.682337,-0.001566,0.994598,0.103786,0.000000,0.994601,0.103775,0.002742,0.989217,0.146434,16.526010,-1.631193,0.214299,1,1,12.589260,-0.049030,0,0
0.450000,-16.995700,312.034200,190.600700,1,1,1,1,2,2,0.679669,0.679865,0.679689,0.679871,0.679780,0.000294,0.994977,0.100107,0.000000,0.994979,0.100085,0.002506,0.989798,0.142456,16.553920,-1.564869,0.231826,1,1,12.598130,-0.051049,0,0
0.460000,-16.995910,312.019300,190.725800,1,1,1,1,2,2,0.677382,0.640610,0.677264,0.677462,0.677363,-0.000008,0.998312,0.058081,0.000000,0.995344,0.096390,0.002290,0.990360,0.138502,16.543290,-1.498204,0.249872,1,1,12.606710,-0.052744,0,0
0.470000,-16.996110,312.004900,190.851200,1,1,1,1,2,2,0.674144,0.674252,0.674141,0.674308,0.674224,-0.001430,0.995864,0.090851,0.000000,0.995865,0.090847,0.002093,0.990924,0.134412,16.710290,-1.431583,0.266011,1,1,12.614990,-0.054198,0,0
0.480000,-16.996330,311.991300,190.976700,1,1,1,1,2,2,0.704402,0.697025,0.671917,0.672099,0.672008,0.000216,0.999516,0.031118,0.000000,0.996196,0.087143,0.001913,0.991466,0.130354,16.660460,-1.363246,0.284174,1,1,12.622990,-0.055408,0,0
0.490000,-16.996540,311.978400,191.102300,1,1,1,1,2,2,0.670856,0.671334,0.670852,0.671004,0.670928,0.000223,0.996640,0.081908,0.000000,0.996667,0.081574,0.001749,0.992008,0.126166,16.461450,-1.295344,0.300127,1,1,12.630670,-0.056455,0,0
0.500000,-16.996760,311.966100,191.228100,1,1,1,1,2,2,0.668744,0.668954,0.668815,0.668967,0.668891,-0.000675,0.996952,0.078016,0.000000,0.996964,0.077860,0.001598,0.992527,0.122019,16.472760,-1.229360,0.314544,1,1,12.637970,-0.057357,0,0
0.510000,-16.996990,311.954400,191.354000,1,1,1,1,2,2,0.640415,0.648433,0.666904,0.666236,0.666570,0.000000,0.999652,0.026397,0.000000,0.997316,0.073217,0.001461,0.993033,0.117828,16.547190,-1.163209,0.328474,1,1,12.644930,-0.058048,0,0
0.520000,-16.997220,311.943500,191.480000,1,1,1,1,2,2,0.664290,0.664284,0.664264,0.664386,0.664325,0.000302,0.997656,0.068425,0.000000,0.997646,0.068568,0.001335,0.993526,0.113598,16.603240,-1.096269,0.342588,1,1,12.651570,-0.058583,0,0
0.530000,-16.997460,311.933200,191.606200,1,1,1,1,2,2,0.670391,0.663624,0.663536,0.663658,0.663597,0.000390,0.998403,0.056488,0.000000,0.998015,0.062978,0.001220,0.994014,0.109252,16.410790,-1.028723,0.355723,1,1,12.657890,-0.058985,0,0
0.540000,-16.997700,311.923600,191.732500,1,1,1,1,2,2,0.661884,0.661868,0.661859,0.661966,0.661913,0.000366,0.998249,0.059146,0.000000,0.998243,0.059250,0.001116,0.994476,0.104957,16.422770,-0.963041,0.367551,1,1,12.663780,-0.059308,0,0
0.550000,-16.997950,311.914600,191.858800,1,1,1,1,2,2,0.660280,0.660405,0.660279,0.660386,0.660333,-0.000509,0.998455,0.055568,0.000000,0.998458,0.055520,0.001020,0.994915,0.100710,16.398630,-0.897198,0.380064,1,1,12.669300,-0.059489,0,0
0.560000,-16.998200,311.906300,191.985300,1,1,1,1,2,2,0.657998,0.658028,0.657961,0.658052,0.658007,0.001335,0.998747,0.050038,0.000000,0.998753,0.049923,0.000932,0.995348,0.096348,16.552900,-0.831555,0.390812,1,1,12.674470,-0.059566,0,0
0.570000,-16.998460,311.898700,192.111900,1,1,1,1,2,2,0.656547,0.656620,0.656570,0.656631,0.656601,0.000429,0.998939,0.046046,0.000000,0.998933,0.046187,0.000852,0.995755,0.092038,16.486690,-0.764338,0.403743,1,1,12.679310,-0.059546,0,0
0.580000,-16.998730,311.891700,192.238500,1,1,1,1,2,2,0.656249,0.656309,0.656182,0.656258,0.656220,-0.000270,0.999177,0.040562,0.000000,0.999176,0.040577,0.000778,0.996154,0.087617,16.289080,-0.697747,0.414547,1,1,12.683770,-0.059459,0,0
0.590000,-16.998990,311.885300,192.365200,1,1,1,1,2,2,0.654911,0.654978,0.654920,0.654981,0.654950,0.000501,0.999320,0.036881,0.000000,0.999321,0.036837,0.000712,0.996528,0.083254,16.283120,-0.633091,0.424073,1,1,12.687780,-0.059322,0,0
0.600000,-16.999270,311.879700,192.492000,1,1,1,1,2,2,0.653663,0.610330,0.653709,0.653785,0.653747,-0.000438,0.999956,-0.009349,0.000000,0.999452,0.033095,0.000650,0.996879,0.078943,16.250430,-0.568466,0.434182,1,1,12.691390,-0.059098,0,0
0.610000,-16.999550,311.874600,192.618900,1,1,1,1,2,2,0.651666,0.651669,0.651700,0.651746,0.651723,-0.000095,0.999624,0.027408,0.000000,0.999622,0.027481,0.000594,0.997220,0.074521,16.409970,-0.504142,0.442505,1,1,12.694630,-0.058810,0,0
0.620000,-16.999840,311.870200,192.745800,1,1,1,1,2,2,0.672914,0.665786,0.650603,0.650634,0.650618,0.001146,0.999887,-0.015025,0.000000,0.999718,0.023736,0.000543,0.997536,0.070155,16.346420,-0.438205,0.453126,1,1,12.697530,-0.058467,0,0
0.630000,-17.000130,311.866500,192.872700,1,1,1,1,2,2,0.650495,0.650531,0.650512,0.650543,0.650527,0.000914,0.999834,0.018184,0.000000,0.999836,0.018116,0.000497,0.997841,0.065682,16.151220,-0.372883,0.461707,1,1,12.700020,-0.058087,0,0
0.640000,-17.000430,311.863400,192.999700,1,1,1,1,2,2,0.649523,0.649553,0.649545,0.649560,0.649552,0.000278,0.999895,0.014498,0.000000,0.999897,0.014368,0.000454,0.998121,0.061270,16.144620,-0.309492,0.469102,1,1,12.702040,-0.057686,0,0
0.650000,-17.000730,311.861000,193.126700,1,1,1,1,2,2,0.644621,0.647739,0.647710,0.647710,0.647710,-0.000421,0.999985,0.005470,0.000000,0.999962,0.008747,0.000415,0.998388,0.056754,16.329360,-0.246154,0.475082,1,1,12.703660,-0.057227,0,0
0.660000,-17.001040,311.859200,193.253700,1,1,1,1,2,2,0.646786,0.646786,0.646826,0.646842,0.646834,0.000016,0.999988,0.004831,0.000000,0.999988,0.004999,0.000379,0.998631,0.052304,16.273330,-0.180961,0.483725,1,1,12.704950,-0.056737,0,0
0.670000,-17.001350,311.858000,193.380800,1,1,1,1,2,2,0.621100,0.612642,0.646926,0.646926,0.646926,0.001432,0.998355,0.057325,0.000000,1.000000,-0.000625,0.000347,0.998859,0.047752,16.089550,-0.116322,0.490505,1,1,12.705810,-0.056224,0,0
0.680000,-17.001670,311.857500,193.507800,1,1,1,1,2,2,0.646139,0.646118,0.646111,0.646096,0.646104,-0.000167,0.999990,-0.004449,0.000000,0.999991,-0.004373,0.000317,0.999063,0.043269,16.094550,-0.053514,0.496304,1,1,12.706180,-0.055706,0,0
0.690000,-17.001990,311.857500,193.634900,1,1,1,1,2,2,0.645460,0.597506,0.645349,0.645349,0.645349,-0.000566,0.998618,-0.052554,0.000000,0.999967,-0.008122,0.000290,0.999245,0.038849,16.066320,0.009345,0.502942,1,1,12.706140,-0.055153,0,0
0.700000,-17.002320,311.858300,193.762000,1,1,1,1,2,2,0.643750,0.643665,0.643722,0.643706,0.643714,-0.001097,0.999908,-0.013549,0.000000,0.999906,-0.013745,0.000265,0.999411,0.034324,16.236500,0.071918,0.507969,1,1,12.705690,-0.054575,0,0
0.710000,-17.002660,311.859600,193.889000,1,1,1,1,2,2,0.643161,0.643120,0.643074,0.643043,0.643059,-0.000763,0.999846,-0.017545,0.000000,0.999847,-0.017492,0.000242,0.999554,0.029866,16.166610,0.136185,0.515539,1,1,12.704900,-0.053985,0,0
0.720000,-17.003000,311.861600,194.016000,1,1,1,1,2,2,0.643307,0.643312,0.643306,0.643275,0.643290,-0.000342,0.999731,-0.023214,0.000000,0.999733,-0.023111,0.000221,0.999680,0.025308,15.986270,0.199745,0.521133,1,1,12.703670,-0.053385,0,0
0.730000,-17.003340,311.864300,194.143000,1,1,1,1,2,2,0.642671,0.642606,0.642727,0.642681,0.642704,0.000334,0.999640,-0.026834,0.000000,0.999639,-0.026856,0.000202,0.999783,0.020819,15.975930,0.261489,0.525807,1,1,12.701950,-0.052791,0,0
0.740000,-17.003690,311.867500,194.270000,1,1,1,1,2,2,0.642172,0.645485,0.642170,0.641155,0.641663,0.000000,0.999624,-0.027410,0.000000,0.999503,-0.031537,0.000185,0.999867,0.016313,16.055280,0.323114,0.530166,1,1,12.699800,-0.052175,0,0
0.750000,-17.004050,311.871300,194.396900,1,1,1,1,2,2,0.640647,0.640574,0.640676,0.640585,0.640631,0.000389,0.999347,-0.036121,0.000000,0.999344,-0.036216,0.000169,0.999930,0.011791,16.117580,0.385514,0.535129,1,1,12.697270,-0.051551,0,0
0.760000,-17.004400,311.875800,194.523700,1,1,1,1,2,2,0.618131,0.609973,0.641054,0.640963,0.641009,-0.000779,0.999919,0.012730,0.000000,0.999125,-0.041824,0.000154,0.999974,0.007176,15.939880,0.448514,0.539533,1,1,12.694360,-0.050922,0,0
0.770000,-17.004770,311.880900,194.650500,1,1,1,1,2,2,0.640503,0.640472,0.640569,0.640477,0.640523,0.000509,0.998960,-0.045596,0.000000,0.998962,-0.045562,0.000141,0.999996,0.002636,15.937730,0.509712,0.543125,1,1,12.690930,-0.050309,0,0
0.780000,-17.005140,311.886600,194.777300,1,1,1,1,2,2,0.640169,0.640086,0.640120,0.640014,0.640067,-0.001033,0.998782,-0.049338,0.000000,0.998784,-0.049298,0.000129,0.999998,-0.001836,15.908380,0.570859,0.547584,1,1,12.687070,-0.049684,0,0
0.790000,-17.005510,311.892900,194.903900,1,1,1,1,2,2,0.676568,0.638613,0.638713,0.638621,0.638667,0.000779,0.999882,-0.015346,0.000000,0.998492,-0.054902,0.000118,0.999979,-0.006406,16.086660,0.631681,0.550524,1,1,12.682790,-0.049051,0,0
0.800000,-17.005890,311.899900,195.030500,1,1,1,1,2,2,0.638270,0.638279,0.638334,0.638212,0.638273,0.000358,0.998287,-0.058514,0.000000,0.998280,-0.058632,0.000108,0.999941,-0.010903,16.015830,0.694250,0.556180,1,1,12.678160,-0.048422,0,0
0.810000,-17.006270,311.907400,195.157000,1,1,1,1,2,2,0.638920,0.638677,0.638830,0.638708,0.638769,-0.001010,0.997943,-0.064106,0.000000,0.997936,-0.064220,0.000098,0.999880,-0.015495,15.831640,0.756073,0.559954,1,1,12.673090,-0.047795,0,0
0.820000,-17.006650,311.915600,195.283400,1,1,1,1,2,2,0.638392,0.638273,0.638489,0.638337,0.638413,0.000636,0.997683,-0.068030,0.000000,0.997689,-0.067944,0.000090,0.999800,-0.020013,15.822310,0.816012,0.562853,1,1,12.667500,-0.047185,0,0
0.830000,-17.007040,311.924300,195.409800,1,1,1,1,2,2,0.638285,0.638106,0.638171,0.638050,0.638110,0.000000,0.997428,-0.071670,0.000000,0.997429,-0.071665,0.000082,0.999701,-0.024463,15.783390,0.875813,0.566553,1,1,12.661490,-0.046568,0,0
0.840000,-17.007430,311.933700,195.536000,1,1,1,1,2,2,0.636912,0.636773,0.636869,0.636732,0.636800,-0.000008,0.997026,-0.077070,0.000000,0.997012,-0.077247,0.000075,0.999579,-0.029011,15.965480,0.935178,0.568654,1,1,12.655040,-0.045948,0,0
0.850000,-17.007830,311.943600,195.662000,1,1,1,1,2,2,0.635445,0.628196,0.636605,0.636468,0.636536,0.001454,0.997496,-0.070704,0.000000,0.996717,-0.080960,0.000069,0.999439,-0.033487,15.890040,0.996312,0.573517,1,1,12.648250,-0.045337,0,0
0.860000,-17.008240,311.954200,195.788000,1,1,1,1,2,2,0.637123,0.636861,0.637188,0.637021,0.637104,-0.001224,0.996253,-0.086479,0.000000,0.996250,-0.086519,0.000063,0.999276,-0.038057,15.712240,1.056638,0.576474,1,1,12.641020,-0.044730,0,0
0.870000,-17.008640,311.965300,195.913800,1,1,1,1,2,2,0.637008,0.636762,0.636964,0.636796,0.636880,0.000294,0.995931,-0.090119,0.000000,0.995922,-0.090224,0.000057,0.999094,-0.042553,15.696930,1.115130,0.578632,1,1,12.633260,-0.044142,0,0
0.880000,-17.009050,311.977100,196.039600,1,1,1,1,2,2,0.643480,0.651436,0.636791,0.636624,0.636708,0.000000,0.997254,-0.074061,0.000000,0.995579,-0.093925,0.000052,0.998896,-0.046981,15.653290,1.173409,0.581540,1,1,12.625080,-0.043552,0,0
0.889999,-17.009470,311.989400,196.165100,1,1,1,1,2,2,0.635462,0.635281,0.635579,0.635397,0.635488,0.000262,0.995041,-0.099466,0.000000,0.995040,-0.099476,0.000048,0.998673,-0.051506,15.838470,1.231190,0.582830,1,1,12.616460,-0.042960,0,0
0.899999,-17.009880,312.002300,196.290500,1,1,1,1,2,2,0.616002,0.608290,0.635445,0.635248,0.635347,-0.002075,0.998603,-0.052794,0.000000,0.994664,-0.103167,0.000044,0.998433,-0.055960,15.759150,1.290754,0.586923,1,1,12.607510,-0.042380,0,0
0.909999,-17.010300,312.015800,196.415800,1,1,1,1,2,2,0.635963,0.635832,0.636086,0.635889,0.635987,0.000755,0.994077,-0.108680,0.000000,0.994076,-0.108689,0.000040,0.998168,-0.060507,15.586710,1.349458,0.589105,1,1,12.598110,-0.041805,0,0
0.919999,-17.010730,312.029800,196.540900,1,1,1,1,2,2,0.381766,0.366750,0.635279,0.635069,0.635174,0.000000,0.946724,0.322045,0.000000,0.993872,-0.110537,0.000037,0.997897,-0.064820,15.644360,1.406367,0.592548,1,1,12.588190,-0.041255,0,0
0.929999,-17.011150,312.044500,196.665800,1,1,1,1,1,1,0.674526,0.690297,0.637843,0.635558,0.636701,0.000000,0.999895,-0.014499,0.000000,0.995037,-0.099504,0.000033,0.997698,-0.067809,14.848500,1.463780,0.613311,1,1,12.577910,-0.040726,0,0
0.939999,-17.011590,312.059600,196.790600,1,1,1,1,1,1,0.635967,0.635929,0.635999,0.635786,0.635893,-0.002019,0.994479,-0.104916,0.000000,0.994468,-0.105040,0.000031,0.997475,-0.071018,14.739890,1.513195,0.623387,1,1,12.567010,-0.040105,0,0
0.949999,-17.012020,312.075300,196.915100,1,1,1,1,1,1,0.636217,0.636051,0.636187,0.635975,0.636081,0.002194,0.994081,-0.108616,0.000000,0.994072,-0.108727,0.000028,0.997238,-0.074268,14.490790,1.561470,0.631904,1,1,12.555800,-0.039498,0,0
0.959999,-17.012460,312.091300,197.039600,1,1,1,1,1,1,0.636150,0.635938,0.636275,0.636063,0.636169,0.000000,0.993636,-0.112636,0.000000,0.993662,-0.112409,0.000026,0.996988,-0.077556,14.332320,1.607203,0.637511,1,1,12.544170,-0.038906,0,0
0.969999,-17.012900,312.107800,197.163800,1,1,1,1,1,1,0.636470,0.636115,0.636294,0.636082,0.636188,0.000000,0.993262,-0.115889,0.000000,0.993239,-0.116085,0.000023,0.996724,-0.080877,14.234940,1.651296,0.641163,1,1,12.532170,-0.038324,0,0
0.979999,-17.013340,312.124800,197.287800,1,1,1,1,1,1,0.658784,0.675458,0.636214,0.635971,0.636092,0.000000,0.997928,-0.064342,0.000000,0.992803,-0.119756,0.000021,0.996446,-0.084229,14.190680,1.694357,0.643513,1,1,12.519810,-0.037753,0,0
0.989999,-17.013790,312.142200,197.411700,1,1,1,1,1,1,0.633909,0.633522,0.633816,0.633574,0.633695,0.003322,0.991892,-0.127039,0.000000,0.991892,-0.127086,0.000019,0.996127,-0.087925,14.677770,1.736916,0.641163,1,1,12.507120,-0.037185,0,0
0.999999,-17.014240,312.160000,197.535300,1,1,1,1,1,1,0.887668,0.889336,0.635802,0.635566,0.635684,0.000000,0.808286,0.588790,0.000000,0.991892,-0.127086,0.000018,0.995823,-0.091302,14.152200,1.784257,0.647749,1,1,12.494330,-0.036649,0,0
1.009999,-17.014690,312.178300,197.658800,0,0,0,0,0,0,0.000000,0.000000,0.000000,0.000000,0.635684,0.000000,0.000000,0.000000,0.000000,0.991892,-0.127086,0.000018,0.995823,-0.091302,0.000000,1.826297,0.691407,0,2,12.480960,-0.036197,0,0
1.019999,-17.015140,312.195500,197.782200,0,0,0,0,0,0,0.000000,0.000000,0.000000,0.000000,0.635684,0.000000,0.000000,0.000000,0.000000,0.991892,-0.127086,0.000018,0.995823,-0.091302,0.000000,1.728197,0.593717,0,2,12.466990,-0.004185,0,0
1.029999,-17.015590,312.211800,197.905700,0,0,0,0,0,0,0.000000,0.000000,0.000000,0.000000,0.635684,0.000000,0.000000,0.000000,0.000000,0.991892,-0.127086,0.000018,0.995823,-0.091302,0.000000,1.630097,0.496027,0,2,12.453770,-0.004185,0,0
1.039999,-17.016040,312.227100,198.029200,0,0,0,0,0,0,0.000000,0.000000,0.000000,0.000000,0.635684,0.000000,0.000000,0.000000,0.000000,0.991892,-0.127086,0.000018,0.995823,-0.091302,0.000000,1.531997,0.398337,0,2,12.441310,-0.004185,0,0
1.049999,-17.016500,312.241500,198.152600,0,0,0,0,0,0,0.000000,0.000000,0.000000,0.000000,0.635684,0.000000,0.000000,0.000000,0.000000,0.991892,-0.127086,0.000018,0.995823,-0.091302,0.000000,1.433897,0.300646,0,2,12.429610,-0.004185,0,0
1.059999,-17.016950,312.254900,198.276100,0,0,0,0,0,0,0.000000,0.000000,0.000000,0.000000,0.635684,0.000000,0.000000,0.000000,0.000000,0.991892,-0.127086,0.000018,0.995823,-0.091302,0.000000,1.335797,0.202956,0,2,12.418670,-0.004185,0,0
1.069999,-17.017400,312.267200,198.399500,0,0,0,0,0,0,0.000000,0.000000,0.000000,0.000000,0.635684,0.000000,0.000000,0.000000,0.000000,0.991892,-0.127086,0.000018,0.995823,-0.091302,0.000000,1.237697,0.105266,0,2,12.408500,-0.004185,0,0
1.079999,-17.017850,312.278600,198.523000,0,0,0,0,0,0,0.000000,0.000000,0.000000,0.000000,0.635684,0.000000,0.000000,0.000000,0.000000,0.991892,-0.127086,0.000018,0.995823,-0.091302,0.000000,1.139597,0.007576,0,2,12.399100,-0.004185,0,0
1.089999,-17.018300,312.289000,198.646500,0,0,0,0,0,0,0.000000,0.000000,0.000000,0.000000,0.635684,0.000000,0.000000,0.000000,0.000000,0.991892,-0.127086,0.000018,0.995823,-0.091302,0.000000,1.041497,-0.090114,0,2,12.390470,-0.004185,0,0
1.099999,-17.018760,312.298500,198.769900,0,0,0,0,0,0,0.000000,0.000000,0.000000,0.000000,0.635684,0.000000,0.000000,0.000000,0.000000,0.991892,-0.127086,0.000018,0.995823,-0.091302,0.000000,0.943397,-0.187805,0,2,12.382610,-0.004185,0,0
1.109999,-17.019210,312.306900,198.893400,0,0,0,0,0,0,0.000000,0.000000,0.000000,0.000000,0.635684,0.000000,0.000000,0.000000,0.000000,0.991892,-0.127086,0.000018,0.995823,-0.091302,0.000000,0.845297,-0.285495,0,2,12.375520,-0.004185,0,0
1.119999,-17.019660,312.314400,199.016800,0,0,0,0,0,0,0.000000,0.000000,0.000000,0.000000,0.635684,0.000000,0.000000,0.000000,0.000000,0.991892,-0.127086,0.000018,0.995823,-0.091302,0.000000,0.747197,-0.383185,0,2,12.369210,-0.004185,0,0
1.129999,-17.020110,312.320900,199.140300,0,0,0,0,0,0,0.000000,0.000000,0.000000,0.000000,0.635684,0.000000,0.000000,0.000000,0.000000,0.991892,-0.127086,0.000018,0.995823,-0.091302,0.000000,0.649097,-0.480875,0,2,12.363670,-0.004185,0,0
1.139999,-17.020570,312.326400,199.263700,0,0,0,0,0,0,0.000000,0.000000,0.000000,0.000000,0.635684,0.000000,0.000000,0.000000,0.000000,0.991892,-0.127086,0.000018,0.995823,-0.091302,0.000000,0.550997,-0.578566,0,2,12.358910,-0.004185,0,0
1.149999,-17.021020,312.330900,199.387200,0,0,0,0,0,0,0.000000,0.000000,0.000000,0.000000,0.635684,0.000000,0.000000,0.000000,0.000000,0.991892,-0.127086,0.000018,0.995823,-0.091302,0.000000,0.452897,-0.676256,0,2,12.354930,-0.004185,0,0
1.159999,-17.021470,312.334500,199.510700,0,0,0,0,0,0,0.000000,0.000000,0.000000,0.000000,0.635684,0.000000,0.000000,0.000000,0.000000,0.991892,-0.127086,0.000018,0.995823,-0.091302,0.000000,0.354797,-0.773946,0,2,12.351720,-0.004185,0,0
1.169999,-17.021920,312.337000,199.634100,0,0,0,0,0,0,0.000000,0.000000,0.000000,0.000000,0.635684,0.000000,0.000000,0.000000,0.000000,0.991892,-0.127086,0.000018,0.995823,-0.091302,0.000000,0.256697,-0.871637,0,2,12.349290,-0.004185,0,0
1.179999,-17.022370,312.338600,199.757600,0,0,0,0,0,0,0.000000,0.000000,0.000000,0.000000,0.635684,0.000000,0.000000,0.000000,0.000000,0.991892,-0.127086,0.000018,0.995823,-0.091302,0.000000,0.158597,-0.969327,0,2,12.347640,-0.004185,0,0
1.189999,-17.022830,312.339200,199.881000,0,0,0,0,0,0,0.000000,0.000000,0.000000,0.000000,0.635684,0.000000,0.000000,0.000000,0.000000,0.991892,-0.127086,0.000018,0.995823,-0.091302,0.000000,0.060497,-1.067017,0,2,12.346770,-0.004185,0,0
1.199999,-17.023280,312.338900,200.004500,0,0,0,0,0,0,0.000000,0.000000,0.000000,0.000000,0.635684,0.000000,0.000000,0.000000,0.000000,0.991892,-0.127086,0.000018,0.995823,-0.091302,0.000000,-0.037603,-1.164707,0,2,12.346680,-0.004185,0,0
1.209999,-17.023730,312.337500,200.128000,0,0,0,0,0,0,0.000000,0.000000,0.000000,0.000000,0.635684,0.000000,0.000000,0.000000,0.000000,0.991892,-0.127086,0.000018,0.995823,-0.091302,0.000000,-0.135703,-1.262397,0,2,12.347370,-0.004185,0,0
1.219999,-17.024180,312.335200,200.251400,0,0,0,0,0,0,0.000000,0.000000,0.000000,0.000000,0.635684,0.000000,0.000000,0.000000,0.000000,0.991892,-0.127086,0.000018,0.995823,-0.091302,0.000000,-0.233803,-1.360088,0,2,12.348840,-0.004185,0,0
1.229999,-17.024630,312.331800,200.374900,0,0,0,0,0,0,0.000000,0.000000,0.000000,0.000000,0.635684,0.000000,0.000000,0.000000,0.000000,0.991892,-0.127086,0.000018,0.995823,-0.091302,0.000000,-0.331903,-1.457778,0,2,12.351080,-0.004185,0,0
1.239999,-17.025090,312.327500,200.498300,0,0,0,0,0,0,0.000000,0.000000,0.000000,0.000000,0.635684,0.000000,0.000000,0.000000,0.000000,0.991892,-0.127086,0.000018,0.995823,-0.091302,0.000000,-0.430003,-1.555468,0,2,12.354110,-0.004185,0,0
1.249999,-17.025540,312.322300,200.621800,0,0,0,0,0,0,0.000000,0.000000,0.000000,0.000000,0.635684,0.000000,0.000000,0.000000,0.000000,0.991892,-0.127086,0.000018,0.995823,-0.091302,0.000000,-0.528103,-1.653158,0,2,12.357910,-0.004185,0,0
1.259999,-17.025990,312.316000,200.745300,0,0,0,0,0,0,0.000000,0.000000,0.000000,0.000000,0.635684,0.000000,0.000000,0.000000,0.000000,0.991892,-0.127086,0.000018,0.995823,-0.091302,0.000000,-0.626203,-1.750849,0,2,12.362490,-0.004185,0,0
1.269999,-17.026440,312.308800,200.868700,0,0,0,0,0,0,0.000000,0.000000,0.000000,0.000000,0.635684,0.000000,0.000000,0.000000,0.000000,0.991892,-0.127086,0.000018,0.995823,-0.091302,0.000000,-0.724303,-1.848539,0,2,12.367850,-0.004185,0,0
1.279999,-17.026890,312.300600,200.992200,0,0,0,0,0,0,0.000000,0.000000,0.000000,0.000000,0.635684,0.000000,0.000000,0.000000,0.000000,0.991892,-0.127086,0.000018,0.995823,-0.091302,0.000000,-0.822403,-1.946229,0,2,12.373980,-0.004185,0,0
1.289999,-17.027350,312.291400,201.115600,0,0,0,0,0,0,0.000000,0.000000,0.000000,0.000000,0.635684,0.000000,0.000000,0.000000,0.000000,0.991892,-0.127086,0.000018,0.995823,-0.091302,0.000000,-0.920503,-2.043920,0,2,12.380890,-0.004185,0,0
1.299999,-17.027800,312.281200,201.239100,0,0,0,0,0,0,0.000000,0.000000,0.000000,0.000000,0.635684,0.000000,0.000000,0.000000,0.000000,0.991892,-0.127086,0.000018,0.995823,-0.091302,0.000000,-1.018603,-2.141610,0,2,12.388570,-0.004185,0,0
1.309999,-17.028250,312.270000,201.362500,0,0,0,0,0,0,0.000000,0.000000,0.000000,0.000000,0.635684,0.000000,0.000000,0.000000,0.000000,0.991892,-0.127086,0.000018,0.995823,-0.091302,0.000000,-1.116703,-2.239300,0,2,12.397020,-0.004185,0,0
1.319999,-17.028700,312.257800,201.486000,0,0,0,0,0,0,0.000000,0.000000,0.000000,0.000000,0.635684,0.000000,0.000000,0.000000,0.000000,0.991892,-0.127086,0.000018,0.995823,-0.091302,0.000000,-1.214803,-2.336990,0,2,12.406240,-0.004185,0,0
1.329999,-17.029150,312.244700,201.609500,0,0,0,0,0,0,0.000000,0.000000,0.000000,0.000000,0.635684,0.000000,0.000000,0.000000,0.000000,0.991892,-0.127086,0.000018,0.995823,-0.091302,0.000000,-1.312903,-2.434680,0,2,12.416230,-0.004185,0,0
1.339999,-17.029610,312.230600,201.732900,0,0,0,0,0,0,0.000000,0.000000,0.000000,0.000000,0.635684,0.000000,0.000000,0.000000,0.000000,0.991892,-0.127086,0.000018,0.995823,-0.091302,0.000000,-1.411003,-2.532371,0,2,12.426990,-0.004185,0,0
1.349999,-17.030060,312.215500,201.856400,0,0,0,0,0,0,0.000000,0.000000,0.000000,0.000000,0.635684,0.000000,0.000000,0.000000,0.000000,0.991892,-0.127086,0.000018,0.995823,-0.091302,0.000000,-1.509103,-2.630061,0,2,12.438510,-0.004185,0,0
1.359999,-17.030510,312.199400,201.979800,0,0,0,0,0,0,0.000000,0.000000,0.000000,0.000000,0.635684,0.000000,0.000000,0.000000,0.000000,0.991892,-0.127086,0.000018,0.995823,-0.091302,0.000000,-1.607203,-2.727751,0,2,12.450790,-0.004185,0,0
1.369999,-17.030960,312.182400,202.103300,0,0,0,0,0,0,0.000000,0.000000,0.000000,0.000000,0.635684,0.000000,0.000000,0.000000,0.000000,0.991892,-0.127086,0.000018,0.995823,-0.091302,0.000000,-1.705303,-2.825441,0,2,12.463830,-0.004185,0,0
1.379999,-17.031410,312.164300,202.226800,0,0,0,0,0,0,0.000000,0.000000,0.000000,0.000000,0.635684,0.000000,0.000000,0.000000,0.000000,0.991892,-0.127086,0.000018,0.995823,-0.091302,0.000000,-1.803403,-2.923131,0,2,12.477630,-0.004185,0,0
1.389999,-17.031870,312.145300,202.350200,0,0,0,0,0,0,0.000000,0.000000,0.000000,0.000000,0.635684,0.000000,0.000000,0.000000,0.000000,0.991892,-0.127086,0.000018,0.995823,-0.091302,0.000000,-1.901502,-3.020822,0,2,12.492190,-0.004185,0,0
1.399999,-17.032320,312.125300,202.473700,0,0,0,0,0,0,0.000000,0.000000,0.000000,0.000000,0.635684,0.000000,0.000000,0.000000,0.000000,0.991892,-0.127086,0.000018,0.995823,-0.091302,0.000000,-1.999602,-3.118512,0,2,12.507500,-0.004185,0,0
1.409999,-17.032770,312.104400,202.597100,0,0,0,0,0,0,0.000000,0.000000,0.000000,0.000000,0.635684,0.000000,0.000000,0.000000,0.000000,0.991892,-0.127086,0.000018,0.995823,-0.091302,0.000000,-2.097703,-3.216202,0,2,12.523560,-0.004185,0,0
1.419999,-17.033220,312.082400,202.720600,0,0,0,0,0,0,0.000000,0.000000,0.000000,0.000000,0.635684,0.000000,0.000000,0.000000,0.000000,0.991892,-0.127086,0.000018,0.995823,-0.091302,0.000000,-2.195802,-3.313892,0,2,12.540360,-0.004185,0,0
1.429999,-17.033670,312.059400,202.844100,0,0,0,0,0,0,0.000000,0.000000,0.000000,0.000000,0.635684,0.000000,0.000000,0.000000,0.000000,0.991892,-0.127086,0.000018,0.995823,-0.091302,0.000000,-2.293902,-3.411582,0,2,12.557910,-0.004185,0,0
1.439999,-17.034130,312.035500,202.967500,0,0,0,0,0,0,0.000000,0.000000,0.000000,0.000000,0.635684,0.000000,0.000000,0.000000,0.000000,0.991892,-0.127086,0.000018,0.995823,-0.091302,0.000000,-2.392002,-3.509273,0,2,12.576200,-0.004185,0,0
1.449999,-17.034580,312.010600,203.091000,0,0,0,0,0,0,0.000000,0.000000,0.000000,0.000000,0.635684,0.000000,0.000000,0.000000,0.000000,0.991892,-0.127086,0.000018,0.995823,-0.091302,0.000000,-2.490102,-3.606963,0,2,12.595230,-0.004185,0,0
1.459999,-17.035030,311.984700,203.214400,0,0,0,0,0,0,0.000000,0.000000,0.000000,0.000000,0.635684,0.000000,0.000000,0.000000,0.000000,0.991892,-0.127086,0.000018,0.995823,-0.091302,0.000000,-2.588202,-3.704653,0,2,12.614990,-0.004185,0,0
1.469999,-17.035480,311.957900,203.337900,0,0,0,0,0,0,0.000000,0.000000,0.000000,0.000000,0.635684,0.000000,0.000000,0.000000,0.000000,0.991892,-0.127086,0.000018,0.995823,-0.091302,0.000000,-2.686302,-3.802343,0,2,12.635480,-0.004185,0,0
1.479999,-17.035930,311.930100,203.461300,0,0,0,0,0,0,0.000000,0.000000,0.000000,0.000000,0.635684,0.000000,0.000000,0.000000,0.000000,0.991892,-0.127086,0.000018,0.995823,-0.091302,0.000000,-2.784402,-3.900033,0,2,12.656700,-0.004185,0,0
1.489999,-17.036390,311.901200,203.584800,0,0,0,0,0,0,0.000000,0.000000,0.000000,0.000000,0.635684,0.000000,0.000000,0.000000,0.000000,0.991892,-0.127086,0.000018,0.995823,-0.091302,0.000000,-2.882502,-3.997724,0,2,12.678640,-0.004185,0,0
1.499999,-17.036840,311.871400,203.708300,0,0,0,0,0,0,0.000000,0.000000,0.000000,0.000000,0.635684,0.000000,0.000000,0.000000,0.000000,0.991892,-0.127086,0.000018,0.995823,-0.091302,0.000000,-2.980602,-4.095414,0,2,12.701300,-0.004185,0,0
1.509999,-17.037290,311.840600,203.831700,0,0,0,0,0,0,0.000000,0.000000,0.000000,0.000000,0.635684,0.000000,0.000000,0.000000,0.000000,0.991892,-0.127086,0.000018,0.995823,-0.091302,0.000000,-3.078702,-4.193104,0,2,12.724680,-0.004185,0,0
1.519999,-17.037740,311.808800,203.955200,0,0,0,0,0,0,0.000000,0.000000,0.000000,0.000000,0.635684,0.000000,0.000000,0.000000,0.000000,0.991892,-0.127086,0.000018,0.995823,-0.091302,0.000000,-3.176802,-4.290794,0,2,12.748770,-0.004185,0,0
1.529999,-17.038190,311.776100,204.078600,0,0,0,0,0,0,0.000000,0.000000,0.000000,0.000000,0.635684,0.000000,0.000000,0.000000,0.000000,0.991892,-0.127086,0.000018,0.995823,-0.091302,0.000000,-3.274902,-4.388484,0,2,12.773570,-0.004185,0,0
1.539999,-17.038650,311.742400,204.202100,0,0,0,0,0,0,0.000000,0.000000,0.000000,0.000000,0.635684,0.000000,0.000000,0.000000,0.000000,0.991892,-0.127086,0.000018,0.995823,-0.091302,0.000000,-3.373002,-4.486175,0,2,12.799070,-0.004185,0,0
1.549999,-17.039100,311.707700,204.325600,0,0,0,0,0,0,0.000000,0.000000,0.000000,0.000000,0.635684,0.000000,0.000000,0.000000,0.000000,0.991892,-0.127086,0.000018,0.995823,-0.091302,0.000000,-3.471102,-4.583865,0,2,12.825270,-0.004185,0,0
1.559999,-17.039550,311.672000,204.449000,0,0,0,0,0,0,0.000000,0.000000,0.000000,0.000000,0.635684,0.000000,0.000000,0.000000,0.000000,0.991892,-0.127086,0.000018,0.995823,-0.091302,0.000000,-3.569202,-4.681555,0,2,12.852170,-0.004185,0,0
1.569999,-17.040000,311.635300,204.572500,0,0,0,0,0,0,0.000000,0.000000,0.000000,0.000000,0.635684,0.000000,0.000000,0.000000,0.000000,0.991892,-0.127086,0.000018,0.995823,-0.091302,0.000000,-3.667302,-4.779245,0,2,12.879760,-0.004185,0,0
1.579999,-17.040450,311.597600,204.695900,0,0,0,0,0,0,0.000000,0.000000,0.000000,0.000000,0.635684,0.000000,0.000000,0.000000,0.000000,0.991892,-0.127086,0.000018,0.995823,-0.091302,0.000000,-3.765402,-4.876935,0,2,12.908030,-0.004185,0,0
1.589999,-17.040910,311.559000,204.819400,0,0,0,0,0,0,0.000000,0.000000,0.000000,0.000000,0.635684,0.000000,0.000000,0.000000,0.000000,0.991892,-0.127086,0.000018,0.995823,-0.091302,0.000000,-3.863502,-4.974626,0,2,12.936990,-0.004185,0,0
1.599999,-17.041360,311.519400,204.942900,0,0,0,0,0,0,0.000000,0.000000,0.000000,0.000000,0.635684,0.000000,0.000000,0.000000,0.000000,0.991892,-0.127086,0.000018,0.995823,-0.091302,0.000000,-3.961601,-5.072316,0,2,12.966630,-0.004185,0,0
1.609999,-17.041810,311.478800,205.066300,0,0,0,0,0,0,0.000000,0.000000,0.000000,0.000000,0.635684,0.000000,0.000000,0.000000,0.000000,0.991892,-0.127086,0.000018,0.995823,-0.091302,0.000000,-4.059701,-5.170006,0,2,12.996930,-0.004185,0,0
1.619999,-17.042260,311.437200,205.189800,0,0,0,0,0,0,0.000000,0.000000,0.000000,0.000000,0.635684,0.000000,0.000000,0.000000,0.000000,0.991892,-0.127086,0.000018,0.995823,-0.091302,0.000000,-4.157802,-5.267696,0,2,13.027910,-0.004185,0,0
1.629999,-17.042720,311.394700,205.313200,0,0,0,0,0,0,0.000000,0.000000,0.000000,0.000000,0.635684,0.000000,0.000000,0.000000,0.000000,0.991892,-0.127086,0.000018,0.995823,-0.091302,0.000000,-4.255902,-5.365387,0,2,13.059550,-0.004185,0,0
1.639999,-17.043170,311.351100,205.436700,0,0,0,0,0,0,0.000000,0.000000,0.000000,0.000000,0.635684,0.000000,0.000000,0.000000,0.000000,0.991892,-0.127086,0.000018,0.995823,-0.091302,0.000000,-4.354002,-5.463077,0,2,13.091850,-0.004185,0,0
1.649999,-17.043620,311.306600,205.560200,0,0,0,0,0,0,0.000000,0.000000,0.000000,0.000000,0.635684,0.000000,0.000000,0.000000,0.000000,0.991892,-0.127086,0.000018,0.995823,-0.091302,0.000000,-4.452102,-5.560768,0,2,13.124800,-0.004185,0,0
1.659999,-17.044070,311.261100,205.683600,0,0,0,0,0,0,0.000000,0.000000,0.000000,0.000000,0.635684,0.000000,0.000000,0.000000,0.000000,0.991892,-0.127086,0.000018,0.995823,-0.091302,0.000000,-4.550202,-5.658458,0,2,13.158400,-0.004185,0,0
1.669999,-17.044520,311.214600,205.807100,0,0,0,0,0,0,0.000000,0.000000,0.000000,0.000000,0.635684,0.000000,0.000000,0.000000,0.000000,0.991892,-0.127086,0.000018,0.995823,-0.091302,0.000000,-4.648303,-5.756149,0,2,13.192640,-0.004185,0,0
1.679999,-17.044980,311.167100,205.930500,0,0,0,0,0,0,0.000000,0.000000,0.000000,0.000000,0.635684,0.000000,0.000000,0.000000,0.000000,0.991892,-0.127086,0.000018,0.995823,-0.091302,0.000000,-4.746403,-5.853839,0,2,13.227520,-0.004185,0,0
1.689999,-17.045430,311.118700,206.054000,0,0,0,0,0,0,0.000000,0.000000,0.000000,0.000000,0.635684,0.000000,0.000000,0.000000,0.000000,0.991892,-0.127086,0.000018,0.995823,-0.091302,0.000000,-4.844503,-5.951530,0,2,13.263040,-0.004185,0,0
1.699999,-17.045880,311.069300,206.177400,0,0,0,0,0,0,0.000000,0.000000,0.000000,0.000000,0.635684,0.000000,0.000000,0.000000,0.000000,0.991892,-0.127086,0.000018,0.995823,-0.091302,0.000000,-4.942603,-6.049220,0,2,13.299190,-0.004185,0,0
1.709999,-17.046330,311.018900,206.300900,0,0,0,0,0,0,0.000000,0.000000,0.000000,0.000000,0.635684,0.000000,0.000000,0.000000,0.000000,0.991892,-0.127086,0.000018,0.995823,-0.091302,0.000000,-5.040703,-6.146910,0,2,13.335960,-0.004185,0,0
1.719999,-17.046780,310.967500,206.424400,0,0,0,0,0,0,0.000000,0.000000,0.000000,0.000000,0.635684,0.000000,0.000000,0.000000,0.000000,0.991892,-0.127086,0.000018,0.995823,-0.091302,0.000000,-5.138803,-6.244601,0,2,13.373350,-0.004185,0,0
1.729999,-17.047240,310.915100,206.547800,0,0,0,0,0,0,0.000000,0.000000,0.000000,0.000000,0.635684,0.000000,0.000000,0.000000,0.000000,0.991892,-0.127086,0.000018,0.995823,-0.091302,0.000000,-5.236904,-6.342291,0,2,13.411350,-0.004185,0,0
1.739999,-17.047690,310.861800,206.671300,0,0,0,0,0,0,0.000000,0.000000,0.000000,0.000000,0.635684,0.000000,0.000000,0.000000,0.000000,0.991892,-0.127086,0.000018,0.995823,-0.091302,0.000000,-5.335004,-6.439981,0,2,13.449960,-0.004185,0,0
1.749999,-17.048140,310.807400,206.794700,0,0,0,0,0,0,0.000000,0.000000,0.000000,0.000000,0.635684,0.000000,0.000000,0.000000,0.000000,0.991892,-0.127086,0.000018,0.995823,-0.091302,0.000000,-5.433104,-6.537672,0,2,13.489170,-0.004185,0,0
1.759999,-17.048590,310.752100,206.918200,0,0,0,0,0,0,0.000000,0.000000,0.000000,0.000000,0.635684,0.000000,0.000000,0.000000,0.000000,0.991892,-0.127086,0.000018,0.995823,-0.091302,0.000000,-5.531204,-6.635363,0,2,13.528980,-0.004185,0,0
1.769999,-17.049040,310.695800,207.041700,0,0,0,0,0,0,0.000000,0.000000,0.000000,0.000000,0.635684,0.000000,0.000000,0.000000,0.000000,0.991892,-0.127086,0.000018,0.995823,-0.091302,0.000000,-5.629304,-6.733053,0,2,13.569380,-0.004185,0,0
1.779999,-17.049500,310.638500,207.165100,0,0,0,0,0,0,0.000000,0.000000,0.000000,0.000000,0.635684,0.000000,0.000000,0.000000,0.000000,0.991892,-0.127086,0.000018,0.995823,-0.091302,0.000000,-5.727405,-6.830743,0,2,13.610370,-0.004185,0,0
1.789999,-17.049950,310.580300,207.288600,0,0,0,0,0,0,0.000000,0.000000,0.000000,0.000000,0.635684,0.000000,0.000000,0.000000,0.000000,0.991892,-0.127086,0.000018,0.995823,-0.091302,0.000000,-5.825505,-6.928434,0,2,13.651940,-0.004185,0,0
1.799999,-17.050400,310.521100,207.412000,0,0,0,0,0,0,0.000000,0.000000,0.000000,0.000000,0.635684,0.000000,0.000000,0.000000,0.000000,0.991892,-0.127086,0.000018,0.995823,-0.091302,0.000000,-5.923605,-7.026124,0,2,13.694090,-0.004185,0,0
1.809999,-17.050850,310.460800,207.535500,0,0,0,0,0,0,0.000000,0.000000,0.000000,0.000000,0.635684,0.000000,0.000000,0.000000,0.000000,0.991892,-0.127086,0.000018,0.995823,-0.091302,0.000000,-6.021705,-7.123815,0,2,13.736810,-0.004185,0,0
1.819999,-17.051300,310.399700,207.659000,0,0,0,0,0,0,0.000000,0.000000,0.000000,0.000000,0.635684,0.000000,0.000000,0.000000,0.000000,0.991892,-0.127086,0.000018,0.995823,-0.091302,0.000000,-6.119805,-7.221505,0,2,13.780100,-0.004185,0,0
1.829999,-17.051760,310.337500,207.782400,0,0,0,0,0,0,0.000000,0.000000,0.000000,0.000000,0.635684,0.000000,0.000000,0.000000,0.000000,0.991892,-0.127086,0.000018,0.995823,-0.091302,0.000000,-6.217906,-7.319196,0,2,13.823940,-0.004185,0,0
1.839999,-17.052210,310.274300,207.905900,0,0,0,0,0,0,0.000000,0.000000,0.000000,0.000000,0.635684,0.000000,0.000000,0.000000,0.000000,0.991892,-0.127086,0.000018,0.995823,-0.091302,0.000000,-6.316006,-7.416886,0,2,13.868350,-0.004185,0,0
1.849999,-17.052660,310.210200,208.029300,0,0,0,0,0,0,0.000000,0.000000,0.000000,0.000000,0.635684,0.000000,0.000000,0.000000,0.000000,0.991892,-0.127086,0.000018,0.995823,-0.091302,0.000000,-6.414106,-7.514576,0,2,13.913300,-0.004185,0,0
1.859999,-17.053110,310.145100,208.152800,0,0,0,0,0,0,0.000000,0.000000,0.000000,0.000000,0.635684,0.000000,0.000000,0.000000,0.000000,0.991892,-0.127086,0.000018,0.995823,-0.091302,0.000000,-6.512206,-7.612267,0,2,13.958790,-0.004185,0,0
1.869999,-17.053560,310.078900,208.276200,0,0,0,0,0,0,0.000000,0.000000,0.000000,0.000000,0.635684,0.000000,0.000000,0.000000,0.000000,0.991892,-0.127086,0.000018,0.995823,-0.091302,0.000000,-6.610306,-7.709957,0,2,14.004830,-0.004185,0,0
1.879999,-17.054020,310.011900,208.399700,0,0,0,0,0,0,0.000000,0.000000,0.000000,0.000000,0.635684,0.000000,0.000000,0.000000,0.000000,0.991892,-0.127086,0.000018,0.995823,-0.091302,0.000000,-6.708406,-7.807648,0,2,14.051400,-0.004185,0,0
1.889999,-17.054470,309.943800,208.523200,0,0,0,0,0,0,0.000000,0.000000,0.000000,0.000000,0.635684,0.000000,0.000000,0.000000,0.000000,0.991892,-0.127086,0.000018,0.995823,-0.091302,0.000000,-6.806507,-7.905338,0,2,14.098500,-0.004185,0,0
1.899999,-17.054920,309.874800,208.646600,0,0,0,0,0,0,0.000000,0.000000,0.000000,0.000000,0.635684,0.000000,0.000000,0.000000,0.000000,0.991892,-0.127086,0.000018,0.995823,-0.091302,0.000000,-6.904607,-8.003029,0,2,14.146120,-0.004185,0,0
1.909999,-17.055370,309.804700,208.770100,0,0,0,0,0,0,0.000000,0.000000,0.000000,0.000000,0.635684,0.000000,0.000000,0.000000,0.000000,0.991892,-0.127086,0.000018,0.995823,-0.091302,0.000000,-7.002707,-8.100719,0,2,14.194260,-0.004185,0,0
1.919999,-17.055820,309.733700,208.893500,0,0,0,0,0,0,0.000000,0.000000,0.000000,0.000000,0.635684,0.000000,0.000000,0.000000,0.000000,0.991892,-0.127086,0.000018,0.995823,-0.091302,0.000000,-7.100807,-8.198409,0,2,14.242910,-0.004185,0,0
1.929999,-17.056280,309.661700,209.017000,0,0,0,0,0,0,0.000000,0.000000,0.000000,0.000000,0.635684,0.000000,0.000000,0.000000,0.000000,0.991892,-0.127086,0.000018,0.995823,-0.091302,0.000000,-7.198907,-8.296100,0,2,14.292070,-0.004185,0,0
1.939999,-17.056730,309.588700,209.140500,0,0,0,0,0,0,0.000000,0.000000,0.000000,0.000000,0.635684,0.000000,0.000000,0.000000,0.000000,0.991892,-0.127086,0.000018,0.995823,-0.091302,0.000000,-7.297008,-8.393790,0,2,14.341740,-0.004185,0,0
1.949998,-17.057180,309.514800,209.263900,0,0,0,0,0,0,0.000000,0.000000,0.000000,0.000000,0.635684,0.000000,0.000000,0.000000,0.000000,0.991892,-0.127086,0.000018,0.995823,-0.091302,0.000000,-7.395108,-8.491481,0,2,14.391900,-0.004185,0,0
1.959998,-17.057630,309.439900,209.387400,0,0,0,0,0,0,0.000000,0.000000,0.000000,0.000000,0.635684,0.000000,0.000000,0.000000,0.000000,0.991892,-0.127086,0.000018,0.995823,-0.091302,0.000000,-7.493208,-8.589171,0,2,14.442550,-0.004185,0,0
1.969998,-17.058080,309.364000,209.510800,0,0,0,0,0,0,0.000000,0.000000,0.000000,0.000000,0.635684,0.000000,0.000000,0.000000,0.000000,0.991892,-0.127086,0.000018,0.995823,-0.091302,0.000000,-7.591308,-8.686862,0,2,14.493690,-0.004185,0,0
1.979998,-17.058540,309.287000,209.634300,0,0,0,0,0,0,0.000000,0.000000,0.000000,0.000000,0.635684,0.000000,0.000000,0.000000,0.000000,0.991892,-0.127086,0.000018,0.995823,-0.091302,0.000000,-7.689408,-8.784552,0,2,14.545310,-0.004185,0,0
1.989998,-17.058990,309.209200,209.757800,0,0,0,0,0,0,0.000000,0.000000,0.000000,0.000000,0.635684,0.000000,0.000000,0.000000,0.000000,0.991892,-0.127086,0.000018,0.995823,-0.091302,0.000000,0.000000,-1.127261,0,2,12.346540,4.848510,1,0
1.999998,-17.058990,309.209200,209.757800,0,0,0,0,0,0,0.000000,0.000000,0.000000,0.000000,0.635684,0.000000,0.000000,0.000000,0.000000,0.991892,-0.127086,0.000018,0.995823,-0.091302,0.000000,0.000000,-1.126713,0,2,12.340540,-0.002909,1,0
2.009999,-17.051280,309.100200,209.912800,0,0,0,0,0,0,0.000000,0.000000,0.000000,0.000000,0.635684,0.000000,0.000000,0.000000,0.000000,0.991892,-0.127086,0.000018,0.995823,-0.091302,0.000000,0.000000,-1.126165,0,2,12.334540,-0.002909,1,0
2.019999,-17.044580,309.005500,210.063700,0,0,0,0,0,0,0.000000,0.000000,0.000000,0.000000,0.635684,0.000000,0.000000,0.000000,0.000000,0.991892,-0.127086,0.000018,0.995823,-0.091302,0.000000,0.000000,-1.125617,0,2,12.328540,-0.002909,1,0
2.029999,-17.038760,308.923200,210.210900,0,0,0,0,0,0,0.000000,0.000000,0.000000,0.000000,0.635684,0.000000,0.000000,0.000000,0.000000,0.991892,-0.127086,0.000018,0.995823,-0.091302,0.000000,0.000000,-1.125069,0,2,12.322540,-0.002909,1,0
2.039999,-17.033700,308.851600,210.354900,0,0,0,0,0,0,0.000000,0.000000,0.000000,0.000000,0.635684,0.000000,0.000000,0.000000,0.000000,0.991892,-0.127086,0.000018,0.995823,-0.091302,0.000000,0.000000,-1.124522,0,2,12.316540,-0.002909,1,0
2.049999,-17.029290,308.789400,210.496100,0,0,0,0,0,0,0.000000,0.000000,0.000000,0.000000,0.635684,0.000000,0.000000,0.000000,0.000000,0.991892,-0.127086,0.000018,0.995823,-0.091302,0.000000,0.000000,-1.123974,0,2,12.310540,-0.002909,1,0
2.059999,-17.025470,308.735300,210.634900,0,0,0,0,0,0,0.000000,0.000000,0.000000,0.000000,0.635684,0.000000,0.000000,0.000000,0.000000,0.991892,-0.127086,0.000018,0.995823,-0.091302,0.000000,0.000000,-1.123426,0,2,12.304540,-0.002909,1,0
2.069999,-17.022140,308.688300,210.771700,0,0,0,0,0,0,0.000000,0.000000,0.000000,0.000000,0.635684,0.000000,0.000000,0.000000,0.000000,0.991892,-0.127086,0.000018,0.995823,-0.091302,0.000000,0.000000,-1.122878,0,2,12.298540,-0.002909,1,0
2.079998,-17.019250,308.647400,210.906500,0,0,0,0,0,0,0.000000,0.000000,0.000000,0.000000,0.635684,0.000000,0.000000,0.000000,0.000000,0.991892,-0.127086,0.000018,0.995823,-0.091302,0.000000,0.000000,-1.122331,0,2,12.292540,-0.002909,1,0
2.089998,-17.016730,308.611800,211.039800,0,0,0,0,0,0,0.000000,0.000000,0.000000,0.000000,0.635684,0.000000,0.000000,0.000000,0.000000,0.991892,-0.127086,0.000018,0.995823,-0.091302,0.000000,0.000000,-1.121783,0,2,12.286540,-0.002909,1,0
2.099998,-17.014550,308.581000,211.171600,0,0,0,0,0,0,0.000000,0.000000,0.000000,0.000000,0.635684,0.000000,0.000000,0.000000,0.000000,0.991892,-0.127086,0.000018,0.995823,-0.091302,0.000000,0.000000,-1.121235,0,2,12.280540,-0.002909,1,0
2.109998,-17.012650,308.554100,211.302200,0,0,0,0,0,0,0.000000,0.000000,0.000000,0.000000,0.635684,0.000000,0.000000,0.000000,0.000000,0.991892,-0.127086,0.000018,0.995823,-0.091302,0.000000,0.000000,-1.120687,0,2,12.274540,-0.002909,1,0
2.119998,-17.010990,308.530700,211.431700,0,0,0,0,0,0,0.000000,0.000000,0.000000,0.000000,0.635684,0.000000,0.000000,0.000000,0.000000,0.991892,-0.127086,0.000018,0.995823,-0.091302,0.000000,0.000000,-1.120139,0,2,12.268550,-0.002909,1,0
2.129998,-17.009560,308.510400,211.560300,0,0,0,0,0,0,0.000000,0.000000,0.000000,0.000000,0.635684,0.000000,0.000000,0.000000,0.000000,0.991892,-0.127086,0.000018,0.995823,-0.091302,0.000000,0.000000,-1.119592,0,2,12.262550,-0.002909,1,0
2.139998,-17.008310,308.492800,211.688100,0,0,0,0,0,0,0.000000,0.000000,0.000000,0.000000,0.635684,0.000000,0.000000,0.000000,0.000000,0.991892,-0.127086,0.000018,0.995823,-0.091302,0.000000,0.000000,-1.119044,0,2,12.256550,-0.002909,1,0
2.149998,-17.007220,308.477400,211.815100,0,0,0,0,0,0,0.000000,0.000000,0.000000,0.000000,0.635684,0.000000,0.000000,0.000000,0.000000,0.991892,-0.127086,0.000018,0.995823,-0.091302,0.000000,0.000000,-1.118496,0,2,12.250550,-0.002909,1,0
2.159998,-17.006280,308.464100,211.941500,0,0,0,0,0,0,0.000000,0.000000,0.000000,0.000000,0.635684,0.000000,0.000000,0.000000,0.000000,0.991892,-0.127086,0.000018,0.995823,-0.091302,0.000000,0.000000,-1.117948,0,2,12.244550,-0.002909,1,0
2.169998,-17.005460,308.452500,212.067300,0,0,0,0,0,0,0.000000,0.000000,0.000000,0.000000,0.635684,0.000000,0.000000,0.000000,0.000000,0.991892,-0.127086,0.000018,0.995823,-0.091302,0.000000,0.000000,-1.117401,0,2,12.238550,-0.002909,1,0
2.179998,-17.004750,308.442400,212.192600,0,0,0,0,0,0,0.000000,0.000000,0.000000,0.000000,0.635684,0.000000,0.000000,0.000000,0.000000,0.991892,-0.127086,0.000018,0.995823,-0.091302,0.000000,0.000000,-1.116853,0,2,12.232550,-0.002909,1,0
2.189998,-17.004130,308.433700,212.317500,0,0,0,0,0,0,0.000000,0.000000,0.000000,0.000000,0.635684,0.000000,0.000000,0.000000,0.000000,0.991892,-0.127086,0.000018,0.995823,-0.091302,0.000000,0.000000,-1.116305,0,2,12.226550,-0.002909,1,0
2.199998,-17.003590,308.426100,212.442000,0,0,0,0,0,0,0.000000,0.000000,0.000000,0.000000,0.635684,0.000000,0.000000,0.000000,0.000000,0.991892,-0.127086,0.000018,0.995823,-0.091302,0.000000,0.000000,-1.115757,0,2,12.220550,-0.002909,1,0
2.209998,-17.003120,308.419400,212.566100,0,0,0,0,0,0,0.000000,0.000000,0.000000,0.000000,0.635684,0.000000,0.000000,0.000000,0.000000,0.991892,-0.127086,0.000018,0.995823,-0.091302,0.000000,0.000000,-1.115210,0,2,12.214550,-0.002909,1,0
2.219998,-17.002710,308.413700,212.689900,0,0,0,0,0,0,0.000000,0.000000,0.000000,0.000000,0.635684,0.000000,0.000000,0.000000,0.000000,0.991892,-0.127086,0.000018,0.995823,-0.091302,0.000000,0.000000,-1.114662,0,2,12.208550,-0.002909,1,0
2.229998,-17.002360,308.408700,212.813500,0,0,0,0,0,0,0.000000,0.000000,0.000000,0.000000,0.635684,0.000000,0.000000,0.000000,0.000000,0.991892,-0.127086,0.000018,0.995823,-0.091302,0.000000,0.000000,-1.114114,0,2,12.202550,-0.002909,1,0
2.239998,-17.002050,308.404300,212.936800,0,0,0,0,0,0,0.000000,0.000000,0.000000,0.000000,0.635684,0.000000,0.000000,0.000000,0.000000,0.991892,-0.127086,0.000018,0.995823,-0.091302,0.000000,0.000000,-1.113566,0,2,12.196550,-0.002909,1,0
2.249998,-17.001780,308.400500,213.059800,0,0,0,0,0,0,0.000000,0.000000,0.000000,0.000000,0.635684,0.000000,0.000000,0.000000,0.000000,0.991892,-0.127086,0.000018,0.995823,-0.091302,0.000000,0.000000,-1.113019,0,2,12.190550,-0.002909,1,0
2.259998,-17.001550,308.397200,213.182700,0,0,0,0,0,0,0.000000,0.000000,0.000000,0.000000,0.635684,0.000000,0.000000,0.000000,0.000000,0.991892,-0.127086,0.000018,0.995823,-0.091302,0.000000,0.000000,-1.112471,0,2,12.184550,-0.002909,1,0
2.269998,-17.001350,308.394400,213.305400,0,0,0,0,0,0,0.000000,0.000000,0.000000,0.000000,0.635684,0.000000,0.000000,0.000000,0.000000,0.991892,-0.127086,0.000018,0.995823,-0.091302,0.000000,0.000000,-1.111923,0,2,12.178550,-0.002909,1,0
2.279998,-17.001170,308.391900,213.427900,0,0,0,0,0,0,0.000000,0.000000,0.000000,0.000000,0.635684,0.000000,0.000000,0.000000,0.000000,0.991892,-0.127086,0.000018,0.995823,-0.091302,0.000000,0.000000,-1.111375,0,2,12.172550,-0.002909,1,0
2.289998,-17.001020,308.389700,213.550200,0,0,0,0,0,0,0.000000,0.000000,0.000000,0.000000,0.635684,0.000000,0.000000,0.000000,0.000000,0.991892,-0.127086,0.000018,0.995823,-0.091302,0.000000,0.000000,-1.110827,0,2,12.166550,-0.002909,1,0
2.299998,-17.000890,308.387800,213.672400,0,0,0,0,0,0,0.000000,0.000000,0.000000,0.000000,0.635684,0.000000,0.000000,0.000000,0.000000,0.991892,-0.127086,0.000018,0.995823,-0.091302,0.000000,0.000000,-1.110280,0,2,12.160550,-0.002909,1,0
2.309998,-17.000770,308.386200,213.794500,0,0,0,0,0,0,0.000000,0.000000,0.000000,0.000000,0.635684,0.000000,0.000000,0.000000,0.000000,0.991892,-0.127086,0.000018,0.995823,-0.091302,0.000000,0.000000,-1.109732,0,2,12.154550,-0.002909,1,0
2.319998,-17.000670,308.384800,213.916500,0,0,0,0,0,0,0.000000,0.000000,0.000000,0.000000,0.635684,0.000000,0.000000,0.000000,0.000000,0.991892,-0.127086,0.000018,0.995823,-0.091302,0.000000,0.000000,-1.109184,0,2,12.148550,-0.002909,1,0
2.329998,-17.000580,308.383500,214.038300,0,0,0,0,0,0,0.000000,0.000000,0.000000,0.000000,0.635684,0.000000,0.000000,0.000000,0.000000,0.991892,-0.127086,0.000018,0.995823,-0.091302,0.000000,0.000000,-1.108636,0,2,12.142550,-0.002909,1,0
2.339998,-17.000510,308.382500,214.160000,0,0,0,0,0,0,0.000000,0.000000,0.000000,0.000000,0.635684,0.000000,0.000000,0.000000,0.000000,0.991892,-0.127086,0.000018,0.995823,-0.091302,0.000000,0.000000,-1.108089,0,2,12.136550,-0.002909,1,0
2.349998,-17.000440,308.381500,214.281700,0,0,0,0,0,0,0.000000,0.000000,0.000000,0.000000,0.635684,0.000000,0.000000,0.000000,0.000000,0.991892,-0.127086,0.000018,0.995823,-0.091302,0.000000,0.000000,-1.107541,0,2,12.130560,-0.002909,1,0
2.359998,-17.000380,308.380700,214.403200,0,0,0,0,0,0,0.000000,0.000000,0.000000,0.000000,0.635684,0.000000,0.000000,0.000000,0.000000,0.991892,-0.127086,0.000018,0.995823,-0.091302,0.000000,0.000000,-1.106993,0,2,12.124560,-0.002909,1,0
2.369998,-17.000330,308.380000,214.524700,0,0,0,0,0,0,0.000000,0.000000,0.000000,0.000000,0.635684,0.000000,0.000000,0.000000,0.000000,0.991892,-0.127086,0.000018,0.995823,-0.091302,0.000000,0.000000,-1.106445,0,2,12.118560,-0.002909,1,0
2.379998,-17.000290,308.379400,214.646000,0,0,0,0,0,0,0.000000,0.000000,0.000000,0.000000,0.635684,0.000000,0.000000,0.000000,0.000000,0.991892,-0.127086,0.000018,0.995823,-0.091302,0.000000,0.000000,-1.105897,0,2,12.112560,-0.002909,1,0
2.389998,-17.000250,308.378900,214.767300,0,0,0,0,0,0,0.000000,0.000000,0.000000,0.000000,0.635684,0.000000,0.000000,0.000000,0.000000,0.991892,-0.127086,0.000018,0.995823,-0.091302,0.000000,0.000000,-1.105350,0,2,12.106560,-0.002909,1,0
2.399998,-17.000220,308.378400,214.888500,0,0,0,0,0,0,0.000000,0.000000,0.000000,0.000000,0.635684,0.000000,0.000000,0.000000,0.000000,0.991892,-0.127086,0.000018,0.995823,-0.091302,0.000000,0.000000,-1.104802,0,2,12.100560,-0.002909,1,0
2.409998,-17.000190,308.378000,215.009600,0,0,0,0,0,0,0.000000,0.000000,0.000000,0.000000,0.635684,0.000000,0.000000,0.000000,0.000000,0.991892,-0.127086,0.000018,0.995823,-0.091302,0.000000,0.000000,-1.104254,0,2,12.094560,-0.002909,1,0
2.419998,-17.000160,308.377700,215.130700,0,0,0,0,0,0,0.000000,0.000000,0.000000,0.000000,0.635684,0.000000,0.000000,0.000000,0.000000,0.991892,-0.127086,0.000018,0.995823,-0.091302,0.000000,0.000000,-1.103706,0,2,12.088560,-0.002909,1,0
2.429998,-17.000140,308.377300,215.251700,0,0,0,0,0,0,0.000000,0.000000,0.000000,0.000000,0.635684,0.000000,0.000000,0.000000,0.000000,0.991892,-0.127086,0.000018,0.995823,-0.091302,0.000000,0.000000,-1.103159,0,2,12.082560,-0.002909,1,0
2.439998,-17.000120,308.377100,215.372600,0,0,0,0,0,0,0.000000,0.000000,0.000000,0.000000,0.635684,0.000000,0.000000,0.000000,0.000000,0.991892,-0.127086,0.000018,0.995823,-0.091302,0.000000,0.000000,-1.102611,0,2,12.076560,-0.002909,1,0
2.449998,-17.000110,308.376900,215.493400,0,0,0,0,0,0,0.000000,0.000000,0.000000,0.000000,0.635684,0.000000,0.000000,0.000000,0.000000,0.991892,-0.127086,0.000018,0.995823,-0.091302,0.000000,0.000000,-1.102063,0,2,12.070560,-0.002909,1,0
2.459998,-17.000090,308.376700,215.614200,0,0,0,0,0,0,0.000000,0.000000,0.000000,0.000000,0.635684,0.000000,0.000000,0.000000,0.000000,0.991892,-0.127086,0.000018,0.995823,-0.091302,0.000000,0.000000,-1.101515,0,2,12.064560,-0.002909,1,0
2.469998,-17.000080,308.376500,215.734900,0,0,0,0,0,0,0.000000,0.000000,0.000000,0.000000,0.635684,0.000000,0.000000,0.000000,0.000000,0.991892,-0.127086,0.000018,0.995823,-0.091302,0.000000,0.000000,-1.100968,0,2,12.058560,-0.002909,1,0
2.479998,-17.000070,308.376300,215.855500,0,0,0,0,0,0,0.000000,0.000000,0.000000,0.000000,0.635684,0.000000,0.000000,0.000000,0.000000,0.991892,-0.127086,0.000018,0.995823,-0.091302,0.000000,0.000000,-1.100420,0,2,12.052560,-0.002909,1,0
2.489998,-17.000060,308.376200,215.976000,0,0,0,0,0,0,0.000000,0.000000,0.000000,0.000000,0.635684,0.000000,0.000000,0.000000,0.000000,0.991892,-0.127086,0.000018,0.995823,-0.091302,0.000000,0.000000,-1.099872,0,2,12.046560,-0.002909,1,0
2.499998,-17.000050,308.376100,216.096600,0,0,0,0,0,0,0.000000,0.000000,0.000000,0.000000,0.635684,0.000000,0.000000,0.000000,0.000000,0.991892,-0.127086,0.000018,0.995823,-0.091302,0.000000,0.000000,-1.099324,0,2,12.040560,-0.002909,1,0
2.509998,-17.000050,308.376000,216.217000,0,0,0,0,0,0,0.000000,0.000000,0.000000,0.000000,0.635684,0.000000,0.000000,0.000000,0.000000,0.991892,-0.127086,0.000018,0.995823,-0.091302,0.000000,0.000000,-1.098776,0,2,12.034560,-0.002909,1,0
2.519998,-17.000040,308.375900,216.337400,0,0,0,0,0,0,0.000000,0.000000,0.000000,0.000000,0.635684,0.000000,0.000000,0.000000,0.000000,0.991892,-0.127086,0.000018,0.995823,-0.091302,0.000000,0.000000,-1.098229,0,2,12.028560,-0.002909,1,0
2.529998,-17.000040,308.375800,216.457700,0,0,0,0,0,0,0.000000,0.000000,0.000000,0.000000,0.635684,0.000000,0.000000,0.000000,0.000000,0.991892,-0.127086,0.000018,0.995823,-0.091302,0.000000,0.000000,-1.097681,0,2,12.022560,-0.002909,1,0
2.539998,-17.000030,308.375800,216.577900,0,0,0,0,0,0,0.000000,0.000000,0.000000,0.000000,0.635684,0.000000,0.000000,0.000000,0.000000,0.991892,-0.127086,0.000018,0.995823,-0.091302,0.000000,0.000000,-1.097133,0,2,12.016560,-0.002909,1,0
2.549998,-17.000030,308.375700,216.698100,0,0,0,0,0,0,0.000000,0.000000,0.000000,0.000000,0.635684,0.000000,0.000000,0.000000,0.000000,0.991892,-0.127086,0.000018,0.995823,-0.091302,0.000000,0.000000,-1.096585,0,2,12.010560,-0.002909,1,0
2.559998,-17.000020,308.375700,216.818200,0,0,0,0,0,0,0.000000,0.000000,0.000000,0.000000,0.635684,0.000000,0.000000,0.000000,0.000000,0.991892,-0.127086,0.000018,0.995823,-0.091302,0.000000,0.000000,-1.096038,0,2,12.004560,-0.002909,1,0
2.569998,-17.000020,308.375600,216.938300,0,0,0,0,0,0,0.000000,0.000000,0.000000,0.000000,0.635684,0.000000,0.000000,0.000000,0.000000,0.991892,-0.127086,0.000018,0.995823,-0.091302,0.000000,0.000000,-1.095490,0,2,11.998560,-0.002909,1,0
2.579998,-17.000020,308.375600,217.058300,0,0,0,0,0,0,0.000000,0.000000,0.000000,0.000000,0.635684,0.000000,0.000000,0.000000,0.000000,0.991892,-0.127086,0.000018,0.995823,-0.091302,0.000000,0.000000,-1.094942,0,2,11.992570,-0.002909,1,0
2.589998,-17.000020,308.375500,217.178200,0,0,0,0,0,0,0.000000,0.000000,0.000000,0.000000,0.635684,0.000000,0.000000,0.000000,0.000000,0.991892,-0.127086,0.000018,0.995823,-0.091302,0.000000,0.000000,-1.094394,0,2,11.986570,-0.002909,1,0
2.599998,-17.000010,308.375500,217.298100,0,0,0,0,0,0,0.000000,0.000000,0.000000,0.000000,0.635684,0.000000,0.000000,0.000000,0.000000,0.991892,-0.127086,0.000018,0.995823,-0.091302,0.000000,0.000000,-1.093847,0,2,11.980570,-0.002909,1,0
2.609998,-17.000010,308.375500,217.417900,0,0,0,0,0,0,0.000000,0.000000,0.000000,0.000000,0.635684,0.000000,0.000000,0.000000,0.000000,0.991892,-0.127086,0.000018,0.995823,-0.091302,0.000000,0.000000,-1.093299,0,2,11.974570,-0.002909,1,0
2.619998,-17.000010,308.375500,217.537600,0,0,0,0,0,0,0.000000,0.000000,0.000000,0.000000,0.635684,0.000000,0.000000,0.000000,0.000000,0.991892,-0.127086,0.000018,0.995823,-0.091302,0.000000,0.000000,-1.092751,0,2,11.968570,-0.002909,1,0
2.629998,-17.000010,308.375500,217.657300,0,0,0,0,0,0,0.000000,0.000000,0.000000,0.000000,0.635684,0.000000,0.000000,0.000000,0.000000,0.991892,-0.127086,0.000018,0.995823,-0.091302,0.000000,0.000000,-1.092203,0,2,11.962570,-0.002909,1,0
2.639998,-17.000010,308.375500,217.777000,0,0,0,0,0,0,0.000000,0.000000,0.000000,0.000000,0.635684,0.000000,0.000000,0.000000,0.000000,0.991892,-0.127086,0.000018,0.995823,-0.091302,0.000000,0.000000,-1.091655,0,2,11.956570,-0.002909,1,0
2.649998,-17.000010,308.375400,217.896500,0,0,0,0,0,0,0.000000,0.000000,0.000000,0.000000,0.635684,0.000000,0.000000,0.000000,0.000000,0.991892,-0.127086,0.000018,0.995823,-0.091302,0.000000,0.000000,-1.091108,0,2,11.950570,-0.002909,1,0
2.659998,-17.000010,308.375400,218.016000,0,0,0,0,0,0,0.000000,0.000000,0.000000,0.000000,0.635684,0.000000,0.000000,0.000000,0.000000,0.991892,-0.127086,0.000018,0.995823,-0.091302,0.000000,0.000000,-1.090560,0,2,11.944570,-0.002909,1,0
2.669998,-17.000010,308.375400,218.135500,0,0,0,0,0,0,0.000000,0.000000,0.000000,0.000000,0.635684,0.000000,0.000000,0.000000,0.000000,0.991892,-0.127086,0.000018,0.995823,-0.091302,0.000000,0.000000,-1.090012,0,2,11.938570,-0.002909,1,0
2.679998,-17.000000,308.375400,218.254900,0,0,0,0,0,0,0.000000,0.000000,0.000000,0.000000,0.635684,0.000000,0.000000,0.000000,0.000000,0.991892,-0.127086,0.000018,0.995823,-0.091302,0.000000,0.000000,-1.089464,0,2,11.932570,-0.002909,1,0
2.689998,-17.000000,308.375400,218.374200,0,0,0,0,0,0,0.000000,0.000000,0.000000,0.000000,0.635684,0.000000,0.000000,0.000000,0.000000,0.991892,-0.127086,0.000018,0.995823,-0.091302,0.000000,0.000000,-1.088917,0,2,11.926570,-0.002909,1,0
2.699998,-17.000000,308.375400,218.493500,0,0,0,0,0,0,0.000000,0.000000,0.000000,0.000000,0.635684,0.000000,0.000000,0.000000,0.000000,0.991892,-0.127086,0.000018,0.995823,-0.091302,0.000000,0.000000,-1.088369,0,2,11.920570,-0.002909,1,0
2.709998,-17.000000,308.375400,218.612700,0,0,0,0,0,0,0.000000,0.000000,0.000000,0.000000,0.635684,0.000000,0.000000,0.000000,0.000000,0.991892,-0.127086,0.000018,0.995823,-0.091302,0.000000,0.000000,-1.087821,0,2,11.914570,-0.002909,1,0
2.719998,-17.000000,308.375400,218.731800,0,0,0,0,0,0,0.000000,0.000000,0.000000,0.000000,0.635684,0.000000,0.000000,0.000000,0.000000,0.991892,-0.127086,0.000018,0.995823,-0.091302,0.000000,0.000000,-1.087273,0,2,11.908570,-0.002909,1,0
2.729998,-17.000000,308.375400,218.850900,0,0,0,0,0,0,0.000000,0.000000,0.000000,0.000000,0.635684,0.000000,0.000000,0.000000,0.000000,0.991892,-0.127086,0.000018,0.995823,-0.091302,0.000000,0.000000,-1.086725,0,2,11.902570,-0.002909,1,0
2.739998,-17.000000,308.375400,218.969900,0,0,0,0,0,0,0.000000,0.000000,0.000000,0.000000,0.635684,0.000000,0.000000,0.000000,0.000000,0.991892,-0.127086,0.000018,0.995823,-0.091302,0.000000,0.000000,-1.086178,0,2,11.896570,-0.002909,1,0
2.749998,-17.000000,308.375400,219.088900,0,0,0,0,0,0,0.000000,0.000000,0.000000,0.000000,0.635684,0.000000,0.000000,0.000000,0.000000,0.991892,-0.127086,0.000018,0.995823,-0.091302,0.000000,0.000000,-1.085630,0,2,11.890570,-0.002909,1,0
2.759998,-17.000000,308.375400,219.207800,0,0,0,0,0,0,0.000000,0.000000,0.000000,0.000000,0.635684,0.000000,0.000000,0.000000,0.000000,0.991892,-0.127086,0.000018,0.995823,-0.091302,0.000000,0.000000,-1.085082,0,2,11.884570,-0.002909,1,0
2.769998,-17.000000,308.375400,219.326700,0,0,0,0,0,0,0.000000,0.000000,0.000000,0.000000,0.635684,0.000000,0.000000,0.000000,0.000000,0.991892,-0.127086,0.000018,0.995823,-0.091302,0.000000,0.000000,-1.084534,0,2,11.878570,-0.002909,1,0
2.779998,-17.000000,308.375300,219.445400,0,0,0,0,0,0,0.000000,0.000000,0.000000,0.000000,0.635684,0.000000,0.000000,0.000000,0.000000,0.991892,-0.127086,0.000018,0.995823,-0.091302,0.000000,0.000000,-1.083987,0,2,11.872570,-0.002909,1,0
2.789998,-17.000000,308.375300,219.564200,0,0,0,0,0,0,0.000000,0.000000,0.000000,0.000000,0.635684,0.000000,0.000000,0.000000,0.000000,0.991892,-0.127086,0.000018,0.995823,-0.091302,0.000000,0.000000,-1.083439,0,2,11.866570,-0.002909,1,0
2.799998,-17.000000,308.375300,219.682800,0,0,0,0,0,0,0.000000,0.000000,0.000000,0.000000,0.635684,0.000000,0.000000,0.000000,0.000000,0.991892,-0.127086,0.000018,0.995823,-0.091302,0.000000,0.000000,-1.082891,0,2,11.860570,-0.002909,1,0
2.809998,-17.000000,308.375300,219.801500,0,0,0,0,0,0,0.000000,0.000000,0.000000,0.000000,0.635684,0.000000,0.000000,0.000000,0.000000,0.991892,-0.127086,0.000018,0.995823,-0.091302,0.000000,0.000000,-1.082343,0,2,11.854580,-0.002909,1,0
2.819998,-17.000000,308.375300,219.920000,0,0,0,0,0,0,0.000000,0.000000,0.000000,0.000000,0.635684,0.000000,0.000000,0.000000,0.000000,0.991892,-0.127086,0.000018,0.995823,-0.091302,0.000000,0.000000,-1.081796,0,2,11.848580,-0.002909,1,0
2.829998,-17.000000,308.375300,220.038500,0,0,0,0,0,0,0.000000,0.000000,0.000000,0.000000,0.635684,0.000000,0.000000,0.000000,0.000000,0.991892,-0.127086,0.000018,0.995823,-0.091302,0.000000,0.000000,-1.081248,0,2,11.842580,-0.002909,1,0
2.839998,-17.000000,308.375300,220.156900,0,0,0,0,0,0,0.000000,0.000000,0.000000,0.000000,0.635684,0.000000,0.000000,0.000000,0.000000,0.991892,-0.127086,0.000018,0.995823,-0.091302,0.000000,0.000000,-1.080700,0,2,11.836580,-0.002909,1,0
2.849998,-17.000000,308.375300,220.275300,0,0,0,0,0,0,0.000000,0.000000,0.000000,0.000000,0.635684,0.000000,0.000000,0.000000,0.000000,0.991892,-0.127086,0.000018,0.995823,-0.091302,0.000000,0.000000,-1.080152,0,2,11.830580,-0.002909,1,0
2.859998,-17.000000,308.375300,220.393600,0,0,0,0,0,0,0.000000,0.000000,0.000000,0.000000,0.635684,0.000000,0.000000,0.000000,0.000000,0.991892,-0.127086,0.000018,0.995823,-0.091302,0.000000,0.000000,-1.079605,0,2,11.824580,-0.002909,1,0
2.869998,-17.000000,308.375300,220.511800,0,0,0,0,0,0,0.000000,0.000000,0.000000,0.000000,0.635684,0.000000,0.000000,0.000000,0.000000,0.991892,-0.127086,0.000018,0.995823,-0.091302,0.000000,0.000000,-1.079057,0,2,11.818580,-0.002909,1,0
2.879998,-17.000000,308.375300,220.630000,0,0,0,0,0,0,0.000000,0.000000,0.000000,0.000000,0.635684,0.000000,0.000000,0.000000,0.000000,0.991892,-0.127086,0.000018,0.995823,-0.091302,0.000000,0.000000,-1.078509,0,2,11.812580,-0.002909,1,0
2.889998,-17.000000,308.375300,220.748100,0,0,0,0,0,0,0.000000,0.000000,0.000000,0.000000,0.635684,0.000000,0.000000,0.000000,0.000000,0.991892,-0.127086,0.000018,0.995823,-0.091302,0.000000,0.000000,-1.077961,0,2,11.806580,-0.002909,1,0
2.899998,-17.000000,308.375300,220.866200,0,0,0,0,0,0,0.000000,0.000000,0.000000,0.000000,0.635684,0.000000,0.000000,0.000000,0.000000,0.991892,-0.127086,0.000018,0.995823,-0.091302,0.000000,0.000000,-1.077413,0,2,11.800580,-0.002909,1,0
2.909998,-17.000000,308.375300,220.984200,0,0,0,0,0,0,0.000000,0.000000,0.000000,0.000000,0.635684,0.000000,0.000000,0.000000,0.000000,0.991892,-0.127086,0.000018,0.995823,-0.091302,0.000000,0.000000,-1.076866,0,2,11.794580,-0.002909,1,0
2.919998,-17.000000,308.375300,221.102200,0,0,0,0,0,0,0.000000,0.000000,0.000000,0.000000,0.635684,0.000000,0.000000,0.000000,0.000000,0.991892,-0.127086,0.000018,0.995823,-0.091302,0.000000,0.000000,-1.076318,0,2,11.788580,-0.002909,1,0
2.929998,-17.000000,308.375300,221.220000,0,0,0,0,0,0,0.000000,0.000000,0.000000,0.000000,0.635684,0.000000,0.000000,0.000000,0.000000,0.991892,-0.127086,0.000018,0.995823,-0.091302,0.000000,0.000000,-1.075770,0,2,11.782580,-0.002909,1,0
2.939998,-17.000000,308.375300,221.337900,0,0,0,0,0,0,0.000000,0.000000,0.000000,0.000000,0.635684,0.000000,0.000000,0.000000,0.000000,0.991892,-0.127086,0.000018,0.995823,-0.091302,0.000000,0.000000,-1.075222,0,2,11.776580,-0.002909,1,0
2.949998,-17.000000,308.375300,221.455600,0,0,0,0,0,0,0.000000,0.000000,0.000000,0.000000,0.635684,0.000000,0.000000,0.000000,0.000000,0.991892,-0.127086,0.000018,0.995823,-0.091302,0.000000,0.000000,-1.074674,0,2,11.770580,-0.002909,1,0
2.959998,-17.000000,308.375300,221.573300,0,0,0,0,0,0,0.000000,0.000000,0.000000,0.000000,0.635684,0.000000,0.000000,0.000000,0.000000,0.991892,-0.127086,0.000018,0.995823,-0.091302,0.000000,0.000000,-1.074127,0,2,11.764580,-0.002909,1,0
2.969998,-17.000000,308.375300,221.691000,0,0,0,0,0,0,0.000000,0.000000,0.000000,0.000000,0.635684,0.000000,0.000000,0.000000,0.000000,0.991892,-0.127086,0.000018,0.995823,-0.091302,0.000000,0.000000,-1.073579,0,2,11.758580,-0.002909,1,0
2.979998,-17.000000,308.375300,221.808600,0,0,0,0,0,0,0.000000,0.000000,0.000000,0.000000,0.635684,0.000000,0.000000,0.000000,0.000000,0.991892,-0.127086,0.000018,0.995823,-0.091302,0.000000,0.000000,-1.073031,0,2,11.752580,-0.002909,1,0
2.989998,-17.000000,308.375300,221.926100,0,0,0,0,0,0,0.000000,0.000000,0.000000,0.000000,0.635684,0.000000,0.000000,0.000000,0.000000,0.991892,-0.127086,0.000018,0.995823,-0.091302,0.000000,3.500000,2.412898,0,2,12.256920,0.146404,0,0
2.999998,-17.000000,308.409400,222.043600,0,0,0,0,0,0,0.000000,0.000000,0.000000,0.000000,0.635684,0.000000,0.000000,0.000000,0.000000,0.991892,-0.127086,0.000018,0.995823,-0.091302,0.000000,3.401900,2.315207,0,2,12.229270,-0.004185,0,0
3.009998,-17.000000,308.442400,222.161000,0,0,0,0,0,0,0.000000,0.000000,0.000000,0.000000,0.635684,0.000000,0.000000,0.000000,0.000000,0.991892,-0.127086,0.000018,0.995823,-0.091302,0.000000,3.303800,2.217517,0,2,12.202350,-0.004185,0,0
3.019998,-17.000000,308.474500,222.278500,0,0,0,0,0,0,0.000000,0.000000,0.000000,0.000000,0.635684,0.000000,0.000000,0.000000,0.000000,0.991892,-0.127086,0.000018,0.995823,-0.091302,0.000000,3.205700,2.119827,0,2,12.176150,-0.004185,0,0
3.029998,-17.000000,308.505500,222.396000,0,0,0,0,0,0,0.000000,0.000000,0.000000,0.000000,0.635684,0.000000,0.000000,0.000000,0.000000,0.991892,-0.127086,0.000018,0.995823,-0.091302,0.000000,3.107600,2.022137,0,2,12.150690,-0.004185,0,0
3.039998,-17.000000,308.535600,222.513400,0,0,0,0,0,0,0.000000,0.000000,0.000000,0.000000,0.635684,0.000000,0.000000,0.000000,0.000000,0.991892,-0.127086,0.000018,0.995823,-0.091302,0.000000,3.009500,1.924447,0,2,12.125980,-0.004185,0,0
3.049998,-17.000000,308.564700,222.630900,0,0,0,0,0,0,0.000000,0.000000,0.000000,0.000000,0.635684,0.000000,0.000000,0.000000,0.000000,0.991892,-0.127086,0.000018,0.995823,-0.091302,0.000000,2.911400,1.826756,0,2,12.102000,-0.004185,0,0
3.059998,-17.000000,308.592900,222.748300,0,0,0,0,0,0,0.000000,0.000000,0.000000,0.000000,0.635684,0.000000,0.000000,0.000000,0.000000,0.991892,-0.127086,0.000018,0.995823,-0.091302,0.000000,2.813300,1.729066,0,2,12.078780,-0.004185,0,0
3.069998,-17.000000,308.620000,222.865800,0,0,0,0,0,0,0.000000,0.000000,0.000000,0.000000,0.635684,0.000000,0.000000,0.000000,0.000000,0.991892,-0.127086,0.000018,0.995823,-0.091302,0.000000,2.715200,1.631376,0,2,12.056310,-0.004185,0,0
3.079998,-17.000000,308.646200,222.983300,0,0,0,0,0,0,0.000000,0.000000,0.000000,0.000000,0.635684,0.000000,0.000000,0.000000,0.000000,0.991892,-0.127086,0.000018,0.995823,-0.091302,0.000000,2.617100,1.533686,0,2,12.034590,-0.004185,0,0
3.089998,-17.000000,308.671400,223.100700,0,0,0,0,0,0,0.000000,0.000000,0.000000,0.000000,0.635684,0.000000,0.000000,0.000000,0.000000,0.991892,-0.127086,0.000018,0.995823,-0.091302,0.000000,2.519001,1.435996,0,2,12.013640,-0.004185,0,0
3.099998,-17.000000,308.695600,223.218200,0,0,0,0,0,0,0.000000,0.000000,0.000000,0.000000,0.635684,0.000000,0.000000,0.000000,0.000000,0.991892,-0.127086,0.000018,0.995823,-0.091302,0.000000,2.420901,1.338305,0,2,11.993450,-0.004185,0,0
3.109998,-17.000000,308.718800,223.335600,0,0,0,0,0,0,0.000000,0.000000,0.000000,0.000000,0.635684,0.000000,0.000000,0.000000,0.000000,0.991892,-0.127086,0.000018,0.995823,-0.091302,0.000000,2.322801,1.240615,0,2,11.974040,-0.004185,0,0
3.119998,-17.000000,308.741100,223.453100,0,0,0,0,0,0,0.000000,0.000000,0.000000,0.000000,0.635684,0.000000,0.000000,0.000000,0.000000,0.991892,-0.127086,0.000018,0.995823,-0.091302,0.000000,2.224701,1.142925,0,2,11.955400,-0.004185,0,0
3.129997,-17.000000,308.762300,223.570600,0,0,0,0,0,0,0.000000,0.000000,0.000000,0.000000,0.635684,0.000000,0.000000,0.000000,0.000000,0.991892,-0.127086,0.000018,0.995823,-0.091302,0.000000,2.126601,1.045235,0,2,11.937530,-0.004185,0,0
3.139997,-17.000000,308.782600,223.688000,0,0,0,0,0,0,0.000000,0.000000,0.000000,0.000000,0.635684,0.000000,0.000000,0.000000,0.000000,0.991892,-0.127086,0.000018,0.995823,-0.091302,0.000000,2.028501,0.947545,0,2,11.920450,-0.004185,0,0
3.149997,-17.000000,308.801900,223.805500,0,0,0,0,0,0,0.000000,0.000000,0.000000,0.000000,0.635684,0.000000,0.000000,0.000000,0.000000,0.991892,-0.127086,0.000018,0.995823,-0.091302,0.000000,1.930401,0.849854,0,2,11.904140,-0.004185,0,0
3.159997,-17.000000,308.820300,223.923000,0,0,0,0,0,0,0.000000,0.000000,0.000000,0.000000,0.635684,0.000000,0.000000,0.000000,0.000000,0.991892,-0.127086,0.000018,0.995823,-0.091302,0.000000,1.832301,0.752164,0,2,11.888630,-0.004185,0,0
3.169997,-17.000000,308.837600,224.040400,0,0,0,0,0,0,0.000000,0.000000,0.000000,0.000000,0.635684,0.000000,0.000000,0.000000,0.000000,0.991892,-0.127086,0.000018,0.995823,-0.091302,0.000000,1.734201,0.654474,0,2,11.873910,-0.004185,0,0
3.179997,-17.000000,308.853900,224.157900,0,0,0,0,0,0,0.000000,0.000000,0.000000,0.000000,0.635684,0.000000,0.000000,0.000000,0.000000,0.991892,-0.127086,0.000018,0.995823,-0.091302,0.000000,1.636101,0.556784,0,2,11.859980,-0.004185,0,0
3.189997,-17.000000,308.869300,224.275300,0,0,0,0,0,0,0.000000,0.000000,0.000000,0.000000,0.635684,0.000000,0.000000,0.000000,0.000000,0.991892,-0.127086,0.000018,0.995823,-0.091302,0.000000,1.538001,0.459094,0,2,11.846840,-0.004185,0,0
3.199997,-17.000000,308.883700,224.392800,0,0,0,0,0,0,0.000000,0.000000,0.000000,0.000000,0.635684,0.000000,0.000000,0.000000,0.000000,0.991892,-0.127086,0.000018,0.995823,-0.091302,0.000000,1.439901,0.361403,0,2,11.834510,-0.004185,0,0
3.209997,-17.000000,308.897200,224.510300,0,0,0,0,0,0,0.000000,0.000000,0.000000,0.000000,0.635684,0.000000,0.000000,0.000000,0.000000,0.991892,-0.127086,0.000018,0.995823,-0.091302,0.000000,1.341801,0.263713,0,2,11.822970,-0.004185,0,0
3.219997,-17.000000,308.909600,224.627700,0,0,0,0,0,0,0.000000,0.000000,0.000000,0.000000,0.635684,0.000000,0.000000,0.000000,0.000000,0.991892,-0.127086,0.000018,0.995823,-0.091302,0.000000,1.243701,0.166023,0,2,11.812240,-0.004185,0,0
3.229997,-17.000000,308.921100,224.745200,0,0,0,0,0,0,0.000000,0.000000,0.000000,0.000000,0.635684,0.000000,0.000000,0.000000,0.000000,0.991892,-0.127086,0.000018,0.995823,-0.091302,0.000000,1.145601,0.068333,0,2,11.802310,-0.004185,0,0
3.239997,-17.000000,308.931500,224.862700,0,0,0,0,0,0,0.000000,0.000000,0.000000,0.000000,0.635684,0.000000,0.000000,0.000000,0.000000,0.991892,-0.127086,0.000018,0.995823,-0.091302,0.000000,1.047501,-0.029357,0,2,11.793200,-0.004185,0,0
3.249997,-17.000000,308.941000,224.980100,0,0,0,0,0,0,0.000000,0.000000,0.000000,0.000000,0.635684,0.000000,0.000000,0.000000,0.000000,0.991892,-0.127086,0.000018,0.995823,-0.091302,0.000000,0.949401,-0.127048,0,2,11.784890,-0.004185,0,0
3.259997,-17.000000,308.949500,225.097600,0,0,0,0,0,0,0.000000,0.000000,0.000000,0.000000,0.635684,0.000000,0.000000,0.000000,0.000000,0.991892,-0.127086,0.000018,0.995823,-0.091302,0.000000,0.851301,-0.224738,0,2,11.777390,-0.004185,0,0
3.269997,-17.000000,308.957100,225.215000,0,0,0,0,0,0,0.000000,0.000000,0.000000,0.000000,0.635684,0.000000,0.000000,0.000000,0.000000,0.991892,-0.127086,0.000018,0.995823,-0.091302,0.000000,0.753201,-0.322428,0,2,11.770710,-0.004185,0,0
3.279997,-17.000000,308.963600,225.332500,0,0,0,0,0,0,0.000000,0.000000,0.000000,0.000000,0.635684,0.000000,0.000000,0.000000,0.000000,0.991892,-0.127086,0.000018,0.995823,-0.091302,0.000000,0.655101,-0.420118,0,2,11.764840,-0.004185,0,0
3.289997,-17.000000,308.969200,225.450000,0,0,0,0,0,0,0.000000,0.000000,0.000000,0.000000,0.635684,0.000000,0.000000,0.000000,0.000000,0.991892,-0.127086,0.000018,0.995823,-0.091302,0.000000,0.557001,-0.517809,0,2,11.759780,-0.004185,0,0
3.299997,-17.000000,308.973800,225.567400,0,0,0,0,0,0,0.000000,0.000000,0.000000,0.000000,0.635684,0.000000,0.000000,0.000000,0.000000,0.991892,-0.127086,0.000018,0.995823,-0.091302,0.000000,0.458901,-0.615499,0,2,11.755540,-0.004185,0,0
3.309997,-17.000000,308.977400,225.684900,0,0,0,0,0,0,0.000000,0.000000,0.000000,0.000000,0.635684,0.000000,0.000000,0.000000,0.000000,0.991892,-0.127086,0.000018,0.995823,-0.091302,0.000000,0.360801,-0.713189,0,2,11.752120,-0.004185,0,0
3.319997,-17.000000,308.980000,225.802400,0,0,0,0,0,0,0.000000,0.000000,0.000000,0.000000,0.635684,0.000000,0.000000,0.000000,0.000000,0.991892,-0.127086,0.000018,0.995823,-0.091302,0.000000,0.262701,-0.810880,0,2,11.749520,-0.004185,0,0
3.329997,-17.000000,308.981700,225.919800,0,0,0,0,0,0,0.000000,0.000000,0.000000,0.000000,0.635684,0.000000,0.000000,0.000000,0.000000,0.991892,-0.127086,0.000018,0.995823,-0.091302,0.000000,0.164601,-0.908570,0,2,11.747740,-0.004185,0,0
3.339997,-17.000000,308.982300,226.037300,0,0,0,0,0,0,0.000000,0.000000,0.000000,0.000000,0.635684,0.000000,0.000000,0.000000,0.000000,0.991892,-0.127086,0.000018,0.995823,-0.091302,0.000000,0.066501,-1.006260,0,2,11.746770,-0.004185,0,0
3.349997,-17.000000,308.982000,226.154700,0,0,0,0,0,0,0.000000,0.000000,0.000000,0.000000,0.635684,0.000000,0.000000,0.000000,0.000000,0.991892,-0.127086,0.000018,0.995823,-0.091302,0.000000,-0.031599,-1.103950,0,2,11.746630,-0.004185,0,0
3.359997,-17.000000,308.980700,226.272200,0,0,0,0,0,0,0.000000,0.000000,0.000000,0.000000,0.635684,0.000000,0.000000,0.000000,0.000000,0.991892,-0.127086,0.000018,0.995823,-0.091302,0.000000,-0.129699,-1.201640,0,2,11.747300,-0.004185,0,0
3.369997,-17.000000,308.978500,226.389700,0,0,0,0,0,0,0.000000,0.000000,0.000000,0.000000,0.635684,0.000000,0.000000,0.000000,0.000000,0.991892,-0.127086,0.000018,0.995823,-0.091302,0.000000,-0.227799,-1.299331,0,2,11.748790,-0.004185,0,0
3.379997,-17.000000,308.975200,226.507100,0,0,0,0,0,0,0.000000,0.000000,0.000000,0.000000,0.635684,0.000000,0.000000,0.000000,0.000000,0.991892,-0.127086,0.000018,0.995823,-0.091302,0.000000,-0.325899,-1.397021,0,2,11.751100,-0.004185,0,0
3.389997,-17.000000,308.970900,226.624600,0,0,0,0,0,0,0.000000,0.000000,0.000000,0.000000,0.635684,0.000000,0.000000,0.000000,0.000000,0.991892,-0.127086,0.000018,0.995823,-0.091302,0.000000,-0.423999,-1.494711,0,2,11.754230,-0.004185,0,0
3.399997,-17.000000,308.965700,226.742100,0,0,0,0,0,0,0.000000,0.000000,0.000000,0.000000,0.635684,0.000000,0.000000,0.000000,0.000000,0.991892,-0.127086,0.000018,0.995823,-0.091302,0.000000,-0.522099,-1.592402,0,2,11.758180,-0.004185,0,0
3.409997,-17.000000,308.959500,226.859500,0,0,0,0,0,0,0.000000,0.000000,0.000000,0.000000,0.635684,0.000000,0.000000,0.000000,0.000000,0.991892,-0.127086,0.000018,0.995823,-0.091302,0.000000,-0.620199,-1.690092,0,2,11.762940,-0.004185,0,0
3.419997,-17.000000,308.952400,226.977000,0,0,0,0,0,0,0.000000,0.000000,0.000000,0.000000,0.635684,0.000000,0.000000,0.000000,0.000000,0.991892,-0.127086,0.000018,0.995823,-0.091302,0.000000,-0.718299,-1.787782,0,2,11.768520,-0.004185,0,0
3.429997,-17.000000,308.944200,227.094400,0,0,0,0,0,0,0.000000,0.000000,0.000000,0.000000,0.635684,0.000000,0.000000,0.000000,0.000000,0.991892,-0.127086,0.000018,0.995823,-0.091302,0.000000,-0.816399,-1.885472,0,2,11.774920,-0.004185,0,0
3.439997,-17.000000,308.935000,227.211900,0,0,0,0,0,0,0.000000,0.000000,0.000000,0.000000,0.635684,0.000000,0.000000,0.000000,0.000000,0.991892,-0.127086,0.000018,0.995823,-0.091302,0.000000,-0.914499,-1.983163,0,2,11.782130,-0.004185,0,0
3.449997,-17.000000,308.924900,227.329400,0,0,0,0,0,0,0.000000,0.000000,0.000000,0.000000,0.635684,0.000000,0.000000,0.000000,0.000000,0.991892,-0.127086,0.000018,0.995823,-0.091302,0.000000,-1.012599,-2.080853,0,2,11.790150,-0.004185,0,0
3.459997,-17.000000,308.913800,227.446800,0,0,0,0,0,0,0.000000,0.000000,0.000000,0.000000,0.635684,0.000000,0.000000,0.000000,0.000000,0.991892,-0.127086,0.000018,0.995823,-0.091302,0.000000,-1.110699,-2.178543,0,2,11.798980,-0.004185,0,0
3.469997,-17.000000,308.901700,227.564300,0,0,0,0,0,0,0.000000,0.000000,0.000000,0.000000,0.635684,0.000000,0.000000,0.000000,0.000000,0.991892,-0.127086,0.000018,0.995823,-0.091302,0.000000,-1.208799,-2.276233,0,2,11.808620,-0.004185,0,0
3.479997,-17.000000,308.888600,227.681700,0,0,0,0,0,0,0.000000,0.000000,0.000000,0.000000,0.635684,0.000000,0.000000,0.000000,0.000000,0.991892,-0.127086,0.000018,0.995823,-0.091302,0.000000,-1.306899,-2.373923,0,2,11.819060,-0.004185,0,0
3.489997,-17.000000,308.874600,227.799200,0,0,0,0,0,0,0.000000,0.000000,0.000000,0.000000,0.635684,0.000000,0.000000,0.000000,0.000000,0.991892,-0.127086,0.000018,0.995823,-0.091302,0.000000,-1.404999,-2.471613,0,2,11.830310,-0.004185,0,0
3.499997,-17.000000,308.859600,227.916700,0,0,0,0,0,0,0.000000,0.000000,0.000000,0.000000,0.635684,0.000000,0.000000,0.000000,0.000000,0.991892,-0.127086,0.000018,0.995823,-0.091302,0.000000,-1.503098,-2.569304,0,2,11.842360,-0.004185,0,0
3.509997,-17.000000,308.843500,228.034100,0,0,0,0,0,0,0.000000,0.000000,0.000000,0.000000,0.635684,0.000000,0.000000,0.000000,0.000000,0.991892,-0.127086,0.000018,0.995823,-0.091302,0.000000,-1.601198,-2.666994,0,2,11.855210,-0.004185,0,0
3.519997,-17.000000,308.826500,228.151600,0,0,0,0,0,0,0.000000,0.000000,0.000000,0.000000,0.635684,0.000000,0.000000,0.000000,0.000000,0.991892,-0.127086,0.000018,0.995823,-0.091302,0.000000,-1.699298,-2.764684,0,2,11.868860,-0.004185,0,0
3.529997,-17.000000,308.808600,228.269100,0,0,0,0,0,0,0.000000,0.000000,0.000000,0.000000,0.635684,0.000000,0.000000,0.000000,0.000000,0.991892,-0.127086,0.000018,0.995823,-0.091302,0.000000,-1.797398,-2.862374,0,2,11.883300,-0.004185,0,0
3.539997,-17.000000,308.789600,228.386500,0,0,0,0,0,0,0.000000,0.000000,0.000000,0.000000,0.635684,0.000000,0.000000,0.000000,0.000000,0.991892,-0.127086,0.000018,0.995823,-0.091302,0.000000,-1.895498,-2.960064,0,2,11.898530,-0.004185,0,0
3.549997,-17.000000,308.769700,228.504000,0,0,0,0,0,0,0.000000,0.000000,0.000000,0.000000,0.635684,0.000000,0.000000,0.000000,0.000000,0.991892,-0.127086,0.000018,0.995823,-0.091302,0.000000,-1.993598,-3.057755,0,2,11.914560,-0.004185,0,0
3.559997,-17.000000,308.748800,228.621400,0,0,0,0,0,0,0.000000,0.000000,0.000000,0.000000,0.635684,0.000000,0.000000,0.000000,0.000000,0.991892,-0.127086,0.000018,0.995823,-0.091302,0.000000,-2.091698,-3.155445,0,2,11.931360,-0.004185,0,0
3.569997,-17.000000,308.726900,228.738900,0,0,0,0,0,0,0.000000,0.000000,0.000000,0.000000,0.635684,0.000000,0.000000,0.000000,0.000000,0.991892,-0.127086,0.000018,0.995823,-0.091302,0.000000,-2.189798,-3.253135,0,2,11.948950,-0.004185,0,0
3.579997,-17.000000,308.704000,228.856400,0,0,0,0,0,0,0.000000,0.000000,0.000000,0.000000,0.635684,0.000000,0.000000,0.000000,0.000000,0.991892,-0.127086,0.000018,0.995823,-0.091302,0.000000,-2.287898,-3.350825,0,2,11.967320,-0.004185,0,0
3.589997,-17.000000,308.680100,228.973800,0,0,0,0,0,0,0.000000,0.000000,0.000000,0.000000,0.635684,0.000000,0.000000,0.000000,0.000000,0.991892,-0.127086,0.000018,0.995823,-0.091302,0.000000,-2.385998,-3.448515,0,2,11.986460,-0.004185,0,0
3.599997,-17.000000,308.655300,229.091300,0,0,0,0,0,0,0.000000,0.000000,0.000000,0.000000,0.635684,0.000000,0.000000,0.000000,0.000000,0.991892,-0.127086,0.000018,0.995823,-0.091302,0.000000,-2.484098,-3.546206,0,2,12.006370,-0.004185,0,0
3.609997,-17.000000,308.629500,229.208800,0,0,0,0,0,0,0.000000,0.000000,0.000000,0.000000,0.635684,0.000000,0.000000,0.000000,0.000000,0.991892,-0.127086,0.000018,0.995823,-0.091302,0.000000,-2.582198,-3.643896,0,2,12.027050,-0.004185,0,0
3.619997,-17.000000,308.602700,229.326200,0,0,0,0,0,0,0.000000,0.000000,0.000000,0.000000,0.635684,0.000000,0.000000,0.000000,0.000000,0.991892,-0.127086,0.000018,0.995823,-0.091302,0.000000,-2.680298,-3.741586,0,2,12.048490,-0.004185,0,0
3.629997,-17.000000,308.574900,229.443700,0,0,0,0,0,0,0.000000,0.000000,0.000000,0.000000,0.635684,0.000000,0.000000,0.000000,0.000000,0.991892,-0.127086,0.000018,0.995823,-0.091302,0.000000,-2.778398,-3.839276,0,2,12.070700,-0.004185,0,0
3.639997,-17.000000,308.546100,229.561100,0,0,0,0,0,0,0.000000,0.000000,0.000000,0.000000,0.635684,0.000000,0.000000,0.000000,0.000000,0.991892,-0.127086,0.000018,0.995823,-0.091302,0.000000,-2.876498,-3.936966,0,2,12.093650,-0.004185,0,0
3.649997,-17.000000,308.516400,229.678600,0,0,0,0,0,0,0.000000,0.000000,0.000000,0.000000,0.635684,0.000000,0.000000,0.000000,0.000000,0.991892,-0.127086,0.000018,0.995823,-0.091302,0.000000,-2.974598,-4.034657,0,2,12.117360,-0.004185,0,0
3.659997,-17.000000,308.485600,229.796100,0,0,0,0,0,0,0.000000,0.000000,0.000000,0.000000,0.635684,0.000000,0.000000,0.000000,0.000000,0.991892,-0.127086,0.000018,0.995823,-0.091302,0.000000,-3.072698,-4.132347,0,2,12.141820,-0.004185,0,0
3.669997,-17.000000,308.453900,229.913500,0,0,0,0,0,0,0.000000,0.000000,0.000000,0.000000,0.635684,0.000000,0.000000,0.000000,0.000000,0.991892,-0.127086,0.000018,0.995823,-0.091302,0.000000,-3.170798,-4.230037,0,2,12.167010,-0.004185,0,0
3.679997,-17.000000,308.421200,230.031000,0,0,0,0,0,0,0.000000,0.000000,0.000000,0.000000,0.635684,0.000000,0.000000,0.000000,0.000000,0.991892,-0.127086,0.000018,0.995823,-0.091302,0.000000,-3.268898,-4.327727,0,2,12.192940,-0.004185,0,0
3.689997,-17.000000,308.387600,230.148500,0,0,0,0,0,0,0.000000,0.000000,0.000000,0.000000,0.635684,0.000000,0.000000,0.000000,0.000000,0.991892,-0.127086,0.000018,0.995823,-0.091302,0.000000,-3.366997,-4.425417,0,2,12.219610,-0.004185,0,0
3.699997,-17.000000,308.352900,230.265900,0,0,0,0,0,0,0.000000,0.000000,0.000000,0.000000,0.635684,0.000000,0.000000,0.000000,0.000000,0.991892,-0.127086,0.000018,0.995823,-0.091302,0.000000,-3.465097,-4.523108,0,2,12.247000,-0.004185,0,0
3.709997,-17.000000,308.317300,230.383400,0,0,0,0,0,0,0.000000,0.000000,0.000000,0.000000,0.635684,0.000000,0.000000,0.000000,0.000000,0.991892,-0.127086,0.000018,0.995823,-0.091302,0.000000,-3.563197,-4.620798,0,2,12.275120,-0.004185,0,0
3.719997,-17.000000,308.280700,230.500800,0,0,0,0,0,0,0.000000,0.000000,0.000000,0.000000,0.635684,0.000000,0.000000,0.000000,0.000000,0.991892,-0.127086,0.000018,0.995823,-0.091302,0.000000,-3.661297,-4.718488,0,2,12.303960,-0.004185,0,0
3.729997,-17.000000,308.243100,230.618300,0,0,0,0,0,0,0.000000,0.000000,0.000000,0.000000,0.635684,0.000000,0.000000,0.000000,0.000000,0.991892,-0.127086,0.000018,0.995823,-0.091302,0.000000,-3.759397,-4.816178,0,2,12.333500,-0.004185,0,0
3.739997,-17.000000,308.204500,230.735800,0,0,0,0,0,0,0.000000,0.000000,0.000000,0.000000,0.635684,0.000000,0.000000,0.000000,0.000000,0.991892,-0.127086,0.000018,0.995823,-0.091302,0.000000,-3.857497,-4.913868,0,2,12.363760,-0.004185,0,0
3.749997,-17.000000,308.164900,230.853200,0,0,0,0,0,0,0.000000,0.000000,0.000000,0.000000,0.635684,0.000000,0.000000,0.000000,0.000000,0.991892,-0.127086,0.000018,0.995823,-0.091302,0.000000,-3.955597,-5.011559,0,2,12.394720,-0.004185,0,0
3.759997,-17.000000,308.124400,230.970700,0,0,0,0,0,0,0.000000,0.000000,0.000000,0.000000,0.635684,0.000000,0.000000,0.000000,0.000000,0.991892,-0.127086,0.000018,0.995823,-0.091302,0.000000,-4.053697,-5.109249,0,2,12.426370,-0.004185,0,0
3.769997,-17.000000,308.082900,231.088200,0,0,0,0,0,0,0.000000,0.000000,0.000000,0.000000,0.635684,0.000000,0.000000,0.000000,0.000000,0.991892,-0.127086,0.000018,0.995823,-0.091302,0.000000,-4.151797,-5.206939,0,2,12.458720,-0.004185,0,0
3.779997,-17.000000,308.040400,231.205600,0,0,0,0,0,0,0.000000,0.000000,0.000000,0.000000,0.635684,0.000000,0.000000,0.000000,0.000000,0.991892,-0.127086,0.000018,0.995823,-0.091302,0.000000,-4.249897,-5.304630,0,2,12.491750,-0.004185,0,0
3.789997,-17.000000,307.996900,231.323100,0,0,0,0,0,0,0.000000,0.000000,0.000000,0.000000,0.635684,0.000000,0.000000,0.000000,0.000000,0.991892,-0.127086,0.000018,0.995823,-0.091302,0.000000,-4.347998,-5.402320,0,2,12.525470,-0.004185,0,0
3.799997,-17.000000,307.952500,231.440500,0,0,0,0,0,0,0.000000,0.000000,0.000000,0.000000,0.635684,0.000000,0.000000,0.000000,0.000000,0.991892,-0.127086,0.000018,0.995823,-0.091302,0.000000,-4.446098,-5.500010,0,2,12.559860,-0.004185,0,0
3.809997,-17.000000,307.907000,231.558000,0,0,0,0,0,0,0.000000,0.000000,0.000000,0.000000,0.635684,0.000000,0.000000,0.000000,0.000000,0.991892,-0.127086,0.000018,0.995823,-0.091302,0.000000,-4.544198,-5.597701,0,2,12.594920,-0.004185,0,0
3.819997,-17.000000,307.860600,231.675500,0,0,0,0,0,0,0.000000,0.000000,0.000000,0.000000,0.635684,0.000000,0.000000,0.000000,0.000000,0.991892,-0.127086,0.000018,0.995823,-0.091302,0.000000,-4.642298,-5.695392,0,2,12.630640,-0.004185,0,0
3.829997,-17.000000,307.813200,231.792900,0,0,0,0,0,0,0.000000,0.000000,0.000000,0.000000,0.635684,0.000000,0.000000,0.000000,0.000000,0.991892,-0.127086,0.000018,0.995823,-0.091302,0.000000,-4.740398,-5.793082,0,2,12.667030,-0.004185,0,0
3.839997,-17.000000,307.764800,231.910400,0,0,0,0,0,0,0.000000,0.000000,0.000000,0.000000,0.635684,0.000000,0.000000,0.000000,0.000000,0.991892,-0.127086,0.000018,0.995823,-0.091302,0.000000,-4.838499,-5.890772,0,2,12.704070,-0.004185,0,0
3.849997,-17.000000,307.715500,232.027800,0,0,0,0,0,0,0.000000,0.000000,0.000000,0.000000,0.635684,0.000000,0.000000,0.000000,0.000000,0.991892,-0.127086,0.000018,0.995823,-0.091302,0.000000,-4.936599,-5.988463,0,2,12.741750,-0.004185,0,0
3.859997,-17.000000,307.665100,232.145300,0,0,0,0,0,0,0.000000,0.000000,0.000000,0.000000,0.635684,0.000000,0.000000,0.000000,0.000000,0.991892,-0.127086,0.000018,0.995823,-0.091302,0.000000,-5.034699,-6.086153,0,2,12.780080,-0.004185,0,0
3.869997,-17.000000,307.613800,232.262800,0,0,0,0,0,0,0.000000,0.000000,0.000000,0.000000,0.635684,0.000000,0.000000,0.000000,0.000000,0.991892,-0.127086,0.000018,0.995823,-0.091302,0.000000,-5.132799,-6.183844,0,2,12.819040,-0.004185,0,0
3.879997,-17.000000,307.561500,232.380200,0,0,0,0,0,0,0.000000,0.000000,0.000000,0.000000,0.635684,0.000000,0.000000,0.000000,0.000000,0.991892,-0.127086,0.000018,0.995823,-0.091302,0.000000,-5.230899,-6.281534,0,2,12.858640,-0.004185,0,0
3.889997,-17.000000,307.508200,232.497700,0,0,0,0,0,0,0.000000,0.000000,0.000000,0.000000,0.635684,0.000000,0.000000,0.000000,0.000000,0.991892,-0.127086,0.000018,0.995823,-0.091302,0.000000,-5.329000,-6.379224,0,2,12.898850,-0.004185,0,0
3.899997,-17.000000,307.453900,232.615200,0,0,0,0,0,0,0.000000,0.000000,0.000000,0.000000,0.635684,0.000000,0.000000,0.000000,0.000000,0.991892,-0.127086,0.000018,0.995823,-0.091302,0.000000,-5.427100,-6.476915,0,2,12.939690,-0.004185,0,0
3.909997,-17.000000,307.398700,232.732600,0,0,0,0,0,0,0.000000,0.000000,0.000000,0.000000,0.635684,0.000000,0.000000,0.000000,0.000000,0.991892,-0.127086,0.000018,0.995823,-0.091302,0.000000,-5.525200,-6.574605,0,2,12.981140,-0.004185,0,0
3.919997,-17.000000,307.342400,232.850100,0,0,0,0,0,0,0.000000,0.000000,0.000000,0.000000,0.635684,0.000000,0.000000,0.000000,0.000000,0.991892,-0.127086,0.000018,0.995823,-0.091302,0.000000,-5.623300,-6.672296,0,2,13.023200,-0.004185,0,0
3.929997,-17.000000,307.285200,232.967500,0,0,0,0,0,0,0.000000,0.000000,0.000000,0.000000,0.635684,0.000000,0.000000,0.000000,0.000000,0.991892,-0.127086,0.000018,0.995823,-0.091302,0.000000,-5.721400,-6.769986,0,2,13.065860,-0.004185,0,0
3.939997,-17.000000,307.227000,233.085000,0,0,0,0,0,0,0.000000,0.000000,0.000000,0.000000,0.635684,0.000000,0.000000,0.000000,0.000000,0.991892,-0.127086,0.000018,0.995823,-0.091302,0.000000,-5.819500,-6.867677,0,2,13.109110,-0.004185,0,0
3.949997,-17.000000,307.167800,233.202500,0,0,0,0,0,0,0.000000,0.000000,0.000000,0.000000,0.635684,0.000000,0.000000,0.000000,0.000000,0.991892,-0.127086,0.000018,0.995823,-0.091302,0.000000,-5.917601,-6.965367,0,2,13.152950,-0.004185,0,0
3.959997,-17.000000,307.107700,233.319900,0,0,0,0,0,0,0.000000,0.000000,0.000000,0.000000,0.635684,0.000000,0.000000,0.000000,0.000000,0.991892,-0.127086,0.000018,0.995823,-0.091302,0.000000,-6.015701,-7.063057,0,2,13.197380,-0.004185,0,0
3.969997,-17.000000,307.046600,233.437400,0,0,0,0,0,0,0.000000,0.000000,0.000000,0.000000,0.635684,0.000000,0.000000,0.000000,0.000000,0.991892,-0.127086,0.000018,0.995823,-0.091302,0.000000,-6.113801,-7.160748,0,2,13.242390,-0.004185,0,0
3.979997,-17.000000,306.984400,233.554900,0,0,0,0,0,0,0.000000,0.000000,0.000000,0.000000,0.635684,0.000000,0.000000,0.000000,0.000000,0.991892,-0.127086,0.000018,0.995823,-0.091302,0.000000,-6.211901,-7.258439,0,2,13.287960,-0.004185,0,0
3.989997,-17.000000,306.921300,233.672300,0,0,0,0,0,0,0.000000,0.000000,0.000000,0.000000,0.635684,0.000000,0.000000,0.000000,0.000000,0.991892,-0.127086,0.000018,0.995823,-0.091302,0.000000,-6.310001,-7.356129,0,2,13.334100,-0.004185,0,0
3.999997,-17.000000,306.857200,233.789800,0,0,0,0,0,0,0.000000,0.000000,0.000000,0.000000,0.635684,0.000000,0.000000,0.000000,0.000000,0.991892,-0.127086,0.000018,0.995823,-0.091302,0.000000,-6.408102,-7.453819,0,2,13.380810,-0.004185,0,0
4.009997,-17.000000,306.792200,233.907200,0,0,0,0,0,0,0.000000,0.000000,0.000000,0.000000,0.635684,0.000000,0.000000,0.000000,0.000000,0.991892,-0.127086,0.000018,0.995823,-0.091302,0.000000,-6.506202,-7.551510,0,2,13.428060,-0.004185,0,0
4.019997,-17.000000,306.726100,234.024700,0,0,0,0,0,0,0.000000,0.000000,0.000000,0.000000,0.635684,0.000000,0.000000,0.000000,0.000000,0.991892,-0.127086,0.000018,0.995823,-0.091302,0.000000,-6.604302,-7.649200,0,2,13.475870,-0.004185,0,0
4.029997,-17.000000,306.659100,234.142200,0,0,0,0,0,0,0.000000,0.000000,0.000000,0.000000,0.635684,0.000000,0.000000,0.000000,0.000000,0.991892,-0.127086,0.000018,0.995823,-0.091302,0.000000,-6.702402,-7.746891,0,2,13.524220,-0.004185,0,0
4.039998,-17.000000,306.591100,234.259600,0,0,0,0,0,0,0.000000,0.000000,0.000000,0.000000,0.635684,0.000000,0.000000,0.000000,0.000000,0.991892,-0.127086,0.000018,0.995823,-0.091302,0.000000,-6.800502,-7.844581,0,2,13.573100,-0.004185,0,0
4.049998,-17.000000,306.522100,234.377100,0,0,0,0,0,0,0.000000,0.000000,0.000000,0.000000,0.635684,0.000000,0.000000,0.000000,0.000000,0.991892,-0.127086,0.000018,0.995823,-0.091302,0.000000,-6.898602,-7.942272,0,2,13.622520,-0.004185,0,0
4.059998,-17.000000,306.452100,234.494600,0,0,0,0,0,0,0.000000,0.000000,0.000000,0.000000,0.635684,0.000000,0.000000,0.000000,0.000000,0.991892,-0.127086,0.000018,0.995823,-0.091302,0.000000,-6.996703,-8.039962,0,2,13.672460,-0.004185,0,0
4.069998,-17.000000,306.381200,234.612000,0,0,0,0,0,0,0.000000,0.000000,0.000000,0.000000,0.635684,0.000000,0.000000,0.000000,0.000000,0.991892,-0.127086,0.000018,0.995823,-0.091302,0.000000,-7.094803,-8.137652,0,2,13.722920,-0.004185,0,0
4.079998,-17.000000,306.309300,234.729500,0,0,0,0,0,0,0.000000,0.000000,0.000000,0.000000,0.635684,0.000000,0.000000,0.000000,0.000000,0.991892,-0.127086,0.000018,0.995823,-0.091302,0.000000,-7.192903,-8.235343,0,2,13.773890,-0.004185,0,0
4.089999,-17.000000,306.236400,234.846900,0,0,0,0,0,0,0.000000,0.000000,0.000000,0.000000,0.635684,0.000000,0.000000,0.000000,0.000000,0.991892,-0.127086,0.000018,0.995823,-0.091302,0.000000,-7.291003,-8.333034,0,2,13.825370,-0.004185,0,0
4.099999,-17.000000,306.162500,234.964400,0,0,0,0,0,0,0.000000,0.000000,0.000000,0.000000,0.635684,0.000000,0.000000,0.000000,0.000000,0.991892,-0.127086,0.000018,0.995823,-0.091302,0.000000,-7.389103,-8.430723,0,2,13.877360,-0.004185,0,0
4.109999,-17.000000,306.087600,235.081900,0,0,0,0,0,0,0.000000,0.000000,0.000000,0.000000,0.635684,0.000000,0.000000,0.000000,0.000000,0.991892,-0.127086,0.000018,0.995823,-0.091302,0.000000,-7.487204,-8.528414,0,2,13.929840,-0.004185,0,0
4.119999,-17.000000,306.011700,235.199300,0,0,0,0,0,0,0.000000,0.000000,0.000000,0.000000,0.635684,0.000000,0.000000,0.000000,0.000000,0.991892,-0.127086,0.000018,0.995823,-0.091302,0.000000,-7.585304,-8.626104,0,2,13.982810,-0.004185,0,0
4.130000,-17.000000,305.934900,235.316800,0,0,0,0,0,0,0.000000,0.000000,0.000000,0.000000,0.635684,0.000000,0.000000,0.000000,0.000000,0.991892,-0.127086,0.000018,0.995823,-0.091302,0.000000,-7.683404,-8.723795,0,2,14.036270,-0.004185,0,0
4.140000,-17.000000,305.857100,235.434200,0,0,0,0,0,0,0.000000,0.000000,0.000000,0.000000,0.635684,0.000000,0.000000,0.000000,0.000000,0.991892,-0.127086,0.000018,0.995823,-0.091302,0.000000,-7.781504,-8.821486,0,2,14.090210,-0.004185,0,0
4.150000,-17.000000,305.778300,235.551700,0,0,0,0,0,0,0.000000,0.000000,0.000000,0.000000,0.635684,0.000000,0.000000,0.000000,0.000000,0.991892,-0.127086,0.000018,0.995823,-0.091302,0.000000,-7.879604,-8.919176,0,2,14.144620,-0.004185,0,0
4.160000,-17.000000,305.698500,235.669200,0,0,0,0,0,0,0.000000,0.000000,0.000000,0.000000,0.635684,0.000000,0.000000,0.000000,0.000000,0.991892,-0.127086,0.000018,0.995823,-0.091302,0.000000,-7.977705,-9.016867,0,2,14.199510,-0.004185,0,0
4.170001,-17.000000,305.617800,235.786600,0,0,0,0,0,0,0.000000,0.000000,0.000000,0.000000,0.635684,0.000000,0.000000,0.000000,0.000000,0.991892,-0.127086,0.000018,0.995823,-0.091302,0.000000,-8.075805,-9.114556,0,2,14.254850,-0.004185,0,0
4.180001,-17.000000,305.536000,235.904100,0,0,0,0,0,0,0.000000,0.000000,0.000000,0.000000,0.635684,0.000000,0.000000,0.000000,0.000000,0.991892,-0.127086,0.000018,0.995823,-0.091302,0.000000,-8.173904,-9.212247,0,2,14.310660,-0.004185,0,0
4.190001,-17.000000,305.453300,236.021600,0,0,0,0,0,0,0.000000,0.000000,0.000000,0.000000,0.635684,0.000000,0.000000,0.000000,0.000000,0.991892,-0.127086,0.000018,0.995823,-0.091302,0.000000,-8.272004,-9.309937,0,2,14.366920,-0.004185,0,0
4.200001,-17.000000,305.369600,236.139000,0,0,0,0,0,0,0.000000,0.000000,0.000000,0.000000,0.635684,0.000000,0.000000,0.000000,0.000000,0.991892,-0.127086,0.000018,0.995823,-0.091302,0.000000,-8.370104,-9.407626,0,2,14.423620,-0.004185,0,0
4.210001,-17.000000,305.284900,236.256500,0,0,0,0,0,0,0.000000,0.000000,0.000000,0.000000,0.635684,0.000000,0.000000,0.000000,0.000000,0.991892,-0.127086,0.000018,0.995823,-0.091302,0.000000,-8.468204,-9.505317,0,2,14.480770,-0.004185,0,0
4.220002,-17.000000,305.199200,236.373900,0,0,0,0,0,0,0.000000,0.000000,0.000000,0.000000,0.635684,0.000000,0.000000,0.000000,0.000000,0.991892,-0.127086,0.000018,0.995823,-0.091302,0.000000,-8.566303,-9.603006,0,2,14.538350,-0.004185,0,0
4.230002,-17.000000,305.112600,236.491400,0,0,0,0,0,0,0.000000,0.000000,0.000000,0.000000,0.635684,0.000000,0.000000,0.000000,0.000000,0.991892,-0.127086,0.000018,0.995823,-0.091302,0.000000,-8.664403,-9.700696,0,2,14.596370,-0.004185,0,0
4.240002,-17.000000,305.025000,236.608900,0,0,0,0,0,0,0.000000,0.000000,0.000000,0.000000,0.635684,0.000000,0.000000,0.000000,0.000000,0.991892,-0.127086,0.000018,0.995823,-0.091302,0.000000,-8.762503,-9.798387,0,2,14.654820,-0.004185,0,0
4.250002,-17.000000,304.936400,236.726300,0,0,0,0,0,0,0.000000,0.000000,0.000000,0.000000,0.635684,0.000000,0.000000,0.000000,0.000000,0.991892,-0.127086,0.000018,0.995823,-0.091302,0.000000,-8.860602,-9.896076,0,2,14.713680,-0.004185,0,0
4.260003,-17.000000,304.846800,236.843800,0,0,0,0,0,0,0.000000,0.000000,0.000000,0.000000,0.635684,0.000000,0.000000,0.000000,0.000000,0.991892,-0.127086,0.000018,0.995823,-0.091302,0.000000,-8.958702,-9.993767,0,2,14.772970,-0.004185,0,0
4.270003,-17.000000,304.756200,236.961300,0,0,0,0,0,0,0.000000,0.000000,0.000000,0.000000,0.635684,0.000000,0.000000,0.000000,0.000000,0.991892,-0.127086,0.000018,0.995823,-0.091302,0.000000,-9.056802,-10.091460,0,2,14.832660,-0.004185,0,0
4.280003,-17.000000,304.664700,237.078700,0,0,0,0,0,0,0.000000,0.000000,0.000000,0.000000,0.635684,0.000000,0.000000,0.000000,0.000000,0.991892,-0.127086,0.000018,0.995823,-0.091302,0.000000,-9.154902,-10.189150,0,2,14.892760,-0.004185,0,0
4.290003,-17.000000,304.572100,237.196200,0,0,0,0,0,0,0.000000,0.000000,0.000000,0.000000,0.635684,0.000000,0.000000,0.000000,0.000000,0.991892,-0.127086,0.000018,0.995823,-0.091302,0.000000,-9.253001,-10.286840,0,2,14.953270,-0.004185,0,0
4.300004,-17.000000,304.478600,237.313600,0,0,0,0,0,0,0.000000,0.000000,0.000000,0.000000,0.635684,0.000000,0.000000,0.000000,0.000000,0.991892,-0.127086,0.000018,0.995823,-0.091302,0.000000,-9.351101,-10.384530,0,2,15.014170,-0.004185,0,0
4.310004,-17.000000,304.384200,237.431100,0,0,0,0,0,0,0.000000,0.000000,0.000000,0.000000,0.635684,0.000000,0.000000,0.000000,0.000000,0.991892,-0.127086,0.000018,0.995823,-0.091302,0.000000,-9.449201,-10.482220,0,2,15.075460,-0.004185,0,0
4.320004,-17.000000,304.288700,237.548600,0,0,0,0,0,0,0.000000,0.000000,0.000000,0.000000,0.635684,0.000000,0.000000,0.000000,0.000000,0.991892,-0.127086,0.000018,0.995823,-0.091302,0.000000,-9.547300,-10.579910,0,2,15.137150,-0.004185,0,0
4.330004,-17.000000,304.192200,237.666000,0,0,0,0,0,0,0.000000,0.000000,0.000000,0.000000,0.635684,0.000000,0.000000,0.000000,0.000000,0.991892,-0.127086,0.000018,0.995823,-0.091302,0.000000,-9.645400,-10.677600,0,2,15.199210,-0.004185,0,0
4.340004,-17.000000,304.094800,237.783500,0,0,0,0,0,0,0.000000,0.000000,0.000000,0.000000,0.635684,0.000000,0.000000,0.000000,0.000000,0.991892,-0.127086,0.000018,0.995823,-0.091302,0.000000,-9.743500,-10.775290,0,2,15.261650,-0.004185,0,0
4.350005,-17.000000,303.996400,237.901000,0,0,0,0,0,0,0.000000,0.000000,0.000000,0.000000,0.635684,0.000000,0.000000,0.000000,0.000000,0.991892,-0.127086,0.000018,0.995823,-0.091302,0.000000,-9.841599,-10.872980,0,2,15.324470,-0.004185,0,0
4.360005,-17.000000,303.897000,238.018400,0,0,0,0,0,0,0.000000,0.000000,0.000000,0.000000,0.635684,0.000000,0.000000,0.000000,0.000000,0.991892,-0.127086,0.000018,0.995823,-0.091302,0.000000,-9.939699,-10.970670,0,2,15.387650,-0.004185,0,0
4.370005,-17.000000,303.796600,238.135900,0,0,0,0,0,0,0.000000,0.000000,0.000000,0.000000,0.635684,0.000000,0.000000,0.000000,0.000000,0.991892,-0.127086,0.000018,0.995823,-0.091302,0.000000,-10.037800,-11.068360,0,2,15.451200,-0.004185,0,0
4.380005,-17.000000,303.695300,238.253300,0,0,0,0,0,0,0.000000,0.000000,0.000000,0.000000,0.635684,0.000000,0.000000,0.000000,0.000000,0.991892,-0.127086,0.000018,0.995823,-0.091302,0.000000,-10.135900,-11.166050,0,2,15.515110,-0.004185,0,0
4.390006,-17.000000,303.592900,238.370800,0,0,0,0,0,0,0.000000,0.000000,0.000000,0.000000,0.635684,0.000000,0.000000,0.000000,0.000000,0.991892,-0.127086,0.000018,0.995823,-0.091302,0.000000,-10.234000,-11.263740,0,2,15.579380,-0.004185,0,0
4.400006,-17.000000,303.489600,238.488300,0,0,0,0,0,0,0.000000,0.000000,0.000000,0.000000,0.635684,0.000000,0.000000,0.000000,0.000000,0.991892,-0.127086,0.000018,0.995823,-0.091302,0.000000,-10.332100,-11.361430,0,2,15.643990,-0.004185,0,0
4.410006,-17.000000,303.385300,238.605700,0,0,0,0,0,0,0.000000,0.000000,0.000000,0.000000,0.635684,0.000000,0.000000,0.000000,0.000000,0.991892,-0.127086,0.000018,0.995823,-0.091302,0.000000,-10.430200,-11.459120,0,2,15.708950,-0.004185,0,0
4.420006,-17.000000,303.280000,238.723200,0,0,0,0,0,0,0.000000,0.000000,0.000000,0.000000,0.635684,0.000000,0.000000,0.000000,0.000000,0.991892,-0.127086,0.000018,0.995823,-0.091302,0.000000,-10.528300,-11.556810,0,2,15.774260,-0.004185,0,0
4.430007,-17.000000,303.173700,238.840700,0,0,0,0,0,0,0.000000,0.000000,0.000000,0.000000,0.635684,0.000000,0.000000,0.000000,0.000000,0.991892,-0.127086,0.000018,0.995823,-0.091302,0.000000,-10.626400,-11.654500,0,2,15.839900,-0.004185,0,0
4.440007,-17.000000,303.066500,238.958100,0,0,0,0,0,0,0.000000,0.000000,0.000000,0.000000,0.635684,0.000000,0.000000,0.000000,0.000000,0.991892,-0.127086,0.000018,0.995823,-0.091302,0.000000,-10.724500,-11.752190,0,2,15.905880,-0.004185,0,0
4.450007,-17.000000,302.958300,239.075600,0,0,0,0,0,0,0.000000,0.000000,0.000000,0.000000,0.635684,0.000000,0.000000,0.000000,0.000000,0.991892,-0.127086,0.000018,0.995823,-0.091302,0.000000,-10.822600,-11.849880,0,2,15.972190,-0.004185,0,0
4.460007,-17.000000,302.849100,239.193000,0,0,0,0,0,0,0.000000,0.000000,0.000000,0.000000,0.635684,0.000000,0.000000,0.000000,0.000000,0.991892,-0.127086,0.000018,0.995823,-0.091302,0.000000,-10.920700,-11.947570,0,2,16.038820,-0.004185,0,0
4.470007,-17.000000,302.738900,239.310500,0,0,0,0,0,0,0.000000,0.000000,0.000000,0.000000,0.635684,0.000000,0.000000,0.000000,0.000000,0.991892,-0.127086,0.000018,0.995823,-0.091302,0.000000,-11.018800,-12.045260,0,2,16.105780,-0.004185,0,0
4.480008,-17.000000,302.627700,239.428000,0,0,0,0,0,0,0.000000,0.000000,0.000000,0.000000,0.635684,0.000000,0.000000,0.000000,0.000000,0.991892,-0.127086,0.000018,0.995823,-0.091302,0.000000,-11.116900,-12.142950,0,2,16.173050,-0.004185,0,0
4.490008,-17.000000,302.515600,239.545400,0,0,0,0,0,0,0.000000,0.000000,0.000000,0.000000,0.635684,0.000000,0.000000,0.000000,0.000000,0.991892,-0.127086,0.000018,0.995823,-0.091302,0.000000,-11.215000,-12.240640,0,2,16.240640,-0.004185,0,0
4.500008,-17.000000,302.402400,239.662900,0,0,0,0,0,0,0.000000,0.000000,0.000000,0.000000,0.635684,0.000000,0.000000,0.000000,0.000000,0.991892,-0.127086,0.000018,0.995823,-0.091302,0.000000,-11.313100,-12.338330,0,2,16.308530,-0.004185,0,0
4.510008,-17.000000,302.288300,239.780300,0,0,0,0,0,0,0.000000,0.000000,0.000000,0.000000,0.635684,0.000000,0.000000,0.000000,0.000000,0.991892,-0.127086,0.000018,0.995823,-0.091302,0.000000,-11.411190,-12.436020,0,2,16.376740,-0.004185,0,0
4.520009,-17.000000,302.173200,239.897800,0,0,0,0,0,0,0.000000,0.000000,0.000000,0.000000,0.635684,0.000000,0.000000,0.000000,0.000000,0.991892,-0.127086,0.000018,0.995823,-0.091302,0.000000,-11.509290,-12.533710,0,2,16.445240,-0.004185,0,0
4.530009,-17.000000,302.057200,240.015300,0,0,0,0,0,0,0.000000,0.000000,0.000000,0.000000,0.635684,0.000000,0.000000,0.000000,0.000000,0.991892,-0.127086,0.000018,0.995823,-0.091302,0.000000,-11.607390,-12.631400,0,2,16.514050,-0.004185,0,0
4.540009,-17.000000,301.940100,240.132700,0,0,0,0,0,0,0.000000,0.000000,0.000000,0.000000,0.635684,0.000000,0.000000,0.000000,0.000000,0.991892,-0.127086,0.000018,0.995823,-0.091302,0.000000,-11.705490,-12.729080,0,2,16.583150,-0.004185,0,0
4.550009,-17.000000,301.822100,240.250200,0,0,0,0,0,0,0.000000,0.000000,0.000000,0.000000,0.635684,0.000000,0.000000,0.000000,0.000000,0.991892,-0.127086,0.000018,0.995823,-0.091302,0.000000,-11.803590,-12.826780,0,2,16.652540,-0.004185,0,0
4.560009,-17.000000,301.703000,240.367700,0,0,0,0,0,0,0.000000,0.000000,0.000000,0.000000,0.635684,0.000000,0.000000,0.000000,0.000000,0.991892,-0.127086,0.000018,0.995823,-0.091302,0.000000,-11.901690,-12.924470,0,2,16.722220,-0.004185,0,0
4.570010,-17.000000,301.583000,240.485100,0,0,0,0,0,0,0.000000,0.000000,0.000000,0.000000,0.635684,0.000000,0.000000,0.000000,0.000000,0.991892,-0.127086,0.000018,0.995823,-0.091302,0.000000,-11.999790,-13.022150,0,2,16.792180,-0.004185,0,0
4.580010,-17.000000,301.462100,240.602600,0,0,0,0,0,0,0.000000,0.000000,0.000000,0.000000,0.635684,0.000000,0.000000,0.000000,0.000000,0.991892,-0.127086,0.000018,0.995823,-0.091302,0.000000,-12.097890,-13.119850,0,2,16.862420,-0.004185,0,0
4.590010,-17.000000,301.340100,240.720000,0,0,0,0,0,0,0.000000,0.000000,0.000000,0.000000,0.635684,0.000000,0.000000,0.000000,0.000000,0.991892,-0.127086,0.000018,0.995823,-0.091302,0.000000,-12.195990,-13.217540,0,2,16.932940,-0.004185,0,0
4.600010,-17.000000,301.217200,240.837500,0,0,0,0,0,0,0.000000,0.000000,0.000000,0.000000,0.635684,0.000000,0.000000,0.000000,0.000000,0.991892,-0.127086,0.000018,0.995823,-0.091302,0.000000,-12.294090,-13.315220,0,2,17.003730,-0.004185,0,0
4.610011,-17.000000,301.093200,240.955000,0,0,0,0,0,0,0.000000,0.000000,0.000000,0.000000,0.635684,0.000000,0.000000,0.000000,0.000000,0.991892,-0.127086,0.000018,0.995823,-0.091302,0.000000,-12.392190,-13.412920,0,2,17.074790,-0.005673,0,0
4.620011,-17.000000,300.968300,241.072400,0,0,0,0,0,0,0.000000,0.000000,0.000000,0.000000,0.635684,0.000000,0.000000,0.000000,0.000000,0.991892,-0.127086,0.000018,0.995823,-0.091302,0.000000,-12.490290,-13.510600,0,2,17.146120,-0.007116,0,0
4.630011,-17.000000,300.842400,241.189900,0,0,0,0,0,0,0.000000,0.000000,0.000000,0.000000,0.635684,0.000000,0.000000,0.000000,0.000000,0.991892,-0.127086,0.000018,0.995823,-0.091302,0.000000,-12.588390,-13.608290,0,2,17.217720,-0.008514,0,0
4.640011,-17.000000,300.715600,241.307400,0,0,0,0,0,0,0.000000,0.000000,0.000000,0.000000,0.635684,0.000000,0.000000,0.000000,0.000000,0.991892,-0.127086,0.000018,0.995823,-0.091302,0.000000,-12.686490,-13.705990,0,2,17.289570,-0.009869,0,0
4.650012,-17.000000,300.587700,241.424800,0,0,0,0,0,0,0.000000,0.000000,0.000000,0.000000,0.635684,0.000000,0.000000,0.000000,0.000000,0.991892,-0.127086,0.000018,0.995823,-0.091302,0.000000,-12.784590,-13.803670,0,2,17.361680,-0.011183,0,0
4.660012,-17.000000,300.458900,241.542300,0,0,0,0,0,0,0.000000,0.000000,0.000000,0.000000,0.635684,0.000000,0.000000,0.000000,0.000000,0.991892,-0.127086,0.000018,0.995823,-0.091302,0.000000,-12.882690,-13.901360,0,2,17.434050,-0.012455,0,0
4.670012,-17.000000,300.329100,241.659700,0,0,0,0,0,0,0.000000,0.000000,0.000000,0.000000,0.635684,0.000000,0.000000,0.000000,0.000000,0.991892,-0.127086,0.000018,0.995823,-0.091302,0.000000,-12.980790,-13.999050,0,2,17.506660,-0.013687,0,0
4.680012,-17.000000,300.198300,241.777200,0,0,0,0,0,0,0.000000,0.000000,0.000000,0.000000,0.635684,0.000000,0.000000,0.000000,0.000000,0.991892,-0.127086,0.000018,0.995823,-0.091302,0.000000,-13.078890,-14.096740,0,2,17.579520,-0.014881,0,0
4.690012,-17.000000,300.066500,241.894700,0,0,0,0,0,0,0.000000,0.000000,0.000000,0.000000,0.635684,0.000000,0.000000,0.000000,0.000000,0.991892,-0.127086,0.000018,0.995823,-0.091302,0.000000,-13.176990,-14.194430,0,2,17.652630,-0.016036,0,0
4.700013,-17.000000,299.933800,242.012100,0,0,0,0,0,0,0.000000,0.000000,0.000000,0.000000,0.635684,0.000000,0.000000,0.000000,0.000000,0.991892,-0.127086,0.000018,0.995823,-0.091302,0.000000,-13.275090,-14.292120,0,2,17.725980,-0.017155,0,0
4.710013,-17.000000,299.800000,242.129600,0,0,0,0,0,0,0.000000,0.000000,0.000000,0.000000,0.635684,0.000000,0.000000,0.000000,0.000000,0.991892,-0.127086,0.000018,0.995823,-0.091302,0.000000,-13.373190,-14.389810,0,2,17.799560,-0.018238,0,0
4.720013,-17.000000,299.665300,242.247100,0,0,0,0,0,0,0.000000,0.000000,0.000000,0.000000,0.635684,0.000000,0.000000,0.000000,0.000000,0.991892,-0.127086,0.000018,0.995823,-0.091302,0.000000,-13.471290,-14.487500,0,2,17.873380,-0.019286,0,0
4.730013,-17.000000,299.529700,242.364500,1,1,1,1,2,2,1.040602,1.038194,1.040579,1.038212,1.039396,-0.006312,0.975284,0.220864,-0.006313,0.975285,0.220859,-0.006313,0.975285,0.220859,0.000000,-2.778466,0.000000,1,3,12.578540,0.121129,0,0
4.740014,-17.000580,299.500900,242.487100,1,1,1,1,2,2,1.039679,1.037268,1.039653,1.037240,1.038446,-0.006319,0.975291,0.220836,-0.006313,0.975285,0.220859,-0.006313,0.975285,0.220859,0.000000,-2.875057,-0.095675,1,3,12.593750,-0.028748,0,0
4.750014,-17.001160,299.471200,242.609700,1,1,1,1,2,2,1.037625,1.035362,1.037703,1.035335,1.036519,-0.006318,0.975283,0.220869,-0.006313,0.975285,0.220859,-0.006313,0.975285,0.220859,0.000000,-2.971621,-0.191325,1,3,12.609670,-0.028165,0,0
4.760014,-17.001740,299.440500,242.732100,1,1,1,1,2,2,1.034931,1.032833,1.034816,1.032808,1.033812,-0.006080,0.975353,0.220567,-0.006090,0.975335,0.220647,-0.006294,0.975290,0.220841,0.000000,-3.068157,-0.287186,1,3,12.626300,-0.027411,0,0
4.770014,-17.002310,299.408900,242.854600,1,1,1,1,2,2,1.031028,1.028904,1.030965,1.028950,1.029958,-0.006079,0.975332,0.220661,-0.006090,0.975335,0.220647,-0.006276,0.975294,0.220824,0.000000,-3.164667,-0.383002,1,3,12.643650,-0.026695,0,0
4.780015,-17.002880,299.376300,242.976900,1,1,1,1,2,2,1.026254,1.024227,1.026154,1.024132,1.025143,-0.006103,0.975359,0.220540,-0.006090,0.975335,0.220647,-0.006260,0.975297,0.220809,0.000000,-3.261150,-0.478773,1,3,12.661700,-0.026011,0,0
4.790015,-17.003450,299.342700,243.099200,1,1,1,1,2,2,1.020406,1.018412,1.020367,1.018389,1.019378,-0.006080,0.975339,0.220628,-0.006090,0.975335,0.220647,-0.006245,0.975300,0.220795,0.000000,-3.357605,-0.574502,1,3,12.680460,-0.025356,0,0
4.800015,-17.004010,299.308100,243.221400,1,1,1,1,2,2,1.013622,1.011740,1.013655,1.011647,1.012651,-0.006103,0.975345,0.220600,-0.006090,0.975335,0.220647,-0.006232,0.975303,0.220782,0.000000,-3.454032,-0.670189,1,3,12.699910,-0.024728,0,0
4.810015,-17.004580,299.272600,243.343500,1,1,1,1,2,2,1.005844,1.004019,1.005866,1.004009,1.004938,-0.005856,0.975408,0.220331,-0.005867,0.975384,0.220435,-0.006201,0.975310,0.220752,0.000000,-3.550432,-0.766076,1,3,12.720050,-0.023942,0,0
4.820015,-17.005140,299.236200,243.465600,1,1,1,1,2,2,0.997191,0.995386,0.997174,0.995363,0.996268,-0.005872,0.975394,0.220392,-0.005867,0.975384,0.220435,-0.006172,0.975317,0.220725,0.000000,-3.646805,-0.861903,1,3,12.740890,-0.023225,0,0
4.830016,-17.005690,299.198700,243.587600,1,1,1,1,2,2,0.987568,0.985804,0.987516,0.985778,0.986647,-0.005880,0.975380,0.220452,-0.005867,0.975384,0.220435,-0.006146,0.975323,0.220700,0.000000,-3.743149,-0.957674,1,3,12.762410,-0.022548,0,0
4.840016,-17.006250,299.160300,243.709600,1,1,1,1,2,2,0.976949,0.975045,0.976950,0.975116,0.976033,-0.005650,0.975422,0.220271,-0.005644,0.975433,0.220223,-0.006102,0.975332,0.220659,0.000000,-3.839466,-1.053631,1,3,12.784610,-0.021725,0,0
4.850016,-17.006800,299.121000,243.831400,1,1,1,1,2,2,0.965381,0.963513,0.965382,0.963566,0.964474,-0.005658,0.975436,0.220211,-0.005644,0.975433,0.220223,-0.006063,0.975341,0.220621,0.000000,-3.935754,-1.149516,1,3,12.807490,-0.020991,0,0
4.860016,-17.007340,299.080700,243.953200,1,1,1,1,2,2,0.952896,0.951121,0.952865,0.951067,0.951966,-0.005625,0.975442,0.220183,-0.005644,0.975433,0.220223,-0.006027,0.975349,0.220587,4.347659,-4.032015,-1.245333,1,3,12.831050,-0.020305,0,0
4.870017,-17.007890,299.039800,244.075100,1,1,1,1,2,2,0.939818,0.938057,0.939833,0.938027,0.938930,-0.005643,0.975430,0.220238,-0.005644,0.975433,0.220223,-0.005994,0.975356,0.220556,8.001087,-4.085842,-1.297610,1,3,12.850800,-0.019805,0,0
4.880017,-17.008440,298.998700,244.197000,1,1,1,1,2,2,0.926599,0.924870,0.926671,0.924836,0.925754,-0.005658,0.975422,0.220271,-0.005644,0.975433,0.220223,-0.005964,0.975363,0.220527,10.765240,-4.104019,-1.313302,1,3,12.866970,-0.019296,0,0
4.890017,-17.008990,298.957800,244.319200,1,1,1,1,2,2,0.913647,0.911831,0.913606,0.911785,0.912695,-0.005650,0.975436,0.220211,-0.005644,0.975433,0.220223,-0.005936,0.975369,0.220501,12.816130,-4.095228,-1.301317,1,3,12.880310,-0.018776,0,0
4.900017,-17.009540,298.917100,244.441500,1,1,1,1,2,2,0.900936,0.899120,0.900918,0.899089,0.900003,-0.005658,0.975436,0.220211,-0.005644,0.975433,0.220223,-0.005911,0.975374,0.220477,14.287720,-4.066434,-1.268797,1,3,12.891620,-0.018253,0,0
4.910017,-17.010100,298.876900,244.564100,1,1,1,1,2,2,0.890930,0.889056,0.890856,0.889035,0.889946,-0.005658,0.976164,0.216961,-0.005648,0.976174,0.216917,-0.005889,0.975443,0.220170,15.011080,-4.023293,-1.225288,1,3,12.901620,-0.017729,0,0
4.920018,-17.010670,298.837200,244.686900,1,1,1,1,2,2,0.878749,0.876931,0.878716,0.876929,0.877822,-0.005650,0.976178,0.216900,-0.005648,0.976174,0.216917,-0.005868,0.975506,0.219890,15.917210,-3.973098,-1.174220,1,3,12.911090,-0.017225,0,0
4.930018,-17.011240,298.798000,244.810000,1,1,1,1,2,2,0.867286,0.865417,0.867228,0.865381,0.866305,-0.005657,0.976183,0.216874,-0.005648,0.976174,0.216917,-0.005849,0.975563,0.219634,16.480380,-3.914068,-1.113798,1,3,12.919970,-0.016743,0,0
4.940018,-17.011820,298.759600,244.933500,1,1,1,1,2,2,0.856450,0.854670,0.856432,0.854612,0.855522,-0.005649,0.976183,0.216874,-0.005648,0.976174,0.216917,-0.005832,0.975616,0.219400,16.763820,-3.849552,-1.047479,1,3,12.928670,-0.016274,0,0
4.950018,-17.012400,298.721700,245.057200,1,1,1,1,2,2,0.846436,0.844588,0.846346,0.844529,0.845438,-0.005649,0.976170,0.216934,-0.005648,0.976174,0.216917,-0.005816,0.975664,0.219187,16.844650,-3.782280,-0.978087,1,3,12.937500,-0.015818,0,0
4.960019,-17.012990,298.684600,245.181200,1,1,1,1,2,2,0.837078,0.835209,0.837036,0.835190,0.836113,-0.005649,0.976183,0.216874,-0.005648,0.976174,0.216917,-0.005801,0.975708,0.218991,16.763080,-3.714229,-0.907669,1,3,12.946650,-0.015377,0,0
4.970019,-17.013590,298.648100,245.305500,1,1,1,1,2,2,0.828401,0.826584,0.828414,0.826537,0.827475,-0.005658,0.976177,0.216900,-0.005648,0.976174,0.216917,-0.005788,0.975748,0.218813,16.573350,-3.646986,-0.837871,1,3,12.956220,-0.014952,0,0
4.980019,-17.014190,298.612300,245.430100,1,1,1,1,2,2,0.820458,0.818593,0.820458,0.818597,0.819527,-0.005650,0.976178,0.216899,-0.005648,0.976174,0.216917,-0.005776,0.975785,0.218649,16.302330,-3.581606,-0.769792,1,3,12.966290,-0.014542,0,0
4.990019,-17.014800,298.577100,245.555100,1,1,1,1,2,2,0.811909,0.810072,0.811870,0.810036,0.810953,-0.005658,0.976902,0.213614,-0.005652,0.976903,0.213608,-0.005766,0.975882,0.218217,16.302580,-3.518883,-0.708029,1,3,12.976860,-0.014137,0,0
