time,x,y,z,leftRaw,rightRaw,left,right,leftSamples,rightSamples,leftRawHeight,rightRawHeight,leftHeight,rightHeight,height,rawNx,rawNy,rawNz,filteredNx,filteredNy,filteredNz,supportNx,supportNy,supportNz,supportAcceleration,verticalVelocity,normalVelocity,grounded,transitions,speed,lateralAcceleration,rail,bailed
0.000000,-0.008571,289.352800,290.160600,1,1,1,1,2,2,0.752201,0.747721,0.752119,0.747607,0.749863,-0.011370,0.977405,0.211070,-0.011371,0.977400,0.211093,-0.011371,0.977400,0.211093,11.352720,-4.711713,-0.069592,1,1,22.000000,0.000000,0,0
0.010000,-0.008033,289.305900,290.375500,1,1,1,1,2,2,0.752002,0.747148,0.751959,0.747078,0.749519,-0.011820,0.977310,0.211486,-0.011819,0.977302,0.211521,-0.011410,0.977392,0.211129,10.951930,-4.695905,-0.051085,1,1,22.006850,-0.114085,0,0
0.020000,-0.007508,289.259000,290.590600,1,1,1,1,2,2,0.752798,0.747842,0.752804,0.747756,0.750280,-0.011816,0.976811,0.213777,-0.011814,0.976804,0.213810,-0.011445,0.977341,0.211360,10.342970,-4.684021,-0.032226,1,1,22.013720,-0.112135,0,0
0.030000,-0.006994,289.212200,290.805800,1,1,1,1,2,2,0.753236,0.748381,0.753200,0.748312,0.750756,-0.012204,0.976721,0.214166,-0.012203,0.976718,0.214182,-0.011510,0.977287,0.211603,9.930781,-4.678099,-0.019186,1,1,22.020620,-0.110173,0,0
0.040000,-0.006491,289.165500,291.021100,1,1,1,1,2,2,0.753668,0.748813,0.753609,0.748744,0.751176,-0.012204,0.976721,0.214166,-0.012203,0.976718,0.214182,-0.011570,0.977238,0.211825,9.643400,-4.676211,-0.010737,1,1,22.027540,-0.108574,0,0
0.050000,-0.005999,289.118700,291.236400,1,1,1,1,2,2,0.754086,0.749225,0.754005,0.749176,0.751590,-0.012201,0.976727,0.214140,-0.012203,0.976718,0.214182,-0.011624,0.977193,0.212028,9.439774,-4.677136,-0.005591,1,1,22.034490,-0.106944,0,0
0.060000,-0.005517,289.071900,291.451800,1,1,1,1,2,2,0.754488,0.749632,0.754440,0.749582,0.752011,-0.012205,0.976721,0.214166,-0.012203,0.976718,0.214182,-0.011674,0.977153,0.212213,9.295689,-4.680053,-0.002872,1,1,22.041440,-0.105291,0,0
0.070000,-0.005045,289.025100,291.667200,1,1,1,1,2,2,0.754875,0.750020,0.754875,0.749951,0.752413,-0.012205,0.976721,0.214166,-0.012203,0.976718,0.214182,-0.011719,0.977115,0.212383,9.199823,-4.684378,-0.001949,1,1,22.048410,-0.103623,0,0
0.080000,-0.004583,288.978100,291.882800,1,1,1,1,2,2,0.755223,0.750312,0.755137,0.750286,0.752712,-0.012203,0.976709,0.214220,-0.012203,0.976718,0.214182,-0.011761,0.977081,0.212537,9.154856,-4.689641,-0.002310,1,1,22.055390,-0.101945,0,0
0.090000,-0.004130,288.931200,292.098300,1,1,1,1,2,2,0.755497,0.750661,0.755435,0.750599,0.753017,-0.012202,0.976727,0.214140,-0.012203,0.976718,0.214182,-0.011799,0.977050,0.212679,9.127223,-4.695341,-0.003417,1,1,22.062380,-0.100261,0,0
0.100000,-0.003686,288.884200,292.314000,1,1,1,1,2,2,0.755806,0.750899,0.755704,0.750861,0.753282,-0.012201,0.976727,0.214140,-0.012203,0.976718,0.214182,-0.011834,0.977021,0.212808,9.120581,-4.701311,-0.005070,1,1,22.069380,-0.098576,0,0
0.110000,-0.003251,288.837100,292.529700,1,1,1,1,2,2,0.755963,0.751057,0.755901,0.751046,0.753473,-0.012204,0.976715,0.214193,-0.012203,0.976718,0.214182,-0.011866,0.976995,0.212926,9.135085,-4.707344,-0.007037,1,1,22.076380,-0.096892,0,0
0.120000,-0.002825,288.789900,292.745400,1,1,1,1,2,2,0.756198,0.751236,0.756076,0.751245,0.753660,-0.012205,0.976715,0.214193,-0.012203,0.976718,0.214182,-0.011895,0.976971,0.213034,9.152342,-4.713233,-0.009085,1,1,22.083390,-0.095214,0,0
0.130000,-0.002407,288.742800,292.961200,1,1,1,1,2,2,0.756225,0.751421,0.756217,0.751367,0.753792,-0.012206,0.976715,0.214193,-0.012203,0.976718,0.214182,-0.011921,0.976949,0.213133,9.180459,-4.718952,-0.011166,1,1,22.090400,-0.093543,0,0
0.140000,-0.001998,288.695500,293.177100,1,1,1,1,2,2,0.756366,0.751491,0.756300,0.751442,0.753871,-0.012201,0.976727,0.214140,-0.012203,0.976718,0.214182,-0.011945,0.976929,0.213223,9.215807,-4.724394,-0.013154,1,1,22.097420,-0.091883,0,0
0.150000,-0.001598,288.648200,293.393000,1,1,1,1,2,2,0.756396,0.751596,0.756348,0.751486,0.753917,-0.012206,0.976721,0.214166,-0.012203,0.976718,0.214182,-0.011968,0.976911,0.213306,9.252454,-4.729488,-0.014961,1,1,22.104430,-0.090233,0,0
0.160000,-0.001205,288.600900,293.608900,1,1,1,1,2,2,0.756374,0.751575,0.756359,0.751493,0.753926,-0.012205,0.976709,0.214220,-0.012203,0.976718,0.214182,-0.011988,0.976894,0.213381,9.290604,-4.734223,-0.016559,1,1,22.111450,-0.088598,0,0
0.170000,-0.000821,288.553500,293.825000,1,1,1,1,2,2,0.756396,0.751540,0.756341,0.751516,0.753929,-0.012204,0.976721,0.214166,-0.012203,0.976718,0.214182,-0.012006,0.976879,0.213450,9.324012,-4.738583,-0.017919,1,1,22.118470,-0.086978,0,0
0.180000,-0.000445,288.506100,294.041100,1,1,1,1,2,2,0.756366,0.751495,0.756336,0.751460,0.753898,-0.012203,0.976721,0.214166,-0.012203,0.976718,0.214182,-0.012023,0.976865,0.213513,9.358358,-4.742615,-0.019077,1,1,22.125490,-0.085375,0,0
0.190000,-0.000077,288.458600,294.257300,1,1,1,1,2,2,0.756306,0.751451,0.756267,0.751389,0.753828,-0.012207,0.976721,0.214166,-0.012203,0.976718,0.214182,-0.012039,0.976853,0.213571,9.394260,-4.746310,-0.020012,1,1,22.132510,-0.083788,0,0
0.200000,0.000283,288.411100,294.473500,1,1,1,1,2,2,0.755749,0.751376,0.755762,0.751314,0.753538,-0.012624,0.976615,0.214624,-0.012625,0.976624,0.214584,-0.012089,0.976833,0.213658,9.443674,-4.749652,-0.019911,1,1,22.139530,-0.082228,0,0
0.210000,0.000636,288.363600,294.689800,1,1,1,1,2,2,0.754812,0.750046,0.754720,0.750029,0.752375,-0.012620,0.976103,0.216940,-0.012618,0.976099,0.216962,-0.012135,0.976770,0.213942,9.525761,-4.752511,-0.014844,1,1,22.146550,-0.081024,0,0
0.220000,0.000981,288.316100,294.906200,1,1,1,1,2,2,0.755479,0.750277,0.755337,0.750194,0.752765,-0.012942,0.976052,0.217154,-0.012943,0.976026,0.217271,-0.012204,0.976706,0.214229,9.306210,-4.754570,-0.008899,1,1,22.153580,-0.079804,0,0
0.230000,0.001318,288.268500,295.122700,1,1,1,1,2,2,0.756059,0.750748,0.755896,0.750771,0.753333,-0.012940,0.976031,0.217247,-0.012943,0.976026,0.217271,-0.012268,0.976647,0.214491,9.123545,-4.758777,-0.005704,1,1,22.160650,-0.078855,0,0
0.240000,0.001649,288.220900,295.339100,1,1,1,1,2,2,0.756832,0.751408,0.756723,0.751295,0.754009,-0.013365,0.975953,0.217570,-0.013365,0.975930,0.217673,-0.012362,0.976585,0.214764,8.960066,-4.764770,-0.004054,1,1,22.167730,-0.077881,0,0
0.250000,0.001972,288.173100,295.555700,1,1,1,1,2,2,0.758407,0.752907,0.758336,0.752771,0.755554,-0.013357,0.975419,0.219952,-0.013358,0.975397,0.220049,-0.012448,0.976484,0.215219,8.577903,-4.772360,0.000071,1,1,22.174830,-0.077206,0,0
0.260000,0.002290,288.125300,295.772300,1,1,1,1,2,2,0.759412,0.753859,0.759386,0.753942,0.756664,-0.013685,0.975327,0.220342,-0.013683,0.975323,0.220358,-0.012554,0.976386,0.215661,8.376358,-4.783685,0.000098,1,1,22.181970,-0.076510,0,0
0.270000,0.002601,288.077300,295.989000,1,1,1,1,2,2,0.760402,0.754974,0.760301,0.754895,0.757598,-0.013685,0.975360,0.220193,-0.013683,0.975323,0.220358,-0.012651,0.976295,0.216065,8.278225,-4.796978,-0.002733,1,1,22.189150,-0.075981,0,0
0.280000,0.002907,288.029200,296.205600,1,1,1,1,2,2,0.761258,0.755778,0.761131,0.755701,0.758416,-0.013682,0.975366,0.220166,-0.013683,0.975323,0.220358,-0.012740,0.976212,0.216435,8.244995,-4.811229,-0.007330,1,1,22.196360,-0.075364,0,0
0.290000,0.003207,287.980900,296.422400,1,1,1,1,2,2,0.761920,0.756564,0.761842,0.756412,0.759127,-0.013681,0.975339,0.220287,-0.013683,0.975323,0.220358,-0.012821,0.976136,0.216772,8.256952,-4.825801,-0.012957,1,1,22.203610,-0.074671,0,0
0.300000,0.003502,287.932500,296.639100,1,1,1,1,2,2,0.762456,0.756865,0.762378,0.756948,0.759663,-0.013688,0.975333,0.220314,-0.013683,0.975323,0.220358,-0.012895,0.976066,0.217081,8.313744,-4.840254,-0.019114,1,1,22.210880,-0.073916,0,0
0.310000,0.003791,287.884000,296.856000,1,1,1,1,2,2,0.762882,0.757589,0.762794,0.757380,0.760087,-0.013682,0.975345,0.220260,-0.013683,0.975323,0.220358,-0.012963,0.976002,0.217363,8.391331,-4.854150,-0.025296,1,1,22.218180,-0.073105,0,0
0.320000,0.004075,287.835300,297.072800,1,1,1,1,2,2,0.763200,0.757609,0.763099,0.757699,0.760399,-0.013681,0.975333,0.220314,-0.013683,0.975323,0.220358,-0.013025,0.975944,0.217621,8.483334,-4.867285,-0.031244,1,1,22.225510,-0.072249,0,0
0.330000,0.004353,287.786500,297.289700,1,1,1,1,2,2,0.763361,0.757798,0.763327,0.757868,0.760597,-0.013681,0.975327,0.220342,-0.013683,0.975323,0.220358,-0.013082,0.975890,0.217856,8.585183,-4.879519,-0.036767,1,1,22.232850,-0.071354,0,0
0.340000,0.004626,287.737600,297.506700,1,1,1,1,2,2,0.763497,0.757892,0.763411,0.757990,0.760701,-0.013684,0.975333,0.220314,-0.013683,0.975323,0.220358,-0.013133,0.975841,0.218072,8.690002,-4.890755,-0.041723,1,1,22.240210,-0.070426,0,0
0.350000,0.004893,287.688600,297.723700,1,1,1,1,2,2,0.763497,0.757998,0.763419,0.757993,0.760706,-0.013686,0.975306,0.220435,-0.013683,0.975323,0.220358,-0.013181,0.975797,0.218269,8.796571,-4.900966,-0.046046,1,1,22.247580,-0.069471,0,0
0.360000,0.005154,287.639500,297.940800,1,1,1,1,2,2,0.763495,0.758010,0.763360,0.757930,0.760645,-0.013686,0.975360,0.220194,-0.013683,0.975323,0.220358,-0.013224,0.975756,0.218449,8.898099,-4.910135,-0.049681,1,1,22.254970,-0.068493,0,0
0.370000,0.005410,287.590300,298.157900,1,1,1,1,2,2,0.763304,0.757790,0.763233,0.757797,0.760515,-0.013684,0.975306,0.220435,-0.013683,0.975323,0.220358,-0.013263,0.975719,0.218613,8.995383,-4.918310,-0.052648,1,1,22.262360,-0.067497,0,0
0.380000,0.005660,287.541000,298.375100,1,1,1,1,2,2,0.763073,0.757611,0.763069,0.757603,0.760336,-0.013683,0.975299,0.220463,-0.013683,0.975323,0.220358,-0.013299,0.975685,0.218763,9.084949,-4.925534,-0.054958,1,1,22.269760,-0.066487,0,0
0.390000,0.005905,287.491700,298.592300,1,1,1,1,2,2,0.762902,0.757551,0.762824,0.757425,0.760124,-0.013683,0.975333,0.220314,-0.013683,0.975323,0.220358,-0.013332,0.975654,0.218900,9.165348,-4.931882,-0.056662,1,1,22.277170,-0.065465,0,0
0.400000,0.006143,287.442300,298.809700,1,1,1,1,2,2,0.762614,0.757014,0.762523,0.757134,0.759828,-0.013686,0.975339,0.220287,-0.013683,0.975323,0.220358,-0.013363,0.975625,0.219026,9.247475,-4.937445,-0.057827,1,1,22.284580,-0.064436,0,0
0.410000,0.006376,287.392900,299.027000,1,1,1,1,2,2,0.762342,0.756889,0.762258,0.756814,0.759536,-0.013680,0.975360,0.220194,-0.013683,0.975323,0.220358,-0.013390,0.975599,0.219141,9.314418,-4.942204,-0.058413,1,1,22.292000,-0.063401,0,0
0.420000,0.006603,287.343400,299.244500,1,1,1,1,2,2,0.761994,0.756552,0.761901,0.756472,0.759187,-0.013685,0.975360,0.220193,-0.013683,0.975323,0.220358,-0.013415,0.975576,0.219245,9.380604,-4.946309,-0.058552,1,1,22.299420,-0.062363,0,0
0.430000,0.006825,287.293900,299.462000,1,1,1,1,2,2,0.761179,0.756286,0.761183,0.756115,0.758649,-0.014026,0.975240,0.220704,-0.014025,0.975245,0.220684,-0.013468,0.975547,0.219369,9.453078,-4.949768,-0.057589,1,1,22.306840,-0.061330,0,0
0.440000,0.007041,287.244400,299.679600,1,1,1,1,2,2,0.759913,0.754719,0.759930,0.754585,0.757258,-0.014019,0.974741,0.222897,-0.014018,0.974745,0.222882,-0.013515,0.975478,0.219672,9.558329,-4.952518,-0.051812,1,1,22.314260,-0.060568,0,0
0.450000,0.007251,287.194900,299.897200,1,1,1,1,2,2,0.760190,0.754636,0.760183,0.754536,0.757359,-0.014228,0.974696,0.223083,-0.014228,0.974696,0.223082,-0.013577,0.975411,0.219965,9.373528,-4.954246,-0.045178,1,1,22.321700,-0.059778,0,0
0.460000,0.007455,287.145300,300.114900,1,1,1,1,2,2,0.760466,0.754734,0.760420,0.754774,0.757597,-0.014228,0.974717,0.222989,-0.014228,0.974696,0.223082,-0.013633,0.975349,0.220234,9.224813,-4.957779,-0.040964,1,1,22.329170,-0.059151,0,0
0.470000,0.007655,287.095700,300.332700,1,1,1,1,2,2,0.764733,0.755087,0.760866,0.754982,0.757924,-0.020599,0.973139,0.229296,-0.014571,0.974616,0.223408,-0.013713,0.975286,0.220507,9.094156,-4.962766,-0.038117,1,1,22.336660,-0.058495,0,0
0.480000,0.007849,287.046000,300.550500,1,1,1,1,2,2,0.762048,0.756099,0.762028,0.756082,0.759055,-0.014566,0.974112,0.225597,-0.014563,0.974110,0.225605,-0.013786,0.975186,0.220945,8.756364,-4.969028,-0.032787,1,1,22.344170,-0.058076,0,0
0.490000,0.008039,286.996200,300.768400,1,1,1,1,2,2,0.762777,0.756968,0.762711,0.756885,0.759798,-0.014771,0.974059,0.225810,-0.014774,0.974061,0.225804,-0.013871,0.975090,0.221364,8.583903,-4.978587,-0.031278,1,1,22.351720,-0.057626,0,0
0.500000,0.008225,286.946300,300.986400,1,1,1,1,2,2,0.763386,0.757524,0.763336,0.757502,0.760419,-0.014775,0.974053,0.225838,-0.014774,0.974061,0.225804,-0.013949,0.975003,0.221745,8.497797,-4.989830,-0.032338,1,1,22.359310,-0.057271,0,0
0.510000,0.008407,286.896300,301.204400,1,1,1,1,2,2,0.763892,0.758029,0.763845,0.758008,0.760926,-0.014774,0.974053,0.225838,-0.014774,0.974061,0.225804,-0.014020,0.974922,0.222094,8.471581,-5.001912,-0.034972,1,1,22.366930,-0.056842,0,0
0.520000,0.008585,286.846200,301.422500,1,1,1,1,2,2,0.764278,0.758464,0.764234,0.758401,0.761318,-0.014774,0.974066,0.225782,-0.014774,0.974061,0.225804,-0.014085,0.974848,0.222414,8.489719,-5.014248,-0.038546,1,1,22.374580,-0.056356,0,0
0.530000,0.008759,286.795900,301.640600,1,1,1,1,2,2,0.764575,0.758713,0.764540,0.758677,0.761608,-0.014773,0.974053,0.225838,-0.014774,0.974061,0.225804,-0.014144,0.974780,0.222705,8.537127,-5.026406,-0.042560,1,1,22.382250,-0.055818,0,0
0.540000,0.008929,286.745500,301.858700,1,1,1,1,2,2,0.764754,0.758892,0.764703,0.758840,0.761772,-0.014777,0.974053,0.225838,-0.014774,0.974061,0.225804,-0.014198,0.974718,0.222972,8.609726,-5.038100,-0.046665,1,1,22.389950,-0.055236,0,0
0.550000,0.009096,286.695000,302.076900,1,1,1,1,2,2,0.764872,0.758957,0.764852,0.758962,0.761907,-0.014776,0.974046,0.225866,-0.014774,0.974061,0.225804,-0.014248,0.974661,0.223216,8.682205,-5.049083,-0.050562,1,1,22.397660,-0.054616,0,0
0.560000,0.009258,286.644400,302.295200,1,1,1,1,2,2,0.764858,0.759001,0.764807,0.758929,0.761868,-0.014775,0.974046,0.225866,-0.014774,0.974061,0.225804,-0.014293,0.974610,0.223439,8.779837,-5.059358,-0.054207,1,1,22.405390,-0.053965,0,0
0.570000,0.009416,286.593800,302.513500,1,1,1,1,2,2,0.764783,0.758921,0.764718,0.758870,0.761794,-0.014774,0.974053,0.225838,-0.014774,0.974061,0.225804,-0.014334,0.974563,0.223642,8.870280,-5.068679,-0.057309,1,1,22.413130,-0.053285,0,0
0.580000,0.009571,286.543000,302.731900,1,1,1,1,2,2,0.764586,0.758778,0.764576,0.758743,0.761660,-0.014775,0.974033,0.225922,-0.014774,0.974061,0.225804,-0.014372,0.974519,0.223828,8.958851,-5.077117,-0.059901,1,1,22.420890,-0.052583,0,0
0.590000,0.009721,286.492100,302.950300,1,1,1,1,2,2,0.764427,0.758565,0.764383,0.758520,0.761451,-0.014774,0.974053,0.225838,-0.014774,0.974061,0.225804,-0.014407,0.974480,0.223998,9.047631,-5.084690,-0.061970,1,1,22.428650,-0.051862,0,0
0.600000,0.009867,286.441200,303.168900,1,1,1,1,2,2,0.764189,0.758327,0.764135,0.758275,0.761205,-0.014772,0.974053,0.225838,-0.014774,0.974061,0.225804,-0.014438,0.974444,0.224154,9.129405,-5.091395,-0.063481,1,1,22.436430,-0.051124,0,0
0.610000,0.010009,286.390300,303.387400,1,1,1,1,2,2,0.763892,0.758030,0.763811,0.757978,0.760895,-0.014770,0.974053,0.225838,-0.014774,0.974061,0.225804,-0.014467,0.974411,0.224296,9.209870,-5.097303,-0.064478,1,1,22.444200,-0.050375,0,0
0.620000,0.010146,286.339200,303.606100,1,1,1,1,2,2,0.763511,0.757776,0.763484,0.757651,0.760568,-0.014776,0.974102,0.225625,-0.014774,0.974061,0.225804,-0.014494,0.974381,0.224426,9.280159,-5.102425,-0.064947,1,1,22.451980,-0.049615,0,0
0.630000,0.010279,286.288200,303.824800,1,1,1,1,2,2,0.763203,0.757346,0.763187,0.757298,0.760242,-0.014772,0.974059,0.225810,-0.014774,0.974061,0.225804,-0.014518,0.974353,0.224544,9.338923,-5.106861,-0.064966,1,1,22.459770,-0.048848,0,0
0.640000,0.010408,286.237100,304.043600,1,1,1,1,2,2,0.762821,0.756959,0.762804,0.756938,0.759871,-0.014773,0.974053,0.225838,-0.014774,0.974061,0.225804,-0.014540,0.974328,0.224653,9.397152,-5.110723,-0.064629,1,1,22.467550,-0.048075,0,0
0.650000,0.010533,286.185900,304.262500,1,1,1,1,2,2,0.762425,0.756617,0.762381,0.756513,0.759447,-0.014776,0.974046,0.225866,-0.014774,0.974061,0.225804,-0.014560,0.974305,0.224752,9.455483,-5.114017,-0.063922,1,1,22.475340,-0.047298,0,0
0.660000,0.010653,286.134700,304.481400,1,1,1,1,2,2,0.761732,0.756142,0.761719,0.756076,0.758897,-0.014988,0.973994,0.226078,-0.014989,0.974010,0.226008,-0.014597,0.974280,0.224860,9.516686,-5.116743,-0.062420,1,1,22.483130,-0.046521,0,0
0.670000,0.010769,286.083600,304.700400,1,1,1,1,2,2,0.760667,0.754707,0.760624,0.754742,0.757683,-0.014980,0.973574,0.227880,-0.014982,0.973590,0.227811,-0.014630,0.974220,0.225114,9.597572,-5.118871,-0.056934,1,1,22.490920,-0.045916,0,0
0.680000,0.010881,286.032300,304.919500,1,1,1,1,2,2,0.760721,0.754760,0.760680,0.754704,0.757692,-0.015036,0.973586,0.227823,-0.015037,0.973577,0.227863,-0.014665,0.974165,0.225351,9.447950,-5.120214,-0.051036,1,1,22.498730,-0.045291,0,0
0.690000,0.010989,285.981100,305.138600,1,1,1,1,2,2,0.760770,0.754776,0.760694,0.754767,0.757730,-0.015039,0.973560,0.227936,-0.015037,0.973577,0.227863,-0.014697,0.974114,0.225567,9.342113,-5.123018,-0.047101,1,1,22.506550,-0.044704,0,0
0.700000,0.011092,285.929800,305.357800,1,1,1,1,2,2,0.760930,0.754854,0.760926,0.754811,0.757868,-0.015253,0.973514,0.228120,-0.015251,0.973526,0.228067,-0.014745,0.974064,0.225782,9.245307,-5.126854,-0.044242,1,1,22.514390,-0.044102,0,0
0.710000,0.011192,285.878500,305.577100,1,1,1,1,2,2,0.761714,0.755722,0.761680,0.755617,0.758649,-0.015248,0.973077,0.229977,-0.015245,0.973102,0.229869,-0.014788,0.973981,0.226134,8.977632,-5.131634,-0.039186,1,1,22.522240,-0.043659,0,0
0.720000,0.011289,285.827100,305.796500,1,1,1,1,2,2,0.762179,0.756116,0.762137,0.756083,0.759110,-0.015296,0.973096,0.229891,-0.015300,0.973089,0.229921,-0.014832,0.973904,0.226460,8.849136,-5.139025,-0.037395,1,1,22.530130,-0.043193,0,0
0.730000,0.011383,285.775600,306.015900,1,1,1,1,2,2,0.762486,0.756478,0.762459,0.756409,0.759434,-0.015303,0.973076,0.229977,-0.015300,0.973089,0.229921,-0.014872,0.973834,0.226758,8.793404,-5.147668,-0.037530,1,1,22.538040,-0.042736,0,0
0.740000,0.011474,285.724100,306.235400,1,1,1,1,2,2,0.762803,0.756745,0.762771,0.756684,0.759727,-0.015301,0.973089,0.229920,-0.015300,0.973089,0.229921,-0.014909,0.973770,0.227030,8.771935,-5.156854,-0.038806,1,1,22.545980,-0.042249,0,0
0.750000,0.011562,285.672400,306.455000,1,1,1,1,2,2,0.763011,0.756953,0.762964,0.756903,0.759933,-0.015298,0.973089,0.229920,-0.015300,0.973089,0.229921,-0.014942,0.973711,0.227279,8.784868,-5.166248,-0.040831,1,1,22.553930,-0.041737,0,0
0.760000,0.011647,285.620600,306.674600,1,1,1,1,2,2,0.763130,0.757072,0.763091,0.757018,0.760054,-0.015300,0.973089,0.229920,-0.015300,0.973089,0.229921,-0.014973,0.973658,0.227506,8.822156,-5.175515,-0.043214,1,1,22.561910,-0.041203,0,0
0.770000,0.011729,285.568800,306.894200,1,1,1,1,2,2,0.763189,0.757131,0.763124,0.757099,0.760112,-0.015299,0.973089,0.229920,-0.015300,0.973089,0.229921,-0.015001,0.973609,0.227714,8.872770,-5.184417,-0.045670,1,1,22.569890,-0.040652,0,0
0.780000,0.011809,285.516800,307.114000,1,1,1,1,2,2,0.763159,0.757101,0.763120,0.757063,0.760091,-0.015298,0.973089,0.229920,-0.015300,0.973089,0.229921,-0.015027,0.973564,0.227904,8.934871,-5.192824,-0.048026,1,1,22.577890,-0.040087,0,0
0.790000,0.011886,285.464800,307.333700,1,1,1,1,2,2,0.763090,0.757042,0.763031,0.756988,0.760010,-0.015299,0.973083,0.229948,-0.015300,0.973089,0.229921,-0.015050,0.973523,0.228077,9.001858,-5.200625,-0.050134,1,1,22.585900,-0.039509,0,0
0.800000,0.011960,285.412800,307.553600,1,1,1,1,2,2,0.762981,0.756923,0.762942,0.756884,0.759913,-0.015299,0.973089,0.229920,-0.015300,0.973089,0.229921,-0.015072,0.973486,0.228236,9.063307,-5.207773,-0.051912,1,1,22.593920,-0.038923,0,0
0.810000,0.012031,285.360600,307.773500,1,1,1,1,2,2,0.762773,0.756764,0.762764,0.756676,0.759720,-0.015297,0.973103,0.229863,-0.015300,0.973089,0.229921,-0.015091,0.973452,0.228381,9.134597,-5.214320,-0.053387,1,1,22.601950,-0.038329,0,0
0.820000,0.012100,285.308400,307.993500,1,1,1,1,2,2,0.762556,0.756453,0.762497,0.756461,0.759479,-0.015300,0.973076,0.229977,-0.015300,0.973089,0.229921,-0.015109,0.973421,0.228514,9.203915,-5.220172,-0.054433,1,1,22.609980,-0.037729,0,0
0.830000,0.012165,285.256200,308.213600,1,1,1,1,2,2,0.762347,0.756309,0.762244,0.756216,0.759230,-0.015294,0.973110,0.229834,-0.015300,0.973089,0.229921,-0.015126,0.973392,0.228635,9.263690,-5.225348,-0.055046,1,1,22.618010,-0.037126,0,0
0.840000,0.012227,285.203900,308.433700,1,1,1,1,2,2,0.761981,0.755918,0.761966,0.755911,0.758939,-0.015302,0.973069,0.230005,-0.015300,0.973089,0.229921,-0.015141,0.973366,0.228745,9.322295,-5.229940,-0.055301,1,1,22.626040,-0.036521,0,0
0.850000,0.012286,285.151500,308.653900,1,1,1,1,2,2,0.761773,0.755676,0.761672,0.755614,0.758643,-0.015299,0.973096,0.229891,-0.015300,0.973089,0.229921,-0.015154,0.973342,0.228847,9.372341,-5.233961,-0.055186,1,1,22.634080,-0.035915,0,0
0.860000,0.012342,285.099200,308.874200,1,1,1,1,2,2,0.761407,0.755349,0.761368,0.755310,0.758339,-0.015298,0.973089,0.229920,-0.015300,0.973089,0.229921,-0.015167,0.973320,0.228939,9.416469,-5.237493,-0.054771,1,1,22.642120,-0.035309,0,0
0.870000,0.012396,285.046800,309.094500,1,1,1,1,2,2,0.761080,0.755077,0.761049,0.755002,0.758025,-0.015300,0.973096,0.229891,-0.015300,0.973089,0.229921,-0.015178,0.973301,0.229023,9.455936,-5.240595,-0.054097,1,1,22.650150,-0.034705,0,0
0.880000,0.012446,284.994300,309.315000,1,1,1,1,2,2,0.760754,0.754696,0.760715,0.754631,0.757673,-0.015299,0.973089,0.229920,-0.015300,0.973089,0.229921,-0.015189,0.973282,0.229101,9.496653,-5.243312,-0.053195,1,1,22.658190,-0.034102,0,0
0.889999,0.012493,284.941900,309.535500,1,1,1,1,2,2,0.752210,0.748899,0.752144,0.748992,0.750568,-0.008655,0.974151,0.225733,-0.007650,0.974170,0.225686,-0.014541,0.973361,0.228808,10.960280,-5.245632,-0.060555,1,1,22.666230,-0.033470,0,0
0.899999,0.012535,284.889500,309.756100,1,1,1,1,2,2,0.752550,0.749458,0.752576,0.749428,0.751002,-0.008442,0.974787,0.222977,-0.007650,0.974796,0.222967,-0.013948,0.973488,0.228306,10.822970,-5.233698,-0.058138,1,1,22.674190,-0.027529,0,0
0.909999,0.012574,284.837300,309.976800,1,1,1,1,2,2,0.752341,0.749202,0.752345,0.749197,0.750771,-0.007648,0.975417,0.220234,-0.007650,0.975416,0.220240,-0.013406,0.973658,0.227613,10.951840,-5.223094,-0.061563,1,1,22.682100,-0.021217,0,0
0.919999,0.012610,284.785200,310.197700,1,1,1,1,2,2,0.753308,0.750015,0.753222,0.750103,0.751662,-0.008855,0.976622,0.214783,-0.007651,0.976637,0.214762,-0.012911,0.973922,0.226509,11.087160,-5.211223,-0.073287,1,1,22.689940,-0.015659,0,0
0.929999,0.012643,284.733200,310.418600,1,1,1,1,2,2,0.751641,0.748355,0.751555,0.748398,0.749977,-0.007461,0.977233,0.212037,-0.007700,0.977227,0.212057,-0.012462,0.974216,0.225267,11.733470,-5.198015,-0.086887,1,1,22.697640,-0.010636,0,0
0.939999,0.012673,284.681400,310.639700,1,1,1,1,2,2,0.735995,0.736005,0.736049,0.735840,0.735944,0.000000,0.978764,0.204989,0.000000,0.978766,0.204983,-0.011390,0.974630,0.223527,14.733630,-5.178489,-0.105698,1,1,22.705190,-0.007822,0,0
0.949999,0.012697,284.630100,310.860900,1,1,1,1,2,2,0.731711,0.731364,0.731605,0.731411,0.731508,-0.001664,0.981012,0.193939,0.000000,0.981010,0.193960,-0.010410,0.975219,0.220991,15.721820,-5.129689,-0.113053,1,1,22.712450,-0.000320,0,0
0.959999,0.012717,284.579400,311.082400,1,1,1,1,2,2,0.725069,0.725032,0.725124,0.724944,0.725034,-0.003343,0.982095,0.188357,0.000000,0.982089,0.188420,-0.009515,0.975857,0.218197,16.980540,-5.071198,-0.116541,1,1,22.719410,0.008456,0,0
0.969999,0.012732,284.529400,311.304100,1,1,1,1,2,2,0.717787,0.717511,0.717766,0.717586,0.717676,0.000004,0.983110,0.183017,0.000000,0.983138,0.182863,-0.008696,0.976538,0.215167,18.222680,-5.000362,-0.112981,1,1,22.726060,0.016151,0,0
0.979999,0.012743,284.480200,311.526000,1,1,1,1,2,2,0.710332,0.710013,0.710206,0.710041,0.710124,-0.000959,0.985172,0.171565,0.000000,0.985150,0.171695,-0.007948,0.977357,0.211442,19.596040,-4.917325,-0.113216,1,1,22.732390,0.023111,0,0
0.989999,0.012750,284.432000,311.748300,1,1,1,1,2,2,0.701065,0.701007,0.701087,0.700921,0.701004,-0.001190,0.986135,0.165942,0.000000,0.986111,0.166087,-0.007264,0.978196,0.207555,21.002700,-4.820771,-0.103491,1,1,22.738340,0.029330,0,0
0.999999,0.012753,284.384900,311.970800,1,1,1,1,2,2,0.691425,0.691173,0.691475,0.691310,0.691392,0.000003,0.987025,0.160569,0.000000,0.987042,0.160462,-0.006640,0.979048,0.203519,22.233470,-4.710352,-0.083185,1,1,22.743950,0.034918,0,0
1.009999,0.012752,284.339000,312.193600,1,1,1,1,2,2,0.681917,0.681678,0.681903,0.681767,0.681835,-0.000420,0.988813,0.149161,0.000000,0.988812,0.149165,-0.006069,0.980008,0.198864,23.508560,-4.587773,-0.064998,1,1,22.749280,0.040050,0,0
1.019999,0.012748,284.294500,312.416700,1,1,1,1,2,2,0.671388,0.671215,0.671260,0.671124,0.671192,0.000658,0.989663,0.143411,0.000000,0.989651,0.143495,-0.005547,0.980961,0.194121,24.711360,-4.452560,-0.036106,1,1,22.754280,0.044672,0,0
1.029999,0.012741,284.251400,312.640200,1,1,1,1,2,2,0.660277,0.660318,0.660441,0.660320,0.660381,0.000001,0.990467,0.137753,0.000000,0.990459,0.137810,-0.005070,0.981906,0.189297,25.691060,-4.305406,0.002917,1,1,22.759050,0.048857,0,0
1.039999,0.012733,284.210000,312.864000,1,1,1,1,2,2,0.650084,0.649698,0.649881,0.649775,0.649828,-0.000582,0.991980,0.126397,0.000000,0.991979,0.126400,-0.004634,0.982932,0.183910,26.706510,-4.148488,0.038681,1,1,22.763670,0.052691,0,0
1.049999,0.012723,284.170100,313.088200,1,1,1,1,2,2,0.638699,0.638626,0.638668,0.638562,0.638615,0.000551,0.992675,0.120813,0.000000,0.992692,0.120676,-0.004236,0.983931,0.178494,27.604050,-3.981420,0.083902,1,1,22.768100,0.056129,0,0
1.059999,0.012712,284.132100,313.312700,1,1,1,1,2,2,0.627511,0.627487,0.627570,0.627480,0.627525,0.000000,0.993389,0.114799,0.000000,0.993372,0.114940,-0.003872,0.984905,0.173049,28.271710,-3.805353,0.137429,1,1,22.772430,0.059231,0,0
1.069999,0.012700,284.095900,313.537600,1,1,1,1,2,2,0.616695,0.616567,0.616809,0.616733,0.616771,0.001802,0.994627,0.103507,0.000000,0.994636,0.103434,-0.003539,0.985936,0.167086,29.012280,-3.622547,0.185640,1,1,22.776730,0.062038,0,0
1.079999,0.012689,284.061500,313.762800,1,1,1,1,2,2,0.605748,0.605673,0.605765,0.605674,0.605720,-0.000003,0.995219,0.097667,0.000000,0.995219,0.097665,-0.003235,0.986926,0.161139,29.612010,-3.432258,0.241609,1,1,22.780960,0.064519,0,0
1.089999,0.012679,284.029200,313.988300,1,1,1,1,2,2,0.594999,0.594919,0.595023,0.594947,0.594985,0.000005,0.995774,0.091833,0.000000,0.995770,0.091886,-0.002957,0.987878,0.155204,29.997030,-3.235877,0.303870,1,1,22.785190,0.066732,0,0
1.099999,0.012670,283.998800,314.214200,1,1,1,1,2,2,0.584658,0.584718,0.584614,0.584538,0.584576,0.000340,0.996775,0.080243,0.000000,0.996771,0.080301,-0.002703,0.988865,0.148786,30.506610,-3.035526,0.358822,1,1,22.789460,0.068691,0,0
1.109999,0.012663,283.970500,314.440400,1,1,1,1,2,2,0.574261,0.574194,0.574196,0.574150,0.574173,0.000001,0.997220,0.074517,0.000000,0.997221,0.074496,-0.002470,0.989803,0.142419,30.857770,-2.829959,0.420042,1,1,22.793710,0.070381,0,0
1.119999,0.012659,283.944300,314.666800,1,1,1,1,2,2,0.556771,0.556790,0.564411,0.564145,0.564278,0.000001,0.999995,0.003052,0.000000,0.997835,0.065774,-0.002258,0.990727,0.135849,31.146290,-2.620754,0.480106,1,1,22.797990,0.071845,0,0
1.129999,0.012657,283.920200,314.893600,1,1,1,1,2,2,0.554526,0.554448,0.554479,0.554433,0.554456,-0.002668,0.998372,0.056973,0.000000,0.998372,0.057038,-0.002064,0.991630,0.129093,31.456780,-2.408529,0.538763,1,1,22.802250,0.073095,0,0
1.139999,0.012659,283.898300,315.120600,1,1,1,1,2,2,0.544887,0.544980,0.544993,0.544947,0.544970,0.000001,0.998685,0.051268,0.000000,0.998688,0.051206,-0.001887,0.992477,0.122413,31.583960,-2.193071,0.602306,1,1,22.806490,0.074140,0,0
1.149999,0.012665,283.878500,315.347900,1,1,1,1,2,2,0.536162,0.535998,0.536014,0.535984,0.535999,-0.001105,0.999217,0.039548,0.000000,0.999219,0.039527,-0.001725,0.993328,0.115305,31.833140,-1.976213,0.657262,1,1,22.810730,0.074996,0,0
1.159999,0.012674,283.860900,315.575300,1,1,1,1,2,2,0.527242,0.527092,0.527117,0.527087,0.527102,0.003013,0.999428,0.033692,0.000000,0.999433,0.033681,-0.001577,0.994117,0.108302,31.945110,-1.756741,0.717154,1,1,22.814880,0.075681,0,0
1.169999,0.012688,283.845600,315.803000,1,1,1,1,2,2,0.518743,0.518702,0.518747,0.518732,0.518740,-0.000005,0.999616,0.027719,0.000000,0.999613,0.027832,-0.001441,0.994845,0.101396,31.876570,-1.536037,0.780390,1,1,22.818950,0.076216,0,0
1.179999,0.012707,283.832400,316.030900,1,1,1,1,2,2,0.510696,0.510715,0.510735,0.510720,0.510727,-0.000526,0.999872,0.016024,0.000000,0.999870,0.016126,-0.001317,0.995564,0.094077,31.998690,-1.315913,0.833474,1,1,22.822930,0.076595,0,0
1.189999,0.012730,283.821500,316.258900,1,1,1,1,2,2,0.502947,0.502930,0.502948,0.502933,0.502940,0.000002,0.999948,0.010176,0.000000,0.999947,0.010269,-0.001204,0.996218,0.086882,31.978350,-1.094478,0.890613,1,1,22.826750,0.076840,0,0
1.199999,0.012759,283.812700,316.487000,1,1,1,1,2,2,0.495666,0.495665,0.495692,0.495677,0.495684,0.000002,0.999991,0.004324,0.000000,0.999990,0.004413,-0.001101,0.996810,0.079799,31.802210,-0.873169,0.950132,1,1,22.830410,0.076968,0,0
1.209999,0.012793,283.806200,316.715200,1,1,1,1,2,2,0.488724,0.488598,0.488604,0.488604,0.488604,-0.000668,0.999974,-0.007252,0.000000,0.999973,-0.007302,-0.001006,0.997381,0.072317,31.866780,-0.653558,0.998750,1,1,22.833850,0.076968,0,0
1.219999,0.012833,283.801900,316.943600,1,1,1,1,2,2,0.481928,0.481922,0.481924,0.481939,0.481932,0.000002,0.999913,-0.013223,0.000000,0.999914,-0.013159,-0.000920,0.997886,0.064972,31.762490,-0.433256,1.051163,1,1,22.837050,0.076868,0,0
1.229999,0.012877,283.802200,317.171200,1,1,1,1,2,2,0.468460,0.468812,0.478094,0.478109,0.478102,0.000003,0.997123,0.075802,0.000000,0.999691,-0.024868,-0.000841,0.998359,0.057250,25.404670,0.030149,1.333237,1,1,22.762240,0.108189,0,0
1.239999,0.012927,283.806800,317.397900,1,1,1,1,2,2,0.476621,0.476656,0.476629,0.476660,0.476644,0.001404,0.999525,-0.030774,0.000000,0.999528,-0.030718,-0.000769,0.998764,0.049687,20.183860,0.426104,1.552721,1,1,22.689140,0.105354,0,0
1.249999,0.012983,283.815200,317.623700,1,1,1,1,2,2,0.477297,0.477330,0.477298,0.477328,0.477313,0.000002,0.999338,-0.036377,0.000000,0.999331,-0.036566,-0.000703,0.999106,0.042268,17.756370,0.689337,1.645140,1,1,22.637870,0.093430,0,0
1.259999,0.013045,283.824500,317.849400,1,1,1,1,2,2,0.477054,0.476963,0.476907,0.476953,0.476930,0.000046,0.998838,-0.048198,0.000000,0.998835,-0.048249,-0.000642,0.999405,0.034481,18.880990,0.824210,1.603031,1,1,22.616510,0.080163,0,0
1.269999,0.013114,283.836600,318.074300,1,1,1,1,2,2,0.477608,0.477530,0.477572,0.477618,0.477595,-0.001810,0.998537,-0.054048,0.000000,0.998536,-0.054084,-0.000587,0.999639,0.026859,16.651410,1.082669,1.687516,1,1,22.560170,0.091291,0,0
1.279999,0.013189,283.849600,318.299000,1,1,1,1,2,2,0.477320,0.477597,0.477399,0.477445,0.477422,0.000004,0.998195,-0.060059,0.000000,0.998204,-0.059913,-0.000537,0.999812,0.019389,17.566800,1.216178,1.652216,1,1,22.533540,0.079044,0,0
1.289999,0.013270,283.864000,318.523400,1,1,1,1,2,2,0.476776,0.476818,0.476711,0.476771,0.476741,-0.000991,0.997441,-0.071482,0.000000,0.997437,-0.071552,-0.000491,0.999933,0.011558,18.849700,1.346242,1.605851,1,1,22.510650,0.076586,0,0
1.299999,0.013357,283.881400,318.746800,1,1,1,1,2,2,0.477355,0.477409,0.477402,0.477448,0.477425,-0.000816,0.997006,-0.077314,0.000000,0.997003,-0.077361,-0.000449,0.999992,0.003898,16.675490,1.600636,1.687919,1,1,22.452840,0.086248,0,0
1.309999,0.013451,283.899600,318.970000,1,1,1,1,2,2,0.477196,0.477405,0.477256,0.477332,0.477294,0.000002,0.996525,-0.083299,0.000000,0.996536,-0.083162,-0.000410,0.999993,-0.003603,17.606050,1.732220,1.651642,1,1,22.424530,0.075301,0,0
1.319999,0.013550,283.919200,319.192900,1,1,1,1,2,2,0.476484,0.476563,0.476499,0.476575,0.476537,0.000724,0.995514,-0.094615,0.000000,0.995502,-0.094739,-0.000375,0.999934,-0.011459,18.920900,1.860396,1.604470,1,1,22.400010,0.072997,0,0
1.329999,0.013655,283.941900,319.414700,1,1,1,1,2,2,0.477267,0.473792,0.477277,0.477353,0.477315,0.000056,0.994598,-0.103800,0.000000,0.994936,-0.100512,-0.000343,0.999817,-0.019137,16.777650,2.110586,1.684555,1,1,22.341120,0.081331,0,0
1.339999,0.013767,283.965200,319.636300,1,1,1,1,2,2,0.477189,0.477226,0.477174,0.477249,0.477212,-0.000001,0.994331,-0.106325,0.000000,0.994337,-0.106276,-0.000313,0.999644,-0.026653,17.718770,2.240042,1.647587,1,1,22.311450,0.071551,0,0
1.349999,0.013883,283.991200,319.856900,1,1,1,1,2,2,0.477810,0.477764,0.477639,0.477714,0.477676,-0.001193,0.993025,-0.117896,0.000000,0.993041,-0.117771,-0.000286,0.999404,-0.034515,15.761440,2.486966,1.722438,1,1,22.247160,0.079289,0,0
1.359999,0.014006,284.017900,320.077200,1,1,1,1,2,2,0.477487,0.477503,0.477472,0.477563,0.477518,0.001683,0.992348,-0.123465,0.000000,0.992344,-0.123501,-0.000262,0.999109,-0.042195,16.825920,2.613964,1.680888,1,1,22.212740,0.069910,0,0
1.369999,0.014134,284.046100,320.297000,1,1,1,1,2,2,0.477101,0.477322,0.477124,0.477230,0.477177,0.000000,0.991633,-0.129092,0.000000,0.991616,-0.129220,-0.000239,0.998764,-0.049707,17.903870,2.737677,1.640088,1,1,22.182660,0.067689,0,0
1.379999,0.014268,284.077000,320.515600,1,1,1,1,2,2,0.477574,0.477838,0.477581,0.477687,0.477634,0.001012,0.990073,-0.140551,0.000000,0.990064,-0.140616,-0.000219,0.998342,-0.057558,16.002390,2.979115,1.712692,1,1,22.118060,0.074590,0,0
1.389999,0.014407,284.108600,320.734000,1,1,1,1,2,2,0.477596,0.477604,0.477443,0.477563,0.477503,0.000065,0.989272,-0.146086,0.000000,0.989241,-0.146295,-0.000200,0.997870,-0.065224,17.070800,3.103369,1.670711,1,1,22.082980,0.066111,0,0
1.399999,0.014551,284.141700,320.951800,1,1,1,1,2,2,0.477183,0.477160,0.477138,0.477259,0.477199,0.000002,0.988382,-0.151992,0.000000,0.988387,-0.151957,-0.000183,0.997352,-0.072718,18.149710,3.224442,1.629543,1,1,22.052250,0.064030,0,0
1.409999,0.014700,284.177300,321.168400,1,1,1,1,2,2,0.477677,0.522944,0.477618,0.477739,0.477679,0.003353,0.992619,-0.121226,0.000000,0.986587,-0.163239,-0.000167,0.996751,-0.080544,16.285950,3.460528,1.700401,1,1,21.987530,0.070215,0,0
1.419999,0.014855,284.213800,321.384700,1,1,1,1,2,2,0.477468,0.477601,0.477479,0.477614,0.477546,0.000685,0.985634,-0.168892,0.000000,0.985641,-0.168856,-0.000153,0.996104,-0.088179,17.359420,3.581889,1.658161,1,1,21.952000,0.062475,0,0
1.429999,0.015014,284.251500,321.600400,1,1,1,1,2,2,0.477155,0.477296,0.477189,0.477324,0.477257,0.000001,0.984663,-0.174470,0.000000,0.984665,-0.174456,-0.000140,0.995416,-0.095641,18.441720,3.700096,1.616686,1,1,21.920870,0.060506,0,0
1.439999,0.015179,284.291200,321.815200,1,1,1,1,2,2,0.477497,0.477526,0.477485,0.477620,0.477552,-0.000002,0.983631,-0.180197,0.000000,0.983659,-0.180041,-0.000128,0.994687,-0.102941,17.859160,3.874378,1.637574,1,1,21.874840,0.062427,0,0
1.449999,0.015348,284.332700,322.029100,1,1,1,1,2,2,0.477357,0.477597,0.477388,0.477537,0.477463,0.002039,0.981559,-0.191149,0.000000,0.981560,-0.191155,-0.000117,0.993868,-0.110576,17.516160,4.047986,1.651617,1,1,21.825890,0.061696,0,0
1.459999,0.015522,284.375100,322.242600,1,1,1,1,2,2,0.477230,0.477365,0.477233,0.477382,0.477307,0.000257,0.980483,-0.196605,0.000000,0.980466,-0.196687,-0.000107,0.993010,-0.118030,18.560100,4.164624,1.610640,1,1,21.793460,0.057350,0,0
1.469999,0.015700,284.418800,322.455500,1,1,1,1,2,2,0.476964,0.477128,0.476944,0.477108,0.477026,-0.000005,0.979338,-0.202230,0.000000,0.979345,-0.202197,-0.000097,0.992117,-0.125316,19.576800,4.279631,1.571649,1,1,21.764840,0.055679,0,0
1.479999,0.015883,284.465100,322.667100,1,1,1,1,2,2,0.477456,0.477620,0.477397,0.477561,0.477479,-0.002162,0.976974,-0.213347,0.000000,0.977016,-0.213164,-0.000089,0.991126,-0.132927,17.750780,4.503160,1.641036,1,1,21.703300,0.060544,0,0
1.489999,0.016070,284.512100,322.878400,1,1,1,1,2,2,0.477301,0.477517,0.477347,0.477526,0.477436,-0.000359,0.975833,-0.218518,0.000000,0.975811,-0.218616,-0.000081,0.990102,-0.140351,18.751290,4.618150,1.600922,1,1,21.669910,0.054304,0,0
1.499999,0.016262,284.560200,323.089200,1,1,1,1,2,2,0.477144,0.477256,0.477089,0.477267,0.477178,0.000000,0.974555,-0.224147,0.000000,0.974578,-0.224049,-0.000074,0.989047,-0.147603,19.776680,4.730146,1.561352,1,1,21.640610,0.052684,0,0
1.509999,0.016458,284.610700,323.298600,1,1,1,1,2,2,0.477931,0.478256,0.478034,0.478212,0.478123,-0.000003,0.973302,-0.229529,0.000000,0.973318,-0.229462,-0.000068,0.987962,-0.154697,17.653570,4.947876,1.639045,1,1,21.578980,0.057135,0,0
1.519999,0.016658,284.661800,323.507700,1,1,1,1,2,2,0.477613,0.477652,0.477505,0.477697,0.477601,0.001892,0.970707,-0.240261,0.000000,0.970718,-0.240221,-0.000062,0.986772,-0.162114,18.782310,5.059035,1.597189,1,1,21.544060,0.051492,0,0
1.529999,0.016862,284.714100,323.716200,1,1,1,1,2,2,0.477257,0.477399,0.477234,0.477426,0.477330,0.002837,0.969356,-0.245645,0.000000,0.969379,-0.245569,-0.000057,0.985556,-0.169352,19.842460,5.167606,1.556260,1,1,21.513660,0.049920,0,0
1.539999,0.017070,284.767800,323.924000,1,1,1,1,2,2,0.477003,0.477182,0.476993,0.477185,0.477089,0.000000,0.967990,-0.250990,0.000000,0.968015,-0.250892,-0.000052,0.984314,-0.176424,20.818360,5.275943,1.518467,1,1,21.486710,0.048536,0,0
1.549999,0.017282,284.823800,324.130400,1,1,1,1,2,2,0.477856,0.478239,0.477964,0.478170,0.478067,0.000002,0.966613,-0.256241,0.000000,0.966625,-0.256195,-0.000048,0.983049,-0.183344,18.700140,5.486391,1.595662,1,1,21.427980,0.052523,0,0
1.559999,0.017498,284.880300,324.336500,1,1,1,1,2,2,0.477460,0.477670,0.477426,0.477646,0.477536,0.001039,0.963812,-0.266580,0.000000,0.963771,-0.266730,-0.000043,0.981671,-0.190582,19.780230,5.593983,1.555741,1,1,21.395230,0.047468,0,0
1.569999,0.017717,284.938000,324.542000,1,1,1,1,2,2,0.477109,0.477334,0.477203,0.477423,0.477313,-0.004667,0.962306,-0.271928,0.000000,0.962308,-0.271962,-0.000040,0.980273,-0.197647,20.786080,5.699082,1.516563,1,1,21.366810,0.046062,0,0
1.579999,0.017941,284.996900,324.746800,1,1,1,1,2,2,0.477120,0.477183,0.476967,0.477187,0.477077,0.000000,0.960853,-0.277058,0.000000,0.960820,-0.277172,-0.000036,0.978856,-0.204551,21.721600,5.803936,1.480287,1,1,21.341640,0.044822,0,0
1.589999,0.018167,285.058100,324.950300,1,1,1,1,2,2,0.477934,0.478241,0.477962,0.478182,0.478072,0.000000,0.959255,-0.282542,0.000000,0.959310,-0.282354,-0.000033,0.977420,-0.211307,19.620990,6.007127,1.556583,1,1,21.285340,0.048405,0,0
1.599999,0.018397,285.119800,325.153400,1,1,1,1,2,2,0.478156,0.477051,0.478151,0.478385,0.478268,0.000001,0.975452,-0.220214,0.000000,0.957777,-0.287513,-0.000030,0.975966,-0.217924,20.290150,6.110977,1.527835,1,1,21.254410,0.043871,0,0
1.609999,0.018631,285.182600,325.356000,1,1,1,1,2,2,0.477197,0.477503,0.477246,0.477493,0.477369,-0.001265,0.954672,-0.297658,0.000000,0.954642,-0.297757,-0.000028,0.974391,-0.224861,21.406900,6.212103,1.489016,1,1,21.226320,0.042729,0,0
1.619999,0.018869,285.246500,325.557900,1,1,1,1,2,2,0.067286,0.078308,0.476199,0.476425,0.476312,0.001386,0.874542,0.484948,0.000000,0.953837,-0.300325,-0.000025,0.972854,-0.231417,22.196280,6.318991,1.464450,1,1,21.199880,0.041868,0,0
1.629999,0.019109,285.312600,325.758400,1,1,1,1,1,1,0.480728,0.480653,0.480549,0.480783,0.480666,0.000009,0.956201,-0.292710,0.000000,0.956197,-0.292725,-0.000023,0.971574,-0.236734,18.991950,6.508884,1.560773,1,1,21.146660,0.044591,0,0
1.639999,0.019352,285.379200,325.958500,1,1,1,1,1,1,0.481209,0.481571,0.481330,0.481563,0.481446,0.000000,0.954584,-0.297942,0.000000,0.954618,-0.297833,-0.000021,0.970268,-0.242034,18.926890,6.606907,1.557244,1,1,21.112290,0.041141,0,0
1.649999,0.019600,285.446100,326.158500,1,1,1,1,1,1,0.477490,0.584295,0.481133,0.481395,0.481264,-0.000414,0.974048,-0.226340,0.000000,0.953017,-0.302917,-0.000019,0.968935,-0.247315,19.475050,6.688627,1.536107,1,1,21.082790,0.039793,0,0
1.659999,0.019850,285.513800,326.357800,1,1,1,1,1,1,0.477004,0.476922,0.476904,0.477136,0.477020,0.000063,0.949721,-0.313098,0.000000,0.949750,-0.313009,-0.000018,0.967461,-0.253019,20.841530,6.775355,1.511427,1,1,21.053150,0.039124,0,0
1.669999,0.020103,285.582600,326.556500,1,1,1,1,1,1,0.747011,0.764453,0.479996,0.480245,0.480120,0.000003,0.336529,0.941673,0.000000,0.949750,-0.313009,-0.000016,0.966085,-0.258225,20.271480,6.874961,1.511366,1,1,21.023930,0.038486,0,0
1.679999,0.020360,285.652300,326.754500,0,0,0,0,0,0,0.000000,0.000000,0.000000,0.000000,0.480120,0.000000,0.000000,0.000000,0.000000,0.949750,-0.313009,-0.000016,0.966085,-0.258225,0.000000,6.968716,1.618627,0,2,20.993810,0.037989,0,0
1.689999,0.020616,285.721000,326.952500,0,0,0,0,0,0,0.000000,0.000000,0.000000,0.000000,0.480120,0.000000,0.000000,0.000000,0.000000,0.949750,-0.313009,-0.000016,0.966085,-0.258225,0.000000,6.870615,1.523854,0,2,20.961450,0.004867,0,0
1.699999,0.020872,285.788700,327.150600,0,0,0,0,0,0,0.000000,0.000000,0.000000,0.000000,0.480120,0.000000,0.000000,0.000000,0.000000,0.949750,-0.313009,-0.000016,0.966085,-0.258225,0.000000,6.772515,1.429081,0,2,20.929500,0.004867,0,0
1.709999,0.021129,285.855400,327.348600,0,0,0,0,0,0,0.000000,0.000000,0.000000,0.000000,0.480120,0.000000,0.000000,0.000000,0.000000,0.949750,-0.313009,-0.000016,0.966085,-0.258225,0.000000,6.674415,1.334308,0,2,20.897960,0.004867,0,0
1.719999,0.021385,285.921200,327.546600,0,0,0,0,0,0,0.000000,0.000000,0.000000,0.000000,0.480120,0.000000,0.000000,0.000000,0.000000,0.949750,-0.313009,-0.000016,0.966085,-0.258225,0.000000,6.576315,1.239535,0,2,20.866840,0.004867,0,0
1.729999,0.021642,285.986000,327.744700,0,0,0,0,0,0,0.000000,0.000000,0.000000,0.000000,0.480120,0.000000,0.000000,0.000000,0.000000,0.949750,-0.313009,-0.000016,0.966085,-0.258225,0.000000,6.478215,1.144762,0,2,20.836130,0.004867,0,0
1.739999,0.021898,286.049800,327.942700,0,0,0,0,0,0,0.000000,0.000000,0.000000,0.000000,0.480120,0.000000,0.000000,0.000000,0.000000,0.949750,-0.313009,-0.000016,0.966085,-0.258225,0.000000,6.380115,1.049989,0,2,20.805840,0.004867,0,0
1.749999,0.022155,286.112600,328.140700,0,0,0,0,0,0,0.000000,0.000000,0.000000,0.000000,0.480120,0.000000,0.000000,0.000000,0.000000,0.949750,-0.313009,-0.000016,0.966085,-0.258225,0.000000,6.282014,0.955216,0,2,20.775970,0.004867,0,0
1.759999,0.022411,286.174400,328.338700,0,0,0,0,0,0,0.000000,0.000000,0.000000,0.000000,0.480120,0.000000,0.000000,0.000000,0.000000,0.949750,-0.313009,-0.000016,0.966085,-0.258225,0.000000,6.183914,0.860443,0,2,20.746510,0.004867,0,0
1.769999,0.022667,286.235300,328.536800,0,0,0,0,0,0,0.000000,0.000000,0.000000,0.000000,0.480120,0.000000,0.000000,0.000000,0.000000,0.949750,-0.313009,-0.000016,0.966085,-0.258225,0.000000,6.085814,0.765670,0,2,20.717490,0.004867,0,0
1.779999,0.022924,286.295200,328.734800,0,0,0,0,0,0,0.000000,0.000000,0.000000,0.000000,0.480120,0.000000,0.000000,0.000000,0.000000,0.949750,-0.313009,-0.000016,0.966085,-0.258225,0.000000,5.987714,0.670897,0,2,20.688880,0.004867,0,0
1.789999,0.023180,286.354100,328.932800,0,0,0,0,0,0,0.000000,0.000000,0.000000,0.000000,0.480120,0.000000,0.000000,0.000000,0.000000,0.949750,-0.313009,-0.000016,0.966085,-0.258225,0.000000,5.889614,0.576123,0,2,20.660700,0.004867,0,0
1.799999,0.023437,286.412000,329.130900,0,0,0,0,0,0,0.000000,0.000000,0.000000,0.000000,0.480120,0.000000,0.000000,0.000000,0.000000,0.949750,-0.313009,-0.000016,0.966085,-0.258225,0.000000,5.791513,0.481350,0,2,20.632950,0.004867,0,0
1.809999,0.023693,286.468900,329.328900,0,0,0,0,0,0,0.000000,0.000000,0.000000,0.000000,0.480120,0.000000,0.000000,0.000000,0.000000,0.949750,-0.313009,-0.000016,0.966085,-0.258225,0.000000,5.693413,0.386577,0,2,20.605630,0.004867,0,0
1.819999,0.023950,286.524900,329.526900,0,0,0,0,0,0,0.000000,0.000000,0.000000,0.000000,0.480120,0.000000,0.000000,0.000000,0.000000,0.949750,-0.313009,-0.000016,0.966085,-0.258225,0.000000,5.595313,0.291804,0,2,20.578740,0.004867,0,0
1.829999,0.024206,286.579800,329.724900,0,0,0,0,0,0,0.000000,0.000000,0.000000,0.000000,0.480120,0.000000,0.000000,0.000000,0.000000,0.949750,-0.313009,-0.000016,0.966085,-0.258225,0.000000,5.497213,0.197031,0,2,20.552280,0.004867,0,0
1.839999,0.024462,286.633800,329.923000,0,0,0,0,0,0,0.000000,0.000000,0.000000,0.000000,0.480120,0.000000,0.000000,0.000000,0.000000,0.949750,-0.313009,-0.000016,0.966085,-0.258225,0.000000,5.399113,0.102258,0,2,20.526260,0.004867,0,0
1.849999,0.024719,286.686800,330.121000,0,0,0,0,0,0,0.000000,0.000000,0.000000,0.000000,0.480120,0.000000,0.000000,0.000000,0.000000,0.949750,-0.313009,-0.000016,0.966085,-0.258225,0.000000,5.301013,0.007485,0,2,20.500680,0.004867,0,0
1.859999,0.024975,286.738900,330.319000,0,0,0,0,0,0,0.000000,0.000000,0.000000,0.000000,0.480120,0.000000,0.000000,0.000000,0.000000,0.949750,-0.313009,-0.000016,0.966085,-0.258225,0.000000,5.202912,-0.087288,0,2,20.475530,0.004867,0,0
1.869999,0.025232,286.789900,330.517100,0,0,0,0,0,0,0.000000,0.000000,0.000000,0.000000,0.480120,0.000000,0.000000,0.000000,0.000000,0.949750,-0.313009,-0.000016,0.966085,-0.258225,0.000000,5.104812,-0.182061,0,2,20.450820,0.004867,0,0
1.879999,0.025488,286.840000,330.715100,0,0,0,0,0,0,0.000000,0.000000,0.000000,0.000000,0.480120,0.000000,0.000000,0.000000,0.000000,0.949750,-0.313009,-0.000016,0.966085,-0.258225,0.000000,5.006712,-0.276834,0,2,20.426560,0.004867,0,0
1.889999,0.025745,286.889100,330.913100,0,0,0,0,0,0,0.000000,0.000000,0.000000,0.000000,0.480120,0.000000,0.000000,0.000000,0.000000,0.949750,-0.313009,-0.000016,0.966085,-0.258225,0.000000,4.908612,-0.371607,0,2,20.402730,0.004867,0,0
1.899999,0.026001,286.937200,331.111100,0,0,0,0,0,0,0.000000,0.000000,0.000000,0.000000,0.480120,0.000000,0.000000,0.000000,0.000000,0.949750,-0.313009,-0.000016,0.966085,-0.258225,0.000000,4.810512,-0.466381,0,2,20.379350,0.004867,0,0
1.909999,0.026257,286.984300,331.309200,0,0,0,0,0,0,0.000000,0.000000,0.000000,0.000000,0.480120,0.000000,0.000000,0.000000,0.000000,0.949750,-0.313009,-0.000016,0.966085,-0.258225,0.000000,4.712411,-0.561154,0,2,20.356420,0.004867,0,0
1.919999,0.026514,287.030400,331.507200,0,0,0,0,0,0,0.000000,0.000000,0.000000,0.000000,0.480120,0.000000,0.000000,0.000000,0.000000,0.949750,-0.313009,-0.000016,0.966085,-0.258225,0.000000,4.614311,-0.655927,0,2,20.333930,0.004867,0,0
1.929999,0.026770,287.075600,331.705200,0,0,0,0,0,0,0.000000,0.000000,0.000000,0.000000,0.480120,0.000000,0.000000,0.000000,0.000000,0.949750,-0.313009,-0.000016,0.966085,-0.258225,0.000000,4.516211,-0.750700,0,2,20.311900,0.004867,0,0
1.939999,0.027027,287.119800,331.903300,0,0,0,0,0,0,0.000000,0.000000,0.000000,0.000000,0.480120,0.000000,0.000000,0.000000,0.000000,0.949750,-0.313009,-0.000016,0.966085,-0.258225,0.000000,4.418111,-0.845473,0,2,20.290310,0.004867,0,0
1.949998,0.027283,287.163000,332.101300,0,0,0,0,0,0,0.000000,0.000000,0.000000,0.000000,0.480120,0.000000,0.000000,0.000000,0.000000,0.949750,-0.313009,-0.000016,0.966085,-0.258225,0.000000,4.320011,-0.940246,0,2,20.269180,0.004867,0,0
1.959998,0.027540,287.205200,332.299300,0,0,0,0,0,0,0.000000,0.000000,0.000000,0.000000,0.480120,0.000000,0.000000,0.000000,0.000000,0.949750,-0.313009,-0.000016,0.966085,-0.258225,0.000000,4.221910,-1.035019,0,2,20.248500,0.004867,0,0
1.969998,0.027796,287.246400,332.497300,0,0,0,0,0,0,0.000000,0.000000,0.000000,0.000000,0.480120,0.000000,0.000000,0.000000,0.000000,0.949750,-0.313009,-0.000016,0.966085,-0.258225,0.000000,4.123810,-1.129792,0,2,20.228270,0.004867,0,0
1.979998,0.028052,287.286700,332.695400,0,0,0,0,0,0,0.000000,0.000000,0.000000,0.000000,0.480120,0.000000,0.000000,0.000000,0.000000,0.949750,-0.313009,-0.000016,0.966085,-0.258225,0.000000,4.025710,-1.224565,0,2,20.208500,0.004867,0,0
1.989998,0.028309,287.326000,332.893400,0,0,0,0,0,0,0.000000,0.000000,0.000000,0.000000,0.480120,0.000000,0.000000,0.000000,0.000000,0.949750,-0.313009,-0.000016,0.966085,-0.258225,0.000000,3.927610,-1.319338,0,2,20.189180,0.004867,0,0
1.999998,0.028565,287.364300,333.091400,0,0,0,0,0,0,0.000000,0.000000,0.000000,0.000000,0.480120,0.000000,0.000000,0.000000,0.000000,0.949750,-0.313009,-0.000016,0.966085,-0.258225,0.000000,3.829510,-1.414111,0,2,20.170330,0.004867,0,0
2.009999,0.028822,287.401600,333.289500,0,0,0,0,0,0,0.000000,0.000000,0.000000,0.000000,0.480120,0.000000,0.000000,0.000000,0.000000,0.949750,-0.313009,-0.000016,0.966085,-0.258225,0.000000,3.731410,-1.508884,0,2,20.151940,0.004867,0,0
2.019999,0.029078,287.437900,333.487500,0,0,0,0,0,0,0.000000,0.000000,0.000000,0.000000,0.480120,0.000000,0.000000,0.000000,0.000000,0.949750,-0.313009,-0.000016,0.966085,-0.258225,0.000000,3.633310,-1.603657,0,2,20.134000,0.004867,0,0
2.029999,0.029335,287.473300,333.685500,0,0,0,0,0,0,0.000000,0.000000,0.000000,0.000000,0.480120,0.000000,0.000000,0.000000,0.000000,0.949750,-0.313009,-0.000016,0.966085,-0.258225,0.000000,3.535210,-1.698429,0,2,20.116530,0.004867,0,0
2.039999,0.029591,287.507600,333.883500,0,0,0,0,0,0,0.000000,0.000000,0.000000,0.000000,0.480120,0.000000,0.000000,0.000000,0.000000,0.949750,-0.313009,-0.000016,0.966085,-0.258225,0.000000,3.437110,-1.793202,0,2,20.099520,0.004867,0,0
2.049999,0.029847,287.541000,334.081600,0,0,0,0,0,0,0.000000,0.000000,0.000000,0.000000,0.480120,0.000000,0.000000,0.000000,0.000000,0.949750,-0.313009,-0.000016,0.966085,-0.258225,0.000000,3.339010,-1.887975,0,2,20.082980,0.004867,0,0
2.059999,0.030104,287.573400,334.279600,0,0,0,0,0,0,0.000000,0.000000,0.000000,0.000000,0.480120,0.000000,0.000000,0.000000,0.000000,0.949750,-0.313009,-0.000016,0.966085,-0.258225,0.000000,3.240911,-1.982748,0,2,20.066900,0.004867,0,0
2.069999,0.030360,287.604900,334.477600,0,0,0,0,0,0,0.000000,0.000000,0.000000,0.000000,0.480120,0.000000,0.000000,0.000000,0.000000,0.949750,-0.313009,-0.000016,0.966085,-0.258225,0.000000,3.142811,-2.077521,0,2,20.051290,0.004867,0,0
2.079998,0.030617,287.635300,334.675700,0,0,0,0,0,0,0.000000,0.000000,0.000000,0.000000,0.480120,0.000000,0.000000,0.000000,0.000000,0.949750,-0.313009,-0.000016,0.966085,-0.258225,0.000000,3.044711,-2.172294,0,2,20.036150,0.004867,0,0
2.089998,0.030873,287.664800,334.873700,0,0,0,0,0,0,0.000000,0.000000,0.000000,0.000000,0.480120,0.000000,0.000000,0.000000,0.000000,0.949750,-0.313009,-0.000016,0.966085,-0.258225,0.000000,2.946611,-2.267066,0,2,20.021480,0.004867,0,0
2.099998,0.031129,287.693300,335.071700,0,0,0,0,0,0,0.000000,0.000000,0.000000,0.000000,0.480120,0.000000,0.000000,0.000000,0.000000,0.949750,-0.313009,-0.000016,0.966085,-0.258225,0.000000,2.848511,-2.361839,0,2,20.007270,0.004867,0,0
2.109998,0.031386,287.720800,335.269700,0,0,0,0,0,0,0.000000,0.000000,0.000000,0.000000,0.480120,0.000000,0.000000,0.000000,0.000000,0.949750,-0.313009,-0.000016,0.966085,-0.258225,0.000000,2.750411,-2.456612,0,2,19.993540,0.004867,0,0
2.119998,0.031642,287.747300,335.467800,0,0,0,0,0,0,0.000000,0.000000,0.000000,0.000000,0.480120,0.000000,0.000000,0.000000,0.000000,0.949750,-0.313009,-0.000016,0.966085,-0.258225,0.000000,2.652311,-2.551385,0,2,19.980290,0.004867,0,0
2.129998,0.031899,287.772800,335.665800,0,0,0,0,0,0,0.000000,0.000000,0.000000,0.000000,0.480120,0.000000,0.000000,0.000000,0.000000,0.949750,-0.313009,-0.000016,0.966085,-0.258225,0.000000,2.554211,-2.646158,0,2,19.967500,0.004867,0,0
2.139998,0.032155,287.797400,335.863800,0,0,0,0,0,0,0.000000,0.000000,0.000000,0.000000,0.480120,0.000000,0.000000,0.000000,0.000000,0.949750,-0.313009,-0.000016,0.966085,-0.258225,0.000000,2.456111,-2.740931,0,2,19.955190,0.004867,0,0
2.149998,0.032412,287.821000,336.061900,0,0,0,0,0,0,0.000000,0.000000,0.000000,0.000000,0.480120,0.000000,0.000000,0.000000,0.000000,0.949750,-0.313009,-0.000016,0.966085,-0.258225,0.000000,2.358011,-2.835704,0,2,19.943350,0.004867,0,0
2.159998,0.032668,287.843600,336.259900,0,0,0,0,0,0,0.000000,0.000000,0.000000,0.000000,0.480120,0.000000,0.000000,0.000000,0.000000,0.949750,-0.313009,-0.000016,0.966085,-0.258225,0.000000,2.259911,-2.930476,0,2,19.931990,0.004867,0,0
2.169998,0.032924,287.865200,336.457900,0,0,0,0,0,0,0.000000,0.000000,0.000000,0.000000,0.480120,0.000000,0.000000,0.000000,0.000000,0.949750,-0.313009,-0.000016,0.966085,-0.258225,0.000000,2.161811,-3.025249,0,2,19.921110,0.004867,0,0
2.179998,0.033181,287.885800,336.655900,0,0,0,0,0,0,0.000000,0.000000,0.000000,0.000000,0.480120,0.000000,0.000000,0.000000,0.000000,0.949750,-0.313009,-0.000016,0.966085,-0.258225,0.000000,2.063711,-3.120022,0,2,19.910700,0.004867,0,0
2.189998,0.033437,287.905500,336.854000,0,0,0,0,0,0,0.000000,0.000000,0.000000,0.000000,0.480120,0.000000,0.000000,0.000000,0.000000,0.949750,-0.313009,-0.000016,0.966085,-0.258225,0.000000,1.965611,-3.214795,0,2,19.900770,0.004867,0,0
2.199998,0.033694,287.924200,337.052000,0,0,0,0,0,0,0.000000,0.000000,0.000000,0.000000,0.480120,0.000000,0.000000,0.000000,0.000000,0.949750,-0.313009,-0.000016,0.966085,-0.258225,0.000000,1.867511,-3.309568,0,2,19.891320,0.004867,0,0
2.209998,0.033950,287.941900,337.250000,0,0,0,0,0,0,0.000000,0.000000,0.000000,0.000000,0.480120,0.000000,0.000000,0.000000,0.000000,0.949750,-0.313009,-0.000016,0.966085,-0.258225,0.000000,1.769411,-3.404341,0,2,19.882350,0.004867,0,0
2.219998,0.034207,287.958600,337.448100,0,0,0,0,0,0,0.000000,0.000000,0.000000,0.000000,0.480120,0.000000,0.000000,0.000000,0.000000,0.949750,-0.313009,-0.000016,0.966085,-0.258225,0.000000,1.671311,-3.499114,0,2,19.873860,0.004867,0,0
2.229998,0.034463,287.974300,337.646100,0,0,0,0,0,0,0.000000,0.000000,0.000000,0.000000,0.480120,0.000000,0.000000,0.000000,0.000000,0.949750,-0.313009,-0.000016,0.966085,-0.258225,0.000000,1.573211,-3.593886,0,2,19.865850,0.004867,0,0
2.239998,0.034719,287.989100,337.844100,0,0,0,0,0,0,0.000000,0.000000,0.000000,0.000000,0.480120,0.000000,0.000000,0.000000,0.000000,0.949750,-0.313009,-0.000016,0.966085,-0.258225,0.000000,1.475111,-3.688659,0,2,19.858320,0.004867,0,0
2.249998,0.034976,288.002800,338.042100,0,0,0,0,0,0,0.000000,0.000000,0.000000,0.000000,0.480120,0.000000,0.000000,0.000000,0.000000,0.949750,-0.313009,-0.000016,0.966085,-0.258225,0.000000,1.377012,-3.783432,0,2,19.851280,0.004867,0,0
2.259998,0.035232,288.015600,338.240200,0,0,0,0,0,0,0.000000,0.000000,0.000000,0.000000,0.480120,0.000000,0.000000,0.000000,0.000000,0.949750,-0.313009,-0.000016,0.966085,-0.258225,0.000000,1.278912,-3.878205,0,2,19.844710,0.004867,0,0
2.269998,0.035489,288.027400,338.438200,0,0,0,0,0,0,0.000000,0.000000,0.000000,0.000000,0.480120,0.000000,0.000000,0.000000,0.000000,0.949750,-0.313009,-0.000016,0.966085,-0.258225,0.000000,1.180812,-3.972978,0,2,19.838630,0.004867,0,0
2.279998,0.035745,288.038300,338.636200,0,0,0,0,0,0,0.000000,0.000000,0.000000,0.000000,0.480120,0.000000,0.000000,0.000000,0.000000,0.949750,-0.313009,-0.000016,0.966085,-0.258225,0.000000,1.082712,-4.067750,0,2,19.833040,0.004867,0,0
2.289998,0.036002,288.048100,338.834300,0,0,0,0,0,0,0.000000,0.000000,0.000000,0.000000,0.480120,0.000000,0.000000,0.000000,0.000000,0.949750,-0.313009,-0.000016,0.966085,-0.258225,0.000000,0.984612,-4.162523,0,2,19.827920,0.004867,0,0
2.299998,0.036258,288.057000,339.032300,0,0,0,0,0,0,0.000000,0.000000,0.000000,0.000000,0.480120,0.000000,0.000000,0.000000,0.000000,0.949750,-0.313009,-0.000016,0.966085,-0.258225,0.000000,0.886512,-4.257297,0,2,19.823290,0.004867,0,0
2.309998,0.036514,288.064800,339.230300,0,0,0,0,0,0,0.000000,0.000000,0.000000,0.000000,0.480120,0.000000,0.000000,0.000000,0.000000,0.949750,-0.313009,-0.000016,0.966085,-0.258225,0.000000,0.788412,-4.352069,0,2,19.819150,0.004867,0,0
2.319998,0.036771,288.071700,339.428300,0,0,0,0,0,0,0.000000,0.000000,0.000000,0.000000,0.480120,0.000000,0.000000,0.000000,0.000000,0.949750,-0.313009,-0.000016,0.966085,-0.258225,0.000000,0.690312,-4.446842,0,2,19.815490,0.004867,0,0
2.329998,0.037027,288.077700,339.626400,0,0,0,0,0,0,0.000000,0.000000,0.000000,0.000000,0.480120,0.000000,0.000000,0.000000,0.000000,0.949750,-0.313009,-0.000016,0.966085,-0.258225,0.000000,0.592212,-4.541615,0,2,19.812310,0.004867,0,0
2.339998,0.037284,288.082600,339.824400,0,0,0,0,0,0,0.000000,0.000000,0.000000,0.000000,0.480120,0.000000,0.000000,0.000000,0.000000,0.949750,-0.313009,-0.000016,0.966085,-0.258225,0.000000,0.494112,-4.636388,0,2,19.809620,0.004867,0,0
2.349998,0.037540,288.086600,340.022400,0,0,0,0,0,0,0.000000,0.000000,0.000000,0.000000,0.480120,0.000000,0.000000,0.000000,0.000000,0.949750,-0.313009,-0.000016,0.966085,-0.258225,0.000000,0.396012,-4.731161,0,2,19.807420,0.004867,0,0
2.359998,0.037796,288.089600,340.220500,0,0,0,0,0,0,0.000000,0.000000,0.000000,0.000000,0.480120,0.000000,0.000000,0.000000,0.000000,0.949750,-0.313009,-0.000016,0.966085,-0.258225,0.000000,0.297912,-4.825934,0,2,19.805700,0.004867,0,0
2.369998,0.038053,288.091600,340.418500,0,0,0,0,0,0,0.000000,0.000000,0.000000,0.000000,0.480120,0.000000,0.000000,0.000000,0.000000,0.949750,-0.313009,-0.000016,0.966085,-0.258225,0.000000,0.199812,-4.920707,0,2,19.804470,0.004867,0,0
2.379998,0.038309,288.092600,340.616500,0,0,0,0,0,0,0.000000,0.000000,0.000000,0.000000,0.480120,0.000000,0.000000,0.000000,0.000000,0.949750,-0.313009,-0.000016,0.966085,-0.258225,0.000000,0.101712,-5.015480,0,2,19.803720,0.004867,0,0
2.389998,0.038566,288.092600,340.814500,0,0,0,0,0,0,0.000000,0.000000,0.000000,0.000000,0.480120,0.000000,0.000000,0.000000,0.000000,0.949750,-0.313009,-0.000016,0.966085,-0.258225,0.000000,0.003612,-5.110252,0,2,19.803460,0.004867,0,0
2.399998,0.038822,288.091600,341.012600,0,0,0,0,0,0,0.000000,0.000000,0.000000,0.000000,0.480120,0.000000,0.000000,0.000000,0.000000,0.949750,-0.313009,-0.000016,0.966085,-0.258225,0.000000,-0.094488,-5.205025,0,2,19.803690,0.004867,0,0
2.409998,0.039079,288.089700,341.210600,0,0,0,0,0,0,0.000000,0.000000,0.000000,0.000000,0.480120,0.000000,0.000000,0.000000,0.000000,0.949750,-0.313009,-0.000016,0.966085,-0.258225,0.000000,-0.192588,-5.299798,0,2,19.804400,0.004867,0,0
2.419998,0.039335,288.086800,341.408600,0,0,0,0,0,0,0.000000,0.000000,0.000000,0.000000,0.480120,0.000000,0.000000,0.000000,0.000000,0.949750,-0.313009,-0.000016,0.966085,-0.258225,0.000000,-0.290688,-5.394571,0,2,19.805590,0.004867,0,0
2.429998,0.039591,288.082900,341.606700,0,0,0,0,0,0,0.000000,0.000000,0.000000,0.000000,0.480120,0.000000,0.000000,0.000000,0.000000,0.949750,-0.313009,-0.000016,0.966085,-0.258225,0.000000,-0.388788,-5.489344,0,2,19.807280,0.004867,0,0
2.439998,0.039848,288.078100,341.804700,0,0,0,0,0,0,0.000000,0.000000,0.000000,0.000000,0.480120,0.000000,0.000000,0.000000,0.000000,0.949750,-0.313009,-0.000016,0.966085,-0.258225,0.000000,-0.486888,-5.584117,0,2,19.809440,0.004867,0,0
2.449998,0.040104,288.072200,342.002700,0,0,0,0,0,0,0.000000,0.000000,0.000000,0.000000,0.480120,0.000000,0.000000,0.000000,0.000000,0.949750,-0.313009,-0.000016,0.966085,-0.258225,0.000000,-0.584988,-5.678890,0,2,19.812100,0.004867,0,0
2.459998,0.040361,288.065400,342.200700,0,0,0,0,0,0,0.000000,0.000000,0.000000,0.000000,0.480120,0.000000,0.000000,0.000000,0.000000,0.949750,-0.313009,-0.000016,0.966085,-0.258225,0.000000,-0.683088,-5.773663,0,2,19.815240,0.004867,0,0
2.469998,0.040617,288.057600,342.398800,0,0,0,0,0,0,0.000000,0.000000,0.000000,0.000000,0.480120,0.000000,0.000000,0.000000,0.000000,0.949750,-0.313009,-0.000016,0.966085,-0.258225,0.000000,-0.781188,-5.868436,0,2,19.818860,0.004867,0,0
2.479998,0.040874,288.048800,342.596800,0,0,0,0,0,0,0.000000,0.000000,0.000000,0.000000,0.480120,0.000000,0.000000,0.000000,0.000000,0.949750,-0.313009,-0.000016,0.966085,-0.258225,0.000000,-0.879288,-5.963209,0,2,19.822970,0.004867,0,0
2.489998,0.041130,288.039000,342.794800,0,0,0,0,0,0,0.000000,0.000000,0.000000,0.000000,0.480120,0.000000,0.000000,0.000000,0.000000,0.949750,-0.313009,-0.000016,0.966085,-0.258225,0.000000,-0.977388,-6.057981,0,2,19.827560,0.004867,0,0
2.499998,0.041386,288.028300,342.992900,0,0,0,0,0,0,0.000000,0.000000,0.000000,0.000000,0.480120,0.000000,0.000000,0.000000,0.000000,0.949750,-0.313009,-0.000016,0.966085,-0.258225,0.000000,-1.075488,-6.152754,0,2,19.832640,0.004867,0,0
2.509998,0.041643,288.016500,343.190900,0,0,0,0,0,0,0.000000,0.000000,0.000000,0.000000,0.480120,0.000000,0.000000,0.000000,0.000000,0.949750,-0.313009,-0.000016,0.966085,-0.258225,0.000000,-1.173588,-6.247527,0,2,19.838210,0.004867,0,0
2.519998,0.041899,288.003800,343.388900,0,0,0,0,0,0,0.000000,0.000000,0.000000,0.000000,0.480120,0.000000,0.000000,0.000000,0.000000,0.949750,-0.313009,-0.000016,0.966085,-0.258225,0.000000,-1.271688,-6.342300,0,2,19.844250,0.004867,0,0
2.529998,0.042156,287.990100,343.586900,0,0,0,0,0,0,0.000000,0.000000,0.000000,0.000000,0.480120,0.000000,0.000000,0.000000,0.000000,0.949750,-0.313009,-0.000016,0.966085,-0.258225,0.000000,-1.369788,-6.437073,0,2,19.850780,0.004867,0,0
2.539998,0.042412,287.975400,343.785000,0,0,0,0,0,0,0.000000,0.000000,0.000000,0.000000,0.480120,0.000000,0.000000,0.000000,0.000000,0.949750,-0.313009,-0.000016,0.966085,-0.258225,0.000000,-1.467888,-6.531846,0,2,19.857790,0.004867,0,0
2.549998,0.042669,287.959700,343.983000,0,0,0,0,0,0,0.000000,0.000000,0.000000,0.000000,0.480120,0.000000,0.000000,0.000000,0.000000,0.949750,-0.313009,-0.000016,0.966085,-0.258225,0.000000,-1.565988,-6.626618,0,2,19.865280,0.004867,0,0
2.559998,0.042925,287.943100,344.181000,0,0,0,0,0,0,0.000000,0.000000,0.000000,0.000000,0.480120,0.000000,0.000000,0.000000,0.000000,0.949750,-0.313009,-0.000016,0.966085,-0.258225,0.000000,-1.664088,-6.721392,0,2,19.873250,0.004867,0,0
2.569998,0.043181,287.925500,344.379100,0,0,0,0,0,0,0.000000,0.000000,0.000000,0.000000,0.480120,0.000000,0.000000,0.000000,0.000000,0.949750,-0.313009,-0.000016,0.966085,-0.258225,0.000000,-1.762188,-6.816164,0,2,19.881710,0.004867,0,0
2.579998,0.043438,287.906900,344.577100,0,0,0,0,0,0,0.000000,0.000000,0.000000,0.000000,0.480120,0.000000,0.000000,0.000000,0.000000,0.949750,-0.313009,-0.000016,0.966085,-0.258225,0.000000,-1.860288,-6.910937,0,2,19.890640,0.004867,0,0
2.589998,0.043694,287.887300,344.775100,0,0,0,0,0,0,0.000000,0.000000,0.000000,0.000000,0.480120,0.000000,0.000000,0.000000,0.000000,0.949750,-0.313009,-0.000016,0.966085,-0.258225,0.000000,-1.958388,-7.005710,0,2,19.900060,0.004867,0,0
2.599998,0.043951,287.866700,344.973100,0,0,0,0,0,0,0.000000,0.000000,0.000000,0.000000,0.480120,0.000000,0.000000,0.000000,0.000000,0.949750,-0.313009,-0.000016,0.966085,-0.258225,0.000000,-2.056488,-7.100483,0,2,19.909950,0.004867,0,0
2.609998,0.044207,287.845200,345.171200,0,0,0,0,0,0,0.000000,0.000000,0.000000,0.000000,0.480120,0.000000,0.000000,0.000000,0.000000,0.949750,-0.313009,-0.000016,0.966085,-0.258225,0.000000,-2.154588,-7.195256,0,2,19.920320,0.004867,0,0
2.619998,0.044463,287.822700,345.369200,0,0,0,0,0,0,0.000000,0.000000,0.000000,0.000000,0.480120,0.000000,0.000000,0.000000,0.000000,0.949750,-0.313009,-0.000016,0.966085,-0.258225,0.000000,-2.252688,-7.290029,0,2,19.931170,0.004867,0,0
2.629998,0.044720,287.799200,345.567200,0,0,0,0,0,0,0.000000,0.000000,0.000000,0.000000,0.480120,0.000000,0.000000,0.000000,0.000000,0.949750,-0.313009,-0.000016,0.966085,-0.258225,0.000000,-2.350788,-7.384801,0,2,19.942500,0.004867,0,0
2.639998,0.044976,287.774700,345.765300,0,0,0,0,0,0,0.000000,0.000000,0.000000,0.000000,0.480120,0.000000,0.000000,0.000000,0.000000,0.949750,-0.313009,-0.000016,0.966085,-0.258225,0.000000,-2.448888,-7.479574,0,2,19.954300,0.004867,0,0
2.649998,0.045233,287.749200,345.963300,0,0,0,0,0,0,0.000000,0.000000,0.000000,0.000000,0.480120,0.000000,0.000000,0.000000,0.000000,0.949750,-0.313009,-0.000016,0.966085,-0.258225,0.000000,-2.546988,-7.574347,0,2,19.966580,0.004867,0,0
2.659998,0.045489,287.722700,346.161300,0,0,0,0,0,0,0.000000,0.000000,0.000000,0.000000,0.480120,0.000000,0.000000,0.000000,0.000000,0.949750,-0.313009,-0.000016,0.966085,-0.258225,0.000000,-2.645087,-7.669120,0,2,19.979330,0.004867,0,0
2.669998,0.045746,287.695300,346.359300,0,0,0,0,0,0,0.000000,0.000000,0.000000,0.000000,0.480120,0.000000,0.000000,0.000000,0.000000,0.949750,-0.313009,-0.000016,0.966085,-0.258225,0.000000,-2.743187,-7.763893,0,2,19.992550,0.004867,0,0
2.679998,0.046002,287.666900,346.557400,0,0,0,0,0,0,0.000000,0.000000,0.000000,0.000000,0.480120,0.000000,0.000000,0.000000,0.000000,0.949750,-0.313009,-0.000016,0.966085,-0.258225,0.000000,-2.841287,-7.858665,0,2,20.006250,0.004867,0,0
2.689998,0.046258,287.637500,346.755400,0,0,0,0,0,0,0.000000,0.000000,0.000000,0.000000,0.480120,0.000000,0.000000,0.000000,0.000000,0.949750,-0.313009,-0.000016,0.966085,-0.258225,0.000000,-2.939387,-7.953438,0,2,20.020420,0.004867,0,0
2.699998,0.046515,287.607100,346.953400,0,0,0,0,0,0,0.000000,0.000000,0.000000,0.000000,0.480120,0.000000,0.000000,0.000000,0.000000,0.949750,-0.313009,-0.000016,0.966085,-0.258225,0.000000,-3.037487,-8.048211,0,2,20.035050,0.004867,0,0
2.709998,0.046771,287.575800,347.151500,0,0,0,0,0,0,0.000000,0.000000,0.000000,0.000000,0.480120,0.000000,0.000000,0.000000,0.000000,0.949750,-0.313009,-0.000016,0.966085,-0.258225,0.000000,-3.135587,-8.142984,0,2,20.050160,0.004867,0,0
2.719998,0.047028,287.543500,347.349500,0,0,0,0,0,0,0.000000,0.000000,0.000000,0.000000,0.480120,0.000000,0.000000,0.000000,0.000000,0.949750,-0.313009,-0.000016,0.966085,-0.258225,0.000000,-3.233687,-8.237757,0,2,20.065740,0.004867,0,0
2.729998,0.047284,287.510100,347.547500,0,0,0,0,0,0,0.000000,0.000000,0.000000,0.000000,0.480120,0.000000,0.000000,0.000000,0.000000,0.949750,-0.313009,-0.000016,0.966085,-0.258225,0.000000,-3.331787,-8.332530,0,2,20.081780,0.004867,0,0
2.739998,0.047541,287.475800,347.745500,0,0,0,0,0,0,0.000000,0.000000,0.000000,0.000000,0.480120,0.000000,0.000000,0.000000,0.000000,0.949750,-0.313009,-0.000016,0.966085,-0.258225,0.000000,-3.429887,-8.427302,0,2,20.098290,0.004867,0,0
2.749998,0.047797,287.440600,347.943600,0,0,0,0,0,0,0.000000,0.000000,0.000000,0.000000,0.480120,0.000000,0.000000,0.000000,0.000000,0.949750,-0.313009,-0.000016,0.966085,-0.258225,0.000000,-3.527987,-8.522076,0,2,20.115260,0.004867,0,0
2.759998,0.048053,287.404300,348.141600,0,0,0,0,0,0,0.000000,0.000000,0.000000,0.000000,0.480120,0.000000,0.000000,0.000000,0.000000,0.949750,-0.313009,-0.000016,0.966085,-0.258225,0.000000,-3.626087,-8.616848,0,2,20.132700,0.004867,0,0
2.769998,0.048310,287.367100,348.339600,0,0,0,0,0,0,0.000000,0.000000,0.000000,0.000000,0.480120,0.000000,0.000000,0.000000,0.000000,0.949750,-0.313009,-0.000016,0.966085,-0.258225,0.000000,-3.724187,-8.711621,0,2,20.150600,0.004867,0,0
2.779998,0.048566,287.328900,348.537700,0,0,0,0,0,0,0.000000,0.000000,0.000000,0.000000,0.480120,0.000000,0.000000,0.000000,0.000000,0.949750,-0.313009,-0.000016,0.966085,-0.258225,0.000000,-3.822287,-8.806395,0,2,20.168960,0.004867,0,0
2.789998,0.048823,287.289600,348.735700,0,0,0,0,0,0,0.000000,0.000000,0.000000,0.000000,0.480120,0.000000,0.000000,0.000000,0.000000,0.949750,-0.313009,-0.000016,0.966085,-0.258225,0.000000,-3.920387,-8.901167,0,2,20.187780,0.004867,0,0
2.799998,0.049079,287.249500,348.933700,0,0,0,0,0,0,0.000000,0.000000,0.000000,0.000000,0.480120,0.000000,0.000000,0.000000,0.000000,0.949750,-0.313009,-0.000016,0.966085,-0.258225,0.000000,-4.018487,-8.995940,0,2,20.207060,0.004867,0,0
2.809998,0.049336,287.208300,349.131700,0,0,0,0,0,0,0.000000,0.000000,0.000000,0.000000,0.480120,0.000000,0.000000,0.000000,0.000000,0.949750,-0.313009,-0.000016,0.966085,-0.258225,0.000000,-4.116587,-9.090714,0,2,20.226800,0.004867,0,0
2.819998,0.049592,287.166100,349.329800,0,0,0,0,0,0,0.000000,0.000000,0.000000,0.000000,0.480120,0.000000,0.000000,0.000000,0.000000,0.949750,-0.313009,-0.000016,0.966085,-0.258225,0.000000,-4.214687,-9.185486,0,2,20.246990,0.004867,0,0
2.829998,0.049848,287.123000,349.527800,0,0,0,0,0,0,0.000000,0.000000,0.000000,0.000000,0.480120,0.000000,0.000000,0.000000,0.000000,0.949750,-0.313009,-0.000016,0.966085,-0.258225,0.000000,-4.312788,-9.280259,0,2,20.267640,0.004867,0,0
2.839998,0.050105,287.078900,349.725800,0,0,0,0,0,0,0.000000,0.000000,0.000000,0.000000,0.480120,0.000000,0.000000,0.000000,0.000000,0.949750,-0.313009,-0.000016,0.966085,-0.258225,0.000000,-4.410888,-9.375032,0,2,20.288740,0.004867,0,0
2.849998,0.050361,287.033800,349.923900,0,0,0,0,0,0,0.000000,0.000000,0.000000,0.000000,0.480120,0.000000,0.000000,0.000000,0.000000,0.949750,-0.313009,-0.000016,0.966085,-0.258225,0.000000,-4.508988,-9.469806,0,2,20.310290,0.004867,0,0
2.859998,0.050618,286.987700,350.121900,0,0,0,0,0,0,0.000000,0.000000,0.000000,0.000000,0.480120,0.000000,0.000000,0.000000,0.000000,0.949750,-0.313009,-0.000016,0.966085,-0.258225,0.000000,-4.607088,-9.564578,0,2,20.332300,0.004867,0,0
2.869998,0.050874,286.940700,350.319900,0,0,0,0,0,0,0.000000,0.000000,0.000000,0.000000,0.480120,0.000000,0.000000,0.000000,0.000000,0.949750,-0.313009,-0.000016,0.966085,-0.258225,0.000000,-4.705188,-9.659351,0,2,20.354750,0.004867,0,0
2.879998,0.051130,286.892600,350.517900,0,0,0,0,0,0,0.000000,0.000000,0.000000,0.000000,0.480120,0.000000,0.000000,0.000000,0.000000,0.949750,-0.313009,-0.000016,0.966085,-0.258225,0.000000,-4.803288,-9.754125,0,2,20.377650,0.004867,0,0
2.889998,0.051387,286.843600,350.716000,0,0,0,0,0,0,0.000000,0.000000,0.000000,0.000000,0.480120,0.000000,0.000000,0.000000,0.000000,0.949750,-0.313009,-0.000016,0.966085,-0.258225,0.000000,-4.901389,-9.848898,0,2,20.401000,0.004867,0,0
2.899998,0.051643,286.793600,350.914000,0,0,0,0,0,0,0.000000,0.000000,0.000000,0.000000,0.480120,0.000000,0.000000,0.000000,0.000000,0.949750,-0.313009,-0.000016,0.966085,-0.258225,0.000000,-4.999489,-9.943671,0,2,20.424790,0.004867,0,0
2.909998,0.051900,286.742700,351.112000,0,0,0,0,0,0,0.000000,0.000000,0.000000,0.000000,0.480120,0.000000,0.000000,0.000000,0.000000,0.949750,-0.313009,-0.000016,0.966085,-0.258225,0.000000,-5.097589,-10.038440,0,2,20.449020,0.004867,0,0
2.919998,0.052156,286.690700,351.310100,0,0,0,0,0,0,0.000000,0.000000,0.000000,0.000000,0.480120,0.000000,0.000000,0.000000,0.000000,0.949750,-0.313009,-0.000016,0.966085,-0.258225,0.000000,-5.195689,-10.133220,0,2,20.473700,0.004867,0,0
2.929998,0.052413,286.637800,351.508100,0,0,0,0,0,0,0.000000,0.000000,0.000000,0.000000,0.480120,0.000000,0.000000,0.000000,0.000000,0.949750,-0.313009,-0.000016,0.966085,-0.258225,0.000000,-5.293789,-10.227990,0,2,20.498810,0.004867,0,0
2.939998,0.052669,286.583800,351.706100,0,0,0,0,0,0,0.000000,0.000000,0.000000,0.000000,0.480120,0.000000,0.000000,0.000000,0.000000,0.949750,-0.313009,-0.000016,0.966085,-0.258225,0.000000,-5.391890,-10.322760,0,2,20.524360,0.004867,0,0
2.949998,0.052925,286.528900,351.904100,0,0,0,0,0,0,0.000000,0.000000,0.000000,0.000000,0.480120,0.000000,0.000000,0.000000,0.000000,0.949750,-0.313009,-0.000016,0.966085,-0.258225,0.000000,-5.489990,-10.417540,0,2,20.550350,0.004867,0,0
2.959998,0.053182,286.473100,352.102200,0,0,0,0,0,0,0.000000,0.000000,0.000000,0.000000,0.480120,0.000000,0.000000,0.000000,0.000000,0.949750,-0.313009,-0.000016,0.966085,-0.258225,0.000000,-5.588090,-10.512310,0,2,20.576780,0.004867,0,0
2.969998,0.053438,286.416200,352.300200,0,0,0,0,0,0,0.000000,0.000000,0.000000,0.000000,0.480120,0.000000,0.000000,0.000000,0.000000,0.949750,-0.313009,-0.000016,0.966085,-0.258225,0.000000,-5.686190,-10.607080,0,2,20.603640,0.004867,0,0
2.979998,0.053695,286.358400,352.498200,0,0,0,0,0,0,0.000000,0.000000,0.000000,0.000000,0.480120,0.000000,0.000000,0.000000,0.000000,0.949750,-0.313009,-0.000016,0.966085,-0.258225,0.000000,-5.784290,-10.701860,0,2,20.630920,0.004867,0,0
2.989998,0.053951,286.299500,352.696300,0,0,0,0,0,0,0.000000,0.000000,0.000000,0.000000,0.480120,0.000000,0.000000,0.000000,0.000000,0.949750,-0.313009,-0.000016,0.966085,-0.258225,0.000000,-5.882390,-10.796630,0,2,20.658640,0.004867,0,0
2.999998,0.054208,286.239700,352.894300,0,0,0,0,0,0,0.000000,0.000000,0.000000,0.000000,0.480120,0.000000,0.000000,0.000000,0.000000,0.949750,-0.313009,-0.000016,0.966085,-0.258225,0.000000,-5.980491,-10.891400,0,2,20.686790,0.004867,0,0
3.009998,0.054464,286.178900,353.092300,0,0,0,0,0,0,0.000000,0.000000,0.000000,0.000000,0.480120,0.000000,0.000000,0.000000,0.000000,0.949750,-0.313009,-0.000016,0.966085,-0.258225,0.000000,-6.078591,-10.986170,0,2,20.715360,0.004867,0,0
3.019998,0.054720,286.117200,353.290300,0,0,0,0,0,0,0.000000,0.000000,0.000000,0.000000,0.480120,0.000000,0.000000,0.000000,0.000000,0.949750,-0.313009,-0.000016,0.966085,-0.258225,0.000000,-6.176691,-11.080950,0,2,20.744360,0.004867,0,0
3.029998,0.054977,286.054400,353.488400,0,0,0,0,0,0,0.000000,0.000000,0.000000,0.000000,0.480120,0.000000,0.000000,0.000000,0.000000,0.949750,-0.313009,-0.000016,0.966085,-0.258225,0.000000,-6.274791,-11.175720,0,2,20.773780,0.004867,0,0
3.039998,0.055233,285.990700,353.686400,0,0,0,0,0,0,0.000000,0.000000,0.000000,0.000000,0.480120,0.000000,0.000000,0.000000,0.000000,0.949750,-0.313009,-0.000016,0.966085,-0.258225,0.000000,-6.372891,-11.270490,0,2,20.803630,0.004867,0,0
3.049998,0.055490,285.926000,353.884400,0,0,0,0,0,0,0.000000,0.000000,0.000000,0.000000,0.480120,0.000000,0.000000,0.000000,0.000000,0.949750,-0.313009,-0.000016,0.966085,-0.258225,0.000000,-6.470992,-11.365270,0,2,20.833890,0.004867,0,0
3.059998,0.055746,285.860300,354.082500,0,0,0,0,0,0,0.000000,0.000000,0.000000,0.000000,0.480120,0.000000,0.000000,0.000000,0.000000,0.949750,-0.313009,-0.000016,0.966085,-0.258225,0.000000,-6.569092,-11.460040,0,2,20.864560,0.004867,0,0
3.069998,0.056003,285.793600,354.280500,0,0,0,0,0,0,0.000000,0.000000,0.000000,0.000000,0.480120,0.000000,0.000000,0.000000,0.000000,0.949750,-0.313009,-0.000016,0.966085,-0.258225,0.000000,-6.667192,-11.554810,0,2,20.895660,0.004867,0,0
3.079998,0.056259,285.726000,354.478500,0,0,0,0,0,0,0.000000,0.000000,0.000000,0.000000,0.480120,0.000000,0.000000,0.000000,0.000000,0.949750,-0.313009,-0.000016,0.966085,-0.258225,0.000000,-6.765292,-11.649590,0,2,20.927160,0.004867,0,0
3.089998,0.056515,285.657300,354.676500,0,0,0,0,0,0,0.000000,0.000000,0.000000,0.000000,0.480120,0.000000,0.000000,0.000000,0.000000,0.949750,-0.313009,-0.000016,0.966085,-0.258225,0.000000,-6.863392,-11.744360,0,2,20.959080,0.004867,0,0
3.099998,0.056772,285.587700,354.874600,0,0,0,0,0,0,0.000000,0.000000,0.000000,0.000000,0.480120,0.000000,0.000000,0.000000,0.000000,0.949750,-0.313009,-0.000016,0.966085,-0.258225,0.000000,-6.961493,-11.839130,0,2,20.991410,0.004867,0,0
3.109998,0.057028,285.517100,355.072600,0,0,0,0,0,0,0.000000,0.000000,0.000000,0.000000,0.480120,0.000000,0.000000,0.000000,0.000000,0.949750,-0.313009,-0.000016,0.966085,-0.258225,0.000000,-7.059593,-11.933910,0,2,21.024150,0.004867,0,0
3.119998,0.057285,285.445600,355.270600,0,0,0,0,0,0,0.000000,0.000000,0.000000,0.000000,0.480120,0.000000,0.000000,0.000000,0.000000,0.949750,-0.313009,-0.000016,0.966085,-0.258225,0.000000,-7.157693,-12.028680,0,2,21.057290,0.004867,0,0
3.129997,0.057541,285.373000,355.468700,0,0,0,0,0,0,0.000000,0.000000,0.000000,0.000000,0.480120,0.000000,0.000000,0.000000,0.000000,0.949750,-0.313009,-0.000016,0.966085,-0.258225,0.000000,-7.255793,-12.123450,0,2,21.090840,0.004867,0,0
3.139997,0.057797,285.299400,355.666700,0,0,0,0,0,0,0.000000,0.000000,0.000000,0.000000,0.480120,0.000000,0.000000,0.000000,0.000000,0.949750,-0.313009,-0.000016,0.966085,-0.258225,0.000000,-7.353893,-12.218220,0,2,21.124790,0.004867,0,0
3.149997,0.058054,285.224900,355.864700,0,0,0,0,0,0,0.000000,0.000000,0.000000,0.000000,0.480120,0.000000,0.000000,0.000000,0.000000,0.949750,-0.313009,-0.000016,0.966085,-0.258225,0.000000,-7.451993,-12.313000,0,2,21.159140,0.004867,0,0
3.159997,0.058310,285.149400,356.062700,0,0,0,0,0,0,0.000000,0.000000,0.000000,0.000000,0.480120,0.000000,0.000000,0.000000,0.000000,0.949750,-0.313009,-0.000016,0.966085,-0.258225,0.000000,-7.550094,-12.407770,0,2,21.193890,0.004867,0,0
3.169997,0.058567,285.072900,356.260800,0,0,0,0,0,0,0.000000,0.000000,0.000000,0.000000,0.480120,0.000000,0.000000,0.000000,0.000000,0.949750,-0.313009,-0.000016,0.966085,-0.258225,0.000000,-7.648194,-12.502540,0,2,21.229030,0.004867,0,0
3.179997,0.058823,284.995500,356.458800,0,0,0,0,0,0,0.000000,0.000000,0.000000,0.000000,0.480120,0.000000,0.000000,0.000000,0.000000,0.949750,-0.313009,-0.000016,0.966085,-0.258225,0.000000,-7.746294,-12.597320,0,2,21.264570,0.004867,0,0
3.189997,0.059080,284.917100,356.656800,0,0,0,0,0,0,0.000000,0.000000,0.000000,0.000000,0.480120,0.000000,0.000000,0.000000,0.000000,0.949750,-0.313009,-0.000016,0.966085,-0.258225,0.000000,-7.844394,-12.692090,0,2,21.300510,0.004867,0,0
3.199997,0.059336,284.837600,356.854900,0,0,0,0,0,0,0.000000,0.000000,0.000000,0.000000,0.480120,0.000000,0.000000,0.000000,0.000000,0.949750,-0.313009,-0.000016,0.966085,-0.258225,0.000000,-7.942494,-12.786860,0,2,21.336830,0.004867,0,0
3.209997,0.059592,284.757200,357.052900,0,0,0,0,0,0,0.000000,0.000000,0.000000,0.000000,0.480120,0.000000,0.000000,0.000000,0.000000,0.949750,-0.313009,-0.000016,0.966085,-0.258225,0.000000,-8.040594,-12.881640,0,2,21.373540,0.004867,0,0
3.219997,0.059849,284.675800,357.250900,0,0,0,0,0,0,0.000000,0.000000,0.000000,0.000000,0.480120,0.000000,0.000000,0.000000,0.000000,0.949750,-0.313009,-0.000016,0.966085,-0.258225,0.000000,-8.138694,-12.976410,0,2,21.410640,0.004867,0,0
3.229997,0.060105,284.593400,357.448900,0,0,0,0,0,0,0.000000,0.000000,0.000000,0.000000,0.480120,0.000000,0.000000,0.000000,0.000000,0.949750,-0.313009,-0.000016,0.966085,-0.258225,0.000000,-8.236794,-13.071180,0,2,21.448120,0.004867,0,0
3.239997,0.060362,284.510100,357.647000,0,0,0,0,0,0,0.000000,0.000000,0.000000,0.000000,0.480120,0.000000,0.000000,0.000000,0.000000,0.949750,-0.313009,-0.000016,0.966085,-0.258225,0.000000,-8.334893,-13.165950,0,2,21.485980,0.004867,0,0
3.249997,0.060618,284.425800,357.845000,0,0,0,0,0,0,0.000000,0.000000,0.000000,0.000000,0.480120,0.000000,0.000000,0.000000,0.000000,0.949750,-0.313009,-0.000016,0.966085,-0.258225,0.000000,-8.432993,-13.260730,0,2,21.524230,0.004867,0,0
3.259997,0.060875,284.340500,358.043000,0,0,0,0,0,0,0.000000,0.000000,0.000000,0.000000,0.480120,0.000000,0.000000,0.000000,0.000000,0.949750,-0.313009,-0.000016,0.966085,-0.258225,0.000000,-8.531093,-13.355500,0,2,21.562850,0.004867,0,0
3.269997,0.061131,284.254200,358.241100,0,0,0,0,0,0,0.000000,0.000000,0.000000,0.000000,0.480120,0.000000,0.000000,0.000000,0.000000,0.949750,-0.313009,-0.000016,0.966085,-0.258225,0.000000,-8.629192,-13.450270,0,2,21.601850,0.004867,0,0
3.279997,0.061387,284.166900,358.439100,0,0,0,0,0,0,0.000000,0.000000,0.000000,0.000000,0.480120,0.000000,0.000000,0.000000,0.000000,0.949750,-0.313009,-0.000016,0.966085,-0.258225,0.000000,-8.727292,-13.545040,0,2,21.641230,0.004867,0,0
3.289997,0.061644,284.078600,358.637100,0,0,0,0,0,0,0.000000,0.000000,0.000000,0.000000,0.480120,0.000000,0.000000,0.000000,0.000000,0.949750,-0.313009,-0.000016,0.966085,-0.258225,0.000000,-8.825392,-13.639820,0,2,21.680970,0.004867,0,0
3.299997,0.061900,283.989400,358.835100,0,0,0,0,0,0,0.000000,0.000000,0.000000,0.000000,0.480120,0.000000,0.000000,0.000000,0.000000,0.949750,-0.313009,-0.000016,0.966085,-0.258225,0.000000,-8.923491,-13.734590,0,2,21.721090,0.004867,0,0
3.309997,0.062157,283.899200,359.033200,0,0,0,0,0,0,0.000000,0.000000,0.000000,0.000000,0.480120,0.000000,0.000000,0.000000,0.000000,0.949750,-0.313009,-0.000016,0.966085,-0.258225,0.000000,-9.021591,-13.829360,0,2,21.761580,0.004867,0,0
3.319997,0.062413,283.808000,359.231200,0,0,0,0,0,0,0.000000,0.000000,0.000000,0.000000,0.480120,0.000000,0.000000,0.000000,0.000000,0.949750,-0.313009,-0.000016,0.966085,-0.258225,0.000000,-9.119691,-13.924130,0,2,21.802430,0.004867,0,0
3.329997,0.062670,283.715900,359.429200,0,0,0,0,0,0,0.000000,0.000000,0.000000,0.000000,0.480120,0.000000,0.000000,0.000000,0.000000,0.949750,-0.313009,-0.000016,0.966085,-0.258225,0.000000,-9.217791,-14.018910,0,2,21.843640,0.004867,0,0
3.339997,0.062926,283.622700,359.627300,0,0,0,0,0,0,0.000000,0.000000,0.000000,0.000000,0.480120,0.000000,0.000000,0.000000,0.000000,0.949750,-0.313009,-0.000016,0.966085,-0.258225,0.000000,-9.315890,-14.113680,0,2,21.885220,0.004867,0,0
3.349997,0.063182,283.528500,359.825300,0,0,0,0,0,0,0.000000,0.000000,0.000000,0.000000,0.480120,0.000000,0.000000,0.000000,0.000000,0.949750,-0.313009,-0.000016,0.966085,-0.258225,0.000000,-9.413990,-14.208450,0,2,21.927160,0.004867,0,0
3.359997,0.063439,283.433400,360.023300,0,0,0,0,0,0,0.000000,0.000000,0.000000,0.000000,0.480120,0.000000,0.000000,0.000000,0.000000,0.949750,-0.313009,-0.000016,0.966085,-0.258225,0.000000,-9.512090,-14.303230,0,2,21.969450,0.004867,0,0
3.369997,0.063695,283.337300,360.221300,0,0,0,0,0,0,0.000000,0.000000,0.000000,0.000000,0.480120,0.000000,0.000000,0.000000,0.000000,0.949750,-0.313009,-0.000016,0.966085,-0.258225,0.000000,-9.610189,-14.398000,0,2,22.012110,0.004867,0,0
3.379997,0.063952,283.240200,360.419400,0,0,0,0,0,0,0.000000,0.000000,0.000000,0.000000,0.480120,0.000000,0.000000,0.000000,0.000000,0.949750,-0.313009,-0.000016,0.966085,-0.258225,0.000000,-9.708289,-14.492770,0,2,22.055110,0.004867,0,0
3.389997,0.064208,283.142200,360.617400,0,0,0,0,0,0,0.000000,0.000000,0.000000,0.000000,0.480120,0.000000,0.000000,0.000000,0.000000,0.949750,-0.313009,-0.000016,0.966085,-0.258225,0.000000,-9.806389,-14.587540,0,2,22.098470,0.004867,0,0
3.399997,0.064464,283.043100,360.815400,0,0,0,0,0,0,0.000000,0.000000,0.000000,0.000000,0.480120,0.000000,0.000000,0.000000,0.000000,0.949750,-0.313009,-0.000016,0.966085,-0.258225,0.000000,-9.904489,-14.682320,0,2,22.142180,0.004867,0,0
3.409997,0.064721,282.943100,361.013500,0,0,0,0,0,0,0.000000,0.000000,0.000000,0.000000,0.480120,0.000000,0.000000,0.000000,0.000000,0.949750,-0.313009,-0.000016,0.966085,-0.258225,0.000000,-10.002590,-14.777090,0,2,22.186230,0.004867,0,0
3.419997,0.064977,282.842100,361.211500,0,0,0,0,0,0,0.000000,0.000000,0.000000,0.000000,0.480120,0.000000,0.000000,0.000000,0.000000,0.949750,-0.313009,-0.000016,0.966085,-0.258225,0.000000,-10.100690,-14.871860,0,2,22.230630,0.004867,0,0
3.429997,0.065234,282.740100,361.409500,0,0,0,0,0,0,0.000000,0.000000,0.000000,0.000000,0.480120,0.000000,0.000000,0.000000,0.000000,0.949750,-0.313009,-0.000016,0.966085,-0.258225,0.000000,-10.198790,-14.966630,0,2,22.275380,0.004867,0,0
3.439997,0.065490,282.637100,361.607500,0,0,0,0,0,0,0.000000,0.000000,0.000000,0.000000,0.480120,0.000000,0.000000,0.000000,0.000000,0.949750,-0.313009,-0.000016,0.966085,-0.258225,0.000000,-10.296890,-15.061410,0,2,22.320460,0.004867,0,0
3.449997,0.065747,282.533200,361.805600,0,0,0,0,0,0,0.000000,0.000000,0.000000,0.000000,0.480120,0.000000,0.000000,0.000000,0.000000,0.949750,-0.313009,-0.000016,0.966085,-0.258225,0.000000,-10.394990,-15.156180,0,2,22.365880,0.004867,0,0
3.459997,0.066003,282.428300,362.003600,0,0,0,0,0,0,0.000000,0.000000,0.000000,0.000000,0.480120,0.000000,0.000000,0.000000,0.000000,0.949750,-0.313009,-0.000016,0.966085,-0.258225,0.000000,-10.493090,-15.250950,0,2,22.411650,0.004867,0,0
3.469997,0.066259,282.322300,362.201600,0,0,0,0,0,0,0.000000,0.000000,0.000000,0.000000,0.480120,0.000000,0.000000,0.000000,0.000000,0.949750,-0.313009,-0.000016,0.966085,-0.258225,0.000000,-10.591190,-15.345720,0,2,22.457740,0.004867,0,0
3.479997,0.066516,282.215400,362.399700,0,0,0,0,0,0,0.000000,0.000000,0.000000,0.000000,0.480120,0.000000,0.000000,0.000000,0.000000,0.949750,-0.313009,-0.000016,0.966085,-0.258225,0.000000,-10.689290,-15.440500,0,2,22.504180,0.004867,0,0
3.489997,0.066772,282.107500,362.597700,0,0,0,0,0,0,0.000000,0.000000,0.000000,0.000000,0.480120,0.000000,0.000000,0.000000,0.000000,0.949750,-0.313009,-0.000016,0.966085,-0.258225,0.000000,-10.787390,-15.535270,0,2,22.550940,0.004867,0,0
3.499997,0.067029,281.998700,362.795700,0,0,0,0,0,0,0.000000,0.000000,0.000000,0.000000,0.480120,0.000000,0.000000,0.000000,0.000000,0.949750,-0.313009,-0.000016,0.966085,-0.258225,0.000000,-10.885490,-15.630040,0,2,22.598030,0.004867,0,0
3.509997,0.067285,281.888900,362.993700,0,0,0,0,0,0,0.000000,0.000000,0.000000,0.000000,0.480120,0.000000,0.000000,0.000000,0.000000,0.949750,-0.313009,-0.000016,0.966085,-0.258225,0.000000,-10.983590,-15.724810,0,2,22.645440,0.004867,0,0
3.519997,0.067542,281.778000,363.191800,0,0,0,0,0,0,0.000000,0.000000,0.000000,0.000000,0.480120,0.000000,0.000000,0.000000,0.000000,0.949750,-0.313009,-0.000016,0.966085,-0.258225,0.000000,-11.081690,-15.819590,0,2,22.693190,0.004867,0,0
3.529997,0.067798,281.666300,363.389800,0,0,0,0,0,0,0.000000,0.000000,0.000000,0.000000,0.480120,0.000000,0.000000,0.000000,0.000000,0.949750,-0.313009,-0.000016,0.966085,-0.258225,0.000000,-11.179780,-15.914360,0,2,22.741250,0.004867,0,0
3.539997,0.068054,281.553500,363.587800,0,0,0,0,0,0,0.000000,0.000000,0.000000,0.000000,0.480120,0.000000,0.000000,0.000000,0.000000,0.949750,-0.313009,-0.000016,0.966085,-0.258225,0.000000,-11.277880,-16.009130,0,2,22.789640,0.004867,0,0
3.549997,0.068311,281.439700,363.785900,0,0,0,0,0,0,0.000000,0.000000,0.000000,0.000000,0.480120,0.000000,0.000000,0.000000,0.000000,0.949750,-0.313009,-0.000016,0.966085,-0.258225,0.000000,-11.375980,-16.103900,0,2,22.838350,0.004867,0,0
3.559997,0.068567,281.325000,363.983900,0,0,0,0,0,0,0.000000,0.000000,0.000000,0.000000,0.480120,0.000000,0.000000,0.000000,0.000000,0.949750,-0.313009,-0.000016,0.966085,-0.258225,0.000000,-11.474080,-16.198680,0,2,22.887370,0.004867,0,0
3.569997,0.068824,281.209200,364.181900,0,0,0,0,0,0,0.000000,0.000000,0.000000,0.000000,0.480120,0.000000,0.000000,0.000000,0.000000,0.949750,-0.313009,-0.000016,0.966085,-0.258225,0.000000,-11.572180,-16.293450,0,2,22.936710,0.004867,0,0
3.579997,0.069080,281.092500,364.379900,0,0,0,0,0,0,0.000000,0.000000,0.000000,0.000000,0.480120,0.000000,0.000000,0.000000,0.000000,0.949750,-0.313009,-0.000016,0.966085,-0.258225,0.000000,-11.670280,-16.388220,0,2,22.986360,0.004867,0,0
3.589997,0.069337,280.974900,364.578000,0,0,0,0,0,0,0.000000,0.000000,0.000000,0.000000,0.480120,0.000000,0.000000,0.000000,0.000000,0.949750,-0.313009,-0.000016,0.966085,-0.258225,0.000000,-11.768380,-16.483000,0,2,23.036320,0.004867,0,0
3.599997,0.069593,280.856200,364.776000,0,0,0,0,0,0,0.000000,0.000000,0.000000,0.000000,0.480120,0.000000,0.000000,0.000000,0.000000,0.949750,-0.313009,-0.000016,0.966085,-0.258225,0.000000,-11.866480,-16.577770,0,2,23.086590,0.004867,0,0
3.609997,0.069849,280.736500,364.974000,0,0,0,0,0,0,0.000000,0.000000,0.000000,0.000000,0.480120,0.000000,0.000000,0.000000,0.000000,0.949750,-0.313009,-0.000016,0.966085,-0.258225,0.000000,-11.964580,-16.672540,0,2,23.137160,0.004867,0,0
3.619997,0.070106,280.615900,365.172100,0,0,0,0,0,0,0.000000,0.000000,0.000000,0.000000,0.480120,0.000000,0.000000,0.000000,0.000000,0.949750,-0.313009,-0.000016,0.966085,-0.258225,0.000000,-12.062680,-16.767310,0,2,23.188040,0.004867,0,0
3.629997,0.070362,280.494300,365.370100,0,0,0,0,0,0,0.000000,0.000000,0.000000,0.000000,0.480120,0.000000,0.000000,0.000000,0.000000,0.949750,-0.313009,-0.000016,0.966085,-0.258225,0.000000,-12.160780,-16.862090,0,2,23.239230,0.004867,0,0
3.639997,0.070619,280.371700,365.568100,0,0,0,0,0,0,0.000000,0.000000,0.000000,0.000000,0.480120,0.000000,0.000000,0.000000,0.000000,0.949750,-0.313009,-0.000016,0.966085,-0.258225,0.000000,-12.258880,-16.956860,0,2,23.290710,0.004867,0,0
3.649997,0.070875,280.248100,365.766100,0,0,0,0,0,0,0.000000,0.000000,0.000000,0.000000,0.480120,0.000000,0.000000,0.000000,0.000000,0.949750,-0.313009,-0.000016,0.966085,-0.258225,0.000000,-12.356980,-17.051630,0,2,23.342490,0.004867,0,0
3.659997,0.071132,280.123600,365.964200,0,0,0,0,0,0,0.000000,0.000000,0.000000,0.000000,0.480120,0.000000,0.000000,0.000000,0.000000,0.949750,-0.313009,-0.000016,0.966085,-0.258225,0.000000,-12.455080,-17.146400,0,2,23.394570,0.004867,0,0
3.669997,0.071388,279.998100,366.162200,0,0,0,0,0,0,0.000000,0.000000,0.000000,0.000000,0.480120,0.000000,0.000000,0.000000,0.000000,0.949750,-0.313009,-0.000016,0.966085,-0.258225,0.000000,-12.553180,-17.241180,0,2,23.446950,0.004867,0,0
3.679997,0.071644,279.871600,366.360200,0,0,0,0,0,0,0.000000,0.000000,0.000000,0.000000,0.480120,0.000000,0.000000,0.000000,0.000000,0.949750,-0.313009,-0.000016,0.966085,-0.258225,0.000000,-12.651280,-17.335950,0,2,23.499620,0.004867,0,0
3.689997,0.071901,279.744000,366.558300,0,0,0,0,0,0,0.000000,0.000000,0.000000,0.000000,0.480120,0.000000,0.000000,0.000000,0.000000,0.949750,-0.313009,-0.000016,0.966085,-0.258225,0.000000,-12.749380,-17.430720,0,2,23.552570,0.004867,0,0
3.699997,0.072157,279.615600,366.756300,0,0,0,0,0,0,0.000000,0.000000,0.000000,0.000000,0.480120,0.000000,0.000000,0.000000,0.000000,0.949750,-0.313009,-0.000016,0.966085,-0.258225,0.000000,-12.847480,-17.525490,0,2,23.605820,0.004867,0,0
3.709997,0.072414,279.486100,366.954300,0,0,0,0,0,0,0.000000,0.000000,0.000000,0.000000,0.480120,0.000000,0.000000,0.000000,0.000000,0.949750,-0.313009,-0.000016,0.966085,-0.258225,0.000000,-12.945580,-17.620270,0,2,23.659360,0.004867,0,0
3.719997,0.072670,279.355700,367.152300,0,0,0,0,0,0,0.000000,0.000000,0.000000,0.000000,0.480120,0.000000,0.000000,0.000000,0.000000,0.949750,-0.313009,-0.000016,0.966085,-0.258225,0.000000,-13.043680,-17.715040,0,2,23.713170,0.004867,0,0
3.729997,0.072927,279.224300,367.350400,0,0,0,0,0,0,0.000000,0.000000,0.000000,0.000000,0.480120,0.000000,0.000000,0.000000,0.000000,0.949750,-0.313009,-0.000016,0.966085,-0.258225,0.000000,-13.141780,-17.809810,0,2,23.767280,0.004867,0,0
3.739997,0.073183,279.091900,367.548400,0,0,0,0,0,0,0.000000,0.000000,0.000000,0.000000,0.480120,0.000000,0.000000,0.000000,0.000000,0.949750,-0.313009,-0.000016,0.966085,-0.258225,0.000000,-13.239880,-17.904580,0,2,23.821660,0.004867,0,0
3.749997,0.073439,278.958500,367.746400,0,0,0,0,0,0,0.000000,0.000000,0.000000,0.000000,0.480120,0.000000,0.000000,0.000000,0.000000,0.949750,-0.313009,-0.000016,0.966085,-0.258225,0.000000,-13.337980,-17.999360,0,2,23.876320,0.004867,0,0
3.759997,0.073696,278.824100,367.944500,0,0,0,0,0,0,0.000000,0.000000,0.000000,0.000000,0.480120,0.000000,0.000000,0.000000,0.000000,0.949750,-0.313009,-0.000016,0.966085,-0.258225,0.000000,-13.436080,-18.094130,0,2,23.931260,0.004867,0,0
3.769997,0.073952,278.688800,368.142500,0,0,0,0,0,0,0.000000,0.000000,0.000000,0.000000,0.480120,0.000000,0.000000,0.000000,0.000000,0.949750,-0.313009,-0.000016,0.966085,-0.258225,0.000000,-13.534180,-18.188900,0,2,23.986470,0.004867,0,0
3.779997,0.074209,278.552500,368.340500,0,0,0,0,0,0,0.000000,0.000000,0.000000,0.000000,0.480120,0.000000,0.000000,0.000000,0.000000,0.949750,-0.313009,-0.000016,0.966085,-0.258225,0.000000,-13.632280,-18.283670,0,2,24.041960,0.004867,0,0
3.789997,0.074465,278.415200,368.538500,0,0,0,0,0,0,0.000000,0.000000,0.000000,0.000000,0.480120,0.000000,0.000000,0.000000,0.000000,0.949750,-0.313009,-0.000016,0.966085,-0.258225,0.000000,-13.730380,-18.378450,0,2,24.097720,0.004867,0,0
3.799997,0.074722,278.276900,368.736600,0,0,0,0,0,0,0.000000,0.000000,0.000000,0.000000,0.480120,0.000000,0.000000,0.000000,0.000000,0.949750,-0.313009,-0.000016,0.966085,-0.258225,0.000000,-13.828480,-18.473220,0,2,24.153750,0.004867,0,0
3.809997,0.074978,278.137600,368.934600,0,0,0,0,0,0,0.000000,0.000000,0.000000,0.000000,0.480120,0.000000,0.000000,0.000000,0.000000,0.949750,-0.313009,-0.000016,0.966085,-0.258225,0.000000,-13.926580,-18.567990,0,2,24.210050,0.004867,0,0
3.819997,0.075234,277.997400,369.132600,0,0,0,0,0,0,0.000000,0.000000,0.000000,0.000000,0.480120,0.000000,0.000000,0.000000,0.000000,0.949750,-0.313009,-0.000016,0.966085,-0.258225,0.000000,-14.024680,-18.662770,0,2,24.266610,0.004867,0,0
3.829997,0.075491,277.856100,369.330700,0,0,0,0,0,0,0.000000,0.000000,0.000000,0.000000,0.480120,0.000000,0.000000,0.000000,0.000000,0.949750,-0.313009,-0.000016,0.966085,-0.258225,0.000000,-14.122780,-18.757540,0,2,24.323440,0.004867,0,0
3.839997,0.075747,277.713900,369.528700,0,0,0,0,0,0,0.000000,0.000000,0.000000,0.000000,0.480120,0.000000,0.000000,0.000000,0.000000,0.949750,-0.313009,-0.000016,0.966085,-0.258225,0.000000,-14.220880,-18.852310,0,2,24.380530,0.004867,0,0
3.849997,0.076004,277.570700,369.726700,0,0,0,0,0,0,0.000000,0.000000,0.000000,0.000000,0.480120,0.000000,0.000000,0.000000,0.000000,0.949750,-0.313009,-0.000016,0.966085,-0.258225,0.000000,-14.318980,-18.947080,0,2,24.437880,0.004867,0,0
3.859997,0.076260,277.426600,369.924700,0,0,0,0,0,0,0.000000,0.000000,0.000000,0.000000,0.480120,0.000000,0.000000,0.000000,0.000000,0.949750,-0.313009,-0.000016,0.966085,-0.258225,0.000000,-14.417080,-19.041860,0,2,24.495490,0.004867,0,0
3.869997,0.076517,277.281400,370.122800,0,0,0,0,0,0,0.000000,0.000000,0.000000,0.000000,0.480120,0.000000,0.000000,0.000000,0.000000,0.949750,-0.313009,-0.000016,0.966085,-0.258225,0.000000,-14.515170,-19.136630,0,2,24.553360,0.004867,0,0
3.879997,0.076773,277.135300,370.320800,0,0,0,0,0,0,0.000000,0.000000,0.000000,0.000000,0.480120,0.000000,0.000000,0.000000,0.000000,0.949750,-0.313009,-0.000016,0.966085,-0.258225,0.000000,-14.613270,-19.231400,0,2,24.611480,0.004867,0,0
3.889997,0.077029,276.988200,370.518800,0,0,0,0,0,0,0.000000,0.000000,0.000000,0.000000,0.480120,0.000000,0.000000,0.000000,0.000000,0.949750,-0.313009,-0.000016,0.966085,-0.258225,0.000000,-14.711370,-19.326170,0,2,24.669850,0.004867,0,0
3.899997,0.077286,276.840100,370.716900,0,0,0,0,0,0,0.000000,0.000000,0.000000,0.000000,0.480120,0.000000,0.000000,0.000000,0.000000,0.949750,-0.313009,-0.000016,0.966085,-0.258225,0.000000,-14.809470,-19.420950,0,2,24.728480,0.004867,0,0
3.909997,0.077542,276.691000,370.914900,0,0,0,0,0,0,0.000000,0.000000,0.000000,0.000000,0.480120,0.000000,0.000000,0.000000,0.000000,0.949750,-0.313009,-0.000016,0.966085,-0.258225,0.000000,-14.907570,-19.515720,0,2,24.787350,0.004867,0,0
3.919997,0.077799,276.541000,371.112900,0,0,0,0,0,0,0.000000,0.000000,0.000000,0.000000,0.480120,0.000000,0.000000,0.000000,0.000000,0.949750,-0.313009,-0.000016,0.966085,-0.258225,0.000000,-15.005670,-19.610490,0,2,24.846470,0.004867,0,0
3.929997,0.078055,276.389900,371.310900,0,0,0,0,0,0,0.000000,0.000000,0.000000,0.000000,0.480120,0.000000,0.000000,0.000000,0.000000,0.949750,-0.313009,-0.000016,0.966085,-0.258225,0.000000,-15.103770,-19.705270,0,2,24.905840,0.004867,0,0
3.939997,0.078312,276.237900,371.509000,0,0,0,0,0,0,0.000000,0.000000,0.000000,0.000000,0.480120,0.000000,0.000000,0.000000,0.000000,0.949750,-0.313009,-0.000016,0.966085,-0.258225,0.000000,-15.201870,-19.800040,0,2,24.965460,0.004867,0,0
3.949997,0.078568,276.084900,371.707000,0,0,0,0,0,0,0.000000,0.000000,0.000000,0.000000,0.480120,0.000000,0.000000,0.000000,0.000000,0.949750,-0.313009,-0.000016,0.966085,-0.258225,0.000000,-15.299970,-19.894810,0,2,25.025310,0.004867,0,0
3.959997,0.078824,275.930900,371.905000,0,0,0,0,0,0,0.000000,0.000000,0.000000,0.000000,0.480120,0.000000,0.000000,0.000000,0.000000,0.949750,-0.313009,-0.000016,0.966085,-0.258225,0.000000,-15.398070,-19.989580,0,2,25.085410,0.004867,0,0
3.969997,0.079081,275.776000,372.103100,0,0,0,0,0,0,0.000000,0.000000,0.000000,0.000000,0.480120,0.000000,0.000000,0.000000,0.000000,0.949750,-0.313009,-0.000016,0.966085,-0.258225,0.000000,-15.496170,-20.084350,0,2,25.145740,0.004867,0,0
3.979997,0.079337,275.620000,372.301100,0,0,0,0,0,0,0.000000,0.000000,0.000000,0.000000,0.480120,0.000000,0.000000,0.000000,0.000000,0.949750,-0.313009,-0.000016,0.966085,-0.258225,0.000000,-15.594270,-20.179130,0,2,25.206320,0.004867,0,0
3.989997,0.079594,275.463100,372.499100,0,0,0,0,0,0,0.000000,0.000000,0.000000,0.000000,0.480120,0.000000,0.000000,0.000000,0.000000,0.949750,-0.313009,-0.000016,0.966085,-0.258225,0.000000,-15.692370,-20.273900,0,2,25.267120,0.004867,0,0
3.999997,0.079850,275.305200,372.697100,0,0,0,0,0,0,0.000000,0.000000,0.000000,0.000000,0.480120,0.000000,0.000000,0.000000,0.000000,0.949750,-0.313009,-0.000016,0.966085,-0.258225,0.000000,-15.790470,-20.368670,0,2,25.328170,0.004867,0,0
4.009997,0.080107,275.146300,372.895200,0,0,0,0,0,0,0.000000,0.000000,0.000000,0.000000,0.480120,0.000000,0.000000,0.000000,0.000000,0.949750,-0.313009,-0.000016,0.966085,-0.258225,0.000000,-15.888570,-20.463450,0,2,25.389440,0.004867,0,0
4.019997,0.080363,274.986500,373.093200,0,0,0,0,0,0,0.000000,0.000000,0.000000,0.000000,0.480120,0.000000,0.000000,0.000000,0.000000,0.949750,-0.313009,-0.000016,0.966085,-0.258225,0.000000,-15.986670,-20.558220,0,2,25.450950,0.004867,0,0
4.029997,0.080619,274.825600,373.291200,0,0,0,0,0,0,0.000000,0.000000,0.000000,0.000000,0.480120,0.000000,0.000000,0.000000,0.000000,0.949750,-0.313009,-0.000016,0.966085,-0.258225,0.000000,-16.084770,-20.652990,0,2,25.512680,0.004867,0,0
4.039998,0.080876,274.663800,373.489300,0,0,0,0,0,0,0.000000,0.000000,0.000000,0.000000,0.480120,0.000000,0.000000,0.000000,0.000000,0.949750,-0.313009,-0.000016,0.966085,-0.258225,0.000000,-16.182870,-20.747760,0,2,25.574640,0.004867,0,0
4.049998,0.081132,274.500900,373.687300,0,0,0,0,0,0,0.000000,0.000000,0.000000,0.000000,0.480120,0.000000,0.000000,0.000000,0.000000,0.949750,-0.313009,-0.000016,0.966085,-0.258225,0.000000,-16.280970,-20.842540,0,2,25.636830,0.004867,0,0
4.059998,0.081389,274.337200,373.885300,0,0,0,0,0,0,0.000000,0.000000,0.000000,0.000000,0.480120,0.000000,0.000000,0.000000,0.000000,0.949750,-0.313009,-0.000016,0.966085,-0.258225,0.000000,-16.379070,-20.937310,0,2,25.699240,0.004867,0,0
4.069998,0.081645,274.172400,374.083300,0,0,0,0,0,0,0.000000,0.000000,0.000000,0.000000,0.480120,0.000000,0.000000,0.000000,0.000000,0.949750,-0.313009,-0.000016,0.966085,-0.258225,0.000000,-16.477170,-21.032090,0,2,25.761880,0.004867,0,0
4.079998,0.081902,274.006700,374.281400,0,0,0,0,0,0,0.000000,0.000000,0.000000,0.000000,0.480120,0.000000,0.000000,0.000000,0.000000,0.949750,-0.313009,-0.000016,0.966085,-0.258225,0.000000,-16.575270,-21.126860,0,2,25.824730,0.004867,0,0
4.089999,0.082158,273.839900,374.479400,0,0,0,0,0,0,0.000000,0.000000,0.000000,0.000000,0.480120,0.000000,0.000000,0.000000,0.000000,0.949750,-0.313009,-0.000016,0.966085,-0.258225,0.000000,-16.673370,-21.221630,0,2,25.887810,0.004867,0,0
4.099999,0.082414,273.672200,374.677400,0,0,0,0,0,0,0.000000,0.000000,0.000000,0.000000,0.480120,0.000000,0.000000,0.000000,0.000000,0.949750,-0.313009,-0.000016,0.966085,-0.258225,0.000000,-16.771470,-21.316400,0,2,25.951100,0.004867,0,0
4.109999,0.082671,273.503500,374.875500,0,0,0,0,0,0,0.000000,0.000000,0.000000,0.000000,0.480120,0.000000,0.000000,0.000000,0.000000,0.949750,-0.313009,-0.000016,0.966085,-0.258225,0.000000,-16.869580,-21.411180,0,2,26.014600,0.004867,0,0
4.119999,0.082927,273.333800,375.073500,0,0,0,0,0,0,0.000000,0.000000,0.000000,0.000000,0.480120,0.000000,0.000000,0.000000,0.000000,0.949750,-0.313009,-0.000016,0.966085,-0.258225,0.000000,-16.967680,-21.505950,0,2,26.078330,0.004867,0,0
4.130000,0.083184,273.163100,375.271500,0,0,0,0,0,0,0.000000,0.000000,0.000000,0.000000,0.480120,0.000000,0.000000,0.000000,0.000000,0.949750,-0.313009,-0.000016,0.966085,-0.258225,0.000000,-17.065780,-21.600730,0,2,26.142260,0.004867,0,0
4.140000,0.083440,272.991500,375.469500,0,0,0,0,0,0,0.000000,0.000000,0.000000,0.000000,0.480120,0.000000,0.000000,0.000000,0.000000,0.949750,-0.313009,-0.000016,0.966085,-0.258225,0.000000,-17.163880,-21.695500,0,2,26.206410,0.004867,0,0
4.150000,0.083696,272.818900,375.667600,0,0,0,0,0,0,0.000000,0.000000,0.000000,0.000000,0.480120,0.000000,0.000000,0.000000,0.000000,0.949750,-0.313009,-0.000016,0.966085,-0.258225,0.000000,-17.261980,-21.790270,0,2,26.270760,0.004867,0,0
4.160000,0.083953,272.645300,375.865600,0,0,0,0,0,0,0.000000,0.000000,0.000000,0.000000,0.480120,0.000000,0.000000,0.000000,0.000000,0.949750,-0.313009,-0.000016,0.966085,-0.258225,0.000000,-17.360080,-21.885050,0,2,26.335330,0.004867,0,0
4.170001,0.084209,272.470700,376.063600,0,0,0,0,0,0,0.000000,0.000000,0.000000,0.000000,0.480120,0.000000,0.000000,0.000000,0.000000,0.949750,-0.313009,-0.000016,0.966085,-0.258225,0.000000,-17.458180,-21.979820,0,2,26.400100,0.004867,0,0
4.180001,0.084466,272.295100,376.261700,0,0,0,0,0,0,0.000000,0.000000,0.000000,0.000000,0.480120,0.000000,0.000000,0.000000,0.000000,0.949750,-0.313009,-0.000016,0.966085,-0.258225,0.000000,-17.556280,-22.074590,0,2,26.465070,0.004867,0,0
4.190001,0.084722,272.118600,376.459700,0,0,0,0,0,0,0.000000,0.000000,0.000000,0.000000,0.480120,0.000000,0.000000,0.000000,0.000000,0.949750,-0.313009,-0.000016,0.966085,-0.258225,0.000000,-17.654380,-22.169370,0,2,26.530250,0.004867,0,0
4.200001,0.084979,271.941100,376.657700,0,0,0,0,0,0,0.000000,0.000000,0.000000,0.000000,0.480120,0.000000,0.000000,0.000000,0.000000,0.949750,-0.313009,-0.000016,0.966085,-0.258225,0.000000,-17.752480,-22.264140,0,2,26.595630,0.004867,0,0
4.210001,0.085235,271.762600,376.855700,0,0,0,0,0,0,0.000000,0.000000,0.000000,0.000000,0.480120,0.000000,0.000000,0.000000,0.000000,0.949750,-0.313009,-0.000016,0.966085,-0.258225,0.000000,-17.850580,-22.358910,0,2,26.661210,0.004867,0,0
4.220002,0.085491,271.583100,377.053800,0,0,0,0,0,0,0.000000,0.000000,0.000000,0.000000,0.480120,0.000000,0.000000,0.000000,0.000000,0.949750,-0.313009,-0.000016,0.966085,-0.258225,0.000000,-17.948680,-22.453690,0,2,26.727000,0.004867,0,0
4.230002,0.085748,271.402600,377.251800,0,0,0,0,0,0,0.000000,0.000000,0.000000,0.000000,0.480120,0.000000,0.000000,0.000000,0.000000,0.949750,-0.313009,-0.000016,0.966085,-0.258225,0.000000,-18.046780,-22.548460,0,2,26.792970,0.004867,0,0
4.240002,0.086004,271.221200,377.449800,0,0,0,0,0,0,0.000000,0.000000,0.000000,0.000000,0.480120,0.000000,0.000000,0.000000,0.000000,0.949750,-0.313009,-0.000016,0.966085,-0.258225,0.000000,-18.144880,-22.643230,0,2,26.859150,0.006642,0,0
4.250002,0.086261,271.038700,377.647900,0,0,0,0,0,0,0.000000,0.000000,0.000000,0.000000,0.480120,0.000000,0.000000,0.000000,0.000000,0.949750,-0.313009,-0.000016,0.966085,-0.258225,0.000000,-18.242980,-22.738010,0,2,26.925520,0.008352,0,0
4.260003,0.086517,270.855300,377.845900,0,0,0,0,0,0,0.000000,0.000000,0.000000,0.000000,0.480120,0.000000,0.000000,0.000000,0.000000,0.949750,-0.313009,-0.000016,0.966085,-0.258225,0.000000,-18.341090,-22.832780,0,2,26.992080,0.009999,0,0
4.270003,0.086774,270.670900,378.043900,0,0,0,0,0,0,0.000000,0.000000,0.000000,0.000000,0.480120,0.000000,0.000000,0.000000,0.000000,0.949750,-0.313009,-0.000016,0.966085,-0.258225,0.000000,-18.439190,-22.927560,0,2,27.058840,0.011585,0,0
4.280003,0.087030,270.485600,378.241900,0,0,0,0,0,0,0.000000,0.000000,0.000000,0.000000,0.480120,0.000000,0.000000,0.000000,0.000000,0.949750,-0.313009,-0.000016,0.966085,-0.258225,0.000000,-18.537290,-23.022330,0,2,27.125780,0.013112,0,0
4.290003,0.087286,270.299200,378.440000,0,0,0,0,0,0,0.000000,0.000000,0.000000,0.000000,0.480120,0.000000,0.000000,0.000000,0.000000,0.949750,-0.313009,-0.000016,0.966085,-0.258225,0.000000,-18.635390,-23.117100,0,2,27.192920,0.014582,0,0
4.300004,0.087543,270.111900,378.638000,0,0,0,0,0,0,0.000000,0.000000,0.000000,0.000000,0.480120,0.000000,0.000000,0.000000,0.000000,0.949750,-0.313009,-0.000016,0.966085,-0.258225,0.000000,-18.733490,-23.211880,0,2,27.260240,0.015998,0,0
4.310004,0.087799,269.923600,378.836000,0,0,0,0,0,0,0.000000,0.000000,0.000000,0.000000,0.480120,0.000000,0.000000,0.000000,0.000000,0.949750,-0.313009,-0.000016,0.966085,-0.258225,0.000000,-18.831590,-23.306650,0,2,27.327750,0.017361,0,0
4.320004,0.088056,269.734300,379.034100,0,0,0,0,0,0,0.000000,0.000000,0.000000,0.000000,0.480120,0.000000,0.000000,0.000000,0.000000,0.949750,-0.313009,-0.000016,0.966085,-0.258225,0.000000,-18.929690,-23.401420,0,2,27.395440,0.018672,0,0
4.330004,0.088312,269.544000,379.232100,1,1,1,1,2,2,0.999825,1.002142,0.999816,1.002117,1.000966,0.006677,0.974498,0.224297,0.006680,0.974532,0.224147,0.006680,0.974532,0.224147,0.000000,-4.532275,0.000001,1,3,20.216920,-1.422877,0,0
4.340004,0.089322,269.497700,379.429000,1,1,1,1,2,2,0.939673,1.001294,0.998574,1.001270,0.999922,-0.029339,0.965657,0.258160,0.006540,0.974503,0.224280,0.006668,0.974530,0.224159,0.000000,-4.627630,-0.095365,1,3,20.226940,-0.120950,0,0
4.350005,0.090314,269.450500,379.625800,1,1,1,1,2,2,0.994620,0.997442,0.994612,0.997344,0.995978,0.006537,0.973739,0.227575,0.006535,0.973755,0.227506,0.006656,0.974463,0.224447,0.000000,-4.722943,-0.184942,1,3,20.237390,-0.118591,0,0
4.360005,0.091287,269.402300,379.822400,1,1,1,1,2,2,0.992497,0.994752,0.992498,0.994858,0.993678,0.006347,0.973699,0.227752,0.006349,0.973715,0.227682,0.006630,0.974399,0.224725,0.000000,-4.818213,-0.274672,1,3,20.248290,-0.116422,0,0
4.370005,0.092244,269.353100,380.019000,1,1,1,1,2,2,0.989391,0.991782,0.989396,0.991771,0.990583,0.006352,0.973677,0.227844,0.006349,0.973715,0.227682,0.006606,0.974340,0.224980,0.000000,-4.913439,-0.364852,1,3,20.259630,-0.114267,0,0
4.380005,0.093182,269.303100,380.215400,1,1,1,1,2,2,0.985423,0.987813,0.985354,0.987759,0.986556,0.006348,0.973690,0.227787,0.006349,0.973715,0.227682,0.006584,0.974286,0.225212,0.000000,-5.008622,-0.455440,1,3,20.271410,-0.112133,0,0
4.390006,0.094104,269.252000,380.411700,1,1,1,1,2,2,0.980387,0.982779,0.980471,0.982774,0.981622,0.006349,0.973671,0.227872,0.006209,0.973685,0.227815,0.006551,0.974234,0.225436,0.000000,-5.103762,-0.546161,1,3,20.283620,-0.110136,0,0
4.400006,0.095008,269.200000,380.607900,1,1,1,1,2,2,0.975896,0.978069,0.975901,0.978115,0.977008,0.006206,0.972899,0.231146,0.006204,0.972925,0.231038,0.006521,0.974123,0.225918,0.000000,-5.198858,-0.631466,1,3,20.296270,-0.108147,0,0
4.410006,0.095896,269.147100,380.804000,1,1,1,1,2,2,0.969735,0.977531,0.969756,0.971981,0.970868,-0.004493,0.970468,0.241189,0.006018,0.972884,0.231214,0.006478,0.974017,0.226375,0.000000,-5.293911,-0.717242,1,3,20.309350,-0.106322,0,0
4.420006,0.096767,269.093200,380.999900,1,1,1,1,2,2,0.962610,0.964865,0.962630,0.964859,0.963744,0.006020,0.972843,0.231387,0.006018,0.972884,0.231214,0.006438,0.973921,0.226792,0.000000,-5.388918,-0.803798,1,3,20.322860,-0.104476,0,0
4.430007,0.097622,269.038400,381.195800,1,1,1,1,2,2,0.954535,0.956787,0.954525,0.956765,0.955645,0.006017,0.972850,0.231359,0.006018,0.972884,0.231214,0.006402,0.973833,0.227172,0.000000,-5.483882,-0.891063,1,3,20.336800,-0.102632,0,0
4.440007,0.098461,268.982600,381.391500,1,1,1,1,2,2,0.945581,0.947876,0.945528,0.947754,0.946641,0.006016,0.972907,0.231118,0.006018,0.972884,0.231214,0.006369,0.973751,0.227520,0.000000,-5.578802,-0.978946,1,3,20.351170,-0.100795,0,0
4.450007,0.099284,268.925800,381.587100,1,1,1,1,2,2,0.935548,0.937900,0.935538,0.937793,0.936665,0.006019,0.972900,0.231147,0.006018,0.972884,0.231214,0.006339,0.973676,0.227838,2.637128,-5.673678,-1.067404,1,3,20.365970,-0.098968,0,0
4.460007,0.100093,268.868400,381.782600,1,1,1,1,2,2,0.924890,0.927145,0.924879,0.927142,0.926010,0.006019,0.972843,0.231387,0.006018,0.972884,0.231214,0.006311,0.973608,0.228128,6.119533,-5.742832,-1.130012,1,3,20.379710,-0.097079,0,0
4.470007,0.100891,268.810600,381.978100,1,1,1,1,2,2,0.913905,0.916160,0.913894,0.916156,0.915025,0.006019,0.972843,0.231387,0.006018,0.972884,0.231214,0.006286,0.973546,0.228394,8.803061,-5.778051,-1.158283,1,3,20.391650,-0.095197,0,0
4.480008,0.101678,268.752800,382.173800,1,1,1,1,2,2,0.902846,0.905101,0.902834,0.905089,0.903962,0.006019,0.972843,0.231387,0.006018,0.972884,0.231214,0.006263,0.973489,0.228637,10.841230,-5.787130,-1.160175,1,3,20.402100,-0.093368,0,0
4.490008,0.102458,268.695000,382.369600,1,1,1,1,2,2,0.891917,0.894263,0.891908,0.894178,0.893043,0.006018,0.972914,0.231089,0.006018,0.972884,0.231214,0.006242,0.973437,0.228859,12.354510,-5.776368,-1.142114,1,3,20.411410,-0.091583,0,0
4.500008,0.103230,268.637500,382.565500,1,1,1,1,2,2,0.881292,0.883719,0.881272,0.883564,0.882418,0.006015,0.972872,0.231267,0.006018,0.972884,0.231214,0.006223,0.973389,0.229061,13.446700,-5.750883,-1.109319,1,3,20.419910,-0.089838,0,0
4.510008,0.103996,268.580400,382.761600,1,1,1,1,2,2,0.871020,0.873271,0.871036,0.873265,0.872150,0.006016,0.972850,0.231359,0.006018,0.972884,0.231214,0.006205,0.973346,0.229247,14.210850,-5.714782,-1.065976,1,3,20.427900,-0.088129,0,0
4.520009,0.104757,268.523700,382.957900,1,1,1,1,2,2,0.861192,0.863678,0.861257,0.863508,0.862382,0.006018,0.972872,0.231267,0.006018,0.972884,0.231214,0.006189,0.973306,0.229416,14.702750,-5.671263,-1.015338,1,3,20.435600,-0.086452,0,0
4.530009,0.105512,268.467400,383.154400,1,1,1,1,2,2,0.852031,0.854415,0.851975,0.854260,0.853117,0.006018,0.972879,0.231238,0.006018,0.972884,0.231214,0.006174,0.973270,0.229571,14.989230,-5.622980,-0.960103,1,3,20.443200,-0.084805,0,0
4.540009,0.106262,268.411700,383.351200,1,1,1,1,2,2,0.843256,0.845531,0.843276,0.845557,0.844416,0.006016,0.972850,0.231359,0.006018,0.972884,0.231214,0.006161,0.973237,0.229712,15.110030,-5.571934,-0.902301,1,3,20.450830,-0.083186,0,0
4.550009,0.107008,268.356500,383.548200,1,1,1,1,2,2,0.835111,0.837536,0.835129,0.837366,0.836248,0.006020,0.972872,0.231267,0.006018,0.972884,0.231214,0.006149,0.973206,0.229842,15.111760,-5.519739,-0.843568,1,3,20.458570,-0.081595,0,0
4.560009,0.107749,268.301800,383.745500,1,1,1,1,2,2,0.827511,0.829766,0.827514,0.829765,0.828640,0.006019,0.972843,0.231387,0.006018,0.972884,0.231214,0.006137,0.973179,0.229960,15.018530,-5.467552,-0.785071,1,3,20.466470,-0.080029,0,0
4.570010,0.108486,268.247600,383.942900,1,1,1,1,2,2,0.820455,0.822730,0.820477,0.822729,0.821603,0.006016,0.972850,0.231359,0.006018,0.972884,0.231214,0.006127,0.973153,0.230068,14.851640,-5.416299,-0.727742,1,3,20.474580,-0.078490,0,0
4.580010,0.109218,268.193900,384.140600,1,1,1,1,2,2,0.813999,0.816213,0.813960,0.816208,0.815084,0.006017,0.972850,0.231359,0.006018,0.972884,0.231214,0.006118,0.973130,0.230166,14.638710,-5.366695,-0.672299,1,3,20.482900,-0.076975,0,0
4.590010,0.109946,268.140700,384.338400,1,1,1,1,2,2,0.807961,0.810384,0.807981,0.810244,0.809113,0.006018,0.972872,0.231267,0.006018,0.972884,0.231214,0.006109,0.973109,0.230257,14.385540,-5.319187,-0.619185,1,3,20.491430,-0.075486,0,0
4.600010,0.110670,268.088000,384.536500,1,1,1,1,2,2,0.800210,0.802657,0.800127,0.802596,0.801361,0.005847,0.972090,0.234537,0.005850,0.972109,0.234455,0.006087,0.973023,0.230618,14.373040,-5.274166,-0.562909,1,3,20.500170,-0.073949,0,0
4.610011,0.111389,268.035700,384.734800,1,1,1,1,2,2,0.795888,0.798179,0.795828,0.798220,0.797024,0.005851,0.972126,0.234388,0.005850,0.972109,0.234455,0.006067,0.972944,0.230948,13.765940,-5.229296,-0.507426,1,3,20.509080,-0.072635,0,0
4.620011,0.112104,267.983800,384.933300,1,1,1,1,2,2,0.792006,0.794079,0.791960,0.794088,0.793024,0.005675,0.972054,0.234687,0.005674,0.972070,0.234622,0.006033,0.972869,0.231264,13.257690,-5.190361,-0.458325,1,3,20.518280,-0.071280,0,0
4.630011,0.112814,267.932200,385.132000,1,1,1,1,2,2,0.788562,0.790626,0.788426,0.790561,0.789493,0.005675,0.972062,0.234657,0.005674,0.972070,0.234622,0.006002,0.972800,0.231553,12.806690,-5.156397,-0.414891,1,3,20.527700,-0.070141,0,0
4.640011,0.113519,267.881000,385.330900,1,1,1,1,2,2,0.785387,0.787466,0.785281,0.787408,0.786344,0.005673,0.972062,0.234657,0.005674,0.972070,0.234622,0.005974,0.972737,0.231818,12.413110,-5.126843,-0.376502,1,3,20.537310,-0.068998,0,0
4.650012,0.114220,267.829900,385.530000,1,1,1,1,2,2,0.783668,0.785663,0.783645,0.785622,0.784633,0.005508,0.971290,0.237833,0.005506,0.971284,0.237860,0.005933,0.972614,0.232338,11.723420,-5.101136,-0.336643,1,3,20.547070,-0.067813,0,0
4.660012,0.114915,267.779100,385.729200,1,1,1,1,2,2,0.781742,0.783606,0.781685,0.783624,0.782655,0.005506,0.971283,0.237863,0.005506,0.971284,0.237860,0.005897,0.972500,0.232814,11.277740,-5.082161,-0.304614,1,3,20.557030,-0.066820,0,0
4.670012,0.115604,267.728400,385.928500,1,1,1,1,2,2,0.779963,0.781948,0.779929,0.781899,0.780914,0.005332,0.971255,0.237983,0.005329,0.971244,0.238027,0.005848,0.972394,0.233262,10.916060,-5.067540,-0.277655,1,3,20.567120,-0.065780,0,0
4.680012,0.116288,267.677900,386.128000,1,1,1,1,2,2,0.778333,0.780318,0.778299,0.780298,0.779298,0.005327,0.971255,0.237983,0.005329,0.971244,0.238027,0.005803,0.972296,0.233670,10.642640,-5.056451,-0.255125,1,3,20.577320,-0.064896,0,0
4.690012,0.116966,267.627400,386.327500,1,1,1,1,2,2,0.776863,0.778750,0.776765,0.778783,0.777774,0.005331,0.971255,0.237983,0.005329,0.971244,0.238027,0.005763,0.972207,0.234044,10.439640,-5.048034,-0.236064,1,3,20.587590,-0.063989,0,0
4.700013,0.117638,267.577000,386.527300,1,1,1,1,2,2,0.775440,0.777384,0.775346,0.777334,0.776340,0.005328,0.971262,0.237954,0.005329,0.971244,0.238027,0.005726,0.972124,0.234387,10.287200,-5.041601,-0.219675,1,3,20.597930,-0.063062,0,0
4.710013,0.118305,267.526600,386.727100,1,1,1,1,2,2,0.774029,0.776041,0.774016,0.776001,0.775008,0.005329,0.971255,0.237983,0.005329,0.971244,0.238027,0.005691,0.972048,0.234700,10.170130,-5.036660,-0.205431,1,3,20.608310,-0.062122,0,0
4.720013,0.118966,267.476300,386.927000,1,1,1,1,2,2,0.772761,0.774817,0.772741,0.774726,0.773734,0.005330,0.971262,0.237954,0.005329,0.971244,0.238027,0.005660,0.971979,0.234986,10.086220,-5.032864,-0.192926,1,3,20.618730,-0.061170,0,0
4.730013,0.119621,267.426000,387.127100,1,1,1,1,2,2,0.771545,0.773531,0.771522,0.773540,0.772531,0.005331,0.971255,0.237983,0.005329,0.971244,0.238027,0.005632,0.971916,0.235248,10.023300,-5.029891,-0.181778,1,3,20.629190,-0.060211,0,0
4.740014,0.120271,267.375700,387.327300,1,1,1,1,2,2,0.770375,0.772324,0.770351,0.772344,0.771348,0.005329,0.971240,0.238042,0.005329,0.971244,0.238027,0.005606,0.971858,0.235487,9.984700,-5.027535,-0.171733,1,3,20.639660,-0.059246,0,0
4.750014,0.120915,267.325500,387.527600,1,1,1,1,2,2,0.769233,0.771269,0.769214,0.771199,0.770206,0.005328,0.971269,0.237924,0.005329,0.971244,0.238027,0.005582,0.971805,0.235706,9.958957,-5.025559,-0.162508,1,3,20.650160,-0.058278,0,0
4.760014,0.121554,267.275200,387.728000,1,1,1,1,2,2,0.768208,0.770151,0.768132,0.770124,0.769128,0.005330,0.971262,0.237954,0.005329,0.971244,0.238027,0.005560,0.971757,0.235906,9.938258,-5.023838,-0.153936,1,3,20.660680,-0.057309,0,0
4.770014,0.122188,267.225000,387.928500,1,1,1,1,2,2,0.767093,0.769172,0.767072,0.769080,0.768076,0.005329,0.971233,0.238073,0.005329,0.971244,0.238027,0.005540,0.971712,0.236088,9.927131,-5.022322,-0.145933,1,3,20.671200,-0.056341,0,0
4.780015,0.122816,267.174800,388.129100,1,1,1,1,2,2,0.766092,0.767931,0.766068,0.768072,0.767070,0.005333,0.971218,0.238132,0.005329,0.971244,0.238027,0.005522,0.971672,0.236255,9.918809,-5.020917,-0.138373,1,3,20.681740,-0.055376,0,0
4.790015,0.123439,267.124600,388.329900,1,1,1,1,2,2,0.765128,0.767078,0.765094,0.767094,0.766094,0.005330,0.971240,0.238042,0.005329,0.971244,0.238027,0.005506,0.971635,0.236408,9.914854,-5.019596,-0.131200,1,3,20.692290,-0.054414,0,0
4.800015,0.124057,267.074400,388.530700,1,1,1,1,2,2,0.764224,0.766147,0.764175,0.766190,0.765182,0.005330,0.971255,0.237983,0.005329,0.971244,0.238027,0.005490,0.971602,0.236547,9.907174,-5.018316,-0.124344,1,3,20.702840,-0.053458,0,0
4.810015,0.124670,267.024300,388.731700,1,1,1,1,2,2,0.763284,0.765264,0.763301,0.765330,0.764315,0.005333,0.971233,0.238071,0.005329,0.971244,0.238027,0.005477,0.971571,0.236674,9.899780,-5.017114,-0.117818,1,3,20.713400,-0.052508,0,0
4.820015,0.125278,266.974100,388.932800,1,1,1,1,2,2,0.762461,0.764404,0.762441,0.764441,0.763441,0.005328,0.971248,0.238012,0.005329,0.971244,0.238027,0.005464,0.971543,0.236791,9.901415,-5.015985,-0.111598,1,3,20.723970,-0.051566,0,0
4.830016,0.125881,266.924000,389.134000,1,1,1,1,2,2,0.761717,0.763692,0.761619,0.763622,0.762620,0.005327,0.971225,0.238103,0.005329,0.971244,0.238027,0.005452,0.971517,0.236897,9.898252,-5.014842,-0.105574,1,3,20.734540,-0.050632,0,0
4.840016,0.126480,266.873800,389.335300,1,1,1,1,2,2,0.760875,0.762860,0.760852,0.762848,0.761850,0.005330,0.971255,0.237983,0.005329,0.971244,0.238027,0.005442,0.971493,0.236994,9.891830,-5.013731,-0.099777,1,3,20.745110,-0.049706,0,0
4.850016,0.127074,266.823700,389.536700,1,1,1,1,2,2,0.758224,0.760178,0.758123,0.760252,0.759188,0.005189,0.970562,0.240797,0.005188,0.970551,0.240841,0.005420,0.971412,0.237325,10.101940,-5.012685,-0.089045,1,3,20.755680,-0.048786,0,0
4.860016,0.127664,266.773600,389.738200,1,1,1,1,2,2,0.757963,0.760079,0.758041,0.760137,0.759089,0.005186,0.970532,0.240917,0.005188,0.970551,0.240841,0.005400,0.971338,0.237628,9.813200,-5.009604,-0.076816,1,3,20.766270,-0.047992,0,0
4.870017,0.128249,266.723500,389.939800,1,1,1,1,2,2,0.757974,0.759863,0.758055,0.759920,0.758988,0.005068,0.970496,0.241066,0.005069,0.970524,0.240952,0.005371,0.971268,0.237914,9.605876,-5.009334,-0.067820,1,3,20.776890,-0.047203,0,0
4.880017,0.128829,266.673400,390.141600,1,1,1,1,2,2,0.758119,0.759847,0.758018,0.759946,0.758982,0.005067,0.970533,0.240917,0.005069,0.970524,0.240952,0.005345,0.971204,0.238176,9.446284,-5.011082,-0.061419,1,3,20.787540,-0.046514,0,0
4.890017,0.129405,266.623200,390.343400,1,1,1,1,2,2,0.757923,0.759754,0.757976,0.759890,0.758933,0.005067,0.970503,0.241037,0.005069,0.970524,0.240952,0.005322,0.971145,0.238415,9.346212,-5.014384,-0.057089,1,3,20.798210,-0.045813,0,0
4.900017,0.129977,266.573000,390.545400,1,1,1,1,2,2,0.758969,0.760999,0.759081,0.760858,0.759969,0.004927,0.969831,0.243729,0.004928,0.969822,0.243764,0.005288,0.971033,0.238875,8.956476,-5.018660,-0.049005,1,3,20.808890,-0.045107,0,0
4.910017,0.130543,266.522800,390.747400,1,1,1,1,2,2,0.759611,0.761321,0.759636,0.761346,0.760491,0.004929,0.969823,0.243759,0.004928,0.969822,0.243764,0.005257,0.970930,0.239295,8.778238,-5.026726,-0.045672,1,3,20.819630,-0.044518,0,0
4.920018,0.131105,266.472400,390.949500,1,1,1,1,2,2,0.760091,0.761975,0.760054,0.761851,0.760952,0.004808,0.969816,0.243789,0.004809,0.969795,0.243875,0.005218,0.970833,0.239688,8.669795,-5.036526,-0.044693,1,3,20.830390,-0.043914,0,0
4.930018,0.131663,266.421900,391.151700,1,1,1,1,2,2,0.760570,0.762311,0.760416,0.762206,0.761311,0.004809,0.969801,0.243849,0.004809,0.969795,0.243875,0.005183,0.970744,0.240049,8.623964,-5.047380,-0.045478,1,3,20.841190,-0.043383,0,0
4.940018,0.132215,266.371300,391.354000,1,1,1,1,2,2,0.760770,0.762662,0.760712,0.762502,0.761607,0.004809,0.969816,0.243789,0.004809,0.969795,0.243875,0.005151,0.970662,0.240378,8.617331,-5.058681,-0.047376,1,3,20.852010,-0.042829,0,0
4.950018,0.132763,266.320600,391.556400,1,1,1,1,2,2,0.760862,0.762891,0.760923,0.762690,0.761807,0.004806,0.969779,0.243938,0.004809,0.969795,0.243875,0.005122,0.970588,0.240679,8.644629,-5.070045,-0.049935,1,3,20.862860,-0.042258,0,0
4.960019,0.133307,266.269800,391.758900,1,1,1,1,2,2,0.761075,0.762937,0.761027,0.762779,0.761903,0.004809,0.969794,0.243879,0.004809,0.969795,0.243875,0.005095,0.970519,0.240954,8.697463,-5.081143,-0.052768,1,3,20.873730,-0.041670,0,0
4.970019,0.133845,266.218900,391.961400,1,1,1,1,2,2,0.761096,0.762727,0.761008,0.762853,0.761931,0.004808,0.969824,0.243759,0.004809,0.969795,0.243875,0.005070,0.970457,0.241205,8.761909,-5.091727,-0.055570,1,3,20.884620,-0.041071,0,0
4.980019,0.134380,266.167900,392.164000,1,1,1,1,2,2,0.761103,0.762907,0.760934,0.762768,0.761851,0.004810,0.969801,0.243849,0.004809,0.969795,0.243875,0.005048,0.970400,0.241435,8.840994,-5.101685,-0.058183,1,3,20.895520,-0.040461,0,0
4.990019,0.134910,266.116800,392.366800,1,1,1,1,2,2,0.760803,0.762578,0.760808,0.762650,0.761729,0.004808,0.969779,0.243938,0.004809,0.969795,0.243875,0.005027,0.970348,0.241645,8.918421,-5.110874,-0.060422,1,3,20.906430,-0.039844,0,0
5.000020,0.135437,266.065600,392.569600,1,1,1,1,2,2,0.760625,0.762378,0.760653,0.762472,0.761563,0.004808,0.969764,0.243999,0.004809,0.969795,0.243875,0.005008,0.970300,0.241837,8.994077,-5.119310,-0.062268,1,3,20.917350,-0.039222,0,0
5.010020,0.135959,266.014300,392.772500,1,1,1,1,2,2,0.760506,0.762223,0.760439,0.762235,0.761337,0.004809,0.969771,0.243968,0.004809,0.969795,0.243875,0.004991,0.970257,0.242013,9.070189,-5.127011,-0.063705,1,3,20.928270,-0.038596,0,0
5.020020,0.136477,265.963000,392.975500,1,1,1,1,2,2,0.760122,0.761956,0.760128,0.761984,0.761056,0.004806,0.969741,0.244088,0.004809,0.969795,0.243875,0.004976,0.970217,0.242173,9.145278,-5.133972,-0.064700,1,3,20.939210,-0.037968,0,0
5.030020,0.136991,265.911600,393.178600,1,1,1,1,2,2,0.759739,0.761588,0.759854,0.761673,0.760764,0.004808,0.969764,0.243999,0.004809,0.969795,0.243875,0.004961,0.970181,0.242319,9.210930,-5.140203,-0.065236,1,3,20.950140,-0.037338,0,0
5.040020,0.137502,265.860200,393.381800,1,1,1,1,2,2,0.759471,0.761327,0.759484,0.761333,0.760408,0.004812,0.969794,0.243879,0.004809,0.969795,0.243875,0.004948,0.970148,0.242453,9.278176,-5.145796,-0.065382,1,3,20.961080,-0.036709,0,0
5.050021,0.138008,265.808700,393.585100,1,1,1,1,2,2,0.759204,0.761145,0.759129,0.760948,0.760038,0.004809,0.969809,0.243819,0.004809,0.969795,0.243875,0.004936,0.970117,0.242576,9.337406,-5.150736,-0.065099,1,3,20.972020,-0.036082,0,0
5.060021,0.138512,265.757100,393.788500,1,1,1,1,2,2,0.758586,0.760448,0.758729,0.760571,0.759650,0.004810,0.969794,0.243879,0.004809,0.969795,0.243875,0.004925,0.970089,0.242688,9.390761,-5.155100,-0.064447,1,3,20.982960,-0.035458,0,0
5.070021,0.139011,265.705500,393.992000,1,1,1,1,2,2,0.758435,0.760151,0.758359,0.760164,0.759262,0.004811,0.969771,0.243968,0.004809,0.969795,0.243875,0.004915,0.970064,0.242790,9.435923,-5.158946,-0.063467,1,3,20.993900,-0.034835,0,0
5.080021,0.139508,265.653900,394.195600,1,1,1,1,2,2,0.758027,0.759903,0.757945,0.759749,0.758847,0.004806,0.969794,0.243879,0.004809,0.969795,0.243875,0.004906,0.970041,0.242883,9.479139,-5.162352,-0.062222,1,3,21.004840,-0.034218,0,0
5.090022,0.140001,265.602200,394.399300,1,1,1,1,2,2,0.757488,0.759344,0.757494,0.759350,0.758422,0.004808,0.969794,0.243879,0.004809,0.969795,0.243875,0.004898,0.970020,0.242969,9.517854,-5.165339,-0.060715,1,3,21.015780,-0.033605,0,0
5.100022,0.140491,265.550600,394.603100,1,1,1,1,2,2,0.755713,0.757575,0.755806,0.757625,0.756716,0.004746,0.969281,0.245912,0.004742,0.969260,0.245995,0.004884,0.969954,0.243229,9.682034,-5.167949,-0.055023,1,3,21.026710,-0.032997,0,0
5.110022,0.140977,265.498900,394.807000,1,1,1,1,2,2,0.755860,0.757575,0.755850,0.757698,0.756774,0.004741,0.969242,0.246062,0.004742,0.969260,0.245995,0.004872,0.969895,0.243467,9.499484,-5.168970,-0.048168,1,3,21.037650,-0.032449,0,0
5.120022,0.141461,265.447100,395.011100,1,1,1,1,2,2,0.755890,0.757693,0.755909,0.757712,0.756811,0.004718,0.969288,0.245882,0.004719,0.969254,0.246016,0.004859,0.969840,0.243686,9.376677,-5.171764,-0.043539,1,3,21.048620,-0.031905,0,0
5.130023,0.141941,265.395400,395.215200,1,1,1,1,2,2,0.755955,0.757825,0.755968,0.757771,0.756870,0.004719,0.969250,0.246031,0.004719,0.969254,0.246016,0.004847,0.969789,0.243887,9.290649,-5.175752,-0.040542,1,3,21.059600,-0.031380,0,0
5.140023,0.142419,265.343600,395.419400,1,1,1,1,2,2,0.755969,0.757854,0.755990,0.757801,0.756895,0.004719,0.969250,0.246031,0.004719,0.969254,0.246016,0.004836,0.969743,0.244070,9.241411,-5.180575,-0.038775,1,3,21.070590,-0.030854,0,0
5.150023,0.142893,265.291700,395.623800,1,1,1,1,2,2,0.757022,0.758816,0.757038,0.758797,0.757918,0.004648,0.968718,0.248122,0.004652,0.968715,0.248134,0.004820,0.969655,0.244420,8.933918,-5.185876,-0.033870,1,3,21.081580,-0.030330,0,0
5.160023,0.143364,265.239800,395.828200,1,1,1,1,2,2,0.757464,0.759230,0.757430,0.759225,0.758328,0.004650,0.968702,0.248183,0.004652,0.968715,0.248134,0.004806,0.969574,0.244740,8.829682,-5.194162,-0.032685,1,3,21.092610,-0.029866,0,0
5.170023,0.143832,265.187700,396.032700,1,1,1,1,2,2,0.757812,0.759591,0.757799,0.759579,0.758689,0.004629,0.968702,0.248183,0.004630,0.968709,0.248155,0.004791,0.969499,0.245034,8.773989,-5.203460,-0.033091,1,3,21.103660,-0.029397,0,0
5.180024,0.144296,265.135600,396.237400,1,1,1,1,2,2,0.758086,0.759865,0.758073,0.759841,0.758957,0.004629,0.968718,0.248122,0.004630,0.968709,0.248155,0.004777,0.969431,0.245302,8.762666,-5.213298,-0.034594,1,3,21.114730,-0.028941,0,0
5.190024,0.144758,265.083400,396.442100,1,1,1,1,2,2,0.758285,0.760057,0.758243,0.760037,0.759140,0.004631,0.968710,0.248153,0.004630,0.968709,0.248155,0.004764,0.969369,0.245548,8.781891,-5.223245,-0.036704,1,3,21.125820,-0.028481,0,0
5.200024,0.145216,265.031000,396.646900,1,1,1,1,2,2,0.758403,0.760234,0.758398,0.760174,0.759286,0.004633,0.968718,0.248122,0.004630,0.968709,0.248155,0.004752,0.969313,0.245772,8.814251,-5.233004,-0.039073,1,3,21.136920,-0.028019,0,0
5.210024,0.145672,264.978600,396.851700,1,1,1,1,2,2,0.758469,0.760235,0.758443,0.760259,0.759351,0.004632,0.968702,0.248183,0.004630,0.968709,0.248155,0.004742,0.969261,0.245977,8.863525,-5.242448,-0.041530,1,3,21.148030,-0.027556,0,0
5.220025,0.146124,264.926100,397.056700,1,1,1,1,2,2,0.758433,0.760220,0.758432,0.760200,0.759316,0.004627,0.968710,0.248153,0.004630,0.968709,0.248155,0.004732,0.969213,0.246165,8.927891,-5.251413,-0.043870,1,3,21.159150,-0.027094,0,0
5.230025,0.146573,264.873500,397.261800,1,1,1,1,2,2,0.758380,0.760146,0.758384,0.760126,0.759255,0.004629,0.968702,0.248183,0.004630,0.968709,0.248155,0.004723,0.969170,0.246336,8.989462,-5.259753,-0.045911,1,3,21.170290,-0.026631,0,0
5.240025,0.147020,264.820800,397.466900,1,1,1,1,2,2,0.758255,0.759978,0.758236,0.760052,0.759144,0.004636,0.968710,0.248153,0.004630,0.968709,0.248155,0.004715,0.969130,0.246492,9.052544,-5.267494,-0.047651,1,3,21.181420,-0.026170,0,0
5.250025,0.147464,264.768100,397.672200,1,1,1,1,2,2,0.758160,0.759895,0.758117,0.759879,0.758998,0.004625,0.968726,0.248091,0.004630,0.968709,0.248155,0.004708,0.969094,0.246636,9.113396,-5.274622,-0.049049,1,3,21.192560,-0.025712,0,0
5.260026,0.147905,264.715200,397.877600,1,1,1,1,2,2,0.757901,0.759732,0.757896,0.759653,0.758774,0.004628,0.968718,0.248122,0.004630,0.968709,0.248155,0.004701,0.969061,0.246766,9.179642,-5.281158,-0.050102,1,3,21.203700,-0.025256,0,0
5.270026,0.148344,264.662400,398.083000,1,1,1,1,2,2,0.757694,0.759438,0.757689,0.759461,0.758575,0.004627,0.968748,0.248003,0.004630,0.968709,0.248155,0.004695,0.969031,0.246886,9.231054,-5.287052,-0.050733,1,3,21.214850,-0.024804,0,0
5.280026,0.148780,264.609500,398.288600,1,1,1,1,2,2,0.757428,0.759150,0.757452,0.759195,0.758324,0.004632,0.968710,0.248153,0.004630,0.968709,0.248155,0.004689,0.969003,0.246995,9.284460,-5.292445,-0.051071,1,3,21.225990,-0.024355,0,0
5.290026,0.149214,264.556500,398.494200,1,1,1,1,2,2,0.757168,0.758941,0.757157,0.758933,0.758045,0.004629,0.968694,0.248214,0.004630,0.968709,0.248155,0.004684,0.968978,0.247095,9.334560,-5.297319,-0.051077,1,3,21.237140,-0.023911,0,0
5.300026,0.149646,264.503500,398.700000,1,1,1,1,2,2,0.756866,0.758697,0.756846,0.758629,0.757738,0.004628,0.968718,0.248122,0.004630,0.968709,0.248155,0.004679,0.968955,0.247186,9.381792,-5.301707,-0.050766,1,3,21.248280,-0.023471,0,0
5.310027,0.150075,264.450400,398.905900,1,1,1,1,2,2,0.756599,0.758269,0.756536,0.758312,0.757424,0.004629,0.968710,0.248153,0.004630,0.968709,0.248155,0.004675,0.968934,0.247269,9.422746,-5.305635,-0.050151,1,3,21.259420,-0.023037,0,0
5.320027,0.150502,264.397300,399.111800,1,1,1,1,2,2,0.756216,0.757988,0.756196,0.757979,0.757088,0.004626,0.968710,0.248153,0.004630,0.968709,0.248155,0.004671,0.968914,0.247346,9.461350,-5.309165,-0.049282,1,3,21.270560,-0.022607,0,0
5.330027,0.150926,264.344200,399.317900,1,1,1,1,2,2,0.755891,0.757721,0.755871,0.757669,0.756770,0.004628,0.968718,0.248122,0.004630,0.968709,0.248155,0.004668,0.968897,0.247415,9.490533,-5.312320,-0.048168,1,3,21.281690,-0.022182,0,0
5.340027,0.151349,264.291000,399.524100,1,1,1,1,2,2,0.693987,0.697064,0.754740,0.756381,0.755561,0.004558,0.945157,0.326586,0.004669,0.968390,0.249399,0.004668,0.968853,0.247586,9.616990,-5.315191,-0.044537,1,3,21.292820,-0.021763,0,0
5.350028,0.151770,264.237900,399.730400,1,1,1,1,2,2,0.754733,0.756463,0.754681,0.756352,0.755516,0.004669,0.968403,0.249348,0.004669,0.968390,0.249399,0.004668,0.968813,0.247742,9.510169,-5.316837,-0.039960,1,3,21.303950,-0.021318,0,0
5.360028,0.152188,264.184700,399.936800,1,1,1,1,2,2,0.754689,0.756294,0.754651,0.756485,0.755568,0.004768,0.968433,0.249229,0.004767,0.968413,0.249308,0.004676,0.968779,0.247877,9.424384,-5.319520,-0.036916,1,3,21.315090,-0.020882,0,0
5.370028,0.152605,264.131400,400.143300,1,1,1,1,2,2,0.754645,0.756490,0.754581,0.756426,0.755503,0.004768,0.968433,0.249229,0.004767,0.968413,0.249308,0.004684,0.968747,0.248000,9.387357,-5.323034,-0.034982,1,3,21.326240,-0.020376,0,0
5.380028,0.153019,264.078200,400.349900,1,1,1,1,2,2,0.754497,0.756174,0.754474,0.756337,0.755405,0.004766,0.968386,0.249410,0.004767,0.968413,0.249308,0.004691,0.968718,0.248113,9.371352,-5.326907,-0.033647,1,3,21.337380,-0.019887,0,0
5.390028,0.153432,264.024800,400.556600,1,1,1,1,2,2,0.754887,0.756833,0.754846,0.756795,0.755821,0.004804,0.968124,0.250425,0.004807,0.968091,0.250552,0.004701,0.968664,0.248323,9.212929,-5.330934,-0.030322,1,3,21.348530,-0.019413,0,0
5.400029,0.153843,263.971500,400.763500,1,1,1,1,2,2,0.755020,0.756843,0.754979,0.756947,0.755963,0.004806,0.968093,0.250544,0.004807,0.968091,0.250552,0.004710,0.968615,0.248514,9.153131,-5.336496,-0.028973,1,3,21.359690,-0.018923,0,0
5.410029,0.154251,263.918000,400.970400,1,1,1,1,2,2,0.755109,0.757114,0.755082,0.756993,0.756038,0.004905,0.968124,0.250425,0.004904,0.968114,0.250461,0.004727,0.968572,0.248682,9.133754,-5.342638,-0.028753,1,3,21.370860,-0.018449,0,0
5.420029,0.154658,263.864500,401.177400,1,1,1,1,2,2,0.755168,0.757086,0.755141,0.757067,0.756104,0.004906,0.968154,0.250306,0.004904,0.968114,0.250461,0.004742,0.968533,0.248835,9.128567,-5.348968,-0.029040,1,3,21.382040,-0.017915,0,0
5.430029,0.155063,263.811000,401.384500,1,1,1,1,2,2,0.755197,0.756941,0.755156,0.757089,0.756122,0.004901,0.968132,0.250394,0.004904,0.968114,0.250461,0.004756,0.968497,0.248975,9.140508,-5.355346,-0.029663,1,3,21.393220,-0.017407,0,0
5.440030,0.155466,263.757400,401.591700,1,1,1,1,2,2,0.755182,0.757202,0.755156,0.757074,0.756115,0.004905,0.968124,0.250425,0.004904,0.968114,0.250461,0.004769,0.968464,0.249103,9.160623,-5.361607,-0.030428,1,3,21.404410,-0.016921,0,0
5.450030,0.155867,263.703700,401.799000,1,1,1,1,2,2,0.755138,0.757165,0.755127,0.757011,0.756069,0.004906,0.968116,0.250456,0.004904,0.968114,0.250461,0.004781,0.968434,0.249220,9.188704,-5.367671,-0.031230,1,3,21.415590,-0.016456,0,0
5.460030,0.156267,263.649900,402.006500,1,1,1,1,2,2,0.755071,0.756938,0.755038,0.756941,0.755989,0.004903,0.968139,0.250368,0.004904,0.968114,0.250461,0.004791,0.968406,0.249326,9.221200,-5.373463,-0.031969,1,3,21.426780,-0.016012,0,0
5.470030,0.156665,263.596100,402.214000,1,1,1,1,2,2,0.754961,0.756879,0.754920,0.756852,0.755886,0.004903,0.968154,0.250306,0.004904,0.968114,0.250461,0.004801,0.968381,0.249424,9.254879,-5.378937,-0.032582,1,3,21.437970,-0.015585,0,0
5.480031,0.157061,263.542300,402.421600,1,1,1,1,2,2,0.754843,0.756702,0.754816,0.756738,0.755777,0.004905,0.968146,0.250337,0.004904,0.968114,0.250461,0.004810,0.968358,0.249513,9.285727,-5.384084,-0.033041,1,3,21.449160,-0.015176,0,0
5.490031,0.157456,263.488400,402.629300,1,1,1,1,2,2,0.754695,0.756635,0.754639,0.756601,0.755620,0.004907,0.968146,0.250337,0.004904,0.968114,0.250461,0.004818,0.968337,0.249595,9.321711,-5.388930,-0.033358,1,3,21.460340,-0.014784,0,0
5.500031,0.157850,263.434500,402.837200,1,1,1,1,2,2,0.754547,0.756546,0.754491,0.756439,0.755465,0.004905,0.968132,0.250394,0.004904,0.968114,0.250461,0.004826,0.968318,0.249669,9.352169,-5.393425,-0.033467,1,3,21.471520,-0.014406,0,0
5.510031,0.158242,263.380500,403.045100,1,1,1,1,2,2,0.754370,0.756207,0.754314,0.756247,0.755280,0.004903,0.968093,0.250544,0.004904,0.968114,0.250461,0.004832,0.968300,0.249737,9.383843,-5.397624,-0.033411,1,3,21.482700,-0.014043,0,0
5.520031,0.158633,263.326500,403.253100,1,1,1,1,2,2,0.754185,0.756111,0.754141,0.756066,0.755103,0.004907,0.968146,0.250337,0.004904,0.968114,0.250461,0.004839,0.968284,0.249800,9.409476,-5.401515,-0.033167,1,3,21.493880,-0.013692,0,0
5.530032,0.159022,263.272400,403.461300,1,1,1,1,2,2,0.754007,0.755919,0.753967,0.755863,0.754915,0.004903,0.968146,0.250337,0.004904,0.968114,0.250461,0.004844,0.968270,0.249857,9.433607,-5.405156,-0.032782,1,3,21.505050,-0.013355,0,0
5.540032,0.159410,263.218400,403.669600,1,1,1,1,2,2,0.753809,0.755727,0.753757,0.755671,0.754714,0.004904,0.968154,0.250306,0.004904,0.968114,0.250461,0.004849,0.968256,0.249909,9.456754,-5.408561,-0.032264,1,3,21.516210,-0.013029,0,0
5.550032,0.159797,263.164200,403.877900,1,1,1,1,2,2,0.753617,0.755454,0.753561,0.755479,0.754520,0.004906,0.968093,0.250544,0.004904,0.968114,0.250461,0.004854,0.968244,0.249956,9.475236,-5.411740,-0.031611,1,3,21.527370,-0.012715,0,0
5.560032,0.160182,263.110100,404.086400,1,1,1,1,2,2,0.753469,0.755284,0.753365,0.755279,0.754322,0.004903,0.968154,0.250306,0.004904,0.968114,0.250461,0.004858,0.968233,0.249999,9.492027,-5.414738,-0.030864,1,3,21.538520,-0.012411,0,0
5.570033,0.160567,263.055900,404.295000,1,1,1,1,2,2,0.753159,0.755136,0.753162,0.755094,0.754128,0.004904,0.968146,0.250337,0.004904,0.968114,0.250461,0.004862,0.968223,0.250039,9.505972,-5.417572,-0.030031,1,3,21.549670,-0.012117,0,0
5.580033,0.160950,263.001700,404.503700,1,1,1,1,2,2,0.753215,0.754944,0.752890,0.754563,0.753726,0.005073,0.968200,0.250125,0.005072,0.968042,0.250737,0.004880,0.968207,0.250099,9.542402,-5.420270,-0.028601,1,3,21.560810,-0.011833,0,0
5.590033,0.161333,262.947500,404.712500,1,1,1,1,2,2,0.752635,0.754446,0.752705,0.754441,0.753573,0.005071,0.968053,0.250694,0.005072,0.968042,0.250737,0.004897,0.968193,0.250154,9.527884,-5.422613,-0.026922,1,3,21.571950,-0.011422,0,0
5.600033,0.161714,262.893200,404.921400,1,1,1,1,2,2,0.752443,0.754553,0.752536,0.754611,0.753573,0.005295,0.968091,0.250544,0.005297,0.968095,0.250527,0.004931,0.968185,0.250186,9.502039,-5.425096,-0.025895,1,3,21.583070,-0.011033,0,0
5.610034,0.162094,262.839000,405.130400,1,1,1,1,2,2,0.752251,0.754535,0.752381,0.754438,0.753409,0.005300,0.968114,0.250455,0.005297,0.968095,0.250527,0.004963,0.968177,0.250215,9.513801,-5.427827,-0.025186,1,3,21.594200,-0.010482,0,0
5.620034,0.162473,262.784700,405.339500,1,1,1,1,2,2,0.752089,0.754162,0.752166,0.754261,0.753213,0.005300,0.968099,0.250513,0.005297,0.968095,0.250527,0.004992,0.968170,0.250242,9.529737,-5.430443,-0.024416,1,3,21.605320,-0.009972,0,0
5.630034,0.162852,262.730300,405.548700,1,1,1,1,2,2,0.752042,0.754362,0.752021,0.754296,0.753159,0.005467,0.968036,0.250751,0.005465,0.968023,0.250803,0.005032,0.968157,0.250291,9.504183,-5.432902,-0.023005,1,3,21.616420,-0.009498,0,0
5.640034,0.163230,262.676000,405.758000,1,1,1,1,2,2,0.751835,0.754142,0.751847,0.754223,0.753035,0.005465,0.967989,0.250932,0.005465,0.968023,0.250803,0.005070,0.968146,0.250335,9.499701,-5.435607,-0.021941,1,3,21.627530,-0.008918,0,0
5.650034,0.163606,262.621600,405.967500,1,1,1,1,2,2,0.751673,0.753929,0.751666,0.753956,0.752811,0.005690,0.968027,0.250782,0.005690,0.968076,0.250592,0.005123,0.968140,0.250357,9.526707,-5.438354,-0.021410,1,3,21.638630,-0.008384,0,0
5.660035,0.163983,262.567200,406.177000,1,1,1,1,2,2,0.751510,0.753841,0.751537,0.753793,0.752665,0.005691,0.968097,0.250512,0.005690,0.968076,0.250592,0.005172,0.968134,0.250377,9.533926,-5.440837,-0.020651,1,3,21.649720,-0.007710,0,0
5.670035,0.164358,262.512800,406.386700,1,1,1,1,2,2,0.751392,0.753604,0.751360,0.753631,0.752495,0.005691,0.968035,0.250751,0.005690,0.968076,0.250592,0.005216,0.968129,0.250396,9.544645,-5.443249,-0.019859,1,3,21.660800,-0.007092,0,0
5.680035,0.164733,262.458300,406.596400,1,1,1,1,2,2,0.751215,0.753471,0.751235,0.753483,0.752359,0.005691,0.968027,0.250782,0.005690,0.968076,0.250592,0.005257,0.968125,0.250413,9.547571,-5.445554,-0.018995,1,3,21.671870,-0.006526,0,0
5.690035,0.165107,262.403800,406.806300,1,1,1,1,2,2,0.751126,0.753404,0.751086,0.753365,0.752226,0.005690,0.968097,0.250512,0.005690,0.968076,0.250592,0.005294,0.968120,0.250428,9.550012,-5.447830,-0.018135,1,3,21.682930,-0.006008,0,0
5.700036,0.165481,262.349300,407.016300,1,1,1,1,2,2,0.750919,0.753271,0.750943,0.753203,0.752073,0.005691,0.968089,0.250543,0.005690,0.968076,0.250592,0.005329,0.968117,0.250442,9.556181,-5.450079,-0.017280,1,3,21.693990,-0.005533,0,0
5.710036,0.165855,262.294800,407.226400,1,1,1,1,2,2,0.750772,0.753043,0.750799,0.753055,0.751927,0.005691,0.968027,0.250782,0.005690,0.968076,0.250592,0.005360,0.968113,0.250455,9.560164,-5.452268,-0.016391,1,3,21.705030,-0.005098,0,0
5.720036,0.166228,262.240300,407.436600,1,1,1,1,2,2,0.750653,0.752984,0.750691,0.752951,0.751821,0.005691,0.968035,0.250751,0.005690,0.968076,0.250592,0.005388,0.968110,0.250467,9.556474,-5.454415,-0.015487,1,3,21.716070,-0.004700,0,0
5.730036,0.166601,262.185700,407.646900,1,1,1,1,2,2,0.750535,0.752726,0.750577,0.752829,0.751703,0.005689,0.968050,0.250693,0.005690,0.968076,0.250592,0.005414,0.968107,0.250478,9.556616,-5.456596,-0.014642,1,3,21.727100,-0.004335,0,0
5.740036,0.166973,262.131100,407.857300,1,1,1,1,2,2,0.750476,0.752769,0.750429,0.752715,0.751572,0.005688,0.968097,0.250512,0.005690,0.968076,0.250592,0.005438,0.968104,0.250488,9.559570,-5.458774,-0.013818,1,3,21.738120,-0.004001,0,0
5.750037,0.167346,262.076500,408.067800,1,1,1,1,2,2,0.750335,0.752694,0.750318,0.752619,0.751469,0.005693,0.968042,0.250724,0.005690,0.968076,0.250592,0.005460,0.968102,0.250497,9.557312,-5.460920,-0.012983,1,3,21.749120,-0.003695,0,0
5.760037,0.167718,262.021900,408.278400,1,1,1,1,2,2,0.750210,0.752541,0.750252,0.752508,0.751380,0.005690,0.968035,0.250751,0.005690,0.968076,0.250592,0.005479,0.968100,0.250505,9.553336,-5.463087,-0.012188,1,3,21.760120,-0.003414,0,0
5.770037,0.168089,261.967200,408.489200,1,1,1,1,2,2,0.750122,0.752400,0.750145,0.752420,0.751282,0.005690,0.968019,0.250812,0.005690,0.968076,0.250592,0.005498,0.968098,0.250512,9.552473,-5.465290,-0.011449,1,3,21.771110,-0.003157,0,0
5.780037,0.168461,261.912500,408.700000,1,1,1,1,2,2,0.750011,0.752283,0.750045,0.752316,0.751181,0.005690,0.968043,0.250720,0.005690,0.968076,0.250592,0.005514,0.968096,0.250519,9.552844,-5.467499,-0.010734,1,3,21.782090,-0.002921,0,0
5.790038,0.168832,261.857800,408.911000,1,1,1,1,2,2,0.749944,0.752296,0.749964,0.752242,0.751103,0.005690,0.968089,0.250543,0.005690,0.968076,0.250592,0.005529,0.968094,0.250526,9.549171,-5.469703,-0.010029,1,3,21.793070,-0.002705,0,0
5.800038,0.169203,261.803100,409.122100,1,1,1,1,2,2,0.749871,0.752267,0.749894,0.752169,0.751031,0.005692,0.968097,0.250512,0.005690,0.968076,0.250592,0.005543,0.968093,0.250531,9.545693,-5.471940,-0.009372,1,3,21.804030,-0.002507,0,0
5.810038,0.169574,261.748400,409.333300,1,1,1,1,2,2,0.749797,0.752221,0.749828,0.752065,0.750946,0.005691,0.968058,0.250662,0.005690,0.968076,0.250592,0.005556,0.968091,0.250537,9.545685,-5.474208,-0.008762,1,3,21.814980,-0.002325,0,0
5.820038,0.169945,261.693600,409.544500,1,1,1,1,2,2,0.750389,0.752358,0.750386,0.752241,0.751313,0.005986,0.968226,0.250004,0.005985,0.968249,0.249916,0.005593,0.968105,0.250483,9.497554,-5.476474,-0.009472,1,3,21.825920,-0.002159,0,0
5.830039,0.170316,261.638800,409.755900,1,1,1,1,2,2,0.750108,0.752211,0.750105,0.752123,0.751114,0.005985,0.968226,0.250004,0.005985,0.968249,0.249916,0.005626,0.968117,0.250434,9.560820,-5.479203,-0.010562,1,3,21.836850,-0.001763,0,0
5.840039,0.170687,261.584000,409.967400,1,1,1,1,2,2,0.749893,0.752517,0.749854,0.752346,0.751100,0.006324,0.968316,0.249646,0.006323,0.968329,0.249600,0.005686,0.968135,0.250363,9.587944,-5.481315,-0.011538,1,3,21.847760,-0.001411,0,0
5.850039,0.171057,261.529200,410.179000,1,1,1,1,2,2,0.749547,0.751982,0.749569,0.752080,0.750824,0.006325,0.968317,0.249646,0.006323,0.968329,0.249600,0.005741,0.968152,0.250297,9.651864,-5.483161,-0.012107,1,3,21.858660,-0.000816,0,0
5.860039,0.171428,261.474300,410.390700,1,1,1,1,2,2,0.749339,0.751716,0.749284,0.751799,0.750542,0.006322,0.968324,0.249616,0.006323,0.968329,0.249600,0.005791,0.968167,0.250237,9.698012,-5.484385,-0.011911,1,3,21.869540,-0.000283,0,0
5.870039,0.171799,261.419500,410.602500,1,1,1,1,2,2,0.748577,0.751357,0.748596,0.751428,0.750012,0.006617,0.968492,0.248957,0.006618,0.968501,0.248923,0.005862,0.968196,0.250124,9.807167,-5.485159,-0.012452,1,3,21.880400,0.000190,0,0
5.880040,0.172171,261.364700,410.814500,1,1,1,1,2,2,0.748170,0.751076,0.748142,0.751140,0.749641,0.006617,0.968484,0.248988,0.006618,0.968501,0.248923,0.005927,0.968222,0.250020,9.855111,-5.484872,-0.011687,1,3,21.891240,0.000854,0,0
5.890040,0.172542,261.309800,411.026500,1,1,1,1,2,2,0.747756,0.750624,0.747765,0.750571,0.749168,0.006957,0.968604,0.248510,0.006955,0.968580,0.248606,0.006016,0.968253,0.249899,9.919796,-5.484118,-0.010859,1,3,21.902050,0.001441,0,0
5.900040,0.172915,261.255000,411.238700,1,1,1,1,2,2,0.747401,0.750254,0.747403,0.750183,0.748793,0.006956,0.968604,0.248510,0.006955,0.968580,0.248606,0.006097,0.968281,0.249787,9.944964,-5.482733,-0.009153,1,3,21.912850,0.002247,0,0
5.910040,0.173288,261.200200,411.451000,1,1,1,1,2,2,0.747076,0.749871,0.747096,0.749861,0.748479,0.006958,0.968535,0.248779,0.006955,0.968580,0.248606,0.006171,0.968307,0.249686,9.947526,-5.481102,-0.006984,1,3,21.923630,0.002968,0,0
5.920041,0.173661,261.145400,411.663400,1,1,1,1,2,2,0.746810,0.749584,0.746811,0.749592,0.748202,0.006956,0.968543,0.248749,0.006955,0.968580,0.248606,0.006238,0.968330,0.249593,9.937922,-5.479443,-0.004596,1,3,21.934390,0.003610,0,0
5.930041,0.174036,261.090600,411.875900,1,1,1,1,2,2,0.746573,0.749507,0.746579,0.749381,0.747980,0.006957,0.968582,0.248599,0.006955,0.968580,0.248606,0.006300,0.968352,0.249508,9.916325,-5.477875,-0.002127,1,3,21.945120,0.004180,0,0
5.940041,0.174411,261.035800,412.088500,1,1,1,1,2,2,0.746360,0.749126,0.746387,0.749193,0.747790,0.006953,0.968590,0.248568,0.006955,0.968580,0.248606,0.006356,0.968371,0.249430,9.890412,-5.476513,0.000286,1,3,21.955840,0.004684,0,0
5.950041,0.174787,260.981000,412.301200,1,1,1,1,2,2,0.746248,0.749022,0.746239,0.749026,0.747633,0.006955,0.968543,0.248749,0.006955,0.968580,0.248606,0.006408,0.968389,0.249359,9.861335,-5.475400,0.002588,1,3,21.966550,0.005127,0,0
5.960042,0.175164,260.926300,412.514000,1,1,1,1,2,2,0.746130,0.749064,0.746135,0.748923,0.747529,0.006954,0.968582,0.248599,0.006955,0.968580,0.248606,0.006455,0.968406,0.249295,9.826489,-5.474566,0.004733,1,3,21.977230,0.005514,0,0
5.970042,0.175541,260.871600,412.727000,1,1,1,1,2,2,0.746041,0.748874,0.746069,0.748849,0.747459,0.006954,0.968551,0.248718,0.006955,0.968580,0.248606,0.006498,0.968421,0.249235,9.791299,-5.474067,0.006653,1,3,21.987900,0.005852,0,0
5.980042,0.175920,260.816800,412.940100,1,1,1,1,2,2,0.745976,0.748836,0.745988,0.748771,0.747379,0.006956,0.968551,0.248718,0.006955,0.968580,0.248606,0.006537,0.968434,0.249181,9.763707,-5.473907,0.008333,1,3,21.998560,0.006144,0,0
5.990042,0.176299,260.762100,413.153200,1,1,1,1,2,2,0.745953,0.748632,0.745988,0.748760,0.747374,0.006955,0.968582,0.248599,0.006955,0.968580,0.248606,0.006573,0.968447,0.249132,9.727134,-5.474012,0.009841,1,3,22.009200,0.006394,0,0
6.000042,0.176680,260.707300,413.366500,1,1,1,1,2,2,0.745953,0.748720,0.745988,0.748760,0.747374,0.006953,0.968551,0.248718,0.006955,0.968580,0.248606,0.006606,0.968458,0.249087,9.696347,-5.474468,0.011077,1,3,22.019820,0.006607,0,0
6.010043,0.177061,260.652600,413.579900,1,1,1,1,2,2,0.745982,0.748923,0.745969,0.748760,0.747365,0.006957,0.968574,0.248629,0.006955,0.968580,0.248606,0.006636,0.968469,0.249045,9.672777,-5.475221,0.012091,1,3,22.030430,0.006787,0,0
6.020043,0.177443,260.597800,413.793400,1,1,1,1,2,2,0.746085,0.748815,0.746047,0.748820,0.747433,0.006954,0.968551,0.248718,0.006955,0.968580,0.248606,0.006664,0.968478,0.249007,9.639122,-5.476199,0.012948,1,3,22.041020,0.006934,0,0
6.030043,0.177826,260.543000,414.007000,1,1,1,1,2,2,0.746071,0.748750,0.746072,0.748864,0.747468,0.006956,0.968582,0.248599,0.006955,0.968580,0.248606,0.006689,0.968487,0.248973,9.618075,-5.477500,0.013541,1,3,22.051600,0.007055,0,0
6.040043,0.178209,260.488300,414.220700,1,1,1,1,2,2,0.746145,0.748933,0.746150,0.748938,0.747544,0.006958,0.968543,0.248749,0.006955,0.968580,0.248606,0.006712,0.968495,0.248941,9.593287,-5.479002,0.013990,1,3,22.062170,0.007150,0,0
6.050044,0.178594,260.433400,414.434500,1,1,1,1,2,2,0.746219,0.748992,0.746254,0.749012,0.747633,0.006956,0.968543,0.248749,0.006955,0.968580,0.248606,0.006733,0.968502,0.248913,9.570860,-5.480742,0.014251,1,3,22.072730,0.007222,0,0
6.060044,0.178979,260.378600,414.648400,1,1,1,1,2,2,0.747442,0.749811,0.747379,0.749731,0.748555,0.007361,0.968961,0.247105,0.007362,0.968966,0.247084,0.006787,0.968542,0.248755,9.477487,-5.482697,0.011360,1,3,22.083270,0.007272,0,0
6.070044,0.179366,260.323700,414.862500,1,1,1,1,2,2,0.747072,0.749561,0.746991,0.749546,0.748269,0.007359,0.968953,0.247135,0.007362,0.968966,0.247084,0.006836,0.968579,0.248611,9.617446,-5.485550,0.007839,1,3,22.093790,0.007644,0,0
6.080044,0.179753,260.268900,415.076600,1,1,1,1,2,2,0.746710,0.749751,0.746654,0.749768,0.748211,0.007784,0.969087,0.246596,0.007783,0.969064,0.246689,0.006918,0.968620,0.248446,9.693622,-5.487043,0.005223,1,3,22.104280,0.007949,0,0
6.090044,0.180141,260.214000,415.290800,1,1,1,1,2,2,0.746391,0.749339,0.746306,0.749427,0.747867,0.007783,0.969026,0.246835,0.007783,0.969064,0.246689,0.006992,0.968658,0.248295,9.794289,-5.487792,0.003689,1,3,22.114740,0.008557,0,0
6.100045,0.180530,260.159100,415.505100,1,1,1,1,2,2,0.714413,0.716919,0.745350,0.748768,0.747059,0.008321,0.986030,0.166362,0.008189,0.969447,0.245166,0.007095,0.968726,0.248025,10.020910,-5.487561,0.000464,1,3,22.125190,0.009074,0,0
6.110045,0.180921,260.104300,415.719600,1,1,1,1,2,2,0.744667,0.748234,0.744677,0.748258,0.746468,0.008191,0.969456,0.245131,0.008189,0.969447,0.245166,0.007189,0.968788,0.247779,10.138970,-5.485128,0.000027,1,3,22.135590,0.009850,0,0
6.120045,0.181313,260.049500,415.934100,1,1,1,1,2,2,0.744103,0.747617,0.744067,0.747492,0.745779,0.008611,0.969535,0.244800,0.008610,0.969543,0.244770,0.007312,0.968853,0.247520,10.252420,-5.481545,0.000470,1,3,22.145960,0.010515,0,0
6.130045,0.181707,259.994700,416.148800,1,1,1,1,2,2,0.743541,0.746967,0.743520,0.746952,0.745236,0.008614,0.969566,0.244681,0.008610,0.969543,0.244770,0.007423,0.968913,0.247284,10.298940,-5.476859,0.002548,1,3,22.156300,0.011457,0,0
6.140046,0.182103,259.940000,416.363600,1,1,1,1,2,2,0.743067,0.746487,0.743046,0.746486,0.744766,0.008611,0.969573,0.244650,0.008610,0.969543,0.244770,0.007526,0.968967,0.247067,10.309060,-5.471717,0.005546,1,3,22.166610,0.012288,0,0
6.150046,0.182501,259.885300,416.578600,1,1,1,1,2,2,0.742698,0.746188,0.742643,0.746120,0.744381,0.008607,0.969566,0.244681,0.008610,0.969543,0.244770,0.007619,0.969016,0.246870,10.290900,-5.466473,0.009061,1,3,22.176880,0.013015,0,0
6.160046,0.182901,259.830700,416.793600,1,1,1,1,2,2,0.742379,0.745755,0.742347,0.745790,0.744069,0.008609,0.969550,0.244741,0.008610,0.969543,0.244770,0.007704,0.969062,0.246689,10.254740,-5.461402,0.012775,1,3,22.187130,0.013645,0,0
6.170046,0.183303,259.776100,417.008800,1,1,1,1,2,2,0.742193,0.745665,0.742114,0.745554,0.743834,0.008607,0.969543,0.244770,0.008610,0.969543,0.244770,0.007782,0.969103,0.246524,10.204910,-5.456679,0.016476,1,3,22.197350,0.014187,0,0
6.180047,0.183707,259.721600,417.224100,1,1,1,1,2,2,0.741958,0.745348,0.741907,0.745347,0.743627,0.008612,0.969550,0.244741,0.008610,0.969543,0.244770,0.007853,0.969141,0.246373,10.154590,-5.452435,0.019995,1,3,22.207550,0.014649,0,0
6.190047,0.184113,259.667100,417.439500,1,1,1,1,2,2,0.741876,0.745310,0.741848,0.745258,0.743553,0.008611,0.969558,0.244711,0.008610,0.969543,0.244770,0.007919,0.969176,0.246235,10.085580,-5.448678,0.023301,1,3,22.217720,0.015037,0,0
6.200047,0.184521,259.612700,417.655000,1,1,1,1,2,2,0.741897,0.745229,0.741803,0.745228,0.743516,0.008609,0.969558,0.244711,0.008610,0.969543,0.244770,0.007978,0.969207,0.246109,10.020490,-5.445586,0.026183,1,3,22.227870,0.015358,0,0
6.210047,0.184931,259.558200,417.870600,1,1,1,1,2,2,0.741818,0.745323,0.741800,0.745243,0.743521,0.008609,0.969581,0.244620,0.008610,0.969543,0.244770,0.008032,0.969236,0.245994,9.957946,-5.443122,0.028657,1,3,22.237990,0.015619,0,0
6.220047,0.185343,259.503800,418.086300,1,1,1,1,2,2,0.741884,0.745310,0.741848,0.745287,0.743568,0.008611,0.969566,0.244681,0.008610,0.969543,0.244770,0.008082,0.969263,0.245888,9.898127,-5.441263,0.030727,1,3,22.248100,0.015825,0,0
6.230048,0.185758,259.449400,418.302100,1,1,1,1,2,2,0.741958,0.745399,0.741922,0.745361,0.743642,0.008608,0.969566,0.244681,0.008610,0.969543,0.244770,0.008128,0.969287,0.245792,9.843170,-5.439980,0.032402,1,3,22.258180,0.015981,0,0
6.240048,0.186174,259.395000,418.518100,1,1,1,1,2,2,0.742091,0.745433,0.742070,0.745506,0.743788,0.008606,0.969513,0.244889,0.008610,0.969543,0.244770,0.008169,0.969309,0.245704,9.784308,-5.439228,0.033713,1,3,22.268250,0.016092,0,0
6.250048,0.186592,259.340600,418.734100,1,1,1,1,2,2,0.742239,0.745686,0.742203,0.745676,0.743939,0.008613,0.969558,0.244711,0.008610,0.969543,0.244770,0.008207,0.969329,0.245624,9.734901,-5.439043,0.034606,1,3,22.278290,0.016164,0,0
6.260048,0.187012,259.286300,418.950300,1,1,1,1,2,2,0.742431,0.745872,0.742395,0.745835,0.744115,0.008611,0.969566,0.244681,0.008610,0.969543,0.244770,0.008242,0.969347,0.245550,9.689592,-5.439334,0.035160,1,3,22.288320,0.016198,0,0
6.270049,0.187433,259.231800,419.166500,1,1,1,1,2,2,0.742673,0.746050,0.742573,0.746016,0.744294,0.008614,0.969566,0.244681,0.008610,0.969543,0.244770,0.008274,0.969364,0.245483,9.651382,-5.440062,0.035404,1,3,22.298330,0.016201,0,0
6.280049,0.187857,259.177400,419.382800,1,1,1,1,2,2,0.742795,0.746345,0.742795,0.746219,0.744507,0.008607,0.969543,0.244770,0.008610,0.969543,0.244770,0.008302,0.969379,0.245422,9.613473,-5.441157,0.035396,1,3,22.308320,0.016175,0,0
6.290049,0.188282,259.123000,419.599300,1,1,1,1,2,2,0.744664,0.747493,0.744585,0.747513,0.746049,0.009093,0.970065,0.242676,0.009093,0.970080,0.242613,0.008371,0.969440,0.245180,9.449960,-5.442617,0.030859,1,3,22.318300,0.016118,0,0
6.300049,0.188709,259.068600,419.815800,1,1,1,1,2,2,0.744259,0.747337,0.744244,0.747327,0.745786,0.009091,0.970042,0.242765,0.009093,0.970080,0.242613,0.008433,0.969495,0.244959,9.640335,-5.445655,0.025160,1,3,22.328240,0.016451,0,0
6.310050,0.189137,259.014100,420.032500,1,1,1,1,2,2,0.743817,0.747738,0.743862,0.747641,0.745751,0.009557,0.970158,0.242285,0.009554,0.970184,0.242180,0.008529,0.969554,0.244720,9.752510,-5.446840,0.020942,1,3,22.338150,0.016694,0,0
6.320050,0.189568,258.959600,420.249200,1,1,1,1,2,2,0.743511,0.747376,0.743466,0.747255,0.745361,0.009550,0.970181,0.242195,0.009554,0.970184,0.242180,0.008617,0.969608,0.244501,9.889097,-5.446930,0.018314,1,3,22.348030,0.017267,0,0
6.330050,0.190001,258.905200,420.466100,1,1,1,1,2,2,0.743215,0.746818,0.743192,0.746996,0.745094,0.009555,0.970173,0.242226,0.009554,0.970184,0.242180,0.008698,0.969658,0.244302,9.958525,-5.445691,0.017478,1,3,22.357880,0.017747,0,0
6.340050,0.190436,258.850700,420.683000,1,1,1,1,2,2,0.741498,0.745774,0.741505,0.745768,0.743636,0.010541,0.970729,0.239948,0.010305,0.970713,0.240021,0.008836,0.969750,0.243934,10.322110,-5.443774,0.013465,1,3,22.367700,0.018123,0,0
6.350050,0.190874,258.796400,420.900100,1,1,1,1,2,2,0.740733,0.745033,0.740741,0.744874,0.742808,0.012830,0.970784,0.239613,0.011033,0.970812,0.239586,0.009025,0.969842,0.243561,10.485140,-5.438322,0.012945,1,3,22.377480,0.018979,0,0
6.360051,0.191314,258.742000,421.117300,1,1,1,1,2,2,0.739919,0.744206,0.740045,0.744178,0.742111,0.016472,0.970740,0.239570,0.011033,0.970812,0.239586,0.009197,0.969926,0.243221,10.564320,-5.431283,0.014824,1,3,22.387220,0.020380,0,0
6.370051,0.191758,258.687800,421.334600,1,1,1,1,2,2,0.739217,0.743593,0.739497,0.743604,0.741550,0.020168,0.970666,0.239583,0.011033,0.970812,0.239586,0.009355,0.970002,0.242908,10.584040,-5.423470,0.018105,1,3,22.396910,0.021604,0,0
6.380051,0.192206,258.633600,421.552000,1,1,1,1,2,2,0.738541,0.743140,0.738982,0.743133,0.741058,0.023898,0.970587,0.239563,0.011033,0.970812,0.239586,0.009499,0.970072,0.242622,10.571250,-5.415461,0.022191,1,3,22.406570,0.022682,0,0
6.390051,0.192656,258.579600,421.769500,1,1,1,1,2,2,0.737989,0.742755,0.738623,0.742726,0.740675,0.027654,0.970485,0.239570,0.011033,0.970812,0.239586,0.009631,0.970135,0.242361,10.528000,-5.407572,0.026705,1,3,22.416190,0.023614,0,0
6.400052,0.193110,258.525500,421.987200,1,1,1,1,2,2,0.737590,0.742598,0.738323,0.742445,0.740384,0.031439,0.970384,0.239513,0.011033,0.970812,0.239586,0.009752,0.970194,0.242122,10.466170,-5.400099,0.031294,1,3,22.425770,0.024411,0,0
6.410052,0.193568,258.471600,422.205000,1,1,1,1,2,2,0.737040,0.742310,0.738141,0.742282,0.740212,0.035261,0.970290,0.239361,0.011033,0.970812,0.239586,0.009862,0.970247,0.241904,10.386840,-5.393224,0.035729,1,3,22.435330,0.025084,0,0
6.420052,0.194029,258.417800,422.422900,1,1,1,1,2,2,0.736629,0.742171,0.738075,0.742189,0.740132,0.039112,0.970122,0.239445,0.011033,0.970812,0.239586,0.009963,0.970295,0.241704,10.300000,-5.387115,0.039794,1,3,22.444850,0.025645,0,0
6.430052,0.194494,258.363900,422.640800,1,1,1,1,2,2,0.736239,0.742142,0.738012,0.742163,0.740088,0.042988,0.969953,0.239466,0.011033,0.970812,0.239586,0.010055,0.970340,0.241522,10.218820,-5.381847,0.043378,1,3,22.454350,0.026102,0,0
6.440053,0.194962,258.310200,422.858900,1,1,1,1,2,2,0.736018,0.742036,0.738090,0.742230,0.740160,0.046904,0.969760,0.239513,0.011033,0.970812,0.239586,0.010139,0.970381,0.241355,10.128040,-5.377363,0.046506,1,3,22.463810,0.026465,0,0
6.450053,0.195433,258.256400,423.077100,1,1,1,1,2,2,0.735604,0.742319,0.738223,0.742311,0.740267,0.050836,0.969617,0.239286,0.011033,0.970812,0.239586,0.010216,0.970418,0.241203,10.045480,-5.373758,0.049050,1,3,22.473260,0.026745,0,0
6.460053,0.195908,258.202700,423.295500,1,1,1,1,2,2,0.735409,0.742353,0.738390,0.742493,0.740441,0.054817,0.969398,0.239295,0.011033,0.970812,0.239586,0.010286,0.970452,0.241064,9.964108,-5.370952,0.051065,1,3,22.482670,0.026946,0,0
6.470053,0.196386,258.149000,423.513900,1,1,1,1,2,2,0.735119,0.742704,0.738608,0.742711,0.740660,0.058800,0.969179,0.239239,0.011033,0.970812,0.239586,0.010351,0.970483,0.240937,9.888260,-5.368932,0.052538,1,3,22.492060,0.027079,0,0
6.480053,0.196867,258.095300,423.732400,1,1,1,1,2,2,0.734671,0.742998,0.738815,0.742963,0.740889,0.062833,0.968948,0.239149,0.011033,0.970812,0.239586,0.010409,0.970511,0.240821,9.823140,-5.367645,0.053500,1,3,22.501430,0.027151,0,0
6.490054,0.197351,258.041700,423.951000,1,1,1,1,2,2,0.734443,0.743252,0.739082,0.743230,0.741156,0.066876,0.968715,0.238996,0.011033,0.970812,0.239586,0.010463,0.970537,0.240714,9.761942,-5.366988,0.054038,1,3,22.510780,0.027165,0,0
6.500054,0.197838,257.988000,424.169700,1,1,1,1,2,2,0.733964,0.743555,0.739423,0.743559,0.741491,0.070961,0.968434,0.238956,0.011033,0.970812,0.239586,0.010512,0.970561,0.240617,9.698468,-5.366921,0.054174,1,3,22.520100,0.027130,0,0
6.510054,0.198328,257.934300,424.388500,1,1,1,1,2,2,0.733712,0.743880,0.739701,0.743852,0.741776,0.075082,0.968134,0.238912,0.011033,0.970812,0.239586,0.010557,0.970582,0.240529,9.655096,-5.367467,0.053864,1,3,22.529410,0.027051,0,0
6.520054,0.198821,257.880600,424.607500,1,1,1,1,2,2,0.735030,0.745430,0.741830,0.745469,0.743649,0.079197,0.968459,0.236253,0.011486,0.971426,0.237066,0.010637,0.970655,0.240230,9.458644,-5.368432,0.048264,1,3,22.538700,0.026926,0,0
6.530055,0.199317,257.826900,424.826400,1,1,1,1,2,2,0.733831,0.745411,0.741474,0.745280,0.743377,0.083376,0.968063,0.236440,0.011486,0.971426,0.237066,0.010710,0.970721,0.239958,9.682758,-5.371295,0.041287,1,3,22.547940,0.027160,0,0
6.540055,0.199815,257.773200,425.045500,1,1,1,1,2,2,0.732668,0.745681,0.741133,0.745602,0.743367,0.088017,0.967837,0.235678,0.011933,0.971523,0.236643,0.010815,0.970790,0.239673,9.811044,-5.371975,0.036251,1,3,22.557150,0.027286,0,0
6.550055,0.200317,257.719500,425.264700,1,1,1,1,2,2,0.731565,0.745369,0.740832,0.745301,0.743067,0.092251,0.967451,0.235643,0.011933,0.971523,0.236643,0.010911,0.970853,0.239412,9.945591,-5.371402,0.033060,1,3,22.566330,0.027729,0,0
6.560055,0.200822,257.665800,425.484000,1,1,1,1,2,2,0.730276,0.744952,0.740583,0.745045,0.742814,0.096466,0.967035,0.235666,0.011933,0.971523,0.236643,0.010999,0.970911,0.239174,10.024930,-5.369517,0.031727,1,3,22.575480,0.028076,0,0
6.570055,0.201331,257.612100,425.703400,1,1,1,1,2,2,0.727452,0.743736,0.738717,0.743662,0.741190,0.100799,0.967239,0.233000,0.012385,0.972129,0.234121,0.011118,0.971017,0.238740,10.445690,-5.366857,0.026632,1,3,22.584590,0.028322,0,0
6.580056,0.201843,257.558500,425.922900,1,1,1,1,2,2,0.725640,0.742852,0.737894,0.742708,0.740301,0.105565,0.966861,0.232455,0.012832,0.972225,0.233698,0.011266,0.971122,0.238306,10.628870,-5.360101,0.025747,1,3,22.593660,0.028810,0,0
6.590056,0.202360,257.505000,426.142500,1,1,1,1,2,2,0.737333,0.742140,0.737189,0.742014,0.739602,0.012830,0.972208,0.233767,0.012832,0.972225,0.233698,0.011401,0.971218,0.237910,10.710740,-5.351560,0.027542,1,3,22.602680,0.029622,0,0
6.600056,0.202881,257.451600,426.362200,1,1,1,1,2,2,0.736567,0.741552,0.736578,0.741403,0.738990,0.012834,0.972165,0.233946,0.012832,0.972225,0.233698,0.011524,0.971305,0.237547,10.737130,-5.342217,0.030926,1,3,22.611650,0.030311,0,0
6.610056,0.203407,257.398300,426.582000,1,1,1,1,2,2,0.736174,0.740882,0.736136,0.740943,0.738540,0.012832,0.972201,0.233796,0.012832,0.972225,0.233698,0.011637,0.971384,0.237216,10.709710,-5.332613,0.035299,1,3,22.620580,0.030885,0,0
6.620057,0.203937,257.345000,426.801900,1,1,1,1,2,2,0.735848,0.740710,0.735787,0.740598,0.738193,0.012831,0.972273,0.233498,0.012832,0.972225,0.233698,0.011740,0.971457,0.236913,10.654140,-5.323272,0.040047,1,3,22.629470,0.031348,0,0
6.630057,0.204472,257.291900,427.022000,1,1,1,1,2,2,0.735756,0.740283,0.735573,0.740394,0.737983,0.012831,0.972215,0.233739,0.012832,0.972225,0.233698,0.011834,0.971523,0.236636,10.572830,-5.314467,0.044834,1,3,22.638330,0.031711,0,0
6.640057,0.205011,257.238800,427.242200,1,1,1,1,2,2,0.735328,0.740299,0.735424,0.740246,0.737835,0.012832,0.972237,0.233647,0.012832,0.972225,0.233698,0.011920,0.971583,0.236383,10.487220,-5.306449,0.049350,1,3,22.647150,0.031982,0,0
6.650057,0.205555,257.185900,427.462400,1,1,1,1,2,2,0.735299,0.740263,0.735380,0.740197,0.737789,0.012831,0.972244,0.233618,0.012832,0.972225,0.233698,0.011998,0.971638,0.236152,10.392190,-5.299261,0.053506,1,3,22.655930,0.032170,0,0
6.660058,0.206103,257.132900,427.682800,1,1,1,1,2,2,0.735522,0.740474,0.735454,0.740272,0.737863,0.012832,0.972244,0.233618,0.012832,0.972225,0.233698,0.012070,0.971689,0.235941,10.287850,-5.292993,0.057166,1,3,22.664690,0.032281,0,0
6.670058,0.206656,257.080000,427.903300,1,1,1,1,2,2,0.735477,0.740441,0.735558,0.740394,0.737976,0.012832,0.972244,0.233618,0.012832,0.972225,0.233698,0.012136,0.971735,0.235748,10.192170,-5.287736,0.060197,1,3,22.673410,0.032325,0,0
6.680058,0.207212,257.027200,428.123900,1,1,1,1,2,2,0.735793,0.740491,0.735750,0.740572,0.738161,0.012833,0.972230,0.233676,0.012832,0.972225,0.233698,0.012196,0.971777,0.235572,10.097870,-5.283406,0.062650,1,3,22.682110,0.032306,0,0
6.690058,0.207772,256.974400,428.344500,1,1,1,1,2,2,0.736176,0.740892,0.736018,0.740846,0.738432,0.012834,0.972237,0.233647,0.012832,0.972225,0.233698,0.012250,0.971815,0.235410,10.003100,-5.279990,0.064508,1,3,22.690770,0.032233,0,0
6.700058,0.208337,256.921700,428.565300,1,1,1,1,2,2,0.736382,0.740999,0.736299,0.741124,0.738712,0.012831,0.972230,0.233676,0.012832,0.972225,0.233698,0.012300,0.971851,0.235263,9.922333,-5.277493,0.065736,1,3,22.699410,0.032110,0,0
6.710059,0.208905,256.868900,428.786200,1,1,1,1,2,2,0.736799,0.741605,0.736637,0.741444,0.739040,0.012832,0.972208,0.233767,0.012832,0.972225,0.233698,0.012346,0.971883,0.235128,9.845780,-5.275777,0.066446,1,3,22.708020,0.031942,0,0
6.720059,0.209476,256.816200,429.007100,1,1,1,1,2,2,0.737059,0.741873,0.737026,0.741811,0.739419,0.012833,0.972259,0.233556,0.012832,0.972225,0.233698,0.012388,0.971912,0.235005,9.772717,-5.274802,0.066656,1,3,22.716620,0.031735,0,0
6.730059,0.210051,256.763400,429.228100,1,1,1,1,2,2,0.737458,0.742287,0.737397,0.742215,0.739806,0.012835,0.972255,0.233570,0.012832,0.972225,0.233698,0.012426,0.971939,0.234893,9.710149,-5.274535,0.066379,1,3,22.725180,0.031493,0,0
6.740059,0.210630,256.710700,429.449300,1,1,1,1,2,2,0.737895,0.742724,0.737835,0.742649,0.740242,0.012830,0.972276,0.233484,0.012832,0.972225,0.233698,0.012461,0.971964,0.234790,9.648957,-5.274872,0.065700,1,3,22.733730,0.031220,0,0
6.750060,0.211211,256.657900,429.670500,1,1,1,1,2,2,0.739790,0.744207,0.739810,0.744216,0.742013,0.013217,0.972841,0.231097,0.013217,0.972837,0.231113,0.012526,0.972039,0.234473,9.487977,-5.275801,0.059413,1,3,22.742260,0.030918,0,0
6.760060,0.211796,256.605100,429.891800,1,1,1,1,2,2,0.739487,0.744098,0.739510,0.744105,0.741807,0.013216,0.972845,0.231082,0.013217,0.972837,0.231113,0.012586,0.972108,0.234184,9.707440,-5.278286,0.052146,1,3,22.750740,0.030924,0,0
6.770060,0.212384,256.552300,430.113200,1,1,1,1,2,2,0.739212,0.744329,0.739234,0.744349,0.741792,0.013595,0.972925,0.230720,0.013595,0.972917,0.230755,0.012673,0.972177,0.233889,9.841234,-5.278631,0.046934,1,3,22.759190,0.030849,0,0
6.780060,0.212976,256.499600,430.334700,1,1,1,1,2,2,0.739079,0.744186,0.739018,0.744126,0.741572,0.013595,0.972872,0.230946,0.013595,0.972917,0.230755,0.012752,0.972241,0.233619,9.963538,-5.277668,0.043647,1,3,22.767610,0.031046,0,0
6.790061,0.213571,256.446800,430.556200,1,1,1,1,2,2,0.737646,0.743035,0.737634,0.743008,0.740321,0.013980,0.973504,0.228244,0.013979,0.973521,0.228168,0.012857,0.972352,0.233152,10.357320,-5.275510,0.036946,1,3,22.775990,0.031155,0,0
6.800061,0.214171,256.394100,430.777900,1,1,1,1,2,2,0.736846,0.742404,0.736810,0.742387,0.739599,0.013980,0.973500,0.228258,0.013979,0.973521,0.228168,0.012954,0.972454,0.232723,10.535330,-5.269513,0.035067,1,3,22.784330,0.031498,0,0
6.810061,0.214775,256.341500,430.999700,1,1,1,1,2,2,0.736172,0.741545,0.736126,0.741523,0.738825,0.014356,0.973586,0.227867,0.014357,0.973600,0.227810,0.013074,0.972553,0.232301,10.673920,-5.261778,0.035137,1,3,22.792620,0.031745,0,0
6.820061,0.215384,256.289000,431.221500,1,1,1,1,2,2,0.735566,0.740966,0.735554,0.740940,0.738247,0.014356,0.973583,0.227882,0.014357,0.973600,0.227810,0.013185,0.972644,0.231915,10.721910,-5.252689,0.037412,1,3,22.800860,0.032249,0,0
6.830061,0.215998,256.236500,431.443500,1,1,1,1,2,2,0.735095,0.740498,0.735060,0.740468,0.737764,0.014357,0.973586,0.227867,0.014357,0.973600,0.227810,0.013286,0.972726,0.231562,10.721710,-5.243128,0.040928,1,3,22.809060,0.032656,0,0
6.840062,0.216617,256.184200,431.665600,1,1,1,1,2,2,0.734739,0.740305,0.734704,0.740126,0.737415,0.014356,0.973615,0.227747,0.014357,0.973600,0.227810,0.013378,0.972802,0.231239,10.679950,-5.233565,0.045142,1,3,22.817220,0.032970,0,0
6.850062,0.217240,256.132000,431.887800,1,1,1,1,2,2,0.734412,0.739904,0.734474,0.739874,0.737174,0.014356,0.973611,0.227761,0.014357,0.973600,0.227810,0.013462,0.972870,0.230944,10.613210,-5.224405,0.049576,1,3,22.825340,0.033197,0,0
6.860062,0.217869,256.079800,432.110100,1,1,1,1,2,2,0.734377,0.739797,0.734355,0.739747,0.737051,0.014357,0.973586,0.227867,0.014357,0.973600,0.227810,0.013539,0.972933,0.230674,10.527170,-5.215891,0.053927,1,3,22.833420,0.033343,0,0
6.870062,0.218502,256.027700,432.332500,1,1,1,1,2,2,0.734360,0.739878,0.734310,0.739688,0.736999,0.014356,0.973618,0.227733,0.014357,0.973600,0.227810,0.013609,0.972990,0.230427,10.436450,-5.208212,0.057951,1,3,22.841470,0.033418,0,0
6.880063,0.219140,255.975700,432.555000,1,1,1,1,2,2,0.734463,0.739770,0.734340,0.739740,0.737040,0.014358,0.973639,0.227640,0.014357,0.973600,0.227810,0.013674,0.973043,0.230202,10.339440,-5.201413,0.061554,1,3,22.849480,0.033425,0,0
6.890063,0.219782,255.923700,432.777600,1,1,1,1,2,2,0.734437,0.740094,0.734477,0.739910,0.737194,0.014358,0.973639,0.227640,0.014357,0.973600,0.227810,0.013733,0.973091,0.229996,10.235270,-5.195555,0.064634,1,3,22.857470,0.033373,0,0
6.900063,0.220429,255.871800,433.000200,1,1,1,1,2,2,0.734719,0.740023,0.734697,0.740078,0.737387,0.014358,0.973608,0.227775,0.014357,0.973600,0.227810,0.013786,0.973135,0.229808,10.139700,-5.190709,0.067081,1,3,22.865420,0.033268,0,0
6.910063,0.221080,255.820000,433.223000,1,1,1,1,2,2,0.735013,0.740369,0.734941,0.740349,0.737645,0.014355,0.973590,0.227853,0.014357,0.973600,0.227810,0.013835,0.973175,0.229636,10.047110,-5.186790,0.068944,1,3,22.873340,0.033116,0,0
6.920063,0.221735,255.768100,433.445900,1,1,1,1,2,2,0.735298,0.740691,0.735280,0.740665,0.737972,0.014358,0.973583,0.227882,0.014357,0.973600,0.227810,0.013880,0.973211,0.229479,9.956676,-5.183770,0.070223,1,3,22.881240,0.032920,0,0
6.930064,0.222394,255.716300,433.668900,1,1,1,1,2,2,0.735655,0.741013,0.735618,0.741011,0.738314,0.014357,0.973580,0.227896,0.014357,0.973600,0.227810,0.013921,0.973245,0.229335,9.878238,-5.181627,0.070909,1,3,22.889110,0.032685,0,0
6.940064,0.223056,255.664500,433.891900,1,1,1,1,2,2,0.736031,0.741328,0.736011,0.741382,0.738697,0.014357,0.973615,0.227747,0.014357,0.973600,0.227810,0.013959,0.973275,0.229204,9.805036,-5.180244,0.071097,1,3,22.896960,0.032418,0,0
6.950064,0.223722,255.612700,434.115000,1,1,1,1,2,2,0.736355,0.741835,0.736412,0.741805,0.739109,0.014357,0.973615,0.227747,0.014357,0.973600,0.227810,0.013993,0.973303,0.229084,9.738205,-5.179572,0.070815,1,3,22.904790,0.032120,0,0
6.960064,0.224392,255.560900,434.338200,1,1,1,1,2,2,0.736891,0.742270,0.736858,0.742225,0.739541,0.014357,0.973583,0.227882,0.014357,0.973600,0.227810,0.014024,0.973329,0.228974,9.678353,-5.179546,0.070103,1,3,22.912590,0.031797,0,0
6.970065,0.225065,255.509100,434.561500,1,1,1,1,2,2,0.738936,0.743992,0.738943,0.744029,0.741486,0.014623,0.974108,0.225611,0.014621,0.974139,0.225477,0.014076,0.973398,0.228673,9.474367,-5.180100,0.064289,1,3,22.920370,0.031448,0,0
6.980065,0.225741,255.457300,434.784800,1,1,1,1,2,2,0.738707,0.743956,0.738772,0.743977,0.741375,0.014621,0.974145,0.225448,0.014621,0.974139,0.225477,0.014123,0.973462,0.228398,9.676291,-5.182633,0.057039,1,3,22.928110,0.031314,0,0
6.990065,0.226421,255.405500,435.008200,1,1,1,1,2,2,0.738799,0.744125,0.738615,0.744197,0.741406,0.014880,0.974222,0.225100,0.014879,0.974191,0.225233,0.014188,0.973525,0.228126,9.800501,-5.183193,0.051867,1,3,22.935820,0.031117,0,0
7.000065,0.227104,255.353700,435.231800,1,1,1,1,2,2,0.738507,0.744089,0.738484,0.744078,0.741281,0.014878,0.974170,0.225327,0.014879,0.974191,0.225233,0.014247,0.973582,0.227877,9.908136,-5.182538,0.048484,1,3,22.943500,0.031102,0,0
7.010066,0.227790,255.301800,435.455300,1,1,1,1,2,2,0.738565,0.743985,0.738399,0.743970,0.741184,0.014879,0.974198,0.225206,0.014879,0.974191,0.225233,0.014302,0.973635,0.227649,9.971277,-5.180829,0.046676,1,3,22.951150,0.031036,0,0
7.020066,0.228481,255.250100,435.679000,1,1,1,1,2,2,0.736969,0.742812,0.736945,0.742795,0.739870,0.015144,0.974695,0.223027,0.015143,0.974724,0.222898,0.014374,0.973730,0.227240,10.345510,-5.178500,0.041207,1,3,22.958770,0.030914,0,0
7.030066,0.229176,255.198300,435.902700,1,1,1,1,2,2,0.736282,0.742333,0.736350,0.742313,0.739331,0.015143,0.974725,0.222892,0.015143,0.974724,0.222898,0.014440,0.973816,0.226867,10.465320,-5.172520,0.040329,1,3,22.966350,0.030961,0,0
7.040066,0.229875,255.146700,436.126600,1,1,1,1,2,2,0.735883,0.741633,0.735873,0.741659,0.738766,0.015399,0.974749,0.222771,0.015400,0.974776,0.222653,0.014523,0.973899,0.226504,10.553800,-5.165367,0.040891,1,3,22.973880,0.030943,0,0
7.050066,0.230579,255.095100,436.350500,1,1,1,1,2,2,0.735484,0.741260,0.735468,0.741243,0.738356,0.015401,0.974746,0.222785,0.015400,0.974776,0.222653,0.014598,0.973974,0.226173,10.574120,-5.157348,0.043062,1,3,22.981380,0.031106,0,0
7.060067,0.231287,255.043600,436.574600,1,1,1,1,2,2,0.735217,0.740955,0.735152,0.740931,0.738042,0.015401,0.974804,0.222529,0.015400,0.974776,0.222653,0.014667,0.974043,0.225870,10.555440,-5.149127,0.046098,1,3,22.988840,0.031205,0,0
7.070067,0.232000,254.992200,436.798700,1,1,1,1,2,2,0.734981,0.740767,0.734966,0.740730,0.737848,0.015398,0.974756,0.222743,0.015400,0.974776,0.222653,0.014731,0.974106,0.225593,10.504630,-5.141084,0.049550,1,3,22.996260,0.031240,0,0
7.080067,0.232718,254.940900,437.023000,1,1,1,1,2,2,0.735049,0.740673,0.734855,0.740648,0.737752,0.015401,0.974777,0.222650,0.015400,0.974776,0.222653,0.014788,0.974164,0.225340,10.435130,-5.133534,0.053046,1,3,23.003650,0.031218,0,0
7.090067,0.233440,254.889600,437.247300,1,1,1,1,2,2,0.734872,0.740658,0.734855,0.740644,0.737750,0.015400,0.974749,0.222771,0.015400,0.974776,0.222653,0.014841,0.974217,0.225109,10.353330,-5.126658,0.056351,1,3,23.011000,0.031145,0,0
7.100068,0.234167,254.838400,437.471700,1,1,1,1,2,2,0.734863,0.740625,0.734914,0.740708,0.737811,0.015401,0.974811,0.222502,0.015400,0.974776,0.222653,0.014889,0.974265,0.224897,10.269080,-5.120578,0.059299,1,3,23.018330,0.031025,0,0
7.110068,0.234897,254.787200,437.696200,1,1,1,1,2,2,0.734954,0.740851,0.735041,0.740827,0.737934,0.015402,0.974774,0.222664,0.015400,0.974776,0.222653,0.014933,0.974309,0.224704,10.184250,-5.115315,0.061827,1,3,23.025620,0.030862,0,0
7.120068,0.235632,254.736100,437.920800,1,1,1,1,2,2,0.735181,0.741059,0.735238,0.741035,0.738137,0.015400,0.974777,0.222650,0.015400,0.974776,0.222653,0.014973,0.974349,0.224528,10.096530,-5.110878,0.063891,1,3,23.032890,0.030663,0,0
7.130068,0.236371,254.685100,438.145500,1,1,1,1,2,2,0.735688,0.741220,0.735487,0.741280,0.738384,0.015399,0.974805,0.222529,0.015400,0.974776,0.222653,0.015010,0.974386,0.224366,10.013900,-5.107292,0.065431,1,3,23.040130,0.030431,0,0
7.140069,0.237113,254.634000,438.370200,1,1,1,1,2,2,0.735847,0.741636,0.735807,0.741585,0.738696,0.015397,0.974759,0.222729,0.015400,0.974776,0.222653,0.015044,0.974419,0.224219,9.932106,-5.104509,0.066467,1,3,23.047340,0.030167,0,0
7.150069,0.237859,254.583000,438.595100,1,1,1,1,2,2,0.736156,0.741944,0.736137,0.741931,0.739034,0.015399,0.974752,0.222757,0.015400,0.974776,0.222653,0.015074,0.974450,0.224084,9.858730,-5.102521,0.066980,1,3,23.054530,0.029880,0,0
7.160069,0.238609,254.532000,438.820000,1,1,1,1,2,2,0.736547,0.742335,0.736513,0.742270,0.739391,0.015397,0.974759,0.222729,0.015400,0.974776,0.222653,0.015102,0.974478,0.223961,9.793466,-5.101246,0.067029,1,3,23.061700,0.029568,0,0
7.170069,0.239362,254.481000,439.045000,1,1,1,1,2,2,0.736817,0.742850,0.736878,0.742671,0.739774,0.015401,0.974804,0.222529,0.015400,0.974776,0.222653,0.015128,0.974504,0.223848,9.733691,-5.100604,0.066673,1,3,23.068850,0.029236,0,0
7.180069,0.240118,254.430000,439.270000,1,1,1,1,2,2,0.737458,0.743082,0.737272,0.743062,0.740167,0.015401,0.974777,0.222650,0.015400,0.974776,0.222653,0.015152,0.974527,0.223746,9.681479,-5.100541,0.065945,1,3,23.075980,0.028888,0,0
7.190070,0.240877,254.379000,439.495100,1,1,1,1,2,2,0.813095,0.817109,0.728043,0.730894,0.729468,0.007790,0.997408,0.071533,0.007700,0.975005,0.222050,0.014510,0.974571,0.223600,11.666770,-5.100985,0.063581,1,3,23.083080,0.028603,0,0
7.200070,0.241641,254.328100,439.720400,1,1,1,1,2,2,0.730357,0.733237,0.730215,0.733081,0.731648,0.009076,0.975639,0.219196,0.007700,0.975621,0.219329,0.013924,0.974663,0.223233,10.969070,-5.082076,0.075830,1,3,23.090230,0.022954,0,0
7.210070,0.242409,254.277400,439.945700,1,1,1,1,2,2,0.731757,0.734620,0.731750,0.734591,0.733171,0.007699,0.976212,0.216682,0.007701,0.976230,0.216600,0.013389,0.974801,0.222663,10.684990,-5.069967,0.076284,1,3,23.097320,0.016326,0,0
7.220070,0.243180,254.226800,440.171100,1,1,1,1,2,2,0.771922,0.776227,0.734376,0.737239,0.735808,0.007721,0.988778,0.149194,0.007701,0.977431,0.211117,0.012899,0.975034,0.221671,10.522690,-5.060620,0.063879,1,3,23.104340,0.010588,0,0
7.230071,0.243952,254.176300,440.396700,1,1,1,1,2,2,0.734136,0.737249,0.734273,0.737143,0.735708,0.006923,0.978035,0.208325,0.007701,0.978021,0.208363,0.012452,0.975300,0.220528,10.983610,-5.052839,0.046266,1,3,23.111240,0.005500,0,0
7.240071,0.244726,254.125900,440.622300,1,1,1,1,2,2,0.723221,0.722897,0.723057,0.723005,0.723031,0.000000,0.978768,0.204973,0.000000,0.978766,0.204983,0.011381,0.975614,0.219193,13.709300,-5.040542,0.028636,1,3,23.118020,0.002147,0,0
7.250071,0.245504,254.075900,440.848100,1,1,1,1,2,2,0.720782,0.720970,0.720933,0.720866,0.720899,-0.002605,0.981034,0.193817,0.000000,0.981010,0.193960,0.010402,0.976108,0.217028,14.349440,-5.001629,0.018574,1,3,23.124730,-0.005709,0,0
7.260071,0.246285,254.026300,441.074000,1,1,1,1,2,2,0.716452,0.716381,0.716507,0.716440,0.716474,0.000950,0.982076,0.188482,0.000000,0.982089,0.188420,0.009507,0.976660,0.214574,15.414640,-4.956427,0.008046,1,3,23.131210,-0.014786,0,0
7.270072,0.247069,253.977300,441.300100,1,1,1,1,2,2,0.710922,0.710952,0.710985,0.710917,0.710951,-0.000008,0.983118,0.182971,0.000000,0.983138,0.182863,0.008689,0.977261,0.211854,16.569330,-4.900774,0.001858,1,3,23.137450,-0.022572,0,0
7.280072,0.247856,253.929000,441.526500,1,1,1,1,2,2,0.705049,0.704914,0.705041,0.704974,0.705007,0.000319,0.985152,0.171684,0.000000,0.985150,0.171695,0.007941,0.978008,0.208411,17.940630,-4.833780,-0.009907,1,3,23.143430,-0.029496,0,0
7.290072,0.248645,253.881400,441.753000,1,1,1,1,2,2,0.697387,0.697326,0.697300,0.697232,0.697266,-0.001825,0.986109,0.166088,0.000000,0.986111,0.166087,0.007258,0.978779,0.204783,19.402870,-4.753297,-0.012358,1,3,23.149080,-0.035553,0,0
7.300072,0.249437,253.834900,441.979800,1,1,1,1,2,2,0.688794,0.688844,0.688844,0.688784,0.688814,-0.000001,0.987058,0.160364,0.000000,0.987042,0.160462,0.006634,0.979571,0.200984,20.729270,-4.658417,-0.004249,1,3,23.154400,-0.040920,0,0
7.310072,0.250231,253.789400,442.206900,1,1,1,1,2,2,0.680157,0.680117,0.680172,0.680119,0.680145,-0.002102,0.988792,0.149285,0.000000,0.988812,0.149165,0.006063,0.980475,0.196544,22.142980,-4.550449,0.001972,1,3,23.159440,-0.045814,0,0
7.320073,0.251026,253.745100,442.434300,1,1,1,1,2,2,0.670199,0.670354,0.670297,0.670229,0.670263,-0.000002,0.989656,0.143462,0.000000,0.989651,0.143495,0.005542,0.981379,0.191999,23.484370,-4.428503,0.019824,1,3,23.164140,-0.050130,0,0
7.330073,0.251824,253.702100,442.661900,1,1,1,1,2,2,0.660066,0.660119,0.660074,0.660014,0.660044,-0.000002,0.990469,0.137733,0.000000,0.990459,0.137810,0.005065,0.982279,0.187355,24.608970,-4.293268,0.048771,1,3,23.168570,-0.054010,0,0
7.340073,0.252623,253.660700,442.889900,1,1,1,1,2,2,0.649849,0.649729,0.649801,0.649748,0.649774,0.000073,0.991993,0.126290,0.000000,0.991979,0.126400,0.004630,0.983262,0.182134,25.803390,-4.146859,0.075323,1,3,23.172810,-0.057562,0,0
7.350073,0.253422,253.620800,443.118200,1,1,1,1,2,2,0.638786,0.638733,0.638868,0.638823,0.638845,0.000001,0.992676,0.120809,0.000000,0.992692,0.120676,0.004232,0.984225,0.176869,26.843550,-3.988554,0.112782,1,3,23.176820,-0.060665,0,0
7.360074,0.254222,253.582600,443.346900,1,1,1,1,2,2,0.628170,0.628115,0.628276,0.628223,0.628249,-0.002800,0.994026,0.109106,0.000000,0.994021,0.109192,0.003868,0.985250,0.171072,27.877230,-3.819860,0.148130,1,3,23.180690,-0.063462,0,0
7.370074,0.255022,253.546200,443.575800,1,1,1,1,2,2,0.616890,0.617110,0.617031,0.616985,0.617008,0.003363,0.994621,0.103526,0.000000,0.994636,0.103434,0.003536,0.986240,0.165278,28.766860,-3.640810,0.193869,1,3,23.184400,-0.065896,0,0
7.380074,0.255821,253.511600,443.805100,1,1,1,1,2,2,0.605926,0.605893,0.605957,0.605911,0.605934,0.000001,0.995218,0.097682,0.000000,0.995219,0.097665,0.003232,0.987195,0.159484,29.402960,-3.452819,0.248533,1,3,23.188030,-0.068054,0,0
7.390074,0.256619,253.479100,444.034700,1,1,1,1,2,2,0.595298,0.595263,0.595224,0.595186,0.595205,0.001246,0.996275,0.086224,0.000000,0.996287,0.086098,0.002954,0.988191,0.153197,30.108390,-3.258388,0.297957,1,3,23.191670,-0.069993,0,0
7.400074,0.257415,253.448500,444.264600,1,1,1,1,2,2,0.584235,0.584332,0.584288,0.584250,0.584269,-0.000007,0.996774,0.080256,0.000000,0.996771,0.080301,0.002700,0.989140,0.146950,30.650310,-3.056810,0.355391,1,3,23.195250,-0.071612,0,0
7.410075,0.258210,253.420000,444.494900,1,1,1,1,2,2,0.565465,0.565152,0.573687,0.573649,0.573668,-0.000004,0.996342,-0.085455,0.000000,0.997221,0.074496,0.002468,0.990044,0.140739,30.974550,-2.849709,0.419100,1,3,23.198850,-0.073007,0,0
7.420075,0.259001,253.393600,444.725400,1,1,1,1,2,2,0.563240,0.563341,0.563331,0.563308,0.563319,-0.005555,0.998017,0.062703,0.000000,0.998022,0.062864,0.002256,0.990970,0.134064,31.444640,-2.639245,0.475172,1,3,23.202500,-0.074219,0,0
7.430075,0.259790,253.369400,444.956200,1,1,1,1,2,2,0.553153,0.553001,0.553124,0.553101,0.553112,-0.000002,0.998368,0.057107,0.000000,0.998372,0.057038,0.002062,0.991841,0.127459,31.729340,-2.423962,0.537617,1,3,23.206130,-0.075151,0,0
7.440075,0.260575,253.347300,445.187300,1,1,1,1,2,2,0.543524,0.543363,0.543389,0.543366,0.543378,0.001708,0.998967,0.045403,0.000000,0.998970,0.045369,0.001885,0.992721,0.120420,32.111840,-2.205712,0.592751,1,3,23.209790,-0.075924,0,0
7.450076,0.261356,253.327500,445.418500,1,1,1,1,2,2,0.535504,0.533683,0.533698,0.533682,0.533690,0.000586,0.999281,0.037899,0.000000,0.999219,0.039527,0.001723,0.993538,0.113481,32.330590,-1.983519,0.654073,1,3,23.213410,-0.076463,0,0
7.460076,0.262133,253.309900,445.650100,1,1,1,1,2,2,0.524387,0.524623,0.524502,0.524495,0.524498,-0.000004,0.999436,0.033575,0.000000,0.999433,0.033681,0.001575,0.994297,0.106635,32.350940,-1.759024,0.719736,1,3,23.217010,-0.076850,0,0
7.470076,0.262906,253.294500,445.881700,1,1,1,1,2,2,0.515603,0.515723,0.515613,0.515605,0.515609,-0.001758,0.999756,0.022002,0.000000,0.999758,0.021980,0.001440,0.995049,0.099370,32.555180,-1.534216,0.775863,1,3,23.220580,-0.077116,0,0
7.480076,0.263674,253.281400,446.113600,1,1,1,1,2,2,0.507137,0.507006,0.507021,0.507013,0.507017,-0.000001,0.999870,0.016151,0.000000,0.999870,0.016126,0.001316,0.995737,0.092224,32.584720,-1.307270,0.836818,1,3,23.224060,-0.077184,0,0
7.490077,0.264437,253.270600,446.345600,1,1,1,1,2,2,0.498878,0.498895,0.498904,0.498904,0.498904,-0.002710,0.999987,0.004325,0.000000,0.999990,0.004413,0.001203,0.996407,0.084685,32.749480,-1.079943,0.888904,1,3,23.227440,-0.077151,0,0
7.500077,0.265194,253.262100,446.577800,1,1,1,1,2,2,0.490822,0.490951,0.490967,0.490967,0.490967,-0.001591,0.999997,-0.001655,0.000000,0.999999,-0.001445,0.001100,0.997008,0.077288,32.757650,-0.850896,0.945959,1,3,23.230670,-0.076953,0,0
7.510077,0.265947,253.255900,446.810000,1,1,1,1,2,2,0.483548,0.483556,0.483562,0.483570,0.483566,-0.000001,0.999973,-0.007376,0.000000,0.999973,-0.007302,0.001005,0.997545,0.070020,32.590770,-0.621709,1.006130,1,3,23.233730,-0.076658,0,0
7.520077,0.266692,253.253600,447.041800,1,1,1,1,2,2,0.478048,0.478179,0.478057,0.478064,0.478060,0.000034,0.999816,-0.019201,0.000000,0.999819,-0.019014,0.000919,0.998053,0.062369,28.266370,-0.227384,1.218946,1,3,23.182990,-0.095446,0,0
7.530077,0.267427,253.258300,447.272000,1,1,1,1,2,2,0.477800,0.477694,0.477682,0.477690,0.477686,-0.000003,0.999693,-0.024797,0.000000,0.999691,-0.024868,0.000840,0.998493,0.054870,16.545810,0.427376,1.690636,1,3,23.037590,-0.126199,0,0
7.540078,0.268154,253.264800,447.501800,1,1,1,1,2,2,0.468680,0.468778,0.477212,0.477234,0.477223,0.000000,0.999534,0.030516,0.000000,0.999331,-0.036566,0.000768,0.998894,0.047007,17.644010,0.569457,1.650200,1,3,23.010400,-0.081681,0,0
7.550078,0.268874,253.273300,447.731100,1,1,1,1,2,2,0.476859,0.476878,0.476850,0.476873,0.476862,-0.001832,0.999096,-0.042477,0.000000,0.999100,-0.042410,0.000702,0.999226,0.039316,17.740560,0.746771,1.649069,1,3,22.975650,-0.082578,0,0
7.560078,0.269585,253.284300,447.959700,1,1,1,1,2,2,0.477185,0.477337,0.477288,0.477311,0.477300,0.000004,0.998838,-0.048198,0.000000,0.998835,-0.048249,0.000642,0.999494,0.031782,16.527320,0.966986,1.694551,1,3,22.927130,-0.084814,0,0
7.570078,0.270289,253.296300,448.188100,1,1,1,1,2,2,0.476921,0.476830,0.476763,0.476794,0.476779,-0.001232,0.998204,-0.059901,0.000000,0.998204,-0.059913,0.000587,0.999714,0.023889,17.786710,1.101870,1.648014,1,3,22.899730,-0.076790,0,0
7.580079,0.270984,253.311300,448.415500,1,1,1,1,2,2,0.477467,0.477489,0.477426,0.477464,0.477445,-0.003007,0.997824,-0.065863,0.000000,0.997837,-0.065736,0.000536,0.999869,0.016172,15.607760,1.361899,1.730432,1,3,22.837160,-0.084627,0,0
7.590079,0.271672,253.327100,448.642800,1,1,1,1,2,2,0.477046,0.477347,0.477244,0.477289,0.477266,0.000000,0.997443,-0.071468,0.000000,0.997437,-0.071552,0.000490,0.999962,0.008617,16.595020,1.496193,1.692266,1,3,22.804850,-0.074634,0,0
7.600079,0.272353,253.344400,448.869600,1,1,1,1,2,2,0.476519,0.476439,0.476437,0.476490,0.476464,-0.000245,0.996525,-0.083299,0.000000,0.996536,-0.083162,0.000448,0.999999,0.000710,17.970310,1.626890,1.643049,1,3,22.776620,-0.072223,0,0
7.610079,0.273026,253.364900,449.095300,1,1,1,1,2,2,0.477313,0.477220,0.477217,0.477263,0.477240,0.000002,0.996041,-0.088891,0.000000,0.996036,-0.088954,0.000410,0.999975,-0.007017,15.819360,1.882346,1.723487,1,3,22.713480,-0.078713,0,0
7.620080,0.273692,253.386000,449.320800,1,1,1,1,2,2,0.477060,0.477113,0.477077,0.477130,0.477104,0.000003,0.995513,-0.094629,0.000000,0.995502,-0.094739,0.000374,0.999893,-0.014579,16.805730,2.014520,1.684981,1,3,22.680210,-0.070053,0,0
7.630080,0.274350,253.409900,449.545300,1,1,1,1,2,2,0.477626,0.477564,0.477501,0.477562,0.477531,0.000625,0.994319,-0.106440,0.000000,0.994337,-0.106276,0.000342,0.999747,-0.022487,14.846550,2.266677,1.760212,1,3,22.611810,-0.075821,0,0
7.640080,0.275001,253.434600,449.769400,1,1,1,1,2,2,0.477353,0.477292,0.477336,0.477404,0.477370,-0.000003,0.993703,-0.112048,0.000000,0.993705,-0.112030,0.000313,0.999543,-0.030211,15.947830,2.396451,1.717245,1,3,22.573910,-0.067692,0,0
7.650080,0.275645,253.460700,449.993000,1,1,1,1,2,2,0.471579,0.473870,0.476996,0.477049,0.477023,-0.000001,0.994128,-0.108213,0.000000,0.993041,-0.117771,0.000286,0.999286,-0.037766,17.063090,2.522739,1.675034,1,3,22.540540,-0.065467,0,0
7.660080,0.276281,253.489700,450.215500,1,1,1,1,2,2,0.477452,0.477513,0.477374,0.477449,0.477412,-0.000337,0.991617,-0.129213,0.000000,0.991616,-0.129220,0.000262,0.998957,-0.045661,15.161790,2.769307,1.748156,1,3,22.472120,-0.070395,0,0
7.670081,0.276911,253.519500,450.437500,1,1,1,1,2,2,0.477214,0.477291,0.477237,0.477312,0.477275,-0.000001,0.990836,-0.135073,0.000000,0.990856,-0.134924,0.000239,0.998575,-0.053369,16.261110,2.896369,1.705020,1,3,22.433820,-0.063317,0,0
7.680081,0.277535,253.550700,450.659100,1,1,1,1,2,2,0.469297,0.471031,0.476910,0.476986,0.476948,-0.000002,0.992190,-0.124739,0.000000,0.990064,-0.140616,0.000219,0.998143,-0.060904,17.376580,3.019959,1.662582,1,3,22.400070,-0.061267,0,0
7.690081,0.278150,253.584700,450.879300,1,1,1,1,2,2,0.477177,0.477397,0.477281,0.477364,0.477323,0.002068,0.988383,-0.151970,0.000000,0.988387,-0.151957,0.000200,0.997632,-0.068771,15.516720,3.261109,1.734079,1,3,22.331790,-0.065305,0,0
7.700081,0.278760,253.619400,451.099300,1,1,1,1,2,2,0.477099,0.477322,0.477173,0.477256,0.477214,0.000003,0.987508,-0.157568,0.000000,0.987502,-0.157606,0.000183,0.997073,-0.076449,16.612430,3.385243,1.690813,1,3,22.293310,-0.059066,0,0
7.710082,0.279363,253.655500,451.318600,1,1,1,1,2,2,0.476961,0.476911,0.476861,0.476959,0.476910,0.000002,0.986599,-0.163162,0.000000,0.986587,-0.163239,0.000167,0.996470,-0.083951,17.724690,3.506021,1.648278,1,3,22.259370,-0.057203,0,0
7.720082,0.279959,253.694300,451.536600,1,1,1,1,2,2,0.477246,0.477356,0.477270,0.477361,0.477315,0.005287,0.984648,-0.174471,0.000000,0.984665,-0.174456,0.000153,0.995779,-0.091779,15.898060,3.741488,1.718150,1,3,22.191460,-0.060651,0,0
7.730082,0.280550,253.733800,451.754300,1,1,1,1,2,2,0.477195,0.477180,0.477168,0.477266,0.477217,0.000000,0.983670,-0.179983,0.000000,0.983659,-0.180041,0.000139,0.995046,-0.099415,16.989550,3.862622,1.674912,1,3,22.152940,-0.055106,0,0
7.740082,0.281135,253.774600,451.971400,1,1,1,1,2,2,0.476956,0.477030,0.476879,0.476976,0.476927,-0.000007,0.982618,-0.185640,0.000000,0.982624,-0.185607,0.000128,0.994272,-0.106872,18.098520,3.980424,1.632334,1,3,22.118970,-0.053356,0,0
7.750082,0.281712,253.818100,452.187100,1,1,1,1,2,2,0.477272,0.477492,0.477291,0.477395,0.477343,-0.001430,0.980457,-0.196727,0.000000,0.980466,-0.196687,0.000117,0.993406,-0.114648,16.307750,4.210035,1.700633,1,3,22.051570,-0.056318,0,0
7.760083,0.282285,253.862200,452.402500,1,1,1,1,2,2,0.477227,0.477187,0.477226,0.477330,0.477278,0.002038,0.979317,-0.202322,0.000000,0.979345,-0.202197,0.000107,0.992502,-0.122228,17.392190,4.327929,1.657370,1,3,22.013230,-0.051374,0,0
7.770083,0.282852,253.907500,452.617300,1,1,1,1,2,2,0.476986,0.477115,0.476944,0.477063,0.477004,0.000000,0.978173,-0.207795,0.000000,0.978195,-0.207690,0.000097,0.991562,-0.129629,18.495860,4.442654,1.614828,1,3,21.979370,-0.049728,0,0
7.780083,0.283412,253.955400,452.830700,1,1,1,1,2,2,0.523854,0.521433,0.477960,0.478072,0.478016,-0.000856,0.990166,-0.139897,0.000000,0.977016,-0.213164,0.000089,0.990590,-0.136864,16.371000,4.666312,1.692152,1,3,21.912640,-0.052251,0,0
7.790083,0.283968,254.004000,453.043700,1,1,1,1,2,2,0.477438,0.477408,0.477317,0.477443,0.477380,-0.002633,0.974538,-0.224207,0.000000,0.974578,-0.224049,0.000081,0.989516,-0.144420,17.585060,4.780427,1.647746,1,3,21.873330,-0.047888,0,0
7.800084,0.284518,254.053700,453.256100,1,1,1,1,2,2,0.477087,0.477214,0.477052,0.477178,0.477115,0.000000,0.973330,-0.229408,0.000000,0.973318,-0.229462,0.000074,0.988412,-0.151791,18.704040,4.891852,1.604464,1,3,21.838900,-0.046350,0,0
7.810084,0.285062,254.105900,453.467100,1,1,1,1,2,2,0.478057,0.478091,0.477996,0.478122,0.478059,-0.000001,0.972016,-0.234914,0.000000,0.972031,-0.234851,0.000068,0.987280,-0.158991,16.653100,5.109179,1.679257,1,3,21.772290,-0.048492,0,0
7.820084,0.285601,254.158700,453.677700,1,1,1,1,2,2,0.477480,0.477613,0.477460,0.477593,0.477527,0.000515,0.969401,-0.245484,0.000000,0.969379,-0.245569,0.000062,0.986041,-0.166502,17.862150,5.219726,1.634245,1,3,21.732830,-0.044564,0,0
7.830084,0.286136,254.212600,453.887700,1,1,1,1,2,2,0.477226,0.477375,0.477219,0.477360,0.477290,-0.003017,0.967977,-0.251022,0.000000,0.968015,-0.250892,0.000057,0.984777,-0.173823,18.987050,5.327735,1.590460,1,3,21.698230,-0.043148,0,0
7.840085,0.286665,254.267800,454.096900,1,1,1,1,2,2,0.476841,0.477123,0.476928,0.477076,0.477002,-0.000001,0.966600,-0.256292,0.000000,0.966625,-0.256195,0.000052,0.983489,-0.180969,20.039020,5.435428,1.549946,1,3,21.667370,-0.041862,0,0
7.850085,0.287189,254.325500,454.304700,1,1,1,1,2,2,0.477968,0.478103,0.477949,0.478096,0.478023,0.000003,0.965214,-0.261463,0.000000,0.965210,-0.261475,0.000047,0.982177,-0.187955,17.962130,5.645410,1.625159,1,3,21.604830,-0.043689,0,0
7.860085,0.287709,254.383700,454.512100,1,1,1,1,2,2,0.477281,0.477441,0.477354,0.477501,0.477427,0.001840,0.962324,-0.271899,0.000000,0.962308,-0.271962,0.000043,0.980753,-0.195249,19.110930,5.752352,1.582935,1,3,21.568590,-0.040238,0,0
7.870085,0.288224,254.443000,454.718900,1,1,1,1,2,2,0.477107,0.477342,0.477132,0.477279,0.477205,0.000214,0.960825,-0.277155,0.000000,0.960820,-0.277172,0.000040,0.979310,-0.202363,20.167870,5.856883,1.541688,1,3,21.536940,-0.039000,0,0
7.880085,0.288734,254.504500,454.924300,1,1,1,1,2,2,0.477962,0.478022,0.478017,0.478171,0.478094,-0.000002,0.959281,-0.282454,0.000000,0.959310,-0.282354,0.000036,0.977849,-0.209310,18.181050,6.060489,1.614190,1,3,21.474310,-0.040569,0,0
7.890086,0.289240,254.566600,455.129300,1,1,1,1,2,2,0.478275,0.478376,0.478191,0.478352,0.478272,0.000003,0.957802,-0.287430,0.000000,0.957777,-0.287513,0.000033,0.976371,-0.216102,18.967480,6.163646,1.580873,1,3,21.437840,-0.037423,0,0
7.900086,0.289742,254.629800,455.333600,1,1,1,1,2,2,0.477404,0.477637,0.477409,0.478373,0.477891,-0.001801,0.954652,-0.297718,0.000000,0.955434,-0.295204,0.000030,0.974824,-0.222975,19.972640,6.264223,1.542799,1,3,21.404660,-0.036283,0,0
7.910086,0.290239,254.694100,455.537200,1,1,1,1,2,2,0.229942,0.233250,0.476292,0.476458,0.476375,0.000364,0.982246,0.187596,0.000000,0.953837,-0.300325,0.000028,0.973262,-0.229695,21.113840,6.364599,1.507455,1,3,21.374780,-0.035228,0,0
7.920086,0.290732,254.760100,455.739800,1,1,1,1,1,1,0.479632,0.480099,0.479767,0.479928,0.479847,-0.000483,0.956201,-0.292709,0.000000,0.956197,-0.292725,0.000025,0.971956,-0.235163,19.323530,6.513109,1.553554,1,3,21.331870,-0.035424,0,0
7.930087,0.291221,254.827500,455.941400,1,1,1,1,1,1,0.481169,0.481020,0.480971,0.481131,0.481051,0.000000,0.954634,-0.297783,0.000000,0.954618,-0.297833,0.000023,0.970624,-0.240599,17.945590,6.658458,1.599480,1,3,21.282090,-0.034942,0,0
7.940087,0.291707,254.894800,456.142900,1,1,1,1,1,1,0.480681,0.481100,0.480789,0.480949,0.480869,0.000007,0.953028,-0.302883,0.000000,0.953017,-0.302917,0.000021,0.969268,-0.246007,18.830430,6.730679,1.564864,1,3,21.251930,-0.032620,0,0
7.950087,0.292189,254.962900,456.343900,1,1,1,1,1,1,0.476314,0.476484,0.476547,0.476706,0.476626,-0.002297,0.949643,-0.313326,0.000000,0.949750,-0.313009,0.000019,0.967773,-0.251825,20.445130,6.811185,1.530239,1,3,21.221830,-0.031885,0,0
7.960087,0.292667,255.032000,456.544300,1,1,1,1,1,1,0.862677,0.864131,0.479440,0.479612,0.479526,0.000006,0.674803,0.737998,0.000000,0.949750,-0.313009,0.000018,0.966375,-0.257135,20.089940,6.906984,1.523020,1,3,21.192300,-0.031147,0,0
7.970088,0.293142,255.102000,456.744000,0,0,0,0,0,0,0.000000,0.000000,0.000000,0.000000,0.479526,0.000000,0.000000,0.000000,0.000000,0.949750,-0.313009,0.000018,0.966375,-0.257135,0.000000,6.999007,1.628426,0,4,21.161990,-0.030359,0,0
7.980088,0.293617,255.171000,456.943700,0,0,0,0,0,0,0.000000,0.000000,0.000000,0.000000,0.479526,0.000000,0.000000,0.000000,0.000000,0.949750,-0.313009,0.000018,0.966375,-0.257135,0.000000,6.900907,1.533624,0,4,21.129750,0.003875,0,0
7.990088,0.294091,255.239000,457.143400,0,0,0,0,0,0,0.000000,0.000000,0.000000,0.000000,0.479526,0.000000,0.000000,0.000000,0.000000,0.949750,-0.313009,0.000018,0.966375,-0.257135,0.000000,6.802807,1.438823,0,4,21.097910,0.003875,0,0
8.000088,0.294566,255.306000,457.343100,0,0,0,0,0,0,0.000000,0.000000,0.000000,0.000000,0.479526,0.000000,0.000000,0.000000,0.000000,0.949750,-0.313009,0.000018,0.966375,-0.257135,0.000000,6.704707,1.344021,0,4,21.066480,0.003875,0,0
8.010088,0.295041,255.372100,457.542800,0,0,0,0,0,0,0.000000,0.000000,0.000000,0.000000,0.479526,0.000000,0.000000,0.000000,0.000000,0.949750,-0.313009,0.000018,0.966375,-0.257135,0.000000,6.606606,1.249219,0,4,21.035470,0.003875,0,0
8.020088,0.295516,255.437200,457.742500,0,0,0,0,0,0,0.000000,0.000000,0.000000,0.000000,0.479526,0.000000,0.000000,0.000000,0.000000,0.949750,-0.313009,0.000018,0.966375,-0.257135,0.000000,6.508506,1.154418,0,4,21.004860,0.003875,0,0
8.030088,0.295990,255.501300,457.942200,0,0,0,0,0,0,0.000000,0.000000,0.000000,0.000000,0.479526,0.000000,0.000000,0.000000,0.000000,0.949750,-0.313009,0.000018,0.966375,-0.257135,0.000000,6.410406,1.059616,0,4,20.974670,0.003875,0,0
8.040089,0.296465,255.564400,458.141900,0,0,0,0,0,0,0.000000,0.000000,0.000000,0.000000,0.479526,0.000000,0.000000,0.000000,0.000000,0.949750,-0.313009,0.000018,0.966375,-0.257135,0.000000,6.312306,0.964815,0,4,20.944900,0.003875,0,0
8.050089,0.296940,255.626600,458.341600,0,0,0,0,0,0,0.000000,0.000000,0.000000,0.000000,0.479526,0.000000,0.000000,0.000000,0.000000,0.949750,-0.313009,0.000018,0.966375,-0.257135,0.000000,6.214206,0.870013,0,4,20.915540,0.003875,0,0
8.060089,0.297415,255.687700,458.541400,0,0,0,0,0,0,0.000000,0.000000,0.000000,0.000000,0.479526,0.000000,0.000000,0.000000,0.000000,0.949750,-0.313009,0.000018,0.966375,-0.257135,0.000000,6.116106,0.775211,0,4,20.886610,0.003875,0,0
8.070089,0.297889,255.747900,458.741100,0,0,0,0,0,0,0.000000,0.000000,0.000000,0.000000,0.479526,0.000000,0.000000,0.000000,0.000000,0.949750,-0.313009,0.000018,0.966375,-0.257135,0.000000,6.018005,0.680410,0,4,20.858090,0.003875,0,0
8.080090,0.298364,255.807100,458.940800,0,0,0,0,0,0,0.000000,0.000000,0.000000,0.000000,0.479526,0.000000,0.000000,0.000000,0.000000,0.949750,-0.313009,0.000018,0.966375,-0.257135,0.000000,5.919905,0.585608,0,4,20.830000,0.003875,0,0
8.090090,0.298839,255.865300,459.140500,0,0,0,0,0,0,0.000000,0.000000,0.000000,0.000000,0.479526,0.000000,0.000000,0.000000,0.000000,0.949750,-0.313009,0.000018,0.966375,-0.257135,0.000000,5.821805,0.490807,0,4,20.802330,0.003875,0,0
8.100090,0.299314,255.922600,459.340200,0,0,0,0,0,0,0.000000,0.000000,0.000000,0.000000,0.479526,0.000000,0.000000,0.000000,0.000000,0.949750,-0.313009,0.000018,0.966375,-0.257135,0.000000,5.723705,0.396005,0,4,20.775090,0.003875,0,0
8.110090,0.299788,255.978800,459.539900,0,0,0,0,0,0,0.000000,0.000000,0.000000,0.000000,0.479526,0.000000,0.000000,0.000000,0.000000,0.949750,-0.313009,0.000018,0.966375,-0.257135,0.000000,5.625605,0.301203,0,4,20.748280,0.003875,0,0
8.120090,0.300263,256.034100,459.739600,0,0,0,0,0,0,0.000000,0.000000,0.000000,0.000000,0.479526,0.000000,0.000000,0.000000,0.000000,0.949750,-0.313009,0.000018,0.966375,-0.257135,0.000000,5.527504,0.206402,0,4,20.721900,0.003875,0,0
8.130091,0.300738,256.088400,459.939300,0,0,0,0,0,0,0.000000,0.000000,0.000000,0.000000,0.479526,0.000000,0.000000,0.000000,0.000000,0.949750,-0.313009,0.000018,0.966375,-0.257135,0.000000,5.429404,0.111600,0,4,20.695940,0.003875,0,0
8.140091,0.301213,256.141700,460.139000,0,0,0,0,0,0,0.000000,0.000000,0.000000,0.000000,0.479526,0.000000,0.000000,0.000000,0.000000,0.949750,-0.313009,0.000018,0.966375,-0.257135,0.000000,5.331304,0.016798,0,4,20.670430,0.003875,0,0
8.150091,0.301687,256.194000,460.338700,0,0,0,0,0,0,0.000000,0.000000,0.000000,0.000000,0.479526,0.000000,0.000000,0.000000,0.000000,0.949750,-0.313009,0.000018,0.966375,-0.257135,0.000000,5.233204,-0.078003,0,4,20.645340,0.003875,0,0
8.160091,0.302162,256.245400,460.538400,0,0,0,0,0,0,0.000000,0.000000,0.000000,0.000000,0.479526,0.000000,0.000000,0.000000,0.000000,0.949750,-0.313009,0.000018,0.966375,-0.257135,0.000000,5.135104,-0.172805,0,4,20.620690,0.003875,0,0
8.170092,0.302637,256.295800,460.738100,0,0,0,0,0,0,0.000000,0.000000,0.000000,0.000000,0.479526,0.000000,0.000000,0.000000,0.000000,0.949750,-0.313009,0.000018,0.966375,-0.257135,0.000000,5.037004,-0.267606,0,4,20.596480,0.003875,0,0
8.180092,0.303112,256.345200,460.937800,0,0,0,0,0,0,0.000000,0.000000,0.000000,0.000000,0.479526,0.000000,0.000000,0.000000,0.000000,0.949750,-0.313009,0.000018,0.966375,-0.257135,0.000000,4.938903,-0.362408,0,4,20.572710,0.003875,0,0
8.190092,0.303586,256.393600,461.137500,0,0,0,0,0,0,0.000000,0.000000,0.000000,0.000000,0.479526,0.000000,0.000000,0.000000,0.000000,0.949750,-0.313009,0.000018,0.966375,-0.257135,0.000000,4.840803,-0.457210,0,4,20.549380,0.003875,0,0
8.200092,0.304061,256.441000,461.337200,0,0,0,0,0,0,0.000000,0.000000,0.000000,0.000000,0.479526,0.000000,0.000000,0.000000,0.000000,0.949750,-0.313009,0.000018,0.966375,-0.257135,0.000000,4.742703,-0.552011,0,4,20.526490,0.003875,0,0
8.210093,0.304536,256.487400,461.537000,0,0,0,0,0,0,0.000000,0.000000,0.000000,0.000000,0.479526,0.000000,0.000000,0.000000,0.000000,0.949750,-0.313009,0.000018,0.966375,-0.257135,0.000000,4.644603,-0.646813,0,4,20.504050,0.003875,0,0
8.220093,0.305011,256.532900,461.736700,0,0,0,0,0,0,0.000000,0.000000,0.000000,0.000000,0.479526,0.000000,0.000000,0.000000,0.000000,0.949750,-0.313009,0.000018,0.966375,-0.257135,0.000000,4.546503,-0.741614,0,4,20.482050,0.003875,0,0
8.230093,0.305485,256.577400,461.936400,0,0,0,0,0,0,0.000000,0.000000,0.000000,0.000000,0.479526,0.000000,0.000000,0.000000,0.000000,0.949750,-0.313009,0.000018,0.966375,-0.257135,0.000000,4.448402,-0.836416,0,4,20.460500,0.003875,0,0
8.240093,0.305960,256.620900,462.136100,0,0,0,0,0,0,0.000000,0.000000,0.000000,0.000000,0.479526,0.000000,0.000000,0.000000,0.000000,0.949750,-0.313009,0.000018,0.966375,-0.257135,0.000000,4.350302,-0.931218,0,4,20.439390,0.003875,0,0
8.250093,0.306435,256.663400,462.335800,0,0,0,0,0,0,0.000000,0.000000,0.000000,0.000000,0.479526,0.000000,0.000000,0.000000,0.000000,0.949750,-0.313009,0.000018,0.966375,-0.257135,0.000000,4.252202,-1.026019,0,4,20.418740,0.003875,0,0
8.260094,0.306910,256.705000,462.535500,0,0,0,0,0,0,0.000000,0.000000,0.000000,0.000000,0.479526,0.000000,0.000000,0.000000,0.000000,0.949750,-0.313009,0.000018,0.966375,-0.257135,0.000000,4.154102,-1.120821,0,4,20.398530,0.003875,0,0
8.270094,0.307384,256.745500,462.735200,0,0,0,0,0,0,0.000000,0.000000,0.000000,0.000000,0.479526,0.000000,0.000000,0.000000,0.000000,0.949750,-0.313009,0.000018,0.966375,-0.257135,0.000000,4.056002,-1.215622,0,4,20.378780,0.003875,0,0
8.280094,0.307859,256.785100,462.934900,0,0,0,0,0,0,0.000000,0.000000,0.000000,0.000000,0.479526,0.000000,0.000000,0.000000,0.000000,0.949750,-0.313009,0.000018,0.966375,-0.257135,0.000000,3.957902,-1.310424,0,4,20.359490,0.003875,0,0
8.290094,0.308334,256.823700,463.134600,0,0,0,0,0,0,0.000000,0.000000,0.000000,0.000000,0.479526,0.000000,0.000000,0.000000,0.000000,0.949750,-0.313009,0.000018,0.966375,-0.257135,0.000000,3.859802,-1.405225,0,4,20.340640,0.003875,0,0
8.300095,0.308809,256.861300,463.334300,0,0,0,0,0,0,0.000000,0.000000,0.000000,0.000000,0.479526,0.000000,0.000000,0.000000,0.000000,0.949750,-0.313009,0.000018,0.966375,-0.257135,0.000000,3.761702,-1.500026,0,4,20.322260,0.003875,0,0
8.310095,0.309283,256.897900,463.534000,0,0,0,0,0,0,0.000000,0.000000,0.000000,0.000000,0.479526,0.000000,0.000000,0.000000,0.000000,0.949750,-0.313009,0.000018,0.966375,-0.257135,0.000000,3.663602,-1.594828,0,4,20.304330,0.003875,0,0
8.320095,0.309758,256.933600,463.733700,0,0,0,0,0,0,0.000000,0.000000,0.000000,0.000000,0.479526,0.000000,0.000000,0.000000,0.000000,0.949750,-0.313009,0.000018,0.966375,-0.257135,0.000000,3.565502,-1.689629,0,4,20.286850,0.003875,0,0
8.330095,0.310233,256.968300,463.933400,0,0,0,0,0,0,0.000000,0.000000,0.000000,0.000000,0.479526,0.000000,0.000000,0.000000,0.000000,0.949750,-0.313009,0.000018,0.966375,-0.257135,0.000000,3.467402,-1.784431,0,4,20.269840,0.003875,0,0
8.340096,0.310708,257.002000,464.133100,0,0,0,0,0,0,0.000000,0.000000,0.000000,0.000000,0.479526,0.000000,0.000000,0.000000,0.000000,0.949750,-0.313009,0.000018,0.966375,-0.257135,0.000000,3.369302,-1.879232,0,4,20.253290,0.003875,0,0
8.350096,0.311182,257.034700,464.332900,0,0,0,0,0,0,0.000000,0.000000,0.000000,0.000000,0.479526,0.000000,0.000000,0.000000,0.000000,0.949750,-0.313009,0.000018,0.966375,-0.257135,0.000000,3.271202,-1.974033,0,4,20.237200,0.003875,0,0
8.360096,0.311657,257.066400,464.532600,0,0,0,0,0,0,0.000000,0.000000,0.000000,0.000000,0.479526,0.000000,0.000000,0.000000,0.000000,0.949750,-0.313009,0.000018,0.966375,-0.257135,0.000000,3.173102,-2.068835,0,4,20.221580,0.003875,0,0
8.370096,0.312132,257.097200,464.732300,0,0,0,0,0,0,0.000000,0.000000,0.000000,0.000000,0.479526,0.000000,0.000000,0.000000,0.000000,0.949750,-0.313009,0.000018,0.966375,-0.257135,0.000000,3.075002,-2.163636,0,4,20.206420,0.003875,0,0
8.380096,0.312607,257.126900,464.932000,0,0,0,0,0,0,0.000000,0.000000,0.000000,0.000000,0.479526,0.000000,0.000000,0.000000,0.000000,0.949750,-0.313009,0.000018,0.966375,-0.257135,0.000000,2.976902,-2.258437,0,4,20.191720,0.003875,0,0
8.390097,0.313081,257.155700,465.131700,0,0,0,0,0,0,0.000000,0.000000,0.000000,0.000000,0.479526,0.000000,0.000000,0.000000,0.000000,0.949750,-0.313009,0.000018,0.966375,-0.257135,0.000000,2.878802,-2.353239,0,4,20.177490,0.003875,0,0
8.400097,0.313556,257.183500,465.331400,0,0,0,0,0,0,0.000000,0.000000,0.000000,0.000000,0.479526,0.000000,0.000000,0.000000,0.000000,0.949750,-0.313009,0.000018,0.966375,-0.257135,0.000000,2.780702,-2.448040,0,4,20.163730,0.003875,0,0
8.410097,0.314031,257.210300,465.531100,0,0,0,0,0,0,0.000000,0.000000,0.000000,0.000000,0.479526,0.000000,0.000000,0.000000,0.000000,0.949750,-0.313009,0.000018,0.966375,-0.257135,0.000000,2.682602,-2.542841,0,4,20.150430,0.003875,0,0
8.420097,0.314506,257.236200,465.730800,0,0,0,0,0,0,0.000000,0.000000,0.000000,0.000000,0.479526,0.000000,0.000000,0.000000,0.000000,0.949750,-0.313009,0.000018,0.966375,-0.257135,0.000000,2.584502,-2.637643,0,4,20.137610,0.003875,0,0
8.430098,0.314980,257.261000,465.930500,0,0,0,0,0,0,0.000000,0.000000,0.000000,0.000000,0.479526,0.000000,0.000000,0.000000,0.000000,0.949750,-0.313009,0.000018,0.966375,-0.257135,0.000000,2.486403,-2.732444,0,4,20.125250,0.003875,0,0
8.440098,0.315455,257.284900,466.130200,0,0,0,0,0,0,0.000000,0.000000,0.000000,0.000000,0.479526,0.000000,0.000000,0.000000,0.000000,0.949750,-0.313009,0.000018,0.966375,-0.257135,0.000000,2.388303,-2.827246,0,4,20.113370,0.003875,0,0
8.450098,0.315930,257.307800,466.329900,0,0,0,0,0,0,0.000000,0.000000,0.000000,0.000000,0.479526,0.000000,0.000000,0.000000,0.000000,0.949750,-0.313009,0.000018,0.966375,-0.257135,0.000000,2.290203,-2.922047,0,4,20.101960,0.003875,0,0
8.460098,0.316405,257.329700,466.529600,0,0,0,0,0,0,0.000000,0.000000,0.000000,0.000000,0.479526,0.000000,0.000000,0.000000,0.000000,0.949750,-0.313009,0.000018,0.966375,-0.257135,0.000000,2.192103,-3.016848,0,4,20.091020,0.003875,0,0
8.470098,0.316879,257.350700,466.729300,0,0,0,0,0,0,0.000000,0.000000,0.000000,0.000000,0.479526,0.000000,0.000000,0.000000,0.000000,0.949750,-0.313009,0.000018,0.966375,-0.257135,0.000000,2.094003,-3.111650,0,4,20.080550,0.003875,0,0
8.480099,0.317354,257.370600,466.929000,0,0,0,0,0,0,0.000000,0.000000,0.000000,0.000000,0.479526,0.000000,0.000000,0.000000,0.000000,0.949750,-0.313009,0.000018,0.966375,-0.257135,0.000000,1.995903,-3.206451,0,4,20.070560,0.003875,0,0
8.490099,0.317829,257.389600,467.128800,0,0,0,0,0,0,0.000000,0.000000,0.000000,0.000000,0.479526,0.000000,0.000000,0.000000,0.000000,0.949750,-0.313009,0.000018,0.966375,-0.257135,0.000000,1.897803,-3.301252,0,4,20.061040,0.003875,0,0
8.500099,0.318304,257.407600,467.328500,0,0,0,0,0,0,0.000000,0.000000,0.000000,0.000000,0.479526,0.000000,0.000000,0.000000,0.000000,0.949750,-0.313009,0.000018,0.966375,-0.257135,0.000000,1.799703,-3.396054,0,4,20.052000,0.003875,0,0
8.510099,0.318778,257.424700,467.528200,0,0,0,0,0,0,0.000000,0.000000,0.000000,0.000000,0.479526,0.000000,0.000000,0.000000,0.000000,0.949750,-0.313009,0.000018,0.966375,-0.257135,0.000000,1.701603,-3.490855,0,4,20.043430,0.003875,0,0
8.520100,0.319253,257.440700,467.727900,0,0,0,0,0,0,0.000000,0.000000,0.000000,0.000000,0.479526,0.000000,0.000000,0.000000,0.000000,0.949750,-0.313009,0.000018,0.966375,-0.257135,0.000000,1.603503,-3.585657,0,4,20.035340,0.003875,0,0
8.530100,0.319728,257.455700,467.927600,0,0,0,0,0,0,0.000000,0.000000,0.000000,0.000000,0.479526,0.000000,0.000000,0.000000,0.000000,0.949750,-0.313009,0.000018,0.966375,-0.257135,0.000000,1.505403,-3.680458,0,4,20.027730,0.003875,0,0
8.540100,0.320203,257.469800,468.127300,0,0,0,0,0,0,0.000000,0.000000,0.000000,0.000000,0.479526,0.000000,0.000000,0.000000,0.000000,0.949750,-0.313009,0.000018,0.966375,-0.257135,0.000000,1.407303,-3.775259,0,4,20.020590,0.003875,0,0
8.550100,0.320677,257.482900,468.327000,0,0,0,0,0,0,0.000000,0.000000,0.000000,0.000000,0.479526,0.000000,0.000000,0.000000,0.000000,0.949750,-0.313009,0.000018,0.966375,-0.257135,0.000000,1.309203,-3.870061,0,4,20.013940,0.003875,0,0
8.560101,0.321152,257.495000,468.526700,0,0,0,0,0,0,0.000000,0.000000,0.000000,0.000000,0.479526,0.000000,0.000000,0.000000,0.000000,0.949750,-0.313009,0.000018,0.966375,-0.257135,0.000000,1.211103,-3.964862,0,4,20.007760,0.003875,0,0
8.570101,0.321627,257.506100,468.726400,0,0,0,0,0,0,0.000000,0.000000,0.000000,0.000000,0.479526,0.000000,0.000000,0.000000,0.000000,0.949750,-0.313009,0.000018,0.966375,-0.257135,0.000000,1.113003,-4.059663,0,4,20.002060,0.003875,0,0
8.580101,0.322102,257.516300,468.926100,0,0,0,0,0,0,0.000000,0.000000,0.000000,0.000000,0.479526,0.000000,0.000000,0.000000,0.000000,0.949750,-0.313009,0.000018,0.966375,-0.257135,0.000000,1.014903,-4.154465,0,4,19.996840,0.003875,0,0
8.590101,0.322576,257.525500,469.125800,0,0,0,0,0,0,0.000000,0.000000,0.000000,0.000000,0.479526,0.000000,0.000000,0.000000,0.000000,0.949750,-0.313009,0.000018,0.966375,-0.257135,0.000000,0.916803,-4.249266,0,4,19.992100,0.003875,0,0
8.600101,0.323051,257.533600,469.325500,0,0,0,0,0,0,0.000000,0.000000,0.000000,0.000000,0.479526,0.000000,0.000000,0.000000,0.000000,0.949750,-0.313009,0.000018,0.966375,-0.257135,0.000000,0.818703,-4.344068,0,4,19.987840,0.003875,0,0
8.610102,0.323526,257.540800,469.525200,0,0,0,0,0,0,0.000000,0.000000,0.000000,0.000000,0.479526,0.000000,0.000000,0.000000,0.000000,0.949750,-0.313009,0.000018,0.966375,-0.257135,0.000000,0.720603,-4.438869,0,4,19.984070,0.003875,0,0
8.620102,0.324001,257.547100,469.724900,0,0,0,0,0,0,0.000000,0.000000,0.000000,0.000000,0.479526,0.000000,0.000000,0.000000,0.000000,0.949750,-0.313009,0.000018,0.966375,-0.257135,0.000000,0.622503,-4.533670,0,4,19.980770,0.003875,0,0
8.630102,0.324475,257.552300,469.924700,0,0,0,0,0,0,0.000000,0.000000,0.000000,0.000000,0.479526,0.000000,0.000000,0.000000,0.000000,0.949750,-0.313009,0.000018,0.966375,-0.257135,0.000000,0.524403,-4.628472,0,4,19.977950,0.003875,0,0
8.640102,0.324950,257.556600,470.124400,0,0,0,0,0,0,0.000000,0.000000,0.000000,0.000000,0.479526,0.000000,0.000000,0.000000,0.000000,0.949750,-0.313009,0.000018,0.966375,-0.257135,0.000000,0.426303,-4.723273,0,4,19.975620,0.003875,0,0
8.650103,0.325425,257.559900,470.324100,0,0,0,0,0,0,0.000000,0.000000,0.000000,0.000000,0.479526,0.000000,0.000000,0.000000,0.000000,0.949750,-0.313009,0.000018,0.966375,-0.257135,0.000000,0.328203,-4.818075,0,4,19.973770,0.003875,0,0
8.660103,0.325900,257.562200,470.523800,0,0,0,0,0,0,0.000000,0.000000,0.000000,0.000000,0.479526,0.000000,0.000000,0.000000,0.000000,0.949750,-0.313009,0.000018,0.966375,-0.257135,0.000000,0.230103,-4.912876,0,4,19.972400,0.003875,0,0
8.670103,0.326374,257.563500,470.723500,0,0,0,0,0,0,0.000000,0.000000,0.000000,0.000000,0.479526,0.000000,0.000000,0.000000,0.000000,0.949750,-0.313009,0.000018,0.966375,-0.257135,0.000000,0.132003,-5.007678,0,4,19.971510,0.003875,0,0
8.680103,0.326849,257.563800,470.923200,0,0,0,0,0,0,0.000000,0.000000,0.000000,0.000000,0.479526,0.000000,0.000000,0.000000,0.000000,0.949750,-0.313009,0.000018,0.966375,-0.257135,0.000000,0.033903,-5.102479,0,4,19.971100,0.003875,0,0
8.690104,0.327324,257.563200,471.122900,0,0,0,0,0,0,0.000000,0.000000,0.000000,0.000000,0.479526,0.000000,0.000000,0.000000,0.000000,0.949750,-0.313009,0.000018,0.966375,-0.257135,0.000000,-0.064197,-5.197280,0,4,19.971170,0.003875,0,0
8.700104,0.327799,257.561600,471.322600,0,0,0,0,0,0,0.000000,0.000000,0.000000,0.000000,0.479526,0.000000,0.000000,0.000000,0.000000,0.949750,-0.313009,0.000018,0.966375,-0.257135,0.000000,-0.162297,-5.292082,0,4,19.971730,0.003875,0,0
8.710104,0.328273,257.559000,471.522300,0,0,0,0,0,0,0.000000,0.000000,0.000000,0.000000,0.479526,0.000000,0.000000,0.000000,0.000000,0.949750,-0.313009,0.000018,0.966375,-0.257135,0.000000,-0.260397,-5.386883,0,4,19.972770,0.003875,0,0
8.720104,0.328748,257.555400,471.722000,0,0,0,0,0,0,0.000000,0.000000,0.000000,0.000000,0.479526,0.000000,0.000000,0.000000,0.000000,0.949750,-0.313009,0.000018,0.966375,-0.257135,0.000000,-0.358497,-5.481685,0,4,19.974290,0.003875,0,0
8.730104,0.329223,257.550800,471.921700,0,0,0,0,0,0,0.000000,0.000000,0.000000,0.000000,0.479526,0.000000,0.000000,0.000000,0.000000,0.949750,-0.313009,0.000018,0.966375,-0.257135,0.000000,-0.456597,-5.576486,0,4,19.976290,0.003875,0,0
8.740105,0.329698,257.545300,472.121400,0,0,0,0,0,0,0.000000,0.000000,0.000000,0.000000,0.479526,0.000000,0.000000,0.000000,0.000000,0.949750,-0.313009,0.000018,0.966375,-0.257135,0.000000,-0.554697,-5.671288,0,4,19.978770,0.003875,0,0
8.750105,0.330172,257.538700,472.321100,0,0,0,0,0,0,0.000000,0.000000,0.000000,0.000000,0.479526,0.000000,0.000000,0.000000,0.000000,0.949750,-0.313009,0.000018,0.966375,-0.257135,0.000000,-0.652797,-5.766089,0,4,19.981740,0.003875,0,0
8.760105,0.330647,257.531200,472.520800,0,0,0,0,0,0,0.000000,0.000000,0.000000,0.000000,0.479526,0.000000,0.000000,0.000000,0.000000,0.949750,-0.313009,0.000018,0.966375,-0.257135,0.000000,-0.750897,-5.860890,0,4,19.985180,0.003875,0,0
8.770105,0.331122,257.522700,472.720600,0,0,0,0,0,0,0.000000,0.000000,0.000000,0.000000,0.479526,0.000000,0.000000,0.000000,0.000000,0.949750,-0.313009,0.000018,0.966375,-0.257135,0.000000,-0.848997,-5.955692,0,4,19.989110,0.003875,0,0
8.780106,0.331597,257.513300,472.920300,0,0,0,0,0,0,0.000000,0.000000,0.000000,0.000000,0.479526,0.000000,0.000000,0.000000,0.000000,0.949750,-0.313009,0.000018,0.966375,-0.257135,0.000000,-0.947097,-6.050493,0,4,19.993520,0.003875,0,0
8.790106,0.332071,257.502800,473.120000,0,0,0,0,0,0,0.000000,0.000000,0.000000,0.000000,0.479526,0.000000,0.000000,0.000000,0.000000,0.949750,-0.313009,0.000018,0.966375,-0.257135,0.000000,-1.045197,-6.145295,0,4,19.998400,0.003875,0,0
8.800106,0.332546,257.491400,473.319700,0,0,0,0,0,0,0.000000,0.000000,0.000000,0.000000,0.479526,0.000000,0.000000,0.000000,0.000000,0.949750,-0.313009,0.000018,0.966375,-0.257135,0.000000,-1.143297,-6.240096,0,4,20.003770,0.003875,0,0
8.810106,0.333021,257.479000,473.519400,0,0,0,0,0,0,0.000000,0.000000,0.000000,0.000000,0.479526,0.000000,0.000000,0.000000,0.000000,0.949750,-0.313009,0.000018,0.966375,-0.257135,0.000000,-1.241397,-6.334898,0,4,20.009610,0.003875,0,0
8.820107,0.333496,257.465600,473.719100,0,0,0,0,0,0,0.000000,0.000000,0.000000,0.000000,0.479526,0.000000,0.000000,0.000000,0.000000,0.949750,-0.313009,0.000018,0.966375,-0.257135,0.000000,-1.339497,-6.429699,0,4,20.015940,0.003875,0,0
8.830107,0.333970,257.451200,473.918800,0,0,0,0,0,0,0.000000,0.000000,0.000000,0.000000,0.479526,0.000000,0.000000,0.000000,0.000000,0.949750,-0.313009,0.000018,0.966375,-0.257135,0.000000,-1.437597,-6.524500,0,4,20.022750,0.003875,0,0
8.840107,0.334445,257.435900,474.118500,0,0,0,0,0,0,0.000000,0.000000,0.000000,0.000000,0.479526,0.000000,0.000000,0.000000,0.000000,0.949750,-0.313009,0.000018,0.966375,-0.257135,0.000000,-1.535697,-6.619302,0,4,20.030030,0.003875,0,0
8.850107,0.334920,257.419500,474.318200,0,0,0,0,0,0,0.000000,0.000000,0.000000,0.000000,0.479526,0.000000,0.000000,0.000000,0.000000,0.949750,-0.313009,0.000018,0.966375,-0.257135,0.000000,-1.633796,-6.714103,0,4,20.037790,0.003875,0,0
8.860107,0.335395,257.402200,474.517900,0,0,0,0,0,0,0.000000,0.000000,0.000000,0.000000,0.479526,0.000000,0.000000,0.000000,0.000000,0.949750,-0.313009,0.000018,0.966375,-0.257135,0.000000,-1.731896,-6.808904,0,4,20.046020,0.003875,0,0
8.870108,0.335869,257.383900,474.717600,0,0,0,0,0,0,0.000000,0.000000,0.000000,0.000000,0.479526,0.000000,0.000000,0.000000,0.000000,0.949750,-0.313009,0.000018,0.966375,-0.257135,0.000000,-1.829996,-6.903706,0,4,20.054740,0.003875,0,0
8.880108,0.336344,257.364600,474.917300,0,0,0,0,0,0,0.000000,0.000000,0.000000,0.000000,0.479526,0.000000,0.000000,0.000000,0.000000,0.949750,-0.313009,0.000018,0.966375,-0.257135,0.000000,-1.928096,-6.998507,0,4,20.063930,0.003875,0,0
8.890108,0.336819,257.344300,475.117000,0,0,0,0,0,0,0.000000,0.000000,0.000000,0.000000,0.479526,0.000000,0.000000,0.000000,0.000000,0.949750,-0.313009,0.000018,0.966375,-0.257135,0.000000,-2.026196,-7.093308,0,4,20.073590,0.003875,0,0
8.900108,0.337294,257.323100,475.316700,0,0,0,0,0,0,0.000000,0.000000,0.000000,0.000000,0.479526,0.000000,0.000000,0.000000,0.000000,0.949750,-0.313009,0.000018,0.966375,-0.257135,0.000000,-2.124296,-7.188110,0,4,20.083730,0.003875,0,0
8.910109,0.337768,257.300900,475.516400,0,0,0,0,0,0,0.000000,0.000000,0.000000,0.000000,0.479526,0.000000,0.000000,0.000000,0.000000,0.949750,-0.313009,0.000018,0.966375,-0.257135,0.000000,-2.222396,-7.282911,0,4,20.094350,0.003875,0,0
8.920109,0.338243,257.277700,475.716200,0,0,0,0,0,0,0.000000,0.000000,0.000000,0.000000,0.479526,0.000000,0.000000,0.000000,0.000000,0.949750,-0.313009,0.000018,0.966375,-0.257135,0.000000,-2.320496,-7.377713,0,4,20.105430,0.003875,0,0
8.930109,0.338718,257.253500,475.915900,0,0,0,0,0,0,0.000000,0.000000,0.000000,0.000000,0.479526,0.000000,0.000000,0.000000,0.000000,0.949750,-0.313009,0.000018,0.966375,-0.257135,0.000000,-2.418596,-7.472514,0,4,20.116990,0.003875,0,0
8.940109,0.339193,257.228300,476.115600,0,0,0,0,0,0,0.000000,0.000000,0.000000,0.000000,0.479526,0.000000,0.000000,0.000000,0.000000,0.949750,-0.313009,0.000018,0.966375,-0.257135,0.000000,-2.516696,-7.567315,0,4,20.129020,0.003875,0,0
8.950109,0.339667,257.202100,476.315300,0,0,0,0,0,0,0.000000,0.000000,0.000000,0.000000,0.479526,0.000000,0.000000,0.000000,0.000000,0.949750,-0.313009,0.000018,0.966375,-0.257135,0.000000,-2.614796,-7.662117,0,4,20.141520,0.003875,0,0
8.960110,0.340142,257.175000,476.515000,0,0,0,0,0,0,0.000000,0.000000,0.000000,0.000000,0.479526,0.000000,0.000000,0.000000,0.000000,0.949750,-0.313009,0.000018,0.966375,-0.257135,0.000000,-2.712896,-7.756918,0,4,20.154490,0.003875,0,0
8.970110,0.340617,257.146900,476.714700,0,0,0,0,0,0,0.000000,0.000000,0.000000,0.000000,0.479526,0.000000,0.000000,0.000000,0.000000,0.949750,-0.313009,0.000018,0.966375,-0.257135,0.000000,-2.810996,-7.851719,0,4,20.167930,0.003875,0,0
8.980110,0.341092,257.117800,476.914400,0,0,0,0,0,0,0.000000,0.000000,0.000000,0.000000,0.479526,0.000000,0.000000,0.000000,0.000000,0.949750,-0.313009,0.000018,0.966375,-0.257135,0.000000,-2.909096,-7.946521,0,4,20.181840,0.003875,0,0
8.990110,0.341566,257.087800,477.114100,0,0,0,0,0,0,0.000000,0.000000,0.000000,0.000000,0.479526,0.000000,0.000000,0.000000,0.000000,0.949750,-0.313009,0.000018,0.966375,-0.257135,0.000000,-3.007196,-8.041322,0,4,20.196210,0.003875,0,0
9.000111,0.342041,257.056700,477.313800,0,0,0,0,0,0,0.000000,0.000000,0.000000,0.000000,0.479526,0.000000,0.000000,0.000000,0.000000,0.949750,-0.313009,0.000018,0.966375,-0.257135,0.000000,-3.105296,-8.136124,0,4,20.211050,0.003875,0,0
9.010111,0.342516,257.024700,477.513500,0,0,0,0,0,0,0.000000,0.000000,0.000000,0.000000,0.479526,0.000000,0.000000,0.000000,0.000000,0.949750,-0.313009,0.000018,0.966375,-0.257135,0.000000,-3.203396,-8.230925,0,4,20.226350,0.003875,0,0
9.020111,0.342991,256.991600,477.713200,0,0,0,0,0,0,0.000000,0.000000,0.000000,0.000000,0.479526,0.000000,0.000000,0.000000,0.000000,0.949750,-0.313009,0.000018,0.966375,-0.257135,0.000000,-3.301496,-8.325727,0,4,20.242120,0.003875,0,0
9.030111,0.343465,256.957600,477.912900,0,0,0,0,0,0,0.000000,0.000000,0.000000,0.000000,0.479526,0.000000,0.000000,0.000000,0.000000,0.949750,-0.313009,0.000018,0.966375,-0.257135,0.000000,-3.399595,-8.420527,0,4,20.258350,0.003875,0,0
9.040112,0.343940,256.922700,478.112600,0,0,0,0,0,0,0.000000,0.000000,0.000000,0.000000,0.479526,0.000000,0.000000,0.000000,0.000000,0.949750,-0.313009,0.000018,0.966375,-0.257135,0.000000,-3.497695,-8.515329,0,4,20.275050,0.003875,0,0
9.050112,0.344415,256.886700,478.312300,0,0,0,0,0,0,0.000000,0.000000,0.000000,0.000000,0.479526,0.000000,0.000000,0.000000,0.000000,0.949750,-0.313009,0.000018,0.966375,-0.257135,0.000000,-3.595795,-8.610130,0,4,20.292200,0.003875,0,0
9.060112,0.344890,256.849800,478.512100,0,0,0,0,0,0,0.000000,0.000000,0.000000,0.000000,0.479526,0.000000,0.000000,0.000000,0.000000,0.949750,-0.313009,0.000018,0.966375,-0.257135,0.000000,-3.693895,-8.704932,0,4,20.309810,0.003875,0,0
9.070112,0.345364,256.811900,478.711800,0,0,0,0,0,0,0.000000,0.000000,0.000000,0.000000,0.479526,0.000000,0.000000,0.000000,0.000000,0.949750,-0.313009,0.000018,0.966375,-0.257135,0.000000,-3.791995,-8.799733,0,4,20.327880,0.003875,0,0
9.080112,0.345839,256.772900,478.911500,0,0,0,0,0,0,0.000000,0.000000,0.000000,0.000000,0.479526,0.000000,0.000000,0.000000,0.000000,0.949750,-0.313009,0.000018,0.966375,-0.257135,0.000000,-3.890095,-8.894534,0,4,20.346410,0.003875,0,0
9.090113,0.346314,256.733100,479.111200,0,0,0,0,0,0,0.000000,0.000000,0.000000,0.000000,0.479526,0.000000,0.000000,0.000000,0.000000,0.949750,-0.313009,0.000018,0.966375,-0.257135,0.000000,-3.988195,-8.989336,0,4,20.365400,0.003875,0,0
9.100113,0.346789,256.692200,479.310900,0,0,0,0,0,0,0.000000,0.000000,0.000000,0.000000,0.479526,0.000000,0.000000,0.000000,0.000000,0.949750,-0.313009,0.000018,0.966375,-0.257135,0.000000,-4.086295,-9.084137,0,4,20.384830,0.003875,0,0
9.110113,0.347263,256.650400,479.510600,0,0,0,0,0,0,0.000000,0.000000,0.000000,0.000000,0.479526,0.000000,0.000000,0.000000,0.000000,0.949750,-0.313009,0.000018,0.966375,-0.257135,0.000000,-4.184395,-9.178939,0,4,20.404730,0.003875,0,0
9.120113,0.347738,256.607500,479.710300,0,0,0,0,0,0,0.000000,0.000000,0.000000,0.000000,0.479526,0.000000,0.000000,0.000000,0.000000,0.949750,-0.313009,0.000018,0.966375,-0.257135,0.000000,-4.282495,-9.273741,0,4,20.425070,0.003875,0,0
9.130114,0.348213,256.563800,479.910000,0,0,0,0,0,0,0.000000,0.000000,0.000000,0.000000,0.479526,0.000000,0.000000,0.000000,0.000000,0.949750,-0.313009,0.000018,0.966375,-0.257135,0.000000,-4.380596,-9.368542,0,4,20.445860,0.003875,0,0
9.140114,0.348688,256.519000,480.109700,0,0,0,0,0,0,0.000000,0.000000,0.000000,0.000000,0.479526,0.000000,0.000000,0.000000,0.000000,0.949750,-0.313009,0.000018,0.966375,-0.257135,0.000000,-4.478696,-9.463344,0,4,20.467100,0.003875,0,0
9.150114,0.349162,256.473200,480.309400,0,0,0,0,0,0,0.000000,0.000000,0.000000,0.000000,0.479526,0.000000,0.000000,0.000000,0.000000,0.949750,-0.313009,0.000018,0.966375,-0.257135,0.000000,-4.576796,-9.558146,0,4,20.488790,0.003875,0,0
9.160114,0.349637,256.426400,480.509100,0,0,0,0,0,0,0.000000,0.000000,0.000000,0.000000,0.479526,0.000000,0.000000,0.000000,0.000000,0.949750,-0.313009,0.000018,0.966375,-0.257135,0.000000,-4.674896,-9.652946,0,4,20.510930,0.003875,0,0
9.170115,0.350112,256.378700,480.708800,0,0,0,0,0,0,0.000000,0.000000,0.000000,0.000000,0.479526,0.000000,0.000000,0.000000,0.000000,0.949750,-0.313009,0.000018,0.966375,-0.257135,0.000000,-4.772996,-9.747748,0,4,20.533510,0.003875,0,0
9.180115,0.350587,256.330000,480.908500,0,0,0,0,0,0,0.000000,0.000000,0.000000,0.000000,0.479526,0.000000,0.000000,0.000000,0.000000,0.949750,-0.313009,0.000018,0.966375,-0.257135,0.000000,-4.871097,-9.842550,0,4,20.556540,0.003875,0,0
9.190115,0.351061,256.280300,481.108200,0,0,0,0,0,0,0.000000,0.000000,0.000000,0.000000,0.479526,0.000000,0.000000,0.000000,0.000000,0.949750,-0.313009,0.000018,0.966375,-0.257135,0.000000,-4.969197,-9.937351,0,4,20.580000,0.003875,0,0
9.200115,0.351536,256.229600,481.308000,0,0,0,0,0,0,0.000000,0.000000,0.000000,0.000000,0.479526,0.000000,0.000000,0.000000,0.000000,0.949750,-0.313009,0.000018,0.966375,-0.257135,0.000000,-5.067297,-10.032150,0,4,20.603910,0.003875,0,0
9.210115,0.352011,256.178000,481.507700,0,0,0,0,0,0,0.000000,0.000000,0.000000,0.000000,0.479526,0.000000,0.000000,0.000000,0.000000,0.949750,-0.313009,0.000018,0.966375,-0.257135,0.000000,-5.165397,-10.126960,0,4,20.628260,0.003875,0,0
9.220116,0.352486,256.125300,481.707400,0,0,0,0,0,0,0.000000,0.000000,0.000000,0.000000,0.479526,0.000000,0.000000,0.000000,0.000000,0.949750,-0.313009,0.000018,0.966375,-0.257135,0.000000,-5.263497,-10.221760,0,4,20.653040,0.003875,0,0
9.230116,0.352960,256.071700,481.907100,0,0,0,0,0,0,0.000000,0.000000,0.000000,0.000000,0.479526,0.000000,0.000000,0.000000,0.000000,0.949750,-0.313009,0.000018,0.966375,-0.257135,0.000000,-5.361598,-10.316560,0,4,20.678260,0.003875,0,0
9.240116,0.353435,256.017100,482.106800,0,0,0,0,0,0,0.000000,0.000000,0.000000,0.000000,0.479526,0.000000,0.000000,0.000000,0.000000,0.949750,-0.313009,0.000018,0.966375,-0.257135,0.000000,-5.459698,-10.411360,0,4,20.703910,0.003875,0,0
9.250116,0.353910,255.961500,482.306500,0,0,0,0,0,0,0.000000,0.000000,0.000000,0.000000,0.479526,0.000000,0.000000,0.000000,0.000000,0.949750,-0.313009,0.000018,0.966375,-0.257135,0.000000,-5.557798,-10.506160,0,4,20.730000,0.003875,0,0
9.260117,0.354385,255.905000,482.506200,0,0,0,0,0,0,0.000000,0.000000,0.000000,0.000000,0.479526,0.000000,0.000000,0.000000,0.000000,0.949750,-0.313009,0.000018,0.966375,-0.257135,0.000000,-5.655898,-10.600960,0,4,20.756510,0.003875,0,0
9.270117,0.354859,255.847400,482.705900,0,0,0,0,0,0,0.000000,0.000000,0.000000,0.000000,0.479526,0.000000,0.000000,0.000000,0.000000,0.949750,-0.313009,0.000018,0.966375,-0.257135,0.000000,-5.753998,-10.695760,0,4,20.783460,0.003875,0,0
9.280117,0.355334,255.788900,482.905600,0,0,0,0,0,0,0.000000,0.000000,0.000000,0.000000,0.479526,0.000000,0.000000,0.000000,0.000000,0.949750,-0.313009,0.000018,0.966375,-0.257135,0.000000,-5.852098,-10.790570,0,4,20.810830,0.003875,0,0
9.290117,0.355809,255.729400,483.105300,0,0,0,0,0,0,0.000000,0.000000,0.000000,0.000000,0.479526,0.000000,0.000000,0.000000,0.000000,0.949750,-0.313009,0.000018,0.966375,-0.257135,0.000000,-5.950199,-10.885370,0,4,20.838630,0.003875,0,0
9.300117,0.356284,255.668900,483.305000,0,0,0,0,0,0,0.000000,0.000000,0.000000,0.000000,0.479526,0.000000,0.000000,0.000000,0.000000,0.949750,-0.313009,0.000018,0.966375,-0.257135,0.000000,-6.048299,-10.980170,0,4,20.866850,0.003875,0,0
9.310118,0.356758,255.607500,483.504700,0,0,0,0,0,0,0.000000,0.000000,0.000000,0.000000,0.479526,0.000000,0.000000,0.000000,0.000000,0.949750,-0.313009,0.000018,0.966375,-0.257135,0.000000,-6.146399,-11.074970,0,4,20.895500,0.003875,0,0
9.320118,0.357233,255.545000,483.704400,0,0,0,0,0,0,0.000000,0.000000,0.000000,0.000000,0.479526,0.000000,0.000000,0.000000,0.000000,0.949750,-0.313009,0.000018,0.966375,-0.257135,0.000000,-6.244499,-11.169770,0,4,20.924560,0.003875,0,0
9.330118,0.357708,255.481600,483.904100,0,0,0,0,0,0,0.000000,0.000000,0.000000,0.000000,0.479526,0.000000,0.000000,0.000000,0.000000,0.949750,-0.313009,0.000018,0.966375,-0.257135,0.000000,-6.342599,-11.264570,0,4,20.954050,0.003875,0,0
9.340118,0.358183,255.417200,484.103900,0,0,0,0,0,0,0.000000,0.000000,0.000000,0.000000,0.479526,0.000000,0.000000,0.000000,0.000000,0.949750,-0.313009,0.000018,0.966375,-0.257135,0.000000,-6.440700,-11.359380,0,4,20.983950,0.003875,0,0
9.350119,0.358657,255.351800,484.303600,0,0,0,0,0,0,0.000000,0.000000,0.000000,0.000000,0.479526,0.000000,0.000000,0.000000,0.000000,0.949750,-0.313009,0.000018,0.966375,-0.257135,0.000000,-6.538800,-11.454180,0,4,21.014270,0.003875,0,0
9.360119,0.359132,255.285400,484.503300,0,0,0,0,0,0,0.000000,0.000000,0.000000,0.000000,0.479526,0.000000,0.000000,0.000000,0.000000,0.949750,-0.313009,0.000018,0.966375,-0.257135,0.000000,-6.636900,-11.548980,0,4,21.045000,0.003875,0,0
9.370119,0.359607,255.218100,484.703000,0,0,0,0,0,0,0.000000,0.000000,0.000000,0.000000,0.479526,0.000000,0.000000,0.000000,0.000000,0.949750,-0.313009,0.000018,0.966375,-0.257135,0.000000,-6.735000,-11.643780,0,4,21.076150,0.003875,0,0
9.380119,0.360082,255.149700,484.902700,0,0,0,0,0,0,0.000000,0.000000,0.000000,0.000000,0.479526,0.000000,0.000000,0.000000,0.000000,0.949750,-0.313009,0.000018,0.966375,-0.257135,0.000000,-6.833100,-11.738580,0,4,21.107700,0.003875,0,0
9.390120,0.360556,255.080400,485.102400,0,0,0,0,0,0,0.000000,0.000000,0.000000,0.000000,0.479526,0.000000,0.000000,0.000000,0.000000,0.949750,-0.313009,0.000018,0.966375,-0.257135,0.000000,-6.931201,-11.833380,0,4,21.139660,0.003875,0,0
9.400120,0.361031,255.010100,485.302100,0,0,0,0,0,0,0.000000,0.000000,0.000000,0.000000,0.479526,0.000000,0.000000,0.000000,0.000000,0.949750,-0.313009,0.000018,0.966375,-0.257135,0.000000,-7.029301,-11.928190,0,4,21.172030,0.003875,0,0
9.410120,0.361506,254.938900,485.501800,0,0,0,0,0,0,0.000000,0.000000,0.000000,0.000000,0.479526,0.000000,0.000000,0.000000,0.000000,0.949750,-0.313009,0.000018,0.966375,-0.257135,0.000000,-7.127401,-12.022990,0,4,21.204800,0.003875,0,0
9.420120,0.361981,254.866600,485.701500,0,0,0,0,0,0,0.000000,0.000000,0.000000,0.000000,0.479526,0.000000,0.000000,0.000000,0.000000,0.949750,-0.313009,0.000018,0.966375,-0.257135,0.000000,-7.225501,-12.117790,0,4,21.237970,0.003875,0,0
9.430120,0.362455,254.793400,485.901200,0,0,0,0,0,0,0.000000,0.000000,0.000000,0.000000,0.479526,0.000000,0.000000,0.000000,0.000000,0.949750,-0.313009,0.000018,0.966375,-0.257135,0.000000,-7.323601,-12.212590,0,4,21.271550,0.003875,0,0
9.440121,0.362930,254.719200,486.100900,0,0,0,0,0,0,0.000000,0.000000,0.000000,0.000000,0.479526,0.000000,0.000000,0.000000,0.000000,0.949750,-0.313009,0.000018,0.966375,-0.257135,0.000000,-7.421701,-12.307390,0,4,21.305520,0.003875,0,0
9.450121,0.363405,254.644000,486.300600,0,0,0,0,0,0,0.000000,0.000000,0.000000,0.000000,0.479526,0.000000,0.000000,0.000000,0.000000,0.949750,-0.313009,0.000018,0.966375,-0.257135,0.000000,-7.519802,-12.402190,0,4,21.339890,0.003875,0,0
9.460121,0.363880,254.567800,486.500300,0,0,0,0,0,0,0.000000,0.000000,0.000000,0.000000,0.479526,0.000000,0.000000,0.000000,0.000000,0.949750,-0.313009,0.000018,0.966375,-0.257135,0.000000,-7.617902,-12.496990,0,4,21.374660,0.003875,0,0
9.470121,0.364354,254.490600,486.700000,0,0,0,0,0,0,0.000000,0.000000,0.000000,0.000000,0.479526,0.000000,0.000000,0.000000,0.000000,0.949750,-0.313009,0.000018,0.966375,-0.257135,0.000000,-7.716002,-12.591800,0,4,21.409820,0.003875,0,0
9.480122,0.364829,254.412500,486.899700,0,0,0,0,0,0,0.000000,0.000000,0.000000,0.000000,0.479526,0.000000,0.000000,0.000000,0.000000,0.949750,-0.313009,0.000018,0.966375,-0.257135,0.000000,-7.814102,-12.686600,0,4,21.445370,0.003875,0,0
9.490122,0.365304,254.333400,487.099500,0,0,0,0,0,0,0.000000,0.000000,0.000000,0.000000,0.479526,0.000000,0.000000,0.000000,0.000000,0.949750,-0.313009,0.000018,0.966375,-0.257135,0.000000,-7.912202,-12.781400,0,4,21.481310,0.003875,0,0
9.500122,0.365779,254.253300,487.299200,0,0,0,0,0,0,0.000000,0.000000,0.000000,0.000000,0.479526,0.000000,0.000000,0.000000,0.000000,0.949750,-0.313009,0.000018,0.966375,-0.257135,0.000000,-8.010303,-12.876200,0,4,21.517640,0.003875,0,0
9.510122,0.366253,254.172200,487.498900,0,0,0,0,0,0,0.000000,0.000000,0.000000,0.000000,0.479526,0.000000,0.000000,0.000000,0.000000,0.949750,-0.313009,0.000018,0.966375,-0.257135,0.000000,-8.108402,-12.971000,0,4,21.554350,0.003875,0,0
9.520123,0.366728,254.090100,487.698600,0,0,0,0,0,0,0.000000,0.000000,0.000000,0.000000,0.479526,0.000000,0.000000,0.000000,0.000000,0.949750,-0.313009,0.000018,0.966375,-0.257135,0.000000,-8.206502,-13.065800,0,4,21.591440,0.003875,0,0
9.530123,0.367203,254.007100,487.898300,0,0,0,0,0,0,0.000000,0.000000,0.000000,0.000000,0.479526,0.000000,0.000000,0.000000,0.000000,0.949750,-0.313009,0.000018,0.966375,-0.257135,0.000000,-8.304602,-13.160600,0,4,21.628920,0.003875,0,0
9.540123,0.367678,253.923000,488.098000,0,0,0,0,0,0,0.000000,0.000000,0.000000,0.000000,0.479526,0.000000,0.000000,0.000000,0.000000,0.949750,-0.313009,0.000018,0.966375,-0.257135,0.000000,-8.402701,-13.255410,0,4,21.666770,0.003875,0,0
9.550123,0.368152,253.838000,488.297700,0,0,0,0,0,0,0.000000,0.000000,0.000000,0.000000,0.479526,0.000000,0.000000,0.000000,0.000000,0.949750,-0.313009,0.000018,0.966375,-0.257135,0.000000,-8.500801,-13.350210,0,4,21.705010,0.003875,0,0
9.560123,0.368627,253.752000,488.497400,0,0,0,0,0,0,0.000000,0.000000,0.000000,0.000000,0.479526,0.000000,0.000000,0.000000,0.000000,0.949750,-0.313009,0.000018,0.966375,-0.257135,0.000000,-8.598901,-13.445010,0,4,21.743610,0.003875,0,0
9.570124,0.369102,253.665100,488.697100,0,0,0,0,0,0,0.000000,0.000000,0.000000,0.000000,0.479526,0.000000,0.000000,0.000000,0.000000,0.949750,-0.313009,0.000018,0.966375,-0.257135,0.000000,-8.697001,-13.539810,0,4,21.782600,0.003875,0,0
9.580124,0.369577,253.577100,488.896800,0,0,0,0,0,0,0.000000,0.000000,0.000000,0.000000,0.479526,0.000000,0.000000,0.000000,0.000000,0.949750,-0.313009,0.000018,0.966375,-0.257135,0.000000,-8.795100,-13.634610,0,4,21.821950,0.003875,0,0
9.590124,0.370051,253.488200,489.096500,0,0,0,0,0,0,0.000000,0.000000,0.000000,0.000000,0.479526,0.000000,0.000000,0.000000,0.000000,0.949750,-0.313009,0.000018,0.966375,-0.257135,0.000000,-8.893200,-13.729410,0,4,21.861670,0.003875,0,0
9.600124,0.370526,253.398300,489.296200,0,0,0,0,0,0,0.000000,0.000000,0.000000,0.000000,0.479526,0.000000,0.000000,0.000000,0.000000,0.949750,-0.313009,0.000018,0.966375,-0.257135,0.000000,-8.991300,-13.824210,0,4,21.901760,0.003875,0,0
9.610125,0.371001,253.307400,489.495900,0,0,0,0,0,0,0.000000,0.000000,0.000000,0.000000,0.479526,0.000000,0.000000,0.000000,0.000000,0.949750,-0.313009,0.000018,0.966375,-0.257135,0.000000,-9.089399,-13.919010,0,4,21.942210,0.003875,0,0
9.620125,0.371476,253.215500,489.695600,0,0,0,0,0,0,0.000000,0.000000,0.000000,0.000000,0.479526,0.000000,0.000000,0.000000,0.000000,0.949750,-0.313009,0.000018,0.966375,-0.257135,0.000000,-9.187499,-14.013810,0,4,21.983030,0.003875,0,0
9.630125,0.371950,253.122700,489.895400,0,0,0,0,0,0,0.000000,0.000000,0.000000,0.000000,0.479526,0.000000,0.000000,0.000000,0.000000,0.949750,-0.313009,0.000018,0.966375,-0.257135,0.000000,-9.285599,-14.108620,0,4,22.024210,0.003875,0,0
9.640125,0.372425,253.028800,490.095100,0,0,0,0,0,0,0.000000,0.000000,0.000000,0.000000,0.479526,0.000000,0.000000,0.000000,0.000000,0.949750,-0.313009,0.000018,0.966375,-0.257135,0.000000,-9.383698,-14.203420,0,4,22.065750,0.003875,0,0
9.650126,0.372900,252.934000,490.294800,0,0,0,0,0,0,0.000000,0.000000,0.000000,0.000000,0.479526,0.000000,0.000000,0.000000,0.000000,0.949750,-0.313009,0.000018,0.966375,-0.257135,0.000000,-9.481798,-14.298220,0,4,22.107650,0.003875,0,0
9.660126,0.373375,252.838200,490.494500,0,0,0,0,0,0,0.000000,0.000000,0.000000,0.000000,0.479526,0.000000,0.000000,0.000000,0.000000,0.949750,-0.313009,0.000018,0.966375,-0.257135,0.000000,-9.579898,-14.393020,0,4,22.149900,0.003875,0,0
9.670126,0.373849,252.741400,490.694200,0,0,0,0,0,0,0.000000,0.000000,0.000000,0.000000,0.479526,0.000000,0.000000,0.000000,0.000000,0.949750,-0.313009,0.000018,0.966375,-0.257135,0.000000,-9.677998,-14.487820,0,4,22.192500,0.003875,0,0
9.680126,0.374324,252.643600,490.893900,0,0,0,0,0,0,0.000000,0.000000,0.000000,0.000000,0.479526,0.000000,0.000000,0.000000,0.000000,0.949750,-0.313009,0.000018,0.966375,-0.257135,0.000000,-9.776097,-14.582620,0,4,22.235460,0.003875,0,0
9.690126,0.374799,252.544900,491.093600,0,0,0,0,0,0,0.000000,0.000000,0.000000,0.000000,0.479526,0.000000,0.000000,0.000000,0.000000,0.949750,-0.313009,0.000018,0.966375,-0.257135,0.000000,-9.874197,-14.677420,0,4,22.278770,0.003875,0,0
9.700127,0.375274,252.445200,491.293300,0,0,0,0,0,0,0.000000,0.000000,0.000000,0.000000,0.479526,0.000000,0.000000,0.000000,0.000000,0.949750,-0.313009,0.000018,0.966375,-0.257135,0.000000,-9.972297,-14.772220,0,4,22.322420,0.003875,0,0
9.710127,0.375748,252.344500,491.493000,0,0,0,0,0,0,0.000000,0.000000,0.000000,0.000000,0.479526,0.000000,0.000000,0.000000,0.000000,0.949750,-0.313009,0.000018,0.966375,-0.257135,0.000000,-10.070400,-14.867030,0,4,22.366420,0.003875,0,0
9.720127,0.376223,252.242800,491.692700,0,0,0,0,0,0,0.000000,0.000000,0.000000,0.000000,0.479526,0.000000,0.000000,0.000000,0.000000,0.949750,-0.313009,0.000018,0.966375,-0.257135,0.000000,-10.168500,-14.961830,0,4,22.410760,0.003875,0,0
9.730127,0.376698,252.140100,491.892400,0,0,0,0,0,0,0.000000,0.000000,0.000000,0.000000,0.479526,0.000000,0.000000,0.000000,0.000000,0.949750,-0.313009,0.000018,0.966375,-0.257135,0.000000,-10.266600,-15.056630,0,4,22.455440,0.003875,0,0
9.740128,0.377173,252.036500,492.092100,0,0,0,0,0,0,0.000000,0.000000,0.000000,0.000000,0.479526,0.000000,0.000000,0.000000,0.000000,0.949750,-0.313009,0.000018,0.966375,-0.257135,0.000000,-10.364700,-15.151430,0,4,22.500460,0.003875,0,0
9.750128,0.377647,251.931900,492.291800,0,0,0,0,0,0,0.000000,0.000000,0.000000,0.000000,0.479526,0.000000,0.000000,0.000000,0.000000,0.949750,-0.313009,0.000018,0.966375,-0.257135,0.000000,-10.462800,-15.246230,0,4,22.545810,0.003875,0,0
9.760128,0.378122,251.826200,492.491500,0,0,0,0,0,0,0.000000,0.000000,0.000000,0.000000,0.479526,0.000000,0.000000,0.000000,0.000000,0.949750,-0.313009,0.000018,0.966375,-0.257135,0.000000,-10.560890,-15.341030,0,4,22.591510,0.003875,0,0
9.770128,0.378597,251.719700,492.691300,0,0,0,0,0,0,0.000000,0.000000,0.000000,0.000000,0.479526,0.000000,0.000000,0.000000,0.000000,0.949750,-0.313009,0.000018,0.966375,-0.257135,0.000000,-10.658990,-15.435830,0,4,22.637530,0.003875,0,0
9.780128,0.379072,251.612100,492.891000,0,0,0,0,0,0,0.000000,0.000000,0.000000,0.000000,0.479526,0.000000,0.000000,0.000000,0.000000,0.949750,-0.313009,0.000018,0.966375,-0.257135,0.000000,-10.757090,-15.530630,0,4,22.683890,0.003875,0,0
9.790129,0.379546,251.503500,493.090700,0,0,0,0,0,0,0.000000,0.000000,0.000000,0.000000,0.479526,0.000000,0.000000,0.000000,0.000000,0.949750,-0.313009,0.000018,0.966375,-0.257135,0.000000,-10.855190,-15.625430,0,4,22.730570,0.003875,0,0
9.800129,0.380021,251.394000,493.290400,0,0,0,0,0,0,0.000000,0.000000,0.000000,0.000000,0.479526,0.000000,0.000000,0.000000,0.000000,0.949750,-0.313009,0.000018,0.966375,-0.257135,0.000000,-10.953290,-15.720240,0,4,22.777580,0.003875,0,0
9.810129,0.380496,251.283500,493.490100,0,0,0,0,0,0,0.000000,0.000000,0.000000,0.000000,0.479526,0.000000,0.000000,0.000000,0.000000,0.949750,-0.313009,0.000018,0.966375,-0.257135,0.000000,-11.051390,-15.815040,0,4,22.824920,0.003875,0,0
9.820129,0.380971,251.172000,493.689800,0,0,0,0,0,0,0.000000,0.000000,0.000000,0.000000,0.479526,0.000000,0.000000,0.000000,0.000000,0.949750,-0.313009,0.000018,0.966375,-0.257135,0.000000,-11.149490,-15.909840,0,4,22.872580,0.003875,0,0
9.830130,0.381445,251.059500,493.889500,0,0,0,0,0,0,0.000000,0.000000,0.000000,0.000000,0.479526,0.000000,0.000000,0.000000,0.000000,0.949750,-0.313009,0.000018,0.966375,-0.257135,0.000000,-11.247590,-16.004640,0,4,22.920560,0.003875,0,0
9.840130,0.381920,250.946100,494.089200,0,0,0,0,0,0,0.000000,0.000000,0.000000,0.000000,0.479526,0.000000,0.000000,0.000000,0.000000,0.949750,-0.313009,0.000018,0.966375,-0.257135,0.000000,-11.345690,-16.099440,0,4,22.968860,0.003875,0,0
9.850130,0.382395,250.831600,494.288900,0,0,0,0,0,0,0.000000,0.000000,0.000000,0.000000,0.479526,0.000000,0.000000,0.000000,0.000000,0.949750,-0.313009,0.000018,0.966375,-0.257135,0.000000,-11.443790,-16.194240,0,4,23.017470,0.003875,0,0
9.860130,0.382870,250.716200,494.488600,0,0,0,0,0,0,0.000000,0.000000,0.000000,0.000000,0.479526,0.000000,0.000000,0.000000,0.000000,0.949750,-0.313009,0.000018,0.966375,-0.257135,0.000000,-11.541890,-16.289040,0,4,23.066400,0.003875,0,0
9.870131,0.383344,250.599800,494.688300,0,0,0,0,0,0,0.000000,0.000000,0.000000,0.000000,0.479526,0.000000,0.000000,0.000000,0.000000,0.949750,-0.313009,0.000018,0.966375,-0.257135,0.000000,-11.639990,-16.383840,0,4,23.115650,0.003875,0,0
9.880131,0.383819,250.482400,494.888000,0,0,0,0,0,0,0.000000,0.000000,0.000000,0.000000,0.479526,0.000000,0.000000,0.000000,0.000000,0.949750,-0.313009,0.000018,0.966375,-0.257135,0.000000,-11.738090,-16.478650,0,4,23.165200,0.003875,0,0
9.890131,0.384294,250.364100,495.087700,0,0,0,0,0,0,0.000000,0.000000,0.000000,0.000000,0.479526,0.000000,0.000000,0.000000,0.000000,0.949750,-0.313009,0.000018,0.966375,-0.257135,0.000000,-11.836190,-16.573450,0,4,23.215060,0.003875,0,0
9.900131,0.384769,250.244700,495.287400,0,0,0,0,0,0,0.000000,0.000000,0.000000,0.000000,0.479526,0.000000,0.000000,0.000000,0.000000,0.949750,-0.313009,0.000018,0.966375,-0.257135,0.000000,-11.934290,-16.668250,0,4,23.265230,0.003875,0,0
9.910131,0.385243,250.124400,495.487200,0,0,0,0,0,0,0.000000,0.000000,0.000000,0.000000,0.479526,0.000000,0.000000,0.000000,0.000000,0.949750,-0.313009,0.000018,0.966375,-0.257135,0.000000,-12.032390,-16.763050,0,4,23.315700,0.003875,0,0
9.920132,0.385718,250.003100,495.686900,0,0,0,0,0,0,0.000000,0.000000,0.000000,0.000000,0.479526,0.000000,0.000000,0.000000,0.000000,0.949750,-0.313009,0.000018,0.966375,-0.257135,0.000000,-12.130490,-16.857850,0,4,23.366480,0.003875,0,0
9.930132,0.386193,249.880800,495.886600,0,0,0,0,0,0,0.000000,0.000000,0.000000,0.000000,0.479526,0.000000,0.000000,0.000000,0.000000,0.949750,-0.313009,0.000018,0.966375,-0.257135,0.000000,-12.228590,-16.952650,0,4,23.417560,0.003875,0,0
9.940132,0.386668,249.757500,496.086300,0,0,0,0,0,0,0.000000,0.000000,0.000000,0.000000,0.479526,0.000000,0.000000,0.000000,0.000000,0.949750,-0.313009,0.000018,0.966375,-0.257135,0.000000,-12.326690,-17.047450,0,4,23.468940,0.003875,0,0
9.950132,0.387142,249.633300,496.286000,0,0,0,0,0,0,0.000000,0.000000,0.000000,0.000000,0.479526,0.000000,0.000000,0.000000,0.000000,0.949750,-0.313009,0.000018,0.966375,-0.257135,0.000000,-12.424790,-17.142250,0,4,23.520610,0.003875,0,0
9.960133,0.387617,249.508100,496.485700,0,0,0,0,0,0,0.000000,0.000000,0.000000,0.000000,0.479526,0.000000,0.000000,0.000000,0.000000,0.949750,-0.313009,0.000018,0.966375,-0.257135,0.000000,-12.522890,-17.237050,0,4,23.572580,0.003875,0,0
9.970133,0.388092,249.381900,496.685400,0,0,0,0,0,0,0.000000,0.000000,0.000000,0.000000,0.479526,0.000000,0.000000,0.000000,0.000000,0.949750,-0.313009,0.000018,0.966375,-0.257135,0.000000,-12.620990,-17.331860,0,4,23.624840,0.003875,0,0
9.980133,0.388567,249.254700,496.885100,0,0,0,0,0,0,0.000000,0.000000,0.000000,0.000000,0.479526,0.000000,0.000000,0.000000,0.000000,0.949750,-0.313009,0.000018,0.966375,-0.257135,0.000000,-12.719090,-17.426660,0,4,23.677390,0.003875,0,0
9.990133,0.389042,249.126500,497.084800,0,0,0,0,0,0,0.000000,0.000000,0.000000,0.000000,0.479526,0.000000,0.000000,0.000000,0.000000,0.949750,-0.313009,0.000018,0.966375,-0.257135,0.000000,-12.817190,-17.521460,0,4,23.730230,0.003875,0,0
10.000130,0.389516,248.997300,497.284500,0,0,0,0,0,0,0.000000,0.000000,0.000000,0.000000,0.479526,0.000000,0.000000,0.000000,0.000000,0.949750,-0.313009,0.000018,0.966375,-0.257135,0.000000,-12.915290,-17.616260,0,4,23.783360,0.003875,0,0
10.010130,0.389991,248.867200,497.484200,0,0,0,0,0,0,0.000000,0.000000,0.000000,0.000000,0.479526,0.000000,0.000000,0.000000,0.000000,0.949750,-0.313009,0.000018,0.966375,-0.257135,0.000000,-13.013390,-17.711060,0,4,23.836780,0.003875,0,0
10.020130,0.390466,248.736100,497.683900,0,0,0,0,0,0,0.000000,0.000000,0.000000,0.000000,0.479526,0.000000,0.000000,0.000000,0.000000,0.949750,-0.313009,0.000018,0.966375,-0.257135,0.000000,-13.111490,-17.805860,0,4,23.890470,0.003875,0,0
10.030130,0.390941,248.604000,497.883600,0,0,0,0,0,0,0.000000,0.000000,0.000000,0.000000,0.479526,0.000000,0.000000,0.000000,0.000000,0.949750,-0.313009,0.000018,0.966375,-0.257135,0.000000,-13.209590,-17.900660,0,4,23.944450,0.003875,0,0
10.040130,0.391415,248.470900,498.083300,0,0,0,0,0,0,0.000000,0.000000,0.000000,0.000000,0.479526,0.000000,0.000000,0.000000,0.000000,0.949750,-0.313009,0.000018,0.966375,-0.257135,0.000000,-13.307690,-17.995460,0,4,23.998710,0.003875,0,0
10.050130,0.391890,248.336900,498.283100,0,0,0,0,0,0,0.000000,0.000000,0.000000,0.000000,0.479526,0.000000,0.000000,0.000000,0.000000,0.949750,-0.313009,0.000018,0.966375,-0.257135,0.000000,-13.405790,-18.090260,0,4,24.053250,0.003875,0,0
10.060130,0.392365,248.201800,498.482800,0,0,0,0,0,0,0.000000,0.000000,0.000000,0.000000,0.479526,0.000000,0.000000,0.000000,0.000000,0.949750,-0.313009,0.000018,0.966375,-0.257135,0.000000,-13.503890,-18.185060,0,4,24.108060,0.003875,0,0
10.070140,0.392840,248.065800,498.682500,0,0,0,0,0,0,0.000000,0.000000,0.000000,0.000000,0.479526,0.000000,0.000000,0.000000,0.000000,0.949750,-0.313009,0.000018,0.966375,-0.257135,0.000000,-13.601990,-18.279870,0,4,24.163150,0.003875,0,0
10.080140,0.393314,247.928800,498.882200,0,0,0,0,0,0,0.000000,0.000000,0.000000,0.000000,0.479526,0.000000,0.000000,0.000000,0.000000,0.949750,-0.313009,0.000018,0.966375,-0.257135,0.000000,-13.700090,-18.374670,0,4,24.218510,0.003875,0,0
10.090140,0.393789,247.790800,499.081900,0,0,0,0,0,0,0.000000,0.000000,0.000000,0.000000,0.479526,0.000000,0.000000,0.000000,0.000000,0.949750,-0.313009,0.000018,0.966375,-0.257135,0.000000,-13.798190,-18.469470,0,4,24.274130,0.003875,0,0
10.100140,0.394264,247.651900,499.281600,0,0,0,0,0,0,0.000000,0.000000,0.000000,0.000000,0.479526,0.000000,0.000000,0.000000,0.000000,0.949750,-0.313009,0.000018,0.966375,-0.257135,0.000000,-13.896290,-18.564270,0,4,24.330030,0.003875,0,0
10.110140,0.394739,247.511900,499.481300,0,0,0,0,0,0,0.000000,0.000000,0.000000,0.000000,0.479526,0.000000,0.000000,0.000000,0.000000,0.949750,-0.313009,0.000018,0.966375,-0.257135,0.000000,-13.994380,-18.659070,0,4,24.386190,0.003875,0,0
10.120140,0.395213,247.371000,499.681000,0,0,0,0,0,0,0.000000,0.000000,0.000000,0.000000,0.479526,0.000000,0.000000,0.000000,0.000000,0.949750,-0.313009,0.000018,0.966375,-0.257135,0.000000,-14.092480,-18.753870,0,4,24.442620,0.003875,0,0
10.130140,0.395688,247.229100,499.880700,0,0,0,0,0,0,0.000000,0.000000,0.000000,0.000000,0.479526,0.000000,0.000000,0.000000,0.000000,0.949750,-0.313009,0.000018,0.966375,-0.257135,0.000000,-14.190580,-18.848670,0,4,24.499310,0.003875,0,0
10.140140,0.396163,247.086200,500.080400,0,0,0,0,0,0,0.000000,0.000000,0.000000,0.000000,0.479526,0.000000,0.000000,0.000000,0.000000,0.949750,-0.313009,0.000018,0.966375,-0.257135,0.000000,-14.288680,-18.943470,0,4,24.556260,0.003875,0,0
10.150140,0.396638,246.942300,500.280100,0,0,0,0,0,0,0.000000,0.000000,0.000000,0.000000,0.479526,0.000000,0.000000,0.000000,0.000000,0.949750,-0.313009,0.000018,0.966375,-0.257135,0.000000,-14.386780,-19.038270,0,4,24.613480,0.003875,0,0
10.160140,0.397112,246.797500,500.479800,0,0,0,0,0,0,0.000000,0.000000,0.000000,0.000000,0.479526,0.000000,0.000000,0.000000,0.000000,0.949750,-0.313009,0.000018,0.966375,-0.257135,0.000000,-14.484880,-19.133080,0,4,24.670940,0.003875,0,0
10.170140,0.397587,246.651600,500.679500,0,0,0,0,0,0,0.000000,0.000000,0.000000,0.000000,0.479526,0.000000,0.000000,0.000000,0.000000,0.949750,-0.313009,0.000018,0.966375,-0.257135,0.000000,-14.582980,-19.227880,0,4,24.728670,0.003875,0,0
10.180140,0.398062,246.504800,500.879200,0,0,0,0,0,0,0.000000,0.000000,0.000000,0.000000,0.479526,0.000000,0.000000,0.000000,0.000000,0.949750,-0.313009,0.000018,0.966375,-0.257135,0.000000,-14.681080,-19.322680,0,4,24.786650,0.003875,0,0
10.190140,0.398537,246.357000,501.078900,0,0,0,0,0,0,0.000000,0.000000,0.000000,0.000000,0.479526,0.000000,0.000000,0.000000,0.000000,0.949750,-0.313009,0.000018,0.966375,-0.257135,0.000000,-14.779180,-19.417480,0,4,24.844880,0.003875,0,0
10.200140,0.399011,246.208300,501.278700,0,0,0,0,0,0,0.000000,0.000000,0.000000,0.000000,0.479526,0.000000,0.000000,0.000000,0.000000,0.949750,-0.313009,0.000018,0.966375,-0.257135,0.000000,-14.877280,-19.512280,0,4,24.903360,0.003875,0,0
10.210140,0.399486,246.058500,501.478400,0,0,0,0,0,0,0.000000,0.000000,0.000000,0.000000,0.479526,0.000000,0.000000,0.000000,0.000000,0.949750,-0.313009,0.000018,0.966375,-0.257135,0.000000,-14.975380,-19.607080,0,4,24.962090,0.003875,0,0
10.220140,0.399961,245.907800,501.678100,0,0,0,0,0,0,0.000000,0.000000,0.000000,0.000000,0.479526,0.000000,0.000000,0.000000,0.000000,0.949750,-0.313009,0.000018,0.966375,-0.257135,0.000000,-15.073480,-19.701880,0,4,25.021060,0.003875,0,0
10.230140,0.400436,245.756100,501.877800,0,0,0,0,0,0,0.000000,0.000000,0.000000,0.000000,0.479526,0.000000,0.000000,0.000000,0.000000,0.949750,-0.313009,0.000018,0.966375,-0.257135,0.000000,-15.171580,-19.796680,0,4,25.080280,0.003875,0,0
10.240140,0.400910,245.603400,502.077500,0,0,0,0,0,0,0.000000,0.000000,0.000000,0.000000,0.479526,0.000000,0.000000,0.000000,0.000000,0.949750,-0.313009,0.000018,0.966375,-0.257135,0.000000,-15.269680,-19.891490,0,4,25.139750,0.003875,0,0
10.250140,0.401385,245.449700,502.277200,0,0,0,0,0,0,0.000000,0.000000,0.000000,0.000000,0.479526,0.000000,0.000000,0.000000,0.000000,0.949750,-0.313009,0.000018,0.966375,-0.257135,0.000000,-15.367780,-19.986290,0,4,25.199450,0.003875,0,0
10.260140,0.401860,245.295000,502.476900,0,0,0,0,0,0,0.000000,0.000000,0.000000,0.000000,0.479526,0.000000,0.000000,0.000000,0.000000,0.949750,-0.313009,0.000018,0.966375,-0.257135,0.000000,-15.465880,-20.081090,0,4,25.259400,0.003875,0,0
10.270140,0.402335,245.139400,502.676600,0,0,0,0,0,0,0.000000,0.000000,0.000000,0.000000,0.479526,0.000000,0.000000,0.000000,0.000000,0.949750,-0.313009,0.000018,0.966375,-0.257135,0.000000,-15.563980,-20.175890,0,4,25.319580,0.003875,0,0
10.280140,0.402809,244.982800,502.876300,0,0,0,0,0,0,0.000000,0.000000,0.000000,0.000000,0.479526,0.000000,0.000000,0.000000,0.000000,0.949750,-0.313009,0.000018,0.966375,-0.257135,0.000000,-15.662080,-20.270690,0,4,25.380000,0.003875,0,0
10.290140,0.403284,244.825200,503.076000,0,0,0,0,0,0,0.000000,0.000000,0.000000,0.000000,0.479526,0.000000,0.000000,0.000000,0.000000,0.949750,-0.313009,0.000018,0.966375,-0.257135,0.000000,-15.760180,-20.365490,0,4,25.440650,0.003875,0,0
10.300140,0.403759,244.666600,503.275700,0,0,0,0,0,0,0.000000,0.000000,0.000000,0.000000,0.479526,0.000000,0.000000,0.000000,0.000000,0.949750,-0.313009,0.000018,0.966375,-0.257135,0.000000,-15.858280,-20.460290,0,4,25.501540,0.003875,0,0
10.310140,0.404234,244.507000,503.475400,0,0,0,0,0,0,0.000000,0.000000,0.000000,0.000000,0.479526,0.000000,0.000000,0.000000,0.000000,0.949750,-0.313009,0.000018,0.966375,-0.257135,0.000000,-15.956380,-20.555090,0,4,25.562660,0.003875,0,0
10.320140,0.404708,244.346500,503.675100,0,0,0,0,0,0,0.000000,0.000000,0.000000,0.000000,0.479526,0.000000,0.000000,0.000000,0.000000,0.949750,-0.313009,0.000018,0.966375,-0.257135,0.000000,-16.054480,-20.649900,0,4,25.624010,0.003875,0,0
10.330140,0.405183,244.185000,503.874800,0,0,0,0,0,0,0.000000,0.000000,0.000000,0.000000,0.479526,0.000000,0.000000,0.000000,0.000000,0.949750,-0.313009,0.000018,0.966375,-0.257135,0.000000,-16.152580,-20.744700,0,4,25.685590,0.003875,0,0
10.340140,0.405658,244.022400,504.074600,0,0,0,0,0,0,0.000000,0.000000,0.000000,0.000000,0.479526,0.000000,0.000000,0.000000,0.000000,0.949750,-0.313009,0.000018,0.966375,-0.257135,0.000000,-16.250680,-20.839500,0,4,25.747390,0.003875,0,0
10.350140,0.406133,243.859000,504.274300,0,0,0,0,0,0,0.000000,0.000000,0.000000,0.000000,0.479526,0.000000,0.000000,0.000000,0.000000,0.949750,-0.313009,0.000018,0.966375,-0.257135,0.000000,-16.348780,-20.934300,0,4,25.809420,0.003875,0,0
10.360140,0.406607,243.694500,504.474000,0,0,0,0,0,0,0.000000,0.000000,0.000000,0.000000,0.479526,0.000000,0.000000,0.000000,0.000000,0.949750,-0.313009,0.000018,0.966375,-0.257135,0.000000,-16.446880,-21.029100,0,4,25.871680,0.003875,0,0
10.370140,0.407082,243.529000,504.673700,0,0,0,0,0,0,0.000000,0.000000,0.000000,0.000000,0.479526,0.000000,0.000000,0.000000,0.000000,0.949750,-0.313009,0.000018,0.966375,-0.257135,0.000000,-16.544980,-21.123910,0,4,25.934150,0.003875,0,0
10.380140,0.407557,243.362600,504.873400,0,0,0,0,0,0,0.000000,0.000000,0.000000,0.000000,0.479526,0.000000,0.000000,0.000000,0.000000,0.949750,-0.313009,0.000018,0.966375,-0.257135,0.000000,-16.643080,-21.218710,0,4,25.996840,0.003875,0,0
10.390140,0.408032,243.195200,505.073100,0,0,0,0,0,0,0.000000,0.000000,0.000000,0.000000,0.479526,0.000000,0.000000,0.000000,0.000000,0.949750,-0.313009,0.000018,0.966375,-0.257135,0.000000,-16.741180,-21.313510,0,4,26.059760,0.003875,0,0
10.400140,0.408506,243.026800,505.272800,0,0,0,0,0,0,0.000000,0.000000,0.000000,0.000000,0.479526,0.000000,0.000000,0.000000,0.000000,0.949750,-0.313009,0.000018,0.966375,-0.257135,0.000000,-16.839280,-21.408310,0,4,26.122890,0.003875,0,0
10.410140,0.408981,242.857400,505.472500,0,0,0,0,0,0,0.000000,0.000000,0.000000,0.000000,0.479526,0.000000,0.000000,0.000000,0.000000,0.949750,-0.313009,0.000018,0.966375,-0.257135,0.000000,-16.937390,-21.503110,0,4,26.186230,0.003875,0,0
10.420140,0.409456,242.687100,505.672200,0,0,0,0,0,0,0.000000,0.000000,0.000000,0.000000,0.479526,0.000000,0.000000,0.000000,0.000000,0.949750,-0.313009,0.000018,0.966375,-0.257135,0.000000,-17.035490,-21.597920,0,4,26.249790,0.003875,0,0
10.430140,0.409931,242.515700,505.871900,0,0,0,0,0,0,0.000000,0.000000,0.000000,0.000000,0.479526,0.000000,0.000000,0.000000,0.000000,0.949750,-0.313009,0.000018,0.966375,-0.257135,0.000000,-17.133590,-21.692720,0,4,26.313560,0.003875,0,0
10.440140,0.410405,242.343400,506.071600,0,0,0,0,0,0,0.000000,0.000000,0.000000,0.000000,0.479526,0.000000,0.000000,0.000000,0.000000,0.949750,-0.313009,0.000018,0.966375,-0.257135,0.000000,-17.231690,-21.787520,0,4,26.377540,0.003875,0,0
10.450140,0.410880,242.170100,506.271300,0,0,0,0,0,0,0.000000,0.000000,0.000000,0.000000,0.479526,0.000000,0.000000,0.000000,0.000000,0.949750,-0.313009,0.000018,0.966375,-0.257135,0.000000,-17.329790,-21.882320,0,4,26.441730,0.003875,0,0
10.460140,0.411355,241.995800,506.471000,0,0,0,0,0,0,0.000000,0.000000,0.000000,0.000000,0.479526,0.000000,0.000000,0.000000,0.000000,0.949750,-0.313009,0.000018,0.966375,-0.257135,0.000000,-17.427890,-21.977130,0,4,26.506130,0.003875,0,0
10.470140,0.411830,241.820600,506.670700,0,0,0,0,0,0,0.000000,0.000000,0.000000,0.000000,0.479526,0.000000,0.000000,0.000000,0.000000,0.949750,-0.313009,0.000018,0.966375,-0.257135,0.000000,-17.525990,-22.071930,0,4,26.570740,0.003875,0,0
10.480140,0.412304,241.644300,506.870500,0,0,0,0,0,0,0.000000,0.000000,0.000000,0.000000,0.479526,0.000000,0.000000,0.000000,0.000000,0.949750,-0.313009,0.000018,0.966375,-0.257135,0.000000,-17.624090,-22.166730,0,4,26.635540,0.003875,0,0
10.490140,0.412779,241.467100,507.070200,0,0,0,0,0,0,0.000000,0.000000,0.000000,0.000000,0.479526,0.000000,0.000000,0.000000,0.000000,0.949750,-0.313009,0.000018,0.966375,-0.257135,0.000000,-17.722190,-22.261530,0,4,26.700560,0.003875,0,0
10.500140,0.413254,241.288900,507.269900,0,0,0,0,0,0,0.000000,0.000000,0.000000,0.000000,0.479526,0.000000,0.000000,0.000000,0.000000,0.949750,-0.313009,0.000018,0.966375,-0.257135,0.000000,-17.820290,-22.356330,0,4,26.765770,0.003875,0,0
10.510150,0.413729,241.109700,507.469600,0,0,0,0,0,0,0.000000,0.000000,0.000000,0.000000,0.479526,0.000000,0.000000,0.000000,0.000000,0.949750,-0.313009,0.000018,0.966375,-0.257135,0.000000,-17.918390,-22.451140,0,4,26.831180,0.003875,0,0
10.520150,0.414203,240.929600,507.669300,0,0,0,0,0,0,0.000000,0.000000,0.000000,0.000000,0.479526,0.000000,0.000000,0.000000,0.000000,0.949750,-0.313009,0.000018,0.966375,-0.257135,0.000000,-18.016490,-22.545940,0,4,26.896800,0.003875,0,0
10.530150,0.414678,240.748400,507.869000,0,0,0,0,0,0,0.000000,0.000000,0.000000,0.000000,0.479526,0.000000,0.000000,0.000000,0.000000,0.949750,-0.313009,0.000018,0.966375,-0.257135,0.000000,-18.114590,-22.640740,0,4,26.962610,0.003875,0,0
10.540150,0.415153,240.566300,508.068700,0,0,0,0,0,0,0.000000,0.000000,0.000000,0.000000,0.479526,0.000000,0.000000,0.000000,0.000000,0.949750,-0.313009,0.000018,0.966375,-0.257135,0.000000,-18.212690,-22.735540,0,4,27.028610,0.003875,0,0
10.550150,0.415628,240.383200,508.268400,0,0,0,0,0,0,0.000000,0.000000,0.000000,0.000000,0.479526,0.000000,0.000000,0.000000,0.000000,0.949750,-0.313009,0.000018,0.966375,-0.257135,0.000000,-18.310790,-22.830340,0,4,27.094810,0.003875,0,0
10.560150,0.416102,240.199100,508.468100,0,0,0,0,0,0,0.000000,0.000000,0.000000,0.000000,0.479526,0.000000,0.000000,0.000000,0.000000,0.949750,-0.313009,0.000018,0.966375,-0.257135,0.000000,-18.408900,-22.925150,0,4,27.161210,0.003875,0,0
10.570150,0.416577,240.014000,508.667800,0,0,0,0,0,0,0.000000,0.000000,0.000000,0.000000,0.479526,0.000000,0.000000,0.000000,0.000000,0.949750,-0.313009,0.000018,0.966375,-0.257135,0.000000,-18.507000,-23.019950,0,4,27.227790,0.003875,0,0
10.580150,0.417052,239.828000,508.867500,0,0,0,0,0,0,0.000000,0.000000,0.000000,0.000000,0.479526,0.000000,0.000000,0.000000,0.000000,0.949750,-0.313009,0.000018,0.966375,-0.257135,0.000000,-18.605100,-23.114750,0,4,27.294570,0.003875,0,0
10.590150,0.417527,239.640900,509.067200,0,0,0,0,0,0,0.000000,0.000000,0.000000,0.000000,0.479526,0.000000,0.000000,0.000000,0.000000,0.949750,-0.313009,0.000018,0.966375,-0.257135,0.000000,-18.703200,-23.209550,0,4,27.361530,0.003875,0,0
10.600150,0.418001,239.452900,509.266900,0,0,0,0,0,0,0.000000,0.000000,0.000000,0.000000,0.479526,0.000000,0.000000,0.000000,0.000000,0.949750,-0.313009,0.000018,0.966375,-0.257135,0.000000,-18.801300,-23.304350,0,4,27.428680,0.001897,0,0
10.610150,0.418476,239.263900,509.466600,0,0,0,0,0,0,0.000000,0.000000,0.000000,0.000000,0.479526,0.000000,0.000000,0.000000,0.000000,0.949750,-0.313009,0.000018,0.966375,-0.257135,0.000000,-18.899400,-23.399150,0,4,27.496020,-0.000012,0,0
10.620150,0.418951,239.074000,509.666400,0,0,0,0,0,0,0.000000,0.000000,0.000000,0.000000,0.479526,0.000000,0.000000,0.000000,0.000000,0.949750,-0.313009,0.000018,0.966375,-0.257135,0.000000,-18.997500,-23.493960,0,4,27.563540,-0.001854,0,0
10.630150,0.419426,238.883000,509.866100,0,0,0,0,0,0,0.000000,0.000000,0.000000,0.000000,0.479526,0.000000,0.000000,0.000000,0.000000,0.949750,-0.313009,0.000018,0.966375,-0.257135,0.000000,-19.095600,-23.588760,0,4,27.631240,-0.003631,0,0
10.640150,0.419900,238.691100,510.065800,0,0,0,0,0,0,0.000000,0.000000,0.000000,0.000000,0.479526,0.000000,0.000000,0.000000,0.000000,0.949750,-0.313009,0.000018,0.966375,-0.257135,0.000000,-19.193700,-23.683560,0,4,27.699130,-0.005348,0,0
10.650150,0.420375,238.498200,510.265500,0,0,0,0,0,0,0.000000,0.000000,0.000000,0.000000,0.479526,0.000000,0.000000,0.000000,0.000000,0.949750,-0.313009,0.000018,0.966375,-0.257135,0.000000,-19.291800,-23.778360,0,4,27.767200,-0.007003,0,0
10.660150,0.420850,238.304300,510.465200,0,0,0,0,0,0,0.000000,0.000000,0.000000,0.000000,0.479526,0.000000,0.000000,0.000000,0.000000,0.949750,-0.313009,0.000018,0.966375,-0.257135,0.000000,-19.389900,-23.873170,0,4,27.835440,-0.008458,0,0
10.670150,0.421325,238.109400,510.664900,0,0,0,0,0,0,0.000000,0.000000,0.000000,0.000000,0.479526,0.000000,0.000000,0.000000,0.000000,0.949750,-0.313009,0.000018,0.966375,-0.257135,0.000000,-19.488000,-23.967970,0,4,27.903870,-0.009861,0,0
10.680150,0.421799,237.913500,510.864600,0,0,0,0,0,0,0.000000,0.000000,0.000000,0.000000,0.479526,0.000000,0.000000,0.000000,0.000000,0.949750,-0.313009,0.000018,0.966375,-0.257135,0.000000,-19.586100,-24.062770,0,4,27.972470,-0.011213,0,0
10.690150,0.422274,237.716700,511.064300,1,1,1,1,2,2,1.007260,1.004933,1.007111,1.005018,1.006065,-0.005625,0.974182,0.225696,-0.005626,0.974206,0.225593,-0.005626,0.974206,0.225593,0.000000,-4.615397,0.000001,1,5,20.457970,1.388190,0,0
10.700150,0.421991,237.669600,511.263500,1,1,1,1,2,2,1.006335,1.004049,1.006241,1.003903,1.005072,-0.005502,0.974245,0.225427,-0.005503,0.974233,0.225476,-0.005616,0.974208,0.225583,0.000000,-4.710689,-0.095781,1,5,20.467910,0.116322,0,0
10.710150,0.421725,237.621500,511.462600,1,1,1,1,2,2,1.004366,1.002032,1.004276,1.001953,1.003114,-0.005504,0.974269,0.225320,-0.005503,0.974233,0.225476,-0.005606,0.974210,0.225573,0.000000,-4.805937,-0.191503,1,5,20.478290,0.114039,0,0
10.720150,0.421476,237.572500,511.661500,1,1,1,1,2,2,1.001297,0.998964,1.001420,0.999061,1.000241,-0.005503,0.974210,0.225576,-0.005503,0.974233,0.225476,-0.005597,0.974212,0.225565,0.000000,-4.901143,-0.287166,1,5,20.489100,0.111793,0,0
10.730150,0.421243,237.522500,511.860300,1,1,1,1,2,2,0.997486,0.995145,0.997577,0.995218,0.996397,-0.005503,0.974220,0.225534,-0.005503,0.974233,0.225476,-0.005589,0.974214,0.225557,0.000000,-4.996305,-0.382773,1,5,20.500350,0.109584,0,0
10.740150,0.421027,237.471600,512.059000,1,1,1,1,2,2,0.993015,0.990666,0.992765,0.990424,0.991595,-0.005505,0.974325,0.225079,-0.005503,0.974233,0.225476,-0.005582,0.974216,0.225550,0.000000,-5.091425,-0.478323,1,5,20.512030,0.107413,0,0
10.750150,0.420827,237.419800,512.257600,1,1,1,1,2,2,0.986985,0.984651,0.987016,0.984674,0.985845,-0.005503,0.974157,0.225803,-0.005503,0.974233,0.225476,-0.005575,0.974217,0.225544,0.000000,-5.186502,-0.573819,1,5,20.524140,0.105278,0,0
10.760150,0.420642,237.366900,512.456100,1,1,1,1,2,2,0.980296,0.977975,0.980326,0.977992,0.979159,-0.005503,0.974161,0.225789,-0.005503,0.974233,0.225476,-0.005569,0.974219,0.225538,0.000000,-5.281537,-0.669261,1,5,20.536680,0.103181,0,0
10.770150,0.420474,237.313200,512.654500,1,1,1,1,2,2,0.972985,0.970292,0.972670,0.970321,0.971496,-0.005504,0.974213,0.225562,-0.005503,0.974233,0.225476,-0.005563,0.974220,0.225533,0.000000,-5.376528,-0.764651,1,5,20.549650,0.101121,0,0
10.780150,0.420321,237.258500,512.852700,1,1,1,1,2,2,0.964047,0.961714,0.964063,0.961729,0.962896,-0.005503,0.974164,0.225775,-0.005503,0.974233,0.225476,-0.005558,0.974221,0.225528,0.000000,-5.471476,-0.859989,1,5,20.563050,0.099098,0,0
10.790150,0.420183,237.202800,513.050800,1,1,1,1,2,2,0.954660,0.952346,0.954497,0.952156,0.953326,-0.005504,0.974384,0.224824,-0.005503,0.974233,0.225476,-0.005553,0.974222,0.225523,0.000000,-5.566381,-0.955275,1,5,20.576870,0.097111,0,0
10.800150,0.420060,237.146200,513.248800,1,1,1,1,2,2,0.944148,0.941835,0.944009,0.941660,0.942834,-0.005504,0.974384,0.224824,-0.005503,0.974233,0.225476,-0.005549,0.974223,0.225519,1.109750,-5.661242,-1.050512,1,5,20.591110,0.095161,0,0
10.810150,0.419951,237.088700,513.446700,1,1,1,1,2,2,0.932611,0.930106,0.932645,0.930303,0.931474,-0.005504,0.974217,0.225548,-0.005503,0.974233,0.225476,-0.005545,0.974224,0.225515,5.256877,-5.745248,-1.134601,1,5,20.605160,0.093244,0,0
10.820150,0.419855,237.030800,513.644600,1,1,1,1,2,2,0.920851,0.918489,0.920856,0.918522,0.919689,-0.005503,0.974161,0.225789,-0.005503,0.974233,0.225476,-0.005541,0.974225,0.225512,8.442490,-5.788814,-1.177175,1,5,20.617130,0.091351,0,0
10.830150,0.419768,236.972800,513.842500,1,1,1,1,2,2,0.908939,0.906461,0.908971,0.906629,0.907800,-0.005503,0.974217,0.225548,-0.005503,0.974233,0.225476,-0.005538,0.974225,0.225509,10.849880,-5.801323,-1.187868,1,5,20.627310,0.089500,0,0
10.840150,0.419689,236.914900,514.040600,1,1,1,1,2,2,0.897385,0.895211,0.897212,0.894864,0.896038,-0.005503,0.974335,0.225037,-0.005503,0.974233,0.225476,-0.005535,0.974226,0.225506,12.632280,-5.790373,-1.174475,1,5,20.636100,0.087688,0,0
10.850150,0.419617,236.857300,514.238800,1,1,1,1,2,2,0.886091,0.883409,0.885788,0.883439,0.884613,-0.005503,0.974217,0.225548,-0.005503,0.974233,0.225476,-0.005532,0.974227,0.225503,13.908310,-5.762062,-1.143260,1,5,20.643900,0.085914,0,0
10.860150,0.419552,236.800100,514.437300,1,1,1,1,2,2,0.874743,0.872400,0.874772,0.872431,0.873601,-0.005502,0.974161,0.225789,-0.005503,0.974233,0.225476,-0.005530,0.974227,0.225501,14.791250,-5.721331,-1.099294,1,5,20.651060,0.084176,0,0
10.870150,0.419492,236.743400,514.635900,1,1,1,1,2,2,0.866367,0.864060,0.866227,0.863921,0.865074,-0.005507,0.974973,0.222255,-0.005508,0.974991,0.222177,-0.005528,0.974293,0.225215,15.157580,-5.672016,-1.052522,1,5,20.657850,0.082471,0,0
10.880150,0.419437,236.687200,514.834800,1,1,1,1,2,2,0.855751,0.853445,0.855806,0.853291,0.854548,-0.005351,0.974974,0.222255,-0.005351,0.975026,0.222028,-0.005513,0.974356,0.224941,15.786430,-5.619143,-1.001867,1,5,20.664560,0.080730,0,0
10.890150,0.419388,236.631600,515.033900,1,1,1,1,2,2,0.845545,0.843298,0.845777,0.843314,0.844546,-0.005351,0.975084,0.221772,-0.005351,0.975026,0.222028,-0.005499,0.974414,0.224690,16.152180,-5.560158,-0.944455,1,5,20.671090,0.079198,0,0
10.900150,0.419342,236.576600,515.233200,1,1,1,1,2,2,0.836343,0.834143,0.836389,0.834172,0.835280,-0.005193,0.974981,0.222228,-0.005194,0.975060,0.221879,-0.005473,0.974469,0.224448,16.289940,-5.497626,-0.883234,1,5,20.677620,0.077603,0,0
10.910150,0.419301,236.522200,515.432800,1,1,1,1,2,2,0.827972,0.825763,0.827699,0.825490,0.826595,-0.005194,0.975085,0.221771,-0.005194,0.975060,0.221879,-0.005449,0.974520,0.224227,16.278750,-5.433770,-0.820229,1,5,20.684250,0.076235,0,0
10.920150,0.419264,236.468600,515.632600,1,1,1,1,2,2,0.817972,0.815780,0.818129,0.815925,0.817027,-0.005198,0.975780,0.218691,-0.005198,0.975806,0.218578,-0.005427,0.974632,0.223742,16.570580,-5.370044,-0.762969,1,5,20.691070,0.074880,0,0
10.930150,0.419230,236.415500,515.832700,1,1,1,1,2,2,0.809748,0.807736,0.809959,0.807878,0.808919,-0.005041,0.975832,0.218462,-0.005041,0.975840,0.218429,-0.005394,0.974737,0.223285,16.512640,-5.303484,-0.702233,1,5,20.697930,0.073442,0,0
10.940160,0.419201,236.363100,516.033000,1,1,1,1,2,2,0.802539,0.800776,0.802581,0.800567,0.801574,-0.005040,0.975835,0.218449,-0.005041,0.975840,0.218429,-0.005364,0.974833,0.222869,16.311410,-5.237502,-0.641265,1,5,20.704960,0.072241,0,0
10.950160,0.419175,236.311400,516.233600,1,1,1,1,2,2,0.796002,0.793545,0.795865,0.793758,0.794812,-0.004886,0.975948,0.217951,-0.004884,0.975874,0.218279,-0.005322,0.974923,0.222474,16.044580,-5.173496,-0.581868,1,5,20.712210,0.070954,0,0
10.960160,0.419153,236.260300,516.434400,1,1,1,1,2,2,0.789781,0.787679,0.789819,0.787727,0.788773,-0.004884,0.975782,0.218691,-0.004884,0.975874,0.218279,-0.005285,0.975005,0.222113,15.697510,-5.112106,-0.524473,1,5,20.719680,0.069888,0,0
10.970160,0.419135,236.209700,516.635400,1,1,1,1,2,2,0.784659,0.782584,0.784369,0.782284,0.783327,-0.004884,0.975893,0.218193,-0.004884,0.975874,0.218279,-0.005250,0.975080,0.221783,15.314890,-5.054114,-0.469926,1,5,20.727360,0.068818,0,0
10.980160,0.419120,236.159700,516.836600,1,1,1,1,2,2,0.779609,0.777182,0.779493,0.777386,0.778440,-0.004885,0.975942,0.217978,-0.004884,0.975874,0.218279,-0.005219,0.975148,0.221482,14.912980,-4.999868,-0.418636,1,5,20.735250,0.067744,0,0
10.990160,0.419110,236.110200,517.038000,1,1,1,1,2,2,0.774957,0.772867,0.775152,0.773053,0.774103,-0.004884,0.975896,0.218180,-0.004884,0.975874,0.218279,-0.005190,0.975210,0.221206,14.499460,-4.949555,-0.370845,1,5,20.743310,0.066666,0,0
11.000160,0.419105,236.061200,517.239700,1,1,1,1,2,2,0.771106,0.769022,0.771333,0.769226,0.770280,-0.004884,0.975887,0.218220,-0.004884,0.975874,0.218279,-0.005164,0.975268,0.220954,14.084920,-4.903288,-0.326714,1,5,20.751520,0.065587,0,0
11.010160,0.419103,236.012600,517.441500,1,1,1,1,2,2,0.767726,0.765650,0.767937,0.765858,0.766898,-0.004885,0.975893,0.218193,-0.004884,0.975874,0.218279,-0.005140,0.975320,0.220724,13.683680,-4.861076,-0.286295,1,5,20.759860,0.064507,0,0
11.020160,0.419106,235.964400,517.643600,1,1,1,1,2,2,0.764737,0.762663,0.764974,0.762882,0.763928,-0.004885,0.975884,0.218234,-0.004884,0.975874,0.218279,-0.005118,0.975367,0.220514,13.298640,-4.822789,-0.249492,1,5,20.768310,0.063427,0,0
11.030160,0.419114,235.916500,517.845700,1,1,1,1,2,2,0.762181,0.760057,0.762347,0.760268,0.761308,-0.004885,0.975893,0.218193,-0.004884,0.975874,0.218279,-0.005097,0.975411,0.220321,12.937770,-4.788268,-0.216176,1,5,20.776850,0.062350,0,0
11.040160,0.419126,235.868900,518.048000,1,1,1,1,2,2,0.760402,0.758300,0.760120,0.758020,0.759070,-0.004884,0.975890,0.218207,-0.004884,0.975874,0.218279,-0.005079,0.975451,0.220145,12.590030,-4.757276,-0.186137,1,5,20.785450,0.061277,0,0
11.050160,0.419143,235.821600,518.250500,1,1,1,1,2,2,0.758460,0.756352,0.758155,0.756054,0.757105,-0.004884,0.975893,0.218193,-0.004884,0.975874,0.218279,-0.005062,0.975487,0.219985,12.272490,-4.729685,-0.159271,1,5,20.794100,0.060208,0,0
11.060160,0.419165,235.774600,518.453200,1,1,1,1,2,2,0.756245,0.754146,0.756471,0.754372,0.755422,-0.004885,0.975887,0.218220,-0.004884,0.975874,0.218279,-0.005047,0.975521,0.219838,11.976550,-4.705199,-0.135303,1,5,20.802780,0.059146,0,0
11.070160,0.419191,235.727700,518.655900,1,1,1,1,2,2,0.755333,0.753210,0.755034,0.752921,0.753978,-0.004884,0.975893,0.218193,-0.004884,0.975874,0.218279,-0.005033,0.975551,0.219704,11.705180,-4.683606,-0.114039,1,5,20.811490,0.058092,0,0
11.080160,0.419223,235.681100,518.858800,1,1,1,1,2,2,0.753565,0.751489,0.753806,0.751684,0.752745,-0.004885,0.975893,0.218193,-0.004884,0.975874,0.218279,-0.005020,0.975579,0.219581,11.457770,-4.664667,-0.095257,1,5,20.820220,0.057045,0,0
11.090160,0.419259,235.634600,519.061900,1,1,1,1,2,2,0.753046,0.750947,0.752749,0.750657,0.751703,-0.004884,0.975887,0.218220,-0.004884,0.975874,0.218279,-0.005008,0.975604,0.219469,11.232600,-4.648146,-0.078735,1,5,20.828950,0.056008,0,0
11.100160,0.419301,235.588300,519.265100,1,1,1,1,2,2,0.751843,0.749583,0.751870,0.749785,0.750828,-0.004884,0.975839,0.218435,-0.004884,0.975874,0.218279,-0.004998,0.975627,0.219367,11.028670,-4.633825,-0.064271,1,5,20.837690,0.054981,0,0
11.110160,0.419347,235.542000,519.468300,1,1,1,1,2,2,0.750938,0.748830,0.751126,0.749042,0.750084,-0.004884,0.975893,0.218193,-0.004884,0.975874,0.218279,-0.004988,0.975649,0.219273,10.847630,-4.621498,-0.051666,1,5,20.846430,0.053965,0,0
11.120160,0.419398,235.495900,519.671700,1,1,1,1,2,2,0.752218,0.750284,0.752191,0.750098,0.751144,-0.004887,0.976625,0.214895,-0.004888,0.976589,0.215058,-0.004979,0.975730,0.218910,10.531650,-4.610940,-0.046630,1,5,20.855160,0.052960,0,0
11.130160,0.419454,235.449900,519.875200,1,1,1,1,2,2,0.751148,0.749066,0.751145,0.748898,0.750021,-0.004749,0.976567,0.215164,-0.004749,0.976619,0.214926,-0.004960,0.975806,0.218567,10.677410,-4.603461,-0.044343,1,5,20.863860,0.051961,0,0
11.140160,0.419515,235.403900,520.078800,1,1,1,1,2,2,0.750007,0.748000,0.749990,0.747803,0.748896,-0.004749,0.976572,0.215137,-0.004749,0.976619,0.214926,-0.004941,0.975876,0.218254,10.771470,-4.594555,-0.039979,1,5,20.872510,0.051095,0,0
11.150160,0.419580,235.358100,520.282500,1,1,1,1,2,2,0.748827,0.746997,0.748969,0.746993,0.747981,-0.004611,0.976626,0.214895,-0.004611,0.976649,0.214794,-0.004913,0.975943,0.217956,10.796220,-4.584729,-0.034352,1,5,20.881120,0.050217,0,0
11.160160,0.419650,235.312300,520.486300,1,1,1,1,2,2,0.748221,0.745907,0.748073,0.746061,0.747067,-0.004611,0.976733,0.214409,-0.004611,0.976649,0.214794,-0.004887,0.976003,0.217684,10.801010,-4.574658,-0.027941,1,5,20.889710,0.049472,0,0
11.170160,0.419725,235.266700,520.690200,1,1,1,1,2,2,0.745722,0.743729,0.745496,0.743520,0.744508,-0.004616,0.977449,0.211120,-0.004614,0.977352,0.211571,-0.004863,0.976121,0.217158,11.237650,-4.564538,-0.026936,1,5,20.898260,0.048718,0,0
11.180160,0.419804,235.221200,520.894300,1,1,1,1,2,2,0.743860,0.742112,0.744067,0.742222,0.743144,-0.004476,0.977400,0.211350,-0.004476,0.977381,0.211438,-0.004830,0.976231,0.216667,11.331490,-4.550150,-0.020826,1,5,20.906750,0.047933,0,0
11.190160,0.419887,235.175900,521.098400,1,1,1,1,2,2,0.742887,0.740977,0.742881,0.741082,0.741982,-0.004476,0.977353,0.211567,-0.004476,0.977381,0.211438,-0.004800,0.976331,0.216218,11.343070,-4.534840,-0.012878,1,5,20.915190,0.047286,0,0
11.200160,0.419974,235.130700,521.302700,1,1,1,1,2,2,0.741989,0.740300,0.741875,0.739995,0.740935,-0.004336,0.977509,0.210851,-0.004337,0.977410,0.211306,-0.004760,0.976424,0.215797,11.316860,-4.519414,-0.004257,1,5,20.923580,0.046605,0,0
11.210160,0.420064,235.085600,521.507100,1,1,1,1,2,2,0.741023,0.739141,0.741033,0.739146,0.740090,-0.004337,0.977351,0.211580,-0.004337,0.977410,0.211306,-0.004724,0.976510,0.215410,11.242490,-4.504241,0.004839,1,5,20.931930,0.046051,0,0
11.220160,0.420159,235.040700,521.711700,1,1,1,1,2,2,0.740497,0.738620,0.740377,0.738483,0.739430,-0.004338,0.977561,0.210608,-0.004337,0.977410,0.211306,-0.004690,0.976588,0.215057,11.135690,-4.489791,0.013893,1,5,20.940250,0.045477,0,0
11.230160,0.420258,234.996000,521.916300,1,1,1,1,2,2,0.739852,0.737973,0.739876,0.737974,0.738925,-0.004338,0.977348,0.211594,-0.004337,0.977410,0.211306,-0.004660,0.976658,0.214734,11.011600,-4.476383,0.022516,1,5,20.948530,0.044884,0,0
11.240160,0.420361,234.951300,522.121100,1,1,1,1,2,2,0.739504,0.737625,0.739490,0.737610,0.738550,-0.004336,0.977354,0.211567,-0.004337,0.977410,0.211306,-0.004632,0.976723,0.214439,10.880630,-4.464185,0.030481,1,5,20.956770,0.044276,0,0
11.250160,0.420468,234.906800,522.326000,1,1,1,1,2,2,0.739093,0.737509,0.739258,0.737379,0.738318,-0.004338,0.977509,0.210851,-0.004337,0.977410,0.211306,-0.004607,0.976782,0.214169,10.743210,-4.453265,0.037668,1,5,20.964980,0.043653,0,0
11.260160,0.420579,234.862400,522.530900,1,1,1,1,2,2,0.739294,0.737257,0.739131,0.737274,0.738203,-0.004336,0.977456,0.211094,-0.004337,0.977410,0.211306,-0.004583,0.976836,0.213923,10.607040,-4.443686,0.043969,1,5,20.973150,0.043020,0,0
11.270160,0.420694,234.818000,522.736000,1,1,1,1,2,2,0.739111,0.737209,0.739123,0.737244,0.738183,-0.004336,0.977348,0.211594,-0.004337,0.977410,0.211306,-0.004562,0.976886,0.213698,10.476440,-4.435435,0.049353,1,5,20.981300,0.042377,0,0
11.280160,0.420813,234.773700,522.941200,1,1,1,1,2,2,0.739206,0.737302,0.739190,0.737298,0.738244,-0.004337,0.977351,0.211580,-0.004337,0.977410,0.211306,-0.004543,0.976931,0.213492,10.353850,-4.428460,0.053838,1,5,20.989410,0.041727,0,0
11.290160,0.420936,234.729500,523.146400,1,1,1,1,2,2,0.739330,0.737476,0.739339,0.737468,0.738404,-0.004336,0.977351,0.211580,-0.004337,0.977410,0.211306,-0.004525,0.976972,0.213304,10.234660,-4.422680,0.057471,1,5,20.997500,0.041071,0,0
11.300160,0.421063,234.685300,523.351800,1,1,1,1,2,2,0.739366,0.737700,0.739556,0.737691,0.738624,-0.004338,0.977404,0.211337,-0.004337,0.977410,0.211306,-0.004509,0.977010,0.213132,10.125900,-4.418063,0.060252,1,5,21.005560,0.040412,0,0
11.310160,0.421194,234.641200,523.557300,1,1,1,1,2,2,0.739945,0.738068,0.739825,0.737961,0.738893,-0.004338,0.977561,0.210608,-0.004337,0.977410,0.211306,-0.004494,0.977045,0.212974,10.027690,-4.414506,0.062258,1,5,21.013590,0.039751,0,0
11.320160,0.421328,234.597100,523.762800,1,1,1,1,2,2,0.740145,0.738562,0.740123,0.738244,0.739183,-0.004337,0.977404,0.211337,-0.004337,0.977410,0.211306,-0.004481,0.977076,0.212831,9.942925,-4.411908,0.063567,1,5,21.021590,0.039089,0,0
11.330160,0.421467,234.553000,523.968400,1,1,1,1,2,2,0.740468,0.738592,0.740480,0.738602,0.739541,-0.004337,0.977351,0.211580,-0.004337,0.977410,0.211306,-0.004468,0.977105,0.212700,9.860795,-4.410135,0.064290,1,5,21.029570,0.038427,0,0
11.340160,0.421609,234.508900,524.174100,1,1,1,1,2,2,0.740648,0.738957,0.740831,0.738960,0.739896,-0.004337,0.977401,0.211351,-0.004337,0.977410,0.211306,-0.004457,0.977131,0.212580,9.793682,-4.409162,0.064431,1,5,21.037530,0.037767,0,0
11.350160,0.421756,234.464800,524.379900,1,1,1,1,2,2,0.741239,0.739671,0.741235,0.739376,0.740306,-0.004337,0.977404,0.211337,-0.004337,0.977410,0.211306,-0.004447,0.977155,0.212470,9.727874,-4.408843,0.064120,1,5,21.045470,0.037109,0,0
11.360160,0.421906,234.420700,524.585800,1,1,1,1,2,2,0.743455,0.741601,0.743361,0.741460,0.742410,-0.004340,0.978009,0.208520,-0.004340,0.978026,0.208437,-0.004437,0.977230,0.212123,9.501915,-4.409163,0.058034,1,5,21.053390,0.036455,0,0
11.370160,0.422060,234.376600,524.791700,1,1,1,1,2,2,0.743233,0.741385,0.743210,0.741250,0.742230,-0.004267,0.978006,0.208533,-0.004267,0.978041,0.208368,-0.004423,0.977300,0.211800,9.730929,-4.411686,0.050197,1,5,21.061260,0.035811,0,0
11.380170,0.422217,234.332500,524.997700,1,1,1,1,2,2,0.742806,0.741148,0.742964,0.741041,0.742002,-0.004268,0.978058,0.208289,-0.004267,0.978041,0.208368,-0.004409,0.977364,0.211504,9.896407,-4.411963,0.045244,1,5,21.069090,0.035227,0,0
11.390170,0.422378,234.288300,525.203800,1,1,1,1,2,2,0.743104,0.741283,0.742761,0.740955,0.741858,-0.004196,0.978107,0.208059,-0.004195,0.978056,0.208299,-0.004391,0.977423,0.211229,9.995136,-4.410616,0.042359,1,5,21.076900,0.034641,0,0
11.400170,0.422543,234.244300,525.410000,1,1,1,1,2,2,0.742612,0.740604,0.742590,0.740762,0.741676,-0.004195,0.978055,0.208303,-0.004195,0.978056,0.208299,-0.004374,0.977478,0.210976,10.063280,-4.408299,0.040966,1,5,21.084670,0.034118,0,0
11.410170,0.422711,234.200200,525.616300,1,1,1,1,2,2,0.741056,0.739239,0.741083,0.739291,0.740187,-0.004197,0.978652,0.205483,-0.004198,0.978663,0.205429,-0.004359,0.977581,0.210498,10.471940,-4.405313,0.035376,1,5,21.092410,0.033590,0,0
11.420170,0.422882,234.156200,525.822600,1,1,1,1,2,2,0.740399,0.738574,0.740369,0.738656,0.739512,-0.004126,0.978647,0.205509,-0.004125,0.978678,0.205359,-0.004339,0.977676,0.210057,10.612360,-4.398323,0.034657,1,5,21.100100,0.033052,0,0
11.430170,0.423056,234.112300,526.029100,1,1,1,1,2,2,0.740128,0.738363,0.739801,0.738089,0.738945,-0.004126,0.978749,0.205022,-0.004125,0.978678,0.205359,-0.004321,0.977763,0.209654,10.678040,-4.389954,0.036149,1,5,21.107750,0.032581,0,0
11.440170,0.423233,234.068500,526.235700,1,1,1,1,2,2,0.739673,0.737582,0.739339,0.737575,0.738457,-0.004054,0.978703,0.205240,-0.004053,0.978693,0.205290,-0.004298,0.977843,0.209279,10.698270,-4.380938,0.038885,1,5,21.115350,0.032097,0,0
11.450170,0.423413,234.024800,526.442300,1,1,1,1,2,2,0.739290,0.737248,0.738967,0.737241,0.738104,-0.004054,0.978703,0.205240,-0.004053,0.978693,0.205290,-0.004276,0.977916,0.208935,10.672000,-4.371721,0.042509,1,5,21.122910,0.031675,0,0
11.460170,0.423596,233.981200,526.649000,1,1,1,1,2,2,0.739011,0.736970,0.738704,0.736978,0.737841,-0.004054,0.978698,0.205265,-0.004053,0.978693,0.205290,-0.004257,0.977983,0.208622,10.620220,-4.362757,0.046497,1,5,21.130430,0.031243,0,0
11.470170,0.423781,233.937600,526.855900,1,1,1,1,2,2,0.738872,0.736828,0.738541,0.736794,0.737667,-0.004053,0.978706,0.205227,-0.004053,0.978693,0.205290,-0.004240,0.978044,0.208335,10.550990,-4.354297,0.050541,1,5,21.137920,0.030802,0,0
11.480170,0.423970,233.894200,527.062800,1,1,1,1,2,2,0.738795,0.737067,0.738480,0.736732,0.737606,-0.004055,0.978752,0.205009,-0.004053,0.978693,0.205290,-0.004224,0.978100,0.208073,10.465740,-4.346512,0.054415,1,5,21.145370,0.030353,0,0
11.490170,0.424161,233.850800,527.269800,1,1,1,1,2,2,0.738508,0.737094,0.738525,0.736741,0.737633,-0.004053,0.978701,0.205252,-0.004053,0.978693,0.205290,-0.004209,0.978151,0.207833,10.373810,-4.339559,0.057916,1,5,21.152780,0.029898,0,0
11.500170,0.424355,233.807400,527.476900,1,1,1,1,2,2,0.738637,0.736871,0.738606,0.736873,0.737740,-0.004052,0.978655,0.205471,-0.004053,0.978693,0.205290,-0.004195,0.978198,0.207614,10.279620,-4.333502,0.060935,1,5,21.160170,0.029439,0,0
11.510170,0.424552,233.764100,527.684100,1,1,1,1,2,2,0.738602,0.736854,0.738779,0.737031,0.737905,-0.004053,0.978752,0.205009,-0.004053,0.978693,0.205290,-0.004183,0.978240,0.207414,10.188320,-4.328365,0.063412,1,5,21.167520,0.028976,0,0
11.520170,0.424752,233.720900,527.891400,1,1,1,1,2,2,0.739016,0.737293,0.739009,0.737270,0.738140,-0.004053,0.978652,0.205483,-0.004053,0.978693,0.205290,-0.004172,0.978279,0.207231,10.098230,-4.324120,0.065342,1,5,21.174850,0.028510,0,0
11.530170,0.424954,233.677700,528.098800,1,1,1,1,2,2,0.739618,0.737869,0.739280,0.737554,0.738417,-0.004053,0.978754,0.204996,-0.004053,0.978693,0.205290,-0.004162,0.978315,0.207064,10.014540,-4.320753,0.066706,1,5,21.182150,0.028043,0,0
11.540170,0.425160,233.634500,528.306300,1,1,1,1,2,2,0.739438,0.737689,0.739600,0.737883,0.738741,-0.004053,0.978754,0.204996,-0.004053,0.978693,0.205290,-0.004152,0.978347,0.206912,9.935686,-4.318203,0.067539,1,5,21.189420,0.027575,0,0
11.550170,0.425368,233.591300,528.513800,1,1,1,1,2,2,0.739969,0.738239,0.739973,0.738234,0.739103,-0.004052,0.978652,0.205483,-0.004053,0.978693,0.205290,-0.004144,0.978377,0.206772,9.862659,-4.316423,0.067864,1,5,21.196670,0.027108,0,0
11.560170,0.425578,233.548200,528.721400,1,1,1,1,2,2,0.740170,0.738637,0.740346,0.738607,0.739476,-0.004053,0.978703,0.205240,-0.004053,0.978693,0.205290,-0.004136,0.978404,0.206645,9.799548,-4.315354,0.067715,1,5,21.203890,0.026642,0,0
11.570170,0.425792,233.505000,528.929100,1,1,1,1,2,2,0.740763,0.739021,0.740764,0.739031,0.739898,-0.004054,0.978652,0.205483,-0.004053,0.978693,0.205290,-0.004129,0.978429,0.206528,9.737599,-4.314901,0.067170,1,5,21.211100,0.026178,0,0
11.580170,0.426008,233.461900,529.136800,1,1,1,1,2,2,0.740991,0.739424,0.741182,0.739428,0.740305,-0.004054,0.978698,0.205265,-0.004053,0.978693,0.205290,-0.004122,0.978452,0.206421,9.688208,-4.315051,0.066220,1,5,21.218280,0.025716,0,0
11.590170,0.426227,233.418700,529.344700,1,1,1,1,2,2,0.741933,0.739865,0.741607,0.739861,0.740734,-0.004052,0.978703,0.205240,-0.004053,0.978693,0.205290,-0.004116,0.978473,0.206324,9.642343,-4.315682,0.064972,1,5,21.225450,0.025257,0,0
11.600170,0.426449,233.375600,529.552600,1,1,1,1,2,2,0.743641,0.741686,0.743452,0.741718,0.742585,-0.004055,0.979227,0.202726,-0.004055,0.979167,0.203014,-0.004111,0.978532,0.206039,9.454167,-4.316760,0.059197,1,5,21.232600,0.024802,0,0
11.610170,0.426673,233.332400,529.760500,1,1,1,1,2,2,0.711195,0.741818,0.743329,0.741637,0.742483,-0.027286,0.973931,0.225199,-0.004086,0.979161,0.203044,-0.004109,0.978586,0.205781,9.650012,-4.319672,0.052122,1,5,21.239710,0.024355,0,0
11.620170,0.426900,233.289200,529.968500,1,1,1,1,2,2,0.743485,0.741728,0.743263,0.741568,0.742415,-0.004086,0.979176,0.202970,-0.004086,0.979161,0.203044,-0.004107,0.978636,0.205546,9.778605,-4.320662,0.047483,1,5,21.246790,0.023885,0,0
11.630170,0.427129,233.246000,530.176600,1,1,1,1,2,2,0.743113,0.741348,0.743239,0.741476,0.742357,-0.004117,0.979070,0.203483,-0.004116,0.979155,0.203073,-0.004108,0.978681,0.205333,9.861057,-4.320388,0.044621,1,5,21.253850,0.023423,0,0
11.640170,0.427361,233.202800,530.384800,1,1,1,1,2,2,0.743112,0.741160,0.743223,0.741439,0.742331,-0.004116,0.979128,0.203201,-0.004116,0.979155,0.203073,-0.004108,0.978721,0.205138,9.907215,-4.319304,0.042976,1,5,21.260880,0.022942,0,0
11.650170,0.427595,233.159600,530.593100,1,1,1,1,2,2,0.742271,0.740521,0.742164,0.740407,0.741286,-0.004119,0.979697,0.200442,-0.004118,0.979624,0.200796,-0.004109,0.978799,0.204765,10.223210,-4.317764,0.037896,1,5,21.267880,0.022471,0,0
11.660170,0.427831,233.116400,530.801400,1,1,1,1,2,2,0.741835,0.740097,0.741765,0.739959,0.740862,-0.004150,0.979697,0.200442,-0.004149,0.979618,0.200826,-0.004113,0.978870,0.204426,10.329460,-4.313125,0.036723,1,5,21.274850,0.022015,0,0
11.670170,0.428069,233.073400,531.009800,1,1,1,1,2,2,0.741522,0.739727,0.741436,0.739623,0.740529,-0.004149,0.979699,0.200429,-0.004149,0.979618,0.200826,-0.004116,0.978934,0.204116,10.377100,-4.307441,0.037238,1,5,21.281780,0.021541,0,0
11.680170,0.428309,233.030300,531.218300,1,1,1,1,2,2,0.741461,0.739649,0.741175,0.739390,0.740282,-0.004180,0.979597,0.200930,-0.004179,0.979612,0.200855,-0.004121,0.978993,0.203835,10.381740,-4.301288,0.038855,1,5,21.288680,0.021081,0,0
11.690170,0.428551,232.987400,531.426900,1,1,1,1,2,2,0.741267,0.739488,0.740982,0.739196,0.740089,-0.004181,0.979597,0.200930,-0.004179,0.979612,0.200855,-0.004126,0.979046,0.203579,10.362610,-4.295085,0.041035,1,5,21.295540,0.020604,0,0
11.700170,0.428795,232.944500,531.635600,1,1,1,1,2,2,0.741160,0.739066,0.740864,0.739109,0.739986,-0.004178,0.979549,0.201161,-0.004179,0.979612,0.200855,-0.004131,0.979095,0.203344,10.319940,-4.289068,0.043497,1,5,21.302370,0.020141,0,0
11.710170,0.429040,232.901700,531.844300,1,1,1,1,2,2,0.741130,0.739320,0.740840,0.739060,0.739950,-0.004179,0.979599,0.200917,-0.004179,0.979612,0.200855,-0.004135,0.979139,0.203130,10.265330,-4.283467,0.045963,1,5,21.309170,0.019691,0,0
11.720170,0.429288,232.858900,532.053100,1,1,1,1,2,2,0.740938,0.739367,0.740870,0.739075,0.739972,-0.004180,0.979649,0.200673,-0.004179,0.979612,0.200855,-0.004139,0.979180,0.202934,10.203820,-4.278398,0.048278,1,5,21.315940,0.019253,0,0
11.730170,0.429537,232.816100,532.262000,1,1,1,1,2,2,0.741061,0.739273,0.740973,0.739173,0.740073,-0.004180,0.979699,0.200429,-0.004179,0.979612,0.200855,-0.004142,0.979217,0.202755,10.134520,-4.273930,0.050339,1,5,21.322690,0.018828,0,0
11.740170,0.429788,232.773500,532.471000,1,1,1,1,2,2,0.741208,0.739422,0.741095,0.739330,0.740213,-0.004179,0.979702,0.200417,-0.004179,0.979612,0.200855,-0.004146,0.979251,0.202592,10.067280,-4.270138,0.052036,1,5,21.329410,0.018413,0,0
11.750170,0.430041,232.730800,532.680100,1,1,1,1,2,2,0.741381,0.739592,0.741302,0.739509,0.740406,-0.004180,0.979694,0.200454,-0.004179,0.979612,0.200855,-0.004148,0.979282,0.202442,9.999701,-4.267004,0.053362,1,5,21.336110,0.018010,0,0
11.760170,0.430296,232.688100,532.889200,1,1,1,1,2,2,0.741493,0.739859,0.741526,0.739740,0.740633,-0.004179,0.979602,0.200905,-0.004179,0.979612,0.200855,-0.004151,0.979311,0.202306,9.935900,-4.264529,0.054289,1,5,21.342780,0.017617,0,0
11.770170,0.430553,232.645500,533.098300,1,1,1,1,2,2,0.741739,0.739961,0.741765,0.739979,0.740872,-0.004179,0.979502,0.201393,-0.004179,0.979612,0.200855,-0.004154,0.979337,0.202181,9.879597,-4.262677,0.054829,1,5,21.349440,0.017235,0,0
11.780170,0.430811,232.602900,533.307600,1,1,1,1,2,2,0.742134,0.740223,0.742079,0.740279,0.741179,-0.004179,0.979594,0.200942,-0.004179,0.979612,0.200855,-0.004156,0.979360,0.202067,9.819345,-4.261375,0.055038,1,5,21.356080,0.016862,0,0
11.790170,0.431071,232.560300,533.517000,1,1,1,1,2,2,0.742448,0.740687,0.742372,0.740592,0.741482,-0.004181,0.979697,0.200442,-0.004179,0.979612,0.200855,-0.004158,0.979382,0.201962,9.769639,-4.260661,0.054855,1,5,21.362690,0.016499,0,0
11.800170,0.431333,232.517700,533.726400,1,1,1,1,2,2,0.742666,0.740992,0.742701,0.740915,0.741808,-0.004179,0.979597,0.200930,-0.004179,0.979612,0.200855,-0.004160,0.979402,0.201867,9.723371,-4.260431,0.054368,1,5,21.369290,0.016145,0,0
11.810170,0.431596,232.475100,533.935900,1,1,1,1,2,2,0.743012,0.741224,0.743043,0.741251,0.742147,-0.004178,0.979499,0.201405,-0.004179,0.979612,0.200855,-0.004161,0.979420,0.201780,9.681775,-4.260653,0.053595,1,5,21.375870,0.015799,0,0
11.820180,0.431861,232.432500,534.145400,1,1,1,1,2,2,0.743449,0.741687,0.743373,0.741587,0.742480,-0.004179,0.979699,0.200429,-0.004179,0.979612,0.200855,-0.004163,0.979436,0.201700,9.647622,-4.261280,0.052568,1,5,21.382440,0.015462,0,0
11.830180,0.432128,232.389800,534.355000,1,1,1,1,2,2,0.743690,0.742033,0.743717,0.741931,0.742824,-0.004180,0.979599,0.200917,-0.004179,0.979612,0.200855,-0.004164,0.979452,0.201628,9.616408,-4.262239,0.051347,1,5,21.388990,0.015133,0,0
11.840180,0.432396,232.347200,534.564600,1,1,1,1,2,2,0.745079,0.743491,0.744970,0.743196,0.744083,-0.004181,0.979961,0.199146,-0.004181,0.979919,0.199355,-0.004166,0.979492,0.201432,9.495643,-4.263502,0.047130,1,5,21.395530,0.014812,0,0
11.850180,0.432666,232.304600,534.774400,1,1,1,1,2,2,0.744762,0.743302,0.744778,0.743184,0.743981,-0.004340,0.979958,0.199158,-0.004339,0.979887,0.199507,-0.004181,0.979526,0.201266,9.633657,-4.265944,0.042356,1,5,21.402040,0.014499,0,0
11.860180,0.432938,232.261900,534.984100,1,1,1,1,2,2,0.745034,0.743484,0.744859,0.743226,0.744043,-0.004339,0.979856,0.199659,-0.004339,0.979887,0.199507,-0.004194,0.979557,0.201115,9.700023,-4.267029,0.039271,1,5,21.408530,0.014064,0,0
11.870180,0.433211,232.219200,535.194000,1,1,1,1,2,2,0.744584,0.743012,0.744941,0.743043,0.743992,-0.004498,0.979858,0.199647,-0.004497,0.979855,0.199659,-0.004220,0.979583,0.200990,9.755716,-4.267460,0.037418,1,5,21.415000,0.013651,0,0
11.880180,0.433486,232.176500,535.403900,1,1,1,1,2,2,0.745201,0.743278,0.745031,0.743125,0.744078,-0.004497,0.979803,0.199916,-0.004497,0.979855,0.199659,-0.004244,0.979606,0.200875,9.767063,-4.267344,0.036356,1,5,21.421460,0.013123,0,0
11.890180,0.433762,232.133900,535.613800,1,1,1,1,2,2,0.744069,0.742486,0.744414,0.742494,0.743454,-0.004499,0.980168,0.198119,-0.004499,0.980160,0.198159,-0.004266,0.979654,0.200641,9.968780,-4.267113,0.032796,1,5,21.427890,0.012628,0,0
11.900180,0.434039,232.091200,535.823900,1,1,1,1,2,2,0.744419,0.742314,0.744384,0.742343,0.743363,-0.004656,0.980167,0.198119,-0.004657,0.980128,0.198311,-0.004300,0.979695,0.200441,10.006020,-4.264902,0.031976,1,5,21.434300,0.012172,0,0
11.910180,0.434317,232.048600,536.034100,1,1,1,1,2,2,0.744359,0.741863,0.744302,0.742202,0.743252,-0.004657,0.980118,0.198363,-0.004657,0.980128,0.198311,-0.004331,0.979732,0.200257,10.028330,-4.262323,0.031901,1,5,21.440690,0.011603,0,0
11.920180,0.434597,232.006000,536.244300,1,1,1,1,2,2,0.744322,0.742295,0.744264,0.742245,0.743255,-0.004815,0.980117,0.198363,-0.004816,0.980097,0.198463,-0.004372,0.979763,0.200103,10.008750,-4.259523,0.032676,1,5,21.447050,0.011078,0,0
11.930180,0.434877,231.963400,536.454500,1,1,1,1,2,2,0.744329,0.742294,0.744287,0.742245,0.743266,-0.004815,0.980119,0.198351,-0.004816,0.980097,0.198463,-0.004410,0.979792,0.199962,9.985359,-4.256913,0.033542,1,5,21.453390,0.010450,0,0
11.940180,0.435159,231.920900,536.664900,1,1,1,1,2,2,0.744374,0.742350,0.744303,0.742319,0.743311,-0.004815,0.980114,0.198375,-0.004816,0.980097,0.198463,-0.004445,0.979818,0.199833,9.955199,-4.254530,0.034436,1,5,21.459710,0.009869,0,0
11.950180,0.435441,231.878400,536.875200,1,1,1,1,2,2,0.744425,0.742415,0.744397,0.742378,0.743388,-0.004815,0.980114,0.198375,-0.004816,0.980097,0.198463,-0.004477,0.979842,0.199715,9.920751,-4.252441,0.035268,1,5,21.466020,0.009331,0,0
11.960180,0.435724,231.835800,537.085700,1,1,1,1,2,2,0.744539,0.742203,0.744489,0.742477,0.743483,-0.004815,0.980067,0.198607,-0.004816,0.980097,0.198463,-0.004506,0.979864,0.199607,9.886235,-4.250689,0.035974,1,5,21.472300,0.008833,0,0
11.970180,0.436008,231.793400,537.296200,1,1,1,1,2,2,0.744865,0.742649,0.744631,0.742568,0.743599,-0.004816,0.980065,0.198620,-0.004816,0.980097,0.198463,-0.004533,0.979884,0.199509,9.851421,-4.249272,0.036535,1,5,21.478570,0.008372,0,0
11.980180,0.436294,231.750900,537.506800,1,1,1,1,2,2,0.744838,0.742819,0.744788,0.742754,0.743771,-0.004814,0.980117,0.198363,-0.004816,0.980097,0.198463,-0.004557,0.979902,0.199419,9.810844,-4.248196,0.036932,1,5,21.484820,0.007944,0,0
11.990180,0.436579,231.708400,537.717500,1,1,1,1,2,2,0.745017,0.742674,0.744967,0.742947,0.743957,-0.004816,0.980067,0.198607,-0.004816,0.980097,0.198463,-0.004579,0.979919,0.199336,9.773544,-4.247515,0.037090,1,5,21.491060,0.007547,0,0
