time,x,y,z,left,right,leftSamples,rightSamples,leftHeight,rightHeight,height,rawNx,rawNy,rawNz,supportNx,supportNy,supportNz,supportAcceleration,verticalVelocity,normalVelocity,grounded,transitions,speed,lateralAcceleration
0.000000,4000.000000,0.244684,2.209409,1,1,2,2,0.758723,0.758723,0.758723,0.000000,0.967852,0.251522,0.000000,0.967851,0.251524,19.410270,-4.467386,-0.459432,1,0,16.000000,0.000000
0.010000,4000.000000,0.200949,2.363388,1,1,2,2,0.762338,0.762338,0.762338,0.000000,0.971051,0.238872,0.000000,0.968133,0.250437,16.724290,-4.373477,-0.377908,1,0,16.006940,0.000000
0.020000,4000.000000,0.157893,2.517639,1,1,2,2,0.762158,0.762158,0.762158,0.000000,0.974770,0.223212,0.000000,0.968734,0.248101,15.914400,-4.305588,-0.343980,1,0,16.014750,0.000000
0.030000,4000.000000,0.115438,2.672138,1,1,2,2,0.755267,0.755267,0.755267,0.000000,0.974770,0.223210,0.000000,0.969279,0.245965,16.433640,-4.245501,-0.314926,1,0,16.022620,0.000000
0.040000,4000.000000,0.073635,2.826895,1,1,2,2,0.748176,0.748175,0.748175,0.000000,0.978203,0.207652,0.000000,0.970106,0.242682,17.337960,-4.180344,-0.299712,1,0,16.030320,0.000000
0.050000,4000.000000,0.032571,2.981925,1,1,2,2,0.740207,0.740207,0.740207,0.000000,0.978202,0.207654,0.000000,0.970852,0.239679,18.059440,-4.106336,-0.270903,1,0,16.037610,0.000000
0.060000,4000.000000,-0.007681,3.137240,1,1,2,2,0.726837,0.726837,0.726837,0.000000,0.980748,0.195276,0.000000,0.971783,0.235875,19.906880,-4.025258,-0.248174,1,0,16.044660,0.000000
0.070000,4000.000000,-0.046942,3.292877,1,1,2,2,0.709968,0.709968,0.709968,0.000000,0.982065,0.188545,0.000000,0.972758,0.231822,22.027790,-3.926129,-0.211168,1,0,16.051270,0.000000
0.080000,4000.000000,-0.085005,3.448876,1,1,2,2,0.702001,0.702001,0.702001,0.000000,0.982065,0.188545,0.000000,0.973634,0.228114,21.874850,-3.806261,-0.147345,1,0,16.057580,0.000000
0.090000,4000.000000,-0.121883,3.605226,1,1,2,2,0.684560,0.684560,0.684560,0.000000,0.982013,0.188814,0.000000,0.974418,0.224745,23.327330,-3.687789,-0.079563,1,0,16.064030,0.000000
0.100000,4000.000000,-0.157434,3.761952,1,1,2,2,0.668577,0.668577,0.668577,0.000000,0.983069,0.183235,0.000000,0.974983,0.222281,23.781870,-3.555090,0.017551,1,0,16.070690,0.000000
0.110000,4000.000000,-0.191613,3.919057,1,1,2,2,0.665860,0.665860,0.665860,0.000000,0.980598,0.196030,0.000000,0.975494,0.220027,21.650760,-3.417933,0.122564,1,0,16.077990,0.000000
0.120000,4000.000000,-0.224629,4.076488,1,1,2,2,0.656854,0.656854,0.656854,0.000000,0.977971,0.208740,0.000000,0.975712,0.219057,20.655760,-3.301552,0.227289,1,0,16.085640,0.000000
0.130000,4000.000000,-0.256578,4.234223,1,1,2,2,0.658533,0.658533,0.658533,0.000000,0.977971,0.208742,0.000000,0.975911,0.218170,17.954240,-3.194919,0.323340,1,0,16.093750,0.000000
0.140000,4000.000000,-0.287725,4.392199,1,1,2,2,0.658845,0.658845,0.658845,0.000000,0.974256,0.225444,0.000000,0.975790,0.218708,15.585880,-3.114691,0.415779,1,0,16.101720,0.000000
0.150000,4000.000000,-0.318301,4.550365,1,1,2,2,0.665654,0.665654,0.665654,0.000000,0.970784,0.239956,0.000000,0.975378,0.220541,12.104370,-3.057650,0.505857,1,0,16.109490,0.000000
0.160000,4000.000000,-0.348648,4.708648,1,1,2,2,0.674167,0.674167,0.674167,0.000000,0.970784,0.239956,0.000000,0.974997,0.222216,9.252066,-3.034667,0.558501,1,0,16.116570,0.000000
0.170000,4000.000000,-0.379043,4.866986,1,1,2,2,0.689134,0.689134,0.689134,0.000000,0.967656,0.252272,0.000000,0.974402,0.224812,5.568046,-3.039550,0.597872,1,0,16.122890,0.000000
0.180000,4000.000000,-0.409847,5.025298,1,1,2,2,0.708073,0.708073,0.708073,0.000000,0.965905,0.258898,0.000000,0.973718,0.227757,1.942623,-3.080371,0.606253,1,0,16.128120,0.000000
0.190000,4000.000000,-0.441412,5.183504,1,1,2,2,0.718543,0.718543,0.718543,0.000000,0.965905,0.258898,0.000000,0.973085,0.230446,0.851618,-3.156492,0.574261,1,0,16.132390,0.000000
0.200000,4000.000000,-0.473844,5.341579,1,1,2,2,0.738755,0.738755,0.738755,0.000000,0.966014,0.258490,0.000000,0.972508,0.232868,0.000000,-3.243174,0.527040,1,0,16.136740,0.000000
0.210000,4000.000000,-0.507225,5.499503,1,1,2,2,0.747330,0.747330,0.747330,0.000000,0.966013,0.258492,0.000000,0.971976,0.235080,0.000000,-3.338070,0.467955,1,0,16.141350,0.000000
0.220000,4000.000000,-0.541553,5.657277,1,1,2,2,0.764393,0.764393,0.764393,0.000000,0.967952,0.251137,0.000000,0.971640,0.236464,0.000000,-3.432888,0.395253,1,0,16.146520,0.000000
0.230000,4000.000000,-0.576830,5.814900,1,1,2,2,0.777617,0.777617,0.777617,0.000000,0.971186,0.238324,0.000000,0.971601,0.236624,0.000000,-3.527630,0.302299,1,0,16.152250,0.000000
0.240000,4000.000000,-0.613053,5.972373,1,1,2,2,0.779965,0.779965,0.779965,0.000000,0.971186,0.238322,0.000000,0.971565,0.236770,0.000000,-3.622300,0.209191,1,0,16.158540,0.000000
0.250000,4000.000000,-0.650222,6.129696,1,1,2,2,0.784201,0.784201,0.784201,0.000000,0.974908,0.222609,0.000000,0.971861,0.235553,1.040688,-3.716898,0.093481,1,0,16.165390,0.000000
0.260000,4000.000000,-0.688235,6.286893,1,1,2,2,0.781840,0.781840,0.781840,0.000000,0.978317,0.207114,0.000000,0.972449,0.233113,4.611341,-3.801315,-0.032112,1,0,16.172790,0.000000
0.270000,4000.000000,-0.726744,6.444047,1,1,2,2,0.776719,0.776719,0.776719,0.000000,0.978316,0.207116,0.000000,0.972981,0.230882,7.697669,-3.850948,-0.118487,1,0,16.180390,0.000000
0.280000,4000.000000,-0.765449,6.601229,1,1,2,2,0.765592,0.765592,0.765592,0.000000,0.980821,0.194910,0.000000,0.973708,0.227798,11.449690,-3.870496,-0.188164,1,0,16.187720,0.000000
0.290000,4000.000000,-0.803984,6.758522,1,1,2,2,0.749886,0.749886,0.749886,0.000000,0.987972,0.154635,0.000000,0.974492,0.224423,15.209200,-3.853449,-0.225157,1,0,16.194390,0.000000
0.300000,4000.000000,-0.841981,6.916005,1,1,2,2,0.742244,0.742244,0.742244,0.000000,0.982088,0.188424,0.000000,0.975198,0.221335,16.457690,-3.799699,-0.219794,1,0,16.200230,0.000000
0.310000,4000.000000,-0.879318,7.073701,1,1,2,2,0.724549,0.724549,0.724549,0.000000,0.981985,0.188961,0.000000,0.975824,0.218558,19.075370,-3.733716,-0.196853,1,0,16.205670,0.000000
0.320000,4000.000000,-0.915739,7.231664,1,1,2,2,0.718633,0.718633,0.718633,0.000000,0.981984,0.188965,0.000000,0.976389,0.216019,18.820810,-3.642144,-0.143857,1,0,16.210730,0.000000
0.330000,4000.000000,-0.951270,7.389883,1,1,2,2,0.703949,0.703949,0.703949,0.000000,0.980520,0.196420,0.000000,0.976760,0.214335,19.853200,-3.553026,-0.079279,1,0,16.215860,0.000000
0.340000,4000.000000,-0.985808,7.548375,1,1,2,2,0.693364,0.693364,0.693364,0.000000,0.977854,0.209290,0.000000,0.976855,0.213902,19.370100,-3.453825,0.016293,1,0,16.221200,0.000000
0.350000,4000.000000,-1.019402,7.707130,1,1,2,2,0.693740,0.693740,0.693740,0.000000,0.977854,0.209290,0.000000,0.976942,0.213506,17.021200,-3.359399,0.107576,1,0,16.227060,0.000000
0.360000,4000.000000,-1.052281,7.866097,1,1,2,2,0.692280,0.692280,0.692280,0.000000,0.974354,0.225019,0.000000,0.976724,0.214498,15.012320,-3.287975,0.198355,1,0,16.233130,0.000000
0.370000,4000.000000,-1.084644,8.025233,1,1,2,2,0.697325,0.697325,0.697325,0.000000,0.949827,0.312775,0.000000,0.976229,0.216741,11.812790,-3.236258,0.289818,1,0,16.239390,0.000000
0.380000,4000.000000,-1.116803,8.184474,1,1,2,2,0.704401,0.704401,0.704401,0.000000,0.970651,0.240495,0.000000,0.975772,0.218791,9.128451,-3.215879,0.346068,1,0,16.245520,0.000000
0.390000,4000.000000,-1.149020,8.343761,1,1,2,2,0.717680,0.717680,0.717680,0.000000,0.967563,0.252631,0.000000,0.975111,0.221715,5.631621,-3.221755,0.390073,1,0,16.251320,0.000000
0.400000,4000.000000,-1.181638,8.503021,1,1,2,2,0.735077,0.735077,0.735077,0.000000,0.967561,0.252636,0.000000,0.974373,0.224939,2.139863,-3.261774,0.404193,1,0,16.256610,0.000000
0.410000,4000.000000,-1.214996,8.662177,1,1,2,2,0.744081,0.744081,0.744081,0.000000,0.965874,0.259011,0.000000,0.973688,0.227883,1.146276,-3.335816,0.378845,1,0,16.261420,0.000000
0.420000,4000.000000,-1.249191,8.821207,1,1,2,2,0.762886,0.762886,0.762886,0.000000,0.966055,0.258338,0.000000,0.973069,0.230513,0.000000,-3.419480,0.338450,1,0,16.266450,0.000000
0.430000,4000.000000,-1.284333,8.980084,1,1,2,2,0.769980,0.769980,0.769980,0.000000,0.966056,0.258334,0.000000,0.972497,0.232915,0.000000,-3.514234,0.282919,1,0,16.271770,0.000000
0.440000,4000.000000,-1.320423,9.138810,1,1,2,2,0.785667,0.785667,0.785667,0.000000,0.968053,0.250747,0.000000,0.972127,0.234453,0.000000,-3.608907,0.213046,1,0,16.277640,0.000000
0.450000,4000.000000,-1.357458,9.297383,1,1,2,2,0.797539,0.797539,0.797539,0.000000,0.971322,0.237767,0.000000,0.972058,0.234738,0.000000,-3.703503,0.122302,1,0,16.284070,0.000000
0.460000,4000.000000,-1.395438,9.455805,1,1,2,2,0.798315,0.798315,0.798315,0.000000,0.971321,0.237770,0.000000,0.971995,0.234999,0.058070,-3.798027,0.031223,1,0,16.291040,0.000000
0.470000,4000.000000,-1.434357,9.614076,1,1,2,2,0.801138,0.801138,0.801138,0.000000,0.975045,0.222009,0.000000,0.972264,0.233883,2.390284,-3.891913,-0.082286,1,0,16.298560,0.000000
0.480000,4000.000000,-1.473987,9.772250,1,1,2,2,0.797432,0.797432,0.797432,0.000000,0.978429,0.206582,0.000000,0.972824,0.231540,5.830048,-3.963057,-0.192977,1,0,16.306390,0.000000
0.490000,4000.000000,-1.513994,9.930408,1,1,2,2,0.790967,0.790967,0.790967,0.000000,0.978429,0.206582,0.000000,0.973332,0.229398,8.821362,-4.000677,-0.265878,1,0,16.313930,0.000000
0.500000,4000.000000,-1.554085,10.088620,1,1,2,2,0.778655,0.778655,0.778655,0.000000,0.980892,0.194552,0.000000,0.974031,0.226410,12.473110,-4.009130,-0.323028,1,0,16.320900,0.000000
0.510000,4000.000000,-1.593905,10.246950,1,1,2,2,0.770404,0.770404,0.770404,0.000000,0.980892,0.194552,0.000000,0.974663,0.223677,14.373440,-3.981955,-0.339391,1,0,16.326880,0.000000
0.520000,4000.000000,-1.633267,10.405460,1,1,2,2,0.753002,0.753002,0.753002,0.000000,0.982108,0.188317,0.000000,0.975354,0.220644,17.573130,-3.936208,-0.341810,1,0,16.332210,0.000000
0.530000,4000.000000,-1.671859,10.564210,1,1,2,2,0.734222,0.734222,0.734222,0.000000,0.981954,0.189122,0.000000,0.975962,0.217940,20.083790,-3.859197,-0.306780,1,0,16.336690,0.000000
0.540000,4000.000000,-1.709436,10.723230,1,1,2,2,0.727400,0.727400,0.727400,0.000000,0.981954,0.189122,0.000000,0.976511,0.215467,19.718680,-3.757643,-0.242843,1,0,16.340740,0.000000
0.550000,4000.000000,-1.746032,10.882530,1,1,2,2,0.711905,0.711905,0.711905,0.000000,0.980441,0.196815,0.000000,0.976863,0.213865,20.642180,-3.659627,-0.168081,1,0,16.344990,0.000000
0.560000,4000.000000,-1.781558,11.042120,1,1,2,2,0.700656,0.700656,0.700656,0.000000,0.977735,0.209845,0.000000,0.976938,0.213519,20.044450,-3.552599,-0.063148,1,0,16.349500,0.000000
0.570000,4000.000000,-1.816073,11.201990,1,1,2,2,0.700457,0.700457,0.700457,0.000000,0.977735,0.209845,0.000000,0.977006,0.213203,17.596790,-3.451476,0.036218,1,0,16.354660,0.000000
0.580000,4000.000000,-1.849816,11.362070,1,1,2,2,0.698568,0.698568,0.698568,0.000000,0.974214,0.225627,0.000000,0.976772,0.214273,15.483950,-3.374329,0.134236,1,0,16.360230,0.000000
0.590000,4000.000000,-1.882995,11.522330,1,1,2,2,0.703288,0.703288,0.703288,0.000000,0.928139,0.372235,0.000000,0.976263,0.216582,12.189020,-3.317914,0.231849,1,0,16.366110,0.000000
0.600000,4000.000000,-1.915933,11.682710,1,1,2,2,0.709970,0.709970,0.709970,0.000000,0.970519,0.241027,0.000000,0.975793,0.218691,9.448810,-3.293779,0.293165,1,0,16.372010,0.000000
0.610000,4000.000000,-1.948897,11.843130,1,1,2,2,0.723009,0.723010,0.723010,0.000000,0.967468,0.252995,0.000000,0.975124,0.221655,5.888055,-3.296450,0.341448,1,0,16.377690,0.000000
0.620000,4000.000000,-1.982236,12.003530,1,1,2,2,0.740163,0.740163,0.740163,0.000000,0.967470,0.252987,0.000000,0.974382,0.224893,2.358839,-3.333893,0.358824,1,0,16.382950,0.000000
0.630000,4000.000000,-2.016294,12.163830,1,1,2,2,0.748805,0.748805,0.748805,0.000000,0.965846,0.259116,0.000000,0.973695,0.227850,1.359537,-3.405728,0.336301,1,0,16.387830,0.000000
0.640000,4000.000000,-2.051166,12.324010,1,1,2,2,0.767284,0.767284,0.767284,0.000000,0.966099,0.258173,0.000000,0.973079,0.230469,0.000000,-3.487244,0.298224,1,0,16.392930,0.000000
0.650000,4000.000000,-2.086985,12.484030,1,1,2,2,0.773992,0.773992,0.773992,0.000000,0.966099,0.258173,0.000000,0.972509,0.232861,0.000000,-3.581926,0.242858,1,0,16.398300,0.000000
0.660000,4000.000000,-2.123751,12.643900,1,1,2,2,0.789180,0.789180,0.789180,0.000000,0.968157,0.250346,0.000000,0.972147,0.234369,0.000000,-3.676528,0.172709,1,0,16.404220,0.000000
0.670000,4000.000000,-2.161461,12.803620,1,1,2,2,0.800416,0.800417,0.800416,0.000000,0.971458,0.237212,0.000000,0.972088,0.234613,0.000000,-3.771053,0.081342,1,0,16.410690,0.000000
0.680000,4000.000000,-2.200116,12.963180,1,1,2,2,0.800714,0.800714,0.800714,0.000000,0.971459,0.237208,0.000000,0.972034,0.234837,0.664672,-3.865505,-0.010304,1,0,16.417710,0.000000
0.690000,4000.000000,-2.239650,13.122600,1,1,2,2,0.802817,0.802817,0.802817,0.000000,0.975181,0.221411,0.000000,0.972312,0.233683,2.994028,-3.953422,-0.118505,1,0,16.425220,0.000000
0.700000,4000.000000,-2.279837,13.281940,1,1,2,2,0.798393,0.798394,0.798394,0.000000,0.978541,0.206054,0.000000,0.972879,0.231312,6.430928,-4.018626,-0.223913,1,0,16.432920,0.000000
0.710000,4000.000000,-2.320340,13.441280,1,1,2,2,0.791597,0.791597,0.791597,0.000000,0.978541,0.206054,0.000000,0.973391,0.229144,9.348827,-4.050333,-0.291492,1,0,16.440230,0.000000
0.720000,4000.000000,-2.360876,13.600670,1,1,2,2,0.778707,0.778707,0.778707,0.000000,0.980961,0.194207,0.000000,0.974092,0.226148,12.985410,-4.053587,-0.343875,1,0,16.446890,0.000000
0.730000,4000.000000,-2.401089,13.760210,1,1,2,2,0.761450,0.761450,0.761450,0.000000,0.985418,0.170151,0.000000,0.974841,0.222896,16.607790,-4.021358,-0.364220,1,0,16.452530,0.000000
0.740000,4000.000000,-2.440627,13.919960,1,1,2,2,0.752686,0.752687,0.752686,0.000000,0.982128,0.188213,0.000000,0.975517,0.219921,17.678480,-3.953754,-0.343689,1,0,16.457120,0.000000
0.750000,4000.000000,-2.479383,14.079950,1,1,2,2,0.733957,0.733957,0.733957,0.000000,0.981920,0.189298,0.000000,0.976106,0.217293,20.130090,-3.875653,-0.306670,1,0,16.461320,0.000000
0.760000,4000.000000,-2.517119,14.240210,1,1,2,2,0.727242,0.727242,0.727242,0.000000,0.981920,0.189294,0.000000,0.976638,0.214890,19.712700,-3.773585,-0.241416,1,0,16.465130,0.000000
0.770000,4000.000000,-2.553875,14.400750,1,1,2,2,0.712083,0.712083,0.712083,0.000000,0.980359,0.197221,0.000000,0.976970,0.213372,20.546880,-3.675572,-0.165508,1,0,16.469150,0.000000
0.780000,4000.000000,-2.589569,14.561570,1,1,2,2,0.701376,0.701376,0.701376,0.000000,0.977615,0.210404,0.000000,0.977026,0.213117,19.838430,-3.569421,-0.060058,1,0,16.473450,0.000000
0.790000,4000.000000,-2.624272,14.722660,1,1,2,2,0.701344,0.701344,0.701344,0.000000,0.977614,0.210405,0.000000,0.977077,0.212883,17.378330,-3.470262,0.038592,1,0,16.478400,0.000000
0.800000,4000.000000,-2.658224,14.883960,1,1,2,2,0.700140,0.700140,0.700140,0.000000,0.974075,0.226224,0.000000,0.976825,0.214033,15.160260,-3.395204,0.135891,1,0,16.483740,0.000000
0.810000,4000.000000,-2.691643,15.045440,1,1,2,2,0.705551,0.705551,0.705551,0.000000,0.970388,0.241552,0.000000,0.976302,0.216408,11.786690,-3.341909,0.231668,1,0,16.489380,0.000000
0.820000,4000.000000,-2.724860,15.207010,1,1,2,2,0.712340,0.712340,0.712340,0.000000,0.970388,0.241552,0.000000,0.975819,0.218578,9.095369,-3.321661,0.290249,1,0,16.495010,0.000000
0.830000,4000.000000,-2.758137,15.368620,1,1,2,2,0.725907,0.725908,0.725907,0.000000,0.967379,0.253333,0.000000,0.975141,0.221581,5.501732,-3.327739,0.336043,1,0,16.500430,0.000000
0.840000,4000.000000,-2.791826,15.530200,1,1,2,2,0.743348,0.743348,0.743348,0.000000,0.965822,0.259208,0.000000,0.974396,0.224834,2.000942,-3.368906,0.350211,1,0,16.505450,0.000000
0.850000,4000.000000,-2.826268,15.691670,1,1,2,2,0.751938,0.751938,0.751938,0.000000,0.965822,0.259208,0.000000,0.973706,0.227805,1.085542,-3.444183,0.324709,1,0,16.510120,0.000000
0.860000,4000.000000,-2.861551,15.853010,1,1,2,2,0.770313,0.770313,0.770313,0.000000,0.966147,0.257994,0.000000,0.973093,0.230412,0.000000,-3.528318,0.284035,1,0,16.515060,0.000000
0.870000,4000.000000,-2.897781,16.014190,1,1,2,2,0.787360,0.787360,0.787360,0.000000,0.969428,0.245376,0.000000,0.972692,0.232096,0.000000,-3.622950,0.216950,1,0,16.520340,0.000000
0.880000,4000.000000,-2.934956,16.175210,1,1,2,2,0.791609,0.791609,0.791609,0.000000,0.968262,0.249938,0.000000,0.972324,0.233634,0.000000,-3.717504,0.147503,1,0,16.526160,0.000000
0.890000,4000.000000,-2.973076,16.336080,1,1,2,2,0.802091,0.802091,0.802091,0.000000,0.971593,0.236658,0.000000,0.972261,0.233894,0.000000,-3.811979,0.056421,1,0,16.532520,0.000000
0.900000,4000.000000,-3.012139,16.496800,1,1,2,2,0.802170,0.802170,0.802170,0.000000,0.971593,0.236658,0.000000,0.972204,0.234131,1.020870,-3.906381,-0.034965,1,0,16.539420,0.000000
0.910000,4000.000000,-3.052047,16.657380,1,1,2,2,0.803342,0.803342,0.803342,0.000000,0.975321,0.220792,0.000000,0.972479,0.232986,3.428257,-3.990784,-0.139591,1,0,16.546790,0.000000
0.920000,4000.000000,-3.092564,16.817890,1,1,2,2,0.797998,0.797997,0.797998,0.000000,0.978652,0.205526,0.000000,0.973041,0.230630,6.923308,-4.051712,-0.240693,1,0,16.554260,0.000000
0.930000,4000.000000,-3.133350,16.978400,1,1,2,2,0.791078,0.791078,0.791078,0.000000,0.978652,0.205527,0.000000,0.973549,0.228475,9.741155,-4.078572,-0.303389,1,0,16.561260,0.000000
0.940000,4000.000000,-3.174130,17.138980,1,1,2,2,0.777491,0.777490,0.777491,0.000000,0.981027,0.193869,0.000000,0.974241,0.225507,13.402490,-4.077950,-0.351739,1,0,16.567610,0.000000
0.950000,4000.000000,-3.214546,17.299710,1,1,2,2,0.759858,0.759858,0.759858,0.000000,0.982144,0.188131,0.000000,0.974977,0.222302,16.977860,-4.041599,-0.367512,1,0,16.572910,0.000000
0.960000,4000.000000,-3.254249,17.460650,1,1,2,2,0.751142,0.751142,0.751142,0.000000,0.982144,0.188132,0.000000,0.975641,0.219370,17.938410,-3.970329,-0.342915,1,0,16.577190,0.000000
0.970000,4000.000000,-3.293145,17.621840,1,1,2,2,0.732529,0.732530,0.732529,0.000000,0.981887,0.189467,0.000000,0.976214,0.216805,20.285400,-3.889637,-0.302560,1,0,16.581130,0.000000
0.980000,4000.000000,-3.331005,17.783310,1,1,2,2,0.715578,0.715578,0.715578,0.000000,0.980278,0.197626,0.000000,0.976579,0.215158,21.356660,-3.786001,-0.223216,1,0,16.584720,0.000000
0.990000,4000.000000,-3.367724,17.945080,1,1,2,2,0.711556,0.711556,0.711556,0.000000,0.980278,0.197626,0.000000,0.976909,0.213652,19.774740,-3.671913,-0.130853,1,0,16.588600,0.000000
1.000000,4000.000000,-3.403457,18.107110,1,1,2,2,0.701890,0.701890,0.701890,0.000000,0.977494,0.210965,0.000000,0.976960,0.213421,19.062860,-3.573300,-0.032764,1,0,16.592990,0.000000
1.010000,4000.000000,-3.438274,18.269400,1,1,2,2,0.698420,0.698420,0.698420,0.000000,0.946276,0.323361,0.000000,0.976706,0.214576,16.824040,-3.481707,0.081675,1,0,16.597930,0.000000
1.020000,4000.000000,-3.472395,18.431890,1,1,2,2,0.702042,0.702042,0.702042,0.000000,0.973933,0.226834,0.000000,0.976474,0.215632,13.912090,-3.412094,0.171983,1,0,16.603400,0.000000
1.030000,4000.000000,-3.506105,18.594520,1,1,2,2,0.708500,0.708500,0.708500,0.000000,0.970258,0.242074,0.000000,0.975967,0.217914,10.694140,-3.371003,0.254007,1,0,16.608960,0.000000
1.040000,4000.000000,-3.539720,18.757230,1,1,2,2,0.720865,0.720865,0.720865,0.000000,0.986760,0.162189,0.000000,0.975272,0.221004,6.871181,-3.361412,0.317621,1,0,16.614410,0.000000
1.050000,4000.000000,-3.573611,18.919940,1,1,2,2,0.729353,0.729353,0.729353,0.000000,0.967293,0.253664,0.000000,0.974629,0.223826,4.814885,-3.389175,0.338511,1,0,16.619480,0.000000
1.060000,4000.000000,-3.607981,19.082590,1,1,2,2,0.746872,0.746872,0.746872,0.000000,0.965799,0.259293,0.000000,0.973920,0.226891,1.540010,-3.436991,0.343087,1,0,16.624410,0.000000
1.070000,4000.000000,-3.643148,19.245120,1,1,2,2,0.755051,0.755051,0.755051,0.000000,0.965796,0.259302,0.000000,0.973263,0.229691,0.876194,-3.516689,0.310493,1,0,16.629080,0.000000
1.080000,4000.000000,-3.679176,19.407510,1,1,2,2,0.772909,0.772910,0.772909,0.000000,0.966193,0.257820,0.000000,0.972687,0.232119,0.000000,-3.602786,0.265048,1,0,16.634080,0.000000
1.090000,4000.000000,-3.716150,19.569740,1,1,2,2,0.788937,0.788937,0.788937,0.000000,0.968371,0.249514,0.000000,0.972328,0.233619,0.000000,-3.697336,0.195093,1,0,16.639460,0.000000
1.100000,4000.000000,-3.754068,19.731820,1,1,2,2,0.792657,0.792657,0.792657,0.000000,0.968371,0.249514,0.000000,0.971997,0.234990,0.000000,-3.791808,0.123031,1,0,16.645380,0.000000
1.110000,4000.000000,-3.792930,19.893740,1,1,2,2,0.801660,0.801659,0.801659,0.000000,0.971733,0.236082,0.000000,0.971975,0.235084,0.000000,-3.886202,0.029200,1,0,16.651840,0.000000
1.120000,4000.000000,-3.832735,20.055500,1,1,2,2,0.804649,0.804649,0.804649,0.000000,0.975454,0.220202,0.000000,0.972283,0.233805,1.903546,-3.980522,-0.088090,1,0,16.658840,0.000000
1.130000,4000.000000,-3.873297,20.217150,1,1,2,2,0.800681,0.800681,0.800681,0.000000,0.975455,0.220201,0.000000,0.972563,0.232637,5.028172,-4.056265,-0.184399,1,0,16.666170,0.000000
1.140000,4000.000000,-3.914313,20.378760,1,1,2,2,0.793834,0.793835,0.793834,0.000000,0.978759,0.205013,0.000000,0.973127,0.230266,8.406383,-4.101559,-0.270008,1,0,16.673360,0.000000
1.150000,4000.000000,-3.955452,20.540410,1,1,2,2,0.781074,0.781074,0.781074,0.000000,0.981094,0.193533,0.000000,0.973867,0.227117,12.339230,-4.113922,-0.335156,1,0,16.679920,0.000000
1.160000,4000.000000,-3.996331,20.702180,1,1,2,2,0.772278,0.772278,0.772278,0.000000,0.981094,0.193532,0.000000,0.974535,0.224236,14.459390,-4.087923,-0.356371,1,0,16.685450,0.000000
1.170000,4000.000000,-4.036744,20.864110,1,1,2,2,0.754354,0.754354,0.754354,0.000000,0.982159,0.188052,0.000000,0.975243,0.221133,17.789080,-4.041208,-0.360226,1,0,16.690250,0.000000
1.180000,4000.000000,-4.076363,21.026290,1,1,2,2,0.735043,0.735044,0.735044,0.000000,0.981850,0.189660,0.000000,0.975852,0.218432,20.363550,-3.961963,-0.323931,1,0,16.694140,0.000000
1.190000,4000.000000,-4.114939,21.188750,1,1,2,2,0.727981,0.727981,0.727981,0.000000,0.981850,0.189660,0.000000,0.976401,0.215963,19.992290,-3.857557,-0.258013,1,0,16.697580,0.000000
1.200000,4000.000000,-4.152506,21.351480,1,1,2,2,0.712249,0.712250,0.712250,0.000000,0.980193,0.198043,0.000000,0.976740,0.214424,20.876710,-3.756751,-0.179994,1,0,16.701240,0.000000
1.210000,4000.000000,-4.188980,21.514500,1,1,2,2,0.700969,0.700970,0.700970,0.000000,0.970361,0.241661,0.000000,0.976795,0.214176,20.186790,-3.647321,-0.071158,1,0,16.705200,0.000000
1.220000,4000.000000,-4.224427,21.677800,1,1,2,2,0.700868,0.700868,0.700868,0.000000,0.977370,0.211539,0.000000,0.976844,0.213948,17.650290,-3.544703,0.031056,1,0,16.709840,0.000000
1.230000,4000.000000,-4.259096,21.841310,1,1,2,2,0.699272,0.699273,0.699273,0.000000,0.973793,0.227438,0.000000,0.976589,0.215110,15.421760,-3.466932,0.131580,1,0,16.714910,0.000000
1.240000,4000.000000,-4.293206,22.005000,1,1,2,2,0.704435,0.704435,0.704435,0.000000,0.973793,0.227438,0.000000,0.976064,0.217482,12.014060,-3.411024,0.230511,1,0,16.720310,0.000000
1.250000,4000.000000,-4.327091,22.168790,1,1,2,2,0.711291,0.711291,0.711291,0.000000,0.970128,0.242593,0.000000,0.975578,0.219648,9.241751,-3.388492,0.291853,1,0,16.725720,0.000000
1.260000,4000.000000,-4.361022,22.332620,1,1,2,2,0.724774,0.724774,0.724774,0.000000,0.967206,0.253994,0.000000,0.974906,0.222616,5.623275,-3.393074,0.339248,1,0,16.730920,0.000000
1.270000,4000.000000,-4.395352,22.496410,1,1,2,2,0.733173,0.733172,0.733173,0.000000,0.967206,0.253993,0.000000,0.974283,0.225327,3.933640,-3.432980,0.346121,1,0,16.735710,0.000000
1.280000,4000.000000,-4.430245,22.660140,1,1,2,2,0.751034,0.751034,0.751034,0.000000,0.965778,0.259372,0.000000,0.973598,0.228269,0.860541,-3.489342,0.340171,1,0,16.740450,0.000000
1.290000,4000.000000,-4.466002,22.823730,1,1,2,2,0.769618,0.769618,0.769618,0.000000,0.966243,0.257632,0.000000,0.973000,0.230803,0.000000,-3.575597,0.296606,1,0,16.744990,0.000000
1.300000,4000.000000,-4.502703,22.987160,1,1,2,2,0.776257,0.776257,0.776257,0.000000,0.966245,0.257624,0.000000,0.972448,0.233118,0.000000,-3.670154,0.240788,1,0,16.749900,0.000000
1.310000,4000.000000,-4.540349,23.150430,1,1,2,2,0.791070,0.791070,0.791070,0.000000,0.968479,0.249096,0.000000,0.972117,0.234496,0.000000,-3.764629,0.168939,1,0,16.755350,0.000000
1.320000,4000.000000,-4.578940,23.313540,1,1,2,2,0.801570,0.801569,0.801569,0.000000,0.971872,0.235511,0.000000,0.972096,0.234584,0.000000,-3.859026,0.074959,1,0,16.761330,0.000000
1.330000,4000.000000,-4.618474,23.476490,1,1,2,2,0.801526,0.801526,0.801526,0.000000,0.971871,0.235512,0.000000,0.972076,0.234664,0.738302,-3.953349,-0.019075,1,0,16.767850,0.000000
1.340000,4000.000000,-4.658878,23.639300,1,1,2,2,0.802504,0.802505,0.802505,0.000000,0.975591,0.219596,0.000000,0.972388,0.233370,3.322413,-4.040421,-0.129364,1,0,16.774850,0.000000
1.350000,4000.000000,-4.699901,23.802030,1,1,2,2,0.796841,0.796842,0.796842,0.000000,0.978863,0.204516,0.000000,0.972979,0.230893,6.967571,-4.102300,-0.234165,1,0,16.781980,0.000000
1.360000,4000.000000,-4.741187,23.964760,1,1,2,2,0.789712,0.789712,0.789712,0.000000,0.978866,0.204502,0.000000,0.973514,0.228628,9.872590,-4.128652,-0.298825,1,0,16.788640,0.000000
1.370000,4000.000000,-4.782454,24.127560,1,1,2,2,0.775783,0.775783,0.775783,0.000000,0.981157,0.193210,0.000000,0.974222,0.225590,13.609740,-4.126672,-0.347743,1,0,16.794620,0.000000
1.380000,4000.000000,-4.823336,24.290500,1,1,2,2,0.757862,0.757862,0.757862,0.000000,0.982174,0.187972,0.000000,0.974963,0.222365,17.212510,-4.088225,-0.362532,1,0,16.799570,0.000000
1.390000,4000.000000,-4.863482,24.453670,1,1,2,2,0.749103,0.749103,0.749103,0.000000,0.982174,0.187973,0.000000,0.975631,0.219415,18.146950,-4.014591,-0.336583,1,0,16.803500,0.000000
1.400000,4000.000000,-4.902800,24.617080,1,1,2,2,0.730464,0.730465,0.730464,0.000000,0.981813,0.189853,0.000000,0.976198,0.216879,20.448950,-3.931791,-0.294241,1,0,16.807130,0.000000
1.410000,4000.000000,-4.941065,24.780770,1,1,2,2,0.713710,0.713710,0.713710,0.000000,0.980103,0.198491,0.000000,0.976548,0.215299,21.424670,-3.826488,-0.212498,1,0,16.810440,0.000000
1.420000,4000.000000,-4.978181,24.944760,1,1,2,2,0.709883,0.709883,0.709883,0.000000,0.980104,0.198484,0.000000,0.976865,0.213854,19.773130,-3.711672,-0.118759,1,0,16.814070,0.000000
1.430000,4000.000000,-5.014311,25.109010,1,1,2,2,0.700737,0.700737,0.700737,0.000000,0.977248,0.212099,0.000000,0.976898,0.213703,18.934710,-3.613014,-0.019360,1,0,16.818210,0.000000
1.440000,4000.000000,-5.049538,25.273510,1,1,2,2,0.697954,0.697954,0.697954,0.000000,0.957275,0.289180,0.000000,0.976627,0.214938,16.563080,-3.522616,0.095437,1,0,16.822900,0.000000
1.450000,4000.000000,-5.084093,25.438210,1,1,2,2,0.701860,0.701860,0.701860,0.000000,0.973655,0.228027,0.000000,0.976378,0.216066,13.627790,-3.455496,0.184625,1,0,16.828090,0.000000
1.460000,4000.000000,-5.118264,25.603040,1,1,2,2,0.709060,0.709061,0.709061,0.000000,0.970001,0.243100,0.000000,0.975859,0.218399,10.311970,-3.417124,0.265211,1,0,16.833340,0.000000
1.470000,4000.000000,-5.152376,25.767930,1,1,2,2,0.722086,0.722086,0.722086,0.000000,0.957598,0.288109,0.000000,0.975159,0.221503,6.441579,-3.411202,0.325967,1,0,16.838430,0.000000
1.480000,4000.000000,-5.186807,25.932810,1,1,2,2,0.730716,0.730716,0.730716,0.000000,0.967120,0.254322,0.000000,0.974511,0.224339,4.444930,-3.443087,0.343443,1,0,16.843120,0.000000
1.490000,4000.000000,-5.221751,26.097620,1,1,2,2,0.748578,0.748578,0.748578,0.000000,0.965761,0.259435,0.000000,0.973808,0.227372,1.197230,-3.494436,0.344473,1,0,16.847700,0.000000
1.500000,4000.000000,-5.257525,26.262300,1,1,2,2,0.767573,0.767573,0.767573,0.000000,0.973166,0.230103,0.000000,0.973198,0.229966,0.000000,-3.577392,0.305558,1,0,16.852030,0.000000
1.510000,4000.000000,-5.294244,26.426820,1,1,2,2,0.774441,0.774440,0.774440,0.000000,0.966302,0.257412,0.000000,0.972635,0.232336,0.000000,-3.671933,0.250911,1,0,16.856640,0.000000
1.520000,4000.000000,-5.331908,26.591180,1,1,2,2,0.789942,0.789942,0.789942,0.000000,0.968590,0.248662,0.000000,0.972298,0.233744,0.000000,-3.766392,0.179710,1,0,16.861800,0.000000
1.530000,4000.000000,-5.370516,26.755370,1,1,2,2,0.801335,0.801335,0.801335,0.000000,0.982573,0.185876,0.000000,0.972273,0.233848,0.000000,-3.860772,0.085983,1,0,16.867490,0.000000
1.540000,4000.000000,-5.410067,26.919410,1,1,2,2,0.801430,0.801431,0.801431,0.000000,0.972009,0.234942,0.000000,0.972250,0.233942,0.475808,-3.955078,-0.007823,1,0,16.873710,0.000000
1.550000,4000.000000,-5.450513,27.083300,1,1,2,2,0.803291,0.803291,0.803291,0.000000,0.975723,0.219007,0.000000,0.972558,0.232658,2.966555,-4.044683,-0.120723,1,0,16.880430,0.000000
1.560000,4000.000000,-5.491613,27.247090,1,1,2,2,0.799064,0.799065,0.799064,0.000000,0.975724,0.219006,0.000000,0.972838,0.231485,5.880692,-4.109996,-0.206749,1,0,16.887330,0.000000
1.570000,4000.000000,-5.533082,27.410860,1,1,2,2,0.791191,0.791191,0.791191,0.000000,0.978973,0.203989,0.000000,0.973397,0.229125,9.238998,-4.146903,-0.284172,1,0,16.893990,0.000000
1.580000,4000.000000,-5.574593,27.574680,1,1,2,2,0.777622,0.777622,0.777622,0.000000,0.981221,0.192889,0.000000,0.974123,0.226018,13.108340,-4.151066,-0.340965,1,0,16.899970,0.000000
1.590000,4000.000000,-5.615768,27.738640,1,1,2,2,0.768849,0.768849,0.768849,0.000000,0.981220,0.192890,0.000000,0.974778,0.223177,15.031350,-4.117476,-0.354463,1,0,16.904910,0.000000
1.600000,4000.000000,-5.656419,27.902770,1,1,2,2,0.750644,0.750644,0.750644,0.000000,0.982185,0.187916,0.000000,0.975465,0.220153,18.251570,-4.065091,-0.351928,1,0,16.909180,0.000000
1.610000,4000.000000,-5.696231,28.067150,1,1,2,2,0.731586,0.731586,0.731586,0.000000,0.981769,0.190077,0.000000,0.976044,0.217571,20.628920,-3.981239,-0.309574,1,0,16.912620,0.000000
1.620000,4000.000000,-5.734973,28.231810,1,1,2,2,0.724848,0.724848,0.724848,0.000000,0.981769,0.190077,0.000000,0.976567,0.215210,20.099800,-3.874152,-0.239692,1,0,16.915730,0.000000
1.630000,4000.000000,-5.772695,28.396740,1,1,2,2,0.710040,0.710040,0.710040,0.000000,0.980018,0.198909,0.000000,0.976875,0.213810,20.740180,-3.772214,-0.158567,1,0,16.919100,0.000000
1.640000,4000.000000,-5.809336,28.561960,1,1,2,2,0.700134,0.700133,0.700134,0.000000,0.977123,0.212673,0.000000,0.976896,0.213712,19.773380,-3.664042,-0.048563,1,0,16.922810,0.000000
1.650000,4000.000000,-5.844990,28.727430,1,1,2,2,0.700487,0.700487,0.700487,0.000000,0.977123,0.212674,0.000000,0.976916,0.213623,17.200090,-3.565395,0.051831,1,0,16.927200,0.000000
1.660000,4000.000000,-5.879910,28.893110,1,1,2,2,0.700529,0.700529,0.700529,0.000000,0.973515,0.228623,0.000000,0.976632,0.214916,14.726350,-3.491959,0.150367,1,0,16.931970,0.000000
1.670000,4000.000000,-5.914337,29.058940,1,1,2,2,0.707294,0.707294,0.707294,0.000000,0.969872,0.243617,0.000000,0.976084,0.217393,11.145800,-3.442782,0.244669,1,0,16.936980,0.000000
1.680000,4000.000000,-5.948624,29.224860,1,1,2,2,0.714452,0.714452,0.714452,0.000000,0.969873,0.243610,0.000000,0.975577,0.219655,8.482619,-3.428665,0.299455,1,0,16.941930,0.000000
1.690000,4000.000000,-5.983029,29.390800,1,1,2,2,0.729114,0.729114,0.729114,0.000000,0.967073,0.254499,0.000000,0.974892,0.222678,4.801866,-3.440588,0.340850,1,0,16.946670,0.000000
1.700000,4000.000000,-6.017914,29.556680,1,1,2,2,0.747218,0.747218,0.747218,0.000000,0.965744,0.259496,0.000000,0.974160,0.225860,1.349700,-3.488432,0.348305,1,0,16.950990,0.000000
1.710000,4000.000000,-6.053613,29.722430,1,1,2,2,0.755752,0.755752,0.755752,0.000000,0.965744,0.259496,0.000000,0.973481,0.228766,0.600496,-3.569891,0.316557,1,0,16.955020,0.000000
1.720000,4000.000000,-6.090199,29.888030,1,1,2,2,0.773925,0.773925,0.773925,0.000000,0.966359,0.257196,0.000000,0.972901,0.231222,0.000000,-3.658580,0.269607,1,0,16.959390,0.000000
1.730000,4000.000000,-6.127729,30.053460,1,1,2,2,0.790080,0.790079,0.790079,0.000000,0.968700,0.248236,0.000000,0.972551,0.232688,0.000000,-3.753036,0.199526,1,0,16.964180,0.000000
1.740000,4000.000000,-6.166203,30.218740,1,1,2,2,0.793834,0.793834,0.793834,0.000000,0.968700,0.248236,0.000000,0.972230,0.234027,0.000000,-3.847412,0.127340,1,0,16.969500,0.000000
1.750000,4000.000000,-6.205620,30.383850,1,1,2,2,0.802586,0.802586,0.802586,0.000000,0.972147,0.234371,0.000000,0.972223,0.234057,0.000000,-3.941709,0.032379,1,0,16.975350,0.000000
1.760000,4000.000000,-6.245980,30.548810,1,1,2,2,0.805095,0.805095,0.805095,0.000000,0.975856,0.218416,0.000000,0.972545,0.232712,1.786195,-4.035932,-0.086502,1,0,16.981720,0.000000
1.770000,4000.000000,-6.287107,30.713640,1,1,2,2,0.800965,0.800965,0.800965,0.000000,0.975856,0.218415,0.000000,0.972839,0.231483,5.006156,-4.112713,-0.185451,1,0,16.988440,0.000000
1.780000,4000.000000,-6.328688,30.878420,1,1,2,2,0.793446,0.793446,0.793446,0.000000,0.979076,0.203494,0.000000,0.973407,0.229081,8.544417,-4.158107,-0.272619,1,0,16.995010,0.000000
1.790000,4000.000000,-6.370378,31.043240,1,1,2,2,0.780036,0.780036,0.780036,0.000000,0.981281,0.192584,0.000000,0.974138,0.225952,12.576740,-4.169002,-0.337078,1,0,17.000950,0.000000
1.800000,4000.000000,-6.411784,31.208180,1,1,2,2,0.771173,0.771173,0.771173,0.000000,0.981280,0.192585,0.000000,0.974798,0.223090,14.665270,-4.140556,-0.356547,1,0,17.005830,0.000000
1.810000,4000.000000,-6.452701,31.373290,1,1,2,2,0.752926,0.752926,0.752926,0.000000,0.982196,0.187859,0.000000,0.975484,0.220069,17.991230,-4.091699,-0.357933,1,0,17.010000,0.000000
1.820000,4000.000000,-6.492804,31.538620,1,1,2,2,0.733674,0.733674,0.733674,0.000000,0.981729,0.190286,0.000000,0.976057,0.217513,20.463600,-4.010344,-0.317993,1,0,17.013290,0.000000
1.830000,4000.000000,-6.531852,31.704240,1,1,2,2,0.726855,0.726855,0.726855,0.000000,0.981726,0.190302,0.000000,0.976575,0.215176,19.986050,-3.904826,-0.249591,1,0,17.016210,0.000000
1.840000,4000.000000,-6.569892,31.870130,1,1,2,2,0.711799,0.711798,0.711798,0.000000,0.979927,0.199357,0.000000,0.976874,0.213816,20.685260,-3.803957,-0.169033,1,0,17.019380,0.000000
1.850000,4000.000000,-6.606855,32.036300,1,1,2,2,0.701610,0.701610,0.701610,0.000000,0.976998,0.213248,0.000000,0.976884,0.213767,19.761600,-3.696280,-0.058723,1,0,17.022870,0.000000
1.860000,4000.000000,-6.642832,32.202730,1,1,2,2,0.701951,0.701951,0.701951,0.000000,0.976998,0.213248,0.000000,0.976894,0.213723,17.173770,-3.597707,0.042335,1,0,17.027050,0.000000
1.870000,4000.000000,-6.678077,32.369360,1,1,2,2,0.701757,0.701756,0.701757,0.000000,0.973375,0.229218,0.000000,0.976601,0.215059,14.726830,-3.524490,0.141499,1,0,17.031630,0.000000
1.880000,4000.000000,-6.712830,32.536140,1,1,2,2,0.708341,0.708341,0.708341,0.000000,0.969751,0.244095,0.000000,0.976045,0.217567,11.158410,-3.475271,0.236609,1,0,17.036470,0.000000
1.890000,4000.000000,-6.747439,32.703000,1,1,2,2,0.715505,0.715505,0.715505,0.000000,0.969744,0.244125,0.000000,0.975532,0.219857,8.472801,-3.460994,0.292254,1,0,17.041270,0.000000
1.900000,4000.000000,-6.782169,32.869880,1,1,2,2,0.730048,0.730048,0.730048,0.000000,0.966955,0.254947,0.000000,0.974844,0.222888,4.803998,-3.472974,0.334023,1,0,17.045880,0.000000
1.910000,4000.000000,-6.817377,33.036710,1,1,2,2,0.748113,0.748113,0.748113,0.000000,0.965735,0.259529,0.000000,0.974114,0.226056,1.356199,-3.520758,0.341583,1,0,17.050090,0.000000
1.920000,4000.000000,-6.853398,33.203410,1,1,2,2,0.756589,0.756590,0.756589,0.000000,0.965731,0.259544,0.000000,0.973438,0.228949,0.613939,-3.602113,0.309976,1,0,17.054040,0.000000
1.930000,4000.000000,-6.890305,33.369950,1,1,2,2,0.774736,0.774736,0.774736,0.000000,0.966415,0.256988,0.000000,0.972866,0.231369,0.000000,-3.690629,0.262799,1,0,17.058310,0.000000
1.940000,4000.000000,-6.928155,33.536330,1,1,2,2,0.790882,0.790882,0.790882,0.000000,0.968816,0.247783,0.000000,0.972528,0.232784,0.000000,-3.785042,0.191974,1,0,17.063000,0.000000
1.950000,4000.000000,-6.966949,33.702540,1,1,2,2,0.794480,0.794480,0.794480,0.000000,0.968816,0.247781,0.000000,0.972218,0.234077,0.000000,-3.879376,0.119113,1,0,17.068220,0.000000
1.960000,4000.000000,-7.006685,33.868590,1,1,2,2,0.803159,0.803159,0.803159,0.000000,0.972282,0.233813,0.000000,0.972224,0.234052,0.000000,-3.973631,0.023215,1,0,17.073970,0.000000
1.970000,4000.000000,-7.047363,34.034480,1,1,2,2,0.805548,0.805548,0.805548,0.000000,0.975994,0.217797,0.000000,0.972559,0.232657,1.959437,-4.067811,-0.096689,1,0,17.080240,0.000000
1.980000,4000.000000,-7.088791,34.200250,1,1,2,2,0.801225,0.801225,0.801225,0.000000,0.975988,0.217827,0.000000,0.972863,0.231382,5.194059,-4.142864,-0.194831,1,0,17.086830,0.000000
1.990000,4000.000000,-7.130655,34.365970,1,1,2,2,0.793557,0.793556,0.793556,0.000000,0.979180,0.202995,0.000000,0.973439,0.228946,8.733201,-4.186387,-0.280955,1,0,17.093230,0.000000
2.000000,4000.000000,-7.172609,34.531740,1,1,2,2,0.779970,0.779971,0.779970,0.000000,0.981334,0.192310,0.000000,0.974173,0.225802,12.763960,-4.195401,-0.344080,1,0,17.098970,0.000000
2.010000,4000.000000,-7.214260,34.697620,1,1,2,2,0.770997,0.770997,0.770997,0.000000,0.981340,0.192279,0.000000,0.974835,0.222928,14.838320,-4.165088,-0.362183,1,0,17.103640,0.000000
2.020000,4000.000000,-7.255405,34.863680,1,1,2,2,0.752631,0.752631,0.752631,0.000000,0.982200,0.187840,0.000000,0.975518,0.219917,18.145050,-4.114501,-0.361951,1,0,17.107600,0.000000
2.030000,4000.000000,-7.295721,35.029970,1,1,2,2,0.733309,0.733309,0.733309,0.000000,0.981685,0.190512,0.000000,0.976084,0.217394,20.583540,-4.031604,-0.320152,1,0,17.110690,0.000000
2.040000,4000.000000,-7.334970,35.196540,1,1,2,2,0.726514,0.726514,0.726514,0.000000,0.981685,0.190514,0.000000,0.976595,0.215087,20.064300,-3.924876,-0.250259,1,0,17.113430,0.000000
2.050000,4000.000000,-7.373202,35.363380,1,1,2,2,0.711518,0.711519,0.711519,0.000000,0.979839,0.199789,0.000000,0.976883,0.213773,20.716060,-3.823205,-0.168246,1,0,17.116430,0.000000
2.060000,4000.000000,-7.410354,35.530500,1,1,2,2,0.701470,0.701470,0.701470,0.000000,0.976869,0.213838,0.000000,0.976882,0.213778,19.736030,-3.715194,-0.056695,1,0,17.119770,0.000000
2.070000,4000.000000,-7.446522,35.697870,1,1,2,2,0.701927,0.701927,0.701927,0.000000,0.976869,0.213838,0.000000,0.976881,0.213783,17.112320,-3.616840,0.044960,1,0,17.123810,0.000000
2.080000,4000.000000,-7.481964,35.865450,1,1,2,2,0.701962,0.701961,0.701962,0.000000,0.973233,0.229820,0.000000,0.976578,0.215165,14.615740,-3.544194,0.144456,1,0,17.128240,0.000000
2.090000,4000.000000,-7.516924,36.033170,1,1,2,2,0.708794,0.708795,0.708795,0.000000,0.969624,0.244599,0.000000,0.976014,0.217706,11.009400,-3.496032,0.239291,1,0,17.132940,0.000000
2.100000,4000.000000,-7.551756,36.200970,1,1,2,2,0.716059,0.716059,0.716059,0.000000,0.969625,0.244598,0.000000,0.975493,0.220028,8.323663,-3.483180,0.294216,1,0,17.137580,0.000000
2.110000,4000.000000,-7.586722,36.368790,1,1,2,2,0.730801,0.730802,0.730802,0.000000,0.966881,0.255230,0.000000,0.974802,0.223069,4.643942,-3.496585,0.334983,1,0,17.142030,0.000000
2.120000,4000.000000,-7.622181,36.536540,1,1,2,2,0.748991,0.748991,0.748991,0.000000,0.965727,0.259560,0.000000,0.974075,0.226224,1.211408,-3.545897,0.341036,1,0,17.146090,0.000000
2.130000,4000.000000,-7.658468,36.704160,1,1,2,2,0.757457,0.757458,0.757458,0.000000,0.965718,0.259592,0.000000,0.973401,0.229105,0.505092,-3.628627,0.308065,1,0,17.149880,0.000000
2.140000,4000.000000,-7.695650,36.871620,1,1,2,2,0.775559,0.775559,0.775559,0.000000,0.966480,0.256740,0.000000,0.972837,0.231492,0.000000,-3.718165,0.259447,1,0,17.154030,0.000000
2.150000,4000.000000,-7.733775,37.038920,1,1,2,2,0.791538,0.791538,0.791538,0.000000,0.968936,0.247312,0.000000,0.972511,0.232857,0.000000,-3.812540,0.187885,1,0,17.158610,0.000000
2.160000,4000.000000,-7.772843,37.206050,1,1,2,2,0.795018,0.795018,0.795018,0.000000,0.968929,0.247340,0.000000,0.972211,0.234104,0.000000,-3.906836,0.114349,1,0,17.163710,0.000000
2.170000,4000.000000,-7.812854,37.373020,1,1,2,2,0.803369,0.803370,0.803369,0.000000,0.972425,0.233214,0.000000,0.972230,0.234027,0.000000,-4.001051,0.017526,1,0,17.169340,0.000000
2.180000,4000.000000,-7.853806,37.539820,1,1,2,2,0.805338,0.805338,0.805338,0.000000,0.976123,0.217220,0.000000,0.972576,0.232583,2.164284,-4.095192,-0.103368,1,0,17.175490,0.000000
2.190000,4000.000000,-7.895488,37.706500,1,1,2,2,0.800863,0.800864,0.800864,0.000000,0.976122,0.217221,0.000000,0.972891,0.231263,5.397786,-4.168214,-0.200367,1,0,17.181920,0.000000
2.200000,4000.000000,-7.937585,37.873150,1,1,2,2,0.792782,0.792781,0.792782,0.000000,0.979279,0.202516,0.000000,0.973474,0.228796,8.980317,-4.209715,-0.285249,1,0,17.188150,0.000000
2.210000,4000.000000,-7.979748,38.039840,1,1,2,2,0.778852,0.778852,0.778852,0.000000,0.981397,0.191990,0.000000,0.974210,0.225640,13.024100,-4.216285,-0.346417,1,0,17.193680,0.000000
2.220000,4000.000000,-8.021582,38.206650,1,1,2,2,0.769827,0.769827,0.769827,0.000000,0.981397,0.191990,0.000000,0.974874,0.222755,15.054440,-4.183398,-0.362388,1,0,17.198140,0.000000
2.230000,4000.000000,-8.062888,38.373640,1,1,2,2,0.751314,0.751316,0.751315,0.000000,0.982205,0.187810,0.000000,0.975555,0.219757,18.335130,-4.130667,-0.360066,1,0,17.201890,0.000000
2.240000,4000.000000,-8.103347,38.540860,1,1,2,2,0.732052,0.732052,0.732052,0.000000,0.981635,0.190768,0.000000,0.976112,0.217267,20.706760,-4.045879,-0.316018,1,0,17.204810,0.000000
2.250000,4000.000000,-8.142726,38.708370,1,1,2,2,0.725349,0.725349,0.725349,0.000000,0.981641,0.190737,0.000000,0.976616,0.214991,20.132120,-3.937914,-0.244572,1,0,17.207410,0.000000
2.260000,4000.000000,-8.181082,38.876140,1,1,2,2,0.710671,0.710671,0.710671,0.000000,0.979741,0.200270,0.000000,0.976894,0.213724,20.692030,-3.835550,-0.161180,1,0,17.210290,0.000000
2.270000,4000.000000,-8.218359,39.044190,1,1,2,2,0.701118,0.701118,0.701118,0.000000,0.976743,0.214413,0.000000,0.976881,0.213783,19.605080,-3.727744,-0.048927,1,0,17.213530,0.000000
2.280000,4000.000000,-8.254665,39.212500,1,1,2,2,0.701741,0.701742,0.701741,0.000000,0.976743,0.214413,0.000000,0.976869,0.213837,16.962630,-3.630644,0.052280,1,0,17.217470,0.000000
2.290000,4000.000000,-8.290259,39.381000,1,1,2,2,0.702367,0.702367,0.702367,0.000000,0.973091,0.230423,0.000000,0.976555,0.215266,14.373070,-3.559436,0.151236,1,0,17.221780,0.000000
2.300000,4000.000000,-8.325396,39.549640,1,1,2,2,0.709777,0.709777,0.709777,0.000000,0.969498,0.245100,0.000000,0.975984,0.217841,10.702660,-3.513620,0.244473,1,0,17.226320,0.000000
2.310000,4000.000000,-8.360433,39.718350,1,1,2,2,0.717152,0.717153,0.717153,0.000000,0.969505,0.245071,0.000000,0.975456,0.220193,8.054532,-3.503735,0.297090,1,0,17.230790,0.000000
2.320000,4000.000000,-8.395630,39.887060,1,1,2,2,0.732300,0.732300,0.732300,0.000000,0.966805,0.255515,0.000000,0.974762,0.223245,4.357132,-3.519737,0.335653,1,0,17.235060,0.000000
2.330000,4000.000000,-8.431348,40.055710,1,1,2,2,0.750679,0.750680,0.750680,0.000000,0.965719,0.259591,0.000000,0.974037,0.226387,0.960467,-3.571812,0.338901,1,0,17.238950,0.000000
2.340000,4000.000000,-8.467917,40.224210,1,1,2,2,0.759107,0.759107,0.759107,0.000000,0.965714,0.259607,0.000000,0.973366,0.229256,0.322475,-3.656951,0.303482,1,0,17.242590,0.000000
2.350000,4000.000000,-8.505400,40.392560,1,1,2,2,0.777063,0.777063,0.777063,0.000000,0.966207,0.257767,0.000000,0.972809,0.231608,0.000000,-3.748229,0.252674,1,0,17.246610,0.000000
2.360000,4000.000000,-8.543825,40.560730,1,1,2,2,0.792636,0.792637,0.792637,0.000000,0.969049,0.246869,0.000000,0.972495,0.232924,0.000000,-3.842564,0.180370,1,0,17.251100,0.000000
2.370000,4000.000000,-8.583194,40.728740,1,1,2,2,0.795962,0.795962,0.795962,0.000000,0.969049,0.246869,0.000000,0.972206,0.234126,0.000000,-3.936819,0.106154,1,0,17.256110,0.000000
2.380000,4000.000000,-8.623504,40.896590,1,1,2,2,0.803659,0.803659,0.803659,0.000000,0.972562,0.232645,0.000000,0.972237,0.233997,0.000000,-4.030994,0.008411,1,0,17.261640,0.000000
2.390000,4000.000000,-8.664755,41.064270,1,1,2,2,0.804854,0.804854,0.804854,0.000000,0.976257,0.216617,0.000000,0.972595,0.232505,2.504274,-4.125094,-0.113472,1,0,17.267690,0.000000
2.400000,4000.000000,-8.706702,41.231830,1,1,2,2,0.800206,0.800207,0.800207,0.000000,0.976254,0.216631,0.000000,0.972920,0.231140,5.706519,-4.194767,-0.207974,1,0,17.273980,0.000000
2.410000,4000.000000,-8.749035,41.399370,1,1,2,2,0.791409,0.791409,0.791409,0.000000,0.979378,0.202035,0.000000,0.973510,0.228642,9.360151,-4.233225,-0.290547,1,0,17.280010,0.000000
2.420000,4000.000000,-8.791395,41.566950,1,1,2,2,0.776938,0.776938,0.776938,0.000000,0.981453,0.191704,0.000000,0.974248,0.225476,13.418480,-4.236058,-0.348397,1,0,17.285320,0.000000
2.430000,4000.000000,-8.833388,41.734670,1,1,2,2,0.767880,0.767881,0.767880,0.000000,0.981447,0.191734,0.000000,0.974914,0.222581,15.367090,-4.199291,-0.360867,1,0,17.289540,0.000000
2.440000,4000.000000,-8.874823,41.902560,1,1,2,2,0.749187,0.749186,0.749187,0.000000,0.982211,0.187780,0.000000,0.975591,0.219596,18.603600,-4.143476,-0.355465,1,0,17.293100,0.000000
2.450000,4000.000000,-8.915383,42.070700,1,1,2,2,0.730087,0.730088,0.730088,0.000000,0.981591,0.190994,0.000000,0.976140,0.217141,20.868920,-4.056036,-0.308351,1,0,17.295850,0.000000
2.460000,4000.000000,-8.954848,42.239120,1,1,2,2,0.723518,0.723518,0.723518,0.000000,0.981591,0.190994,0.000000,0.976637,0.214897,20.221000,-3.946457,-0.234939,1,0,17.298330,0.000000
2.470000,4000.000000,-8.993280,42.407810,1,1,2,2,0.709408,0.709408,0.709408,0.000000,0.979649,0.200720,0.000000,0.976904,0.213678,20.638290,-3.843198,-0.149931,1,0,17.301110,0.000000
2.480000,4000.000000,-9.030640,42.576770,1,1,2,2,0.700677,0.700676,0.700677,0.000000,0.976616,0.214989,0.000000,0.976879,0.213792,19.392720,-3.735893,-0.037254,1,0,17.304280,0.000000
2.490000,4000.000000,-9.067048,42.745980,1,1,2,2,0.701499,0.701499,0.701499,0.000000,0.976613,0.215005,0.000000,0.976856,0.213895,16.745500,-3.640846,0.062708,1,0,17.308130,0.000000
2.500000,4000.000000,-9.102765,42.915380,1,1,2,2,0.703060,0.703059,0.703060,0.000000,0.972955,0.230994,0.000000,0.976532,0.215370,14.018300,-3.571737,0.160430,1,0,17.312330,0.000000
2.510000,4000.000000,-9.138059,43.084910,1,1,2,2,0.711343,0.711343,0.711343,0.000000,0.969378,0.245575,0.000000,0.975953,0.217978,10.258930,-3.529364,0.250939,1,0,17.316720,0.000000
2.520000,4000.000000,-9.173297,43.254500,1,1,2,2,0.725438,0.725437,0.725437,0.000000,0.969378,0.245574,0.000000,0.975218,0.221246,6.098004,-3.523786,0.315606,1,0,17.321000,0.000000
2.530000,4000.000000,-9.208885,43.424050,1,1,2,2,0.734402,0.734403,0.734402,0.000000,0.966731,0.255795,0.000000,0.974536,0.224231,4.025198,-3.558853,0.333704,1,0,17.324890,0.000000
2.540000,4000.000000,-9.245027,43.593530,1,1,2,2,0.752856,0.752856,0.752856,0.000000,0.965711,0.259621,0.000000,0.973827,0.227288,0.727607,-3.614124,0.332461,1,0,17.328680,0.000000
2.550000,4000.000000,-9.282042,43.762850,1,1,2,2,0.771950,0.771951,0.771951,0.000000,0.971598,0.236639,0.000000,0.973240,0.229790,0.000000,-3.701481,0.288473,1,0,17.332280,0.000000
2.560000,4000.000000,-9.320000,43.932010,1,1,2,2,0.778606,0.778606,0.778606,0.000000,0.966614,0.256238,0.000000,0.972698,0.232075,0.000000,-3.795845,0.233479,1,0,17.336260,0.000000
2.570000,4000.000000,-9.358901,44.100990,1,1,2,2,0.793383,0.793383,0.793383,0.000000,0.969169,0.246396,0.000000,0.972402,0.233310,0.000000,-3.890125,0.159891,1,0,17.340770,0.000000
2.580000,4000.000000,-9.398745,44.269810,1,1,2,2,0.803462,0.803462,0.803462,0.000000,0.972706,0.232041,0.000000,0.972428,0.233201,0.000000,-3.984325,0.062426,1,0,17.345790,0.000000
2.590000,4000.000000,-9.439529,44.438470,1,1,2,2,0.802926,0.802926,0.802926,0.000000,0.972703,0.232056,0.000000,0.972452,0.233101,0.883013,-4.078450,-0.034797,1,0,17.351330,0.000000
2.600000,4000.000000,-9.481169,44.606970,1,1,2,2,0.802934,0.802934,0.802934,0.000000,0.976384,0.216041,0.000000,0.972803,0.231635,3.702745,-4.163912,-0.147506,1,0,17.357320,0.000000
2.610000,4000.000000,-9.523388,44.775390,1,1,2,2,0.796061,0.796061,0.796061,0.000000,0.979477,0.201554,0.000000,0.973414,0.229053,7.554509,-4.221876,-0.251852,1,0,17.363370,0.000000
2.620000,4000.000000,-9.565811,44.943820,1,1,2,2,0.788459,0.788459,0.788459,0.000000,0.979484,0.201523,0.000000,0.973966,0.226692,10.474670,-4.242286,-0.313706,1,0,17.368850,0.000000
2.630000,4000.000000,-9.608153,45.112320,1,1,2,2,0.773480,0.773480,0.773480,0.000000,0.981504,0.191444,0.000000,0.974665,0.223670,14.288560,-4.234203,-0.358140,1,0,17.373630,0.000000
2.640000,4000.000000,-9.650043,45.280970,1,1,2,2,0.754854,0.754854,0.754854,0.000000,0.982212,0.187778,0.000000,0.975366,0.220591,17.830790,-4.188890,-0.365446,1,0,17.377360,0.000000
2.650000,4000.000000,-9.691133,45.449840,1,1,2,2,0.746204,0.746204,0.746204,0.000000,0.982215,0.187762,0.000000,0.975999,0.217776,18.574840,-4.108974,-0.332679,1,0,17.380160,0.000000
2.660000,4000.000000,-9.731350,45.618950,1,1,2,2,0.727806,0.727806,0.727806,0.000000,0.981541,0.191251,0.000000,0.976504,0.215498,20.648250,-4.021755,-0.282953,1,0,17.382720,0.000000
2.670000,4000.000000,-9.770493,45.788340,1,1,2,2,0.712048,0.712048,0.712048,0.000000,0.979551,0.201198,0.000000,0.976775,0.214268,21.262050,-3.914273,-0.193939,1,0,17.385090,0.000000
2.680000,4000.000000,-9.808501,45.958010,1,1,2,2,0.708954,0.708953,0.708954,0.000000,0.979557,0.201168,0.000000,0.977021,0.213144,19.397850,-3.800829,-0.096997,1,0,17.387890,0.000000
2.690000,4000.000000,-9.845557,46.127930,1,1,2,2,0.701714,0.701714,0.701714,0.000000,0.976483,0.215593,0.000000,0.976975,0.213354,18.151740,-3.705640,0.004953,1,0,17.391200,0.000000
2.700000,4000.000000,-9.881784,46.298070,1,1,2,2,0.701256,0.701256,0.701256,0.000000,0.972812,0.231598,0.000000,0.976630,0.214926,15.388980,-3.622709,0.118630,1,0,17.395040,0.000000
2.710000,4000.000000,-9.917453,46.468360,1,1,2,2,0.705992,0.705992,0.705992,0.000000,0.972812,0.231598,0.000000,0.976313,0.216363,12.443650,-3.566883,0.202214,1,0,17.399280,0.000000
2.720000,4000.000000,-9.952852,46.638760,1,1,2,2,0.715459,0.715459,0.715459,0.000000,0.968941,0.247294,0.000000,0.975741,0.218926,8.879324,-3.539900,0.276407,1,0,17.403520,0.000000
2.730000,4000.000000,-9.988330,46.809180,1,1,2,2,0.730330,0.730330,0.730330,0.000000,0.966656,0.256079,0.000000,0.975016,0.222135,4.942368,-3.547779,0.326526,1,0,17.407540,0.000000
2.740000,4000.000000,-10.024270,46.979540,1,1,2,2,0.739209,0.739209,0.739209,0.000000,0.966664,0.256049,0.000000,0.974343,0.225066,3.190991,-3.594090,0.332389,1,0,17.411170,0.000000
2.750000,4000.000000,-10.060850,47.149810,1,1,2,2,0.757762,0.757763,0.757762,0.000000,0.965714,0.259607,0.000000,0.973649,0.228052,0.108720,-3.657452,0.321822,1,0,17.414790,0.000000
2.760000,4000.000000,-10.098350,47.319900,1,1,2,2,0.776369,0.776370,0.776370,0.000000,0.966681,0.255986,0.000000,0.973081,0.230464,0.000000,-3.750784,0.270301,1,0,17.418300,0.000000
2.770000,4000.000000,-10.136800,47.489830,1,1,2,2,0.782698,0.782698,0.782698,0.000000,0.966677,0.256001,0.000000,0.972556,0.232667,0.000000,-3.845092,0.214084,1,0,17.422320,0.000000
2.780000,4000.000000,-10.176200,47.659590,1,1,2,2,0.796434,0.796434,0.796434,0.000000,0.969282,0.245954,0.000000,0.972282,0.233811,0.000000,-3.939315,0.138998,1,0,17.426860,0.000000
2.790000,4000.000000,-10.216530,47.829180,1,1,2,2,0.805101,0.805102,0.805101,0.000000,0.972842,0.231470,0.000000,0.972330,0.233608,0.000000,-4.033459,0.039873,1,0,17.431910,0.000000
2.800000,4000.000000,-10.257810,47.998600,1,1,2,2,0.804162,0.804162,0.804162,0.000000,0.972849,0.231441,0.000000,0.972375,0.233423,1.261545,-4.127527,-0.058866,1,0,17.437480,0.000000
2.810000,4000.000000,-10.299900,48.167880,1,1,2,2,0.802605,0.802604,0.802605,0.000000,0.976515,0.215451,0.000000,0.972744,0.231879,4.306070,-4.209253,-0.169291,1,0,17.443450,0.000000
2.820000,4000.000000,-10.342510,48.337090,1,1,2,2,0.794302,0.794302,0.794302,0.000000,0.979577,0.201072,0.000000,0.973371,0.229236,8.297198,-4.261297,-0.268913,1,0,17.449370,0.000000
2.830000,4000.000000,-10.385260,48.506320,1,1,2,2,0.779972,0.779972,0.779972,0.000000,0.990799,0.135340,0.000000,0.974133,0.225974,12.653270,-4.274432,-0.339676,1,0,17.454640,0.000000
2.840000,4000.000000,-10.427710,48.675670,1,1,2,2,0.770682,0.770682,0.770682,0.000000,0.981554,0.191188,0.000000,0.974820,0.222990,14.887100,-4.245069,-0.361877,1,0,17.458800,0.000000
2.850000,4000.000000,-10.469650,48.845180,1,1,2,2,0.751812,0.751812,0.751812,0.000000,0.982212,0.187778,0.000000,0.975507,0.219970,18.304160,-4.193877,-0.362424,1,0,17.462210,0.000000
2.860000,4000.000000,-10.510740,49.014920,1,1,2,2,0.732291,0.732290,0.732291,0.000000,0.977707,0.209974,0.000000,0.976054,0.217527,20.725210,-4.109299,-0.318497,1,0,17.464750,0.000000
2.870000,4000.000000,-10.550750,49.184950,1,1,2,2,0.725583,0.725583,0.725583,0.000000,0.981491,0.191507,0.000000,0.976549,0.215294,20.142230,-4.001066,-0.246692,1,0,17.466970,0.000000
2.880000,4000.000000,-10.589740,49.355240,1,1,2,2,0.710996,0.710996,0.710996,0.000000,0.979458,0.201649,0.000000,0.976807,0.214122,20.649090,-3.898518,-0.161836,1,0,17.469470,0.000000
2.890000,4000.000000,-10.627650,49.525800,1,1,2,2,0.701746,0.701746,0.701746,0.000000,0.952822,0.303530,0.000000,0.976768,0.214298,19.464930,-3.791052,-0.047885,1,0,17.472350,0.000000
2.900000,4000.000000,-10.664600,49.696610,1,1,2,2,0.702590,0.702590,0.702590,0.000000,0.976356,0.216170,0.000000,0.976732,0.214459,16.768890,-3.695246,0.053867,1,0,17.475920,0.000000
2.910000,4000.000000,-10.700860,49.867600,1,1,2,2,0.703736,0.703735,0.703735,0.000000,0.972675,0.232171,0.000000,0.976396,0.215988,14.079900,-3.625856,0.153048,1,0,17.479860,0.000000
2.920000,4000.000000,-10.736690,50.038730,1,1,2,2,0.711714,0.711714,0.711714,0.000000,0.969137,0.246521,0.000000,0.975809,0.218624,10.335220,-3.582828,0.245158,1,0,17.484030,0.000000
2.930000,4000.000000,-10.772450,50.209920,1,1,2,2,0.719248,0.719249,0.719248,0.000000,0.969137,0.246522,0.000000,0.975266,0.221032,7.708969,-3.576447,0.295749,1,0,17.488110,0.000000
2.940000,4000.000000,-10.808410,50.381100,1,1,2,2,0.734804,0.734804,0.734804,0.000000,0.966598,0.256299,0.000000,0.974570,0.224081,4.005448,-3.595732,0.331618,1,0,17.492010,0.000000
2.950000,4000.000000,-10.844920,50.552210,1,1,2,2,0.753378,0.753377,0.753377,0.000000,0.965718,0.259593,0.000000,0.973859,0.227151,0.672480,-3.651138,0.330926,1,0,17.495530,0.000000
2.960000,4000.000000,-10.882310,50.723160,1,1,2,2,0.761648,0.761648,0.761648,0.000000,0.965710,0.259622,0.000000,0.973201,0.229955,0.144487,-3.738974,0.292240,1,0,17.498870,0.000000
2.970000,4000.000000,-10.920630,50.893940,1,1,2,2,0.779328,0.779328,0.779328,0.000000,0.966746,0.255738,0.000000,0.972673,0.232179,0.000000,-3.831873,0.237996,1,0,17.502610,0.000000
2.980000,4000.000000,-10.959890,51.064540,1,1,2,2,0.794288,0.794289,0.794288,0.000000,0.969409,0.245450,0.000000,0.972399,0.233324,0.000000,-3.926095,0.162993,1,0,17.506840,0.000000
2.990000,4000.000000,-11.000090,51.234980,1,1,2,2,0.797150,0.797150,0.797150,0.000000,0.969402,0.245480,0.000000,0.972147,0.234370,0.000000,-4.020236,0.086304,1,0,17.511590,0.000000
3.000000,4000.000000,-11.041230,51.405250,1,1,2,2,0.803790,0.803790,0.803790,0.000000,0.972986,0.230866,0.000000,0.972219,0.234068,0.219483,-4.114298,-0.014569,1,0,17.516850,0.000000
3.010000,4000.000000,-11.083300,51.575350,1,1,2,2,0.803731,0.803731,0.803731,0.000000,0.976645,0.214859,0.000000,0.972615,0.232418,3.306431,-4.206150,-0.137468,1,0,17.522610,0.000000
3.020000,4000.000000,-11.125970,51.745360,1,1,2,2,0.798583,0.798583,0.798583,0.000000,0.976645,0.214858,0.000000,0.972975,0.230909,6.472307,-4.267908,-0.226891,1,0,17.528470,0.000000
3.030000,4000.000000,-11.168960,51.915350,1,1,2,2,0.788623,0.788624,0.788624,0.000000,0.979668,0.200624,0.000000,0.973588,0.228309,10.205360,-4.298804,-0.304267,1,0,17.534000,0.000000
3.040000,4000.000000,-11.211900,52.085400,1,1,2,2,0.773226,0.773226,0.773226,0.000000,0.981603,0.190932,0.000000,0.974334,0.225105,14.256740,-4.293300,-0.355169,1,0,17.538720,0.000000
3.050000,4000.000000,-11.254380,52.255600,1,1,2,2,0.754145,0.754145,0.754145,0.000000,0.991153,0.132728,0.000000,0.975068,0.221905,17.956510,-4.248260,-0.365488,1,0,17.542350,0.000000
3.060000,4000.000000,-11.296050,52.426030,1,1,2,2,0.745219,0.745219,0.745219,0.000000,0.982212,0.187778,0.000000,0.975730,0.218978,18.780620,-4.167086,-0.333924,1,0,17.545000,0.000000
3.070000,4000.000000,-11.336830,52.596700,1,1,2,2,0.726525,0.726525,0.726525,0.000000,0.981435,0.191797,0.000000,0.976251,0.216644,20.890730,-4.077828,-0.283528,1,0,17.547390,0.000000
3.080000,4000.000000,-11.376510,52.767650,1,1,2,2,0.710595,0.710595,0.710595,0.000000,0.973140,0.230213,0.000000,0.976526,0.215397,21.487060,-3.967951,-0.192575,1,0,17.549600,0.000000
3.090000,4000.000000,-11.415030,52.938890,1,1,2,2,0.707483,0.707484,0.707484,0.000000,0.979358,0.202132,0.000000,0.976777,0.214257,19.581010,-3.852286,-0.093834,1,0,17.552250,0.000000
3.100000,4000.000000,-11.452580,53.110380,1,1,2,2,0.700309,0.700308,0.700309,0.000000,0.976222,0.216775,0.000000,0.976730,0.214472,18.273380,-3.755281,0.010111,1,0,17.555430,0.000000
3.110000,4000.000000,-11.489290,53.282090,1,1,2,2,0.700026,0.700026,0.700026,0.000000,0.972538,0.232743,0.000000,0.976382,0.216050,15.439020,-3.671135,0.125384,1,0,17.559140,0.000000
3.120000,4000.000000,-11.525440,53.453960,1,1,2,2,0.704872,0.704872,0.704872,0.000000,0.972531,0.232774,0.000000,0.976062,0.217491,12.452780,-3.614788,0.209817,1,0,17.563260,0.000000
3.130000,4000.000000,-11.561320,53.625930,1,1,2,2,0.714587,0.714587,0.714587,0.000000,0.969018,0.246992,0.000000,0.975491,0.220037,8.837524,-3.587678,0.284256,1,0,17.567360,0.000000
3.140000,4000.000000,-11.597280,53.797930,1,1,2,2,0.729692,0.729691,0.729692,0.000000,0.966531,0.256551,0.000000,0.974774,0.223194,4.878577,-3.595918,0.333579,1,0,17.571210,0.000000
3.150000,4000.000000,-11.633710,53.969860,1,1,2,2,0.738593,0.738593,0.738593,0.000000,0.966530,0.256554,0.000000,0.974109,0.226077,3.147895,-3.642794,0.338457,1,0,17.574660,0.000000
3.160000,4000.000000,-11.670770,54.141690,1,1,2,2,0.757212,0.757212,0.757212,0.000000,0.965256,0.261305,0.000000,0.973433,0.228973,0.091996,-3.706512,0.326368,1,0,17.578100,0.000000
3.170000,4000.000000,-11.708770,54.313340,1,1,2,2,0.775742,0.775742,0.775742,0.000000,0.966829,0.255426,0.000000,0.972892,0.231258,0.000000,-3.799938,0.272815,1,0,17.581430,0.000000
3.180000,4000.000000,-11.747710,54.484830,1,1,2,2,0.781898,0.781898,0.781898,0.000000,0.966821,0.255455,0.000000,0.972394,0.233346,0.000000,-3.894175,0.214898,1,0,17.585260,0.000000
3.190000,4000.000000,-11.787600,54.656140,1,1,2,2,0.795275,0.795275,0.795275,0.000000,0.969529,0.244975,0.000000,0.972153,0.234348,0.000000,-3.988328,0.137455,1,0,17.589610,0.000000
3.200000,4000.000000,-11.828420,54.827290,1,1,2,2,0.803407,0.803408,0.803408,0.000000,0.973128,0.230265,0.000000,0.972237,0.233997,0.000000,-4.082400,0.035628,1,0,17.594460,0.000000
3.210000,4000.000000,-11.870180,54.998260,1,1,2,2,0.802137,0.802137,0.802137,0.000000,0.973128,0.230265,0.000000,0.972313,0.233676,1.793204,-4.176397,-0.065579,1,0,17.599830,0.000000
3.220000,4000.000000,-11.912710,55.169100,1,1,2,2,0.799924,0.799923,0.799923,0.000000,0.976771,0.214287,0.000000,0.972712,0.232010,4.884616,-4.252883,-0.173141,1,0,17.605550,0.000000
3.230000,4000.000000,-11.955710,55.339880,1,1,2,2,0.790986,0.790987,0.790987,0.000000,0.979766,0.200144,0.000000,0.973360,0.229276,8.897282,-4.299234,-0.269048,1,0,17.611150,0.000000
3.240000,4000.000000,-11.998770,55.510700,1,1,2,2,0.776144,0.776144,0.776144,0.000000,0.983981,0.178276,0.000000,0.974134,0.225968,13.229770,-4.306466,-0.335178,1,0,17.616060,0.000000
3.250000,4000.000000,-12.041480,55.681640,1,1,2,2,0.766813,0.766813,0.766813,0.000000,0.981648,0.190704,0.000000,0.974830,0.222943,15.358440,-4.271430,-0.352866,1,0,17.619880,0.000000
3.260000,4000.000000,-12.083640,55.852750,1,1,2,2,0.747799,0.747799,0.747799,0.000000,0.982205,0.187810,0.000000,0.975515,0.219929,18.693060,-4.215589,-0.349083,1,0,17.622990,0.000000
3.270000,4000.000000,-12.124910,56.024110,1,1,2,2,0.728456,0.728456,0.728456,0.000000,0.981384,0.192054,0.000000,0.976051,0.217538,20.971910,-4.127167,-0.300755,1,0,17.625290,0.000000
3.280000,4000.000000,-12.165080,56.195740,1,1,2,2,0.722007,0.722006,0.722006,0.000000,0.981378,0.192086,0.000000,0.976536,0.215351,20.269230,-4.016482,-0.226021,1,0,17.627350,0.000000
3.290000,4000.000000,-12.204200,56.367650,1,1,2,2,0.708044,0.708044,0.708044,0.000000,0.979253,0.202642,0.000000,0.976776,0.214257,20.601600,-3.912654,-0.138692,1,0,17.629720,0.000000
3.300000,4000.000000,-12.242260,56.539810,1,1,2,2,0.699681,0.699681,0.699681,0.000000,0.976094,0.217348,0.000000,0.976718,0.214524,19.228430,-3.805618,-0.023574,1,0,17.632510,0.000000
3.310000,4000.000000,-12.279380,56.712220,1,1,2,2,0.700920,0.700919,0.700920,0.000000,0.976094,0.217349,0.000000,0.976664,0.214767,16.482760,-3.712091,0.077312,1,0,17.635970,0.000000
3.320000,4000.000000,-12.315830,56.884810,1,1,2,2,0.703089,0.703089,0.703089,0.000000,0.972395,0.233342,0.000000,0.976310,0.216370,13.641330,-3.645466,0.175210,1,0,17.639750,0.000000
3.330000,4000.000000,-12.351900,57.057520,1,1,2,2,0.712045,0.712045,0.712045,0.000000,0.968905,0.247435,0.000000,0.975712,0.219053,9.798589,-3.606687,0.264204,1,0,17.643700,0.000000
3.340000,4000.000000,-12.387960,57.230270,1,1,2,2,0.719851,0.719851,0.719851,0.000000,0.968901,0.247450,0.000000,0.975158,0.221503,7.228424,-3.605505,0.310586,1,0,17.647490,0.000000
3.350000,4000.000000,-12.424250,57.403020,1,1,2,2,0.736068,0.736068,0.736068,0.000000,0.966464,0.256804,0.000000,0.974461,0.224554,3.512655,-3.629433,0.342183,1,0,17.651080,0.000000
3.360000,4000.000000,-12.461150,57.575660,1,1,2,2,0.754946,0.754945,0.754945,0.000000,0.965728,0.259558,0.000000,0.973759,0.227579,0.256041,-3.689590,0.336254,1,0,17.654290,0.000000
3.370000,4000.000000,-12.498960,57.748140,1,1,2,2,0.763197,0.763196,0.763197,0.000000,0.965727,0.259560,0.000000,0.973109,0.230342,0.000000,-3.781423,0.293128,1,0,17.657340,0.000000
3.380000,4000.000000,-12.537720,57.920440,1,1,2,2,0.780637,0.780638,0.780637,0.000000,0.966896,0.255169,0.000000,0.972599,0.232484,0.000000,-3.875665,0.236317,1,0,17.660850,0.000000
3.390000,4000.000000,-12.577420,58.092570,1,1,2,2,0.794961,0.794961,0.794961,0.000000,0.969656,0.244472,0.000000,0.972352,0.233518,0.000000,-3.969822,0.159486,1,0,17.664880,0.000000
3.400000,4000.000000,-12.618050,58.264530,1,1,2,2,0.804216,0.804216,0.804216,0.000000,0.976903,0.213683,0.000000,0.972431,0.233187,0.000000,-4.063899,0.057967,1,0,17.669410,0.000000
3.410000,4000.000000,-12.659630,58.436310,1,1,2,2,0.803204,0.803205,0.803205,0.000000,0.973263,0.229695,0.000000,0.972502,0.232885,1.037518,-4.157900,-0.042963,1,0,17.674460,0.000000
3.420000,4000.000000,-12.702050,58.607950,1,1,2,2,0.802035,0.802034,0.802034,0.000000,0.976904,0.213681,0.000000,0.972896,0.231237,4.125837,-4.241735,-0.157916,1,0,17.679930,0.000000
3.430000,4000.000000,-12.745010,58.779510,1,1,2,2,0.793920,0.793921,0.793920,0.000000,0.979858,0.199694,0.000000,0.973535,0.228531,8.173141,-4.295455,-0.261137,1,0,17.685390,0.000000
3.440000,4000.000000,-12.788100,58.951080,1,1,2,2,0.785959,0.785958,0.785959,0.000000,0.979859,0.199693,0.000000,0.974113,0.226057,11.074640,-4.309713,-0.319645,1,0,17.690210,0.000000
3.450000,4000.000000,-12.831060,59.122730,1,1,2,2,0.770073,0.770074,0.770073,0.000000,0.981697,0.190450,0.000000,0.974816,0.223004,14.940420,-4.295655,-0.359626,1,0,17.694310,0.000000
3.460000,4000.000000,-12.873500,59.294540,1,1,2,2,0.750979,0.750979,0.750979,0.000000,0.982199,0.187842,0.000000,0.975501,0.219988,18.400540,-4.243856,-0.360283,1,0,17.697360,0.000000
3.470000,4000.000000,-12.915080,59.466580,1,1,2,2,0.742452,0.742453,0.742453,0.000000,0.982202,0.187828,0.000000,0.976120,0.217230,18.976860,-4.158254,-0.321706,1,0,17.699540,0.000000
3.480000,4000.000000,-12.955750,59.638860,1,1,2,2,0.724435,0.724435,0.724435,0.000000,0.981322,0.192375,0.000000,0.976592,0.215094,20.835690,-4.066990,-0.266146,1,0,17.701560,0.000000
3.490000,4000.000000,-12.995330,59.811420,1,1,2,2,0.709687,0.709687,0.709687,0.000000,0.979153,0.203122,0.000000,0.976819,0.214064,21.140290,-3.957564,-0.172051,1,0,17.703500,0.000000
3.500000,4000.000000,-13.033780,59.984250,1,1,2,2,0.707142,0.707142,0.707142,0.000000,0.979153,0.203122,0.000000,0.977025,0.213123,19.133940,-3.845208,-0.073392,1,0,17.705920,0.000000
3.510000,4000.000000,-13.071300,60.157320,1,1,2,2,0.701543,0.701543,0.701543,0.000000,0.975962,0.217939,0.000000,0.976934,0.213539,17.563130,-3.752506,0.029714,1,0,17.708860,0.000000
3.520000,4000.000000,-13.108060,60.330590,1,1,2,2,0.702949,0.702948,0.702948,0.000000,0.972251,0.233942,0.000000,0.976548,0.215298,14.514940,-3.675240,0.141374,1,0,17.712280,0.000000
3.530000,4000.000000,-13.144330,60.503990,1,1,2,2,0.711343,0.711343,0.711343,0.000000,0.972258,0.233911,0.000000,0.975923,0.218113,10.489930,-3.627865,0.241683,1,0,17.716020,0.000000
3.540000,4000.000000,-13.180530,60.677450,1,1,2,2,0.719268,0.719268,0.719268,0.000000,0.968784,0.247908,0.000000,0.975345,0.220683,7.666545,-3.619890,0.297333,1,0,17.719690,0.000000
3.550000,4000.000000,-13.216930,60.850910,1,1,2,2,0.735239,0.735240,0.735239,0.000000,0.966405,0.257024,0.000000,0.974629,0.223825,3.838706,-3.639510,0.335173,1,0,17.723170,0.000000
3.560000,4000.000000,-13.253890,61.024270,1,1,2,2,0.754193,0.754193,0.754193,0.000000,0.943443,0.331536,0.000000,0.973915,0.226910,0.454225,-3.696465,0.333803,1,0,17.726270,0.000000
3.570000,4000.000000,-13.291760,61.197480,1,1,2,2,0.762579,0.762577,0.762578,0.000000,0.965736,0.259528,0.000000,0.973254,0.229728,0.000000,-3.786352,0.293842,1,0,17.729180,0.000000
3.580000,4000.000000,-13.330560,61.370500,1,1,2,2,0.780350,0.780349,0.780350,0.000000,0.966979,0.254857,0.000000,0.972740,0.231898,0.000000,-3.880580,0.237666,1,0,17.732520,0.000000
3.590000,4000.000000,-13.370310,61.543350,1,1,2,2,0.795224,0.795225,0.795224,0.000000,0.969776,0.243999,0.000000,0.972491,0.232940,0.000000,-3.974723,0.161043,1,0,17.736370,0.000000
3.600000,4000.000000,-13.411000,61.716030,1,1,2,2,0.797897,0.797897,0.797897,0.000000,0.969775,0.244000,0.000000,0.972262,0.233892,0.000000,-4.068784,0.082876,1,0,17.740720,0.000000
3.610000,4000.000000,-13.452620,61.888540,1,1,2,2,0.804140,0.804141,0.804140,0.000000,0.973408,0.229079,0.000000,0.972362,0.233478,0.296617,-4.162766,-0.020121,1,0,17.745590,0.000000
3.620000,4000.000000,-13.495160,62.060870,1,1,2,2,0.803524,0.803524,0.803524,0.000000,0.977029,0.213105,0.000000,0.972780,0.231729,3.519842,-4.253787,-0.144444,1,0,17.750940,0.000000
3.630000,4000.000000,-13.538300,62.233120,1,1,2,2,0.798094,0.798094,0.798094,0.000000,0.977029,0.213106,0.000000,0.973160,0.230130,6.733063,-4.313382,-0.233731,1,0,17.756350,0.000000
3.640000,4000.000000,-13.581710,62.405350,1,1,2,2,0.787551,0.787550,0.787551,0.000000,0.979950,0.199246,0.000000,0.973782,0.227481,10.543910,-4.341650,-0.310010,1,0,17.761400,0.000000
3.650000,4000.000000,-13.625040,62.577640,1,1,2,2,0.771658,0.771659,0.771658,0.000000,0.981735,0.190252,0.000000,0.974523,0.224287,14.613550,-4.332752,-0.358080,1,0,17.765620,0.000000
3.660000,4000.000000,-13.667880,62.750080,1,1,2,2,0.752292,0.752292,0.752292,0.000000,0.981741,0.190223,0.000000,0.975236,0.221165,18.258220,-4.284134,-0.364148,1,0,17.768740,0.000000
3.670000,4000.000000,-13.709880,62.922760,1,1,2,2,0.743483,0.743482,0.743482,0.000000,0.982193,0.187877,0.000000,0.975879,0.218310,18.970270,-4.199917,-0.328948,1,0,17.770930,0.000000
3.680000,4000.000000,-13.750970,63.095680,1,1,2,2,0.725008,0.725009,0.725009,0.000000,0.981270,0.192635,0.000000,0.976369,0.216108,20.946710,-4.108712,-0.274802,1,0,17.772910,0.000000
3.690000,4000.000000,-13.790950,63.268870,1,1,2,2,0.709658,0.709658,0.709658,0.000000,0.970611,0.240654,0.000000,0.976606,0.215034,21.353180,-3.998198,-0.180443,1,0,17.774780,0.000000
3.700000,4000.000000,-13.829790,63.442340,1,1,2,2,0.706957,0.706957,0.706957,0.000000,0.979053,0.203606,0.000000,0.976822,0.214052,19.341260,-3.883759,-0.080437,1,0,17.777120,0.000000
3.710000,4000.000000,-13.867680,63.616060,1,1,2,2,0.700753,0.700753,0.700753,0.000000,0.975830,0.218532,0.000000,0.976737,0.214439,17.839620,-3.789022,0.024265,1,0,17.779990,0.000000
3.720000,4000.000000,-13.904770,63.789990,1,1,2,2,0.701585,0.701584,0.701584,0.000000,0.972113,0.234514,0.000000,0.976356,0.216170,14.834350,-3.709045,0.138341,1,0,17.783380,0.000000
3.730000,4000.000000,-13.941350,63.964050,1,1,2,2,0.706834,0.706834,0.706834,0.000000,0.972116,0.234499,0.000000,0.976004,0.217751,11.854440,-3.658537,0.219600,1,0,17.787110,0.000000
3.740000,4000.000000,-13.977730,64.138210,1,1,2,2,0.717547,0.717547,0.717547,0.000000,0.968679,0.248318,0.000000,0.975411,0.220392,8.151288,-3.637200,0.290361,1,0,17.790800,0.000000
3.750000,4000.000000,-14.014250,64.312360,1,1,2,2,0.733397,0.733399,0.733398,0.000000,0.966347,0.257242,0.000000,0.974686,0.223578,4.197982,-3.652062,0.334081,1,0,17.794220,0.000000
3.760000,4000.000000,-14.051300,64.486430,1,1,2,2,0.742370,0.742370,0.742370,0.000000,0.966343,0.257258,0.000000,0.974014,0.226487,2.595770,-3.705492,0.333307,1,0,17.797250,0.000000
3.770000,4000.000000,-14.089050,64.660390,1,1,2,2,0.761146,0.761145,0.761146,0.000000,0.965744,0.259498,0.000000,0.973347,0.229337,0.000000,-3.774502,0.315546,1,0,17.800310,0.000000
3.780000,4000.000000,-14.127730,64.834180,1,1,2,2,0.779369,0.779369,0.779369,0.000000,0.967053,0.254574,0.000000,0.972831,0.231515,0.000000,-3.868728,0.259630,1,0,17.803380,0.000000
3.790000,4000.000000,-14.167360,65.007780,1,1,2,2,0.794821,0.794821,0.794821,0.000000,0.978978,0.203967,0.000000,0.972585,0.232546,0.000000,-3.962869,0.182863,1,0,17.806960,0.000000
3.800000,4000.000000,-14.207930,65.181210,1,1,2,2,0.797698,0.797698,0.797698,0.000000,0.969904,0.243490,0.000000,0.972359,0.233488,0.000000,-4.056929,0.104559,1,0,17.811050,0.000000
3.810000,4000.000000,-14.249440,65.354470,1,1,2,2,0.804529,0.804531,0.804530,0.000000,0.973547,0.228489,0.000000,0.972463,0.233058,0.000000,-4.150908,0.001197,1,0,17.815650,0.000000
3.820000,4000.000000,-14.291890,65.527550,1,1,2,2,0.804447,0.804446,0.804446,0.000000,0.977148,0.212558,0.000000,0.972883,0.231296,2.905708,-4.244811,-0.126481,1,0,17.820740,0.000000
3.830000,4000.000000,-14.334990,65.700520,1,1,2,2,0.799097,0.799096,0.799097,0.000000,0.977148,0.212560,0.000000,0.973265,0.229685,6.267025,-4.310373,-0.222267,1,0,17.826010,0.000000
3.840000,4000.000000,-14.378420,65.873460,1,1,2,2,0.788888,0.788890,0.788889,0.000000,0.980029,0.198856,0.000000,0.973886,0.227036,10.138750,-4.343160,-0.303398,1,0,17.830940,0.000000
3.850000,4000.000000,-14.421810,66.046460,1,1,2,2,0.773166,0.773166,0.773166,0.000000,0.981784,0.189999,0.000000,0.974621,0.223862,14.276140,-4.338183,-0.355401,1,0,17.835080,0.000000
3.860000,4000.000000,-14.464740,66.219600,1,1,2,2,0.763920,0.763919,0.763920,0.000000,0.981779,0.190029,0.000000,0.975283,0.220959,16.088620,-4.292822,-0.361064,1,0,17.838110,0.000000
3.870000,4000.000000,-14.507030,66.392910,1,1,2,2,0.744825,0.744825,0.744825,0.000000,0.982181,0.187939,0.000000,0.975921,0.218125,19.189390,-4.229737,-0.347367,1,0,17.840530,0.000000
3.880000,4000.000000,-14.548400,66.566470,1,1,2,2,0.726086,0.726086,0.726086,0.000000,0.981208,0.192955,0.000000,0.976401,0.215966,21.142880,-4.136348,-0.290395,1,0,17.842260,0.000000
3.890000,4000.000000,-14.588630,66.740320,1,1,2,2,0.720153,0.720153,0.720153,0.000000,0.981202,0.192985,0.000000,0.976836,0.213991,20.220060,-4.023877,-0.210592,1,0,17.843880,0.000000
3.900000,4000.000000,-14.627840,66.914420,1,1,2,2,0.707591,0.707590,0.707590,0.000000,0.978946,0.204119,0.000000,0.977021,0.213142,20.207400,-3.920427,-0.119562,1,0,17.845880,0.000000
3.910000,4000.000000,-14.666010,67.088780,1,1,2,2,0.701070,0.701069,0.701069,0.000000,0.975694,0.219136,0.000000,0.976908,0.213658,18.485810,-3.817151,-0.003793,1,0,17.848330,0.000000
3.920000,4000.000000,-14.703320,67.263350,1,1,2,2,0.701676,0.701676,0.701676,0.000000,0.969950,0.243304,0.000000,0.976502,0.215506,15.302690,-3.730798,0.119002,1,0,17.851420,0.000000
3.930000,4000.000000,-14.740080,67.438080,1,1,2,2,0.707020,0.707020,0.707020,0.000000,0.971975,0.235083,0.000000,0.976128,0.217194,12.137270,-3.675668,0.207001,1,0,17.854970,0.000000
3.940000,4000.000000,-14.776590,67.612890,1,1,2,2,0.717642,0.717642,0.717642,0.000000,0.968573,0.248730,0.000000,0.975518,0.219921,8.335612,-3.651532,0.282347,1,0,17.858510,0.000000
3.950000,4000.000000,-14.813240,67.787710,1,1,2,2,0.733508,0.733508,0.733508,0.000000,0.966289,0.257458,0.000000,0.974780,0.223166,4.301112,-3.664566,0.329204,1,0,17.861800,0.000000
3.960000,4000.000000,-14.850410,67.962450,1,1,2,2,0.742578,0.742579,0.742579,0.000000,0.966289,0.257459,0.000000,0.974097,0.226129,2.625656,-3.716966,0.330643,1,0,17.864710,0.000000
3.970000,4000.000000,-14.888260,68.137070,1,1,2,2,0.761429,0.761429,0.761429,0.000000,0.965753,0.259465,0.000000,0.973425,0.229006,0.000000,-3.785663,0.313845,1,0,17.867650,0.000000
3.980000,4000.000000,-14.927060,68.311520,1,1,2,2,0.779795,0.779797,0.779796,0.000000,0.967137,0.254257,0.000000,0.972910,0.231185,0.000000,-3.879869,0.258097,1,0,17.870590,0.000000
3.990000,4000.000000,-14.966800,68.485780,1,1,2,2,0.785667,0.785666,0.785667,0.000000,0.967144,0.254230,0.000000,0.972435,0.233175,0.000000,-3.973990,0.199011,1,0,17.874040,0.000000
4.000000,4000.000000,-15.007480,68.659870,1,1,2,2,0.798264,0.798265,0.798264,0.000000,0.970029,0.242990,0.000000,0.972232,0.234020,0.000000,-4.068027,0.118987,1,0,17.878000,0.000000
4.010000,4000.000000,-15.049100,68.833780,1,1,2,2,0.805232,0.805230,0.805231,0.000000,0.973682,0.227913,0.000000,0.972359,0.233492,0.000000,-4.161982,0.013816,1,0,17.882470,0.000000
4.020000,4000.000000,-15.091660,69.007510,1,1,2,2,0.805239,0.805240,0.805240,0.000000,0.992125,0.125250,0.000000,0.972801,0.231644,2.489514,-4.255862,-0.115579,1,0,17.887430,0.000000
4.030000,4000.000000,-15.134910,69.181140,1,1,2,2,0.799774,0.799774,0.799774,0.000000,0.977280,0.211952,0.000000,0.973202,0.229954,6.015154,-4.325451,-0.217096,1,0,17.892610,0.000000
4.040000,4000.000000,-15.178520,69.354720,1,1,2,2,0.789535,0.789535,0.789535,0.000000,0.980132,0.198348,0.000000,0.973838,0.227245,9.987666,-4.360667,-0.302027,1,0,17.897490,0.000000
4.050000,4000.000000,-15.222090,69.528350,1,1,2,2,0.773706,0.773706,0.773706,0.000000,0.981810,0.189865,0.000000,0.974581,0.224036,14.203470,-4.357138,-0.356399,1,0,17.901560,0.000000
4.060000,4000.000000,-15.265220,69.702130,1,1,2,2,0.764352,0.764351,0.764352,0.000000,0.981823,0.189800,0.000000,0.975251,0.221101,16.073310,-4.312462,-0.363576,1,0,17.904520,0.000000
4.070000,4000.000000,-15.307710,69.876080,1,1,2,2,0.745146,0.745144,0.745145,0.000000,0.982168,0.188003,0.000000,0.975891,0.218260,19.206000,-4.249501,-0.350345,1,0,17.906840,0.000000
4.080000,4000.000000,-15.349270,70.050270,1,1,2,2,0.726284,0.726284,0.726284,0.000000,0.981144,0.193276,0.000000,0.976368,0.216116,21.173860,-4.155926,-0.293070,1,0,17.908460,0.000000
4.090000,4000.000000,-15.389700,70.224750,1,1,2,2,0.720340,0.720341,0.720340,0.000000,0.981145,0.193275,0.000000,0.976800,0.214155,20.241750,-4.043130,-0.212823,1,0,17.909980,0.000000
4.100000,4000.000000,-15.429100,70.399480,1,1,2,2,0.707727,0.707727,0.707727,0.000000,0.978840,0.204628,0.000000,0.976979,0.213336,20.220270,-3.939447,-0.121080,1,0,17.911870,0.000000
4.110000,4000.000000,-15.467460,70.574470,1,1,2,2,0.701182,0.701181,0.701181,0.000000,0.975552,0.219767,0.000000,0.976858,0.213887,18.483000,-3.836025,-0.004504,1,0,17.914220,0.000000
4.120000,4000.000000,-15.504950,70.749670,1,1,2,2,0.703098,0.703098,0.703098,0.000000,0.975559,0.219740,0.000000,0.976748,0.214391,15.680880,-3.749681,0.093737,1,0,17.917220,0.000000
4.130000,4000.000000,-15.541860,70.925030,1,1,2,2,0.707258,0.707258,0.707258,0.000000,0.971837,0.235652,0.000000,0.976344,0.216224,12.564170,-3.690796,0.188291,1,0,17.920500,0.000000
4.140000,4000.000000,-15.578490,71.100490,1,1,2,2,0.718002,0.718005,0.718003,0.000000,0.968445,0.249228,0.000000,0.975709,0.219073,8.573565,-3.662446,0.270301,1,0,17.923860,0.000000
4.150000,4000.000000,-15.615220,71.275960,1,1,2,2,0.734048,0.734047,0.734048,0.000000,0.966224,0.257702,0.000000,0.974954,0.222408,4.400645,-3.673125,0.321401,1,0,17.927010,0.000000
4.160000,4000.000000,-15.652460,71.451340,1,1,2,2,0.743249,0.743248,0.743248,0.000000,0.966240,0.257645,0.000000,0.974254,0.225455,2.634385,-3.724532,0.325535,1,0,17.929780,0.000000
4.170000,4000.000000,-15.690400,71.626610,1,1,2,2,0.762232,0.762232,0.762232,0.000000,0.965784,0.259348,0.000000,0.973571,0.228384,0.000000,-3.793125,0.309970,1,0,17.932570,0.000000
4.180000,4000.000000,-15.729270,71.801700,1,1,2,2,0.780712,0.780712,0.780712,0.000000,0.967219,0.253944,0.000000,0.973051,0.230588,0.000000,-3.887316,0.254821,1,0,17.935370,0.000000
4.190000,4000.000000,-15.769080,71.976610,1,1,2,2,0.786617,0.786617,0.786617,0.000000,0.967228,0.253910,0.000000,0.972572,0.232602,0.000000,-3.981421,0.196278,1,0,17.938680,0.000000
4.200000,4000.000000,-15.809840,72.151340,1,1,2,2,0.799234,0.799234,0.799234,0.000000,0.970164,0.242451,0.000000,0.972369,0.233451,0.000000,-4.075442,0.116379,1,0,17.942490,0.000000
4.210000,4000.000000,-15.851530,72.325900,1,1,2,2,0.806161,0.806160,0.806161,0.000000,0.973831,0.227275,0.000000,0.972496,0.232921,0.000000,-4.169381,0.011118,1,0,17.946800,0.000000
4.220000,4000.000000,-15.894160,72.500280,1,1,2,2,0.806081,0.806082,0.806081,0.000000,0.990210,0.139589,0.000000,0.972936,0.231074,2.409755,-4.263244,-0.118394,1,0,17.951620,0.000000
4.230000,4000.000000,-15.937500,72.674540,1,1,2,2,0.800569,0.800567,0.800568,0.000000,0.977397,0.211412,0.000000,0.973336,0.229384,5.966625,-4.333590,-0.220816,1,0,17.956660,0.000000
4.240000,4000.000000,-15.981190,72.848750,1,1,2,2,0.790195,0.790197,0.790196,0.000000,0.980210,0.197960,0.000000,0.973968,0.226688,9.974004,-4.369253,-0.306185,1,0,17.961390,0.000000
4.250000,4000.000000,-16.024850,73.023030,1,1,2,2,0.774245,0.774245,0.774245,0.000000,0.981859,0.189613,0.000000,0.974702,0.223509,14.206340,-4.365826,-0.360344,1,0,17.965300,0.000000
4.260000,4000.000000,-16.068060,73.197430,1,1,2,2,0.764890,0.764890,0.764890,0.000000,0.981859,0.189615,0.000000,0.975364,0.220602,16.067420,-4.321086,-0.367169,1,0,17.968100,0.000000
4.270000,4000.000000,-16.110640,73.372020,1,1,2,2,0.745651,0.745653,0.745652,0.000000,0.982156,0.188067,0.000000,0.975991,0.217810,19.189060,-4.258147,-0.353276,1,0,17.970260,0.000000
4.280000,4000.000000,-16.152290,73.546840,1,1,2,2,0.726848,0.726848,0.726848,0.000000,0.981069,0.193657,0.000000,0.976453,0.215732,21.123890,-4.164701,-0.295102,1,0,17.971720,0.000000
4.290000,4000.000000,-16.192810,73.721950,1,1,2,2,0.720994,0.720993,0.720994,0.000000,0.981081,0.193596,0.000000,0.976871,0.213832,20.163630,-4.052357,-0.214374,1,0,17.973090,0.000000
4.300000,4000.000000,-16.232310,73.897300,1,1,2,2,0.708558,0.708557,0.708557,0.000000,0.978733,0.205140,0.000000,0.977034,0.213084,20.098060,-3.949404,-0.122146,1,0,17.974840,0.000000
4.310000,4000.000000,-16.270780,74.072910,1,1,2,2,0.702266,0.702266,0.702266,0.000000,0.975423,0.220339,0.000000,0.976897,0.213709,18.310600,-3.847147,-0.005404,1,0,17.977070,0.000000
4.320000,4000.000000,-16.308400,74.248730,1,1,2,2,0.704304,0.704304,0.704304,0.000000,0.975422,0.220347,0.000000,0.976772,0.214281,15.497890,-3.762460,0.092384,1,0,17.979940,0.000000
4.330000,4000.000000,-16.345460,74.424700,1,1,2,2,0.708737,0.708737,0.708737,0.000000,0.971699,0.236222,0.000000,0.976355,0.216173,12.347590,-3.705337,0.186311,1,0,17.983070,0.000000
4.340000,4000.000000,-16.382250,74.600760,1,1,2,2,0.719726,0.719725,0.719725,0.000000,0.968332,0.249665,0.000000,0.975711,0.219062,8.343885,-3.679078,0.267091,1,0,17.986300,0.000000
4.350000,4000.000000,-16.419170,74.776820,1,1,2,2,0.735938,0.735938,0.735938,0.000000,0.966173,0.257896,0.000000,0.974952,0.222416,4.184490,-3.691973,0.316438,1,0,17.989310,0.000000
4.360000,4000.000000,-16.456620,74.952800,1,1,2,2,0.745126,0.745127,0.745127,0.000000,0.966188,0.257837,0.000000,0.974248,0.225478,2.461732,-3.745462,0.318913,1,0,17.991960,0.000000
4.370000,4000.000000,-16.494780,75.128660,1,1,2,2,0.764113,0.764113,0.764113,0.000000,0.965802,0.259281,0.000000,0.973568,0.228399,0.000000,-3.815709,0.301648,1,0,17.994660,0.000000
4.380000,4000.000000,-16.533880,75.304340,1,1,2,2,0.782465,0.782466,0.782466,0.000000,0.967317,0.253571,0.000000,0.973055,0.230573,0.000000,-3.909870,0.246091,1,0,17.997410,0.000000
4.390000,4000.000000,-16.573920,75.479840,1,1,2,2,0.788239,0.788239,0.788239,0.000000,0.967308,0.253603,0.000000,0.972582,0.232559,0.000000,-4.003946,0.187180,1,0,18.000660,0.000000
4.400000,4000.000000,-16.614890,75.655150,1,1,2,2,0.800558,0.800559,0.800559,0.000000,0.970290,0.241944,0.000000,0.972389,0.233368,0.000000,-4.097937,0.106586,1,0,18.004420,0.000000
4.410000,4000.000000,-16.656810,75.830290,1,1,2,2,0.807092,0.807090,0.807091,0.000000,0.973963,0.226708,0.000000,0.972526,0.232793,0.000000,-4.191846,0.000457,1,0,18.008680,0.000000
4.420000,4000.000000,-16.699670,76.005260,1,1,2,2,0.806554,0.806554,0.806554,0.000000,0.983611,0.180304,0.000000,0.972976,0.230907,2.611825,-4.285679,-0.129862,1,0,18.013430,0.000000
4.430000,4000.000000,-16.743210,76.180100,1,1,2,2,0.800859,0.800858,0.800859,0.000000,0.977523,0.210831,0.000000,0.973383,0.229183,6.169418,-4.354028,-0.231005,1,0,18.018380,0.000000
4.440000,4000.000000,-16.787090,76.354900,1,1,2,2,0.790084,0.790083,0.790084,0.000000,0.980300,0.197514,0.000000,0.974019,0.226469,10.211300,-4.387685,-0.314849,1,0,18.022980,0.000000
4.450000,4000.000000,-16.830910,76.529760,1,1,2,2,0.773826,0.773827,0.773826,0.000000,0.981896,0.189423,0.000000,0.974752,0.223292,14.443190,-4.381915,-0.366783,1,0,18.026720,0.000000
4.460000,4000.000000,-16.874250,76.704770,1,1,2,2,0.764414,0.764414,0.764414,0.000000,0.981896,0.189420,0.000000,0.975413,0.220387,16.258660,-4.334834,-0.371372,1,0,18.029330,0.000000
4.470000,4000.000000,-16.916950,76.879950,1,1,2,2,0.745093,0.745091,0.745092,0.000000,0.982143,0.188135,0.000000,0.976033,0.217622,19.339970,-4.269999,-0.355267,1,0,18.031330,0.000000
4.480000,4000.000000,-16.958700,77.055380,1,1,2,2,0.726399,0.726399,0.726399,0.000000,0.981017,0.193920,0.000000,0.976485,0.215588,21.199420,-4.175050,-0.294875,1,0,18.032650,0.000000
4.490000,4000.000000,-16.999320,77.231090,1,1,2,2,0.720629,0.720629,0.720629,0.000000,0.981011,0.193952,0.000000,0.976893,0.213730,20.188920,-4.061943,-0.212752,1,0,18.033900,0.000000
4.500000,4000.000000,-17.038910,77.407040,1,1,2,2,0.708533,0.708533,0.708533,0.000000,0.978625,0.205651,0.000000,0.977045,0.213036,20.032100,-3.958719,-0.119326,1,0,18.035550,0.000000
4.510000,4000.000000,-17.077480,77.583250,1,1,2,2,0.702694,0.702695,0.702694,0.000000,0.975292,0.220918,0.000000,0.976896,0.213715,18.153540,-3.857086,-0.002206,1,0,18.037690,0.000000
4.520000,4000.000000,-17.115220,77.759670,1,1,2,2,0.704097,0.704097,0.704097,0.000000,0.975292,0.220918,0.000000,0.976459,0.215706,14.834910,-3.773915,0.120267,1,0,18.040470,0.000000
4.530000,4000.000000,-17.152450,77.936220,1,1,2,2,0.709723,0.709724,0.709724,0.000000,0.971560,0.236793,0.000000,0.976055,0.217525,11.666510,-3.723290,0.206334,1,0,18.043670,0.000000
4.540000,4000.000000,-17.189490,78.112850,1,1,2,2,0.721042,0.721042,0.721042,0.000000,0.968232,0.250052,0.000000,0.975425,0.220333,7.806084,-3.703685,0.279010,1,0,18.046870,0.000000
4.550000,4000.000000,-17.226710,78.289470,1,1,2,2,0.737408,0.737408,0.737408,0.000000,0.966123,0.258082,0.000000,0.974683,0.223592,3.791458,-3.721816,0.321471,1,0,18.049820,0.000000
4.560000,4000.000000,-17.264500,78.465990,1,1,2,2,0.746447,0.746447,0.746447,0.000000,0.966139,0.258023,0.000000,0.973996,0.226568,2.228395,-3.779107,0.318639,1,0,18.052420,0.000000
4.570000,4000.000000,-17.303010,78.642380,1,1,2,2,0.765289,0.765290,0.765289,0.000000,0.965828,0.259186,0.000000,0.973336,0.229386,0.000000,-3.851591,0.297369,1,0,18.055100,0.000000
4.580000,4000.000000,-17.342470,78.818600,1,1,2,2,0.783303,0.783303,0.783303,0.000000,0.967400,0.253254,0.000000,0.972848,0.231446,0.000000,-3.945709,0.239861,1,0,18.057870,0.000000
4.590000,4000.000000,-17.382870,78.994630,1,1,2,2,0.788805,0.788805,0.788805,0.000000,0.967400,0.253254,0.000000,0.972398,0.233328,0.000000,-4.039741,0.179169,1,0,18.061140,0.000000
4.600000,4000.000000,-17.424200,79.170490,1,1,2,2,0.800531,0.800532,0.800531,0.000000,0.970423,0.241410,0.000000,0.972231,0.234026,0.000000,-4.133688,0.096589,1,0,18.064920,0.000000
4.610000,4000.000000,-17.466480,79.346160,1,1,2,2,0.806332,0.806331,0.806331,0.000000,0.974097,0.226133,0.000000,0.972395,0.233343,0.000000,-4.227555,-0.011562,1,0,18.069200,0.000000
4.620000,4000.000000,-17.509690,79.521660,1,1,2,2,0.804994,0.804994,0.804994,0.000000,0.977645,0.210262,0.000000,0.972868,0.231363,3.238284,-4.321345,-0.143736,1,0,18.073970,0.000000
4.630000,4000.000000,-17.553530,79.697050,1,1,2,2,0.799026,0.799026,0.799026,0.000000,0.977638,0.210296,0.000000,0.973297,0.229552,6.730884,-4.383559,-0.240303,1,0,18.078830,0.000000
4.640000,4000.000000,-17.597640,79.872420,1,1,2,2,0.787626,0.787627,0.787627,0.000000,0.980377,0.197133,0.000000,0.973949,0.226771,10.779980,-4.411719,-0.319934,1,0,18.083300,0.000000
4.650000,4000.000000,-17.641650,80.047860,1,1,2,2,0.770939,0.770940,0.770940,0.000000,0.981922,0.189289,0.000000,0.974692,0.223554,14.970440,-4.400384,-0.367113,1,0,18.086880,0.000000
4.660000,4000.000000,-17.685130,80.223450,1,1,2,2,0.761476,0.761476,0.761476,0.000000,0.981934,0.189226,0.000000,0.975362,0.220612,16.684840,-4.348145,-0.367291,1,0,18.089330,0.000000
4.670000,4000.000000,-17.727920,80.399230,1,1,2,2,0.742097,0.742097,0.742097,0.000000,0.982125,0.188230,0.000000,0.975986,0.217835,19.679810,-4.279137,-0.347316,1,0,18.091200,0.000000
4.680000,4000.000000,-17.769730,80.575260,1,1,2,2,0.723643,0.723642,0.723643,0.000000,0.980942,0.194300,0.000000,0.976435,0.215813,21.409040,-4.180861,-0.283436,1,0,18.092440,0.000000
4.690000,4000.000000,-17.810390,80.751560,1,1,2,2,0.708828,0.708828,0.708828,0.000000,0.992282,0.124003,0.000000,0.976618,0.214985,21.497500,-4.065700,-0.180238,1,0,18.093670,0.000000
4.700000,4000.000000,-17.849890,80.928150,1,1,2,2,0.706590,0.706591,0.706591,0.000000,0.978518,0.206162,0.000000,0.976784,0.214228,19.269500,-3.949734,-0.074942,1,0,18.095500,0.000000
4.710000,4000.000000,-17.888440,81.104980,1,1,2,2,0.701519,0.701519,0.701519,0.000000,0.975148,0.221555,0.000000,0.976646,0.214858,17.466160,-3.855594,0.033652,1,0,18.097890,0.000000
4.720000,4000.000000,-17.926230,81.282000,1,1,2,2,0.703675,0.703675,0.703675,0.000000,0.971421,0.237363,0.000000,0.976217,0.216798,14.204180,-3.779168,0.148444,1,0,18.100810,0.000000
4.730000,4000.000000,-17.963580,81.459140,1,1,2,2,0.709435,0.709435,0.709435,0.000000,0.971429,0.237331,0.000000,0.975822,0.218570,11.187850,-3.734718,0.227469,1,0,18.104030,0.000000
4.740000,4000.000000,-18.000780,81.636350,1,1,2,2,0.721321,0.721321,0.721321,0.000000,0.968136,0.250426,0.000000,0.975201,0.221322,7.366169,-3.719788,0.294508,1,0,18.107190,0.000000
4.750000,4000.000000,-18.038200,81.813550,1,1,2,2,0.738018,0.738018,0.738018,0.000000,0.966090,0.258205,0.000000,0.974472,0.224511,3.429242,-3.742198,0.331484,1,0,18.110060,0.000000
4.760000,4000.000000,-18.076230,81.990630,1,1,2,2,0.747003,0.747003,0.747003,0.000000,0.966089,0.258211,0.000000,0.973796,0.227423,1.991362,-3.802997,0.324042,1,0,18.112570,0.000000
4.770000,4000.000000,-18.115010,82.167590,1,1,2,2,0.765813,0.765814,0.765813,0.000000,0.965854,0.259089,0.000000,0.973153,0.230159,0.000000,-3.877760,0.299061,1,0,18.115180,0.000000
4.780000,4000.000000,-18.154730,82.344360,1,1,2,2,0.783487,0.783487,0.783487,0.000000,0.967484,0.252933,0.000000,0.972687,0.232122,0.000000,-3.971843,0.239900,1,0,18.117920,0.000000
4.790000,4000.000000,-18.195390,82.520950,1,1,2,2,0.797764,0.797763,0.797764,0.000000,0.961109,0.276171,0.000000,0.972507,0.232877,0.000000,-4.065841,0.158352,1,0,18.121170,0.000000
4.800000,4000.000000,-18.236980,82.697360,1,1,2,2,0.799887,0.799887,0.799887,0.000000,0.970549,0.240903,0.000000,0.972341,0.233567,0.000000,-4.159757,0.075676,1,0,18.124910,0.000000
4.810000,4000.000000,-18.279520,82.873600,1,1,2,2,0.804864,0.804863,0.804864,0.000000,0.974258,0.225437,0.000000,0.972508,0.232872,0.483021,-4.253592,-0.032726,1,0,18.129150,0.000000
4.820000,4000.000000,-18.322950,83.049660,1,1,2,2,0.802679,0.802679,0.802679,0.000000,0.977755,0.209749,0.000000,0.972982,0.230884,4.070989,-4.342652,-0.160329,1,0,18.133850,0.000000
4.830000,4000.000000,-18.366910,83.225640,1,1,2,2,0.796601,0.796601,0.796601,0.000000,0.977763,0.209713,0.000000,0.973411,0.229067,7.381138,-4.396732,-0.248806,1,0,18.138530,0.000000
4.840000,4000.000000,-18.411100,83.401600,1,1,2,2,0.784599,0.784599,0.784599,0.000000,0.980456,0.196740,0.000000,0.974060,0.226292,11.376990,-4.418534,-0.321970,1,0,18.142760,0.000000
4.850000,4000.000000,-18.455110,83.577640,1,1,2,2,0.767583,0.767582,0.767582,0.000000,0.981959,0.189096,0.000000,0.974795,0.223102,15.470020,-4.401356,-0.362883,1,0,18.146090,0.000000
4.860000,4000.000000,-18.498560,83.753850,1,1,2,2,0.747711,0.747710,0.747711,0.000000,0.992696,0.120640,0.000000,0.975473,0.220120,18.956370,-4.344220,-0.358995,1,0,18.148330,0.000000
4.870000,4000.000000,-18.541090,83.930300,1,1,2,2,0.739174,0.739173,0.739173,0.000000,0.982101,0.188354,0.000000,0.976084,0.217393,19.412770,-4.253028,-0.315541,1,0,18.149750,0.000000
4.880000,4000.000000,-18.582660,84.106990,1,1,2,2,0.721344,0.721344,0.721344,0.000000,0.980865,0.194688,0.000000,0.976517,0.215440,21.068280,-4.157351,-0.253222,1,0,18.151060,0.000000
4.890000,4000.000000,-18.623110,84.283940,1,1,2,2,0.707446,0.707446,0.707446,0.000000,0.978396,0.206738,0.000000,0.976683,0.214688,21.043460,-4.045509,-0.152097,1,0,18.152390,0.000000
4.900000,4000.000000,-18.662450,84.461170,1,1,2,2,0.705593,0.705592,0.705593,0.000000,0.978403,0.206706,0.000000,0.976834,0.214002,18.828590,-3.933971,-0.050103,1,0,18.154280,0.000000
4.910000,4000.000000,-18.700890,84.638630,1,1,2,2,0.701575,0.701575,0.701575,0.000000,0.975011,0.222159,0.000000,0.976680,0.214703,16.911900,-3.844131,0.055437,1,0,18.156680,0.000000
4.920000,4000.000000,-18.738620,84.816260,1,1,2,2,0.704793,0.704792,0.704793,0.000000,0.971283,0.237929,0.000000,0.976238,0.216704,13.566430,-3.773113,0.165913,1,0,18.159540,0.000000
4.930000,4000.000000,-18.775970,84.994000,1,1,2,2,0.710795,0.710795,0.710795,0.000000,0.971290,0.237899,0.000000,0.975830,0.218532,10.637650,-3.734880,0.239684,1,0,18.162620,0.000000
4.940000,4000.000000,-18.813230,85.171800,1,1,2,2,0.723502,0.723503,0.723503,0.000000,0.968029,0.250839,0.000000,0.975201,0.221323,6.784129,-3.725308,0.302086,1,0,18.165610,0.000000
4.950000,4000.000000,-18.850760,85.349560,1,1,2,2,0.740696,0.740695,0.740696,0.000000,0.966038,0.258399,0.000000,0.974469,0.224525,2.892134,-3.753381,0.333686,1,0,18.168290,0.000000
4.960000,4000.000000,-18.888960,85.527210,1,1,2,2,0.760200,0.760202,0.760201,0.000000,0.965887,0.258964,0.000000,0.973778,0.227503,0.000000,-3.819394,0.322268,1,0,18.170610,0.000000
4.970000,4000.000000,-18.928090,85.704680,1,1,2,2,0.768362,0.768361,0.768361,0.000000,0.965886,0.258968,0.000000,0.973138,0.230222,0.000000,-3.913525,0.277232,1,0,18.172890,0.000000
4.980000,4000.000000,-18.968170,85.881970,1,1,2,2,0.785493,0.785493,0.785493,0.000000,0.967581,0.252560,0.000000,0.972681,0.232149,0.000000,-4.007567,0.217529,1,0,18.175660,0.000000
4.990000,4000.000000,-19.009180,86.059070,1,1,2,2,0.798893,0.798893,0.798893,0.000000,0.970689,0.240338,0.000000,0.972512,0.232856,0.000000,-4.101524,0.135137,1,0,18.178930,0.000000
5.000000,4000.000000,-19.051140,86.235980,1,1,2,2,0.800691,0.800692,0.800692,0.000000,0.970681,0.240370,0.000000,0.972357,0.233500,0.000000,-4.195400,0.051678,1,0,18.182700,0.000000
5.010000,4000.000000,-19.094030,86.412730,1,1,2,2,0.804545,0.804545,0.804545,0.000000,0.974391,0.224862,0.000000,0.972535,0.232759,1.162829,-4.289194,-0.057617,1,0,18.186970,0.000000
5.020000,4000.000000,-19.137740,86.589310,1,1,2,2,0.801247,0.801247,0.801247,0.000000,0.977878,0.209176,0.000000,0.973017,0.230733,4.801702,-4.371603,-0.179234,1,0,18.191630,0.000000
5.030000,4000.000000,-19.181930,86.765820,1,1,2,2,0.790944,0.790944,0.790944,0.000000,0.980545,0.196293,0.000000,0.973712,0.227782,9.224124,-4.418536,-0.281680,1,0,18.196160,0.000000
5.040000,4000.000000,-19.226150,86.942370,1,1,2,2,0.782244,0.782245,0.782245,0.000000,0.980539,0.196327,0.000000,0.974340,0.225083,12.132910,-4.422344,-0.335146,1,0,18.199910,0.000000
5.050000,4000.000000,-19.270130,87.119000,1,1,2,2,0.764871,0.764871,0.764871,0.000000,0.981995,0.188906,0.000000,0.975051,0.221983,16.063510,-4.397758,-0.367003,1,0,18.202880,0.000000
5.060000,4000.000000,-19.313480,87.295810,1,1,2,2,0.745097,0.745097,0.745097,0.000000,0.982082,0.188453,0.000000,0.975701,0.219107,19.339020,-4.334792,-0.355393,1,0,18.204810,0.000000
5.070000,4000.000000,-19.355880,87.472870,1,1,2,2,0.736826,0.736826,0.736826,0.000000,0.982088,0.188421,0.000000,0.976288,0.216476,19.611030,-4.239823,-0.306491,1,0,18.206000,0.000000
5.080000,4000.000000,-19.397300,87.650170,1,1,2,2,0.719636,0.719635,0.719635,0.000000,0.980807,0.194981,0.000000,0.976695,0.214632,21.054220,-4.142174,-0.240286,1,0,18.207160,0.000000
5.090000,4000.000000,-19.437600,87.827740,1,1,2,2,0.706742,0.706743,0.706743,0.000000,0.978300,0.207194,0.000000,0.976835,0.213996,20.799380,-4.030437,-0.137211,1,0,18.208400,0.000000
5.100000,4000.000000,-19.476820,88.005570,1,1,2,2,0.700164,0.700164,0.700164,0.000000,0.978287,0.207254,0.000000,0.976670,0.214749,18.823920,-3.921256,-0.010892,1,0,18.210230,0.000000
5.110000,4000.000000,-19.515130,88.183620,1,1,2,2,0.702473,0.702473,0.702473,0.000000,0.974872,0.222765,0.000000,0.976518,0.215437,15.775100,-3.831491,0.094376,1,0,18.212810,0.000000
5.120000,4000.000000,-19.552850,88.361830,1,1,2,2,0.706875,0.706874,0.706875,0.000000,0.971145,0.238491,0.000000,0.976078,0.217422,12.505430,-3.771599,0.193298,1,0,18.215700,0.000000
5.130000,4000.000000,-19.590290,88.540130,1,1,2,2,0.717990,0.717990,0.717990,0.000000,0.967925,0.251239,0.000000,0.975423,0.220343,8.406572,-3.743733,0.276969,1,0,18.218680,0.000000
5.140000,4000.000000,-19.627850,88.718430,1,1,2,2,0.726427,0.726428,0.726427,0.000000,0.967932,0.251211,0.000000,0.974816,0.223011,5.932084,-3.755944,0.314958,1,0,18.221440,0.000000
5.150000,4000.000000,-19.665770,88.896680,1,1,2,2,0.743899,0.743899,0.743899,0.000000,0.966005,0.258525,0.000000,0.974109,0.226080,2.259695,-3.792307,0.335781,1,0,18.224040,0.000000
5.160000,4000.000000,-19.704410,89.074800,1,1,2,2,0.763178,0.763179,0.763179,0.000000,0.965904,0.258901,0.000000,0.973447,0.228913,0.000000,-3.864444,0.315545,1,0,18.226330,0.000000
5.170000,4000.000000,-19.744000,89.252740,1,1,2,2,0.781782,0.781782,0.781782,0.000000,0.965912,0.258872,0.000000,0.972973,0.230921,0.000000,-3.958523,0.257407,1,0,18.228690,0.000000
5.180000,4000.000000,-19.784520,89.430500,1,1,2,2,0.787392,0.787392,0.787392,0.000000,0.967680,0.252180,0.000000,0.972535,0.232756,0.000000,-4.052515,0.196128,1,0,18.231540,0.000000
5.190000,4000.000000,-19.825990,89.608070,1,1,2,2,0.799661,0.799660,0.799661,0.000000,0.970815,0.239831,0.000000,0.972390,0.233365,0.000000,-4.146422,0.111975,1,0,18.234900,0.000000
5.200000,4000.000000,-19.868390,89.785460,1,1,2,2,0.805961,0.805961,0.805961,0.000000,0.974522,0.224293,0.000000,0.972577,0.232584,0.000000,-4.240248,0.001846,1,0,18.238750,0.000000
5.210000,4000.000000,-19.911730,89.962670,1,1,2,2,0.803471,0.803471,0.803471,0.000000,0.974529,0.224261,0.000000,0.972747,0.231871,2.591463,-4.333997,-0.106945,1,0,18.243090,0.000000
5.220000,4000.000000,-19.955760,90.139760,1,1,2,2,0.798866,0.798866,0.798866,0.000000,0.977996,0.208625,0.000000,0.973221,0.229874,6.097002,-4.402461,-0.213825,1,0,18.247650,0.000000
5.230000,4000.000000,-20.000120,90.316800,1,1,2,2,0.787535,0.787535,0.787535,0.000000,0.980610,0.195969,0.000000,0.973904,0.226964,10.365020,-4.436744,-0.302692,1,0,18.251910,0.000000
5.240000,4000.000000,-20.044420,90.493900,1,1,2,2,0.778804,0.778804,0.778804,0.000000,0.980616,0.195940,0.000000,0.974520,0.224303,12.979910,-4.429399,-0.344185,1,0,18.255300,0.000000
5.250000,4000.000000,-20.088380,90.671110,1,1,2,2,0.760994,0.760994,0.760994,0.000000,0.982020,0.188777,0.000000,0.975216,0.221256,16.756650,-4.396523,-0.366748,1,0,18.257950,0.000000
5.260000,4000.000000,-20.131650,90.848510,1,1,2,2,0.741331,0.741330,0.741330,0.000000,0.982057,0.188584,0.000000,0.975848,0.218453,19.808780,-4.326763,-0.347007,1,0,18.259600,0.000000
5.270000,4000.000000,-20.173920,91.026150,1,1,2,2,0.722577,0.722578,0.722577,0.000000,0.980725,0.195395,0.000000,0.976290,0.216471,21.549450,-4.227180,-0.281439,1,0,18.260620,0.000000
5.280000,4000.000000,-20.215030,91.204090,1,1,2,2,0.717028,0.717028,0.717028,0.000000,0.980731,0.195363,0.000000,0.976690,0.214658,20.400720,-4.110607,-0.195376,1,0,18.261650,0.000000
5.290000,4000.000000,-20.255080,91.382270,1,1,2,2,0.705416,0.705415,0.705416,0.000000,0.978179,0.207764,0.000000,0.976819,0.214067,20.059260,-4.005270,-0.098061,1,0,18.263120,0.000000
5.300000,4000.000000,-20.294120,91.560700,1,1,2,2,0.700302,0.700300,0.700301,0.000000,0.974727,0.223399,0.000000,0.976644,0.214867,17.983180,-3.903332,0.021742,1,0,18.265100,0.000000
5.310000,4000.000000,-20.332330,91.739330,1,1,2,2,0.702947,0.702947,0.702947,0.000000,0.974741,0.223337,0.000000,0.976483,0.215597,15.063730,-3.821787,0.119405,1,0,18.267720,0.000000
5.320000,4000.000000,-20.370020,91.918110,1,1,2,2,0.708725,0.708725,0.708725,0.000000,0.971024,0.238981,0.000000,0.976035,0.217616,11.706360,-3.768845,0.211924,1,0,18.270540,0.000000
5.330000,4000.000000,-20.407510,92.096960,1,1,2,2,0.720934,0.720936,0.720935,0.000000,0.967826,0.251620,0.000000,0.975375,0.220553,7.598371,-3.748776,0.288071,1,0,18.273380,0.000000
5.340000,4000.000000,-20.445200,92.275790,1,1,2,2,0.738036,0.738035,0.738035,0.000000,0.965972,0.258648,0.000000,0.974624,0.223848,3.467830,-3.768859,0.329875,1,0,18.275940,0.000000
5.350000,4000.000000,-20.483490,92.454520,1,1,2,2,0.747278,0.747277,0.747278,0.000000,0.965964,0.258676,0.000000,0.973928,0.226857,1.916533,-3.829228,0.325109,1,0,18.278120,0.000000
5.360000,4000.000000,-20.522540,92.633110,1,1,2,2,0.766346,0.766347,0.766347,0.000000,0.965938,0.258775,0.000000,0.973283,0.229611,0.000000,-3.904668,0.300162,1,0,18.280400,0.000000
5.370000,4000.000000,-20.562520,92.811510,1,1,2,2,0.784193,0.784192,0.784193,0.000000,0.967777,0.251807,0.000000,0.972829,0.231526,0.000000,-3.998701,0.240407,1,0,18.282820,0.000000
5.380000,4000.000000,-20.603450,92.989720,1,1,2,2,0.789462,0.789461,0.789462,0.000000,0.967777,0.251809,0.000000,0.972411,0.233275,0.000000,-4.092648,0.177652,1,0,18.285730,0.000000
5.390000,4000.000000,-20.645320,93.167760,1,1,2,2,0.800468,0.800470,0.800469,0.000000,0.970947,0.239296,0.000000,0.972287,0.233793,0.000000,-4.186509,0.091847,1,0,18.289150,0.000000
5.400000,4000.000000,-20.688120,93.345600,1,1,2,2,0.805235,0.805234,0.805234,0.000000,0.974669,0.223654,0.000000,0.972495,0.232923,0.097171,-4.280289,-0.019965,1,0,18.293050,0.000000
5.410000,4000.000000,-20.731850,93.523280,1,1,2,2,0.802681,0.802681,0.802681,0.000000,0.978112,0.208081,0.000000,0.973004,0.230789,3.925415,-4.373048,-0.154516,1,0,18.297450,0.000000
5.420000,4000.000000,-20.776130,93.700860,1,1,2,2,0.796318,0.796317,0.796318,0.000000,0.978111,0.208083,0.000000,0.973465,0.228838,7.394439,-4.428485,-0.247276,1,0,18.301830,0.000000
5.430000,4000.000000,-20.820630,93.878430,1,1,2,2,0.783890,0.783889,0.783889,0.000000,0.980687,0.195584,0.000000,0.974131,0.225984,11.512770,-4.450094,-0.322265,1,0,18.305760,0.000000
5.440000,4000.000000,-20.864950,94.056070,1,1,2,2,0.766507,0.766506,0.766507,0.000000,0.982056,0.188590,0.000000,0.974869,0.222782,15.656720,-4.431527,-0.362579,1,0,18.308770,0.000000
5.450000,4000.000000,-20.908670,94.233880,1,1,2,2,0.757108,0.757108,0.757108,0.000000,0.982044,0.188652,0.000000,0.975533,0.219853,17.198620,-4.372502,-0.356325,1,0,18.310680,0.000000
5.460000,4000.000000,-20.951660,94.411880,1,1,2,2,0.737785,0.737785,0.737785,0.000000,0.982033,0.188710,0.000000,0.976131,0.217181,20.021310,-4.298391,-0.329872,1,0,18.312090,0.000000
5.470000,4000.000000,-20.993630,94.590130,1,1,2,2,0.719989,0.719988,0.719989,0.000000,0.980649,0.195776,0.000000,0.976539,0.215340,21.473790,-4.196696,-0.259676,1,0,18.312970,0.000000
5.480000,4000.000000,-21.034430,94.768670,1,1,2,2,0.706419,0.706420,0.706420,0.000000,0.950361,0.311150,0.000000,0.976672,0.214737,21.221310,-4.080826,-0.151829,1,0,18.313960,0.000000
5.490000,4000.000000,-21.074110,94.947480,1,1,2,2,0.704866,0.704868,0.704867,0.000000,0.978058,0.208335,0.000000,0.976793,0.214187,18.846550,-3.967493,-0.045612,1,0,18.315590,0.000000
5.500000,4000.000000,-21.112880,95.126500,1,1,2,2,0.701474,0.701474,0.701474,0.000000,0.974608,0.223916,0.000000,0.976608,0.215028,16.744010,-3.877427,0.062846,1,0,18.317760,0.000000
5.510000,4000.000000,-21.150960,95.305700,1,1,2,2,0.705419,0.705419,0.705419,0.000000,0.970878,0.239574,0.000000,0.976140,0.217143,13.247540,-3.808003,0.174118,1,0,18.320390,0.000000
5.520000,4000.000000,-21.188690,95.485010,1,1,2,2,0.711737,0.711737,0.711737,0.000000,0.970886,0.239542,0.000000,0.975708,0.219075,10.284910,-3.772838,0.246963,1,0,18.323220,0.000000
5.530000,4000.000000,-21.226360,95.664350,1,1,2,2,0.725024,0.725023,0.725023,0.000000,0.967728,0.251996,0.000000,0.975065,0.221919,6.378368,-3.766659,0.307314,1,0,18.325950,0.000000
5.540000,4000.000000,-21.264350,95.843660,1,1,2,2,0.742624,0.742625,0.742624,0.000000,0.965938,0.258775,0.000000,0.974334,0.225106,2.508190,-3.798633,0.335106,1,0,18.328350,0.000000
5.550000,4000.000000,-21.303030,96.022830,1,1,2,2,0.762245,0.762245,0.762245,0.000000,0.949038,0.315162,0.000000,0.973661,0.228001,0.000000,-3.868324,0.318793,1,0,18.330420,0.000000
5.560000,4000.000000,-21.342650,96.201830,1,1,2,2,0.770259,0.770258,0.770259,0.000000,0.965987,0.258593,0.000000,0.973038,0.230645,0.000000,-3.962384,0.272799,1,0,18.332500,0.000000
5.570000,4000.000000,-21.383210,96.380640,1,1,2,2,0.787058,0.787058,0.787058,0.000000,0.967876,0.251430,0.000000,0.972611,0.232437,0.000000,-4.056355,0.210899,1,0,18.335080,0.000000
5.580000,4000.000000,-21.424720,96.559270,1,1,2,2,0.799817,0.799817,0.799817,0.000000,0.971094,0.238697,0.000000,0.972482,0.232980,0.000000,-4.150240,0.125532,1,0,18.338160,0.000000
5.590000,4000.000000,-21.467160,96.737700,1,1,2,2,0.801204,0.801205,0.801204,0.000000,0.971080,0.238755,0.000000,0.972363,0.233475,0.000000,-4.244044,0.039371,1,0,18.341720,0.000000
5.600000,4000.000000,-21.510530,96.915950,1,1,2,2,0.804078,0.804078,0.804078,0.000000,0.974799,0.223084,0.000000,0.972577,0.232581,1.630015,-4.337767,-0.072925,1,0,18.345790,0.000000
5.610000,4000.000000,-21.554690,97.094060,1,1,2,2,0.799748,0.799750,0.799749,0.000000,0.978233,0.207511,0.000000,0.973089,0.230430,5.404514,-4.415559,-0.192535,1,0,18.350190,0.000000
5.620000,4000.000000,-21.599250,97.272120,1,1,2,2,0.788488,0.788488,0.788488,0.000000,0.980763,0.195202,0.000000,0.973800,0.227408,9.894203,-4.456555,-0.290764,1,0,18.354370,0.000000
5.630000,4000.000000,-21.643790,97.450210,1,1,2,2,0.779571,0.779570,0.779571,0.000000,0.980770,0.195170,0.000000,0.974441,0.224644,12.716190,-4.453767,-0.339184,1,0,18.357720,0.000000
5.640000,4000.000000,-21.688030,97.628400,1,1,2,2,0.761683,0.761683,0.761683,0.000000,0.982069,0.188521,0.000000,0.975150,0.221546,16.604910,-4.423429,-0.365667,1,0,18.360280,0.000000
5.650000,4000.000000,-21.731580,97.806780,1,1,2,2,0.741811,0.741810,0.741810,0.000000,0.982008,0.188841,0.000000,0.975783,0.218742,19.740550,-4.355114,-0.347759,1,0,18.361830,0.000000
5.660000,4000.000000,-21.774140,97.985400,1,1,2,2,0.733748,0.733749,0.733748,0.000000,0.982002,0.188872,0.000000,0.976354,0.216177,19.854220,-4.256165,-0.294036,1,0,18.362720,0.000000
5.670000,4000.000000,-21.815700,98.164280,1,1,2,2,0.717127,0.717126,0.717127,0.000000,0.980583,0.196105,0.000000,0.976734,0.214454,21.084590,-4.156085,-0.223425,1,0,18.363650,0.000000
5.680000,4000.000000,-21.856140,98.343410,1,1,2,2,0.705216,0.705214,0.705215,0.000000,0.977935,0.208911,0.000000,0.976839,0.213975,20.574360,-4.044003,-0.117209,1,0,18.364720,0.000000
5.690000,4000.000000,-21.895510,98.522810,1,1,2,2,0.699908,0.699908,0.699908,0.000000,0.959642,0.281223,0.000000,0.976639,0.214887,18.348600,-3.936978,0.009953,1,0,18.366410,0.000000
5.700000,4000.000000,-21.934030,98.702420,1,1,2,2,0.702702,0.702703,0.702703,0.000000,0.974464,0.224545,0.000000,0.976455,0.215720,15.260240,-3.851819,0.113291,1,0,18.368820,0.000000
5.710000,4000.000000,-21.972000,98.882160,1,1,2,2,0.708413,0.708413,0.708413,0.000000,0.970752,0.240084,0.000000,0.975988,0.217823,11.820690,-3.796919,0.209575,1,0,18.371480,0.000000
5.720000,4000.000000,-22.009760,99.061980,1,1,2,2,0.720637,0.720634,0.720635,0.000000,0.967630,0.252374,0.000000,0.975318,0.220806,7.652439,-3.775698,0.288045,1,0,18.374180,0.000000
5.730000,4000.000000,-22.047710,99.241780,1,1,2,2,0.729282,0.729282,0.729282,0.000000,0.967637,0.252346,0.000000,0.974697,0.223531,5.291077,-3.795217,0.319999,1,0,18.376610,0.000000
5.740000,4000.000000,-22.086090,99.421520,1,1,2,2,0.747317,0.747320,0.747318,0.000000,0.965896,0.258929,0.000000,0.973990,0.226590,1.669801,-3.837774,0.334709,1,0,18.378890,0.000000
5.750000,4000.000000,-22.125240,99.601110,1,1,2,2,0.766607,0.766607,0.766607,0.000000,0.966021,0.258462,0.000000,0.973346,0.229343,0.000000,-3.915592,0.307537,1,0,18.380900,0.000000
5.760000,4000.000000,-22.165340,99.780520,1,1,2,2,0.784703,0.784702,0.784702,0.000000,0.967973,0.251054,0.000000,0.972903,0.231215,0.000000,-4.009599,0.247160,1,0,18.383100,0.000000
5.770000,4000.000000,-22.206380,99.959740,1,1,2,2,0.789973,0.789973,0.789973,0.000000,0.967980,0.251026,0.000000,0.972495,0.232925,0.000000,-4.103519,0.183841,1,0,18.385790,0.000000
5.780000,4000.000000,-22.248350,100.138800,1,1,2,2,0.801106,0.801106,0.801106,0.000000,0.971214,0.238209,0.000000,0.972386,0.233379,0.000000,-4.197353,0.096854,1,0,18.388970,0.000000
5.790000,4000.000000,-22.291260,100.317600,1,1,2,2,0.805937,0.805938,0.805938,0.000000,0.974932,0.222503,0.000000,0.972611,0.232440,0.000000,-4.291107,-0.016372,1,0,18.392640,0.000000
5.800000,4000.000000,-22.335110,100.496300,1,1,2,2,0.802939,0.802939,0.802939,0.000000,0.974946,0.222443,0.000000,0.972815,0.231583,3.214035,-4.384783,-0.127989,1,0,18.396800,0.000000
5.810000,4000.000000,-22.379580,100.674900,1,1,2,2,0.796791,0.796790,0.796791,0.000000,0.978348,0.206967,0.000000,0.973315,0.229471,6.903231,-4.447116,-0.231093,1,0,18.401080,0.000000
5.820000,4000.000000,-22.424310,100.853400,1,1,2,2,0.784155,0.784158,0.784157,0.000000,0.980828,0.194874,0.000000,0.974011,0.226500,11.244480,-4.473479,-0.313506,1,0,18.404960,0.000000
5.830000,4000.000000,-22.468890,101.032000,1,1,2,2,0.766508,0.766508,0.766508,0.000000,0.982094,0.188392,0.000000,0.974765,0.223233,15.542260,-4.457497,-0.358050,1,0,18.407900,0.000000
5.840000,4000.000000,-22.512880,101.210700,1,1,2,2,0.756980,0.756981,0.756981,0.000000,0.982094,0.188390,0.000000,0.975444,0.220246,17.171240,-4.399560,-0.354348,1,0,18.409730,0.000000
5.850000,4000.000000,-22.556140,101.389700,1,1,2,2,0.737505,0.737505,0.737505,0.000000,0.981977,0.189001,0.000000,0.976046,0.217565,20.039140,-4.325688,-0.328600,1,0,18.411030,0.000000
5.860000,4000.000000,-22.598380,101.568900,1,1,2,2,0.719645,0.719646,0.719645,0.000000,0.980494,0.196550,0.000000,0.976447,0.215757,21.487340,-4.223792,-0.257782,1,0,18.411800,0.000000
5.870000,4000.000000,-22.639460,101.748400,1,1,2,2,0.714640,0.714641,0.714640,0.000000,0.980506,0.196491,0.000000,0.976811,0.214104,20.188350,-4.107766,-0.169644,1,0,18.412670,0.000000
5.880000,4000.000000,-22.679500,101.928100,1,1,2,2,0.704588,0.704588,0.704588,0.000000,0.977824,0.209430,0.000000,0.976899,0.213701,19.533620,-4.004455,-0.071045,1,0,18.414000,0.000000
5.890000,4000.000000,-22.718580,102.108100,1,1,2,2,0.701369,0.701367,0.701368,0.000000,0.974317,0.225182,0.000000,0.976683,0.214688,17.156690,-3.907610,0.047133,1,0,18.415840,0.000000
5.900000,4000.000000,-22.756920,102.288200,1,1,2,2,0.705570,0.705569,0.705569,0.000000,0.970614,0.240644,0.000000,0.976188,0.216926,13.447250,-3.834100,0.165066,1,0,18.418240,0.000000
5.910000,4000.000000,-22.794890,102.468500,1,1,2,2,0.712084,0.712084,0.712084,0.000000,0.970620,0.240617,0.000000,0.975731,0.218971,10.341330,-3.796941,0.242221,1,0,18.420890,0.000000
5.920000,4000.000000,-22.832790,102.648800,1,1,2,2,0.725638,0.725639,0.725639,0.000000,0.967548,0.252689,0.000000,0.975073,0.221886,6.331299,-3.790173,0.304768,1,0,18.423450,0.000000
5.930000,4000.000000,-22.871020,102.829000,1,1,2,2,0.743460,0.743457,0.743459,0.000000,0.965869,0.259032,0.000000,0.974336,0.225097,2.413945,-3.822568,0.332868,1,0,18.425680,0.000000
5.940000,4000.000000,-22.909950,103.009100,1,1,2,2,0.763208,0.763207,0.763207,0.000000,0.979381,0.202022,0.000000,0.973669,0.227966,0.000000,-3.893140,0.315405,1,0,18.427580,0.000000
5.950000,4000.000000,-22.949820,103.189100,1,1,2,2,0.771164,0.771165,0.771165,0.000000,0.966063,0.258308,0.000000,0.973052,0.230585,0.000000,-3.987161,0.269218,1,0,18.429520,0.000000
5.960000,4000.000000,-22.990630,103.368800,1,1,2,2,0.787869,0.787867,0.787868,0.000000,0.968072,0.250672,0.000000,0.972640,0.232316,0.000000,-4.081094,0.206319,1,0,18.431960,0.000000
5.970000,4000.000000,-23.032380,103.548400,1,1,2,2,0.800378,0.800377,0.800377,0.000000,0.971344,0.237678,0.000000,0.972531,0.232774,0.000000,-4.174941,0.119408,1,0,18.434890,0.000000
5.980000,4000.000000,-23.075070,103.727800,1,1,2,2,0.801541,0.801541,0.801541,0.000000,0.971359,0.237615,0.000000,0.972430,0.233193,0.000000,-4.268706,0.031842,1,0,18.438300,0.000000
5.990000,4000.000000,-23.118690,103.906900,1,1,2,2,0.804007,0.804006,0.804007,0.000000,0.975076,0.221872,0.000000,0.972663,0.232219,1.871722,-4.362390,-0.082044,1,0,18.442210,0.000000
6.000000,4000.000000,-23.163070,104.086000,1,1,2,2,0.799214,0.799213,0.799214,0.000000,0.978463,0.206424,0.000000,0.973189,0.230008,5.703174,-4.437791,-0.200587,1,0,18.446430,0.000000
6.010000,4000.000000,-23.207820,104.265000,1,1,2,2,0.787516,0.787516,0.787516,0.000000,0.971870,0.235516,0.000000,0.973904,0.226960,10.216580,-4.475839,-0.296618,1,0,18.450390,0.000000
6.020000,4000.000000,-23.252520,104.444000,1,1,2,2,0.778490,0.778492,0.778491,0.000000,0.980911,0.194460,0.000000,0.974549,0.224172,12.995440,-4.469866,-0.342539,1,0,18.453480,0.000000
6.030000,4000.000000,-23.296890,104.623200,1,1,2,2,0.760375,0.760376,0.760375,0.000000,0.982108,0.188321,0.000000,0.975252,0.221096,16.852950,-4.436760,-0.366132,1,0,18.455780,0.000000
6.040000,4000.000000,-23.340550,104.802500,1,1,2,2,0.740479,0.740478,0.740478,0.000000,0.981946,0.189163,0.000000,0.975869,0.218356,19.906920,-4.365981,-0.344790,1,0,18.457090,0.000000
6.050000,4000.000000,-23.383200,104.982100,1,1,2,2,0.732564,0.732564,0.732564,0.000000,0.981946,0.189163,0.000000,0.976426,0.215850,19.930510,-4.265364,-0.288533,1,0,18.457780,0.000000
6.060000,4000.000000,-23.424850,105.161900,1,1,2,2,0.716251,0.716250,0.716250,0.000000,0.980416,0.196941,0.000000,0.976784,0.214224,21.045000,-4.164500,-0.215512,1,0,18.458550,0.000000
6.070000,4000.000000,-23.465380,105.342000,1,1,2,2,0.704842,0.704843,0.704842,0.000000,0.977701,0.210002,0.000000,0.976864,0.213858,20.401460,-4.052769,-0.107603,1,0,18.459490,0.000000
6.080000,4000.000000,-23.504850,105.522300,1,1,2,2,0.700184,0.700185,0.700184,0.000000,0.960630,0.277830,0.000000,0.976638,0.214885,18.045740,-3.947403,0.020076,1,0,18.461070,0.000000
6.090000,4000.000000,-23.543500,105.702900,1,1,2,2,0.703286,0.703286,0.703286,0.000000,0.974177,0.225787,0.000000,0.976432,0.215823,14.926380,-3.865176,0.122436,1,0,18.463350,0.000000
6.100000,4000.000000,-23.581640,105.883600,1,1,2,2,0.709641,0.709641,0.709641,0.000000,0.970486,0.241158,0.000000,0.975946,0.218008,11.410000,-3.813511,0.217149,1,0,18.465860,0.000000
6.110000,4000.000000,-23.619600,106.064300,1,1,2,2,0.722419,0.722418,0.722419,0.000000,0.967449,0.253068,0.000000,0.975264,0.221038,7.215354,-3.796272,0.292664,1,0,18.468370,0.000000
6.120000,4000.000000,-23.657800,106.245000,1,1,2,2,0.731191,0.731191,0.731191,0.000000,0.967448,0.253069,0.000000,0.974633,0.223805,4.914166,-3.820024,0.321307,1,0,18.470600,0.000000
6.130000,4000.000000,-23.696460,106.425700,1,1,2,2,0.749462,0.749463,0.749463,0.000000,0.965837,0.259152,0.000000,0.973927,0.226858,1.339476,-3.866219,0.332458,1,0,18.472690,0.000000
6.140000,4000.000000,-23.735940,106.606100,1,1,2,2,0.768730,0.768730,0.768730,0.000000,0.966120,0.258094,0.000000,0.973294,0.229559,0.000000,-3.947213,0.301273,1,0,18.474540,0.000000
6.150000,4000.000000,-23.776350,106.786400,1,1,2,2,0.786543,0.786542,0.786543,0.000000,0.968184,0.250239,0.000000,0.972872,0.231344,0.000000,-4.041175,0.239418,1,0,18.476640,0.000000
6.160000,4000.000000,-23.817700,106.966500,1,1,2,2,0.791576,0.791576,0.791576,0.000000,0.968177,0.250265,0.000000,0.972482,0.232974,0.000000,-4.135051,0.174747,1,0,18.479230,0.000000
6.170000,4000.000000,-23.859990,107.146400,1,1,2,2,0.802097,0.802096,0.802097,0.000000,0.971491,0.237078,0.000000,0.972397,0.233328,0.000000,-4.228841,0.085921,1,0,18.482310,0.000000
6.180000,4000.000000,-23.903210,107.326200,1,1,2,2,0.806153,0.806153,0.806153,0.000000,0.975220,0.221237,0.000000,0.972645,0.232291,0.165643,-4.322550,-0.029258,1,0,18.485870,0.000000
6.190000,4000.000000,-23.947360,107.505700,1,1,2,2,0.802703,0.802703,0.802703,0.000000,0.995430,0.095495,0.000000,0.973183,0.230029,4.209916,-4.414571,-0.165981,1,0,18.489920,0.000000
6.200000,4000.000000,-23.992030,107.685200,1,1,2,2,0.795954,0.795952,0.795953,0.000000,0.978564,0.205945,0.000000,0.973670,0.227960,7.742836,-4.467161,-0.258510,1,0,18.493900,0.000000
6.210000,4000.000000,-24.036880,107.864600,1,1,2,2,0.782759,0.782759,0.782759,0.000000,0.980980,0.194110,0.000000,0.974345,0.225057,11.949080,-4.485294,-0.331493,1,0,18.497380,0.000000
6.220000,4000.000000,-24.081510,108.044200,1,1,2,2,0.764808,0.764808,0.764808,0.000000,0.982132,0.188196,0.000000,0.975069,0.221897,16.082060,-4.462385,-0.367284,1,0,18.499890,0.000000
6.230000,4000.000000,-24.125500,108.223900,1,1,2,2,0.755423,0.755423,0.755423,0.000000,0.982132,0.188196,0.000000,0.975723,0.219006,17.511360,-4.399119,-0.356628,1,0,18.501320,0.000000
6.240000,4000.000000,-24.168720,108.403800,1,1,2,2,0.736137,0.736137,0.736137,0.000000,0.981914,0.189328,0.000000,0.976291,0.216460,20.202620,-4.321867,-0.325195,1,0,18.502290,0.000000
6.250000,4000.000000,-24.210900,108.583900,1,1,2,2,0.718827,0.718825,0.718826,0.000000,0.980339,0.197321,0.000000,0.976654,0.214816,21.437610,-4.218314,-0.249813,1,0,18.502800,0.000000
6.260000,4000.000000,-24.251930,108.764400,1,1,2,2,0.706139,0.706139,0.706139,0.000000,0.970880,0.239565,0.000000,0.976734,0.214447,20.927050,-4.102720,-0.138010,1,0,18.503490,0.000000
6.270000,4000.000000,-24.291850,108.945100,1,1,2,2,0.705155,0.705154,0.705155,0.000000,0.977583,0.210549,0.000000,0.976808,0.214111,18.425040,-3.992194,-0.030817,1,0,18.504870,0.000000
6.280000,4000.000000,-24.330910,109.126000,1,1,2,2,0.703007,0.703007,0.703007,0.000000,0.974051,0.226328,0.000000,0.976576,0.215167,16.097860,-3.906188,0.077646,1,0,18.506770,0.000000
6.290000,4000.000000,-24.369340,109.307000,1,1,2,2,0.708214,0.708214,0.708214,0.000000,0.970360,0.241663,0.000000,0.976069,0.217455,12.443390,-3.843021,0.186135,1,0,18.509100,0.000000
6.300000,4000.000000,-24.407500,109.488200,1,1,2,2,0.714963,0.714963,0.714963,0.000000,0.970361,0.241662,0.000000,0.975601,0.219546,9.519580,-3.815651,0.254308,1,0,18.511570,0.000000
6.310000,4000.000000,-24.445670,109.669300,1,1,2,2,0.729190,0.729189,0.729190,0.000000,0.967359,0.253410,0.000000,0.974938,0.222472,5.581954,-3.816879,0.309120,1,0,18.513930,0.000000
6.320000,4000.000000,-24.484230,109.850400,1,1,2,2,0.747327,0.747327,0.747327,0.000000,0.965818,0.259221,0.000000,0.974207,0.225649,1.803203,-3.856548,0.329397,1,0,18.515950,0.000000
6.330000,4000.000000,-24.523560,110.031400,1,1,2,2,0.766980,0.766981,0.766980,0.000000,0.966171,0.257904,0.000000,0.973557,0.228440,0.000000,-3.933026,0.304632,1,0,18.517680,0.000000
6.340000,4000.000000,-24.563830,110.212100,1,1,2,2,0.774700,0.774700,0.774700,0.000000,0.966155,0.257963,0.000000,0.972956,0.230988,0.000000,-4.026997,0.257356,1,0,18.519580,0.000000
6.350000,4000.000000,-24.605040,110.392700,1,1,2,2,0.790816,0.790817,0.790817,0.000000,0.968291,0.249826,0.000000,0.972568,0.232614,0.000000,-4.120878,0.192650,1,0,18.521970,0.000000
6.360000,4000.000000,-24.647180,110.573100,1,1,2,2,0.802414,0.802414,0.802414,0.000000,0.971623,0.236533,0.000000,0.972487,0.232950,0.000000,-4.214673,0.103468,1,0,18.524850,0.000000
6.370000,4000.000000,-24.690270,110.753300,1,1,2,2,0.807661,0.807661,0.807661,0.000000,0.985820,0.167804,0.000000,0.972740,0.231894,0.000000,-4.308387,-0.012139,1,0,18.528220,0.000000
6.380000,4000.000000,-24.734290,110.933300,1,1,2,2,0.804454,0.804451,0.804452,0.000000,0.975351,0.220661,0.000000,0.972970,0.230928,2.892002,-4.402024,-0.125944,1,0,18.532070,0.000000
6.390000,4000.000000,-24.778960,111.113200,1,1,2,2,0.798541,0.798542,0.798542,0.000000,0.978679,0.205396,0.000000,0.973487,0.228738,6.664337,-4.467445,-0.234078,1,0,18.536090,0.000000
6.400000,4000.000000,-24.823920,111.293100,1,1,2,2,0.785957,0.785957,0.785957,0.000000,0.981043,0.193791,0.000000,0.974186,0.225740,11.079370,-4.496080,-0.319794,1,0,18.539690,0.000000
6.410000,4000.000000,-24.868740,111.473000,1,1,2,2,0.776859,0.776859,0.776859,0.000000,0.981044,0.193787,0.000000,0.974818,0.222999,13.639580,-4.481642,-0.356451,1,0,18.542360,0.000000
6.420000,4000.000000,-24.913160,111.653100,1,1,2,2,0.758388,0.758389,0.758389,0.000000,0.982150,0.188099,0.000000,0.975498,0.220006,17.366960,-4.442198,-0.372290,1,0,18.544270,0.000000
6.430000,4000.000000,-24.956820,111.833300,1,1,2,2,0.738620,0.738621,0.738621,0.000000,0.981884,0.189484,0.000000,0.976084,0.217390,20.216600,-4.366344,-0.343717,1,0,18.545210,0.000000
6.440000,4000.000000,-24.999450,112.013800,1,1,2,2,0.720432,0.720432,0.720432,0.000000,0.980223,0.197896,0.000000,0.976459,0.215702,21.628110,-4.262647,-0.269074,1,0,18.545640,0.000000
6.450000,4000.000000,-25.040900,112.194600,1,1,2,2,0.715547,0.715548,0.715547,0.000000,0.980255,0.197737,0.000000,0.976798,0.214158,20.225450,-4.145186,-0.177662,1,0,18.546210,0.000000
6.460000,4000.000000,-25.081320,112.375600,1,1,2,2,0.705347,0.705345,0.705346,0.000000,0.977466,0.211094,0.000000,0.976856,0.213895,19.522740,-4.041457,-0.076083,1,0,18.547270,0.000000
6.470000,4000.000000,-25.120760,112.556800,1,1,2,2,0.702025,0.702025,0.702025,0.000000,0.973890,0.227020,0.000000,0.976608,0.215022,17.096500,-3.944670,0.044784,1,0,18.548880,0.000000
6.480000,4000.000000,-25.159480,112.738200,1,1,2,2,0.705491,0.705492,0.705491,0.000000,0.973904,0.226962,0.000000,0.976381,0.216052,14.103220,-3.871705,0.139466,1,0,18.551060,0.000000
6.490000,4000.000000,-25.197760,112.919800,1,1,2,2,0.713056,0.713056,0.713056,0.000000,0.970226,0.242202,0.000000,0.975879,0.218308,10.536470,-3.828063,0.227472,1,0,18.553410,0.000000
6.500000,4000.000000,-25.235950,113.101400,1,1,2,2,0.726753,0.726754,0.726753,0.000000,0.967268,0.253758,0.000000,0.975189,0.221371,6.371847,-3.819327,0.295166,1,0,18.555700,0.000000
6.510000,4000.000000,-25.274470,113.282900,1,1,2,2,0.744793,0.744794,0.744794,0.000000,0.965787,0.259336,0.000000,0.974439,0.224650,2.361485,-3.851274,0.325397,1,0,18.557680,0.000000
6.520000,4000.000000,-25.313690,113.464300,1,1,2,2,0.753953,0.753953,0.753953,0.000000,0.965785,0.259344,0.000000,0.973743,0.227646,1.085846,-3.922308,0.310202,1,0,18.559340,0.000000
6.530000,4000.000000,-25.353750,113.645500,1,1,2,2,0.772834,0.772834,0.772834,0.000000,0.966214,0.257742,0.000000,0.973132,0.230247,0.000000,-4.005709,0.274871,1,0,18.561200,0.000000
6.540000,4000.000000,-25.394740,113.826600,1,1,2,2,0.789733,0.789733,0.789733,0.000000,0.968396,0.249418,0.000000,0.972739,0.231901,0.000000,-4.099603,0.210721,1,0,18.563350,0.000000
6.550000,4000.000000,-25.436680,114.007500,1,1,2,2,0.802389,0.802389,0.802389,0.000000,0.992237,0.124360,0.000000,0.972655,0.232249,0.000000,-4.193411,0.121769,1,0,18.566000,0.000000
6.560000,4000.000000,-25.479550,114.188100,1,1,2,2,0.803356,0.803356,0.803356,0.000000,0.971759,0.235977,0.000000,0.972579,0.232568,0.000000,-4.287138,0.032330,1,0,18.569140,0.000000
6.570000,4000.000000,-25.523360,114.368600,1,1,2,2,0.805756,0.805757,0.805756,0.000000,0.975480,0.220087,0.000000,0.972835,0.231493,1.598010,-4.380782,-0.083626,1,0,18.572760,0.000000
6.580000,4000.000000,-25.567950,114.549000,1,1,2,2,0.800769,0.800770,0.800770,0.000000,0.978786,0.204885,0.000000,0.973376,0.229210,5.575261,-4.458804,-0.206599,1,0,18.576720,0.000000
6.590000,4000.000000,-25.612930,114.729200,1,1,2,2,0.793682,0.793682,0.793682,0.000000,0.978786,0.204887,0.000000,0.973865,0.227122,8.840969,-4.498044,-0.286002,1,0,18.580400,0.000000
6.600000,4000.000000,-25.657980,114.909500,1,1,2,2,0.779437,0.779438,0.779437,0.000000,0.981107,0.193468,0.000000,0.974534,0.224235,12.960250,-4.505425,-0.347951,1,0,18.583490,0.000000
6.610000,4000.000000,-25.702710,115.089900,1,1,2,2,0.760960,0.760958,0.760959,0.000000,0.982167,0.188009,0.000000,0.975243,0.221130,16.915400,-4.472608,-0.372836,1,0,18.585580,0.000000
6.620000,4000.000000,-25.746720,115.270500,1,1,2,2,0.740781,0.740781,0.740781,0.000000,0.965834,0.259161,0.000000,0.975851,0.218434,19.992430,-4.401164,-0.350397,1,0,18.586650,0.000000
6.630000,4000.000000,-25.789710,115.451300,1,1,2,2,0.732871,0.732871,0.732871,0.000000,0.981841,0.189706,0.000000,0.976400,0.215968,19.982880,-4.299660,-0.292848,1,0,18.587100,0.000000
6.640000,4000.000000,-25.831700,115.632400,1,1,2,2,0.716568,0.716568,0.716568,0.000000,0.980172,0.198150,0.000000,0.976737,0.214438,21.041550,-4.198235,-0.217682,1,0,18.587630,0.000000
6.650000,4000.000000,-25.872560,115.813700,1,1,2,2,0.705349,0.705348,0.705348,0.000000,0.977342,0.211665,0.000000,0.976789,0.214199,20.305510,-4.086493,-0.107435,1,0,18.588370,0.000000
6.660000,4000.000000,-25.912380,115.995300,1,1,2,2,0.704866,0.704866,0.704866,0.000000,0.977342,0.211667,0.000000,0.976836,0.213981,17.813310,-3.982026,-0.004258,1,0,18.589770,0.000000
6.670000,4000.000000,-25.951400,116.177100,1,1,2,2,0.704365,0.704365,0.704365,0.000000,0.973764,0.227563,0.000000,0.976579,0.215153,15.285760,-3.901984,0.100349,1,0,18.591620,0.000000
6.680000,4000.000000,-25.989870,116.359000,1,1,2,2,0.711145,0.711144,0.711144,0.000000,0.970093,0.242734,0.000000,0.976052,0.217531,11.503790,-3.846735,0.202613,1,0,18.593810,0.000000
6.690000,4000.000000,-26.028150,116.541000,1,1,2,2,0.724359,0.724358,0.724359,0.000000,0.967186,0.254071,0.000000,0.975343,0.220690,7.135452,-3.828520,0.281924,1,0,18.596050,0.000000
6.700000,4000.000000,-26.066680,116.722900,1,1,2,2,0.733320,0.733320,0.733320,0.000000,0.967185,0.254075,0.000000,0.974686,0.223575,4.754594,-3.852996,0.312376,1,0,18.598020,0.000000
6.710000,4000.000000,-26.105690,116.904800,1,1,2,2,0.751808,0.751808,0.751808,0.000000,0.965778,0.259370,0.000000,0.973971,0.226669,1.151652,-3.900694,0.323107,1,0,18.599890,0.000000
6.720000,4000.000000,-26.145530,117.086500,1,1,2,2,0.771126,0.771126,0.771126,0.000000,0.966257,0.257579,0.000000,0.973346,0.229338,0.000000,-3.983466,0.289788,1,0,18.601530,0.000000
6.730000,4000.000000,-26.186300,117.268000,1,1,2,2,0.788795,0.788795,0.788795,0.000000,0.965875,0.259008,0.000000,0.972945,0.231033,0.000000,-4.077375,0.226455,1,0,18.603450,0.000000
6.740000,4000.000000,-26.228010,117.449300,1,1,2,2,0.793544,0.793543,0.793543,0.000000,0.968502,0.249007,0.000000,0.972576,0.232582,0.000000,-4.171197,0.160435,1,0,18.605870,0.000000
6.750000,4000.000000,-26.270660,117.630500,1,1,2,2,0.803593,0.803593,0.803593,0.000000,0.971898,0.235401,0.000000,0.972518,0.232823,0.000000,-4.264934,0.069500,1,0,18.608770,0.000000
6.760000,4000.000000,-26.314250,117.811400,1,1,2,2,0.806999,0.806999,0.806999,0.000000,0.975611,0.219507,0.000000,0.972793,0.231675,0.481875,-4.358589,-0.047942,1,0,18.612160,0.000000
6.770000,4000.000000,-26.358720,117.992200,1,1,2,2,0.803283,0.803284,0.803283,0.000000,0.975624,0.219448,0.000000,0.973042,0.230625,3.919720,-4.447480,-0.158605,1,0,18.615990,0.000000
6.780000,4000.000000,-26.403750,118.172900,1,1,2,2,0.795683,0.795683,0.795683,0.000000,0.978893,0.204375,0.000000,0.973573,0.228372,7.773345,-4.502844,-0.257821,1,0,18.619830,0.000000
6.790000,4000.000000,-26.448960,118.353500,1,1,2,2,0.781788,0.781788,0.781788,0.000000,0.981182,0.193085,0.000000,0.974277,0.225350,12.164470,-4.520630,-0.333146,1,0,18.623120,0.000000
6.800000,4000.000000,-26.493920,118.534300,1,1,2,2,0.763316,0.763316,0.763316,0.000000,0.982168,0.188003,0.000000,0.975013,0.222144,16.369310,-4.495573,-0.368051,1,0,18.625410,0.000000
6.810000,4000.000000,-26.538210,118.715200,1,1,2,2,0.753816,0.753817,0.753817,0.000000,0.982180,0.187940,0.000000,0.975677,0.219212,17.776510,-4.429461,-0.355685,1,0,18.626610,0.000000
6.820000,4000.000000,-26.581710,118.896300,1,1,2,2,0.734461,0.734461,0.734461,0.000000,0.981803,0.189902,0.000000,0.976238,0.216697,20.406760,-4.349577,-0.321315,1,0,18.627360,0.000000
6.830000,4000.000000,-26.624150,119.077700,1,1,2,2,0.717402,0.717401,0.717402,0.000000,0.980081,0.198598,0.000000,0.976583,0.215141,21.508870,-4.243993,-0.242437,1,0,18.627690,0.000000
6.840000,4000.000000,-26.665420,119.259300,1,1,2,2,0.705288,0.705288,0.705288,0.000000,0.980081,0.198600,0.000000,0.976637,0.214891,20.821490,-4.127671,-0.127701,1,0,18.628250,0.000000
6.850000,4000.000000,-26.705600,119.441300,1,1,2,2,0.704630,0.704630,0.704630,0.000000,0.977217,0.212243,0.000000,0.976687,0.214663,18.236300,-4.018150,-0.019533,1,0,18.629530,0.000000
6.860000,4000.000000,-26.744940,119.623400,1,1,2,2,0.703281,0.703282,0.703281,0.000000,0.973621,0.228171,0.000000,0.976431,0.215827,15.757120,-3.933963,0.089242,1,0,18.631320,0.000000
6.870000,4000.000000,-26.783680,119.805600,1,1,2,2,0.709323,0.709322,0.709322,0.000000,0.969968,0.243234,0.000000,0.975905,0.218192,11.993480,-3.874097,0.196086,1,0,18.633510,0.000000
6.880000,4000.000000,-26.822200,119.988000,1,1,2,2,0.716310,0.716310,0.716310,0.000000,0.969974,0.243211,0.000000,0.975420,0.220352,9.098824,-3.851087,0.261371,1,0,18.635800,0.000000
6.890000,4000.000000,-26.860760,120.170300,1,1,2,2,0.731116,0.731117,0.731116,0.000000,0.967095,0.254414,0.000000,0.974751,0.223294,5.144803,-3.856382,0.312664,1,0,18.637960,0.000000
6.900000,4000.000000,-26.899760,120.352600,1,1,2,2,0.749548,0.749548,0.749548,0.000000,0.965754,0.259459,0.000000,0.974030,0.226418,1.437010,-3.900265,0.327981,1,0,18.639790,0.000000
6.910000,4000.000000,-26.939570,120.534700,1,1,2,2,0.769127,0.769129,0.769128,0.000000,0.966320,0.257342,0.000000,0.973404,0.229091,0.000000,-3.980251,0.297695,1,0,18.641350,0.000000
6.920000,4000.000000,-26.980310,120.716600,1,1,2,2,0.776584,0.776584,0.776584,0.000000,0.966312,0.257374,0.000000,0.972827,0.231533,0.000000,-4.074156,0.248724,1,0,18.643150,0.000000
6.930000,4000.000000,-27.021990,120.898400,1,1,2,2,0.792120,0.792124,0.792122,0.000000,0.968623,0.248535,0.000000,0.972476,0.233001,0.000000,-4.167972,0.181209,1,0,18.645430,0.000000
6.940000,4000.000000,-27.064600,121.079900,1,1,2,2,0.802808,0.802808,0.802808,0.000000,0.972050,0.234772,0.000000,0.972439,0.233157,0.000000,-4.261702,0.088647,1,0,18.648200,0.000000
6.950000,4000.000000,-27.108160,121.261300,1,1,2,2,0.806907,0.806907,0.806907,0.000000,0.983527,0.180762,0.000000,0.972733,0.231928,0.058924,-4.355350,-0.030387,1,0,18.651450,0.000000
6.960000,4000.000000,-27.152640,121.442400,1,1,2,2,0.803158,0.803157,0.803157,0.000000,0.975759,0.218848,0.000000,0.973000,0.230805,3.644923,-4.448349,-0.146724,1,0,18.655190,0.000000
6.970000,4000.000000,-27.197700,121.623500,1,1,2,2,0.796101,0.796101,0.796101,0.000000,0.979000,0.203862,0.000000,0.973545,0.228494,7.499885,-4.506380,-0.249905,1,0,18.658970,0.000000
6.980000,4000.000000,-27.242970,121.804600,1,1,2,2,0.782554,0.782554,0.782554,0.000000,0.981233,0.192825,0.000000,0.974258,0.225434,11.918320,-4.526818,-0.328824,1,0,18.662240,0.000000
6.990000,4000.000000,-27.288020,121.985700,1,1,2,2,0.773284,0.773284,0.773284,0.000000,0.981240,0.192793,0.000000,0.974901,0.222636,14.335630,-4.504148,-0.358517,1,0,18.664520,0.000000
7.000000,4000.000000,-27.332590,122.166900,1,1,2,2,0.754435,0.754435,0.754435,0.000000,0.982181,0.187936,0.000000,0.975577,0.219658,17.959430,-4.457864,-0.367492,1,0,18.666060,0.000000
7.010000,4000.000000,-27.376360,122.348400,1,1,2,2,0.734772,0.734774,0.734773,0.000000,0.981772,0.190065,0.000000,0.976144,0.217123,20.611010,-4.376180,-0.331767,1,0,18.666710,0.000000
7.020000,4000.000000,-27.419040,122.530100,1,1,2,2,0.717219,0.717219,0.717219,0.000000,0.980001,0.198994,0.000000,0.976489,0.215567,21.751760,-4.268589,-0.250874,1,0,18.666930,0.000000
7.030000,4000.000000,-27.460540,122.712100,1,1,2,2,0.712775,0.712775,0.712775,0.000000,0.980001,0.198994,0.000000,0.976802,0.214145,20.185870,-4.149885,-0.156117,1,0,18.667400,0.000000
7.040000,4000.000000,-27.501010,122.894400,1,1,2,2,0.703740,0.703740,0.703740,0.000000,0.977093,0.212812,0.000000,0.976827,0.214030,19.213140,-4.046515,-0.052146,1,0,18.668380,0.000000
7.050000,4000.000000,-27.540530,123.076800,1,1,2,2,0.701802,0.701801,0.701801,0.000000,0.973487,0.228742,0.000000,0.976548,0.215300,16.543620,-3.952731,0.068483,1,0,18.669910,0.000000
7.060000,4000.000000,-27.579380,123.259500,1,1,2,2,0.707385,0.707385,0.707385,0.000000,0.973480,0.228773,0.000000,0.976003,0.217754,12.620560,-3.885145,0.184992,1,0,18.671970,0.000000
7.070000,4000.000000,-27.617940,123.442200,1,1,2,2,0.714518,0.714518,0.714518,0.000000,0.969839,0.243746,0.000000,0.975501,0.219995,9.501780,-3.855988,0.258187,1,0,18.674210,0.000000
7.080000,4000.000000,-27.656520,123.624900,1,1,2,2,0.729095,0.729094,0.729094,0.000000,0.967020,0.254700,0.000000,0.974820,0.222995,5.458073,-3.857335,0.314719,1,0,18.676330,0.000000
7.090000,4000.000000,-27.695500,123.807600,1,1,2,2,0.747548,0.747548,0.747548,0.000000,0.965736,0.259526,0.000000,0.974092,0.226150,1.650383,-3.898153,0.333871,1,0,18.678100,0.000000
7.100000,4000.000000,-27.735260,123.990100,1,1,2,2,0.756514,0.756514,0.756514,0.000000,0.965737,0.259524,0.000000,0.973419,0.229032,0.631747,-3.976056,0.309802,1,0,18.679580,0.000000
7.110000,4000.000000,-27.775900,124.172500,1,1,2,2,0.775029,0.775028,0.775028,0.000000,0.966372,0.257146,0.000000,0.972844,0.231460,0.000000,-4.063808,0.266972,1,0,18.681310,0.000000
7.120000,4000.000000,-27.817470,124.354600,1,1,2,2,0.791059,0.791059,0.791059,0.000000,0.968735,0.248096,0.000000,0.972502,0.232896,0.000000,-4.157626,0.198887,1,0,18.683440,0.000000
7.130000,4000.000000,-27.859990,124.536600,1,1,2,2,0.802364,0.802364,0.802364,0.000000,0.972175,0.234258,0.000000,0.972474,0.233011,0.000000,-4.251359,0.105530,1,0,18.686040,0.000000
7.140000,4000.000000,-27.903440,124.718300,1,1,2,2,0.802700,0.802700,0.802700,0.000000,0.972175,0.234258,0.000000,0.972449,0.233116,0.000000,-4.345009,0.012064,1,0,18.689130,0.000000
7.150000,4000.000000,-27.947820,124.899900,1,1,2,2,0.803425,0.803422,0.803424,0.000000,0.975887,0.218278,0.000000,0.972754,0.231840,2.623275,-4.438579,-0.107872,1,0,18.692700,0.000000
7.160000,4000.000000,-27.992890,125.081400,1,1,2,2,0.796818,0.796819,0.796818,0.000000,0.979094,0.203409,0.000000,0.973333,0.229398,6.718576,-4.506553,-0.223900,1,0,18.696490,0.000000
7.170000,4000.000000,-28.038230,125.262800,1,1,2,2,0.783501,0.783501,0.783501,0.000000,0.977000,0.213240,0.000000,0.974073,0.226235,11.343820,-4.534601,-0.312734,1,0,18.699860,0.000000
7.180000,4000.000000,-28.083410,125.444300,1,1,2,2,0.774113,0.774115,0.774114,0.000000,0.981295,0.192509,0.000000,0.974740,0.223343,13.973870,-4.517532,-0.350089,1,0,18.702260,0.000000
7.190000,4000.000000,-28.128160,125.625900,1,1,2,2,0.755248,0.755248,0.755248,0.000000,0.982194,0.187872,0.000000,0.975432,0.220299,17.725510,-4.474776,-0.364043,1,0,18.703900,0.000000
7.200000,4000.000000,-28.172110,125.807700,1,1,2,2,0.735350,0.735349,0.735350,0.000000,0.981722,0.190322,0.000000,0.976009,0.217728,20.497820,-4.395374,-0.331445,1,0,18.704590,0.000000
7.210000,4000.000000,-28.215000,125.989800,1,1,2,2,0.727901,0.727901,0.727901,0.000000,0.981716,0.190351,0.000000,0.976531,0.215377,20.231860,-4.288890,-0.266971,1,0,18.704830,0.000000
7.220000,4000.000000,-28.256850,126.172100,1,1,2,2,0.712753,0.712755,0.712754,0.000000,0.979910,0.199440,0.000000,0.976831,0.214009,20.947380,-4.184995,-0.186416,1,0,18.705230,0.000000
7.230000,4000.000000,-28.297590,126.354700,1,1,2,2,0.703179,0.703179,0.703179,0.000000,0.976967,0.213391,0.000000,0.976843,0.213956,19.851320,-4.074144,-0.073629,1,0,18.705930,0.000000
7.240000,4000.000000,-28.337330,126.537500,1,1,2,2,0.700737,0.700737,0.700737,0.000000,0.973339,0.229373,0.000000,0.976551,0.215284,17.083520,-3.974092,0.054552,1,0,18.707290,0.000000
7.250000,4000.000000,-28.376340,126.720400,1,1,2,2,0.704729,0.704729,0.704729,0.000000,0.973339,0.229373,0.000000,0.976283,0.216497,13.906500,-3.901208,0.152786,1,0,18.709270,0.000000
7.260000,4000.000000,-28.414940,126.903500,1,1,2,2,0.713211,0.713210,0.713211,0.000000,0.969712,0.244250,0.000000,0.975749,0.218891,10.148290,-3.859445,0.241837,1,0,18.711400,0.000000
7.270000,4000.000000,-28.453480,127.086600,1,1,2,2,0.727699,0.727699,0.727699,0.000000,0.966936,0.255018,0.000000,0.975044,0.222012,5.897988,-3.854454,0.307254,1,0,18.713430,0.000000
7.280000,4000.000000,-28.492390,127.269700,1,1,2,2,0.746270,0.746272,0.746271,0.000000,0.955342,0.295502,0.000000,0.974299,0.225256,1.913858,-3.890970,0.332610,1,0,18.715120,0.000000
7.290000,4000.000000,-28.532050,127.452600,1,1,2,2,0.755443,0.755443,0.755443,0.000000,0.965727,0.259562,0.000000,0.973609,0.228219,0.750948,-3.966305,0.312819,1,0,18.716490,0.000000
7.300000,4000.000000,-28.572580,127.635400,1,1,2,2,0.774248,0.774248,0.774248,0.000000,0.966439,0.256898,0.000000,0.973025,0.230698,0.000000,-4.052900,0.272214,1,0,18.718090,0.000000
7.310000,4000.000000,-28.614050,127.817900,1,1,2,2,0.790716,0.790716,0.790716,0.000000,0.968847,0.247662,0.000000,0.972677,0.232162,0.000000,-4.146723,0.204699,1,0,18.720050,0.000000
7.320000,4000.000000,-28.656460,128.000300,1,1,2,2,0.802551,0.802551,0.802551,0.000000,0.968848,0.247658,0.000000,0.972646,0.232291,0.000000,-4.240460,0.111574,1,0,18.722490,0.000000
7.330000,4000.000000,-28.699800,128.182400,1,1,2,2,0.802978,0.802977,0.802977,0.000000,0.972326,0.233627,0.000000,0.972618,0.232408,0.000000,-4.334116,0.018319,1,0,18.725420,0.000000
7.340000,4000.000000,-28.744070,128.364400,1,1,2,2,0.804215,0.804216,0.804216,0.000000,0.976023,0.217669,0.000000,0.972920,0.231142,2.322816,-4.427690,-0.101492,1,0,18.728820,0.000000
7.350000,4000.000000,-28.789060,128.546300,1,1,2,2,0.798026,0.798026,0.798026,0.000000,0.979212,0.202838,0.000000,0.973493,0.228717,6.412417,-4.498588,-0.220286,1,0,18.732480,0.000000
7.360000,4000.000000,-28.834360,128.728100,1,1,2,2,0.790562,0.790560,0.790561,0.000000,0.979212,0.202842,0.000000,0.974011,0.226500,9.607375,-4.529607,-0.294129,1,0,18.735760,0.000000
7.370000,4000.000000,-28.879650,128.909900,1,1,2,2,0.775479,0.775478,0.775478,0.000000,0.981358,0.192189,0.000000,0.974690,0.223559,13.722960,-4.529454,-0.349894,1,0,18.738410,0.000000
7.380000,4000.000000,-28.924540,129.091800,1,1,2,2,0.756563,0.756564,0.756563,0.000000,0.982205,0.187810,0.000000,0.975388,0.220495,17.558990,-4.489131,-0.366873,1,0,18.740050,0.000000
7.390000,4000.000000,-28.968650,129.274000,1,1,2,2,0.736471,0.736470,0.736470,0.000000,0.981661,0.190635,0.000000,0.975965,0.217926,20.409220,-4.411341,-0.335984,1,0,18.740710,0.000000
7.400000,4000.000000,-29.011710,129.456400,1,1,2,2,0.728960,0.728960,0.728960,0.000000,0.981673,0.190572,0.000000,0.976487,0.215577,20.177370,-4.305708,-0.272432,1,0,18.740890,0.000000
7.410000,4000.000000,-29.053730,129.639000,1,1,2,2,0.713531,0.713531,0.713531,0.000000,0.979819,0.199889,0.000000,0.976783,0.214231,20.947940,-4.202332,-0.192052,1,0,18.741230,0.000000
7.420000,4000.000000,-29.094650,129.821900,1,1,2,2,0.703604,0.703604,0.703604,0.000000,0.976841,0.213968,0.000000,0.976788,0.214208,19.900130,-4.091463,-0.078664,1,0,18.741860,0.000000
7.430000,4000.000000,-29.134560,130.005000,1,1,2,2,0.700822,0.700822,0.700822,0.000000,0.976841,0.213968,0.000000,0.976489,0.215566,17.165380,-3.990923,0.050642,1,0,18.743160,0.000000
7.440000,4000.000000,-29.173730,130.188400,1,1,2,2,0.704850,0.704850,0.704850,0.000000,0.973190,0.230005,0.000000,0.976214,0.216807,13.946640,-3.917228,0.150281,1,0,18.745090,0.000000
7.450000,4000.000000,-29.212480,130.371800,1,1,2,2,0.713039,0.713041,0.713040,0.000000,0.969571,0.244809,0.000000,0.975676,0.219216,10.220910,-3.875062,0.240130,1,0,18.747180,0.000000
7.460000,4000.000000,-29.251170,130.555200,1,1,2,2,0.727339,0.727339,0.727339,0.000000,0.966871,0.255267,0.000000,0.974970,0.222334,5.984682,-3.869349,0.306349,1,0,18.749190,0.000000
7.470000,4000.000000,-29.290220,130.738600,1,1,2,2,0.736397,0.736405,0.736401,0.000000,0.966871,0.255267,0.000000,0.974316,0.225182,3.879156,-3.905004,0.325066,1,0,18.750870,0.000000
7.480000,4000.000000,-29.329840,130.921900,1,1,2,2,0.755189,0.755185,0.755187,0.000000,0.965717,0.259597,0.000000,0.973625,0.228154,0.487029,-3.961172,0.325223,1,0,18.752480,0.000000
7.490000,4000.000000,-29.370340,131.105000,1,1,2,2,0.774196,0.774196,0.774196,0.000000,0.966475,0.256760,0.000000,0.973044,0.230618,0.000000,-4.050334,0.281761,1,0,18.753920,0.000000
7.500000,4000.000000,-29.411780,131.288000,1,1,2,2,0.790958,0.790958,0.790958,0.000000,0.968960,0.247217,0.000000,0.972704,0.232050,0.000000,-4.144153,0.213666,1,0,18.755760,0.000000
7.510000,4000.000000,-29.454160,131.470700,1,1,2,2,0.795064,0.795064,0.795064,0.000000,0.968961,0.247215,0.000000,0.972391,0.233358,0.000000,-4.237886,0.143286,1,0,18.758090,0.000000
7.520000,4000.000000,-29.497470,131.653200,1,1,2,2,0.803559,0.803557,0.803558,0.000000,0.972462,0.233062,0.000000,0.972397,0.233333,0.000000,-4.331533,0.047301,1,0,18.760890,0.000000
7.530000,4000.000000,-29.541730,131.835600,1,1,2,2,0.805113,0.805111,0.805112,0.000000,0.976163,0.217037,0.000000,0.972731,0.231937,1.499279,-4.425099,-0.075077,1,0,18.764180,0.000000
7.540000,4000.000000,-29.586770,132.017800,1,1,2,2,0.799096,0.799097,0.799097,0.000000,0.979293,0.202447,0.000000,0.973332,0.229401,5.819586,-4.504004,-0.204346,1,0,18.767820,0.000000
7.550000,4000.000000,-29.632170,132.199900,1,1,2,2,0.791498,0.791498,0.791498,0.000000,0.979293,0.202446,0.000000,0.973875,0.227083,9.237999,-4.540790,-0.286157,1,0,18.771160,0.000000
7.560000,4000.000000,-29.677620,132.382100,1,1,2,2,0.776426,0.776424,0.776425,0.000000,0.981409,0.191930,0.000000,0.974573,0.224068,13.482800,-4.544229,-0.347150,1,0,18.773860,0.000000
7.570000,4000.000000,-29.722680,132.564300,1,1,2,2,0.757397,0.757397,0.757397,0.000000,0.982205,0.187810,0.000000,0.975283,0.220958,17.424120,-4.506241,-0.367524,1,0,18.775530,0.000000
7.580000,4000.000000,-29.766980,132.746800,1,1,2,2,0.748156,0.748155,0.748155,0.000000,0.982206,0.187807,0.000000,0.975923,0.218113,18.490440,-4.429761,-0.343382,1,0,18.776200,0.000000
7.590000,4000.000000,-29.810410,132.929500,1,1,2,2,0.729301,0.729301,0.729301,0.000000,0.981634,0.190774,0.000000,0.976444,0.215768,20.779900,-4.342839,-0.299009,1,0,18.776550,0.000000
7.600000,4000.000000,-29.852740,133.112400,1,1,2,2,0.713502,0.713505,0.713504,0.000000,0.979715,0.200396,0.000000,0.976736,0.214445,21.455830,-4.233549,-0.212188,1,0,18.776640,0.000000
7.610000,4000.000000,-29.893920,133.295600,1,1,2,2,0.703234,0.703235,0.703234,0.000000,0.976702,0.214602,0.000000,0.976734,0.214454,20.326820,-4.117694,-0.093091,1,0,18.777080,0.000000
7.620000,4000.000000,-29.934050,133.479000,1,1,2,2,0.703391,0.703398,0.703394,0.000000,0.976716,0.214538,0.000000,0.976732,0.214462,17.605790,-4.012967,0.014599,1,0,18.778260,0.000000
7.630000,4000.000000,-29.973400,133.662700,1,1,2,2,0.704198,0.704195,0.704197,0.000000,0.973053,0.230583,0.000000,0.976427,0.215849,14.785890,-3.934907,0.121498,1,0,18.779900,0.000000
7.640000,4000.000000,-30.012240,133.846400,1,1,2,2,0.712264,0.712264,0.712264,0.000000,0.969475,0.245190,0.000000,0.975863,0.218384,10.810050,-3.884498,0.222226,1,0,18.781850,0.000000
7.650000,4000.000000,-30.050970,134.030200,1,1,2,2,0.726570,0.726570,0.726570,0.000000,0.966775,0.255628,0.000000,0.975138,0.221599,6.376005,-3.873006,0.296302,1,0,18.783780,0.000000
7.660000,4000.000000,-30.090020,134.214000,1,1,2,2,0.735777,0.735777,0.735777,0.000000,0.966774,0.255632,0.000000,0.974466,0.224535,4.101583,-3.904828,0.320720,1,0,18.785400,0.000000
7.670000,4000.000000,-30.129610,134.397600,1,1,2,2,0.754670,0.754670,0.754670,0.000000,0.965719,0.259591,0.000000,0.973763,0.227565,0.604664,-3.958819,0.324296,1,0,18.786930,0.000000
7.680000,4000.000000,-30.170080,134.581100,1,1,2,2,0.773872,0.773869,0.773870,0.000000,0.966571,0.256400,0.000000,0.973177,0.230059,0.000000,-4.046833,0.282663,1,0,18.788270,0.000000
7.690000,4000.000000,-30.211490,134.764400,1,1,2,2,0.790880,0.790880,0.790880,0.000000,0.969852,0.243695,0.000000,0.972835,0.231499,0.000000,-4.140651,0.214761,1,0,18.790000,0.000000
7.700000,4000.000000,-30.253830,134.947500,1,1,2,2,0.795024,0.795026,0.795025,0.000000,0.969060,0.246828,0.000000,0.972521,0.232815,0.000000,-4.234382,0.144566,1,0,18.792210,0.000000
7.710000,4000.000000,-30.297110,135.130400,1,1,2,2,0.803748,0.803751,0.803749,0.000000,0.972587,0.232541,0.000000,0.972528,0.232786,0.000000,-4.328028,0.048489,1,0,18.794900,0.000000
7.720000,4000.000000,-30.341330,135.313100,1,1,2,2,0.805508,0.805506,0.805507,0.000000,0.976279,0.216515,0.000000,0.972862,0.231386,1.403066,-4.421592,-0.074021,1,0,18.798070,0.000000
7.730000,4000.000000,-30.386340,135.495600,1,1,2,2,0.801085,0.801084,0.801085,0.000000,0.976293,0.216455,0.000000,0.973165,0.230106,4.854113,-4.501430,-0.180106,1,0,18.801600,0.000000
7.740000,4000.000000,-30.431820,135.678100,1,1,2,2,0.791946,0.791946,0.791946,0.000000,0.979399,0.201936,0.000000,0.973734,0.227686,8.842540,-4.547613,-0.273622,1,0,18.805010,0.000000
7.750000,4000.000000,-30.477370,135.860600,1,1,2,2,0.776844,0.776844,0.776844,0.000000,0.981461,0.191662,0.000000,0.974452,0.224596,13.230490,-4.554900,-0.340122,1,0,18.807770,0.000000
7.760000,4000.000000,-30.522560,136.043200,1,1,2,2,0.757698,0.757698,0.757698,0.000000,0.982206,0.187807,0.000000,0.975174,0.221439,17.281580,-4.519369,-0.364032,1,0,18.809490,0.000000
7.770000,4000.000000,-30.567000,136.225900,1,1,2,2,0.748362,0.748366,0.748364,0.000000,0.982206,0.187807,0.000000,0.975825,0.218551,18.423360,-4.444279,-0.342244,1,0,18.810190,0.000000
7.780000,4000.000000,-30.610580,136.408900,1,1,2,2,0.729394,0.729394,0.729394,0.000000,0.981585,0.191026,0.000000,0.976351,0.216191,20.760270,-4.358008,-0.298928,1,0,18.810540,0.000000
7.790000,4000.000000,-30.653070,136.592200,1,1,2,2,0.713436,0.713437,0.713437,0.000000,0.979612,0.200900,0.000000,0.976642,0.214870,21.469220,-4.248908,-0.212279,1,0,18.810610,0.000000
7.800000,4000.000000,-30.694400,136.775700,1,1,2,2,0.703026,0.703026,0.703026,0.000000,0.953278,0.302096,0.000000,0.976637,0.214893,20.355460,-4.132921,-0.092773,1,0,18.811040,0.000000
7.810000,4000.000000,-30.734680,136.959400,1,1,2,2,0.703225,0.703224,0.703224,0.000000,0.976589,0.215114,0.000000,0.976633,0.214914,17.614050,-4.027913,0.015454,1,0,18.812210,0.000000
7.820000,4000.000000,-30.774180,137.143400,1,1,2,2,0.703916,0.703916,0.703916,0.000000,0.972917,0.231153,0.000000,0.976324,0.216314,14.804440,-3.949770,0.122737,1,0,18.813840,0.000000
7.830000,4000.000000,-30.813170,137.327500,1,1,2,2,0.711913,0.711911,0.711912,0.000000,0.969348,0.245692,0.000000,0.975759,0.218849,10.833780,-3.899174,0.223770,1,0,18.815770,0.000000
7.840000,4000.000000,-30.852050,137.511600,1,1,2,2,0.726179,0.726179,0.726179,0.000000,0.979478,0.201551,0.000000,0.975036,0.222047,6.405508,-3.887441,0.297895,1,0,18.817700,0.000000
7.850000,4000.000000,-30.891240,137.695600,1,1,2,2,0.735385,0.735387,0.735386,0.000000,0.966721,0.255832,0.000000,0.974366,0.224969,4.128223,-3.918962,0.322436,1,0,18.819310,0.000000
7.860000,4000.000000,-30.930960,137.879600,1,1,2,2,0.754251,0.754251,0.754251,0.000000,0.965704,0.259645,0.000000,0.973670,0.227962,0.644308,-3.972677,0.325692,1,0,18.820820,0.000000
7.870000,4000.000000,-30.971570,138.063400,1,1,2,2,0.773459,0.773459,0.773459,0.000000,0.966637,0.256150,0.000000,0.973096,0.230400,0.000000,-4.060287,0.283471,1,0,18.822150,0.000000
7.880000,4000.000000,-31.013110,138.247000,1,1,2,2,0.780339,0.780340,0.780339,0.000000,0.966638,0.256148,0.000000,0.972566,0.232627,0.000000,-4.154085,0.230846,1,0,18.823840,0.000000
7.890000,4000.000000,-31.055580,138.430400,1,1,2,2,0.794486,0.794482,0.794484,0.000000,0.969187,0.246328,0.000000,0.972283,0.233804,0.000000,-4.247795,0.158038,1,0,18.826030,0.000000
7.900000,4000.000000,-31.099000,138.613600,1,1,2,2,0.803167,0.803167,0.803167,0.000000,0.972736,0.231916,0.000000,0.972323,0.233641,0.000000,-4.341418,0.059353,1,0,18.828690,0.000000
7.910000,4000.000000,-31.143350,138.796600,1,1,2,2,0.804861,0.804858,0.804860,0.000000,0.976421,0.215877,0.000000,0.972688,0.232116,1.307312,-4.434961,-0.065601,1,0,18.831830,0.000000
7.920000,4000.000000,-31.188510,138.979500,1,1,2,2,0.800252,0.800253,0.800252,0.000000,0.976420,0.215878,0.000000,0.973019,0.230723,4.871746,-4.515712,-0.174874,1,0,18.835340,0.000000
7.930000,4000.000000,-31.234120,139.162300,1,1,2,2,0.791007,0.791008,0.791007,0.000000,0.979503,0.201431,0.000000,0.973612,0.228210,8.922065,-4.561709,-0.270091,1,0,18.838740,0.000000
7.940000,4000.000000,-31.279800,139.345100,1,1,2,2,0.775780,0.775780,0.775780,0.000000,0.981511,0.191406,0.000000,0.974346,0.225052,13.348530,-4.568212,-0.337227,1,0,18.841470,0.000000
7.950000,4000.000000,-31.325120,139.528000,1,1,2,2,0.756502,0.756502,0.756502,0.000000,0.982206,0.187807,0.000000,0.975079,0.221855,17.415990,-4.531525,-0.360834,1,0,18.843170,0.000000
7.960000,4000.000000,-31.369670,139.711100,1,1,2,2,0.747120,0.747120,0.747120,0.000000,0.982206,0.187807,0.000000,0.975740,0.218931,18.553000,-4.455121,-0.338504,1,0,18.843850,0.000000
7.970000,4000.000000,-31.413350,139.894400,1,1,2,2,0.728081,0.728081,0.728081,0.000000,0.981534,0.191286,0.000000,0.976269,0.216560,20.876560,-4.367584,-0.294159,1,0,18.844180,0.000000
7.980000,4000.000000,-31.455920,140.078000,1,1,2,2,0.712123,0.712123,0.712123,0.000000,0.979529,0.201301,0.000000,0.976559,0.215249,21.553540,-4.257348,-0.206227,1,0,18.844250,0.000000
7.990000,4000.000000,-31.497330,140.261800,1,1,2,2,0.701726,0.701726,0.701726,0.000000,0.976204,0.216854,0.000000,0.976550,0.215289,20.407750,-4.140541,-0.085537,1,0,18.844690,0.000000
8.000000,4000.000000,-31.537680,140.445900,1,1,2,2,0.702034,0.702036,0.702035,0.000000,0.976447,0.215759,0.000000,0.976542,0.215326,17.625450,-4.035025,0.023525,1,0,18.845880,0.000000
8.010000,4000.000000,-31.577240,140.630200,1,1,2,2,0.702805,0.702805,0.702805,0.000000,0.972768,0.231783,0.000000,0.976229,0.216740,14.790290,-3.956773,0.131267,1,0,18.847530,0.000000
8.020000,4000.000000,-31.616310,140.814600,1,1,2,2,0.710904,0.710904,0.710904,0.000000,0.969219,0.246200,0.000000,0.975661,0.219281,10.799390,-3.906315,0.232366,1,0,18.849470,0.000000
8.030000,4000.000000,-31.655260,140.999000,1,1,2,2,0.718557,0.718557,0.718557,0.000000,0.969218,0.246204,0.000000,0.975137,0.221602,7.993402,-3.894914,0.289298,1,0,18.851380,0.000000
8.040000,4000.000000,-31.694370,141.183400,1,1,2,2,0.734719,0.734717,0.734718,0.000000,0.966653,0.256091,0.000000,0.974455,0.224584,4.035757,-3.910934,0.330976,1,0,18.853130,0.000000
8.050000,4000.000000,-31.734020,141.367800,1,1,2,2,0.753791,0.753791,0.753791,0.000000,0.965703,0.259649,0.000000,0.973752,0.227611,0.519315,-3.965549,0.334030,1,0,18.854510,0.000000
8.059999,4000.000000,-31.774570,141.551900,1,1,2,2,0.773182,0.773182,0.773182,0.000000,0.966675,0.256008,0.000000,0.973177,0.230056,0.000000,-4.054376,0.290779,1,0,18.855680,0.000000
8.070000,4000.000000,-31.816050,141.735900,1,1,2,2,0.780165,0.780167,0.780166,0.000000,0.966674,0.256012,0.000000,0.972646,0.232291,0.000000,-4.148175,0.238358,1,0,18.857260,0.000000
8.080000,4000.000000,-31.858470,141.919600,1,1,2,2,0.794408,0.794410,0.794409,0.000000,0.969315,0.245823,0.000000,0.972367,0.233458,0.000000,-4.241884,0.165368,1,0,18.859310,0.000000
8.090000,4000.000000,-31.901820,142.103200,1,1,2,2,0.803153,0.803153,0.803153,0.000000,0.972885,0.231290,0.000000,0.972411,0.233272,0.000000,-4.335508,0.066241,1,0,18.861850,0.000000
8.099999,4000.000000,-31.946110,142.286600,1,1,2,2,0.804868,0.804867,0.804867,0.000000,0.976532,0.215374,0.000000,0.972780,0.231729,1.145690,-4.429050,-0.059154,1,0,18.864860,0.000000
8.110000,4000.000000,-31.991230,142.469800,1,1,2,2,0.800261,0.800263,0.800262,0.000000,0.976534,0.215363,0.000000,0.973115,0.230317,4.760315,-4.511372,-0.170447,1,0,18.868260,0.000000
8.120000,4000.000000,-32.036810,142.652900,1,1,2,2,0.790988,0.790988,0.790988,0.000000,0.979585,0.201031,0.000000,0.973708,0.227798,8.848842,-4.558447,-0.266985,1,0,18.871560,0.000000
8.130000,4000.000000,-32.082470,142.836000,1,1,2,2,0.775720,0.775718,0.775719,0.000000,0.981561,0.191149,0.000000,0.974438,0.224655,13.297220,-4.565652,-0.334696,1,0,18.874210,0.000000
8.139999,4000.000000,-32.127770,143.019300,1,1,2,2,0.756420,0.756420,0.756420,0.000000,0.966961,0.254925,0.000000,0.975162,0.221492,17.367330,-4.529449,-0.358261,1,0,18.875820,0.000000
8.150000,4000.000000,-32.172300,143.202700,1,1,2,2,0.747120,0.747120,0.747120,0.000000,0.982207,0.187802,0.000000,0.975815,0.218599,18.488910,-4.453502,-0.335911,1,0,18.876430,0.000000
8.160000,4000.000000,-32.215970,143.386400,1,1,2,2,0.728162,0.728165,0.728164,0.000000,0.981462,0.191659,0.000000,0.976331,0.216279,20.791400,-4.366572,-0.291324,1,0,18.876690,0.000000
8.170000,4000.000000,-32.258540,143.570300,1,1,2,2,0.712323,0.712323,0.712323,0.000000,0.979425,0.201807,0.000000,0.976607,0.215032,21.438270,-4.257150,-0.203036,1,0,18.876710,0.000000
8.179999,4000.000000,-32.299960,143.754400,1,1,2,2,0.702119,0.702121,0.702120,0.000000,0.979425,0.201809,0.000000,0.976583,0.215142,20.252650,-4.141453,-0.082159,1,0,18.877100,0.000000
8.190000,4000.000000,-32.340330,143.938900,1,1,2,2,0.702594,0.702594,0.702594,0.000000,0.976320,0.216332,0.000000,0.976560,0.215242,17.448680,-4.037439,0.026578,1,0,18.878240,0.000000
8.200000,4000.000000,-32.379940,144.123500,1,1,2,2,0.703576,0.703577,0.703576,0.000000,0.972645,0.232295,0.000000,0.976235,0.216715,14.590360,-3.960901,0.133711,1,0,18.879820,0.000000
8.210000,4000.000000,-32.419060,144.308200,1,1,2,2,0.711861,0.711866,0.711863,0.000000,0.969091,0.246703,0.000000,0.975658,0.219298,10.593140,-3.912386,0.233706,1,0,18.881700,0.000000
8.220000,4000.000000,-32.458090,144.492900,1,1,2,2,0.719607,0.719607,0.719607,0.000000,0.969106,0.246643,0.000000,0.975124,0.221658,7.801788,-3.902987,0.289398,1,0,18.883530,0.000000
8.230000,4000.000000,-32.497300,144.677700,1,1,2,2,0.735884,0.735884,0.735884,0.000000,0.966574,0.256388,0.000000,0.974438,0.224657,3.859672,-3.920863,0.329617,1,0,18.885190,0.000000
8.240000,4000.000000,-32.537070,144.862300,1,1,2,2,0.755004,0.755002,0.755003,0.000000,0.965703,0.259649,0.000000,0.973737,0.227677,0.380201,-3.977180,0.330867,1,0,18.886500,0.000000
8.250000,4000.000000,-32.577740,145.046800,1,1,2,2,0.774354,0.774354,0.774354,0.000000,0.966771,0.255643,0.000000,0.973168,0.230093,0.000000,-4.067345,0.285732,1,0,18.887630,0.000000
8.260000,4000.000000,-32.619350,145.231000,1,1,2,2,0.781229,0.781229,0.781229,0.000000,0.966770,0.255648,0.000000,0.972644,0.232300,0.000000,-4.161126,0.232863,1,0,18.889180,0.000000
8.270000,4000.000000,-32.661900,145.415100,1,1,2,2,0.795315,0.795315,0.795315,0.000000,0.969425,0.245386,0.000000,0.972375,0.233425,0.000000,-4.254818,0.159095,1,0,18.891210,0.000000
8.280000,4000.000000,-32.705390,145.598900,1,1,2,2,0.803841,0.803839,0.803840,0.000000,0.973008,0.230770,0.000000,0.972430,0.233192,0.000000,-4.348424,0.059043,1,0,18.893720,0.000000
8.290000,4000.000000,-32.749810,145.782600,1,1,2,2,0.805269,0.805271,0.805270,0.000000,0.976674,0.214726,0.000000,0.972810,0.231605,1.275504,-4.441950,-0.067233,1,0,18.896710,0.000000
8.300000,4000.000000,-32.795040,145.966100,1,1,2,2,0.800503,0.800501,0.800502,0.000000,0.976673,0.214733,0.000000,0.973154,0.230154,4.907093,-4.522991,-0.178030,1,0,18.900060,0.000000
8.309999,4000.000000,-32.840720,146.149500,1,1,2,2,0.790973,0.790973,0.790973,0.000000,0.979687,0.200532,0.000000,0.973752,0.227610,9.019192,-4.568620,-0.273671,1,0,18.903290,0.000000
8.320000,4000.000000,-32.886460,146.333000,1,1,2,2,0.775496,0.775497,0.775497,0.000000,0.981633,0.190782,0.000000,0.974483,0.224461,13.467470,-4.574147,-0.339887,1,0,18.905850,0.000000
8.330000,4000.000000,-32.931830,146.516500,1,1,2,2,0.756067,0.756067,0.756067,0.000000,0.972946,0.231033,0.000000,0.975202,0.221315,17.512600,-4.536266,-0.361516,1,0,18.907350,0.000000
8.340000,4000.000000,-32.976420,146.700300,1,1,2,2,0.746773,0.746771,0.746772,0.000000,0.982204,0.187816,0.000000,0.975851,0.218438,18.591620,-4.458883,-0.337498,1,0,18.907850,0.000000
8.349999,4000.000000,-33.020130,146.884200,1,1,2,2,0.727857,0.727857,0.727857,0.000000,0.981433,0.191804,0.000000,0.976359,0.216156,20.844370,-4.370934,-0.291220,1,0,18.908030,0.000000
8.360000,4000.000000,-33.062740,147.068400,1,1,2,2,0.712175,0.712175,0.712175,0.000000,0.979319,0.202321,0.000000,0.976622,0.214962,21.424920,-4.260979,-0.201429,1,0,18.907980,0.000000
8.370000,4000.000000,-33.104190,147.252900,1,1,2,2,0.702214,0.702214,0.702214,0.000000,0.979320,0.202318,0.000000,0.976585,0.215129,20.171380,-4.145400,-0.079580,1,0,18.908320,0.000000
8.380000,4000.000000,-33.144610,147.437600,1,1,2,2,0.702821,0.702821,0.702821,0.000000,0.976193,0.216904,0.000000,0.976552,0.215281,17.338360,-4.042170,0.029353,1,0,18.909410,0.000000
8.389999,4000.000000,-33.184280,147.622500,1,1,2,2,0.704099,0.704093,0.704096,0.000000,0.972493,0.232932,0.000000,0.976216,0.216800,14.431070,-3.966701,0.136333,1,0,18.910950,0.000000
8.400000,4000.000000,-33.223470,147.807600,1,1,2,2,0.712664,0.712666,0.712665,0.000000,0.968992,0.247091,0.000000,0.975631,0.219416,10.405140,-3.919732,0.235443,1,0,18.912770,0.000000
8.410000,4000.000000,-33.262590,147.992600,1,1,2,2,0.720483,0.720483,0.720483,0.000000,0.969008,0.247031,0.000000,0.975091,0.221805,7.631073,-3.912158,0.289904,1,0,18.914540,0.000000
8.420000,4000.000000,-33.301910,148.177700,1,1,2,2,0.736907,0.736907,0.736907,0.000000,0.966506,0.256646,0.000000,0.974401,0.224814,3.698161,-3.931687,0.328698,1,0,18.916140,0.000000
8.429999,4000.000000,-33.341800,148.362600,1,1,2,2,0.756086,0.756084,0.756085,0.000000,0.965703,0.259649,0.000000,0.973703,0.227818,0.253193,-3.989563,0.328139,1,0,18.917390,0.000000
8.440000,4000.000000,-33.382610,148.547300,1,1,2,2,0.775356,0.775356,0.775356,0.000000,0.966840,0.255381,0.000000,0.973144,0.230198,0.000000,-4.080949,0.281109,1,0,18.918480,0.000000
8.450000,4000.000000,-33.424360,148.731900,1,1,2,2,0.782123,0.782117,0.782120,0.000000,0.966837,0.255393,0.000000,0.972627,0.232371,0.000000,-4.174712,0.227667,1,0,18.920010,0.000000
8.460000,4000.000000,-33.467040,148.916200,1,1,2,2,0.795963,0.795963,0.795963,0.000000,0.969553,0.244882,0.000000,0.972369,0.233448,0.000000,-4.268386,0.153003,1,0,18.922020,0.000000
8.470000,4000.000000,-33.510670,149.100300,1,1,2,2,0.804164,0.804162,0.804163,0.000000,0.973158,0.230139,0.000000,0.972437,0.233163,0.000000,-4.361974,0.051930,1,0,18.924510,0.000000
8.480000,4000.000000,-33.555220,149.284300,1,1,2,2,0.805208,0.805206,0.805207,0.000000,0.976814,0.214092,0.000000,0.972828,0.231528,1.489430,-4.455482,-0.075329,1,0,18.927480,0.000000
8.490000,4000.000000,-33.600570,149.468100,1,1,2,2,0.800274,0.800274,0.800274,0.000000,0.976800,0.214153,0.000000,0.973182,0.230033,5.119791,-4.534424,-0.184889,1,0,18.930790,0.000000
8.500000,4000.000000,-33.646350,149.651800,1,1,2,2,0.790406,0.790406,0.790406,0.000000,0.979793,0.200014,0.000000,0.973787,0.227459,9.255987,-4.577966,-0.279048,1,0,18.933940,0.000000
8.510000,4000.000000,-33.692160,149.835600,1,1,2,2,0.774672,0.774673,0.774673,0.000000,0.981660,0.190641,0.000000,0.974519,0.224303,13.697120,-4.581170,-0.343127,1,0,18.936400,0.000000
8.520000,4000.000000,-33.737570,150.019400,1,1,2,2,0.755122,0.755122,0.755122,0.000000,0.966885,0.255212,0.000000,0.975234,0.221173,17.701200,-4.541034,-0.362247,1,0,18.937790,0.000000
8.530000,4000.000000,-33.782180,150.203500,1,1,2,2,0.745864,0.745866,0.745865,0.000000,0.982205,0.187810,0.000000,0.975879,0.218310,18.721500,-4.461796,-0.336150,1,0,18.938200,0.000000
8.540000,4000.000000,-33.825910,150.387700,1,1,2,2,0.727052,0.727052,0.727052,0.000000,0.981372,0.192118,0.000000,0.976379,0.216063,20.908410,-4.372566,-0.287978,1,0,18.938300,0.000000
8.550000,4000.000000,-33.868530,150.572300,1,1,2,2,0.711605,0.711607,0.711606,0.000000,0.979238,0.202713,0.000000,0.976632,0.214918,21.407240,-4.261975,-0.196624,1,0,18.938200,0.000000
8.559999,4000.000000,-33.910000,150.757000,1,1,2,2,0.702012,0.702012,0.702012,0.000000,0.979238,0.202715,0.000000,0.976583,0.215140,20.065010,-4.146560,-0.073879,1,0,18.938520,0.000000
8.570000,4000.000000,-33.950440,150.942100,1,1,2,2,0.702779,0.702779,0.702779,0.000000,0.976066,0.217476,0.000000,0.976538,0.215344,17.205330,-4.044362,0.034972,1,0,18.939600,0.000000
8.580000,4000.000000,-33.990140,151.127300,1,1,2,2,0.704458,0.704458,0.704458,0.000000,0.972373,0.233435,0.000000,0.976192,0.216908,14.235530,-3.970187,0.141539,1,0,18.941100,0.000000
8.590000,4000.000000,-34.029390,151.312600,1,1,2,2,0.713400,0.713400,0.713400,0.000000,0.968895,0.247474,0.000000,0.975600,0.219552,10.175110,-3.925122,0.239342,1,0,18.942870,0.000000
8.599999,4000.000000,-34.068590,151.497900,1,1,2,2,0.721301,0.721301,0.721301,0.000000,0.968881,0.247528,0.000000,0.975053,0.221968,7.428645,-3.919784,0.292098,1,0,18.944570,0.000000
8.610000,4000.000000,-34.108000,151.683200,1,1,2,2,0.737951,0.737945,0.737948,0.000000,0.966453,0.256843,0.000000,0.974362,0.224984,3.500663,-3.941278,0.329089,1,0,18.946100,0.000000
8.620000,4000.000000,-34.148010,151.868400,1,1,2,2,0.757180,0.757183,0.757181,0.000000,0.965733,0.259538,0.000000,0.973667,0.227971,0.100797,-4.001066,0.326329,1,0,18.947290,0.000000
8.630000,4000.000000,-34.188950,152.053500,1,1,2,2,0.776354,0.776352,0.776353,0.000000,0.966937,0.255017,0.000000,0.973116,0.230313,0.000000,-4.093919,0.277105,1,0,18.948340,0.000000
8.639999,4000.000000,-34.230830,152.238300,1,1,2,2,0.783004,0.783004,0.783004,0.000000,0.966922,0.255073,0.000000,0.972608,0.232451,0.000000,-4.187665,0.223055,1,0,18.949850,0.000000
8.650000,4000.000000,-34.273640,152.422900,1,1,2,2,0.796544,0.796546,0.796545,0.000000,0.969679,0.244383,0.000000,0.972362,0.233478,0.000000,-4.281322,0.147463,1,0,18.951840,0.000000
8.660000,4000.000000,-34.317390,152.607300,1,1,2,2,0.804330,0.804330,0.804330,0.000000,0.973308,0.229502,0.000000,0.972442,0.233139,0.000000,-4.374893,0.045331,1,0,18.954310,0.000000
8.670000,4000.000000,-34.362080,152.791500,1,1,2,2,0.804898,0.804896,0.804897,0.000000,0.976926,0.213580,0.000000,0.972844,0.231457,1.734395,-4.468383,-0.082892,1,0,18.957250,0.000000
8.679999,4000.000000,-34.407530,152.975600,1,1,2,2,0.799816,0.799817,0.799816,0.000000,0.976926,0.213580,0.000000,0.973209,0.229919,5.352100,-4.544925,-0.190875,1,0,18.960520,0.000000
8.690000,4000.000000,-34.453390,153.159600,1,1,2,2,0.789540,0.789542,0.789541,0.000000,0.979884,0.199570,0.000000,0.973820,0.227316,9.519522,-4.586190,-0.283350,1,0,18.963590,0.000000
8.700000,4000.000000,-34.499260,153.343700,1,1,2,2,0.773515,0.773513,0.773514,0.000000,0.981709,0.190390,0.000000,0.974553,0.224153,13.953500,-4.586811,-0.345028,1,0,18.965940,0.000000
8.710000,4000.000000,-34.544700,153.527800,1,1,2,2,0.753848,0.753848,0.753848,0.000000,0.982205,0.187813,0.000000,0.975265,0.221038,17.909310,-4.544161,-0.361381,1,0,18.967220,0.000000
8.720000,4000.000000,-34.589320,153.712200,1,1,2,2,0.744642,0.744642,0.744642,0.000000,0.982194,0.187872,0.000000,0.975906,0.218189,18.863550,-4.462880,-0.333022,1,0,18.967540,0.000000
8.730000,4000.000000,-34.633050,153.896700,1,1,2,2,0.725977,0.725977,0.725977,0.000000,0.981308,0.192443,0.000000,0.976398,0.215978,20.972810,-4.372252,-0.282809,1,0,18.967580,0.000000
8.740000,4000.000000,-34.675660,154.081600,1,1,2,2,0.710878,0.710877,0.710877,0.000000,0.979135,0.203212,0.000000,0.976640,0.214881,21.370720,-4.261023,-0.189911,1,0,18.967450,0.000000
8.750000,4000.000000,-34.717120,154.266600,1,1,2,2,0.701739,0.701735,0.701737,0.000000,0.960738,0.277458,0.000000,0.976578,0.215159,19.928970,-4.145957,-0.066455,1,0,18.967760,0.000000
8.760000,4000.000000,-34.757570,154.452000,1,1,2,2,0.702677,0.702677,0.702677,0.000000,0.975934,0.218069,0.000000,0.976522,0.215413,17.047350,-4.045084,0.042018,1,0,18.968820,0.000000
8.770000,4000.000000,-34.797290,154.637500,1,1,2,2,0.704872,0.704875,0.704873,0.000000,0.972205,0.234132,0.000000,0.976166,0.217021,14.001300,-3.972449,0.147908,1,0,18.970300,0.000000
8.780000,4000.000000,-34.836590,154.823100,1,1,2,2,0.714269,0.714269,0.714269,0.000000,0.968765,0.247981,0.000000,0.975568,0.219695,9.901499,-3.929666,0.244016,1,0,18.972020,0.000000
8.790000,4000.000000,-34.875860,155.008700,1,1,2,2,0.729630,0.729630,0.729630,0.000000,0.983635,0.180173,0.000000,0.974834,0.222927,5.480211,-3.926991,0.309979,1,0,18.973650,0.000000
8.800000,4000.000000,-34.915530,155.194300,1,1,2,2,0.738985,0.738989,0.738987,0.000000,0.966374,0.257140,0.000000,0.974155,0.225878,3.380383,-3.967479,0.326335,1,0,18.974920,0.000000
8.809999,4000.000000,-34.955820,155.379700,1,1,2,2,0.758143,0.758143,0.758143,0.000000,0.965735,0.259530,0.000000,0.973476,0.228785,0.060625,-4.028416,0.320935,1,0,18.976140,0.000000
8.820000,4000.000000,-34.997040,155.564900,1,1,2,2,0.777022,0.777022,0.777022,0.000000,0.966976,0.254867,0.000000,0.972946,0.231030,0.000000,-4.121629,0.269535,1,0,18.977240,0.000000
8.830000,4000.000000,-35.039190,155.750000,1,1,2,2,0.783979,0.783981,0.783980,0.000000,0.966989,0.254819,0.000000,0.972418,0.233243,0.000000,-4.215343,0.217034,1,0,18.978810,0.000000
8.840000,4000.000000,-35.082280,155.934800,1,1,2,2,0.796433,0.796433,0.796433,0.000000,0.969822,0.243813,0.000000,0.972198,0.234158,0.000000,-4.308967,0.139313,1,0,18.980860,0.000000
8.849999,4000.000000,-35.126300,156.119500,1,1,2,2,0.803547,0.803546,0.803547,0.000000,0.973429,0.228989,0.000000,0.972306,0.233710,0.000000,-4.402506,0.035061,1,0,18.983390,0.000000
8.860000,4000.000000,-35.171260,156.304000,1,1,2,2,0.803400,0.803402,0.803401,0.000000,0.977063,0.212951,0.000000,0.972732,0.231930,2.307796,-4.495965,-0.095102,1,0,18.986390,0.000000
8.870000,4000.000000,-35.216930,156.488300,1,1,2,2,0.798046,0.798046,0.798046,0.000000,0.977052,0.213003,0.000000,0.973119,0.230302,5.876212,-4.566898,-0.199127,1,0,18.989650,0.000000
8.880000,4000.000000,-35.262970,156.672600,1,1,2,2,0.787201,0.787202,0.787202,0.000000,0.979964,0.199176,0.000000,0.973748,0.227629,10.051580,-4.603041,-0.287815,1,0,18.992660,0.000000
8.889999,4000.000000,-35.308950,156.856900,1,1,2,2,0.770762,0.770758,0.770760,0.000000,0.981760,0.190126,0.000000,0.974493,0.224418,14.452450,-4.598467,-0.345178,1,0,18.994910,0.000000
8.900000,4000.000000,-35.354460,157.041300,1,1,2,2,0.750932,0.750934,0.750933,0.000000,0.982181,0.187936,0.000000,0.975209,0.221286,18.323070,-4.550946,-0.356966,1,0,18.996090,0.000000
8.910000,4000.000000,-35.399120,157.225900,1,1,2,2,0.741767,0.741767,0.741767,0.000000,0.982181,0.187936,0.000000,0.975854,0.218422,19.176560,-4.465627,-0.324858,1,0,18.996340,0.000000
8.920000,4000.000000,-35.442840,157.410800,1,1,2,2,0.723293,0.723295,0.723294,0.000000,0.981247,0.192757,0.000000,0.976345,0.216216,21.171480,-4.371945,-0.271459,1,0,18.996360,0.000000
8.929999,4000.000000,-35.485420,157.595900,1,1,2,2,0.708603,0.708603,0.708603,0.000000,0.979050,0.203619,0.000000,0.976582,0.215142,21.436200,-4.258781,-0.176181,1,0,18.996260,0.000000
8.940000,4000.000000,-35.526860,157.781300,1,1,2,2,0.700043,0.700043,0.700043,0.000000,0.975795,0.218689,0.000000,0.976515,0.215448,19.859800,-4.143084,-0.051514,1,0,18.996620,0.000000
8.950000,4000.000000,-35.567280,157.966900,1,1,2,2,0.701190,0.701190,0.701190,0.000000,0.975795,0.218689,0.000000,0.976452,0.215728,16.945390,-4.042895,0.056776,1,0,18.997750,0.000000
8.960000,4000.000000,-35.606990,158.152700,1,1,2,2,0.704020,0.704020,0.704020,0.000000,0.972068,0.234700,0.000000,0.976091,0.217360,13.798110,-3.971263,0.162148,1,0,18.999260,0.000000
8.970000,4000.000000,-35.646300,158.338600,1,1,2,2,0.713989,0.713991,0.713990,0.000000,0.968640,0.248467,0.000000,0.975489,0.220043,9.639628,-3.930468,0.256469,1,0,19.000970,0.000000
8.980000,4000.000000,-35.685600,158.524500,1,1,2,2,0.729754,0.729754,0.729754,0.000000,0.939771,0.341806,0.000000,0.974757,0.223263,5.214221,-3.930348,0.319694,1,0,19.002550,0.000000
8.990000,4000.000000,-35.725330,158.710400,1,1,2,2,0.739173,0.739173,0.739173,0.000000,0.966323,0.257333,0.000000,0.974079,0.226204,3.172528,-3.973425,0.333282,1,0,19.003740,0.000000
9.000000,4000.000000,-35.765700,158.896100,1,1,2,2,0.758431,0.758431,0.758431,0.000000,0.965738,0.259518,0.000000,0.973407,0.229079,0.000000,-4.036376,0.325260,1,0,19.004900,0.000000
9.010000,4000.000000,-35.807000,159.081600,1,1,2,2,0.777182,0.777180,0.777181,0.000000,0.967070,0.254511,0.000000,0.972889,0.231272,0.000000,-4.130166,0.272303,1,0,19.005950,0.000000
9.020000,4000.000000,-35.849240,159.266900,1,1,2,2,0.792936,0.792934,0.792935,0.000000,0.969725,0.244198,0.000000,0.972641,0.232313,0.000000,-4.223866,0.196974,1,0,19.007480,0.000000
9.030000,4000.000000,-35.892410,159.452000,1,1,2,2,0.796108,0.796108,0.796108,0.000000,0.969936,0.243359,0.000000,0.972413,0.233265,0.000000,-4.317481,0.119984,1,0,19.009490,0.000000
9.040000,4000.000000,-35.936520,159.637000,1,1,2,2,0.802674,0.802674,0.802674,0.000000,0.973577,0.228358,0.000000,0.972514,0.232843,0.000000,-4.411010,0.016240,1,0,19.011980,0.000000
9.050000,4000.000000,-35.981570,159.821700,1,1,2,2,0.801920,0.801920,0.801920,0.000000,0.977177,0.212426,0.000000,0.972933,0.231088,3.036097,-4.504458,-0.113490,1,0,19.014940,0.000000
9.059999,4000.000000,-36.027250,160.006300,1,1,2,2,0.793609,0.793608,0.793608,0.000000,0.994415,0.105539,0.000000,0.973588,0.228310,7.520328,-4.568291,-0.232758,1,0,19.018070,0.000000
9.070000,4000.000000,-36.073140,160.190900,1,1,2,2,0.785323,0.785323,0.785323,0.000000,0.980055,0.198726,0.000000,0.974181,0.225769,10.760430,-4.588399,-0.302476,1,0,19.020670,0.000000
9.080000,4000.000000,-36.118900,160.375500,1,1,2,2,0.768796,0.768798,0.768797,0.000000,0.981785,0.189997,0.000000,0.974887,0.222698,14.932950,-4.576889,-0.350108,1,0,19.022580,0.000000
9.090000,4000.000000,-36.164150,160.560300,1,1,2,2,0.749136,0.749136,0.749136,0.000000,0.982180,0.187942,0.000000,0.975563,0.219719,18.581250,-4.524645,-0.354219,1,0,19.023450,0.000000
9.099999,4000.000000,-36.208520,160.745300,1,1,2,2,0.740328,0.740328,0.740328,0.000000,0.982180,0.187942,0.000000,0.976173,0.216994,19.239870,-4.436765,-0.316908,1,0,19.023480,0.000000
9.110000,4000.000000,-36.251940,160.930500,1,1,2,2,0.722381,0.722378,0.722380,0.000000,0.981197,0.193011,0.000000,0.976628,0.214936,21.054290,-4.342429,-0.260078,1,0,19.023350,0.000000
9.120000,4000.000000,-36.294250,161.116000,1,1,2,2,0.708439,0.708444,0.708441,0.000000,0.978921,0.204240,0.000000,0.976830,0.214016,21.139180,-4.230374,-0.163036,1,0,19.023150,0.000000
9.130000,4000.000000,-36.335420,161.301700,1,1,2,2,0.700778,0.700777,0.700778,0.000000,0.975654,0.219314,0.000000,0.976731,0.214469,19.404690,-4.117548,-0.038517,1,0,19.023450,0.000000
9.139999,4000.000000,-36.375640,161.487700,1,1,2,2,0.702315,0.702313,0.702314,0.000000,0.975667,0.219258,0.000000,0.976640,0.214882,16.469300,-4.021782,0.067802,1,0,19.024490,0.000000
9.150000,4000.000000,-36.415190,161.673800,1,1,2,2,0.706018,0.706016,0.706017,0.000000,0.971945,0.235209,0.000000,0.976252,0.216637,13.223640,-3.954784,0.170812,1,0,19.025880,0.000000
9.160000,4000.000000,-36.454380,161.859900,1,1,2,2,0.716729,0.716730,0.716729,0.000000,0.968512,0.248966,0.000000,0.975630,0.219420,9.025009,-3.919588,0.261385,1,0,19.027430,0.000000
9.170000,4000.000000,-36.493640,162.046100,1,1,2,2,0.733025,0.733025,0.733025,0.000000,0.966273,0.257520,0.000000,0.974884,0.222713,4.620612,-3.925457,0.319940,1,0,19.028810,0.000000
9.179999,4000.000000,-36.533380,162.232200,1,1,2,2,0.742542,0.742544,0.742543,0.000000,0.966272,0.257525,0.000000,0.974192,0.225720,2.675376,-3.974316,0.328948,1,0,19.029820,0.000000
9.190000,4000.000000,-36.573800,162.418200,1,1,2,2,0.761915,0.761914,0.761915,0.000000,0.965770,0.259400,0.000000,0.973513,0.228631,0.000000,-4.042103,0.316726,1,0,19.030830,0.000000
9.200000,4000.000000,-36.615160,162.604000,1,1,2,2,0.780510,0.780506,0.780508,0.000000,0.967168,0.254138,0.000000,0.972993,0.230835,0.000000,-4.135885,0.264047,1,0,19.031840,0.000000
9.210000,4000.000000,-36.657460,162.789500,1,1,2,2,0.795856,0.795856,0.795856,0.000000,0.970047,0.242917,0.000000,0.972747,0.231871,0.000000,-4.229577,0.188616,1,0,19.033330,0.000000
9.220000,4000.000000,-36.700690,162.974900,1,1,2,2,0.798938,0.798938,0.798938,0.000000,0.970064,0.242849,0.000000,0.972521,0.232817,0.000000,-4.323183,0.111536,1,0,19.035290,0.000000
9.230000,4000.000000,-36.744850,163.160100,1,1,2,2,0.804887,0.804891,0.804889,0.000000,0.973725,0.227726,0.000000,0.972624,0.232382,0.000000,-4.416703,0.007530,1,0,19.037730,0.000000
9.240000,4000.000000,-36.789960,163.345100,1,1,2,2,0.803450,0.803446,0.803448,0.000000,0.977290,0.211907,0.000000,0.973044,0.230618,2.985296,-4.510143,-0.122416,1,0,19.040650,0.000000
9.250000,4000.000000,-36.835700,163.529900,1,1,2,2,0.794520,0.794522,0.794521,0.000000,0.980155,0.198233,0.000000,0.973698,0.227843,7.593314,-4.574458,-0.242201,1,0,19.043720,0.000000
9.260000,4000.000000,-36.881640,163.714800,1,1,2,2,0.786151,0.786148,0.786150,0.000000,0.980156,0.198226,0.000000,0.974288,0.225305,10.830750,-4.593838,-0.311196,1,0,19.046230,0.000000
9.270000,4000.000000,-36.927450,163.899700,1,1,2,2,0.769224,0.769223,0.769224,0.000000,0.981834,0.189741,0.000000,0.974988,0.222257,15.048350,-4.581623,-0.357758,1,0,19.048030,0.000000
9.280000,4000.000000,-36.972730,164.084700,1,1,2,2,0.749437,0.749438,0.749438,0.000000,0.982179,0.187948,0.000000,0.975653,0.219320,18.671310,-4.528231,-0.359957,1,0,19.048780,0.000000
9.290000,4000.000000,-37.017130,164.269900,1,1,2,2,0.729718,0.729718,0.729718,0.000000,0.967883,0.251401,0.000000,0.976151,0.217091,21.030300,-4.439449,-0.312143,1,0,19.048690,0.000000
9.300000,4000.000000,-37.060410,164.455400,1,1,2,2,0.723128,0.723128,0.723128,0.000000,0.981131,0.193343,0.000000,0.976602,0.215053,20.344430,-4.327631,-0.237083,1,0,19.048350,0.000000
9.309999,4000.000000,-37.102630,164.641200,1,1,2,2,0.709797,0.709790,0.709794,0.000000,0.978814,0.204751,0.000000,0.976797,0.214167,20.482420,-4.222522,-0.146516,1,0,19.048310,0.000000
9.320000,4000.000000,-37.143790,164.827200,1,1,2,2,0.702858,0.702859,0.702858,0.000000,0.975536,0.219841,0.000000,0.976689,0.214659,18.761760,-4.116121,-0.027798,1,0,19.048690,0.000000
9.330000,4000.000000,-37.184060,165.013400,1,1,2,2,0.703500,0.703500,0.703500,0.000000,0.969819,0.243826,0.000000,0.976286,0.216482,15.457610,-4.026638,0.099591,1,0,19.049740,0.000000
9.340000,4000.000000,-37.223750,165.199700,1,1,2,2,0.708849,0.708851,0.708850,0.000000,0.971820,0.235724,0.000000,0.975916,0.218147,12.210670,-3.969560,0.190803,1,0,19.051270,0.000000
9.349999,4000.000000,-37.263200,165.386100,1,1,2,2,0.720002,0.720002,0.720002,0.000000,0.968443,0.249235,0.000000,0.975311,0.220836,8.229494,-3.944272,0.269522,1,0,19.052840,0.000000
9.360000,4000.000000,-37.302780,165.572500,1,1,2,2,0.736473,0.736473,0.736473,0.000000,0.966205,0.257774,0.000000,0.974584,0.224023,4.041190,-3.957898,0.318177,1,0,19.054210,0.000000
9.370000,4000.000000,-37.342900,165.758800,1,1,2,2,0.755984,0.755984,0.755984,0.000000,0.980796,0.195037,0.000000,0.973877,0.227076,0.416374,-4.012380,0.322407,1,0,19.055230,0.000000
9.380000,4000.000000,-37.383920,165.944900,1,1,2,2,0.764637,0.764631,0.764634,0.000000,0.965785,0.259344,0.000000,0.973223,0.229864,0.000000,-4.102133,0.285322,1,0,19.056070,0.000000
9.389999,4000.000000,-37.425880,166.130800,1,1,2,2,0.782468,0.782470,0.782469,0.000000,0.967268,0.253757,0.000000,0.972731,0.231934,0.000000,-4.195853,0.230131,1,0,19.057310,0.000000
9.400000,4000.000000,-37.468770,166.316500,1,1,2,2,0.796783,0.796780,0.796782,0.000000,0.970202,0.242297,0.000000,0.972517,0.232831,0.000000,-4.289484,0.152080,1,0,19.059030,0.000000
9.410000,4000.000000,-37.512600,166.502000,1,1,2,2,0.805411,0.805411,0.805411,0.000000,0.987496,0.157646,0.000000,0.972634,0.232341,0.000000,-4.383029,0.046947,1,0,19.061230,0.000000
9.420000,4000.000000,-37.557370,166.687300,1,1,2,2,0.803909,0.803906,0.803908,0.000000,0.973860,0.227151,0.000000,0.972741,0.231895,1.270464,-4.476493,-0.057250,1,0,19.063900,0.000000
9.429999,4000.000000,-37.602940,166.872400,1,1,2,2,0.801294,0.801293,0.801293,0.000000,0.977448,0.211178,0.000000,0.973161,0.230124,4.679706,-4.557519,-0.174632,1,0,19.066950,0.000000
9.440000,4000.000000,-37.649000,167.057500,1,1,2,2,0.791425,0.791423,0.791424,0.000000,0.980235,0.197835,0.000000,0.973812,0.227355,9.031173,-4.605296,-0.277373,1,0,19.069900,0.000000
9.450000,4000.000000,-37.695110,167.242500,1,1,2,2,0.782844,0.782848,0.782846,0.000000,0.980234,0.197840,0.000000,0.974399,0.224824,11.944320,-4.610635,-0.331909,1,0,19.072140,0.000000
9.460000,4000.000000,-37.740980,167.427700,1,1,2,2,0.765472,0.765470,0.765471,0.000000,0.981871,0.189548,0.000000,0.975092,0.221800,15.953970,-4.587538,-0.366926,1,0,19.073650,0.000000
9.469999,4000.000000,-37.786240,167.613000,1,1,2,2,0.745634,0.745637,0.745636,0.000000,0.982134,0.188181,0.000000,0.975745,0.218909,19.338870,-4.525291,-0.359248,1,0,19.074130,0.000000
9.480000,4000.000000,-37.830540,167.798500,1,1,2,2,0.726263,0.726265,0.726264,0.000000,0.981080,0.193601,0.000000,0.976229,0.216743,21.439100,-4.429977,-0.303591,1,0,19.073870,0.000000
9.490000,4000.000000,-37.873680,167.984300,1,1,2,2,0.719931,0.719931,0.719931,0.000000,0.981068,0.193662,0.000000,0.976666,0.214762,20.578180,-4.314157,-0.223385,1,0,19.073470,0.000000
9.500000,4000.000000,-37.915740,168.170300,1,1,2,2,0.707359,0.707359,0.707359,0.000000,0.978706,0.205267,0.000000,0.976845,0.213945,20.487780,-4.206759,-0.129180,1,0,19.073420,0.000000
9.510000,4000.000000,-37.956750,168.356600,1,1,2,2,0.701379,0.701376,0.701378,0.000000,0.975394,0.220471,0.000000,0.976722,0.214507,18.559700,-4.100305,-0.009041,1,0,19.073840,0.000000
9.520000,4000.000000,-37.996880,168.543100,1,1,2,2,0.703012,0.703013,0.703013,0.000000,0.971640,0.236465,0.000000,0.976306,0.216393,15.095750,-4.012799,0.117583,1,0,19.074900,0.000000
9.530000,4000.000000,-38.036470,168.729700,1,1,2,2,0.708649,0.708649,0.708649,0.000000,0.971653,0.236412,0.000000,0.975923,0.218116,11.858630,-3.959259,0.206332,1,0,19.076400,0.000000
9.540000,4000.000000,-38.075840,168.916400,1,1,2,2,0.720634,0.720634,0.720634,0.000000,0.968316,0.249726,0.000000,0.975309,0.220844,7.795068,-3.937410,0.282345,1,0,19.077910,0.000000
9.550000,4000.000000,-38.115400,169.103000,1,1,2,2,0.737642,0.737638,0.737640,0.000000,0.966174,0.257892,0.000000,0.974578,0.224047,3.609530,-3.955275,0.327035,1,0,19.079160,0.000000
9.559999,4000.000000,-38.155540,169.289500,1,1,2,2,0.757343,0.757343,0.757343,0.000000,0.965805,0.259269,0.000000,0.973874,0.227090,0.061168,-4.013961,0.326832,1,0,19.080060,0.000000
9.570000,4000.000000,-38.196610,169.475900,1,1,2,2,0.765988,0.765986,0.765987,0.000000,0.965804,0.259273,0.000000,0.973221,0.229870,0.000000,-4.107168,0.286093,1,0,19.080790,0.000000
9.580000,4000.000000,-38.238620,169.662000,1,1,2,2,0.783583,0.783583,0.783583,0.000000,0.967337,0.253492,0.000000,0.972737,0.231910,0.000000,-4.200879,0.230388,1,0,19.081990,0.000000
9.590000,4000.000000,-38.281560,169.847900,1,1,2,2,0.797344,0.797344,0.797344,0.000000,0.970300,0.241907,0.000000,0.972533,0.232764,0.000000,-4.294500,0.151506,1,0,19.083660,0.000000
9.599999,4000.000000,-38.325440,170.033700,1,1,2,2,0.805228,0.805228,0.805228,0.000000,0.973994,0.226576,0.000000,0.972661,0.232228,0.000000,-4.388037,0.045463,1,0,19.085810,0.000000
9.610000,4000.000000,-38.370260,170.219200,1,1,2,2,0.803615,0.803615,0.803615,0.000000,0.973993,0.226580,0.000000,0.972778,0.231739,1.382352,-4.481493,-0.059605,1,0,19.088440,0.000000
9.620000,4000.000000,-38.415870,170.404600,1,1,2,2,0.800178,0.800175,0.800177,0.000000,0.977562,0.210648,0.000000,0.973206,0.229933,4.929938,-4.561420,-0.176584,1,0,19.091430,0.000000
9.630000,4000.000000,-38.461940,170.589900,1,1,2,2,0.789613,0.789612,0.789612,0.000000,0.980316,0.197435,0.000000,0.973861,0.227146,9.355139,-4.606752,-0.277272,1,0,19.094290,0.000000
9.639999,4000.000000,-38.508030,170.775200,1,1,2,2,0.773186,0.773186,0.773186,0.000000,0.981886,0.189472,0.000000,0.974610,0.223908,13.949290,-4.608925,-0.342470,1,0,19.096420,0.000000
9.650000,4000.000000,-38.553690,170.960700,1,1,2,2,0.763469,0.763470,0.763470,0.000000,0.981897,0.189414,0.000000,0.975286,0.220946,16.050210,-4.566262,-0.356287,1,0,19.097460,0.000000
9.660000,4000.000000,-38.598720,171.146300,1,1,2,2,0.743788,0.743788,0.743788,0.000000,0.982133,0.188190,0.000000,0.975919,0.218134,19.346750,-4.503062,-0.346190,1,0,19.097850,0.000000
9.670000,4000.000000,-38.642800,171.332100,1,1,2,2,0.724951,0.724949,0.724950,0.000000,0.981004,0.193987,0.000000,0.976379,0.216065,21.303400,-4.407654,-0.288642,1,0,19.097540,0.000000
9.679999,4000.000000,-38.685730,171.518200,1,1,2,2,0.709874,0.709872,0.709873,0.000000,0.972011,0.234937,0.000000,0.976574,0.215181,21.513510,-4.293144,-0.188415,1,0,19.097130,0.000000
9.690000,4000.000000,-38.727490,171.704500,1,1,2,2,0.707351,0.707351,0.707351,0.000000,0.978598,0.205782,0.000000,0.976751,0.214374,19.376330,-4.176643,-0.084705,1,0,19.097250,0.000000
9.700000,4000.000000,-38.768300,171.891100,1,1,2,2,0.702445,0.702444,0.702444,0.000000,0.975264,0.221043,0.000000,0.976625,0.214951,17.525530,-4.081085,0.024606,1,0,19.097910,0.000000
9.710000,4000.000000,-38.808340,172.077900,1,1,2,2,0.705109,0.705109,0.705109,0.000000,0.971517,0.236968,0.000000,0.976206,0.216846,14.129540,-4.003708,0.141098,1,0,19.099080,0.000000
9.719999,4000.000000,-38.847930,172.264700,1,1,2,2,0.715060,0.715060,0.715060,0.000000,0.965127,0.261784,0.000000,0.975563,0.219721,9.790285,-3.959617,0.242771,1,0,19.100550,0.000000
9.730000,4000.000000,-38.887520,172.451600,1,1,2,2,0.723479,0.723473,0.723476,0.000000,0.968215,0.250120,0.000000,0.974967,0.222347,6.934243,-3.957978,0.296183,1,0,19.101930,0.000000
9.740000,4000.000000,-38.927360,172.638400,1,1,2,2,0.740738,0.740742,0.740740,0.000000,0.966108,0.258138,0.000000,0.974258,0.225435,2.970823,-3.984235,0.330138,1,0,19.103160,0.000000
9.750000,4000.000000,-38.967850,172.825100,1,1,2,2,0.760268,0.760266,0.760267,0.000000,0.965837,0.259150,0.000000,0.973579,0.228350,0.000000,-4.049121,0.321154,1,0,19.104050,0.000000
9.760000,4000.000000,-39.009280,173.011600,1,1,2,2,0.779389,0.779389,0.779389,0.000000,0.973178,0.230054,0.000000,0.973074,0.230492,0.000000,-4.142884,0.267408,1,0,19.104890,0.000000
9.770000,4000.000000,-39.051640,173.197900,1,1,2,2,0.785573,0.785571,0.785572,0.000000,0.967418,0.253183,0.000000,0.972608,0.232449,0.000000,-4.236557,0.210142,1,0,19.106200,0.000000
9.780000,4000.000000,-39.094940,173.384000,1,1,2,2,0.798408,0.798412,0.798410,0.000000,0.970454,0.241286,0.000000,0.972426,0.233211,0.000000,-4.330140,0.129525,1,0,19.107990,0.000000
9.790000,4000.000000,-39.139180,173.570000,1,1,2,2,0.805131,0.805137,0.805134,0.000000,0.974140,0.225944,0.000000,0.972576,0.232586,0.000000,-4.423639,0.021731,1,0,19.110250,0.000000
9.800000,4000.000000,-39.184350,173.755700,1,1,2,2,0.804390,0.804390,0.804390,0.000000,0.983028,0.183457,0.000000,0.973034,0.230659,2.544075,-4.517057,-0.111549,1,0,19.112990,0.000000
9.809999,4000.000000,-39.230210,173.941300,1,1,2,2,0.798560,0.798562,0.798561,0.000000,0.977672,0.210137,0.000000,0.973450,0.228898,6.210075,-4.585644,-0.216060,1,0,19.115940,0.000000
9.820000,4000.000000,-39.276390,174.126800,1,1,2,2,0.787148,0.787150,0.787149,0.000000,0.980391,0.197064,0.000000,0.974089,0.226165,10.442220,-4.618480,-0.302927,1,0,19.118580,0.000000
9.830000,4000.000000,-39.322490,174.312300,1,1,2,2,0.770242,0.770245,0.770243,0.000000,0.981936,0.189216,0.000000,0.974820,0.222995,14.818800,-4.610031,-0.355985,1,0,19.120400,0.000000
9.840000,4000.000000,-39.368080,174.498000,1,1,2,2,0.760616,0.760614,0.760615,0.000000,0.981935,0.189221,0.000000,0.975478,0.220096,16.657640,-4.558859,-0.359953,1,0,19.121140,0.000000
9.849999,4000.000000,-39.412980,174.683900,1,1,2,2,0.741025,0.741023,0.741024,0.000000,0.982130,0.188205,0.000000,0.976091,0.217364,19.748020,-4.489708,-0.342275,1,0,19.121290,0.000000
9.860000,4000.000000,-39.456880,174.870000,1,1,2,2,0.722701,0.722701,0.722701,0.000000,0.980929,0.194366,0.000000,0.976528,0.215390,21.466170,-4.390359,-0.278901,1,0,19.120840,0.000000
9.870000,4000.000000,-39.499630,175.056400,1,1,2,2,0.708533,0.708532,0.708533,0.000000,0.978489,0.206300,0.000000,0.976700,0.214610,21.422280,-4.274240,-0.175069,1,0,19.120370,0.000000
9.880000,4000.000000,-39.541210,175.243000,1,1,2,2,0.706344,0.706344,0.706344,0.000000,0.978489,0.206300,0.000000,0.976856,0.213897,19.202590,-4.158618,-0.070460,1,0,19.120480,0.000000
9.889999,4000.000000,-39.581860,175.429800,1,1,2,2,0.702550,0.702552,0.702551,0.000000,0.975107,0.221736,0.000000,0.976709,0.214567,17.149410,-4.064749,0.038917,1,0,19.121120,0.000000
9.900000,4000.000000,-39.621770,175.616900,1,1,2,2,0.706331,0.706328,0.706330,0.000000,0.971393,0.237477,0.000000,0.976273,0.216545,13.605820,-3.991042,0.153283,1,0,19.122250,0.000000
9.910000,4000.000000,-39.661290,175.804000,1,1,2,2,0.717246,0.717246,0.717246,0.000000,0.968117,0.250499,0.000000,0.975617,0.219482,9.192079,-3.952063,0.250976,1,0,19.123620,0.000000
9.920000,4000.000000,-39.700850,175.991100,1,1,2,2,0.725829,0.725827,0.725828,0.000000,0.968105,0.250546,0.000000,0.975009,0.222164,6.426750,-3.956258,0.299563,1,0,19.124870,0.000000
9.929999,4000.000000,-39.740730,176.178100,1,1,2,2,0.743595,0.743595,0.743595,0.000000,0.966071,0.258275,0.000000,0.974294,0.225282,2.483213,-3.987458,0.329103,1,0,19.125960,0.000000
9.940000,4000.000000,-39.781300,176.365100,1,1,2,2,0.763214,0.763214,0.763214,0.000000,0.965837,0.259150,0.000000,0.973614,0.228201,0.000000,-4.057087,0.315389,1,0,19.126740,0.000000
9.950000,4000.000000,-39.822800,176.551800,1,1,2,2,0.781996,0.781996,0.781996,0.000000,0.967500,0.252870,0.000000,0.973113,0.230328,0.000000,-4.150839,0.261379,1,0,19.127550,0.000000
9.960000,4000.000000,-39.865250,176.738300,1,1,2,2,0.788088,0.788088,0.788088,0.000000,0.967500,0.252870,0.000000,0.972652,0.232270,0.000000,-4.244501,0.203874,1,0,19.128840,0.000000
9.969999,4000.000000,-39.908630,176.924600,1,1,2,2,0.800199,0.800194,0.800196,0.000000,0.970578,0.240788,0.000000,0.972477,0.233002,0.000000,-4.338074,0.122670,1,0,19.130600,0.000000
9.980000,4000.000000,-39.952950,177.110700,1,1,2,2,0.805968,0.805975,0.805972,0.000000,0.974260,0.225426,0.000000,0.972634,0.232343,0.000000,-4.431562,0.014197,1,0,19.132840,0.000000
9.990000,4000.000000,-39.998200,177.296700,1,1,2,2,0.804222,0.804221,0.804222,0.000000,0.977783,0.209621,0.000000,0.973099,0.230389,2.777841,-4.524970,-0.119665,1,0,19.135550,0.000000
