time,x,y,z,left,right,leftSamples,rightSamples,leftHeight,rightHeight,height,rawNx,rawNy,rawNz,supportNx,supportNy,supportNz,supportAcceleration,verticalVelocity,normalVelocity,grounded,transitions,speed,lateralAcceleration
0.000000,4000.000000,0.270916,2.168111,1,1,2,2,0.750000,0.750000,0.750000,0.000000,0.974555,0.224148,0.000000,0.974555,0.224148,9.560387,-3.586364,0.000000,1,0,16.000000,0.000000
0.010000,4000.000000,0.235038,2.324106,1,1,2,2,0.750000,0.750000,0.750000,0.000000,0.974555,0.224148,0.000000,0.974555,0.224148,9.560384,-3.587887,0.000000,1,0,16.006800,0.000000
0.020000,4000.000000,0.199143,2.480167,1,1,2,2,0.750000,0.750000,0.750000,0.000000,0.974555,0.224148,0.000000,0.974555,0.224148,9.560382,-3.589407,0.000000,1,0,16.013580,0.000000
0.030000,4000.000000,0.163234,2.636294,1,1,2,2,0.750000,0.750000,0.750000,0.000000,0.974555,0.224149,0.000000,0.974555,0.224148,9.560398,-3.590926,0.000000,1,0,16.020360,0.000000
0.040000,4000.000000,0.127310,2.792488,1,1,2,2,0.750000,0.750000,0.750000,0.000000,0.974555,0.224149,0.000000,0.974555,0.224148,9.560383,-3.592443,0.000000,1,0,16.027120,0.000000
0.050000,4000.000000,0.091370,2.948747,1,1,2,2,0.750000,0.750000,0.750000,0.000000,0.974555,0.224148,0.000000,0.974555,0.224148,9.560384,-3.593957,0.000000,1,0,16.033880,0.000000
0.060000,4000.000000,0.055416,3.105071,1,1,2,2,0.750000,0.750000,0.750000,0.000000,0.974555,0.224149,0.000000,0.974555,0.224148,9.560387,-3.595469,0.000000,1,0,16.040620,0.000000
0.070000,4000.000000,0.019446,3.261462,1,1,2,2,0.750000,0.750000,0.750000,0.000000,0.974555,0.224149,0.000000,0.974555,0.224148,9.560385,-3.596978,0.000000,1,0,16.047360,0.000000
0.080000,4000.000000,-0.016539,3.417918,1,1,2,2,0.750000,0.750000,0.750000,0.000000,0.974555,0.224149,0.000000,0.974555,0.224148,9.560384,-3.598486,0.000000,1,0,16.054080,0.000000
0.090000,4000.000000,-0.052539,3.574439,1,1,2,2,0.750000,0.750000,0.750000,0.000000,0.974555,0.224148,0.000000,0.974555,0.224148,9.560384,-3.599991,0.000000,1,0,16.060800,0.000000
0.100000,4000.000000,-0.088554,3.731026,1,1,2,2,0.750000,0.750000,0.750000,0.000000,0.974555,0.224147,0.000000,0.974555,0.224148,9.560379,-3.601494,0.000000,1,0,16.067510,0.000000
0.110000,4000.000000,-0.124584,3.887678,1,1,2,2,0.750000,0.750000,0.750000,0.000000,0.974555,0.224147,0.000000,0.974555,0.224148,9.560371,-3.602995,0.000000,1,0,16.074200,0.000000
0.120000,4000.000000,-0.160629,4.044395,1,1,2,2,0.750000,0.750000,0.750000,0.000000,0.974555,0.224147,0.000000,0.974555,0.224148,9.560385,-3.604494,0.000000,1,0,16.080890,0.000000
0.130000,4000.000000,-0.196689,4.201177,1,1,2,2,0.750000,0.750000,0.750000,0.000000,0.974555,0.224148,0.000000,0.974555,0.224148,9.560373,-3.605990,0.000000,1,0,16.087560,0.000000
0.140000,4000.000000,-0.232764,4.358024,1,1,2,2,0.750000,0.750000,0.750000,0.000000,0.974555,0.224147,0.000000,0.974555,0.224148,9.560410,-3.607485,0.000000,1,0,16.094230,0.000000
0.150000,4000.000000,-0.268853,4.514936,1,1,2,2,0.750000,0.750000,0.750000,0.000000,0.974556,0.224146,0.000000,0.974555,0.224148,9.560395,-3.608976,0.000000,1,0,16.100890,0.000000
0.160000,4000.000000,-0.304958,4.671913,1,1,2,2,0.750000,0.750000,0.750000,0.000000,0.974555,0.224150,0.000000,0.974555,0.224148,9.560391,-3.610466,0.000000,1,0,16.107530,0.000000
0.170000,4000.000000,-0.341078,4.828954,1,1,2,2,0.750000,0.750000,0.750000,0.000000,0.974556,0.224146,0.000000,0.974555,0.224148,9.560406,-3.611953,0.000000,1,0,16.114170,0.000000
0.180000,4000.000000,-0.377212,4.986060,1,1,2,2,0.750000,0.750000,0.750000,0.000000,0.974556,0.224146,0.000000,0.974555,0.224148,9.560371,-3.613439,0.000000,1,0,16.120800,0.000000
0.190000,4000.000000,-0.413361,5.143230,1,1,2,2,0.750000,0.750000,0.750000,0.000000,0.974555,0.224150,0.000000,0.974555,0.224148,9.560398,-3.614922,0.000000,1,0,16.127410,0.000000
0.200000,4000.000000,-0.449525,5.300466,1,1,2,2,0.750000,0.750000,0.750000,0.000000,0.974556,0.224146,0.000000,0.974555,0.224148,9.560382,-3.616403,0.000001,1,0,16.134020,0.000000
0.210000,4000.000000,-0.485704,5.457765,1,1,2,2,0.750000,0.750000,0.750000,0.000000,0.974555,0.224149,0.000000,0.974555,0.224148,9.560385,-3.617882,0.000001,1,0,16.140620,0.000000
0.220000,4000.000000,-0.521898,5.615128,1,1,2,2,0.750000,0.750000,0.750000,0.000000,0.974556,0.224146,0.000000,0.974555,0.224148,9.560382,-3.619358,0.000001,1,0,16.147210,0.000000
0.230000,4000.000000,-0.558106,5.772555,1,1,2,2,0.750000,0.750000,0.750000,0.000000,0.974556,0.224146,0.000000,0.974555,0.224148,9.560391,-3.620832,0.000001,1,0,16.153780,0.000000
0.240000,4000.000000,-0.594329,5.930047,1,1,2,2,0.750000,0.750000,0.750000,0.000000,0.974555,0.224149,0.000000,0.974555,0.224148,9.560380,-3.622305,0.000001,1,0,16.160350,0.000000
0.250000,4000.000000,-0.630567,6.087603,1,1,2,2,0.750000,0.750000,0.750000,0.000000,0.974556,0.224146,0.000000,0.974555,0.224148,9.560370,-3.623775,0.000001,1,0,16.166910,0.000000
0.260000,4000.000000,-0.666819,6.245222,1,1,2,2,0.750000,0.750000,0.750000,0.000000,0.974555,0.224148,0.000000,0.974555,0.224148,9.560340,-3.625243,0.000001,1,0,16.173460,0.000000
0.270000,4000.000000,-0.703086,6.402905,1,1,2,2,0.750000,0.750000,0.750000,0.000000,0.974555,0.224148,0.000000,0.974555,0.224148,9.560382,-3.626709,0.000000,1,0,16.180000,0.000000
0.280000,4000.000000,-0.739368,6.560652,1,1,2,2,0.750000,0.750000,0.750000,0.000000,0.974556,0.224146,0.000000,0.974555,0.224148,9.560369,-3.628172,0.000000,1,0,16.186530,0.000000
0.290000,4000.000000,-0.775664,6.718462,1,1,2,2,0.750000,0.750000,0.750000,0.000000,0.974555,0.224149,0.000000,0.974555,0.224148,9.560375,-3.629634,0.000000,1,0,16.193050,0.000000
0.300000,4000.000000,-0.811975,6.876336,1,1,2,2,0.750000,0.750000,0.750000,0.000000,0.974556,0.224146,0.000000,0.974555,0.224148,9.560366,-3.631093,0.000000,1,0,16.199560,0.000000
0.310000,4000.000000,-0.848301,7.034273,1,1,2,2,0.750000,0.750000,0.750000,0.000000,0.974556,0.224146,0.000000,0.974555,0.224148,9.560373,-3.632550,0.000000,1,0,16.206050,0.000000
0.320000,4000.000000,-0.884641,7.192273,1,1,2,2,0.750000,0.750000,0.750000,0.000000,0.974555,0.224148,0.000000,0.974555,0.224148,9.560382,-3.634005,0.000000,1,0,16.212550,0.000000
0.330000,4000.000000,-0.920995,7.350336,1,1,2,2,0.750000,0.750000,0.750000,0.000000,0.974556,0.224146,0.000000,0.974555,0.224148,9.560381,-3.635458,0.000000,1,0,16.219030,0.000000
0.340000,4000.000000,-0.957364,7.508462,1,1,2,2,0.750000,0.750000,0.750000,0.000000,0.974555,0.224149,0.000000,0.974555,0.224148,9.560381,-3.636908,0.000000,1,0,16.225500,0.000000
0.350000,4000.000000,-0.993748,7.666652,1,1,2,2,0.750000,0.750000,0.750000,0.000000,0.974555,0.224148,0.000000,0.974555,0.224148,9.560404,-3.638356,0.000000,1,0,16.231960,0.000000
0.360000,4000.000000,-1.030146,7.824904,1,1,2,2,0.750000,0.750000,0.750000,0.000000,0.974556,0.224146,0.000000,0.974555,0.224148,9.560390,-3.639802,0.000000,1,0,16.238410,0.000000
0.370000,4000.000000,-1.066558,7.983219,1,1,2,2,0.750000,0.750000,0.750000,0.000000,0.974555,0.224148,0.000000,0.974555,0.224148,9.560388,-3.641246,0.000000,1,0,16.244850,0.000000
0.380000,4000.000000,-1.102985,8.141597,1,1,2,2,0.750000,0.750000,0.750000,0.000000,0.974555,0.224147,0.000000,0.974555,0.224148,9.560360,-3.642688,0.000000,1,0,16.251290,0.000000
0.390000,4000.000000,-1.139427,8.300037,1,1,2,2,0.750000,0.750000,0.750000,0.000000,0.974556,0.224146,0.000000,0.974555,0.224148,9.560357,-3.644128,-0.000001,1,0,16.257710,0.000000
0.400000,4000.000000,-1.175882,8.458540,1,1,2,2,0.750000,0.750000,0.750000,0.000000,0.974555,0.224148,0.000000,0.974555,0.224148,9.560387,-3.645566,-0.000001,1,0,16.264120,0.000000
0.410000,4000.000000,-1.212352,8.617105,1,1,2,2,0.750000,0.750000,0.750000,0.000000,0.974556,0.224146,0.000000,0.974555,0.224148,9.560414,-3.647001,0.000000,1,0,16.270530,0.000000
0.420000,4000.000000,-1.248837,8.775733,1,1,2,2,0.750000,0.750000,0.750000,0.000000,0.974556,0.224146,0.000000,0.974555,0.224148,9.560354,-3.648434,0.000000,1,0,16.276920,0.000000
0.430000,4000.000000,-1.285335,8.934422,1,1,2,2,0.750000,0.750000,0.750000,0.000000,0.974556,0.224146,0.000000,0.974555,0.224148,9.560403,-3.649866,-0.000001,1,0,16.283310,0.000000
0.440000,4000.000000,-1.321848,9.093174,1,1,2,2,0.750000,0.750000,0.750000,0.000000,0.974556,0.224146,0.000000,0.974555,0.224148,9.560462,-3.651294,0.000000,1,0,16.289680,0.000000
0.450000,4000.000000,-1.358376,9.251988,1,1,2,2,0.750000,0.750000,0.750000,0.000000,0.974556,0.224146,0.000000,0.974555,0.224148,9.560373,-3.652720,0.000000,1,0,16.296050,0.000000
0.460000,4000.000000,-1.394917,9.410864,1,1,2,2,0.750000,0.750000,0.750000,0.000000,0.974556,0.224146,0.000000,0.974555,0.224148,9.560442,-3.654145,0.000000,1,0,16.302400,0.000000
0.470000,4000.000000,-1.431473,9.569801,1,1,2,2,0.750000,0.750000,0.750000,0.000000,0.974556,0.224146,0.000000,0.974555,0.224148,9.560406,-3.655567,0.000001,1,0,16.308750,0.000000
0.480000,4000.000000,-1.468042,9.728801,1,1,2,2,0.750000,0.750000,0.750000,0.000000,0.974556,0.224145,0.000000,0.974555,0.224148,9.560372,-3.656987,0.000002,1,0,16.315090,0.000000
0.490000,4000.000000,-1.504627,9.887862,1,1,2,2,0.750000,0.750000,0.750000,0.000000,0.974556,0.224146,0.000000,0.974555,0.224148,9.560349,-3.658406,0.000001,1,0,16.321410,0.000000
0.500000,4000.000000,-1.541225,10.046980,1,1,2,2,0.750000,0.750000,0.750000,0.000000,0.974556,0.224146,0.000000,0.974555,0.224148,9.560371,-3.659822,0.000001,1,0,16.327730,0.000000
0.510000,4000.000000,-1.577837,10.206170,1,1,2,2,0.750000,0.750000,0.750000,0.000000,0.974556,0.224145,0.000000,0.974555,0.224148,9.560305,-3.661236,0.000002,1,0,16.334040,0.000000
0.520000,4000.000000,-1.614464,10.365410,1,1,2,2,0.750000,0.750000,0.750000,0.000000,0.974556,0.224146,0.000000,0.974555,0.224148,9.560372,-3.662649,0.000001,1,0,16.340340,0.000000
0.530000,4000.000000,-1.651104,10.524720,1,1,2,2,0.750000,0.750000,0.750000,0.000000,0.974556,0.224146,0.000000,0.974555,0.224148,9.560399,-3.664059,0.000001,1,0,16.346630,0.000000
0.540000,4000.000000,-1.687759,10.684090,1,1,2,2,0.750000,0.750000,0.750000,0.000000,0.974556,0.224145,0.000000,0.974555,0.224148,9.560384,-3.665467,0.000001,1,0,16.352910,0.000000
0.550000,4000.000000,-1.724428,10.843520,1,1,2,2,0.750000,0.750000,0.750000,0.000000,0.974556,0.224145,0.000000,0.974555,0.224148,9.560378,-3.666872,0.000001,1,0,16.359180,0.000000
0.560000,4000.000000,-1.761110,11.003010,1,1,2,2,0.750000,0.750000,0.750000,0.000000,0.974556,0.224145,0.000000,0.974555,0.224148,9.560355,-3.668276,0.000001,1,0,16.365440,0.000000
0.570000,4000.000000,-1.797807,11.162560,1,1,2,2,0.750000,0.750000,0.750000,0.000000,0.974556,0.224145,0.000000,0.974555,0.224148,9.560339,-3.669677,0.000001,1,0,16.371700,0.000000
0.580000,4000.000000,-1.834518,11.322170,1,1,2,2,0.750000,0.750000,0.750000,0.000000,0.974556,0.224145,0.000000,0.974555,0.224148,9.560360,-3.671077,0.000000,1,0,16.377940,0.000000
0.590000,4000.000000,-1.871243,11.481850,1,1,2,2,0.750000,0.750000,0.750000,0.000000,0.974556,0.224145,0.000000,0.974555,0.224148,9.560359,-3.672474,-0.000001,1,0,16.384170,0.000000
0.600000,4000.000000,-1.907981,11.641580,1,1,2,2,0.750000,0.750000,0.750000,0.000000,0.974556,0.224145,0.000000,0.974555,0.224148,9.560378,-3.673870,0.000000,1,0,16.390400,0.000000
0.610000,4000.000000,-1.944734,11.801370,1,1,2,2,0.750000,0.750000,0.750000,0.000000,0.974556,0.224145,0.000000,0.974555,0.224148,9.560365,-3.675263,-0.000001,1,0,16.396610,0.000000
0.620000,4000.000000,-1.981501,11.961230,1,1,2,2,0.750000,0.750000,0.750000,0.000000,0.974556,0.224146,0.000000,0.974555,0.224148,9.560378,-3.676654,-0.000001,1,0,16.402810,0.000000
0.630000,4000.000000,-2.018281,12.121140,1,1,2,2,0.750000,0.750000,0.750000,0.000000,0.974556,0.224145,0.000000,0.974555,0.224148,9.560385,-3.678042,-0.000001,1,0,16.409010,0.000000
0.640000,4000.000000,-2.055075,12.281120,1,1,2,2,0.750001,0.750000,0.750000,0.000000,0.974556,0.224145,0.000000,0.974555,0.224148,9.560348,-3.679429,-0.000001,1,0,16.415200,0.000000
0.650000,4000.000000,-2.091883,12.441150,1,1,2,2,0.750000,0.750000,0.750000,0.000000,0.974556,0.224146,0.000000,0.974555,0.224148,9.560409,-3.680814,-0.000002,1,0,16.421380,0.000000
0.660000,4000.000000,-2.128706,12.601250,1,1,2,2,0.750000,0.750000,0.750000,0.000000,0.974556,0.224145,0.000000,0.974555,0.224148,9.560450,-3.682196,-0.000001,1,0,16.427540,0.000000
0.670000,4000.000000,-2.165541,12.761400,1,1,2,2,0.750000,0.750000,0.750000,0.000000,0.981771,0.190068,0.000000,0.974555,0.224148,9.560377,-3.683576,-0.000001,1,0,16.433700,0.000000
0.680000,4000.000000,-2.202391,12.921620,1,1,2,2,0.750000,0.750000,0.750000,0.000000,0.974556,0.224145,0.000000,0.974555,0.224148,9.560420,-3.684954,-0.000001,1,0,16.439850,0.000000
0.690000,4000.000000,-2.239254,13.081890,1,1,2,2,0.750000,0.750000,0.750000,0.000000,0.974556,0.224146,0.000000,0.974555,0.224148,9.560395,-3.686330,0.000000,1,0,16.445990,0.000000
0.700000,4000.000000,-2.276131,13.242230,1,1,2,2,0.750000,0.750000,0.750000,0.000000,0.974556,0.224145,0.000000,0.974555,0.224148,9.560368,-3.687704,0.000000,1,0,16.452120,0.000000
0.710000,4000.000000,-2.313022,13.402620,1,1,2,2,0.750000,0.750000,0.750000,0.000000,0.974556,0.224146,0.000000,0.974555,0.224148,9.560393,-3.689076,0.000000,1,0,16.458240,0.000000
0.720000,4000.000000,-2.349926,13.563080,1,1,2,2,0.750000,0.750000,0.750000,0.000000,0.974556,0.224146,0.000000,0.974555,0.224148,9.560449,-3.690446,0.000001,1,0,16.464350,0.000000
0.730000,4000.000000,-2.386845,13.723590,1,1,2,2,0.750000,0.750000,0.750000,0.000000,0.974556,0.224146,0.000000,0.974555,0.224148,9.560392,-3.691813,0.000002,1,0,16.470460,0.000000
0.740000,4000.000000,-2.423776,13.884160,1,1,2,2,0.750000,0.750000,0.750000,0.000000,0.974556,0.224146,0.000000,0.974555,0.224148,9.560400,-3.693179,0.000001,1,0,16.476550,0.000000
0.750000,4000.000000,-2.460722,14.044800,1,1,2,2,0.750000,0.750000,0.750000,0.000000,0.974556,0.224146,0.000000,0.974555,0.224148,9.560384,-3.694543,0.000002,1,0,16.482640,0.000000
0.760000,4000.000000,-2.497681,14.205490,1,1,2,2,0.750000,0.750000,0.750000,0.000000,0.974556,0.224145,0.000000,0.974555,0.224148,9.560337,-3.695904,0.000003,1,0,16.488710,0.000000
0.770000,4000.000000,-2.534653,14.366240,1,1,2,2,0.750000,0.750000,0.750000,0.000000,0.974556,0.224145,0.000000,0.974555,0.224148,9.560371,-3.697264,0.000001,1,0,16.494780,0.000000
0.780000,4000.000000,-2.571639,14.527050,1,1,2,2,0.750000,0.750000,0.750000,0.000000,0.974556,0.224146,0.000000,0.974555,0.224148,9.560361,-3.698622,0.000002,1,0,16.500830,0.000000
0.790000,4000.000000,-2.608639,14.687920,1,1,2,2,0.750000,0.750000,0.750000,0.000000,0.974556,0.224145,0.000000,0.974555,0.224148,9.560362,-3.699978,0.000002,1,0,16.506880,0.000000
0.800000,4000.000000,-2.645652,14.848840,1,1,2,2,0.750000,0.750000,0.750000,0.000000,0.974556,0.224146,0.000000,0.974555,0.224148,9.560304,-3.701332,0.000001,1,0,16.512920,0.000000
0.810000,4000.000000,-2.682679,15.009830,1,1,2,2,0.750000,0.750000,0.750000,0.000000,0.974556,0.224146,0.000000,0.974555,0.224148,9.560351,-3.702684,0.000001,1,0,16.518950,0.000000
0.820000,4000.000000,-2.719719,15.170880,1,1,2,2,0.750000,0.750000,0.750000,0.000000,0.974556,0.224146,0.000000,0.974555,0.224148,9.560325,-3.704034,0.000001,1,0,16.524970,0.000000
0.830000,4000.000000,-2.756773,15.331980,1,1,2,2,0.750000,0.750000,0.750000,0.000000,0.974556,0.224145,0.000000,0.974555,0.224148,9.560373,-3.705382,0.000000,1,0,16.530980,0.000000
0.840000,4000.000000,-2.793840,15.493140,1,1,2,2,0.750000,0.750000,0.750000,0.000000,0.974556,0.224146,0.000000,0.974555,0.224148,9.560347,-3.706727,-0.000001,1,0,16.536980,0.000000
0.850000,4000.000000,-2.830921,15.654360,1,1,2,2,0.750000,0.750000,0.750000,0.000000,0.974556,0.224146,0.000000,0.974555,0.224148,9.560351,-3.708071,-0.000001,1,0,16.542970,0.000000
0.860000,4000.000000,-2.868015,15.815640,1,1,2,2,0.750000,0.750000,0.750000,0.000000,0.974556,0.224145,0.000000,0.974555,0.224148,9.560407,-3.709412,-0.000002,1,0,16.548960,0.000000
0.870000,4000.000000,-2.905123,15.976980,1,1,2,2,0.750000,0.750000,0.750000,0.000000,0.974556,0.224145,0.000000,0.974555,0.224148,9.560420,-3.710751,-0.000001,1,0,16.554930,0.000000
0.880000,4000.000000,-2.942244,16.138370,1,1,2,2,0.750000,0.750000,0.750000,0.000000,0.974556,0.224145,0.000000,0.974555,0.224148,9.560348,-3.712088,-0.000001,1,0,16.560900,0.000000
0.890000,4000.000000,-2.979378,16.299830,1,1,2,2,0.750000,0.750000,0.750000,0.000000,0.974556,0.224146,0.000000,0.974555,0.224148,9.560380,-3.713423,-0.000001,1,0,16.566850,0.000000
0.900000,4000.000000,-3.016525,16.461340,1,1,2,2,0.750000,0.750000,0.750000,0.000000,0.974556,0.224146,0.000000,0.974555,0.224148,9.560472,-3.714756,-0.000001,1,0,16.572800,0.000000
0.910000,4000.000000,-3.053686,16.622910,1,1,2,2,0.750000,0.750001,0.750000,0.000000,0.974556,0.224145,0.000000,0.974555,0.224148,9.560341,-3.716086,-0.000001,1,0,16.578740,0.000000
0.920000,4000.000000,-3.090860,16.784530,1,1,2,2,0.750000,0.750000,0.750000,0.000000,0.974556,0.224146,0.000000,0.974555,0.224148,9.560403,-3.717416,-0.000001,1,0,16.584670,0.000000
0.930000,4000.000000,-3.128048,16.946220,1,1,2,2,0.750000,0.750000,0.750000,0.000000,0.974556,0.224145,0.000000,0.974555,0.224148,9.560352,-3.718743,0.000000,1,0,16.590590,0.000000
0.940000,4000.000000,-3.165248,17.107960,1,1,2,2,0.750000,0.750000,0.750000,0.000000,0.974556,0.224145,0.000000,0.974555,0.224148,9.560383,-3.720068,-0.000002,1,0,16.596500,0.000000
0.950000,4000.000000,-3.202462,17.269760,1,1,2,2,0.750001,0.750001,0.750001,0.000000,0.960829,0.277141,0.000000,0.974555,0.224148,9.560331,-3.721391,-0.000001,1,0,16.602400,0.000000
0.960000,4000.000000,-3.239689,17.431620,1,1,2,2,0.750001,0.750001,0.750001,0.000000,0.974556,0.224145,0.000000,0.974555,0.224148,9.560321,-3.722712,-0.000002,1,0,16.608300,0.000000
0.970000,4000.000000,-3.276930,17.593530,1,1,2,2,0.750000,0.750000,0.750000,0.000000,0.974556,0.224146,0.000000,0.974555,0.224148,9.560433,-3.724032,-0.000002,1,0,16.614180,0.000000
0.980000,4000.000000,-3.314183,17.755500,1,1,2,2,0.750001,0.750001,0.750001,0.000000,0.987394,0.158285,0.000000,0.974555,0.224148,9.560225,-3.725348,-0.000001,1,0,16.620050,0.000000
0.990000,4000.000000,-3.351450,17.917530,1,1,2,2,0.750001,0.750001,0.750001,0.000000,0.974556,0.224146,0.000000,0.974555,0.224148,9.560246,-3.726665,-0.000003,1,0,16.625920,0.000000
1.000000,4000.000000,-3.388730,18.079620,1,1,2,2,0.750001,0.750001,0.750001,0.000000,0.974556,0.224144,0.000000,0.974555,0.224148,9.560314,-3.727979,-0.000005,1,0,16.631780,0.000000
1.010000,4000.000000,-3.426023,18.241760,1,1,2,2,0.750001,0.750001,0.750001,0.000000,0.974556,0.224145,0.000000,0.974555,0.224148,9.560355,-3.729290,-0.000006,1,0,16.637620,0.000000
1.020000,4000.000000,-3.463329,18.403960,1,1,2,2,0.750001,0.750001,0.750001,0.000000,0.974556,0.224145,0.000000,0.974555,0.224148,9.560467,-3.730599,-0.000007,1,0,16.643470,0.000000
1.030000,4000.000000,-3.500648,18.566220,1,1,2,2,0.750000,0.750000,0.750000,0.000000,0.974556,0.224145,0.000000,0.974555,0.224148,9.560436,-3.731905,-0.000004,1,0,16.649300,0.000000
1.040000,4000.000000,-3.537980,18.728530,1,1,2,2,0.750001,0.750001,0.750001,0.000000,0.974556,0.224145,0.000000,0.974555,0.224148,9.560263,-3.733210,-0.000001,1,0,16.655120,0.000000
1.050000,4000.000000,-3.575325,18.890900,1,1,2,2,0.750001,0.750001,0.750001,0.000000,0.974556,0.224146,0.000000,0.974555,0.224148,9.560289,-3.734514,-0.000003,1,0,16.660930,0.000000
1.060000,4000.000000,-3.612683,19.053330,1,1,2,2,0.750001,0.750001,0.750001,0.000000,0.974556,0.224146,0.000000,0.974555,0.224148,9.560376,-3.735816,-0.000005,1,0,16.666730,0.000000
1.070000,4000.000000,-3.650054,19.215810,1,1,2,2,0.750001,0.750001,0.750001,0.000000,0.974556,0.224146,0.000000,0.974555,0.224148,9.560392,-3.737115,-0.000005,1,0,16.672530,0.000000
1.080000,4000.000000,-3.687438,19.378350,1,1,2,2,0.750001,0.750000,0.750000,0.000000,0.974556,0.224144,0.000000,0.974555,0.224148,9.560474,-3.738411,-0.000006,1,0,16.678310,0.000000
1.090000,4000.000000,-3.724835,19.540950,1,1,2,2,0.750001,0.750001,0.750001,0.000000,0.974556,0.224144,0.000000,0.974555,0.224148,9.560370,-3.739706,-0.000005,1,0,16.684090,0.000000
1.100000,4000.000000,-3.762245,19.703600,1,1,2,2,0.750000,0.750000,0.750000,0.000000,0.974556,0.224146,0.000000,0.974555,0.224148,9.560437,-3.740999,-0.000004,1,0,16.689860,0.000000
1.110000,4000.000000,-3.799668,19.866300,1,1,2,2,0.750000,0.750000,0.750000,0.000000,0.974556,0.224145,0.000000,0.974555,0.224148,9.560491,-3.742289,-0.000004,1,0,16.695620,0.000000
1.120000,4000.000000,-3.837104,20.029070,1,1,2,2,0.750000,0.750000,0.750000,0.000000,0.974556,0.224146,0.000000,0.974555,0.224148,9.560486,-3.743577,-0.000004,1,0,16.701370,0.000000
1.130000,4000.000000,-3.874552,20.191890,1,1,2,2,0.750000,0.750000,0.750000,0.000000,0.974556,0.224145,0.000000,0.974555,0.224148,9.560451,-3.744863,-0.000003,1,0,16.707110,0.000000
1.140000,4000.000000,-3.912014,20.354760,1,1,2,2,0.750000,0.750000,0.750000,0.000000,0.974556,0.224146,0.000000,0.974555,0.224148,9.560470,-3.746147,-0.000003,1,0,16.712840,0.000000
1.150000,4000.000000,-3.949488,20.517700,1,1,2,2,0.749999,0.749999,0.749999,0.000000,0.965685,0.259716,0.000000,0.974555,0.224148,9.560622,-3.747429,-0.000002,1,0,16.718570,0.000000
1.160000,4000.000000,-3.986975,20.680680,1,1,2,2,0.749999,0.749999,0.749999,0.000000,0.974556,0.224146,0.000000,0.974555,0.224148,9.560514,-3.748708,0.000002,1,0,16.724290,0.000000
1.170000,4000.000000,-4.024475,20.843730,1,1,2,2,0.750000,0.750000,0.750000,0.000000,0.974556,0.224144,0.000000,0.974555,0.224148,9.560322,-3.749986,0.000001,1,0,16.729990,0.000000
1.180000,4000.000000,-4.061988,21.006820,1,1,2,2,0.749999,0.750000,0.749999,0.000000,0.974556,0.224145,0.000000,0.974555,0.224148,9.560490,-3.751264,0.000000,1,0,16.735690,0.000000
1.190000,4000.000000,-4.099513,21.169980,1,1,2,2,0.750000,0.750000,0.750000,0.000000,0.974556,0.224145,0.000000,0.974555,0.224148,9.560431,-3.752538,0.000001,1,0,16.741380,0.000000
1.200000,4000.000000,-4.137051,21.333190,1,1,2,2,0.750000,0.750000,0.750000,0.000000,0.974556,0.224144,0.000000,0.974555,0.224148,9.560362,-3.753810,0.000001,1,0,16.747060,0.000000
1.210000,4000.000000,-4.174602,21.496450,1,1,2,2,0.750000,0.750000,0.750000,0.000000,0.974556,0.224145,0.000000,0.974555,0.224148,9.560329,-3.755082,0.000001,1,0,16.752730,0.000000
1.220000,4000.000000,-4.212165,21.659770,1,1,2,2,0.750001,0.750001,0.750001,0.000000,0.974556,0.224146,0.000000,0.974555,0.224148,9.560236,-3.756352,0.000001,1,0,16.758390,0.000000
1.230000,4000.000000,-4.249742,21.823150,1,1,2,2,0.750000,0.750000,0.750000,0.000000,0.974556,0.224145,0.000000,0.974555,0.224147,9.560416,-3.757621,-0.000004,1,0,16.764050,0.000000
1.240000,4000.000000,-4.287331,21.986580,1,1,2,2,0.750000,0.750000,0.750000,0.000000,0.974556,0.224146,0.000000,0.974555,0.224147,9.560517,-3.758886,-0.000006,1,0,16.769690,0.000000
1.250000,4000.000000,-4.324932,22.150060,1,1,2,2,0.749999,0.749999,0.749999,0.000000,0.974556,0.224146,0.000000,0.974555,0.224147,9.560680,-3.760148,-0.000005,1,0,16.775330,0.000000
1.260000,4000.000000,-4.362546,22.313600,1,1,2,2,0.750000,0.750000,0.750000,0.000000,0.974556,0.224146,0.000000,0.974555,0.224147,9.560487,-3.761406,-0.000003,1,0,16.780960,0.000000
1.270000,4000.000000,-4.400173,22.477200,1,1,2,2,0.750000,0.750000,0.750000,0.000000,0.974556,0.224146,0.000000,0.974555,0.224147,9.560404,-3.762665,-0.000003,1,0,16.786580,0.000000
1.280000,4000.000000,-4.437812,22.640850,1,1,2,2,0.750000,0.750000,0.750000,0.000000,0.974556,0.224146,0.000000,0.974555,0.224147,9.560560,-3.763922,-0.000004,1,0,16.792190,0.000000
1.290000,4000.000000,-4.475463,22.804550,1,1,2,2,0.749999,0.750000,0.750000,0.000000,0.974556,0.224146,0.000000,0.974555,0.224147,9.560587,-3.765177,-0.000005,1,0,16.797790,0.000000
1.300000,4000.000000,-4.513128,22.968310,1,1,2,2,0.749999,0.749999,0.749999,0.000000,0.974556,0.224146,0.000000,0.974555,0.224147,9.560698,-3.766428,-0.000005,1,0,16.803380,0.000000
1.310000,4000.000000,-4.550805,23.132120,1,1,2,2,0.750000,0.750000,0.750000,0.000000,0.974556,0.224146,0.000000,0.974555,0.224147,9.560498,-3.767677,-0.000004,1,0,16.808970,0.000000
1.320000,4000.000000,-4.588494,23.295990,1,1,2,2,0.749999,0.749999,0.749999,0.000000,0.974556,0.224145,0.000000,0.974555,0.224147,9.560677,-3.768926,-0.000005,1,0,16.814540,0.000000
1.330000,4000.000000,-4.626195,23.459910,1,1,2,2,0.749999,0.749999,0.749999,0.000000,0.974556,0.224145,0.000000,0.974556,0.224146,9.560718,-3.770171,-0.000005,1,0,16.820110,0.000000
1.340000,4000.000000,-4.663909,23.623880,1,1,2,2,0.749999,0.749999,0.749999,0.000000,0.974556,0.224146,0.000000,0.974556,0.224146,9.560739,-3.771414,-0.000005,1,0,16.825670,0.000000
1.350000,4000.000000,-4.701636,23.787910,1,1,2,2,0.749999,0.749999,0.749999,0.000000,0.974556,0.224145,0.000000,0.974556,0.224146,9.560723,-3.772654,-0.000003,1,0,16.831220,0.000000
1.360000,4000.000000,-4.739375,23.952000,1,1,2,2,0.749999,0.749999,0.749999,0.000000,0.974556,0.224145,0.000000,0.974556,0.224146,9.560659,-3.773893,-0.000002,1,0,16.836760,0.000000
1.370000,4000.000000,-4.777126,24.116130,1,1,2,2,0.749999,0.749999,0.749999,0.000000,0.974556,0.224144,0.000000,0.974556,0.224146,9.560701,-3.775131,-0.000006,1,0,16.842290,0.000000
1.380000,4000.000000,-4.814889,24.280330,1,1,2,2,0.749998,0.749998,0.749998,0.000000,0.974556,0.224144,0.000000,0.974556,0.224145,9.560903,-3.776366,-0.000008,1,0,16.847820,0.000000
1.390000,4000.000000,-4.852665,24.444570,1,1,2,2,0.749998,0.749998,0.749998,0.000000,0.974556,0.224145,0.000000,0.974556,0.224145,9.560968,-3.777597,-0.000008,1,0,16.853330,0.000000
1.400000,4000.000000,-4.890454,24.608870,1,1,2,2,0.749998,0.749998,0.749998,0.000000,0.974556,0.224144,0.000000,0.974556,0.224145,9.560984,-3.778826,-0.000007,1,0,16.858840,0.000000
1.410000,4000.000000,-4.928254,24.773220,1,1,2,2,0.749998,0.749997,0.749998,0.000000,0.974556,0.224144,0.000000,0.974556,0.224144,9.561007,-3.780053,-0.000006,1,0,16.864340,0.000000
1.420000,4000.000000,-4.966067,24.937630,1,1,2,2,0.749997,0.749997,0.749997,0.000000,0.974556,0.224144,0.000000,0.974556,0.224144,9.561074,-3.781277,-0.000005,1,0,16.869830,0.000000
1.430000,4000.000000,-5.003892,25.102090,1,1,2,2,0.749996,0.749997,0.749996,0.000000,0.974556,0.224144,0.000000,0.974556,0.224144,9.561228,-3.782499,-0.000008,1,0,16.875310,0.000000
1.440000,4000.000000,-5.041729,25.266600,1,1,2,2,0.749997,0.749997,0.749997,0.000000,0.974556,0.224144,0.000000,0.974556,0.224143,9.561204,-3.783718,-0.000011,1,0,16.880780,0.000000
1.450000,4000.000000,-5.079578,25.431170,1,1,2,2,0.749995,0.749995,0.749995,0.000000,0.974556,0.224144,0.000000,0.974557,0.224142,9.561592,-3.784935,-0.000013,1,0,16.886250,0.000000
1.460000,4000.000000,-5.117440,25.595790,1,1,2,2,0.749994,0.749995,0.749994,0.000000,0.974556,0.224144,0.000000,0.974557,0.224142,9.561743,-3.786146,-0.000013,1,0,16.891700,0.000000
1.470000,4000.000000,-5.155313,25.760460,1,1,2,2,0.749994,0.749994,0.749994,0.000000,0.979938,0.199303,0.000000,0.974557,0.224141,9.561804,-3.787354,-0.000012,1,0,16.897150,0.000000
1.480000,4000.000000,-5.193199,25.925190,1,1,2,2,0.749993,0.749993,0.749993,0.000000,0.974559,0.224130,0.000000,0.974557,0.224140,9.561954,-3.788559,-0.000010,1,0,16.902590,0.000000
1.490000,4000.000000,-5.231097,26.089960,1,1,2,2,0.749992,0.749992,0.749992,0.000000,0.974559,0.224130,0.000000,0.974557,0.224139,9.562088,-3.789761,-0.000011,1,0,16.908020,0.000000
1.500000,4000.000000,-5.269006,26.254800,1,1,2,2,0.749992,0.749992,0.749992,0.000000,0.996801,0.079918,0.000000,0.974558,0.224138,9.562318,-3.790960,-0.000017,1,0,16.913440,0.000000
1.510000,4000.000000,-5.306928,26.419680,1,1,2,2,0.749990,0.749990,0.749990,0.000000,0.974561,0.224122,0.000000,0.974558,0.224137,9.562663,-3.792155,-0.000018,1,0,16.918860,0.000000
1.520000,4000.000000,-5.344861,26.584620,1,1,2,2,0.749988,0.749988,0.749988,0.000000,0.974560,0.224128,0.000000,0.974558,0.224135,9.562978,-3.793344,-0.000019,1,0,16.924260,0.000000
1.530000,4000.000000,-5.382806,26.749610,1,1,2,2,0.749987,0.749987,0.749987,0.000000,0.974561,0.224122,0.000000,0.974558,0.224134,9.563229,-3.794528,-0.000015,1,0,16.929660,0.000000
1.540000,4000.000000,-5.420763,26.914650,1,1,2,2,0.749984,0.749984,0.749984,0.000000,0.974561,0.224121,0.000000,0.974559,0.224133,9.563507,-3.795709,-0.000011,1,0,16.935040,0.000000
1.550000,4000.000000,-5.458732,27.079740,1,1,2,2,0.749983,0.749984,0.749984,0.000000,0.974563,0.224113,0.000000,0.974559,0.224131,9.563705,-3.796884,-0.000013,1,0,16.940420,0.000000
1.560000,4000.000000,-5.496713,27.244890,1,1,2,2,0.749980,0.749980,0.749980,0.000000,0.974563,0.224113,0.000000,0.974560,0.224129,9.564217,-3.798056,-0.000009,1,0,16.945790,0.000000
1.570000,4000.000000,-5.534705,27.410090,1,1,2,2,0.749979,0.749979,0.749979,0.000000,0.974566,0.224099,0.000000,0.974560,0.224127,9.564425,-3.799221,-0.000009,1,0,16.951150,0.000000
1.580000,4000.000000,-5.572709,27.575340,1,1,2,2,0.749977,0.749976,0.749977,0.000000,0.974567,0.224098,0.000000,0.974561,0.224124,9.565024,-3.800381,-0.000014,1,0,16.956510,0.000000
1.590000,4000.000000,-5.610724,27.740640,1,1,2,2,0.749972,0.749972,0.749972,0.000000,0.974567,0.224098,0.000000,0.974561,0.224122,9.565727,-3.801535,-0.000010,1,0,16.961850,0.000000
1.600000,4000.000000,-5.648751,27.906000,1,1,2,2,0.749970,0.749971,0.749970,0.000000,0.974567,0.224097,0.000000,0.974562,0.224119,9.565895,-3.802679,-0.000005,1,0,16.967190,0.000000
1.610000,4000.000000,-5.686789,28.071400,1,1,2,2,0.749968,0.749968,0.749968,0.000000,0.974571,0.224081,0.000000,0.974563,0.224116,9.566540,-3.803820,-0.000011,1,0,16.972520,0.000000
1.620000,4000.000000,-5.724839,28.236860,1,1,2,2,0.749962,0.749962,0.749962,0.000000,0.974571,0.224081,0.000000,0.974563,0.224113,9.567474,-3.804953,-0.000006,1,0,16.977840,0.000000
1.630000,4000.000000,-5.762899,28.402380,1,1,2,2,0.749958,0.749958,0.749958,0.000000,0.974574,0.224067,0.000000,0.974564,0.224109,9.568103,-3.806074,-0.000005,1,0,16.983150,0.000000
1.640000,4000.000000,-5.800972,28.567940,1,1,2,2,0.749955,0.749955,0.749955,0.000000,0.974578,0.224050,0.000000,0.974565,0.224104,9.568800,-3.807188,-0.000011,1,0,16.988450,0.000000
1.650000,4000.000000,-5.839055,28.733550,1,1,2,2,0.749947,0.749947,0.749947,0.000000,0.974578,0.224050,0.000000,0.974566,0.224100,9.570131,-3.808293,-0.000003,1,0,16.993740,0.000000
1.660000,4000.000000,-5.877149,28.899220,1,1,2,2,0.749942,0.749942,0.749942,0.000000,0.974578,0.224049,0.000000,0.974568,0.224094,9.570926,-3.809384,0.000003,1,0,16.999030,0.000000
1.670000,4000.000000,-5.915253,29.064940,1,1,2,2,0.749938,0.749938,0.749938,0.000000,0.974585,0.224019,0.000000,0.974569,0.224088,9.571785,-3.810464,-0.000004,1,0,17.004300,0.000000
1.680000,4000.000000,-5.953369,29.230710,1,1,2,2,0.749927,0.749927,0.749927,0.000000,0.974585,0.224019,0.000000,0.974570,0.224082,9.573538,-3.811535,0.000006,1,0,17.009570,0.000000
1.690000,4000.000000,-5.991495,29.396530,1,1,2,2,0.749921,0.749921,0.749921,0.000000,0.974589,0.224002,0.000000,0.974572,0.224075,9.574407,-3.812586,0.000013,1,0,17.014830,0.000000
1.700000,4000.000000,-6.029631,29.562400,1,1,2,2,0.749914,0.749914,0.749914,0.000000,0.974596,0.223971,0.000000,0.974574,0.224067,9.575902,-3.813627,0.000004,1,0,17.020070,0.000000
1.710000,4000.000000,-6.067778,29.728330,1,1,2,2,0.749900,0.749900,0.749900,0.000000,0.974596,0.223972,0.000000,0.974576,0.224059,9.578003,-3.814652,0.000022,1,0,17.025310,0.000000
1.720000,4000.000000,-6.105934,29.894300,1,1,2,2,0.749892,0.749892,0.749892,0.000000,0.974600,0.223955,0.000000,0.974578,0.224050,9.579151,-3.815655,0.000035,1,0,17.030540,0.000000
1.730000,4000.000000,-6.144101,30.060330,1,1,2,2,0.749885,0.749885,0.749885,0.000000,0.974607,0.223923,0.000000,0.974580,0.224039,9.580686,-3.816644,0.000025,1,0,17.035770,0.000000
1.740000,4000.000000,-6.182277,30.226410,1,1,2,2,0.749867,0.749867,0.749867,0.000000,0.974607,0.223922,0.000000,0.974583,0.224028,9.583545,-3.817616,0.000046,1,0,17.040980,0.000000
1.750000,4000.000000,-6.220462,30.392540,1,1,2,2,0.749855,0.749856,0.749856,0.000000,0.974615,0.223890,0.000000,0.974586,0.224016,9.585197,-3.818559,0.000059,1,0,17.046180,0.000000
1.760000,4000.000000,-6.258657,30.558720,1,1,2,2,0.749846,0.749846,0.749846,0.000000,0.974625,0.223843,0.000000,0.974589,0.224001,9.587173,-3.819484,0.000049,1,0,17.051380,0.000000
1.770000,4000.000000,-6.296861,30.724950,1,1,2,2,0.749822,0.749822,0.749822,0.000000,0.974625,0.223842,0.000000,0.974592,0.223988,9.590811,-3.820387,0.000080,1,0,17.056560,0.000000
1.780000,4000.000000,-6.335073,30.891230,1,1,2,2,0.749808,0.749808,0.749808,0.000000,0.974636,0.223796,0.000000,0.974596,0.223972,9.592778,-3.821253,0.000102,1,0,17.061740,0.000000
1.790000,4000.000000,-6.373294,31.057570,1,1,2,2,0.749796,0.749796,0.749796,0.000000,0.974647,0.223748,0.000000,0.974600,0.223953,9.595410,-3.822098,0.000087,1,0,17.066900,0.000000
1.800000,4000.000000,-6.411523,31.223950,1,1,2,2,0.749765,0.749765,0.749765,0.000000,0.974647,0.223748,0.000000,0.974604,0.223936,9.600018,-3.822916,0.000127,1,0,17.072060,0.000000
1.810000,4000.000000,-6.449760,31.390390,1,1,2,2,0.749747,0.749747,0.749747,0.000000,0.974658,0.223700,0.000000,0.974609,0.223915,9.602661,-3.823687,0.000152,1,0,17.077200,0.000000
1.820000,4000.000000,-6.488004,31.556880,1,1,2,2,0.749729,0.749729,0.749729,0.000000,0.974676,0.223622,0.000000,0.974615,0.223890,9.606280,-3.824430,0.000138,1,0,17.082340,0.000000
1.830000,4000.000000,-6.526256,31.723420,1,1,2,2,0.749689,0.749689,0.749689,0.000000,0.974673,0.223637,0.000000,0.974620,0.223867,9.612082,-3.825136,0.000196,1,0,17.087470,0.000000
1.840000,4000.000000,-6.564513,31.890010,1,1,2,2,0.749666,0.749666,0.749666,0.000000,0.974694,0.223542,0.000000,0.974626,0.223841,9.615292,-3.825783,0.000236,1,0,17.092580,0.000000
1.850000,4000.000000,-6.602777,32.056640,1,1,2,2,0.749642,0.749643,0.749642,0.000000,0.974712,0.223464,0.000000,0.974633,0.223809,9.619933,-3.826398,0.000224,1,0,17.097680,0.000000
1.860000,4000.000000,-6.641047,32.223340,1,1,2,2,0.749591,0.749592,0.749592,0.000000,0.974709,0.223478,0.000000,0.974640,0.223780,9.627127,-3.826965,0.000305,1,0,17.102780,0.000000
1.870000,4000.000000,-6.679321,32.390080,1,1,2,2,0.749562,0.749561,0.749562,0.000000,0.974731,0.223383,0.000000,0.974648,0.223746,9.631305,-3.827460,0.000356,1,0,17.107860,0.000000
1.880000,4000.000000,-6.717600,32.556870,1,1,2,2,0.749532,0.749532,0.749532,0.000000,0.974759,0.223258,0.000000,0.974657,0.223705,9.637000,-3.827913,0.000346,1,0,17.112930,0.000000
1.890000,4000.000000,-6.755883,32.723710,1,1,2,2,0.749467,0.749468,0.749468,0.000000,0.974753,0.223288,0.000000,0.974665,0.223668,9.645975,-3.828308,0.000453,1,0,17.117990,0.000000
1.900000,4000.000000,-6.794169,32.890610,1,1,2,2,0.749429,0.749429,0.749429,0.000000,0.974782,0.223160,0.000000,0.974675,0.223624,9.651117,-3.828614,0.000528,1,0,17.123040,0.000000
1.910000,4000.000000,-6.832458,33.057560,1,1,2,2,0.749391,0.749391,0.749391,0.000000,0.974811,0.223034,0.000000,0.974687,0.223573,9.658043,-3.828867,0.000527,1,0,17.128070,0.000000
1.920000,4000.000000,-6.870749,33.224550,1,1,2,2,0.749310,0.749311,0.749311,0.000000,0.974811,0.223033,0.000000,0.974698,0.223527,9.669117,-3.829051,0.000671,1,0,17.133090,0.000000
1.930000,4000.000000,-6.909040,33.391600,1,1,2,2,0.749261,0.749261,0.749261,0.000000,0.974847,0.222874,0.000000,0.974710,0.223471,9.675706,-3.829125,0.000771,1,0,17.138110,0.000000
1.940000,4000.000000,-6.947331,33.558700,1,1,2,2,0.749213,0.749213,0.749213,0.000000,0.974883,0.222716,0.000000,0.974725,0.223407,9.684335,-3.829133,0.000775,1,0,17.143100,0.000000
1.950000,4000.000000,-6.985622,33.725850,1,1,2,2,0.749113,0.749113,0.749113,0.000000,0.974883,0.222716,0.000000,0.974739,0.223348,9.697796,-3.829055,0.000961,1,0,17.148080,0.000000
1.960000,4000.000000,-7.023911,33.893050,1,1,2,2,0.749050,0.749050,0.749050,0.000000,0.974920,0.222556,0.000000,0.974755,0.223279,9.705981,-3.828843,0.001098,1,0,17.153050,0.000000
1.970000,4000.000000,-7.062196,34.060310,1,1,2,2,0.748989,0.748990,0.748990,0.000000,0.974964,0.222364,0.000000,0.974773,0.223199,9.716361,-3.828550,0.001120,1,0,17.158010,0.000000
1.980000,4000.000000,-7.100478,34.227620,1,1,2,2,0.748866,0.748866,0.748866,0.000000,0.974971,0.222334,0.000000,0.974790,0.223125,9.732703,-3.828154,0.001364,1,0,17.162950,0.000000
1.990000,4000.000000,-7.138754,34.394970,1,1,2,2,0.748787,0.748786,0.748787,0.000000,0.975022,0.222111,0.000000,0.974809,0.223039,9.742614,-3.827596,0.001547,1,0,17.167870,0.000000
2.000000,4000.000000,-7.177023,34.562380,1,1,2,2,0.748711,0.748711,0.748711,0.000000,0.975072,0.221888,0.000000,0.974832,0.222939,9.755547,-3.826940,0.001585,1,0,17.172780,0.000000
2.010000,4000.000000,-7.215285,34.729840,1,1,2,2,0.748560,0.748560,0.748560,0.000000,0.975079,0.221858,0.000000,0.974853,0.222848,9.775005,-3.826155,0.001901,1,0,17.177670,0.000000
2.020000,4000.000000,-7.253537,34.897360,1,1,2,2,0.748461,0.748461,0.748461,0.000000,0.975137,0.221604,0.000000,0.974877,0.222742,9.786950,-3.825179,0.002143,1,0,17.182540,0.000000
2.030000,4000.000000,-7.291778,35.064920,1,1,2,2,0.748367,0.748367,0.748367,0.000000,0.975202,0.221317,0.000000,0.974905,0.222619,9.802543,-3.824084,0.002211,1,0,17.187400,0.000000
2.040000,4000.000000,-7.330006,35.232540,1,1,2,2,0.748183,0.748183,0.748183,0.000000,0.975202,0.221317,0.000000,0.974931,0.222507,9.825741,-3.822835,0.002618,1,0,17.192230,0.000000
2.050000,4000.000000,-7.368220,35.400210,1,1,2,2,0.748061,0.748061,0.748061,0.000000,0.975274,0.220997,0.000000,0.974960,0.222376,9.840021,-3.821357,0.002934,1,0,17.197050,0.000000
2.060000,4000.000000,-7.406417,35.567940,1,1,2,2,0.747944,0.747944,0.747944,0.000000,0.975354,0.220648,0.000000,0.974995,0.222226,9.858704,-3.819739,0.003044,1,0,17.201850,0.000000
2.070000,4000.000000,-7.444597,35.735710,1,1,2,2,0.747723,0.747723,0.747723,0.000000,0.975360,0.220618,0.000000,0.975026,0.222089,9.885723,-3.817936,0.003565,1,0,17.206620,0.000000
2.080000,4000.000000,-7.482756,35.903550,1,1,2,2,0.747576,0.747576,0.747576,0.000000,0.975446,0.220237,0.000000,0.975062,0.221931,9.902541,-3.815867,0.003968,1,0,17.211380,0.000000
2.090000,4000.000000,-7.520892,36.071430,1,1,2,2,0.747432,0.747431,0.747432,0.000000,0.975540,0.219824,0.000000,0.975103,0.221749,9.924902,-3.813632,0.004128,1,0,17.216110,0.000000
2.100000,4000.000000,-7.559004,36.239370,1,1,2,2,0.747168,0.747168,0.747168,0.000000,0.975540,0.219823,0.000000,0.975141,0.221583,9.956324,-3.811177,0.004782,1,0,17.220810,0.000000
2.110000,4000.000000,-7.597088,36.407360,1,1,2,2,0.746988,0.746988,0.746988,0.000000,0.975644,0.219362,0.000000,0.975184,0.221391,9.976332,-3.808413,0.005296,1,0,17.225500,0.000000
2.120000,4000.000000,-7.635142,36.575410,1,1,2,2,0.746814,0.746813,0.746814,0.000000,0.975755,0.218867,0.000000,0.975233,0.221173,10.002460,-3.805451,0.005526,1,0,17.230150,0.000000
2.130000,4000.000000,-7.673165,36.743510,1,1,2,2,0.746504,0.746504,0.746504,0.000000,0.975761,0.218838,0.000000,0.975279,0.220973,10.038270,-3.802232,0.006343,1,0,17.234780,0.000000
2.140000,4000.000000,-7.711152,36.911660,1,1,2,2,0.746283,0.746284,0.746284,0.000000,0.975882,0.218297,0.000000,0.975331,0.220743,10.062370,-3.798662,0.006983,1,0,17.239380,0.000000
2.150000,4000.000000,-7.749100,37.079880,1,1,2,2,0.746071,0.746071,0.746071,0.000000,0.976011,0.217723,0.000000,0.975389,0.220482,10.093150,-3.794854,0.007307,1,0,17.243950,0.000000
2.160000,4000.000000,-7.787008,37.248140,1,1,2,2,0.745706,0.745706,0.745706,0.000000,0.976014,0.217708,0.000000,0.975443,0.220243,10.133770,-3.790744,0.008328,1,0,17.248490,0.000000
2.170000,4000.000000,-7.824870,37.416470,1,1,2,2,0.745447,0.745447,0.745447,0.000000,0.976152,0.217089,0.000000,0.975505,0.219970,10.160900,-3.786235,0.009135,1,0,17.253000,0.000000
2.180000,4000.000000,-7.862685,37.584850,1,1,2,2,0.745193,0.745193,0.745193,0.000000,0.976308,0.216387,0.000000,0.975574,0.219660,10.196590,-3.781459,0.009566,1,0,17.257480,0.000000
2.190000,4000.000000,-7.900448,37.753280,1,1,2,2,0.744951,0.744951,0.744951,0.000000,0.998501,0.054741,0.000000,0.975652,0.219313,10.237960,-3.776331,0.009681,1,0,17.261920,0.000000
2.200000,4000.000000,-7.938156,37.921780,1,1,2,2,0.744462,0.744462,0.744462,0.000000,0.976476,0.215626,0.000000,0.975722,0.218996,10.300430,-3.770797,0.010729,1,0,17.266310,0.000000
2.210000,4000.000000,-7.975802,38.090330,1,1,2,2,0.744164,0.744164,0.744164,0.000000,0.976651,0.214831,0.000000,0.975802,0.218637,10.331640,-3.764651,0.011658,1,0,17.270670,0.000000
2.220000,4000.000000,-8.013384,38.258950,1,1,2,2,0.743879,0.743879,0.743879,0.000000,0.988824,0.149091,0.000000,0.975892,0.218237,10.371650,-3.758197,0.012144,1,0,17.274990,0.000000
2.230000,4000.000000,-8.050898,38.427620,1,1,2,2,0.743325,0.743325,0.743325,0.000000,0.976840,0.213973,0.000000,0.975974,0.217869,10.435450,-3.751349,0.013615,1,0,17.279270,0.000000
2.240000,4000.000000,-8.088336,38.596350,1,1,2,2,0.742980,0.742980,0.742980,0.000000,0.977041,0.213051,0.000000,0.976066,0.217456,10.466350,-3.743876,0.014897,1,0,17.283500,0.000000
2.250000,4000.000000,-8.125697,38.765140,1,1,2,2,0.742650,0.742651,0.742651,0.000000,0.977255,0.212066,0.000000,0.976170,0.216992,10.509740,-3.736098,0.015576,1,0,17.287690,0.000000
2.260000,4000.000000,-8.162976,38.933990,1,1,2,2,0.742028,0.742028,0.742028,0.000000,0.977255,0.212066,0.000000,0.976264,0.216569,10.577110,-3.727893,0.017398,1,0,17.291820,0.000000
2.270000,4000.000000,-8.200167,39.102910,1,1,2,2,0.741630,0.741631,0.741630,0.000000,0.977482,0.211018,0.000000,0.976370,0.216093,10.610900,-3.719028,0.018953,1,0,17.295910,0.000000
2.280000,4000.000000,-8.237265,39.271880,1,1,2,2,0.741251,0.741251,0.741251,0.000000,0.977716,0.209934,0.000000,0.976488,0.215562,10.657790,-3.709830,0.019855,1,0,17.299950,0.000000
2.290000,4000.000000,-8.274266,39.440920,1,1,2,2,0.740559,0.740558,0.740558,0.000000,0.977722,0.209904,0.000000,0.976595,0.215076,10.729440,-3.700169,0.022019,1,0,17.303930,0.000000
2.300000,4000.000000,-8.311164,39.610020,1,1,2,2,0.740105,0.740105,0.740105,0.000000,0.977974,0.208729,0.000000,0.976715,0.214532,10.766690,-3.689806,0.023842,1,0,17.307860,0.000000
2.310000,4000.000000,-8.347955,39.779180,1,1,2,2,0.739667,0.739667,0.739667,0.000000,0.978231,0.207519,0.000000,0.976848,0.213927,10.818880,-3.679076,0.024956,1,0,17.311730,0.000000
2.320000,4000.000000,-8.384633,39.948410,1,1,2,2,0.738902,0.738902,0.738902,0.000000,0.978238,0.207488,0.000000,0.976969,0.213374,10.894360,-3.667832,0.027492,1,0,17.315540,0.000000
2.330000,4000.000000,-8.421191,40.117700,1,1,2,2,0.738388,0.738388,0.738388,0.000000,0.978513,0.206185,0.000000,0.977104,0.212757,10.934830,-3.655847,0.029631,1,0,17.319290,0.000000
2.340000,4000.000000,-8.457625,40.287050,1,1,2,2,0.737891,0.737891,0.737891,0.000000,0.978800,0.204818,0.000000,0.977252,0.212074,10.991530,-3.643463,0.030996,1,0,17.322980,0.000000
2.350000,4000.000000,-8.493931,40.456470,1,1,2,2,0.737055,0.737055,0.737055,0.000000,0.978807,0.204787,0.000000,0.977388,0.211450,11.069430,-3.630521,0.033951,1,0,17.326590,0.000000
2.360000,4000.000000,-8.530099,40.625960,1,1,2,2,0.736473,0.736473,0.736473,0.000000,0.979105,0.203357,0.000000,0.977538,0.210755,11.114030,-3.616814,0.036419,1,0,17.330140,0.000000
2.370000,4000.000000,-8.566126,40.795510,1,1,2,2,0.735914,0.735914,0.735914,0.000000,0.979414,0.201861,0.000000,0.977703,0.209989,11.175420,-3.602667,0.038054,1,0,17.333630,0.000000
2.380000,4000.000000,-8.602005,40.965130,1,1,2,2,0.735010,0.735010,0.735010,0.000000,0.979417,0.201847,0.000000,0.977853,0.209290,11.254180,-3.587915,0.041469,1,0,17.337030,0.000000
2.390000,4000.000000,-8.637729,41.134810,1,1,2,2,0.734362,0.734362,0.734362,0.000000,0.979740,0.200273,0.000000,0.978018,0.208515,11.301670,-3.572390,0.044300,1,0,17.340370,0.000000
2.400000,4000.000000,-8.673293,41.304560,1,1,2,2,0.733735,0.733736,0.733736,0.000000,0.980077,0.198619,0.000000,0.978199,0.207664,11.367280,-3.556396,0.046258,1,0,17.343630,0.000000
2.410000,4000.000000,-8.708691,41.474380,1,1,2,2,0.732773,0.732773,0.732773,0.000000,0.980077,0.198619,0.000000,0.978364,0.206887,11.444920,-3.539754,0.050149,1,0,17.346810,0.000000
2.420000,4000.000000,-8.743915,41.644270,1,1,2,2,0.732060,0.732060,0.732060,0.000000,0.980420,0.196919,0.000000,0.978545,0.206030,11.494420,-3.522350,0.053373,1,0,17.349910,0.000000
2.430000,4000.000000,-8.778959,41.814220,1,1,2,2,0.731371,0.731371,0.731371,0.000000,0.980773,0.195153,0.000000,0.978742,0.205094,11.562520,-3.504457,0.055689,1,0,17.352930,0.000000
2.440000,4000.000000,-8.813818,41.984240,1,1,2,2,0.730361,0.730361,0.730361,0.000000,0.980776,0.195139,0.000000,0.978921,0.204239,11.635880,-3.485893,0.060095,1,0,17.355860,0.000000
2.450000,4000.000000,-8.848484,42.154330,1,1,2,2,0.729587,0.729586,0.729586,0.000000,0.981140,0.193297,0.000000,0.979116,0.203300,11.686540,-3.466606,0.063722,1,0,17.358700,0.000000
2.460000,4000.000000,-8.882953,42.324490,1,1,2,2,0.728843,0.728843,0.728843,0.000000,0.981506,0.191434,0.000000,0.979327,0.202280,11.755530,-3.446819,0.066399,1,0,17.361460,0.000000
2.470000,4000.000000,-8.917216,42.494720,1,1,2,2,0.727800,0.727800,0.727800,0.000000,0.981505,0.191435,0.000000,0.979520,0.201347,11.822810,-3.426350,0.071293,1,0,17.364120,0.000000
2.480000,4000.000000,-8.951268,42.665010,1,1,2,2,0.726970,0.726969,0.726969,0.000000,0.981879,0.189511,0.000000,0.979728,0.200329,11.873330,-3.405219,0.075332,1,0,17.366690,0.000000
2.490000,4000.000000,-8.985104,42.835380,1,1,2,2,0.726179,0.726180,0.726179,0.000000,0.982254,0.187555,0.000000,0.979953,0.199230,11.940980,-3.383588,0.078403,1,0,17.369170,0.000000
2.500000,4000.000000,-9.018717,43.005810,1,1,2,2,0.725427,0.725426,0.725427,0.000000,0.995301,0.096830,0.000000,0.980191,0.198052,12.020470,-3.361288,0.080737,1,0,17.371540,0.000000
2.510000,4000.000000,-9.052099,43.176310,1,1,2,2,0.724256,0.724256,0.724256,0.000000,0.982640,0.185524,0.000000,0.980408,0.196975,12.110730,-3.338202,0.085639,1,0,17.373800,0.000000
2.520000,4000.000000,-9.085241,43.346880,1,1,2,2,0.723437,0.723436,0.723437,0.000000,0.983022,0.183488,0.000000,0.980641,0.195815,12.152790,-3.314227,0.089949,1,0,17.375970,0.000000
2.530000,4000.000000,-9.118139,43.517520,1,1,2,2,0.722670,0.722670,0.722670,0.000000,0.983405,0.181424,0.000000,0.980887,0.194578,12.209770,-3.289834,0.093289,1,0,17.378020,0.000000
2.540000,4000.000000,-9.150788,43.688220,1,1,2,2,0.721532,0.721532,0.721532,0.000000,0.983403,0.181437,0.000000,0.981110,0.193448,12.272280,-3.264876,0.099064,1,0,17.379960,0.000000
2.550000,4000.000000,-9.183182,43.859000,1,1,2,2,0.720713,0.720713,0.720713,0.000000,0.983784,0.179355,0.000000,0.981348,0.192237,12.298690,-3.239300,0.104002,1,0,17.381800,0.000000
2.560000,4000.000000,-9.215317,44.029830,1,1,2,2,0.719950,0.719950,0.719950,0.000000,0.984164,0.177260,0.000000,0.981599,0.190951,12.342020,-3.213460,0.107860,1,0,17.383520,0.000000
2.570000,4000.000000,-9.247189,44.200740,1,1,2,2,0.718880,0.718879,0.718880,0.000000,0.984162,0.177274,0.000000,0.981827,0.189775,12.381560,-3.187190,0.114073,1,0,17.385130,0.000000
2.580000,4000.000000,-9.278794,44.371710,1,1,2,2,0.718082,0.718081,0.718082,0.000000,0.984534,0.175192,0.000000,0.982069,0.188522,12.396870,-3.160527,0.119300,1,0,17.386630,0.000000
2.590000,4000.000000,-9.310131,44.542740,1,1,2,2,0.717348,0.717348,0.717348,0.000000,0.984900,0.173127,0.000000,0.982322,0.187200,12.428470,-3.133710,0.123420,1,0,17.388020,0.000000
2.600000,4000.000000,-9.341197,44.713840,1,1,2,2,0.716374,0.716374,0.716374,0.000000,0.984894,0.173157,0.000000,0.982551,0.185991,12.445250,-3.106576,0.129848,1,0,17.389280,0.000000
2.610000,4000.000000,-9.371990,44.885000,1,1,2,2,0.715623,0.715623,0.715623,0.000000,0.985255,0.171090,0.000000,0.982793,0.184711,12.449980,-3.079275,0.135164,1,0,17.390430,0.000000
2.620000,4000.000000,-9.402510,45.056210,1,1,2,2,0.714938,0.714938,0.714938,0.000000,0.985601,0.169088,0.000000,0.983044,0.183371,12.469340,-3.051924,0.139422,1,0,17.391460,0.000000
2.630000,4000.000000,-9.432754,45.227490,1,1,2,2,0.714093,0.714094,0.714094,0.000000,0.985595,0.169120,0.000000,0.983271,0.182145,12.461920,-3.024377,0.145885,1,0,17.392370,0.000000
2.640000,4000.000000,-9.462723,45.398820,1,1,2,2,0.713414,0.713414,0.713414,0.000000,0.985927,0.167179,0.000000,0.983509,0.180858,12.454620,-2.996900,0.151163,1,0,17.393170,0.000000
2.650000,4000.000000,-9.492417,45.570200,1,1,2,2,0.712808,0.712809,0.712809,0.000000,0.986248,0.165274,0.000000,0.983754,0.179519,12.459280,-2.969492,0.155432,1,0,17.393850,0.000000
2.660000,4000.000000,-9.521837,45.741640,1,1,2,2,0.712129,0.712129,0.712129,0.000000,0.986242,0.165306,0.000000,0.983977,0.178295,12.425400,-2.942034,0.161765,1,0,17.394400,0.000000
2.670000,4000.000000,-9.550986,45.913130,1,1,2,2,0.711554,0.711555,0.711554,0.000000,0.986545,0.163493,0.000000,0.984207,0.177022,12.403940,-2.914908,0.166855,1,0,17.394840,0.000000
2.680000,4000.000000,-9.579866,46.084670,1,1,2,2,0.711063,0.711063,0.711063,0.000000,0.986832,0.161746,0.000000,0.984442,0.175711,12.390150,-2.887991,0.171036,1,0,17.395150,0.000000
2.690000,4000.000000,-9.608479,46.256250,1,1,2,2,0.710651,0.710651,0.710651,0.000000,0.994556,0.104205,0.000000,0.984679,0.174373,12.377650,-2.861206,0.174596,1,0,17.395350,0.000000
2.700000,4000.000000,-9.636824,46.427880,1,1,2,2,0.710159,0.710159,0.710159,0.000000,0.987092,0.160154,0.000000,0.984895,0.173151,12.332150,-2.834541,0.180043,1,0,17.395410,0.000000
2.710000,4000.000000,-9.664907,46.599560,1,1,2,2,0.709826,0.709826,0.709826,0.000000,0.987333,0.158660,0.000000,0.985113,0.171905,12.280290,-2.808322,0.184599,1,0,17.395360,0.000000
2.720000,4000.000000,-9.692733,46.771270,1,1,2,2,0.709582,0.709582,0.709582,0.000000,0.987557,0.157261,0.000000,0.985332,0.170648,12.230470,-2.782613,0.188436,1,0,17.395190,0.000000
2.730000,4000.000000,-9.720306,46.943020,1,1,2,2,0.709365,0.709365,0.709365,0.000000,0.987552,0.157292,0.000000,0.985530,0.169500,12.140860,-2.757393,0.193658,1,0,17.394890,0.000000
2.740000,4000.000000,-9.747637,47.114800,1,1,2,2,0.709235,0.709234,0.709235,0.000000,0.987749,0.156054,0.000000,0.985728,0.168344,12.061880,-2.733056,0.197836,1,0,17.394480,0.000000
2.750000,4000.000000,-9.774732,47.286620,1,1,2,2,0.709197,0.709197,0.709197,0.000000,0.987919,0.154973,0.000000,0.985923,0.167196,11.982830,-2.709496,0.201347,1,0,17.393950,0.000000
2.760000,4000.000000,-9.801599,47.458460,1,1,2,2,0.709289,0.709289,0.709289,0.000000,0.987914,0.155004,0.000000,0.986101,0.166147,11.856900,-2.686716,0.205790,1,0,17.393300,0.000000
2.770000,4000.000000,-9.828250,47.630330,1,1,2,2,0.709399,0.709398,0.709399,0.000000,0.988053,0.154114,0.000000,0.986275,0.165110,11.754340,-2.665178,0.209172,1,0,17.392540,0.000000
2.780000,4000.000000,-9.854696,47.802230,1,1,2,2,0.709604,0.709603,0.709604,0.000000,0.988172,0.153352,0.000000,0.986443,0.164101,11.648400,-2.644651,0.211997,1,0,17.391670,0.000000
2.790000,4000.000000,-9.880948,47.974140,1,1,2,2,0.710030,0.710030,0.710030,0.000000,0.988167,0.153383,0.000000,0.986596,0.163178,11.491010,-2.625170,0.215282,1,0,17.390690,0.000000
2.800000,4000.000000,-9.907021,48.146070,1,1,2,2,0.710409,0.710409,0.710409,0.000000,0.988251,0.152842,0.000000,0.986743,0.162290,11.366870,-2.607243,0.217579,1,0,17.389600,0.000000
2.810000,4000.000000,-9.932926,48.318020,1,1,2,2,0.710888,0.710888,0.710888,0.000000,0.988300,0.152524,0.000000,0.986880,0.161451,11.234080,-2.590541,0.219497,1,0,17.388410,0.000000
2.820000,4000.000000,-9.958677,48.489970,1,1,2,2,0.711667,0.711667,0.711667,0.000000,0.988295,0.152556,0.000000,0.987005,0.160685,11.048540,-2.575150,0.221357,1,0,17.387130,0.000000
2.830000,4000.000000,-9.984293,48.661930,1,1,2,2,0.712347,0.712347,0.712347,0.000000,0.988314,0.152430,0.000000,0.987121,0.159976,10.902540,-2.561592,0.222346,1,0,17.385750,0.000000
2.840000,4000.000000,-10.009790,48.833890,1,1,2,2,0.713125,0.713126,0.713125,0.000000,0.988295,0.152555,0.000000,0.987224,0.159338,10.744070,-2.549475,0.223122,1,0,17.384280,0.000000
2.850000,4000.000000,-10.035180,49.005860,1,1,2,2,0.713985,0.713985,0.713985,0.000000,0.992113,0.125346,0.000000,0.987313,0.158785,10.573120,-2.538924,0.223806,1,0,17.382740,0.000000
2.860000,4000.000000,-10.060480,49.177810,1,1,2,2,0.715275,0.715276,0.715275,0.000000,0.988241,0.152906,0.000000,0.987394,0.158280,10.346350,-2.530062,0.223617,1,0,17.381110,0.000000
2.870000,4000.000000,-10.085710,49.349770,1,1,2,2,0.716372,0.716372,0.716372,0.000000,0.988147,0.153509,0.000000,0.987460,0.157870,10.169770,-2.523439,0.222809,1,0,17.379420,0.000000
2.880000,4000.000000,-10.110900,49.521710,1,1,2,2,0.717547,0.717547,0.717547,0.000000,0.988018,0.154337,0.000000,0.987508,0.157566,9.976021,-2.518560,0.222119,1,0,17.377660,0.000000
2.890000,4000.000000,-10.136050,49.693640,1,1,2,2,0.719229,0.719228,0.719229,0.000000,0.988018,0.154337,0.000000,0.987552,0.157289,9.728051,-2.515595,0.219948,1,0,17.375840,0.000000
2.900000,4000.000000,-10.161200,49.865550,1,1,2,2,0.720656,0.720656,0.720656,0.000000,0.987844,0.155450,0.000000,0.987577,0.157128,9.536120,-2.515077,0.217357,1,0,17.373970,0.000000
2.910000,4000.000000,-10.186370,50.037440,1,1,2,2,0.722146,0.722146,0.722146,0.000000,0.987633,0.156784,0.000000,0.987582,0.157098,9.323732,-2.516454,0.215125,1,0,17.372070,0.000000
2.920000,4000.000000,-10.211570,50.209300,1,1,2,2,0.724202,0.724202,0.724202,0.000000,0.987635,0.156769,0.000000,0.987587,0.157070,9.061426,-2.519927,0.210816,1,0,17.370140,0.000000
2.930000,4000.000000,-10.236830,50.381140,1,1,2,2,0.725959,0.725960,0.725959,0.000000,0.987379,0.158375,0.000000,0.987569,0.157181,8.856853,-2.525987,0.206340,1,0,17.368180,0.000000
2.940000,4000.000000,-10.262170,50.552940,1,1,2,2,0.727763,0.727763,0.727763,0.000000,0.987082,0.160218,0.000000,0.987527,0.157442,8.629040,-2.534064,0.202451,1,0,17.366210,0.000000
2.950000,4000.000000,-10.287610,50.724710,1,1,2,2,0.730168,0.730167,0.730167,0.000000,0.987082,0.160218,0.000000,0.987489,0.157681,8.359721,-2.544388,0.195896,1,0,17.364240,0.000000
2.960000,4000.000000,-10.313190,50.896440,1,1,2,2,0.732236,0.732236,0.732236,0.000000,0.986744,0.162285,0.000000,0.987425,0.158079,8.147639,-2.557366,0.189462,1,0,17.362280,0.000000
2.970000,4000.000000,-10.338910,51.068130,1,1,2,2,0.734338,0.734337,0.734338,0.000000,0.986349,0.164670,0.000000,0.987335,0.158645,7.908236,-2.572431,0.183871,1,0,17.360340,0.000000
2.980000,4000.000000,-10.364810,51.239770,1,1,2,2,0.737054,0.737054,0.737054,0.000000,0.986352,0.164654,0.000000,0.987251,0.159162,7.639025,-2.589854,0.175046,1,0,17.358450,0.000000
2.990000,4000.000000,-10.390910,51.411360,1,1,2,2,0.739416,0.739416,0.739416,0.000000,0.985918,0.167229,0.000000,0.987139,0.159858,7.422204,-2.609926,0.166674,1,0,17.356590,0.000000
3.000000,4000.000000,-10.417230,51.582900,1,1,2,2,0.741787,0.741787,0.741787,0.000000,0.985437,0.170044,0.000000,0.986997,0.160735,7.177052,-2.632129,0.159352,1,0,17.354800,0.000000
3.010000,4000.000000,-10.443800,51.754390,1,1,2,2,0.744147,0.744147,0.744147,0.000000,0.985431,0.170075,0.000000,0.986823,0.161800,6.911979,-2.656741,0.152892,1,0,17.353090,0.000000
3.020000,4000.000000,-10.470640,51.925810,1,1,2,2,0.747386,0.747386,0.747386,0.000000,0.984905,0.173096,0.000000,0.986663,0.162773,6.594855,-2.683959,0.142192,1,0,17.351470,0.000000
3.030000,4000.000000,-10.497780,52.097180,1,1,2,2,0.749979,0.749979,0.749979,0.000000,0.984324,0.176370,0.000000,0.986469,0.163943,6.385508,-2.714292,0.131819,1,0,17.349950,0.000000
3.040000,4000.000000,-10.525250,52.268470,1,1,2,2,0.752531,0.752531,0.752531,0.000000,0.951416,0.307909,0.000000,0.986241,0.165311,6.148227,-2.746675,0.122851,1,0,17.348550,0.000000
3.050000,4000.000000,-10.553060,52.439700,1,1,2,2,0.755959,0.755960,0.755959,0.000000,0.983703,0.179803,0.000000,0.986031,0.166560,5.863842,-2.781382,0.109459,1,0,17.347300,0.000000
3.060000,4000.000000,-10.581250,52.610860,1,1,2,2,0.758709,0.758709,0.758709,0.000000,0.983027,0.183460,0.000000,0.985784,0.168016,5.680504,-2.818874,0.096899,1,0,17.346180,0.000000
3.070000,4000.000000,-10.609830,52.781940,1,1,2,2,0.761386,0.761386,0.761386,0.000000,0.982307,0.187276,0.000000,0.985499,0.169677,5.464719,-2.858153,0.086143,1,0,17.345230,0.000000
3.080000,4000.000000,-10.638830,52.952950,1,1,2,2,0.764929,0.764929,0.764929,0.000000,0.982307,0.187277,0.000000,0.985237,0.171194,5.209230,-2.899539,0.070752,1,0,17.344460,0.000000
3.090000,4000.000000,-10.668260,53.123870,1,1,2,2,0.767775,0.767775,0.767775,0.000000,0.981541,0.191250,0.000000,0.984935,0.172924,5.047932,-2.943417,0.056589,1,0,17.343880,0.000000
3.100000,4000.000000,-10.698150,53.294710,1,1,2,2,0.770522,0.770522,0.770522,0.000000,0.980727,0.195382,0.000000,0.984593,0.174859,4.852762,-2.988859,0.044488,1,0,17.343500,0.000000
3.110000,4000.000000,-10.728510,53.465470,1,1,2,2,0.774104,0.774104,0.774104,0.000000,0.980730,0.195367,0.000000,0.984277,0.176628,4.628324,-3.036198,0.027547,1,0,17.343350,0.000000
3.120000,4000.000000,-10.759370,53.636130,1,1,2,2,0.776984,0.776983,0.776984,0.000000,0.979878,0.199597,0.000000,0.983920,0.178609,4.491105,-3.085717,0.012165,1,0,17.343420,0.000000
3.130000,4000.000000,-10.790730,53.806710,1,1,2,2,0.779736,0.779736,0.779736,0.000000,0.978984,0.203937,0.000000,0.983521,0.180794,4.319280,-3.136556,-0.000935,1,0,17.343730,0.000000
3.140000,4000.000000,-10.822620,53.977200,1,1,2,2,0.783284,0.783284,0.783284,0.000000,0.978984,0.203938,0.000000,0.983152,0.182790,4.129084,-3.189055,-0.019017,1,0,17.344300,0.000000
3.150000,4000.000000,-10.855060,54.147590,1,1,2,2,0.786131,0.786131,0.786131,0.000000,0.978053,0.208356,0.000000,0.982739,0.184995,4.018240,-3.243392,-0.035243,1,0,17.345130,0.000000
3.160000,4000.000000,-10.888050,54.317880,1,1,2,2,0.788826,0.788826,0.788826,0.000000,0.977088,0.212837,0.000000,0.982284,0.187397,3.873405,-3.298783,-0.049037,1,0,17.346220,0.000000
3.170000,4000.000000,-10.921600,54.488080,1,1,2,2,0.792263,0.792263,0.792263,0.000000,0.977091,0.212821,0.000000,0.981863,0.189591,3.721625,-3.355563,-0.067872,1,0,17.347610,0.000000
3.180000,4000.000000,-10.955740,54.658180,1,1,2,2,0.795007,0.795007,0.795007,0.000000,0.976094,0.217351,0.000000,0.981398,0.191986,3.641275,-3.413797,-0.084599,1,0,17.349280,0.000000
3.190000,4000.000000,-10.990470,54.828190,1,1,2,2,0.797579,0.797579,0.797579,0.000000,0.975077,0.221867,0.000000,0.980889,0.194565,3.527524,-3.472782,-0.098770,1,0,17.351250,0.000000
3.200000,4000.000000,-11.025800,54.998090,1,1,2,2,0.800829,0.800829,0.800829,0.000000,0.975070,0.221898,0.000000,0.980419,0.196922,3.417255,-3.532845,-0.117940,1,0,17.353530,0.000000
3.210000,4000.000000,-11.061740,55.167890,1,1,2,2,0.803405,0.803405,0.803405,0.000000,0.974039,0.226382,0.000000,0.979904,0.199467,3.369732,-3.593949,-0.134792,1,0,17.356110,0.000000
3.220000,4000.000000,-11.098290,55.337590,1,1,2,2,0.805787,0.805788,0.805788,0.000000,0.972971,0.230926,0.000000,0.979348,0.202181,3.291152,-3.655478,-0.149020,1,0,17.359000,0.000000
3.230000,4000.000000,-11.135470,55.507180,1,1,2,2,0.807971,0.807971,0.807971,0.000000,0.972978,0.230897,0.000000,0.978752,0.205047,3.197976,-3.717737,-0.161246,1,0,17.362220,0.000000
3.240000,4000.000000,-11.173270,55.676670,1,1,2,2,0.811117,0.811117,0.811117,0.000000,0.971908,0.235360,0.000000,0.978200,0.207665,3.062683,-3.780867,-0.178701,1,0,17.365760,0.000000
3.250000,4000.000000,-11.211730,55.846060,1,1,2,2,0.813230,0.813231,0.813230,0.000000,0.970831,0.239763,0.000000,0.977607,0.210436,3.075737,-3.845279,-0.194674,1,0,17.369640,0.000000
3.260000,4000.000000,-11.250820,56.015340,1,1,2,2,0.815121,0.815121,0.815121,0.000000,0.966770,0.255648,0.000000,0.976978,0.213341,3.063006,-3.909519,-0.208028,1,0,17.373840,0.000000
3.270000,4000.000000,-11.290560,56.184520,1,1,2,2,0.817875,0.817875,0.817875,0.000000,0.969761,0.244057,0.000000,0.976395,0.215994,3.007722,-3.973842,-0.225871,1,0,17.378370,0.000000
3.280000,4000.000000,-11.330950,56.353590,1,1,2,2,0.819647,0.819647,0.819647,0.000000,0.968688,0.248282,0.000000,0.975774,0.218782,3.079708,-4.038661,-0.241755,1,0,17.383230,0.000000
3.290000,4000.000000,-11.371970,56.522570,1,1,2,2,0.821192,0.821192,0.821192,0.000000,0.926568,0.376127,0.000000,0.975119,0.221682,3.121179,-4.102734,-0.254794,1,0,17.388400,0.000000
3.300000,4000.000000,-11.413640,56.691440,1,1,2,2,0.823494,0.823493,0.823494,0.000000,0.967632,0.252364,0.000000,0.974513,0.224331,3.125541,-4.166360,-0.271777,1,0,17.393880,0.000000
3.310000,4000.000000,-11.455940,56.860220,1,1,2,2,0.824888,0.824887,0.824887,0.000000,0.966591,0.256323,0.000000,0.973873,0.227092,3.238886,-4.229902,-0.286596,1,0,17.399680,0.000000
3.320000,4000.000000,-11.498860,57.028900,1,1,2,2,0.826048,0.826048,0.826048,0.000000,0.965588,0.260078,0.000000,0.973204,0.229943,3.322298,-4.292299,-0.298553,1,0,17.405760,0.000000
3.330000,4000.000000,-11.542400,57.197490,1,1,2,2,0.827858,0.827857,0.827857,0.000000,0.965580,0.260106,0.000000,0.972585,0.232547,3.375893,-4.353845,-0.313967,1,0,17.412150,0.000000
3.340000,4000.000000,-11.586550,57.365990,1,1,2,2,0.828843,0.828843,0.828843,0.000000,0.964596,0.263732,0.000000,0.971937,0.235240,3.521369,-4.414831,-0.327135,1,0,17.418810,0.000000
3.350000,4000.000000,-11.631290,57.534410,1,1,2,2,0.829606,0.829606,0.829606,0.000000,0.963652,0.267159,0.000000,0.971266,0.237998,3.637724,-4.474365,-0.337550,1,0,17.425750,0.000000
3.360000,4000.000000,-11.676620,57.702740,1,1,2,2,0.830900,0.830900,0.830900,0.000000,0.963651,0.267164,0.000000,0.970645,0.240517,3.734251,-4.532734,-0.350967,1,0,17.432950,0.000000
3.370000,4000.000000,-11.722520,57.871000,1,1,2,2,0.831470,0.831470,0.831470,0.000000,0.962739,0.270434,0.000000,0.970002,0.243099,3.905231,-4.590133,-0.362163,1,0,17.440400,0.000000
3.380000,4000.000000,-11.768980,58.039180,1,1,2,2,0.831827,0.831826,0.831826,0.000000,0.961885,0.273455,0.000000,0.969340,0.245722,4.050343,-4.645840,-0.370793,1,0,17.448100,0.000000
3.390000,4000.000000,-11.815980,58.207290,1,1,2,2,0.832589,0.832589,0.832589,0.000000,0.961877,0.273484,0.000000,0.968730,0.248118,4.185687,-4.700111,-0.381940,1,0,17.456020,0.000000
3.400000,4000.000000,-11.863510,58.375340,1,1,2,2,0.832738,0.832738,0.832738,0.000000,0.961067,0.276316,0.000000,0.968103,0.250552,4.377226,-4.753043,-0.390922,1,0,17.464170,0.000000
3.410000,4000.000000,-11.911550,58.543330,1,1,2,2,0.832692,0.832692,0.832692,0.000000,0.960314,0.278921,0.000000,0.967466,0.253003,4.545775,-4.804093,-0.397577,1,0,17.472520,0.000000
3.420000,4000.000000,-11.960080,58.711270,1,1,2,2,0.832924,0.832924,0.832924,0.000000,0.960314,0.278922,0.000000,0.966878,0.255241,4.715356,-4.853490,-0.406267,1,0,17.481070,0.000000
3.430000,4000.000000,-12.009100,58.879160,1,1,2,2,0.832660,0.832661,0.832660,0.000000,0.959610,0.281334,0.000000,0.966280,0.257493,4.922920,-4.901225,-0.412903,1,0,17.489800,0.000000
3.440000,4000.000000,-12.058570,59.047010,1,1,2,2,0.832216,0.832216,0.832216,0.000000,0.958982,0.283468,0.000000,0.965680,0.259737,5.111752,-4.946934,-0.417493,1,0,17.498700,0.000000
3.450000,4000.000000,-12.108470,59.214820,1,1,2,2,0.831927,0.831928,0.831927,0.000000,0.958973,0.283497,0.000000,0.965126,0.261787,5.311055,-4.990802,-0.423603,1,0,17.507770,0.000000
3.460000,4000.000000,-12.158800,59.382610,1,1,2,2,0.831266,0.831266,0.831266,0.000000,0.958398,0.285436,0.000000,0.964570,0.263828,5.529523,-5.032732,-0.427796,1,0,17.516990,0.000000
3.470000,4000.000000,-12.209530,59.550370,1,1,2,2,0.830439,0.830439,0.830439,0.000000,0.957894,0.287122,0.000000,0.964018,0.265839,5.733966,-5.072540,-0.430237,1,0,17.526340,0.000000
3.480000,4000.000000,-12.260630,59.718120,1,1,2,2,0.829653,0.829653,0.829653,0.000000,0.957894,0.287123,0.000000,0.963509,0.267677,5.957129,-5.110367,-0.433703,1,0,17.535820,0.000000
3.490000,4000.000000,-12.312090,59.885860,1,1,2,2,0.828611,0.828611,0.828611,0.000000,0.957446,0.288613,0.000000,0.963006,0.269482,6.182872,-5.146034,-0.435433,1,0,17.545410,0.000000
3.500000,4000.000000,-12.363880,60.053590,1,1,2,2,0.827430,0.827430,0.827430,0.000000,0.957080,0.289825,0.000000,0.962513,0.271238,6.397668,-5.179520,-0.435715,1,0,17.555100,0.000000
3.510000,4000.000000,-12.415990,60.221330,1,1,2,2,0.826174,0.826174,0.826174,0.000000,0.957080,0.289823,0.000000,0.962059,0.272842,6.639972,-5.210933,-0.436542,1,0,17.564890,0.000000
3.520000,4000.000000,-12.468400,60.389090,1,1,2,2,0.824781,0.824782,0.824782,0.000000,0.956763,0.290868,0.000000,0.961617,0.274394,6.867901,-5.240012,-0.435807,1,0,17.574760,0.000000
3.530000,4000.000000,-12.521060,60.556860,1,1,2,2,0.823278,0.823278,0.823278,0.000000,0.956530,0.291634,0.000000,0.961192,0.275881,7.087631,-5.266896,-0.433936,1,0,17.584700,0.000000
3.540000,4000.000000,-12.573980,60.724660,1,1,2,2,0.821596,0.821596,0.821596,0.000000,0.956539,0.291604,0.000000,0.960801,0.277239,7.341863,-5.291669,-0.432147,1,0,17.594720,0.000000
3.550000,4000.000000,-12.627120,60.892500,1,1,2,2,0.819890,0.819892,0.819891,0.000000,0.956365,0.292174,0.000000,0.960428,0.278528,7.566689,-5.314000,-0.429013,1,0,17.604770,0.000000
3.560000,4000.000000,-12.680460,61.060380,1,1,2,2,0.818093,0.818093,0.818093,0.000000,0.956258,0.292526,0.000000,0.960078,0.279735,7.788889,-5.334173,-0.425089,1,0,17.614880,0.000000
3.570000,4000.000000,-12.733980,61.228300,1,1,2,2,0.816036,0.816036,0.816036,0.000000,0.956259,0.292523,0.000000,0.959756,0.280837,8.048874,-5.352217,-0.420808,1,0,17.625030,0.000000
3.580000,4000.000000,-12.787660,61.396290,1,1,2,2,0.814061,0.814061,0.814061,0.000000,0.956215,0.292666,0.000000,0.959457,0.281857,8.266131,-5.367770,-0.415395,1,0,17.635200,0.000000
3.590000,4000.000000,-12.841470,61.564330,1,1,2,2,0.812013,0.812012,0.812013,0.000000,0.956229,0.292618,0.000000,0.959184,0.282783,8.484639,-5.381244,-0.409493,1,0,17.645400,0.000000
3.600000,4000.000000,-12.895400,61.732450,1,1,2,2,0.809639,0.809640,0.809640,0.000000,0.956239,0.292588,0.000000,0.958935,0.283629,8.743080,-5.392628,-0.402841,1,0,17.655610,0.000000
3.610000,4000.000000,-12.949420,61.900650,1,1,2,2,0.807435,0.807434,0.807435,0.000000,0.956312,0.292347,0.000000,0.958712,0.284380,8.949471,-5.401540,-0.395309,1,0,17.665830,0.000000
3.620000,4000.000000,-13.003500,62.068930,1,1,2,2,0.805186,0.805185,0.805185,0.000000,0.956452,0.291891,0.000000,0.958519,0.285028,9.159771,-5.408481,-0.387603,1,0,17.676050,0.000000
3.630000,4000.000000,-13.057630,62.237300,1,1,2,2,0.802560,0.802560,0.802560,0.000000,0.956443,0.291921,0.000000,0.958343,0.285620,9.410546,-5.413413,-0.378801,1,0,17.686270,0.000000
3.640000,4000.000000,-13.111790,62.405780,1,1,2,2,0.800171,0.800170,0.800171,0.000000,0.956628,0.291314,0.000000,0.958197,0.286109,9.603450,-5.415949,-0.369370,1,0,17.696480,0.000000
3.650000,4000.000000,-13.165960,62.574360,1,1,2,2,0.797768,0.797768,0.797768,0.000000,0.956869,0.290521,0.000000,0.958084,0.286489,9.801030,-5.416644,-0.360017,1,0,17.706680,0.000000
3.660000,4000.000000,-13.220110,62.743050,1,1,2,2,0.794959,0.794959,0.794959,0.000000,0.956869,0.290521,0.000000,0.957979,0.286837,10.036680,-5.415452,-0.349260,1,0,17.716870,0.000000
3.670000,4000.000000,-13.274230,62.911850,1,1,2,2,0.792446,0.792445,0.792446,0.000000,0.957143,0.289615,0.000000,0.957907,0.287076,10.211080,-5.412011,-0.338168,1,0,17.727020,0.000000
3.680000,4000.000000,-13.328300,63.080780,1,1,2,2,0.789931,0.789932,0.789932,0.000000,0.957464,0.288552,0.000000,0.957869,0.287203,10.394160,-5.406906,-0.327406,1,0,17.737160,0.000000
3.690000,4000.000000,-13.382310,63.249840,1,1,2,2,0.787008,0.787008,0.787008,0.000000,0.957465,0.288551,0.000000,0.957834,0.287318,10.610400,-5.400052,-0.315019,1,0,17.747260,0.000000
3.700000,4000.000000,-13.436220,63.419030,1,1,2,2,0.784418,0.784418,0.784418,0.000000,0.957827,0.287345,0.000000,0.957833,0.287322,10.764950,-5.391133,-0.302553,1,0,17.757330,0.000000
3.710000,4000.000000,-13.490020,63.588360,1,1,2,2,0.781848,0.781849,0.781849,0.000000,0.958217,0.286043,0.000000,0.957866,0.287213,10.930000,-5.380739,-0.290643,1,0,17.767360,0.000000
3.720000,4000.000000,-13.543710,63.757840,1,1,2,2,0.779315,0.779315,0.779315,0.000000,0.991437,0.130589,0.000000,0.957932,0.286992,11.099950,-5.368766,-0.279172,1,0,17.777360,0.000000
3.730000,4000.000000,-13.597260,63.927460,1,1,2,2,0.776260,0.776260,0.776260,0.000000,0.958629,0.284658,0.000000,0.957992,0.286790,11.312740,-5.355167,-0.265666,1,0,17.787300,0.000000
3.740000,4000.000000,-13.650660,64.097230,1,1,2,2,0.773688,0.773688,0.773688,0.000000,0.959085,0.283118,0.000000,0.958086,0.286477,11.437960,-5.339531,-0.252119,1,0,17.797190,0.000000
3.750000,4000.000000,-13.703890,64.267160,1,1,2,2,0.771174,0.771174,0.771174,0.000000,0.959536,0.281585,0.000000,0.958212,0.286056,11.572470,-5.322697,-0.239352,1,0,17.807030,0.000000
3.760000,4000.000000,-13.756930,64.437250,1,1,2,2,0.768168,0.768168,0.768168,0.000000,0.959541,0.281570,0.000000,0.958327,0.285670,11.745830,-5.304573,-0.224595,1,0,17.816810,0.000000
3.770000,4000.000000,-13.809780,64.607500,1,1,2,2,0.765651,0.765651,0.765651,0.000000,0.960019,0.279936,0.000000,0.958474,0.285176,11.839400,-5.284787,-0.210156,1,0,17.826540,0.000000
3.780000,4000.000000,-13.862420,64.777920,1,1,2,2,0.763210,0.763209,0.763210,0.000000,0.960517,0.278223,0.000000,0.958651,0.284579,11.944690,-5.264103,-0.196722,1,0,17.836210,0.000000
3.790000,4000.000000,-13.914840,64.948500,1,1,2,2,0.760317,0.760317,0.760317,0.000000,0.960509,0.278250,0.000000,0.958813,0.284034,12.081410,-5.242405,-0.181303,1,0,17.845810,0.000000
3.800000,4000.000000,-13.967040,65.119260,1,1,2,2,0.757902,0.757901,0.757901,0.000000,0.961013,0.276503,0.000000,0.959005,0.283387,12.146930,-5.219394,-0.166453,1,0,17.855360,0.000000
3.810000,4000.000000,-14.019000,65.290180,1,1,2,2,0.755577,0.755577,0.755577,0.000000,0.961524,0.274721,0.000000,0.959225,0.282642,12.226160,-5.195751,-0.152800,1,0,17.864850,0.000000
3.820000,4000.000000,-14.070710,65.461280,1,1,2,2,0.752856,0.752857,0.752857,0.000000,0.961524,0.274722,0.000000,0.959425,0.281961,12.327870,-5.171340,-0.137205,1,0,17.874260,0.000000
3.830000,4000.000000,-14.122170,65.632550,1,1,2,2,0.750583,0.750583,0.750583,0.000000,0.962030,0.272943,0.000000,0.959653,0.281185,12.369050,-5.145949,-0.122390,1,0,17.883610,0.000000
3.840000,4000.000000,-14.173370,65.804000,1,1,2,2,0.748411,0.748411,0.748411,0.000000,0.962535,0.271159,0.000000,0.959905,0.280321,12.424070,-5.120157,-0.108852,1,0,17.892890,0.000000
3.850000,4000.000000,-14.224310,65.975620,1,1,2,2,0.745911,0.745913,0.745912,0.000000,0.962544,0.271127,0.000000,0.960136,0.279531,12.490350,-5.093827,-0.093422,1,0,17.902090,0.000000
3.860000,4000.000000,-14.274980,66.147420,1,1,2,2,0.743813,0.743813,0.743813,0.000000,0.963051,0.269319,0.000000,0.960391,0.278655,12.509510,-5.066854,-0.078977,1,0,17.911220,0.000000
3.870000,4000.000000,-14.325370,66.319390,1,1,2,2,0.741825,0.741824,0.741824,0.000000,0.963547,0.267540,0.000000,0.960667,0.277700,12.541920,-5.039688,-0.065845,1,0,17.920280,0.000000
3.880000,4000.000000,-14.375500,66.491530,1,1,2,2,0.739585,0.739586,0.739585,0.000000,0.963546,0.267541,0.000000,0.960919,0.276827,12.573940,-5.012200,-0.050905,1,0,17.929250,0.000000
3.890000,4000.000000,-14.425340,66.663850,1,1,2,2,0.737693,0.737693,0.737693,0.000000,0.964031,0.265792,0.000000,0.961192,0.275878,12.572320,-4.984396,-0.037110,1,0,17.938140,0.000000
3.900000,4000.000000,-14.474910,66.836340,1,1,2,2,0.735920,0.735919,0.735919,0.000000,0.964512,0.264040,0.000000,0.961483,0.274860,12.582720,-4.956597,-0.024640,1,0,17.946950,0.000000
3.910000,4000.000000,-14.524190,67.009000,1,1,2,2,0.734259,0.734260,0.734260,0.000000,0.988679,0.150046,0.000000,0.961790,0.273785,12.598270,-4.928687,-0.013193,1,0,17.955670,0.000000
3.920000,4000.000000,-14.573200,67.181830,1,1,2,2,0.732309,0.732309,0.732309,0.000000,0.964980,0.262325,0.000000,0.962070,0.272802,12.620260,-4.900612,0.000079,1,0,17.964290,0.000000
3.930000,4000.000000,-14.621920,67.354830,1,1,2,2,0.730775,0.730776,0.730776,0.000000,0.965427,0.260673,0.000000,0.962364,0.271761,12.589620,-4.872316,0.012462,1,0,17.972830,0.000000
3.940000,4000.000000,-14.670370,67.527990,1,1,2,2,0.729366,0.729366,0.729366,0.000000,0.965856,0.259081,0.000000,0.962671,0.270671,12.568340,-4.844302,0.023586,1,0,17.981260,0.000000
3.950000,4000.000000,-14.718530,67.701320,1,1,2,2,0.727751,0.727751,0.727751,0.000000,0.965856,0.259080,0.000000,0.962951,0.269676,12.546130,-4.816480,0.036208,1,0,17.989600,0.000000
3.960000,4000.000000,-14.766420,67.874810,1,1,2,2,0.726480,0.726480,0.726480,0.000000,0.966278,0.257500,0.000000,0.963242,0.268632,12.491100,-4.788861,0.047676,1,0,17.997840,0.000000
3.970000,4000.000000,-14.814040,68.048460,1,1,2,2,0.725339,0.725339,0.725339,0.000000,0.966653,0.256091,0.000000,0.963543,0.267551,12.445220,-4.761760,0.057847,1,0,18.005990,0.000000
3.980000,4000.000000,-14.861390,68.222270,1,1,2,2,0.724069,0.724069,0.724069,0.000000,0.966669,0.256030,0.000000,0.963817,0.266563,12.391310,-4.735087,0.069254,1,0,18.014020,0.000000
3.990000,4000.000000,-14.908480,68.396220,1,1,2,2,0.723071,0.723071,0.723071,0.000000,0.967030,0.254662,0.000000,0.964100,0.265538,12.320130,-4.708924,0.079399,1,0,18.021970,0.000000
4.000000,4000.000000,-14.955310,68.570340,1,1,2,2,0.722194,0.722195,0.722194,0.000000,0.967389,0.253295,0.000000,0.964389,0.264486,12.258410,-4.683436,0.088292,1,0,18.029820,0.000000
4.010000,4000.000000,-15.001900,68.744590,1,1,2,2,0.721266,0.721266,0.721266,0.000000,0.967389,0.253295,0.000000,0.964652,0.263525,12.179880,-4.658530,0.098218,1,0,18.037550,0.000000
4.020000,4000.000000,-15.048240,68.918990,1,1,2,2,0.720545,0.720545,0.720545,0.000000,0.967721,0.252025,0.000000,0.964922,0.262537,12.097390,-4.634372,0.106819,1,0,18.045190,0.000000
4.030000,4000.000000,-15.094350,69.093530,1,1,2,2,0.719931,0.719933,0.719932,0.000000,0.968019,0.250878,0.000000,0.965195,0.261532,12.024660,-4.610999,0.114246,1,0,18.052730,0.000000
4.040000,4000.000000,-15.140230,69.268200,1,1,2,2,0.719434,0.719433,0.719433,0.000000,0.968314,0.249736,0.000000,0.965469,0.260519,11.954260,-4.588316,0.120761,1,0,18.060160,0.000000
4.050000,4000.000000,-15.185900,69.443020,1,1,2,2,0.718876,0.718875,0.718875,0.000000,0.968313,0.249740,0.000000,0.965718,0.259592,11.872140,-4.566300,0.128159,1,0,18.067490,0.000000
4.060000,4000.000000,-15.231350,69.617960,1,1,2,2,0.718527,0.718529,0.718528,0.000000,0.968576,0.248718,0.000000,0.965968,0.258659,11.776960,-4.545068,0.134567,1,0,18.074710,0.000000
4.070000,4000.000000,-15.276590,69.793020,1,1,2,2,0.718288,0.718288,0.718288,0.000000,0.968806,0.247822,0.000000,0.966218,0.257724,11.687500,-4.524745,0.139969,1,0,18.081830,0.000000
4.080000,4000.000000,-15.321650,69.968210,1,1,2,2,0.718050,0.718049,0.718049,0.000000,0.968820,0.247764,0.000000,0.966446,0.256870,11.582950,-4.505275,0.145960,1,0,18.088840,0.000000
4.090000,4000.000000,-15.366510,70.143520,1,1,2,2,0.717956,0.717956,0.717956,0.000000,0.969031,0.246939,0.000000,0.966672,0.256017,11.478830,-4.486806,0.150889,1,0,18.095750,0.000000
4.100000,4000.000000,-15.411210,70.318940,1,1,2,2,0.717963,0.717962,0.717963,0.000000,0.969226,0.246175,0.000000,0.966895,0.255172,11.379650,-4.469335,0.154891,1,0,18.102570,0.000000
4.110000,4000.000000,-15.455740,70.494470,1,1,2,2,0.718019,0.718019,0.718019,0.000000,0.969217,0.246208,0.000000,0.967099,0.254400,11.262710,-4.452813,0.159246,1,0,18.109290,0.000000
4.120000,4000.000000,-15.500110,70.670110,1,1,2,2,0.718157,0.718160,0.718159,0.000000,0.969395,0.245508,0.000000,0.967299,0.253637,11.156270,-4.437414,0.162574,1,0,18.115910,0.000000
4.130000,4000.000000,-15.544340,70.845860,1,1,2,2,0.718388,0.718387,0.718387,0.000000,0.969532,0.244966,0.000000,0.967495,0.252888,11.054260,-4.423036,0.165087,1,0,18.122440,0.000000
4.140000,4000.000000,-15.588440,71.021700,1,1,2,2,0.718689,0.718690,0.718690,0.000000,0.969675,0.244398,0.000000,0.967685,0.252162,10.954520,-4.409636,0.166972,1,0,18.128870,0.000000
4.150000,4000.000000,-15.632410,71.197640,1,1,2,2,0.719056,0.719057,0.719057,0.000000,0.969667,0.244431,0.000000,0.967858,0.251498,10.838990,-4.397193,0.169019,1,0,18.135220,0.000000
4.160000,4000.000000,-15.676270,71.373670,1,1,2,2,0.719490,0.719491,0.719491,0.000000,0.969771,0.244016,0.000000,0.968024,0.250856,10.731020,-4.385861,0.170279,1,0,18.141480,0.000000
4.170000,4000.000000,-15.720020,71.549800,1,1,2,2,0.719989,0.719987,0.719988,0.000000,0.969852,0.243695,0.000000,0.968183,0.250241,10.626190,-4.375566,0.170955,1,0,18.147660,0.000000
4.180000,4000.000000,-15.763690,71.726010,1,1,2,2,0.720584,0.720583,0.720583,0.000000,0.969852,0.243693,0.000000,0.968329,0.249678,10.505900,-4.366278,0.171538,1,0,18.153750,0.000000
4.190000,4000.000000,-15.807270,71.902300,1,1,2,2,0.721198,0.721198,0.721198,0.000000,0.969915,0.243442,0.000000,0.968467,0.249142,10.399450,-4.358148,0.171423,1,0,18.159770,0.000000
4.200000,4000.000000,-15.850780,72.078670,1,1,2,2,0.721866,0.721868,0.721867,0.000000,0.969962,0.243257,0.000000,0.968596,0.248639,10.295220,-4.351042,0.170825,1,0,18.165710,0.000000
4.210000,4000.000000,-15.894230,72.255110,1,1,2,2,0.722576,0.722576,0.722576,0.000000,0.986351,0.164655,0.000000,0.968716,0.248172,10.193050,-4.344939,0.169858,1,0,18.171590,0.000000
4.220000,4000.000000,-15.937620,72.431630,1,1,2,2,0.723408,0.723409,0.723409,0.000000,0.969978,0.243192,0.000000,0.968825,0.247745,10.075520,-4.339818,0.168604,1,0,18.177390,0.000000
4.230000,4000.000000,-15.980980,72.608220,1,1,2,2,0.724230,0.724227,0.724228,0.000000,0.969979,0.243190,0.000000,0.968925,0.247353,9.973370,-4.335830,0.166828,1,0,18.183140,0.000000
4.240000,4000.000000,-16.024310,72.784870,1,1,2,2,0.725071,0.725070,0.725070,0.000000,0.969964,0.243250,0.000000,0.969014,0.247001,9.874685,-4.332825,0.164748,1,0,18.188830,0.000000
4.250000,4000.000000,-16.067620,72.961580,1,1,2,2,0.726049,0.726049,0.726049,0.000000,0.969963,0.243252,0.000000,0.969096,0.246678,9.761946,-4.330770,0.162243,1,0,18.194460,0.000000
4.260000,4000.000000,-16.110920,73.138350,1,1,2,2,0.726972,0.726972,0.726972,0.000000,0.969930,0.243385,0.000000,0.969168,0.246395,9.669166,-4.329801,0.159337,1,0,18.200040,0.000000
4.270000,4000.000000,-16.154210,73.315190,1,1,2,2,0.727922,0.727922,0.727922,0.000000,0.969882,0.243575,0.000000,0.969229,0.246154,9.574721,-4.329724,0.156298,1,0,18.205570,0.000000
4.280000,4000.000000,-16.197520,73.492070,1,1,2,2,0.729011,0.729011,0.729011,0.000000,0.969876,0.243601,0.000000,0.969285,0.245934,9.469187,-4.330557,0.152700,1,0,18.211070,0.000000
4.290000,4000.000000,-16.240840,73.669010,1,1,2,2,0.730021,0.730021,0.730021,0.000000,0.969812,0.243854,0.000000,0.969330,0.245755,9.385019,-4.332407,0.148814,1,0,18.216520,0.000000
4.300000,4000.000000,-16.284190,73.846000,1,1,2,2,0.731047,0.731048,0.731048,0.000000,0.969725,0.244200,0.000000,0.969364,0.245620,9.298164,-4.335066,0.144908,1,0,18.221940,0.000000
4.310000,4000.000000,-16.327580,74.023030,1,1,2,2,0.732076,0.732076,0.732076,0.000000,0.923380,0.383886,0.000000,0.969387,0.245530,9.211402,-4.338562,0.140981,1,0,18.227330,0.000000
4.320000,4000.000000,-16.371010,74.200110,1,1,2,2,0.733276,0.733276,0.733276,0.000000,0.969628,0.244585,0.000000,0.969408,0.245448,9.111935,-4.342892,0.136334,1,0,18.232700,0.000000
4.330000,4000.000000,-16.414490,74.377240,1,1,2,2,0.734356,0.734357,0.734357,0.000000,0.969530,0.244973,0.000000,0.969418,0.245411,9.037253,-4.348180,0.131541,1,0,18.238040,0.000000
4.340000,4000.000000,-16.458030,74.554400,1,1,2,2,0.735430,0.735430,0.735430,0.000000,0.969387,0.245538,0.000000,0.969416,0.245419,8.961130,-4.354186,0.126858,1,0,18.243370,0.000000
4.350000,4000.000000,-16.501640,74.731600,1,1,2,2,0.736661,0.736661,0.736661,0.000000,0.969396,0.245504,0.000000,0.969414,0.245426,8.875880,-4.360923,0.121404,1,0,18.248690,0.000000
4.360000,4000.000000,-16.545320,74.908840,1,1,2,2,0.737765,0.737765,0.737765,0.000000,0.969257,0.246050,0.000000,0.969401,0.245479,8.813191,-4.368481,0.115958,1,0,18.253990,0.000000
4.370000,4000.000000,-16.589090,75.086110,1,1,2,2,0.738855,0.738856,0.738856,0.000000,0.969112,0.246621,0.000000,0.969376,0.245579,8.746477,-4.376640,0.110762,1,0,18.259290,0.000000
4.380000,4000.000000,-16.632940,75.263400,1,1,2,2,0.739935,0.739935,0.739935,0.000000,0.969112,0.246623,0.000000,0.969339,0.245722,8.677429,-4.385440,0.105743,1,0,18.264590,0.000000
4.390000,4000.000000,-16.676890,75.440740,1,1,2,2,0.741197,0.741195,0.741196,0.000000,0.968950,0.247256,0.000000,0.969306,0.245853,8.598437,-4.394903,0.099808,1,0,18.269890,0.000000
4.400000,4000.000000,-16.720950,75.618100,1,1,2,2,0.742276,0.742277,0.742276,0.000000,0.968787,0.247895,0.000000,0.969261,0.246030,8.549864,-4.405126,0.093956,1,0,18.275190,0.000000
4.410000,4000.000000,-16.765100,75.795490,1,1,2,2,0.743342,0.743342,0.743342,0.000000,0.968608,0.248593,0.000000,0.969205,0.246251,8.495029,-4.415812,0.088450,1,0,18.280500,0.000000
4.420000,4000.000000,-16.809370,75.972920,1,1,2,2,0.744568,0.744567,0.744568,0.000000,0.968608,0.248591,0.000000,0.969154,0.246452,8.434017,-4.427025,0.082048,1,0,18.285830,0.000000
4.430000,4000.000000,-16.853760,76.150360,1,1,2,2,0.745634,0.745633,0.745634,0.000000,0.968428,0.249293,0.000000,0.969091,0.246698,8.395491,-4.438821,0.075888,1,0,18.291170,0.000000
4.440000,4000.000000,-16.898270,76.327830,1,1,2,2,0.746662,0.746661,0.746662,0.000000,0.968233,0.250049,0.000000,0.969017,0.246986,8.353248,-4.450985,0.070148,1,0,18.296520,0.000000
4.450000,4000.000000,-16.942910,76.505320,1,1,2,2,0.747662,0.747662,0.747662,0.000000,0.968232,0.250053,0.000000,0.968933,0.247315,8.306879,-4.463552,0.064771,1,0,18.301900,0.000000
4.460000,4000.000000,-16.987670,76.682830,1,1,2,2,0.748848,0.748849,0.748848,0.000000,0.968033,0.250822,0.000000,0.968856,0.247615,8.251568,-4.476562,0.058410,1,0,18.307300,0.000000
4.470000,4000.000000,-17.032570,76.860370,1,1,2,2,0.749832,0.749831,0.749831,0.000000,0.967837,0.251579,0.000000,0.968768,0.247956,8.227219,-4.490101,0.052272,1,0,18.312730,0.000000
4.480000,4000.000000,-17.077610,77.037930,1,1,2,2,0.750776,0.750776,0.750776,0.000000,0.967637,0.252348,0.000000,0.968672,0.248333,8.197986,-4.503870,0.046603,1,0,18.318180,0.000000
4.490000,4000.000000,-17.122790,77.215510,1,1,2,2,0.751872,0.751872,0.751872,0.000000,0.967638,0.252344,0.000000,0.968583,0.248679,8.163392,-4.517916,0.040059,1,0,18.323670,0.000000
4.500000,4000.000000,-17.168110,77.393100,1,1,2,2,0.752791,0.752789,0.752790,0.000000,0.967431,0.253137,0.000000,0.968485,0.249062,8.151543,-4.532290,0.033887,1,0,18.329180,0.000000
4.510000,4000.000000,-17.213580,77.570720,1,1,2,2,0.753667,0.753666,0.753667,0.000000,0.967236,0.253878,0.000000,0.968377,0.249480,8.132821,-4.546773,0.028279,1,0,18.334730,0.000000
4.520000,4000.000000,-17.259200,77.748370,1,1,2,2,0.754656,0.754654,0.754655,0.000000,0.967221,0.253935,0.000000,0.968279,0.249862,8.115470,-4.561430,0.021816,1,0,18.340310,0.000000
4.530000,4000.000000,-17.304960,77.926030,1,1,2,2,0.755494,0.755493,0.755493,0.000000,0.967014,0.254725,0.000000,0.968171,0.250279,8.112380,-4.576249,0.015864,1,0,18.345920,0.000000
4.540000,4000.000000,-17.350870,78.103710,1,1,2,2,0.756290,0.756292,0.756291,0.000000,0.966819,0.255462,0.000000,0.968055,0.250728,8.101890,-4.591092,0.010497,1,0,18.351580,0.000000
4.550000,4000.000000,-17.396930,78.281410,1,1,2,2,0.757042,0.757043,0.757042,0.000000,0.966618,0.256222,0.000000,0.967933,0.251202,8.089379,-4.606030,0.005537,1,0,18.357270,0.000000
4.560000,4000.000000,-17.443140,78.459130,1,1,2,2,0.757917,0.757917,0.757917,0.000000,0.966611,0.256250,0.000000,0.967820,0.251635,8.076968,-4.621084,-0.000306,1,0,18.363000,0.000000
4.570000,4000.000000,-17.489500,78.636870,1,1,2,2,0.758618,0.758617,0.758618,0.000000,0.966415,0.256986,0.000000,0.967700,0.252096,8.085223,-4.636251,-0.005729,1,0,18.368760,0.000000
4.580000,4000.000000,-17.536020,78.814630,1,1,2,2,0.759277,0.759277,0.759277,0.000000,0.966229,0.257686,0.000000,0.967574,0.252580,8.087512,-4.651333,-0.010619,1,0,18.374570,0.000000
4.590000,4000.000000,-17.582680,78.992410,1,1,2,2,0.760009,0.760009,0.760009,0.000000,0.966221,0.257716,0.000000,0.967459,0.253023,8.095350,-4.666388,-0.016245,1,0,18.380420,0.000000
4.600000,4000.000000,-17.629490,79.170210,1,1,2,2,0.760601,0.760600,0.760600,0.000000,0.966033,0.258420,0.000000,0.967337,0.253487,8.115482,-4.681360,-0.021359,1,0,18.386300,0.000000
4.610000,4000.000000,-17.676450,79.348040,1,1,2,2,0.761155,0.761156,0.761156,0.000000,0.965856,0.259079,0.000000,0.967212,0.253968,8.129195,-4.696132,-0.025954,1,0,18.392230,0.000000
4.620000,4000.000000,-17.723560,79.525890,1,1,2,2,0.761652,0.761653,0.761652,0.000000,0.938068,0.346450,0.000000,0.967082,0.254462,8.142602,-4.710766,-0.030117,1,0,18.398200,0.000000
4.630000,4000.000000,-17.770810,79.703760,1,1,2,2,0.762215,0.762213,0.762214,0.000000,0.965693,0.259686,0.000000,0.966963,0.254914,8.160869,-4.725266,-0.034942,1,0,18.404200,0.000000
4.640000,4000.000000,-17.818210,79.881650,1,1,2,2,0.762652,0.762652,0.762652,0.000000,0.965531,0.260289,0.000000,0.966841,0.255377,8.190890,-4.739583,-0.039341,1,0,18.410250,0.000000
4.650000,4000.000000,-17.865750,80.059580,1,1,2,2,0.763032,0.763029,0.763030,0.000000,0.965376,0.260863,0.000000,0.966716,0.255847,8.220226,-4.753605,-0.043288,1,0,18.416330,0.000000
4.660000,4000.000000,-17.913420,80.237530,1,1,2,2,0.763425,0.763425,0.763425,0.000000,0.965385,0.260831,0.000000,0.966602,0.256278,8.257719,-4.767339,-0.047672,1,0,18.422450,0.000000
4.670000,4000.000000,-17.961230,80.415500,1,1,2,2,0.763731,0.763732,0.763732,0.000000,0.965248,0.261337,0.000000,0.966487,0.256713,8.299314,-4.780705,-0.051591,1,0,18.428600,0.000000
4.680000,4000.000000,-18.009170,80.593510,1,1,2,2,0.763992,0.763992,0.763992,0.000000,0.965133,0.261760,0.000000,0.966371,0.257149,8.337527,-4.793665,-0.055042,1,0,18.434780,0.000000
4.690000,4000.000000,-18.057230,80.771550,1,1,2,2,0.764195,0.764195,0.764195,0.000000,0.933253,0.359219,0.000000,0.966256,0.257582,8.377910,-4.806252,-0.058164,1,0,18.441000,0.000000
4.700000,4000.000000,-18.105420,80.949620,1,1,2,2,0.764380,0.764381,0.764381,0.000000,0.965023,0.262167,0.000000,0.966150,0.257977,8.429139,-4.818444,-0.061589,1,0,18.447250,0.000000
4.710000,4000.000000,-18.153720,81.127720,1,1,2,2,0.764510,0.764508,0.764509,0.000000,0.964929,0.262511,0.000000,0.966046,0.258367,8.479570,-4.830137,-0.064567,1,0,18.453530,0.000000
4.720000,4000.000000,-18.202130,81.305860,1,1,2,2,0.764582,0.764582,0.764582,0.000000,0.964859,0.262768,0.000000,0.965945,0.258746,8.532403,-4.841339,-0.067251,1,0,18.459840,0.000000
4.730000,4000.000000,-18.250650,81.484040,1,1,2,2,0.764586,0.764587,0.764586,0.000000,0.964859,0.262770,0.000000,0.965851,0.259092,8.599470,-4.852026,-0.070001,1,0,18.466170,0.000000
4.740000,4000.000000,-18.299270,81.662250,1,1,2,2,0.764572,0.764571,0.764572,0.000000,0.964807,0.262959,0.000000,0.965761,0.259426,8.659065,-4.862063,-0.072316,1,0,18.472530,0.000000
4.750000,4000.000000,-18.347990,81.840510,1,1,2,2,0.764508,0.764508,0.764508,0.000000,0.964756,0.263147,0.000000,0.965676,0.259743,8.720514,-4.871521,-0.074345,1,0,18.478900,0.000000
4.760000,4000.000000,-18.396790,82.018800,1,1,2,2,0.764404,0.764404,0.764404,0.000000,0.957521,0.288365,0.000000,0.965596,0.260036,8.784623,-4.880382,-0.076191,1,0,18.485290,0.000000
4.770000,4000.000000,-18.445680,82.197140,1,1,2,2,0.764171,0.764171,0.764171,0.000000,0.964755,0.263151,0.000000,0.965524,0.260304,8.867752,-4.888621,-0.077868,1,0,18.491700,0.000000
4.780000,4000.000000,-18.494640,82.375520,1,1,2,2,0.763967,0.763966,0.763967,0.000000,0.964771,0.263092,0.000000,0.965458,0.260547,8.936770,-4.896054,-0.079185,1,0,18.498120,0.000000
4.790000,4000.000000,-18.543660,82.553950,1,1,2,2,0.763714,0.763715,0.763715,0.000000,0.964789,0.263025,0.000000,0.965401,0.260761,9.011129,-4.902819,-0.080368,1,0,18.504550,0.000000
4.800000,4000.000000,-18.592750,82.732430,1,1,2,2,0.763300,0.763299,0.763300,0.000000,0.964788,0.263029,0.000000,0.965348,0.260956,9.104911,-4.908863,-0.081153,1,0,18.510990,0.000000
4.810000,4000.000000,-18.641900,82.910960,1,1,2,2,0.762952,0.762952,0.762952,0.000000,0.964842,0.262831,0.000000,0.965304,0.261119,9.178795,-4.913999,-0.081620,1,0,18.517430,0.000000
4.820000,4000.000000,-18.691080,83.089550,1,1,2,2,0.762555,0.762555,0.762555,0.000000,0.964911,0.262578,0.000000,0.965270,0.261244,9.260598,-4.918419,-0.082046,1,0,18.523870,0.000000
4.830000,4000.000000,-18.740300,83.268200,1,1,2,2,0.762139,0.762140,0.762139,0.000000,0.965014,0.262199,0.000000,0.965248,0.261328,9.345486,-4.922047,-0.082458,1,0,18.530320,0.000000
4.840000,4000.000000,-18.789550,83.446910,1,1,2,2,0.761473,0.761473,0.761473,0.000000,0.965006,0.262228,0.000000,0.965227,0.261405,9.457612,-4.924853,-0.082157,1,0,18.536750,0.000000
4.850000,4000.000000,-18.838810,83.625670,1,1,2,2,0.760935,0.760934,0.760934,0.000000,0.965133,0.261760,0.000000,0.965218,0.261438,9.539833,-4.926575,-0.081567,1,0,18.543180,0.000000
4.860000,4000.000000,-18.888090,83.804500,1,1,2,2,0.760372,0.760372,0.760372,0.000000,0.965260,0.261293,0.000000,0.965223,0.261421,9.629374,-4.927500,-0.081100,1,0,18.549590,0.000000
4.870000,4000.000000,-18.937360,83.983400,1,1,2,2,0.759544,0.759544,0.759544,0.000000,0.965274,0.261240,0.000000,0.965227,0.261407,9.743832,-4.927559,-0.079712,1,0,18.555990,0.000000
4.880000,4000.000000,-18.986630,84.162370,1,1,2,2,0.758867,0.758868,0.758867,0.000000,0.965444,0.260612,0.000000,0.965245,0.261340,9.827136,-4.926511,-0.078167,1,0,18.562370,0.000000
4.890000,4000.000000,-19.035880,84.341410,1,1,2,2,0.758162,0.758162,0.758162,0.000000,0.965632,0.259914,0.000000,0.965278,0.261218,9.921857,-4.924657,-0.076866,1,0,18.568730,0.000000
4.900000,4000.000000,-19.085090,84.520520,1,1,2,2,0.757442,0.757442,0.757442,0.000000,0.965837,0.259150,0.000000,0.965327,0.261038,10.023870,-4.921886,-0.075740,1,0,18.575070,0.000000
4.910000,4000.000000,-19.134280,84.699700,1,1,2,2,0.756372,0.756372,0.756372,0.000000,0.965847,0.259115,0.000000,0.965371,0.260874,10.155890,-4.918128,-0.073303,1,0,18.581370,0.000000
4.920000,4000.000000,-19.183410,84.878970,1,1,2,2,0.755525,0.755525,0.755525,0.000000,0.966078,0.258252,0.000000,0.965432,0.260647,10.244920,-4.913092,-0.070744,1,0,18.587640,0.000000
4.930000,4000.000000,-19.232480,85.058310,1,1,2,2,0.754673,0.754674,0.754674,0.000000,0.966347,0.257243,0.000000,0.965511,0.260356,10.344350,-4.907195,-0.068559,1,0,18.593880,0.000000
4.940000,4000.000000,-19.281480,85.237740,1,1,2,2,0.753480,0.753481,0.753480,0.000000,0.966340,0.257267,0.000000,0.965582,0.260089,10.468630,-4.900333,-0.064908,1,0,18.600070,0.000000
4.950000,4000.000000,-19.330410,85.417250,1,1,2,2,0.752504,0.752504,0.752504,0.000000,0.966619,0.256220,0.000000,0.965672,0.259755,10.555950,-4.892270,-0.061337,1,0,18.606230,0.000000
4.960000,4000.000000,-19.379240,85.596860,1,1,2,2,0.751526,0.751526,0.751526,0.000000,0.966923,0.255070,0.000000,0.965781,0.259349,10.656570,-4.883361,-0.058279,1,0,18.612340,0.000000
4.970000,4000.000000,-19.427970,85.776550,1,1,2,2,0.750537,0.750538,0.750537,0.000000,0.967255,0.253806,0.000000,0.965909,0.258873,10.768420,-4.873476,-0.055582,1,0,18.618410,0.000000
4.980000,4000.000000,-19.476600,85.956340,1,1,2,2,0.749137,0.749136,0.749137,0.000000,0.967248,0.253834,0.000000,0.966026,0.258439,10.906630,-4.862506,-0.050982,1,0,18.624410,0.000000
4.990000,4000.000000,-19.525100,86.136220,1,1,2,2,0.748035,0.748035,0.748035,0.000000,0.967605,0.252471,0.000000,0.966162,0.257927,10.994130,-4.850198,-0.046497,1,0,18.630360,0.000000
5.000000,4000.000000,-19.573470,86.316190,1,1,2,2,0.746943,0.746943,0.746943,0.000000,0.967969,0.251072,0.000000,0.966319,0.257339,11.095960,-4.837040,-0.042647,1,0,18.636260,0.000000
5.010000,4000.000000,-19.621700,86.496270,1,1,2,2,0.745476,0.745476,0.745476,0.000000,0.967960,0.251104,0.000000,0.966462,0.256802,11.215570,-4.822894,-0.036811,1,0,18.642080,0.000000
5.020000,4000.000000,-19.669780,86.676450,1,1,2,2,0.744265,0.744265,0.744265,0.000000,0.968347,0.249607,0.000000,0.966627,0.256183,11.299240,-4.807588,-0.031372,1,0,18.647850,0.000000
5.030000,4000.000000,-19.717690,86.856720,1,1,2,2,0.743076,0.743076,0.743076,0.000000,0.968740,0.248078,0.000000,0.966812,0.255484,11.397660,-4.791469,-0.026678,1,0,18.653550,0.000000
5.040000,4000.000000,-19.765440,87.037100,1,1,2,2,0.741890,0.741890,0.741890,0.000000,0.969160,0.246431,0.000000,0.967018,0.254705,11.509890,-4.774392,-0.022546,1,0,18.659180,0.000000
5.050000,4000.000000,-19.813000,87.217590,1,1,2,2,0.740271,0.740271,0.740271,0.000000,0.969160,0.246433,0.000000,0.967205,0.253994,11.640050,-4.756222,-0.016025,1,0,18.664730,0.000000
5.060000,4000.000000,-19.860370,87.398190,1,1,2,2,0.738998,0.739000,0.738999,0.000000,0.969587,0.244745,0.000000,0.967413,0.253198,11.716810,-4.736789,-0.009850,1,0,18.670200,0.000000
5.070000,4000.000000,-19.907530,87.578890,1,1,2,2,0.737739,0.737738,0.737738,0.000000,0.970027,0.242996,0.000000,0.967643,0.252320,11.812960,-4.716608,-0.004529,1,0,18.675590,0.000000
5.080000,4000.000000,-19.954490,87.759700,1,1,2,2,0.736503,0.736504,0.736503,0.000000,0.986854,0.161615,0.000000,0.967893,0.251360,11.920540,-4.695487,0.000158,1,0,18.680900,0.000000
5.090000,4000.000000,-20.001220,87.940620,1,1,2,2,0.734780,0.734780,0.734780,0.000000,0.970487,0.241152,0.000000,0.968120,0.250483,12.050000,-4.673317,0.007478,1,0,18.686110,0.000000
5.100000,4000.000000,-20.047720,88.121660,1,1,2,2,0.733476,0.733475,0.733475,0.000000,0.970944,0.239307,0.000000,0.968368,0.249521,12.113250,-4.649887,0.014435,1,0,18.691240,0.000000
5.110000,4000.000000,-20.093980,88.302810,1,1,2,2,0.732197,0.732197,0.732197,0.000000,0.971426,0.237341,0.000000,0.968637,0.248478,12.196680,-4.625837,0.020411,1,0,18.696270,0.000000
5.120000,4000.000000,-20.139990,88.484080,1,1,2,2,0.730531,0.730531,0.730531,0.000000,0.971411,0.237403,0.000000,0.968881,0.247524,12.286100,-4.600970,0.028921,1,0,18.701200,0.000000
5.130000,4000.000000,-20.185740,88.665460,1,1,2,2,0.729203,0.729203,0.729203,0.000000,0.971899,0.235397,0.000000,0.969146,0.246483,12.335310,-4.575230,0.036621,1,0,18.706050,0.000000
5.140000,4000.000000,-20.231230,88.846950,1,1,2,2,0.727908,0.727906,0.727907,0.000000,0.972381,0.233400,0.000000,0.969431,0.245361,12.406630,-4.549005,0.043212,1,0,18.710800,0.000000
5.150000,4000.000000,-20.276450,89.028560,1,1,2,2,0.726656,0.726657,0.726656,0.000000,0.972867,0.231363,0.000000,0.969734,0.244161,12.490780,-4.522079,0.048967,1,0,18.715440,0.000000
5.160000,4000.000000,-20.321400,89.210290,1,1,2,2,0.724982,0.724982,0.724982,0.000000,0.972860,0.231394,0.000000,0.970010,0.243064,12.580840,-4.494326,0.057526,1,0,18.719970,0.000000
5.170000,4000.000000,-20.366050,89.392130,1,1,2,2,0.723688,0.723688,0.723688,0.000000,0.973348,0.229332,0.000000,0.970304,0.241885,12.620390,-4.465691,0.065381,1,0,18.724400,0.000000
5.180000,4000.000000,-20.410420,89.574080,1,1,2,2,0.722446,0.722449,0.722447,0.000000,0.973840,0.227235,0.000000,0.970616,0.240630,12.678400,-4.436663,0.072114,1,0,18.728730,0.000000
5.190000,4000.000000,-20.454490,89.756150,1,1,2,2,0.721259,0.721259,0.721259,0.000000,0.994734,0.102487,0.000000,0.970944,0.239303,12.747840,-4.407062,0.078023,1,0,18.732930,0.000000
5.200000,4000.000000,-20.498260,89.938340,1,1,2,2,0.719641,0.719642,0.719642,0.000000,0.974314,0.225194,0.000000,0.971242,0.238091,12.822770,-4.376773,0.086785,1,0,18.737020,0.000000
5.210000,4000.000000,-20.541720,90.120640,1,1,2,2,0.718444,0.718445,0.718445,0.000000,0.974809,0.223042,0.000000,0.971557,0.236802,12.840830,-4.345748,0.094803,1,0,18.741000,0.000000
5.220000,4000.000000,-20.584860,90.303060,1,1,2,2,0.717311,0.717310,0.717310,0.000000,0.975274,0.221001,0.000000,0.971887,0.235445,12.877220,-4.314538,0.101646,1,0,18.744850,0.000000
5.230000,4000.000000,-20.627690,90.485590,1,1,2,2,0.715880,0.715880,0.715880,0.000000,0.975274,0.221001,0.000000,0.972187,0.234205,12.902090,-4.282962,0.111064,1,0,18.748590,0.000000
5.240000,4000.000000,-20.670200,90.668230,1,1,2,2,0.714746,0.714746,0.714746,0.000000,0.975739,0.218936,0.000000,0.972502,0.232893,12.903230,-4.251137,0.119307,1,0,18.752210,0.000000
5.250000,4000.000000,-20.712390,90.850980,1,1,2,2,0.713691,0.713691,0.713691,0.000000,0.976201,0.216870,0.000000,0.972831,0.231515,12.922430,-4.219292,0.126267,1,0,18.755710,0.000000
5.260000,4000.000000,-20.754270,91.033840,1,1,2,2,0.712696,0.712697,0.712697,0.000000,0.976664,0.214772,0.000000,0.973172,0.230079,12.954650,-4.187248,0.132271,1,0,18.759090,0.000000
5.270000,4000.000000,-20.795820,91.216800,1,1,2,2,0.711419,0.711421,0.711420,0.000000,0.976658,0.214803,0.000000,0.973481,0.228767,12.970650,-4.154879,0.140943,1,0,18.762330,0.000000
5.280000,4000.000000,-20.837040,91.399870,1,1,2,2,0.710458,0.710458,0.710458,0.000000,0.977103,0.212767,0.000000,0.973803,0.227393,12.956730,-4.122346,0.148555,1,0,18.765460,0.000000
5.290000,4000.000000,-20.877940,91.583050,1,1,2,2,0.709569,0.709571,0.709570,0.000000,0.977524,0.210824,0.000000,0.974135,0.225968,12.959000,-4.089939,0.154988,1,0,18.768450,0.000000
5.300000,4000.000000,-20.918510,91.766320,1,1,2,2,0.708766,0.708765,0.708766,0.000000,0.977947,0.208852,0.000000,0.974475,0.224496,12.968720,-4.057498,0.160521,1,0,18.771310,0.000000
5.310000,4000.000000,-20.958760,91.949690,1,1,2,2,0.707700,0.707698,0.707699,0.000000,0.977953,0.208823,0.000000,0.974784,0.223149,12.963230,-4.024952,0.168546,1,0,18.774040,0.000000
5.320000,4000.000000,-20.998690,92.133160,1,1,2,2,0.706944,0.706944,0.706944,0.000000,0.978352,0.206946,0.000000,0.975102,0.221756,12.926760,-3.992451,0.175566,1,0,18.776640,0.000000
5.330000,4000.000000,-21.038290,92.316730,1,1,2,2,0.706279,0.706281,0.706280,0.000000,0.978740,0.205104,0.000000,0.975427,0.220322,12.903370,-3.960297,0.181410,1,0,18.779110,0.000000
5.340000,4000.000000,-21.077570,92.500400,1,1,2,2,0.705707,0.705707,0.705707,0.000000,0.978747,0.205073,0.000000,0.975757,0.218856,12.885530,-3.928361,0.186377,1,0,18.781440,0.000000
5.350000,4000.000000,-21.116540,92.684150,1,1,2,2,0.704905,0.704906,0.704906,0.000000,0.979124,0.203262,0.000000,0.976057,0.217515,12.853300,-3.896589,0.193553,1,0,18.783630,0.000000
5.360000,4000.000000,-21.155190,92.867990,1,1,2,2,0.704400,0.704400,0.704400,0.000000,0.979480,0.201542,0.000000,0.976362,0.216140,12.793330,-3.865124,0.199713,1,0,18.785690,0.000000
5.370000,4000.000000,-21.193530,93.051910,1,1,2,2,0.703995,0.703995,0.703995,0.000000,0.979819,0.199887,0.000000,0.976671,0.214740,12.743410,-3.834237,0.204745,1,0,18.787620,0.000000
5.380000,4000.000000,-21.231570,93.235920,1,1,2,2,0.703495,0.703496,0.703495,0.000000,0.979832,0.199824,0.000000,0.976952,0.213459,12.665880,-3.803830,0.211555,1,0,18.789410,0.000000
5.390000,4000.000000,-21.269310,93.420000,1,1,2,2,0.703172,0.703171,0.703171,0.000000,0.980160,0.198207,0.000000,0.977237,0.212150,12.590180,-3.774174,0.217028,1,0,18.791060,0.000000
5.400000,4000.000000,-21.306760,93.604160,1,1,2,2,0.702943,0.702942,0.702943,0.000000,0.980474,0.196651,0.000000,0.977524,0.210821,12.526640,-3.745252,0.221328,1,0,18.792590,0.000000
5.410000,4000.000000,-21.343930,93.788380,1,1,2,2,0.702800,0.702800,0.702800,0.000000,0.980754,0.195248,0.000000,0.977812,0.209482,12.469140,-3.716944,0.224765,1,0,18.793980,0.000000
5.420000,4000.000000,-21.380830,93.972680,1,1,2,2,0.702601,0.702601,0.702601,0.000000,0.980760,0.195216,0.000000,0.978074,0.208258,12.381420,-3.689190,0.229810,1,0,18.795240,0.000000
5.430000,4000.000000,-21.417450,94.157040,1,1,2,2,0.702558,0.702559,0.702558,0.000000,0.981031,0.193852,0.000000,0.978336,0.207020,12.294470,-3.662291,0.233702,1,0,18.796370,0.000000
5.440000,4000.000000,-21.453810,94.341470,1,1,2,2,0.702608,0.702608,0.702608,0.000000,0.981282,0.192578,0.000000,0.978599,0.205778,12.215590,-3.636236,0.236602,1,0,18.797370,0.000000
5.450000,4000.000000,-21.489920,94.525950,1,1,2,2,0.702738,0.702738,0.702738,0.000000,0.981518,0.191370,0.000000,0.978858,0.204539,12.140910,-3.610948,0.238756,1,0,18.798230,0.000000
5.460000,4000.000000,-21.525780,94.710490,1,1,2,2,0.702851,0.702851,0.702851,0.000000,0.981524,0.191341,0.000000,0.979094,0.203406,12.037190,-3.586385,0.242183,1,0,18.798970,0.000000
5.470000,4000.000000,-21.561410,94.895070,1,1,2,2,0.703100,0.703102,0.703101,0.000000,0.981740,0.190227,0.000000,0.979329,0.202275,11.934450,-3.562834,0.244582,1,0,18.799580,0.000000
5.480000,4000.000000,-21.596820,95.079710,1,1,2,2,0.703430,0.703431,0.703431,0.000000,0.981937,0.189209,0.000000,0.979560,0.201153,11.839190,-3.540285,0.246109,1,0,18.800070,0.000000
5.490000,4000.000000,-21.632000,95.264400,1,1,2,2,0.703844,0.703844,0.703844,0.000000,0.982108,0.188319,0.000000,0.979786,0.200047,11.745440,-3.518665,0.246972,1,0,18.800440,0.000000
5.500000,4000.000000,-21.666980,95.449120,1,1,2,2,0.704272,0.704271,0.704272,0.000000,0.982114,0.188286,0.000000,0.979992,0.199036,11.627210,-3.497959,0.248704,1,0,18.800690,0.000000
5.510000,4000.000000,-21.701770,95.633880,1,1,2,2,0.704797,0.704797,0.704797,0.000000,0.982266,0.187492,0.000000,0.980193,0.198041,11.513700,-3.478409,0.249541,1,0,18.800820,0.000000
5.520000,4000.000000,-21.736360,95.818680,1,1,2,2,0.705402,0.705401,0.705402,0.000000,0.982423,0.186668,0.000000,0.980390,0.197067,11.404850,-3.459968,0.249617,1,0,18.800830,0.000000
5.530000,4000.000000,-21.770790,96.003510,1,1,2,2,0.706078,0.706080,0.706079,0.000000,0.998288,0.058492,0.000000,0.980580,0.196121,11.296870,-3.442591,0.249137,1,0,18.800740,0.000000
5.540000,4000.000000,-21.805050,96.188370,1,1,2,2,0.706810,0.706809,0.706809,0.000000,0.982539,0.186059,0.000000,0.980752,0.195256,11.167380,-3.426270,0.249124,1,0,18.800540,0.000000
5.550000,4000.000000,-21.839170,96.373250,1,1,2,2,0.707599,0.707598,0.707599,0.000000,0.982640,0.185523,0.000000,0.980919,0.194417,11.047660,-3.411216,0.248296,1,0,18.800230,0.000000
5.560000,4000.000000,-21.873140,96.558160,1,1,2,2,0.708452,0.708451,0.708451,0.000000,0.982724,0.185075,0.000000,0.981078,0.193612,10.930900,-3.397334,0.246890,1,0,18.799820,0.000000
5.570000,4000.000000,-21.906990,96.743080,1,1,2,2,0.709409,0.709410,0.709409,0.000000,0.982725,0.185073,0.000000,0.981223,0.192876,10.791090,-3.384595,0.245644,1,0,18.799320,0.000000
5.580000,4000.000000,-21.940720,96.928020,1,1,2,2,0.710369,0.710369,0.710369,0.000000,0.982796,0.184697,0.000000,0.981361,0.192171,10.671130,-3.373225,0.243585,1,0,18.798730,0.000000
5.590000,4000.000000,-21.974350,97.112960,1,1,2,2,0.711383,0.711384,0.711383,0.000000,0.982844,0.184438,0.000000,0.981492,0.191504,10.553720,-3.363030,0.241029,1,0,18.798050,0.000000
5.600000,4000.000000,-22.007890,97.297920,1,1,2,2,0.712444,0.712445,0.712445,0.000000,0.982880,0.184245,0.000000,0.981614,0.190877,10.437890,-3.353984,0.238068,1,0,18.797290,0.000000
5.610000,4000.000000,-22.041350,97.482880,1,1,2,2,0.713628,0.713628,0.713628,0.000000,0.982886,0.184218,0.000000,0.981725,0.190303,10.303330,-3.346073,0.234971,1,0,18.796450,0.000000
5.620000,4000.000000,-22.074740,97.667850,1,1,2,2,0.714792,0.714791,0.714792,0.000000,0.982903,0.184125,0.000000,0.981828,0.189771,10.186700,-3.339480,0.231303,1,0,18.795540,0.000000
5.630000,4000.000000,-22.108080,97.852810,1,1,2,2,0.715986,0.715986,0.715986,0.000000,0.982915,0.184061,0.000000,0.981922,0.189284,10.072100,-3.334029,0.227324,1,0,18.794570,0.000000
5.640000,4000.000000,-22.141380,98.037770,1,1,2,2,0.717220,0.717218,0.717219,0.000000,0.982892,0.184184,0.000000,0.982007,0.188844,9.956396,-3.329700,0.223109,1,0,18.793530,0.000000
5.650000,4000.000000,-22.174640,98.222730,1,1,2,2,0.718589,0.718589,0.718589,0.000000,0.982898,0.184153,0.000000,0.982084,0.188441,9.827501,-3.326505,0.218428,1,0,18.792430,0.000000
5.660000,4000.000000,-22.207890,98.407680,1,1,2,2,0.719891,0.719893,0.719892,0.000000,0.982867,0.184314,0.000000,0.982152,0.188086,9.719830,-3.324572,0.213378,1,0,18.791280,0.000000
5.670000,4000.000000,-22.241130,98.592620,1,1,2,2,0.721224,0.721223,0.721223,0.000000,0.982831,0.184508,0.000000,0.982210,0.187780,9.610512,-3.323693,0.208192,1,0,18.790090,0.000000
5.680000,4000.000000,-22.274370,98.777540,1,1,2,2,0.722573,0.722573,0.722573,0.000000,0.982772,0.184824,0.000000,0.982258,0.187526,9.500100,-3.323884,0.202910,1,0,18.788850,0.000000
5.690000,4000.000000,-22.307620,98.962460,1,1,2,2,0.724072,0.724072,0.724072,0.000000,0.982766,0.184855,0.000000,0.982302,0.187294,9.379805,-3.325155,0.196942,1,0,18.787580,0.000000
5.700000,4000.000000,-22.340890,99.147350,1,1,2,2,0.725475,0.725476,0.725475,0.000000,0.982701,0.185201,0.000000,0.982337,0.187114,9.282261,-3.327604,0.190755,1,0,18.786280,0.000000
5.710000,4000.000000,-22.374200,99.332220,1,1,2,2,0.726896,0.726895,0.726895,0.000000,0.982627,0.185590,0.000000,0.982361,0.186986,9.180780,-3.331007,0.184601,1,0,18.784950,0.000000
5.720000,4000.000000,-22.407560,99.517070,1,1,2,2,0.728306,0.728306,0.728306,0.000000,0.958653,0.284578,0.000000,0.982375,0.186912,9.080317,-3.335402,0.178467,1,0,18.783610,0.000000
5.730000,4000.000000,-22.440960,99.701900,1,1,2,2,0.729884,0.729885,0.729885,0.000000,0.982526,0.186128,0.000000,0.982388,0.186844,8.971674,-3.340779,0.171454,1,0,18.782250,0.000000
5.740000,4000.000000,-22.474440,99.886700,1,1,2,2,0.731339,0.731339,0.731339,0.000000,0.982423,0.186668,0.000000,0.982391,0.186830,8.887044,-3.347219,0.164369,1,0,18.780880,0.000000
5.750000,4000.000000,-22.507980,100.071500,1,1,2,2,0.732778,0.732779,0.732779,0.000000,0.982302,0.187302,0.000000,0.982384,0.186869,8.800081,-3.354484,0.157479,1,0,18.779500,0.000000
5.760000,4000.000000,-22.541610,100.256200,1,1,2,2,0.734209,0.734209,0.734209,0.000000,0.982303,0.187301,0.000000,0.982366,0.186961,8.711178,-3.362597,0.150726,1,0,18.778130,0.000000
5.770000,4000.000000,-22.575320,100.440900,1,1,2,2,0.735810,0.735810,0.735810,0.000000,0.982181,0.187940,0.000000,0.982350,0.187045,8.617590,-3.371579,0.142941,1,0,18.776770,0.000000
5.780000,4000.000000,-22.609140,100.625600,1,1,2,2,0.737250,0.737250,0.737250,0.000000,0.982047,0.188637,0.000000,0.982324,0.187183,8.549973,-3.381474,0.135267,1,0,18.775420,0.000000
5.790000,4000.000000,-22.643060,100.810300,1,1,2,2,0.738667,0.738667,0.738667,0.000000,0.981900,0.189399,0.000000,0.982288,0.187373,8.478380,-3.392026,0.127910,1,0,18.774070,0.000000
5.800000,4000.000000,-22.677090,100.994900,1,1,2,2,0.740216,0.740216,0.740216,0.000000,0.981900,0.189399,0.000000,0.982255,0.187546,8.408647,-3.403275,0.119536,1,0,18.772750,0.000000
5.810000,4000.000000,-22.711240,101.179500,1,1,2,2,0.741640,0.741640,0.741640,0.000000,0.981752,0.190164,0.000000,0.982211,0.187772,8.353416,-3.415202,0.111478,1,0,18.771460,0.000000
5.820000,4000.000000,-22.745520,101.364000,1,1,2,2,0.743020,0.743019,0.743020,0.000000,0.981592,0.190991,0.000000,0.982158,0.188049,8.295047,-3.427664,0.103855,1,0,18.770190,0.000000
5.830000,4000.000000,-22.779930,101.548500,1,1,2,2,0.744382,0.744381,0.744381,0.000000,0.981431,0.191817,0.000000,0.982095,0.188375,8.230887,-3.440693,0.096593,1,0,18.768940,0.000000
5.840000,4000.000000,-22.814470,101.733000,1,1,2,2,0.745867,0.745867,0.745867,0.000000,0.981431,0.191818,0.000000,0.982038,0.188673,8.173573,-3.454344,0.088166,1,0,18.767740,0.000000
5.850000,4000.000000,-22.849160,101.917400,1,1,2,2,0.747202,0.747200,0.747201,0.000000,0.981257,0.192702,0.000000,0.981970,0.189020,8.133741,-3.468550,0.080130,1,0,18.766570,0.000000
5.860000,4000.000000,-22.883990,102.101800,1,1,2,2,0.748496,0.748497,0.748497,0.000000,0.981081,0.193600,0.000000,0.981895,0.189414,8.088265,-3.483140,0.072590,1,0,18.765450,0.000000
5.870000,4000.000000,-22.918970,102.286200,1,1,2,2,0.749746,0.749745,0.749746,0.000000,0.980905,0.194490,0.000000,0.981810,0.189854,8.039729,-3.498169,0.065506,1,0,18.764360,0.000000
5.880000,4000.000000,-22.954110,102.470500,1,1,2,2,0.751134,0.751133,0.751133,0.000000,0.980899,0.194520,0.000000,0.981732,0.190257,7.996411,-3.513667,0.057216,1,0,18.763330,0.000000
5.890000,4000.000000,-22.989400,102.654800,1,1,2,2,0.752347,0.752347,0.752347,0.000000,0.980722,0.195410,0.000000,0.981646,0.190701,7.974565,-3.529582,0.049315,1,0,18.762350,0.000000
5.900000,4000.000000,-23.024860,102.839000,1,1,2,2,0.753514,0.753512,0.753513,0.000000,0.980526,0.196391,0.000000,0.981551,0.191190,7.945057,-3.545703,0.042064,1,0,18.761420,0.000000
5.910000,4000.000000,-23.060480,103.023200,1,1,2,2,0.754625,0.754625,0.754625,0.000000,0.980334,0.197345,0.000000,0.981449,0.191717,7.914218,-3.562105,0.035254,1,0,18.760540,0.000000
5.920000,4000.000000,-23.096270,103.207300,1,1,2,2,0.755877,0.755877,0.755877,0.000000,0.980341,0.197311,0.000000,0.981355,0.192198,7.887341,-3.578803,0.027279,1,0,18.759720,0.000000
5.930000,4000.000000,-23.132230,103.391500,1,1,2,2,0.756948,0.756948,0.756948,0.000000,0.980148,0.198269,0.000000,0.981252,0.192720,7.879289,-3.595757,0.019845,1,0,18.758960,0.000000
5.940000,4000.000000,-23.168350,103.575500,1,1,2,2,0.757956,0.757955,0.757955,0.000000,0.979949,0.199251,0.000000,0.981142,0.193279,7.866698,-3.612781,0.013054,1,0,18.758250,0.000000
5.950000,4000.000000,-23.204650,103.759600,1,1,2,2,0.758911,0.758911,0.758911,0.000000,0.979961,0.199189,0.000000,0.981026,0.193871,7.850605,-3.629920,0.006774,1,0,18.757610,0.000000
5.960000,4000.000000,-23.241120,103.943600,1,1,2,2,0.760004,0.760005,0.760004,0.000000,0.979766,0.200148,0.000000,0.980919,0.194412,7.837735,-3.647210,-0.000627,1,0,18.757040,0.000000
5.970000,4000.000000,-23.277770,104.127500,1,1,2,2,0.760899,0.760899,0.760899,0.000000,0.979571,0.201099,0.000000,0.980805,0.194988,7.846305,-3.664618,-0.007455,1,0,18.756520,0.000000
5.980000,4000.000000,-23.314590,104.311400,1,1,2,2,0.761738,0.761738,0.761738,0.000000,0.979376,0.202048,0.000000,0.980684,0.195594,7.848198,-3.681934,-0.013618,1,0,18.756070,0.000000
5.990000,4000.000000,-23.351580,104.495300,1,1,2,2,0.762657,0.762657,0.762657,0.000000,0.979381,0.202023,0.000000,0.980573,0.196148,7.859742,-3.699224,-0.020740,1,0,18.755690,0.000000
6.000000,4000.000000,-23.388750,104.679100,1,1,2,2,0.763434,0.763434,0.763434,0.000000,0.979191,0.202942,0.000000,0.980456,0.196735,7.877388,-3.716393,-0.027088,1,0,18.755360,0.000000
6.010000,4000.000000,-23.426080,104.862900,1,1,2,2,0.764153,0.764153,0.764153,0.000000,0.978993,0.203895,0.000000,0.980332,0.197350,7.887391,-3.733381,-0.032717,1,0,18.755100,0.000000
6.020000,4000.000000,-23.463580,105.046700,1,1,2,2,0.764821,0.764820,0.764820,0.000000,0.978819,0.204725,0.000000,0.980204,0.197988,7.892187,-3.750264,-0.037762,1,0,18.754910,0.000000
6.030000,4000.000000,-23.501250,105.230400,1,1,2,2,0.765569,0.765569,0.765569,0.000000,0.978806,0.204788,0.000000,0.980086,0.198572,7.906938,-3.767094,-0.043791,1,0,18.754780,0.000000
6.040000,4000.000000,-23.539090,105.414100,1,1,2,2,0.766168,0.766169,0.766169,0.000000,0.978626,0.205647,0.000000,0.979962,0.199182,7.932189,-3.783772,-0.049166,1,0,18.754720,0.000000
6.050000,4000.000000,-23.577090,105.597800,1,1,2,2,0.766717,0.766717,0.766717,0.000000,0.978434,0.206562,0.000000,0.979833,0.199814,7.949216,-3.800195,-0.053841,1,0,18.754720,0.000000
6.060000,4000.000000,-23.615260,105.781400,1,1,2,2,0.767201,0.767201,0.767201,0.000000,0.978258,0.207391,0.000000,0.979700,0.200465,7.963731,-3.816446,-0.057962,1,0,18.754780,0.000000
6.070000,4000.000000,-23.653580,105.965000,1,1,2,2,0.767781,0.767779,0.767780,0.000000,0.978265,0.207359,0.000000,0.979579,0.201060,7.983945,-3.832549,-0.062988,1,0,18.754920,0.000000
6.080000,4000.000000,-23.692070,106.148500,1,1,2,2,0.768212,0.768212,0.768212,0.000000,0.978089,0.208189,0.000000,0.979453,0.201674,8.016503,-3.848448,-0.067447,1,0,18.755110,0.000000
6.090000,4000.000000,-23.730710,106.332100,1,1,2,2,0.768582,0.768584,0.768583,0.000000,0.977919,0.208983,0.000000,0.979322,0.202305,8.042524,-3.864022,-0.071213,1,0,18.755370,0.000000
6.100000,4000.000000,-23.769500,106.515600,1,1,2,2,0.768905,0.768905,0.768905,0.000000,0.965701,0.259657,0.000000,0.979189,0.202948,8.065083,-3.879336,-0.074485,1,0,18.755680,0.000000
6.110000,4000.000000,-23.808450,106.699100,1,1,2,2,0.769315,0.769315,0.769315,0.000000,0.977750,0.209774,0.000000,0.979067,0.203535,8.092526,-3.894424,-0.078584,1,0,18.756070,0.000000
6.120000,4000.000000,-23.847540,106.882500,1,1,2,2,0.769577,0.769577,0.769577,0.000000,0.977579,0.210571,0.000000,0.978942,0.204138,8.131466,-3.909238,-0.082079,1,0,18.756510,0.000000
6.130000,4000.000000,-23.886780,107.065900,1,1,2,2,0.769788,0.769788,0.769788,0.000000,0.977427,0.211272,0.000000,0.978814,0.204752,8.164604,-3.923667,-0.084970,1,0,18.757010,0.000000
6.140000,4000.000000,-23.926150,107.249300,1,1,2,2,0.770048,0.770048,0.770048,0.000000,0.977427,0.211272,0.000000,0.978696,0.205313,8.205430,-3.937767,-0.088521,1,0,18.757570,0.000000
6.150000,4000.000000,-23.965670,107.432700,1,1,2,2,0.770211,0.770211,0.770211,0.000000,0.977277,0.211968,0.000000,0.978576,0.205887,8.247008,-3.951462,-0.091406,1,0,18.758190,0.000000
6.160000,4000.000000,-24.005320,107.616000,1,1,2,2,0.770319,0.770318,0.770319,0.000000,0.977124,0.212671,0.000000,0.978453,0.206470,8.282848,-3.964747,-0.093665,1,0,18.758860,0.000000
6.170000,4000.000000,-24.045090,107.799400,1,1,2,2,0.770393,0.770393,0.770393,0.000000,0.976972,0.213368,0.000000,0.978328,0.207060,8.312581,-3.977678,-0.095440,1,0,18.759590,0.000000
6.180000,4000.000000,-24.085000,107.982700,1,1,2,2,0.770514,0.770514,0.770514,0.000000,0.976979,0.213334,0.000000,0.978214,0.207599,8.350327,-3.990315,-0.097865,1,0,18.760370,0.000000
6.190000,4000.000000,-24.125020,108.166000,1,1,2,2,0.770536,0.770536,0.770536,0.000000,0.976839,0.213978,0.000000,0.978097,0.208147,8.392000,-4.002579,-0.099736,1,0,18.761200,0.000000
6.200000,4000.000000,-24.165160,108.349200,1,1,2,2,0.770520,0.770522,0.770521,0.000000,0.976707,0.214577,0.000000,0.977980,0.208699,8.427402,-4.014433,-0.101088,1,0,18.762080,0.000000
6.210000,4000.000000,-24.205430,108.532500,1,1,2,2,0.770462,0.770463,0.770463,0.000000,0.976581,0.215150,0.000000,0.977861,0.209254,8.459869,-4.025938,-0.102015,1,0,18.763020,0.000000
6.220000,4000.000000,-24.245800,108.715700,1,1,2,2,0.770464,0.770464,0.770464,0.000000,0.976581,0.215150,0.000000,0.977752,0.209762,8.496164,-4.037124,-0.103519,1,0,18.764010,0.000000
6.230000,4000.000000,-24.286280,108.899000,1,1,2,2,0.770373,0.770374,0.770373,0.000000,0.976455,0.215720,0.000000,0.977642,0.210274,8.537262,-4.047952,-0.104552,1,0,18.765040,0.000000
6.240000,4000.000000,-24.326860,109.082200,1,1,2,2,0.770249,0.770250,0.770250,0.000000,0.976342,0.216234,0.000000,0.977532,0.210788,8.572917,-4.058377,-0.105130,1,0,18.766120,0.000000
6.250000,4000.000000,-24.367540,109.265400,1,1,2,2,0.770088,0.770088,0.770088,0.000000,0.966450,0.256855,0.000000,0.977421,0.211301,8.606632,-4.068451,-0.105355,1,0,18.767240,0.000000
6.260000,4000.000000,-24.408330,109.448600,1,1,2,2,0.769984,0.769984,0.769984,0.000000,0.976229,0.216744,0.000000,0.977319,0.211770,8.642193,-4.078196,-0.106073,1,0,18.768420,0.000000
6.270000,4000.000000,-24.449200,109.631800,1,1,2,2,0.769798,0.769797,0.769798,0.000000,0.976117,0.217247,0.000000,0.977218,0.212239,8.683518,-4.087591,-0.106424,1,0,18.769630,0.000000
6.280000,4000.000000,-24.490170,109.815000,1,1,2,2,0.769573,0.769574,0.769574,0.000000,0.976017,0.217695,0.000000,0.977115,0.212709,8.720570,-4.096581,-0.106333,1,0,18.770890,0.000000
6.290000,4000.000000,-24.531220,109.998200,1,1,2,2,0.769385,0.769386,0.769386,0.000000,0.976017,0.217693,0.000000,0.977022,0.213139,8.761098,-4.105208,-0.106636,1,0,18.772190,0.000000
6.300000,4000.000000,-24.572350,110.181300,1,1,2,2,0.769146,0.769147,0.769147,0.000000,0.975925,0.218105,0.000000,0.976928,0.213569,8.800298,-4.113438,-0.106523,1,0,18.773520,0.000000
6.310000,4000.000000,-24.613570,110.364500,1,1,2,2,0.768881,0.768881,0.768881,0.000000,0.975832,0.218522,0.000000,0.976834,0.213997,8.834836,-4.121285,-0.106027,1,0,18.774900,0.000000
6.320000,4000.000000,-24.654850,110.547700,1,1,2,2,0.768596,0.768597,0.768596,0.000000,0.975734,0.218960,0.000000,0.976741,0.214422,8.865791,-4.128794,-0.105253,1,0,18.776310,0.000000
6.330000,4000.000000,-24.696210,110.730800,1,1,2,2,0.768338,0.768338,0.768338,0.000000,0.975747,0.218901,0.000000,0.976656,0.214809,8.902067,-4.136001,-0.104878,1,0,18.777750,0.000000
6.340000,4000.000000,-24.737640,110.914000,1,1,2,2,0.768039,0.768039,0.768039,0.000000,0.975653,0.219318,0.000000,0.976571,0.215195,8.936949,-4.142853,-0.104152,1,0,18.779230,0.000000
6.350000,4000.000000,-24.779140,111.097200,1,1,2,2,0.767716,0.767716,0.767716,0.000000,0.975576,0.219663,0.000000,0.976487,0.215577,8.969316,-4.149365,-0.103154,1,0,18.780750,0.000000
6.360000,4000.000000,-24.820690,111.280300,1,1,2,2,0.767388,0.767387,0.767387,0.000000,0.975504,0.219982,0.000000,0.976403,0.215955,8.995984,-4.155561,-0.101888,1,0,18.782300,0.000000
6.370000,4000.000000,-24.862310,111.463500,1,1,2,2,0.767087,0.767085,0.767086,0.000000,0.975504,0.219981,0.000000,0.976326,0.216302,9.026249,-4.161497,-0.100962,1,0,18.783870,0.000000
6.380000,4000.000000,-24.903980,111.646700,1,1,2,2,0.766737,0.766737,0.766737,0.000000,0.975440,0.220267,0.000000,0.976249,0.216645,9.058875,-4.167138,-0.099782,1,0,18.785480,0.000000
6.390000,4000.000000,-24.945700,111.829900,1,1,2,2,0.766388,0.766388,0.766388,0.000000,0.975375,0.220554,0.000000,0.976173,0.216983,9.085539,-4.172461,-0.098363,1,0,18.787120,0.000000
6.400000,4000.000000,-24.987480,112.013000,1,1,2,2,0.766018,0.766018,0.766018,0.000000,0.975368,0.220584,0.000000,0.976099,0.217317,9.111468,-4.177525,-0.096767,1,0,18.788780,0.000000
6.410000,4000.000000,-25.029300,112.196200,1,1,2,2,0.765687,0.765685,0.765686,0.000000,0.975310,0.220840,0.000000,0.976031,0.217621,9.137840,-4.182336,-0.095459,1,0,18.790480,0.000000
6.420000,4000.000000,-25.071170,112.379400,1,1,2,2,0.765319,0.765319,0.765319,0.000000,0.975246,0.221122,0.000000,0.975963,0.217921,9.166328,-4.186891,-0.093981,1,0,18.792190,0.000000
6.430000,4000.000000,-25.113080,112.562600,1,1,2,2,0.764942,0.764941,0.764941,0.000000,0.975202,0.221317,0.000000,0.975897,0.218216,9.191563,-4.191168,-0.092298,1,0,18.793930,0.000000
6.440000,4000.000000,-25.155030,112.745800,1,1,2,2,0.764587,0.764587,0.764587,0.000000,0.975194,0.221351,0.000000,0.975837,0.218485,9.218394,-4.195200,-0.090846,1,0,18.795700,0.000000
6.450000,4000.000000,-25.197020,112.929100,1,1,2,2,0.764207,0.764207,0.764207,0.000000,0.975145,0.221568,0.000000,0.975777,0.218750,9.245372,-4.198972,-0.089209,1,0,18.797490,0.000000
6.460000,4000.000000,-25.239050,113.112300,1,1,2,2,0.763831,0.763831,0.763831,0.000000,0.975101,0.221761,0.000000,0.975719,0.219011,9.266903,-4.202481,-0.087385,1,0,18.799300,0.000000
6.470000,4000.000000,-25.281110,113.295600,1,1,2,2,0.763449,0.763450,0.763449,0.000000,0.975044,0.222010,0.000000,0.975662,0.219265,9.286793,-4.205781,-0.085456,1,0,18.801130,0.000000
6.480000,4000.000000,-25.323190,113.478800,1,1,2,2,0.763086,0.763086,0.763086,0.000000,0.975059,0.221948,0.000000,0.975609,0.219498,9.308874,-4.208888,-0.083746,1,0,18.802980,0.000000
6.490000,4000.000000,-25.365310,113.662100,1,1,2,2,0.762717,0.762716,0.762717,0.000000,0.975014,0.222145,0.000000,0.975558,0.219726,9.328623,-4.211781,-0.081897,1,0,18.804850,0.000000
6.500000,4000.000000,-25.407460,113.845400,1,1,2,2,0.762336,0.762337,0.762336,0.000000,0.974971,0.222333,0.000000,0.975508,0.219949,9.347814,-4.214482,-0.079943,1,0,18.806740,0.000000
6.510000,4000.000000,-25.449630,114.028700,1,1,2,2,0.761966,0.761966,0.761966,0.000000,0.974942,0.222461,0.000000,0.975459,0.220165,9.363298,-4.216998,-0.077918,1,0,18.808650,0.000000
6.520000,4000.000000,-25.491820,114.212000,1,1,2,2,0.761609,0.761609,0.761609,0.000000,0.974942,0.222459,0.000000,0.975414,0.220363,9.381514,-4.219363,-0.076093,1,0,18.810570,0.000000
6.530000,4000.000000,-25.534040,114.395300,1,1,2,2,0.761241,0.761241,0.761241,0.000000,0.974906,0.222615,0.000000,0.975371,0.220557,9.399060,-4.221552,-0.074160,1,0,18.812500,0.000000
6.540000,4000.000000,-25.576270,114.578700,1,1,2,2,0.760878,0.760878,0.760878,0.000000,0.974870,0.222777,0.000000,0.975328,0.220746,9.413936,-4.223571,-0.072159,1,0,18.814460,0.000000
6.550000,4000.000000,-25.618530,114.762000,1,1,2,2,0.760517,0.760517,0.760517,0.000000,0.974877,0.222743,0.000000,0.975287,0.220929,9.427252,-4.225446,-0.070107,1,0,18.816420,0.000000
6.560000,4000.000000,-25.660800,114.945400,1,1,2,2,0.760176,0.760177,0.760176,0.000000,0.974848,0.222872,0.000000,0.975249,0.221096,9.441053,-4.227193,-0.068224,1,0,18.818400,0.000000
6.570000,4000.000000,-25.703090,115.128800,1,1,2,2,0.759826,0.759826,0.759826,0.000000,0.974826,0.222968,0.000000,0.975212,0.221258,9.455769,-4.228806,-0.066302,1,0,18.820390,0.000000
6.580000,4000.000000,-25.745390,115.312200,1,1,2,2,0.759484,0.759483,0.759483,0.000000,0.974797,0.223096,0.000000,0.975177,0.221416,9.467245,-4.230277,-0.064311,1,0,18.822400,0.000000
6.590000,4000.000000,-25.787710,115.495600,1,1,2,2,0.759155,0.759155,0.759155,0.000000,0.974797,0.223094,0.000000,0.975144,0.221560,9.479952,-4.231637,-0.062465,1,0,18.824410,0.000000
6.600000,4000.000000,-25.830040,115.679000,1,1,2,2,0.758825,0.758825,0.758825,0.000000,0.974781,0.223163,0.000000,0.975112,0.221700,9.491768,-4.232873,-0.060577,1,0,18.826440,0.000000
6.610000,4000.000000,-25.872380,115.862500,1,1,2,2,0.758503,0.758504,0.758503,0.000000,0.974753,0.223284,0.000000,0.975082,0.221835,9.501347,-4.233996,-0.058654,1,0,18.828480,0.000000
6.620000,4000.000000,-25.914730,116.046000,1,1,2,2,0.758184,0.758184,0.758184,0.000000,0.974737,0.223355,0.000000,0.975052,0.221966,9.510229,-4.235027,-0.056724,1,0,18.830520,0.000000
6.630000,4000.000000,-25.957090,116.229500,1,1,2,2,0.757879,0.757879,0.757879,0.000000,0.974737,0.223355,0.000000,0.975025,0.222085,9.519767,-4.235972,-0.054921,1,0,18.832580,0.000000
6.640000,4000.000000,-25.999450,116.413000,1,1,2,2,0.757581,0.757580,0.757580,0.000000,0.974723,0.223415,0.000000,0.974999,0.222200,9.527715,-4.236825,-0.053096,1,0,18.834640,0.000000
6.650000,4000.000000,-26.041830,116.596500,1,1,2,2,0.757281,0.757282,0.757281,0.000000,0.974696,0.223536,0.000000,0.974974,0.222312,9.535466,-4.237601,-0.051264,1,0,18.836710,0.000000
6.660000,4000.000000,-26.084210,116.780100,1,1,2,2,0.756989,0.756990,0.756990,0.000000,0.974694,0.223543,0.000000,0.974949,0.222419,9.542079,-4.238303,-0.049440,1,0,18.838790,0.000000
6.670000,4000.000000,-26.126600,116.963700,1,1,2,2,0.756715,0.756715,0.756715,0.000000,0.974694,0.223545,0.000000,0.974927,0.222517,9.548478,-4.238941,-0.047726,1,0,18.840870,0.000000
6.680000,4000.000000,-26.169000,117.147300,1,1,2,2,0.756442,0.756443,0.756442,0.000000,0.974680,0.223607,0.000000,0.974905,0.222612,9.554462,-4.239518,-0.046011,1,0,18.842960,0.000000
6.690000,4000.000000,-26.211400,117.330900,1,1,2,2,0.756176,0.756175,0.756176,0.000000,0.974666,0.223667,0.000000,0.974885,0.222703,9.559766,-4.240037,-0.044310,1,0,18.845050,0.000000
6.700000,4000.000000,-26.253800,117.514500,1,1,2,2,0.755922,0.755921,0.755921,0.000000,0.970186,0.242364,0.000000,0.974865,0.222790,9.563408,-4.240505,-0.042631,1,0,18.847150,0.000000
6.710000,4000.000000,-26.296210,117.698200,1,1,2,2,0.755675,0.755673,0.755674,0.000000,0.974658,0.223699,0.000000,0.974847,0.222869,9.568407,-4.240939,-0.041058,1,0,18.849260,0.000000
6.720000,4000.000000,-26.338620,117.881900,1,1,2,2,0.755426,0.755427,0.755427,0.000000,0.974650,0.223735,0.000000,0.974830,0.222946,9.573536,-4.241324,-0.039491,1,0,18.851360,0.000000
6.730000,4000.000000,-26.381040,118.065600,1,1,2,2,0.755191,0.755191,0.755191,0.000000,0.974636,0.223798,0.000000,0.974813,0.223019,9.576953,-4.241660,-0.037935,1,0,18.853480,0.000000
6.740000,4000.000000,-26.423460,118.249300,1,1,2,2,0.754963,0.754963,0.754963,0.000000,0.974637,0.223791,0.000000,0.974798,0.223086,9.581057,-4.241963,-0.036466,1,0,18.855590,0.000000
6.750000,4000.000000,-26.465880,118.433100,1,1,2,2,0.754744,0.754743,0.754744,0.000000,0.974622,0.223855,0.000000,0.974783,0.223151,9.583829,-4.242228,-0.035003,1,0,18.857710,0.000000
6.760000,4000.000000,-26.508310,118.616800,1,1,2,2,0.754527,0.754528,0.754527,0.000000,0.974621,0.223862,0.000000,0.974769,0.223212,9.586974,-4.242465,-0.033577,1,0,18.859830,0.000000
6.770000,4000.000000,-26.550740,118.800600,1,1,2,2,0.754319,0.754319,0.754319,0.000000,0.974620,0.223866,0.000000,0.974756,0.223271,9.589026,-4.242672,-0.032163,1,0,18.861960,0.000000
6.780000,4000.000000,-26.593160,118.984400,1,1,2,2,0.754121,0.754121,0.754121,0.000000,0.974614,0.223894,0.000000,0.974743,0.223325,9.591136,-4.242860,-0.030827,1,0,18.864080,0.000000
6.790000,4000.000000,-26.635600,119.168200,1,1,2,2,0.753927,0.753930,0.753928,0.000000,0.974607,0.223923,0.000000,0.974732,0.223376,9.592973,-4.243028,-0.029518,1,0,18.866210,0.000000
6.800000,4000.000000,-26.678030,119.352100,1,1,2,2,0.753747,0.753748,0.753748,0.000000,0.974594,0.223980,0.000000,0.974720,0.223425,9.593342,-4.243178,-0.028235,1,0,18.868340,0.000000
6.810000,4000.000000,-26.720460,119.536000,1,1,2,2,0.753563,0.753563,0.753563,0.000000,0.974592,0.223987,0.000000,0.974710,0.223472,9.595415,-4.243325,-0.026994,1,0,18.870470,0.000000
6.820000,4000.000000,-26.762890,119.719800,1,1,2,2,0.753396,0.753396,0.753396,0.000000,0.974599,0.223958,0.000000,0.974700,0.223514,9.595870,-4.243452,-0.025811,1,0,18.872600,0.000000
6.830000,4000.000000,-26.805330,119.903800,1,1,2,2,0.753232,0.753232,0.753232,0.000000,0.974593,0.223985,0.000000,0.974691,0.223555,9.596625,-4.243575,-0.024664,1,0,18.874730,0.000000
6.840000,4000.000000,-26.847770,120.087700,1,1,2,2,0.753070,0.753070,0.753070,0.000000,0.974592,0.223987,0.000000,0.974682,0.223594,9.597592,-4.243691,-0.023542,1,0,18.876860,0.000000
6.850000,4000.000000,-26.890210,120.271700,1,1,2,2,0.752918,0.752918,0.752918,0.000000,0.932567,0.360998,0.000000,0.974674,0.223630,9.597650,-4.243797,-0.022456,1,0,18.878990,0.000000
6.860000,4000.000000,-26.932640,120.455600,1,1,2,2,0.752774,0.752774,0.752774,0.000000,0.974586,0.224013,0.000000,0.974666,0.223663,9.597908,-4.243904,-0.021432,1,0,18.881120,0.000000
6.870000,4000.000000,-26.975080,120.639600,1,1,2,2,0.752632,0.752631,0.752632,0.000000,0.974196,0.225705,0.000000,0.974659,0.223696,9.598349,-4.244008,-0.020425,1,0,18.883260,0.000000
6.880000,4000.000000,-27.017520,120.823700,1,1,2,2,0.752500,0.752498,0.752499,0.000000,0.974578,0.224050,0.000000,0.974652,0.223725,9.598139,-4.244107,-0.019462,1,0,18.885390,0.000000
6.890000,4000.000000,-27.059970,121.007700,1,1,2,2,0.752366,0.752366,0.752366,0.000000,0.974584,0.224022,0.000000,0.974645,0.223754,9.598384,-4.244209,-0.018521,1,0,18.887520,0.000000
6.900000,4000.000000,-27.102410,121.191800,1,1,2,2,0.752246,0.752246,0.752246,0.000000,0.974578,0.224050,0.000000,0.974639,0.223780,9.597515,-4.244308,-0.017625,1,0,18.889640,0.000000
6.910000,4000.000000,-27.144850,121.375900,1,1,2,2,0.752125,0.752125,0.752125,0.000000,0.974578,0.224050,0.000000,0.974634,0.223805,9.597761,-4.244416,-0.016764,1,0,18.891770,0.000000
6.920000,4000.000000,-27.187300,121.560000,1,1,2,2,0.752017,0.752017,0.752017,0.000000,0.974576,0.224057,0.000000,0.974628,0.223829,9.596324,-4.244521,-0.015931,1,0,18.893900,0.000000
6.930000,4000.000000,-27.229750,121.744100,1,1,2,2,0.751910,0.751910,0.751910,0.000000,0.974570,0.224082,0.000000,0.974623,0.223850,9.595965,-4.244640,-0.015152,1,0,18.896020,0.000000
6.940000,4000.000000,-27.272190,121.928300,1,1,2,2,0.751800,0.751802,0.751801,0.000000,0.974570,0.224084,0.000000,0.974619,0.223870,9.596737,-4.244763,-0.014394,1,0,18.898150,0.000000
6.950000,4000.000000,-27.314640,122.112400,1,1,2,2,0.751710,0.751708,0.751709,0.000000,0.974577,0.224054,0.000000,0.974614,0.223889,9.594743,-4.244878,-0.013657,1,0,18.900270,0.000000
6.960000,4000.000000,-27.357090,122.296600,1,1,2,2,0.751612,0.751613,0.751612,0.000000,0.974563,0.224114,0.000000,0.974610,0.223908,9.594398,-4.245012,-0.012948,1,0,18.902390,0.000000
6.970000,4000.000000,-27.399540,122.480800,1,1,2,2,0.751525,0.751524,0.751525,0.000000,0.974563,0.224116,0.000000,0.974606,0.223925,9.593246,-4.245149,-0.012273,1,0,18.904510,0.000000
6.980000,4000.000000,-27.442000,122.665100,1,1,2,2,0.751438,0.751437,0.751438,0.000000,0.974562,0.224119,0.000000,0.974603,0.223940,9.593295,-4.245297,-0.011650,1,0,18.906620,0.000000
6.990000,4000.000000,-27.484450,122.849300,1,1,2,2,0.751356,0.751358,0.751357,0.000000,0.974564,0.224111,0.000000,0.974599,0.223955,9.592090,-4.245445,-0.011022,1,0,18.908740,0.000000
7.000000,4000.000000,-27.526910,123.033600,1,1,2,2,0.751280,0.751280,0.751280,0.000000,0.974564,0.224111,0.000000,0.974596,0.223968,9.591403,-4.245605,-0.010438,1,0,18.910850,0.000000
7.010000,4000.000000,-27.569360,123.217900,1,1,2,2,0.751207,0.751207,0.751207,0.000000,0.974563,0.224114,0.000000,0.974594,0.223981,9.590568,-4.245770,-0.009883,1,0,18.912960,0.000000
7.020000,4000.000000,-27.611820,123.402200,1,1,2,2,0.751141,0.751143,0.751142,0.000000,0.974563,0.224112,0.000000,0.974591,0.223993,9.588799,-4.245943,-0.009345,1,0,18.915070,0.000000
7.030000,4000.000000,-27.654290,123.586600,1,1,2,2,0.751070,0.751067,0.751069,0.000000,0.974563,0.224114,0.000000,0.974588,0.224004,9.589358,-4.246133,-0.008840,1,0,18.917170,0.000000
7.040000,4000.000000,-27.696750,123.771000,1,1,2,2,0.751014,0.751015,0.751014,0.000000,0.957846,0.287284,0.000000,0.974586,0.224014,9.586813,-4.246318,-0.008348,1,0,18.919270,0.000000
7.050000,4000.000000,-27.739210,123.955300,1,1,2,2,0.750954,0.750954,0.750954,0.000000,0.974564,0.224111,0.000000,0.974584,0.224023,9.586347,-4.246527,-0.007898,1,0,18.921370,0.000000
7.060000,4000.000000,-27.781680,124.139700,1,1,2,2,0.750891,0.750893,0.750892,0.000000,0.974563,0.224114,0.000000,0.974582,0.224033,9.586552,-4.246740,-0.007457,1,0,18.923470,0.000000
7.070000,4000.000000,-27.824150,124.324200,1,1,2,2,0.750840,0.750841,0.750840,0.000000,0.974550,0.224171,0.000000,0.974580,0.224041,9.585162,-4.246951,-0.007030,1,0,18.925560,0.000000
7.080000,4000.000000,-27.866620,124.508600,1,1,2,2,0.750793,0.750793,0.750793,0.000000,0.974563,0.224114,0.000000,0.974578,0.224049,9.583358,-4.247174,-0.006619,1,0,18.927650,0.000000
7.090000,4000.000000,-27.909100,124.693100,1,1,2,2,0.750745,0.750743,0.750744,0.000000,0.974564,0.224111,0.000000,0.974576,0.224057,9.582727,-4.247415,-0.006240,1,0,18.929740,0.000000
7.100000,4000.000000,-27.951570,124.877600,1,1,2,2,0.750697,0.750696,0.750697,0.000000,0.974549,0.224175,0.000000,0.974575,0.224063,9.582495,-4.247662,-0.005891,1,0,18.931830,0.000000
7.110000,4000.000000,-27.994050,125.062100,1,1,2,2,0.750655,0.750656,0.750656,0.000000,0.974549,0.224175,0.000000,0.974573,0.224069,9.581124,-4.247910,-0.005544,1,0,18.933910,0.000000
7.120000,4000.000000,-28.036530,125.246600,1,1,2,2,0.750614,0.750614,0.750614,0.000000,0.974563,0.224114,0.000000,0.974572,0.224075,9.580496,-4.248171,-0.005222,1,0,18.935990,0.000000
7.130000,4000.000000,-28.079020,125.431200,1,1,2,2,0.750576,0.750575,0.750576,0.000000,0.974563,0.224114,0.000000,0.974571,0.224081,9.579648,-4.248437,-0.004908,1,0,18.938060,0.000000
7.140000,4000.000000,-28.121500,125.615800,1,1,2,2,0.750541,0.750541,0.750541,0.000000,0.974549,0.224175,0.000000,0.974569,0.224086,9.578423,-4.248712,-0.004613,1,0,18.940140,0.000000
7.150000,4000.000000,-28.163990,125.800400,1,1,2,2,0.750509,0.750508,0.750508,0.000000,0.974549,0.224175,0.000000,0.974568,0.224091,9.577512,-4.248997,-0.004340,1,0,18.942210,0.000000
7.160000,4000.000000,-28.206490,125.985000,1,1,2,2,0.750474,0.750474,0.750474,0.000000,0.974563,0.224114,0.000000,0.974567,0.224095,9.577188,-4.249291,-0.004083,1,0,18.944270,0.000000
7.170000,4000.000000,-28.248980,126.169600,1,1,2,2,0.750446,0.750447,0.750447,0.000000,0.974563,0.224114,0.000000,0.974567,0.224098,9.576152,-4.249588,-0.003842,1,0,18.946340,0.000000
7.180000,4000.000000,-28.291480,126.354300,1,1,2,2,0.750415,0.750413,0.750414,0.000000,0.974549,0.224175,0.000000,0.974566,0.224103,9.576049,-4.249894,-0.003601,1,0,18.948400,0.000000
7.190000,4000.000000,-28.333980,126.538900,1,1,2,2,0.750395,0.750395,0.750395,0.000000,0.974549,0.224175,0.000000,0.974565,0.224106,9.573864,-4.250201,-0.003379,1,0,18.950460,0.000000
7.200000,4000.000000,-28.376490,126.723600,1,1,2,2,0.750368,0.750368,0.750368,0.000000,0.974563,0.224116,0.000000,0.974564,0.224109,9.573942,-4.250528,-0.003184,1,0,18.952510,0.000000
7.210000,4000.000000,-28.419000,126.908400,1,1,2,2,0.750339,0.750339,0.750339,0.000000,0.974549,0.224173,0.000000,0.974563,0.224112,9.573964,-4.250854,-0.002983,1,0,18.954560,0.000000
7.220000,4000.000000,-28.461510,127.093100,1,1,2,2,0.750322,0.750321,0.750321,0.000000,0.974551,0.224168,0.000000,0.974563,0.224114,9.572745,-4.251179,-0.002804,1,0,18.956610,0.000000
7.230000,4000.000000,-28.504020,127.277900,1,1,2,2,0.750297,0.750298,0.750297,0.000000,0.974549,0.224175,0.000000,0.974562,0.224117,9.572391,-4.251515,-0.002618,1,0,18.958650,0.000000
7.240000,4000.000000,-28.546540,127.462600,1,1,2,2,0.750279,0.750279,0.750279,0.000000,0.974549,0.224175,0.000000,0.974562,0.224120,9.571204,-4.251854,-0.002440,1,0,18.960700,0.000000
7.250000,4000.000000,-28.589070,127.647400,1,1,2,2,0.750257,0.750257,0.750257,0.000000,0.974556,0.224144,0.000000,0.974561,0.224122,9.571445,-4.252204,-0.002291,1,0,18.962730,0.000000
7.260000,4000.000000,-28.631590,127.832300,1,1,2,2,0.750249,0.750247,0.750248,0.000000,0.974563,0.224114,0.000000,0.974561,0.224124,9.569422,-4.252551,-0.002144,1,0,18.964770,0.000000
7.270000,4000.000000,-28.674120,128.017100,1,1,2,2,0.750223,0.750222,0.750222,0.000000,0.967039,0.254629,0.000000,0.974560,0.224126,9.570899,-4.252917,-0.002019,1,0,18.966800,0.000000
7.280000,4000.000000,-28.716650,128.202000,1,1,2,2,0.750208,0.750208,0.750208,0.000000,0.974556,0.224146,0.000000,0.974560,0.224127,9.570077,-4.253268,-0.001883,1,0,18.968830,0.000000
7.290000,4000.000000,-28.759190,128.386800,1,1,2,2,0.750200,0.750198,0.750199,0.000000,0.974562,0.224118,0.000000,0.974559,0.224129,9.568392,-4.253626,-0.001751,1,0,18.970850,0.000000
7.300000,4000.000000,-28.801730,128.571700,1,1,2,2,0.750183,0.750183,0.750183,0.000000,0.974575,0.224061,0.000000,0.974559,0.224131,9.568408,-4.254000,-0.001633,1,0,18.972870,0.000000
7.310000,4000.000000,-28.844270,128.756600,1,1,2,2,0.750171,0.750171,0.750171,0.000000,0.993862,0.110627,0.000000,0.974559,0.224132,9.568080,-4.254374,-0.001537,1,0,18.974890,0.000000
7.320000,4000.000000,-28.886820,128.941600,1,1,2,2,0.750162,0.750158,0.750160,0.000000,0.974576,0.224057,0.000000,0.974559,0.224133,9.567741,-4.254749,-0.001446,1,0,18.976900,0.000000
7.330000,4000.000000,-28.929370,129.126500,1,1,2,2,0.750145,0.750145,0.750145,0.000000,0.974577,0.224054,0.000000,0.974558,0.224134,9.567771,-4.255127,-0.001340,1,0,18.978910,0.000000
7.340000,4000.000000,-28.971930,129.311500,1,1,2,2,0.750140,0.750140,0.750140,0.000000,0.974575,0.224061,0.000000,0.974558,0.224135,9.566447,-4.255505,-0.001250,1,0,18.980920,0.000000
7.350000,4000.000000,-29.014480,129.496500,1,1,2,2,0.750133,0.750131,0.750132,0.000000,0.974575,0.224061,0.000000,0.974558,0.224136,9.566071,-4.255894,-0.001174,1,0,18.982920,0.000000
7.360000,4000.000000,-29.057050,129.681500,1,1,2,2,0.750120,0.750120,0.750120,0.000000,0.974562,0.224119,0.000000,0.974558,0.224137,9.566248,-4.256287,-0.001097,1,0,18.984920,0.000000
7.370000,4000.000000,-29.099610,129.866600,1,1,2,2,0.750113,0.750110,0.750111,0.000000,0.974575,0.224061,0.000000,0.974558,0.224138,9.565911,-4.256677,-0.001020,1,0,18.986920,0.000000
7.380000,4000.000000,-29.142180,130.051600,1,1,2,2,0.750109,0.750109,0.750109,0.000000,0.974575,0.224061,0.000000,0.974557,0.224138,9.564539,-4.257069,-0.000948,1,0,18.988910,0.000000
7.390000,4000.000000,-29.184760,130.236700,1,1,2,2,0.750102,0.750102,0.750102,0.000000,0.974562,0.224119,0.000000,0.974557,0.224139,9.564288,-4.257474,-0.000892,1,0,18.990910,0.000000
7.400000,4000.000000,-29.227340,130.421800,1,1,2,2,0.750088,0.750088,0.750088,0.000000,0.974562,0.224119,0.000000,0.974557,0.224140,9.565463,-4.257881,-0.000838,1,0,18.992890,0.000000
7.410000,4000.000000,-29.269920,130.606900,1,1,2,2,0.750086,0.750085,0.750085,0.000000,0.974575,0.224061,0.000000,0.974557,0.224140,9.564551,-4.258276,-0.000780,1,0,18.994880,0.000000
7.420000,4000.000000,-29.312510,130.792000,1,1,2,2,0.750078,0.750078,0.750078,0.000000,0.974575,0.224061,0.000000,0.974557,0.224141,9.564381,-4.258679,-0.000720,1,0,18.996860,0.000000
7.430000,4000.000000,-29.355100,130.977200,1,1,2,2,0.750074,0.750068,0.750071,0.000000,0.974547,0.224182,0.000000,0.974557,0.224142,9.564146,-4.259083,-0.000664,1,0,18.998830,0.000000
7.440000,4000.000000,-29.397690,131.162400,1,1,2,2,0.750065,0.750065,0.750065,0.000000,0.974576,0.224057,0.000000,0.974557,0.224142,9.564302,-4.259488,-0.000623,1,0,19.000810,0.000000
7.450000,4000.000000,-29.440290,131.347500,1,1,2,2,0.750060,0.750062,0.750061,0.000000,0.974577,0.224054,0.000000,0.974556,0.224143,9.563660,-4.259891,-0.000568,1,0,19.002780,0.000000
7.460000,4000.000000,-29.482890,131.532800,1,1,2,2,0.750055,0.750056,0.750055,0.000000,0.974576,0.224057,0.000000,0.974556,0.224143,9.563640,-4.260300,-0.000528,1,0,19.004750,0.000000
7.470000,4000.000000,-29.525500,131.718000,1,1,2,2,0.750050,0.750050,0.750050,0.000000,0.974562,0.224119,0.000000,0.974556,0.224144,9.563579,-4.260708,-0.000489,1,0,19.006710,0.000000
7.480000,4000.000000,-29.568110,131.903200,1,1,2,2,0.750049,0.750049,0.750049,0.000000,0.974562,0.224119,0.000000,0.974556,0.224144,9.562791,-4.261116,-0.000451,1,0,19.008670,0.000000
7.490000,4000.000000,-29.610730,132.088500,1,1,2,2,0.750041,0.750043,0.750042,0.000000,0.974575,0.224061,0.000000,0.974556,0.224144,9.563359,-4.261531,-0.000421,1,0,19.010630,0.000000
7.500000,4000.000000,-29.653350,132.273800,1,1,2,2,0.750042,0.750042,0.750042,0.000000,0.974576,0.224057,0.000000,0.974556,0.224145,9.562508,-4.261940,-0.000386,1,0,19.012580,0.000000
7.510000,4000.000000,-29.695970,132.459100,1,1,2,2,0.750036,0.750041,0.750038,0.000000,0.974562,0.224119,0.000000,0.974556,0.224145,9.562510,-4.262356,-0.000360,1,0,19.014530,0.000000
7.520000,4000.000000,-29.738600,132.644400,1,1,2,2,0.750032,0.750032,0.750032,0.000000,0.974547,0.224182,0.000000,0.974556,0.224145,9.562837,-4.262771,-0.000328,1,0,19.016470,0.000000
7.530000,4000.000000,-29.781230,132.829800,1,1,2,2,0.750032,0.750033,0.750032,0.000000,0.974575,0.224061,0.000000,0.974556,0.224145,9.562208,-4.263183,-0.000305,1,0,19.018420,0.000000
7.540000,4000.000000,-29.823870,133.015100,1,1,2,2,0.750026,0.750026,0.750026,0.000000,0.967721,0.252023,0.000000,0.974556,0.224146,9.562580,-4.263599,-0.000277,1,0,19.020360,0.000000
7.550000,4000.000000,-29.866510,133.200500,1,1,2,2,0.750024,0.750024,0.750024,0.000000,0.974547,0.224182,0.000000,0.974556,0.224146,9.562235,-4.264012,-0.000246,1,0,19.022290,0.000000
7.560000,4000.000000,-29.909150,133.385900,1,1,2,2,0.750022,0.750022,0.750022,0.000000,0.974575,0.224061,0.000000,0.974556,0.224146,9.562212,-4.264427,-0.000232,1,0,19.024230,0.000000
7.570000,4000.000000,-29.951800,133.571300,1,1,2,2,0.750021,0.750020,0.750020,0.000000,0.974577,0.224054,0.000000,0.974556,0.224146,9.561868,-4.264842,-0.000205,1,0,19.026160,0.000000
7.580000,4000.000000,-29.994450,133.756800,1,1,2,2,0.750019,0.750018,0.750018,0.000000,0.985669,0.168691,0.000000,0.974556,0.224146,9.561839,-4.265259,-0.000188,1,0,19.028080,0.000000
7.590000,4000.000000,-30.037110,133.942200,1,1,2,2,0.750017,0.750017,0.750017,0.000000,0.974562,0.224119,0.000000,0.974556,0.224147,9.561687,-4.265676,-0.000172,1,0,19.030000,0.000000
7.600000,4000.000000,-30.079770,134.127700,1,1,2,2,0.750017,0.750016,0.750016,0.000000,0.974576,0.224057,0.000000,0.974556,0.224147,9.561410,-4.266094,-0.000158,1,0,19.031930,0.000000
7.610000,4000.000000,-30.122440,134.313200,1,1,2,2,0.750014,0.750014,0.750014,0.000000,0.974576,0.224057,0.000000,0.974556,0.224147,9.561561,-4.266513,-0.000147,1,0,19.033840,0.000000
7.620000,4000.000000,-30.165110,134.498700,1,1,2,2,0.750016,0.750016,0.750016,0.000000,0.974561,0.224121,0.000000,0.974556,0.224147,9.560955,-4.266931,-0.000134,1,0,19.035750,0.000000
7.630000,4000.000000,-30.207780,134.684200,1,1,2,2,0.750014,0.750015,0.750014,0.000000,0.974563,0.224116,0.000000,0.974556,0.224147,9.560989,-4.267353,-0.000128,1,0,19.037660,0.000000
7.640000,4000.000000,-30.250460,134.869800,1,1,2,2,0.750011,0.750013,0.750012,0.000000,0.974575,0.224061,0.000000,0.974556,0.224147,9.561094,-4.267775,-0.000115,1,0,19.039570,0.000000
7.650000,4000.000000,-30.293140,135.055300,1,1,2,2,0.750011,0.750010,0.750011,0.000000,0.974575,0.224061,0.000000,0.974556,0.224147,9.561336,-4.268194,-0.000113,1,0,19.041470,0.000000
7.660000,4000.000000,-30.335820,135.240900,1,1,2,2,0.750012,0.750013,0.750013,0.000000,0.974576,0.224057,0.000000,0.974556,0.224147,9.560861,-4.268611,-0.000109,1,0,19.043370,0.000000
7.670000,4000.000000,-30.378520,135.426500,1,1,2,2,0.750006,0.750006,0.750006,0.000000,0.974547,0.224182,0.000000,0.974556,0.224147,9.561762,-4.269032,-0.000097,1,0,19.045270,0.000000
7.680000,4000.000000,-30.421210,135.612200,1,1,2,2,0.750009,0.750006,0.750007,0.000000,0.974575,0.224061,0.000000,0.974556,0.224147,9.561304,-4.269443,-0.000089,1,0,19.047160,0.000000
7.690000,4000.000000,-30.463910,135.797800,1,1,2,2,0.750006,0.750006,0.750006,0.000000,0.974575,0.224061,0.000000,0.974556,0.224147,9.561153,-4.269857,-0.000073,1,0,19.049050,0.000000
7.700000,4000.000000,-30.506610,135.983500,1,1,2,2,0.750005,0.750007,0.750006,0.000000,0.974548,0.224178,0.000000,0.974556,0.224147,9.560799,-4.270273,-0.000059,1,0,19.050940,0.000000
7.710000,4000.000000,-30.549320,136.169200,1,1,2,2,0.750006,0.750005,0.750005,0.000000,0.974563,0.224116,0.000000,0.974556,0.224147,9.560834,-4.270691,-0.000055,1,0,19.052820,0.000000
7.720000,4000.000000,-30.592030,136.354900,1,1,2,2,0.750009,0.750008,0.750009,0.000000,0.974576,0.224057,0.000000,0.974556,0.224147,9.560127,-4.271108,-0.000050,1,0,19.054700,0.000000
7.730000,4000.000000,-30.634740,136.540600,1,1,2,2,0.750005,0.750005,0.750005,0.000000,0.974575,0.224061,0.000000,0.974556,0.224147,9.560891,-4.271532,-0.000054,1,0,19.056580,0.000000
7.740000,4000.000000,-30.677460,136.726300,1,1,2,2,0.750003,0.750003,0.750003,0.000000,0.974562,0.224119,0.000000,0.974556,0.224147,9.561091,-4.271946,-0.000048,1,0,19.058450,0.000000
7.750000,4000.000000,-30.720190,136.912100,1,1,2,2,0.750008,0.750008,0.750008,0.000000,0.974562,0.224119,0.000000,0.974556,0.224147,9.559915,-4.272359,-0.000042,1,0,19.060320,0.000000
7.760000,4000.000000,-30.762910,137.097800,1,1,2,2,0.750007,0.750007,0.750007,0.000000,0.974575,0.224061,0.000000,0.974555,0.224148,9.560171,-4.272782,-0.000040,1,0,19.062190,0.000000
7.770000,4000.000000,-30.805650,137.283600,1,1,2,2,0.750007,0.750007,0.750007,0.000000,0.974577,0.224054,0.000000,0.974556,0.224147,9.560326,-4.273202,-0.000049,1,0,19.064050,0.000000
7.780000,4000.000000,-30.848380,137.469400,1,1,2,2,0.750011,0.750004,0.750007,0.000000,0.974574,0.224064,0.000000,0.974556,0.224147,9.560494,-4.273620,-0.000056,1,0,19.065910,0.000000
7.790000,4000.000000,-30.891120,137.655300,1,1,2,2,0.750006,0.750006,0.750006,0.000000,0.974548,0.224178,0.000000,0.974556,0.224147,9.560536,-4.274035,-0.000048,1,0,19.067770,0.000000
7.800000,4000.000000,-30.933870,137.841100,1,1,2,2,0.750004,0.750005,0.750004,0.000000,0.974575,0.224061,0.000000,0.974556,0.224147,9.560817,-4.274449,-0.000047,1,0,19.069620,0.000000
7.810000,4000.000000,-30.976620,138.027000,1,1,2,2,0.750007,0.750008,0.750007,0.000000,0.974577,0.224054,0.000000,0.974556,0.224147,9.560193,-4.274859,-0.000043,1,0,19.071470,0.000000
7.820000,4000.000000,-31.019370,138.212800,1,1,2,2,0.750003,0.750007,0.750005,0.000000,0.974562,0.224118,0.000000,0.974556,0.224147,9.560642,-4.275275,-0.000045,1,0,19.073310,0.000000
7.830000,4000.000000,-31.062130,138.398700,1,1,2,2,0.750002,0.750002,0.750002,0.000000,0.974562,0.224119,0.000000,0.974556,0.224147,9.561114,-4.275686,-0.000043,1,0,19.075160,0.000000
7.840000,4000.000000,-31.104890,138.584700,1,1,2,2,0.750003,0.750006,0.750004,0.000000,0.974576,0.224057,0.000000,0.974556,0.224147,9.560513,-4.276092,-0.000036,1,0,19.077000,0.000000
7.850000,4000.000000,-31.147650,138.770600,1,1,2,2,0.750003,0.750003,0.750003,0.000000,0.974575,0.224061,0.000000,0.974556,0.224147,9.560738,-4.276503,-0.000035,1,0,19.078840,0.000000
7.860000,4000.000000,-31.190420,138.956500,1,1,2,2,0.750005,0.750005,0.750005,0.000000,0.974561,0.224121,0.000000,0.974556,0.224147,9.560334,-4.276910,-0.000031,1,0,19.080670,0.000000
7.870000,4000.000000,-31.233190,139.142500,1,1,2,2,0.750002,0.750002,0.750002,0.000000,0.974563,0.224116,0.000000,0.974555,0.224148,9.560654,-4.277321,-0.000026,1,0,19.082500,0.000000
7.880000,4000.000000,-31.275970,139.328500,1,1,2,2,0.750007,0.750007,0.750007,0.000000,0.974575,0.224061,0.000000,0.974555,0.224148,9.559791,-4.277729,-0.000024,1,0,19.084330,0.000000
7.890000,4000.000000,-31.318750,139.514500,1,1,2,2,0.750005,0.750005,0.750005,0.000000,0.974575,0.224061,0.000000,0.974556,0.224147,9.560353,-4.278143,-0.000037,1,0,19.086150,0.000000
7.900000,4000.000000,-31.361540,139.700500,1,1,2,2,0.750002,0.750005,0.750004,0.000000,0.974562,0.224118,0.000000,0.974556,0.224147,9.560848,-4.278552,-0.000043,1,0,19.087970,0.000000
7.910000,4000.000000,-31.404330,139.886600,1,1,2,2,0.749997,0.749997,0.749997,0.000000,0.974575,0.224061,0.000000,0.974556,0.224147,9.561803,-4.278955,-0.000032,1,0,19.089790,0.000000
7.920000,4000.000000,-31.447120,140.072600,1,1,2,2,0.750008,0.750008,0.750008,0.000000,0.974575,0.224061,0.000000,0.974555,0.224148,9.559278,-4.279348,-0.000012,1,0,19.091600,0.000000
7.930000,4000.000000,-31.489920,140.258700,1,1,2,2,0.750005,0.750005,0.750005,0.000000,0.982768,0.184843,0.000000,0.974556,0.224147,9.560176,-4.279765,-0.000030,1,0,19.093410,0.000000
7.940000,4000.000000,-31.532720,140.444800,1,1,2,2,0.750007,0.750007,0.750007,0.000000,0.974549,0.224175,0.000000,0.974556,0.224147,9.560047,-4.280173,-0.000038,1,0,19.095220,0.000000
7.950000,4000.000000,-31.575530,140.630900,1,1,2,2,0.750004,0.750005,0.750004,0.000000,0.974578,0.224047,0.000000,0.974556,0.224147,9.560770,-4.280581,-0.000047,1,0,19.097030,0.000000
7.960000,4000.000000,-31.618340,140.817000,1,1,2,2,0.750001,0.750001,0.750001,0.000000,0.974575,0.224061,0.000000,0.974555,0.224148,9.560845,-4.280982,-0.000025,1,0,19.098830,0.000000
7.970000,4000.000000,-31.661150,141.003200,1,1,2,2,0.750004,0.750005,0.750004,0.000000,0.998587,0.053151,0.000000,0.974555,0.224147,9.560270,-4.281381,-0.000027,1,0,19.100630,0.000000
7.980000,4000.000000,-31.703970,141.189300,1,1,2,2,0.750005,0.750002,0.750003,0.000000,0.974575,0.224061,0.000000,0.974556,0.224147,9.560655,-4.281785,-0.000035,1,0,19.102420,0.000000
7.990000,4000.000000,-31.746790,141.375500,1,1,2,2,0.750000,0.750004,0.750002,0.000000,0.974575,0.224061,0.000000,0.974556,0.224147,9.561039,-4.282184,-0.000038,1,0,19.104220,0.000000
8.000000,4000.000000,-31.789620,141.561700,1,1,2,2,0.750004,0.750004,0.750004,0.000000,0.974575,0.224061,0.000000,0.974556,0.224147,9.560682,-4.282579,-0.000037,1,0,19.106000,0.000000
8.010000,4000.000000,-31.832450,141.748000,1,1,2,2,0.750005,0.750005,0.750005,0.000000,0.974575,0.224061,0.000000,0.974556,0.224146,9.560452,-4.282977,-0.000038,1,0,19.107790,0.000000
8.020000,4000.000000,-31.875280,141.934200,1,1,2,2,0.750003,0.750001,0.750002,0.000000,0.974547,0.224182,0.000000,0.974555,0.224147,9.560518,-4.283376,-0.000018,1,0,19.109580,0.000000
8.030000,4000.000000,-31.918120,142.120400,1,1,2,2,0.750006,0.750004,0.750005,0.000000,0.974578,0.224047,0.000000,0.974555,0.224147,9.560134,-4.283773,-0.000022,1,0,19.111350,0.000000
8.040000,4000.000000,-31.960960,142.306700,1,1,2,2,0.750005,0.750005,0.750005,0.000000,0.974575,0.224061,0.000000,0.974556,0.224147,9.560191,-4.284174,-0.000030,1,0,19.113130,0.000000
8.050000,4000.000000,-32.003800,142.493000,1,1,2,2,0.750005,0.750005,0.750005,0.000000,0.974575,0.224061,0.000000,0.974556,0.224146,9.560422,-4.284574,-0.000037,1,0,19.114910,0.000000
8.059999,4000.000000,-32.046650,142.679300,1,1,2,2,0.749995,0.749995,0.749995,0.000000,0.974562,0.224118,0.000000,0.974556,0.224147,9.562073,-4.284971,-0.000030,1,0,19.116680,0.000000
8.070000,4000.000000,-32.089510,142.865600,1,1,2,2,0.750006,0.750006,0.750006,0.000000,0.974575,0.224061,0.000000,0.974555,0.224147,9.559476,-4.285351,-0.000006,1,0,19.118440,0.000000
8.080000,4000.000000,-32.132370,143.052000,1,1,2,2,0.750004,0.750005,0.750004,0.000000,0.974575,0.224061,0.000000,0.974556,0.224147,9.560125,-4.285755,-0.000021,1,0,19.120210,0.000000
8.090000,4000.000000,-32.175230,143.238300,1,1,2,2,0.750005,0.750007,0.750006,0.000000,0.974549,0.224175,0.000000,0.974556,0.224147,9.560049,-4.286153,-0.000029,1,0,19.121970,0.000000
8.099999,4000.000000,-32.218090,143.424700,1,1,2,2,0.750002,0.750002,0.750002,0.000000,0.974575,0.224061,0.000000,0.974556,0.224146,9.561042,-4.286551,-0.000038,1,0,19.123730,0.000000
8.110000,4000.000000,-32.260960,143.611100,1,1,2,2,0.749997,0.749999,0.749998,0.000000,0.974575,0.224061,0.000000,0.974555,0.224147,9.561002,-4.286938,-0.000012,1,0,19.125480,0.000000
8.120000,4000.000000,-32.303840,143.797500,1,1,2,2,0.750002,0.750002,0.750002,0.000000,0.974572,0.224075,0.000000,0.974555,0.224147,9.560389,-4.287324,-0.000012,1,0,19.127240,0.000000
8.130000,4000.000000,-32.346710,143.983900,1,1,2,2,0.750003,0.750002,0.750003,0.000000,0.974574,0.224068,0.000000,0.974556,0.224147,9.560372,-4.287717,-0.000017,1,0,19.128990,0.000000
8.139999,4000.000000,-32.389600,144.170300,1,1,2,2,0.750001,0.750002,0.750002,0.000000,0.974575,0.224061,0.000000,0.974556,0.224147,9.560674,-4.288108,-0.000022,1,0,19.130730,0.000000
8.150000,4000.000000,-32.432480,144.356800,1,1,2,2,0.749997,0.749999,0.749998,0.000000,0.974574,0.224068,0.000000,0.974556,0.224147,9.561134,-4.288496,-0.000013,1,0,19.132480,0.000000
8.160000,4000.000000,-32.475370,144.543300,1,1,2,2,0.750006,0.750006,0.750006,0.000000,0.974572,0.224075,0.000000,0.974555,0.224147,9.559304,-4.288879,0.000001,1,0,19.134220,0.000000
8.170000,4000.000000,-32.518260,144.729800,1,1,2,2,0.750008,0.750011,0.750010,0.000000,0.974561,0.224125,0.000000,0.974555,0.224148,9.558774,-4.289279,-0.000004,1,0,19.135950,0.000000
8.179999,4000.000000,-32.561160,144.916300,1,1,2,2,0.750009,0.750005,0.750007,0.000000,0.974572,0.224075,0.000000,0.974555,0.224147,9.559777,-4.289684,-0.000026,1,0,19.137690,0.000000
8.190000,4000.000000,-32.604060,145.102800,1,1,2,2,0.750004,0.750005,0.750004,0.000000,0.974575,0.224061,0.000000,0.974556,0.224147,9.560542,-4.290078,-0.000038,1,0,19.139420,0.000000
8.200000,4000.000000,-32.646960,145.289300,1,1,2,2,0.750003,0.750003,0.750003,0.000000,0.974575,0.224061,0.000000,0.974555,0.224148,9.560339,-4.290463,-0.000018,1,0,19.141150,0.000000
8.210000,4000.000000,-32.689870,145.475900,1,1,2,2,0.750006,0.750006,0.750006,0.000000,0.974546,0.224188,0.000000,0.974555,0.224149,9.559291,-4.290851,-0.000001,1,0,19.142870,0.000000
8.220000,4000.000000,-32.732780,145.662500,1,1,2,2,0.750005,0.750005,0.750005,0.000000,0.974572,0.224075,0.000000,0.974555,0.224148,9.559946,-4.291247,-0.000021,1,0,19.144590,0.000000
8.230000,4000.000000,-32.775700,145.849000,1,1,2,2,0.750004,0.750004,0.750004,0.000000,0.974575,0.224061,0.000000,0.974555,0.224148,9.560553,-4.291637,-0.000032,1,0,19.146310,0.000000
8.240000,4000.000000,-32.818610,146.035700,1,1,2,2,0.750002,0.750002,0.750002,0.000000,0.974572,0.224075,0.000000,0.974555,0.224148,9.560640,-4.292020,-0.000026,1,0,19.148030,0.000000
8.250000,4000.000000,-32.861540,146.222300,1,1,2,2,0.750008,0.750008,0.750008,0.000000,0.974574,0.224068,0.000000,0.974555,0.224148,9.559508,-4.292401,-0.000019,1,0,19.149740,0.000000
8.260000,4000.000000,-32.904460,146.408900,1,1,2,2,0.750011,0.750013,0.750012,0.000000,0.974574,0.224064,0.000000,0.974555,0.224149,9.558744,-4.292793,-0.000024,1,0,19.151450,0.000000
8.270000,4000.000000,-32.947400,146.595600,1,1,2,2,0.750013,0.750009,0.750011,0.000000,0.974575,0.224061,0.000000,0.974555,0.224148,9.559624,-4.293192,-0.000048,1,0,19.153150,0.000000
8.280000,4000.000000,-32.990330,146.782300,1,1,2,2,0.750013,0.750011,0.750012,0.000000,0.974575,0.224061,0.000000,0.974555,0.224148,9.559848,-4.293581,-0.000063,1,0,19.154860,0.000000
8.290000,4000.000000,-33.033270,146.969000,1,1,2,2,0.750013,0.750011,0.750012,0.000000,0.974575,0.224061,0.000000,0.974555,0.224148,9.560180,-4.293968,-0.000076,1,0,19.156560,0.000000
8.300000,4000.000000,-33.076210,147.155700,1,1,2,2,0.750010,0.750010,0.750010,0.000000,0.974546,0.224188,0.000000,0.974555,0.224148,9.560071,-4.294351,-0.000060,1,0,19.158260,0.000000
8.309999,4000.000000,-33.119160,147.342400,1,1,2,2,0.750013,0.750015,0.750014,0.000000,0.974575,0.224061,0.000000,0.974555,0.224148,9.559677,-4.294734,-0.000071,1,0,19.159950,0.000000
8.320000,4000.000000,-33.162110,147.529100,1,1,2,2,0.750013,0.750013,0.750013,0.000000,0.974572,0.224075,0.000000,0.974555,0.224148,9.560231,-4.295120,-0.000086,1,0,19.161640,0.000000
8.330000,4000.000000,-33.205060,147.715900,1,1,2,2,0.750014,0.750013,0.750014,0.000000,0.974575,0.224061,0.000000,0.974555,0.224147,9.560276,-4.295500,-0.000093,1,0,19.163330,0.000000
8.340000,4000.000000,-33.248020,147.902600,1,1,2,2,0.750011,0.750011,0.750011,0.000000,0.974574,0.224068,0.000000,0.974555,0.224147,9.560939,-4.295879,-0.000101,1,0,19.165010,0.000000
8.349999,4000.000000,-33.290980,148.089400,1,1,2,2,0.750009,0.750006,0.750008,0.000000,0.974572,0.224075,0.000000,0.974555,0.224148,9.560971,-4.296251,-0.000077,1,0,19.166700,0.000000
8.360000,4000.000000,-33.333940,148.276200,1,1,2,2,0.750015,0.750013,0.750014,0.000000,0.974575,0.224061,0.000000,0.974555,0.224148,9.559876,-4.296622,-0.000078,1,0,19.168380,0.000000
8.370000,4000.000000,-33.376910,148.463100,1,1,2,2,0.750015,0.750016,0.750016,0.000000,0.974575,0.224061,0.000000,0.974555,0.224147,9.559848,-4.297003,-0.000090,1,0,19.170050,0.000000
8.380000,4000.000000,-33.419880,148.649900,1,1,2,2,0.750015,0.750017,0.750016,0.000000,0.974575,0.224061,0.000000,0.974555,0.224147,9.560126,-4.297383,-0.000101,1,0,19.171730,0.000000
8.389999,4000.000000,-33.462860,148.836800,1,1,2,2,0.750012,0.750013,0.750013,0.000000,0.974574,0.224068,0.000000,0.974555,0.224147,9.560569,-4.297760,-0.000097,1,0,19.173400,0.000000
8.400000,4000.000000,-33.505840,149.023700,1,1,2,2,0.750021,0.750021,0.750021,0.000000,0.950616,0.310369,0.000000,0.974555,0.224148,9.558902,-4.298133,-0.000090,1,0,19.175070,0.000000
8.410000,4000.000000,-33.548820,149.210500,1,1,2,2,0.750023,0.750023,0.750023,0.000000,0.974561,0.224121,0.000000,0.974555,0.224148,9.558789,-4.298521,-0.000099,1,0,19.176730,0.000000
8.420000,4000.000000,-33.591810,149.397400,1,1,2,2,0.750018,0.750018,0.750018,0.000000,0.974575,0.224061,0.000000,0.974555,0.224148,9.560141,-4.298909,-0.000122,1,0,19.178390,0.000000
8.429999,4000.000000,-33.634800,149.584400,1,1,2,2,0.750019,0.750017,0.750018,0.000000,0.974575,0.224061,0.000000,0.974555,0.224147,9.560518,-4.299283,-0.000131,1,0,19.180050,0.000000
8.440000,4000.000000,-33.677800,149.771300,1,1,2,2,0.750014,0.750016,0.750015,0.000000,0.934858,0.355022,0.000000,0.974555,0.224148,9.560520,-4.299653,-0.000112,1,0,19.181710,0.000000
8.450000,4000.000000,-33.720800,149.958300,1,1,2,2,0.750018,0.750018,0.750018,0.000000,0.974547,0.224182,0.000000,0.974555,0.224149,9.559585,-4.300023,-0.000095,1,0,19.183360,0.000000
8.460000,4000.000000,-33.763800,150.145200,1,1,2,2,0.750020,0.750018,0.750019,0.000000,0.974574,0.224068,0.000000,0.974555,0.224149,9.559709,-4.300400,-0.000112,1,0,19.185010,0.000000
8.470000,4000.000000,-33.806810,150.332200,1,1,2,2,0.750017,0.750017,0.750017,0.000000,0.974575,0.224061,0.000000,0.974555,0.224148,9.560580,-4.300776,-0.000127,1,0,19.186660,0.000000
8.480000,4000.000000,-33.849820,150.519200,1,1,2,2,0.750010,0.750008,0.750009,0.000000,0.962204,0.272331,0.000000,0.974555,0.224148,9.561813,-4.301143,-0.000120,1,0,19.188300,0.000000
8.490000,4000.000000,-33.892830,150.706200,1,1,2,2,0.750008,0.750008,0.750008,0.000000,0.974561,0.224125,0.000000,0.974555,0.224149,9.561523,-4.301497,-0.000101,1,0,19.189950,0.000000
8.500000,4000.000000,-33.935850,150.893200,1,1,2,2,0.750013,0.750017,0.750015,0.000000,0.974561,0.224125,0.000000,0.974555,0.224149,9.559828,-4.301853,-0.000086,1,0,19.191580,0.000000
8.510000,4000.000000,-33.978870,151.080300,1,1,2,2,0.750011,0.750007,0.750009,0.000000,0.974572,0.224075,0.000000,0.974555,0.224148,9.561244,-4.302226,-0.000100,1,0,19.193220,0.000000
8.520000,4000.000000,-34.021900,151.267300,1,1,2,2,0.750005,0.750005,0.750005,0.000000,0.974572,0.224075,0.000000,0.974555,0.224148,9.561918,-4.302583,-0.000099,1,0,19.194850,0.000000
8.530000,4000.000000,-34.064930,151.454400,1,1,2,2,0.750003,0.750002,0.750003,0.000000,0.974574,0.224068,0.000000,0.974555,0.224148,9.562210,-4.302934,-0.000091,1,0,19.196480,0.000000
8.540000,4000.000000,-34.107960,151.641500,1,1,2,2,0.750001,0.750003,0.750002,0.000000,0.974546,0.224188,0.000000,0.974555,0.224149,9.561451,-4.303281,-0.000056,1,0,19.198110,0.000000
8.550000,4000.000000,-34.151000,151.828600,1,1,2,2,0.750004,0.750005,0.750004,0.000000,0.974575,0.224061,0.000000,0.974555,0.224148,9.560912,-4.303635,-0.000053,1,0,19.199730,0.000000
8.559999,4000.000000,-34.194040,152.015800,1,1,2,2,0.750002,0.750004,0.750003,0.000000,0.974575,0.224061,0.000000,0.974555,0.224148,9.561314,-4.303993,-0.000055,1,0,19.201350,0.000000
8.570000,4000.000000,-34.237090,152.202900,1,1,2,2,0.750002,0.750002,0.750002,0.000000,0.974575,0.224061,0.000000,0.974555,0.224147,9.561411,-4.304347,-0.000053,1,0,19.202970,0.000000
8.580000,4000.000000,-34.280140,152.390100,1,1,2,2,0.749995,0.749995,0.749995,0.000000,0.974561,0.224125,0.000000,0.974555,0.224148,9.562245,-4.304699,-0.000037,1,0,19.204590,0.000000
8.590000,4000.000000,-34.323180,152.577300,1,1,2,2,0.750004,0.750006,0.750005,0.000000,0.974574,0.224068,0.000000,0.974555,0.224148,9.559796,-4.305043,-0.000012,1,0,19.206200,0.000000
8.599999,4000.000000,-34.366240,152.764500,1,1,2,2,0.750007,0.750005,0.750006,0.000000,0.974572,0.224075,0.000000,0.974555,0.224148,9.559905,-4.305409,-0.000025,1,0,19.207810,0.000000
8.610000,4000.000000,-34.409290,152.951700,1,1,2,2,0.750007,0.750007,0.750007,0.000000,0.974574,0.224068,0.000000,0.974555,0.224147,9.560018,-4.305775,-0.000037,1,0,19.209420,0.000000
8.620000,4000.000000,-34.452350,153.138900,1,1,2,2,0.750009,0.750009,0.750009,0.000000,0.975243,0.221136,0.000000,0.974555,0.224147,9.559919,-4.306138,-0.000047,1,0,19.211030,0.000000
8.630000,4000.000000,-34.495420,153.326100,1,1,2,2,0.750005,0.750005,0.750005,0.000000,0.974572,0.224075,0.000000,0.974555,0.224148,9.560346,-4.306502,-0.000033,1,0,19.212630,0.000000
8.639999,4000.000000,-34.538490,153.513400,1,1,2,2,0.750013,0.750013,0.750013,0.000000,0.974813,0.223025,0.000000,0.974555,0.224148,9.559098,-4.306861,-0.000040,1,0,19.214230,0.000000
8.650000,4000.000000,-34.581560,153.700700,1,1,2,2,0.750013,0.750011,0.750012,0.000000,0.974575,0.224061,0.000000,0.974555,0.224147,9.559758,-4.307231,-0.000060,1,0,19.215820,0.000000
8.660000,4000.000000,-34.624630,153.887900,1,1,2,2,0.750011,0.750011,0.750011,0.000000,0.974018,0.226473,0.000000,0.974555,0.224147,9.560227,-4.307595,-0.000072,1,0,19.217410,0.000000
8.670000,4000.000000,-34.667710,154.075200,1,1,2,2,0.750013,0.750009,0.750011,0.000000,0.974575,0.224061,0.000000,0.974555,0.224147,9.560396,-4.307953,-0.000079,1,0,19.219000,0.000000
8.679999,4000.000000,-34.710800,154.262600,1,1,2,2,0.750005,0.750008,0.750007,0.000000,0.974574,0.224068,0.000000,0.974555,0.224148,9.560718,-4.308309,-0.000060,1,0,19.220590,0.000000
8.690000,4000.000000,-34.753880,154.449900,1,1,2,2,0.750010,0.750008,0.750009,0.000000,0.974546,0.224188,0.000000,0.974555,0.224149,9.559701,-4.308661,-0.000039,1,0,19.222180,0.000000
8.700000,4000.000000,-34.796970,154.637200,1,1,2,2,0.750009,0.750009,0.750009,0.000000,0.975360,0.220618,0.000000,0.974555,0.224148,9.560116,-4.309022,-0.000055,1,0,19.223760,0.000000
8.710000,4000.000000,-34.840070,154.824600,1,1,2,2,0.750007,0.750007,0.750007,0.000000,0.974575,0.224061,0.000000,0.974555,0.224148,9.560691,-4.309379,-0.000065,1,0,19.225340,0.000000
8.720000,4000.000000,-34.883170,155.012000,1,1,2,2,0.750002,0.750000,0.750001,0.000000,0.974574,0.224068,0.000000,0.974555,0.224148,9.561566,-4.309729,-0.000056,1,0,19.226910,0.000000
8.730000,4000.000000,-34.926270,155.199400,1,1,2,2,0.750000,0.750000,0.750000,0.000000,0.974560,0.224128,0.000000,0.974555,0.224148,9.561323,-4.310071,-0.000040,1,0,19.228490,0.000000
8.740000,4000.000000,-34.969370,155.386800,1,1,2,2,0.750008,0.750008,0.750008,0.000000,0.974574,0.224068,0.000000,0.974555,0.224148,9.559659,-4.310414,-0.000027,1,0,19.230060,0.000000
8.750000,4000.000000,-35.012480,155.574200,1,1,2,2,0.750007,0.750011,0.750009,0.000000,0.974575,0.224061,0.000000,0.974555,0.224148,9.559812,-4.310772,-0.000042,1,0,19.231630,0.000000
8.760000,4000.000000,-35.055590,155.761600,1,1,2,2,0.750009,0.750009,0.750009,0.000000,0.974575,0.224061,0.000000,0.974555,0.224148,9.560143,-4.311129,-0.000055,1,0,19.233190,0.000000
8.770000,4000.000000,-35.098700,155.949100,1,1,2,2,0.750009,0.750009,0.750009,0.000000,0.974575,0.224061,0.000000,0.974555,0.224147,9.560371,-4.311482,-0.000065,1,0,19.234750,0.000000
8.780000,4000.000000,-35.141820,156.136600,1,1,2,2,0.750008,0.750008,0.750008,0.000000,0.974572,0.224075,0.000000,0.974555,0.224148,9.560068,-4.311832,-0.000047,1,0,19.236310,0.000000
8.790000,4000.000000,-35.184940,156.324100,1,1,2,2,0.750011,0.750011,0.750011,0.000000,0.974575,0.224061,0.000000,0.974555,0.224148,9.559863,-4.312184,-0.000058,1,0,19.237870,0.000000
8.800000,4000.000000,-35.228070,156.511600,1,1,2,2,0.750013,0.750013,0.750013,0.000000,0.974574,0.224068,0.000000,0.974555,0.224148,9.559864,-4.312538,-0.000071,1,0,19.239420,0.000000
8.809999,4000.000000,-35.271190,156.699100,1,1,2,2,0.750009,0.750009,0.750009,0.000000,0.974574,0.224068,0.000000,0.974555,0.224147,9.560815,-4.312891,-0.000082,1,0,19.240970,0.000000
8.820000,4000.000000,-35.314330,156.886600,1,1,2,2,0.750004,0.750006,0.750005,0.000000,0.974574,0.224068,0.000000,0.974555,0.224148,9.561290,-4.313234,-0.000072,1,0,19.242520,0.000000
8.830000,4000.000000,-35.357460,157.074100,1,1,2,2,0.750012,0.750010,0.750011,0.000000,0.974574,0.224068,0.000000,0.974555,0.224148,9.559873,-4.313571,-0.000057,1,0,19.244070,0.000000
8.840000,4000.000000,-35.400600,157.261700,1,1,2,2,0.750007,0.750007,0.750007,0.000000,0.977792,0.209580,0.000000,0.974555,0.224148,9.560813,-4.313922,-0.000069,1,0,19.245610,0.000000
8.849999,4000.000000,-35.443750,157.449300,1,1,2,2,0.750005,0.750005,0.750005,0.000000,0.974575,0.224061,0.000000,0.974555,0.224147,9.561194,-4.314264,-0.000071,1,0,19.247150,0.000000
8.860000,4000.000000,-35.486890,157.636900,1,1,2,2,0.750007,0.750005,0.750006,0.000000,0.974572,0.224075,0.000000,0.974555,0.224147,9.560976,-4.314601,-0.000068,1,0,19.248690,0.000000
8.870000,4000.000000,-35.530040,157.824500,1,1,2,2,0.750006,0.750005,0.750006,0.000000,0.974575,0.224061,0.000000,0.974555,0.224148,9.560472,-4.314939,-0.000044,1,0,19.250230,0.000000
8.880000,4000.000000,-35.573190,158.012100,1,1,2,2,0.750013,0.750011,0.750012,0.000000,0.979455,0.201664,0.000000,0.974555,0.224148,9.559509,-4.315282,-0.000050,1,0,19.251760,0.000000
8.889999,4000.000000,-35.616350,158.199700,1,1,2,2,0.750013,0.750011,0.750012,0.000000,0.974575,0.224061,0.000000,0.974555,0.224147,9.559889,-4.315634,-0.000065,1,0,19.253290,0.000000
8.900000,4000.000000,-35.659510,158.387400,1,1,2,2,0.750011,0.750011,0.750011,0.000000,0.975072,0.221889,0.000000,0.974555,0.224147,9.560310,-4.315981,-0.000075,1,0,19.254820,0.000000
8.910000,4000.000000,-35.702670,158.575100,1,1,2,2,0.750006,0.750004,0.750005,0.000000,0.974575,0.224061,0.000000,0.974555,0.224147,9.561199,-4.316323,-0.000069,1,0,19.256340,0.000000
8.920000,4000.000000,-35.745840,158.762700,1,1,2,2,0.750013,0.750013,0.750013,0.000000,0.975901,0.218213,0.000000,0.974555,0.224148,9.559369,-4.316657,-0.000055,1,0,19.257860,0.000000
8.929999,4000.000000,-35.789010,158.950400,1,1,2,2,0.750015,0.750015,0.750015,0.000000,0.974561,0.224121,0.000000,0.974555,0.224148,9.559163,-4.317007,-0.000060,1,0,19.259380,0.000000
8.940000,4000.000000,-35.832180,159.138200,1,1,2,2,0.750011,0.750011,0.750011,0.000000,0.973602,0.228252,0.000000,0.974555,0.224148,9.560405,-4.317359,-0.000079,1,0,19.260900,0.000000
8.950000,4000.000000,-35.875360,159.325900,1,1,2,2,0.750011,0.750009,0.750010,0.000000,0.974572,0.224075,0.000000,0.974555,0.224147,9.560707,-4.317698,-0.000085,1,0,19.262410,0.000000
8.960000,4000.000000,-35.918540,159.513600,1,1,2,2,0.750008,0.750008,0.750008,0.000000,0.973872,0.227097,0.000000,0.974555,0.224148,9.560484,-4.318034,-0.000064,1,0,19.263920,0.000000
8.970000,4000.000000,-35.961720,159.701400,1,1,2,2,0.750014,0.750014,0.750014,0.000000,0.974547,0.224182,0.000000,0.974555,0.224149,9.559043,-4.318371,-0.000047,1,0,19.265430,0.000000
8.980000,4000.000000,-36.004910,159.889100,1,1,2,2,0.750016,0.750013,0.750015,0.000000,0.974751,0.223294,0.000000,0.974555,0.224149,9.559489,-4.318721,-0.000069,1,0,19.266940,0.000000
8.990000,4000.000000,-36.048100,160.076900,1,1,2,2,0.750011,0.750011,0.750011,0.000000,0.974575,0.224061,0.000000,0.974555,0.224148,9.560550,-4.319067,-0.000086,1,0,19.268440,0.000000
9.000000,4000.000000,-36.091290,160.264700,1,1,2,2,0.750009,0.750009,0.750009,0.000000,0.974575,0.224061,0.000000,0.974555,0.224148,9.561044,-4.319402,-0.000092,1,0,19.269940,0.000000
9.010000,4000.000000,-36.134490,160.452500,1,1,2,2,0.750007,0.750005,0.750006,0.000000,0.974573,0.224071,0.000000,0.974555,0.224147,9.561568,-4.319731,-0.000092,1,0,19.271440,0.000000
9.020000,4000.000000,-36.177690,160.640300,1,1,2,2,0.750001,0.750001,0.750001,0.000000,0.974546,0.224188,0.000000,0.974555,0.224148,9.561786,-4.320055,-0.000063,1,0,19.272930,0.000000
9.030000,4000.000000,-36.220900,160.828200,1,1,2,2,0.750000,0.750002,0.750001,0.000000,0.974572,0.224075,0.000000,0.974555,0.224148,9.561646,-4.320376,-0.000056,1,0,19.274420,0.000000
9.040000,4000.000000,-36.264100,161.016000,1,1,2,2,0.750002,0.750002,0.750002,0.000000,0.974574,0.224068,0.000000,0.974555,0.224148,9.561361,-4.320698,-0.000051,1,0,19.275910,0.000000
9.050000,4000.000000,-36.307310,161.203900,1,1,2,2,0.750003,0.750002,0.750002,0.000000,0.974575,0.224061,0.000000,0.974555,0.224147,9.561131,-4.321022,-0.000047,1,0,19.277400,0.000000
9.059999,4000.000000,-36.350520,161.391800,1,1,2,2,0.749997,0.750000,0.749998,0.000000,0.974574,0.224064,0.000000,0.974555,0.224148,9.561528,-4.321347,-0.000034,1,0,19.278880,0.000000
9.070000,4000.000000,-36.393740,161.579700,1,1,2,2,0.750006,0.750002,0.750004,0.000000,0.974574,0.224068,0.000000,0.974555,0.224148,9.560068,-4.321668,-0.000017,1,0,19.280360,0.000000
9.080000,4000.000000,-36.436960,161.767600,1,1,2,2,0.750000,0.750002,0.750001,0.000000,0.974575,0.224061,0.000000,0.974555,0.224148,9.560924,-4.322003,-0.000027,1,0,19.281840,0.000000
9.090000,4000.000000,-36.480190,161.955500,1,1,2,2,0.750001,0.749998,0.750000,0.000000,0.974574,0.224068,0.000000,0.974555,0.224147,9.561147,-4.322329,-0.000027,1,0,19.283320,0.000000
9.099999,4000.000000,-36.523410,162.143400,1,1,2,2,0.749998,0.750001,0.750000,0.000000,0.974575,0.224061,0.000000,0.974555,0.224147,9.561104,-4.322652,-0.000026,1,0,19.284790,0.000000
9.110000,4000.000000,-36.566640,162.331400,1,1,2,2,0.749996,0.749997,0.749996,0.000000,0.974575,0.224061,0.000000,0.974555,0.224148,9.561038,-4.322975,0.000000,1,0,19.286260,0.000000
9.120000,4000.000000,-36.609870,162.519400,1,1,2,2,0.750004,0.750004,0.750004,0.000000,0.974575,0.224061,0.000000,0.974555,0.224148,9.559778,-4.323298,-0.000001,1,0,19.287730,0.000000
9.130000,4000.000000,-36.653110,162.707400,1,1,2,2,0.750004,0.750004,0.750004,0.000000,0.974575,0.224061,0.000000,0.974555,0.224147,9.560094,-4.323632,-0.000013,1,0,19.289200,0.000000
9.139999,4000.000000,-36.696350,162.895400,1,1,2,2,0.750007,0.750004,0.750005,0.000000,0.974575,0.224061,0.000000,0.974555,0.224147,9.560012,-4.323963,-0.000022,1,0,19.290660,0.000000
9.150000,4000.000000,-36.739590,163.083400,1,1,2,2,0.749999,0.750000,0.750000,0.000000,0.974575,0.224061,0.000000,0.974555,0.224147,9.560965,-4.324295,-0.000019,1,0,19.292120,0.000000
9.160000,4000.000000,-36.782840,163.271400,1,1,2,2,0.750010,0.750008,0.750009,0.000000,0.956644,0.291261,0.000000,0.974555,0.224148,9.559004,-4.324616,-0.000007,1,0,19.293580,0.000000
9.170000,4000.000000,-36.826090,163.459500,1,1,2,2,0.750006,0.750008,0.750007,0.000000,0.974561,0.224125,0.000000,0.974555,0.224148,9.559570,-4.324956,-0.000016,1,0,19.295040,0.000000
9.179999,4000.000000,-36.869340,163.647500,1,1,2,2,0.750005,0.750005,0.750005,0.000000,0.974574,0.224068,0.000000,0.974555,0.224148,9.560219,-4.325290,-0.000031,1,0,19.296490,0.000000
9.190000,4000.000000,-36.912600,163.835600,1,1,2,2,0.750002,0.750000,0.750001,0.000000,0.974572,0.224075,0.000000,0.974555,0.224147,9.561217,-4.325617,-0.000039,1,0,19.297940,0.000000
9.200000,4000.000000,-36.955860,164.023700,1,1,2,2,0.749999,0.749999,0.749999,0.000000,0.919030,0.394188,0.000000,0.974555,0.224148,9.560870,-4.325933,-0.000013,1,0,19.299390,0.000000
9.210000,4000.000000,-36.999120,164.211700,1,1,2,2,0.749999,0.750001,0.750000,0.000000,0.974546,0.224188,0.000000,0.974555,0.224149,9.560178,-4.326253,0.000008,1,0,19.300830,0.000000
9.220000,4000.000000,-37.042390,164.399900,1,1,2,2,0.750004,0.750004,0.750004,0.000000,0.974574,0.224068,0.000000,0.974555,0.224149,9.559836,-4.326579,-0.000003,1,0,19.302270,0.000000
9.230000,4000.000000,-37.085660,164.588000,1,1,2,2,0.750000,0.750000,0.750000,0.000000,0.974575,0.224061,0.000000,0.974555,0.224148,9.560832,-4.326907,-0.000017,1,0,19.303710,0.000000
9.240000,4000.000000,-37.128930,164.776100,1,1,2,2,0.749993,0.749993,0.749993,0.000000,0.974572,0.224075,0.000000,0.974555,0.224148,9.561872,-4.327225,-0.000008,1,0,19.305150,0.000000
9.250000,4000.000000,-37.172200,164.964300,1,1,2,2,0.749998,0.749998,0.749998,0.000000,0.974574,0.224068,0.000000,0.974555,0.224149,9.560439,-4.327533,0.000011,1,0,19.306590,0.000000
9.260000,4000.000000,-37.215480,165.152500,1,1,2,2,0.750006,0.750009,0.750008,0.000000,0.974574,0.224064,0.000000,0.974555,0.224149,9.558652,-4.327854,0.000015,1,0,19.308020,0.000000
9.270000,4000.000000,-37.258760,165.340600,1,1,2,2,0.750005,0.750005,0.750005,0.000000,0.974575,0.224061,0.000000,0.974555,0.224148,9.559711,-4.328191,-0.000011,1,0,19.309450,0.000000
9.280000,4000.000000,-37.302050,165.528800,1,1,2,2,0.750005,0.750005,0.750005,0.000000,0.974575,0.224061,0.000000,0.974555,0.224148,9.560066,-4.328518,-0.000025,1,0,19.310880,0.000000
9.290000,4000.000000,-37.345340,165.717000,1,1,2,2,0.750005,0.750000,0.750002,0.000000,0.974575,0.224061,0.000000,0.974555,0.224148,9.560851,-4.328841,-0.000036,1,0,19.312310,0.000000
9.300000,4000.000000,-37.388630,165.905300,1,1,2,2,0.749995,0.749997,0.749996,0.000000,0.974546,0.224188,0.000000,0.974555,0.224148,9.561406,-4.329155,-0.000014,1,0,19.313730,0.000000
9.309999,4000.000000,-37.431920,166.093500,1,1,2,2,0.750002,0.749998,0.750000,0.000000,0.974575,0.224061,0.000000,0.974555,0.224148,9.560706,-4.329463,-0.000012,1,0,19.315150,0.000000
9.320000,4000.000000,-37.475220,166.281700,1,1,2,2,0.750000,0.750002,0.750001,0.000000,0.974575,0.224061,0.000000,0.974555,0.224148,9.560639,-4.329778,-0.000015,1,0,19.316570,0.000000
9.330000,4000.000000,-37.518520,166.470000,1,1,2,2,0.750000,0.749998,0.749999,0.000000,0.974574,0.224068,0.000000,0.974555,0.224147,9.561084,-4.330093,-0.000019,1,0,19.317980,0.000000
9.340000,4000.000000,-37.561820,166.658300,1,1,2,2,0.749995,0.749997,0.749996,0.000000,0.974561,0.224125,0.000000,0.974555,0.224148,9.561351,-4.330403,-0.000007,1,0,19.319390,0.000000
9.349999,4000.000000,-37.605130,166.846600,1,1,2,2,0.750001,0.750002,0.750001,0.000000,0.974575,0.224061,0.000000,0.974555,0.224148,9.559922,-4.330709,0.000008,1,0,19.320800,0.000000
9.360000,4000.000000,-37.648450,167.034900,1,1,2,2,0.749998,0.749998,0.749998,0.000000,0.974572,0.224075,0.000000,0.974555,0.224148,9.560863,-4.331029,-0.000004,1,0,19.322210,0.000000
9.370000,4000.000000,-37.691760,167.223200,1,1,2,2,0.750003,0.750003,0.750003,0.000000,0.974574,0.224068,0.000000,0.974555,0.224147,9.559926,-4.331340,-0.000006,1,0,19.323610,0.000000
9.380000,4000.000000,-37.735070,167.411500,1,1,2,2,0.750002,0.750002,0.750002,0.000000,0.974575,0.224061,0.000000,0.974555,0.224147,9.560504,-4.331659,-0.000016,1,0,19.325010,0.000000
9.389999,4000.000000,-37.778390,167.599900,1,1,2,2,0.749997,0.749996,0.749996,0.000000,0.974575,0.224061,0.000000,0.974555,0.224148,9.560946,-4.331972,0.000003,1,0,19.326410,0.000000
9.400000,4000.000000,-37.821720,167.788200,1,1,2,2,0.750002,0.749998,0.750000,0.000000,0.974575,0.224061,0.000000,0.974555,0.224148,9.560384,-4.332280,0.000002,1,0,19.327810,0.000000
9.410000,4000.000000,-37.865040,167.976600,1,1,2,2,0.750001,0.749999,0.750000,0.000000,0.974575,0.224061,0.000000,0.974555,0.224147,9.560439,-4.332592,-0.000005,1,0,19.329210,0.000000
9.420000,4000.000000,-37.908370,168.165000,1,1,2,2,0.749998,0.749996,0.749997,0.000000,0.974575,0.224061,0.000000,0.974555,0.224147,9.561207,-4.332904,-0.000010,1,0,19.330600,0.000000
9.429999,4000.000000,-37.951700,168.353400,1,1,2,2,0.749996,0.749993,0.749994,0.000000,0.974575,0.224061,0.000000,0.974555,0.224147,9.561592,-4.333208,-0.000008,1,0,19.331990,0.000000
9.440000,4000.000000,-37.995040,168.541800,1,1,2,2,0.749995,0.749995,0.749995,0.000000,0.974575,0.224061,0.000000,0.974555,0.224148,9.560643,-4.333508,0.000023,1,0,19.333370,0.000000
9.450000,4000.000000,-38.038380,168.730200,1,1,2,2,0.749997,0.749997,0.749997,0.000000,0.974546,0.224188,0.000000,0.974555,0.224149,9.559816,-4.333816,0.000043,1,0,19.334760,0.000000
9.460000,4000.000000,-38.081720,168.918700,1,1,2,2,0.749998,0.749998,0.749998,0.000000,0.974574,0.224068,0.000000,0.974555,0.224148,9.560037,-4.334131,0.000029,1,0,19.336140,0.000000
9.469999,4000.000000,-38.125060,169.107100,1,1,2,2,0.750004,0.750005,0.750004,0.000000,0.974572,0.224075,0.000000,0.974555,0.224148,9.559132,-4.334444,0.000018,1,0,19.337520,0.000000
9.480000,4000.000000,-38.168410,169.295600,1,1,2,2,0.749997,0.749997,0.749997,0.000000,0.974575,0.224061,0.000000,0.974555,0.224148,9.560731,-4.334765,0.000011,1,0,19.338900,0.000000
9.490000,4000.000000,-38.211760,169.484100,1,1,2,2,0.749998,0.750000,0.749999,0.000000,0.974560,0.224128,0.000000,0.974555,0.224148,9.560082,-4.335071,0.000019,1,0,19.340270,0.000000
9.500000,4000.000000,-38.255110,169.672600,1,1,2,2,0.750002,0.750002,0.750002,0.000000,0.974560,0.224128,0.000000,0.974555,0.224148,9.559512,-4.335382,0.000019,1,0,19.341650,0.000000
9.510000,4000.000000,-38.298470,169.861100,1,1,2,2,0.749998,0.750002,0.750000,0.000000,0.974575,0.224061,0.000000,0.974555,0.224148,9.560354,-4.335697,0.000003,1,0,19.343020,0.000000
9.520000,4000.000000,-38.341830,170.049600,1,1,2,2,0.749998,0.749994,0.749996,0.000000,0.974575,0.224061,0.000000,0.974555,0.224148,9.561224,-4.336004,-0.000005,1,0,19.344390,0.000000
9.530000,4000.000000,-38.385190,170.238100,1,1,2,2,0.750000,0.749998,0.749999,0.000000,0.974574,0.224068,0.000000,0.974555,0.224147,9.560681,-4.336302,-0.000003,1,0,19.345750,0.000000
9.540000,4000.000000,-38.428560,170.426700,1,1,2,2,0.750003,0.749999,0.750001,0.000000,0.974574,0.224068,0.000000,0.974555,0.224148,9.559812,-4.336605,0.000017,1,0,19.347120,0.000000
9.550000,4000.000000,-38.471930,170.615300,1,1,2,2,0.750000,0.750004,0.750002,0.000000,0.974575,0.224061,0.000000,0.974555,0.224148,9.559987,-4.336916,0.000003,1,0,19.348480,0.000000
9.559999,4000.000000,-38.515300,170.803800,1,1,2,2,0.750002,0.750002,0.750002,0.000000,0.974575,0.224061,0.000000,0.974555,0.224148,9.560287,-4.337224,-0.000008,1,0,19.349830,0.000000
9.570000,4000.000000,-38.558680,170.992400,1,1,2,2,0.750000,0.750000,0.750000,0.000000,0.974575,0.224061,0.000000,0.974555,0.224147,9.560824,-4.337530,-0.000015,1,0,19.351190,0.000000
9.580000,4000.000000,-38.602050,171.181000,1,1,2,2,0.749993,0.749993,0.749993,0.000000,0.974561,0.224125,0.000000,0.974555,0.224148,9.561792,-4.337829,-0.000005,1,0,19.352540,0.000000
9.590000,4000.000000,-38.645440,171.369600,1,1,2,2,0.750002,0.749999,0.750001,0.000000,0.974574,0.224068,0.000000,0.974555,0.224148,9.559906,-4.338119,0.000015,1,0,19.353890,0.000000
9.599999,4000.000000,-38.688820,171.558300,1,1,2,2,0.750000,0.750002,0.750001,0.000000,0.974575,0.224061,0.000000,0.974555,0.224148,9.560182,-4.338426,0.000003,1,0,19.355240,0.000000
9.610000,4000.000000,-38.732210,171.746900,1,1,2,2,0.749998,0.749998,0.749998,0.000000,0.974574,0.224068,0.000000,0.974555,0.224147,9.560908,-4.338729,-0.000005,1,0,19.356590,0.000000
9.620000,4000.000000,-38.775600,171.935600,1,1,2,2,0.750002,0.750000,0.750001,0.000000,0.974575,0.224061,0.000000,0.974555,0.224147,9.560406,-4.339025,-0.000006,1,0,19.357930,0.000000
9.630000,4000.000000,-38.818990,172.124200,1,1,2,2,0.749998,0.750001,0.749999,0.000000,0.974572,0.224075,0.000000,0.974555,0.224148,9.560201,-4.339326,0.000012,1,0,19.359270,0.000000
9.639999,4000.000000,-38.862380,172.312900,1,1,2,2,0.750002,0.750004,0.750003,0.000000,0.974572,0.224075,0.000000,0.974555,0.224148,9.559846,-4.339629,0.000004,1,0,19.360610,0.000000
9.650000,4000.000000,-38.905780,172.501600,1,1,2,2,0.750002,0.750000,0.750001,0.000000,0.974575,0.224061,0.000000,0.974555,0.224147,9.560469,-4.339934,-0.000008,1,0,19.361950,0.000000
9.660000,4000.000000,-38.949190,172.690300,1,1,2,2,0.749998,0.749998,0.749998,0.000000,0.974574,0.224068,0.000000,0.974555,0.224147,9.561107,-4.340232,-0.000013,1,0,19.363280,0.000000
9.670000,4000.000000,-38.992590,172.879000,1,1,2,2,0.749995,0.749995,0.749995,0.000000,0.974575,0.224061,0.000000,0.974555,0.224147,9.561328,-4.340524,0.000000,1,0,19.364610,0.000000
9.679999,4000.000000,-39.036000,173.067700,1,1,2,2,0.750006,0.750006,0.750006,0.000000,0.974575,0.224061,0.000000,0.974555,0.224148,9.558949,-4.340813,0.000015,1,0,19.365940,0.000000
9.690000,4000.000000,-39.079410,173.256500,1,1,2,2,0.750004,0.750005,0.750004,0.000000,0.986044,0.166486,0.000000,0.974555,0.224147,9.559742,-4.341125,-0.000006,1,0,19.367270,0.000000
9.700000,4000.000000,-39.122830,173.445300,1,1,2,2,0.750005,0.750002,0.750003,0.000000,0.974574,0.224068,0.000000,0.974555,0.224147,9.560246,-4.341428,-0.000018,1,0,19.368590,0.000000
9.710000,4000.000000,-39.166240,173.634000,1,1,2,2,0.750000,0.750001,0.750001,0.000000,0.974572,0.224075,0.000000,0.974555,0.224147,9.560920,-4.341726,-0.000026,1,0,19.369910,0.000000
9.719999,4000.000000,-39.209660,173.822800,1,1,2,2,0.749996,0.749997,0.749996,0.000000,0.974575,0.224061,0.000000,0.974555,0.224148,9.561057,-4.342017,-0.000001,1,0,19.371230,0.000000
9.730000,4000.000000,-39.253090,174.011600,1,1,2,2,0.750004,0.750004,0.750004,0.000000,0.981144,0.193279,0.000000,0.974555,0.224147,9.559790,-4.342306,-0.000001,1,0,19.372550,0.000000
9.740000,4000.000000,-39.296510,174.200400,1,1,2,2,0.750007,0.750004,0.750005,0.000000,0.974572,0.224075,0.000000,0.974555,0.224147,9.559786,-4.342607,-0.000013,1,0,19.373870,0.000000
9.750000,4000.000000,-39.339940,174.389200,1,1,2,2,0.750002,0.750005,0.750003,0.000000,0.974576,0.224057,0.000000,0.974555,0.224147,9.560410,-4.342907,-0.000025,1,0,19.375180,0.000000
9.760000,4000.000000,-39.383370,174.578100,1,1,2,2,0.750000,0.750004,0.750002,0.000000,0.974575,0.224061,0.000000,0.974555,0.224146,9.560843,-4.343201,-0.000030,1,0,19.376490,0.000000
9.770000,4000.000000,-39.426810,174.766900,1,1,2,2,0.749997,0.749997,0.749997,0.000000,0.959478,0.281784,0.000000,0.974555,0.224147,9.561045,-4.343490,-0.000006,1,0,19.377800,0.000000
9.780000,4000.000000,-39.470250,174.955800,1,1,2,2,0.749999,0.749995,0.749997,0.000000,0.974547,0.224182,0.000000,0.974555,0.224148,9.560426,-4.343777,0.000018,1,0,19.379100,0.000000
9.790000,4000.000000,-39.513690,175.144600,1,1,2,2,0.750001,0.750000,0.750001,0.000000,0.974574,0.224068,0.000000,0.974555,0.224148,9.560003,-4.344069,0.000011,1,0,19.380410,0.000000
9.800000,4000.000000,-39.557130,175.333500,1,1,2,2,0.750005,0.750004,0.750004,0.000000,0.974575,0.224061,0.000000,0.974555,0.224148,9.559605,-4.344364,-0.000001,1,0,19.381710,0.000000
9.809999,4000.000000,-39.600570,175.522400,1,1,2,2,0.749999,0.749999,0.749999,0.000000,0.953978,0.299878,0.000000,0.974555,0.224148,9.560736,-4.344663,-0.000003,1,0,19.383010,0.000000
9.820000,4000.000000,-39.644020,175.711300,1,1,2,2,0.749997,0.749997,0.749997,0.000000,0.974561,0.224125,0.000000,0.974555,0.224148,9.560868,-4.344951,0.000005,1,0,19.384300,0.000000
9.830000,4000.000000,-39.687480,175.900300,1,1,2,2,0.750004,0.750002,0.750003,0.000000,0.974560,0.224128,0.000000,0.974555,0.224148,9.559490,-4.345236,0.000014,1,0,19.385600,0.000000
9.840000,4000.000000,-39.730930,176.089200,1,1,2,2,0.749998,0.750002,0.750000,0.000000,0.974575,0.224061,0.000000,0.974555,0.224148,9.560485,-4.345535,-0.000003,1,0,19.386890,0.000000
9.849999,4000.000000,-39.774390,176.278100,1,1,2,2,0.750000,0.750000,0.750000,0.000000,0.974575,0.224061,0.000000,0.974555,0.224148,9.560658,-4.345823,-0.000009,1,0,19.388180,0.000000
9.860000,4000.000000,-39.817850,176.467100,1,1,2,2,0.750003,0.750003,0.750003,0.000000,0.974574,0.224068,0.000000,0.974555,0.224147,9.560145,-4.346109,-0.000013,1,0,19.389470,0.000000
9.870000,4000.000000,-39.861320,176.656100,1,1,2,2,0.750001,0.749999,0.750000,0.000000,0.974574,0.224068,0.000000,0.974555,0.224148,9.560327,-4.346400,0.000002,1,0,19.390750,0.000000
9.880000,4000.000000,-39.904790,176.845100,1,1,2,2,0.749998,0.749998,0.749998,0.000000,0.974575,0.224061,0.000000,0.974555,0.224148,9.560882,-4.346688,-0.000006,1,0,19.392030,0.000000
9.889999,4000.000000,-39.948250,177.034100,1,1,2,2,0.750000,0.750000,0.750000,0.000000,0.974575,0.224061,0.000000,0.974555,0.224148,9.560627,-4.346971,-0.000008,1,0,19.393310,0.000000
9.900000,4000.000000,-39.991730,177.223100,1,1,2,2,0.749998,0.749998,0.749998,0.000000,0.974574,0.224068,0.000000,0.974555,0.224147,9.561069,-4.347255,-0.000012,1,0,19.394590,0.000000
9.910000,4000.000000,-40.035200,177.412100,1,1,2,2,0.749995,0.749995,0.749995,0.000000,0.974561,0.224125,0.000000,0.974555,0.224148,9.561295,-4.347534,0.000001,1,0,19.395870,0.000000
9.920000,4000.000000,-40.078680,177.601100,1,1,2,2,0.750002,0.750004,0.750003,0.000000,0.974574,0.224068,0.000000,0.974555,0.224148,9.559403,-4.347811,0.000016,1,0,19.397140,0.000000
9.929999,4000.000000,-40.122160,177.790200,1,1,2,2,0.750000,0.750002,0.750001,0.000000,0.974575,0.224061,0.000000,0.974555,0.224147,9.560278,-4.348106,-0.000001,1,0,19.398410,0.000000
9.940000,4000.000000,-40.165650,177.979200,1,1,2,2,0.749999,0.749999,0.749999,0.000000,0.974575,0.224061,0.000000,0.974555,0.224147,9.560701,-4.348392,-0.000008,1,0,19.399680,0.000000
9.950000,4000.000000,-40.209130,178.168300,1,1,2,2,0.749994,0.749994,0.749994,0.000000,0.974574,0.224068,0.000000,0.974555,0.224147,9.561703,-4.348672,-0.000011,1,0,19.400950,0.000000
9.960000,4000.000000,-40.252620,178.357400,1,1,2,2,0.749996,0.749996,0.749996,0.000000,0.974572,0.224075,0.000000,0.974555,0.224148,9.560667,-4.348943,0.000021,1,0,19.402210,0.000000
9.969999,4000.000000,-40.296110,178.546500,1,1,2,2,0.750002,0.750002,0.750002,0.000000,0.974572,0.224075,0.000000,0.974555,0.224147,9.559637,-4.349224,0.000017,1,0,19.403480,0.000000
9.980000,4000.000000,-40.339610,178.735600,1,1,2,2,0.750004,0.750004,0.750004,0.000000,0.974574,0.224068,0.000000,0.974555,0.224147,9.559683,-4.349514,0.000003,1,0,19.404740,0.000000
9.990000,4000.000000,-40.383110,178.924700,1,1,2,2,0.750001,0.749998,0.750000,0.000000,0.974575,0.224061,0.000000,0.974555,0.224147,9.560688,-4.349802,-0.000009,1,0,19.405990,0.000000
