time,x,y,z,left,right,leftSamples,rightSamples,leftHeight,rightHeight,height,rawNx,rawNy,rawNz,supportNx,supportNy,supportNz,supportAcceleration,verticalVelocity,normalVelocity,grounded,transitions,speed,lateralAcceleration
0.000000,4000.000000,0.291805,2.169900,1,1,2,2,0.747400,0.747363,0.747382,0.000000,0.973216,0.229894,-0.000091,0.973216,0.229893,8.638237,-3.624529,0.055212,1,0,16.000000,0.000000
0.010000,4000.000000,0.255454,2.325791,1,1,2,2,0.748629,0.748591,0.748610,0.000000,0.973757,0.227591,-0.000091,0.973263,0.229695,8.727334,-3.635107,0.042823,1,0,16.007330,-0.000929
0.020000,4000.000000,0.219006,2.481735,1,1,2,2,0.747940,0.747913,0.747927,0.000000,0.972446,0.233127,-0.000089,0.973192,0.229990,8.933977,-3.644806,0.039451,1,0,16.014640,-0.000908
0.030000,4000.000000,0.182481,2.637736,1,1,2,2,0.748283,0.748265,0.748274,0.000000,0.973082,0.230458,-0.000085,0.973068,0.230514,8.808637,-3.652490,0.041914,1,0,16.021970,-0.000868
0.040000,4000.000000,0.145867,2.793791,1,1,2,2,0.750621,0.750603,0.750612,0.000000,0.972538,0.232745,-0.000081,0.973023,0.230706,8.493226,-3.661396,0.037676,1,0,16.029340,-0.000811
0.050000,4000.000000,0.109133,2.949895,1,1,2,2,0.750483,0.750475,0.750479,0.000000,0.971109,0.238638,-0.000075,0.972861,0.231389,8.497962,-3.673367,0.038384,1,0,16.036720,-0.000755
0.060000,4000.000000,0.072280,3.106046,1,1,2,2,0.752872,0.752864,0.752868,0.000000,0.972054,0.234757,-0.000070,0.972791,0.231679,8.209760,-3.685293,0.032681,1,0,16.044150,-0.000685
0.070000,4000.000000,0.035280,3.262239,1,1,2,2,0.754689,0.754691,0.754690,0.000000,0.978973,0.203992,-0.000063,0.972697,0.232074,8.051826,-3.700017,0.025846,1,0,16.051600,-0.000617
0.080000,4000.000000,-0.001883,3.418471,1,1,2,2,0.754726,0.754737,0.754732,0.000000,0.970234,0.242169,-0.000054,0.972489,0.232944,8.056461,-3.716272,0.025279,1,0,16.059070,-0.000534
0.090000,4000.000000,-0.039208,3.574742,1,1,2,2,0.757476,0.757488,0.757482,0.000000,0.971454,0.237229,-0.000046,0.972400,0.233313,7.779418,-3.732482,0.016523,1,0,16.066630,-0.000441
0.100000,4000.000000,-0.076721,3.731045,1,1,2,2,0.757838,0.757859,0.757849,0.000000,0.970029,0.242988,-0.000037,0.972200,0.234145,7.807513,-3.751379,0.012682,1,0,16.074220,-0.000352
0.110000,4000.000000,-0.114421,3.887383,1,1,2,2,0.759295,0.759325,0.759310,0.000000,0.971367,0.237585,-0.000026,0.972014,0.234918,7.655875,-3.770001,0.008152,1,0,16.081880,-0.000253
0.120000,4000.000000,-0.152322,4.043751,1,1,2,2,0.761808,0.761838,0.761823,0.000000,0.971431,0.237324,-0.000017,0.971964,0.235125,7.587440,-3.790093,-0.007224,1,0,16.089610,-0.000145
0.130000,4000.000000,-0.190431,4.200149,1,1,2,2,0.761681,0.761720,0.761701,0.000000,0.970139,0.242548,-0.000006,0.971809,0.235764,7.830011,-3.810837,-0.016106,1,0,16.097370,-0.000046
0.140000,4000.000000,-0.228723,4.356583,1,1,2,2,0.763258,0.763297,0.763277,0.000000,0.971644,0.236450,0.000004,0.971795,0.235823,7.947188,-3.829216,-0.032152,1,0,16.105190,0.000054
0.150000,4000.000000,-0.267187,4.513054,1,1,2,2,0.764391,0.764439,0.764415,0.000000,0.976044,0.217573,0.000015,0.971812,0.235752,8.167936,-3.846443,-0.049164,1,0,16.113010,0.000149
0.160000,4000.000000,-0.305802,4.669569,1,1,2,2,0.763538,0.763593,0.763566,0.000000,0.970926,0.239379,0.000027,0.971736,0.236064,8.530966,-3.861510,-0.057602,1,0,16.120830,0.000248
0.170000,4000.000000,-0.344533,4.826137,1,1,2,2,0.764112,0.764168,0.764140,0.000000,0.972469,0.233033,0.000038,0.971799,0.235803,8.785843,-3.873041,-0.071908,1,0,16.128650,0.000348
0.180000,4000.000000,-0.383354,4.982762,1,1,2,2,0.763170,0.763232,0.763201,0.000000,0.971538,0.236883,0.000049,0.971776,0.235896,9.101702,-3.882081,-0.077789,1,0,16.136440,0.000439
0.190000,4000.000000,-0.422234,5.139452,1,1,2,2,0.762702,0.762769,0.762735,0.000000,0.970033,0.242974,0.000060,0.971818,0.235723,9.364257,-3.888045,-0.084922,1,0,16.144210,0.000532
0.200000,4000.000000,-0.461149,5.296214,1,1,2,2,0.762005,0.762072,0.762039,0.000000,0.973690,0.227877,0.000071,0.971982,0.235049,9.812098,-3.891449,-0.097756,1,0,16.151930,0.000626
0.210000,4000.000000,-0.500053,5.453056,1,1,2,2,0.760311,0.760382,0.760347,0.000000,0.973074,0.230494,0.000082,0.972077,0.234657,10.209330,-3.890483,-0.101425,1,0,16.159560,0.000707
0.220000,4000.000000,-0.538910,5.609988,1,1,2,2,0.758512,0.758583,0.758548,0.000000,0.974382,0.224898,0.000091,0.972279,0.233819,10.713640,-3.885646,-0.108566,1,0,16.167100,0.000788
0.230000,4000.000000,-0.577669,5.767021,1,1,2,2,0.756851,0.756925,0.756888,0.000000,0.975088,0.221818,0.000101,0.972527,0.232787,11.147950,-3.875891,-0.113891,1,0,16.174530,0.000858
0.240000,4000.000000,-0.616288,5.924163,1,1,2,2,0.754678,0.754755,0.754717,0.000000,0.974812,0.223029,0.000110,0.972727,0.231948,11.485810,-3.861895,-0.111693,1,0,16.181810,0.000927
0.250000,4000.000000,-0.654734,6.081422,1,1,2,2,0.751771,0.751848,0.751809,0.000000,0.975779,0.218758,0.000119,0.972997,0.230815,11.995180,-3.844603,-0.111030,1,0,16.188980,0.000992
0.260000,4000.000000,-0.692957,6.238807,1,1,2,2,0.749673,0.749751,0.749712,0.000000,0.975673,0.219231,0.000127,0.973232,0.229819,12.174760,-3.822338,-0.103021,1,0,16.196000,0.001048
0.270000,4000.000000,-0.730940,6.396321,1,1,2,2,0.747004,0.747081,0.747042,0.000000,0.959242,0.282586,0.000134,0.973521,0.228595,12.508700,-3.798316,-0.097042,1,0,16.202910,0.001101
0.280000,4000.000000,-0.768651,6.553970,1,1,2,2,0.743247,0.743325,0.743286,0.000000,0.977001,0.213237,0.000140,0.973829,0.227276,12.995400,-3.771030,-0.089343,1,0,16.209690,0.001145
0.290000,4000.000000,-0.806041,6.711764,1,1,2,2,0.741233,0.741309,0.741271,0.000000,0.977225,0.212207,0.000146,0.974131,0.225981,13.037910,-3.738988,-0.076417,1,0,16.216330,0.001182
0.300000,4000.000000,-0.843106,6.869702,1,1,2,2,0.737285,0.737361,0.737323,0.000000,0.977482,0.211018,0.000151,0.974428,0.224695,13.414790,-3.706521,-0.062952,1,0,16.222860,0.001212
0.310000,4000.000000,-0.879809,7.027790,1,1,2,2,0.734168,0.734241,0.734205,0.000000,0.977853,0.209293,0.000155,0.974733,0.223372,13.564930,-3.670369,-0.046386,1,0,16.229280,0.001238
0.320000,4000.000000,-0.916137,7.186029,1,1,2,2,0.732738,0.732807,0.732773,0.000000,0.978380,0.206815,0.000158,0.975057,0.221949,13.416690,-3.632744,-0.030018,1,0,16.235590,0.001255
0.330000,4000.000000,-0.952102,7.344415,1,1,2,2,0.728817,0.728885,0.728851,0.000000,0.978097,0.208148,0.000160,0.975327,0.220764,13.655500,-3.596552,-0.011230,1,0,16.241800,0.001257
0.340000,4000.000000,-0.987683,7.502950,1,1,2,2,0.725959,0.726023,0.725991,0.000000,0.992044,0.125895,0.000162,0.975581,0.219636,13.620410,-3.558025,0.010867,1,0,16.247920,0.001260
0.350000,4000.000000,-1.022881,7.661633,1,1,2,2,0.725558,0.725615,0.725586,0.000000,0.978999,0.203866,0.000161,0.975885,0.218281,13.248130,-3.519837,0.028790,1,0,16.253990,0.001251
0.360000,4000.000000,-1.057734,7.820453,1,1,2,2,0.722112,0.722169,0.722140,0.000000,0.978169,0.207810,0.000161,0.976086,0.217381,13.327300,-3.485273,0.050513,1,0,16.259940,0.001222
0.370000,4000.000000,-1.092233,7.979411,1,1,2,2,0.722167,0.722218,0.722193,0.000000,0.979083,0.203463,0.000159,0.976352,0.216185,12.881600,-3.449937,0.068071,1,0,16.265840,0.001200
0.380000,4000.000000,-1.126423,8.138495,1,1,2,2,0.720878,0.720920,0.720899,0.000000,0.979011,0.203807,0.000155,0.976587,0.215121,12.735230,-3.418947,0.083329,1,0,16.271640,0.001161
0.390000,4000.000000,-1.160316,8.297701,1,1,2,2,0.718286,0.718328,0.718307,0.000000,0.977675,0.210124,0.000152,0.976682,0.214691,12.595020,-3.389382,0.107642,1,0,16.277330,0.001101
0.400000,4000.000000,-1.193928,8.457025,1,1,2,2,0.719680,0.719713,0.719697,0.000000,0.978788,0.204877,0.000147,0.976867,0.213846,11.947030,-3.361197,0.123626,1,0,16.283020,0.001051
0.410000,4000.000000,-1.227322,8.616450,1,1,2,2,0.718363,0.718396,0.718379,0.000000,0.977225,0.212204,0.000143,0.976898,0.213705,11.654620,-3.339342,0.144819,1,0,16.288580,0.000976
0.420000,4000.000000,-1.260525,8.775972,1,1,2,2,0.718158,0.718182,0.718170,0.000000,0.976656,0.214811,0.000136,0.976877,0.213800,11.137290,-3.320356,0.167010,1,0,16.294120,0.000914
0.430000,4000.000000,-1.293590,8.935580,1,1,2,2,0.720934,0.720949,0.720941,0.000000,0.977919,0.208986,0.000128,0.976967,0.213388,10.426010,-3.306439,0.175544,1,0,16.299630,0.000832
0.440000,4000.000000,-1.326584,9.095257,1,1,2,2,0.720857,0.720871,0.720864,0.000000,0.975984,0.217841,0.000121,0.976884,0.213771,10.072190,-3.299472,0.190222,1,0,16.305020,0.000731
0.450000,4000.000000,-1.359544,9.254996,1,1,2,2,0.721886,0.721891,0.721889,0.000000,0.977297,0.211872,0.000112,0.976744,0.214409,9.501142,-3.295973,0.205631,1,0,16.310400,0.000642
0.460000,4000.000000,-1.392525,9.414785,1,1,2,2,0.725834,0.725828,0.725831,0.000000,0.976579,0.215159,0.000102,0.976729,0.214474,8.788395,-3.298065,0.205749,1,0,16.315760,0.000535
0.470000,4000.000000,-1.425596,9.574610,1,1,2,2,0.726917,0.726912,0.726914,0.000000,0.974426,0.224708,0.000093,0.976536,0.215355,8.425563,-3.307118,0.212386,1,0,16.321040,0.000414
0.480000,4000.000000,-1.458793,9.734463,1,1,2,2,0.730737,0.730721,0.730729,0.000000,0.975787,0.218724,0.000082,0.976471,0.215645,7.909643,-3.319720,0.205535,1,0,16.326350,0.000305
0.490000,4000.000000,-1.492167,9.894333,1,1,2,2,0.733763,0.733737,0.733750,0.000000,0.974949,0.222429,0.000070,0.976342,0.216229,7.541668,-3.337354,0.198450,1,0,16.331620,0.000182
0.500000,4000.000000,-1.525753,10.054210,1,1,2,2,0.735830,0.735805,0.735818,0.000000,0.972776,0.231749,0.000058,0.976045,0.217567,7.119674,-3.358576,0.200327,1,0,16.336920,0.000054
0.510000,4000.000000,-1.559592,10.214090,1,1,2,2,0.740161,0.740126,0.740144,0.000000,0.974097,0.226132,0.000046,0.975880,0.218304,6.648164,-3.383917,0.187974,1,0,16.342280,-0.000066
0.520000,4000.000000,-1.593730,10.373970,1,1,2,2,0.743222,0.743187,0.743205,0.000000,0.971996,0.235000,0.000035,0.975557,0.219744,6.225931,-3.413849,0.182698,1,0,16.347680,-0.000191
0.530000,4000.000000,-1.628209,10.533820,1,1,2,2,0.746598,0.746555,0.746577,0.000000,0.971288,0.237906,0.000023,0.975203,0.221310,5.798643,-3.447893,0.175372,1,0,16.353190,-0.000307
0.540000,4000.000000,-1.663070,10.693650,1,1,2,2,0.750867,0.750815,0.750841,0.000000,0.972480,0.232988,0.000010,0.974974,0.222317,5.552016,-3.486094,0.154446,1,0,16.358820,-0.000431
0.550000,4000.000000,-1.698337,10.853450,1,1,2,2,0.754259,0.754207,0.754233,0.000000,0.970690,0.240337,-0.000002,0.974619,0.223871,5.291769,-3.526680,0.140293,1,0,16.364570,-0.000551
0.560000,4000.000000,-1.734035,11.013220,1,1,2,2,0.757757,0.757697,0.757727,0.000000,0.971780,0.235888,-0.000015,0.974254,0.225452,5.064904,-3.569786,0.124068,1,0,16.370490,-0.000664
0.570000,4000.000000,-1.770185,11.172950,1,1,2,2,0.761325,0.761259,0.761292,0.000000,0.971193,0.238295,-0.000028,0.973997,0.226559,5.081018,-3.615082,0.097656,1,0,16.376580,-0.000779
0.580000,4000.000000,-1.806787,11.332630,1,1,2,2,0.764631,0.764565,0.764598,0.000000,0.969913,0.243450,-0.000040,0.973657,0.228016,4.990314,-3.660196,0.077346,1,0,16.382850,-0.000886
0.590000,4000.000000,-1.843849,11.492280,1,1,2,2,0.767126,0.767055,0.767090,0.000000,0.970741,0.240128,-0.000052,0.973412,0.229059,5.241917,-3.706170,0.049241,1,0,16.389300,-0.000986
0.600000,4000.000000,-1.881346,11.651890,1,1,2,2,0.770111,0.770035,0.770073,0.000000,0.970446,0.241317,-0.000064,0.973163,0.230115,5.335393,-3.749667,0.023926,1,0,16.395930,-0.001080
0.610000,4000.000000,-1.919268,11.811480,1,1,2,2,0.773002,0.772926,0.772965,0.000000,0.969814,0.243846,-0.000075,0.972883,0.231298,5.366951,-3.792231,0.001737,1,0,16.402710,-0.001169
0.620000,4000.000000,-1.957613,11.971030,1,1,2,2,0.774164,0.774085,0.774125,0.000000,0.970317,0.241836,-0.000086,0.972666,0.232207,5.817331,-3.834465,-0.024715,1,0,16.409660,-0.001250
0.630000,4000.000000,-1.996336,12.130570,1,1,2,2,0.776114,0.776033,0.776074,0.000000,0.985947,0.167057,-0.000096,0.972471,0.233022,6.050984,-3.872294,-0.048171,1,0,16.416730,-0.001322
0.640000,4000.000000,-2.035414,12.290090,1,1,2,2,0.778307,0.778226,0.778267,0.000000,0.970423,0.241409,-0.000106,0.972298,0.233745,6.220829,-3.907830,-0.070823,1,0,16.423920,-0.001388
0.650000,4000.000000,-2.074831,12.449600,1,1,2,2,0.777838,0.777756,0.777797,0.000000,0.970563,0.240848,-0.000115,0.972150,0.234357,6.873323,-3.941694,-0.093599,1,0,16.431200,-0.001446
0.660000,4000.000000,-2.114523,12.609120,1,1,2,2,0.779328,0.779246,0.779287,0.000000,0.970964,0.239225,-0.000123,0.972049,0.234775,7.091351,-3.969195,-0.113086,1,0,16.438520,-0.001492
0.670000,4000.000000,-2.154469,12.768660,1,1,2,2,0.779779,0.779697,0.779738,0.000000,0.971637,0.236476,-0.000130,0.972014,0.234921,7.557102,-3.994560,-0.134977,1,0,16.445890,-0.001534
0.680000,4000.000000,-2.194622,12.928220,1,1,2,2,0.777578,0.777498,0.777538,0.000000,0.971415,0.237389,-0.000137,0.971963,0.235134,8.354785,-4.015379,-0.151065,1,0,16.453250,-0.001566
0.690000,4000.000000,-2.234907,13.087820,1,1,2,2,0.777978,0.777898,0.777938,0.000000,0.972415,0.233260,-0.000143,0.972001,0.234972,8.643549,-4.028432,-0.165482,1,0,16.460560,-0.001587
0.700000,4000.000000,-2.275293,13.247460,1,1,2,2,0.775075,0.774997,0.775036,0.000000,0.972018,0.234907,-0.000147,0.972003,0.234967,9.388184,-4.038664,-0.174371,1,0,16.467820,-0.001605
0.710000,4000.000000,-2.315710,13.407180,1,1,2,2,0.773403,0.773329,0.773366,0.000000,0.972702,0.232058,-0.000151,0.972063,0.234716,9.828812,-4.041648,-0.179952,1,0,16.475000,-0.001612
0.720000,4000.000000,-2.356113,13.566970,1,1,2,2,0.772784,0.772710,0.772747,0.000000,0.974141,0.225941,-0.000154,0.972245,0.233961,10.185480,-4.040341,-0.189686,1,0,16.482090,-0.001609
0.730000,4000.000000,-2.396469,13.726850,1,1,2,2,0.768667,0.768598,0.768633,0.000000,0.973436,0.228959,-0.000156,0.972348,0.233532,10.943580,-4.035551,-0.190349,1,0,16.489050,-0.001604
0.740000,4000.000000,-2.436702,13.886820,1,1,2,2,0.765828,0.765766,0.765797,0.000000,0.975025,0.222094,-0.000156,0.972509,0.232863,11.384490,-4.023383,-0.187505,1,0,16.495880,-0.001588
0.750000,4000.000000,-2.476772,14.046910,1,1,2,2,0.764371,0.764308,0.764340,0.000000,0.975879,0.218311,-0.000156,0.972808,0.231612,11.715540,-4.006919,-0.190138,1,0,16.502590,-0.001557
0.760000,4000.000000,-2.516644,14.207120,1,1,2,2,0.759480,0.759424,0.759452,0.000000,0.974924,0.222537,-0.000155,0.972993,0.230832,12.381390,-3.987217,-0.181508,1,0,16.509130,-0.001530
0.770000,4000.000000,-2.556254,14.367450,1,1,2,2,0.757202,0.757146,0.757174,0.000000,0.976673,0.214734,-0.000154,0.973320,0.229449,12.669030,-3.961030,-0.176482,1,0,16.515540,-0.001486
0.780000,4000.000000,-2.595574,14.527920,1,1,2,2,0.753878,0.753830,0.753854,0.000000,0.977377,0.211506,-0.000151,0.973682,0.227908,13.140530,-3.932027,-0.171300,1,0,16.521780,-0.001449
0.790000,4000.000000,-2.634558,14.688540,1,1,2,2,0.748800,0.748761,0.748781,0.000000,0.976243,0.216679,-0.000146,0.973908,0.226943,13.564870,-3.898413,-0.151653,1,0,16.527830,-0.001399
0.800000,4000.000000,-2.673165,14.849300,1,1,2,2,0.746288,0.746248,0.746268,0.000000,0.977973,0.208731,-0.000142,0.974271,0.225379,13.678940,-3.860665,-0.137984,1,0,16.533790,-0.001328
0.810000,4000.000000,-2.711383,15.010220,1,1,2,2,0.742881,0.742851,0.742866,0.000000,0.985374,0.170406,-0.000136,0.974644,0.223759,13.949100,-3.821789,-0.124150,1,0,16.539610,-0.001268
0.820000,4000.000000,-2.749186,15.171300,1,1,2,2,0.738264,0.738243,0.738253,0.000000,0.977198,0.212329,-0.000129,0.974869,0.222777,14.099150,-3.780263,-0.096850,1,0,16.545290,-0.001195
0.830000,4000.000000,-2.786558,15.332540,1,1,2,2,0.736012,0.735991,0.736002,0.000000,0.978769,0.204969,-0.000122,0.975218,0.221247,14.021350,-3.737276,-0.077390,1,0,16.550940,-0.001098
0.840000,4000.000000,-2.823509,15.493920,1,1,2,2,0.732576,0.732566,0.732571,0.000000,0.977498,0.210946,-0.000113,0.975418,0.220362,13.901450,-3.695036,-0.047813,1,0,16.556470,-0.001017
0.850000,4000.000000,-2.860049,15.655460,1,1,2,2,0.729445,0.729444,0.729444,0.000000,0.977666,0.210167,-0.000103,0.975615,0.219487,13.753440,-3.653972,-0.019305,1,0,16.562000,-0.000920
0.860000,4000.000000,-2.896192,15.817150,1,1,2,2,0.727855,0.727854,0.727854,0.000000,0.978973,0.203991,-0.000094,0.975914,0.218155,13.561810,-3.614358,-0.000073,1,0,16.567500,-0.000800
0.870000,4000.000000,-2.931958,15.978970,1,1,2,2,0.725621,0.725630,0.725625,0.000000,0.977693,0.210039,-0.000083,0.976070,0.217457,13.263730,-3.576607,0.027958,1,0,16.572900,-0.000699
0.880000,4000.000000,-2.967376,16.140930,1,1,2,2,0.723530,0.723549,0.723540,0.000000,0.964121,0.265465,-0.000071,0.976202,0.216862,12.971800,-3.541774,0.054704,1,0,16.578290,-0.000583
0.890000,4000.000000,-3.002474,16.303010,1,1,2,2,0.722894,0.722913,0.722904,0.000000,0.978575,0.205893,-0.000060,0.976411,0.215919,12.640710,-3.509801,0.072609,1,0,16.583650,-0.000448
0.900000,4000.000000,-3.037285,16.465200,1,1,2,2,0.722126,0.722154,0.722140,0.000000,0.977352,0.211622,-0.000048,0.976492,0.215550,12.171620,-3.481060,0.096901,1,0,16.588930,-0.000332
0.910000,4000.000000,-3.071854,16.627500,1,1,2,2,0.721349,0.721386,0.721368,0.000000,0.978160,0.207856,-0.000035,0.976535,0.215355,11.747830,-3.456913,0.119431,1,0,16.594170,-0.000204
0.920000,4000.000000,-3.106223,16.789900,1,1,2,2,0.721816,0.721853,0.721834,0.000000,0.977622,0.210369,-0.000023,0.976629,0.214925,11.307490,-3.436916,0.133723,1,0,16.599380,-0.000063
0.930000,4000.000000,-3.140435,16.952380,1,1,2,2,0.722593,0.722639,0.722616,0.000000,0.976521,0.215421,-0.000010,0.976620,0.214967,10.719860,-3.421225,0.151597,1,0,16.604520,0.000061
0.940000,4000.000000,-3.174548,17.114940,1,1,2,2,0.723482,0.723528,0.723505,0.000000,0.976981,0.213327,0.000002,0.976651,0.214827,10.337900,-3.411285,0.160485,1,0,16.609620,0.000196
0.950000,4000.000000,-3.208599,17.277560,1,1,2,2,0.724750,0.724803,0.724776,0.000000,0.976253,0.216635,0.000015,0.976617,0.214983,9.855938,-3.405079,0.170598,1,0,16.614660,0.000312
0.960000,4000.000000,-3.242635,17.440230,1,1,2,2,0.726969,0.727029,0.726999,0.000000,0.975344,0.220693,0.000027,0.976508,0.215476,9.179688,-3.403587,0.181599,1,0,16.619670,0.000435
0.970000,4000.000000,-3.276722,17.602950,1,1,2,2,0.728900,0.728959,0.728929,0.000000,0.975463,0.220163,0.000039,0.976419,0.215879,8.763371,-3.408709,0.184321,1,0,16.624640,0.000563
0.980000,4000.000000,-3.310901,17.765690,1,1,2,2,0.731285,0.731350,0.731318,0.000000,0.971033,0.238946,0.000051,0.976269,0.216556,8.250713,-3.417897,0.187573,1,0,16.629600,0.000673
0.990000,4000.000000,-3.345222,17.928460,1,1,2,2,0.734643,0.734713,0.734678,0.000000,0.973996,0.226566,0.000063,0.976078,0.217418,7.612070,-3.432093,0.188851,1,0,16.634560,0.000785
1.000000,4000.000000,-3.379747,18.091240,1,1,2,2,0.737266,0.737336,0.737301,0.000000,0.973832,0.227268,0.000074,0.975888,0.218267,7.270561,-3.452524,0.183548,1,0,16.639530,0.000895
1.010000,4000.000000,-3.414510,18.254010,1,1,2,2,0.740403,0.740476,0.740440,0.000000,0.973334,0.229395,0.000085,0.975650,0.219329,6.829749,-3.476283,0.178490,1,0,16.644550,0.000990
1.020000,4000.000000,-3.449553,18.416780,1,1,2,2,0.744432,0.744508,0.744470,0.000000,0.972718,0.231993,0.000096,0.975404,0.220421,6.324843,-3.504337,0.169569,1,0,16.649630,0.001081
1.030000,4000.000000,-3.484926,18.579530,1,1,2,2,0.747262,0.747338,0.747300,0.000000,0.972339,0.233576,0.000105,0.975147,0.221555,6.143138,-3.537308,0.156365,1,0,16.654790,0.001165
1.040000,4000.000000,-3.520647,18.742250,1,1,2,2,0.751304,0.751381,0.751342,0.000000,0.972175,0.234257,0.000114,0.974898,0.222649,5.804399,-3.572036,0.140709,1,0,16.660060,0.001235
1.050000,4000.000000,-3.556747,18.904950,1,1,2,2,0.754835,0.754912,0.754873,0.000000,0.971740,0.236053,0.000123,0.974633,0.223805,5.614665,-3.610050,0.122773,1,0,16.665440,0.001298
1.060000,4000.000000,-3.593246,19.067610,1,1,2,2,0.757343,0.757419,0.757381,0.000000,0.971225,0.238166,0.000130,0.974348,0.225043,5.619911,-3.649896,0.104394,1,0,16.670960,0.001350
1.070000,4000.000000,-3.630143,19.230250,1,1,2,2,0.761106,0.761182,0.761144,0.000000,0.971423,0.237354,0.000137,0.974103,0.226104,5.472586,-3.689671,0.083098,1,0,16.676640,0.001391
1.080000,4000.000000,-3.667451,19.392850,1,1,2,2,0.764312,0.764385,0.764349,0.000000,0.971252,0.238054,0.000142,0.973863,0.227134,5.474855,-3.730859,0.059840,1,0,16.682460,0.001422
1.090000,4000.000000,-3.705171,19.555410,1,1,2,2,0.766018,0.766091,0.766055,0.000000,0.970676,0.240390,0.000147,0.973596,0.228276,5.696640,-3.772002,0.038581,1,0,16.688430,0.001442
1.100000,4000.000000,-3.743281,19.717950,1,1,2,2,0.769061,0.769130,0.769096,0.000000,0.971229,0.238149,0.000150,0.973396,0.229127,5.746778,-3.810965,0.014599,1,0,16.694550,0.001454
1.110000,4000.000000,-3.781775,19.880460,1,1,2,2,0.771494,0.771558,0.771526,0.000000,0.995849,0.091021,0.000153,0.973224,0.229858,5.944893,-3.849416,-0.010889,1,0,16.700800,0.001453
1.120000,4000.000000,-3.820634,20.042950,1,1,2,2,0.772018,0.772083,0.772051,0.000000,0.970775,0.239993,0.000155,0.973017,0.230732,6.373986,-3.885917,-0.031911,1,0,16.707160,0.001442
1.130000,4000.000000,-3.859816,20.205430,1,1,2,2,0.774012,0.774071,0.774042,0.000000,0.971640,0.236464,0.000155,0.972900,0.231224,6.595173,-3.918222,-0.055142,1,0,16.713630,0.001426
1.140000,4000.000000,-3.899300,20.367900,1,1,2,2,0.773925,0.773983,0.773954,0.000000,0.971061,0.238834,0.000156,0.972744,0.231880,7.063722,-3.948355,-0.073314,1,0,16.720170,0.001400
1.150000,4000.000000,-3.939039,20.530380,1,1,2,2,0.774475,0.774527,0.774501,0.000000,0.971477,0.237133,0.000155,0.972636,0.232333,7.388076,-3.973915,-0.090266,1,0,16.726770,0.001371
1.160000,4000.000000,-3.979002,20.692870,1,1,2,2,0.775251,0.775295,0.775273,0.000000,0.972594,0.232509,0.000152,0.972632,0.232348,7.779144,-3.996304,-0.111471,1,0,16.733410,0.001329
1.170000,4000.000000,-4.019151,20.855390,1,1,2,2,0.773783,0.773827,0.773805,0.000000,0.972014,0.234924,0.000149,0.972579,0.232569,8.386263,-4.014872,-0.125207,1,0,16.740030,0.001277
1.180000,4000.000000,-4.059426,21.017940,1,1,2,2,0.772980,0.773015,0.772997,0.000000,0.954251,0.299009,0.000145,0.972585,0.232546,8.827637,-4.027523,-0.137044,1,0,16.746630,0.001226
1.190000,4000.000000,-4.099784,21.180540,1,1,2,2,0.772539,0.772565,0.772552,0.000000,0.973922,0.226885,0.000139,0.972701,0.232060,9.294052,-4.035870,-0.152447,1,0,16.753190,0.001162
1.200000,4000.000000,-4.140181,21.343190,1,1,2,2,0.769782,0.769808,0.769795,0.000000,0.973329,0.229412,0.000134,0.972755,0.231832,9.947845,-4.039664,-0.158730,1,0,16.759650,0.001086
1.210000,4000.000000,-4.180552,21.505920,1,1,2,2,0.767719,0.767736,0.767728,0.000000,0.974657,0.223706,0.000127,0.972867,0.231363,10.419090,-4.037090,-0.162651,1,0,16.766010,0.001018
1.220000,4000.000000,-4.220851,21.668730,1,1,2,2,0.766267,0.766274,0.766270,0.000000,0.975395,0.220464,0.000118,0.973089,0.230426,10.865280,-4.029923,-0.169915,1,0,16.772280,0.000936
1.230000,4000.000000,-4.261035,21.831630,1,1,2,2,0.762533,0.762539,0.762536,0.000000,0.974752,0.223292,0.000110,0.973235,0.229812,11.470740,-4.018398,-0.167191,1,0,16.778400,0.000840
1.240000,4000.000000,-4.301045,21.994640,1,1,2,2,0.760287,0.760284,0.760286,0.000000,0.976112,0.217269,0.000100,0.973488,0.228735,11.858430,-4.000975,-0.166397,1,0,16.784400,0.000757
1.250000,4000.000000,-4.340843,22.157750,1,1,2,2,0.757410,0.757397,0.757403,0.000000,0.976773,0.214279,0.000089,0.973779,0.227493,12.334990,-3.979764,-0.164590,1,0,16.790250,0.000661
1.260000,4000.000000,-4.380382,22.320990,1,1,2,2,0.753187,0.753174,0.753180,0.000000,0.976052,0.217537,0.000079,0.973979,0.226638,12.767170,-3.953898,-0.151396,1,0,16.795930,0.000549
1.270000,4000.000000,-4.419620,22.484360,1,1,2,2,0.750604,0.750581,0.750593,0.000000,0.977355,0.211608,0.000068,0.974278,0.225347,12.986650,-3.923820,-0.141426,1,0,16.801510,0.000454
1.280000,4000.000000,-4.458536,22.647860,1,1,2,2,0.747410,0.747378,0.747394,0.000000,0.977837,0.209366,0.000055,0.974595,0.223974,13.297290,-3.891592,-0.130695,1,0,16.806960,0.000346
1.290000,4000.000000,-4.497099,22.811500,1,1,2,2,0.743293,0.743261,0.743277,0.000000,0.977022,0.213140,0.000044,0.974808,0.223043,13.505290,-3.856323,-0.109293,1,0,16.812280,0.000223
1.300000,4000.000000,-4.535290,22.975290,1,1,2,2,0.740870,0.740829,0.740849,0.000000,0.978200,0.207664,0.000031,0.975110,0.221722,13.527240,-3.819028,-0.092570,1,0,16.817530,0.000118
1.310000,4000.000000,-4.573105,23.139210,1,1,2,2,0.737899,0.737849,0.737874,0.000000,0.978433,0.206567,0.000018,0.975405,0.220421,13.634800,-3.781511,-0.075335,1,0,16.822680,0.000002
1.320000,4000.000000,-4.610534,23.303270,1,1,2,2,0.734482,0.734432,0.734457,0.000000,0.977527,0.210811,0.000006,0.975591,0.219595,13.589660,-3.742938,-0.048855,1,0,16.827740,-0.000127
1.330000,4000.000000,-4.647583,23.467470,1,1,2,2,0.732665,0.732607,0.732636,0.000000,0.978520,0.206152,-0.000007,0.975850,0.218440,13.412610,-3.704811,-0.028559,1,0,16.832770,-0.000237
1.340000,4000.000000,-4.684267,23.631800,1,1,2,2,0.730414,0.730349,0.730382,0.000000,0.993549,0.113402,-0.000021,0.976081,0.217407,13.305630,-3.668409,-0.007958,1,0,16.837730,-0.000355
1.350000,4000.000000,-4.720597,23.796260,1,1,2,2,0.728208,0.728144,0.728176,0.000000,0.977496,0.210954,-0.000033,0.976204,0.216852,13.010790,-3.633051,0.019765,1,0,16.842620,-0.000480
1.360000,4000.000000,-4.756603,23.960850,1,1,2,2,0.727325,0.727255,0.727290,0.000000,0.978259,0.207385,-0.000045,0.976385,0.216038,12.664940,-3.600584,0.040048,1,0,16.847510,-0.000590
1.370000,4000.000000,-4.792318,24.125540,1,1,2,2,0.726413,0.726092,0.726253,0.000000,0.977283,0.211939,-0.000057,0.976490,0.215560,12.287900,-3.571497,0.062641,1,0,16.852330,-0.000704
1.380000,4000.000000,-4.827779,24.290340,1,1,2,2,0.725521,0.725446,0.725484,0.000000,0.976947,0.213483,-0.000069,0.976530,0.215382,11.827540,-3.546102,0.086605,1,0,16.857120,-0.000810
1.390000,4000.000000,-4.863031,24.455230,1,1,2,2,0.725703,0.725624,0.725664,0.000000,0.977431,0.211257,-0.000080,0.976607,0.215027,11.388980,-3.525217,0.102881,1,0,16.861890,-0.000910
1.400000,4000.000000,-4.898118,24.620210,1,1,2,2,0.726351,0.726273,0.726312,0.000000,0.976493,0.215548,-0.000091,0.976597,0.215071,10.802970,-3.508622,0.121650,1,0,16.866610,-0.001009
1.410000,4000.000000,-4.933095,24.785260,1,1,2,2,0.726858,0.726777,0.726817,0.000000,0.975949,0.217998,-0.000101,0.976542,0.215323,10.299350,-3.497764,0.138136,1,0,16.871300,-0.001096
1.420000,4000.000000,-4.968013,24.950370,1,1,2,2,0.728033,0.727950,0.727992,0.000000,0.976124,0.217213,-0.000110,0.976506,0.215486,9.839950,-3.491836,0.148044,1,0,16.875970,-0.001177
1.430000,4000.000000,-5.002917,25.115520,1,1,2,2,0.730208,0.730126,0.730167,0.000000,0.975331,0.220749,-0.000119,0.976406,0.215939,9.189276,-3.490402,0.158367,1,0,16.880620,-0.001251
1.440000,4000.000000,-5.037870,25.280720,1,1,2,2,0.732040,0.731957,0.731999,0.000000,0.974664,0.223674,-0.000127,0.976258,0.216607,8.670063,-3.495329,0.165891,1,0,16.885240,-0.001316
1.450000,4000.000000,-5.072924,25.445940,1,1,2,2,0.733951,0.733870,0.733911,0.000000,0.974497,0.224399,-0.000134,0.976109,0.217278,8.264146,-3.505332,0.168301,1,0,16.889870,-0.001370
1.460000,4000.000000,-5.108117,25.611180,1,1,2,2,0.737423,0.737342,0.737382,0.000000,0.973973,0.226663,-0.000140,0.975929,0.218086,7.618871,-3.519299,0.169049,1,0,16.894520,-0.001412
1.470000,4000.000000,-5.143512,25.776420,1,1,2,2,0.740312,0.740234,0.740273,0.000000,0.973292,0.229570,-0.000145,0.975707,0.219075,7.160039,-3.539564,0.166500,1,0,16.899190,-0.001448
1.480000,4000.000000,-5.179155,25.941660,1,1,2,2,0.742558,0.742483,0.742521,0.000000,0.972783,0.231719,-0.000149,0.975462,0.220166,6.886832,-3.564303,0.161150,1,0,16.903900,-0.001469
1.490000,4000.000000,-5.215072,26.106890,1,1,2,2,0.746918,0.746843,0.746881,0.000000,0.972651,0.232272,-0.000153,0.975226,0.221209,6.321432,-3.591701,0.152281,1,0,16.908700,-0.001478
1.500000,4000.000000,-5.251318,26.272090,1,1,2,2,0.750443,0.750372,0.750408,0.000000,0.952521,0.304474,-0.000155,0.974962,0.222368,5.995890,-3.624604,0.139805,1,0,16.913580,-0.001481
1.510000,4000.000000,-5.287925,26.437270,1,1,2,2,0.752535,0.752470,0.752502,0.000000,0.971238,0.238112,-0.000156,0.974652,0.223725,5.921801,-3.660666,0.127566,1,0,16.918560,-0.001468
1.520000,4000.000000,-5.324899,26.602420,1,1,2,2,0.757255,0.757191,0.757223,0.000000,0.971605,0.236610,-0.000156,0.974396,0.224835,5.499864,-3.697436,0.110354,1,0,16.923690,-0.001444
1.530000,4000.000000,-5.362282,26.767530,1,1,2,2,0.760896,0.760838,0.760867,0.000000,0.971252,0.238055,-0.000155,0.974132,0.225975,5.363163,-3.738299,0.089478,1,0,16.928940,-0.001414
1.540000,4000.000000,-5.400087,26.932600,1,1,2,2,0.762349,0.762298,0.762324,0.000000,0.970130,0.242586,-0.000153,0.973799,0.227407,5.525195,-3.780472,0.072382,1,0,16.934340,-0.001369
1.550000,4000.000000,-5.438297,27.097630,1,1,2,2,0.766849,0.766799,0.766824,0.000000,0.971037,0.238928,-0.000150,0.973567,0.228399,5.289685,-3.821045,0.049311,1,0,16.939910,-0.001317
1.560000,4000.000000,-5.476936,27.262630,1,1,2,2,0.770075,0.770033,0.770054,0.000000,0.977606,0.210444,-0.000146,0.973349,0.229327,5.368681,-3.863889,0.022808,1,0,16.945630,-0.001259
1.570000,4000.000000,-5.515996,27.427580,1,1,2,2,0.770489,0.770457,0.770473,0.000000,0.969648,0.244506,-0.000140,0.973040,0.230635,5.765945,-3.905938,0.003777,1,0,16.951500,-0.001187
1.580000,4000.000000,-5.555437,27.592500,1,1,2,2,0.774211,0.774178,0.774195,0.000000,0.971076,0.238770,-0.000135,0.972873,0.231336,5.733939,-3.944099,-0.021802,1,0,16.957530,-0.001111
1.590000,4000.000000,-5.595262,27.757400,1,1,2,2,0.776541,0.776518,0.776530,0.000000,0.992364,0.123342,-0.000128,0.972742,0.231888,6.023986,-3.982548,-0.050268,1,0,16.963670,-0.001032
1.600000,4000.000000,-5.635444,27.922270,1,1,2,2,0.775683,0.775670,0.775677,0.000000,0.969888,0.243553,-0.000120,0.972502,0.232893,6.615503,-4.018151,-0.067881,1,0,16.969910,-0.000941
1.610000,4000.000000,-5.675923,28.087140,1,1,2,2,0.778166,0.778152,0.778159,0.000000,0.971725,0.236116,-0.000112,0.972435,0.233170,6.776895,-4.047983,-0.092235,1,0,16.976230,-0.000848
1.620000,4000.000000,-5.716686,28.252000,1,1,2,2,0.779246,0.779242,0.779244,0.000000,0.970269,0.242028,-0.000102,0.972420,0.233236,7.241544,-4.076225,-0.118643,1,0,16.982600,-0.000754
1.630000,4000.000000,-5.757685,28.416870,1,1,2,2,0.777089,0.777096,0.777093,0.000000,0.970805,0.239870,-0.000092,0.972283,0.233806,7.950480,-4.099926,-0.131561,1,0,16.988980,-0.000651
1.640000,4000.000000,-5.798852,28.581760,1,1,2,2,0.778027,0.778032,0.778030,0.000000,0.972886,0.231287,-0.000082,0.972334,0.233589,8.271386,-4.116723,-0.151124,1,0,16.995360,-0.000546
1.650000,4000.000000,-5.840156,28.746690,1,1,2,2,0.775744,0.775760,0.775752,0.000000,0.971474,0.237146,-0.000070,0.972260,0.233896,8.860419,-4.130381,-0.158319,1,0,17.001680,-0.000445
1.660000,4000.000000,-5.881539,28.911650,1,1,2,2,0.774417,0.774443,0.774430,0.000000,0.972243,0.233974,-0.000058,0.972259,0.233902,9.261820,-4.138306,-0.164855,1,0,17.007980,-0.000337
1.670000,4000.000000,-5.922963,29.076680,1,1,2,2,0.773688,0.773714,0.773701,0.000000,0.974357,0.225009,-0.000046,0.972443,0.233137,9.795217,-4.142321,-0.180871,1,0,17.014230,-0.000220
1.680000,4000.000000,-5.964374,29.241760,1,1,2,2,0.770466,0.770501,0.770483,0.000000,0.973085,0.230447,-0.000034,0.972498,0.232906,10.408800,-4.141130,-0.182224,1,0,17.020340,-0.000117
1.690000,4000.000000,-6.005714,29.406930,1,1,2,2,0.767851,0.767895,0.767873,0.000000,0.973962,0.226713,-0.000021,0.972625,0.232373,10.892420,-4.133968,-0.182723,1,0,17.026360,-0.000009
1.700000,4000.000000,-6.046935,29.572190,1,1,2,2,0.765550,0.765594,0.765572,0.000000,0.975900,0.218221,-0.000008,0.972915,0.231157,11.500550,-4.122095,-0.190369,1,0,17.032260,0.000109
1.710000,4000.000000,-6.087978,29.737550,1,1,2,2,0.761797,0.761849,0.761823,0.000000,0.974840,0.222905,0.000005,0.973084,0.230446,11.995220,-4.104285,-0.183099,1,0,17.037970,0.000210
1.720000,4000.000000,-6.128795,29.903030,1,1,2,2,0.758240,0.758298,0.758269,0.000000,0.975689,0.219161,0.000018,0.973313,0.229476,12.445990,-4.081658,-0.175448,1,0,17.043560,0.000317
1.730000,4000.000000,-6.169341,30.068630,1,1,2,2,0.754736,0.754794,0.754765,0.000000,0.977272,0.211991,0.000030,0.973666,0.227974,13.009980,-4.054636,-0.172639,1,0,17.049020,0.000431
1.740000,4000.000000,-6.209562,30.234360,1,1,2,2,0.751001,0.751065,0.751033,0.000000,0.976478,0.215616,0.000043,0.973914,0.226912,13.281190,-4.022105,-0.156519,1,0,17.054280,0.000527
1.750000,4000.000000,-6.249432,30.400230,1,1,2,2,0.747028,0.747098,0.747063,0.000000,0.977179,0.212420,0.000055,0.974204,0.225667,13.608810,-3.986927,-0.140929,1,0,17.059450,0.000628
1.760000,4000.000000,-6.288917,30.566240,1,1,2,2,0.742881,0.742950,0.742916,0.000000,0.978265,0.207361,0.000067,0.974567,0.224094,14.032110,-3.948550,-0.127856,1,0,17.064500,0.000732
1.770000,4000.000000,-6.327977,30.732410,1,1,2,2,0.739749,0.739822,0.739786,0.000000,0.977769,0.209684,0.000078,0.974851,0.222856,14.019880,-3.906033,-0.104720,1,0,17.069390,0.000821
1.780000,4000.000000,-6.366613,30.898720,1,1,2,2,0.735980,0.736057,0.736019,0.000000,0.955148,0.296129,0.000089,0.975151,0.221537,14.162220,-3.863632,-0.083173,1,0,17.074220,0.000912
1.790000,4000.000000,-6.404812,31.065190,1,1,2,2,0.731839,0.731915,0.731877,0.000000,0.978747,0.205073,0.000100,0.975471,0.220123,14.379110,-3.819838,-0.061902,1,0,17.078970,0.000999
1.800000,4000.000000,-6.442551,31.231800,1,1,2,2,0.729830,0.729908,0.729869,0.000000,0.978560,0.205963,0.000109,0.975745,0.218906,14.072320,-3.773921,-0.035066,1,0,17.083620,0.001075
1.810000,4000.000000,-6.479861,31.398560,1,1,2,2,0.726871,0.726950,0.726911,0.000000,0.978740,0.205104,0.000118,0.976010,0.217721,14.000610,-3.730998,-0.010794,1,0,17.088220,0.001150
1.820000,4000.000000,-6.516749,31.565460,1,1,2,2,0.723359,0.723437,0.723398,0.000000,0.978634,0.205612,0.000126,0.976242,0.216679,13.984360,-3.688775,0.015238,1,0,17.092760,0.001214
1.830000,4000.000000,-6.553216,31.732500,1,1,2,2,0.722849,0.722926,0.722887,0.000000,0.978770,0.204961,0.000133,0.976465,0.215673,13.417700,-3.646713,0.041670,1,0,17.097260,0.001270
1.840000,4000.000000,-6.589318,31.899660,1,1,2,2,0.721185,0.721259,0.721222,0.000000,0.978644,0.205564,0.000139,0.976657,0.214802,13.141620,-3.610189,0.064778,1,0,17.101690,0.001320
1.850000,4000.000000,-6.625082,32.066940,1,1,2,2,0.718791,0.718865,0.718828,0.000000,0.977939,0.208890,0.000145,0.976769,0.214294,12.907010,-3.576367,0.091441,1,0,17.106070,0.001355
1.860000,4000.000000,-6.660530,32.234340,1,1,2,2,0.719947,0.720017,0.719982,0.000000,0.978382,0.206805,0.000149,0.976910,0.213651,12.153280,-3.544849,0.113341,1,0,17.110420,0.001385
1.870000,4000.000000,-6.695737,32.401820,1,1,2,2,0.719861,0.719927,0.719894,0.000000,0.977984,0.208681,0.000152,0.977003,0.213224,11.716580,-3.520703,0.131475,1,0,17.114690,0.001404
1.880000,4000.000000,-6.730745,32.569400,1,1,2,2,0.718868,0.718933,0.718901,0.000000,0.976713,0.214549,0.000154,0.976978,0.213337,11.315350,-3.500831,0.154667,1,0,17.118890,0.001405
1.890000,4000.000000,-6.765594,32.737050,1,1,2,2,0.721617,0.721676,0.721646,0.000000,0.977468,0.211085,0.000155,0.977020,0.213144,10.476080,-3.484897,0.168485,1,0,17.123090,0.001404
1.900000,4000.000000,-6.800366,32.904750,1,1,2,2,0.723140,0.723193,0.723166,0.000000,0.976839,0.213976,0.000155,0.977005,0.213214,9.952244,-3.477171,0.178491,1,0,17.127190,0.001387
1.910000,4000.000000,-6.835112,33.072500,1,1,2,2,0.723583,0.723636,0.723609,0.000000,0.975128,0.221643,0.000154,0.976846,0.213942,9.463263,-3.474569,0.194796,1,0,17.131230,0.001352
1.920000,4000.000000,-6.869880,33.240290,1,1,2,2,0.727619,0.727665,0.727642,0.000000,0.976144,0.217126,0.000152,0.976785,0.214216,8.650208,-3.476758,0.198259,1,0,17.135290,0.001318
1.930000,4000.000000,-6.904748,33.408100,1,1,2,2,0.730535,0.730572,0.730554,0.000000,0.975388,0.220495,0.000148,0.976667,0.214756,8.125078,-3.486892,0.198256,1,0,17.139280,0.001265
1.940000,4000.000000,-6.939770,33.575920,1,1,2,2,0.732213,0.732250,0.732231,0.000000,0.973363,0.229268,0.000144,0.976391,0.216005,7.640377,-3.502155,0.205456,1,0,17.143250,0.001198
1.950000,4000.000000,-6.974991,33.743730,1,1,2,2,0.737037,0.737065,0.737051,0.000000,0.974613,0.223898,0.000139,0.976241,0.216685,6.961463,-3.522155,0.197852,1,0,17.147290,0.001132
1.960000,4000.000000,-7.010479,33.911530,1,1,2,2,0.740916,0.740934,0.740925,0.000000,0.973840,0.227235,0.000132,0.976039,0.217593,6.521127,-3.548776,0.187496,1,0,17.151320,0.001047
1.970000,4000.000000,-7.046276,34.079310,1,1,2,2,0.743438,0.743456,0.743447,0.000000,0.971720,0.236137,0.000126,0.975681,0.219193,6.127185,-3.579684,0.184950,1,0,17.155410,0.000954
1.980000,4000.000000,-7.082420,34.247060,1,1,2,2,0.748427,0.748436,0.748432,0.000000,0.973108,0.230350,0.000118,0.975465,0.220154,5.670353,-3.614428,0.167250,1,0,17.159630,0.000862
1.990000,4000.000000,-7.118956,34.414760,1,1,2,2,0.752700,0.752699,0.752699,0.000000,0.972450,0.233113,0.000108,0.975212,0.221270,5.386385,-3.653611,0.147783,1,0,17.163930,0.000754
2.000000,4000.000000,-7.155911,34.582420,1,1,2,2,0.755573,0.755571,0.755572,0.000000,0.970424,0.241407,0.000099,0.974817,0.223006,5.149461,-3.695542,0.136421,1,0,17.168360,0.000644
2.010000,4000.000000,-7.193309,34.750030,1,1,2,2,0.759345,0.759334,0.759340,0.000000,0.971883,0.235463,0.000089,0.974418,0.224741,4.809060,-3.739763,0.122755,1,0,17.172970,0.000534
2.020000,4000.000000,-7.231182,34.917580,1,1,2,2,0.764095,0.764074,0.764084,0.000000,0.971443,0.237275,0.000077,0.974168,0.225821,4.666534,-3.787281,0.094196,1,0,17.177760,0.000412
2.030000,4000.000000,-7.269544,35.085070,1,1,2,2,0.766755,0.766733,0.766744,0.000000,0.969731,0.244176,0.000067,0.973800,0.227406,4.709752,-3.836157,0.073174,1,0,17.182720,0.000292
2.040000,4000.000000,-7.308390,35.252500,1,1,2,2,0.769960,0.769929,0.769945,0.000000,0.971139,0.238514,0.000055,0.973454,0.228884,4.690238,-3.884585,0.050773,1,0,17.187900,0.000177
2.050000,4000.000000,-7.347722,35.419880,1,1,2,2,0.773258,0.773217,0.773238,0.000000,0.970998,0.239089,0.000042,0.973246,0.229765,4.922011,-3.933175,0.017711,1,0,17.193270,0.000052
2.060000,4000.000000,-7.387516,35.587200,1,1,2,2,0.775211,0.775171,0.775191,0.000000,0.969732,0.244173,0.000030,0.972952,0.231007,5.175553,-3.979476,-0.006612,1,0,17.198810,-0.000066
2.070000,4000.000000,-7.427749,35.754470,1,1,2,2,0.777353,0.777304,0.777329,0.000000,0.971002,0.239071,0.000017,0.972704,0.232047,5.420412,-4.023283,-0.031894,1,0,17.204520,-0.000179
2.080000,4000.000000,-7.468396,35.921710,1,1,2,2,0.778793,0.778737,0.778765,0.000000,0.971166,0.238403,0.000004,0.972574,0.232594,5.948598,-4.064682,-0.063413,1,0,17.210380,-0.000296
2.090000,4000.000000,-7.509405,36.088920,1,1,2,2,0.779721,0.779663,0.779692,0.000000,0.970439,0.241346,-0.000008,0.972393,0.233348,6.343287,-4.100915,-0.085947,1,0,17.216330,-0.000406
2.100000,4000.000000,-7.550738,36.256110,1,1,2,2,0.780477,0.780414,0.780446,0.000000,0.985179,0.171529,-0.000021,0.972276,0.233834,6.788596,-4.133289,-0.109232,1,0,17.222360,-0.000510
2.110000,4000.000000,-7.592351,36.423290,1,1,2,2,0.779931,0.779862,0.779897,0.000000,0.971914,0.235338,-0.000034,0.972245,0.233964,7.514767,-4.161313,-0.134338,1,0,17.228440,-0.000615
2.120000,4000.000000,-7.634173,36.590480,1,1,2,2,0.779687,0.779617,0.779652,0.000000,0.971720,0.236136,-0.000046,0.972200,0.234150,7.978584,-4.182254,-0.151147,1,0,17.234490,-0.000712
2.130000,4000.000000,-7.676160,36.757700,1,1,2,2,0.778952,0.778877,0.778915,0.000000,0.983001,0.183599,-0.000058,0.972227,0.234040,8.547334,-4.198672,-0.168576,1,0,17.240520,-0.000803
2.140000,4000.000000,-7.718256,36.924950,1,1,2,2,0.776562,0.776484,0.776523,0.000000,0.973074,0.230491,-0.000070,0.972300,0.233734,9.358524,-4.209544,-0.183774,1,0,17.246490,-0.000891
2.150000,4000.000000,-7.760381,37.092250,1,1,2,2,0.775197,0.775118,0.775157,0.000000,0.973348,0.229333,-0.000081,0.972391,0.233353,9.815485,-4.212513,-0.192186,1,0,17.252340,-0.000973
2.160000,4000.000000,-7.802492,37.259610,1,1,2,2,0.773095,0.773014,0.773054,0.000000,0.987082,0.160217,-0.000092,0.972551,0.232688,10.417580,-4.211029,-0.201064,1,0,17.258100,-0.001049
2.170000,4000.000000,-7.844528,37.427060,1,1,2,2,0.769258,0.769175,0.769216,0.000000,0.974438,0.224659,-0.000102,0.972716,0.231998,11.193260,-4.203676,-0.204393,1,0,17.263710,-0.001118
2.180000,4000.000000,-7.886416,37.594590,1,1,2,2,0.767011,0.766928,0.766969,0.000000,0.975064,0.221925,-0.000111,0.972922,0.231131,11.567610,-4.188767,-0.203107,1,0,17.269160,-0.001181
2.190000,4000.000000,-7.928118,37.762230,1,1,2,2,0.763882,0.763799,0.763840,0.000000,0.979019,0.203768,-0.000120,0.973183,0.230032,12.111320,-4.170207,-0.202226,1,0,17.274470,-0.001238
2.200000,4000.000000,-7.969582,37.929970,1,1,2,2,0.759185,0.759103,0.759144,0.000000,0.975753,0.218873,-0.000128,0.973409,0.229072,12.739690,-4.146342,-0.193459,1,0,17.279610,-0.001288
2.210000,4000.000000,-8.010745,38.097850,1,1,2,2,0.756458,0.756376,0.756417,0.000000,0.976608,0.215027,-0.000135,0.973692,0.227865,12.967550,-4.116355,-0.182830,1,0,17.284610,-0.001328
2.220000,4000.000000,-8.051586,38.265850,1,1,2,2,0.752813,0.752735,0.752774,0.000000,0.977248,0.212101,-0.000140,0.974008,0.226511,13.369920,-4.084141,-0.172566,1,0,17.289470,-0.001366
2.230000,4000.000000,-8.092066,38.433990,1,1,2,2,0.747946,0.747871,0.747909,0.000000,0.976812,0.214101,-0.000145,0.974255,0.225445,13.763820,-4.047995,-0.153197,1,0,17.294190,-0.001394
2.240000,4000.000000,-8.132146,38.602270,1,1,2,2,0.745240,0.745165,0.745203,0.000000,0.977769,0.209684,-0.000149,0.974568,0.224091,13.800360,-4.008010,-0.135052,1,0,17.298810,-0.001408
2.250000,4000.000000,-8.171823,38.770690,1,1,2,2,0.741685,0.741614,0.741650,0.000000,0.978163,0.207840,-0.000152,0.974888,0.222695,13.999940,-3.967662,-0.117329,1,0,17.303330,-0.001423
2.260000,4000.000000,-8.211076,38.939260,1,1,2,2,0.737332,0.737266,0.737299,0.000000,0.977441,0.211207,-0.000154,0.975113,0.221707,14.112170,-3.925360,-0.090406,1,0,17.307750,-0.001426
2.270000,4000.000000,-8.249895,39.107970,1,1,2,2,0.735166,0.735101,0.735133,0.000000,0.978413,0.206660,-0.000155,0.975406,0.220415,13.940230,-3.881968,-0.067820,1,0,17.312130,-0.001409
2.280000,4000.000000,-8.288298,39.276820,1,1,2,2,0.732299,0.732240,0.732269,0.000000,0.978520,0.206154,-0.000155,0.975682,0.219190,13.907780,-3.840250,-0.045792,1,0,17.316430,-0.001399
2.290000,4000.000000,-8.326286,39.445820,1,1,2,2,0.729037,0.728985,0.729011,0.000000,0.977558,0.210666,-0.000153,0.975846,0.218457,13.736150,-3.798847,-0.015403,1,0,17.320670,-0.001373
2.300000,4000.000000,-8.363877,39.614940,1,1,2,2,0.727857,0.727807,0.727832,0.000000,0.978479,0.206345,-0.000151,0.976079,0.217417,13.370960,-3.759131,0.007784,1,0,17.324890,-0.001324
2.310000,4000.000000,-8.401107,39.784180,1,1,2,2,0.726161,0.726118,0.726140,0.000000,0.978291,0.207235,-0.000147,0.976273,0.216542,13.117110,-3.722981,0.030200,1,0,17.329060,-0.001285
2.320000,4000.000000,-8.438000,39.953540,1,1,2,2,0.724376,0.724341,0.724358,0.000000,0.977138,0.212607,-0.000142,0.976348,0.216203,12.704560,-3.689315,0.059557,1,0,17.333170,-0.001229
2.330000,4000.000000,-8.474597,40.123010,1,1,2,2,0.724471,0.724437,0.724454,0.000000,0.977967,0.208761,-0.000137,0.976489,0.215563,12.192500,-3.659695,0.079406,1,0,17.337280,-0.001150
2.340000,4000.000000,-8.510948,40.292570,1,1,2,2,0.724237,0.724213,0.724225,0.000000,0.977523,0.210827,-0.000131,0.976579,0.215154,11.764160,-3.635081,0.098224,1,0,17.341330,-0.001081
2.350000,4000.000000,-8.547094,40.462210,1,1,2,2,0.724062,0.724046,0.724054,0.000000,0.976236,0.216710,-0.000123,0.976550,0.215288,11.191470,-3.614661,0.122350,1,0,17.345320,-0.000996
2.360000,4000.000000,-8.583093,40.631930,1,1,2,2,0.724468,0.724463,0.724465,0.000000,0.976978,0.213343,-0.000113,0.976472,0.215638,10.560400,-3.599851,0.144601,1,0,17.349310,-0.000893
2.370000,4000.000000,-8.619005,40.801700,1,1,2,2,0.726767,0.726761,0.726764,0.000000,0.976334,0.216267,-0.000104,0.976460,0.215693,9.879915,-3.591222,0.155267,1,0,17.353290,-0.000772
2.380000,4000.000000,-8.654898,40.971520,1,1,2,2,0.728066,0.728071,0.728068,0.000000,0.974984,0.222274,-0.000094,0.976334,0.216261,9.319468,-3.589245,0.168245,1,0,17.357200,-0.000663
2.390000,4000.000000,-8.690825,41.141380,1,1,2,2,0.729843,0.729858,0.729850,0.000000,0.962022,0.272971,-0.000082,0.976161,0.217044,8.716751,-3.592752,0.179454,1,0,17.361120,-0.000540
2.400000,4000.000000,-8.726847,41.311250,1,1,2,2,0.733158,0.733172,0.733165,0.000000,0.974897,0.222655,-0.000071,0.976053,0.217527,8.122857,-3.602151,0.179303,1,0,17.365050,-0.000407
2.410000,4000.000000,-8.763021,41.481130,1,1,2,2,0.735568,0.735592,0.735580,0.000000,0.973558,0.228441,-0.000059,0.975844,0.218466,7.634548,-3.617347,0.181361,1,0,17.368960,-0.000283
2.420000,4000.000000,-8.799394,41.651010,1,1,2,2,0.738371,0.738404,0.738388,0.000000,0.972860,0.231395,-0.000046,0.975594,0.219579,7.119568,-3.637310,0.181650,1,0,17.372900,-0.000151
2.430000,4000.000000,-8.836017,41.820870,1,1,2,2,0.742240,0.742273,0.742256,0.000000,0.973446,0.228918,-0.000034,0.975413,0.220383,6.680108,-3.662295,0.171303,1,0,17.376910,-0.000014
2.440000,4000.000000,-8.872932,41.990720,1,1,2,2,0.745273,0.745315,0.745294,0.000000,0.972212,0.234101,-0.000021,0.975145,0.221565,6.329402,-3.691556,0.163353,1,0,17.380960,0.000112
2.450000,4000.000000,-8.910174,42.160530,1,1,2,2,0.748611,0.748660,0.748636,0.000000,0.971643,0.236453,-0.000008,0.974852,0.222848,5.965618,-3.724227,0.153731,1,0,17.385110,0.000244
2.460000,4000.000000,-8.947779,42.330310,1,1,2,2,0.752468,0.752518,0.752493,0.000000,0.972221,0.234065,0.000005,0.974631,0.223814,5.741079,-3.760432,0.134854,1,0,17.389370,0.000373
2.470000,4000.000000,-8.985766,42.500050,1,1,2,2,0.756058,0.756115,0.756087,0.000000,0.971178,0.238357,0.000018,0.974390,0.224859,5.582946,-3.798805,0.115210,1,0,17.393750,0.000492
2.480000,4000.000000,-9.024154,42.669750,1,1,2,2,0.758886,0.758949,0.758918,0.000000,0.970849,0.239690,0.000031,0.974095,0.226137,5.496299,-3.838698,0.098177,1,0,17.398260,0.000612
2.490000,4000.000000,-9.062948,42.839400,1,1,2,2,0.762143,0.762206,0.762174,0.000000,0.971435,0.237307,0.000043,0.973871,0.227099,5.495165,-3.879414,0.074685,1,0,17.402920,0.000725
2.500000,4000.000000,-9.102149,43.009010,1,1,2,2,0.765277,0.765346,0.765311,0.000000,0.988670,0.150108,0.000055,0.973651,0.228041,5.523255,-3.920117,0.050889,1,0,17.407720,0.000828
2.510000,4000.000000,-9.141754,43.178570,1,1,2,2,0.767563,0.767635,0.767599,0.000000,0.970645,0.240518,0.000067,0.973399,0.229116,5.636723,-3.960522,0.029780,1,0,17.412670,0.000929
2.520000,4000.000000,-9.181752,43.348090,1,1,2,2,0.769697,0.769770,0.769734,0.000000,0.971225,0.238163,0.000078,0.973215,0.229894,5.880989,-3.999800,0.004568,1,0,17.417760,0.001021
2.530000,4000.000000,-9.222119,43.517580,1,1,2,2,0.771866,0.771942,0.771904,0.000000,0.971349,0.237657,0.000089,0.973057,0.230563,6.106348,-4.036675,-0.020135,1,0,17.422970,0.001102
2.540000,4000.000000,-9.262833,43.687040,1,1,2,2,0.773242,0.773320,0.773281,0.000000,0.971092,0.238706,0.000099,0.972891,0.231264,6.402339,-4.071335,-0.041955,1,0,17.428290,0.001178
2.550000,4000.000000,-9.303864,43.856480,1,1,2,2,0.773872,0.773950,0.773911,0.000000,0.971621,0.236543,0.000109,0.972783,0.231719,6.868563,-4.103094,-0.065182,1,0,17.433690,0.001245
2.560000,4000.000000,-9.345166,44.025910,1,1,2,2,0.774707,0.774785,0.774746,0.000000,0.972021,0.234895,0.000118,0.972717,0.231992,7.262291,-4.130296,-0.086967,1,0,17.439150,0.001302
2.570000,4000.000000,-9.386703,44.195340,1,1,2,2,0.774979,0.775055,0.775017,0.000000,0.972121,0.234482,0.000125,0.972666,0.232206,7.685636,-4.153649,-0.105873,1,0,17.444630,0.001352
2.580000,4000.000000,-9.428432,44.364780,1,1,2,2,0.773937,0.774013,0.773975,0.000000,0.972533,0.232764,0.000132,0.972654,0.232255,8.312920,-4.172868,-0.123468,1,0,17.450120,0.001392
2.590000,4000.000000,-9.470291,44.534240,1,1,2,2,0.773263,0.773339,0.773301,0.000000,0.973124,0.230284,0.000139,0.972695,0.232085,8.815536,-4.185970,-0.138704,1,0,17.455570,0.001424
2.600000,4000.000000,-9.512233,44.703740,1,1,2,2,0.772438,0.772510,0.772474,0.000000,0.973573,0.228378,0.000143,0.972770,0.231767,9.286858,-4.194169,-0.151571,1,0,17.460970,0.001447
2.610000,4000.000000,-9.554211,44.873290,1,1,2,2,0.769815,0.769887,0.769851,0.000000,0.973774,0.227518,0.000148,0.972856,0.231401,9.985029,-4.197769,-0.160580,1,0,17.466290,0.001460
2.620000,4000.000000,-9.596156,45.042890,1,1,2,2,0.767714,0.767782,0.767748,0.000000,0.974452,0.224595,0.000151,0.972996,0.230815,10.514240,-4.194567,-0.166551,1,0,17.471500,0.001468
2.630000,4000.000000,-9.638019,45.212570,1,1,2,2,0.765989,0.766051,0.766020,0.000000,0.975197,0.221339,0.000153,0.973189,0.230001,10.947380,-4.186205,-0.171361,1,0,17.476590,0.001466
2.640000,4000.000000,-9.679755,45.382330,1,1,2,2,0.763399,0.763455,0.763427,0.000000,0.992504,0.122209,0.000153,0.973436,0.228950,11.534580,-4.173616,-0.176079,1,0,17.481560,0.001452
2.650000,4000.000000,-9.721308,45.552190,1,1,2,2,0.758906,0.758964,0.758935,0.000000,0.975768,0.218807,0.000153,0.973641,0.228079,12.236720,-4.155297,-0.171744,1,0,17.486360,0.001422
2.660000,4000.000000,-9.762609,45.722150,1,1,2,2,0.756656,0.756705,0.756680,0.000000,0.976748,0.214390,0.000151,0.973916,0.226902,12.498780,-4.130134,-0.165885,1,0,17.491010,0.001398
2.670000,4000.000000,-9.803634,45.892230,1,1,2,2,0.753355,0.753396,0.753376,0.000000,0.977427,0.211275,0.000148,0.974228,0.225561,12.959390,-4.102409,-0.160395,1,0,17.495530,0.001359
2.680000,4000.000000,-9.844336,46.062430,1,1,2,2,0.748352,0.748392,0.748372,0.000000,0.976846,0.213942,0.000145,0.974459,0.224561,13.457410,-4.070183,-0.144199,1,0,17.499880,0.001302
2.690000,4000.000000,-9.884666,46.232760,1,1,2,2,0.746063,0.746095,0.746079,0.000000,0.977994,0.208635,0.000140,0.974774,0.223191,13.511050,-4.033103,-0.129710,1,0,17.504130,0.001255
2.700000,4000.000000,-9.924622,46.403220,1,1,2,2,0.742657,0.742680,0.742669,0.000000,0.978452,0.206473,0.000133,0.975101,0.221755,13.783350,-3.995492,-0.115920,1,0,17.508270,0.001192
2.710000,4000.000000,-9.964173,46.573820,1,1,2,2,0.737895,0.737919,0.737907,0.000000,0.977524,0.210826,0.000128,0.975315,0.220815,14.007640,-3.955215,-0.090522,1,0,17.512280,0.001107
2.720000,4000.000000,-10.003300,46.744560,1,1,2,2,0.736052,0.736065,0.736059,0.000000,0.978774,0.204945,0.000120,0.975622,0.219452,13.843680,-3.912757,-0.070537,1,0,17.516250,0.001038
2.730000,4000.000000,-10.042020,46.915420,1,1,2,2,0.733172,0.733176,0.733174,0.000000,0.978950,0.204102,0.000111,0.975918,0.218133,13.888020,-3.871893,-0.051423,1,0,17.520130,0.000951
2.740000,4000.000000,-10.080330,47.086430,1,1,2,2,0.729364,0.729368,0.729366,0.000000,0.977688,0.210062,0.000102,0.976073,0.217439,13.806950,-3.830592,-0.020703,1,0,17.523920,0.000842
2.750000,4000.000000,-10.118230,47.257560,1,1,2,2,0.726680,0.726673,0.726676,0.000000,0.978973,0.203991,0.000092,0.976203,0.216854,13.496790,-3.790096,0.011123,1,0,17.527710,0.000751
2.760000,4000.000000,-10.155750,47.428810,1,1,2,2,0.726579,0.726562,0.726571,0.000000,0.978846,0.204597,0.000081,0.976437,0.215801,13.010890,-3.752644,0.031411,1,0,17.531510,0.000643
2.770000,4000.000000,-10.192950,47.600170,1,1,2,2,0.724277,0.724261,0.724269,0.000000,0.977310,0.211812,0.000071,0.976512,0.215458,12.722680,-3.719937,0.059540,1,0,17.535220,0.000512
2.780000,4000.000000,-10.229850,47.771630,1,1,2,2,0.722917,0.722890,0.722903,0.000000,0.932739,0.360552,0.000059,0.976548,0.215296,12.257000,-3.690063,0.088013,1,0,17.538930,0.000403
2.790000,4000.000000,-10.266500,47.943190,1,1,2,2,0.723954,0.723918,0.723936,0.000000,0.978139,0.207951,0.000046,0.976687,0.214664,11.688700,-3.664755,0.103365,1,0,17.542640,0.000278
2.800000,4000.000000,-10.302950,48.114820,1,1,2,2,0.723453,0.723414,0.723434,0.000000,0.976426,0.215852,0.000035,0.976664,0.214766,11.208490,-3.645003,0.126181,1,0,17.546270,0.000138
2.810000,4000.000000,-10.339250,48.286530,1,1,2,2,0.723629,0.723583,0.723606,0.000000,0.975832,0.218522,0.000022,0.976593,0.215089,10.627070,-3.629958,0.148168,1,0,17.549880,0.000017
2.820000,4000.000000,-10.375460,48.458290,1,1,2,2,0.725732,0.725678,0.725705,0.000000,0.976915,0.213629,0.000008,0.976620,0.214964,10.047360,-3.620610,0.156259,1,0,17.553490,-0.000115
2.830000,4000.000000,-10.411630,48.630090,1,1,2,2,0.727224,0.727163,0.727194,0.000000,0.996394,0.084851,-0.000005,0.976580,0.215148,9.582458,-3.616928,0.164118,1,0,17.557030,-0.000253
2.840000,4000.000000,-10.447800,48.801930,1,1,2,2,0.728766,0.728704,0.728735,0.000000,0.974430,0.224692,-0.000018,0.976398,0.215970,8.936605,-3.617791,0.178784,1,0,17.560540,-0.000392
2.850000,4000.000000,-10.484050,48.973790,1,1,2,2,0.731691,0.731623,0.731657,0.000000,0.975309,0.220847,-0.000031,0.976306,0.216389,8.385238,-3.624974,0.179762,1,0,17.564060,-0.000518
2.860000,4000.000000,-10.520430,49.145650,1,1,2,2,0.734472,0.734399,0.734436,0.000000,0.974429,0.224695,-0.000044,0.976147,0.217103,7.864281,-3.637541,0.180532,1,0,17.567570,-0.000645
2.870000,4000.000000,-10.556980,49.317520,1,1,2,2,0.737638,0.737565,0.737601,0.000000,0.972939,0.231063,-0.000056,0.975879,0.218306,7.181799,-3.655193,0.184935,1,0,17.571090,-0.000767
2.880000,4000.000000,-10.593770,49.489370,1,1,2,2,0.740965,0.740887,0.740926,0.000000,0.973550,0.228475,-0.000068,0.975682,0.219184,6.787923,-3.679507,0.176674,1,0,17.574650,-0.000879
2.890000,4000.000000,-10.630850,49.661200,1,1,2,2,0.744604,0.744523,0.744564,0.000000,0.972688,0.232116,-0.000080,0.975431,0.220299,6.327755,-3.707656,0.168791,1,0,17.578270,-0.000984
2.900000,4000.000000,-10.668250,49.833000,1,1,2,2,0.748865,0.748785,0.748825,0.000000,0.971605,0.236611,-0.000091,0.975112,0.221706,5.737036,-3.740282,0.161612,1,0,17.581970,-0.001081
2.910000,4000.000000,-10.706040,50.004750,1,1,2,2,0.752784,0.752700,0.752742,0.000000,0.971882,0.235469,-0.000101,0.974776,0.223180,5.324402,-3.778657,0.149783,1,0,17.585780,-0.001169
2.920000,4000.000000,-10.744250,50.176440,1,1,2,2,0.755930,0.755847,0.755889,0.000000,0.971169,0.238393,-0.000110,0.974475,0.224491,5.226537,-3.821038,0.130924,1,0,17.589720,-0.001246
2.930000,4000.000000,-10.782900,50.348080,1,1,2,2,0.760585,0.760501,0.760543,0.000000,0.970664,0.240439,-0.000119,0.974158,0.225865,4.850925,-3.864348,0.112314,1,0,17.593830,-0.001311
2.940000,4000.000000,-10.822010,50.519660,1,1,2,2,0.764445,0.764362,0.764403,0.000000,0.958333,0.285653,-0.000126,0.973845,0.227211,4.723711,-3.911294,0.089484,1,0,17.598100,-0.001368
2.950000,4000.000000,-10.861600,50.691180,1,1,2,2,0.766512,0.766431,0.766471,0.000000,0.970142,0.242538,-0.000133,0.973536,0.228532,4.960714,-3.959450,0.064994,1,0,17.602550,-0.001411
2.960000,4000.000000,-10.901660,50.862640,1,1,2,2,0.770837,0.770755,0.770796,0.000000,0.970313,0.241851,-0.000139,0.973265,0.229681,4.809046,-4.005269,0.039816,1,0,17.607190,-0.001443
2.970000,4000.000000,-10.942180,51.034030,1,1,2,2,0.774017,0.773938,0.773978,0.000000,0.970385,0.241564,-0.000144,0.973023,0.230704,4.956333,-4.052536,0.010923,1,0,17.612000,-0.001467
2.980000,4000.000000,-10.983160,51.205370,1,1,2,2,0.774623,0.774549,0.774586,0.000000,0.969764,0.244045,-0.000147,0.972750,0.231853,5.471754,-4.098339,-0.014180,1,0,17.616990,-0.001477
2.990000,4000.000000,-11.024560,51.376660,1,1,2,2,0.776681,0.776613,0.776647,0.000000,0.970629,0.240582,-0.000149,0.972506,0.232875,5.652845,-4.139100,-0.036363,1,0,17.622120,-0.001472
3.000000,4000.000000,-11.066340,51.547910,1,1,2,2,0.779982,0.779913,0.779948,0.000000,0.971029,0.238962,-0.000151,0.972381,0.233399,5.791190,-4.178076,-0.065707,1,0,17.627390,-0.001460
3.010000,4000.000000,-11.108490,51.719120,1,1,2,2,0.778966,0.778904,0.778935,0.000000,0.970103,0.242696,-0.000152,0.972188,0.234199,6.544388,-4.215679,-0.088621,1,0,17.632760,-0.001441
3.020000,4000.000000,-11.150950,51.890320,1,1,2,2,0.779531,0.779476,0.779503,0.000000,0.966848,0.255352,-0.000150,0.972047,0.234786,6.920870,-4.245937,-0.107826,1,0,17.638190,-0.001409
3.030000,4000.000000,-11.193680,52.061500,1,1,2,2,0.781327,0.781271,0.781299,0.000000,0.972236,0.234002,-0.000149,0.972063,0.234718,7.280407,-4.272517,-0.135131,1,0,17.643680,-0.001368
3.040000,4000.000000,-11.236630,52.232690,1,1,2,2,0.778749,0.778702,0.778725,0.000000,0.971076,0.238771,-0.000146,0.971979,0.235065,8.146051,-4.295578,-0.151261,1,0,17.649160,-0.001324
3.050000,4000.000000,-11.279740,52.403890,1,1,2,2,0.777663,0.777624,0.777643,0.000000,0.971755,0.235992,-0.000141,0.971959,0.235145,8.648472,-4.310211,-0.163574,1,0,17.654600,-0.001270
3.060000,4000.000000,-11.322940,52.575130,1,1,2,2,0.777723,0.777686,0.777705,0.000000,0.973817,0.227332,-0.000137,0.972122,0.234474,9.162491,-4.319948,-0.184512,1,0,17.660000,-0.001203
3.070000,4000.000000,-11.366180,52.746400,1,1,2,2,0.773900,0.773871,0.773885,0.000000,0.972514,0.232844,-0.000131,0.972155,0.234333,10.003720,-4.324668,-0.190650,1,0,17.665280,-0.001140
3.080000,4000.000000,-11.409390,52.917740,1,1,2,2,0.771262,0.771243,0.771253,0.000000,0.973325,0.229429,-0.000124,0.972257,0.233912,10.549540,-4.321203,-0.193489,1,0,17.670440,-0.001068
3.090000,4000.000000,-11.452520,53.089160,1,1,2,2,0.769639,0.769620,0.769629,0.000000,0.975517,0.219924,-0.000117,0.972545,0.232710,11.133750,-4.312424,-0.205054,1,0,17.675510,-0.000979
3.100000,4000.000000,-11.495500,53.260660,1,1,2,2,0.766617,0.766608,0.766612,0.000000,0.984096,0.177638,-0.000108,0.972881,0.231301,11.918150,-4.297943,-0.214577,1,0,17.680370,-0.000901
3.110000,4000.000000,-11.538250,53.432260,1,1,2,2,0.761274,0.761275,0.761274,0.000000,0.974970,0.222339,-0.000098,0.973065,0.230529,12.633430,-4.275808,-0.204682,1,0,17.685000,-0.000814
3.120000,4000.000000,-11.580720,53.603980,1,1,2,2,0.758335,0.758336,0.758336,0.000000,0.977074,0.212899,-0.000089,0.973422,0.229016,13.077570,-4.246712,-0.201149,1,0,17.689480,-0.000709
3.130000,4000.000000,-11.622850,53.775830,1,1,2,2,0.754493,0.754504,0.754498,0.000000,0.977728,0.209878,-0.000078,0.973807,0.227373,13.632390,-4.213274,-0.195561,1,0,17.693770,-0.000619
3.140000,4000.000000,-11.664600,53.947820,1,1,2,2,0.749418,0.749439,0.749428,0.000000,0.976443,0.215774,-0.000066,0.974040,0.226375,13.976780,-4.174416,-0.172741,1,0,17.697850,-0.000519
3.150000,4000.000000,-11.705920,54.119950,1,1,2,2,0.745769,0.745790,0.745780,0.000000,0.978271,0.207331,-0.000055,0.974418,0.224739,14.271280,-4.132206,-0.158101,1,0,17.701860,-0.000397
3.160000,4000.000000,-11.746790,54.292220,1,1,2,2,0.741783,0.741812,0.741797,0.000000,0.978680,0.205390,-0.000043,0.974801,0.223076,14.565840,-4.087112,-0.141062,1,0,17.705720,-0.000296
3.170000,4000.000000,-11.787180,54.464650,1,1,2,2,0.737674,0.737713,0.737694,0.000000,0.977540,0.210748,-0.000030,0.975043,0.222016,14.534620,-4.039135,-0.110173,1,0,17.709440,-0.000186
3.180000,4000.000000,-11.827100,54.637230,1,1,2,2,0.733728,0.733774,0.733751,0.000000,0.977608,0.210434,-0.000016,0.975296,0.220903,14.507920,-3.991467,-0.080617,1,0,17.713140,-0.000063
3.190000,4000.000000,-11.866540,54.809950,1,1,2,2,0.730527,0.730574,0.730551,0.000000,0.979072,0.203514,-0.000003,0.975633,0.219407,14.529500,-3.944066,-0.058306,1,0,17.716810,0.000074
3.200000,4000.000000,-11.905500,54.982810,1,1,2,2,0.727896,0.727951,0.727923,0.000000,0.978123,0.208030,0.000010,0.975853,0.218428,14.208590,-3.896448,-0.026467,1,0,17.720390,0.000189
3.210000,4000.000000,-11.944020,55.155820,1,1,2,2,0.724937,0.724999,0.724968,0.000000,0.978211,0.207615,0.000024,0.976060,0.217499,14.004920,-3.851971,0.003040,1,0,17.723950,0.000314
3.220000,4000.000000,-11.982120,55.328950,1,1,2,2,0.722429,0.722489,0.722459,0.000000,0.978854,0.204563,0.000036,0.976308,0.216386,13.856870,-3.809492,0.027125,1,0,17.727490,0.000445
3.230000,4000.000000,-12.019800,55.502210,1,1,2,2,0.720422,0.720489,0.720456,0.000000,0.992340,0.123539,0.000049,0.976502,0.215505,13.549830,-3.768461,0.053907,1,0,17.730960,0.000557
3.240000,4000.000000,-12.057110,55.675590,1,1,2,2,0.720107,0.720178,0.720143,0.000000,0.977947,0.208855,0.000062,0.976629,0.214933,12.875700,-3.730437,0.083174,1,0,17.734390,0.000671
3.250000,4000.000000,-12.094100,55.849060,1,1,2,2,0.718788,0.718859,0.718824,0.000000,0.978041,0.208411,0.000073,0.976752,0.214370,12.547770,-3.699012,0.105837,1,0,17.737780,0.000791
3.260000,4000.000000,-12.130800,56.022640,1,1,2,2,0.718373,0.718448,0.718410,0.000000,0.956351,0.292220,0.000084,0.976812,0.214097,12.007780,-3.670801,0.130435,1,0,17.741120,0.000891
3.270000,4000.000000,-12.167280,56.196290,1,1,2,2,0.720079,0.720155,0.720117,0.000000,0.977172,0.212450,0.000095,0.976843,0.213956,11.161100,-3.647881,0.152024,1,0,17.744430,0.000990
3.280000,4000.000000,-12.203610,56.370010,1,1,2,2,0.720176,0.720253,0.720214,0.000000,0.976734,0.214455,0.000105,0.976834,0.213997,10.733390,-3.633246,0.168432,1,0,17.747660,0.001086
3.290000,4000.000000,-12.239840,56.543780,1,1,2,2,0.721406,0.721483,0.721445,0.000000,0.975952,0.217986,0.000114,0.976757,0.214342,10.069930,-3.622802,0.186080,1,0,17.750860,0.001165
3.300000,4000.000000,-12.276030,56.717590,1,1,2,2,0.724813,0.724889,0.724851,0.000000,0.975995,0.217791,0.000122,0.976692,0.214639,9.203375,-3.618853,0.196194,1,0,17.754030,0.001238
3.310000,4000.000000,-12.312260,56.891430,1,1,2,2,0.727225,0.727300,0.727263,0.000000,0.968083,0.250631,0.000129,0.976575,0.215169,8.625544,-3.623376,0.201896,1,0,17.757140,0.001301
3.320000,4000.000000,-12.348600,57.065270,1,1,2,2,0.728898,0.728971,0.728934,0.000000,0.974216,0.225616,0.000136,0.976377,0.216067,8.157100,-3.633547,0.208519,1,0,17.760220,0.001349
3.330000,4000.000000,-12.385080,57.239120,1,1,2,2,0.733444,0.733515,0.733480,0.000000,0.974613,0.223896,0.000141,0.976228,0.216741,7.390424,-3.648297,0.206402,1,0,17.763330,0.001388
3.340000,4000.000000,-12.421790,57.412950,1,1,2,2,0.737041,0.737109,0.737075,0.000000,0.973915,0.226915,0.000145,0.976033,0.217619,6.892923,-3.670528,0.200340,1,0,17.766420,0.001413
3.350000,4000.000000,-12.458760,57.586760,1,1,2,2,0.739533,0.739602,0.739568,0.000000,0.972525,0.232800,0.000149,0.975740,0.218929,6.519713,-3.697608,0.197206,1,0,17.769550,0.001424
3.360000,4000.000000,-12.496050,57.760530,1,1,2,2,0.743251,0.743313,0.743282,0.000000,0.973251,0.229745,0.000151,0.975409,0.220396,5.946563,-3.728322,0.193259,1,0,17.772780,0.001427
3.370000,4000.000000,-12.533690,57.934260,1,1,2,2,0.748748,0.748805,0.748777,0.000000,0.972647,0.232289,0.000151,0.975177,0.221421,5.398008,-3.764618,0.175547,1,0,17.776100,0.001413
3.380000,4000.000000,-12.571760,58.107930,1,1,2,2,0.751549,0.751606,0.751577,0.000000,0.971114,0.238615,0.000152,0.974840,0.222904,5.260252,-3.806244,0.160762,1,0,17.779500,0.001389
3.390000,4000.000000,-12.610250,58.281550,1,1,2,2,0.755382,0.755431,0.755406,0.000000,0.970590,0.240740,0.000151,0.974487,0.224442,4.945107,-3.849190,0.145659,1,0,17.783080,0.001357
3.400000,4000.000000,-12.649200,58.455100,1,1,2,2,0.760352,0.760395,0.760374,0.000000,0.971744,0.236037,0.000148,0.974256,0.225441,4.749310,-3.895186,0.117635,1,0,17.786820,0.001309
3.410000,4000.000000,-12.688630,58.628580,1,1,2,2,0.764266,0.764302,0.764284,0.000000,0.987426,0.158082,0.000143,0.974023,0.226446,4.788765,-3.943059,0.087810,1,0,17.790710,0.001245
3.420000,4000.000000,-12.728540,58.801990,1,1,2,2,0.766160,0.766195,0.766178,0.000000,0.970020,0.243027,0.000139,0.973690,0.227874,4.985675,-3.990515,0.066169,1,0,17.794780,0.001176
3.430000,4000.000000,-12.768900,58.975350,1,1,2,2,0.769948,0.769972,0.769960,0.000000,0.971372,0.237562,0.000133,0.973494,0.228709,5.064251,-4.036026,0.035718,1,0,17.799050,0.001104
3.440000,4000.000000,-12.809700,59.148640,1,1,2,2,0.772938,0.772953,0.772945,0.000000,0.971412,0.237400,0.000126,0.973318,0.229459,5.304458,-4.080740,0.004546,1,0,17.803460,0.001017
3.450000,4000.000000,-12.850930,59.321880,1,1,2,2,0.773941,0.773956,0.773948,0.000000,0.970147,0.242519,0.000119,0.973052,0.230583,5.667888,-4.123085,-0.017319,1,0,17.808020,0.000927
3.460000,4000.000000,-12.892550,59.495080,1,1,2,2,0.776108,0.776114,0.776111,0.000000,0.971598,0.236639,0.000110,0.972928,0.231105,6.007575,-4.161870,-0.046526,1,0,17.812720,0.000838
3.470000,4000.000000,-12.934530,59.668240,1,1,2,2,0.777734,0.777730,0.777732,0.000000,0.971921,0.235306,0.000100,0.972842,0.231467,6.432425,-4.197321,-0.075224,1,0,17.817510,0.000737
3.480000,4000.000000,-12.976810,59.841380,1,1,2,2,0.777583,0.777580,0.777581,0.000000,0.970927,0.239374,0.000091,0.972679,0.232148,6.922620,-4.228614,-0.093810,1,0,17.822360,0.000634
3.490000,4000.000000,-13.019360,60.014500,1,1,2,2,0.777899,0.777885,0.777892,0.000000,0.970376,0.241599,0.000081,0.972580,0.232563,7.328543,-4.255120,-0.112326,1,0,17.827260,0.000535
3.500000,4000.000000,-13.062140,60.187610,1,1,2,2,0.777937,0.777913,0.777925,0.000000,0.972920,0.231142,0.000069,0.972610,0.232441,7.929450,-4.277661,-0.136584,1,0,17.832200,0.000426
3.510000,4000.000000,-13.105080,60.360740,1,1,2,2,0.776536,0.776511,0.776524,0.000000,0.972205,0.234133,0.000058,0.972575,0.232587,8.514692,-4.294337,-0.149921,1,0,17.837090,0.000315
3.520000,4000.000000,-13.148140,60.533880,1,1,2,2,0.775249,0.775216,0.775232,0.000000,0.972957,0.230985,0.000046,0.972608,0.232448,9.064621,-4.305308,-0.162607,1,0,17.841950,0.000213
3.530000,4000.000000,-13.191250,60.707070,1,1,2,2,0.773488,0.773446,0.773467,0.000000,0.974210,0.225644,0.000033,0.972748,0.231863,9.768039,-4.310918,-0.177976,1,0,17.846740,0.000103
3.540000,4000.000000,-13.234340,60.880300,1,1,2,2,0.771431,0.771380,0.771405,0.000000,0.996090,0.088349,0.000019,0.972936,0.231072,10.443660,-4.309669,-0.190083,1,0,17.851390,-0.000010
3.550000,4000.000000,-13.277360,61.053600,1,1,2,2,0.768309,0.768259,0.768284,0.000000,0.974540,0.224216,0.000006,0.973075,0.230483,11.048370,-4.301832,-0.191742,1,0,17.855890,-0.000129
3.560000,4000.000000,-13.320240,61.226970,1,1,2,2,0.765198,0.765141,0.765170,0.000000,0.975568,0.219699,-0.000007,0.973295,0.229556,11.656880,-4.288104,-0.193575,1,0,17.860270,-0.000233
3.570000,4000.000000,-13.362930,61.400440,1,1,2,2,0.762009,0.761945,0.761977,0.000000,0.976201,0.216870,-0.000021,0.973551,0.228467,12.202620,-4.268442,-0.192316,1,0,17.864480,-0.000340
3.580000,4000.000000,-13.405360,61.574020,1,1,2,2,0.758432,0.758367,0.758400,0.000000,0.976002,0.217760,-0.000033,0.973766,0.227546,12.604140,-4.243456,-0.182536,1,0,17.868530,-0.000454
3.590000,4000.000000,-13.447510,61.747700,1,1,2,2,0.754610,0.754539,0.754574,0.000000,0.976759,0.214341,-0.000046,0.974031,0.226411,13.049340,-4.214557,-0.172699,1,0,17.872470,-0.000553
3.600000,4000.000000,-13.489320,61.921500,1,1,2,2,0.750878,0.750803,0.750841,0.000000,0.977234,0.212163,-0.000059,0.974314,0.225189,13.407860,-4.181314,-0.160045,1,0,17.876270,-0.000652
3.610000,4000.000000,-13.530760,62.095440,1,1,2,2,0.747422,0.747348,0.747385,0.000000,0.977138,0.212607,-0.000070,0.974564,0.224108,13.562680,-4.144573,-0.141260,1,0,17.879940,-0.000754
3.620000,4000.000000,-13.571830,62.269490,1,1,2,2,0.743667,0.743589,0.743628,0.000000,0.945753,0.324886,-0.000082,0.974827,0.222962,13.763610,-4.106323,-0.122145,1,0,17.883540,-0.000844
3.630000,4000.000000,-13.612490,62.443680,1,1,2,2,0.739976,0.739895,0.739935,0.000000,0.977831,0.209396,-0.000093,0.975092,0.221797,13.912430,-4.066113,-0.101406,1,0,17.887050,-0.000931
3.640000,4000.000000,-13.652730,62.618000,1,1,2,2,0.737221,0.737140,0.737181,0.000000,0.977797,0.209555,-0.000103,0.975331,0.220744,13.804740,-4.024451,-0.077169,1,0,17.890480,-0.001016
3.650000,4000.000000,-13.692570,62.792450,1,1,2,2,0.734088,0.734006,0.734047,0.000000,0.977926,0.208950,-0.000112,0.975560,0.219731,13.775100,-3.983843,-0.053334,1,0,17.893870,-0.001091
3.660000,4000.000000,-13.732010,62.967020,1,1,2,2,0.731183,0.731102,0.731143,0.000000,0.977899,0.209077,-0.000120,0.975766,0.218815,13.667450,-3.943530,-0.028034,1,0,17.897200,-0.001160
3.670000,4000.000000,-13.771050,63.141710,1,1,2,2,0.728687,0.728607,0.728647,0.000000,0.969976,0.243201,-0.000128,0.975937,0.218049,13.445310,-3.904274,-0.001112,1,0,17.900500,-0.001221
3.680000,4000.000000,-13.809720,63.316520,1,1,2,2,0.727693,0.727613,0.727653,0.000000,0.977763,0.209713,-0.000135,0.976097,0.217333,12.986080,-3.867197,0.024473,1,0,17.903780,-0.001271
3.690000,4000.000000,-13.848070,63.491440,1,1,2,2,0.726039,0.725962,0.726001,0.000000,0.977414,0.211335,-0.000140,0.976211,0.216819,12.668310,-3.834613,0.049129,1,0,17.907020,-0.001316
3.700000,4000.000000,-13.886120,63.666450,1,1,2,2,0.724945,0.724872,0.724909,0.000000,0.976968,0.213386,-0.000144,0.976277,0.216522,12.229990,-3.805145,0.074550,1,0,17.910240,-0.001348
3.710000,4000.000000,-13.923920,63.841560,1,1,2,2,0.725601,0.725527,0.725564,0.000000,0.977082,0.212863,-0.000148,0.976346,0.216208,11.595040,-3.779972,0.095257,1,0,17.913440,-0.001364
3.720000,4000.000000,-13.961530,64.016730,1,1,2,2,0.725747,0.725676,0.725711,0.000000,0.976573,0.215185,-0.000151,0.976366,0.216119,11.107120,-3.761012,0.113720,1,0,17.916600,-0.001378
3.730000,4000.000000,-13.999000,64.191970,1,1,2,2,0.725869,0.725805,0.725837,0.000000,0.975771,0.218793,-0.000152,0.976314,0.216350,10.597980,-3.746828,0.133160,1,0,17.919720,-0.001377
3.740000,4000.000000,-14.036370,64.367260,1,1,2,2,0.728112,0.728049,0.728080,0.000000,0.975982,0.217851,-0.000152,0.976286,0.216477,9.883366,-3.737631,0.145582,1,0,17.922840,-0.001357
3.750000,4000.000000,-14.073730,64.542580,1,1,2,2,0.729844,0.729787,0.729816,0.000000,0.975344,0.220689,-0.000151,0.976205,0.216841,9.329537,-3.735420,0.155210,1,0,17.925910,-0.001337
3.760000,4000.000000,-14.111110,64.717930,1,1,2,2,0.731228,0.731175,0.731201,0.000000,0.974268,0.225392,-0.000149,0.976041,0.217578,8.805193,-3.738625,0.166142,1,0,17.928960,-0.001299
3.770000,4000.000000,-14.148580,64.893290,1,1,2,2,0.733521,0.733479,0.733500,0.000000,0.952409,0.304823,-0.000144,0.975825,0.218545,8.141105,-3.746956,0.176069,1,0,17.932040,-0.001244
3.780000,4000.000000,-14.186200,65.068650,1,1,2,2,0.737765,0.737724,0.737745,0.000000,0.973974,0.226660,-0.000140,0.975669,0.219242,7.416559,-3.761776,0.174430,1,0,17.935140,-0.001173
3.790000,4000.000000,-14.224040,65.244000,1,1,2,2,0.740028,0.739995,0.740012,0.000000,0.972693,0.232097,-0.000135,0.975420,0.220350,7.039300,-3.783663,0.173099,1,0,17.938240,-0.001103
3.800000,4000.000000,-14.262130,65.419320,1,1,2,2,0.743228,0.743206,0.743217,0.000000,0.971960,0.235148,-0.000127,0.975130,0.221626,6.508559,-3.809226,0.171137,1,0,17.941410,-0.001017
3.810000,4000.000000,-14.300530,65.594610,1,1,2,2,0.747997,0.747975,0.747986,0.000000,0.972716,0.232001,-0.000121,0.974927,0.222519,6.005148,-3.839958,0.156856,1,0,17.944670,-0.000922
3.820000,4000.000000,-14.339290,65.769860,1,1,2,2,0.751849,0.751837,0.751843,0.000000,0.972198,0.234160,-0.000112,0.974698,0.223521,5.740446,-3.875583,0.139583,1,0,17.947990,-0.000827
3.830000,4000.000000,-14.378420,65.945050,1,1,2,2,0.754094,0.754093,0.754094,0.000000,0.970747,0.240104,-0.000102,0.974370,0.224949,5.632822,-3.913768,0.127556,1,0,17.951430,-0.000719
3.840000,4000.000000,-14.417950,66.120200,1,1,2,2,0.758653,0.758649,0.758651,0.000000,0.971798,0.235817,-0.000093,0.974153,0.225887,5.362208,-3.952984,0.105482,1,0,17.955030,-0.000609
3.850000,4000.000000,-14.457900,66.295290,1,1,2,2,0.762381,0.762388,0.762385,0.000000,0.971519,0.236961,-0.000083,0.973930,0.226843,5.298051,-3.994812,0.081079,1,0,17.958750,-0.000499
3.860000,4000.000000,-14.498270,66.470320,1,1,2,2,0.764250,0.764270,0.764260,0.000000,0.970075,0.242805,-0.000071,0.973609,0.228218,5.388900,-4.037238,0.063814,1,0,17.962610,-0.000380
3.870000,4000.000000,-14.539060,66.645290,1,1,2,2,0.767178,0.767205,0.767192,0.000000,0.941050,0.338268,-0.000058,0.973306,0.229506,5.305936,-4.078756,0.045907,1,0,17.966640,-0.000254
3.880000,4000.000000,-14.580270,66.820210,1,1,2,2,0.770868,0.770895,0.770882,0.000000,0.971396,0.237466,-0.000046,0.973144,0.230193,5.384657,-4.121059,0.016128,1,0,17.970840,-0.000127
3.890000,4000.000000,-14.621900,66.995080,1,1,2,2,0.771936,0.771972,0.771954,0.000000,0.970067,0.242839,-0.000033,0.972887,0.231280,5.727823,-4.162566,-0.005419,1,0,17.975160,-0.000007
3.900000,4000.000000,-14.663910,67.169900,1,1,2,2,0.773751,0.773796,0.773773,0.000000,0.970330,0.241787,-0.000020,0.972671,0.232184,5.934422,-4.200710,-0.026869,1,0,17.979630,0.000114
3.910000,4000.000000,-14.706270,67.344680,1,1,2,2,0.775697,0.775743,0.775720,0.000000,0.971861,0.235557,-0.000007,0.972602,0.232472,6.351303,-4.236821,-0.057585,1,0,17.984210,0.000234
3.920000,4000.000000,-14.748960,67.519430,1,1,2,2,0.776844,0.776896,0.776870,0.000000,0.972305,0.233717,0.000006,0.972576,0.232581,6.890203,-4.268849,-0.087433,1,0,17.988860,0.000345
3.930000,4000.000000,-14.791920,67.694170,1,1,2,2,0.776014,0.776072,0.776043,0.000000,0.971325,0.237754,0.000019,0.972469,0.233026,7.492772,-4.295611,-0.105624,1,0,17.993520,0.000455
3.940000,4000.000000,-14.835080,67.868900,1,1,2,2,0.775938,0.775997,0.775967,0.000000,0.972852,0.231430,0.000032,0.972502,0.232891,8.078934,-4.316495,-0.128511,1,0,17.998210,0.000562
3.950000,4000.000000,-14.878400,68.043630,1,1,2,2,0.775429,0.775494,0.775461,0.000000,0.973468,0.228821,0.000044,0.972585,0.232539,8.696170,-4.331659,-0.149524,1,0,18.002850,0.000658
3.960000,4000.000000,-14.921810,68.218400,1,1,2,2,0.773604,0.773674,0.773639,0.000000,0.972799,0.231653,0.000057,0.972604,0.232462,9.268311,-4.340801,-0.159283,1,0,18.007410,0.000754
3.970000,4000.000000,-14.965250,68.393200,1,1,2,2,0.771947,0.772019,0.771983,0.000000,0.952855,0.303427,0.000069,0.972695,0.232083,9.807631,-4.344368,-0.168897,1,0,18.011910,0.000848
3.980000,4000.000000,-15.008680,68.568050,1,1,2,2,0.769466,0.769539,0.769502,0.000000,0.974854,0.222845,0.000081,0.972884,0.231288,10.554330,-4.342679,-0.180831,1,0,18.016310,0.000937
3.990000,4000.000000,-15.052020,68.742970,1,1,2,2,0.766887,0.766962,0.766924,0.000000,0.974525,0.224280,0.000092,0.973027,0.230686,11.042320,-4.333710,-0.181733,1,0,18.020560,0.001014
4.000000,4000.000000,-15.095220,68.917970,1,1,2,2,0.763914,0.763990,0.763952,0.000000,0.975395,0.220463,0.000102,0.973235,0.229807,11.608380,-4.319985,-0.182893,1,0,18.024690,0.001089
4.010000,4000.000000,-15.138220,69.093050,1,1,2,2,0.759852,0.759931,0.759892,0.000000,0.976214,0.216808,0.000111,0.973499,0.228687,12.341190,-4.300743,-0.182867,1,0,18.028680,0.001156
4.020000,4000.000000,-15.180970,69.268230,1,1,2,2,0.756178,0.756255,0.756217,0.000000,0.976818,0.214071,0.000120,0.973793,0.227430,12.885930,-4.274354,-0.178080,1,0,18.032490,0.001214
4.030000,4000.000000,-15.223390,69.443530,1,1,2,2,0.753128,0.753203,0.753165,0.000000,0.976991,0.213279,0.000127,0.974077,0.226214,13.164270,-4.242651,-0.167132,1,0,18.036130,0.001266
4.040000,4000.000000,-15.265480,69.618960,1,1,2,2,0.748241,0.748317,0.748279,0.000000,0.977331,0.211715,0.000134,0.974366,0.224966,13.718530,-4.208229,-0.154008,1,0,18.039650,0.001309
4.050000,4000.000000,-15.307160,69.794510,1,1,2,2,0.744125,0.744197,0.744161,0.000000,0.977755,0.209751,0.000140,0.974666,0.223663,14.022790,-4.168400,-0.136414,1,0,18.043030,0.001347
4.060000,4000.000000,-15.348420,69.970190,1,1,2,2,0.741532,0.741601,0.741566,0.000000,0.978224,0.207553,0.000144,0.974982,0.222278,14.015680,-4.125602,-0.117322,1,0,18.046300,0.001376
4.070000,4000.000000,-15.389240,70.146010,1,1,2,2,0.737790,0.737853,0.737821,0.000000,0.978654,0.205516,0.000147,0.975310,0.220838,14.244230,-4.082869,-0.099371,1,0,18.049470,0.001396
4.080000,4000.000000,-15.429620,70.321960,1,1,2,2,0.732832,0.732896,0.732864,0.000000,0.978178,0.207771,0.000150,0.975564,0.219712,14.489030,-4.037900,-0.073371,1,0,18.052540,0.001395
4.090000,4000.000000,-15.469530,70.498050,1,1,2,2,0.731139,0.731199,0.731169,0.000000,0.978933,0.204182,0.000151,0.975864,0.218376,14.183930,-3.990547,-0.048845,1,0,18.055560,0.001398
4.100000,4000.000000,-15.508990,70.674280,1,1,2,2,0.728204,0.728254,0.728229,0.000000,0.979071,0.203517,0.000150,0.976149,0.217099,14.152870,-3.946172,-0.026322,1,0,18.058510,0.001388
4.110000,4000.000000,-15.548010,70.850620,1,1,2,2,0.724312,0.724362,0.724337,0.000000,0.978069,0.208283,0.000150,0.976317,0.216342,14.060250,-3.902099,0.005472,1,0,18.061380,0.001354
4.120000,4000.000000,-15.586600,71.027100,1,1,2,2,0.721839,0.721884,0.721862,0.000000,0.977796,0.209558,0.000148,0.976446,0.215760,13.655920,-3.858946,0.039517,1,0,18.064250,0.001329
4.130000,4000.000000,-15.624800,71.203690,1,1,2,2,0.722312,0.722349,0.722331,0.000000,0.978880,0.204437,0.000144,0.976660,0.214787,13.005010,-3.819761,0.062262,1,0,18.067130,0.001287
4.140000,4000.000000,-15.662670,71.380380,1,1,2,2,0.721317,0.721345,0.721331,0.000000,0.995973,0.089653,0.000138,0.976827,0.214029,12.682410,-3.786938,0.082427,1,0,18.069920,0.001225
4.150000,4000.000000,-15.700240,71.557160,1,1,2,2,0.719264,0.719290,0.719277,0.000000,0.976846,0.213942,0.000133,0.976829,0.214019,12.283700,-3.757274,0.113167,1,0,18.072650,0.001142
4.160000,4000.000000,-15.737560,71.734020,1,1,2,2,0.721160,0.721176,0.721168,0.000000,0.978095,0.208158,0.000126,0.976939,0.213515,11.504890,-3.731529,0.130749,1,0,18.075400,0.001070
4.170000,4000.000000,-15.774690,71.910940,1,1,2,2,0.721915,0.721921,0.721918,0.000000,0.977516,0.210861,0.000118,0.976989,0.213288,10.997650,-3.713402,0.145656,1,0,18.078050,0.000978
4.180000,4000.000000,-15.811690,72.087920,1,1,2,2,0.721937,0.721945,0.721941,0.000000,0.975488,0.220051,0.000110,0.976861,0.213871,10.372000,-3.700240,0.170467,1,0,18.080650,0.000869
4.190000,4000.000000,-15.848620,72.264940,1,1,2,2,0.723356,0.723354,0.723355,0.000000,0.968511,0.248970,0.000100,0.976679,0.214704,9.536574,-3.693212,0.193630,1,0,18.083250,0.000770
4.200000,4000.000000,-15.885570,72.441990,1,1,2,2,0.727467,0.727454,0.727460,0.000000,0.976052,0.217536,0.000090,0.976625,0.214947,8.699693,-3.694366,0.197528,1,0,18.085860,0.000652
4.210000,4000.000000,-15.922600,72.619030,1,1,2,2,0.729418,0.729404,0.729411,0.000000,0.973869,0.227111,0.000080,0.976394,0.215995,8.085383,-3.703695,0.207962,1,0,18.088390,0.000522
4.220000,4000.000000,-15.959790,72.796080,1,1,2,2,0.732309,0.732286,0.732297,0.000000,0.973047,0.230607,0.000068,0.976114,0.217257,7.356275,-3.719030,0.216235,1,0,18.090940,0.000404
4.230000,4000.000000,-15.997210,72.973110,1,1,2,2,0.736901,0.736870,0.736885,0.000000,0.974378,0.224918,0.000056,0.975966,0.217918,6.781859,-3.741488,0.206120,1,0,18.093540,0.000271
4.240000,4000.000000,-16.034900,73.150100,1,1,2,2,0.740813,0.740772,0.740793,0.000000,0.973528,0.228568,0.000043,0.975761,0.218834,6.354509,-3.769541,0.195002,1,0,18.096140,0.000131
4.250000,4000.000000,-16.072920,73.327050,1,1,2,2,0.744149,0.744107,0.744128,0.000000,0.971504,0.237023,0.000030,0.975409,0.220401,5.832444,-3.801751,0.191734,1,0,18.098820,-0.000009
4.260000,4000.000000,-16.111310,73.503940,1,1,2,2,0.748175,0.748124,0.748149,0.000000,0.972730,0.231939,0.000017,0.975033,0.222056,5.274709,-3.839044,0.184941,1,0,18.101600,-0.000141
4.270000,4000.000000,-16.150130,73.680780,1,1,2,2,0.752944,0.752885,0.752915,0.000000,0.971998,0.234990,0.000003,0.974779,0.223171,4.973666,-3.881759,0.162572,1,0,18.104510,-0.000279
4.280000,4000.000000,-16.189410,73.857540,1,1,2,2,0.756952,0.756894,0.756923,0.000000,0.970360,0.241664,-0.000009,0.974412,0.224765,4.658479,-3.927382,0.146176,1,0,18.107560,-0.000409
4.290000,4000.000000,-16.229170,74.034230,1,1,2,2,0.761021,0.760958,0.760989,0.000000,0.969995,0.243125,-0.000022,0.974046,0.226348,4.415621,-3.976050,0.126467,1,0,18.110780,-0.000532
4.300000,4000.000000,-16.269440,74.210840,1,1,2,2,0.764621,0.764550,0.764585,0.000000,0.970873,0.239597,-0.000035,0.973780,0.227489,4.522498,-4.027055,0.096197,1,0,18.114200,-0.000654
4.310000,4000.000000,-16.310210,74.387370,1,1,2,2,0.768379,0.768304,0.768341,0.000000,0.978522,0.206142,-0.000049,0.973508,0.228654,4.561600,-4.076984,0.067483,1,0,18.117810,-0.000769
4.320000,4000.000000,-16.351470,74.563820,1,1,2,2,0.771969,0.771894,0.771931,0.000000,0.969787,0.243953,-0.000061,0.973196,0.229975,4.546162,-4.126498,0.042130,1,0,18.121610,-0.000876
4.330000,4000.000000,-16.393230,74.740200,1,1,2,2,0.773931,0.773851,0.773891,0.000000,0.970346,0.241720,-0.000073,0.972956,0.230989,4.969975,-4.176131,0.010975,1,0,18.125610,-0.000974
4.340000,4000.000000,-16.435450,74.916510,1,1,2,2,0.776562,0.776481,0.776521,0.000000,0.970329,0.241788,-0.000084,0.972735,0.231920,5.204119,-4.221605,-0.017416,1,0,18.129770,-0.001062
4.350000,4000.000000,-16.478100,75.092770,1,1,2,2,0.779308,0.779225,0.779267,0.000000,0.970281,0.241982,-0.000095,0.972527,0.232788,5.387586,-4.264771,-0.044603,1,0,18.134080,-0.001142
4.360000,4000.000000,-16.521160,75.268970,1,1,2,2,0.781109,0.781026,0.781067,0.000000,0.961197,0.275861,-0.000104,0.972378,0.233410,5.809702,-4.306123,-0.074511,1,0,18.138530,-0.001214
4.370000,4000.000000,-16.564590,75.445120,1,1,2,2,0.780432,0.780349,0.780390,0.000000,0.970787,0.239943,-0.000113,0.972243,0.233972,6.598642,-4.343341,-0.101247,1,0,18.143070,-0.001275
4.380000,4000.000000,-16.608320,75.621250,1,1,2,2,0.781810,0.781726,0.781768,0.000000,0.971409,0.237410,-0.000122,0.972171,0.234269,6.943787,-4.372863,-0.124999,1,0,18.147660,-0.001324
4.390000,4000.000000,-16.652310,75.797360,1,1,2,2,0.781912,0.781831,0.781872,0.000000,0.972152,0.234354,-0.000129,0.972169,0.234277,7.567361,-4.399008,-0.150690,1,0,18.152270,-0.001368
4.400000,4000.000000,-16.696500,75.973470,1,1,2,2,0.779319,0.779239,0.779279,0.000000,0.971814,0.235749,-0.000135,0.972138,0.234405,8.463195,-4.419068,-0.167870,1,0,18.156860,-0.001401
4.410000,4000.000000,-16.740800,76.149600,1,1,2,2,0.777985,0.777909,0.777947,0.000000,0.948719,0.316122,-0.000140,0.972167,0.234286,9.023534,-4.430404,-0.180684,1,0,18.161380,-0.001422
4.420000,4000.000000,-16.785170,76.325750,1,1,2,2,0.777476,0.777399,0.777437,0.000000,0.973854,0.227175,-0.000145,0.972314,0.233675,9.526721,-4.436279,-0.197080,1,0,18.165830,-0.001434
4.430000,4000.000000,-16.829540,76.501950,1,1,2,2,0.775415,0.775343,0.775379,0.000000,0.990803,0.135314,-0.000148,0.972527,0.232788,10.312600,-4.437245,-0.213613,1,0,18.170160,-0.001442
4.440000,4000.000000,-16.873840,76.678220,1,1,2,2,0.770496,0.770431,0.770464,0.000000,0.973937,0.226820,-0.000149,0.972650,0.232274,11.241080,-4.430550,-0.215314,1,0,18.174300,-0.001438
4.450000,4000.000000,-16.917990,76.854550,1,1,2,2,0.768555,0.768490,0.768522,0.000000,0.975603,0.219542,-0.000150,0.972911,0.231179,11.675170,-4.414817,-0.218595,1,0,18.178290,-0.001420
4.460000,4000.000000,-16.961940,77.030980,1,1,2,2,0.765204,0.765144,0.765174,0.000000,0.976425,0.215857,-0.000150,0.973222,0.229864,12.358160,-4.394848,-0.221685,1,0,18.182110,-0.001405
4.470000,4000.000000,-17.005620,77.207520,1,1,2,2,0.759732,0.759679,0.759705,0.000000,0.975402,0.220435,-0.000148,0.973413,0.229055,13.014800,-4.368216,-0.208504,1,0,18.185720,-0.001378
4.480000,4000.000000,-17.048970,77.384170,1,1,2,2,0.755497,0.755452,0.755474,0.000000,0.977152,0.212543,-0.000144,0.973645,0.228068,13.369120,-4.335192,-0.192122,1,0,18.189200,-0.001338
4.490000,4000.000000,-17.091960,77.560940,1,1,2,2,0.752743,0.752702,0.752722,0.000000,0.977784,0.209617,-0.000141,0.974016,0.226479,13.651430,-4.298719,-0.183455,1,0,18.192570,-0.001276
4.500000,4000.000000,-17.134560,77.737850,1,1,2,2,0.747551,0.747517,0.747534,0.000000,0.976609,0.215022,-0.000136,0.974245,0.225493,14.020250,-4.259482,-0.160761,1,0,18.195790,-0.001226
4.510000,4000.000000,-17.176720,77.914890,1,1,2,2,0.743119,0.743095,0.743107,0.000000,0.977076,0.212893,-0.000129,0.974494,0.224411,14.205440,-4.216656,-0.136196,1,0,18.198930,-0.001163
4.520000,4000.000000,-17.218440,78.092060,1,1,2,2,0.740109,0.740084,0.740096,0.000000,0.978673,0.205423,-0.000123,0.974869,0.222779,14.349090,-4.172029,-0.120119,1,0,18.202000,-0.001074
4.530000,4000.000000,-17.259700,78.269380,1,1,2,2,0.736293,0.736279,0.736286,0.000000,0.978901,0.204336,-0.000115,0.975230,0.221192,14.580040,-4.125991,-0.101778,1,0,18.204950,-0.001002
4.540000,4000.000000,-17.300480,78.446830,1,1,2,2,0.732054,0.732048,0.732051,0.000000,0.977620,0.210381,-0.000105,0.975441,0.220262,14.523270,-4.077693,-0.068936,1,0,18.207780,-0.000916
4.550000,4000.000000,-17.340780,78.624420,1,1,2,2,0.729445,0.728521,0.728983,0.000000,0.978979,0.203961,-0.000095,0.975698,0.219120,14.370800,-4.029960,-0.040648,1,0,18.210610,-0.000809
4.560000,4000.000000,-17.380620,78.802150,1,1,2,2,0.726641,0.726647,0.726644,0.000000,0.978900,0.204342,-0.000085,0.975983,0.217848,14.187510,-3.983721,-0.016362,1,0,18.213390,-0.000699
4.570000,4000.000000,-17.420010,78.980000,1,1,2,2,0.724269,0.724283,0.724276,0.000000,0.977641,0.210283,-0.000074,0.976127,0.217199,13.764420,-3.939272,0.017669,1,0,18.216110,-0.000592
4.580000,4000.000000,-17.459000,79.157970,1,1,2,2,0.722149,0.722173,0.722161,0.000000,0.977441,0.211208,-0.000061,0.976242,0.216684,13.339970,-3.898971,0.049919,1,0,18.218820,-0.000471
4.590000,4000.000000,-17.497630,79.336040,1,1,2,2,0.721341,0.721365,0.721353,0.000000,0.978312,0.207138,-0.000050,0.976423,0.215863,12.930400,-3.862834,0.072193,1,0,18.221540,-0.000329
4.600000,4000.000000,-17.535930,79.514210,1,1,2,2,0.720548,0.720582,0.720565,0.000000,0.977810,0.209492,-0.000037,0.976544,0.215316,12.492360,-3.830704,0.095434,1,0,18.224190,-0.000209
4.610000,4000.000000,-17.573960,79.692470,1,1,2,2,0.720658,0.720701,0.720680,0.000000,0.976692,0.214646,-0.000023,0.976557,0.215260,11.771650,-3.802864,0.123441,1,0,18.226800,-0.000078
4.620000,4000.000000,-17.611780,79.870800,1,1,2,2,0.721168,0.721213,0.721191,0.000000,0.977205,0.212298,-0.000011,0.976612,0.215007,11.253060,-3.782084,0.140528,1,0,18.229390,0.000068
4.630000,4000.000000,-17.649450,80.049180,1,1,2,2,0.722143,0.722193,0.722168,0.000000,0.976495,0.215538,0.000002,0.976602,0.215052,10.640630,-3.766380,0.157982,1,0,18.231910,0.000193
4.640000,4000.000000,-17.687020,80.227610,1,1,2,2,0.724253,0.724309,0.724281,0.000000,0.975553,0.219766,0.000016,0.976513,0.215458,9.808204,-3.756670,0.176033,1,0,18.234400,0.000326
4.650000,4000.000000,-17.724570,80.406070,1,1,2,2,0.726195,0.726257,0.726226,0.000000,0.974896,0.222659,0.000029,0.976376,0.216078,9.113713,-3.755105,0.189754,1,0,18.236850,0.000464
4.660000,4000.000000,-17.762170,80.584540,1,1,2,2,0.728580,0.728643,0.728612,0.000000,0.974912,0.222592,0.000042,0.976252,0.216639,8.541564,-3.760333,0.195415,1,0,18.239290,0.000600
4.670000,4000.000000,-17.799880,80.763020,1,1,2,2,0.731462,0.731530,0.731496,0.000000,0.974496,0.224407,0.000054,0.976070,0.217457,7.901253,-3.771152,0.200189,1,0,18.241720,0.000719
4.680000,4000.000000,-17.837760,80.941480,1,1,2,2,0.735420,0.735492,0.735456,0.000000,0.973543,0.228502,0.000067,0.975857,0.218407,7.164970,-3.788223,0.201046,1,0,18.244150,0.000838
4.690000,4000.000000,-17.875890,81.119920,1,1,2,2,0.738526,0.738596,0.738561,0.000000,0.973303,0.229523,0.000078,0.975643,0.219365,6.762288,-3.812478,0.194712,1,0,18.246600,0.000950
4.700000,4000.000000,-17.914300,81.298320,1,1,2,2,0.742291,0.742365,0.742328,0.000000,0.972564,0.232637,0.000089,0.975384,0.220511,6.252294,-3.840654,0.187885,1,0,18.249120,0.001047
4.710000,4000.000000,-17.953030,81.476680,1,1,2,2,0.746844,0.746921,0.746882,0.000000,0.972343,0.233559,0.000099,0.975129,0.221636,5.736783,-3.873793,0.175619,1,0,18.251710,0.001137
4.720000,4000.000000,-17.992150,81.654990,1,1,2,2,0.750898,0.750973,0.750936,0.000000,0.971867,0.235530,0.000109,0.974856,0.222832,5.405324,-3.911943,0.159584,1,0,18.254380,0.001218
4.730000,4000.000000,-18.031690,81.833230,1,1,2,2,0.754052,0.754128,0.754090,0.000000,0.971379,0.237536,0.000118,0.974565,0.224103,5.282623,-3.953303,0.141667,1,0,18.257180,0.001287
4.740000,4000.000000,-18.071650,82.011410,1,1,2,2,0.757875,0.757949,0.757912,0.000000,0.971505,0.237021,0.000125,0.974265,0.225404,5.054497,-3.995836,0.123157,1,0,18.260140,0.001342
4.750000,4000.000000,-18.112050,82.189510,1,1,2,2,0.762196,0.762268,0.762232,0.000000,0.971294,0.237880,0.000132,0.974016,0.226480,4.898480,-4.040565,0.098192,1,0,18.263260,0.001387
4.760000,4000.000000,-18.152920,82.367550,1,1,2,2,0.764638,0.764710,0.764674,0.000000,0.970723,0.240201,0.000138,0.973740,0.227664,5.067558,-4.086786,0.073739,1,0,18.266530,0.001420
4.770000,4000.000000,-18.194230,82.545520,1,1,2,2,0.767705,0.767774,0.767740,0.000000,0.970631,0.240574,0.000143,0.973479,0.228774,5.115071,-4.131330,0.049666,1,0,18.269970,0.001442
4.780000,4000.000000,-18.235990,82.723420,1,1,2,2,0.770935,0.771000,0.770967,0.000000,0.971303,0.237847,0.000146,0.973295,0.229556,5.274945,-4.175384,0.019958,1,0,18.273580,0.001451
4.790000,4000.000000,-18.278170,82.901260,1,1,2,2,0.773429,0.773487,0.773458,0.000000,0.971534,0.236899,0.000148,0.973146,0.230188,5.597055,-4.217850,-0.010915,1,0,18.277330,0.001445
4.800000,4000.000000,-18.320740,83.079050,1,1,2,2,0.773942,0.774002,0.773972,0.000000,0.970944,0.239309,0.000149,0.972960,0.230972,6.121612,-4.257151,-0.035673,1,0,18.281200,0.001430
4.810000,4000.000000,-18.363650,83.256790,1,1,2,2,0.775203,0.775257,0.775230,0.000000,0.971907,0.235367,0.000149,0.972822,0.231556,6.474747,-4.291322,-0.058912,1,0,18.285170,0.001409
4.820000,4000.000000,-18.406870,83.434500,1,1,2,2,0.776591,0.776637,0.776614,0.000000,0.972412,0.233272,0.000147,0.972786,0.231704,6.921468,-4.322034,-0.086757,1,0,18.289220,0.001374
4.830000,4000.000000,-18.450360,83.612190,1,1,2,2,0.775576,0.775620,0.775598,0.000000,0.971829,0.235687,0.000146,0.972704,0.232047,7.595631,-4.348377,-0.106442,1,0,18.293290,0.001330
4.840000,4000.000000,-18.494040,83.789870,1,1,2,2,0.775147,0.775184,0.775165,0.000000,0.972441,0.233148,0.000142,0.972680,0.232146,8.111387,-4.368143,-0.123967,1,0,18.297370,0.001285
4.850000,4000.000000,-18.537870,83.967560,1,1,2,2,0.774817,0.774844,0.774830,0.000000,0.973684,0.227902,0.000137,0.972767,0.231779,8.700164,-4.382877,-0.145070,1,0,18.301440,0.001227
4.860000,4000.000000,-18.581790,84.145260,1,1,2,2,0.773590,0.773611,0.773600,0.000000,0.974409,0.224785,0.000131,0.972910,0.231177,9.413871,-4.391864,-0.164707,1,0,18.305420,0.001156
4.870000,4000.000000,-18.625720,84.323010,1,1,2,2,0.770316,0.770335,0.770325,0.000000,0.973810,0.227363,0.000125,0.972988,0.230849,10.187170,-4.393889,-0.172028,1,0,18.309280,0.001075
4.880000,4000.000000,-18.669610,84.500800,1,1,2,2,0.767811,0.767820,0.767815,0.000000,0.975157,0.221514,0.000117,0.973121,0.230286,10.741300,-4.388381,-0.176070,1,0,18.313040,0.001002
4.890000,4000.000000,-18.713380,84.678660,1,1,2,2,0.765859,0.765861,0.765860,0.000000,0.975881,0.218302,0.000107,0.973365,0.229256,11.277720,-4.377473,-0.183353,1,0,18.316680,0.000916
4.900000,4000.000000,-18.757000,84.856590,1,1,2,2,0.761726,0.761726,0.761726,0.000000,0.975216,0.221257,0.000099,0.973527,0.228568,11.911100,-4.361329,-0.178859,1,0,18.320160,0.000814
4.910000,4000.000000,-18.800390,85.034610,1,1,2,2,0.758139,0.758130,0.758135,0.000000,0.975861,0.218394,0.000089,0.973731,0.227695,12.376420,-4.339016,-0.171535,1,0,18.323510,0.000728
4.920000,4000.000000,-18.843510,85.212740,1,1,2,2,0.755319,0.755298,0.755309,0.000000,0.977172,0.212450,0.000077,0.974037,0.226384,12.794940,-4.312170,-0.167807,1,0,18.326750,0.000628
4.930000,4000.000000,-18.886320,85.390970,1,1,2,2,0.751658,0.751629,0.751643,0.000000,0.977687,0.210065,0.000065,0.974362,0.224982,13.304220,-4.281235,-0.161662,1,0,18.329820,0.000519
4.940000,4000.000000,-18.928780,85.569310,1,1,2,2,0.746977,0.746946,0.746961,0.000000,0.976900,0.213696,0.000053,0.974585,0.224014,13.664320,-4.245326,-0.142267,1,0,18.332740,0.000394
4.950000,4000.000000,-18.970830,85.747780,1,1,2,2,0.743925,0.743885,0.743905,0.000000,0.978096,0.208155,0.000040,0.974897,0.222652,13.829260,-4.205912,-0.126736,1,0,18.335570,0.000288
4.960000,4000.000000,-19.012480,85.926370,1,1,2,2,0.740335,0.740286,0.740310,0.000000,0.978372,0.206855,0.000027,0.975206,0.221295,14.048250,-4.164884,-0.109493,1,0,18.338290,0.000170
4.970000,4000.000000,-19.053700,86.105090,1,1,2,2,0.736506,0.736458,0.736482,0.000000,0.977482,0.211018,0.000014,0.975406,0.220413,14.031190,-4.121716,-0.081170,1,0,18.340900,0.000038
4.980000,4000.000000,-19.094490,86.283930,1,1,2,2,0.733123,0.733067,0.733095,0.000000,0.977578,0.210574,0.000001,0.975596,0.219568,13.922700,-4.078726,-0.052368,1,0,18.343490,-0.000075
4.990000,4000.000000,-19.134860,86.462890,1,1,2,2,0.731078,0.731015,0.731046,0.000000,0.978499,0.206251,-0.000012,0.975853,0.218424,13.742790,-4.036806,-0.030321,1,0,18.346070,-0.000196
5.000000,4000.000000,-19.174820,86.641970,1,1,2,2,0.728620,0.728550,0.728585,0.000000,0.978346,0.206976,-0.000026,0.976073,0.217441,13.606770,-3.996644,-0.007071,1,0,18.348580,-0.000322
5.010000,4000.000000,-19.214400,86.821160,1,1,2,2,0.726571,0.726502,0.726536,0.000000,0.977372,0.211530,-0.000039,0.976185,0.216935,13.206630,-3.957817,0.023728,1,0,18.351040,-0.000454
5.020000,4000.000000,-19.253630,87.000450,1,1,2,2,0.724912,0.724837,0.724874,0.000000,0.978042,0.208410,-0.000052,0.976261,0.216590,12.761620,-3.922914,0.053526,1,0,18.353500,-0.000570
5.030000,4000.000000,-19.292550,87.179830,1,1,2,2,0.724588,0.724510,0.724549,0.000000,0.977599,0.210478,-0.000064,0.976378,0.216063,12.273990,-3.892376,0.075419,1,0,18.355960,-0.000687
5.040000,4000.000000,-19.331220,87.359300,1,1,2,2,0.724554,0.724475,0.724515,0.000000,0.976651,0.214831,-0.000076,0.976402,0.215956,11.658390,-3.866612,0.100300,1,0,18.358380,-0.000803
5.050000,4000.000000,-19.369690,87.538830,1,1,2,2,0.724597,0.724516,0.724557,0.000000,0.976131,0.217185,-0.000087,0.976379,0.216059,11.084120,-3.846877,0.122958,1,0,18.360770,-0.000906
5.060000,4000.000000,-19.408010,87.718420,1,1,2,2,0.725450,0.725367,0.725409,0.000000,0.976370,0.216106,-0.000098,0.976378,0.216066,10.553880,-3.832767,0.138034,1,0,18.363150,-0.001004
5.070000,4000.000000,-19.446250,87.898050,1,1,2,2,0.726607,0.726525,0.726566,0.000000,0.954152,0.299322,-0.000107,0.976311,0.216365,9.962939,-3.823846,0.153312,1,0,18.365500,-0.001093
5.080000,4000.000000,-19.484460,88.077710,1,1,2,2,0.729130,0.729047,0.729089,0.000000,0.974882,0.222721,-0.000116,0.976190,0.216913,9.157159,-3.820708,0.167333,1,0,18.367830,-0.001173
5.090000,4000.000000,-19.522710,88.257380,1,1,2,2,0.731386,0.731305,0.731345,0.000000,0.974780,0.223170,-0.000124,0.976021,0.217669,8.502039,-3.825448,0.177223,1,0,18.370140,-0.001243
5.100000,4000.000000,-19.561080,88.437050,1,1,2,2,0.733630,0.733548,0.733589,0.000000,0.973913,0.226921,-0.000131,0.975844,0.218464,7.993833,-3.836591,0.181327,1,0,18.372460,-0.001300
5.110000,4000.000000,-19.599610,88.616710,1,1,2,2,0.737687,0.737606,0.737647,0.000000,0.973513,0.228632,-0.000137,0.975647,0.219340,7.247974,-3.852695,0.181871,1,0,18.374800,-0.001344
5.120000,4000.000000,-19.638370,88.796350,1,1,2,2,0.741161,0.741083,0.741122,0.000000,0.972866,0.231371,-0.000142,0.975413,0.220380,6.714992,-3.876076,0.178077,1,0,18.377160,-0.001379
5.130000,4000.000000,-19.677420,88.975950,1,1,2,2,0.743809,0.743735,0.743772,0.000000,0.972228,0.234035,-0.000146,0.975146,0.221556,6.398419,-3.904648,0.171553,1,0,18.379570,-0.001398
5.140000,4000.000000,-19.716780,89.155510,1,1,2,2,0.747488,0.747420,0.747454,0.000000,0.971466,0.237180,-0.000147,0.974840,0.222902,5.893818,-3.936296,0.165106,1,0,18.382090,-0.001400
5.150000,4000.000000,-19.756510,89.335010,1,1,2,2,0.752750,0.752682,0.752716,0.000000,0.971738,0.236064,-0.000149,0.974581,0.224033,5.331753,-3.972852,0.149601,1,0,18.384710,-0.001391
5.160000,4000.000000,-19.796660,89.514450,1,1,2,2,0.756902,0.756840,0.756871,0.000000,0.970599,0.240705,-0.000149,0.974310,0.225206,5.088398,-4.014865,0.129313,1,0,18.387430,-0.001374
5.170000,4000.000000,-19.837250,89.693820,1,1,2,2,0.759026,0.758972,0.758999,0.000000,0.970273,0.242014,-0.000148,0.973974,0.226655,5.138227,-4.059224,0.111866,1,0,18.390300,-0.001340
5.180000,4000.000000,-19.878280,89.873120,1,1,2,2,0.764022,0.763967,0.763995,0.000000,0.971099,0.238676,-0.000147,0.973732,0.227693,4.852927,-4.103071,0.087215,1,0,18.393350,-0.001298
5.190000,4000.000000,-19.919780,90.052340,1,1,2,2,0.767791,0.767746,0.767769,0.000000,0.970990,0.239120,-0.000143,0.973501,0.228680,4.881695,-4.149668,0.058799,1,0,18.396550,-0.001249
5.200000,4000.000000,-19.961730,90.231490,1,1,2,2,0.769068,0.769032,0.769050,0.000000,0.969676,0.244396,-0.000139,0.973182,0.230033,5.176929,-4.195953,0.037643,1,0,18.399910,-0.001185
5.210000,4000.000000,-20.004130,90.410580,1,1,2,2,0.771792,0.771765,0.771779,0.000000,0.969644,0.244521,-0.000132,0.972886,0.231281,5.186093,-4.239336,0.017510,1,0,18.403450,-0.001108
5.220000,4000.000000,-20.046950,90.589600,1,1,2,2,0.775688,0.775662,0.775675,0.000000,0.971225,0.238163,-0.000126,0.972745,0.231873,5.293332,-4.282603,-0.014888,1,0,18.407160,-0.001025
5.230000,4000.000000,-20.090200,90.768550,1,1,2,2,0.777988,0.777969,0.777979,0.000000,0.971581,0.236706,-0.000118,0.972646,0.232289,5.742993,-4.324795,-0.049498,1,0,18.410990,-0.000940
5.240000,4000.000000,-20.133830,90.947460,1,1,2,2,0.777140,0.777132,0.777136,0.000000,0.970122,0.242616,-0.000109,0.972434,0.233177,6.420657,-4.362581,-0.070622,1,0,18.414920,-0.000846
5.250000,4000.000000,-20.177760,91.126340,1,1,2,2,0.777933,0.777934,0.777933,0.000000,0.972074,0.234674,-0.000098,0.972280,0.233819,6.749757,-4.393753,-0.089588,1,0,18.418920,-0.000743
5.260000,4000.000000,-20.221980,91.305180,1,1,2,2,0.779711,0.779713,0.779712,0.000000,0.972669,0.232196,-0.000089,0.972313,0.233680,7.191047,-4.421706,-0.120033,1,0,18.423000,-0.000633
5.270000,4000.000000,-20.266430,91.484010,1,1,2,2,0.777636,0.777646,0.777641,0.000000,0.971239,0.238105,-0.000078,0.972222,0.234059,7.967831,-4.445343,-0.136227,1,0,18.427060,-0.000530
5.280000,4000.000000,-20.311050,91.662840,1,1,2,2,0.776663,0.776687,0.776675,0.000000,0.971982,0.235056,-0.000065,0.972201,0.234145,8.490364,-4.461411,-0.150182,1,0,18.431120,-0.000422
5.290000,4000.000000,-20.355770,91.841680,1,1,2,2,0.776112,0.776133,0.776122,0.000000,0.974106,0.226092,-0.000054,0.972368,0.233452,9.178395,-4.472386,-0.173659,1,0,18.435130,-0.000306
5.300000,4000.000000,-20.400540,92.020550,1,1,2,2,0.774327,0.774359,0.774343,0.000000,0.974882,0.222723,-0.000041,0.972589,0.232530,10.024320,-4.476650,-0.194598,1,0,18.439020,-0.000202
5.310000,4000.000000,-20.445260,92.199480,1,1,2,2,0.770409,0.770448,0.770429,0.000000,0.973669,0.227967,-0.000028,0.972683,0.232136,10.791620,-4.472664,-0.197071,1,0,18.442730,-0.000094
5.320000,4000.000000,-20.489880,92.378460,1,1,2,2,0.767357,0.767404,0.767380,0.000000,0.975660,0.219291,-0.000014,0.972847,0.231450,11.350770,-4.461210,-0.197423,1,0,18.446320,0.000019
5.330000,4000.000000,-20.534320,92.557530,1,1,2,2,0.764479,0.764529,0.764504,0.000000,0.976397,0.215983,-0.000001,0.973161,0.230123,12.044570,-4.444309,-0.204343,1,0,18.449770,0.000141
5.340000,4000.000000,-20.578530,92.736680,1,1,2,2,0.760309,0.760363,0.760336,0.000000,0.975417,0.220368,0.000012,0.973359,0.229284,12.565480,-4.420640,-0.195092,1,0,18.453020,0.000246
5.350000,4000.000000,-20.622450,92.915940,1,1,2,2,0.756206,0.756268,0.756237,0.000000,0.976228,0.216745,0.000026,0.973612,0.228207,13.058020,-4.391898,-0.185181,1,0,18.456140,0.000355
5.360000,4000.000000,-20.666030,93.095310,1,1,2,2,0.751909,0.751973,0.751941,0.000000,0.977660,0.210193,0.000039,0.973974,0.226661,13.686630,-4.358356,-0.179253,1,0,18.459130,0.000471
5.370000,4000.000000,-20.709220,93.274810,1,1,2,2,0.747570,0.747638,0.747604,0.000000,0.978135,0.207970,0.000051,0.974346,0.225056,14.194850,-4.318678,-0.168208,1,0,18.461920,0.000568
5.380000,4000.000000,-20.751960,93.454440,1,1,2,2,0.743646,0.743717,0.743682,0.000000,0.977592,0.210507,0.000064,0.974633,0.223807,14.332190,-4.274036,-0.145351,1,0,18.464540,0.000667
5.390000,4000.000000,-20.794240,93.634210,1,1,2,2,0.739330,0.739404,0.739367,0.000000,0.978487,0.206310,0.000076,0.974941,0.222462,14.553340,-4.228056,-0.123009,1,0,18.467090,0.000769
5.400000,4000.000000,-20.836030,93.814110,1,1,2,2,0.734649,0.734724,0.734686,0.000000,0.978701,0.205293,0.000087,0.975277,0.220985,14.848510,-4.179919,-0.100983,1,0,18.469550,0.000868
5.410000,4000.000000,-20.877320,93.994160,1,1,2,2,0.731952,0.732029,0.731990,0.000000,0.978473,0.206374,0.000098,0.975560,0.219731,14.607730,-4.128900,-0.071830,1,0,18.471910,0.000954
5.420000,4000.000000,-20.918130,94.174340,1,1,2,2,0.728375,0.728454,0.728414,0.000000,0.978700,0.205294,0.000107,0.975838,0.218492,14.579890,-4.080235,-0.044859,1,0,18.474230,0.001040
5.430000,4000.000000,-20.958440,94.354650,1,1,2,2,0.724333,0.724409,0.724371,0.000000,0.978687,0.205357,0.000116,0.976091,0.217361,14.593040,-4.031846,-0.016172,1,0,18.476500,0.001115
5.440000,4000.000000,-20.998280,94.535100,1,1,2,2,0.721443,0.721520,0.721481,0.000000,0.978460,0.206437,0.000124,0.976300,0.216420,14.305690,-3.983336,0.016207,1,0,18.478730,0.001182
5.450000,4000.000000,-21.037650,94.715660,1,1,2,2,0.721055,0.721130,0.721093,0.000000,0.978707,0.205264,0.000131,0.976512,0.215463,13.648920,-3.937645,0.045361,1,0,18.480940,0.001242
5.460000,4000.000000,-21.076640,94.896330,1,1,2,2,0.719491,0.719564,0.719527,0.000000,0.978487,0.206309,0.000137,0.976685,0.214676,13.287990,-3.898379,0.071136,1,0,18.483100,0.001293
5.470000,4000.000000,-21.115260,95.077100,1,1,2,2,0.717250,0.717321,0.717286,0.000000,0.977578,0.210574,0.000142,0.976762,0.214323,12.934160,-3.862650,0.101458,1,0,18.485210,0.001325
5.480000,4000.000000,-21.153570,95.257970,1,1,2,2,0.716588,0.716656,0.716622,0.000000,0.978129,0.207998,0.000146,0.976778,0.214251,12.252020,-3.830398,0.133527,1,0,18.487320,0.001354
5.490000,4000.000000,-21.191610,95.438900,1,1,2,2,0.719032,0.719094,0.719063,0.000000,0.977647,0.210254,0.000148,0.976853,0.213907,11.311490,-3.804835,0.153603,1,0,18.489420,0.001368
5.500000,4000.000000,-21.229500,95.619900,1,1,2,2,0.718721,0.718783,0.718752,0.000000,0.976215,0.216806,0.000150,0.976798,0.214158,10.819450,-3.788472,0.175502,1,0,18.491410,0.001364
5.510000,4000.000000,-21.267270,95.800930,1,1,2,2,0.719936,0.719991,0.719964,0.000000,0.975402,0.220435,0.000150,0.976679,0.214697,10.039480,-3.776934,0.197930,1,0,18.493400,0.001358
5.520000,4000.000000,-21.305000,95.981990,1,1,2,2,0.723838,0.723886,0.723862,0.000000,0.976384,0.216042,0.000149,0.976654,0.214814,9.171707,-3.773035,0.204566,1,0,18.495370,0.001334
5.530000,4000.000000,-21.342780,96.163070,1,1,2,2,0.726551,0.726591,0.726571,0.000000,0.975640,0.219380,0.000146,0.976567,0.215207,8.603988,-3.777616,0.207735,1,0,18.497250,0.001292
5.540000,4000.000000,-21.380660,96.344140,1,1,2,2,0.728265,0.728303,0.728284,0.000000,0.973661,0.228003,0.000143,0.976323,0.216310,8.018945,-3.787743,0.218708,1,0,18.499100,0.001233
5.550000,4000.000000,-21.418690,96.525200,1,1,2,2,0.731485,0.731515,0.731500,0.000000,0.972790,0.231688,0.000139,0.976029,0.217637,7.203008,-3.803591,0.228072,1,0,18.500990,0.001174
5.560000,4000.000000,-21.456970,96.706230,1,1,2,2,0.737013,0.737033,0.737023,0.000000,0.974091,0.226155,0.000132,0.975865,0.218371,6.457385,-3.827407,0.218069,1,0,18.502900,0.001096
5.570000,4000.000000,-21.495550,96.887210,1,1,2,2,0.741278,0.741289,0.741284,0.000000,0.979056,0.203594,0.000125,0.975653,0.219317,6.023560,-3.858489,0.204661,1,0,18.504820,0.001000
5.580000,4000.000000,-21.534490,97.068140,1,1,2,2,0.744180,0.744194,0.744187,0.000000,0.971224,0.238167,0.000117,0.975286,0.220941,5.618289,-3.893787,0.199822,1,0,18.506810,0.000899
5.590000,4000.000000,-21.573820,97.249000,1,1,2,2,0.749489,0.749490,0.749489,0.000000,0.972655,0.232256,0.000109,0.975065,0.221915,5.190935,-3.933023,0.178655,1,0,18.508930,0.000798
5.600000,4000.000000,-21.613580,97.429790,1,1,2,2,0.754113,0.754106,0.754109,0.000000,0.972059,0.234736,0.000098,0.974813,0.223021,4.929532,-3.976402,0.155748,1,0,18.511160,0.000683
5.610000,4000.000000,-21.653810,97.610500,1,1,2,2,0.757550,0.757542,0.757546,0.000000,0.970121,0.242622,0.000089,0.974425,0.224712,4.665771,-4.022302,0.141403,1,0,18.513530,0.000567
5.620000,4000.000000,-21.694510,97.791140,1,1,2,2,0.761679,0.761658,0.761668,0.000000,0.969789,0.243947,0.000078,0.974041,0.226368,4.359175,-4.070745,0.123837,1,0,18.516090,0.000452
5.630000,4000.000000,-21.735730,97.971680,1,1,2,2,0.766088,0.766059,0.766074,0.000000,0.971225,0.238163,0.000066,0.973804,0.227386,4.382079,-4.122145,0.091108,1,0,18.518840,0.000325
5.640000,4000.000000,-21.777470,98.152140,1,1,2,2,0.769961,0.769925,0.769943,0.000000,0.971022,0.238992,0.000053,0.973571,0.228384,4.502890,-4.173285,0.058323,1,0,18.521780,0.000194
5.650000,4000.000000,-21.819700,98.332510,1,1,2,2,0.772562,0.772524,0.772543,0.000000,0.969677,0.244392,0.000041,0.973246,0.229763,4.639164,-4.223211,0.034028,1,0,18.524900,0.000068
5.660000,4000.000000,-21.862420,98.512800,1,1,2,2,0.775453,0.775406,0.775429,0.000000,0.970983,0.239150,0.000028,0.972966,0.230948,4.780309,-4.271778,0.007488,1,0,18.528220,-0.000053
5.670000,4000.000000,-21.905610,98.693020,1,1,2,2,0.777603,0.777550,0.777577,0.000000,0.971092,0.238706,0.000014,0.972807,0.231616,5.265470,-4.318939,-0.027441,1,0,18.531710,-0.000179
5.680000,4000.000000,-21.949220,98.873170,1,1,2,2,0.779226,0.779174,0.779200,0.000000,0.970280,0.241986,0.000001,0.972594,0.232510,5.614550,-4.361344,-0.053175,1,0,18.535330,-0.000295
5.690000,4000.000000,-21.993220,99.053260,1,1,2,2,0.780490,0.780426,0.780458,0.000000,0.970804,0.239876,-0.000012,0.972443,0.233139,6.066998,-4.400325,-0.080391,1,0,18.539080,-0.000406
5.700000,4000.000000,-22.037570,99.233310,1,1,2,2,0.780326,0.780257,0.780292,0.000000,0.971751,0.236008,-0.000025,0.972384,0.233385,6.845953,-4.434879,-0.110373,1,0,18.542910,-0.000516
5.710000,4000.000000,-22.082190,99.413330,1,1,2,2,0.780418,0.780348,0.780383,0.000000,0.972267,0.233876,-0.000039,0.972374,0.233426,7.480389,-4.461832,-0.136414,1,0,18.546760,-0.000622
5.720000,4000.000000,-22.127020,99.593340,1,1,2,2,0.780009,0.779936,0.779972,0.000000,0.972243,0.233975,-0.000051,0.972363,0.233474,8.043458,-4.482592,-0.155982,1,0,18.550580,-0.000724
5.730000,4000.000000,-22.172000,99.773350,1,1,2,2,0.778912,0.778834,0.778873,0.000000,0.951653,0.307176,-0.000064,0.972424,0.233217,8.734634,-4.497859,-0.175693,1,0,18.554380,-0.000816
5.740000,4000.000000,-22.217060,99.953370,1,1,2,2,0.776009,0.775930,0.775970,0.000000,0.973521,0.228600,-0.000076,0.972520,0.232818,9.646090,-4.506387,-0.191210,1,0,18.558080,-0.000904
5.750000,4000.000000,-22.262120,100.133400,1,1,2,2,0.773693,0.773610,0.773651,0.000000,0.983687,0.179887,-0.000087,0.972667,0.232201,10.328820,-4.506036,-0.201767,1,0,18.561660,-0.000984
5.760000,4000.000000,-22.307110,100.313500,1,1,2,2,0.771551,0.771468,0.771509,0.000000,0.974795,0.223104,-0.000098,0.972853,0.231420,10.887780,-4.499032,-0.208630,1,0,18.565090,-0.001061
5.770000,4000.000000,-22.351980,100.493700,1,1,2,2,0.767247,0.767163,0.767205,0.000000,0.974897,0.222657,-0.000107,0.973032,0.230666,11.683480,-4.486578,-0.209398,1,0,18.568380,-0.001129
5.780000,4000.000000,-22.396640,100.674000,1,1,2,2,0.763610,0.763528,0.763569,0.000000,0.975554,0.219760,-0.000116,0.973254,0.229730,12.247820,-4.466375,-0.205704,1,0,18.571500,-0.001189
5.790000,4000.000000,-22.441050,100.854400,1,1,2,2,0.760636,0.760553,0.760595,0.000000,0.976383,0.216045,-0.000124,0.973530,0.228556,12.666460,-4.440674,-0.200926,1,0,18.574480,-0.001241
5.800000,4000.000000,-22.485160,101.034800,1,1,2,2,0.756657,0.756574,0.756616,0.000000,0.977054,0.212992,-0.000131,0.973843,0.227221,13.239480,-4.410888,-0.195076,1,0,18.577310,-0.001288
5.810000,4000.000000,-22.528910,101.215400,1,1,2,2,0.751469,0.751392,0.751431,0.000000,0.976665,0.214767,-0.000137,0.974092,0.226152,13.759340,-4.375512,-0.178440,1,0,18.579960,-0.001326
5.820000,4000.000000,-22.572260,101.396100,1,1,2,2,0.747104,0.747029,0.747066,0.000000,0.936238,0.351366,-0.000141,0.974356,0.225012,14.036120,-4.335073,-0.157986,1,0,18.582500,-0.001353
5.830000,4000.000000,-22.615180,101.576900,1,1,2,2,0.744118,0.744043,0.744081,0.000000,0.978054,0.208352,-0.000145,0.974685,0.223583,14.135470,-4.291938,-0.140332,1,0,18.584950,-0.001365
5.840000,4000.000000,-22.657660,101.757900,1,1,2,2,0.740170,0.740101,0.740135,0.000000,0.991386,0.130971,-0.000148,0.975011,0.222156,14.382420,-4.247830,-0.121675,1,0,18.587290,-0.001379
5.850000,4000.000000,-22.699670,101.938900,1,1,2,2,0.735559,0.735496,0.735527,0.000000,0.977538,0.210762,-0.000148,0.975234,0.221176,14.474320,-4.201310,-0.092088,1,0,18.589530,-0.001379
5.860000,4000.000000,-22.741210,102.120200,1,1,2,2,0.733170,0.733105,0.733137,0.000000,0.978500,0.206248,-0.000149,0.975524,0.219892,14.290260,-4.153905,-0.067403,1,0,18.591740,-0.001358
5.870000,4000.000000,-22.782300,102.301500,1,1,2,2,0.730162,0.730106,0.730134,0.000000,0.978513,0.206187,-0.000148,0.975788,0.218717,14.211690,-4.108298,-0.042532,1,0,18.593890,-0.001344
5.880000,4000.000000,-22.822930,102.483000,1,1,2,2,0.727111,0.727064,0.727087,0.000000,0.977476,0.211045,-0.000145,0.975935,0.218059,13.914620,-4.063462,-0.008657,1,0,18.595980,-0.001315
5.890000,4000.000000,-22.863140,102.664600,1,1,2,2,0.724783,0.724744,0.724764,0.000000,0.977241,0.212133,-0.000141,0.976049,0.217548,13.491930,-4.021544,0.025027,1,0,18.598080,-0.001269
5.900000,4000.000000,-22.902980,102.846200,1,1,2,2,0.724340,0.724300,0.724320,0.000000,0.978095,0.208159,-0.000137,0.976228,0.216744,12.978030,-3.983773,0.048847,1,0,18.600190,-0.001196
5.910000,4000.000000,-22.942490,103.028000,1,1,2,2,0.723403,0.723373,0.723388,0.000000,0.977687,0.210065,-0.000131,0.976355,0.216171,12.570340,-3.951030,0.071915,1,0,18.602250,-0.001136
5.920000,4000.000000,-22.981710,103.209900,1,1,2,2,0.722620,0.722602,0.722611,0.000000,0.976413,0.215912,-0.000124,0.976360,0.216149,11.974590,-3.922280,0.101340,1,0,18.604270,-0.001059
5.930000,4000.000000,-23.020710,103.391800,1,1,2,2,0.722597,0.722587,0.722592,0.000000,0.959956,0.280152,-0.000115,0.976316,0.216347,11.286090,-3.899371,0.129001,1,0,18.606280,-0.000964
5.940000,4000.000000,-23.059540,103.573800,1,1,2,2,0.724467,0.724459,0.724463,0.000000,0.976552,0.215283,-0.000106,0.976336,0.216256,10.568470,-3.883207,0.144243,1,0,18.608300,-0.000847
5.950000,4000.000000,-23.098280,103.755800,1,1,2,2,0.725884,0.725884,0.725884,0.000000,0.995295,0.096894,-0.000097,0.976296,0.216437,9.981606,-3.874061,0.157472,1,0,18.610250,-0.000743
5.960000,4000.000000,-23.136990,103.937900,1,1,2,2,0.727329,0.727338,0.727334,0.000000,0.974510,0.224343,-0.000085,0.976145,0.217118,9.296964,-3.870656,0.174359,1,0,18.612170,-0.000625
5.970000,4000.000000,-23.175730,104.119900,1,1,2,2,0.730366,0.730374,0.730370,0.000000,0.975143,0.221575,-0.000075,0.976059,0.217502,8.639688,-3.873950,0.178756,1,0,18.614100,-0.000493
5.980000,4000.000000,-23.214560,104.302000,1,1,2,2,0.733276,0.733295,0.733286,0.000000,0.974400,0.224820,-0.000063,0.975919,0.218132,8.051074,-3.883662,0.181252,1,0,18.616000,-0.000373
5.990000,4000.000000,-23.253560,104.484000,1,1,2,2,0.736146,0.736174,0.736160,0.000000,0.973085,0.230446,-0.000051,0.975682,0.219191,7.410611,-3.899120,0.186082,1,0,18.617900,-0.000242
6.000000,4000.000000,-23.292760,104.666100,1,1,2,2,0.739512,0.739548,0.739530,0.000000,0.972419,0.233242,-0.000037,0.975408,0.220403,6.767255,-3.920828,0.187447,1,0,18.619840,-0.000100
6.010000,4000.000000,-23.332250,104.848100,1,1,2,2,0.743713,0.743750,0.743732,0.000000,0.973003,0.230793,-0.000025,0.975206,0.221299,6.285612,-3.948809,0.176380,1,0,18.621840,0.000043
6.020000,4000.000000,-23.372060,105.030000,1,1,2,2,0.747690,0.747736,0.747713,0.000000,0.972397,0.233334,-0.000011,0.974970,0.222336,5.895724,-3.981474,0.163215,1,0,18.623900,0.000174
6.030000,4000.000000,-23.412240,105.211900,1,1,2,2,0.751172,0.751224,0.751198,0.000000,0.971324,0.237759,0.000002,0.974665,0.223667,5.550190,-4.017923,0.151824,1,0,18.626060,0.000309
6.040000,4000.000000,-23.452820,105.393700,1,1,2,2,0.755031,0.755091,0.755061,0.000000,0.950350,0.311183,0.000017,0.974355,0.225015,5.213799,-4.057721,0.137349,1,0,18.628350,0.000445
6.050000,4000.000000,-23.493830,105.575400,1,1,2,2,0.759001,0.759061,0.759031,0.000000,0.971521,0.236952,0.000029,0.974118,0.226041,5.095431,-4.100775,0.113405,1,0,18.630780,0.000574
6.060000,4000.000000,-23.535280,105.757100,1,1,2,2,0.762720,0.762784,0.762752,0.000000,0.993029,0.117874,0.000042,0.973880,0.227060,5.053471,-4.144954,0.088198,1,0,18.633360,0.000690
6.070000,4000.000000,-23.577170,105.938700,1,1,2,2,0.765596,0.765667,0.765632,0.000000,0.970638,0.240546,0.000055,0.973609,0.228223,5.103082,-4.189512,0.065374,1,0,18.636090,0.000803
6.080000,4000.000000,-23.619510,106.120200,1,1,2,2,0.768318,0.768390,0.768354,0.000000,0.971225,0.238165,0.000067,0.973407,0.229081,5.313983,-4.233558,0.037257,1,0,18.638990,0.000907
6.090000,4000.000000,-23.662260,106.301600,1,1,2,2,0.771009,0.771083,0.771046,0.000000,0.971302,0.237850,0.000079,0.973228,0.229839,5.523958,-4.275520,0.009403,1,0,18.642030,0.000998
6.100000,4000.000000,-23.705420,106.483000,1,1,2,2,0.772923,0.772998,0.772961,0.000000,0.970974,0.239185,0.000090,0.973038,0.230644,5.797948,-4.315409,-0.015416,1,0,18.645200,0.001084
6.110000,4000.000000,-23.748940,106.664400,1,1,2,2,0.774667,0.774742,0.774705,0.000000,0.971380,0.237530,0.000100,0.972897,0.231237,6.135344,-4.352605,-0.041523,1,0,18.648500,0.001162
6.120000,4000.000000,-23.792810,106.845600,1,1,2,2,0.775105,0.775181,0.775143,0.000000,0.971874,0.235500,0.000110,0.972809,0.231604,6.731035,-4.386492,-0.068540,1,0,18.651880,0.001229
6.130000,4000.000000,-23.836950,107.026900,1,1,2,2,0.775692,0.775766,0.775729,0.000000,0.972350,0.233530,0.000118,0.972770,0.231768,7.247763,-4.414558,-0.093447,1,0,18.655310,0.001284
6.140000,4000.000000,-23.881330,107.208100,1,1,2,2,0.775747,0.775820,0.775784,0.000000,0.972579,0.232575,0.000126,0.972753,0.231839,7.775564,-4.437576,-0.114956,1,0,18.658750,0.001331
6.150000,4000.000000,-23.925880,107.389400,1,1,2,2,0.775307,0.775377,0.775342,0.000000,0.973914,0.226920,0.000132,0.972801,0.231636,8.392462,-4.455440,-0.136433,1,0,18.662190,0.001367
6.160000,4000.000000,-23.970550,107.570600,1,1,2,2,0.773031,0.773103,0.773067,0.000000,0.973558,0.228442,0.000138,0.972867,0.231361,9.219296,-4.467283,-0.153100,1,0,18.665560,0.001392
6.170000,4000.000000,-24.015260,107.751800,1,1,2,2,0.771270,0.771337,0.771304,0.000000,0.974107,0.226088,0.000142,0.972985,0.230862,9.855118,-4.471066,-0.165790,1,0,18.668850,0.001411
6.180000,4000.000000,-24.059950,107.933100,1,1,2,2,0.769685,0.769749,0.769717,0.000000,0.974933,0.222501,0.000145,0.973155,0.230144,10.405540,-4.468651,-0.176319,1,0,18.672020,0.001419
6.190000,4000.000000,-24.104560,108.114500,1,1,2,2,0.765846,0.765909,0.765877,0.000000,0.974911,0.222595,0.000147,0.973308,0.229497,11.190230,-4.460866,-0.180000,1,0,18.675070,0.001415
6.200000,4000.000000,-24.149020,108.295900,1,1,2,2,0.762643,0.762699,0.762671,0.000000,0.975561,0.219728,0.000148,0.973506,0.228655,11.758530,-4.445436,-0.179569,1,0,18.677980,0.001409
6.210000,4000.000000,-24.193260,108.477400,1,1,2,2,0.760213,0.760264,0.760239,0.000000,0.976517,0.215441,0.000148,0.973772,0.227522,12.186750,-4.424467,-0.179079,1,0,18.680750,0.001392
6.220000,4000.000000,-24.237250,108.659000,1,1,2,2,0.756661,0.756703,0.756682,0.000000,0.977207,0.212290,0.000145,0.974077,0.226211,12.796210,-4.399318,-0.177729,1,0,18.683370,0.001362
6.230000,4000.000000,-24.280940,108.840700,1,1,2,2,0.751462,0.751504,0.751483,0.000000,0.976693,0.214643,0.000143,0.974308,0.225216,13.397580,-4.368220,-0.164262,1,0,18.685810,0.001313
6.240000,4000.000000,-24.324250,109.022400,1,1,2,2,0.747278,0.747310,0.747294,0.000000,0.927390,0.374097,0.000139,0.974557,0.224136,13.708060,-4.331264,-0.146422,1,0,18.688140,0.001274
6.250000,4000.000000,-24.367160,109.204400,1,1,2,2,0.744804,0.744829,0.744816,0.000000,0.978319,0.207106,0.000133,0.974892,0.222674,13.818460,-4.291284,-0.132867,1,0,18.690370,0.001219
6.260000,4000.000000,-24.409660,109.386400,1,1,2,2,0.741020,0.741036,0.741028,0.000000,0.981854,0.189639,0.000126,0.975231,0.221188,14.149410,-4.250220,-0.118697,1,0,18.692480,0.001149
6.270000,4000.000000,-24.451720,109.568500,1,1,2,2,0.735939,0.735953,0.735946,0.000000,0.977634,0.210313,0.000119,0.975443,0.220251,14.367040,-4.205922,-0.090730,1,0,18.694460,0.001057
6.280000,4000.000000,-24.493320,109.750800,1,1,2,2,0.732169,0.732175,0.732172,0.000000,0.978907,0.204306,0.000111,0.975641,0.219370,14.268630,-4.159512,-0.059542,1,0,18.696400,0.000982
6.290000,4000.000000,-24.534460,109.933200,1,1,2,2,0.730880,0.730874,0.730877,0.000000,0.978980,0.203958,0.000101,0.975938,0.218046,13.963550,-4.114076,-0.037899,1,0,18.698340,0.000889
6.300000,4000.000000,-24.575170,110.115700,1,1,2,2,0.727267,0.727263,0.727265,0.000000,0.977620,0.210381,0.000092,0.976085,0.217386,13.833200,-4.071618,-0.006618,1,0,18.700200,0.000770
6.310000,4000.000000,-24.615480,110.298400,1,1,2,2,0.724708,0.724693,0.724701,0.000000,0.977400,0.211397,0.000081,0.976200,0.216868,13.479390,-4.030450,0.026042,1,0,18.702060,0.000673
6.320000,4000.000000,-24.655410,110.481100,1,1,2,2,0.724414,0.724390,0.724402,0.000000,0.978673,0.205424,0.000069,0.976418,0.215885,13.030890,-3.992757,0.046217,1,0,18.703930,0.000560
6.330000,4000.000000,-24.695000,110.663900,1,1,2,2,0.723270,0.723236,0.723253,0.000000,0.978299,0.207201,0.000056,0.976583,0.215139,12.734170,-3.959449,0.066421,1,0,18.705720,0.000432
6.340000,4000.000000,-24.734290,110.846800,1,1,2,2,0.721990,0.721956,0.721973,0.000000,0.976607,0.215032,0.000045,0.976585,0.215132,12.181270,-3.929048,0.097754,1,0,18.707460,0.000290
6.350000,4000.000000,-24.773330,111.029800,1,1,2,2,0.721714,0.721670,0.721692,0.000000,0.976031,0.217631,0.000032,0.976537,0.215345,11.481080,-3.904072,0.127768,1,0,18.709210,0.000165
6.360000,4000.000000,-24.812190,111.212800,1,1,2,2,0.723523,0.723471,0.723497,0.000000,0.977144,0.212579,0.000018,0.976590,0.215106,10.798510,-3.885960,0.142095,1,0,18.710960,0.000028
6.370000,4000.000000,-24.850940,111.395900,1,1,2,2,0.724747,0.724686,0.724717,0.000000,0.976411,0.215921,0.000004,0.976574,0.215178,10.243080,-3.874525,0.155525,1,0,18.712640,-0.000116
6.380000,4000.000000,-24.889630,111.579000,1,1,2,2,0.726203,0.726142,0.726173,0.000000,0.974678,0.223612,-0.000009,0.976413,0.215906,9.468161,-3.868524,0.175976,1,0,18.714280,-0.000263
6.390000,4000.000000,-24.928330,111.762100,1,1,2,2,0.728346,0.728280,0.728313,0.000000,0.975589,0.219606,-0.000023,0.976204,0.216850,8.659891,-3.870108,0.192817,1,0,18.715930,-0.000396
6.400000,4000.000000,-24.967120,111.945200,1,1,2,2,0.731781,0.731710,0.731746,0.000000,0.974729,0.223390,-0.000036,0.976078,0.217415,8.003020,-3.879598,0.194324,1,0,18.717590,-0.000532
6.410000,4000.000000,-25.006080,112.128300,1,1,2,2,0.734990,0.734913,0.734951,0.000000,0.988738,0.149659,-0.000050,0.975889,0.218263,7.414844,-3.895500,0.194697,1,0,18.719230,-0.000665
6.420000,4000.000000,-25.045250,112.311400,1,1,2,2,0.738754,0.738677,0.738716,0.000000,0.972457,0.233081,-0.000062,0.975603,0.219540,6.665873,-3.917140,0.197438,1,0,18.720900,-0.000790
6.430000,4000.000000,-25.084710,112.494400,1,1,2,2,0.742396,0.742317,0.742357,0.000000,0.972964,0.230956,-0.000074,0.975381,0.220524,6.266916,-3.946085,0.187094,1,0,18.722620,-0.000905
6.440000,4000.000000,-25.124500,112.677400,1,1,2,2,0.746500,0.746418,0.746459,0.000000,0.972136,0.234417,-0.000085,0.975110,0.221721,5.780555,-3.978908,0.176905,1,0,18.724410,-0.001009
6.450000,4000.000000,-25.164670,112.860300,1,1,2,2,0.751369,0.751287,0.751328,0.000000,0.971225,0.238163,-0.000096,0.974787,0.223136,5.171580,-4.016457,0.166082,1,0,18.726310,-0.001104
6.460000,4000.000000,-25.205270,113.043100,1,1,2,2,0.755734,0.755651,0.755693,0.000000,0.970787,0.239945,-0.000105,0.974453,0.224587,4.786941,-4.059924,0.149910,1,0,18.728320,-0.001189
6.470000,4000.000000,-25.246340,113.225900,1,1,2,2,0.758905,0.758821,0.758863,0.000000,0.970763,0.240042,-0.000114,0.974145,0.225920,4.768943,-4.107114,0.127684,1,0,18.730480,-0.001261
6.480000,4000.000000,-25.287880,113.408500,1,1,2,2,0.762956,0.762876,0.762916,0.000000,0.970265,0.242046,-0.000122,0.973822,0.227309,4.568230,-4.154448,0.106402,1,0,18.732830,-0.001319
6.490000,4000.000000,-25.329920,113.591100,1,1,2,2,0.767924,0.767843,0.767884,0.000000,0.970329,0.241790,-0.000129,0.973530,0.228558,4.318529,-4.203706,0.080510,1,0,18.735360,-0.001367
6.500000,4000.000000,-25.372470,113.773600,1,1,2,2,0.771736,0.771658,0.771697,0.000000,0.948103,0.317965,-0.000135,0.973263,0.229694,4.392716,-4.255362,0.049982,1,0,18.738070,-0.001404
6.510000,4000.000000,-25.415530,113.956000,1,1,2,2,0.773047,0.772969,0.773008,0.000000,0.969779,0.243987,-0.000140,0.972971,0.230925,4.851065,-4.306258,0.022095,1,0,18.740970,-0.001426
6.520000,4000.000000,-25.459060,114.138300,1,1,2,2,0.775735,0.775665,0.775700,0.000000,0.970534,0.240965,-0.000143,0.972705,0.232043,4.999365,-4.352658,-0.003325,1,0,18.744060,-0.001431
6.530000,4000.000000,-25.503030,114.320500,1,1,2,2,0.779491,0.779421,0.779456,0.000000,0.970880,0.239565,-0.000146,0.972550,0.232691,5.145067,-4.397585,-0.036256,1,0,18.747310,-0.001430
6.540000,4000.000000,-25.547450,114.502700,1,1,2,2,0.781535,0.781471,0.781503,0.000000,0.969997,0.243119,-0.000147,0.972451,0.233106,5.673800,-4.441061,-0.072184,1,0,18.750700,-0.001420
6.550000,4000.000000,-25.592240,114.684800,1,1,2,2,0.780145,0.780088,0.780117,0.000000,0.970368,0.241632,-0.000147,0.972275,0.233840,6.532448,-4.479360,-0.096617,1,0,18.754170,-0.001395
6.560000,4000.000000,-25.637330,114.866900,1,1,2,2,0.782014,0.781959,0.781986,0.000000,0.972012,0.234930,-0.000146,0.972252,0.233935,6.899208,-4.509285,-0.124758,1,0,18.757700,-0.001362
6.570000,4000.000000,-25.682690,115.049000,1,1,2,2,0.782181,0.782129,0.782155,0.000000,0.972745,0.231877,-0.000144,0.972294,0.233759,7.611064,-4.535619,-0.154428,1,0,18.761250,-0.001326
6.580000,4000.000000,-25.728240,115.231000,1,1,2,2,0.779249,0.779208,0.779229,0.000000,0.971520,0.236959,-0.000140,0.972228,0.234034,8.483071,-4.555006,-0.168267,1,0,18.764740,-0.001277
6.590000,4000.000000,-25.773900,115.413000,1,1,2,2,0.777776,0.777745,0.777760,0.000000,0.972259,0.233909,-0.000135,0.972230,0.234024,9.012364,-4.565901,-0.178866,1,0,18.768190,-0.001217
6.600000,4000.000000,-25.819610,115.595100,1,1,2,2,0.777215,0.777183,0.777199,0.000000,0.974386,0.224884,-0.000130,0.972419,0.233236,9.622585,-4.571640,-0.199159,1,0,18.771580,-0.001143
6.610000,4000.000000,-25.865330,115.777200,1,1,2,2,0.774960,0.774938,0.774949,0.000000,0.975243,0.221138,-0.000123,0.972668,0.232197,10.506650,-4.571425,-0.218224,1,0,18.774830,-0.001076
6.620000,4000.000000,-25.910950,115.959300,1,1,2,2,0.770044,0.770033,0.770038,0.000000,0.973885,0.227044,-0.000115,0.972773,0.231756,11.358590,-4.562591,-0.216904,1,0,18.777880,-0.000999
6.630000,4000.000000,-25.956410,116.141600,1,1,2,2,0.766439,0.766434,0.766437,0.000000,0.961134,0.276081,-0.000105,0.972943,0.231044,11.893410,-4.545466,-0.212297,1,0,18.780780,-0.000912
6.640000,4000.000000,-26.001640,116.323900,1,1,2,2,0.763788,0.763785,0.763786,0.000000,0.976844,0.213954,-0.000095,0.973290,0.229578,12.489460,-4.523135,-0.216922,1,0,18.783550,-0.000805
6.650000,4000.000000,-26.046590,116.506300,1,1,2,2,0.759782,0.759790,0.759786,0.000000,0.994509,0.104650,-0.000085,0.973668,0.227967,13.250370,-4.494986,-0.218406,1,0,18.786120,-0.000715
6.660000,4000.000000,-26.091180,116.688800,1,1,2,2,0.754209,0.754225,0.754217,0.000000,0.976221,0.216777,-0.000073,0.973894,0.227003,13.790640,-4.459409,-0.199830,1,0,18.788440,-0.000616
6.670000,4000.000000,-26.135370,116.871400,1,1,2,2,0.750302,0.750318,0.750310,0.000000,0.978108,0.208096,-0.000062,0.974271,0.225380,14.216670,-4.418575,-0.188594,1,0,18.790660,-0.000497
6.680000,4000.000000,-26.179100,117.054200,1,1,2,2,0.745875,0.745901,0.745888,0.000000,0.978554,0.205991,-0.000050,0.974655,0.223712,14.652070,-4.373578,-0.174022,1,0,18.792700,-0.000397
6.690000,4000.000000,-26.222350,117.237100,1,1,2,2,0.741324,0.741357,0.741340,0.000000,0.977394,0.211427,-0.000037,0.974897,0.222656,14.705580,-4.324327,-0.143324,1,0,18.794590,-0.000287
6.700000,4000.000000,-26.265090,117.420200,1,1,2,2,0.736888,0.736933,0.736911,0.000000,0.977797,0.209555,-0.000023,0.975154,0.221529,14.760000,-4.274565,-0.113507,1,0,18.796450,-0.000165
6.710000,4000.000000,-26.307330,117.603300,1,1,2,2,0.733039,0.733086,0.733062,0.000000,0.979046,0.203639,-0.000010,0.975502,0.219989,14.897120,-4.224281,-0.091147,1,0,18.798270,-0.000027
6.720000,4000.000000,-26.349060,117.786600,1,1,2,2,0.729304,0.729355,0.729329,0.000000,0.979072,0.203515,0.000003,0.975820,0.218575,14.919730,-4.172657,-0.065048,1,0,18.800010,0.000087
6.730000,4000.000000,-26.390270,117.970100,1,1,2,2,0.726646,0.726706,0.726676,0.000000,0.978197,0.207680,0.000017,0.976029,0.217638,14.512330,-4.120813,-0.029565,1,0,18.801670,0.000209
6.740000,4000.000000,-26.431000,118.153700,1,1,2,2,0.723719,0.723782,0.723751,0.000000,0.978184,0.207740,0.000031,0.976219,0.216788,14.215120,-4.072962,0.003460,1,0,18.803340,0.000340
6.750000,4000.000000,-26.471280,118.337300,1,1,2,2,0.721189,0.721255,0.721222,0.000000,0.978647,0.205551,0.000043,0.976432,0.215822,13.977810,-4.028029,0.031241,1,0,18.804990,0.000475
6.760000,4000.000000,-26.511130,118.521100,1,1,2,2,0.719374,0.719443,0.719409,0.000000,0.960495,0.278296,0.000056,0.976589,0.215114,13.547750,-3.985425,0.061563,1,0,18.806610,0.000590
6.770000,4000.000000,-26.550600,118.705000,1,1,2,2,0.719529,0.719601,0.719565,0.000000,0.977742,0.209811,0.000069,0.976689,0.214660,12.748670,-3.947037,0.092438,1,0,18.808200,0.000708
6.780000,4000.000000,-26.589770,118.889000,1,1,2,2,0.719043,0.719117,0.719080,0.000000,0.972392,0.233354,0.000081,0.976744,0.214408,12.167840,-3.916475,0.119185,1,0,18.809760,0.000825
6.790000,4000.000000,-26.628680,119.073000,1,1,2,2,0.718566,0.718641,0.718604,0.000000,0.976971,0.213371,0.000091,0.976764,0.214315,11.654670,-3.891606,0.143149,1,0,18.811290,0.000934
6.800000,4000.000000,-26.667400,119.257100,1,1,2,2,0.719238,0.719315,0.719276,0.000000,0.976812,0.214100,0.000102,0.976717,0.214530,10.914690,-3.871768,0.167888,1,0,18.812790,0.001029
6.810000,4000.000000,-26.705990,119.441300,1,1,2,2,0.722300,0.722380,0.722340,0.000000,0.976207,0.216840,0.000111,0.976673,0.214728,9.937748,-3.859180,0.184892,1,0,18.814270,0.001118
6.820000,4000.000000,-26.744550,119.625500,1,1,2,2,0.723447,0.724456,0.723952,0.000000,0.975387,0.220500,0.000120,0.976570,0.215196,9.336051,-3.856148,0.197312,1,0,18.815670,0.001197
6.830000,4000.000000,-26.783140,119.809600,1,1,2,2,0.725892,0.725966,0.725929,0.000000,0.974516,0.224316,0.000127,0.976396,0.215985,8.663745,-3.859003,0.209900,1,0,18.817060,0.001260
6.840000,4000.000000,-26.821830,119.993800,1,1,2,2,0.730368,0.730441,0.730405,0.000000,0.974845,0.222884,0.000133,0.976265,0.216579,7.803897,-3.868433,0.212017,1,0,18.818450,0.001313
6.850000,4000.000000,-26.860690,120.177900,1,1,2,2,0.733948,0.734017,0.733983,0.000000,0.974137,0.225959,0.000138,0.976085,0.217386,7.217076,-3.886259,0.209659,1,0,18.819800,0.001352
6.860000,4000.000000,-26.899790,120.362000,1,1,2,2,0.736636,0.736705,0.736671,0.000000,0.972790,0.231688,0.000143,0.975810,0.218619,6.730127,-3.909808,0.209675,1,0,18.821170,0.001375
6.870000,4000.000000,-26.939170,120.546100,1,1,2,2,0.740581,0.740645,0.740613,0.000000,0.971999,0.234987,0.000146,0.975493,0.220029,6.052758,-3.938104,0.208263,1,0,18.822620,0.001389
6.880000,4000.000000,-26.978900,120.730100,1,1,2,2,0.746113,0.746171,0.746142,0.000000,0.972836,0.231496,0.000147,0.975269,0.221017,5.462108,-3.972999,0.191991,1,0,18.824140,0.001387
6.890000,4000.000000,-27.019040,120.914000,1,1,2,2,0.750640,0.750691,0.750665,0.000000,0.972290,0.233780,0.000147,0.975020,0.222115,5.145963,-4.013634,0.171971,1,0,18.825730,0.001366
6.900000,4000.000000,-27.059610,121.097900,1,1,2,2,0.753680,0.753732,0.753706,0.000000,0.970754,0.240078,0.000147,0.974665,0.223667,4.954250,-4.057326,0.157605,1,0,18.827460,0.001335
6.910000,4000.000000,-27.100640,121.281600,1,1,2,2,0.757831,0.757873,0.757852,0.000000,0.970328,0.241791,0.000145,0.974305,0.225230,4.604571,-4.102862,0.141601,1,0,18.829350,0.001297
6.920000,4000.000000,-27.142160,121.465300,1,1,2,2,0.762881,0.762916,0.762898,0.000000,0.971552,0.236826,0.000141,0.974074,0.226229,4.452755,-4.151777,0.111249,1,0,18.831420,0.001241
6.930000,4000.000000,-27.184180,121.648900,1,1,2,2,0.766913,0.766937,0.766925,0.000000,0.971397,0.237463,0.000136,0.973848,0.227199,4.535241,-4.202136,0.078870,1,0,18.833660,0.001170
6.940000,4000.000000,-27.226690,121.832400,1,1,2,2,0.769009,0.769037,0.769023,0.000000,0.969981,0.243183,0.000131,0.973526,0.228574,4.745495,-4.251654,0.055225,1,0,18.836070,0.001095
6.950000,4000.000000,-27.269690,122.015800,1,1,2,2,0.772010,0.772027,0.772018,0.000000,0.964564,0.263848,0.000125,0.973238,0.229798,4.813490,-4.299092,0.030827,1,0,18.838690,0.001017
6.960000,4000.000000,-27.313140,122.199200,1,1,2,2,0.775215,0.775224,0.775219,0.000000,0.971519,0.236961,0.000116,0.973092,0.230416,5.121138,-4.345836,-0.004584,1,0,18.841470,0.000924
6.970000,4000.000000,-27.357040,122.382400,1,1,2,2,0.777486,0.777484,0.777485,0.000000,0.992315,0.123734,0.000106,0.972982,0.230880,5.593573,-4.389550,-0.039836,1,0,18.844400,0.000821
6.980000,4000.000000,-27.401330,122.565600,1,1,2,2,0.777714,0.777710,0.777712,0.000000,0.970756,0.240068,0.000097,0.972794,0.231670,6.155125,-4.428633,-0.064009,1,0,18.847430,0.000718
6.990000,4000.000000,-27.445950,122.748800,1,1,2,2,0.778709,0.778697,0.778703,0.000000,0.972214,0.234095,0.000087,0.972744,0.231880,6.720093,-4.462226,-0.093763,1,0,18.850550,0.000618
7.000000,4000.000000,-27.490850,122.931900,1,1,2,2,0.779176,0.779154,0.779165,0.000000,0.972732,0.231934,0.000075,0.972742,0.231887,7.337495,-4.490297,-0.121785,1,0,18.853700,0.000509
7.010000,4000.000000,-27.535980,123.115000,1,1,2,2,0.778122,0.778099,0.778111,0.000000,0.971981,0.235060,0.000064,0.972676,0.232163,7.941212,-4.512337,-0.138367,1,0,18.856840,0.000398
7.020000,4000.000000,-27.581260,123.298100,1,1,2,2,0.777157,0.777126,0.777142,0.000000,0.972715,0.232004,0.000052,0.972679,0.232152,8.518287,-4.528489,-0.154472,1,0,18.859970,0.000294
7.030000,4000.000000,-27.626650,123.481100,1,1,2,2,0.775578,0.775536,0.775557,0.000000,0.973989,0.226597,0.000039,0.972793,0.231675,9.288619,-4.539013,-0.173834,1,0,18.863060,0.000183
7.040000,4000.000000,-27.672070,123.664300,1,1,2,2,0.773631,0.773580,0.773605,0.000000,0.974679,0.223609,0.000026,0.972957,0.230984,10.036350,-4.542026,-0.189622,1,0,18.866030,0.000069
7.050000,4000.000000,-27.717450,123.847400,1,1,2,2,0.770678,0.770628,0.770653,0.000000,0.974283,0.225329,0.000013,0.973072,0.230499,10.677150,-4.537747,-0.193954,1,0,18.868850,-0.000050
7.060000,4000.000000,-27.762720,124.030600,1,1,2,2,0.767622,0.767564,0.767593,0.000000,0.975070,0.221899,0.000000,0.973246,0.229765,11.298320,-4.527226,-0.196702,1,0,18.871560,-0.000155
7.070000,4000.000000,-27.807830,124.213900,1,1,2,2,0.764097,0.764035,0.764066,0.000000,0.976002,0.217763,-0.000014,0.973488,0.228735,11.993080,-4.510653,-0.199001,1,0,18.874130,-0.000265
7.080000,4000.000000,-27.852700,124.397200,1,1,2,2,0.760438,0.760365,0.760401,0.000000,0.976587,0.215123,-0.000028,0.973762,0.227566,12.606800,-4.487305,-0.197056,1,0,18.876530,-0.000375
7.090000,4000.000000,-27.897280,124.580700,1,1,2,2,0.756549,0.756479,0.756514,0.000000,0.976426,0.215852,-0.000041,0.973998,0.226557,13.029570,-4.457973,-0.185889,1,0,18.878760,-0.000489
7.100000,4000.000000,-27.941530,124.764200,1,1,2,2,0.752460,0.752383,0.752421,0.000000,0.971412,0.237401,-0.000054,0.974262,0.225419,13.447690,-4.424521,-0.173041,1,0,18.880870,-0.000590
7.110000,4000.000000,-27.985400,124.947900,1,1,2,2,0.748247,0.748169,0.748208,0.000000,0.977483,0.211014,-0.000066,0.974547,0.224180,13.832830,-4.386994,-0.157998,1,0,18.882860,-0.000690
7.120000,4000.000000,-28.028850,125.131700,1,1,2,2,0.744149,0.744071,0.744110,0.000000,0.993776,0.111399,-0.000078,0.974833,0.222937,14.104150,-4.345712,-0.139234,1,0,18.884720,-0.000789
7.130000,4000.000000,-28.071870,125.315600,1,1,2,2,0.740742,0.740660,0.740701,0.000000,0.977729,0.209873,-0.000089,0.975089,0.221814,14.125710,-4.301785,-0.115453,1,0,18.886500,-0.000885
7.140000,4000.000000,-28.114450,125.499600,1,1,2,2,0.736965,0.736883,0.736924,0.000000,0.977919,0.208983,-0.000100,0.975338,0.220714,14.198180,-4.257653,-0.091058,1,0,18.888210,-0.000972
7.150000,4000.000000,-28.156570,125.683700,1,1,2,2,0.733551,0.733467,0.733509,0.000000,0.977927,0.208949,-0.000109,0.975566,0.219703,14.144720,-4.212821,-0.064244,1,0,18.889880,-0.001051
7.160000,4000.000000,-28.198260,125.868000,1,1,2,2,0.731370,0.731287,0.731328,0.000000,0.977933,0.208921,-0.000118,0.975775,0.218776,13.843020,-4.168519,-0.036391,1,0,18.891510,-0.001123
7.170000,4000.000000,-28.239530,126.052400,1,1,2,2,0.728853,0.728770,0.728811,0.000000,0.977824,0.209430,-0.000126,0.975955,0.217972,13.618610,-4.127174,-0.009222,1,0,18.893110,-0.001189
7.180000,4000.000000,-28.280410,126.236800,1,1,2,2,0.726661,0.726582,0.726622,0.000000,0.977530,0.210798,-0.000133,0.976092,0.217355,13.301560,-4.088033,0.019281,1,0,18.894680,-0.001245
7.190000,4000.000000,-28.320930,126.421400,1,1,2,2,0.725081,0.725005,0.725043,0.000000,0.977130,0.212642,-0.000138,0.976183,0.216950,12.851470,-4.052002,0.048684,1,0,18.896240,-0.001288
7.200000,4000.000000,-28.361130,126.606100,1,1,2,2,0.725261,0.725184,0.725222,0.000000,0.977234,0.212167,-0.000142,0.976273,0.216544,12.198940,-4.020387,0.073531,1,0,18.897800,-0.001315
7.210000,4000.000000,-28.401080,126.790800,1,1,2,2,0.725033,0.724961,0.724997,0.000000,0.976749,0.214388,-0.000146,0.976314,0.216358,11.676160,-3.995158,0.096082,1,0,18.899330,-0.001341
7.220000,4000.000000,-28.440840,126.975600,1,1,2,2,0.724949,0.724882,0.724916,0.000000,0.975988,0.217822,-0.000147,0.976286,0.216483,11.107280,-3.975051,0.119411,1,0,18.900830,-0.001350
7.230000,4000.000000,-28.480440,127.160400,1,1,2,2,0.725717,0.725661,0.725689,0.000000,0.975288,0.220939,-0.000148,0.976201,0.216866,10.402110,-3.960517,0.142016,1,0,18.902320,-0.001342
7.240000,4000.000000,-28.519970,127.345300,1,1,2,2,0.728457,0.728397,0.728427,0.000000,0.975560,0.219732,-0.000148,0.976146,0.217114,9.585401,-3.952888,0.154951,1,0,18.903820,-0.001314
7.250000,4000.000000,-28.559500,127.530100,1,1,2,2,0.730600,0.730548,0.730574,0.000000,0.974882,0.222721,-0.000146,0.976039,0.217595,8.965944,-3.953242,0.164226,1,0,18.905270,-0.001288
7.260000,4000.000000,-28.599100,127.715000,1,1,2,2,0.732325,0.732283,0.732304,0.000000,0.973736,0.227678,-0.000142,0.975844,0.218464,8.387306,-3.959651,0.174839,1,0,18.906710,-0.001242
7.270000,4000.000000,-28.638820,127.899900,1,1,2,2,0.735110,0.735077,0.735094,0.000000,0.962062,0.272832,-0.000137,0.975601,0.219547,7.658590,-3.971714,0.183808,1,0,18.908180,-0.001178
7.280000,4000.000000,-28.678730,128.084700,1,1,2,2,0.739755,0.739721,0.739738,0.000000,0.973529,0.228563,-0.000133,0.975426,0.220323,6.926779,-3.990894,0.179574,1,0,18.909680,-0.001100
7.290000,4000.000000,-28.718900,128.269500,1,1,2,2,0.743533,0.743511,0.743522,0.000000,0.972899,0.231232,-0.000126,0.975215,0.221260,6.454137,-4.017205,0.171153,1,0,18.911200,-0.001022
7.300000,4000.000000,-28.759380,128.454300,1,1,2,2,0.746095,0.746083,0.746089,0.000000,0.971505,0.237021,-0.000118,0.974905,0.222618,6.112213,-4.048113,0.166226,1,0,18.912790,-0.000929
7.310000,4000.000000,-28.800200,128.638900,1,1,2,2,0.749866,0.749864,0.749865,0.000000,0.970865,0.239627,-0.000108,0.974574,0.224066,5.593126,-4.082344,0.159668,1,0,18.914490,-0.000821
7.320000,4000.000000,-28.841420,128.823600,1,1,2,2,0.755120,0.755114,0.755117,0.000000,0.971908,0.235362,-0.000100,0.974350,0.225037,5.170043,-4.121618,0.138691,1,0,18.916310,-0.000707
7.330000,4000.000000,-28.883070,129.008100,1,1,2,2,0.759226,0.759234,0.759230,0.000000,0.990840,0.135041,-0.000089,0.974118,0.226040,5.040488,-4.164990,0.114169,1,0,18.918250,-0.000595
7.340000,4000.000000,-28.925170,129.192600,1,1,2,2,0.761396,0.761414,0.761405,0.000000,0.970138,0.242553,-0.000078,0.973787,0.227462,5.086483,-4.209594,0.096538,1,0,18.920330,-0.000474
7.350000,4000.000000,-28.967700,129.377000,1,1,2,2,0.764819,0.764847,0.764833,0.000000,0.971411,0.237405,-0.000065,0.973471,0.228811,4.929674,-4.253723,0.078007,1,0,18.922590,-0.000346
7.360000,4000.000000,-29.010700,129.561200,1,1,2,2,0.769114,0.769142,0.769128,0.000000,0.971352,0.237647,-0.000053,0.973293,0.229565,4.944945,-4.299351,0.046402,1,0,18.925020,-0.000217
7.370000,4000.000000,-29.054140,129.745500,1,1,2,2,0.770612,0.770656,0.770634,0.000000,0.970027,0.242996,-0.000040,0.973019,0.230723,5.259984,-4.344797,0.022849,1,0,18.927600,-0.000094
7.380000,4000.000000,-29.098010,129.929600,1,1,2,2,0.772910,0.772951,0.772930,0.000000,0.970220,0.242227,-0.000027,0.972784,0.231711,5.435550,-4.387146,-0.000800,1,0,18.930330,0.000030
7.390000,4000.000000,-29.142290,130.113700,1,1,2,2,0.775247,0.775294,0.775271,0.000000,0.971752,0.236004,-0.000014,0.972695,0.232081,5.860000,-4.427760,-0.034662,1,0,18.933220,0.000153
7.400000,4000.000000,-29.186930,130.297700,1,1,2,2,0.776739,0.776792,0.776766,0.000000,0.972151,0.234355,-0.000001,0.972648,0.232279,6.414150,-4.464212,-0.067612,1,0,18.936180,0.000266
7.410000,4000.000000,-29.231890,130.481700,1,1,2,2,0.776372,0.776432,0.776402,0.000000,0.971129,0.238554,0.000013,0.972519,0.232821,6.994927,-4.495244,-0.088273,1,0,18.939200,0.000379
7.420000,4000.000000,-29.277090,130.665600,1,1,2,2,0.776497,0.776563,0.776530,0.000000,0.971782,0.235880,0.000026,0.972455,0.233086,7.476637,-4.520607,-0.108490,1,0,18.942270,0.000492
7.430000,4000.000000,-29.322500,130.849600,1,1,2,2,0.776053,0.776117,0.776085,0.000000,0.973245,0.229771,0.000039,0.972524,0.232795,8.212282,-4.541266,-0.134685,1,0,18.945350,0.000602
7.440000,4000.000000,-29.368050,131.033500,1,1,2,2,0.775078,0.775149,0.775114,0.000000,0.973929,0.226852,0.000052,0.972646,0.232286,8.965644,-4.554749,-0.157777,1,0,18.948360,0.000698
7.450000,4000.000000,-29.413660,131.217400,1,1,2,2,0.772901,0.772976,0.772939,0.000000,0.973376,0.229216,0.000064,0.972708,0.232024,9.625687,-4.560883,-0.168495,1,0,18.951270,0.000792
7.460000,4000.000000,-29.459270,131.401400,1,1,2,2,0.770730,0.770808,0.770769,0.000000,0.974252,0.225462,0.000077,0.972841,0.231466,10.264890,-4.560585,-0.178390,1,0,18.954090,0.000883
7.470000,4000.000000,-29.504810,131.585400,1,1,2,2,0.767521,0.767598,0.767559,0.000000,0.975331,0.220749,0.000088,0.973060,0.230545,11.108990,-4.554059,-0.188958,1,0,18.956790,0.000969
7.480000,4000.000000,-29.550200,131.769500,1,1,2,2,0.764333,0.764412,0.764373,0.000000,0.975990,0.217817,0.000098,0.973320,0.229445,11.826360,-4.539305,-0.194606,1,0,18.959320,0.001043
7.490000,4000.000000,-29.595380,131.953700,1,1,2,2,0.761118,0.761198,0.761158,0.000000,0.975973,0.217891,0.000108,0.973553,0.228456,12.314910,-4.517555,-0.190912,1,0,18.961660,0.001112
7.500000,4000.000000,-29.640290,132.137900,1,1,2,2,0.757311,0.757392,0.757352,0.000000,0.976690,0.214655,0.000117,0.973836,0.227246,12.896790,-4.491044,-0.186669,1,0,18.963860,0.001176
7.510000,4000.000000,-29.684870,132.322300,1,1,2,2,0.752246,0.752326,0.752286,0.000000,0.977191,0.212362,0.000125,0.974133,0.225972,13.591730,-4.458858,-0.177876,1,0,18.965900,0.001228
7.520000,4000.000000,-29.729070,132.506700,1,1,2,2,0.747862,0.747940,0.747901,0.000000,0.987341,0.158611,0.000131,0.974443,0.224632,14.023670,-4.419896,-0.163465,1,0,18.967780,0.001275
7.530000,4000.000000,-29.772840,132.691300,1,1,2,2,0.744855,0.744927,0.744891,0.000000,0.978067,0.208291,0.000137,0.974764,0.223233,14.129700,-4.376721,-0.145906,1,0,18.969520,0.001314
7.540000,4000.000000,-29.816170,132.876000,1,1,2,2,0.740714,0.740780,0.740747,0.000000,0.986259,0.165209,0.000141,0.975100,0.221761,14.449920,-4.332510,-0.128747,1,0,18.971160,0.001343
7.550000,4000.000000,-29.859020,133.060800,1,1,2,2,0.735287,0.735356,0.735321,0.000000,0.978150,0.207899,0.000144,0.975370,0.220570,14.784700,-4.285172,-0.102964,1,0,18.972680,0.001353
7.560000,4000.000000,-29.901360,133.245800,1,1,2,2,0.733101,0.733166,0.733133,0.000000,0.978860,0.204530,0.000146,0.975681,0.219192,14.545320,-4.234574,-0.077516,1,0,18.974130,0.001366
7.570000,4000.000000,-29.943230,133.430800,1,1,2,2,0.729670,0.729729,0.729699,0.000000,0.979044,0.203647,0.000147,0.975980,0.217856,14.570640,-4.186315,-0.053686,1,0,18.975530,0.001366
7.580000,4000.000000,-29.984600,133.616000,1,1,2,2,0.725365,0.725420,0.725392,0.000000,0.978122,0.208032,0.000147,0.976169,0.217010,14.508560,-4.137811,-0.020119,1,0,18.976850,0.001342
7.590000,4000.000000,-30.025500,133.801400,1,1,2,2,0.722483,0.722533,0.722508,0.000000,0.977880,0.209165,0.000146,0.976320,0.216329,14.126970,-4.089931,0.015972,1,0,18.978170,0.001326
7.600000,4000.000000,-30.065960,133.986800,1,1,2,2,0.722348,0.722391,0.722369,0.000000,0.978953,0.204084,0.000143,0.976552,0.215277,13.528160,-4.045798,0.041013,1,0,18.979510,0.001292
7.610000,4000.000000,-30.106040,134.172300,1,1,2,2,0.720958,0.720990,0.720974,0.000000,0.978673,0.205426,0.000138,0.976739,0.214429,13.207310,-4.007522,0.063967,1,0,18.980770,0.001241
7.620000,4000.000000,-30.145760,134.358000,1,1,2,2,0.718890,0.718921,0.718906,0.000000,0.977028,0.213112,0.000133,0.976765,0.214310,12.732390,-3.972391,0.097866,1,0,18.981980,0.001165
7.630000,4000.000000,-30.185180,134.543700,1,1,2,2,0.718388,0.718412,0.718400,0.000000,0.976439,0.215794,0.000127,0.976737,0.214440,11.974910,-3.941925,0.131798,1,0,18.983210,0.001101
7.640000,4000.000000,-30.224370,134.729400,1,1,2,2,0.720703,0.720713,0.720708,0.000000,0.977715,0.209937,0.000119,0.976822,0.214051,11.153500,-3.918888,0.148068,1,0,18.984440,0.001017
7.650000,4000.000000,-30.263410,134.915200,1,1,2,2,0.721892,0.721896,0.721894,0.000000,0.977067,0.212932,0.000110,0.976842,0.213958,10.595870,-3.903886,0.161841,1,0,18.985570,0.000914
7.660000,4000.000000,-30.302350,135.101100,1,1,2,2,0.722542,0.722550,0.722546,0.000000,0.974956,0.222398,0.000101,0.976683,0.214684,9.874927,-3.894341,0.185923,1,0,18.986660,0.000795
7.670000,4000.000000,-30.341270,135.286900,1,1,2,2,0.724595,0.724589,0.724592,0.000000,0.974136,0.225962,0.000091,0.976469,0.215653,8.963770,-3.891861,0.207554,1,0,18.987750,0.000687
7.680000,4000.000000,-30.380250,135.472700,1,1,2,2,0.728892,0.728875,0.728884,0.000000,0.975502,0.219989,0.000079,0.976386,0.216027,8.167064,-3.898297,0.208490,1,0,18.988850,0.000561
7.690000,4000.000000,-30.419380,135.658600,1,1,2,2,0.732328,0.732303,0.732315,0.000000,0.974649,0.223742,0.000067,0.976239,0.216689,7.583319,-3.912513,0.207073,1,0,18.989890,0.000423
7.700000,4000.000000,-30.458700,135.844400,1,1,2,2,0.735296,0.735272,0.735284,0.000000,0.972515,0.232839,0.000055,0.975928,0.218088,6.868777,-3.932424,0.214161,1,0,18.990940,0.000281
7.710000,4000.000000,-30.498300,136.030100,1,1,2,2,0.739226,0.739190,0.739208,0.000000,0.971722,0.236126,0.000042,0.975581,0.219636,6.086392,-3.959311,0.217066,1,0,18.992050,0.000147
7.720000,4000.000000,-30.538230,136.215800,1,1,2,2,0.744297,0.744254,0.744275,0.000000,0.972988,0.230857,0.000029,0.975363,0.220604,5.576762,-3.993824,0.200880,1,0,18.993220,0.000003
7.730000,4000.000000,-30.578570,136.401400,1,1,2,2,0.748891,0.748839,0.748865,0.000000,0.972214,0.234095,0.000015,0.975100,0.221762,5.186694,-4.033289,0.183337,1,0,18.994480,-0.000142
7.740000,4000.000000,-30.619330,136.586900,1,1,2,2,0.753094,0.753044,0.753069,0.000000,0.970532,0.240972,0.000002,0.974720,0.223426,4.714613,-4.076533,0.171802,1,0,18.995850,-0.000282
7.750000,4000.000000,-30.660580,136.772400,1,1,2,2,0.757629,0.757570,0.757600,0.000000,0.927902,0.372824,-0.000012,0.974338,0.225089,4.300155,-4.124354,0.155608,1,0,18.997390,-0.000414
7.760000,4000.000000,-30.702340,136.957700,1,1,2,2,0.761870,0.761806,0.761838,0.000000,0.971007,0.239050,-0.000026,0.974060,0.226288,4.267923,-4.176184,0.126270,1,0,18.999100,-0.000546
7.770000,4000.000000,-30.744620,137.143000,1,1,2,2,0.766142,0.766071,0.766107,0.000000,0.970615,0.240637,-0.000039,0.973772,0.227523,4.219070,-4.228291,0.097378,1,0,19.001000,-0.000672
7.780000,4000.000000,-30.787430,137.328100,1,1,2,2,0.770232,0.770161,0.770197,0.000000,0.969773,0.244011,-0.000052,0.973439,0.228947,4.120653,-4.280835,0.071736,1,0,19.003110,-0.000787
7.790000,4000.000000,-30.830770,137.513200,1,1,2,2,0.773906,0.773831,0.773869,0.000000,0.973242,0.229782,-0.000064,0.973140,0.230212,4.197993,-4.334300,0.042087,1,0,19.005410,-0.000894
7.800000,4000.000000,-30.874640,137.698100,1,1,2,2,0.775869,0.775793,0.775831,0.000000,0.970299,0.241909,-0.000076,0.972902,0.231215,4.690324,-4.386973,0.008171,1,0,19.007930,-0.000993
7.810000,4000.000000,-30.918990,137.883000,1,1,2,2,0.778460,0.778381,0.778420,0.000000,0.982468,0.186431,-0.000088,0.972692,0.232098,5.004444,-4.434816,-0.023120,1,0,19.010620,-0.001079
7.820000,4000.000000,-30.963780,138.067700,1,1,2,2,0.781207,0.781128,0.781167,0.000000,0.970597,0.240712,-0.000098,0.972514,0.232842,5.278744,-4.479569,-0.053940,1,0,19.013470,-0.001157
7.830000,4000.000000,-31.009000,138.252500,1,1,2,2,0.782843,0.782764,0.782803,0.000000,0.970662,0.240450,-0.000108,0.972401,0.233316,5.815735,-4.521621,-0.087243,1,0,19.016440,-0.001226
7.840000,4000.000000,-31.054580,138.437100,1,1,2,2,0.781726,0.781646,0.781686,0.000000,0.971069,0.238800,-0.000116,0.972288,0.233785,6.715165,-4.558418,-0.115220,1,0,19.019490,-0.001283
7.850000,4000.000000,-31.100450,138.621700,1,1,2,2,0.782817,0.782739,0.782778,0.000000,0.971876,0.235493,-0.000124,0.972254,0.233924,7.153410,-4.586442,-0.140624,1,0,19.022560,-0.001327
7.860000,4000.000000,-31.146550,138.806300,1,1,2,2,0.782461,0.782383,0.782422,0.000000,0.972699,0.232071,-0.000131,0.972293,0.233765,7.888960,-4.610182,-0.167469,1,0,19.025640,-0.001367
7.870000,4000.000000,-31.192820,138.990900,1,1,2,2,0.779405,0.779330,0.779367,0.000000,0.972258,0.233913,-0.000136,0.972289,0.233781,8.839293,-4.626746,-0.183489,1,0,19.028670,-0.001394
7.880000,4000.000000,-31.239160,139.175500,1,1,2,2,0.777490,0.777418,0.777454,0.000000,0.972942,0.231050,-0.000141,0.972346,0.233543,9.471316,-4.634056,-0.194974,1,0,19.031600,-0.001409
7.890000,4000.000000,-31.285510,139.360100,1,1,2,2,0.776316,0.776245,0.776280,0.000000,0.974458,0.224568,-0.000144,0.972530,0.232776,10.072710,-4.635209,-0.210507,1,0,19.034440,-0.001414
7.900000,4000.000000,-31.331810,139.544700,1,1,2,2,0.773554,0.773489,0.773521,0.000000,0.975304,0.220868,-0.000146,0.972777,0.231743,10.939310,-4.630497,-0.225208,1,0,19.037140,-0.001417
7.910000,4000.000000,-31.377990,139.729400,1,1,2,2,0.768410,0.768353,0.768382,0.000000,0.974443,0.224634,-0.000147,0.972922,0.231131,11.811230,-4.617337,-0.223023,1,0,19.039640,-0.001407
7.920000,4000.000000,-31.423940,139.914200,1,1,2,2,0.764426,0.764376,0.764401,0.000000,0.975172,0.221449,-0.000146,0.973119,0.230300,12.364730,-4.595691,-0.216422,1,0,19.041970,-0.001386
7.930000,4000.000000,-31.469630,140.099100,1,1,2,2,0.761569,0.761514,0.761541,0.000000,0.976942,0.213506,-0.000145,0.973458,0.228863,12.876380,-4.568656,-0.216167,1,0,19.044170,-0.001347
7.940000,4000.000000,-31.515000,140.284100,1,1,2,2,0.757308,0.757267,0.757288,0.000000,0.977605,0.210450,-0.000142,0.973828,0.227285,13.581110,-4.536628,-0.213586,1,0,19.046180,-0.001315
7.950000,4000.000000,-31.559970,140.469200,1,1,2,2,0.751537,0.751501,0.751519,0.000000,0.976439,0.215793,-0.000137,0.974058,0.226296,14.093280,-4.497722,-0.192449,1,0,19.047970,-0.001271
7.960000,4000.000000,-31.604510,140.654400,1,1,2,2,0.746772,0.746749,0.746761,0.000000,0.976930,0.213560,-0.000131,0.974312,0.225200,14.349570,-4.453833,-0.168339,1,0,19.049660,-0.001213
7.970000,4000.000000,-31.648590,140.839700,1,1,2,2,0.743417,0.743393,0.743405,0.000000,0.978578,0.205876,-0.000125,0.974694,0.223544,14.565060,-4.407453,-0.152650,1,0,19.051290,-0.001129
7.980000,4000.000000,-31.692180,141.025200,1,1,2,2,0.739124,0.739107,0.739116,0.000000,0.978871,0.204479,-0.000118,0.975066,0.221916,14.882330,-4.358963,-0.134311,1,0,19.052780,-0.001062
7.990000,4000.000000,-31.735250,141.210800,1,1,2,2,0.734411,0.734401,0.734406,0.000000,0.977578,0.210574,-0.000109,0.975286,0.220944,14.874710,-4.307374,-0.100006,1,0,19.054140,-0.000981
8.000000,4000.000000,-31.777810,141.396500,1,1,2,2,0.730434,0.730438,0.730436,0.000000,0.933290,0.359124,-0.000098,0.975498,0.220007,14.720150,-4.255874,-0.065160,1,0,19.055490,-0.000884
8.010000,4000.000000,-31.819870,141.582400,1,1,2,2,0.727967,0.727971,0.727969,0.000000,0.978952,0.204091,-0.000089,0.975805,0.218641,14.545230,-4.205899,-0.040280,1,0,19.056860,-0.000761
8.020000,4000.000000,-31.861450,141.768400,1,1,2,2,0.725105,0.725120,0.725113,0.000000,0.978766,0.204979,-0.000078,0.976068,0.217466,14.391070,-4.157633,-0.013447,1,0,19.058150,-0.000659
8.030000,4000.000000,-31.902560,141.954500,1,1,2,2,0.722778,0.722807,0.722793,0.000000,0.977525,0.210821,-0.000065,0.976194,0.216898,13.883130,-4.110880,0.023627,1,0,19.059390,-0.000544
8.040000,4000.000000,-31.943250,142.140700,1,1,2,2,0.720883,0.720919,0.720901,0.000000,0.965008,0.262219,-0.000052,0.976285,0.216490,13.347530,-4.069110,0.058706,1,0,19.060650,-0.000413
8.050000,4000.000000,-31.983570,142.327000,1,1,2,2,0.720331,0.720364,0.720347,0.000000,0.977986,0.208669,-0.000040,0.976434,0.215816,12.836420,-4.032594,0.083195,1,0,19.061920,-0.000265
8.059999,4000.000000,-32.023580,142.513400,1,1,2,2,0.719852,0.719895,0.719874,0.000000,0.977412,0.211343,-0.000027,0.976519,0.215432,12.297200,-4.001083,0.108209,1,0,19.063130,-0.000137
8.070000,4000.000000,-32.063330,142.699900,1,1,2,2,0.720477,0.720529,0.720503,0.000000,0.976330,0.216288,-0.000013,0.976503,0.215502,11.472760,-3.974855,0.136650,1,0,19.064310,-0.000001
8.080000,4000.000000,-32.102900,142.886400,1,1,2,2,0.721226,0.721282,0.721254,0.000000,0.976749,0.214389,0.000001,0.976439,0.215791,10.725590,-3.956702,0.161104,1,0,19.065470,0.000145
8.090000,4000.000000,-32.142360,143.072900,1,1,2,2,0.722814,0.722873,0.722844,0.000000,0.975988,0.217825,0.000014,0.976400,0.215967,10.069820,-3.945867,0.175874,1,0,19.066610,0.000295
8.099999,4000.000000,-32.181770,143.259500,1,1,2,2,0.724825,0.724888,0.724857,0.000000,0.981195,0.193019,0.000028,0.976296,0.216435,9.359097,-3.941447,0.189765,1,0,19.067710,0.000427
8.110000,4000.000000,-32.221210,143.446000,1,1,2,2,0.728045,0.728115,0.728080,0.000000,0.974431,0.224686,0.000041,0.976140,0.217141,8.491288,-3.943980,0.201211,1,0,19.068780,0.000561
8.120000,4000.000000,-32.260760,143.632600,1,1,2,2,0.731064,0.731139,0.731101,0.000000,0.974370,0.224951,0.000055,0.975939,0.218040,7.781884,-3.954992,0.207753,1,0,19.069830,0.000695
8.130000,4000.000000,-32.300490,143.819100,1,1,2,2,0.734202,0.734276,0.734239,0.000000,0.973571,0.228384,0.000067,0.975739,0.218936,7.229898,-3.972933,0.207162,1,0,19.070890,0.000820
8.139999,4000.000000,-32.340450,144.005600,1,1,2,2,0.737933,0.738011,0.737972,0.000000,0.973110,0.230343,0.000078,0.975492,0.220033,6.609766,-3.996255,0.204996,1,0,19.071990,0.000929
8.150000,4000.000000,-32.380710,144.192000,1,1,2,2,0.742626,0.742704,0.742665,0.000000,0.972518,0.232826,0.000090,0.975243,0.221135,5.968135,-4.025621,0.196770,1,0,19.073140,0.001033
8.160000,4000.000000,-32.421320,144.378400,1,1,2,2,0.746847,0.746927,0.746887,0.000000,0.981311,0.192428,0.000100,0.974972,0.222324,5.528214,-4.061231,0.183867,1,0,19.074350,0.001127
8.170000,4000.000000,-32.462330,144.564700,1,1,2,2,0.750291,0.750373,0.750332,0.000000,0.971537,0.236888,0.000109,0.974685,0.223581,5.303597,-4.101110,0.167933,1,0,19.075660,0.001207
8.179999,4000.000000,-32.503770,144.750900,1,1,2,2,0.754421,0.754497,0.754459,0.000000,0.971599,0.236633,0.000118,0.974385,0.224887,4.986845,-4.143156,0.150772,1,0,19.077120,0.001274
8.190000,4000.000000,-32.545650,144.937100,1,1,2,2,0.759117,0.759191,0.759154,0.000000,0.971349,0.237656,0.000125,0.974130,0.225987,4.746877,-4.188262,0.126465,1,0,19.078720,0.001329
8.200000,4000.000000,-32.588010,145.123100,1,1,2,2,0.761967,0.762041,0.762004,0.000000,0.970785,0.239950,0.000132,0.973850,0.227190,4.847232,-4.235675,0.101823,1,0,19.080480,0.001372
8.210000,4000.000000,-32.630830,145.309100,1,1,2,2,0.765445,0.765519,0.765482,0.000000,0.970630,0.240579,0.000138,0.973582,0.228338,4.834754,-4.282078,0.077175,1,0,19.082410,0.001403
8.220000,4000.000000,-32.674110,145.494900,1,1,2,2,0.769039,0.769109,0.769074,0.000000,0.971271,0.237978,0.000142,0.973385,0.229173,4.957750,-4.328570,0.046315,1,0,19.084520,0.001420
8.230000,4000.000000,-32.717850,145.680700,1,1,2,2,0.771885,0.771952,0.771919,0.000000,0.971442,0.237277,0.000144,0.973221,0.229871,5.250771,-4.373830,0.014046,1,0,19.086780,0.001422
8.240000,4000.000000,-32.762010,145.866400,1,1,2,2,0.772910,0.772973,0.772942,0.000000,0.970877,0.239580,0.000147,0.973021,0.230714,5.725682,-4.416204,-0.012393,1,0,19.089180,0.001415
8.250000,4000.000000,-32.806550,146.052100,1,1,2,2,0.774497,0.774556,0.774526,0.000000,0.971194,0.238292,0.000147,0.972866,0.231369,6.072329,-4.453928,-0.037730,1,0,19.091710,0.001400
8.260000,4000.000000,-32.851440,146.237700,1,1,2,2,0.776018,0.776070,0.776044,0.000000,0.972241,0.233980,0.000146,0.972811,0.231598,6.553388,-4.488252,-0.067924,1,0,19.094320,0.001371
8.270000,4000.000000,-32.896610,146.423200,1,1,2,2,0.776659,0.776707,0.776683,0.000000,0.972819,0.231566,0.000143,0.972810,0.231601,7.182758,-4.517868,-0.097697,1,0,19.096990,0.001329
8.280000,4000.000000,-32.942030,146.608700,1,1,2,2,0.775247,0.775288,0.775268,0.000000,0.972214,0.234093,0.000141,0.972760,0.231812,7.921525,-4.541335,-0.117076,1,0,19.099660,0.001278
8.290000,4000.000000,-32.987600,146.794300,1,1,2,2,0.774391,0.774424,0.774408,0.000000,0.972881,0.231307,0.000137,0.972770,0.231770,8.499666,-4.557598,-0.134008,1,0,19.102310,0.001227
8.300000,4000.000000,-33.033280,146.979800,1,1,2,2,0.773597,0.773617,0.773607,0.000000,0.974181,0.225771,0.000131,0.972892,0.231257,9.154754,-4.568221,-0.154398,1,0,19.104930,0.001163
8.309999,4000.000000,-33.079010,147.165300,1,1,2,2,0.771836,0.771853,0.771845,0.000000,0.974924,0.222538,0.000123,0.973069,0.230513,9.932863,-4.572452,-0.172764,1,0,19.107450,0.001087
8.320000,4000.000000,-33.124700,147.350800,1,1,2,2,0.768235,0.768252,0.768243,0.000000,0.974285,0.225320,0.000116,0.973175,0.230064,10.701940,-4.569093,-0.177556,1,0,19.109820,0.001000
8.330000,4000.000000,-33.170280,147.536400,1,1,2,2,0.765203,0.765207,0.765205,0.000000,0.974985,0.222272,0.000108,0.973334,0.229391,11.288310,-4.558244,-0.179071,1,0,19.112080,0.000922
8.340000,4000.000000,-33.215700,147.722100,1,1,2,2,0.762651,0.762646,0.762648,0.000000,0.976341,0.216237,0.000098,0.973600,0.228259,11.867960,-4.541681,-0.183745,1,0,19.114210,0.000832
8.349999,4000.000000,-33.260890,147.907900,1,1,2,2,0.759159,0.759144,0.759152,0.000000,0.976983,0.213317,0.000086,0.973900,0.226975,12.547190,-4.519464,-0.185621,1,0,19.116180,0.000731
8.360000,4000.000000,-33.305800,148.093700,1,1,2,2,0.754408,0.754391,0.754400,0.000000,0.976243,0.216678,0.000075,0.974106,0.226089,13.086660,-4.490619,-0.172905,1,0,19.117950,0.000615
8.370000,4000.000000,-33.350370,148.279600,1,1,2,2,0.750264,0.750240,0.750252,0.000000,0.976749,0.214385,0.000064,0.974340,0.225082,13.443420,-4.456521,-0.157217,1,0,19.119620,0.000516
8.380000,4000.000000,-33.394560,148.465700,1,1,2,2,0.747104,0.747074,0.747089,0.000000,0.977961,0.208788,0.000051,0.974663,0.223676,13.730940,-4.418950,-0.145818,1,0,19.121200,0.000406
8.389999,4000.000000,-33.438340,148.651800,1,1,2,2,0.743183,0.743140,0.743161,0.000000,0.978287,0.207254,0.000037,0.974987,0.222261,14.089100,-4.378570,-0.131741,1,0,19.122640,0.000285
8.400000,4000.000000,-33.481690,148.838100,1,1,2,2,0.738813,0.738772,0.738793,0.000000,0.977414,0.211333,0.000024,0.975201,0.221320,14.205200,-4.334694,-0.104846,1,0,19.123950,0.000151
8.410000,4000.000000,-33.524590,149.024400,1,1,2,2,0.735041,0.734989,0.735015,0.000000,0.977552,0.210696,0.000011,0.975408,0.220405,14.173880,-4.289697,-0.076313,1,0,19.125230,0.000036
8.420000,4000.000000,-33.567040,149.210900,1,1,2,2,0.732607,0.732549,0.732578,0.000000,0.978515,0.206174,-0.000003,0.975684,0.219181,14.061870,-4.245018,-0.054180,1,0,19.126490,-0.000088
8.429999,4000.000000,-33.609050,149.397500,1,1,2,2,0.729705,0.729642,0.729674,0.000000,0.978407,0.206687,-0.000017,0.975925,0.218106,13.990380,-4.201437,-0.030312,1,0,19.127680,-0.000218
8.440000,4000.000000,-33.650630,149.584200,1,1,2,2,0.727217,0.727152,0.727185,0.000000,0.977440,0.211215,-0.000030,0.976057,0.217514,13.624680,-4.158561,0.002288,1,0,19.128810,-0.000354
8.450000,4000.000000,-33.691830,149.771100,1,1,2,2,0.725167,0.725096,0.725131,0.000000,0.936392,0.350956,-0.000043,0.976154,0.217077,13.197400,-4.119275,0.034202,1,0,19.129960,-0.000474
8.460000,4000.000000,-33.732670,149.958000,1,1,2,2,0.724434,0.724359,0.724396,0.000000,0.977755,0.209749,-0.000057,0.976295,0.216445,12.735840,-4.084183,0.058010,1,0,19.131110,-0.000596
8.470000,4000.000000,-33.773200,150.144900,1,1,2,2,0.723646,0.723567,0.723607,0.000000,0.977235,0.212158,-0.000069,0.976376,0.216076,12.271420,-4.053611,0.082306,1,0,19.132220,-0.000716
8.480000,4000.000000,-33.813480,150.332000,1,1,2,2,0.723942,0.723866,0.723904,0.000000,0.976302,0.216412,-0.000081,0.976371,0.216099,11.534930,-4.027591,0.109625,1,0,19.133300,-0.000832
8.490000,4000.000000,-33.853570,150.519100,1,1,2,2,0.724384,0.724306,0.724345,0.000000,0.948041,0.318149,-0.000092,0.976317,0.216342,10.849440,-4.008786,0.133846,1,0,19.134370,-0.000937
8.500000,4000.000000,-33.893530,150.706200,1,1,2,2,0.725581,0.725501,0.725541,0.000000,0.975847,0.218455,-0.000102,0.976277,0.216519,10.231660,-3.996694,0.149931,1,0,19.135430,-0.001034
8.510000,4000.000000,-33.933440,150.893400,1,1,2,2,0.727206,0.727125,0.727166,0.000000,0.965429,0.260665,-0.000111,0.976173,0.216990,9.547393,-3.990648,0.165562,1,0,19.136470,-0.001121
8.520000,4000.000000,-33.973350,151.080600,1,1,2,2,0.730323,0.730242,0.730283,0.000000,0.974402,0.224813,-0.000120,0.976025,0.217654,8.670026,-3.991296,0.178157,1,0,19.137500,-0.001196
8.530000,4000.000000,-34.013360,151.267700,1,1,2,2,0.733125,0.733049,0.733087,0.000000,0.955417,0.295261,-0.000127,0.975832,0.218519,7.969547,-4.000518,0.185909,1,0,19.138510,-0.001261
8.540000,4000.000000,-34.053520,151.454800,1,1,2,2,0.735682,0.735604,0.735643,0.000000,0.973332,0.229401,-0.000133,0.975622,0.219455,7.453584,-4.016582,0.188062,1,0,19.139540,-0.001311
8.550000,4000.000000,-34.093900,151.642000,1,1,2,2,0.739114,0.739038,0.739076,0.000000,0.959247,0.282568,-0.000138,0.975360,0.220617,6.796354,-4.037678,0.189531,1,0,19.140610,-0.001345
8.559999,4000.000000,-34.134550,151.829000,1,1,2,2,0.744209,0.744138,0.744173,0.000000,0.972456,0.233088,-0.000142,0.975115,0.221696,6.044343,-4.065181,0.182813,1,0,19.141730,-0.001365
8.570000,4000.000000,-34.175550,152.016000,1,1,2,2,0.748413,0.748348,0.748381,0.000000,0.967417,0.253188,-0.000145,0.974847,0.222874,5.590249,-4.100007,0.170578,1,0,19.142910,-0.001377
8.580000,4000.000000,-34.216950,152.202900,1,1,2,2,0.751146,0.751085,0.751115,0.000000,0.971021,0.238996,-0.000146,0.974527,0.224268,5.407795,-4.139240,0.158064,1,0,19.144190,-0.001370
8.590000,4000.000000,-34.258750,152.389800,1,1,2,2,0.755186,0.755131,0.755158,0.000000,0.968716,0.248172,-0.000145,0.974186,0.225743,4.993389,-4.180229,0.145395,1,0,19.145620,-0.001345
8.599999,4000.000000,-34.301000,152.576500,1,1,2,2,0.760803,0.760753,0.760778,0.000000,0.971163,0.238416,-0.000144,0.973932,0.226837,4.585833,-4.225233,0.121135,1,0,19.147210,-0.001311
8.610000,4000.000000,-34.343740,152.763200,1,1,2,2,0.764998,0.764952,0.764975,0.000000,0.975618,0.219474,-0.000142,0.973686,0.227891,4.554518,-4.274175,0.092073,1,0,19.148930,-0.001270
8.620000,4000.000000,-34.386970,152.949700,1,1,2,2,0.766609,0.766572,0.766591,0.000000,0.969739,0.244144,-0.000138,0.973356,0.229296,4.820917,-4.323386,0.069653,1,0,19.150840,-0.001212
8.630000,4000.000000,-34.430670,153.136200,1,1,2,2,0.769828,0.769804,0.769815,0.000000,0.970976,0.239176,-0.000132,0.973046,0.230610,4.774325,-4.369971,0.048179,1,0,19.152940,-0.001140
8.639999,4000.000000,-34.474840,153.322600,1,1,2,2,0.774340,0.774310,0.774325,0.000000,0.971160,0.238427,-0.000127,0.972885,0.231290,4.820614,-4.416978,0.013797,1,0,19.155210,-0.001063
8.650000,4000.000000,-34.519480,153.508900,1,1,2,2,0.777100,0.777083,0.777092,0.000000,0.988909,0.148521,-0.000120,0.972763,0.231802,5.250385,-4.463498,-0.023362,1,0,19.157640,-0.000982
8.660000,4000.000000,-34.564540,153.695100,1,1,2,2,0.776649,0.776642,0.776645,0.000000,0.969996,0.243123,-0.000111,0.972530,0.232775,5.921664,-4.505801,-0.047093,1,0,19.160180,-0.000890
8.670000,4000.000000,-34.609950,153.881300,1,1,2,2,0.777893,0.777895,0.777894,0.000000,0.971905,0.235374,-0.000101,0.972353,0.233514,6.234846,-4.541546,-0.068679,1,0,19.162840,-0.000790
8.679999,4000.000000,-34.655690,154.067400,1,1,2,2,0.780015,0.780018,0.780017,0.000000,0.972459,0.233073,-0.000092,0.972363,0.233475,6.696509,-4.574222,-0.102424,1,0,19.165600,-0.000684
8.690000,4000.000000,-34.701720,154.253500,1,1,2,2,0.780353,0.780365,0.780359,0.000000,0.988353,0.152180,-0.000081,0.972428,0.233201,7.478795,-4.602378,-0.136155,1,0,19.168370,-0.000583
8.700000,4000.000000,-34.747950,154.439600,1,1,2,2,0.777655,0.777677,0.777666,0.000000,0.971736,0.236072,-0.000069,0.972367,0.233451,8.351802,-4.622900,-0.151711,1,0,19.171090,-0.000476
8.710000,4000.000000,-34.794300,154.625600,1,1,2,2,0.777186,0.776416,0.776801,0.000000,0.973869,0.227111,-0.000057,0.972439,0.233152,8.949119,-4.634917,-0.169347,1,0,19.173770,-0.000366
8.720000,4000.000000,-34.840710,154.811700,1,1,2,2,0.775553,0.775585,0.775569,0.000000,0.974633,0.223809,-0.000045,0.972630,0.232352,9.711143,-4.641109,-0.190883,1,0,19.176370,-0.000254
8.730000,4000.000000,-34.887100,154.997800,1,1,2,2,0.772051,0.772088,0.772070,0.000000,0.973392,0.229146,-0.000032,0.972696,0.232078,10.430090,-4.639870,-0.194419,1,0,19.178820,-0.000147
8.740000,4000.000000,-34.933420,155.183900,1,1,2,2,0.769016,0.769068,0.769042,0.000000,0.974255,0.225448,-0.000018,0.972832,0.231504,11.032920,-4.631633,-0.196680,1,0,19.181170,-0.000035
8.750000,4000.000000,-34.979600,155.370100,1,1,2,2,0.765856,0.765906,0.765881,0.000000,0.976159,0.217055,-0.000006,0.973127,0.230264,11.839360,-4.617525,-0.206063,1,0,19.183400,0.000086
8.760000,4000.000000,-35.025550,155.556400,1,1,2,2,0.762099,0.762158,0.762128,0.000000,0.976859,0.213883,0.000008,0.973459,0.228858,12.633420,-4.595553,-0.210676,1,0,19.185420,0.000188
8.770000,4000.000000,-35.071210,155.742700,1,1,2,2,0.757757,0.757820,0.757788,0.000000,0.975974,0.217886,0.000021,0.973679,0.227917,13.104830,-4.565836,-0.198196,1,0,19.187210,0.000294
8.780000,4000.000000,-35.116530,155.929200,1,1,2,2,0.753292,0.753361,0.753326,0.000000,0.976746,0.214398,0.000035,0.973949,0.226761,13.587440,-4.531531,-0.185270,1,0,19.188890,0.000405
8.790000,4000.000000,-35.161450,156.115800,1,1,2,2,0.748488,0.748557,0.748522,0.000000,0.978014,0.208541,0.000048,0.974310,0.225205,14.209390,-4.492523,-0.175417,1,0,19.190440,0.000521
8.800000,4000.000000,-35.205930,156.302400,1,1,2,2,0.743862,0.743936,0.743899,0.000000,0.978392,0.206757,0.000060,0.974675,0.223622,14.657950,-4.447446,-0.159927,1,0,19.191810,0.000618
8.809999,4000.000000,-35.249910,156.489300,1,1,2,2,0.740141,0.740215,0.740178,0.000000,0.977945,0.208862,0.000073,0.974965,0.222354,14.677230,-4.397990,-0.133794,1,0,19.193040,0.000717
8.820000,4000.000000,-35.293390,156.676200,1,1,2,2,0.735734,0.735816,0.735775,0.000000,0.978365,0.206885,0.000084,0.975267,0.221026,14.845150,-4.348351,-0.108691,1,0,19.194200,0.000818
8.830000,4000.000000,-35.336360,156.863300,1,1,2,2,0.730917,0.730992,0.730955,0.000000,0.978766,0.204979,0.000095,0.975579,0.219646,15.072710,-4.297079,-0.082964,1,0,19.195300,0.000914
8.840000,4000.000000,-35.378800,157.050500,1,1,2,2,0.727031,0.727111,0.727071,0.000000,0.978741,0.205100,0.000105,0.975859,0.218398,15.011160,-4.243589,-0.052431,1,0,19.196330,0.000997
8.849999,4000.000000,-35.420710,157.237900,1,1,2,2,0.725263,0.725345,0.725304,0.000000,0.978766,0.204979,0.000114,0.976116,0.217245,14.538170,-4.190710,-0.020688,1,0,19.197320,0.001076
8.860000,4000.000000,-35.462130,157.425300,1,1,2,2,0.722459,0.722537,0.722498,0.000000,0.978740,0.205104,0.000122,0.976348,0.216199,14.318280,-4.142459,0.008401,1,0,19.198280,0.001150
8.870000,4000.000000,-35.503090,157.612900,1,1,2,2,0.719209,0.719290,0.719249,0.000000,0.978230,0.207526,0.000129,0.976513,0.215455,14.085640,-4.096367,0.041162,1,0,19.199210,0.001208
8.880000,4000.000000,-35.543620,157.800600,1,1,2,2,0.717404,0.717480,0.717442,0.000000,0.977768,0.209691,0.000135,0.976621,0.214964,13.527690,-4.052567,0.076538,1,0,19.200130,0.001260
8.889999,4000.000000,-35.583760,157.988400,1,1,2,2,0.718380,0.718451,0.718416,0.000000,0.978257,0.207395,0.000140,0.976764,0.214314,12.688300,-4.014240,0.103157,1,0,19.201040,0.001301
8.900000,4000.000000,-35.623600,158.176200,1,1,2,2,0.718198,0.718260,0.718229,0.000000,0.977823,0.209435,0.000143,0.976856,0.213896,12.154280,-3.984128,0.125899,1,0,19.201890,0.001328
8.910000,4000.000000,-35.663200,158.364100,1,1,2,2,0.717431,0.717503,0.717467,0.000000,0.976468,0.215665,0.000146,0.976822,0.214049,11.575820,-3.959250,0.154513,1,0,19.202690,0.001334
8.920000,4000.000000,-35.702600,158.552000,1,1,2,2,0.718317,0.718378,0.718347,0.000000,0.975676,0.219219,0.000147,0.976725,0.214494,10.702750,-3.940047,0.183056,1,0,19.203480,0.001338
8.929999,4000.000000,-35.741890,158.740000,1,1,2,2,0.721954,0.722008,0.721981,0.000000,0.976607,0.215031,0.000147,0.976715,0.214539,9.750001,-3.929398,0.195001,1,0,19.204260,0.001325
8.940000,4000.000000,-35.781170,158.928000,1,1,2,2,0.724474,0.724524,0.724499,0.000000,0.975887,0.218277,0.000145,0.976643,0.214861,9.099890,-3.928066,0.202846,1,0,19.204950,0.001293
8.950000,4000.000000,-35.820500,159.116000,1,1,2,2,0.726215,0.726256,0.726236,0.000000,0.973956,0.226739,0.000142,0.976417,0.215888,8.404983,-3.933089,0.218051,1,0,19.205600,0.001242
8.960000,4000.000000,-35.859950,159.304000,1,1,2,2,0.729470,0.729507,0.729489,0.000000,0.973063,0.230538,0.000139,0.976138,0.217148,7.495423,-3.944910,0.230900,1,0,19.206270,0.001192
8.970000,4000.000000,-35.899610,159.491900,1,1,2,2,0.734820,0.734846,0.734833,0.000000,0.974342,0.225072,0.000133,0.975986,0.217829,6.722264,-3.965618,0.223288,1,0,19.206950,0.001121
8.980000,4000.000000,-35.939550,159.679800,1,1,2,2,0.739211,0.739230,0.739221,0.000000,0.973573,0.228377,0.000126,0.975784,0.218734,6.202943,-3.993863,0.212391,1,0,19.207630,0.001033
8.990000,4000.000000,-35.979820,159.867600,1,1,2,2,0.742590,0.742605,0.742597,0.000000,0.971472,0.237154,0.000119,0.975426,0.220326,5.655151,-4.027160,0.209850,1,0,19.208360,0.000937
9.000000,4000.000000,-36.020480,160.055300,1,1,2,2,0.747074,0.747081,0.747078,0.000000,0.970787,0.239943,0.000111,0.975043,0.222016,4.996035,-4.065788,0.203806,1,0,19.209200,0.000840
9.010000,4000.000000,-36.061580,160.243000,1,1,2,2,0.752609,0.752608,0.752608,0.000000,0.972244,0.233969,0.000101,0.974808,0.223045,4.637834,-4.110825,0.178221,1,0,19.210170,0.000727
9.020000,4000.000000,-36.103180,160.430500,1,1,2,2,0.757429,0.757420,0.757424,0.000000,0.971719,0.236139,0.000090,0.974549,0.224175,4.447221,-4.159322,0.151070,1,0,19.211270,0.000603
9.030000,4000.000000,-36.145270,160.618000,1,1,2,2,0.761100,0.761089,0.761095,0.000000,0.969899,0.243508,0.000080,0.974162,0.225849,4.239165,-4.209641,0.132815,1,0,19.212540,0.000482
9.040000,4000.000000,-36.187890,160.805300,1,1,2,2,0.765312,0.765292,0.765302,0.000000,0.969676,0.244394,0.000068,0.973790,0.227448,4.021907,-4.261954,0.111067,1,0,19.214010,0.000361
9.050000,4000.000000,-36.231050,160.992600,1,1,2,2,0.769381,0.769349,0.769365,0.000000,0.971069,0.238798,0.000055,0.973562,0.228424,4.191931,-4.316347,0.074921,1,0,19.215690,0.000230
9.059999,4000.000000,-36.274740,161.179700,1,1,2,2,0.773067,0.773026,0.773047,0.000000,0.970976,0.239176,0.000042,0.973344,0.229349,4.411607,-4.369041,0.039540,1,0,19.217570,0.000098
9.070000,4000.000000,-36.318940,161.366800,1,1,2,2,0.775681,0.775640,0.775660,0.000000,0.969805,0.243882,0.000029,0.973048,0.230602,4.604903,-4.419557,0.012873,1,0,19.219630,-0.000028
9.080000,4000.000000,-36.363620,161.553700,1,1,2,2,0.778231,0.778183,0.778207,0.000000,0.970153,0.242495,0.000016,0.972803,0.231632,4.870767,-4.468155,-0.016190,1,0,19.221880,-0.000149
9.090000,4000.000000,-36.408760,161.740600,1,1,2,2,0.779602,0.779547,0.779574,0.000000,0.971256,0.238038,0.000002,0.972672,0.232184,5.518628,-4.514132,-0.052004,1,0,19.224300,-0.000273
9.099999,4000.000000,-36.454300,161.927400,1,1,2,2,0.780995,0.780928,0.780961,0.000000,0.971599,0.236633,-0.000012,0.972582,0.232560,6.086679,-4.553771,-0.084747,1,0,19.226810,-0.000392
9.110000,4000.000000,-36.500180,162.114100,1,1,2,2,0.781643,0.781586,0.781615,0.000000,0.971253,0.238049,-0.000025,0.972468,0.233034,6.595483,-4.587852,-0.109847,1,0,19.229400,-0.000505
9.120000,4000.000000,-36.546350,162.300800,1,1,2,2,0.781686,0.781618,0.781652,0.000000,0.971969,0.235109,-0.000038,0.972427,0.233207,7.236251,-4.616961,-0.135765,1,0,19.232030,-0.000611
9.130000,4000.000000,-36.592750,162.487500,1,1,2,2,0.779978,0.779904,0.779941,0.000000,0.972642,0.232309,-0.000051,0.972447,0.233124,8.158369,-4.639814,-0.160323,1,0,19.234660,-0.000712
9.139999,4000.000000,-36.639280,162.674100,1,1,2,2,0.778647,0.778571,0.778609,0.000000,0.973304,0.229518,-0.000064,0.972521,0.232813,8.894547,-4.653678,-0.180152,1,0,19.237220,-0.000806
9.150000,4000.000000,-36.685890,162.860800,1,1,2,2,0.777150,0.777074,0.777112,0.000000,0.973660,0.228004,-0.000076,0.972619,0.232402,9.525654,-4.660366,-0.194575,1,0,19.239680,-0.000898
9.160000,4000.000000,-36.732490,163.047500,1,1,2,2,0.774684,0.774604,0.774644,0.000000,0.974518,0.224309,-0.000087,0.972785,0.231709,10.314180,-4.660901,-0.208282,1,0,19.242040,-0.000979
9.170000,4000.000000,-36.779030,163.234200,1,1,2,2,0.770480,0.770400,0.770440,0.000000,0.974677,0.223617,-0.000098,0.972950,0.231014,11.218530,-4.653750,-0.214121,1,0,19.244250,-0.001053
9.179999,4000.000000,-36.825410,163.421000,1,1,2,2,0.766910,0.766830,0.766870,0.000000,0.975331,0.220746,-0.000108,0.973160,0.230128,11.878030,-4.637793,-0.214717,1,0,19.246290,-0.001120
9.190000,4000.000000,-36.871570,163.607900,1,1,2,2,0.763875,0.763795,0.763835,0.000000,0.976130,0.217186,-0.000116,0.973423,0.229014,12.390380,-4.615410,-0.213254,1,0,19.248170,-0.001180
9.200000,4000.000000,-36.917450,163.794800,1,1,2,2,0.759779,0.759701,0.759740,0.000000,0.976831,0.214012,-0.000124,0.973726,0.227721,13.054460,-4.588032,-0.210216,1,0,19.249880,-0.001234
9.210000,4000.000000,-36.962990,163.981900,1,1,2,2,0.754448,0.754374,0.754411,0.000000,0.976509,0.215476,-0.000131,0.973971,0.226671,13.654680,-4.554178,-0.195761,1,0,19.251420,-0.001278
9.220000,4000.000000,-37.008130,164.169100,1,1,2,2,0.749877,0.749808,0.749843,0.000000,0.976957,0.213438,-0.000136,0.974234,0.225536,14.010800,-4.514480,-0.177010,1,0,19.252820,-0.001313
9.230000,4000.000000,-37.052850,164.356300,1,1,2,2,0.746527,0.746452,0.746490,0.000000,0.977907,0.209041,-0.000141,0.974563,0.224113,14.203350,-4.471315,-0.160440,1,0,19.254130,-0.001332
9.240000,4000.000000,-37.097110,164.543700,1,1,2,2,0.742266,0.742199,0.742233,0.000000,0.978259,0.207388,-0.000144,0.974893,0.222674,14.519340,-4.426270,-0.142301,1,0,19.255320,-0.001354
9.250000,4000.000000,-37.140890,164.731200,1,1,2,2,0.737482,0.737419,0.737451,0.000000,0.977496,0.210952,-0.000146,0.975123,0.221664,14.638780,-4.378142,-0.112557,1,0,19.256390,-0.001362
9.260000,4000.000000,-37.184180,164.918900,1,1,2,2,0.733499,0.733445,0.733472,0.000000,0.977578,0.210574,-0.000145,0.975339,0.220711,14.556980,-4.328863,-0.080554,1,0,19.257440,-0.001356
9.270000,4000.000000,-37.226980,165.106700,1,1,2,2,0.731229,0.731170,0.731200,0.000000,0.978501,0.206241,-0.000145,0.975621,0.219461,14.336810,-4.280396,-0.055276,1,0,19.258480,-0.001327
9.280000,4000.000000,-37.269320,165.294600,1,1,2,2,0.728334,0.728284,0.728309,0.000000,0.978419,0.206629,-0.000144,0.975869,0.218354,14.212990,-4.234082,-0.029413,1,0,19.259460,-0.001306
9.290000,4000.000000,-37.311210,165.482500,1,1,2,2,0.725507,0.725470,0.725489,0.000000,0.977333,0.211707,-0.000140,0.975997,0.217782,13.843550,-4.188986,0.005721,1,0,19.260390,-0.001269
9.300000,4000.000000,-37.352680,165.670600,1,1,2,2,0.723472,0.723441,0.723456,0.000000,0.977001,0.213237,-0.000135,0.976086,0.217386,13.338800,-4.147520,0.040580,1,0,19.261340,-0.001215
9.309999,4000.000000,-37.393800,165.858800,1,1,2,2,0.723296,0.723265,0.723281,0.000000,0.977823,0.209435,-0.000130,0.976238,0.216700,12.769970,-4.111005,0.064657,1,0,19.262310,-0.001134
9.320000,4000.000000,-37.434600,166.047100,1,1,2,2,0.722787,0.722768,0.722778,0.000000,0.977332,0.211714,-0.000123,0.976334,0.216267,12.278300,-4.080059,0.087983,1,0,19.263220,-0.001065
9.330000,4000.000000,-37.475140,166.235400,1,1,2,2,0.722594,0.722584,0.722589,0.000000,0.976044,0.217574,-0.000115,0.976309,0.216380,11.583030,-4.053928,0.117143,1,0,19.264100,-0.000980
9.340000,4000.000000,-37.515480,166.423800,1,1,2,2,0.723132,0.723130,0.723131,0.000000,0.975433,0.220298,-0.000105,0.976233,0.216722,10.817530,-4.034612,0.143830,1,0,19.264980,-0.000876
9.349999,4000.000000,-37.555710,166.612200,1,1,2,2,0.725313,0.725309,0.725311,0.000000,0.976075,0.217435,-0.000096,0.976221,0.216775,10.091900,-4.022793,0.157157,1,0,19.265850,-0.000753
9.360000,4000.000000,-37.595890,166.800600,1,1,2,2,0.727337,0.727348,0.727343,0.000000,0.975388,0.220497,-0.000086,0.976149,0.217097,9.441010,-4.018069,0.168533,1,0,19.266680,-0.000642
9.370000,4000.000000,-37.636090,166.989100,1,1,2,2,0.729530,0.729550,0.729540,0.000000,0.974032,0.226409,-0.000074,0.975970,0.217899,8.685393,-4.019710,0.182868,1,0,19.267480,-0.000518
9.380000,4000.000000,-37.676370,167.177500,1,1,2,2,0.732331,0.732362,0.732346,0.000000,0.973318,0.229461,-0.000061,0.975747,0.218895,7.912645,-4.028737,0.193484,1,0,19.268280,-0.000381
9.389999,4000.000000,-37.716830,167.365900,1,1,2,2,0.736226,0.736254,0.736240,0.000000,0.973901,0.226973,-0.000049,0.975592,0.219587,7.287705,-4.045312,0.190386,1,0,19.269100,-0.000236
9.400000,4000.000000,-37.757510,167.554300,1,1,2,2,0.739999,0.740032,0.740016,0.000000,0.973187,0.230017,-0.000036,0.975391,0.220478,6.741508,-4.067979,0.184971,1,0,19.269940,-0.000104
9.410000,4000.000000,-37.798470,167.742600,1,1,2,2,0.743568,0.743612,0.743590,0.000000,0.971999,0.234985,-0.000022,0.975108,0.221727,6.189107,-4.095965,0.181219,1,0,19.270830,0.000035
9.420000,4000.000000,-37.839760,167.930800,1,1,2,2,0.747557,0.747616,0.747586,0.000000,0.971473,0.237150,-0.000008,0.974804,0.223057,5.657733,-4.129328,0.173584,1,0,19.271800,0.000180
9.429999,4000.000000,-37.881440,168.119000,1,1,2,2,0.751861,0.751913,0.751887,0.000000,0.972030,0.234858,0.000005,0.974573,0.224066,5.362886,-4.167855,0.154324,1,0,19.272870,0.000320
9.440000,4000.000000,-37.923530,168.307100,1,1,2,2,0.756034,0.756095,0.756065,0.000000,0.971630,0.236506,0.000018,0.974327,0.225135,5.132484,-4.209230,0.133361,1,0,19.274070,0.000447
9.450000,4000.000000,-37.966060,168.495100,1,1,2,2,0.759590,0.759657,0.759624,0.000000,0.970757,0.240063,0.000032,0.974030,0.226417,4.964244,-4.252823,0.114350,1,0,19.275400,0.000574
9.460000,4000.000000,-38.009040,168.683000,1,1,2,2,0.763304,0.763373,0.763338,0.000000,0.970644,0.240519,0.000045,0.973746,0.227634,4.840754,-4.298027,0.092431,1,0,19.276890,0.000698
9.469999,4000.000000,-38.052490,168.870800,1,1,2,2,0.766466,0.766536,0.766501,0.000000,0.971225,0.238165,0.000058,0.973534,0.228540,5.001009,-4.344403,0.063166,1,0,19.278550,0.000812
9.480000,4000.000000,-38.096380,169.058600,1,1,2,2,0.769562,0.769634,0.769598,0.000000,0.971256,0.238038,0.000070,0.973341,0.229359,5.175141,-4.389184,0.033830,1,0,19.280370,0.000912
9.490000,4000.000000,-38.140700,169.246200,1,1,2,2,0.771848,0.771928,0.771888,0.000000,0.970879,0.239569,0.000082,0.973134,0.230238,5.419505,-4.432238,0.007483,1,0,19.282330,0.001006
9.500000,4000.000000,-38.185430,169.433800,1,1,2,2,0.773952,0.774030,0.773991,0.000000,0.971226,0.238161,0.000093,0.972973,0.230918,5.734426,-4.472883,-0.020319,1,0,19.284430,0.001092
9.510000,4000.000000,-38.230530,169.621300,1,1,2,2,0.774766,0.774845,0.774805,0.000000,0.971750,0.236011,0.000103,0.972868,0.231358,6.320807,-4.510433,-0.049678,1,0,19.286650,0.001167
9.520000,4000.000000,-38.275960,169.808800,1,1,2,2,0.775663,0.775743,0.775703,0.000000,0.972184,0.234217,0.000112,0.972809,0.231604,6.841406,-4.542250,-0.076988,1,0,19.288930,0.001229
9.530000,4000.000000,-38.321640,169.996200,1,1,2,2,0.775982,0.776062,0.776022,0.000000,0.972350,0.233527,0.000120,0.972770,0.231770,7.375188,-4.568976,-0.100649,1,0,19.291250,0.001283
9.540000,4000.000000,-38.367550,170.183600,1,1,2,2,0.775700,0.775778,0.775739,0.000000,0.973065,0.230531,0.000127,0.972795,0.231663,8.018973,-4.590488,-0.124352,1,0,19.293580,0.001326
9.550000,4000.000000,-38.413610,170.371000,1,1,2,2,0.773691,0.773769,0.773730,0.000000,0.973332,0.229401,0.000133,0.972842,0.231465,8.857256,-4.605716,-0.143405,1,0,19.295880,0.001358
9.559999,4000.000000,-38.459740,170.558400,1,1,2,2,0.772039,0.772111,0.772075,0.000000,0.974018,0.226473,0.000138,0.972944,0.231038,9.536266,-4.612772,-0.158608,1,0,19.298100,0.001382
9.570000,4000.000000,-38.505870,170.745800,1,1,2,2,0.770421,0.770488,0.770454,0.000000,0.974664,0.223674,0.000142,0.973094,0.230406,10.141530,-4.613207,-0.171090,1,0,19.300230,0.001397
9.580000,4000.000000,-38.551940,170.933200,1,1,2,2,0.767837,0.767901,0.767869,0.000000,0.975474,0.220114,0.000144,0.973303,0.229520,10.895680,-4.607740,-0.182560,1,0,19.302230,0.001399
9.590000,4000.000000,-38.597890,171.120700,1,1,2,2,0.763500,0.763562,0.763531,0.000000,0.975332,0.220742,0.000146,0.973483,0.228757,11.715710,-4.594918,-0.184056,1,0,19.304080,0.001386
9.599999,4000.000000,-38.643630,171.308300,1,1,2,2,0.759832,0.759888,0.759860,0.000000,0.975987,0.217829,0.000146,0.973702,0.227821,12.296920,-4.574108,-0.180789,1,0,19.305770,0.001376
9.610000,4000.000000,-38.689110,171.495900,1,1,2,2,0.757064,0.757111,0.757087,0.000000,0.976997,0.213253,0.000144,0.973994,0.226572,12.727940,-4.547634,-0.177951,1,0,19.307330,0.001353
9.620000,4000.000000,-38.734280,171.683700,1,1,2,2,0.753107,0.753151,0.753129,0.000000,0.977632,0.210321,0.000141,0.974318,0.225174,13.338850,-4.516953,-0.173758,1,0,19.308730,0.001316
9.630000,4000.000000,-38.779080,171.871500,1,1,2,2,0.747778,0.747815,0.747796,0.000000,0.976999,0.213243,0.000138,0.974554,0.224149,13.859740,-4.480311,-0.156109,1,0,19.309950,0.001259
9.639999,4000.000000,-38.823470,172.059400,1,1,2,2,0.743368,0.743399,0.743384,0.000000,0.977332,0.211714,0.000133,0.974801,0.223072,14.111700,-4.438597,-0.134317,1,0,19.311080,0.001214
9.650000,4000.000000,-38.867420,172.247500,1,1,2,2,0.740677,0.740698,0.740687,0.000000,0.978580,0.205870,0.000126,0.975138,0.221596,14.191390,-4.394433,-0.117961,1,0,19.312140,0.001153
9.660000,4000.000000,-38.910910,172.435700,1,1,2,2,0.736849,0.736862,0.736856,0.000000,0.978858,0.204540,0.000118,0.975470,0.220132,14.449790,-4.349488,-0.100580,1,0,19.313080,0.001076
9.670000,4000.000000,-38.953930,172.623900,1,1,2,2,0.732232,0.732243,0.732237,0.000000,0.977714,0.209941,0.000110,0.975665,0.219264,14.490490,-4.302021,-0.068876,1,0,19.313920,0.000976
9.679999,4000.000000,-38.996470,172.812300,1,1,2,2,0.728703,0.728705,0.728704,0.000000,0.977661,0.210187,0.000101,0.975840,0.218483,14.283200,-4.254172,-0.035076,1,0,19.314740,0.000894
9.690000,4000.000000,-39.038560,173.000900,1,1,2,2,0.725585,0.725574,0.725580,0.000000,0.978939,0.204152,0.000091,0.975985,0.217838,13.987840,-4.208366,-0.000712,1,0,19.315580,0.000794
9.700000,4000.000000,-39.080210,173.189500,1,1,2,2,0.725066,0.725044,0.725055,0.000000,0.978766,0.204979,0.000079,0.976230,0.216735,13.527220,-4.165465,0.021589,1,0,19.316420,0.000679
9.710000,4000.000000,-39.121480,173.378200,1,1,2,2,0.723321,0.723296,0.723308,0.000000,0.998586,0.053156,0.000065,0.976424,0.215859,13.289500,-4.127069,0.043749,1,0,19.317200,0.000550
9.719999,4000.000000,-39.162390,173.567000,1,1,2,2,0.721263,0.721235,0.721249,0.000000,0.976776,0.214264,0.000054,0.976454,0.215726,12.799590,-4.091003,0.078181,1,0,19.317920,0.000405
9.730000,4000.000000,-39.202990,173.755900,1,1,2,2,0.720499,0.720460,0.720480,0.000000,0.977961,0.208788,0.000041,0.976434,0.215813,12.091740,-4.059750,0.112029,1,0,19.318660,0.000279
9.740000,4000.000000,-39.243340,173.944800,1,1,2,2,0.722089,0.722042,0.722065,0.000000,0.977360,0.211586,0.000027,0.976514,0.215447,11.362060,-4.035439,0.129832,1,0,19.319410,0.000139
9.750000,4000.000000,-39.283530,174.133800,1,1,2,2,0.722905,0.722850,0.722877,0.000000,0.989250,0.146238,0.000012,0.976527,0.215391,10.801070,-4.018265,0.146429,1,0,19.320100,-0.000009
9.760000,4000.000000,-39.323590,174.322800,1,1,2,2,0.723941,0.723887,0.723914,0.000000,0.974900,0.222645,-0.000001,0.976390,0.216010,10.004560,-4.006584,0.170769,1,0,19.320740,-0.000160
9.770000,4000.000000,-39.363620,174.511800,1,1,2,2,0.725844,0.725785,0.725815,0.000000,0.975873,0.218341,-0.000014,0.976204,0.216853,9.141275,-4.002703,0.191547,1,0,19.321390,-0.000298
9.780000,4000.000000,-39.403690,174.700800,1,1,2,2,0.729172,0.729109,0.729141,0.000000,0.975012,0.222152,-0.000028,0.976102,0.217308,8.429172,-4.007268,0.196044,1,0,19.322040,-0.000438
9.790000,4000.000000,-39.443880,174.889800,1,1,2,2,0.732275,0.732204,0.732239,0.000000,0.974122,0.226023,-0.000042,0.975935,0.218059,7.789483,-4.018788,0.199255,1,0,19.322660,-0.000577
9.800000,4000.000000,-39.484250,175.078800,1,1,2,2,0.736003,0.735929,0.735966,0.000000,0.972673,0.232181,-0.000055,0.975664,0.219269,6.967322,-4.036552,0.205204,1,0,19.323290,-0.000709
9.809999,4000.000000,-39.524870,175.267700,1,1,2,2,0.739915,0.739840,0.739878,0.000000,0.955418,0.295256,-0.000067,0.975359,0.220621,6.246439,-4.062339,0.205756,1,0,19.323950,-0.000830
9.820000,4000.000000,-39.565820,175.456600,1,1,2,2,0.743862,0.743788,0.743825,0.000000,0.972409,0.233283,-0.000079,0.975111,0.221715,5.826579,-4.095150,0.194031,1,0,19.324680,-0.000944
9.830000,4000.000000,-39.607140,175.645400,1,1,2,2,0.748186,0.748108,0.748147,0.000000,0.958472,0.285188,-0.000090,0.974820,0.222991,5.352353,-4.132038,0.181766,1,0,19.325510,-0.001046
9.840000,4000.000000,-39.648880,175.834100,1,1,2,2,0.753370,0.753290,0.753330,0.000000,0.970912,0.239438,-0.000100,0.974495,0.224409,4.770198,-4.173529,0.167609,1,0,19.326440,-0.001138
9.849999,4000.000000,-39.691090,176.022700,1,1,2,2,0.757950,0.757870,0.757910,0.000000,0.950272,0.311420,-0.000110,0.974167,0.225828,4.440166,-4.220668,0.147706,1,0,19.327510,-0.001218
9.860000,4000.000000,-39.733800,176.211200,1,1,2,2,0.761047,0.760967,0.761007,0.000000,0.970409,0.241466,-0.000118,0.973854,0.227174,4.494186,-4.270991,0.123124,1,0,19.328740,-0.001284
9.870000,4000.000000,-39.777000,176.399600,1,1,2,2,0.765119,0.765039,0.765079,0.000000,0.945182,0.326544,-0.000125,0.973535,0.228536,4.349383,-4.320752,0.099473,1,0,19.330180,-0.001334
9.880000,4000.000000,-39.820720,176.587900,1,1,2,2,0.770130,0.770053,0.770091,0.000000,0.970341,0.241739,-0.000132,0.973265,0.229683,4.177486,-4.371888,0.070152,1,0,19.331800,-0.001374
9.889999,4000.000000,-39.864970,176.776100,1,1,2,2,0.773830,0.773756,0.773793,0.000000,0.970441,0.241339,-0.000137,0.973028,0.230685,4.355603,-4.424659,0.036281,1,0,19.333610,-0.001404
9.900000,4000.000000,-39.909730,176.964200,1,1,2,2,0.774790,0.774717,0.774754,0.000000,0.969772,0.244013,-0.000141,0.972756,0.231832,4.908279,-4.475657,0.007153,1,0,19.335610,-0.001416
9.910000,4000.000000,-39.954940,177.152200,1,1,2,2,0.777182,0.777119,0.777151,0.000000,0.969917,0.243437,-0.000143,0.972517,0.232831,5.136576,-4.521240,-0.019332,1,0,19.337790,-0.001414
9.920000,4000.000000,-40.000590,177.340200,1,1,2,2,0.780530,0.780468,0.780499,0.000000,0.971194,0.238292,-0.000145,0.972405,0.233298,5.401209,-4.564570,-0.054068,1,0,19.340110,-0.001403
9.929999,4000.000000,-40.046640,177.528000,1,1,2,2,0.782090,0.782035,0.782063,0.000000,0.971809,0.235768,-0.000145,0.972352,0.233517,6.043862,-4.605292,-0.091054,1,0,19.342540,-0.001386
9.940000,4000.000000,-40.093040,177.715900,1,1,2,2,0.780314,0.780264,0.780289,0.000000,0.970694,0.240317,-0.000144,0.972212,0.234101,6.942816,-4.639731,-0.114297,1,0,19.345020,-0.001353
9.950000,4000.000000,-40.139690,177.903600,1,1,2,2,0.780139,0.780097,0.780118,0.000000,0.971287,0.237910,-0.000141,0.972134,0.234424,7.458201,-4.665405,-0.133714,1,0,19.347530,-0.001309
9.960000,4000.000000,-40.186550,178.091400,1,1,2,2,0.780876,0.780839,0.780858,0.000000,0.973274,0.229648,-0.000138,0.972233,0.234013,8.047017,-4.686050,-0.162552,1,0,19.350050,-0.001254
9.969999,4000.000000,-40.233560,178.279100,1,1,2,2,0.779713,0.779682,0.779697,0.000000,0.974106,0.226090,-0.000133,0.972396,0.233331,8.965826,-4.700946,-0.190885,1,0,19.352510,-0.001201
9.980000,4000.000000,-40.280630,178.466800,1,1,2,2,0.775521,0.775499,0.775510,0.000000,0.972789,0.231693,-0.000127,0.972430,0.233191,9.928757,-4.706882,-0.199240,1,0,19.354810,-0.001136
9.990000,4000.000000,-40.327660,178.654600,1,1,2,2,0.772745,0.772730,0.772737,0.000000,0.973604,0.228245,-0.000119,0.972533,0.232763,10.540370,-4.703447,-0.203701,1,0,19.357010,-0.001061
