time,x,y,z,left,right,leftSamples,rightSamples,leftHeight,rightHeight,height,rawNx,rawNy,rawNz,supportNx,supportNy,supportNz,supportAcceleration,verticalVelocity,normalVelocity,grounded,transitions,speed,lateralAcceleration
0.000000,4000.000000,0.270916,2.168111,1,1,2,2,0.750000,0.750000,0.750000,0.000000,0.974555,0.224148,0.000000,0.974555,0.224148,9.560387,-3.586364,0.000000,1,0,16.000000,0.000000
0.010000,4000.000000,0.235038,2.324106,1,1,2,2,0.750000,0.750000,0.750000,0.000000,0.974555,0.224148,0.000000,0.974555,0.224148,9.560384,-3.587887,0.000000,1,0,16.006800,0.000000
0.020000,4000.000000,0.199143,2.480167,1,1,2,2,0.750000,0.750000,0.750000,0.000000,0.974555,0.224148,0.000000,0.974555,0.224148,9.560382,-3.589407,0.000000,1,0,16.013580,0.000000
0.030000,4000.000000,0.163234,2.636294,1,1,2,2,0.750000,0.750000,0.750000,0.000000,0.974555,0.224149,0.000000,0.974555,0.224148,9.560398,-3.590926,0.000000,1,0,16.020360,0.000000
0.040000,4000.000000,0.127310,2.792488,1,1,2,2,0.750000,0.750000,0.750000,0.000000,0.974555,0.224149,0.000000,0.974555,0.224148,9.560383,-3.592443,0.000000,1,0,16.027120,0.000000
0.050000,4000.000000,0.091370,2.948747,1,1,2,2,0.750000,0.750000,0.750000,0.000000,0.974555,0.224148,0.000000,0.974555,0.224148,9.560384,-3.593957,0.000000,1,0,16.033880,0.000000
0.060000,4000.000000,0.055416,3.105071,1,1,2,2,0.750000,0.750000,0.750000,0.000000,0.974555,0.224149,0.000000,0.974555,0.224148,9.560387,-3.595469,0.000000,1,0,16.040620,0.000000
0.070000,4000.000000,0.019446,3.261462,1,1,2,2,0.750000,0.750000,0.750000,0.000000,0.974555,0.224149,0.000000,0.974555,0.224148,9.560385,-3.596978,0.000000,1,0,16.047360,0.000000
0.080000,4000.000000,-0.016539,3.417918,1,1,2,2,0.750000,0.750000,0.750000,0.000000,0.974555,0.224149,0.000000,0.974555,0.224148,9.560384,-3.598486,0.000000,1,0,16.054080,0.000000
0.090000,4000.000000,-0.052539,3.574439,1,1,2,2,0.750000,0.750000,0.750000,0.000000,0.974555,0.224148,0.000000,0.974555,0.224148,9.560384,-3.599991,0.000000,1,0,16.060800,0.000000
0.100000,4000.000000,-0.088554,3.731026,1,1,2,2,0.750000,0.750000,0.750000,0.000000,0.974555,0.224147,0.000000,0.974555,0.224148,9.560379,-3.601494,0.000000,1,0,16.067510,0.000000
0.110000,4000.000000,-0.124584,3.887678,1,1,2,2,0.750000,0.750000,0.750000,0.000000,0.974555,0.224147,0.000000,0.974555,0.224148,9.560371,-3.602995,0.000000,1,0,16.074200,0.000000
0.120000,4000.000000,-0.160629,4.044395,1,1,2,2,0.750000,0.750000,0.750000,0.000000,0.974555,0.224147,0.000000,0.974555,0.224148,9.560385,-3.604494,0.000000,1,0,16.080890,0.000000
0.130000,4000.000000,-0.196689,4.201177,1,1,2,2,0.750000,0.750000,0.750000,0.000000,0.974555,0.224148,0.000000,0.974555,0.224148,9.560373,-3.605990,0.000000,1,0,16.087560,0.000000
0.140000,4000.000000,-0.232764,4.358024,1,1,2,2,0.750000,0.750000,0.750000,0.000000,0.974555,0.224147,0.000000,0.974555,0.224148,9.560410,-3.607485,0.000000,1,0,16.094230,0.000000
0.150000,4000.000000,-0.268853,4.514936,1,1,2,2,0.750000,0.750000,0.750000,0.000000,0.974556,0.224146,0.000000,0.974555,0.224148,9.560395,-3.608976,0.000000,1,0,16.100890,0.000000
0.160000,4000.000000,-0.304958,4.671913,1,1,2,2,0.750000,0.750000,0.750000,0.000000,0.974555,0.224150,0.000000,0.974555,0.224148,9.560391,-3.610466,0.000000,1,0,16.107530,0.000000
0.170000,4000.000000,-0.341078,4.828954,1,1,2,2,0.750000,0.750000,0.750000,0.000000,0.974556,0.224146,0.000000,0.974555,0.224148,9.560406,-3.611953,0.000000,1,0,16.114170,0.000000
0.180000,4000.000000,-0.377212,4.986060,1,1,2,2,0.750000,0.750000,0.750000,0.000000,0.974556,0.224146,0.000000,0.974555,0.224148,9.560371,-3.613439,0.000000,1,0,16.120800,0.000000
0.190000,4000.000000,-0.413361,5.143230,1,1,2,2,0.750000,0.750000,0.750000,0.000000,0.974555,0.224150,0.000000,0.974555,0.224148,9.560398,-3.614922,0.000000,1,0,16.127410,0.000000
0.200000,4000.000000,-0.449525,5.300466,1,1,2,2,0.750000,0.750000,0.750000,0.000000,0.974556,0.224146,0.000000,0.974555,0.224148,9.560382,-3.616403,0.000001,1,0,16.134020,0.000000
0.210000,4000.000000,-0.485704,5.457765,1,1,2,2,0.750000,0.750000,0.750000,0.000000,0.974555,0.224149,0.000000,0.974555,0.224148,9.560385,-3.617882,0.000001,1,0,16.140620,0.000000
0.220000,4000.000000,-0.521898,5.615128,1,1,2,2,0.750000,0.750000,0.750000,0.000000,0.974556,0.224146,0.000000,0.974555,0.224148,9.560382,-3.619358,0.000001,1,0,16.147210,0.000000
0.230000,4000.000000,-0.558106,5.772555,1,1,2,2,0.750000,0.750000,0.750000,0.000000,0.974556,0.224146,0.000000,0.974555,0.224148,9.560391,-3.620832,0.000001,1,0,16.153780,0.000000
0.240000,4000.000000,-0.594329,5.930047,1,1,2,2,0.750000,0.750000,0.750000,0.000000,0.974555,0.224149,0.000000,0.974555,0.224148,9.560380,-3.622305,0.000001,1,0,16.160350,0.000000
0.250000,4000.000000,-0.630567,6.087603,1,1,2,2,0.750000,0.750000,0.750000,0.000000,0.974556,0.224146,0.000000,0.974555,0.224148,9.560370,-3.623775,0.000001,1,0,16.166910,0.000000
0.260000,4000.000000,-0.666819,6.245222,1,1,2,2,0.750000,0.750000,0.750000,0.000000,0.974555,0.224148,0.000000,0.974555,0.224148,9.560340,-3.625243,0.000001,1,0,16.173460,0.000000
0.270000,4000.000000,-0.703086,6.402905,1,1,2,2,0.750000,0.750000,0.750000,0.000000,0.974555,0.224148,0.000000,0.974555,0.224148,9.560382,-3.626709,0.000000,1,0,16.180000,0.000000
0.280000,4000.000000,-0.739368,6.560652,1,1,2,2,0.750000,0.750000,0.750000,0.000000,0.974556,0.224146,0.000000,0.974555,0.224148,9.560369,-3.628172,0.000000,1,0,16.186530,0.000000
0.290000,4000.000000,-0.775664,6.718462,1,1,2,2,0.750000,0.750000,0.750000,0.000000,0.974555,0.224149,0.000000,0.974555,0.224148,9.560375,-3.629634,0.000000,1,0,16.193050,0.000000
0.300000,4000.000000,-0.811975,6.876336,1,1,2,2,0.750000,0.750000,0.750000,0.000000,0.974556,0.224146,0.000000,0.974555,0.224148,9.560366,-3.631093,0.000000,1,0,16.199560,0.000000
0.310000,4000.000000,-0.848301,7.034273,1,1,2,2,0.750000,0.750000,0.750000,0.000000,0.974556,0.224146,0.000000,0.974555,0.224148,9.560373,-3.632550,0.000000,1,0,16.206050,0.000000
0.320000,4000.000000,-0.884641,7.192273,1,1,2,2,0.750000,0.750000,0.750000,0.000000,0.974555,0.224148,0.000000,0.974555,0.224148,9.560382,-3.634005,0.000000,1,0,16.212550,0.000000
0.330000,4000.000000,-0.920995,7.350336,1,1,2,2,0.750000,0.750000,0.750000,0.000000,0.974556,0.224146,0.000000,0.974555,0.224148,9.560381,-3.635458,0.000000,1,0,16.219030,0.000000
0.340000,4000.000000,-0.957364,7.508462,1,1,2,2,0.750000,0.750000,0.750000,0.000000,0.974555,0.224149,0.000000,0.974555,0.224148,9.560381,-3.636908,0.000000,1,0,16.225500,0.000000
0.350000,4000.000000,-0.993748,7.666652,1,1,2,2,0.750000,0.750000,0.750000,0.000000,0.974555,0.224148,0.000000,0.974555,0.224148,9.560404,-3.638356,0.000000,1,0,16.231960,0.000000
0.360000,4000.000000,-1.030146,7.824904,1,1,2,2,0.750000,0.750000,0.750000,0.000000,0.974556,0.224146,0.000000,0.974555,0.224148,9.560390,-3.639802,0.000000,1,0,16.238410,0.000000
0.370000,4000.000000,-1.066558,7.983219,1,1,2,2,0.750000,0.750000,0.750000,0.000000,0.974555,0.224148,0.000000,0.974555,0.224148,9.560388,-3.641246,0.000000,1,0,16.244850,0.000000
0.380000,4000.000000,-1.102985,8.141597,1,1,2,2,0.750000,0.750000,0.750000,0.000000,0.974555,0.224147,0.000000,0.974555,0.224148,9.560360,-3.642688,0.000000,1,0,16.251290,0.000000
0.390000,4000.000000,-1.139427,8.300037,1,1,2,2,0.750000,0.750000,0.750000,0.000000,0.974556,0.224146,0.000000,0.974555,0.224148,9.560357,-3.644128,-0.000001,1,0,16.257710,0.000000
0.400000,4000.000000,-1.175882,8.458540,1,1,2,2,0.750000,0.750000,0.750000,0.000000,0.974555,0.224148,0.000000,0.974555,0.224148,9.560387,-3.645566,-0.000001,1,0,16.264120,0.000000
0.410000,4000.000000,-1.212352,8.617105,1,1,2,2,0.750000,0.750000,0.750000,0.000000,0.974556,0.224146,0.000000,0.974555,0.224148,9.560414,-3.647001,0.000000,1,0,16.270530,0.000000
0.420000,4000.000000,-1.248837,8.775733,1,1,2,2,0.750000,0.750000,0.750000,0.000000,0.974556,0.224146,0.000000,0.974555,0.224148,9.560354,-3.648434,0.000000,1,0,16.276920,0.000000
0.430000,4000.000000,-1.285335,8.934422,1,1,2,2,0.750000,0.750000,0.750000,0.000000,0.974556,0.224146,0.000000,0.974555,0.224148,9.560403,-3.649866,-0.000001,1,0,16.283310,0.000000
0.440000,4000.000000,-1.321848,9.093174,1,1,2,2,0.750000,0.750000,0.750000,0.000000,0.974556,0.224146,0.000000,0.974555,0.224148,9.560462,-3.651294,0.000000,1,0,16.289680,0.000000
0.450000,4000.000000,-1.358376,9.251988,1,1,2,2,0.750000,0.750000,0.750000,0.000000,0.974556,0.224146,0.000000,0.974555,0.224148,9.560373,-3.652720,0.000000,1,0,16.296050,0.000000
0.460000,4000.000000,-1.394917,9.410864,1,1,2,2,0.750000,0.750000,0.750000,0.000000,0.974556,0.224146,0.000000,0.974555,0.224148,9.560442,-3.654145,0.000000,1,0,16.302400,0.000000
0.470000,4000.000000,-1.431473,9.569801,1,1,2,2,0.750000,0.750000,0.750000,0.000000,0.974556,0.224146,0.000000,0.974555,0.224148,9.560406,-3.655567,0.000001,1,0,16.308750,0.000000
0.480000,4000.000000,-1.468042,9.728801,1,1,2,2,0.750000,0.750000,0.750000,0.000000,0.974556,0.224145,0.000000,0.974555,0.224148,9.560372,-3.656987,0.000002,1,0,16.315090,0.000000
0.490000,4000.000000,-1.504627,9.887862,1,1,2,2,0.750000,0.750000,0.750000,0.000000,0.974556,0.224146,0.000000,0.974555,0.224148,9.560349,-3.658406,0.000001,1,0,16.321410,0.000000
0.500000,4000.000000,-1.541225,10.046980,1,1,2,2,0.750000,0.750000,0.750000,0.000000,0.974556,0.224146,0.000000,0.974555,0.224148,9.560371,-3.659822,0.000001,1,0,16.327730,0.000000
0.510000,4000.000000,-1.577837,10.206170,1,1,2,2,0.750000,0.750000,0.750000,0.000000,0.974556,0.224145,0.000000,0.974555,0.224148,9.560305,-3.661236,0.000002,1,0,16.334040,0.000000
0.520000,4000.000000,-1.614464,10.365410,1,1,2,2,0.750000,0.750000,0.750000,0.000000,0.974556,0.224146,0.000000,0.974555,0.224148,9.560372,-3.662649,0.000001,1,0,16.340340,0.000000
0.530000,4000.000000,-1.651104,10.524720,1,1,2,2,0.750000,0.750000,0.750000,0.000000,0.974556,0.224146,0.000000,0.974555,0.224148,9.560399,-3.664059,0.000001,1,0,16.346630,0.000000
0.540000,4000.000000,-1.687759,10.684090,1,1,2,2,0.750000,0.750000,0.750000,0.000000,0.974556,0.224145,0.000000,0.974555,0.224148,9.560384,-3.665467,0.000001,1,0,16.352910,0.000000
0.550000,4000.000000,-1.724428,10.843520,1,1,2,2,0.750000,0.750000,0.750000,0.000000,0.974556,0.224145,0.000000,0.974555,0.224148,9.560378,-3.666872,0.000001,1,0,16.359180,0.000000
0.560000,4000.000000,-1.761110,11.003010,1,1,2,2,0.750000,0.750000,0.750000,0.000000,0.974556,0.224145,0.000000,0.974555,0.224148,9.560355,-3.668276,0.000001,1,0,16.365440,0.000000
0.570000,4000.000000,-1.797807,11.162560,1,1,2,2,0.750000,0.750000,0.750000,0.000000,0.974556,0.224145,0.000000,0.974555,0.224148,9.560339,-3.669677,0.000001,1,0,16.371700,0.000000
0.580000,4000.000000,-1.834518,11.322170,1,1,2,2,0.750000,0.750000,0.750000,0.000000,0.974556,0.224145,0.000000,0.974555,0.224148,9.560360,-3.671077,0.000000,1,0,16.377940,0.000000
0.590000,4000.000000,-1.871243,11.481850,1,1,2,2,0.750000,0.750000,0.750000,0.000000,0.974556,0.224145,0.000000,0.974555,0.224148,9.560359,-3.672474,-0.000001,1,0,16.384170,0.000000
0.600000,4000.000000,-1.907981,11.641580,1,1,2,2,0.750000,0.750000,0.750000,0.000000,0.974556,0.224145,0.000000,0.974555,0.224148,9.560378,-3.673870,0.000000,1,0,16.390400,0.000000
0.610000,4000.000000,-1.944734,11.801370,1,1,2,2,0.750000,0.750000,0.750000,0.000000,0.974556,0.224145,0.000000,0.974555,0.224148,9.560365,-3.675263,-0.000001,1,0,16.396610,0.000000
0.620000,4000.000000,-1.981501,11.961230,1,1,2,2,0.750000,0.750000,0.750000,0.000000,0.974556,0.224146,0.000000,0.974555,0.224148,9.560378,-3.676654,-0.000001,1,0,16.402810,0.000000
0.630000,4000.000000,-2.018281,12.121140,1,1,2,2,0.750000,0.750000,0.750000,0.000000,0.974556,0.224145,0.000000,0.974555,0.224148,9.560385,-3.678042,-0.000001,1,0,16.409010,0.000000
0.640000,4000.000000,-2.055075,12.281120,1,1,2,2,0.750001,0.750000,0.750000,0.000000,0.974556,0.224145,0.000000,0.974555,0.224148,9.560348,-3.679429,-0.000001,1,0,16.415200,0.000000
0.650000,4000.000000,-2.091883,12.441150,1,1,2,2,0.750000,0.750000,0.750000,0.000000,0.974556,0.224146,0.000000,0.974555,0.224148,9.560409,-3.680814,-0.000002,1,0,16.421380,0.000000
0.660000,4000.000000,-2.128706,12.601250,1,1,2,2,0.750000,0.750000,0.750000,0.000000,0.974556,0.224145,0.000000,0.974555,0.224148,9.560450,-3.682196,-0.000001,1,0,16.427540,0.000000
0.670000,4000.000000,-2.165541,12.761400,1,1,2,2,0.750000,0.750000,0.750000,0.000000,0.981771,0.190068,0.000000,0.974555,0.224148,9.560377,-3.683576,-0.000001,1,0,16.433700,0.000000
0.680000,4000.000000,-2.202391,12.921620,1,1,2,2,0.750000,0.750000,0.750000,0.000000,0.974556,0.224145,0.000000,0.974555,0.224148,9.560420,-3.684954,-0.000001,1,0,16.439850,0.000000
0.690000,4000.000000,-2.239254,13.081890,1,1,2,2,0.750000,0.750000,0.750000,0.000000,0.974556,0.224146,0.000000,0.974555,0.224148,9.560395,-3.686330,0.000000,1,0,16.445990,0.000000
0.700000,4000.000000,-2.276131,13.242230,1,1,2,2,0.750000,0.750000,0.750000,0.000000,0.974556,0.224145,0.000000,0.974555,0.224148,9.560368,-3.687704,0.000000,1,0,16.452120,0.000000
0.710000,4000.000000,-2.313022,13.402620,1,1,2,2,0.750000,0.750000,0.750000,0.000000,0.974556,0.224146,0.000000,0.974555,0.224148,9.560393,-3.689076,0.000000,1,0,16.458240,0.000000
0.720000,4000.000000,-2.349926,13.563080,1,1,2,2,0.750000,0.750000,0.750000,0.000000,0.974556,0.224146,0.000000,0.974555,0.224148,9.560449,-3.690446,0.000001,1,0,16.464350,0.000000
0.730000,4000.000000,-2.386845,13.723590,1,1,2,2,0.750000,0.750000,0.750000,0.000000,0.974556,0.224146,0.000000,0.974555,0.224148,9.560392,-3.691813,0.000002,1,0,16.470460,0.000000
0.740000,4000.000000,-2.423776,13.884160,1,1,2,2,0.750000,0.750000,0.750000,0.000000,0.974556,0.224146,0.000000,0.974555,0.224148,9.560400,-3.693179,0.000001,1,0,16.476550,0.000000
0.750000,4000.000000,-2.460722,14.044800,1,1,2,2,0.750000,0.750000,0.750000,0.000000,0.974556,0.224146,0.000000,0.974555,0.224148,9.560384,-3.694543,0.000002,1,0,16.482640,0.000000
0.760000,4000.000000,-2.497681,14.205490,1,1,2,2,0.750000,0.750000,0.750000,0.000000,0.974556,0.224145,0.000000,0.974555,0.224148,9.560337,-3.695904,0.000003,1,0,16.488710,0.000000
0.770000,4000.000000,-2.534653,14.366240,1,1,2,2,0.750000,0.750000,0.750000,0.000000,0.974556,0.224145,0.000000,0.974555,0.224148,9.560371,-3.697264,0.000001,1,0,16.494780,0.000000
0.780000,4000.000000,-2.571639,14.527050,1,1,2,2,0.750000,0.750000,0.750000,0.000000,0.974556,0.224146,0.000000,0.974555,0.224148,9.560361,-3.698622,0.000002,1,0,16.500830,0.000000
0.790000,4000.000000,-2.608639,14.687920,1,1,2,2,0.750000,0.750000,0.750000,0.000000,0.974556,0.224145,0.000000,0.974555,0.224148,9.560362,-3.699978,0.000002,1,0,16.506880,0.000000
0.800000,4000.000000,-2.645652,14.848840,1,1,2,2,0.750000,0.750000,0.750000,0.000000,0.974556,0.224146,0.000000,0.974555,0.224148,9.560304,-3.701332,0.000001,1,0,16.512920,0.000000
0.810000,4000.000000,-2.682679,15.009830,1,1,2,2,0.750000,0.750000,0.750000,0.000000,0.974556,0.224146,0.000000,0.974555,0.224148,9.560351,-3.702684,0.000001,1,0,16.518950,0.000000
0.820000,4000.000000,-2.719719,15.170880,1,1,2,2,0.750000,0.750000,0.750000,0.000000,0.974556,0.224146,0.000000,0.974555,0.224148,9.560325,-3.704034,0.000001,1,0,16.524970,0.000000
0.830000,4000.000000,-2.756773,15.331980,1,1,2,2,0.750000,0.750000,0.750000,0.000000,0.974556,0.224145,0.000000,0.974555,0.224148,9.560373,-3.705382,0.000000,1,0,16.530980,0.000000
0.840000,4000.000000,-2.793840,15.493140,1,1,2,2,0.750000,0.750000,0.750000,0.000000,0.974556,0.224146,0.000000,0.974555,0.224148,9.560347,-3.706727,-0.000001,1,0,16.536980,0.000000
0.850000,4000.000000,-2.830921,15.654360,1,1,2,2,0.750000,0.750000,0.750000,0.000000,0.974556,0.224146,0.000000,0.974555,0.224148,9.560351,-3.708071,-0.000001,1,0,16.542970,0.000000
0.860000,4000.000000,-2.868015,15.815640,1,1,2,2,0.750000,0.750000,0.750000,0.000000,0.974556,0.224145,0.000000,0.974555,0.224148,9.560407,-3.709412,-0.000002,1,0,16.548960,0.000000
0.870000,4000.000000,-2.905123,15.976980,1,1,2,2,0.750000,0.750000,0.750000,0.000000,0.974556,0.224145,0.000000,0.974555,0.224148,9.560420,-3.710751,-0.000001,1,0,16.554930,0.000000
0.880000,4000.000000,-2.942244,16.138370,1,1,2,2,0.750000,0.750000,0.750000,0.000000,0.974556,0.224145,0.000000,0.974555,0.224148,9.560348,-3.712088,-0.000001,1,0,16.560900,0.000000
0.890000,4000.000000,-2.979378,16.299830,1,1,2,2,0.750000,0.750000,0.750000,0.000000,0.974556,0.224146,0.000000,0.974555,0.224148,9.560380,-3.713423,-0.000001,1,0,16.566850,0.000000
0.900000,4000.000000,-3.016525,16.461340,1,1,2,2,0.750000,0.750000,0.750000,0.000000,0.974556,0.224146,0.000000,0.974555,0.224148,9.560472,-3.714756,-0.000001,1,0,16.572800,0.000000
0.910000,4000.000000,-3.053686,16.622910,1,1,2,2,0.750000,0.750001,0.750000,0.000000,0.974556,0.224145,0.000000,0.974555,0.224148,9.560341,-3.716086,-0.000001,1,0,16.578740,0.000000
0.920000,4000.000000,-3.090860,16.784530,1,1,2,2,0.750000,0.750000,0.750000,0.000000,0.974556,0.224146,0.000000,0.974555,0.224148,9.560403,-3.717416,-0.000001,1,0,16.584670,0.000000
0.930000,4000.000000,-3.128048,16.946220,1,1,2,2,0.750000,0.750000,0.750000,0.000000,0.974556,0.224145,0.000000,0.974555,0.224148,9.560352,-3.718743,0.000000,1,0,16.590590,0.000000
0.940000,4000.000000,-3.165248,17.107960,1,1,2,2,0.750000,0.750000,0.750000,0.000000,0.974556,0.224145,0.000000,0.974555,0.224148,9.560383,-3.720068,-0.000002,1,0,16.596500,0.000000
0.950000,4000.000000,-3.202462,17.269760,1,1,2,2,0.750001,0.750001,0.750001,0.000000,0.960829,0.277141,0.000000,0.974555,0.224148,9.560331,-3.721391,-0.000001,1,0,16.602400,0.000000
0.960000,4000.000000,-3.239689,17.431620,1,1,2,2,0.750001,0.750001,0.750001,0.000000,0.974556,0.224145,0.000000,0.974555,0.224148,9.560321,-3.722712,-0.000002,1,0,16.608300,0.000000
0.970000,4000.000000,-3.276930,17.593530,1,1,2,2,0.750000,0.750000,0.750000,0.000000,0.974556,0.224146,0.000000,0.974555,0.224148,9.560433,-3.724032,-0.000002,1,0,16.614180,0.000000
0.980000,4000.000000,-3.314183,17.755500,1,1,2,2,0.750001,0.750001,0.750001,0.000000,0.987394,0.158285,0.000000,0.974555,0.224148,9.560225,-3.725348,-0.000001,1,0,16.620050,0.000000
0.990000,4000.000000,-3.351450,17.917530,1,1,2,2,0.750001,0.750001,0.750001,0.000000,0.974556,0.224146,0.000000,0.974555,0.224148,9.560246,-3.726665,-0.000003,1,0,16.625920,0.000000
1.000000,4000.000000,-3.388730,18.079620,1,1,2,2,0.750001,0.750001,0.750001,0.000000,0.974556,0.224144,0.000000,0.974555,0.224148,9.560314,-3.727979,-0.000005,1,0,16.631780,0.000000
1.010000,4000.000000,-3.426023,18.241760,1,1,2,2,0.750001,0.750001,0.750001,0.000000,0.974556,0.224145,0.000000,0.974555,0.224148,9.560355,-3.729290,-0.000006,1,0,16.637620,0.000000
1.020000,4000.000000,-3.463329,18.403960,1,1,2,2,0.750001,0.750001,0.750001,0.000000,0.974556,0.224145,0.000000,0.974555,0.224148,9.560467,-3.730599,-0.000007,1,0,16.643470,0.000000
1.030000,4000.000000,-3.500648,18.566220,1,1,2,2,0.750000,0.750000,0.750000,0.000000,0.974556,0.224145,0.000000,0.974555,0.224148,9.560436,-3.731905,-0.000004,1,0,16.649300,0.000000
1.040000,4000.000000,-3.537980,18.728530,1,1,2,2,0.750001,0.750001,0.750001,0.000000,0.974556,0.224145,0.000000,0.974555,0.224148,9.560263,-3.733210,-0.000001,1,0,16.655120,0.000000
1.050000,4000.000000,-3.575325,18.890900,1,1,2,2,0.750001,0.750001,0.750001,0.000000,0.974556,0.224146,0.000000,0.974555,0.224148,9.560289,-3.734514,-0.000003,1,0,16.660930,0.000000
1.060000,4000.000000,-3.612683,19.053330,1,1,2,2,0.750001,0.750001,0.750001,0.000000,0.974556,0.224146,0.000000,0.974555,0.224148,9.560376,-3.735816,-0.000005,1,0,16.666730,0.000000
1.070000,4000.000000,-3.650054,19.215810,1,1,2,2,0.750001,0.750001,0.750001,0.000000,0.974556,0.224146,0.000000,0.974555,0.224148,9.560392,-3.737115,-0.000005,1,0,16.672530,0.000000
1.080000,4000.000000,-3.687438,19.378350,1,1,2,2,0.750001,0.750000,0.750000,0.000000,0.974556,0.224144,0.000000,0.974555,0.224148,9.560474,-3.738411,-0.000006,1,0,16.678310,0.000000
1.090000,4000.000000,-3.724835,19.540950,1,1,2,2,0.750000,0.750000,0.750000,0.000000,0.974556,0.224144,0.000000,0.974555,0.224148,9.560441,-3.739706,-0.000003,1,0,16.684090,0.000000
1.100000,4000.000000,-3.762245,19.703600,1,1,2,2,0.750000,0.750000,0.750000,0.000000,0.974556,0.224146,0.000000,0.974555,0.224148,9.560428,-3.740998,-0.000001,1,0,16.689860,0.000000
1.110000,4000.000000,-3.799668,19.866300,1,1,2,2,0.750000,0.750001,0.750000,0.000000,0.974556,0.224144,0.000000,0.974555,0.224148,9.560359,-3.742289,-0.000002,1,0,16.695620,0.000000
1.120000,4000.000000,-3.837104,20.029070,1,1,2,2,0.750000,0.750000,0.750000,0.000000,0.974556,0.224145,0.000000,0.974555,0.224148,9.560405,-3.743578,-0.000003,1,0,16.701370,0.000000
1.130000,4000.000000,-3.874552,20.191890,1,1,2,2,0.750000,0.750000,0.750000,0.000000,0.974556,0.224145,0.000000,0.974555,0.224148,9.560414,-3.744864,-0.000003,1,0,16.707110,0.000000
1.140000,4000.000000,-3.912014,20.354760,1,1,2,2,0.750000,0.750000,0.750000,0.000000,0.974556,0.224145,0.000000,0.974555,0.224148,9.560452,-3.746149,-0.000004,1,0,16.712840,0.000000
1.150000,4000.000000,-3.949488,20.517700,1,1,2,2,0.749999,0.750000,0.750000,0.000000,0.955516,0.294939,0.000000,0.974555,0.224148,9.560493,-3.747432,-0.000001,1,0,16.718570,0.000000
1.160000,4000.000000,-3.986975,20.680680,1,1,2,2,0.750000,0.750000,0.750000,0.000000,0.974556,0.224146,0.000000,0.974555,0.224148,9.560408,-3.748712,0.000002,1,0,16.724280,0.000000
1.170000,4000.000000,-4.024475,20.843730,1,1,2,2,0.750000,0.750000,0.750000,0.000000,0.974556,0.224145,0.000000,0.974555,0.224148,9.560365,-3.749991,0.000001,1,0,16.729990,0.000000
1.180000,4000.000000,-4.061988,21.006820,1,1,2,2,0.750000,0.750000,0.750000,0.000000,0.974556,0.224145,0.000000,0.974555,0.224148,9.560350,-3.751268,0.000000,1,0,16.735690,0.000000
1.190000,4000.000000,-4.099514,21.169980,1,1,2,2,0.750000,0.750000,0.750000,0.000000,0.974556,0.224145,0.000000,0.974555,0.224148,9.560461,-3.752544,-0.000001,1,0,16.741380,0.000000
1.200000,4000.000000,-4.137052,21.333190,1,1,2,2,0.750000,0.750000,0.750000,0.000000,0.974556,0.224144,0.000000,0.974555,0.224148,9.560399,-3.753816,-0.000001,1,0,16.747060,0.000000
1.210000,4000.000000,-4.174603,21.496450,1,1,2,2,0.750001,0.750001,0.750001,0.000000,0.974556,0.224146,0.000000,0.974555,0.224148,9.560346,-3.755087,-0.000002,1,0,16.752730,0.000000
1.220000,4000.000000,-4.212166,21.659770,1,1,2,2,0.750000,0.750000,0.750000,0.000000,0.974556,0.224146,0.000000,0.974555,0.224148,9.560388,-3.756357,0.000000,1,0,16.758390,0.000000
1.230000,4000.000000,-4.249743,21.823150,1,1,2,2,0.750000,0.750000,0.750000,0.000000,0.974556,0.224145,0.000000,0.974555,0.224148,9.560386,-3.757624,-0.000001,1,0,16.764040,0.000000
1.240000,4000.000000,-4.287332,21.986580,1,1,2,2,0.750000,0.750000,0.750000,0.000000,0.974556,0.224146,0.000000,0.974555,0.224148,9.560417,-3.758889,-0.000001,1,0,16.769690,0.000000
1.250000,4000.000000,-4.324933,22.150060,1,1,2,2,0.750000,0.750000,0.750000,0.000000,0.974556,0.224146,0.000000,0.974555,0.224148,9.560472,-3.760152,-0.000002,1,0,16.775330,0.000000
1.260000,4000.000000,-4.362547,22.313600,1,1,2,2,0.750000,0.749999,0.749999,0.000000,0.974555,0.224147,0.000000,0.974555,0.224148,9.560547,-3.761413,-0.000001,1,0,16.780960,0.000000
1.270000,4000.000000,-4.400174,22.477200,1,1,2,2,0.750000,0.750000,0.750000,0.000000,0.974555,0.224147,0.000000,0.974555,0.224148,9.560360,-3.762671,0.000000,1,0,16.786580,0.000000
1.280000,4000.000000,-4.437813,22.640850,1,1,2,2,0.749999,0.749999,0.749999,0.000000,0.974556,0.224146,0.000000,0.974555,0.224148,9.560471,-3.763929,0.000002,1,0,16.792190,0.000000
1.290000,4000.000000,-4.475465,22.804550,1,1,2,2,0.750000,0.750000,0.750000,0.000000,0.974556,0.224146,0.000000,0.974555,0.224148,9.560412,-3.765184,0.000001,1,0,16.797790,0.000000
1.300000,4000.000000,-4.513130,22.968310,1,1,2,2,0.750000,0.750000,0.750000,0.000000,0.974556,0.224146,0.000000,0.974555,0.224148,9.560393,-3.766437,0.000001,1,0,16.803380,0.000000
1.310000,4000.000000,-4.550807,23.132120,1,1,2,2,0.750000,0.750000,0.750000,0.000000,0.974555,0.224148,0.000000,0.974555,0.224148,9.560419,-3.767689,0.000001,1,0,16.808970,0.000000
1.320000,4000.000000,-4.588496,23.295990,1,1,2,2,0.749999,0.749999,0.749999,0.000000,0.974556,0.224146,0.000000,0.974555,0.224148,9.560510,-3.768938,0.000001,1,0,16.814540,0.000000
1.330000,4000.000000,-4.626198,23.459910,1,1,2,2,0.750000,0.749999,0.749999,0.000000,0.974555,0.224147,0.000000,0.974555,0.224148,9.560446,-3.770185,0.000002,1,0,16.820110,0.000000
1.340000,4000.000000,-4.663912,23.623880,1,1,2,2,0.749999,0.749999,0.749999,0.000000,0.974556,0.224146,0.000000,0.974555,0.224148,9.560461,-3.771430,0.000003,1,0,16.825670,0.000000
1.350000,4000.000000,-4.701639,23.787910,1,1,2,2,0.749999,0.749999,0.749999,0.000000,0.974556,0.224146,0.000000,0.974555,0.224148,9.560553,-3.772674,0.000004,1,0,16.831220,0.000000
1.360000,4000.000000,-4.739378,23.952000,1,1,2,2,0.749999,0.749999,0.749999,0.000000,0.974555,0.224147,0.000000,0.974555,0.224148,9.560446,-3.773914,0.000007,1,0,16.836760,0.000000
1.370000,4000.000000,-4.777130,24.116130,1,1,2,2,0.749999,0.749999,0.749999,0.000000,0.974556,0.224146,0.000000,0.974555,0.224148,9.560421,-3.775154,0.000007,1,0,16.842290,0.000000
1.380000,4000.000000,-4.814894,24.280320,1,1,2,2,0.749999,0.749999,0.749999,0.000000,0.974555,0.224147,0.000000,0.974555,0.224148,9.560420,-3.776392,0.000007,1,0,16.847820,0.000000
1.390000,4000.000000,-4.852671,24.444570,1,1,2,2,0.749999,0.749999,0.749999,0.000000,0.974556,0.224146,0.000000,0.974555,0.224148,9.560426,-3.777628,0.000007,1,0,16.853330,0.000000
1.400000,4000.000000,-4.890459,24.608870,1,1,2,2,0.750000,0.749999,0.749999,0.000000,0.974556,0.224146,0.000000,0.974555,0.224148,9.560363,-3.778862,0.000007,1,0,16.858840,0.000000
1.410000,4000.000000,-4.928260,24.773220,1,1,2,2,0.749999,0.749999,0.749999,0.000000,0.922066,0.387034,0.000000,0.974555,0.224148,9.560355,-3.780095,0.000009,1,0,16.864340,0.000000
1.420000,4000.000000,-4.966073,24.937630,1,1,2,2,0.749999,0.750000,0.750000,0.000000,0.974556,0.224146,0.000000,0.974555,0.224148,9.560209,-3.781326,0.000010,1,0,16.869830,0.000000
1.430000,4000.000000,-5.003899,25.102090,1,1,2,2,0.750000,0.750000,0.750000,0.000000,0.974556,0.224146,0.000000,0.974555,0.224148,9.560210,-3.782556,0.000008,1,0,16.875310,0.000000
1.440000,4000.000000,-5.041737,25.266600,1,1,2,2,0.750000,0.750000,0.750000,0.000000,0.974556,0.224146,0.000000,0.974555,0.224148,9.560342,-3.783785,0.000005,1,0,16.880780,0.000000
1.450000,4000.000000,-5.079587,25.431170,1,1,2,2,0.750000,0.750000,0.750000,0.000000,0.974555,0.224147,0.000000,0.974555,0.224148,9.560289,-3.785010,0.000004,1,0,16.886250,0.000000
1.460000,4000.000000,-5.117449,25.595790,1,1,2,2,0.750000,0.750000,0.750000,0.000000,0.974555,0.224147,0.000000,0.974555,0.224148,9.560369,-3.786234,0.000002,1,0,16.891710,0.000000
1.470000,4000.000000,-5.155324,25.760460,1,1,2,2,0.750000,0.750000,0.750000,0.000000,0.974555,0.224147,0.000000,0.974555,0.224148,9.560338,-3.787456,0.000004,1,0,16.897160,0.000000
1.480000,4000.000000,-5.193210,25.925180,1,1,2,2,0.750000,0.750000,0.750000,0.000000,0.974556,0.224146,0.000000,0.974555,0.224148,9.560246,-3.788675,0.000006,1,0,16.902590,0.000000
1.490000,4000.000000,-5.231109,26.089960,1,1,2,2,0.750000,0.750000,0.750000,0.000000,0.974556,0.224146,0.000000,0.974555,0.224148,9.560305,-3.789894,0.000003,1,0,16.908030,0.000000
1.500000,4000.000000,-5.269020,26.254790,1,1,2,2,0.750001,0.750001,0.750001,0.000000,0.974556,0.224146,0.000000,0.974555,0.224148,9.560251,-3.791110,0.000002,1,0,16.913450,0.000000
1.510000,4000.000000,-5.306943,26.419680,1,1,2,2,0.750001,0.750001,0.750001,0.000000,0.974556,0.224146,0.000000,0.974555,0.224148,9.560287,-3.792325,0.000000,1,0,16.918860,0.000000
1.520000,4000.000000,-5.344879,26.584610,1,1,2,2,0.750000,0.750000,0.750000,0.000000,0.974556,0.224146,0.000000,0.974555,0.224148,9.560434,-3.793538,-0.000002,1,0,16.924270,0.000000
1.530000,4000.000000,-5.382826,26.749600,1,1,2,2,0.750000,0.750000,0.750000,0.000000,0.974556,0.224146,0.000000,0.974555,0.224148,9.560474,-3.794747,-0.000002,1,0,16.929670,0.000000
1.540000,4000.000000,-5.420786,26.914640,1,1,2,2,0.750000,0.750000,0.750000,0.000000,0.974556,0.224146,0.000000,0.974555,0.224148,9.560372,-3.795954,0.000001,1,0,16.935060,0.000000
1.550000,4000.000000,-5.458757,27.079740,1,1,2,2,0.750001,0.750000,0.750000,0.000000,0.974556,0.224146,0.000000,0.974555,0.224148,9.560316,-3.797160,0.000000,1,0,16.940440,0.000000
1.560000,4000.000000,-5.496741,27.244880,1,1,2,2,0.750001,0.750001,0.750001,0.000000,0.974555,0.224147,0.000000,0.974555,0.224148,9.560331,-3.798365,-0.000001,1,0,16.945810,0.000000
1.570000,4000.000000,-5.534737,27.410080,1,1,2,2,0.750001,0.750001,0.750001,0.000000,0.974555,0.224147,0.000000,0.974555,0.224148,9.560321,-3.799568,-0.000002,1,0,16.951170,0.000000
1.580000,4000.000000,-5.572744,27.575330,1,1,2,2,0.750001,0.750000,0.750000,0.000000,0.974556,0.224146,0.000000,0.974555,0.224148,9.560409,-3.800769,-0.000004,1,0,16.956530,0.000000
1.590000,4000.000000,-5.610764,27.740630,1,1,2,2,0.750001,0.750001,0.750001,0.000000,0.974556,0.224146,0.000000,0.974555,0.224148,9.560394,-3.801968,-0.000004,1,0,16.961880,0.000000
1.600000,4000.000000,-5.648796,27.905990,1,1,2,2,0.750000,0.750000,0.750000,0.000000,0.974555,0.224147,0.000000,0.974555,0.224148,9.560379,-3.803164,-0.000001,1,0,16.967210,0.000000
1.610000,4000.000000,-5.686839,28.071400,1,1,2,2,0.750001,0.750001,0.750001,0.000000,0.974555,0.224147,0.000000,0.974555,0.224148,9.560328,-3.804359,-0.000002,1,0,16.972550,0.000000
1.620000,4000.000000,-5.724895,28.236860,1,1,2,2,0.750001,0.750001,0.750001,0.000000,0.974556,0.224146,0.000000,0.974555,0.224148,9.560357,-3.805553,-0.000004,1,0,16.977870,0.000000
1.630000,4000.000000,-5.762962,28.402370,1,1,2,2,0.750001,0.750001,0.750001,0.000000,0.974555,0.224147,0.000000,0.974555,0.224148,9.560377,-3.806744,-0.000004,1,0,16.983180,0.000000
1.640000,4000.000000,-5.801041,28.567930,1,1,2,2,0.750001,0.750001,0.750001,0.000000,0.974556,0.224146,0.000000,0.974555,0.224148,9.560399,-3.807933,-0.000005,1,0,16.988490,0.000000
1.650000,4000.000000,-5.839132,28.733540,1,1,2,2,0.750001,0.750001,0.750001,0.000000,0.974556,0.224146,0.000000,0.974555,0.224148,9.560428,-3.809121,-0.000005,1,0,16.993780,0.000000
1.660000,4000.000000,-5.877235,28.899210,1,1,2,2,0.750000,0.750000,0.750000,0.000000,0.974555,0.224147,0.000000,0.974555,0.224148,9.560423,-3.810306,-0.000002,1,0,16.999070,0.000000
1.670000,4000.000000,-5.915350,29.064920,1,1,2,2,0.750000,0.750000,0.750000,0.000000,0.974556,0.224146,0.000000,0.974555,0.224148,9.560433,-3.811489,-0.000003,1,0,17.004350,0.000000
1.680000,4000.000000,-5.953477,29.230690,1,1,2,2,0.750000,0.750000,0.750000,0.000000,0.974556,0.224146,0.000000,0.974555,0.224148,9.560412,-3.812670,-0.000003,1,0,17.009630,0.000000
1.690000,4000.000000,-5.991615,29.396510,1,1,2,2,0.750000,0.750001,0.750000,0.000000,0.974556,0.224146,0.000000,0.974555,0.224148,9.560415,-3.813850,-0.000003,1,0,17.014890,0.000000
1.700000,4000.000000,-6.029766,29.562380,1,1,2,2,0.750000,0.750000,0.750000,0.000000,0.974556,0.224146,0.000000,0.974555,0.224148,9.560501,-3.815028,-0.000003,1,0,17.020150,0.000000
1.710000,4000.000000,-6.067928,29.728300,1,1,2,2,0.750000,0.750000,0.750000,0.000000,0.974556,0.224146,0.000000,0.974555,0.224148,9.560393,-3.816203,-0.000002,1,0,17.025400,0.000000
1.720000,4000.000000,-6.106102,29.894280,1,1,2,2,0.750000,0.750000,0.750000,0.000000,0.974556,0.224146,0.000000,0.974555,0.224148,9.560419,-3.817378,0.000000,1,0,17.030640,0.000000
1.730000,4000.000000,-6.144287,30.060300,1,1,2,2,0.750000,0.750000,0.750000,0.000000,0.974556,0.224146,0.000000,0.974555,0.224148,9.560387,-3.818550,0.000000,1,0,17.035870,0.000000
1.740000,4000.000000,-6.182484,30.226370,1,1,2,2,0.750000,0.750000,0.750000,0.000000,0.974556,0.224146,0.000000,0.974555,0.224148,9.560357,-3.819721,-0.000001,1,0,17.041090,0.000000
1.750000,4000.000000,-6.220693,30.392500,1,1,2,2,0.750000,0.750001,0.750001,0.000000,0.974556,0.224146,0.000000,0.974555,0.224148,9.560328,-3.820890,-0.000001,1,0,17.046310,0.000000
1.760000,4000.000000,-6.258914,30.558680,1,1,2,2,0.750000,0.750000,0.750000,0.000000,0.974556,0.224146,0.000000,0.974555,0.224148,9.560448,-3.822058,-0.000003,1,0,17.051510,0.000000
1.770000,4000.000000,-6.297146,30.724900,1,1,2,2,0.750000,0.750000,0.750000,0.000000,0.974555,0.224147,0.000000,0.974555,0.224148,9.560405,-3.823222,-0.000003,1,0,17.056710,0.000000
1.780000,4000.000000,-6.335390,30.891180,1,1,2,2,0.750000,0.750000,0.750000,0.000000,0.974556,0.224146,0.000000,0.974555,0.224148,9.560404,-3.824386,0.000000,1,0,17.061900,0.000000
1.790000,4000.000000,-6.373645,31.057510,1,1,2,2,0.750000,0.750000,0.750000,0.000000,0.974556,0.224146,0.000000,0.974555,0.224148,9.560399,-3.825547,-0.000001,1,0,17.067090,0.000000
1.800000,4000.000000,-6.411912,31.223890,1,1,2,2,0.750000,0.750000,0.750000,0.000000,0.974556,0.224146,0.000000,0.974555,0.224148,9.560385,-3.826707,-0.000001,1,0,17.072260,0.000000
1.810000,4000.000000,-6.450191,31.390320,1,1,2,2,0.750000,0.750000,0.750000,0.000000,0.974555,0.224147,0.000000,0.974555,0.224148,9.560414,-3.827865,-0.000001,1,0,17.077430,0.000000
1.820000,4000.000000,-6.488481,31.556800,1,1,2,2,0.750000,0.750000,0.750000,0.000000,0.974552,0.224160,0.000000,0.974555,0.224148,9.560371,-3.829021,-0.000001,1,0,17.082590,0.000000
1.830000,4000.000000,-6.526783,31.723320,1,1,2,2,0.750000,0.750000,0.750000,0.000000,0.974556,0.224145,0.000000,0.974555,0.224148,9.560469,-3.830175,-0.000002,1,0,17.087730,0.000000
1.840000,4000.000000,-6.565096,31.889900,1,1,2,2,0.750000,0.750000,0.750000,0.000000,0.974556,0.224146,0.000000,0.974555,0.224148,9.560418,-3.831327,0.000000,1,0,17.092880,0.000000
1.850000,4000.000000,-6.603421,32.056530,1,1,2,2,0.749999,0.749999,0.749999,0.000000,0.974552,0.224160,0.000000,0.974555,0.224148,9.560467,-3.832477,0.000001,1,0,17.098010,0.000000
1.860000,4000.000000,-6.641757,32.223210,1,1,2,2,0.750000,0.750000,0.750000,0.000000,0.974556,0.224145,0.000000,0.974555,0.224148,9.560388,-3.833626,0.000002,1,0,17.103140,0.000000
1.870000,4000.000000,-6.680105,32.389940,1,1,2,2,0.750000,0.750000,0.750000,0.000000,0.974556,0.224146,0.000000,0.974555,0.224148,9.560289,-3.834773,0.000002,1,0,17.108250,0.000000
1.880000,4000.000000,-6.718464,32.556720,1,1,2,2,0.750000,0.750000,0.750000,0.000000,0.974549,0.224175,0.000000,0.974555,0.224148,9.560389,-3.835919,0.000001,1,0,17.113360,0.000000
1.890000,4000.000000,-6.756835,32.723550,1,1,2,2,0.750000,0.750000,0.750000,0.000000,0.974556,0.224145,0.000000,0.974555,0.224148,9.560460,-3.837062,0.000000,1,0,17.118470,0.000000
1.900000,4000.000000,-6.795217,32.890430,1,1,2,2,0.749999,0.749999,0.749999,0.000000,0.974556,0.224144,0.000000,0.974555,0.224148,9.560494,-3.838203,0.000001,1,0,17.123560,0.000000
1.910000,4000.000000,-6.833611,33.057350,1,1,2,2,0.749999,0.749999,0.749999,0.000000,0.974549,0.224176,0.000000,0.974555,0.224148,9.560473,-3.839342,0.000004,1,0,17.128650,0.000000
1.920000,4000.000000,-6.872015,33.224330,1,1,2,2,0.749998,0.749999,0.749999,0.000000,0.974556,0.224144,0.000000,0.974555,0.224148,9.560450,-3.840480,0.000007,1,0,17.133720,0.000000
1.930000,4000.000000,-6.910432,33.391360,1,1,2,2,0.749999,0.749999,0.749999,0.000000,0.974556,0.224144,0.000000,0.974555,0.224148,9.560432,-3.841615,0.000007,1,0,17.138790,0.000000
1.940000,4000.000000,-6.948859,33.558430,1,1,2,2,0.749999,0.749999,0.749999,0.000000,0.974549,0.224175,0.000000,0.974555,0.224148,9.560444,-3.842750,0.000006,1,0,17.143850,0.000000
1.950000,4000.000000,-6.987298,33.725560,1,1,2,2,0.749999,0.749999,0.749999,0.000000,0.974556,0.224144,0.000000,0.974555,0.224148,9.560424,-3.843882,0.000006,1,0,17.148910,0.000000
1.960000,4000.000000,-7.025748,33.892730,1,1,2,2,0.749999,0.749999,0.749999,0.000000,0.974556,0.224144,0.000000,0.974555,0.224148,9.560450,-3.845012,0.000006,1,0,17.153950,0.000000
1.970000,4000.000000,-7.064209,34.059960,1,1,2,2,0.749999,0.749999,0.749999,0.000000,0.974549,0.224175,0.000000,0.974555,0.224148,9.560317,-3.846141,0.000009,1,0,17.158990,0.000000
1.980000,4000.000000,-7.102682,34.227230,1,1,2,2,0.749999,0.750000,0.750000,0.000000,0.974556,0.224145,0.000000,0.974555,0.224148,9.560205,-3.847269,0.000010,1,0,17.164020,0.000000
1.990000,4000.000000,-7.141166,34.394550,1,1,2,2,0.750000,0.750000,0.750000,0.000000,0.974556,0.224144,0.000000,0.974555,0.224148,9.560296,-3.848397,0.000007,1,0,17.169040,0.000000
2.000000,4000.000000,-7.179661,34.561920,1,1,2,2,0.750000,0.750000,0.750000,0.000000,0.974549,0.224175,0.000000,0.974555,0.224148,9.560294,-3.849522,0.000005,1,0,17.174060,0.000000
2.010000,4000.000000,-7.218168,34.729340,1,1,2,2,0.750000,0.749999,0.749999,0.000000,0.974556,0.224146,0.000000,0.974555,0.224148,9.560396,-3.850645,0.000004,1,0,17.179060,0.000000
2.020000,4000.000000,-7.256685,34.896810,1,1,2,2,0.750000,0.750000,0.750000,0.000000,0.974556,0.224145,0.000000,0.974555,0.224148,9.560306,-3.851765,0.000003,1,0,17.184060,0.000000
2.030000,4000.000000,-7.295214,35.064330,1,1,2,2,0.750001,0.750001,0.750001,0.000000,0.974549,0.224175,0.000000,0.974555,0.224148,9.560207,-3.852884,0.000003,1,0,17.189050,0.000000
2.040000,4000.000000,-7.333754,35.231900,1,1,2,2,0.750001,0.750001,0.750001,0.000000,0.974556,0.224144,0.000000,0.974555,0.224148,9.560114,-3.854003,0.000002,1,0,17.194040,0.000000
2.050000,4000.000000,-7.372305,35.399510,1,1,2,2,0.750001,0.750000,0.750000,0.000000,0.974556,0.224144,0.000000,0.974555,0.224148,9.560378,-3.855120,-0.000001,1,0,17.199010,0.000000
2.060000,4000.000000,-7.410868,35.567170,1,1,2,2,0.749999,0.749999,0.749999,0.000000,0.974549,0.224175,0.000000,0.974555,0.224148,9.560554,-3.856234,0.000001,1,0,17.203980,0.000000
2.070000,4000.000000,-7.449441,35.734880,1,1,2,2,0.749999,0.749999,0.749999,0.000000,0.974556,0.224146,0.000000,0.974555,0.224148,9.560423,-3.857344,0.000004,1,0,17.208940,0.000000
2.080000,4000.000000,-7.488026,35.902640,1,1,2,2,0.750000,0.750001,0.750000,0.000000,0.974556,0.224143,0.000000,0.974555,0.224148,9.560259,-3.858453,0.000003,1,0,17.213890,0.000000
2.090000,4000.000000,-7.526621,36.070450,1,1,2,2,0.750001,0.750000,0.750001,0.000000,0.974549,0.224175,0.000000,0.974555,0.224148,9.560259,-3.859562,0.000002,1,0,17.218830,0.000000
2.100000,4000.000000,-7.565228,36.238300,1,1,2,2,0.750001,0.750002,0.750002,0.000000,0.974556,0.224146,0.000000,0.974555,0.224148,9.560111,-3.860670,0.000000,1,0,17.223770,0.000000
2.110000,4000.000000,-7.603846,36.406210,1,1,2,2,0.750001,0.750001,0.750001,0.000000,0.974556,0.224146,0.000000,0.974555,0.224148,9.560353,-3.861777,-0.000004,1,0,17.228690,0.000000
2.120000,4000.000000,-7.642474,36.574160,1,1,2,2,0.750001,0.750001,0.750001,0.000000,0.974549,0.224176,0.000000,0.974555,0.224148,9.560289,-3.862880,-0.000002,1,0,17.233620,0.000000
2.130000,4000.000000,-7.681114,36.742160,1,1,2,2,0.750001,0.750001,0.750001,0.000000,0.974556,0.224144,0.000000,0.974555,0.224148,9.560160,-3.863982,-0.000001,1,0,17.238530,0.000000
2.140000,4000.000000,-7.719765,36.910200,1,1,2,2,0.750000,0.750001,0.750000,0.000000,0.974556,0.224146,0.000000,0.974555,0.224148,9.560500,-3.865083,-0.000005,1,0,17.243430,0.000000
2.150000,4000.000000,-7.758427,37.078300,1,1,2,2,0.750000,0.749999,0.749999,0.000000,0.974548,0.224178,0.000000,0.974555,0.224148,9.560653,-3.866180,-0.000004,1,0,17.248330,0.000000
2.160000,4000.000000,-7.797100,37.246440,1,1,2,2,0.749999,0.749999,0.749999,0.000000,0.974556,0.224143,0.000000,0.974555,0.224148,9.560616,-3.867273,-0.000002,1,0,17.253220,0.000000
2.170000,4000.000000,-7.835783,37.414630,1,1,2,2,0.749999,0.749999,0.749999,0.000000,0.974556,0.224144,0.000000,0.974555,0.224148,9.560663,-3.868365,-0.000001,1,0,17.258100,0.000000
2.180000,4000.000000,-7.874478,37.582860,1,1,2,2,0.749997,0.749997,0.749997,0.000000,0.974549,0.224175,0.000000,0.974555,0.224148,9.560803,-3.869454,0.000004,1,0,17.262970,0.000000
2.190000,4000.000000,-7.913183,37.751150,1,1,2,2,0.749999,0.750000,0.749999,0.000000,0.974556,0.224146,0.000000,0.974555,0.224148,9.560330,-3.870541,0.000007,1,0,17.267840,0.000000
2.200000,4000.000000,-7.951900,37.919480,1,1,2,2,0.749999,0.750000,0.749999,0.000000,0.974556,0.224143,0.000000,0.974555,0.224148,9.560405,-3.871630,0.000006,1,0,17.272700,0.000000
2.210000,4000.000000,-7.990627,38.087860,1,1,2,2,0.749999,0.749999,0.749999,0.000000,0.974549,0.224175,0.000000,0.974555,0.224148,9.560442,-3.872717,0.000005,1,0,17.277550,0.000000
2.220000,4000.000000,-8.029365,38.256290,1,1,2,2,0.750000,0.750000,0.750000,0.000000,0.974556,0.224146,0.000000,0.974555,0.224148,9.560255,-3.873802,0.000005,1,0,17.282390,0.000000
2.230000,4000.000000,-8.068113,38.424760,1,1,2,2,0.750000,0.750000,0.750000,0.000000,0.974556,0.224146,0.000000,0.974555,0.224148,9.560390,-3.874887,0.000003,1,0,17.287220,0.000000
2.240000,4000.000000,-8.106873,38.593280,1,1,2,2,0.750001,0.750001,0.750001,0.000000,0.974549,0.224175,0.000000,0.974555,0.224148,9.560090,-3.875969,0.000005,1,0,17.292050,0.000000
2.250000,4000.000000,-8.145643,38.761850,1,1,2,2,0.750001,0.750001,0.750001,0.000000,0.977523,0.210828,0.000000,0.974555,0.224148,9.560222,-3.877052,0.000001,1,0,17.296870,0.000000
2.260000,4000.000000,-8.184424,38.930460,1,1,2,2,0.750000,0.750000,0.750000,0.000000,0.974556,0.224146,0.000000,0.974555,0.224148,9.560369,-3.878132,-0.000001,1,0,17.301680,0.000000
2.270000,4000.000000,-8.223216,39.099120,1,1,2,2,0.750001,0.750001,0.750001,0.000000,0.974549,0.224175,0.000000,0.974555,0.224148,9.560251,-3.879209,-0.000002,1,0,17.306480,0.000000
2.280000,4000.000000,-8.262019,39.267830,1,1,2,2,0.750001,0.750001,0.750001,0.000000,0.974549,0.224175,0.000000,0.974555,0.224148,9.560305,-3.880286,-0.000003,1,0,17.311280,0.000000
2.290000,4000.000000,-8.300833,39.436590,1,1,2,2,0.750001,0.750001,0.750001,0.000000,0.974556,0.224143,0.000000,0.974555,0.224148,9.560300,-3.881360,-0.000004,1,0,17.316070,0.000000
2.300000,4000.000000,-8.339657,39.605390,1,1,2,2,0.750001,0.750001,0.750001,0.000000,0.974549,0.224175,0.000000,0.974555,0.224148,9.560393,-3.882432,-0.000006,1,0,17.320850,0.000000
2.310000,4000.000000,-8.378491,39.774230,1,1,2,2,0.750000,0.750000,0.750000,0.000000,0.948938,0.315462,0.000000,0.974555,0.224148,9.560483,-3.883502,-0.000003,1,0,17.325620,0.000000
2.320000,4000.000000,-8.417337,39.943130,1,1,2,2,0.750000,0.750000,0.750000,0.000000,0.974556,0.224143,0.000000,0.974555,0.224148,9.560456,-3.884569,0.000000,1,0,17.330390,0.000000
2.330000,4000.000000,-8.456194,40.112070,1,1,2,2,0.750001,0.750000,0.750001,0.000000,0.974549,0.224175,0.000000,0.974555,0.224148,9.560276,-3.885635,-0.000001,1,0,17.335150,0.000000
2.340000,4000.000000,-8.495061,40.281060,1,1,2,2,0.750001,0.750001,0.750001,0.000000,0.974549,0.224175,0.000000,0.974555,0.224148,9.560207,-3.886701,-0.000003,1,0,17.339900,0.000000
2.350000,4000.000000,-8.533938,40.450090,1,1,2,2,0.750002,0.750001,0.750001,0.000000,0.974556,0.224143,0.000000,0.974555,0.224148,9.560270,-3.887766,-0.000005,1,0,17.344640,0.000000
2.360000,4000.000000,-8.572826,40.619170,1,1,2,2,0.750001,0.750001,0.750001,0.000000,0.974549,0.224175,0.000000,0.974555,0.224148,9.560340,-3.888829,-0.000007,1,0,17.349380,0.000000
2.370000,4000.000000,-8.611725,40.788300,1,1,2,2,0.750003,0.750003,0.750003,0.000000,0.974549,0.224175,0.000000,0.974555,0.224148,9.560057,-3.889889,-0.000005,1,0,17.354110,0.000000
2.380000,4000.000000,-8.650635,40.957470,1,1,2,2,0.750001,0.750002,0.750002,0.000000,0.974556,0.224144,0.000000,0.974555,0.224148,9.560259,-3.890950,-0.000006,1,0,17.358830,0.000000
2.390000,4000.000000,-8.689555,41.126680,1,1,2,2,0.750000,0.750000,0.750000,0.000000,0.974550,0.224171,0.000000,0.974555,0.224148,9.560551,-3.892008,-0.000008,1,0,17.363540,0.000000
2.400000,4000.000000,-8.728486,41.295940,1,1,2,2,0.750000,0.750000,0.750000,0.000000,0.974549,0.224175,0.000000,0.974555,0.224148,9.560618,-3.893061,-0.000008,1,0,17.368250,0.000000
2.410000,4000.000000,-8.767427,41.465250,1,1,2,2,0.749999,0.749998,0.749999,0.000000,0.974556,0.224143,0.000000,0.974555,0.224148,9.560789,-3.894112,-0.000006,1,0,17.372940,0.000000
2.420000,4000.000000,-8.806379,41.634610,1,1,2,2,0.749998,0.749999,0.749998,0.000000,0.974550,0.224171,0.000000,0.974555,0.224148,9.560749,-3.895159,-0.000003,1,0,17.377630,0.000000
2.430000,4000.000000,-8.845342,41.804000,1,1,2,2,0.749996,0.749996,0.749996,0.000000,0.974549,0.224175,0.000000,0.974555,0.224148,9.560981,-3.896205,0.000003,1,0,17.382320,0.000000
2.440000,4000.000000,-8.884315,41.973450,1,1,2,2,0.749996,0.749997,0.749997,0.000000,0.974556,0.224144,0.000000,0.974555,0.224148,9.560707,-3.897247,0.000011,1,0,17.386990,0.000000
2.450000,4000.000000,-8.923298,42.142940,1,1,2,2,0.749998,0.749997,0.749997,0.000000,0.974556,0.224143,0.000000,0.974555,0.224148,9.560563,-3.898290,0.000013,1,0,17.391660,0.000000
2.460000,4000.000000,-8.962291,42.312480,1,1,2,2,0.749997,0.749997,0.749997,0.000000,0.974549,0.224175,0.000000,0.974555,0.224148,9.560553,-3.899333,0.000015,1,0,17.396320,0.000000
2.470000,4000.000000,-9.001294,42.482060,1,1,2,2,0.749998,0.749998,0.749998,0.000000,0.974556,0.224143,0.000000,0.974555,0.224148,9.560377,-3.900375,0.000016,1,0,17.400980,0.000000
2.480000,4000.000000,-9.040308,42.651690,1,1,2,2,0.749999,0.749999,0.749999,0.000000,0.974556,0.224143,0.000000,0.974555,0.224148,9.560266,-3.901416,0.000015,1,0,17.405620,0.000000
2.490000,4000.000000,-9.079332,42.821360,1,1,2,2,0.750001,0.750000,0.750000,0.000000,0.974549,0.224173,0.000000,0.974555,0.224148,9.559968,-3.902457,0.000016,1,0,17.410260,0.000000
2.500000,4000.000000,-9.118367,42.991080,1,1,2,2,0.750001,0.750001,0.750001,0.000000,0.974556,0.224143,0.000000,0.974555,0.224148,9.559951,-3.903499,0.000014,1,0,17.414890,0.000000
2.510000,4000.000000,-9.157413,43.160840,1,1,2,2,0.749999,0.749998,0.749999,0.000000,0.974556,0.224143,0.000000,0.974555,0.224148,9.560446,-3.904540,0.000008,1,0,17.419520,0.000000
2.520000,4000.000000,-9.196468,43.330650,1,1,2,2,0.749999,0.749999,0.749999,0.000000,0.974549,0.224175,0.000000,0.974555,0.224148,9.560401,-3.905574,0.000008,1,0,17.424130,0.000000
2.530000,4000.000000,-9.235535,43.500500,1,1,2,2,0.749999,0.749999,0.749999,0.000000,0.974556,0.224144,0.000000,0.974555,0.224148,9.560369,-3.906607,0.000007,1,0,17.428740,0.000000
2.540000,4000.000000,-9.274611,43.670400,1,1,2,2,0.749998,0.749999,0.749998,0.000000,0.974556,0.224144,0.000000,0.974555,0.224148,9.560524,-3.907638,0.000006,1,0,17.433340,0.000000
2.550000,4000.000000,-9.313698,43.840340,1,1,2,2,0.749998,0.749997,0.749998,0.000000,0.974549,0.224175,0.000000,0.974555,0.224148,9.560571,-3.908667,0.000010,1,0,17.437940,0.000000
2.560000,4000.000000,-9.352795,44.010330,1,1,2,2,0.749999,0.749999,0.749999,0.000000,0.980162,0.198196,0.000000,0.974555,0.224148,9.560287,-3.909693,0.000011,1,0,17.442520,0.000000
2.570000,4000.000000,-9.391902,44.180360,1,1,2,2,0.749999,0.749999,0.749999,0.000000,0.974556,0.224144,0.000000,0.974555,0.224148,9.560326,-3.910720,0.000009,1,0,17.447110,0.000000
2.580000,4000.000000,-9.431020,44.350430,1,1,2,2,0.749999,0.749998,0.749998,0.000000,0.974549,0.224175,0.000000,0.974555,0.224148,9.560521,-3.911746,0.000008,1,0,17.451680,0.000000
2.590000,4000.000000,-9.470147,44.520550,1,1,2,2,0.749999,0.749999,0.749999,0.000000,0.974549,0.224175,0.000000,0.974555,0.224148,9.560345,-3.912767,0.000008,1,0,17.456240,0.000000
2.600000,4000.000000,-9.509285,44.690720,1,1,2,2,0.749999,0.749999,0.749999,0.000000,0.974556,0.224143,0.000000,0.974555,0.224148,9.560414,-3.913789,0.000007,1,0,17.460800,0.000000
2.610000,4000.000000,-9.548433,44.860930,1,1,2,2,0.749998,0.749999,0.749999,0.000000,0.974549,0.224175,0.000000,0.974555,0.224148,9.560347,-3.914809,0.000010,1,0,17.465350,0.000000
2.620000,4000.000000,-9.587591,45.031180,1,1,2,2,0.749999,0.749999,0.749999,0.000000,0.974550,0.224171,0.000000,0.974555,0.224148,9.560336,-3.915827,0.000009,1,0,17.469890,0.000000
2.630000,4000.000000,-9.626760,45.201480,1,1,2,2,0.750000,0.749998,0.749999,0.000000,0.974556,0.224144,0.000000,0.974555,0.224148,9.560360,-3.916844,0.000007,1,0,17.474420,0.000000
2.640000,4000.000000,-9.665938,45.371820,1,1,2,2,0.750000,0.749998,0.749999,0.000000,0.974550,0.224171,0.000000,0.974555,0.224148,9.560417,-3.917860,0.000007,1,0,17.478950,0.000000
2.650000,4000.000000,-9.705127,45.542210,1,1,2,2,0.750000,0.750000,0.750000,0.000000,0.974549,0.224175,0.000000,0.974555,0.224148,9.560218,-3.918873,0.000007,1,0,17.483470,0.000000
2.660000,4000.000000,-9.744326,45.712640,1,1,2,2,0.750000,0.750000,0.750000,0.000000,0.974556,0.224143,0.000000,0.974555,0.224148,9.560239,-3.919886,0.000005,1,0,17.487990,0.000000
2.670000,4000.000000,-9.783535,45.883110,1,1,2,2,0.749999,0.749998,0.749999,0.000000,0.974549,0.224173,0.000000,0.974555,0.224148,9.560531,-3.920897,0.000005,1,0,17.492490,0.000000
2.680000,4000.000000,-9.822754,46.053630,1,1,2,2,0.749999,0.749999,0.749999,0.000000,0.974549,0.224173,0.000000,0.974555,0.224148,9.560384,-3.921904,0.000006,1,0,17.496990,0.000000
2.690000,4000.000000,-9.861983,46.224190,1,1,2,2,0.750000,0.750000,0.750000,0.000000,0.974556,0.224143,0.000000,0.974555,0.224148,9.560333,-3.922911,0.000005,1,0,17.501480,0.000000
2.700000,4000.000000,-9.901222,46.394800,1,1,2,2,0.750001,0.750000,0.750000,0.000000,0.974556,0.224144,0.000000,0.974555,0.224148,9.560232,-3.923917,0.000004,1,0,17.505970,0.000000
2.710000,4000.000000,-9.940472,46.565450,1,1,2,2,0.750000,0.750001,0.750000,0.000000,0.974549,0.224173,0.000000,0.974555,0.224148,9.560324,-3.924922,0.000002,1,0,17.510450,0.000000
2.720000,4000.000000,-9.979731,46.736140,1,1,2,2,0.750000,0.750000,0.750000,0.000000,0.974556,0.224143,0.000000,0.974555,0.224148,9.560350,-3.925925,0.000001,1,0,17.514920,0.000000
2.730000,4000.000000,-10.019000,46.906880,1,1,2,2,0.750001,0.750001,0.750001,0.000000,0.974556,0.224144,0.000000,0.974555,0.224148,9.560197,-3.926925,0.000003,1,0,17.519380,0.000000
2.740000,4000.000000,-10.058280,47.077660,1,1,2,2,0.750001,0.750000,0.750000,0.000000,0.974549,0.224175,0.000000,0.974555,0.224148,9.560333,-3.927926,0.000000,1,0,17.523830,0.000000
2.750000,4000.000000,-10.097570,47.248480,1,1,2,2,0.750000,0.750000,0.750000,0.000000,0.974556,0.224143,0.000000,0.974555,0.224148,9.560441,-3.928923,-0.000001,1,0,17.528280,0.000000
2.760000,4000.000000,-10.136870,47.419350,1,1,2,2,0.750000,0.750001,0.750001,0.000000,0.974556,0.224144,0.000000,0.974555,0.224148,9.560282,-3.929918,-0.000001,1,0,17.532720,0.000000
2.770000,4000.000000,-10.176180,47.590260,1,1,2,2,0.750001,0.750001,0.750001,0.000000,0.974550,0.224171,0.000000,0.974555,0.224148,9.560305,-3.930913,-0.000002,1,0,17.537160,0.000000
2.780000,4000.000000,-10.215500,47.761210,1,1,2,2,0.750000,0.750000,0.750000,0.000000,0.974556,0.224143,0.000000,0.974555,0.224148,9.560506,-3.931906,-0.000003,1,0,17.541590,0.000000
2.790000,4000.000000,-10.254820,47.932200,1,1,2,2,0.750000,0.750000,0.750000,0.000000,0.974556,0.224143,0.000000,0.974555,0.224148,9.560448,-3.932896,-0.000002,1,0,17.546010,0.000000
2.800000,4000.000000,-10.294160,48.103240,1,1,2,2,0.749999,0.749998,0.749999,0.000000,0.974549,0.224173,0.000000,0.974555,0.224148,9.560613,-3.933884,0.000001,1,0,17.550420,0.000000
2.810000,4000.000000,-10.333510,48.274320,1,1,2,2,0.750001,0.750001,0.750001,0.000000,0.974549,0.224175,0.000000,0.974555,0.224148,9.560237,-3.934870,0.000002,1,0,17.554820,0.000000
2.820000,4000.000000,-10.372870,48.445450,1,1,2,2,0.750001,0.750001,0.750001,0.000000,0.974556,0.224143,0.000000,0.974555,0.224148,9.560245,-3.935857,0.000000,1,0,17.559220,0.000000
2.830000,4000.000000,-10.412240,48.616610,1,1,2,2,0.750001,0.750000,0.750000,0.000000,0.974549,0.224173,0.000000,0.974555,0.224148,9.560415,-3.936843,-0.000001,1,0,17.563620,0.000000
2.840000,4000.000000,-10.451620,48.787820,1,1,2,2,0.750000,0.750000,0.750000,0.000000,0.974549,0.224175,0.000000,0.974555,0.224148,9.560499,-3.937825,-0.000002,1,0,17.568000,0.000000
2.850000,4000.000000,-10.491000,48.959080,1,1,2,2,0.750001,0.750001,0.750001,0.000000,0.974556,0.224143,0.000000,0.974555,0.224148,9.560315,-3.938805,-0.000001,1,0,17.572380,0.000000
2.860000,4000.000000,-10.530400,49.130370,1,1,2,2,0.750002,0.750002,0.750002,0.000000,0.974549,0.224175,0.000000,0.974555,0.224148,9.560079,-3.939786,0.000001,1,0,17.576750,0.000000
2.870000,4000.000000,-10.569810,49.301710,1,1,2,2,0.750000,0.750000,0.750000,0.000000,0.974549,0.224175,0.000000,0.974555,0.224148,9.560444,-3.940767,-0.000003,1,0,17.581110,0.000000
2.880000,4000.000000,-10.609230,49.473090,1,1,2,2,0.750001,0.750000,0.750000,0.000000,0.974556,0.224144,0.000000,0.974555,0.224148,9.560409,-3.941743,-0.000003,1,0,17.585470,0.000000
2.890000,4000.000000,-10.648650,49.644510,1,1,2,2,0.750000,0.750000,0.750000,0.000000,0.974556,0.224144,0.000000,0.974555,0.224148,9.560461,-3.942717,-0.000003,1,0,17.589820,0.000000
2.900000,4000.000000,-10.688090,49.815970,1,1,2,2,0.750000,0.749999,0.749999,0.000000,0.974549,0.224175,0.000000,0.974555,0.224148,9.560623,-3.943690,-0.000003,1,0,17.594160,0.000000
2.910000,4000.000000,-10.727540,49.987480,1,1,2,2,0.750000,0.750000,0.750000,0.000000,0.974556,0.224144,0.000000,0.974555,0.224148,9.560327,-3.944659,-0.000001,1,0,17.598490,0.000000
2.920000,4000.000000,-10.767000,50.159030,1,1,2,2,0.749999,0.749999,0.749999,0.000000,0.974556,0.224144,0.000000,0.974555,0.224148,9.560548,-3.945630,0.000001,1,0,17.602820,0.000000
2.930000,4000.000000,-10.806460,50.330620,1,1,2,2,0.750000,0.750000,0.750000,0.000000,0.974550,0.224171,0.000000,0.974555,0.224148,9.560334,-3.946597,0.000002,1,0,17.607140,0.000000
2.940000,4000.000000,-10.845940,50.502260,1,1,2,2,0.750001,0.750001,0.750001,0.000000,0.974556,0.224143,0.000000,0.974555,0.224148,9.560233,-3.947564,0.000001,1,0,17.611460,0.000000
2.950000,4000.000000,-10.885420,50.673930,1,1,2,2,0.750002,0.750002,0.750002,0.000000,0.974556,0.224143,0.000000,0.974555,0.224148,9.560003,-3.948531,-0.000001,1,0,17.615760,0.000000
2.960000,4000.000000,-10.924920,50.845650,1,1,2,2,0.750003,0.750001,0.750002,0.000000,0.974549,0.224175,0.000000,0.974555,0.224148,9.560138,-3.949499,-0.000005,1,0,17.620060,0.000000
2.970000,4000.000000,-10.964420,51.017410,1,1,2,2,0.750003,0.750003,0.750003,0.000000,0.966317,0.257356,0.000000,0.974555,0.224148,9.560019,-3.950464,-0.000005,1,0,17.624360,0.000000
2.980000,4000.000000,-11.003940,51.189220,1,1,2,2,0.750003,0.750003,0.750003,0.000000,0.974556,0.224144,0.000000,0.974555,0.224148,9.559940,-3.951428,-0.000007,1,0,17.628640,0.000000
2.990000,4000.000000,-11.043460,51.361060,1,1,2,2,0.750001,0.750002,0.750002,0.000000,0.974549,0.224175,0.000000,0.974555,0.224148,9.560353,-3.952391,-0.000012,1,0,17.632920,0.000000
3.000000,4000.000000,-11.082990,51.532940,1,1,2,2,0.750002,0.750001,0.750002,0.000000,0.974550,0.224171,0.000000,0.974555,0.224148,9.560433,-3.953349,-0.000013,1,0,17.637200,0.000000
3.010000,4000.000000,-11.122540,51.704860,1,1,2,2,0.750001,0.750000,0.750000,0.000000,0.974556,0.224144,0.000000,0.974555,0.224148,9.560632,-3.954305,-0.000013,1,0,17.641460,0.000000
3.020000,4000.000000,-11.162090,51.876830,1,1,2,2,0.750000,0.750000,0.750000,0.000000,0.974550,0.224171,0.000000,0.974555,0.224148,9.560662,-3.955257,-0.000011,1,0,17.645720,0.000000
3.030000,4000.000000,-11.201650,52.048840,1,1,2,2,0.749998,0.749998,0.749998,0.000000,0.974549,0.224175,0.000000,0.974555,0.224148,9.560877,-3.956208,-0.000006,1,0,17.649970,0.000000
3.040000,4000.000000,-11.241220,52.220890,1,1,2,2,0.749998,0.749998,0.749998,0.000000,0.974556,0.224144,0.000000,0.974555,0.224148,9.560684,-3.957154,0.000000,1,0,17.654220,0.000000
3.050000,4000.000000,-11.280800,52.392980,1,1,2,2,0.750000,0.750000,0.750000,0.000000,0.974556,0.224143,0.000000,0.974555,0.224148,9.560320,-3.958101,0.000003,1,0,17.658450,0.000000
3.060000,4000.000000,-11.320400,52.565120,1,1,2,2,0.750000,0.750000,0.750000,0.000000,0.974549,0.224175,0.000000,0.974555,0.224148,9.560436,-3.959050,0.000001,1,0,17.662690,0.000000
3.070000,4000.000000,-11.360000,52.737290,1,1,2,2,0.750000,0.750000,0.750000,0.000000,0.974556,0.224144,0.000000,0.974555,0.224148,9.560445,-3.959996,0.000001,1,0,17.666910,0.000000
3.080000,4000.000000,-11.399600,52.909500,1,1,2,2,0.749999,0.750000,0.750000,0.000000,0.974556,0.224143,0.000000,0.974555,0.224148,9.560413,-3.960941,0.000001,1,0,17.671130,0.000000
3.090000,4000.000000,-11.439220,53.081760,1,1,2,2,0.750000,0.750000,0.750000,0.000000,0.974549,0.224173,0.000000,0.974555,0.224148,9.560341,-3.961884,0.000003,1,0,17.675340,0.000000
3.100000,4000.000000,-11.478850,53.254060,1,1,2,2,0.750001,0.750001,0.750001,0.000000,0.989232,0.146353,0.000000,0.974555,0.224148,9.560172,-3.962827,0.000002,1,0,17.679540,0.000000
3.110000,4000.000000,-11.518490,53.426400,1,1,2,2,0.750001,0.750001,0.750001,0.000000,0.974556,0.224143,0.000000,0.974555,0.224148,9.560254,-3.963770,-0.000001,1,0,17.683740,0.000000
3.120000,4000.000000,-11.558140,53.598770,1,1,2,2,0.750000,0.750000,0.750000,0.000000,0.974549,0.224175,0.000000,0.974555,0.224148,9.560450,-3.964710,-0.000003,1,0,17.687930,0.000000
3.130000,4000.000000,-11.597790,53.771190,1,1,2,2,0.750000,0.750000,0.750000,0.000000,0.974549,0.224175,0.000000,0.974555,0.224148,9.560451,-3.965647,-0.000003,1,0,17.692110,0.000000
3.140000,4000.000000,-11.637460,53.943650,1,1,2,2,0.750000,0.750001,0.750000,0.000000,0.974556,0.224143,0.000000,0.974555,0.224148,9.560416,-3.966583,-0.000003,1,0,17.696290,0.000000
3.150000,4000.000000,-11.677130,54.116150,1,1,2,2,0.749999,0.749998,0.749999,0.000000,0.974549,0.224173,0.000000,0.974555,0.224148,9.560637,-3.967517,0.000000,1,0,17.700460,0.000000
3.160000,4000.000000,-11.716820,54.288700,1,1,2,2,0.750001,0.750001,0.750001,0.000000,0.974549,0.224173,0.000000,0.974555,0.224148,9.560096,-3.968448,0.000002,1,0,17.704620,0.000000
3.170000,4000.000000,-11.756510,54.461280,1,1,2,2,0.750001,0.750001,0.750001,0.000000,0.974556,0.224143,0.000000,0.974555,0.224148,9.560193,-3.969382,-0.000002,1,0,17.708770,0.000000
3.180000,4000.000000,-11.796220,54.633900,1,1,2,2,0.750001,0.750001,0.750001,0.000000,0.974549,0.224175,0.000000,0.974555,0.224148,9.560371,-3.970314,-0.000004,1,0,17.712920,0.000000
3.190000,4000.000000,-11.835930,54.806560,1,1,2,2,0.749999,0.749999,0.749999,0.000000,0.974549,0.224175,0.000000,0.974555,0.224148,9.560673,-3.971243,-0.000005,1,0,17.717070,0.000000
3.200000,4000.000000,-11.875650,54.979260,1,1,2,2,0.750000,0.750000,0.750000,0.000000,0.974556,0.224143,0.000000,0.974555,0.224148,9.560476,-3.972167,-0.000002,1,0,17.721200,0.000000
3.210000,4000.000000,-11.915380,55.152010,1,1,2,2,0.750001,0.750001,0.750001,0.000000,0.974556,0.224144,0.000000,0.974555,0.224148,9.560158,-3.973092,0.000001,1,0,17.725330,0.000000
3.220000,4000.000000,-11.955120,55.324790,1,1,2,2,0.749999,0.750000,0.750000,0.000000,0.974549,0.224175,0.000000,0.974555,0.224148,9.560513,-3.974018,-0.000002,1,0,17.729460,0.000000
3.230000,4000.000000,-11.994870,55.497620,1,1,2,2,0.750000,0.750000,0.750000,0.000000,0.974556,0.224143,0.000000,0.974555,0.224148,9.560333,-3.974939,-0.000001,1,0,17.733570,0.000000
3.240000,4000.000000,-12.034630,55.670480,1,1,2,2,0.750000,0.750000,0.750000,0.000000,0.974556,0.224143,0.000000,0.974555,0.224148,9.560437,-3.975861,-0.000002,1,0,17.737680,0.000000
3.250000,4000.000000,-12.074400,55.843380,1,1,2,2,0.749999,0.750000,0.750000,0.000000,0.974549,0.224175,0.000000,0.974555,0.224148,9.560527,-3.976780,-0.000002,1,0,17.741780,0.000000
3.260000,4000.000000,-12.114170,56.016330,1,1,2,2,0.750000,0.750000,0.750000,0.000000,0.974549,0.224175,0.000000,0.974555,0.224148,9.560504,-3.977696,-0.000001,1,0,17.745880,0.000000
3.270000,4000.000000,-12.153960,56.189310,1,1,2,2,0.750000,0.749999,0.750000,0.000000,0.974556,0.224143,0.000000,0.974555,0.224148,9.560483,-3.978612,0.000000,1,0,17.749970,0.000000
3.280000,4000.000000,-12.193760,56.362340,1,1,2,2,0.749999,0.749999,0.749999,0.000000,0.974549,0.224173,0.000000,0.974555,0.224148,9.560437,-3.979526,0.000003,1,0,17.754050,0.000000
3.290000,4000.000000,-12.233560,56.535400,1,1,2,2,0.750000,0.750000,0.750000,0.000000,0.974549,0.224175,0.000000,0.974555,0.224148,9.560316,-3.980439,0.000003,1,0,17.758120,0.000000
3.300000,4000.000000,-12.273370,56.708500,1,1,2,2,0.750001,0.750001,0.750001,0.000000,0.974556,0.224144,0.000000,0.974555,0.224148,9.560184,-3.981351,0.000002,1,0,17.762190,0.000000
3.310000,4000.000000,-12.313200,56.881640,1,1,2,2,0.750001,0.750001,0.750001,0.000000,0.974550,0.224171,0.000000,0.974555,0.224148,9.560324,-3.982264,-0.000001,1,0,17.766250,0.000000
3.320000,4000.000000,-12.353030,57.054820,1,1,2,2,0.750000,0.750000,0.750000,0.000000,0.974549,0.224173,0.000000,0.974555,0.224148,9.560437,-3.983173,-0.000002,1,0,17.770310,0.000000
3.330000,4000.000000,-12.392870,57.228040,1,1,2,2,0.750001,0.750000,0.750000,0.000000,0.974556,0.224144,0.000000,0.974555,0.224148,9.560384,-3.984080,-0.000002,1,0,17.774360,0.000000
3.340000,4000.000000,-12.432720,57.401300,1,1,2,2,0.749999,0.750001,0.750000,0.000000,0.974556,0.224144,0.000000,0.974555,0.224148,9.560430,-3.984986,0.000001,1,0,17.778400,0.000000
3.350000,4000.000000,-12.472580,57.574600,1,1,2,2,0.750000,0.749999,0.749999,0.000000,0.974549,0.224175,0.000000,0.974555,0.224148,9.560490,-3.985890,0.000001,1,0,17.782440,0.000000
3.360000,4000.000000,-12.512450,57.747940,1,1,2,2,0.750000,0.750000,0.750000,0.000000,0.974556,0.224143,0.000000,0.974555,0.224148,9.560326,-3.986793,0.000001,1,0,17.786460,0.000000
3.370000,4000.000000,-12.552320,57.921320,1,1,2,2,0.750000,0.750000,0.750000,0.000000,0.974556,0.224143,0.000000,0.974555,0.224148,9.560452,-3.987695,0.000000,1,0,17.790490,0.000000
3.380000,4000.000000,-12.592210,58.094730,1,1,2,2,0.749999,0.750000,0.750000,0.000000,0.974550,0.224171,0.000000,0.974555,0.224148,9.560471,-3.988594,0.000000,1,0,17.794500,0.000000
3.390000,4000.000000,-12.632100,58.268190,1,1,2,2,0.749997,0.749998,0.749998,0.000000,0.964547,0.263911,0.000000,0.974555,0.224148,9.560726,-3.989492,0.000004,1,0,17.798510,0.000000
3.400000,4000.000000,-12.672010,58.441690,1,1,2,2,0.749999,0.749999,0.749999,0.000000,0.974556,0.224144,0.000000,0.974555,0.224148,9.560379,-3.990386,0.000009,1,0,17.802520,0.000000
3.410000,4000.000000,-12.711920,58.615220,1,1,2,2,0.749999,0.750001,0.750000,0.000000,0.974549,0.224175,0.000000,0.974555,0.224148,9.560253,-3.991282,0.000008,1,0,17.806510,0.000000
3.420000,4000.000000,-12.751840,58.788800,1,1,2,2,0.750000,0.750000,0.750000,0.000000,0.974549,0.224175,0.000000,0.974555,0.224148,9.560232,-3.992177,0.000006,1,0,17.810500,0.000000
3.430000,4000.000000,-12.791770,58.962410,1,1,2,2,0.750000,0.750000,0.750000,0.000000,0.974556,0.224144,0.000000,0.974555,0.224148,9.560294,-3.993072,0.000004,1,0,17.814490,0.000000
3.440000,4000.000000,-12.831710,59.136060,1,1,2,2,0.750000,0.750000,0.750000,0.000000,0.974549,0.224175,0.000000,0.974555,0.224148,9.560401,-3.993964,0.000003,1,0,17.818460,0.000000
3.450000,4000.000000,-12.871660,59.309750,1,1,2,2,0.750001,0.750001,0.750001,0.000000,0.974549,0.224173,0.000000,0.974555,0.224148,9.560056,-3.994853,0.000005,1,0,17.822430,0.000000
3.460000,4000.000000,-12.911620,59.483480,1,1,2,2,0.750002,0.750002,0.750002,0.000000,0.974557,0.224141,0.000000,0.974555,0.224148,9.559963,-3.995745,0.000004,1,0,17.826400,0.000000
3.470000,4000.000000,-12.951580,59.657250,1,1,2,2,0.750001,0.750000,0.750001,0.000000,0.974556,0.224143,0.000000,0.974555,0.224148,9.560327,-3.996636,-0.000001,1,0,17.830360,0.000000
3.480000,4000.000000,-12.991560,59.831050,1,1,2,2,0.750001,0.750002,0.750001,0.000000,0.974550,0.224171,0.000000,0.974555,0.224148,9.560229,-3.997523,-0.000002,1,0,17.834310,0.000000
3.490000,4000.000000,-13.031540,60.004890,1,1,2,2,0.750002,0.750002,0.750002,0.000000,0.974556,0.224145,0.000000,0.974555,0.224148,9.560173,-3.998408,-0.000005,1,0,17.838250,0.000000
3.500000,4000.000000,-13.071540,60.178780,1,1,2,2,0.750000,0.750000,0.750000,0.000000,0.974556,0.224143,0.000000,0.974555,0.224148,9.560577,-3.999293,-0.000008,1,0,17.842190,0.000000
3.510000,4000.000000,-13.111540,60.352700,1,1,2,2,0.750000,0.749999,0.749999,0.000000,0.974549,0.224173,0.000000,0.974555,0.224148,9.560615,-4.000173,-0.000004,1,0,17.846120,0.000000
3.520000,4000.000000,-13.151550,60.526650,1,1,2,2,0.750000,0.750000,0.750000,0.000000,0.974550,0.224171,0.000000,0.974555,0.224148,9.560480,-4.001050,-0.000003,1,0,17.850050,0.000000
3.530000,4000.000000,-13.191570,60.700650,1,1,2,2,0.750001,0.750000,0.750000,0.000000,0.974556,0.224143,0.000000,0.974555,0.224148,9.560404,-4.001928,-0.000002,1,0,17.853970,0.000000
3.540000,4000.000000,-13.231600,60.874680,1,1,2,2,0.750001,0.750001,0.750001,0.000000,0.974550,0.224171,0.000000,0.974555,0.224148,9.560369,-4.002805,-0.000003,1,0,17.857880,0.000000
3.550000,4000.000000,-13.271630,61.048760,1,1,2,2,0.749999,0.749999,0.749999,0.000000,0.974549,0.224175,0.000000,0.974555,0.224148,9.560647,-4.003681,-0.000004,1,0,17.861780,0.000000
3.560000,4000.000000,-13.311680,61.222870,1,1,2,2,0.750000,0.750000,0.750000,0.000000,0.974556,0.224143,0.000000,0.974555,0.224148,9.560520,-4.004552,-0.000002,1,0,17.865680,0.000000
3.570000,4000.000000,-13.351730,61.397010,1,1,2,2,0.750001,0.750001,0.750001,0.000000,0.974557,0.224142,0.000000,0.974555,0.224148,9.560161,-4.005424,0.000002,1,0,17.869580,0.000000
3.580000,4000.000000,-13.391800,61.571200,1,1,2,2,0.749999,0.749999,0.749999,0.000000,0.974549,0.224175,0.000000,0.974555,0.224148,9.560586,-4.006297,-0.000002,1,0,17.873460,0.000000
3.590000,4000.000000,-13.431870,61.745430,1,1,2,2,0.750001,0.750001,0.750001,0.000000,0.974556,0.224143,0.000000,0.974555,0.224148,9.560302,-4.007165,0.000000,1,0,17.877340,0.000000
3.600000,4000.000000,-13.471950,61.919690,1,1,2,2,0.750001,0.750000,0.750001,0.000000,0.974556,0.224144,0.000000,0.974555,0.224148,9.560277,-4.008034,-0.000002,1,0,17.881220,0.000000
3.610000,4000.000000,-13.512040,62.093990,1,1,2,2,0.750001,0.750001,0.750001,0.000000,0.974549,0.224175,0.000000,0.974555,0.224148,9.560250,-4.008902,-0.000003,1,0,17.885090,0.000000
3.620000,4000.000000,-13.552130,62.268330,1,1,2,2,0.750000,0.749999,0.750000,0.000000,0.964229,0.265070,0.000000,0.974555,0.224148,9.560482,-4.009769,-0.000002,1,0,17.888950,0.000000
3.630000,4000.000000,-13.592240,62.442700,1,1,2,2,0.750000,0.750000,0.750000,0.000000,0.974556,0.224143,0.000000,0.974555,0.224148,9.560345,-4.010632,0.000001,1,0,17.892800,0.000000
3.640000,4000.000000,-13.632350,62.617120,1,1,2,2,0.750001,0.750000,0.750000,0.000000,0.974549,0.224175,0.000000,0.974555,0.224148,9.560364,-4.011495,-0.000001,1,0,17.896650,0.000000
3.650000,4000.000000,-13.672480,62.791560,1,1,2,2,0.750000,0.750000,0.750000,0.000000,0.974550,0.224171,0.000000,0.974555,0.224148,9.560438,-4.012357,-0.000002,1,0,17.900490,0.000000
3.660000,4000.000000,-13.712610,62.966050,1,1,2,2,0.750000,0.750000,0.750000,0.000000,0.974556,0.224143,0.000000,0.974555,0.224148,9.560530,-4.013216,-0.000002,1,0,17.904330,0.000000
3.670000,4000.000000,-13.752750,63.140580,1,1,2,2,0.750000,0.750000,0.750000,0.000000,0.974556,0.224143,0.000000,0.974555,0.224148,9.560502,-4.014073,-0.000001,1,0,17.908160,0.000000
3.680000,4000.000000,-13.792900,63.315140,1,1,2,2,0.749999,0.749999,0.749999,0.000000,0.974549,0.224173,0.000000,0.974555,0.224148,9.560520,-4.014929,0.000002,1,0,17.911980,0.000000
3.690000,4000.000000,-13.833060,63.489740,1,1,2,2,0.749999,0.749999,0.749999,0.000000,0.974556,0.224143,0.000000,0.974555,0.224148,9.560473,-4.015783,0.000005,1,0,17.915800,0.000000
3.700000,4000.000000,-13.873230,63.664380,1,1,2,2,0.749999,0.749999,0.749999,0.000000,0.974553,0.224158,0.000000,0.974555,0.224148,9.560410,-4.016637,0.000005,1,0,17.919610,0.000000
3.710000,4000.000000,-13.913400,63.839050,1,1,2,2,0.750001,0.750000,0.750000,0.000000,0.974550,0.224171,0.000000,0.974555,0.224148,9.560241,-4.017489,0.000004,1,0,17.923410,0.000000
3.720000,4000.000000,-13.953580,64.013760,1,1,2,2,0.750000,0.750001,0.750000,0.000000,0.974549,0.224173,0.000000,0.974555,0.224148,9.560309,-4.018342,0.000001,1,0,17.927210,0.000000
3.730000,4000.000000,-13.993780,64.188510,1,1,2,2,0.750002,0.750001,0.750002,0.000000,0.974553,0.224160,0.000000,0.974555,0.224148,9.560073,-4.019193,0.000000,1,0,17.931000,0.000000
3.740000,4000.000000,-14.033980,64.363300,1,1,2,2,0.750000,0.750001,0.750000,0.000000,0.974549,0.224175,0.000000,0.974555,0.224148,9.560431,-4.020045,-0.000004,1,0,17.934790,0.000000
3.750000,4000.000000,-14.074180,64.538120,1,1,2,2,0.750000,0.750000,0.750000,0.000000,0.974549,0.224175,0.000000,0.974555,0.224148,9.560486,-4.020892,-0.000001,1,0,17.938570,0.000000
3.760000,4000.000000,-14.114400,64.712970,1,1,2,2,0.750001,0.749998,0.750000,0.000000,0.974549,0.224173,0.000000,0.974555,0.224148,9.560420,-4.021737,0.000001,1,0,17.942340,0.000000
3.770000,4000.000000,-14.154630,64.887870,1,1,2,2,0.750001,0.750001,0.750001,0.000000,0.974549,0.224175,0.000000,0.974555,0.224148,9.560204,-4.022581,0.000000,1,0,17.946110,0.000000
3.780000,4000.000000,-14.194860,65.062810,1,1,2,2,0.750001,0.750002,0.750001,0.000000,0.974549,0.224175,0.000000,0.974555,0.224148,9.560192,-4.023426,-0.000003,1,0,17.949870,0.000000
3.790000,4000.000000,-14.235110,65.237770,1,1,2,2,0.750001,0.749998,0.750000,0.000000,0.974549,0.224175,0.000000,0.974555,0.224148,9.560564,-4.024269,-0.000005,1,0,17.953620,0.000000
3.800000,4000.000000,-14.275360,65.412770,1,1,2,2,0.749999,0.750000,0.749999,0.000000,0.974549,0.224175,0.000000,0.974555,0.224148,9.560625,-4.025107,-0.000004,1,0,17.957370,0.000000
3.810000,4000.000000,-14.315620,65.587810,1,1,2,2,0.750001,0.750001,0.750001,0.000000,0.974549,0.224175,0.000000,0.974555,0.224148,9.560229,-4.025944,0.000000,1,0,17.961110,0.000000
3.820000,4000.000000,-14.355880,65.762890,1,1,2,2,0.750000,0.750000,0.750000,0.000000,0.975604,0.219537,0.000000,0.974555,0.224148,9.560448,-4.026783,-0.000003,1,0,17.964850,0.000000
3.830000,4000.000000,-14.396160,65.938010,1,1,2,2,0.750001,0.750001,0.750001,0.000000,0.974549,0.224173,0.000000,0.974555,0.224148,9.560289,-4.027618,-0.000003,1,0,17.968580,0.000000
3.840000,4000.000000,-14.436440,66.113160,1,1,2,2,0.750002,0.750000,0.750001,0.000000,0.974549,0.224175,0.000000,0.974555,0.224148,9.560366,-4.028454,-0.000004,1,0,17.972300,0.000000
3.850000,4000.000000,-14.476740,66.288350,1,1,2,2,0.750001,0.750000,0.750001,0.000000,0.974549,0.224175,0.000000,0.974555,0.224148,9.560390,-4.029287,-0.000005,1,0,17.976020,0.000000
3.860000,4000.000000,-14.517040,66.463570,1,1,2,2,0.749999,0.750002,0.750001,0.000000,0.974549,0.224173,0.000000,0.974555,0.224148,9.560453,-4.030119,-0.000006,1,0,17.979730,0.000000
3.870000,4000.000000,-14.557350,66.638820,1,1,2,2,0.749998,0.749998,0.749998,0.000000,0.974549,0.224175,0.000000,0.974555,0.224148,9.560774,-4.030949,-0.000003,1,0,17.983430,0.000000
3.880000,4000.000000,-14.597670,66.814120,1,1,2,2,0.750000,0.750000,0.750000,0.000000,0.974549,0.224173,0.000000,0.974555,0.224148,9.560398,-4.031775,-0.000001,1,0,17.987130,0.000000
3.890000,4000.000000,-14.637990,66.989450,1,1,2,2,0.750001,0.750002,0.750001,0.000000,0.974549,0.224173,0.000000,0.974555,0.224148,9.560218,-4.032602,-0.000001,1,0,17.990820,0.000000
3.900000,4000.000000,-14.678330,67.164820,1,1,2,2,0.749999,0.750000,0.749999,0.000000,0.974549,0.224175,0.000000,0.974555,0.224148,9.560596,-4.033431,-0.000003,1,0,17.994510,0.000000
3.910000,4000.000000,-14.718670,67.340220,1,1,2,2,0.749998,0.750000,0.749999,0.000000,0.974549,0.224175,0.000000,0.974555,0.224148,9.560620,-4.034254,-0.000002,1,0,17.998190,0.000000
3.920000,4000.000000,-14.759020,67.515660,1,1,2,2,0.750000,0.750000,0.750000,0.000000,0.970128,0.242594,0.000000,0.974555,0.224148,9.560378,-4.035075,0.000003,1,0,18.001870,0.000000
3.930000,4000.000000,-14.799380,67.691130,1,1,2,2,0.750002,0.750001,0.750001,0.000000,0.974549,0.224173,0.000000,0.974555,0.224148,9.560085,-4.035898,0.000004,1,0,18.005540,0.000000
3.940000,4000.000000,-14.839750,67.866640,1,1,2,2,0.750000,0.750001,0.750000,0.000000,0.974549,0.224175,0.000000,0.974555,0.224148,9.560339,-4.036722,0.000000,1,0,18.009200,0.000000
3.950000,4000.000000,-14.880120,68.042180,1,1,2,2,0.749999,0.750000,0.749999,0.000000,0.974550,0.224171,0.000000,0.974555,0.224148,9.560547,-4.037542,-0.000001,1,0,18.012850,0.000000
3.960000,4000.000000,-14.920500,68.217770,1,1,2,2,0.750000,0.750000,0.750000,0.000000,0.974549,0.224173,0.000000,0.974555,0.224148,9.560406,-4.038359,-0.000001,1,0,18.016500,0.000000
3.970000,4000.000000,-14.960900,68.393380,1,1,2,2,0.750000,0.749999,0.750000,0.000000,0.974549,0.224173,0.000000,0.974555,0.224148,9.560504,-4.039176,-0.000001,1,0,18.020150,0.000000
3.980000,4000.000000,-15.001300,68.569030,1,1,2,2,0.749998,0.749999,0.749999,0.000000,0.974549,0.224173,0.000000,0.974555,0.224148,9.560601,-4.039990,0.000002,1,0,18.023790,0.000000
3.990000,4000.000000,-15.041700,68.744720,1,1,2,2,0.750001,0.750001,0.750001,0.000000,0.974549,0.224174,0.000000,0.974555,0.224148,9.560063,-4.040802,0.000006,1,0,18.027420,0.000000
4.000000,4000.000000,-15.082120,68.920440,1,1,2,2,0.750000,0.750000,0.750000,0.000000,0.974549,0.224175,0.000000,0.974555,0.224148,9.560393,-4.041618,0.000001,1,0,18.031040,0.000000
4.010000,4000.000000,-15.122540,69.096200,1,1,2,2,0.750001,0.750001,0.750001,0.000000,0.974549,0.224175,0.000000,0.974555,0.224148,9.560335,-4.042429,-0.000002,1,0,18.034660,0.000000
4.020000,4000.000000,-15.162980,69.272000,1,1,2,2,0.749999,0.749999,0.749999,0.000000,0.955124,0.296207,0.000000,0.974555,0.224148,9.560617,-4.043240,0.000000,1,0,18.038280,0.000000
4.030000,4000.000000,-15.203420,69.447820,1,1,2,2,0.750000,0.750000,0.750000,0.000000,0.974549,0.224174,0.000000,0.974555,0.224148,9.560309,-4.044047,0.000004,1,0,18.041890,0.000000
4.040000,4000.000000,-15.243870,69.623690,1,1,2,2,0.750001,0.750001,0.750001,0.000000,0.974549,0.224175,0.000000,0.974555,0.224148,9.559959,-4.044855,0.000008,1,0,18.045490,0.000000
4.050000,4000.000000,-15.284320,69.799580,1,1,2,2,0.750003,0.750003,0.750003,0.000000,0.974549,0.224173,0.000000,0.974555,0.224148,9.559853,-4.045665,-0.000001,1,0,18.049090,0.000000
4.060000,4000.000000,-15.324790,69.975520,1,1,2,2,0.750003,0.750003,0.750003,0.000000,0.974556,0.224143,0.000000,0.974555,0.224148,9.560131,-4.046475,-0.000010,1,0,18.052680,0.000000
4.070000,4000.000000,-15.365260,70.151490,1,1,2,2,0.750000,0.750000,0.750000,0.000000,0.974556,0.224144,0.000000,0.974555,0.224148,9.560722,-4.047281,-0.000013,1,0,18.056260,0.000000
4.080000,4000.000000,-15.405740,70.327490,1,1,2,2,0.750005,0.750005,0.750005,0.000000,0.974550,0.224169,0.000000,0.974555,0.224148,9.559810,-4.048080,-0.000010,1,0,18.059840,0.000000
4.090000,4000.000000,-15.446230,70.503530,1,1,2,2,0.750001,0.750001,0.750001,0.000000,0.974556,0.224143,0.000000,0.974555,0.224148,9.560429,-4.048886,-0.000011,1,0,18.063410,0.000000
4.100000,4000.000000,-15.486730,70.679600,1,1,2,2,0.750001,0.750002,0.750002,0.000000,0.974549,0.224175,0.000000,0.974555,0.224148,9.560232,-4.049685,-0.000006,1,0,18.066980,0.000000
4.110000,4000.000000,-15.527230,70.855710,1,1,2,2,0.750004,0.750003,0.750003,0.000000,0.974551,0.224168,0.000000,0.974555,0.224148,9.560187,-4.050485,-0.000014,1,0,18.070540,0.000000
4.120000,4000.000000,-15.567740,71.031850,1,1,2,2,0.750000,0.750000,0.750000,0.000000,0.974549,0.224175,0.000000,0.974555,0.224148,9.560605,-4.051284,-0.000011,1,0,18.074090,0.000000
4.130000,4000.000000,-15.608260,71.208030,1,1,2,2,0.750000,0.750001,0.750000,0.000000,0.974549,0.224175,0.000000,0.974555,0.224148,9.560437,-4.052077,-0.000005,1,0,18.077640,0.000000
4.140000,4000.000000,-15.648790,71.384240,1,1,2,2,0.750002,0.750003,0.750003,0.000000,0.974549,0.224175,0.000000,0.974555,0.224148,9.560232,-4.052871,-0.000012,1,0,18.081180,0.000000
4.150000,4000.000000,-15.689330,71.560490,1,1,2,2,0.750001,0.750000,0.750001,0.000000,0.974549,0.224175,0.000000,0.974555,0.224148,9.560455,-4.053666,-0.000009,1,0,18.084720,0.000000
4.160000,4000.000000,-15.729870,71.736760,1,1,2,2,0.749999,0.750000,0.750000,0.000000,0.974549,0.224175,0.000000,0.974555,0.224148,9.560508,-4.054457,-0.000004,1,0,18.088250,0.000000
4.170000,4000.000000,-15.770430,71.913080,1,1,2,2,0.749999,0.749998,0.749999,0.000000,0.974556,0.224143,0.000000,0.974555,0.224148,9.560752,-4.055246,-0.000005,1,0,18.091780,0.000000
4.180000,4000.000000,-15.810990,72.089420,1,1,2,2,0.750001,0.750003,0.750002,0.000000,0.974549,0.224175,0.000000,0.974555,0.224148,9.560119,-4.056031,-0.000003,1,0,18.095300,0.000000
4.190000,4000.000000,-15.851550,72.265810,1,1,2,2,0.749998,0.749998,0.749998,0.000000,0.969808,0.243871,0.000000,0.974555,0.224148,9.560882,-4.056821,-0.000007,1,0,18.098810,0.000000
4.200000,4000.000000,-15.892130,72.442220,1,1,2,2,0.749996,0.749997,0.749996,0.000000,0.974556,0.224143,0.000000,0.974555,0.224148,9.561124,-4.057603,-0.000003,1,0,18.102320,0.000000
4.210000,4000.000000,-15.932710,72.618680,1,1,2,2,0.750001,0.749999,0.750000,0.000000,0.974550,0.224171,0.000000,0.974555,0.224148,9.560298,-4.058381,0.000003,1,0,18.105820,0.000000
4.220000,4000.000000,-15.973310,72.795160,1,1,2,2,0.749999,0.749999,0.749999,0.000000,0.974549,0.224175,0.000000,0.974555,0.224148,9.560330,-4.059165,0.000006,1,0,18.109320,0.000000
4.230000,4000.000000,-16.013900,72.971680,1,1,2,2,0.750001,0.750002,0.750002,0.000000,0.974549,0.224175,0.000000,0.974555,0.224148,9.559854,-4.059948,0.000010,1,0,18.112810,0.000000
4.240000,4000.000000,-16.054510,73.148230,1,1,2,2,0.750002,0.750002,0.750002,0.000000,0.974550,0.224171,0.000000,0.974555,0.224148,9.560177,-4.060734,-0.000003,1,0,18.116290,0.000000
4.250000,4000.000000,-16.095130,73.324820,1,1,2,2,0.750000,0.750000,0.750000,0.000000,0.974549,0.224175,0.000000,0.974555,0.224148,9.560349,-4.061516,-0.000001,1,0,18.119770,0.000000
4.260000,4000.000000,-16.135750,73.501440,1,1,2,2,0.750002,0.750002,0.750002,0.000000,0.974549,0.224175,0.000000,0.974555,0.224148,9.560313,-4.062295,-0.000009,1,0,18.123240,0.000000
4.270000,4000.000000,-16.176380,73.678090,1,1,2,2,0.750000,0.750000,0.750000,0.000000,0.974550,0.224171,0.000000,0.974555,0.224148,9.560841,-4.063073,-0.000016,1,0,18.126710,0.000000
4.280000,4000.000000,-16.217020,73.854780,1,1,2,2,0.750000,0.749999,0.749999,0.000000,0.974551,0.224168,0.000000,0.974555,0.224148,9.560653,-4.063844,-0.000006,1,0,18.130170,0.000000
4.290000,4000.000000,-16.257660,74.031500,1,1,2,2,0.749999,0.749999,0.749999,0.000000,0.974549,0.224175,0.000000,0.974555,0.224148,9.560659,-4.064616,-0.000005,1,0,18.133630,0.000000
4.300000,4000.000000,-16.298320,74.208260,1,1,2,2,0.750000,0.750000,0.750000,0.000000,0.974556,0.224143,0.000000,0.974555,0.224148,9.560449,-4.065387,-0.000003,1,0,18.137070,0.000000
4.310000,4000.000000,-16.338980,74.385050,1,1,2,2,0.750003,0.750005,0.750004,0.000000,0.974549,0.224175,0.000000,0.974555,0.224148,9.559790,-4.066158,-0.000003,1,0,18.140520,0.000000
4.320000,4000.000000,-16.379650,74.561870,1,1,2,2,0.750001,0.750000,0.750001,0.000000,0.974549,0.224175,0.000000,0.974555,0.224148,9.560524,-4.066935,-0.000010,1,0,18.143960,0.000000
4.330000,4000.000000,-16.420320,74.738730,1,1,2,2,0.750001,0.750002,0.750001,0.000000,0.974549,0.224173,0.000000,0.974555,0.224148,9.560355,-4.067703,-0.000009,1,0,18.147390,0.000000
4.340000,4000.000000,-16.461010,74.915620,1,1,2,2,0.750005,0.750005,0.750005,0.000000,0.974556,0.224143,0.000000,0.974555,0.224148,9.559802,-4.068472,-0.000010,1,0,18.150820,0.000000
4.350000,4000.000000,-16.501700,75.092540,1,1,2,2,0.750002,0.750002,0.750002,0.000000,0.974549,0.224175,0.000000,0.974555,0.224148,9.560268,-4.069244,-0.000011,1,0,18.154240,0.000000
4.360000,4000.000000,-16.542400,75.269500,1,1,2,2,0.750003,0.750004,0.750003,0.000000,0.974549,0.224175,0.000000,0.974555,0.224148,9.560314,-4.070011,-0.000019,1,0,18.157650,0.000000
4.370000,4000.000000,-16.583110,75.446490,1,1,2,2,0.750000,0.750001,0.750000,0.000000,0.974550,0.224171,0.000000,0.974555,0.224147,9.560968,-4.070776,-0.000025,1,0,18.161060,0.000000
4.380000,4000.000000,-16.623830,75.623510,1,1,2,2,0.749997,0.749999,0.749998,0.000000,0.974549,0.224175,0.000000,0.974555,0.224148,9.561135,-4.071533,-0.000013,1,0,18.164470,0.000000
4.390000,4000.000000,-16.664550,75.800570,1,1,2,2,0.749997,0.749996,0.749997,0.000000,0.974549,0.224175,0.000000,0.974555,0.224148,9.561117,-4.072288,-0.000006,1,0,18.167860,0.000000
4.400000,4000.000000,-16.705280,75.977650,1,1,2,2,0.749997,0.749996,0.749997,0.000000,0.974550,0.224171,0.000000,0.974555,0.224148,9.560957,-4.073041,0.000001,1,0,18.171260,0.000000
4.410000,4000.000000,-16.746020,76.154780,1,1,2,2,0.750002,0.750002,0.750002,0.000000,0.974556,0.224143,0.000000,0.974555,0.224148,9.559896,-4.073795,0.000006,1,0,18.174640,0.000000
4.420000,4000.000000,-16.786760,76.331930,1,1,2,2,0.749999,0.749997,0.749998,0.000000,0.974549,0.224175,0.000000,0.974555,0.224147,9.560698,-4.074558,0.000000,1,0,18.178020,0.000000
4.430000,4000.000000,-16.827510,76.509120,1,1,2,2,0.750003,0.750003,0.750003,0.000000,0.982133,0.188189,0.000000,0.974555,0.224147,9.559797,-4.075312,0.000003,1,0,18.181400,0.000000
4.440000,4000.000000,-16.868270,76.686340,1,1,2,2,0.750003,0.750003,0.750003,0.000000,0.974557,0.224141,0.000000,0.974555,0.224147,9.559952,-4.076073,-0.000003,1,0,18.184770,0.000000
4.450000,4000.000000,-16.909040,76.863590,1,1,2,2,0.750003,0.750001,0.750002,0.000000,0.974549,0.224175,0.000000,0.974555,0.224148,9.560041,-4.076831,-0.000002,1,0,18.188140,0.000000
4.460000,4000.000000,-16.949820,77.040880,1,1,2,2,0.750004,0.750004,0.750004,0.000000,0.974551,0.224168,0.000000,0.974555,0.224147,9.559974,-4.077588,-0.000012,1,0,18.191490,0.000000
4.470000,4000.000000,-16.990600,77.218200,1,1,2,2,0.750004,0.750006,0.750005,0.000000,0.974562,0.224118,0.000000,0.974555,0.224147,9.559988,-4.078343,-0.000022,1,0,18.194850,0.000000
4.480000,4000.000000,-17.031390,77.395550,1,1,2,2,0.750004,0.750004,0.750004,0.000000,0.974549,0.224175,0.000000,0.974555,0.224147,9.560153,-4.079098,-0.000020,1,0,18.198190,0.000000
4.490000,4000.000000,-17.072190,77.572940,1,1,2,2,0.750005,0.750005,0.750005,0.000000,0.974549,0.224175,0.000000,0.974555,0.224147,9.560138,-4.079849,-0.000028,1,0,18.201540,0.000000
4.500000,4000.000000,-17.113000,77.750350,1,1,2,2,0.750002,0.750003,0.750003,0.000000,0.974550,0.224171,0.000000,0.974555,0.224147,9.560542,-4.080600,-0.000025,1,0,18.204870,0.000000
4.510000,4000.000000,-17.153810,77.927800,1,1,2,2,0.750006,0.750004,0.750005,0.000000,0.974549,0.224175,0.000000,0.974555,0.224148,9.559962,-4.081345,-0.000018,1,0,18.208200,0.000000
4.520000,4000.000000,-17.194630,78.105290,1,1,2,2,0.750002,0.750004,0.750003,0.000000,0.974549,0.224175,0.000000,0.974555,0.224148,9.560450,-4.082095,-0.000023,1,0,18.211530,0.000000
4.530000,4000.000000,-17.235460,78.282800,1,1,2,2,0.750006,0.750006,0.750006,0.000000,0.974549,0.224175,0.000000,0.974555,0.224148,9.559955,-4.082838,-0.000023,1,0,18.214850,0.000000
4.540000,4000.000000,-17.276290,78.460340,1,1,2,2,0.750006,0.750006,0.750006,0.000000,0.974556,0.224143,0.000000,0.974555,0.224148,9.559937,-4.083585,-0.000028,1,0,18.218160,0.000000
4.550000,4000.000000,-17.317140,78.637920,1,1,2,2,0.750000,0.750000,0.750000,0.000000,0.974549,0.224175,0.000000,0.974555,0.224148,9.561217,-4.084332,-0.000033,1,0,18.221470,0.000000
4.560000,4000.000000,-17.357990,78.815540,1,1,2,2,0.750004,0.750004,0.750004,0.000000,0.974549,0.224175,0.000000,0.974555,0.224148,9.560348,-4.085064,-0.000026,1,0,18.224780,0.000000
4.570000,4000.000000,-17.398850,78.993180,1,1,2,2,0.750006,0.750006,0.750006,0.000000,0.974556,0.224146,0.000000,0.974555,0.224148,9.559897,-4.085804,-0.000026,1,0,18.228070,0.000000
4.580000,4000.000000,-17.439710,79.170850,1,1,2,2,0.750001,0.750001,0.750001,0.000000,0.974549,0.224175,0.000000,0.974555,0.224148,9.560815,-4.086546,-0.000026,1,0,18.231360,0.000000
4.590000,4000.000000,-17.480590,79.348560,1,1,2,2,0.750001,0.750002,0.750001,0.000000,0.974551,0.224168,0.000000,0.974555,0.224148,9.560859,-4.087279,-0.000028,1,0,18.234650,0.000000
4.600000,4000.000000,-17.521470,79.526300,1,1,2,2,0.750000,0.750000,0.750000,0.000000,0.974549,0.224175,0.000000,0.974555,0.224148,9.560777,-4.088010,-0.000018,1,0,18.237930,0.000000
4.610000,4000.000000,-17.562350,79.704070,1,1,2,2,0.750001,0.750001,0.750001,0.000000,0.974549,0.224175,0.000000,0.974555,0.224148,9.560407,-4.088740,-0.000009,1,0,18.241210,0.000000
4.620000,4000.000000,-17.603250,79.881870,1,1,2,2,0.750002,0.750003,0.750003,0.000000,0.974549,0.224175,0.000000,0.974555,0.224148,9.560339,-4.089473,-0.000016,1,0,18.244480,0.000000
4.630000,4000.000000,-17.644150,80.059710,1,1,2,2,0.750000,0.750000,0.750000,0.000000,0.974549,0.224175,0.000000,0.974555,0.224148,9.560609,-4.090206,-0.000012,1,0,18.247740,0.000000
4.640000,4000.000000,-17.685060,80.237570,1,1,2,2,0.750000,0.750000,0.750000,0.000000,0.974550,0.224171,0.000000,0.974555,0.224148,9.560435,-4.090934,-0.000005,1,0,18.251000,0.000000
4.650000,4000.000000,-17.725980,80.415470,1,1,2,2,0.749999,0.749998,0.749999,0.000000,0.974556,0.224146,0.000000,0.974555,0.224148,9.560771,-4.091663,-0.000006,1,0,18.254260,0.000000
4.660000,4000.000000,-17.766900,80.593400,1,1,2,2,0.750004,0.750003,0.750003,0.000000,0.974549,0.224175,0.000000,0.974555,0.224148,9.559872,-4.092388,-0.000004,1,0,18.257510,0.000000
4.670000,4000.000000,-17.807830,80.771360,1,1,2,2,0.749999,0.749999,0.749999,0.000000,0.956785,0.290797,0.000000,0.974555,0.224148,9.560800,-4.093120,-0.000010,1,0,18.260750,0.000000
4.680000,4000.000000,-17.848770,80.949360,1,1,2,2,0.749999,0.749998,0.749999,0.000000,0.974549,0.224173,0.000000,0.974555,0.224148,9.560790,-4.093841,-0.000007,1,0,18.263980,0.000000
4.690000,4000.000000,-17.889720,81.127380,1,1,2,2,0.750002,0.750002,0.750002,0.000000,0.974549,0.224175,0.000000,0.974555,0.224148,9.560135,-4.094562,-0.000004,1,0,18.267220,0.000000
4.700000,4000.000000,-17.930670,81.305440,1,1,2,2,0.750000,0.750000,0.750000,0.000000,0.974549,0.224175,0.000000,0.974555,0.224148,9.560356,-4.095287,-0.000001,1,0,18.270440,0.000000
4.710000,4000.000000,-17.971630,81.483520,1,1,2,2,0.750001,0.750001,0.750001,0.000000,0.974549,0.224175,0.000000,0.974555,0.224148,9.560107,-4.096010,0.000003,1,0,18.273660,0.000000
4.720000,4000.000000,-18.012600,81.661640,1,1,2,2,0.750001,0.749999,0.750000,0.000000,0.974563,0.224114,0.000000,0.974555,0.224148,9.560624,-4.096733,-0.000007,1,0,18.276880,0.000000
4.730000,4000.000000,-18.053570,81.839780,1,1,2,2,0.749999,0.749999,0.749999,0.000000,0.974549,0.224175,0.000000,0.974555,0.224148,9.560492,-4.097450,0.000000,1,0,18.280090,0.000000
4.740000,4000.000000,-18.094550,82.017970,1,1,2,2,0.749999,0.749999,0.749999,0.000000,0.974549,0.224175,0.000000,0.974555,0.224148,9.560562,-4.098168,-0.000001,1,0,18.283300,0.000000
4.750000,4000.000000,-18.135540,82.196180,1,1,2,2,0.750000,0.749999,0.750000,0.000000,0.974556,0.224146,0.000000,0.974555,0.224148,9.560483,-4.098884,-0.000001,1,0,18.286500,0.000000
4.760000,4000.000000,-18.176540,82.374430,1,1,2,2,0.750003,0.750001,0.750002,0.000000,0.974549,0.224175,0.000000,0.974555,0.224148,9.560060,-4.099599,-0.000001,1,0,18.289690,0.000000
4.770000,4000.000000,-18.217540,82.552700,1,1,2,2,0.750000,0.750001,0.750001,0.000000,0.974551,0.224168,0.000000,0.974555,0.224148,9.560439,-4.100317,-0.000006,1,0,18.292880,0.000000
4.780000,4000.000000,-18.258550,82.731010,1,1,2,2,0.750001,0.750001,0.750001,0.000000,0.974549,0.224173,0.000000,0.974555,0.224148,9.560370,-4.101030,-0.000006,1,0,18.296060,0.000000
4.790000,4000.000000,-18.299570,82.909350,1,1,2,2,0.750005,0.750005,0.750005,0.000000,0.974557,0.224141,0.000000,0.974555,0.224148,9.559743,-4.101743,-0.000008,1,0,18.299240,0.000000
4.800000,4000.000000,-18.340590,83.087720,1,1,2,2,0.749999,0.750001,0.750000,0.000000,0.974550,0.224171,0.000000,0.974555,0.224148,9.560623,-4.102461,-0.000010,1,0,18.302420,0.000000
4.810000,4000.000000,-18.381620,83.266110,1,1,2,2,0.750004,0.750004,0.750004,0.000000,0.974549,0.224175,0.000000,0.974555,0.224148,9.560031,-4.103168,-0.000014,1,0,18.305580,0.000000
4.820000,4000.000000,-18.422660,83.444540,1,1,2,2,0.750003,0.750003,0.750003,0.000000,0.974563,0.224114,0.000000,0.974555,0.224147,9.560543,-4.103881,-0.000024,1,0,18.308740,0.000000
4.830000,4000.000000,-18.463710,83.623000,1,1,2,2,0.750001,0.750001,0.750001,0.000000,0.974549,0.224175,0.000000,0.974555,0.224148,9.560584,-4.104587,-0.000017,1,0,18.311900,0.000000
4.840000,4000.000000,-18.504760,83.801490,1,1,2,2,0.750003,0.750001,0.750002,0.000000,0.974549,0.224175,0.000000,0.974555,0.224147,9.560636,-4.105292,-0.000022,1,0,18.315050,0.000000
4.850000,4000.000000,-18.545820,83.980010,1,1,2,2,0.750002,0.750002,0.750002,0.000000,0.974563,0.224114,0.000000,0.974555,0.224147,9.560734,-4.105995,-0.000025,1,0,18.318200,0.000000
4.860000,4000.000000,-18.586890,84.158560,1,1,2,2,0.750000,0.750000,0.750000,0.000000,0.974549,0.224175,0.000000,0.974555,0.224147,9.560719,-4.106696,-0.000016,1,0,18.321340,0.000000
4.870000,4000.000000,-18.627960,84.337140,1,1,2,2,0.749999,0.749997,0.749998,0.000000,0.974549,0.224175,0.000000,0.974555,0.224147,9.561032,-4.107395,-0.000013,1,0,18.324470,0.000000
4.880000,4000.000000,-18.669040,84.515750,1,1,2,2,0.750002,0.750002,0.750002,0.000000,0.969921,0.243422,0.000000,0.974555,0.224147,9.560224,-4.108091,-0.000007,1,0,18.327600,0.000000
4.890000,4000.000000,-18.710130,84.694400,1,1,2,2,0.750001,0.750001,0.750001,0.000000,0.974549,0.224173,0.000000,0.974555,0.224147,9.560450,-4.108793,-0.000009,1,0,18.330730,0.000000
4.900000,4000.000000,-18.751230,84.873070,1,1,2,2,0.749996,0.749996,0.749996,0.000000,0.974550,0.224171,0.000000,0.974555,0.224147,9.561431,-4.109492,-0.000009,1,0,18.333850,0.000000
4.910000,4000.000000,-18.792330,85.051770,1,1,2,2,0.750001,0.750000,0.750001,0.000000,0.974549,0.224175,0.000000,0.974555,0.224147,9.560267,-4.110180,0.000001,1,0,18.336960,0.000000
4.920000,4000.000000,-18.833440,85.230510,1,1,2,2,0.750000,0.750000,0.750000,0.000000,0.974549,0.224173,0.000000,0.974555,0.224147,9.560389,-4.110878,0.000000,1,0,18.340070,0.000000
4.930000,4000.000000,-18.874550,85.409270,1,1,2,2,0.749999,0.749999,0.749999,0.000000,0.974549,0.224175,0.000000,0.974555,0.224148,9.560444,-4.111574,0.000006,1,0,18.343180,0.000000
4.940000,4000.000000,-18.915670,85.588070,1,1,2,2,0.750001,0.750002,0.750001,0.000000,0.974550,0.224171,0.000000,0.974555,0.224147,9.560175,-4.112268,0.000000,1,0,18.346270,0.000000
4.950000,4000.000000,-18.956800,85.766890,1,1,2,2,0.749999,0.749999,0.749999,0.000000,0.959554,0.281524,0.000000,0.974555,0.224148,9.560584,-4.112964,0.000003,1,0,18.349370,0.000000
4.960000,4000.000000,-18.997940,85.945750,1,1,2,2,0.750002,0.750000,0.750001,0.000000,0.974549,0.224175,0.000000,0.974555,0.224148,9.559914,-4.113655,0.000010,1,0,18.352460,0.000000
4.970000,4000.000000,-19.039080,86.124630,1,1,2,2,0.749999,0.749999,0.749999,0.000000,0.974550,0.224171,0.000000,0.974555,0.224148,9.560432,-4.114350,0.000005,1,0,18.355540,0.000000
4.980000,4000.000000,-19.080230,86.303550,1,1,2,2,0.750002,0.750004,0.750003,0.000000,0.974549,0.224175,0.000000,0.974555,0.224148,9.559763,-4.115040,0.000004,1,0,18.358620,0.000000
4.990000,4000.000000,-19.121390,86.482500,1,1,2,2,0.750005,0.750005,0.750005,0.000000,0.974556,0.224146,0.000000,0.974555,0.224148,9.559650,-4.115735,-0.000003,1,0,18.361690,0.000000
5.000000,4000.000000,-19.162560,86.661480,1,1,2,2,0.750000,0.750001,0.750001,0.000000,0.974556,0.224146,0.000000,0.974555,0.224148,9.560590,-4.116430,-0.000012,1,0,18.364760,0.000000
5.010000,4000.000000,-19.203730,86.840480,1,1,2,2,0.750001,0.750001,0.750001,0.000000,0.974550,0.224171,0.000000,0.974555,0.224148,9.560458,-4.117115,-0.000011,1,0,18.367820,0.000000
5.020000,4000.000000,-19.244910,87.019510,1,1,2,2,0.749999,0.749999,0.749999,0.000000,0.961434,0.275037,0.000000,0.974555,0.224148,9.560699,-4.117799,-0.000005,1,0,18.370870,0.000000
5.030000,4000.000000,-19.286090,87.198570,1,1,2,2,0.749999,0.749997,0.749998,0.000000,0.974549,0.224175,0.000000,0.974555,0.224148,9.560750,-4.118481,0.000003,1,0,18.373930,0.000000
5.040000,4000.000000,-19.327280,87.377660,1,1,2,2,0.750000,0.750001,0.750001,0.000000,0.974549,0.224175,0.000000,0.974555,0.224148,9.560314,-4.119160,-0.000001,1,0,18.376970,0.000000
5.050000,4000.000000,-19.368480,87.556790,1,1,2,2,0.749998,0.749997,0.749997,0.000000,0.974549,0.224175,0.000000,0.974555,0.224148,9.560836,-4.119843,0.000003,1,0,18.380020,0.000000
5.060000,4000.000000,-19.409690,87.735940,1,1,2,2,0.749999,0.749999,0.749999,0.000000,0.974550,0.224169,0.000000,0.974555,0.224148,9.560384,-4.120520,0.000011,1,0,18.383050,0.000000
5.070000,4000.000000,-19.450900,87.915120,1,1,2,2,0.750000,0.750000,0.750000,0.000000,0.974550,0.224171,0.000000,0.974555,0.224148,9.560334,-4.121199,0.000004,1,0,18.386080,0.000000
5.080000,4000.000000,-19.492120,88.094340,1,1,2,2,0.749999,0.749998,0.749998,0.000000,0.974549,0.224175,0.000000,0.974555,0.224148,9.560544,-4.121878,0.000008,1,0,18.389110,0.000000
5.090000,4000.000000,-19.533340,88.273580,1,1,2,2,0.749998,0.749998,0.749998,0.000000,0.974549,0.224175,0.000000,0.974555,0.224148,9.560505,-4.122554,0.000008,1,0,18.392130,0.000000
5.100000,4000.000000,-19.574580,88.452850,1,1,2,2,0.749996,0.749996,0.749996,0.000000,0.974556,0.224144,0.000000,0.974555,0.224148,9.560862,-4.123229,0.000008,1,0,18.395150,0.000000
5.110000,4000.000000,-19.615810,88.632150,1,1,2,2,0.750002,0.750000,0.750001,0.000000,0.974549,0.224175,0.000000,0.974555,0.224148,9.559964,-4.123899,0.000011,1,0,18.398160,0.000000
5.120000,4000.000000,-19.657060,88.811480,1,1,2,2,0.749996,0.749997,0.749997,0.000000,0.974551,0.224168,0.000000,0.974555,0.224148,9.560835,-4.124578,0.000005,1,0,18.401160,0.000000
5.130000,4000.000000,-19.698310,88.990840,1,1,2,2,0.749997,0.749997,0.749997,0.000000,0.974549,0.224173,0.000000,0.974555,0.224148,9.560689,-4.125246,0.000008,1,0,18.404170,0.000000
5.140000,4000.000000,-19.739570,89.170230,1,1,2,2,0.750000,0.750000,0.750000,0.000000,0.974556,0.224143,0.000000,0.974555,0.224148,9.560119,-4.125915,0.000011,1,0,18.407160,0.000000
5.150000,4000.000000,-19.780840,89.349650,1,1,2,2,0.749999,0.749999,0.749999,0.000000,0.974549,0.224175,0.000000,0.974555,0.224148,9.560246,-4.126588,0.000013,1,0,18.410150,0.000000
5.160000,4000.000000,-19.822110,89.529090,1,1,2,2,0.750000,0.750000,0.750000,0.000000,0.974549,0.224175,0.000000,0.974555,0.224148,9.560334,-4.127259,0.000004,1,0,18.413140,0.000000
5.170000,4000.000000,-19.863390,89.708560,1,1,2,2,0.750000,0.750000,0.750000,0.000000,0.974562,0.224118,0.000000,0.974555,0.224147,9.560516,-4.127928,-0.000003,1,0,18.416120,0.000000
5.180000,4000.000000,-19.904680,89.888070,1,1,2,2,0.749998,0.749999,0.749998,0.000000,0.974549,0.224173,0.000000,0.974555,0.224148,9.560670,-4.128593,0.000003,1,0,18.419090,0.000000
5.190000,4000.000000,-19.945970,90.067600,1,1,2,2,0.750000,0.749999,0.749999,0.000000,0.974549,0.224175,0.000000,0.974555,0.224147,9.560523,-4.129257,0.000000,1,0,18.422060,0.000000
5.200000,4000.000000,-19.987270,90.247170,1,1,2,2,0.749999,0.749999,0.749999,0.000000,0.974563,0.224114,0.000000,0.974555,0.224147,9.560728,-4.129920,-0.000005,1,0,18.425030,0.000000
5.210000,4000.000000,-20.028570,90.426760,1,1,2,2,0.749999,0.749998,0.749998,0.000000,0.974549,0.224175,0.000000,0.974555,0.224147,9.560644,-4.130581,0.000004,1,0,18.427990,0.000000
5.220000,4000.000000,-20.069890,90.606380,1,1,2,2,0.749995,0.749996,0.749995,0.000000,0.974550,0.224171,0.000000,0.974555,0.224147,9.561106,-4.131241,0.000006,1,0,18.430940,0.000000
5.230000,4000.000000,-20.111210,90.786030,1,1,2,2,0.750000,0.750000,0.750000,0.000000,0.974549,0.224175,0.000000,0.974555,0.224147,9.560065,-4.131896,0.000013,1,0,18.433890,0.000000
5.240000,4000.000000,-20.152530,90.965710,1,1,2,2,0.749999,0.750000,0.750000,0.000000,0.974556,0.224144,0.000000,0.974555,0.224147,9.560238,-4.132559,0.000009,1,0,18.436840,0.000000
5.250000,4000.000000,-20.193860,91.145410,1,1,2,2,0.749996,0.749998,0.749997,0.000000,0.974556,0.224143,0.000000,0.974555,0.224147,9.560715,-4.133220,0.000007,1,0,18.439780,0.000000
5.260000,4000.000000,-20.235200,91.325140,1,1,2,2,0.750002,0.749999,0.750001,0.000000,0.974549,0.224175,0.000000,0.974555,0.224147,9.560023,-4.133875,0.000010,1,0,18.442710,0.000000
5.270000,4000.000000,-20.276550,91.504910,1,1,2,2,0.749999,0.749999,0.749999,0.000000,0.974556,0.224146,0.000000,0.974555,0.224148,9.560351,-4.134536,0.000013,1,0,18.445640,0.000000
5.280000,4000.000000,-20.317900,91.684700,1,1,2,2,0.749999,0.750000,0.749999,0.000000,0.974549,0.224175,0.000000,0.974555,0.224148,9.560074,-4.135192,0.000018,1,0,18.448570,0.000000
5.290000,4000.000000,-20.359260,91.864520,1,1,2,2,0.750002,0.749999,0.750000,0.000000,0.974549,0.224175,0.000000,0.974555,0.224148,9.560156,-4.135850,0.000007,1,0,18.451490,0.000000
5.300000,4000.000000,-20.400620,92.044360,1,1,2,2,0.749999,0.749999,0.749999,0.000000,0.974549,0.224175,0.000000,0.974555,0.224148,9.560414,-4.136506,0.000010,1,0,18.454410,0.000000
5.310000,4000.000000,-20.442000,92.224240,1,1,2,2,0.749999,0.749999,0.749999,0.000000,0.974549,0.224175,0.000000,0.974555,0.224148,9.560137,-4.137158,0.000015,1,0,18.457320,0.000000
5.320000,4000.000000,-20.483370,92.404150,1,1,2,2,0.750000,0.749998,0.749999,0.000000,0.974549,0.224173,0.000000,0.974555,0.224148,9.560286,-4.137812,0.000011,1,0,18.460220,0.000000
5.330000,4000.000000,-20.524760,92.584080,1,1,2,2,0.750002,0.750003,0.750002,0.000000,0.974549,0.224175,0.000000,0.974555,0.224148,9.559737,-4.138463,0.000008,1,0,18.463120,0.000000
5.340000,4000.000000,-20.566150,92.764050,1,1,2,2,0.749999,0.749998,0.749999,0.000000,0.973394,0.229139,0.000000,0.974555,0.224148,9.560607,-4.139119,0.000001,1,0,18.466020,0.000000
5.350000,4000.000000,-20.607550,92.944040,1,1,2,2,0.750002,0.750000,0.750001,0.000000,0.974556,0.224143,0.000000,0.974555,0.224148,9.560203,-4.139765,0.000001,1,0,18.468910,0.000000
5.360000,4000.000000,-20.648950,93.124050,1,1,2,2,0.750001,0.750002,0.750002,0.000000,0.974550,0.224171,0.000000,0.974555,0.224148,9.560162,-4.140414,-0.000002,1,0,18.471790,0.000000
5.370000,4000.000000,-20.690360,93.304100,1,1,2,2,0.749999,0.749999,0.749999,0.000000,0.974549,0.224175,0.000000,0.974555,0.224148,9.560616,-4.141062,0.000001,1,0,18.474680,0.000000
5.380000,4000.000000,-20.731780,93.484180,1,1,2,2,0.750004,0.750004,0.750004,0.000000,0.974549,0.224175,0.000000,0.974555,0.224148,9.559503,-4.141705,0.000007,1,0,18.477550,0.000000
5.390000,4000.000000,-20.773200,93.664280,1,1,2,2,0.750002,0.750002,0.750002,0.000000,0.974564,0.224111,0.000000,0.974555,0.224148,9.560322,-4.142357,-0.000009,1,0,18.480420,0.000000
5.400000,4000.000000,-20.814630,93.844410,1,1,2,2,0.750000,0.750000,0.750000,0.000000,0.974549,0.224175,0.000000,0.974555,0.224148,9.560526,-4.143001,-0.000005,1,0,18.483290,0.000000
5.410000,4000.000000,-20.856070,94.024570,1,1,2,2,0.750002,0.750002,0.750002,0.000000,0.974550,0.224171,0.000000,0.974555,0.224148,9.560366,-4.143641,-0.000011,1,0,18.486150,0.000000
5.420000,4000.000000,-20.897510,94.204750,1,1,2,2,0.750002,0.749999,0.750000,0.000000,0.974562,0.224118,0.000000,0.974555,0.224148,9.560783,-4.144282,-0.000018,1,0,18.489010,0.000000
5.430000,4000.000000,-20.938960,94.384960,1,1,2,2,0.750000,0.750000,0.750000,0.000000,0.974549,0.224175,0.000000,0.974555,0.224148,9.560523,-4.144917,-0.000008,1,0,18.491860,0.000000
5.440000,4000.000000,-20.980420,94.565210,1,1,2,2,0.749999,0.749999,0.749999,0.000000,0.974550,0.224171,0.000000,0.974555,0.224148,9.560739,-4.145555,-0.000008,1,0,18.494710,0.000000
5.450000,4000.000000,-21.021880,94.745480,1,1,2,2,0.749999,0.749999,0.749999,0.000000,0.974556,0.224146,0.000000,0.974555,0.224148,9.560669,-4.146188,-0.000005,1,0,18.497550,0.000000
5.460000,4000.000000,-21.063340,94.925770,1,1,2,2,0.750006,0.750006,0.750006,0.000000,0.974556,0.224146,0.000000,0.974555,0.224148,9.559464,-4.146821,-0.000003,1,0,18.500390,0.000000
5.470000,4000.000000,-21.104820,95.106090,1,1,2,2,0.749997,0.749999,0.749998,0.000000,0.974550,0.224171,0.000000,0.974555,0.224148,9.561027,-4.147466,-0.000013,1,0,18.503220,0.000000
5.480000,4000.000000,-21.146300,95.286450,1,1,2,2,0.750001,0.750001,0.750001,0.000000,0.974549,0.224175,0.000000,0.974555,0.224148,9.560382,-4.148094,-0.000007,1,0,18.506050,0.000000
5.490000,4000.000000,-21.187790,95.466830,1,1,2,2,0.750004,0.750003,0.750003,0.000000,0.974556,0.224143,0.000000,0.974555,0.224148,9.560014,-4.148727,-0.000008,1,0,18.508870,0.000000
5.500000,4000.000000,-21.229280,95.647230,1,1,2,2,0.749999,0.749999,0.749999,0.000000,0.974551,0.224168,0.000000,0.974555,0.224148,9.560746,-4.149363,-0.000007,1,0,18.511690,0.000000
5.510000,4000.000000,-21.270780,95.827670,1,1,2,2,0.750001,0.750001,0.750001,0.000000,0.974549,0.224175,0.000000,0.974555,0.224148,9.560506,-4.149990,-0.000010,1,0,18.514510,0.000000
5.520000,4000.000000,-21.312290,96.008130,1,1,2,2,0.749999,0.749999,0.749999,0.000000,0.974564,0.224111,0.000000,0.974555,0.224148,9.560746,-4.150619,-0.000003,1,0,18.517310,0.000000
5.530000,4000.000000,-21.353800,96.188610,1,1,2,2,0.750000,0.749999,0.750000,0.000000,0.974549,0.224175,0.000000,0.974555,0.224148,9.560287,-4.151244,0.000005,1,0,18.520120,0.000000
5.540000,4000.000000,-21.395320,96.369130,1,1,2,2,0.750001,0.750000,0.750000,0.000000,0.974549,0.224175,0.000000,0.974555,0.224148,9.560410,-4.151872,-0.000003,1,0,18.522920,0.000000
5.550000,4000.000000,-21.436840,96.549670,1,1,2,2,0.749999,0.750000,0.750000,0.000000,0.974549,0.224175,0.000000,0.974555,0.224148,9.560349,-4.152498,0.000002,1,0,18.525710,0.000000
5.560000,4000.000000,-21.478370,96.730250,1,1,2,2,0.750000,0.750000,0.750000,0.000000,0.974549,0.224175,0.000000,0.974555,0.224148,9.560154,-4.153124,0.000007,1,0,18.528500,0.000000
5.570000,4000.000000,-21.519910,96.910840,1,1,2,2,0.749998,0.749998,0.749998,0.000000,0.974556,0.224143,0.000000,0.974555,0.224148,9.560642,-4.153750,0.000003,1,0,18.531290,0.000000
5.580000,4000.000000,-21.561460,97.091470,1,1,2,2,0.750000,0.750000,0.750000,0.000000,0.974549,0.224175,0.000000,0.974555,0.224148,9.560260,-4.154371,0.000004,1,0,18.534070,0.000000
5.590000,4000.000000,-21.603010,97.272120,1,1,2,2,0.749997,0.749997,0.749997,0.000000,0.954799,0.297252,0.000000,0.974555,0.224148,9.560860,-4.154995,0.000001,1,0,18.536840,0.000000
5.600000,4000.000000,-21.644560,97.452800,1,1,2,2,0.749998,0.750000,0.749999,0.000000,0.974556,0.224143,0.000000,0.974555,0.224148,9.560452,-4.155612,0.000004,1,0,18.539610,0.000000
5.610000,4000.000000,-21.686120,97.633500,1,1,2,2,0.750001,0.750000,0.750001,0.000000,0.974550,0.224171,0.000000,0.974555,0.224148,9.560210,-4.156231,0.000004,1,0,18.542380,0.000000
5.620000,4000.000000,-21.727690,97.814230,1,1,2,2,0.749998,0.749998,0.749998,0.000000,0.974549,0.224175,0.000000,0.974555,0.224148,9.560664,-4.156852,0.000007,1,0,18.545140,0.000000
5.630000,4000.000000,-21.769270,97.995000,1,1,2,2,0.749999,0.750000,0.750000,0.000000,0.974550,0.224171,0.000000,0.974555,0.224148,9.560054,-4.157467,0.000014,1,0,18.547900,0.000000
5.640000,4000.000000,-21.810850,98.175780,1,1,2,2,0.750002,0.750002,0.750002,0.000000,0.974549,0.224173,0.000000,0.974555,0.224148,9.559879,-4.158087,0.000003,1,0,18.550650,0.000000
5.650000,4000.000000,-21.852440,98.356600,1,1,2,2,0.749999,0.749999,0.749999,0.000000,0.974551,0.224168,0.000000,0.974555,0.224148,9.560596,-4.158708,0.000003,1,0,18.553400,0.000000
5.660000,4000.000000,-21.894030,98.537440,1,1,2,2,0.749997,0.749999,0.749998,0.000000,0.974550,0.224171,0.000000,0.974555,0.224148,9.560634,-4.159321,0.000003,1,0,18.556140,0.000000
5.670000,4000.000000,-21.935630,98.718310,1,1,2,2,0.750000,0.750001,0.750000,0.000000,0.974556,0.224144,0.000000,0.974555,0.224148,9.560222,-4.159932,0.000004,1,0,18.558870,0.000000
5.680000,4000.000000,-21.977230,98.899200,1,1,2,2,0.750003,0.750003,0.750003,0.000000,0.974549,0.224173,0.000000,0.974555,0.224148,9.559859,-4.160547,0.000000,1,0,18.561610,0.000000
5.690000,4000.000000,-22.018840,99.080120,1,1,2,2,0.750001,0.750000,0.750001,0.000000,0.974549,0.224175,0.000000,0.974555,0.224148,9.560438,-4.161164,-0.000006,1,0,18.564330,0.000000
5.700000,4000.000000,-22.060460,99.261070,1,1,2,2,0.750004,0.750004,0.750004,0.000000,0.978898,0.204350,0.000000,0.974555,0.224148,9.559890,-4.161774,-0.000007,1,0,18.567060,0.000000
5.710000,4000.000000,-22.102090,99.442040,1,1,2,2,0.750002,0.750003,0.750002,0.000000,0.974556,0.224143,0.000000,0.974555,0.224148,9.560314,-4.162389,-0.000013,1,0,18.569780,0.000000
5.720000,4000.000000,-22.143720,99.623040,1,1,2,2,0.750000,0.750001,0.750001,0.000000,0.974549,0.224175,0.000000,0.974555,0.224148,9.560467,-4.162998,-0.000009,1,0,18.572490,0.000000
5.730000,4000.000000,-22.185350,99.804060,1,1,2,2,0.750002,0.750002,0.750002,0.000000,0.974549,0.224175,0.000000,0.974555,0.224148,9.560484,-4.163605,-0.000016,1,0,18.575200,0.000000
5.740000,4000.000000,-22.226990,99.985120,1,1,2,2,0.750003,0.750003,0.750003,0.000000,0.974550,0.224171,0.000000,0.974555,0.224147,9.560319,-4.164211,-0.000022,1,0,18.577910,0.000000
5.750000,4000.000000,-22.268640,100.166200,1,1,2,2,0.750000,0.749999,0.750000,0.000000,0.974549,0.224175,0.000000,0.974555,0.224148,9.560901,-4.164817,-0.000017,1,0,18.580610,0.000000
5.760000,4000.000000,-22.310300,100.347300,1,1,2,2,0.750002,0.750001,0.750001,0.000000,0.974549,0.224175,0.000000,0.974555,0.224147,9.560620,-4.165416,-0.000018,1,0,18.583310,0.000000
5.770000,4000.000000,-22.351960,100.528400,1,1,2,2,0.749999,0.749999,0.749999,0.000000,0.974549,0.224175,0.000000,0.974555,0.224148,9.560919,-4.166018,-0.000010,1,0,18.586000,0.000000
5.780000,4000.000000,-22.393620,100.709600,1,1,2,2,0.749999,0.749999,0.749999,0.000000,0.974549,0.224175,0.000000,0.974555,0.224148,9.560482,-4.166615,0.000000,1,0,18.588680,0.000000
5.790000,4000.000000,-22.435300,100.890800,1,1,2,2,0.750000,0.750000,0.750000,0.000000,0.974556,0.224146,0.000000,0.974555,0.224148,9.560375,-4.167215,0.000000,1,0,18.591370,0.000000
5.800000,4000.000000,-22.476970,101.072000,1,1,2,2,0.750002,0.750002,0.750002,0.000000,0.974550,0.224171,0.000000,0.974555,0.224148,9.560063,-4.167815,-0.000001,1,0,18.594040,0.000000
5.810000,4000.000000,-22.518660,101.253200,1,1,2,2,0.749999,0.749999,0.749999,0.000000,0.990240,0.139370,0.000000,0.974555,0.224148,9.560683,-4.168418,-0.000006,1,0,18.596720,0.000000
5.820000,4000.000000,-22.560350,101.434500,1,1,2,2,0.749997,0.749997,0.749997,0.000000,0.974549,0.224173,0.000000,0.974555,0.224148,9.561000,-4.169014,-0.000004,1,0,18.599380,0.000000
5.830000,4000.000000,-22.602050,101.615800,1,1,2,2,0.750000,0.750001,0.750001,0.000000,0.974550,0.224171,0.000000,0.974555,0.224148,9.560246,-4.169605,0.000002,1,0,18.602050,0.000000
5.840000,4000.000000,-22.643750,101.797100,1,1,2,2,0.749997,0.749998,0.749997,0.000000,0.974550,0.224171,0.000000,0.974555,0.224148,9.560755,-4.170202,0.000006,1,0,18.604710,0.000000
5.850000,4000.000000,-22.685460,101.978400,1,1,2,2,0.749998,0.749998,0.749998,0.000000,0.974550,0.224171,0.000000,0.974555,0.224148,9.560339,-4.170794,0.000014,1,0,18.607360,0.000000
5.860000,4000.000000,-22.727170,102.159800,1,1,2,2,0.749998,0.749998,0.749998,0.000000,0.974550,0.224171,0.000000,0.974555,0.224148,9.560630,-4.171389,0.000006,1,0,18.610010,0.000000
5.870000,4000.000000,-22.768890,102.341200,1,1,2,2,0.749997,0.749997,0.749997,0.000000,0.974549,0.224175,0.000000,0.974555,0.224148,9.560659,-4.171979,0.000013,1,0,18.612660,0.000000
5.880000,4000.000000,-22.810610,102.522600,1,1,2,2,0.749998,0.749997,0.749998,0.000000,0.974549,0.224175,0.000000,0.974555,0.224148,9.560430,-4.172569,0.000015,1,0,18.615300,0.000000
5.890000,4000.000000,-22.852340,102.704000,1,1,2,2,0.749998,0.749999,0.749999,0.000000,0.974549,0.224173,0.000000,0.974555,0.224148,9.560283,-4.173160,0.000014,1,0,18.617940,0.000000
5.900000,4000.000000,-22.894080,102.885500,1,1,2,2,0.750003,0.750003,0.750003,0.000000,0.974549,0.224175,0.000000,0.974555,0.224148,9.559599,-4.173751,0.000011,1,0,18.620570,0.000000
5.910000,4000.000000,-22.935830,103.067000,1,1,2,2,0.749998,0.749998,0.749998,0.000000,0.974549,0.224175,0.000000,0.974555,0.224148,9.560655,-4.174348,0.000002,1,0,18.623200,0.000000
5.920000,4000.000000,-22.977580,103.248500,1,1,2,2,0.749997,0.749997,0.749997,0.000000,0.974556,0.224144,0.000000,0.974555,0.224148,9.560780,-4.174933,0.000004,1,0,18.625820,0.000000
5.930000,4000.000000,-23.019330,103.430000,1,1,2,2,0.750003,0.750002,0.750002,0.000000,0.974557,0.224141,0.000000,0.974555,0.224148,9.559817,-4.175517,0.000007,1,0,18.628440,0.000000
5.940000,4000.000000,-23.061090,103.611600,1,1,2,2,0.749998,0.749999,0.749999,0.000000,0.974549,0.224175,0.000000,0.974555,0.224148,9.560503,-4.176108,0.000006,1,0,18.631050,0.000000
5.950000,4000.000000,-23.102860,103.793200,1,1,2,2,0.750000,0.749998,0.749999,0.000000,0.974549,0.224175,0.000000,0.974555,0.224148,9.560598,-4.176692,0.000000,1,0,18.633670,0.000000
5.960000,4000.000000,-23.144630,103.974800,1,1,2,2,0.749998,0.749998,0.749998,0.000000,0.974564,0.224111,0.000000,0.974555,0.224147,9.560885,-4.177275,-0.000004,1,0,18.636270,0.000000
5.970000,4000.000000,-23.186410,104.156500,1,1,2,2,0.749999,0.749998,0.749998,0.000000,0.974550,0.224171,0.000000,0.974555,0.224148,9.560602,-4.177853,0.000006,1,0,18.638870,0.000000
5.980000,4000.000000,-23.228200,104.338200,1,1,2,2,0.749999,0.750000,0.749999,0.000000,0.974549,0.224175,0.000000,0.974555,0.224147,9.560455,-4.178433,0.000002,1,0,18.641470,0.000000
5.990000,4000.000000,-23.269990,104.519800,1,1,2,2,0.749997,0.749997,0.749997,0.000000,0.943724,0.330734,0.000000,0.974555,0.224148,9.560787,-4.179013,0.000008,1,0,18.644060,0.000000
6.000000,4000.000000,-23.311780,104.701600,1,1,2,2,0.749999,0.749999,0.749999,0.000000,0.974549,0.224175,0.000000,0.974555,0.224148,9.560148,-4.179590,0.000018,1,0,18.646640,0.000000
6.010000,4000.000000,-23.353580,104.883300,1,1,2,2,0.749997,0.749997,0.749997,0.000000,0.974549,0.224175,0.000000,0.974555,0.224148,9.560531,-4.180171,0.000014,1,0,18.649230,0.000000
6.020000,4000.000000,-23.395390,105.065100,1,1,2,2,0.750002,0.750000,0.750001,0.000000,0.974550,0.224171,0.000000,0.974555,0.224148,9.559855,-4.180748,0.000014,1,0,18.651810,0.000000
6.030000,4000.000000,-23.437200,105.246900,1,1,2,2,0.750004,0.750004,0.750004,0.000000,0.974556,0.224144,0.000000,0.974555,0.224148,9.559534,-4.181331,0.000008,1,0,18.654380,0.000000
6.040000,4000.000000,-23.479020,105.428700,1,1,2,2,0.749998,0.749998,0.749998,0.000000,0.974556,0.224143,0.000000,0.974555,0.224148,9.560740,-4.181915,-0.000001,1,0,18.656950,0.000000
6.050000,4000.000000,-23.520850,105.610600,1,1,2,2,0.750001,0.750002,0.750002,0.000000,0.974549,0.224175,0.000000,0.974555,0.224148,9.560077,-4.182487,0.000001,1,0,18.659520,0.000000
6.060000,4000.000000,-23.562680,105.792400,1,1,2,2,0.749999,0.750001,0.750000,0.000000,0.974549,0.224175,0.000000,0.974555,0.224148,9.560331,-4.183064,0.000003,1,0,18.662080,0.000000
6.070000,4000.000000,-23.604510,105.974300,1,1,2,2,0.750002,0.750001,0.750002,0.000000,0.974549,0.224175,0.000000,0.974555,0.224148,9.559912,-4.183638,0.000007,1,0,18.664630,0.000000
6.080000,4000.000000,-23.646350,106.156300,1,1,2,2,0.750004,0.750004,0.750004,0.000000,0.974550,0.224171,0.000000,0.974555,0.224148,9.559899,-4.184215,-0.000005,1,0,18.667190,0.000000
6.090000,4000.000000,-23.688200,106.338200,1,1,2,2,0.750001,0.750004,0.750002,0.000000,0.974551,0.224168,0.000000,0.974555,0.224148,9.560113,-4.184791,-0.000005,1,0,18.669730,0.000000
6.100000,4000.000000,-23.730050,106.520200,1,1,2,2,0.750005,0.750005,0.750005,0.000000,0.974549,0.224175,0.000000,0.974555,0.224148,9.559823,-4.185364,-0.000016,1,0,18.672280,0.000000
6.110000,4000.000000,-23.771910,106.702200,1,1,2,2,0.750005,0.750004,0.750005,0.000000,0.974563,0.224114,0.000000,0.974555,0.224147,9.560208,-4.185939,-0.000028,1,0,18.674820,0.000000
6.120000,4000.000000,-23.813780,106.884200,1,1,2,2,0.750005,0.750005,0.750005,0.000000,0.974549,0.224175,0.000000,0.974555,0.224148,9.560087,-4.186509,-0.000024,1,0,18.677350,0.000000
6.130000,4000.000000,-23.855650,107.066200,1,1,2,2,0.750004,0.750004,0.750004,0.000000,0.974550,0.224171,0.000000,0.974555,0.224148,9.560401,-4.187079,-0.000028,1,0,18.679890,0.000000
6.140000,4000.000000,-23.897520,107.248300,1,1,2,2,0.750003,0.750003,0.750003,0.000000,0.974556,0.224143,0.000000,0.974555,0.224148,9.560567,-4.187645,-0.000028,1,0,18.682410,0.000000
6.150000,4000.000000,-23.939400,107.430400,1,1,2,2,0.750007,0.750008,0.750008,0.000000,0.974556,0.224143,0.000000,0.974555,0.224148,9.559645,-4.188209,-0.000027,1,0,18.684930,0.000000
6.160000,4000.000000,-23.981290,107.612500,1,1,2,2,0.750007,0.750005,0.750006,0.000000,0.974550,0.224171,0.000000,0.974555,0.224148,9.560229,-4.188781,-0.000035,1,0,18.687450,0.000000
6.170000,4000.000000,-24.023180,107.794700,1,1,2,2,0.750009,0.750008,0.750009,0.000000,0.974549,0.224175,0.000000,0.974555,0.224148,9.559728,-4.189346,-0.000037,1,0,18.689960,0.000000
6.180000,4000.000000,-24.065080,107.976800,1,1,2,2,0.750008,0.750008,0.750008,0.000000,0.974556,0.224143,0.000000,0.974555,0.224148,9.559996,-4.189915,-0.000044,1,0,18.692470,0.000000
6.190000,4000.000000,-24.106990,108.159000,1,1,2,2,0.750005,0.750003,0.750004,0.000000,0.974549,0.224175,0.000000,0.974555,0.224148,9.560734,-4.190480,-0.000043,1,0,18.694980,0.000000
6.200000,4000.000000,-24.148900,108.341200,1,1,2,2,0.750007,0.750006,0.750006,0.000000,0.974549,0.224175,0.000000,0.974555,0.224147,9.560377,-4.191037,-0.000046,1,0,18.697480,0.000000
6.210000,4000.000000,-24.190810,108.523500,1,1,2,2,0.750006,0.750006,0.750006,0.000000,0.920227,0.391386,0.000000,0.974555,0.224148,9.560343,-4.191597,-0.000041,1,0,18.699970,0.000000
6.220000,4000.000000,-24.232730,108.705700,1,1,2,2,0.750006,0.750006,0.750006,0.000000,0.974549,0.224175,0.000000,0.974555,0.224148,9.560224,-4.192156,-0.000036,1,0,18.702470,0.000000
6.230000,4000.000000,-24.274660,108.888000,1,1,2,2,0.750005,0.750004,0.750004,0.000000,0.974550,0.224171,0.000000,0.974555,0.224148,9.560612,-4.192715,-0.000039,1,0,18.704950,0.000000
6.240000,4000.000000,-24.316600,109.070400,1,1,2,2,0.750006,0.750007,0.750007,0.000000,0.974549,0.224175,0.000000,0.974555,0.224148,9.560168,-4.193270,-0.000038,1,0,18.707440,0.000000
6.250000,4000.000000,-24.358530,109.252700,1,1,2,2,0.750001,0.750001,0.750001,0.000000,0.974556,0.224143,0.000000,0.974555,0.224148,9.561255,-4.193828,-0.000042,1,0,18.709910,0.000000
6.260000,4000.000000,-24.400480,109.435100,1,1,2,2,0.750002,0.750002,0.750002,0.000000,0.974549,0.224173,0.000000,0.974555,0.224148,9.560928,-4.194374,-0.000034,1,0,18.712390,0.000000
6.270000,4000.000000,-24.442430,109.617400,1,1,2,2,0.750006,0.750005,0.750005,0.000000,0.974550,0.224171,0.000000,0.974555,0.224148,9.560187,-4.194922,-0.000029,1,0,18.714860,0.000000
6.280000,4000.000000,-24.484380,109.799900,1,1,2,2,0.750003,0.750004,0.750004,0.000000,0.974551,0.224168,0.000000,0.974555,0.224148,9.560405,-4.195477,-0.000027,1,0,18.717330,0.000000
6.290000,4000.000000,-24.526340,109.982300,1,1,2,2,0.750004,0.750004,0.750004,0.000000,0.974549,0.224175,0.000000,0.974555,0.224148,9.560221,-4.196029,-0.000022,1,0,18.719790,0.000000
6.300000,4000.000000,-24.568310,110.164700,1,1,2,2,0.750004,0.750003,0.750003,0.000000,0.974550,0.224171,0.000000,0.974555,0.224148,9.560612,-4.196582,-0.000031,1,0,18.722240,0.000000
6.310000,4000.000000,-24.610280,110.347200,1,1,2,2,0.750001,0.750001,0.750001,0.000000,0.974549,0.224175,0.000000,0.974555,0.224148,9.560906,-4.197130,-0.000024,1,0,18.724700,0.000000
6.320000,4000.000000,-24.652250,110.529700,1,1,2,2,0.750004,0.750003,0.750003,0.000000,0.974551,0.224168,0.000000,0.974555,0.224148,9.560507,-4.197674,-0.000026,1,0,18.727150,0.000000
6.330000,4000.000000,-24.694240,110.712300,1,1,2,2,0.750002,0.750002,0.750002,0.000000,0.974564,0.224111,0.000000,0.974555,0.224147,9.560893,-4.198221,-0.000032,1,0,18.729590,0.000000
6.340000,4000.000000,-24.736230,110.894800,1,1,2,2,0.750002,0.749999,0.750000,0.000000,0.974549,0.224175,0.000000,0.974555,0.224148,9.560857,-4.198763,-0.000021,1,0,18.732030,0.000000
6.350000,4000.000000,-24.778220,111.077400,1,1,2,2,0.749998,0.750002,0.750000,0.000000,0.974550,0.224171,0.000000,0.974555,0.224148,9.560800,-4.199305,-0.000017,1,0,18.734470,0.000000
6.360000,4000.000000,-24.820220,111.260000,1,1,2,2,0.750005,0.750005,0.750005,0.000000,0.980712,0.195457,0.000000,0.974555,0.224148,9.559898,-4.199846,-0.000014,1,0,18.736900,0.000000
6.370000,4000.000000,-24.862220,111.442600,1,1,2,2,0.750005,0.750004,0.750004,0.000000,0.974556,0.224143,0.000000,0.974555,0.224148,9.560128,-4.200395,-0.000020,1,0,18.739330,0.000000
6.380000,4000.000000,-24.904230,111.625300,1,1,2,2,0.750000,0.749999,0.750000,0.000000,0.974549,0.224175,0.000000,0.974555,0.224148,9.561049,-4.200941,-0.000023,1,0,18.741750,0.000000
6.390000,4000.000000,-24.946240,111.807900,1,1,2,2,0.750003,0.750004,0.750003,0.000000,0.974549,0.224175,0.000000,0.974555,0.224148,9.560213,-4.201477,-0.000017,1,0,18.744170,0.000000
6.400000,4000.000000,-24.988260,111.990600,1,1,2,2,0.750001,0.750001,0.750001,0.000000,0.974549,0.224173,0.000000,0.974555,0.224148,9.560699,-4.202020,-0.000019,1,0,18.746590,0.000000
6.410000,4000.000000,-25.030290,112.173300,1,1,2,2,0.749997,0.749997,0.749997,0.000000,0.974549,0.224175,0.000000,0.974555,0.224148,9.561282,-4.202558,-0.000011,1,0,18.749000,0.000000
6.420000,4000.000000,-25.072320,112.356100,1,1,2,2,0.749999,0.749998,0.749998,0.000000,0.974551,0.224168,0.000000,0.974555,0.224148,9.560909,-4.203089,-0.000009,1,0,18.751400,0.000000
6.430000,4000.000000,-25.114360,112.538900,1,1,2,2,0.749999,0.749997,0.749998,0.000000,0.974549,0.224175,0.000000,0.974555,0.224148,9.560716,-4.203623,0.000001,1,0,18.753810,0.000000
6.440000,4000.000000,-25.156400,112.721600,1,1,2,2,0.750002,0.750001,0.750002,0.000000,0.974549,0.224175,0.000000,0.974555,0.224148,9.559863,-4.204157,0.000010,1,0,18.756200,0.000000
6.450000,4000.000000,-25.198450,112.904500,1,1,2,2,0.750000,0.750000,0.750000,0.000000,0.974564,0.224111,0.000000,0.974555,0.224148,9.560499,-4.204700,-0.000003,1,0,18.758600,0.000000
6.460000,4000.000000,-25.240500,113.087300,1,1,2,2,0.749997,0.749998,0.749997,0.000000,0.974549,0.224175,0.000000,0.974555,0.224148,9.560787,-4.205235,0.000004,1,0,18.760990,0.000000
6.470000,4000.000000,-25.282560,113.270200,1,1,2,2,0.749996,0.749997,0.749996,0.000000,0.974549,0.224175,0.000000,0.974555,0.224148,9.560867,-4.205766,0.000006,1,0,18.763380,0.000000
6.480000,4000.000000,-25.324620,113.453000,1,1,2,2,0.749998,0.749998,0.749998,0.000000,0.974556,0.224146,0.000000,0.974555,0.224148,9.560461,-4.206295,0.000010,1,0,18.765760,0.000000
6.490000,4000.000000,-25.366690,113.636000,1,1,2,2,0.750003,0.750003,0.750003,0.000000,0.974549,0.224175,0.000000,0.974555,0.224148,9.559635,-4.206828,0.000009,1,0,18.768140,0.000000
6.500000,4000.000000,-25.408760,113.818900,1,1,2,2,0.749997,0.749998,0.749998,0.000000,0.974549,0.224175,0.000000,0.974555,0.224148,9.560786,-4.207368,0.000001,1,0,18.770510,0.000000
6.510000,4000.000000,-25.450840,114.001800,1,1,2,2,0.750004,0.750003,0.750003,0.000000,0.974556,0.224144,0.000000,0.974555,0.224148,9.559693,-4.207895,0.000004,1,0,18.772880,0.000000
6.520000,4000.000000,-25.492920,114.184800,1,1,2,2,0.750005,0.750005,0.750005,0.000000,0.974557,0.224141,0.000000,0.974555,0.224148,9.559681,-4.208433,-0.000004,1,0,18.775250,0.000000
6.530000,4000.000000,-25.535010,114.367800,1,1,2,2,0.750001,0.750002,0.750002,0.000000,0.974549,0.224175,0.000000,0.974555,0.224148,9.560219,-4.208969,-0.000006,1,0,18.777610,0.000000
6.540000,4000.000000,-25.577110,114.550800,1,1,2,2,0.750004,0.750004,0.750004,0.000000,0.974549,0.224175,0.000000,0.974555,0.224148,9.560135,-4.209499,-0.000015,1,0,18.779970,0.000000
6.550000,4000.000000,-25.619210,114.733900,1,1,2,2,0.750003,0.750003,0.750003,0.000000,0.974564,0.224111,0.000000,0.974555,0.224147,9.560535,-4.210030,-0.000024,1,0,18.782320,0.000000
6.560000,4000.000000,-25.661310,114.916900,1,1,2,2,0.750001,0.750002,0.750002,0.000000,0.974549,0.224175,0.000000,0.974555,0.224148,9.560501,-4.210555,-0.000017,1,0,18.784670,0.000000
6.570000,4000.000000,-25.703420,115.100000,1,1,2,2,0.750002,0.750000,0.750001,0.000000,0.974549,0.224175,0.000000,0.974555,0.224148,9.560597,-4.211080,-0.000016,1,0,18.787020,0.000000
6.580000,4000.000000,-25.745540,115.283100,1,1,2,2,0.750006,0.750004,0.750005,0.000000,0.974550,0.224171,0.000000,0.974555,0.224148,9.559918,-4.211603,-0.000015,1,0,18.789360,0.000000
6.590000,4000.000000,-25.787660,115.466300,1,1,2,2,0.750003,0.750003,0.750003,0.000000,0.974556,0.224146,0.000000,0.974555,0.224148,9.560369,-4.212132,-0.000020,1,0,18.791700,0.000000
6.600000,4000.000000,-25.829790,115.649400,1,1,2,2,0.750000,0.750001,0.750001,0.000000,0.974556,0.224144,0.000000,0.974555,0.224148,9.560822,-4.212656,-0.000021,1,0,18.794030,0.000000
6.610000,4000.000000,-25.871920,115.832600,1,1,2,2,0.750005,0.750007,0.750006,0.000000,0.974549,0.224175,0.000000,0.974555,0.224148,9.559793,-4.213174,-0.000017,1,0,18.796360,0.000000
6.620000,4000.000000,-25.914060,116.015800,1,1,2,2,0.750002,0.750003,0.750003,0.000000,0.969760,0.244062,0.000000,0.974555,0.224148,9.560359,-4.213701,-0.000017,1,0,18.798690,0.000000
6.630000,4000.000000,-25.956200,116.199100,1,1,2,2,0.750001,0.750001,0.750001,0.000000,0.974549,0.224175,0.000000,0.974555,0.224148,9.560551,-4.214222,-0.000013,1,0,18.801010,0.000000
6.640000,4000.000000,-25.998350,116.382300,1,1,2,2,0.750004,0.750004,0.750004,0.000000,0.974550,0.224171,0.000000,0.974555,0.224148,9.560218,-4.214740,-0.000018,1,0,18.803330,0.000000
6.650000,4000.000000,-26.040500,116.565600,1,1,2,2,0.750003,0.750002,0.750003,0.000000,0.974550,0.224171,0.000000,0.974555,0.224148,9.560273,-4.215260,-0.000014,1,0,18.805640,0.000000
6.660000,4000.000000,-26.082660,116.748900,1,1,2,2,0.750003,0.750004,0.750004,0.000000,0.974549,0.224175,0.000000,0.974555,0.224148,9.560007,-4.215779,-0.000011,1,0,18.807950,0.000000
6.670000,4000.000000,-26.124820,116.932200,1,1,2,2,0.750005,0.750004,0.750005,0.000000,0.974550,0.224171,0.000000,0.974555,0.224148,9.560079,-4.216300,-0.000022,1,0,18.810260,0.000000
6.680000,4000.000000,-26.166990,117.115500,1,1,2,2,0.750005,0.750002,0.750004,0.000000,0.974549,0.224175,0.000000,0.974555,0.224148,9.560246,-4.216819,-0.000020,1,0,18.812560,0.000000
6.690000,4000.000000,-26.209160,117.298900,1,1,2,2,0.750003,0.750004,0.750003,0.000000,0.974549,0.224175,0.000000,0.974555,0.224148,9.560368,-4.217335,-0.000023,1,0,18.814860,0.000000
6.700000,4000.000000,-26.251340,117.482300,1,1,2,2,0.750001,0.750001,0.750001,0.000000,0.974556,0.224143,0.000000,0.974555,0.224148,9.560843,-4.217850,-0.000024,1,0,18.817150,0.000000
6.710000,4000.000000,-26.293520,117.665700,1,1,2,2,0.750005,0.750003,0.750004,0.000000,0.974549,0.224173,0.000000,0.974555,0.224148,9.560225,-4.218359,-0.000021,1,0,18.819440,0.000000
6.720000,4000.000000,-26.335710,117.849100,1,1,2,2,0.750000,0.749998,0.749999,0.000000,0.974549,0.224175,0.000000,0.974555,0.224148,9.561118,-4.218873,-0.000024,1,0,18.821730,0.000000
6.730000,4000.000000,-26.377910,118.032600,1,1,2,2,0.750003,0.750004,0.750003,0.000000,0.974549,0.224175,0.000000,0.974555,0.224148,9.560227,-4.219377,-0.000017,1,0,18.824010,0.000000
6.740000,4000.000000,-26.420100,118.216000,1,1,2,2,0.750003,0.750003,0.750003,0.000000,0.974549,0.224173,0.000000,0.974555,0.224148,9.560359,-4.219889,-0.000020,1,0,18.826290,0.000000
6.750000,4000.000000,-26.462310,118.399500,1,1,2,2,0.750004,0.750000,0.750002,0.000000,0.974550,0.224171,0.000000,0.974555,0.224148,9.560455,-4.220399,-0.000015,1,0,18.828560,0.000000
6.760000,4000.000000,-26.504520,118.583000,1,1,2,2,0.750001,0.750001,0.750001,0.000000,0.974549,0.224175,0.000000,0.974555,0.224148,9.560770,-4.220908,-0.000021,1,0,18.830830,0.000000
6.770000,4000.000000,-26.546730,118.766600,1,1,2,2,0.750002,0.750001,0.750002,0.000000,0.961031,0.276442,0.000000,0.974555,0.224148,9.560397,-4.221412,-0.000012,1,0,18.833100,0.000000
6.780000,4000.000000,-26.588950,118.950100,1,1,2,2,0.750000,0.750001,0.750001,0.000000,0.974549,0.224175,0.000000,0.974555,0.224148,9.560418,-4.221919,-0.000007,1,0,18.835360,0.000000
6.790000,4000.000000,-26.631180,119.133700,1,1,2,2,0.749999,0.750001,0.750000,0.000000,0.974550,0.224171,0.000000,0.974555,0.224148,9.560601,-4.222425,-0.000009,1,0,18.837620,0.000000
6.800000,4000.000000,-26.673400,119.317300,1,1,2,2,0.750003,0.750004,0.750003,0.000000,0.974549,0.224175,0.000000,0.974555,0.224148,9.559990,-4.222929,-0.000008,1,0,18.839870,0.000000
6.810000,4000.000000,-26.715640,119.501000,1,1,2,2,0.749999,0.749999,0.749999,0.000000,0.974556,0.224143,0.000000,0.974555,0.224148,9.560889,-4.223437,-0.000014,1,0,18.842120,0.000000
6.820000,4000.000000,-26.757880,119.684600,1,1,2,2,0.749998,0.749998,0.749998,0.000000,0.974556,0.224143,0.000000,0.974555,0.224148,9.560960,-4.223936,-0.000010,1,0,18.844370,0.000000
6.830000,4000.000000,-26.800120,119.868300,1,1,2,2,0.750003,0.750003,0.750003,0.000000,0.974549,0.224175,0.000000,0.974555,0.224148,9.560019,-4.224433,-0.000006,1,0,18.846610,0.000000
6.840000,4000.000000,-26.842370,120.052000,1,1,2,2,0.749999,0.749999,0.749999,0.000000,0.974549,0.224175,0.000000,0.974555,0.224148,9.560696,-4.224938,-0.000005,1,0,18.848850,0.000000
6.850000,4000.000000,-26.884630,120.235700,1,1,2,2,0.750001,0.750001,0.750001,0.000000,0.974549,0.224175,0.000000,0.974555,0.224148,9.560113,-4.225437,0.000002,1,0,18.851080,0.000000
6.860000,4000.000000,-26.926890,120.419400,1,1,2,2,0.750003,0.750003,0.750003,0.000000,0.974564,0.224111,0.000000,0.974555,0.224148,9.560065,-4.225940,-0.000008,1,0,18.853310,0.000000
6.870000,4000.000000,-26.969150,120.603200,1,1,2,2,0.750000,0.749999,0.750000,0.000000,0.974549,0.224175,0.000000,0.974555,0.224148,9.560571,-4.226442,-0.000007,1,0,18.855540,0.000000
6.880000,4000.000000,-27.011420,120.787000,1,1,2,2,0.750000,0.750001,0.750000,0.000000,0.974549,0.224175,0.000000,0.974555,0.224148,9.560655,-4.226939,-0.000012,1,0,18.857760,0.000000
6.890000,4000.000000,-27.053690,120.970800,1,1,2,2,0.750000,0.750000,0.750000,0.000000,0.974563,0.224114,0.000000,0.974555,0.224148,9.560844,-4.227434,-0.000017,1,0,18.859980,0.000000
6.900000,4000.000000,-27.095970,121.154600,1,1,2,2,0.749997,0.749997,0.749997,0.000000,0.974550,0.224171,0.000000,0.974555,0.224148,9.561149,-4.227926,-0.000006,1,0,18.862200,0.000000
6.910000,4000.000000,-27.138260,121.338400,1,1,2,2,0.749996,0.749998,0.749997,0.000000,0.974549,0.224175,0.000000,0.974555,0.224148,9.560924,-4.228415,0.000001,1,0,18.864410,0.000000
6.920000,4000.000000,-27.180550,121.522300,1,1,2,2,0.750001,0.750001,0.750001,0.000000,0.954329,0.298757,0.000000,0.974555,0.224148,9.560079,-4.228904,0.000005,1,0,18.866620,0.000000
6.930000,4000.000000,-27.222840,121.706200,1,1,2,2,0.750001,0.750001,0.750001,0.000000,0.974556,0.224143,0.000000,0.974555,0.224148,9.560182,-4.229402,0.000001,1,0,18.868820,0.000000
6.940000,4000.000000,-27.265140,121.890100,1,1,2,2,0.749994,0.749997,0.749995,0.000000,0.974557,0.224141,0.000000,0.974555,0.224148,9.561260,-4.229897,-0.000002,1,0,18.871020,0.000000
6.950000,4000.000000,-27.307440,122.074000,1,1,2,2,0.750000,0.749999,0.750000,0.000000,0.974549,0.224175,0.000000,0.974555,0.224148,9.560291,-4.230381,0.000006,1,0,18.873220,0.000000
6.960000,4000.000000,-27.349750,122.258000,1,1,2,2,0.749998,0.749999,0.749998,0.000000,0.974556,0.224144,0.000000,0.974555,0.224148,9.560484,-4.230874,0.000011,1,0,18.875410,0.000000
6.970000,4000.000000,-27.392070,122.441900,1,1,2,2,0.749997,0.749999,0.749998,0.000000,0.974549,0.224175,0.000000,0.974555,0.224148,9.560429,-4.231363,0.000016,1,0,18.877600,0.000000
6.980000,4000.000000,-27.434390,122.625900,1,1,2,2,0.750000,0.749999,0.749999,0.000000,0.974551,0.224168,0.000000,0.974555,0.224148,9.560295,-4.231853,0.000009,1,0,18.879780,0.000000
6.990000,4000.000000,-27.476710,122.809900,1,1,2,2,0.749997,0.749997,0.749997,0.000000,0.974549,0.224175,0.000000,0.974555,0.224148,9.560683,-4.232343,0.000013,1,0,18.881960,0.000000
7.000000,4000.000000,-27.519040,122.994000,1,1,2,2,0.749996,0.749996,0.749996,0.000000,0.974549,0.224175,0.000000,0.974555,0.224148,9.560653,-4.232829,0.000020,1,0,18.884140,0.000000
7.010000,4000.000000,-27.561370,123.178000,1,1,2,2,0.749998,0.749997,0.749997,0.000000,0.974563,0.224114,0.000000,0.974555,0.224148,9.560484,-4.233314,0.000015,1,0,18.886320,0.000000
7.020000,4000.000000,-27.603710,123.362100,1,1,2,2,0.749997,0.749999,0.749998,0.000000,0.974549,0.224175,0.000000,0.974555,0.224148,9.560205,-4.233799,0.000021,1,0,18.888490,0.000000
7.030000,4000.000000,-27.646050,123.546200,1,1,2,2,0.749996,0.749997,0.749997,0.000000,0.974551,0.224168,0.000000,0.974555,0.224148,9.560517,-4.234286,0.000018,1,0,18.890650,0.000000
7.040000,4000.000000,-27.688400,123.730300,1,1,2,2,0.749996,0.749995,0.749996,0.000000,0.974549,0.224173,0.000000,0.974555,0.224148,9.560693,-4.234770,0.000018,1,0,18.892820,0.000000
7.050000,4000.000000,-27.730750,123.914500,1,1,2,2,0.750000,0.750000,0.750000,0.000000,0.974556,0.224143,0.000000,0.974555,0.224148,9.559902,-4.235251,0.000019,1,0,18.894970,0.000000
7.060000,4000.000000,-27.773110,124.098600,1,1,2,2,0.749997,0.749999,0.749998,0.000000,0.974550,0.224171,0.000000,0.974555,0.224148,9.560379,-4.235739,0.000013,1,0,18.897130,0.000000
7.070000,4000.000000,-27.815470,124.282800,1,1,2,2,0.750002,0.750003,0.750002,0.000000,0.974549,0.224175,0.000000,0.974555,0.224148,9.559667,-4.236221,0.000012,1,0,18.899280,0.000000
7.080000,4000.000000,-27.857840,124.467000,1,1,2,2,0.750001,0.750001,0.750001,0.000000,0.974556,0.224144,0.000000,0.974555,0.224148,9.560149,-4.236710,0.000003,1,0,18.901430,0.000000
7.090000,4000.000000,-27.900210,124.651300,1,1,2,2,0.749999,0.749999,0.749999,0.000000,0.974549,0.224175,0.000000,0.974555,0.224148,9.560524,-4.237193,0.000006,1,0,18.903570,0.000000
7.100000,4000.000000,-27.942590,124.835500,1,1,2,2,0.750000,0.750001,0.750000,0.000000,0.974549,0.224175,0.000000,0.974555,0.224148,9.560347,-4.237671,0.000000,1,0,18.905710,0.000000
7.110000,4000.000000,-27.984970,125.019800,1,1,2,2,0.749998,0.749999,0.749998,0.000000,0.944126,0.329586,0.000000,0.974555,0.224148,9.560632,-4.238151,0.000005,1,0,18.907840,0.000000
7.120000,4000.000000,-28.027360,125.204100,1,1,2,2,0.749998,0.749996,0.749997,0.000000,0.974549,0.224175,0.000000,0.974555,0.224148,9.560689,-4.238626,0.000012,1,0,18.909980,0.000000
7.130000,4000.000000,-28.069750,125.388400,1,1,2,2,0.749999,0.749996,0.749997,0.000000,0.974549,0.224175,0.000000,0.974555,0.224148,9.560560,-4.239101,0.000013,1,0,18.912110,0.000000
7.140000,4000.000000,-28.112140,125.572700,1,1,2,2,0.749999,0.750000,0.750000,0.000000,0.974549,0.224175,0.000000,0.974555,0.224148,9.560129,-4.239576,0.000013,1,0,18.914230,0.000000
7.150000,4000.000000,-28.154540,125.757000,1,1,2,2,0.749995,0.749995,0.749995,0.000000,0.985262,0.171053,0.000000,0.974555,0.224148,9.561088,-4.240054,0.000009,1,0,18.916360,0.000000
7.160000,4000.000000,-28.196950,125.941400,1,1,2,2,0.749995,0.749995,0.749995,0.000000,0.974549,0.224173,0.000000,0.974555,0.224148,9.560948,-4.240522,0.000014,1,0,18.918470,0.000000
7.170000,4000.000000,-28.239360,126.125800,1,1,2,2,0.749999,0.750000,0.750000,0.000000,0.974550,0.224171,0.000000,0.974555,0.224148,9.560005,-4.240991,0.000019,1,0,18.920590,0.000000
7.180000,4000.000000,-28.281770,126.310200,1,1,2,2,0.749996,0.749996,0.749996,0.000000,0.974549,0.224175,0.000000,0.974555,0.224148,9.560658,-4.241468,0.000020,1,0,18.922700,0.000000
7.190000,4000.000000,-28.324190,126.494700,1,1,2,2,0.749997,0.749997,0.749997,0.000000,0.974549,0.224175,0.000000,0.974555,0.224148,9.560319,-4.241938,0.000027,1,0,18.924800,0.000000
7.200000,4000.000000,-28.366620,126.679100,1,1,2,2,0.749998,0.749998,0.749998,0.000000,0.974563,0.224116,0.000000,0.974555,0.224148,9.560308,-4.242410,0.000019,1,0,18.926910,0.000000
7.210000,4000.000000,-28.409050,126.863600,1,1,2,2,0.749998,0.749997,0.749997,0.000000,0.974549,0.224175,0.000000,0.974555,0.224148,9.560334,-4.242881,0.000023,1,0,18.929010,0.000000
7.220000,4000.000000,-28.451480,127.048100,1,1,2,2,0.750000,0.750000,0.750000,0.000000,0.974549,0.224175,0.000000,0.974555,0.224148,9.560067,-4.243352,0.000014,1,0,18.931100,0.000000
7.230000,4000.000000,-28.493920,127.232600,1,1,2,2,0.749999,0.749999,0.749999,0.000000,0.974562,0.224118,0.000000,0.974555,0.224148,9.560480,-4.243824,0.000005,1,0,18.933200,0.000000
7.240000,4000.000000,-28.536360,127.417100,1,1,2,2,0.749999,0.749999,0.749999,0.000000,0.974549,0.224175,0.000000,0.974555,0.224148,9.560381,-4.244291,0.000011,1,0,18.935280,0.000000
7.250000,4000.000000,-28.578810,127.601700,1,1,2,2,0.749997,0.749996,0.749997,0.000000,0.974562,0.224118,0.000000,0.974555,0.224148,9.560705,-4.244759,0.000010,1,0,18.937370,0.000000
7.260000,4000.000000,-28.621260,127.786300,1,1,2,2,0.750002,0.750002,0.750002,0.000000,0.974562,0.224118,0.000000,0.974555,0.224148,9.559755,-4.245223,0.000012,1,0,18.939450,0.000000
7.270000,4000.000000,-28.663720,127.970900,1,1,2,2,0.749999,0.750000,0.750000,0.000000,0.974562,0.224118,0.000000,0.974555,0.224148,9.560334,-4.245695,0.000005,1,0,18.941530,0.000000
7.280000,4000.000000,-28.706180,128.155500,1,1,2,2,0.749998,0.749997,0.749998,0.000000,0.974549,0.224176,0.000000,0.974555,0.224148,9.560690,-4.246160,0.000004,1,0,18.943600,0.000000
7.290000,4000.000000,-28.748650,128.340100,1,1,2,2,0.749999,0.749998,0.749999,0.000000,0.974563,0.224114,0.000000,0.974555,0.224148,9.560458,-4.246621,0.000007,1,0,18.945670,0.000000
7.300000,4000.000000,-28.791120,128.524800,1,1,2,2,0.749998,0.749999,0.749998,0.000000,0.974577,0.224054,0.000000,0.974555,0.224148,9.560431,-4.247084,0.000013,1,0,18.947740,0.000000
7.310000,4000.000000,-28.833590,128.709400,1,1,2,2,0.749999,0.749999,0.749999,0.000000,0.974547,0.224182,0.000000,0.974555,0.224148,9.560214,-4.247546,0.000018,1,0,18.949800,0.000000
7.320000,4000.000000,-28.876070,128.894100,1,1,2,2,0.749999,0.749999,0.749999,0.000000,0.974576,0.224057,0.000000,0.974555,0.224148,9.560384,-4.248009,0.000009,1,0,18.951860,0.000000
7.330000,4000.000000,-28.918560,129.078900,1,1,2,2,0.749998,0.749999,0.749999,0.000000,0.974575,0.224061,0.000000,0.974555,0.224148,9.560308,-4.248470,0.000013,1,0,18.953920,0.000000
7.340000,4000.000000,-28.961050,129.263600,1,1,2,2,0.750000,0.750000,0.750000,0.000000,0.974577,0.224054,0.000000,0.974555,0.224148,9.560287,-4.248931,0.000006,1,0,18.955970,0.000000
7.350000,4000.000000,-29.003540,129.448300,1,1,2,2,0.750000,0.750000,0.750000,0.000000,0.974576,0.224057,0.000000,0.974555,0.224147,9.560467,-4.249392,-0.000001,1,0,18.958020,0.000000
7.360000,4000.000000,-29.046040,129.633100,1,1,2,2,0.749999,0.749998,0.749998,0.000000,0.974577,0.224054,0.000000,0.974555,0.224148,9.560627,-4.249849,0.000005,1,0,18.960060,0.000000
7.370000,4000.000000,-29.088540,129.817900,1,1,2,2,0.749996,0.749996,0.749996,0.000000,0.974575,0.224061,0.000000,0.974555,0.224148,9.560888,-4.250305,0.000007,1,0,18.962100,0.000000
7.380000,4000.000000,-29.131050,130.002700,1,1,2,2,0.750001,0.750001,0.750001,0.000000,0.990799,0.135341,0.000000,0.974555,0.224148,9.559941,-4.250757,0.000011,1,0,18.964140,0.000000
7.390000,4000.000000,-29.173560,130.187600,1,1,2,2,0.749998,0.749999,0.749999,0.000000,0.974562,0.224119,0.000000,0.974555,0.224148,9.560481,-4.251217,0.000006,1,0,18.966180,0.000000
7.400000,4000.000000,-29.216080,130.372400,1,1,2,2,0.749996,0.749996,0.749996,0.000000,0.974575,0.224061,0.000000,0.974555,0.224148,9.560966,-4.251672,0.000006,1,0,18.968210,0.000000
7.410000,4000.000000,-29.258600,130.557300,1,1,2,2,0.750002,0.750002,0.750002,0.000000,0.974576,0.224057,0.000000,0.974555,0.224148,9.559766,-4.252121,0.000011,1,0,18.970240,0.000000
7.420000,4000.000000,-29.301120,130.742200,1,1,2,2,0.749999,0.749999,0.749999,0.000000,0.974562,0.224119,0.000000,0.974555,0.224148,9.560447,-4.252581,0.000004,1,0,18.972260,0.000000
7.430000,4000.000000,-29.343650,130.927100,1,1,2,2,0.750003,0.749998,0.750000,0.000000,0.974547,0.224182,0.000000,0.974555,0.224148,9.560103,-4.253033,0.000010,1,0,18.974280,0.000000
7.440000,4000.000000,-29.386190,131.112000,1,1,2,2,0.749998,0.750000,0.749999,0.000000,0.974575,0.224061,0.000000,0.974555,0.224147,9.560558,-4.253488,0.000001,1,0,18.976300,0.000000
7.450000,4000.000000,-29.428730,131.297000,1,1,2,2,0.749998,0.749998,0.749998,0.000000,0.974577,0.224054,0.000000,0.974555,0.224148,9.560628,-4.253938,0.000008,1,0,18.978310,0.000000
7.460000,4000.000000,-29.471270,131.482000,1,1,2,2,0.749997,0.749997,0.749997,0.000000,0.974547,0.224182,0.000000,0.974555,0.224148,9.560602,-4.254386,0.000016,1,0,18.980320,0.000000
7.470000,4000.000000,-29.513820,131.667000,1,1,2,2,0.749995,0.749995,0.749995,0.000000,0.974562,0.224119,0.000000,0.974555,0.224148,9.560901,-4.254834,0.000016,1,0,18.982330,0.000000
7.480000,4000.000000,-29.556380,131.852000,1,1,2,2,0.750000,0.749998,0.749999,0.000000,0.974575,0.224061,0.000000,0.974555,0.224148,9.560027,-4.255278,0.000020,1,0,18.984330,0.000000
7.490000,4000.000000,-29.598930,132.037000,1,1,2,2,0.749997,0.749997,0.749997,0.000000,0.974575,0.224061,0.000000,0.974555,0.224148,9.560498,-4.255730,0.000015,1,0,18.986330,0.000000
7.500000,4000.000000,-29.641490,132.222100,1,1,2,2,0.749996,0.749995,0.749996,0.000000,0.974562,0.224119,0.000000,0.974555,0.224148,9.560749,-4.256176,0.000015,1,0,18.988320,0.000000
7.510000,4000.000000,-29.684060,132.407100,1,1,2,2,0.750001,0.750000,0.750001,0.000000,0.974562,0.224119,0.000000,0.974555,0.224148,9.559856,-4.256619,0.000018,1,0,18.990320,0.000000
7.520000,4000.000000,-29.726630,132.592200,1,1,2,2,0.749999,0.749998,0.749999,0.000000,0.974575,0.224061,0.000000,0.974555,0.224148,9.560201,-4.257071,0.000018,1,0,18.992310,0.000000
7.530000,4000.000000,-29.769210,132.777300,1,1,2,2,0.749999,0.749998,0.749998,0.000000,0.974577,0.224054,0.000000,0.974555,0.224148,9.560471,-4.257517,0.000009,1,0,18.994290,0.000000
7.540000,4000.000000,-29.811790,132.962500,1,1,2,2,0.749999,0.749999,0.749999,0.000000,0.974575,0.224061,0.000000,0.974555,0.224147,9.560520,-4.257961,0.000003,1,0,18.996270,0.000000
7.550000,4000.000000,-29.854370,133.147600,1,1,2,2,0.749999,0.749999,0.749999,0.000000,0.974549,0.224175,0.000000,0.974555,0.224148,9.560237,-4.258403,0.000010,1,0,18.998250,0.000000
7.560000,4000.000000,-29.896960,133.332800,1,1,2,2,0.750000,0.749999,0.749999,0.000000,0.974575,0.224061,0.000000,0.974555,0.224147,9.560450,-4.258848,0.000002,1,0,19.000230,0.000000
7.570000,4000.000000,-29.939550,133.518000,1,1,2,2,0.749997,0.749997,0.749997,0.000000,0.954151,0.299327,0.000000,0.974555,0.224148,9.560786,-4.259289,0.000008,1,0,19.002200,0.000000
7.580000,4000.000000,-29.982150,133.703200,1,1,2,2,0.750002,0.749999,0.750000,0.000000,0.974547,0.224182,0.000000,0.974555,0.224148,9.559905,-4.259727,0.000018,1,0,19.004170,0.000000
7.590000,4000.000000,-30.024750,133.888400,1,1,2,2,0.749998,0.749997,0.749998,0.000000,0.974561,0.224121,0.000000,0.974555,0.224148,9.560503,-4.260172,0.000012,1,0,19.006130,0.000000
7.600000,4000.000000,-30.067360,134.073600,1,1,2,2,0.750001,0.750000,0.750001,0.000000,0.974575,0.224061,0.000000,0.974555,0.224148,9.560009,-4.260611,0.000012,1,0,19.008090,0.000000
7.610000,4000.000000,-30.109970,134.258900,1,1,2,2,0.749994,0.749995,0.749994,0.000000,0.982493,0.186300,0.000000,0.974555,0.224148,9.561216,-4.261053,0.000007,1,0,19.010050,0.000000
7.620000,4000.000000,-30.152580,134.444200,1,1,2,2,0.749996,0.749996,0.749996,0.000000,0.974562,0.224119,0.000000,0.974555,0.224148,9.560685,-4.261483,0.000015,1,0,19.012000,0.000000
7.630000,4000.000000,-30.195200,134.629500,1,1,2,2,0.749999,0.750001,0.750000,0.000000,0.974576,0.224057,0.000000,0.974555,0.224148,9.559968,-4.261918,0.000017,1,0,19.013950,0.000000
7.640000,4000.000000,-30.237830,134.814800,1,1,2,2,0.749999,0.749999,0.749999,0.000000,0.974575,0.224061,0.000000,0.974555,0.224148,9.560209,-4.262358,0.000018,1,0,19.015900,0.000000
7.650000,4000.000000,-30.280450,135.000100,1,1,2,2,0.749998,0.749999,0.749998,0.000000,0.974548,0.224178,0.000000,0.974555,0.224148,9.560462,-4.262796,0.000009,1,0,19.017850,0.000000
7.660000,4000.000000,-30.323090,135.185500,1,1,2,2,0.749998,0.750001,0.750000,0.000000,0.974576,0.224057,0.000000,0.974555,0.224147,9.560376,-4.263230,0.000003,1,0,19.019790,0.000000
7.670000,4000.000000,-30.365720,135.370900,1,1,2,2,0.749999,0.749997,0.749998,0.000000,0.974575,0.224061,0.000000,0.974555,0.224148,9.560580,-4.263665,0.000009,1,0,19.021720,0.000000
7.680000,4000.000000,-30.408360,135.556300,1,1,2,2,0.750000,0.750001,0.750000,0.000000,0.974575,0.224061,0.000000,0.974555,0.224147,9.560233,-4.264097,0.000004,1,0,19.023660,0.000000
7.690000,4000.000000,-30.451010,135.741700,1,1,2,2,0.749998,0.749999,0.749998,0.000000,0.974576,0.224057,0.000000,0.974555,0.224147,9.560766,-4.264531,-0.000003,1,0,19.025590,0.000000
7.700000,4000.000000,-30.493660,135.927100,1,1,2,2,0.749999,0.749999,0.749999,0.000000,0.974547,0.224182,0.000000,0.974555,0.224147,9.560496,-4.264960,0.000007,1,0,19.027520,0.000000
7.710000,4000.000000,-30.536310,136.112600,1,1,2,2,0.749999,0.749999,0.749999,0.000000,0.974576,0.224057,0.000000,0.974555,0.224147,9.560362,-4.265390,0.000007,1,0,19.029440,0.000000
7.720000,4000.000000,-30.578970,136.298000,1,1,2,2,0.750002,0.750003,0.750002,0.000000,0.974575,0.224061,0.000000,0.974555,0.224147,9.559790,-4.265821,0.000007,1,0,19.031360,0.000000
7.730000,4000.000000,-30.621630,136.483500,1,1,2,2,0.750002,0.750001,0.750002,0.000000,0.974561,0.224121,0.000000,0.974555,0.224147,9.560105,-4.266257,0.000001,1,0,19.033280,0.000000
7.740000,4000.000000,-30.664300,136.669000,1,1,2,2,0.749996,0.749997,0.749997,0.000000,0.974562,0.224119,0.000000,0.974555,0.224147,9.561025,-4.266689,-0.000002,1,0,19.035190,0.000000
7.750000,4000.000000,-30.706970,136.854600,1,1,2,2,0.750000,0.750002,0.750001,0.000000,0.974576,0.224057,0.000000,0.974555,0.224147,9.560092,-4.267111,0.000004,1,0,19.037100,0.000000
7.760000,4000.000000,-30.749650,137.040100,1,1,2,2,0.750000,0.750000,0.750000,0.000000,0.974577,0.224054,0.000000,0.974555,0.224148,9.560148,-4.267542,0.000007,1,0,19.039010,0.000000
7.770000,4000.000000,-30.792320,137.225700,1,1,2,2,0.750000,0.750003,0.750002,0.000000,0.974547,0.224182,0.000000,0.974555,0.224148,9.559862,-4.267971,0.000010,1,0,19.040910,0.000000
7.780000,4000.000000,-30.835010,137.411300,1,1,2,2,0.749999,0.750000,0.749999,0.000000,0.974576,0.224057,0.000000,0.974555,0.224148,9.560590,-4.268403,-0.000003,1,0,19.042810,0.000000
7.790000,4000.000000,-30.877700,137.596900,1,1,2,2,0.749998,0.749999,0.749999,0.000000,0.974576,0.224057,0.000000,0.974555,0.224148,9.560529,-4.268826,0.000005,1,0,19.044710,0.000000
7.800000,4000.000000,-30.920390,137.782500,1,1,2,2,0.750000,0.750000,0.750000,0.000000,0.974577,0.224054,0.000000,0.974555,0.224148,9.560262,-4.269249,0.000005,1,0,19.046600,0.000000
7.810000,4000.000000,-30.963090,137.968100,1,1,2,2,0.750000,0.749999,0.750000,0.000000,0.974562,0.224119,0.000000,0.974555,0.224148,9.560407,-4.269675,0.000003,1,0,19.048500,0.000000
7.820000,4000.000000,-31.005790,138.153800,1,1,2,2,0.750003,0.750003,0.750003,0.000000,0.974562,0.224119,0.000000,0.974555,0.224148,9.559828,-4.270098,0.000002,1,0,19.050380,0.000000
7.830000,4000.000000,-31.048490,138.339400,1,1,2,2,0.749997,0.749996,0.749996,0.000000,0.974575,0.224061,0.000000,0.974555,0.224148,9.561214,-4.270525,-0.000004,1,0,19.052270,0.000000
7.840000,4000.000000,-31.091200,138.525100,1,1,2,2,0.750003,0.750003,0.750003,0.000000,0.974577,0.224054,0.000000,0.974555,0.224148,9.559796,-4.270939,0.000003,1,0,19.054150,0.000000
7.850000,4000.000000,-31.133910,138.710900,1,1,2,2,0.750003,0.750003,0.750003,0.000000,0.974548,0.224178,0.000000,0.974555,0.224148,9.559969,-4.271366,-0.000004,1,0,19.056020,0.000000
7.860000,4000.000000,-31.176630,138.896600,1,1,2,2,0.750005,0.750003,0.750004,0.000000,0.974561,0.224121,0.000000,0.974555,0.224148,9.559933,-4.271791,-0.000009,1,0,19.057900,0.000000
7.870000,4000.000000,-31.219350,139.082300,1,1,2,2,0.749997,0.749997,0.749997,0.000000,0.974576,0.224057,0.000000,0.974555,0.224148,9.561193,-4.272214,-0.000008,1,0,19.059770,0.000000
7.880000,4000.000000,-31.262080,139.268100,1,1,2,2,0.750002,0.750005,0.750003,0.000000,0.964782,0.263052,0.000000,0.974555,0.224148,9.559836,-4.272625,-0.000002,1,0,19.061640,0.000000
7.890000,4000.000000,-31.304810,139.453900,1,1,2,2,0.750005,0.750005,0.750005,0.000000,0.974562,0.224118,0.000000,0.974555,0.224148,9.559752,-4.273049,-0.000008,1,0,19.063500,0.000000
7.900000,4000.000000,-31.347550,139.639700,1,1,2,2,0.750002,0.750004,0.750003,0.000000,0.974563,0.224116,0.000000,0.974555,0.224147,9.560467,-4.273472,-0.000021,1,0,19.065360,0.000000
7.910000,4000.000000,-31.390280,139.825500,1,1,2,2,0.749999,0.749999,0.749999,0.000000,0.974575,0.224061,0.000000,0.974555,0.224148,9.561016,-4.273888,-0.000015,1,0,19.067220,0.000000
7.920000,4000.000000,-31.433030,140.011400,1,1,2,2,0.750006,0.750008,0.750007,0.000000,0.978400,0.206722,0.000000,0.974555,0.224148,9.559252,-4.274298,-0.000004,1,0,19.069070,0.000000
7.930000,4000.000000,-31.475770,140.197200,1,1,2,2,0.750006,0.750004,0.750005,0.000000,0.974561,0.224125,0.000000,0.974555,0.224148,9.559752,-4.274724,-0.000010,1,0,19.070920,0.000000
7.940000,4000.000000,-31.518530,140.383100,1,1,2,2,0.750003,0.750000,0.750001,0.000000,0.974575,0.224061,0.000000,0.974555,0.224148,9.560747,-4.275145,-0.000025,1,0,19.072770,0.000000
7.950000,4000.000000,-31.561280,140.569000,1,1,2,2,0.750000,0.750002,0.750001,0.000000,0.974575,0.224061,0.000000,0.974555,0.224148,9.560955,-4.275555,-0.000028,1,0,19.074620,0.000000
7.960000,4000.000000,-31.604040,140.754900,1,1,2,2,0.750001,0.749999,0.750000,0.000000,0.974549,0.224175,0.000000,0.974555,0.224148,9.560503,-4.275962,-0.000004,1,0,19.076460,0.000000
7.970000,4000.000000,-31.646800,140.940800,1,1,2,2,0.749998,0.749999,0.749998,0.000000,0.974547,0.224182,0.000000,0.974555,0.224149,9.560394,-4.276373,0.000012,1,0,19.078290,0.000000
7.980000,4000.000000,-31.689570,141.126800,1,1,2,2,0.750005,0.750004,0.750004,0.000000,0.974575,0.224061,0.000000,0.974555,0.224149,9.559550,-4.276784,0.000003,1,0,19.080130,0.000000
7.990000,4000.000000,-31.732350,141.312700,1,1,2,2,0.749998,0.749998,0.749998,0.000000,0.974575,0.224061,0.000000,0.974555,0.224148,9.561131,-4.277204,-0.000014,1,0,19.081960,0.000000
8.000000,4000.000000,-31.775120,141.498700,1,1,2,2,0.750003,0.750003,0.750003,0.000000,0.974575,0.224061,0.000000,0.974555,0.224148,9.560187,-4.277606,-0.000015,1,0,19.083790,0.000000
8.010000,4000.000000,-31.817900,141.684700,1,1,2,2,0.749998,0.750001,0.750000,0.000000,0.974549,0.224175,0.000000,0.974555,0.224148,9.561057,-4.278018,-0.000024,1,0,19.085620,0.000000
8.020000,4000.000000,-31.860690,141.870700,1,1,2,2,0.749999,0.749996,0.749997,0.000000,0.974575,0.224061,0.000000,0.974555,0.224148,9.560860,-4.278419,0.000000,1,0,19.087440,0.000000
8.030000,4000.000000,-31.903470,142.056800,1,1,2,2,0.750000,0.750002,0.750001,0.000000,0.974575,0.224061,0.000000,0.974555,0.224148,9.560316,-4.278823,-0.000003,1,0,19.089260,0.000000
8.040000,4000.000000,-31.946260,142.242800,1,1,2,2,0.750004,0.750004,0.750004,0.000000,0.974575,0.224061,0.000000,0.974555,0.224148,9.560033,-4.279231,-0.000011,1,0,19.091070,0.000000
8.050000,4000.000000,-31.989060,142.428900,1,1,2,2,0.749998,0.750000,0.749999,0.000000,0.974575,0.224061,0.000000,0.974555,0.224147,9.561123,-4.279641,-0.000021,1,0,19.092890,0.000000
8.059999,4000.000000,-32.031860,142.615000,1,1,2,2,0.749997,0.749995,0.749996,0.000000,0.974575,0.224061,0.000000,0.974555,0.224148,9.561360,-4.280039,-0.000008,1,0,19.094700,0.000000
8.070000,4000.000000,-32.074670,142.801100,1,1,2,2,0.750004,0.750006,0.750005,0.000000,0.974575,0.224061,0.000000,0.974555,0.224148,9.559325,-4.280435,0.000007,1,0,19.096500,0.000000
8.080000,4000.000000,-32.117470,142.987200,1,1,2,2,0.750004,0.750004,0.750004,0.000000,0.974562,0.224118,0.000000,0.974555,0.224148,9.559636,-4.280850,0.000001,1,0,19.098300,0.000000
8.090000,4000.000000,-32.160290,143.173300,1,1,2,2,0.750002,0.750002,0.750002,0.000000,0.974575,0.224061,0.000000,0.974555,0.224148,9.560455,-4.281261,-0.000014,1,0,19.100110,0.000000
8.099999,4000.000000,-32.203100,143.359500,1,1,2,2,0.750000,0.750002,0.750001,0.000000,0.974575,0.224061,0.000000,0.974555,0.224148,9.560777,-4.281663,-0.000021,1,0,19.101900,0.000000
8.110000,4000.000000,-32.245920,143.545700,1,1,2,2,0.749999,0.749999,0.749999,0.000000,0.974575,0.224061,0.000000,0.974555,0.224148,9.560543,-4.282062,0.000000,1,0,19.103700,0.000000
8.120000,4000.000000,-32.288750,143.731900,1,1,2,2,0.749999,0.750001,0.750000,0.000000,0.974559,0.224132,0.000000,0.974555,0.224149,9.559965,-4.282462,0.000018,1,0,19.105490,0.000000
8.130000,4000.000000,-32.331570,143.918100,1,1,2,2,0.750005,0.750004,0.750004,0.000000,0.974575,0.224061,0.000000,0.974555,0.224149,9.559505,-4.282867,0.000004,1,0,19.107280,0.000000
8.139999,4000.000000,-32.374400,144.104300,1,1,2,2,0.750004,0.750007,0.750005,0.000000,0.974574,0.224068,0.000000,0.974555,0.224148,9.559739,-4.283276,-0.000013,1,0,19.109060,0.000000
8.150000,4000.000000,-32.417240,144.290600,1,1,2,2,0.750004,0.750000,0.750002,0.000000,0.974575,0.224061,0.000000,0.974555,0.224149,9.560369,-4.283681,-0.000015,1,0,19.110840,0.000000
8.160000,4000.000000,-32.460080,144.476800,1,1,2,2,0.750008,0.750008,0.750008,0.000000,0.974561,0.224125,0.000000,0.974555,0.224149,9.559335,-4.284080,-0.000012,1,0,19.112620,0.000000
8.170000,4000.000000,-32.502930,144.663100,1,1,2,2,0.750010,0.750011,0.750011,0.000000,0.974561,0.224125,0.000000,0.974555,0.224149,9.558954,-4.284488,-0.000019,1,0,19.114390,0.000000
8.179999,4000.000000,-32.545780,144.849400,1,1,2,2,0.750005,0.750004,0.750004,0.000000,0.974575,0.224061,0.000000,0.974555,0.224149,9.560634,-4.284899,-0.000042,1,0,19.116170,0.000000
8.190000,4000.000000,-32.588630,145.035700,1,1,2,2,0.750000,0.750002,0.750001,0.000000,0.974575,0.224061,0.000000,0.974555,0.224148,9.561440,-4.285294,-0.000047,1,0,19.117930,0.000000
8.200000,4000.000000,-32.631490,145.222000,1,1,2,2,0.749998,0.749998,0.749998,0.000000,0.974575,0.224061,0.000000,0.974555,0.224148,9.561881,-4.285679,-0.000044,1,0,19.119700,0.000000
8.210000,4000.000000,-32.674350,145.408400,1,1,2,2,0.749995,0.749995,0.749995,0.000000,0.974572,0.224075,0.000000,0.974555,0.224149,9.561539,-4.286060,-0.000013,1,0,19.121460,0.000000
8.220000,4000.000000,-32.717220,145.594800,1,1,2,2,0.750000,0.749998,0.749999,0.000000,0.974572,0.224075,0.000000,0.974555,0.224148,9.560832,-4.286443,-0.000009,1,0,19.123220,0.000000
8.230000,4000.000000,-32.760090,145.781100,1,1,2,2,0.749998,0.749998,0.749998,0.000000,0.974575,0.224061,0.000000,0.974555,0.224148,9.561078,-4.286833,-0.000012,1,0,19.124980,0.000000
8.240000,4000.000000,-32.802960,145.967500,1,1,2,2,0.749996,0.749994,0.749995,0.000000,0.974574,0.224068,0.000000,0.974555,0.224147,9.561583,-4.287219,-0.000012,1,0,19.126730,0.000000
8.250000,4000.000000,-32.845840,146.154000,1,1,2,2,0.749991,0.749989,0.749990,0.000000,0.974574,0.224064,0.000000,0.974555,0.224148,9.562022,-4.287600,0.000006,1,0,19.128480,0.000000
8.260000,4000.000000,-32.888720,146.340400,1,1,2,2,0.749995,0.749997,0.749996,0.000000,0.974574,0.224068,0.000000,0.974555,0.224148,9.560471,-4.287976,0.000028,1,0,19.130230,0.000000
8.270000,4000.000000,-32.931600,146.526800,1,1,2,2,0.749991,0.749991,0.749991,0.000000,0.974572,0.224075,0.000000,0.974555,0.224148,9.561568,-4.288366,0.000021,1,0,19.131970,0.000000
8.280000,4000.000000,-32.974490,146.713300,1,1,2,2,0.749987,0.749987,0.749987,0.000000,0.974574,0.224068,0.000000,0.974555,0.224147,9.562117,-4.288745,0.000027,1,0,19.133710,0.000000
8.290000,4000.000000,-33.017380,146.899800,1,1,2,2,0.749989,0.749991,0.749990,0.000000,0.974574,0.224068,0.000000,0.974555,0.224147,9.561331,-4.289118,0.000038,1,0,19.135450,0.000000
8.300000,4000.000000,-33.060280,147.086300,1,1,2,2,0.749986,0.749988,0.749987,0.000000,0.974575,0.224061,0.000000,0.974555,0.224148,9.561101,-4.289498,0.000065,1,0,19.137190,0.000000
8.309999,4000.000000,-33.103180,147.272800,1,1,2,2,0.749992,0.749992,0.749992,0.000000,0.974572,0.224075,0.000000,0.974555,0.224148,9.560144,-4.289879,0.000065,1,0,19.138920,0.000000
8.320000,4000.000000,-33.146080,147.459400,1,1,2,2,0.749991,0.749991,0.749991,0.000000,0.974574,0.224068,0.000000,0.974555,0.224147,9.560703,-4.290269,0.000056,1,0,19.140650,0.000000
8.330000,4000.000000,-33.188990,147.645900,1,1,2,2,0.749991,0.749989,0.749990,0.000000,0.974575,0.224061,0.000000,0.974555,0.224147,9.560946,-4.290653,0.000053,1,0,19.142370,0.000000
8.340000,4000.000000,-33.231900,147.832500,1,1,2,2,0.749989,0.749989,0.749989,0.000000,0.974575,0.224061,0.000000,0.974555,0.224147,9.561094,-4.291034,0.000053,1,0,19.144100,0.000000
8.349999,4000.000000,-33.274820,148.019100,1,1,2,2,0.749984,0.749984,0.749984,0.000000,0.948129,0.317887,0.000000,0.974555,0.224148,9.561266,-4.291413,0.000079,1,0,19.145810,0.000000
8.360000,4000.000000,-33.317740,148.205700,1,1,2,2,0.749984,0.749984,0.749984,0.000000,0.974574,0.224068,0.000000,0.974555,0.224149,9.560611,-4.291789,0.000105,1,0,19.147530,0.000000
8.370000,4000.000000,-33.360660,148.392300,1,1,2,2,0.749987,0.749987,0.749987,0.000000,0.974575,0.224061,0.000000,0.974555,0.224148,9.560304,-4.292171,0.000099,1,0,19.149240,0.000000
8.380000,4000.000000,-33.403590,148.578900,1,1,2,2,0.749983,0.749983,0.749983,0.000000,0.974572,0.224075,0.000000,0.974555,0.224148,9.561157,-4.292555,0.000091,1,0,19.150960,0.000000
8.389999,4000.000000,-33.446520,148.765600,1,1,2,2,0.749980,0.749980,0.749980,0.000000,0.970301,0.241899,0.000000,0.974555,0.224148,9.561418,-4.292931,0.000104,1,0,19.152660,0.000000
8.400000,4000.000000,-33.489450,148.952300,1,1,2,2,0.749982,0.749982,0.749982,0.000000,0.974574,0.224068,0.000000,0.974555,0.224148,9.560709,-4.293303,0.000118,1,0,19.154370,0.000000
8.410000,4000.000000,-33.532390,149.138900,1,1,2,2,0.749991,0.749991,0.749991,0.000000,0.975115,0.221701,0.000000,0.974555,0.224149,9.558857,-4.293682,0.000125,1,0,19.156070,0.000000
8.420000,4000.000000,-33.575330,149.325700,1,1,2,2,0.749987,0.749991,0.749989,0.000000,0.974572,0.224075,0.000000,0.974555,0.224148,9.559896,-4.294077,0.000102,1,0,19.157770,0.000000
8.429999,4000.000000,-33.618280,149.512400,1,1,2,2,0.749987,0.749987,0.749987,0.000000,0.974574,0.224068,0.000000,0.974555,0.224148,9.560540,-4.294463,0.000090,1,0,19.159460,0.000000
8.440000,4000.000000,-33.661230,149.699100,1,1,2,2,0.749988,0.749987,0.749988,0.000000,0.974575,0.224061,0.000000,0.974555,0.224147,9.560513,-4.294841,0.000084,1,0,19.161160,0.000000
8.450000,4000.000000,-33.704180,149.885900,1,1,2,2,0.749984,0.749984,0.749984,0.000000,0.974574,0.224068,0.000000,0.974555,0.224148,9.560675,-4.295218,0.000103,1,0,19.162840,0.000000
8.460000,4000.000000,-33.747140,150.072600,1,1,2,2,0.749989,0.749989,0.749989,0.000000,0.974572,0.224075,0.000000,0.974555,0.224148,9.559999,-4.295594,0.000098,1,0,19.164530,0.000000
8.470000,4000.000000,-33.790100,150.259400,1,1,2,2,0.749985,0.749987,0.749986,0.000000,0.974575,0.224061,0.000000,0.974555,0.224148,9.560769,-4.295975,0.000087,1,0,19.166220,0.000000
8.480000,4000.000000,-33.833070,150.446200,1,1,2,2,0.749978,0.749983,0.749980,0.000000,0.974572,0.224075,0.000000,0.974555,0.224147,9.561831,-4.296349,0.000084,1,0,19.167900,0.000000
8.490000,4000.000000,-33.876030,150.633000,1,1,2,2,0.749976,0.749976,0.749976,0.000000,0.974575,0.224061,0.000000,0.974555,0.224148,9.562078,-4.296711,0.000104,1,0,19.169570,0.000000
8.500000,4000.000000,-33.919010,150.819900,1,1,2,2,0.749984,0.749984,0.749984,0.000000,0.974575,0.224061,0.000000,0.974555,0.224148,9.560178,-4.297070,0.000127,1,0,19.171250,0.000000
8.510000,4000.000000,-33.961980,151.006700,1,1,2,2,0.749979,0.749978,0.749978,0.000000,0.985765,0.168127,0.000000,0.974555,0.224148,9.561340,-4.297447,0.000118,1,0,19.172920,0.000000
8.520000,4000.000000,-34.004960,151.193600,1,1,2,2,0.749981,0.749983,0.749982,0.000000,0.974575,0.224061,0.000000,0.974555,0.224147,9.560589,-4.297812,0.000121,1,0,19.174590,0.000000
8.530000,4000.000000,-34.047940,151.380500,1,1,2,2,0.749985,0.749985,0.749985,0.000000,0.974575,0.224061,0.000000,0.974555,0.224147,9.560201,-4.298184,0.000116,1,0,19.176260,0.000000
8.540000,4000.000000,-34.090920,151.567400,1,1,2,2,0.749988,0.749988,0.749988,0.000000,0.974575,0.224061,0.000000,0.974555,0.224148,9.559255,-4.298559,0.000133,1,0,19.177920,0.000000
8.550000,4000.000000,-34.133910,151.754300,1,1,2,2,0.749996,0.749996,0.749996,0.000000,0.997443,0.071464,0.000000,0.974555,0.224148,9.558240,-4.298943,0.000115,1,0,19.179580,0.000000
8.559999,4000.000000,-34.176900,151.941200,1,1,2,2,0.749998,0.750000,0.749999,0.000000,0.974574,0.224068,0.000000,0.974555,0.224147,9.558430,-4.299335,0.000087,1,0,19.181230,0.000000
8.570000,4000.000000,-34.219900,152.128200,1,1,2,2,0.750000,0.750000,0.750000,0.000000,0.974575,0.224061,0.000000,0.974555,0.224147,9.558889,-4.299725,0.000062,1,0,19.182890,0.000000
8.580000,4000.000000,-34.262900,152.315100,1,1,2,2,0.749999,0.749999,0.749999,0.000000,0.974575,0.224061,0.000000,0.974555,0.224147,9.559336,-4.300110,0.000053,1,0,19.184540,0.000000
8.590000,4000.000000,-34.305900,152.502100,1,1,2,2,0.750010,0.750010,0.750010,0.000000,0.991475,0.130296,0.000000,0.974555,0.224148,9.557435,-4.300490,0.000049,1,0,19.186190,0.000000
8.599999,4000.000000,-34.348910,152.689100,1,1,2,2,0.750008,0.750008,0.750008,0.000000,0.974561,0.224125,0.000000,0.974555,0.224148,9.558382,-4.300888,0.000024,1,0,19.187830,0.000000
8.610000,4000.000000,-34.391930,152.876100,1,1,2,2,0.750002,0.750004,0.750003,0.000000,0.974575,0.224061,0.000000,0.974555,0.224148,9.559993,-4.301275,-0.000002,1,0,19.189480,0.000000
8.620000,4000.000000,-34.434940,153.063200,1,1,2,2,0.750002,0.750002,0.750002,0.000000,0.974575,0.224061,0.000000,0.974555,0.224147,9.560411,-4.301647,-0.000013,1,0,19.191120,0.000000
8.630000,4000.000000,-34.477960,153.250200,1,1,2,2,0.749999,0.749999,0.749999,0.000000,0.974575,0.224061,0.000000,0.974555,0.224148,9.560410,-4.302013,0.000006,1,0,19.192750,0.000000
8.639999,4000.000000,-34.520980,153.437300,1,1,2,2,0.750003,0.750003,0.750003,0.000000,0.974547,0.224182,0.000000,0.974555,0.224149,9.559340,-4.302380,0.000022,1,0,19.194390,0.000000
8.650000,4000.000000,-34.564010,153.624300,1,1,2,2,0.750006,0.750005,0.750005,0.000000,0.974574,0.224068,0.000000,0.974555,0.224149,9.559352,-4.302755,0.000003,1,0,19.196020,0.000000
8.660000,4000.000000,-34.607040,153.811400,1,1,2,2,0.750004,0.750004,0.750004,0.000000,0.974575,0.224061,0.000000,0.974555,0.224148,9.560137,-4.303131,-0.000016,1,0,19.197650,0.000000
8.670000,4000.000000,-34.650070,153.998500,1,1,2,2,0.750009,0.750013,0.750011,0.000000,0.974575,0.224061,0.000000,0.974555,0.224148,9.559115,-4.303497,-0.000026,1,0,19.199270,0.000000
8.679999,4000.000000,-34.693110,154.185600,1,1,2,2,0.750004,0.750004,0.750004,0.000000,0.974574,0.224068,0.000000,0.974555,0.224147,9.560898,-4.303874,-0.000045,1,0,19.200890,0.000000
8.690000,4000.000000,-34.736150,154.372800,1,1,2,2,0.749999,0.750001,0.750000,0.000000,0.974575,0.224061,0.000000,0.974555,0.224148,9.560916,-4.304232,-0.000023,1,0,19.202510,0.000000
8.700000,4000.000000,-34.779200,154.559900,1,1,2,2,0.750002,0.750005,0.750004,0.000000,0.974575,0.224061,0.000000,0.974555,0.224148,9.560362,-4.304589,-0.000025,1,0,19.204130,0.000000
8.710000,4000.000000,-34.822250,154.747100,1,1,2,2,0.750005,0.750004,0.750004,0.000000,0.974574,0.224068,0.000000,0.974555,0.224148,9.560390,-4.304951,-0.000032,1,0,19.205740,0.000000
8.720000,4000.000000,-34.865300,154.934300,1,1,2,2,0.750000,0.750000,0.750000,0.000000,0.974575,0.224061,0.000000,0.974555,0.224147,9.561378,-4.305312,-0.000038,1,0,19.207350,0.000000
8.730000,4000.000000,-34.908360,155.121500,1,1,2,2,0.749995,0.749991,0.749993,0.000000,0.974574,0.224068,0.000000,0.974555,0.224148,9.562192,-4.305663,-0.000022,1,0,19.208960,0.000000
8.740000,4000.000000,-34.951420,155.308700,1,1,2,2,0.749997,0.750001,0.749999,0.000000,0.974575,0.224061,0.000000,0.974555,0.224148,9.560592,-4.306005,0.000002,1,0,19.210570,0.000000
8.750000,4000.000000,-34.994480,155.495900,1,1,2,2,0.750006,0.750006,0.750006,0.000000,0.974560,0.224128,0.000000,0.974555,0.224148,9.559153,-4.306362,0.000009,1,0,19.212170,0.000000
8.760000,4000.000000,-35.037550,155.683200,1,1,2,2,0.750000,0.750000,0.750000,0.000000,0.974574,0.224068,0.000000,0.974555,0.224148,9.560709,-4.306733,-0.000011,1,0,19.213770,0.000000
8.770000,4000.000000,-35.080620,155.870400,1,1,2,2,0.750000,0.749998,0.749999,0.000000,0.974575,0.224061,0.000000,0.974555,0.224147,9.560949,-4.307088,-0.000015,1,0,19.215360,0.000000
8.780000,4000.000000,-35.123700,156.057700,1,1,2,2,0.749997,0.749997,0.749997,0.000000,0.974575,0.224061,0.000000,0.974555,0.224148,9.560665,-4.307440,0.000008,1,0,19.216960,0.000000
8.790000,4000.000000,-35.166770,156.245000,1,1,2,2,0.750001,0.750001,0.750001,0.000000,0.974559,0.224132,0.000000,0.974555,0.224149,9.559587,-4.307794,0.000027,1,0,19.218550,0.000000
8.800000,4000.000000,-35.209860,156.432300,1,1,2,2,0.750002,0.750002,0.750002,0.000000,0.974575,0.224061,0.000000,0.974555,0.224149,9.559854,-4.308158,0.000010,1,0,19.220140,0.000000
8.809999,4000.000000,-35.252940,156.619700,1,1,2,2,0.749998,0.750000,0.749999,0.000000,0.974575,0.224061,0.000000,0.974555,0.224148,9.560682,-4.308519,-0.000005,1,0,19.221720,0.000000
8.820000,4000.000000,-35.296030,156.807000,1,1,2,2,0.749995,0.749995,0.749995,0.000000,0.974574,0.224068,0.000000,0.974555,0.224148,9.561232,-4.308871,0.000003,1,0,19.223300,0.000000
8.830000,4000.000000,-35.339120,156.994400,1,1,2,2,0.749999,0.750000,0.749999,0.000000,0.974560,0.224128,0.000000,0.974555,0.224149,9.560117,-4.309217,0.000015,1,0,19.224880,0.000000
8.840000,4000.000000,-35.382220,157.181800,1,1,2,2,0.750010,0.750010,0.750010,0.000000,0.974561,0.224125,0.000000,0.974555,0.224149,9.558244,-4.309573,0.000016,1,0,19.226460,0.000000
8.849999,4000.000000,-35.425320,157.369200,1,1,2,2,0.750009,0.750011,0.750010,0.000000,0.974572,0.224075,0.000000,0.974555,0.224148,9.558932,-4.309947,-0.000014,1,0,19.228040,0.000000
8.860000,4000.000000,-35.468420,157.556600,1,1,2,2,0.750011,0.750009,0.750010,0.000000,0.974575,0.224061,0.000000,0.974555,0.224148,9.559479,-4.310314,-0.000037,1,0,19.229610,0.000000
8.870000,4000.000000,-35.511520,157.744000,1,1,2,2,0.750016,0.750014,0.750015,0.000000,0.974575,0.224061,0.000000,0.974555,0.224148,9.558963,-4.310674,-0.000053,1,0,19.231180,0.000000
8.880000,4000.000000,-35.554630,157.931400,1,1,2,2,0.750010,0.750010,0.750010,0.000000,0.974546,0.224188,0.000000,0.974555,0.224149,9.559811,-4.311039,-0.000050,1,0,19.232740,0.000000
8.889999,4000.000000,-35.597750,158.118900,1,1,2,2,0.750015,0.750013,0.750014,0.000000,0.974575,0.224061,0.000000,0.974555,0.224148,9.559469,-4.311395,-0.000064,1,0,19.234300,0.000000
8.900000,4000.000000,-35.640870,158.306400,1,1,2,2,0.750015,0.750017,0.750016,0.000000,0.974575,0.224061,0.000000,0.974555,0.224148,9.559591,-4.311754,-0.000081,1,0,19.235860,0.000000
8.910000,4000.000000,-35.683990,158.493800,1,1,2,2,0.750018,0.750018,0.750018,0.000000,0.974574,0.224068,0.000000,0.974555,0.224147,9.559533,-4.312111,-0.000095,1,0,19.237420,0.000000
8.920000,4000.000000,-35.727110,158.681300,1,1,2,2,0.750010,0.750010,0.750010,0.000000,0.974561,0.224125,0.000000,0.974555,0.224148,9.561115,-4.312469,-0.000099,1,0,19.238980,0.000000
8.929999,4000.000000,-35.770240,158.868900,1,1,2,2,0.750015,0.750017,0.750016,0.000000,0.974574,0.224068,0.000000,0.974555,0.224148,9.559622,-4.312809,-0.000086,1,0,19.240530,0.000000
8.940000,4000.000000,-35.813370,159.056400,1,1,2,2,0.750013,0.750011,0.750012,0.000000,0.974575,0.224061,0.000000,0.974555,0.224148,9.560748,-4.313164,-0.000101,1,0,19.242080,0.000000
8.950000,4000.000000,-35.856510,159.243900,1,1,2,2,0.750016,0.750016,0.750016,0.000000,0.974575,0.224061,0.000000,0.974555,0.224147,9.560067,-4.313508,-0.000104,1,0,19.243630,0.000000
8.960000,4000.000000,-35.899650,159.431500,1,1,2,2,0.750009,0.750009,0.750009,0.000000,0.974574,0.224068,0.000000,0.974555,0.224147,9.561573,-4.313857,-0.000113,1,0,19.245170,0.000000
8.970000,4000.000000,-35.942790,159.619100,1,1,2,2,0.750012,0.750010,0.750011,0.000000,0.974572,0.224075,0.000000,0.974555,0.224148,9.560439,-4.314190,-0.000082,1,0,19.246710,0.000000
8.980000,4000.000000,-35.985940,159.806700,1,1,2,2,0.750017,0.750015,0.750016,0.000000,0.974575,0.224061,0.000000,0.974555,0.224148,9.559786,-4.314535,-0.000088,1,0,19.248250,0.000000
8.990000,4000.000000,-36.029080,159.994300,1,1,2,2,0.750016,0.750016,0.750016,0.000000,0.974574,0.224068,0.000000,0.974555,0.224147,9.559965,-4.314885,-0.000101,1,0,19.249780,0.000000
9.000000,4000.000000,-36.072240,160.181900,1,1,2,2,0.750018,0.750017,0.750017,0.000000,0.974574,0.224068,0.000000,0.974555,0.224147,9.560052,-4.315233,-0.000111,1,0,19.251320,0.000000
9.010000,4000.000000,-36.115390,160.369500,1,1,2,2,0.750017,0.750013,0.750015,0.000000,0.974575,0.224061,0.000000,0.974555,0.224147,9.560734,-4.315579,-0.000119,1,0,19.252850,0.000000
9.020000,4000.000000,-36.158550,160.557100,1,1,2,2,0.750007,0.750009,0.750008,0.000000,0.974575,0.224061,0.000000,0.974555,0.224148,9.561458,-4.315918,-0.000097,1,0,19.254380,0.000000
9.030000,4000.000000,-36.201710,160.744800,1,1,2,2,0.750006,0.750006,0.750006,0.000000,0.974574,0.224068,0.000000,0.974555,0.224149,9.560948,-4.316249,-0.000069,1,0,19.255900,0.000000
9.040000,4000.000000,-36.244880,160.932500,1,1,2,2,0.750009,0.750005,0.750007,0.000000,0.974574,0.224068,0.000000,0.974555,0.224148,9.560907,-4.316585,-0.000072,1,0,19.257420,0.000000
9.050000,4000.000000,-36.288050,161.120100,1,1,2,2,0.750000,0.750004,0.750002,0.000000,0.974575,0.224061,0.000000,0.974555,0.224148,9.561935,-4.316921,-0.000074,1,0,19.258940,0.000000
9.059999,4000.000000,-36.331220,161.307800,1,1,2,2,0.749993,0.749995,0.749994,0.000000,0.974575,0.224061,0.000000,0.974555,0.224148,9.562816,-4.317246,-0.000053,1,0,19.260460,0.000000
9.070000,4000.000000,-36.374400,161.495600,1,1,2,2,0.749998,0.749998,0.749998,0.000000,0.974574,0.224068,0.000000,0.974555,0.224148,9.561311,-4.317562,-0.000024,1,0,19.261970,0.000000
9.080000,4000.000000,-36.417580,161.683300,1,1,2,2,0.750004,0.750002,0.750003,0.000000,0.974561,0.224125,0.000000,0.974555,0.224149,9.560103,-4.317892,-0.000011,1,0,19.263480,0.000000
9.090000,4000.000000,-36.460760,161.871000,1,1,2,2,0.749996,0.750000,0.749998,0.000000,0.974575,0.224061,0.000000,0.974555,0.224148,9.561274,-4.318233,-0.000022,1,0,19.264990,0.000000
9.099999,4000.000000,-36.503940,162.058800,1,1,2,2,0.749996,0.749996,0.749996,0.000000,0.974575,0.224061,0.000000,0.974555,0.224148,9.561596,-4.318562,-0.000020,1,0,19.266500,0.000000
9.110000,4000.000000,-36.547130,162.246600,1,1,2,2,0.749994,0.749994,0.749994,0.000000,0.974573,0.224071,0.000000,0.974555,0.224147,9.561800,-4.318887,-0.000014,1,0,19.268010,0.000000
9.120000,4000.000000,-36.590330,162.434400,1,1,2,2,0.749992,0.749995,0.749993,0.000000,0.974547,0.224182,0.000000,0.974555,0.224148,9.561166,-4.319210,0.000017,1,0,19.269500,0.000000
9.130000,4000.000000,-36.633520,162.622200,1,1,2,2,0.749996,0.749994,0.749995,0.000000,0.974575,0.224061,0.000000,0.974555,0.224148,9.560829,-4.319538,0.000017,1,0,19.271000,0.000000
9.139999,4000.000000,-36.676720,162.810000,1,1,2,2,0.749993,0.749996,0.749994,0.000000,0.974575,0.224061,0.000000,0.974555,0.224148,9.561051,-4.319869,0.000014,1,0,19.272500,0.000000
9.150000,4000.000000,-36.719920,162.997800,1,1,2,2,0.749999,0.749998,0.749999,0.000000,0.974574,0.224068,0.000000,0.974555,0.224147,9.560292,-4.320198,0.000014,1,0,19.273990,0.000000
9.160000,4000.000000,-36.763130,163.185700,1,1,2,2,0.749991,0.749993,0.749992,0.000000,0.974573,0.224071,0.000000,0.974555,0.224148,9.561363,-4.320533,0.000019,1,0,19.275480,0.000000
9.170000,4000.000000,-36.806340,163.373500,1,1,2,2,0.750001,0.749999,0.750000,0.000000,0.974574,0.224068,0.000000,0.974555,0.224148,9.559609,-4.320857,0.000034,1,0,19.276970,0.000000
9.179999,4000.000000,-36.849550,163.561400,1,1,2,2,0.749998,0.749996,0.749997,0.000000,0.974575,0.224061,0.000000,0.974555,0.224148,9.560422,-4.321198,0.000020,1,0,19.278460,0.000000
9.190000,4000.000000,-36.892770,163.749300,1,1,2,2,0.749996,0.749996,0.749996,0.000000,0.974575,0.224061,0.000000,0.974555,0.224147,9.560753,-4.321530,0.000014,1,0,19.279940,0.000000
9.200000,4000.000000,-36.935980,163.937200,1,1,2,2,0.750003,0.749998,0.750001,0.000000,0.974574,0.224068,0.000000,0.974555,0.224147,9.560024,-4.321858,0.000011,1,0,19.281420,0.000000
9.210000,4000.000000,-36.979200,164.125200,1,1,2,2,0.749997,0.750001,0.749999,0.000000,0.974572,0.224075,0.000000,0.974555,0.224148,9.559897,-4.322193,0.000026,1,0,19.282890,0.000000
9.220000,4000.000000,-37.022430,164.313100,1,1,2,2,0.750005,0.750005,0.750005,0.000000,0.974572,0.224075,0.000000,0.974555,0.224148,9.559081,-4.322529,0.000014,1,0,19.284370,0.000000
9.230000,4000.000000,-37.065650,164.501100,1,1,2,2,0.750009,0.750009,0.750009,0.000000,0.974574,0.224068,0.000000,0.974555,0.224147,9.558896,-4.322872,-0.000006,1,0,19.285840,0.000000
9.240000,4000.000000,-37.108890,164.689000,1,1,2,2,0.750007,0.750009,0.750008,0.000000,0.974575,0.224061,0.000000,0.974555,0.224147,9.559589,-4.323216,-0.000026,1,0,19.287310,0.000000
9.250000,4000.000000,-37.152120,164.877000,1,1,2,2,0.750004,0.750004,0.750004,0.000000,0.974574,0.224068,0.000000,0.974555,0.224147,9.560391,-4.323553,-0.000028,1,0,19.288770,0.000000
9.260000,4000.000000,-37.195360,165.065000,1,1,2,2,0.750006,0.750006,0.750006,0.000000,0.974574,0.224068,0.000000,0.974555,0.224148,9.559881,-4.323881,-0.000022,1,0,19.290240,0.000000
9.270000,4000.000000,-37.238610,165.253000,1,1,2,2,0.750002,0.750004,0.750003,0.000000,0.990503,0.137489,0.000000,0.974555,0.224147,9.560779,-4.324214,-0.000034,1,0,19.291700,0.000000
9.280000,4000.000000,-37.281850,165.441000,1,1,2,2,0.749998,0.749998,0.749998,0.000000,0.974574,0.224068,0.000000,0.974555,0.224147,9.561666,-4.324537,-0.000036,1,0,19.293160,0.000000
9.290000,4000.000000,-37.325100,165.629000,1,1,2,2,0.750001,0.749998,0.750000,0.000000,0.974575,0.224061,0.000000,0.974555,0.224147,9.561171,-4.324851,-0.000028,1,0,19.294610,0.000000
9.300000,4000.000000,-37.368350,165.817100,1,1,2,2,0.749997,0.749997,0.749997,0.000000,0.974575,0.224061,0.000000,0.974555,0.224148,9.560935,-4.325170,-0.000001,1,0,19.296070,0.000000
9.309999,4000.000000,-37.411610,166.005200,1,1,2,2,0.750002,0.750002,0.750002,0.000000,0.987844,0.155452,0.000000,0.974555,0.224147,9.560157,-4.325490,-0.000002,1,0,19.297520,0.000000
9.320000,4000.000000,-37.454860,166.193200,1,1,2,2,0.750002,0.750002,0.750002,0.000000,0.974575,0.224061,0.000000,0.974555,0.224147,9.560365,-4.325817,-0.000011,1,0,19.298970,0.000000
9.330000,4000.000000,-37.498130,166.381300,1,1,2,2,0.750000,0.750000,0.750000,0.000000,0.974572,0.224075,0.000000,0.974555,0.224147,9.560843,-4.326141,-0.000017,1,0,19.300420,0.000000
9.340000,4000.000000,-37.541390,166.569400,1,1,2,2,0.749993,0.749991,0.749992,0.000000,0.974574,0.224068,0.000000,0.974555,0.224147,9.561970,-4.326461,-0.000005,1,0,19.301860,0.000000
9.349999,4000.000000,-37.584660,166.757600,1,1,2,2,0.750006,0.750004,0.750005,0.000000,0.984511,0.175321,0.000000,0.974555,0.224147,9.559074,-4.326768,0.000017,1,0,19.303300,0.000000
9.360000,4000.000000,-37.627930,166.945700,1,1,2,2,0.750009,0.750008,0.750009,0.000000,0.974561,0.224125,0.000000,0.974555,0.224148,9.558605,-4.327104,0.000009,1,0,19.304740,0.000000
9.370000,4000.000000,-37.671200,167.133900,1,1,2,2,0.750005,0.750009,0.750007,0.000000,0.974574,0.224068,0.000000,0.974555,0.224147,9.559501,-4.327443,-0.000016,1,0,19.306170,0.000000
9.380000,4000.000000,-37.714480,167.322000,1,1,2,2,0.750005,0.750005,0.750005,0.000000,0.974575,0.224061,0.000000,0.974555,0.224147,9.560204,-4.327773,-0.000031,1,0,19.307610,0.000000
9.389999,4000.000000,-37.757760,167.510200,1,1,2,2,0.749997,0.749999,0.749998,0.000000,0.974575,0.224061,0.000000,0.974555,0.224148,9.561090,-4.328096,-0.000015,1,0,19.309040,0.000000
9.400000,4000.000000,-37.801050,167.698400,1,1,2,2,0.749995,0.749999,0.749997,0.000000,0.974546,0.224188,0.000000,0.974555,0.224149,9.560658,-4.328409,0.000009,1,0,19.310460,0.000000
9.410000,4000.000000,-37.844330,167.886600,1,1,2,2,0.750002,0.750005,0.750003,0.000000,0.974575,0.224061,0.000000,0.974555,0.224148,9.559704,-4.328726,0.000003,1,0,19.311890,0.000000
9.420000,4000.000000,-37.887620,168.074800,1,1,2,2,0.750004,0.750004,0.750004,0.000000,0.974575,0.224061,0.000000,0.974555,0.224148,9.560054,-4.329052,-0.000012,1,0,19.313310,0.000000
9.429999,4000.000000,-37.930920,168.263000,1,1,2,2,0.750002,0.750000,0.750001,0.000000,0.976130,0.217186,0.000000,0.974555,0.224148,9.560816,-4.329374,-0.000022,1,0,19.314730,0.000000
9.440000,4000.000000,-37.974210,168.451300,1,1,2,2,0.750001,0.750000,0.750001,0.000000,0.974574,0.224068,0.000000,0.974555,0.224147,9.560895,-4.329688,-0.000025,1,0,19.316150,0.000000
9.450000,4000.000000,-38.017510,168.639500,1,1,2,2,0.750001,0.749999,0.750000,0.000000,0.973961,0.226718,0.000000,0.974555,0.224148,9.560460,-4.330000,-0.000001,1,0,19.317570,0.000000
9.460000,4000.000000,-38.060820,168.827800,1,1,2,2,0.750002,0.750002,0.750002,0.000000,0.974575,0.224061,0.000000,0.974555,0.224148,9.560308,-4.330316,-0.000009,1,0,19.318980,0.000000
9.469999,4000.000000,-38.104120,169.016100,1,1,2,2,0.750004,0.750004,0.750004,0.000000,0.974575,0.224061,0.000000,0.974555,0.224148,9.560164,-4.330633,-0.000016,1,0,19.320390,0.000000
9.480000,4000.000000,-38.147430,169.204400,1,1,2,2,0.750005,0.750002,0.750004,0.000000,0.974573,0.224071,0.000000,0.974555,0.224147,9.560362,-4.330951,-0.000025,1,0,19.321800,0.000000
9.490000,4000.000000,-38.190740,169.392700,1,1,2,2,0.749999,0.750000,0.749999,0.000000,0.974573,0.224071,0.000000,0.974555,0.224148,9.560967,-4.331267,-0.000019,1,0,19.323200,0.000000
9.500000,4000.000000,-38.234060,169.581100,1,1,2,2,0.750010,0.750006,0.750008,0.000000,0.974574,0.224068,0.000000,0.974555,0.224148,9.559173,-4.331576,-0.000007,1,0,19.324610,0.000000
9.510000,4000.000000,-38.277380,169.769400,1,1,2,2,0.750004,0.750004,0.750004,0.000000,0.974575,0.224061,0.000000,0.974555,0.224147,9.560429,-4.331902,-0.000027,1,0,19.326010,0.000000
9.520000,4000.000000,-38.320700,169.957700,1,1,2,2,0.749998,0.750001,0.750000,0.000000,0.974575,0.224061,0.000000,0.974555,0.224147,9.561282,-4.332215,-0.000033,1,0,19.327410,0.000000
9.530000,4000.000000,-38.364030,170.146100,1,1,2,2,0.750002,0.750000,0.750001,0.000000,0.974575,0.224061,0.000000,0.974555,0.224147,9.560999,-4.332520,-0.000030,1,0,19.328800,0.000000
9.540000,4000.000000,-38.407350,170.334500,1,1,2,2,0.749999,0.749999,0.749999,0.000000,0.974572,0.224075,0.000000,0.974555,0.224148,9.560675,-4.332826,-0.000006,1,0,19.330190,0.000000
9.550000,4000.000000,-38.450680,170.522900,1,1,2,2,0.750005,0.750005,0.750005,0.000000,0.974575,0.224061,0.000000,0.974555,0.224147,9.559667,-4.333135,-0.000009,1,0,19.331580,0.000000
9.559999,4000.000000,-38.494020,170.711300,1,1,2,2,0.750004,0.750005,0.750004,0.000000,0.974575,0.224061,0.000000,0.974555,0.224147,9.560176,-4.333454,-0.000023,1,0,19.332970,0.000000
9.570000,4000.000000,-38.537360,170.899700,1,1,2,2,0.750005,0.750005,0.750005,0.000000,0.974575,0.224061,0.000000,0.974555,0.224147,9.560209,-4.333766,-0.000031,1,0,19.334360,0.000000
9.580000,4000.000000,-38.580700,171.088200,1,1,2,2,0.749997,0.749995,0.749996,0.000000,0.974575,0.224061,0.000000,0.974555,0.224147,9.561820,-4.334078,-0.000026,1,0,19.335740,0.000000
9.590000,4000.000000,-38.624040,171.276600,1,1,2,2,0.750006,0.750006,0.750006,0.000000,0.974575,0.224061,0.000000,0.974555,0.224148,9.559488,-4.334374,-0.000006,1,0,19.337120,0.000000
9.599999,4000.000000,-38.667390,171.465100,1,1,2,2,0.750008,0.750006,0.750007,0.000000,0.974561,0.224125,0.000000,0.974555,0.224148,9.559446,-4.334692,-0.000010,1,0,19.338500,0.000000
9.610000,4000.000000,-38.710740,171.653600,1,1,2,2,0.750000,0.750002,0.750001,0.000000,0.974575,0.224061,0.000000,0.974555,0.224148,9.560902,-4.335010,-0.000026,1,0,19.339870,0.000000
9.620000,4000.000000,-38.754090,171.842100,1,1,2,2,0.750002,0.749996,0.749999,0.000000,0.974572,0.224075,0.000000,0.974555,0.224147,9.561252,-4.335312,-0.000027,1,0,19.341250,0.000000
9.630000,4000.000000,-38.797450,172.030600,1,1,2,2,0.749993,0.749995,0.749994,0.000000,0.974575,0.224061,0.000000,0.974555,0.224148,9.561395,-4.335611,0.000000,1,0,19.342620,0.000000
9.639999,4000.000000,-38.840810,172.219100,1,1,2,2,0.750001,0.750001,0.750001,0.000000,0.974547,0.224182,0.000000,0.974555,0.224149,9.559607,-4.335908,0.000026,1,0,19.343990,0.000000
9.650000,4000.000000,-38.884170,172.407600,1,1,2,2,0.750002,0.750005,0.750004,0.000000,0.974574,0.224068,0.000000,0.974555,0.224149,9.559545,-4.336223,0.000009,1,0,19.345350,0.000000
9.660000,4000.000000,-38.927540,172.596200,1,1,2,2,0.750004,0.750002,0.750003,0.000000,0.974575,0.224061,0.000000,0.974555,0.224148,9.560136,-4.336537,-0.000008,1,0,19.346720,0.000000
9.670000,4000.000000,-38.970910,172.784700,1,1,2,2,0.749993,0.749993,0.749993,0.000000,0.974574,0.224068,0.000000,0.974555,0.224148,9.561821,-4.336844,-0.000006,1,0,19.348080,0.000000
9.679999,4000.000000,-39.014280,172.973300,1,1,2,2,0.749991,0.749991,0.749991,0.000000,0.974561,0.224125,0.000000,0.974555,0.224149,9.561685,-4.337135,0.000012,1,0,19.349440,0.000000
9.690000,4000.000000,-39.057650,173.161900,1,1,2,2,0.750000,0.749999,0.749999,0.000000,0.974561,0.224125,0.000000,0.974555,0.224149,9.559776,-4.337427,0.000030,1,0,19.350790,0.000000
9.700000,4000.000000,-39.101030,173.350500,1,1,2,2,0.749994,0.750000,0.749997,0.000000,0.974572,0.224075,0.000000,0.974555,0.224148,9.560555,-4.337736,0.000015,1,0,19.352150,0.000000
9.710000,4000.000000,-39.144410,173.539100,1,1,2,2,0.749998,0.749998,0.749998,0.000000,0.974572,0.224075,0.000000,0.974555,0.224148,9.560552,-4.338037,0.000009,1,0,19.353500,0.000000
9.719999,4000.000000,-39.187790,173.727700,1,1,2,2,0.749996,0.749996,0.749996,0.000000,0.974575,0.224061,0.000000,0.974555,0.224148,9.561005,-4.338338,0.000004,1,0,19.354850,0.000000
9.730000,4000.000000,-39.231180,173.916400,1,1,2,2,0.749999,0.750001,0.750000,0.000000,0.974546,0.224188,0.000000,0.974555,0.224148,9.559711,-4.338634,0.000027,1,0,19.356200,0.000000
9.740000,4000.000000,-39.274570,174.105000,1,1,2,2,0.750002,0.750000,0.750001,0.000000,0.974575,0.224061,0.000000,0.974555,0.224148,9.559920,-4.338943,0.000012,1,0,19.357540,0.000000
9.750000,4000.000000,-39.317960,174.293700,1,1,2,2,0.750002,0.750004,0.750003,0.000000,0.974572,0.224075,0.000000,0.974555,0.224148,9.559932,-4.339248,0.000000,1,0,19.358880,0.000000
9.760000,4000.000000,-39.361350,174.482300,1,1,2,2,0.750003,0.750003,0.750003,0.000000,0.974575,0.224061,0.000000,0.974555,0.224147,9.560088,-4.339553,-0.000011,1,0,19.360220,0.000000
9.770000,4000.000000,-39.404750,174.671000,1,1,2,2,0.749998,0.749998,0.749998,0.000000,0.974574,0.224068,0.000000,0.974555,0.224147,9.561275,-4.339856,-0.000020,1,0,19.361560,0.000000
9.780000,4000.000000,-39.448150,174.859700,1,1,2,2,0.749997,0.749996,0.749996,0.000000,0.974574,0.224068,0.000000,0.974555,0.224148,9.560855,-4.340147,0.000007,1,0,19.362890,0.000000
9.790000,4000.000000,-39.491560,175.048400,1,1,2,2,0.750004,0.750004,0.750004,0.000000,0.974575,0.224061,0.000000,0.974555,0.224148,9.559633,-4.340441,0.000004,1,0,19.364230,0.000000
9.800000,4000.000000,-39.534970,175.237200,1,1,2,2,0.750005,0.750005,0.750005,0.000000,0.974574,0.224068,0.000000,0.974555,0.224147,9.559673,-4.340746,-0.000010,1,0,19.365560,0.000000
9.809999,4000.000000,-39.578380,175.425900,1,1,2,2,0.750000,0.750003,0.750001,0.000000,0.974575,0.224061,0.000000,0.974555,0.224147,9.560695,-4.341051,-0.000023,1,0,19.366880,0.000000
9.820000,4000.000000,-39.621790,175.614700,1,1,2,2,0.749995,0.749995,0.749995,0.000000,0.974574,0.224068,0.000000,0.974555,0.224147,9.561650,-4.341345,-0.000013,1,0,19.368210,0.000000
9.830000,4000.000000,-39.665210,175.803400,1,1,2,2,0.750001,0.750001,0.750001,0.000000,0.974574,0.224068,0.000000,0.974555,0.224148,9.560163,-4.341630,0.000005,1,0,19.369530,0.000000
9.840000,4000.000000,-39.708630,175.992200,1,1,2,2,0.750006,0.750004,0.750005,0.000000,0.974561,0.224121,0.000000,0.974555,0.224148,9.559319,-4.341928,0.000008,1,0,19.370850,0.000000
9.849999,4000.000000,-39.752050,176.181000,1,1,2,2,0.750002,0.750002,0.750002,0.000000,0.974575,0.224061,0.000000,0.974555,0.224148,9.560340,-4.342234,-0.000010,1,0,19.372170,0.000000
9.860000,4000.000000,-39.795480,176.369800,1,1,2,2,0.750000,0.750002,0.750001,0.000000,0.974575,0.224061,0.000000,0.974555,0.224147,9.560683,-4.342530,-0.000017,1,0,19.373480,0.000000
9.870000,4000.000000,-39.838900,176.558600,1,1,2,2,0.749999,0.749999,0.749999,0.000000,0.974575,0.224061,0.000000,0.974555,0.224148,9.560464,-4.342822,0.000004,1,0,19.374800,0.000000
9.880000,4000.000000,-39.882330,176.747500,1,1,2,2,0.750001,0.750001,0.750001,0.000000,0.974546,0.224188,0.000000,0.974555,0.224149,9.559708,-4.343115,0.000021,1,0,19.376110,0.000000
9.889999,4000.000000,-39.925770,176.936300,1,1,2,2,0.750005,0.750005,0.750005,0.000000,0.974574,0.224068,0.000000,0.974555,0.224149,9.559372,-4.343415,0.000004,1,0,19.377420,0.000000
9.900000,4000.000000,-39.969200,177.125200,1,1,2,2,0.750002,0.750000,0.750001,0.000000,0.974575,0.224061,0.000000,0.974555,0.224148,9.560607,-4.343718,-0.000014,1,0,19.378720,0.000000
9.910000,4000.000000,-40.012650,177.314000,1,1,2,2,0.749995,0.749995,0.749995,0.000000,0.974574,0.224068,0.000000,0.974555,0.224148,9.561506,-4.344008,-0.000007,1,0,19.380030,0.000000
9.920000,4000.000000,-40.056090,177.502900,1,1,2,2,0.750006,0.750006,0.750006,0.000000,0.990591,0.136855,0.000000,0.974555,0.224149,9.559119,-4.344289,0.000009,1,0,19.381330,0.000000
9.929999,4000.000000,-40.099530,177.691800,1,1,2,2,0.750004,0.750004,0.750004,0.000000,0.974561,0.224125,0.000000,0.974555,0.224149,9.559664,-4.344593,0.000000,1,0,19.382630,0.000000
9.940000,4000.000000,-40.142980,177.880700,1,1,2,2,0.750000,0.750000,0.750000,0.000000,0.974575,0.224061,0.000000,0.974555,0.224148,9.560840,-4.344891,-0.000016,1,0,19.383930,0.000000
9.950000,4000.000000,-40.186440,178.069600,1,1,2,2,0.750000,0.750000,0.750000,0.000000,0.974575,0.224061,0.000000,0.974555,0.224148,9.560946,-4.345177,-0.000020,1,0,19.385220,0.000000
9.960000,4000.000000,-40.229890,178.258600,1,1,2,2,0.749997,0.749995,0.749996,0.000000,0.974574,0.224068,0.000000,0.974555,0.224149,9.560999,-4.345462,0.000002,1,0,19.386510,0.000000
9.969999,4000.000000,-40.273350,178.447500,1,1,2,2,0.749999,0.749997,0.749998,0.000000,0.974560,0.224128,0.000000,0.974555,0.224150,9.560133,-4.345745,0.000024,1,0,19.387810,0.000000
9.980000,4000.000000,-40.316810,178.636500,1,1,2,2,0.750002,0.750002,0.750002,0.000000,0.974575,0.224061,0.000000,0.974555,0.224149,9.559812,-4.346036,0.000011,1,0,19.389090,0.000000
9.990000,4000.000000,-40.360270,178.825400,1,1,2,2,0.750002,0.749998,0.750000,0.000000,0.974575,0.224061,0.000000,0.974555,0.224149,9.560522,-4.346331,-0.000004,1,0,19.390380,0.000000
