time,x,y,z,left,right,leftSamples,rightSamples,leftHeight,rightHeight,height,rawNx,rawNy,rawNz,supportNx,supportNy,supportNz,supportAcceleration,verticalVelocity,normalVelocity,grounded,transitions,speed,lateralAcceleration
0.000000,3999.960000,0.270916,2.168111,0,1,0,2,0.000000,0.750000,0.750000,0.000000,0.974555,0.224148,0.000000,0.974555,0.224148,9.560455,-3.586363,0.000001,1,0,16.000000,0.000000
0.010000,3999.960000,0.235038,2.324106,0,1,0,2,0.000000,0.750000,0.750000,0.000000,0.974555,0.224148,0.000000,0.974555,0.224148,9.560423,-3.587886,0.000002,1,0,16.006800,0.000000
0.020000,3999.960000,0.199144,2.480167,0,1,0,2,0.000000,0.750000,0.750000,0.000000,0.974555,0.224148,0.000000,0.974555,0.224148,9.560404,-3.589406,0.000003,1,0,16.013580,0.000000
0.030000,3999.960000,0.163234,2.636294,0,1,0,2,0.000000,0.750000,0.750000,0.000000,0.974555,0.224149,0.000000,0.974555,0.224148,9.560271,-3.590925,0.000005,1,0,16.020360,0.000000
0.040000,3999.960000,0.127310,2.792488,0,1,0,2,0.000000,0.750000,0.750000,0.000000,0.974555,0.224149,0.000000,0.974555,0.224148,9.560264,-3.592442,0.000006,1,0,16.027120,0.000000
0.050000,3999.960000,0.091370,2.948747,0,1,0,2,0.000000,0.750000,0.750000,0.000000,0.974555,0.224149,0.000000,0.974555,0.224148,9.560253,-3.593958,0.000006,1,0,16.033880,0.000000
0.060000,3999.960000,0.055416,3.105071,0,1,0,2,0.000000,0.750000,0.750000,0.000000,0.974555,0.224149,0.000000,0.974555,0.224148,9.560223,-3.595471,0.000006,1,0,16.040620,0.000000
0.070000,3999.960000,0.019446,3.261462,0,1,0,2,0.000000,0.750000,0.750000,0.000000,0.974555,0.224149,0.000000,0.974555,0.224148,9.560247,-3.596982,0.000006,1,0,16.047360,0.000000
0.080000,3999.960000,-0.016539,3.417918,0,1,0,2,0.000000,0.750000,0.750000,0.000000,0.974555,0.224149,0.000000,0.974555,0.224148,9.560246,-3.598491,0.000006,1,0,16.054080,0.000000
0.090000,3999.960000,-0.052539,3.574439,0,1,0,2,0.000000,0.750001,0.750001,0.000000,0.974555,0.224147,0.000000,0.974555,0.224148,9.560122,-3.599998,0.000004,1,0,16.060800,0.000000
0.100000,3999.960000,-0.088554,3.731026,0,1,0,2,0.000000,0.750001,0.750001,0.000000,0.974555,0.224148,0.000000,0.974555,0.224148,9.560254,-3.601503,0.000000,1,0,16.067510,0.000000
0.110000,3999.960000,-0.124584,3.887678,0,1,0,2,0.000000,0.750001,0.750001,0.000000,0.974555,0.224148,0.000000,0.974555,0.224148,9.560313,-3.603005,-0.000002,1,0,16.074200,0.000000
0.120000,3999.960000,-0.160629,4.044395,0,1,0,2,0.000000,0.750001,0.750001,0.000000,0.974555,0.224148,0.000000,0.974555,0.224148,9.560373,-3.604505,-0.000004,1,0,16.080890,0.000000
0.130000,3999.960000,-0.196689,4.201177,0,1,0,2,0.000000,0.750000,0.750000,0.000000,0.974556,0.224146,0.000000,0.974555,0.224148,9.560589,-3.606001,-0.000007,1,0,16.087560,0.000000
0.140000,3999.960000,-0.232764,4.358024,0,1,0,2,0.000000,0.750000,0.750000,0.000000,0.974555,0.224148,0.000000,0.974555,0.224148,9.560456,-3.607494,-0.000005,1,0,16.094230,0.000000
0.150000,3999.960000,-0.268854,4.514936,0,1,0,2,0.000000,0.750000,0.750000,0.000000,0.974556,0.224146,0.000000,0.974555,0.224148,9.560638,-3.608985,-0.000008,1,0,16.100890,0.000000
0.160000,3999.960000,-0.304959,4.671913,0,1,0,2,0.000000,0.750000,0.750000,0.000000,0.974556,0.224146,0.000000,0.974555,0.224148,9.560669,-3.610472,-0.000008,1,0,16.107530,0.000000
0.170000,3999.960000,-0.341078,4.828954,0,1,0,2,0.000000,0.750000,0.750000,0.000000,0.974556,0.224146,0.000000,0.974555,0.224147,9.560661,-3.611957,-0.000008,1,0,16.114170,0.000000
0.180000,3999.960000,-0.377213,4.986060,0,1,0,2,0.000000,0.749999,0.749999,0.000000,0.974556,0.224146,0.000000,0.974555,0.224147,9.560676,-3.613440,-0.000007,1,0,16.120800,0.000000
0.190000,3999.960000,-0.413362,5.143231,0,1,0,2,0.000000,0.750000,0.750000,0.000000,0.974556,0.224146,0.000000,0.974555,0.224147,9.560634,-3.614920,-0.000006,1,0,16.127410,0.000000
0.200000,3999.960000,-0.449526,5.300466,0,1,0,2,0.000000,0.750000,0.750000,0.000000,0.974556,0.224146,0.000000,0.974555,0.224147,9.560585,-3.616399,-0.000005,1,0,16.134020,0.000000
0.210000,3999.960000,-0.485705,5.457765,0,1,0,2,0.000000,0.750000,0.750000,0.000000,0.974556,0.224146,0.000000,0.974555,0.224147,9.560577,-3.617876,-0.000005,1,0,16.140620,0.000000
0.220000,3999.960000,-0.521898,5.615129,0,1,0,2,0.000000,0.750000,0.750000,0.000000,0.974556,0.224146,0.000000,0.974555,0.224147,9.560575,-3.619350,-0.000006,1,0,16.147210,0.000000
0.230000,3999.960000,-0.558106,5.772556,0,1,0,2,0.000000,0.750000,0.750000,0.000000,0.974556,0.224146,0.000000,0.974555,0.224147,9.560535,-3.620823,-0.000005,1,0,16.153780,0.000000
0.240000,3999.960000,-0.594329,5.930048,0,1,0,2,0.000000,0.750000,0.750000,0.000000,0.974556,0.224146,0.000000,0.974555,0.224147,9.560499,-3.622294,-0.000005,1,0,16.160350,0.000000
0.250000,3999.960000,-0.630567,6.087604,0,1,0,2,0.000000,0.750001,0.750001,0.000000,0.974556,0.224146,0.000000,0.974555,0.224147,9.560448,-3.623763,-0.000006,1,0,16.166910,0.000000
0.260000,3999.960000,-0.666819,6.245223,0,1,0,2,0.000000,0.750000,0.750000,0.000000,0.974556,0.224146,0.000000,0.974555,0.224146,9.560479,-3.625230,-0.000007,1,0,16.173460,0.000000
0.270000,3999.960000,-0.703086,6.402906,0,1,0,2,0.000000,0.750001,0.750001,0.000000,0.974556,0.224145,0.000000,0.974555,0.224146,9.560448,-3.626695,-0.000007,1,0,16.180000,0.000000
0.280000,3999.960000,-0.739368,6.560653,0,1,0,2,0.000000,0.750001,0.750001,0.000000,0.974556,0.224146,0.000000,0.974556,0.224146,9.560427,-3.628158,-0.000008,1,0,16.186530,0.000000
0.290000,3999.960000,-0.775664,6.718463,0,1,0,2,0.000000,0.750001,0.750001,0.000000,0.974556,0.224146,0.000000,0.974556,0.224146,9.560432,-3.629618,-0.000009,1,0,16.193050,0.000000
0.300000,3999.960000,-0.811975,6.876337,0,1,0,2,0.000000,0.750001,0.750001,0.000000,0.974556,0.224146,0.000000,0.974556,0.224146,9.560418,-3.631077,-0.000009,1,0,16.199550,0.000000
0.310000,3999.960000,-0.848300,7.034274,0,1,0,2,0.000000,0.750001,0.750001,0.000000,0.974556,0.224145,0.000000,0.974556,0.224146,9.560397,-3.632534,-0.000010,1,0,16.206050,0.000000
0.320000,3999.960000,-0.884640,7.192274,0,1,0,2,0.000000,0.750002,0.750002,0.000000,0.974556,0.224146,0.000000,0.974556,0.224146,9.560386,-3.633988,-0.000011,1,0,16.212550,0.000000
0.330000,3999.960000,-0.920994,7.350338,0,1,0,2,0.000000,0.750001,0.750001,0.000000,0.974556,0.224146,0.000000,0.974556,0.224146,9.560417,-3.635441,-0.000010,1,0,16.219030,0.000000
0.340000,3999.960000,-0.957363,7.508464,0,1,0,2,0.000000,0.750002,0.750002,0.000000,0.974556,0.224146,0.000000,0.974556,0.224146,9.560348,-3.636891,-0.000010,1,0,16.225500,0.000000
0.350000,3999.960000,-0.993747,7.666653,0,1,0,2,0.000000,0.750002,0.750002,0.000000,0.974556,0.224146,0.000000,0.974556,0.224146,9.560312,-3.638340,-0.000011,1,0,16.231960,0.000000
0.360000,3999.960000,-1.030145,7.824905,0,1,0,2,0.000000,0.750002,0.750002,0.000000,0.974556,0.224146,0.000000,0.974556,0.224146,9.560307,-3.639786,-0.000012,1,0,16.238410,0.000000
0.370000,3999.960000,-1.066557,7.983221,0,1,0,2,0.000000,0.750002,0.750002,0.000000,0.974556,0.224146,0.000000,0.974556,0.224146,9.560297,-3.641231,-0.000013,1,0,16.244850,0.000000
0.380000,3999.960000,-1.102984,8.141599,0,1,0,2,0.000000,0.750002,0.750002,0.000000,0.974556,0.224146,0.000000,0.974556,0.224146,9.560315,-3.642674,-0.000015,1,0,16.251290,0.000000
0.390000,3999.960000,-1.139425,8.300039,0,1,0,2,0.000000,0.750003,0.750003,0.000000,0.974556,0.224146,0.000000,0.974556,0.224146,9.560328,-3.644114,-0.000016,1,0,16.257710,0.000000
0.400000,3999.960000,-1.175880,8.458542,0,1,0,2,0.000000,0.750003,0.750003,0.000000,0.974556,0.224146,0.000000,0.974556,0.224146,9.560295,-3.645552,-0.000017,1,0,16.264120,0.000000
0.410000,3999.960000,-1.212350,8.617107,0,1,0,2,0.000000,0.750003,0.750003,0.000000,0.974556,0.224146,0.000000,0.974556,0.224146,9.560285,-3.646989,-0.000018,1,0,16.270530,0.000000
0.420000,3999.960000,-1.248834,8.775735,0,1,0,2,0.000000,0.750003,0.750003,0.000000,0.974556,0.224146,0.000000,0.974556,0.224146,9.560338,-3.648423,-0.000018,1,0,16.276920,0.000000
0.430000,3999.960000,-1.285333,8.934424,0,1,0,2,0.000000,0.750003,0.750003,0.000000,0.974556,0.224146,0.000000,0.974556,0.224146,9.560325,-3.649854,-0.000020,1,0,16.283300,0.000000
0.440000,3999.960000,-1.321846,9.093176,0,1,0,2,0.000000,0.750003,0.750003,0.000000,0.974556,0.224146,0.000000,0.974556,0.224146,9.560354,-3.651284,-0.000021,1,0,16.289680,0.000000
0.450000,3999.960000,-1.358373,9.251990,0,1,0,2,0.000000,0.750003,0.750003,0.000000,0.974556,0.224145,0.000000,0.974556,0.224146,9.560365,-3.652711,-0.000022,1,0,16.296050,0.000000
0.460000,3999.960000,-1.394914,9.410866,0,1,0,2,0.000000,0.750003,0.750003,0.000000,0.974556,0.224146,0.000000,0.974556,0.224146,9.560394,-3.654136,-0.000022,1,0,16.302400,0.000000
0.470000,3999.960000,-1.431470,9.569803,0,1,0,2,0.000000,0.750003,0.750003,0.000000,0.974556,0.224145,0.000000,0.974556,0.224146,9.560358,-3.655558,-0.000023,1,0,16.308750,0.000000
0.480000,3999.960000,-1.468040,9.728803,0,1,0,2,0.000000,0.750003,0.750003,0.000000,0.974556,0.224145,0.000000,0.974556,0.224146,9.560377,-3.656979,-0.000023,1,0,16.315080,0.000000
0.490000,3999.960000,-1.504624,9.887864,0,1,0,2,0.000000,0.750003,0.750003,0.000000,0.974556,0.224146,0.000000,0.974556,0.224146,9.560406,-3.658397,-0.000023,1,0,16.321410,0.000000
0.500000,3999.960000,-1.541222,10.046990,0,1,0,2,0.000000,0.750004,0.750004,0.000000,0.974556,0.224145,0.000000,0.974556,0.224146,9.560345,-3.659813,-0.000024,1,0,16.327730,0.000000
0.510000,3999.960000,-1.577834,10.206170,0,1,0,2,0.000000,0.750004,0.750004,0.000000,0.974556,0.224145,0.000000,0.974556,0.224146,9.560319,-3.661227,-0.000025,1,0,16.334040,0.000000
0.520000,3999.960000,-1.614460,10.365420,0,1,0,2,0.000000,0.750004,0.750004,0.000000,0.974556,0.224146,0.000000,0.974556,0.224146,9.560385,-3.662640,-0.000025,1,0,16.340340,0.000000
0.530000,3999.960000,-1.651101,10.524720,0,1,0,2,0.000000,0.750003,0.750003,0.000000,0.974556,0.224146,0.000000,0.974556,0.224146,9.560408,-3.664050,-0.000025,1,0,16.346630,0.000000
0.540000,3999.960000,-1.687756,10.684090,0,1,0,2,0.000000,0.750004,0.750004,0.000000,0.974556,0.224145,0.000000,0.974556,0.224146,9.560298,-3.665457,-0.000025,1,0,16.352910,0.000000
0.550000,3999.960000,-1.724424,10.843520,0,1,0,2,0.000000,0.750004,0.750004,0.000000,0.974556,0.224145,0.000000,0.974556,0.224146,9.560309,-3.666864,-0.000027,1,0,16.359180,0.000000
0.560000,3999.960000,-1.761107,11.003010,0,1,0,2,0.000000,0.750004,0.750004,0.000000,0.974556,0.224146,0.000000,0.974556,0.224146,9.560346,-3.668268,-0.000027,1,0,16.365440,0.000000
0.570000,3999.960000,-1.797804,11.162560,0,1,0,2,0.000000,0.750004,0.750004,0.000000,0.974556,0.224145,0.000000,0.974556,0.224146,9.560290,-3.669669,-0.000028,1,0,16.371690,0.000000
0.580000,3999.960000,-1.834514,11.322180,0,1,0,2,0.000000,0.750004,0.750004,0.000000,0.974556,0.224145,0.000000,0.974556,0.224146,9.560349,-3.671070,-0.000029,1,0,16.377930,0.000000
0.590000,3999.960000,-1.871239,11.481850,0,1,0,2,0.000000,0.750004,0.750004,0.000000,0.974556,0.224145,0.000000,0.974556,0.224146,9.560349,-3.672467,-0.000030,1,0,16.384170,0.000000
0.600000,3999.960000,-1.907978,11.641580,0,1,0,2,0.000000,0.750005,0.750005,0.000000,0.974556,0.224145,0.000000,0.974556,0.224146,9.560350,-3.673862,-0.000031,1,0,16.390390,0.000000
0.610000,3999.960000,-1.944730,11.801380,0,1,0,2,0.000000,0.750005,0.750005,0.000000,0.974556,0.224146,0.000000,0.974556,0.224146,9.560329,-3.675256,-0.000031,1,0,16.396600,0.000000
0.620000,3999.960000,-1.981497,11.961230,0,1,0,2,0.000000,0.750005,0.750005,0.000000,0.974556,0.224146,0.000000,0.974556,0.224146,9.560337,-3.676647,-0.000031,1,0,16.402810,0.000000
0.630000,3999.960000,-2.018277,12.121150,0,1,0,2,0.000000,0.750005,0.750005,0.000000,0.974556,0.224145,0.000000,0.974556,0.224146,9.560348,-3.678036,-0.000033,1,0,16.409000,0.000000
0.640000,3999.960000,-2.055071,12.281120,0,1,0,2,0.000000,0.750005,0.750005,0.000000,0.974556,0.224146,0.000000,0.974556,0.224146,9.560350,-3.679423,-0.000032,1,0,16.415190,0.000000
0.650000,3999.960000,-2.091879,12.441160,0,1,0,2,0.000000,0.750005,0.750005,0.000000,0.974556,0.224146,0.000000,0.974556,0.224146,9.560344,-3.680808,-0.000032,1,0,16.421370,0.000000
0.660000,3999.960000,-2.128701,12.601250,0,1,0,2,0.000000,0.750005,0.750005,0.000000,0.974556,0.224145,0.000000,0.974556,0.224146,9.560310,-3.682191,-0.000033,1,0,16.427540,0.000000
0.670000,3999.960000,-2.165537,12.761410,0,1,0,2,0.000000,0.755146,0.755146,0.000000,0.981765,0.190099,0.000000,0.975223,0.221225,9.872128,-3.683572,-0.049261,1,0,16.433690,0.000000
0.680000,3999.960000,-2.202355,12.921630,0,1,0,2,0.000000,0.750036,0.750036,0.000000,0.974556,0.224145,0.000000,0.975165,0.221477,10.608210,-3.681857,-0.041934,1,0,16.439550,0.000000
0.690000,3999.960000,-2.239085,13.081930,0,1,0,2,0.000000,0.750172,0.750172,0.000000,0.974556,0.224145,0.000000,0.975113,0.221706,10.225120,-3.672968,-0.027609,1,0,16.445400,0.000000
0.700000,3999.960000,-2.275763,13.242300,0,1,0,2,0.000000,0.750374,0.750374,0.000000,0.974556,0.224146,0.000000,0.975065,0.221916,9.934400,-3.667826,-0.017452,1,0,16.451280,0.000000
0.710000,3999.960000,-2.312418,13.402730,0,1,0,2,0.000000,0.750613,0.750613,0.000000,0.974556,0.224146,0.000000,0.975021,0.222108,9.717360,-3.665525,-0.010509,1,0,16.457180,0.000000
0.720000,3999.960000,-2.349072,13.563230,0,1,0,2,0.000000,0.750868,0.750868,0.000000,0.974556,0.224145,0.000000,0.974981,0.222284,9.558797,-3.665345,-0.006017,1,0,16.463100,0.000000
0.730000,3999.960000,-2.385739,13.723790,0,1,0,2,0.000000,0.751122,0.751122,0.000000,0.974556,0.224145,0.000000,0.974944,0.222444,9.446323,-3.666713,-0.003363,1,0,16.469020,0.000000
0.740000,3999.960000,-2.422431,13.884400,0,1,0,2,0.000000,0.751364,0.751364,0.000000,0.974556,0.224146,0.000000,0.974911,0.222590,9.369884,-3.669179,-0.002064,1,0,16.474950,0.000000
0.750000,3999.960000,-2.459155,14.045070,0,1,0,2,0.000000,0.751588,0.751588,0.000000,0.974556,0.224145,0.000000,0.974880,0.222724,9.321231,-3.672390,-0.001740,1,0,16.480880,0.000000
0.760000,3999.960000,-2.495916,14.205790,0,1,0,2,0.000000,0.751787,0.751787,0.000000,0.974556,0.224145,0.000000,0.974853,0.222846,9.293966,-3.676074,-0.002094,1,0,16.486820,0.000000
0.770000,3999.960000,-2.532716,14.366560,0,1,0,2,0.000000,0.751959,0.751959,0.000000,0.974556,0.224146,0.000000,0.974827,0.222958,9.282738,-3.680022,-0.002893,1,0,16.492760,0.000000
0.780000,3999.960000,-2.569556,14.527380,0,1,0,2,0.000000,0.752104,0.752104,0.000000,0.974556,0.224145,0.000000,0.974804,0.223060,9.283285,-3.684078,-0.003966,1,0,16.498700,0.000000
0.790000,3999.960000,-2.606438,14.688250,0,1,0,2,0.000000,0.752221,0.752221,0.000000,0.974556,0.224145,0.000000,0.974782,0.223154,9.292377,-3.688126,-0.005178,1,0,16.504650,0.000000
0.800000,3999.960000,-2.643358,14.849170,0,1,0,2,0.000000,0.752310,0.752310,0.000000,0.974556,0.224145,0.000000,0.974763,0.223239,9.307381,-3.692083,-0.006431,1,0,16.510600,0.000000
0.810000,3999.960000,-2.680317,15.010150,0,1,0,2,0.000000,0.752374,0.752374,0.000000,0.974556,0.224146,0.000000,0.974745,0.223317,9.326299,-3.695891,-0.007654,1,0,16.516540,0.000000
0.820000,3999.960000,-2.717313,15.171180,0,1,0,2,0.000000,0.752415,0.752415,0.000000,0.974556,0.224145,0.000000,0.974729,0.223388,9.347412,-3.699512,-0.008801,1,0,16.522480,0.000000
0.830000,3999.960000,-2.754342,15.332260,0,1,0,2,0.000000,0.752434,0.752434,0.000000,0.974556,0.224145,0.000000,0.974714,0.223454,9.369699,-3.702926,-0.009836,1,0,16.528430,0.000000
0.840000,3999.960000,-2.791403,15.493400,0,1,0,2,0.000000,0.752435,0.752435,0.000000,0.974556,0.224145,0.000000,0.974700,0.223513,9.392117,-3.706119,-0.010742,1,0,16.534360,0.000000
0.850000,3999.960000,-2.828494,15.654590,0,1,0,2,0.000000,0.752418,0.752418,0.000000,0.974556,0.224145,0.000000,0.974688,0.223568,9.414209,-3.709092,-0.011508,1,0,16.540300,0.000000
0.860000,3999.960000,-2.865613,15.815840,0,1,0,2,0.000000,0.752386,0.752386,0.000000,0.974556,0.224146,0.000000,0.974677,0.223617,9.435311,-3.711847,-0.012130,1,0,16.546230,0.000000
0.870000,3999.960000,-2.902756,15.977140,0,1,0,2,0.000000,0.752343,0.752343,0.000000,0.974556,0.224145,0.000000,0.974666,0.223663,9.455073,-3.714394,-0.012611,1,0,16.552160,0.000000
0.880000,3999.960000,-2.939924,16.138490,0,1,0,2,0.000000,0.752288,0.752288,0.000000,0.974556,0.224146,0.000000,0.974657,0.223704,9.473549,-3.716746,-0.012959,1,0,16.558080,0.000000
0.890000,3999.960000,-2.977113,16.299900,0,1,0,2,0.000000,0.752225,0.752225,0.000000,0.974556,0.224146,0.000000,0.974648,0.223742,9.490366,-3.718916,-0.013182,1,0,16.564000,0.000000
0.900000,3999.960000,-3.014323,16.461370,0,1,0,2,0.000000,0.752155,0.752155,0.000000,0.974556,0.224145,0.000000,0.974640,0.223777,9.505605,-3.720921,-0.013292,1,0,16.569920,0.000000
0.910000,3999.960000,-3.051550,16.622890,0,1,0,2,0.000000,0.752080,0.752080,0.000000,0.974556,0.224146,0.000000,0.974633,0.223809,9.519281,-3.722775,-0.013299,1,0,16.575820,0.000000
0.920000,3999.960000,-3.088795,16.784480,0,1,0,2,0.000000,0.752000,0.752000,0.000000,0.974556,0.224145,0.000000,0.974626,0.223838,9.531372,-3.724493,-0.013214,1,0,16.581720,0.000000
0.930000,3999.960000,-3.126056,16.946110,0,1,0,2,0.000000,0.751918,0.751918,0.000000,0.974556,0.224146,0.000000,0.974620,0.223864,9.542058,-3.726092,-0.013050,1,0,16.587620,0.000000
0.940000,3999.960000,-3.163332,17.107810,0,1,0,2,0.000000,0.751834,0.751834,0.000000,0.974556,0.224146,0.000000,0.974615,0.223888,9.551340,-3.727586,-0.012817,1,0,16.593510,0.000000
0.950000,3999.960000,-3.200622,17.269560,0,1,0,2,0.000000,0.771752,0.771752,0.000000,0.958219,0.286035,0.000000,0.973361,0.229277,3.659822,-3.728987,0.078939,1,0,16.599390,0.000000
0.960000,3999.960000,-3.238500,17.431230,0,1,0,2,0.000000,0.751074,0.751074,0.000000,0.974556,0.224146,0.000000,0.973465,0.228837,9.044514,-3.787833,0.012474,1,0,16.605610,0.000000
0.970000,3999.960000,-3.276442,17.592960,0,1,0,2,0.000000,0.750348,0.750348,0.000000,0.974556,0.224146,0.000000,0.973559,0.228434,9.474510,-3.794212,0.000537,1,0,16.611960,0.000000
0.980000,3999.960000,-3.314406,17.754750,0,1,0,2,0.000000,0.795359,0.795359,0.000000,0.988369,0.152075,0.000000,0.975067,0.221910,4.188305,-3.796393,-0.111502,1,0,16.618260,0.000000
0.990000,3999.960000,-3.352906,17.916480,0,1,0,2,0.000000,0.748345,0.748345,0.000000,0.974556,0.224146,0.000000,0.975023,0.222102,13.910520,-3.849994,-0.161905,1,0,16.624350,0.000000
1.000000,3999.960000,-3.390994,18.078350,0,1,0,2,0.000000,0.747511,0.747511,0.000000,0.974556,0.224145,0.000000,0.974983,0.222278,12.895710,-3.808760,-0.115327,1,0,16.629650,0.000000
1.010000,3999.960000,-3.428768,18.240360,0,1,0,2,0.000000,0.747011,0.747011,0.000000,0.974556,0.224146,0.000000,0.974946,0.222439,12.081930,-3.777456,-0.079184,1,0,16.635120,0.000000
1.020000,3999.960000,-3.466309,18.402480,0,1,0,2,0.000000,0.746763,0.746763,0.000000,0.974556,0.224144,0.000000,0.974912,0.222586,11.432520,-3.754114,-0.051441,1,0,16.640690,0.000000
1.030000,3999.960000,-3.503680,18.564690,0,1,0,2,0.000000,0.746703,0.746703,0.000000,0.974556,0.224146,0.000000,0.974882,0.222720,10.917660,-3.737123,-0.030422,1,0,16.646320,0.000000
1.040000,3999.960000,-3.540932,18.726990,0,1,0,2,0.000000,0.746778,0.746778,0.000000,0.974556,0.224146,0.000000,0.974854,0.222843,10.512300,-3.725166,-0.014762,1,0,16.651990,0.000000
1.050000,3999.960000,-3.578104,18.889370,0,1,0,2,0.000000,0.746949,0.746949,0.000000,0.974556,0.224146,0.000000,0.974828,0.222955,10.195930,-3.717172,-0.003344,1,0,16.657670,0.000000
1.060000,3999.960000,-3.615227,19.051810,0,1,0,2,0.000000,0.747182,0.747182,0.000000,0.974556,0.224145,0.000000,0.974805,0.223057,9.951630,-3.712269,0.004738,1,0,16.663370,0.000000
1.070000,3999.960000,-3.652324,19.214320,0,1,0,2,0.000000,0.747455,0.747455,0.000000,0.974556,0.224144,0.000000,0.974783,0.223151,9.765112,-3.709752,0.010223,1,0,16.669060,0.000000
1.080000,3999.960000,-3.689415,19.376890,0,1,0,2,0.000000,0.747748,0.747748,0.000000,0.974556,0.224144,0.000000,0.974764,0.223236,9.625185,-3.709057,0.013702,1,0,16.674760,0.000000
1.090000,3999.960000,-3.726512,19.539520,0,1,0,2,0.000000,0.748047,0.748047,0.000000,0.974556,0.224144,0.000000,0.974746,0.223315,9.522326,-3.709726,0.015657,1,0,16.680450,0.000000
1.100000,3999.960000,-3.763626,19.702200,0,1,0,2,0.000000,0.748342,0.748342,0.000000,0.974556,0.224145,0.000000,0.974729,0.223386,9.448799,-3.711398,0.016469,1,0,16.686140,0.000000
1.110000,3999.960000,-3.800763,19.864930,0,1,0,2,0.000000,0.748626,0.748626,0.000000,0.974556,0.224146,0.000000,0.974714,0.223451,9.398170,-3.713786,0.016444,1,0,16.691830,0.000000
1.120000,3999.960000,-3.837930,20.027720,0,1,0,2,0.000000,0.748893,0.748893,0.000000,0.974556,0.224146,0.000000,0.974701,0.223511,9.365603,-3.716666,0.015817,1,0,16.697520,0.000000
1.130000,3999.960000,-3.875129,20.190560,0,1,0,2,0.000000,0.749141,0.749141,0.000000,0.974556,0.224146,0.000000,0.974688,0.223566,9.346839,-3.719861,0.014779,1,0,16.703200,0.000000
1.140000,3999.960000,-3.912361,20.353450,0,1,0,2,0.000000,0.749367,0.749367,0.000000,0.974556,0.224145,0.000000,0.974677,0.223616,9.338617,-3.723237,0.013473,1,0,16.708880,0.000000
1.150000,3999.960000,-3.949628,20.516380,0,1,0,2,0.000000,0.740757,0.740757,0.000000,0.961994,0.273070,0.000000,0.973685,0.227897,9.098402,-3.726690,0.084688,1,0,16.714560,0.000000
1.160000,3999.960000,-3.986953,20.679370,0,1,0,2,0.000000,0.749727,0.749727,0.000000,0.974556,0.224146,0.000000,0.973760,0.227574,7.737982,-3.732556,0.074547,1,0,16.720620,0.000000
1.170000,3999.960000,-4.024470,20.842370,0,1,0,2,0.000000,0.749703,0.749703,0.000000,0.974556,0.224146,0.000000,0.973828,0.227279,8.324872,-3.751658,0.051277,1,0,16.726600,0.000000
1.180000,3999.960000,-4.062120,21.005410,0,1,0,2,0.000000,0.749554,0.749554,0.000000,0.974556,0.224146,0.000000,0.973891,0.227009,8.776063,-3.765025,0.034321,1,0,16.732580,0.000000
1.190000,3999.960000,-4.099860,21.168480,0,1,0,2,0.000000,0.749328,0.749328,0.000000,0.974556,0.224146,0.000000,0.973948,0.226763,9.118417,-3.773982,0.022282,1,0,16.738540,0.000000
1.200000,3999.960000,-4.137656,21.331610,0,1,0,2,0.000000,0.749057,0.749057,0.000000,0.974556,0.224146,0.000000,0.974000,0.226538,9.373848,-3.779593,0.014033,1,0,16.744470,0.000000
1.210000,3999.960000,-4.175483,21.494790,0,1,0,2,0.000000,0.748769,0.748769,0.000000,0.974556,0.224144,0.000000,0.974048,0.226332,9.560319,-3.782706,0.008669,1,0,16.750380,0.000000
1.220000,3999.960000,-4.213323,21.658020,0,1,0,2,0.000000,0.748481,0.748481,0.000000,0.974556,0.224144,0.000000,0.974092,0.226143,9.692517,-3.783997,0.005472,1,0,16.756270,0.000000
1.230000,3999.960000,-4.251163,21.821310,0,1,0,2,0.000000,0.748205,0.748205,0.000000,0.974556,0.224145,0.000000,0.974132,0.225971,9.782477,-3.783993,0.003875,1,0,16.762120,0.000000
1.240000,3999.960000,-4.288994,21.984670,0,1,0,2,0.000000,0.747953,0.747953,0.000000,0.974556,0.224146,0.000000,0.974168,0.225814,9.839414,-3.783110,0.003429,1,0,16.767950,0.000000
1.250000,3999.960000,-4.326810,22.148090,0,1,0,2,0.000000,0.747729,0.747729,0.000000,0.974556,0.224146,0.000000,0.974202,0.225671,9.871243,-3.781668,0.003782,1,0,16.773750,0.000000
1.260000,3999.960000,-4.364610,22.311570,0,1,0,2,0.000000,0.747534,0.747534,0.000000,0.974555,0.224148,0.000000,0.974232,0.225540,9.884421,-3.779913,0.004664,1,0,16.779530,0.000000
1.270000,3999.960000,-4.402390,22.475120,0,1,0,2,0.000000,0.747374,0.747374,0.000000,0.974556,0.224146,0.000000,0.974260,0.225420,9.883459,-3.778028,0.005865,1,0,16.785290,0.000000
1.280000,3999.960000,-4.440152,22.638730,0,1,0,2,0.000000,0.747246,0.747246,0.000000,0.974556,0.224146,0.000000,0.974285,0.225310,9.872670,-3.776150,0.007230,1,0,16.791030,0.000000
1.290000,3999.960000,-4.477895,22.802400,0,1,0,2,0.000000,0.747149,0.747149,0.000000,0.974555,0.224147,0.000000,0.974309,0.225210,9.854972,-3.774376,0.008648,1,0,16.796750,0.000000
1.300000,3999.960000,-4.515623,22.966130,0,1,0,2,0.000000,0.747083,0.747083,0.000000,0.974556,0.224146,0.000000,0.974330,0.225118,9.832520,-3.772773,0.010032,1,0,16.802450,0.000000
1.310000,3999.960000,-4.553337,23.129930,0,1,0,2,0.000000,0.747042,0.747042,0.000000,0.974555,0.224147,0.000000,0.974349,0.225035,9.807800,-3.771386,0.011324,1,0,16.808130,0.000000
1.320000,3999.960000,-4.591040,23.293790,0,1,0,2,0.000000,0.747027,0.747027,0.000000,0.974556,0.224146,0.000000,0.974367,0.224958,9.781407,-3.770240,0.012489,1,0,16.813800,0.000000
1.330000,3999.960000,-4.628733,23.457700,0,1,0,2,0.000000,0.747034,0.747034,0.000000,0.974556,0.224146,0.000000,0.974383,0.224888,9.755120,-3.769348,0.013500,1,0,16.819450,0.000000
1.340000,3999.960000,-4.666420,23.621680,0,1,0,2,0.000000,0.747060,0.747060,0.000000,0.974556,0.224146,0.000000,0.974398,0.224825,9.729275,-3.768712,0.014350,1,0,16.825080,0.000000
1.350000,3999.960000,-4.704103,23.785710,0,1,0,2,0.000000,0.747103,0.747103,0.000000,0.974555,0.224147,0.000000,0.974412,0.224766,9.704532,-3.768325,0.015036,1,0,16.830700,0.000000
1.360000,3999.960000,-4.741785,23.949800,0,1,0,2,0.000000,0.747162,0.747162,0.000000,0.974556,0.224146,0.000000,0.974424,0.224713,9.680979,-3.768178,0.015557,1,0,16.836310,0.000000
1.370000,3999.960000,-4.779468,24.113950,0,1,0,2,0.000000,0.747232,0.747232,0.000000,0.974556,0.224146,0.000000,0.974435,0.224664,9.659415,-3.768258,0.015920,1,0,16.841900,0.000000
1.380000,3999.960000,-4.817153,24.278160,0,1,0,2,0.000000,0.747312,0.747312,0.000000,0.974556,0.224146,0.000000,0.974446,0.224619,9.639752,-3.768546,0.016138,1,0,16.847480,0.000000
1.390000,3999.960000,-4.854843,24.442420,0,1,0,2,0.000000,0.747398,0.747398,0.000000,0.974555,0.224147,0.000000,0.974455,0.224579,9.622031,-3.769024,0.016227,1,0,16.853040,0.000000
1.400000,3999.960000,-4.892540,24.606740,0,1,0,2,0.000000,0.747493,0.747493,0.000000,0.974556,0.224146,0.000000,0.974464,0.224542,9.605868,-3.769673,0.016196,1,0,16.858590,0.000000
1.410000,3999.960000,-4.930245,24.771110,0,1,0,2,0.000000,0.720959,0.720959,0.000000,0.936084,0.351777,0.000000,0.971830,0.235681,9.518917,-3.770477,0.209683,1,0,16.864130,0.000000
1.420000,3999.960000,-4.967968,24.935540,0,1,0,2,0.000000,0.747686,0.747686,0.000000,0.974555,0.224147,0.000000,0.972069,0.234690,5.148245,-3.772339,0.192174,1,0,16.870750,0.000000
1.430000,3999.960000,-5.006135,25.099940,0,1,0,2,0.000000,0.747339,0.747339,0.000000,0.974556,0.224146,0.000000,0.972288,0.233784,6.706711,-3.816665,0.132416,1,0,16.876820,0.000000
1.440000,3999.960000,-5.044593,25.264330,0,1,0,2,0.000000,0.746708,0.746708,0.000000,0.974556,0.224146,0.000000,0.972487,0.232956,7.892277,-3.845795,0.089615,1,0,16.883030,0.000000
1.450000,3999.960000,-5.083227,25.428750,0,1,0,2,0.000000,0.745911,0.745911,0.000000,0.974556,0.224146,0.000000,0.972668,0.232198,8.780179,-3.863361,0.059912,1,0,16.889280,0.000000
1.460000,3999.960000,-5.121949,25.593200,0,1,0,2,0.000000,0.745036,0.745036,0.000000,0.974556,0.224146,0.000000,0.972833,0.231506,9.431259,-3.872264,0.040230,1,0,16.895500,0.000000
1.470000,3999.960000,-5.160697,25.757720,0,1,0,2,0.000000,0.744149,0.744149,0.000000,0.974555,0.224147,0.000000,0.972983,0.230873,9.896010,-3.874813,0.028084,1,0,16.901660,0.000000
1.480000,3999.960000,-5.199426,25.922300,0,1,0,2,0.000000,0.743298,0.743298,0.000000,0.974556,0.224146,0.000000,0.973120,0.230295,10.214660,-3.872826,0.021523,1,0,16.907750,0.000000
1.490000,3999.960000,-5.238103,26.086960,0,1,0,2,0.000000,0.742512,0.742512,0.000000,0.974556,0.224146,0.000000,0.973245,0.229767,10.420320,-3.867726,0.019004,1,0,16.913790,0.000000
1.500000,3999.960000,-5.276709,26.251690,0,1,0,2,0.000000,0.741812,0.741812,0.000000,0.974556,0.224146,0.000000,0.973359,0.229283,10.539460,-3.860616,0.019319,1,0,16.919770,0.000000
1.510000,3999.960000,-5.315232,26.416510,0,1,0,2,0.000000,0.741212,0.741212,0.000000,0.974556,0.224146,0.000000,0.973463,0.228842,10.593170,-3.852342,0.021534,1,0,16.925690,0.000000
1.520000,3999.960000,-5.353668,26.581400,0,1,0,2,0.000000,0.740716,0.740716,0.000000,0.974556,0.224146,0.000000,0.973558,0.228438,10.598640,-3.843540,0.024926,1,0,16.931560,0.000000
1.530000,3999.960000,-5.392015,26.746380,0,1,0,2,0.000000,0.740323,0.740323,0.000000,0.974556,0.224146,0.000000,0.973644,0.228069,10.569130,-3.834682,0.028964,1,0,16.937390,0.000000
1.540000,3999.960000,-5.430275,26.911430,0,1,0,2,0.000000,0.740033,0.740033,0.000000,0.974556,0.224146,0.000000,0.973723,0.227731,10.515140,-3.826110,0.033246,1,0,16.943170,0.000000
1.550000,3999.960000,-5.468456,27.076560,0,1,0,2,0.000000,0.739838,0.739838,0.000000,0.974556,0.224146,0.000000,0.973794,0.227422,10.445110,-3.818061,0.037480,1,0,16.948910,0.000000
1.560000,3999.960000,-5.506563,27.241770,0,1,0,2,0.000000,0.739731,0.739731,0.000000,0.974555,0.224147,0.000000,0.973860,0.227140,10.365400,-3.810694,0.041465,1,0,16.954610,0.000000
1.570000,3999.960000,-5.544604,27.407050,0,1,0,2,0.000000,0.739706,0.739706,0.000000,0.974556,0.224146,0.000000,0.973920,0.226883,10.280530,-3.804102,0.045063,1,0,16.960280,0.000000
1.580000,3999.960000,-5.582588,27.572410,0,1,0,2,0.000000,0.739752,0.739752,0.000000,0.974556,0.224146,0.000000,0.973974,0.226647,10.194650,-3.798335,0.048189,1,0,16.965910,0.000000
1.590000,3999.960000,-5.620522,27.737830,0,1,0,2,0.000000,0.739862,0.739862,0.000000,0.974556,0.224146,0.000000,0.974024,0.226432,10.110040,-3.793403,0.050800,1,0,16.971510,0.000000
1.600000,3999.960000,-5.658414,27.903310,0,1,0,2,0.000000,0.740027,0.740027,0.000000,0.974556,0.224146,0.000000,0.974070,0.226235,10.028800,-3.789294,0.052879,1,0,16.977070,0.000000
1.610000,3999.960000,-5.696274,28.068870,0,1,0,2,0.000000,0.740239,0.740239,0.000000,0.974556,0.224146,0.000000,0.974112,0.226055,9.952205,-3.785974,0.054434,1,0,16.982600,0.000000
1.620000,3999.960000,-5.734108,28.234480,0,1,0,2,0.000000,0.740489,0.740489,0.000000,0.974556,0.224146,0.000000,0.974150,0.225891,9.881167,-3.783399,0.055486,1,0,16.988110,0.000000
1.630000,3999.960000,-5.771924,28.400160,0,1,0,2,0.000000,0.740772,0.740772,0.000000,0.974556,0.224146,0.000000,0.974185,0.225741,9.816056,-3.781513,0.056070,1,0,16.993590,0.000000
1.640000,3999.960000,-5.809726,28.565890,0,1,0,2,0.000000,0.741079,0.741079,0.000000,0.974555,0.224147,0.000000,0.974217,0.225604,9.757251,-3.780260,0.056225,1,0,16.999050,0.000000
1.650000,3999.960000,-5.847522,28.731680,0,1,0,2,0.000000,0.741407,0.741407,0.000000,0.974555,0.224147,0.000000,0.974246,0.225478,9.704312,-3.779576,0.055994,1,0,17.004480,0.000000
1.660000,3999.960000,-5.885316,28.897530,0,1,0,2,0.000000,0.741750,0.741750,0.000000,0.974556,0.224146,0.000000,0.974273,0.225364,9.657267,-3.779406,0.055416,1,0,17.009880,0.000000
1.670000,3999.960000,-5.923113,29.063430,0,1,0,2,0.000000,0.742101,0.742101,0.000000,0.974556,0.224146,0.000000,0.974297,0.225259,9.616217,-3.779691,0.054539,1,0,17.015270,0.000000
1.680000,3999.960000,-5.960917,29.229380,0,1,0,2,0.000000,0.742457,0.742457,0.000000,0.974556,0.224146,0.000000,0.974319,0.225163,9.580597,-3.780372,0.053406,1,0,17.020640,0.000000
1.690000,3999.960000,-5.998731,29.395390,0,1,0,2,0.000000,0.742816,0.742816,0.000000,0.974556,0.224146,0.000000,0.974339,0.225076,9.549983,-3.781398,0.052059,1,0,17.025980,0.000000
1.700000,3999.960000,-6.036558,29.561450,0,1,0,2,0.000000,0.743173,0.743173,0.000000,0.974556,0.224146,0.000000,0.974358,0.224996,9.523906,-3.782718,0.050536,1,0,17.031310,0.000000
1.710000,3999.960000,-6.074400,29.727560,0,1,0,2,0.000000,0.743526,0.743526,0.000000,0.974556,0.224146,0.000000,0.974375,0.224922,9.502102,-3.784289,0.048872,1,0,17.036620,0.000000
1.720000,3999.960000,-6.112261,29.893720,0,1,0,2,0.000000,0.743873,0.743873,0.000000,0.974556,0.224146,0.000000,0.974390,0.224856,9.484093,-3.786069,0.047099,1,0,17.041920,0.000000
1.730000,3999.960000,-6.150142,30.059930,0,1,0,2,0.000000,0.744213,0.744213,0.000000,0.974556,0.224146,0.000000,0.974405,0.224795,9.469487,-3.788021,0.045247,1,0,17.047200,0.000000
1.740000,3999.960000,-6.188043,30.226190,0,1,0,2,0.000000,0.744543,0.744543,0.000000,0.974556,0.224146,0.000000,0.974418,0.224739,9.457820,-3.790112,0.043339,1,0,17.052470,0.000000
1.750000,3999.960000,-6.225966,30.392500,0,1,0,2,0.000000,0.744862,0.744862,0.000000,0.974556,0.224146,0.000000,0.974430,0.224688,9.449042,-3.792312,0.041400,1,0,17.057720,0.000000
1.760000,3999.960000,-6.263912,30.558860,0,1,0,2,0.000000,0.745169,0.745169,0.000000,0.974555,0.224147,0.000000,0.974440,0.224641,9.442532,-3.794595,0.039451,1,0,17.062960,0.000000
1.770000,3999.960000,-6.301881,30.725260,0,1,0,2,0.000000,0.745466,0.745466,0.000000,0.974556,0.224146,0.000000,0.974450,0.224599,9.437854,-3.796937,0.037506,1,0,17.068190,0.000000
1.780000,3999.960000,-6.339875,30.891710,0,1,0,2,0.000000,0.745749,0.745749,0.000000,0.974555,0.224148,0.000000,0.974459,0.224560,9.435184,-3.799322,0.035581,1,0,17.073400,0.000000
1.790000,3999.960000,-6.377892,31.058210,0,1,0,2,0.000000,0.746020,0.746020,0.000000,0.974555,0.224147,0.000000,0.974468,0.224524,9.433722,-3.801729,0.033688,1,0,17.078610,0.000000
1.800000,3999.960000,-6.415934,31.224760,0,1,0,2,0.000000,0.746278,0.746278,0.000000,0.974556,0.224146,0.000000,0.974475,0.224492,9.433812,-3.804147,0.031832,1,0,17.083800,0.000000
1.810000,3999.960000,-6.453999,31.391360,0,1,0,2,0.000000,0.746523,0.746523,0.000000,0.974556,0.224146,0.000000,0.974482,0.224462,9.434919,-3.806560,0.030028,1,0,17.088980,0.000000
1.820000,3999.960000,-6.492089,31.558000,0,1,0,2,0.000000,0.746744,0.746744,0.000000,0.974552,0.224161,0.000000,0.974488,0.224436,9.438207,-3.808960,0.028302,1,0,17.094150,0.000000
1.830000,3999.960000,-6.530202,31.724690,0,1,0,2,0.000000,0.746964,0.746964,0.000000,0.974552,0.224161,0.000000,0.974494,0.224412,9.439964,-3.811324,0.026650,1,0,17.099300,0.000000
1.840000,3999.960000,-6.568338,31.891430,0,1,0,2,0.000000,0.747173,0.747173,0.000000,0.974552,0.224161,0.000000,0.974499,0.224391,9.442383,-3.813668,0.025051,1,0,17.104450,0.000000
1.850000,3999.960000,-6.606498,32.058220,0,1,0,2,0.000000,0.747369,0.747369,0.000000,0.974552,0.224160,0.000000,0.974503,0.224371,9.445815,-3.815985,0.023508,1,0,17.109590,0.000000
1.860000,3999.960000,-6.644681,32.225050,0,1,0,2,0.000000,0.747552,0.747552,0.000000,0.974552,0.224161,0.000000,0.974507,0.224353,9.449739,-3.818265,0.022032,1,0,17.114720,0.000000
1.870000,3999.960000,-6.682886,32.391930,0,1,0,2,0.000000,0.747726,0.747726,0.000000,0.974552,0.224160,0.000000,0.974511,0.224336,9.453776,-3.820505,0.020621,1,0,17.119830,0.000000
1.880000,3999.960000,-6.721113,32.558860,0,1,0,2,0.000000,0.747893,0.747893,0.000000,0.974549,0.224176,0.000000,0.974515,0.224323,9.456796,-3.822702,0.019301,1,0,17.124940,0.000000
1.890000,3999.960000,-6.759362,32.725830,0,1,0,2,0.000000,0.748045,0.748045,0.000000,0.974549,0.224175,0.000000,0.974518,0.224310,9.461107,-3.824866,0.018030,1,0,17.130040,0.000000
1.900000,3999.960000,-6.797632,32.892860,0,1,0,2,0.000000,0.748186,0.748186,0.000000,0.974549,0.224175,0.000000,0.974520,0.224298,9.465990,-3.826986,0.016823,1,0,17.135130,0.000000
1.910000,3999.960000,-6.835922,33.059930,0,1,0,2,0.000000,0.748320,0.748320,0.000000,0.974549,0.224175,0.000000,0.974523,0.224288,9.470507,-3.829056,0.015682,1,0,17.140220,0.000000
1.920000,3999.960000,-6.874233,33.227050,0,1,0,2,0.000000,0.748443,0.748443,0.000000,0.974549,0.224175,0.000000,0.974525,0.224278,9.475348,-3.831078,0.014602,1,0,17.145290,0.000000
1.930000,3999.960000,-6.912564,33.394210,0,1,0,2,0.000000,0.748556,0.748556,0.000000,0.974549,0.224175,0.000000,0.974527,0.224269,9.480351,-3.833051,0.013588,1,0,17.150350,0.000000
1.940000,3999.960000,-6.950913,33.561420,0,1,0,2,0.000000,0.748663,0.748663,0.000000,0.974549,0.224175,0.000000,0.974529,0.224261,9.484804,-3.834973,0.012636,1,0,17.155410,0.000000
1.950000,3999.960000,-6.989282,33.728680,0,1,0,2,0.000000,0.748762,0.748762,0.000000,0.974549,0.224175,0.000000,0.974531,0.224254,9.489516,-3.836848,0.011742,1,0,17.160450,0.000000
1.960000,3999.960000,-7.027669,33.895990,0,1,0,2,0.000000,0.748854,0.748854,0.000000,0.974549,0.224175,0.000000,0.974532,0.224247,9.493860,-3.838675,0.010907,1,0,17.165490,0.000000
1.970000,3999.960000,-7.066073,34.063350,0,1,0,2,0.000000,0.748938,0.748938,0.000000,0.974549,0.224175,0.000000,0.974534,0.224241,9.498246,-3.840458,0.010127,1,0,17.170520,0.000000
1.980000,3999.960000,-7.104496,34.230750,0,1,0,2,0.000000,0.749017,0.749017,0.000000,0.974549,0.224175,0.000000,0.974535,0.224235,9.502029,-3.842195,0.009401,1,0,17.175540,0.000000
1.990000,3999.960000,-7.142934,34.398200,0,1,0,2,0.000000,0.749089,0.749089,0.000000,0.974549,0.224175,0.000000,0.974536,0.224230,9.506086,-3.843893,0.008722,1,0,17.180560,0.000000
2.000000,3999.960000,-7.181390,34.565700,0,1,0,2,0.000000,0.749158,0.749158,0.000000,0.974549,0.224175,0.000000,0.974537,0.224225,9.509583,-3.845549,0.008090,1,0,17.185560,0.000000
2.010000,3999.960000,-7.219862,34.733250,0,1,0,2,0.000000,0.749220,0.749220,0.000000,0.974549,0.224175,0.000000,0.974538,0.224221,9.513164,-3.847169,0.007500,1,0,17.190550,0.000000
2.020000,3999.960000,-7.258349,34.900840,0,1,0,2,0.000000,0.749277,0.749277,0.000000,0.974549,0.224175,0.000000,0.974539,0.224217,9.516546,-3.848751,0.006955,1,0,17.195540,0.000000
2.030000,3999.960000,-7.296852,35.068480,0,1,0,2,0.000000,0.749329,0.749329,0.000000,0.974549,0.224175,0.000000,0.974540,0.224213,9.519773,-3.850299,0.006449,1,0,17.200520,0.000000
2.040000,3999.960000,-7.335370,35.236160,0,1,0,2,0.000000,0.749378,0.749378,0.000000,0.974549,0.224175,0.000000,0.974541,0.224210,9.522665,-3.851812,0.005981,1,0,17.205490,0.000000
2.050000,3999.960000,-7.373903,35.403900,0,1,0,2,0.000000,0.749423,0.749423,0.000000,0.974549,0.224175,0.000000,0.974542,0.224207,9.525372,-3.853296,0.005546,1,0,17.210450,0.000000
2.060000,3999.960000,-7.412450,35.571680,0,1,0,2,0.000000,0.749463,0.749463,0.000000,0.974549,0.224176,0.000000,0.974542,0.224204,9.528210,-3.854751,0.005147,1,0,17.215410,0.000000
2.070000,3999.960000,-7.451012,35.739510,0,1,0,2,0.000000,0.749504,0.749504,0.000000,0.974549,0.224176,0.000000,0.974543,0.224202,9.530125,-3.856176,0.004780,1,0,17.220350,0.000000
2.080000,3999.960000,-7.489588,35.907390,0,1,0,2,0.000000,0.749539,0.749539,0.000000,0.974549,0.224175,0.000000,0.974543,0.224200,9.532465,-3.857581,0.004433,1,0,17.225290,0.000000
2.090000,3999.960000,-7.528177,36.075320,0,1,0,2,0.000000,0.749571,0.749571,0.000000,0.974549,0.224175,0.000000,0.974544,0.224197,9.534607,-3.858960,0.004114,1,0,17.230220,0.000000
2.100000,3999.960000,-7.566781,36.243290,0,1,0,2,0.000000,0.749601,0.749601,0.000000,0.974549,0.224175,0.000000,0.974544,0.224195,9.536700,-3.860317,0.003819,1,0,17.235140,0.000000
2.110000,3999.960000,-7.605397,36.411310,0,1,0,2,0.000000,0.749628,0.749628,0.000000,0.974549,0.224175,0.000000,0.974545,0.224194,9.538528,-3.861652,0.003549,1,0,17.240060,0.000000
2.120000,3999.960000,-7.644027,36.579380,0,1,0,2,0.000000,0.749653,0.749653,0.000000,0.974549,0.224175,0.000000,0.974545,0.224192,9.540244,-3.862966,0.003300,1,0,17.244960,0.000000
2.130000,3999.960000,-7.682669,36.747490,0,1,0,2,0.000000,0.749676,0.749676,0.000000,0.974549,0.224175,0.000000,0.974545,0.224191,9.541800,-3.864262,0.003070,1,0,17.249860,0.000000
2.140000,3999.960000,-7.721324,36.915650,0,1,0,2,0.000000,0.749698,0.749698,0.000000,0.974549,0.224176,0.000000,0.974546,0.224189,9.543058,-3.865541,0.002862,1,0,17.254750,0.000000
2.150000,3999.960000,-7.759993,37.083860,0,1,0,2,0.000000,0.749718,0.749718,0.000000,0.974549,0.224175,0.000000,0.974546,0.224188,9.544515,-3.866806,0.002665,1,0,17.259630,0.000000
2.160000,3999.960000,-7.798673,37.252120,0,1,0,2,0.000000,0.749735,0.749735,0.000000,0.974549,0.224175,0.000000,0.974546,0.224187,9.545923,-3.868055,0.002484,1,0,17.264510,0.000000
2.170000,3999.960000,-7.837366,37.420420,0,1,0,2,0.000000,0.749751,0.749751,0.000000,0.974549,0.224175,0.000000,0.974546,0.224186,9.547103,-3.869288,0.002320,1,0,17.269380,0.000000
2.180000,3999.960000,-7.876071,37.588770,0,1,0,2,0.000000,0.749767,0.749767,0.000000,0.974549,0.224175,0.000000,0.974547,0.224185,9.548038,-3.870507,0.002169,1,0,17.274240,0.000000
2.190000,3999.960000,-7.914788,37.757170,0,1,0,2,0.000000,0.783655,0.783655,0.000000,0.985086,0.172062,0.000000,0.975563,0.219722,5.438609,-3.871716,-0.077048,1,0,17.279090,0.000000
2.200000,3999.960000,-7.953918,37.925520,0,1,0,2,0.000000,0.749383,0.749383,0.000000,0.974549,0.224175,0.000000,0.975476,0.220104,12.468770,-3.912931,-0.111529,1,0,17.283730,0.000000
2.210000,3999.960000,-7.992773,38.093980,0,1,0,2,0.000000,0.749275,0.749275,0.000000,0.974549,0.224175,0.000000,0.975397,0.220454,11.605050,-3.885539,-0.076234,1,0,17.288000,0.000000
2.220000,3999.960000,-8.031439,38.262520,0,1,0,2,0.000000,0.749380,0.749380,0.000000,0.974563,0.224114,0.000000,0.975325,0.220769,10.935060,-3.866601,-0.050223,1,0,17.292390,0.000000
2.230000,3999.960000,-8.069981,38.431140,0,1,0,2,0.000000,0.749607,0.749607,0.000000,0.974549,0.224175,0.000000,0.975258,0.221062,10.420930,-3.854219,-0.031313,1,0,17.296840,0.000000
2.240000,3999.960000,-8.108449,38.599820,0,1,0,2,0.000000,0.749927,0.749927,0.000000,0.974549,0.224176,0.000000,0.975197,0.221330,10.029740,-3.846867,-0.017996,1,0,17.301330,0.000000
2.250000,3999.960000,-8.146882,38.768560,0,1,0,2,0.000000,0.750293,0.750293,0.000000,0.974549,0.224175,0.000000,0.975141,0.221575,9.738574,-3.843339,-0.009006,1,0,17.305860,0.000000
2.260000,3999.960000,-8.185308,38.937340,0,1,0,2,0.000000,0.750678,0.750678,0.000000,0.974549,0.224175,0.000000,0.975090,0.221799,9.526226,-3.842658,-0.003303,1,0,17.310400,0.000000
2.270000,3999.960000,-8.223749,39.106170,0,1,0,2,0.000000,0.751057,0.751057,0.000000,0.974549,0.224175,0.000000,0.975044,0.222003,9.376524,-3.844052,-0.000064,1,0,17.314960,0.000000
2.280000,3999.960000,-8.262218,39.275040,0,1,0,2,0.000000,0.751418,0.751418,0.000000,0.974549,0.224175,0.000000,0.975001,0.222190,9.275378,-3.846906,0.001369,1,0,17.319540,0.000000
2.290000,3999.960000,-8.300726,39.443950,0,1,0,2,0.000000,0.751750,0.751750,0.000000,0.974549,0.224175,0.000000,0.974962,0.222361,9.211627,-3.850748,0.001508,1,0,17.324120,0.000000
2.300000,3999.960000,-8.339278,39.612890,0,1,0,2,0.000000,0.752048,0.752048,0.000000,0.974549,0.224175,0.000000,0.974927,0.222517,9.176615,-3.855210,0.000753,1,0,17.328710,0.000000
2.310000,3999.960000,-8.377878,39.781870,0,1,0,2,0.000000,0.752306,0.752306,0.000000,0.974549,0.224175,0.000000,0.974894,0.222660,9.163274,-3.860012,-0.000586,1,0,17.333310,0.000000
2.320000,3999.960000,-8.416528,39.950890,0,1,0,2,0.000000,0.752525,0.752525,0.000000,0.974549,0.224175,0.000000,0.974864,0.222790,9.165737,-3.864941,-0.002272,1,0,17.337920,0.000000
2.330000,3999.960000,-8.455226,40.119940,0,1,0,2,0.000000,0.752704,0.752704,0.000000,0.974549,0.224175,0.000000,0.974837,0.222909,9.179578,-3.869845,-0.004128,1,0,17.342540,0.000000
2.340000,3999.960000,-8.493972,40.289030,0,1,0,2,0.000000,0.752846,0.752846,0.000000,0.974549,0.224175,0.000000,0.974813,0.223018,9.201295,-3.874610,-0.006023,1,0,17.347160,0.000000
2.350000,3999.960000,-8.532763,40.458160,0,1,0,2,0.000000,0.752950,0.752950,0.000000,0.974549,0.224175,0.000000,0.974790,0.223118,9.228356,-3.879162,-0.007864,1,0,17.351780,0.000000
2.360000,3999.960000,-8.571598,40.627320,0,1,0,2,0.000000,0.753020,0.753020,0.000000,0.974549,0.224175,0.000000,0.974769,0.223209,9.258383,-3.883446,-0.009582,1,0,17.356400,0.000000
2.370000,3999.960000,-8.610473,40.796520,0,1,0,2,0.000000,0.753061,0.753061,0.000000,0.974549,0.224175,0.000000,0.974750,0.223292,9.289666,-3.887436,-0.011135,1,0,17.361030,0.000000
2.380000,3999.960000,-8.649384,40.965760,0,1,0,2,0.000000,0.753076,0.753076,0.000000,0.974549,0.224175,0.000000,0.974733,0.223368,9.321020,-3.891118,-0.012500,1,0,17.365660,0.000000
2.390000,3999.960000,-8.688329,41.135040,0,1,0,2,0.000000,0.753065,0.753065,0.000000,0.974549,0.224175,0.000000,0.974717,0.223437,9.351805,-3.894491,-0.013664,1,0,17.370290,0.000000
2.400000,3999.960000,-8.727304,41.304370,0,1,0,2,0.000000,0.753035,0.753035,0.000000,0.974549,0.224175,0.000000,0.974703,0.223501,9.381183,-3.897563,-0.014623,1,0,17.374910,0.000000
2.410000,3999.960000,-8.766308,41.473730,0,1,0,2,0.000000,0.752985,0.752985,0.000000,0.974549,0.224175,0.000000,0.974689,0.223559,9.408940,-3.900346,-0.015385,1,0,17.379540,0.000000
2.420000,3999.960000,-8.805336,41.643130,0,1,0,2,0.000000,0.752922,0.752922,0.000000,0.974549,0.224173,0.000000,0.974677,0.223612,9.434658,-3.902857,-0.015958,1,0,17.384160,0.000000
2.430000,3999.960000,-8.844387,41.812580,0,1,0,2,0.000000,0.752845,0.752845,0.000000,0.974549,0.224175,0.000000,0.974666,0.223660,9.458119,-3.905114,-0.016350,1,0,17.388790,0.000000
2.440000,3999.960000,-8.883458,41.982060,0,1,0,2,0.000000,0.752758,0.752758,0.000000,0.974549,0.224173,0.000000,0.974656,0.223704,9.479524,-3.907142,-0.016583,1,0,17.393400,0.000000
2.450000,3999.960000,-8.922547,42.151600,0,1,0,2,0.000000,0.752664,0.752664,0.000000,0.974549,0.224175,0.000000,0.974647,0.223745,9.498365,-3.908959,-0.016666,1,0,17.398020,0.000000
2.460000,3999.960000,-8.961654,42.321170,0,1,0,2,0.000000,0.752563,0.752563,0.000000,0.974549,0.224175,0.000000,0.974639,0.223782,9.515412,-3.910591,-0.016622,1,0,17.402630,0.000000
2.470000,3999.960000,-9.000774,42.490790,0,1,0,2,0.000000,0.752459,0.752459,0.000000,0.974550,0.224171,0.000000,0.974631,0.223815,9.530310,-3.912055,-0.016468,1,0,17.407240,0.000000
2.480000,3999.960000,-9.039908,42.660450,0,1,0,2,0.000000,0.752348,0.752348,0.000000,0.974549,0.224175,0.000000,0.974624,0.223846,9.543633,-3.913373,-0.016211,1,0,17.411840,0.000000
2.490000,3999.960000,-9.079054,42.830160,0,1,0,2,0.000000,0.752239,0.752239,0.000000,0.974549,0.224173,0.000000,0.974618,0.223874,9.554814,-3.914560,-0.015870,1,0,17.416440,0.000000
2.500000,3999.960000,-9.118210,42.999920,0,1,0,2,0.000000,0.752129,0.752129,0.000000,0.974549,0.224175,0.000000,0.974612,0.223900,9.564057,-3.915637,-0.015457,1,0,17.421040,0.000000
2.510000,3999.960000,-9.157376,43.169710,0,1,0,2,0.000000,0.752019,0.752019,0.000000,0.974549,0.224175,0.000000,0.974606,0.223924,9.572280,-3.916622,-0.014991,1,0,17.425620,0.000000
2.520000,3999.960000,-9.196551,43.339550,0,1,0,2,0.000000,0.751910,0.751910,0.000000,0.974549,0.224175,0.000000,0.974601,0.223945,9.579004,-3.917526,-0.014479,1,0,17.430210,0.000000
2.530000,3999.960000,-9.235735,43.509440,0,1,0,2,0.000000,0.751803,0.751803,0.000000,0.974549,0.224175,0.000000,0.974597,0.223965,9.584542,-3.918363,-0.013933,1,0,17.434790,0.000000
2.540000,3999.960000,-9.274926,43.679370,0,1,0,2,0.000000,0.751701,0.751701,0.000000,0.974550,0.224171,0.000000,0.974593,0.223983,9.588843,-3.919145,-0.013367,1,0,17.439360,0.000000
2.550000,3999.960000,-9.314125,43.849350,0,1,0,2,0.000000,0.751599,0.751599,0.000000,0.974549,0.224175,0.000000,0.974589,0.223999,9.592464,-3.919884,-0.012781,1,0,17.443930,0.000000
2.560000,3999.960000,-9.353331,44.019380,0,1,0,2,0.000000,0.751502,0.751502,0.000000,0.974549,0.224175,0.000000,0.974586,0.224014,9.594957,-3.920586,-0.012183,1,0,17.448490,0.000000
2.570000,3999.960000,-9.392543,44.189450,0,1,0,2,0.000000,0.751407,0.751407,0.000000,0.974549,0.224175,0.000000,0.974582,0.224028,9.597008,-3.921263,-0.011583,1,0,17.453050,0.000000
2.580000,3999.960000,-9.431762,44.359560,0,1,0,2,0.000000,0.751317,0.751317,0.000000,0.974550,0.224171,0.000000,0.974580,0.224041,9.598287,-3.921920,-0.010990,1,0,17.457600,0.000000
2.590000,3999.960000,-9.470987,44.529720,0,1,0,2,0.000000,0.751229,0.751229,0.000000,0.974549,0.224175,0.000000,0.974577,0.224052,9.599274,-3.922562,-0.010398,1,0,17.462140,0.000000
2.600000,3999.960000,-9.510220,44.699920,0,1,0,2,0.000000,0.751146,0.751146,0.000000,0.974549,0.224173,0.000000,0.974575,0.224062,9.599716,-3.923194,-0.009816,1,0,17.466680,0.000000
2.610000,3999.960000,-9.549458,44.870170,0,1,0,2,0.000000,0.751067,0.751067,0.000000,0.974549,0.224173,0.000000,0.974572,0.224072,9.599592,-3.923820,-0.009247,1,0,17.471210,0.000000
2.620000,3999.960000,-9.588702,45.040470,0,1,0,2,0.000000,0.750995,0.750995,0.000000,0.974549,0.224173,0.000000,0.974570,0.224081,9.598788,-3.924447,-0.008693,1,0,17.475740,0.000000
2.630000,3999.960000,-9.627953,45.210800,0,1,0,2,0.000000,0.750922,0.750922,0.000000,0.974549,0.224175,0.000000,0.974569,0.224089,9.598492,-3.925080,-0.008158,1,0,17.480260,0.000000
2.640000,3999.960000,-9.667210,45.381190,0,1,0,2,0.000000,0.750855,0.750855,0.000000,0.974549,0.224175,0.000000,0.974567,0.224096,9.597559,-3.925714,-0.007640,1,0,17.484770,0.000000
2.650000,3999.960000,-9.706473,45.551620,0,1,0,2,0.000000,0.750792,0.750792,0.000000,0.974549,0.224175,0.000000,0.974565,0.224103,9.596469,-3.926357,-0.007142,1,0,17.489280,0.000000
2.660000,3999.960000,-9.745744,45.722090,0,1,0,2,0.000000,0.750733,0.750733,0.000000,0.974550,0.224171,0.000000,0.974564,0.224109,9.595307,-3.927009,-0.006671,1,0,17.493770,0.000000
2.670000,3999.960000,-9.785021,45.892610,0,1,0,2,0.000000,0.750675,0.750675,0.000000,0.974549,0.224173,0.000000,0.974563,0.224114,9.594392,-3.927672,-0.006219,1,0,17.498270,0.000000
2.680000,3999.960000,-9.824305,46.063170,0,1,0,2,0.000000,0.750624,0.750624,0.000000,0.974550,0.224171,0.000000,0.974562,0.224119,9.592818,-3.928342,-0.005786,1,0,17.502750,0.000000
2.690000,3999.960000,-9.863595,46.233780,0,1,0,2,0.000000,0.750574,0.750574,0.000000,0.974550,0.224171,0.000000,0.974561,0.224124,9.591623,-3.929026,-0.005377,1,0,17.507230,0.000000
2.700000,3999.960000,-9.902892,46.404430,0,1,0,2,0.000000,0.750526,0.750526,0.000000,0.974549,0.224173,0.000000,0.974560,0.224128,9.590376,-3.929720,-0.004985,1,0,17.511710,0.000000
2.710000,3999.960000,-9.942196,46.575120,0,1,0,2,0.000000,0.750484,0.750484,0.000000,0.974549,0.224175,0.000000,0.974559,0.224132,9.588547,-3.930425,-0.004609,1,0,17.516180,0.000000
2.720000,3999.960000,-9.981507,46.745860,0,1,0,2,0.000000,0.750443,0.750443,0.000000,0.974549,0.224175,0.000000,0.974558,0.224136,9.587130,-3.931147,-0.004258,1,0,17.520630,0.000000
2.730000,3999.960000,-10.020830,46.916650,0,1,0,2,0.000000,0.750407,0.750407,0.000000,0.974549,0.224173,0.000000,0.974557,0.224139,9.585386,-3.931881,-0.003929,1,0,17.525090,0.000000
2.740000,3999.960000,-10.060150,47.087470,0,1,0,2,0.000000,0.750370,0.750370,0.000000,0.974549,0.224175,0.000000,0.974556,0.224142,9.584310,-3.932631,-0.003621,1,0,17.529530,0.000000
2.750000,3999.960000,-10.099490,47.258340,0,1,0,2,0.000000,0.750338,0.750338,0.000000,0.974550,0.224171,0.000000,0.974556,0.224144,9.582876,-3.933390,-0.003333,1,0,17.533970,0.000000
2.760000,3999.960000,-10.138830,47.429260,0,1,0,2,0.000000,0.750306,0.750306,0.000000,0.974549,0.224175,0.000000,0.974555,0.224147,9.581797,-3.934162,-0.003059,1,0,17.538400,0.000000
2.770000,3999.960000,-10.178180,47.600220,0,1,0,2,0.000000,0.750279,0.750279,0.000000,0.974550,0.224171,0.000000,0.974555,0.224149,9.580369,-3.934943,-0.002805,1,0,17.542830,0.000000
2.780000,3999.960000,-10.217540,47.771220,0,1,0,2,0.000000,0.750253,0.750253,0.000000,0.974550,0.224171,0.000000,0.974554,0.224151,9.579161,-3.935736,-0.002569,1,0,17.547250,0.000000
2.790000,3999.960000,-10.256900,47.942260,0,1,0,2,0.000000,0.750226,0.750226,0.000000,0.974549,0.224175,0.000000,0.974554,0.224153,9.578254,-3.936540,-0.002343,1,0,17.551660,0.000000
2.800000,3999.960000,-10.296280,48.113350,0,1,0,2,0.000000,0.750205,0.750205,0.000000,0.974549,0.224173,0.000000,0.974554,0.224155,9.576675,-3.937351,-0.002131,1,0,17.556060,0.000000
2.810000,3999.960000,-10.335660,48.284480,0,1,0,2,0.000000,0.750183,0.750183,0.000000,0.974549,0.224175,0.000000,0.974553,0.224156,9.575854,-3.938176,-0.001935,1,0,17.560460,0.000000
2.820000,3999.960000,-10.375050,48.455650,0,1,0,2,0.000000,0.750165,0.750165,0.000000,0.974549,0.224173,0.000000,0.974553,0.224158,9.574501,-3.939008,-0.001753,1,0,17.564850,0.000000
2.830000,3999.960000,-10.414440,48.626870,0,1,0,2,0.000000,0.750147,0.750147,0.000000,0.974550,0.224171,0.000000,0.974553,0.224159,9.573630,-3.939851,-0.001589,1,0,17.569230,0.000000
2.840000,3999.960000,-10.453850,48.798130,0,1,0,2,0.000000,0.750130,0.750130,0.000000,0.974549,0.224175,0.000000,0.974552,0.224160,9.572773,-3.940701,-0.001431,1,0,17.573610,0.000000
2.850000,3999.960000,-10.493270,48.969440,0,1,0,2,0.000000,0.750114,0.750114,0.000000,0.974549,0.224175,0.000000,0.974552,0.224162,9.571931,-3.941559,-0.001284,1,0,17.577980,0.000000
2.860000,3999.960000,-10.532690,49.140780,0,1,0,2,0.000000,0.750100,0.750100,0.000000,0.974549,0.224175,0.000000,0.974552,0.224163,9.571013,-3.942423,-0.001147,1,0,17.582340,0.000000
2.870000,3999.960000,-10.572120,49.312170,0,1,0,2,0.000000,0.750089,0.750089,0.000000,0.974550,0.224171,0.000000,0.974552,0.224163,9.570002,-3.943295,-0.001026,1,0,17.586700,0.000000
2.880000,3999.960000,-10.611570,49.483600,0,1,0,2,0.000000,0.750076,0.750076,0.000000,0.974549,0.224175,0.000000,0.974551,0.224164,9.569564,-3.944175,-0.000912,1,0,17.591050,0.000000
2.890000,3999.960000,-10.651020,49.655080,0,1,0,2,0.000000,0.750064,0.750064,0.000000,0.974549,0.224175,0.000000,0.974551,0.224165,9.568853,-3.945057,-0.000803,1,0,17.595390,0.000000
2.900000,3999.960000,-10.690480,49.826600,0,1,0,2,0.000000,0.750054,0.750054,0.000000,0.974549,0.224175,0.000000,0.974551,0.224166,9.568189,-3.945945,-0.000703,1,0,17.599720,0.000000
2.910000,3999.960000,-10.729940,49.998150,0,1,0,2,0.000000,0.750044,0.750044,0.000000,0.974549,0.224175,0.000000,0.974551,0.224167,9.567710,-3.946838,-0.000610,1,0,17.604050,0.000000
2.920000,3999.960000,-10.769420,50.169750,0,1,0,2,0.000000,0.750035,0.750035,0.000000,0.974549,0.224175,0.000000,0.974551,0.224168,9.567135,-3.947735,-0.000524,1,0,17.608370,0.000000
2.930000,3999.960000,-10.808910,50.341400,0,1,0,2,0.000000,0.750028,0.750028,0.000000,0.974550,0.224171,0.000000,0.974551,0.224168,9.566533,-3.948635,-0.000450,1,0,17.612690,0.000000
2.940000,3999.960000,-10.848400,50.513080,0,1,0,2,0.000000,0.750028,0.750028,0.000000,0.974563,0.224114,0.000000,0.974552,0.224163,9.567075,-3.949540,-0.000471,1,0,17.616990,0.000000
2.950000,3999.960000,-10.887910,50.684810,0,1,0,2,0.000000,0.750012,0.750012,0.000000,0.974549,0.224173,0.000000,0.974551,0.224164,9.567895,-3.950438,-0.000388,1,0,17.621290,0.000000
2.960000,3999.960000,-10.927420,50.856580,0,1,0,2,0.000000,0.750005,0.750005,0.000000,0.974549,0.224175,0.000000,0.974551,0.224165,9.566814,-3.951326,-0.000296,1,0,17.625590,0.000000
2.970000,3999.960000,-10.966940,51.028390,0,1,0,2,0.000000,0.750000,0.750000,0.000000,0.974549,0.224175,0.000000,0.974551,0.224166,9.565804,-3.952224,-0.000216,1,0,17.629870,0.000000
2.980000,3999.960000,-11.006470,51.200240,0,1,0,2,0.000000,0.749994,0.749994,0.000000,0.974549,0.224173,0.000000,0.974551,0.224166,9.565196,-3.953129,-0.000150,1,0,17.634150,0.000000
2.990000,3999.960000,-11.046010,51.372130,0,1,0,2,0.000000,0.749990,0.749990,0.000000,0.974549,0.224175,0.000000,0.974551,0.224167,9.564367,-3.954040,-0.000088,1,0,17.638420,0.000000
3.000000,3999.960000,-11.085560,51.544070,0,1,0,2,0.000000,0.749985,0.749985,0.000000,0.974549,0.224175,0.000000,0.974551,0.224168,9.563899,-3.954956,-0.000036,1,0,17.642690,0.000000
3.010000,3999.960000,-11.125120,51.716050,0,1,0,2,0.000000,0.749983,0.749983,0.000000,0.974550,0.224171,0.000000,0.974551,0.224168,9.563291,-3.955876,0.000005,1,0,17.646950,0.000000
3.020000,3999.960000,-11.164690,51.888070,0,1,0,2,0.000000,0.749979,0.749979,0.000000,0.974549,0.224175,0.000000,0.974551,0.224169,9.563046,-3.956800,0.000045,1,0,17.651200,0.000000
3.030000,3999.960000,-11.204270,52.060130,0,1,0,2,0.000000,0.749977,0.749977,0.000000,0.974549,0.224173,0.000000,0.974550,0.224169,9.562571,-3.957726,0.000079,1,0,17.655450,0.000000
3.040000,3999.960000,-11.243850,52.232230,0,1,0,2,0.000000,0.749974,0.749974,0.000000,0.974549,0.224175,0.000000,0.974550,0.224169,9.562337,-3.958654,0.000110,1,0,17.659680,0.000000
3.050000,3999.960000,-11.283450,52.404380,0,1,0,2,0.000000,0.749972,0.749972,0.000000,0.974549,0.224175,0.000000,0.974550,0.224170,9.561970,-3.959583,0.000138,1,0,17.663910,0.000000
3.060000,3999.960000,-11.323060,52.576560,0,1,0,2,0.000000,0.749970,0.749970,0.000000,0.974549,0.224173,0.000000,0.974550,0.224170,9.561732,-3.960514,0.000159,1,0,17.668140,0.000000
3.070000,3999.960000,-11.362670,52.748790,0,1,0,2,0.000000,0.749966,0.749966,0.000000,0.974549,0.224175,0.000000,0.974550,0.224171,9.561916,-3.961446,0.000180,1,0,17.672360,0.000000
3.080000,3999.960000,-11.402290,52.921050,0,1,0,2,0.000000,0.749964,0.749964,0.000000,0.974549,0.224175,0.000000,0.974550,0.224171,9.561872,-3.962375,0.000202,1,0,17.676570,0.000000
3.090000,3999.960000,-11.441930,53.093360,0,1,0,2,0.000000,0.749961,0.749961,0.000000,0.974549,0.224173,0.000000,0.974550,0.224171,9.561791,-3.963302,0.000220,1,0,17.680770,0.000000
3.100000,3999.960000,-11.481570,53.265710,0,1,0,2,0.000000,0.749961,0.749961,0.000000,0.974549,0.224173,0.000000,0.974550,0.224171,9.561359,-3.964229,0.000237,1,0,17.684970,0.000000
3.110000,3999.960000,-11.521220,53.438100,0,1,0,2,0.000000,0.749959,0.749959,0.000000,0.974550,0.224171,0.000000,0.974550,0.224171,9.561563,-3.965158,0.000247,1,0,17.689160,0.000000
3.120000,3999.960000,-11.560880,53.610530,0,1,0,2,0.000000,0.749957,0.749957,0.000000,0.974549,0.224175,0.000000,0.974550,0.224172,9.561553,-3.966084,0.000265,1,0,17.693340,0.000000
3.130000,3999.960000,-11.600550,53.783000,0,1,0,2,0.000000,0.749955,0.749955,0.000000,0.974549,0.224175,0.000000,0.974550,0.224172,9.561457,-3.967009,0.000282,1,0,17.697520,0.000000
3.140000,3999.960000,-11.640230,53.955520,0,1,0,2,0.000000,0.749953,0.749953,0.000000,0.974549,0.224175,0.000000,0.974550,0.224172,9.561406,-3.967933,0.000297,1,0,17.701690,0.000000
3.150000,3999.960000,-11.679920,54.128070,0,1,0,2,0.000000,0.749952,0.749952,0.000000,0.974549,0.224173,0.000000,0.974550,0.224172,9.561234,-3.968856,0.000309,1,0,17.705850,0.000000
3.160000,3999.960000,-11.719620,54.300660,0,1,0,2,0.000000,0.749951,0.749951,0.000000,0.974549,0.224175,0.000000,0.974550,0.224172,9.561037,-3.969779,0.000322,1,0,17.710010,0.000000
3.170000,3999.960000,-11.759320,54.473300,0,1,0,2,0.000000,0.749950,0.749950,0.000000,0.974549,0.224175,0.000000,0.974550,0.224173,9.561110,-3.970703,0.000332,1,0,17.714160,0.000000
3.180000,3999.960000,-11.799040,54.645970,0,1,0,2,0.000000,0.749950,0.749950,0.000000,0.974549,0.224175,0.000000,0.974550,0.224173,9.560832,-3.971624,0.000343,1,0,17.718300,0.000000
3.190000,3999.960000,-11.838770,54.818690,0,1,0,2,0.000000,0.749949,0.749949,0.000000,0.974549,0.224175,0.000000,0.974549,0.224173,9.560799,-3.972547,0.000351,1,0,17.722440,0.000000
3.200000,3999.960000,-11.878500,54.991440,0,1,0,2,0.000000,0.749947,0.749947,0.000000,0.974549,0.224173,0.000000,0.974549,0.224173,9.560985,-3.973468,0.000356,1,0,17.726570,0.000000
3.210000,3999.960000,-11.918240,55.164240,0,1,0,2,0.000000,0.749947,0.749947,0.000000,0.974549,0.224173,0.000000,0.974549,0.224173,9.560906,-3.974386,0.000362,1,0,17.730690,0.000000
3.220000,3999.960000,-11.958000,55.337070,0,1,0,2,0.000000,0.749946,0.749946,0.000000,0.974549,0.224175,0.000000,0.974549,0.224173,9.560758,-3.975304,0.000370,1,0,17.734810,0.000000
3.230000,3999.960000,-11.997760,55.509950,0,1,0,2,0.000000,0.749946,0.749946,0.000000,0.974550,0.224171,0.000000,0.974550,0.224173,9.560797,-3.976221,0.000371,1,0,17.738920,0.000000
3.240000,3999.960000,-12.037530,55.682870,0,1,0,2,0.000000,0.749944,0.749944,0.000000,0.974549,0.224175,0.000000,0.974549,0.224173,9.560879,-3.977136,0.000378,1,0,17.743020,0.000000
3.250000,3999.960000,-12.077310,55.855820,0,1,0,2,0.000000,0.749944,0.749944,0.000000,0.974549,0.224175,0.000000,0.974549,0.224173,9.560857,-3.978050,0.000386,1,0,17.747110,0.000000
3.260000,3999.960000,-12.117100,56.028820,0,1,0,2,0.000000,0.749944,0.749944,0.000000,0.974549,0.224175,0.000000,0.974549,0.224173,9.560671,-3.978961,0.000393,1,0,17.751200,0.000000
3.270000,3999.960000,-12.156900,56.201850,0,1,0,2,0.000000,0.749943,0.749943,0.000000,0.974549,0.224175,0.000000,0.974549,0.224173,9.560717,-3.979873,0.000398,1,0,17.755290,0.000000
3.280000,3999.960000,-12.196710,56.374920,0,1,0,2,0.000000,0.749941,0.749941,0.000000,0.974549,0.224173,0.000000,0.974549,0.224173,9.560938,-3.980784,0.000401,1,0,17.759360,0.000000
3.290000,3999.960000,-12.236520,56.548040,0,1,0,2,0.000000,0.749941,0.749941,0.000000,0.974549,0.224175,0.000000,0.974549,0.224173,9.560712,-3.981690,0.000409,1,0,17.763430,0.000000
3.300000,3999.960000,-12.276350,56.721190,0,1,0,2,0.000000,0.749941,0.749941,0.000000,0.974550,0.224171,0.000000,0.974550,0.224173,9.560782,-3.982598,0.000408,1,0,17.767490,0.000000
3.310000,3999.960000,-12.316180,56.894390,0,1,0,2,0.000000,0.749939,0.749939,0.000000,0.974549,0.224175,0.000000,0.974549,0.224173,9.560873,-3.983503,0.000415,1,0,17.771550,0.000000
3.320000,3999.960000,-12.356030,57.067620,0,1,0,2,0.000000,0.749938,0.749938,0.000000,0.974549,0.224175,0.000000,0.974549,0.224174,9.560864,-3.984405,0.000422,1,0,17.775600,0.000000
3.330000,3999.960000,-12.395880,57.240890,0,1,0,2,0.000000,0.749939,0.749939,0.000000,0.974550,0.224171,0.000000,0.974550,0.224173,9.560747,-3.985307,0.000424,1,0,17.779640,0.000000
3.340000,3999.960000,-12.435740,57.414200,0,1,0,2,0.000000,0.749940,0.749940,0.000000,0.974549,0.224173,0.000000,0.974549,0.224173,9.560525,-3.986208,0.000427,1,0,17.783680,0.000000
3.350000,3999.960000,-12.475620,57.587550,0,1,0,2,0.000000,0.749938,0.749938,0.000000,0.974549,0.224175,0.000000,0.974549,0.224173,9.560733,-3.987109,0.000431,1,0,17.787710,0.000000
3.360000,3999.960000,-12.515500,57.760940,0,1,0,2,0.000000,0.749939,0.749939,0.000000,0.974549,0.224173,0.000000,0.974549,0.224173,9.560442,-3.988008,0.000434,1,0,17.791730,0.000000
3.370000,3999.960000,-12.555380,57.934370,0,1,0,2,0.000000,0.749936,0.749936,0.000000,0.974549,0.224173,0.000000,0.974549,0.224173,9.560947,-3.988907,0.000434,1,0,17.795750,0.000000
3.380000,3999.960000,-12.595280,58.107840,0,1,0,2,0.000000,0.749937,0.749937,0.000000,0.974550,0.224171,0.000000,0.974550,0.224173,9.560673,-3.989800,0.000437,1,0,17.799760,0.000000
3.390000,3999.960000,-12.635190,58.281350,0,1,0,2,0.000000,0.749937,0.749937,0.000000,0.974549,0.224175,0.000000,0.974549,0.224173,9.560613,-3.990695,0.000443,1,0,17.803760,0.000000
3.400000,3999.960000,-12.675110,58.454900,0,1,0,2,0.000000,0.749937,0.749937,0.000000,0.974549,0.224175,0.000000,0.974549,0.224173,9.560591,-3.991588,0.000447,1,0,17.807760,0.000000
3.410000,3999.960000,-12.715030,58.628480,0,1,0,2,0.000000,0.749937,0.749937,0.000000,0.974549,0.224175,0.000000,0.974549,0.224173,9.560486,-3.992480,0.000451,1,0,17.811750,0.000000
3.420000,3999.960000,-12.754960,58.802100,0,1,0,2,0.000000,0.749937,0.749937,0.000000,0.974550,0.224171,0.000000,0.974550,0.224173,9.560447,-3.993372,0.000449,1,0,17.815730,0.000000
3.430000,3999.960000,-12.794910,58.975770,0,1,0,2,0.000000,0.749937,0.749937,0.000000,0.974550,0.224171,0.000000,0.974550,0.224173,9.560505,-3.994263,0.000447,1,0,17.819710,0.000000
3.440000,3999.960000,-12.834860,59.149470,0,1,0,2,0.000000,0.749936,0.749936,0.000000,0.974549,0.224173,0.000000,0.974549,0.224173,9.560676,-3.995152,0.000448,1,0,17.823680,0.000000
3.450000,3999.960000,-12.874820,59.323210,0,1,0,2,0.000000,0.749937,0.749937,0.000000,0.974549,0.224175,0.000000,0.974549,0.224173,9.560432,-3.996037,0.000453,1,0,17.827640,0.000000
3.460000,3999.960000,-12.914790,59.496990,0,1,0,2,0.000000,0.749938,0.749938,0.000000,0.974549,0.224173,0.000000,0.974549,0.224173,9.560214,-3.996924,0.000454,1,0,17.831600,0.000000
3.470000,3999.960000,-12.954770,59.670810,0,1,0,2,0.000000,0.749936,0.749936,0.000000,0.974549,0.224175,0.000000,0.974549,0.224173,9.560484,-3.997811,0.000454,1,0,17.835550,0.000000
3.480000,3999.960000,-12.994750,59.844660,0,1,0,2,0.000000,0.749936,0.749936,0.000000,0.974549,0.224175,0.000000,0.974549,0.224173,9.560398,-3.998694,0.000458,1,0,17.839500,0.000000
3.490000,3999.960000,-13.034750,60.018550,0,1,0,2,0.000000,0.749935,0.749935,0.000000,0.974549,0.224175,0.000000,0.974549,0.224174,9.560522,-3.999577,0.000460,1,0,17.843440,0.000000
3.500000,3999.960000,-13.074750,60.192490,0,1,0,2,0.000000,0.749936,0.749936,0.000000,0.974550,0.224171,0.000000,0.974550,0.224173,9.560487,-4.000457,0.000457,1,0,17.847370,0.000000
3.510000,3999.960000,-13.114770,60.366460,0,1,0,2,0.000000,0.749936,0.749936,0.000000,0.974549,0.224173,0.000000,0.974549,0.224173,9.560430,-4.001336,0.000458,1,0,17.851290,0.000000
3.520000,3999.960000,-13.154790,60.540460,0,1,0,2,0.000000,0.749935,0.749935,0.000000,0.974549,0.224175,0.000000,0.974549,0.224173,9.560570,-4.002213,0.000461,1,0,17.855210,0.000000
3.530000,3999.960000,-13.194820,60.714510,0,1,0,2,0.000000,0.749934,0.749934,0.000000,0.974549,0.224173,0.000000,0.974549,0.224173,9.560668,-4.003088,0.000462,1,0,17.859120,0.000000
3.540000,3999.960000,-13.234860,60.888590,0,1,0,2,0.000000,0.749934,0.749934,0.000000,0.974549,0.224175,0.000000,0.974549,0.224173,9.560589,-4.003961,0.000467,1,0,17.863030,0.000000
3.550000,3999.960000,-13.274910,61.062710,0,1,0,2,0.000000,0.749933,0.749933,0.000000,0.974549,0.224175,0.000000,0.974549,0.224174,9.560660,-4.004833,0.000471,1,0,17.866930,0.000000
3.560000,3999.960000,-13.314960,61.236870,0,1,0,2,0.000000,0.749932,0.749932,0.000000,0.974549,0.224173,0.000000,0.974549,0.224174,9.560734,-4.005703,0.000473,1,0,17.870820,0.000000
3.570000,3999.960000,-13.355030,61.411070,0,1,0,2,0.000000,0.749932,0.749932,0.000000,0.974549,0.224175,0.000000,0.974549,0.224174,9.560577,-4.006571,0.000478,1,0,17.874710,0.000000
3.580000,3999.960000,-13.395100,61.585310,0,1,0,2,0.000000,0.749932,0.749932,0.000000,0.974549,0.224175,0.000000,0.974549,0.224174,9.560486,-4.007439,0.000481,1,0,17.878590,0.000000
3.590000,3999.960000,-13.435190,61.759580,0,1,0,2,0.000000,0.749934,0.749934,0.000000,0.974550,0.224171,0.000000,0.974550,0.224173,9.560299,-4.008307,0.000478,1,0,17.882470,0.000000
3.600000,3999.960000,-13.475280,61.933900,0,1,0,2,0.000000,0.749933,0.749933,0.000000,0.974549,0.224175,0.000000,0.974549,0.224174,9.560354,-4.009174,0.000480,1,0,17.886330,0.000000
3.610000,3999.960000,-13.515380,62.108250,0,1,0,2,0.000000,0.749933,0.749933,0.000000,0.974549,0.224175,0.000000,0.974549,0.224174,9.560323,-4.010040,0.000481,1,0,17.890190,0.000000
3.620000,3999.960000,-13.555490,62.282630,0,1,0,2,0.000000,0.749934,0.749934,0.000000,0.974549,0.224175,0.000000,0.974549,0.224174,9.560117,-4.010905,0.000482,1,0,17.894050,0.000000
3.630000,3999.960000,-13.595600,62.457060,0,1,0,2,0.000000,0.749935,0.749935,0.000000,0.974549,0.224175,0.000000,0.974549,0.224174,9.560068,-4.011770,0.000481,1,0,17.897900,0.000000
3.640000,3999.960000,-13.635730,62.631520,0,1,0,2,0.000000,0.749934,0.749934,0.000000,0.974549,0.224175,0.000000,0.974549,0.224174,9.560287,-4.012635,0.000479,1,0,17.901740,0.000000
3.650000,3999.960000,-13.675870,62.806020,0,1,0,2,0.000000,0.749934,0.749934,0.000000,0.974550,0.224171,0.000000,0.974550,0.224174,9.560329,-4.013495,0.000474,1,0,17.905580,0.000000
3.660000,3999.960000,-13.716010,62.980560,0,1,0,2,0.000000,0.749933,0.749933,0.000000,0.974549,0.224175,0.000000,0.974549,0.224174,9.560546,-4.014354,0.000475,1,0,17.909410,0.000000
3.670000,3999.960000,-13.756160,63.155130,0,1,0,2,0.000000,0.749933,0.749933,0.000000,0.974549,0.224175,0.000000,0.974549,0.224174,9.560468,-4.015210,0.000479,1,0,17.913230,0.000000
3.680000,3999.960000,-13.796320,63.329740,0,1,0,2,0.000000,0.749933,0.749933,0.000000,0.974549,0.224175,0.000000,0.974549,0.224174,9.560410,-4.016065,0.000481,1,0,17.917050,0.000000
3.690000,3999.960000,-13.836490,63.504390,0,1,0,2,0.000000,0.719293,0.719293,0.000000,0.988820,0.149112,0.000000,0.976003,0.217759,18.036850,-4.016919,-0.117398,1,0,17.920860,0.000000
3.700000,3999.960000,-13.875840,63.679260,0,1,0,2,0.000000,0.750781,0.750781,0.000000,0.974549,0.224175,0.000000,0.975880,0.218310,9.996432,-3.934924,-0.022545,1,0,17.923680,0.000000
3.710000,3999.960000,-13.915160,63.854160,0,1,0,2,0.000000,0.751670,0.751670,0.000000,0.974549,0.224175,0.000000,0.975767,0.218814,9.497579,-3.931481,-0.009038,1,0,17.926900,0.000000
3.720000,3999.960000,-13.954490,64.029100,0,1,0,2,0.000000,0.752553,0.752553,0.000000,0.974549,0.224175,0.000000,0.975664,0.219274,9.145075,-3.932918,-0.001336,1,0,17.930170,0.000000
3.730000,3999.960000,-13.993870,64.204060,0,1,0,2,0.000000,0.753393,0.753393,0.000000,0.974549,0.224175,0.000000,0.975569,0.219693,8.906825,-3.937800,0.002108,1,0,17.933480,0.000000
3.740000,3999.960000,-14.033310,64.379030,0,1,0,2,0.000000,0.754167,0.754167,0.000000,0.974549,0.224175,0.000000,0.975482,0.220079,8.755421,-3.945010,0.002562,1,0,17.936820,0.000000
3.750000,3999.960000,-14.072850,64.554020,0,1,0,2,0.000000,0.754860,0.754860,0.000000,0.974550,0.224171,0.000000,0.975402,0.220431,8.671443,-3.953696,0.000901,1,0,17.940200,0.000000
3.760000,3999.960000,-14.112480,64.729020,0,1,0,2,0.000000,0.755462,0.755462,0.000000,0.974549,0.224175,0.000000,0.975329,0.220753,8.638396,-3.963199,-0.002142,1,0,17.943610,0.000000
3.770000,3999.960000,-14.152210,64.904040,0,1,0,2,0.000000,0.755973,0.755973,0.000000,0.974549,0.224175,0.000000,0.975262,0.221048,8.642561,-3.973022,-0.006015,1,0,17.947040,0.000000
3.780000,3999.960000,-14.192040,65.079070,0,1,0,2,0.000000,0.756391,0.756391,0.000000,0.974549,0.224175,0.000000,0.975200,0.221317,8.673880,-3.982799,-0.010303,1,0,17.950500,0.000000
3.790000,3999.960000,-14.231970,65.254110,0,1,0,2,0.000000,0.756719,0.756719,0.000000,0.974549,0.224175,0.000000,0.975144,0.221563,8.724036,-3.992267,-0.014694,1,0,17.953990,0.000000
3.800000,3999.960000,-14.271980,65.429180,0,1,0,2,0.000000,0.756966,0.756966,0.000000,0.974550,0.224171,0.000000,0.975093,0.221787,8.785966,-4.001242,-0.018968,1,0,17.957490,0.000000
3.810000,3999.960000,-14.312070,65.604260,0,1,0,2,0.000000,0.757133,0.757133,0.000000,0.974549,0.224175,0.000000,0.975046,0.221993,8.855393,-4.009609,-0.022964,1,0,17.961010,0.000000
3.820000,3999.960000,-14.352250,65.779350,0,1,0,2,0.000000,0.757230,0.757230,0.000000,0.974549,0.224175,0.000000,0.975003,0.222180,8.927974,-4.017294,-0.026583,1,0,17.964550,0.000000
3.830000,3999.960000,-14.392490,65.954470,0,1,0,2,0.000000,0.757263,0.757263,0.000000,0.974549,0.224175,0.000000,0.974964,0.222352,9.001320,-4.024268,-0.029767,1,0,17.968090,0.000000
3.840000,3999.960000,-14.432790,66.129610,0,1,0,2,0.000000,0.757240,0.757240,0.000000,0.974549,0.224175,0.000000,0.974929,0.222509,9.072871,-4.030523,-0.032482,1,0,17.971650,0.000000
3.850000,3999.960000,-14.473160,66.304770,0,1,0,2,0.000000,0.757170,0.757170,0.000000,0.974550,0.224171,0.000000,0.974896,0.222652,9.141362,-4.036077,-0.034730,1,0,17.975220,0.000000
3.860000,3999.960000,-14.513570,66.479960,0,1,0,2,0.000000,0.757056,0.757056,0.000000,0.974550,0.224171,0.000000,0.974866,0.222783,9.206264,-4.040962,-0.036515,1,0,17.978800,0.000000
3.870000,3999.960000,-14.554020,66.655170,0,1,0,2,0.000000,0.756908,0.756908,0.000000,0.974549,0.224173,0.000000,0.974839,0.222902,9.265950,-4.045211,-0.037850,1,0,17.982370,0.000000
3.880000,3999.960000,-14.594510,66.830410,0,1,0,2,0.000000,0.756728,0.756728,0.000000,0.974549,0.224175,0.000000,0.974814,0.223012,9.321247,-4.048876,-0.038772,1,0,17.985960,0.000000
3.890000,3999.960000,-14.635030,67.005680,0,1,0,2,0.000000,0.756525,0.756525,0.000000,0.974549,0.224175,0.000000,0.974791,0.223112,9.370957,-4.052000,-0.039310,1,0,17.989550,0.000000
3.900000,3999.960000,-14.675570,67.180980,0,1,0,2,0.000000,0.756304,0.756304,0.000000,0.974549,0.224175,0.000000,0.974770,0.223203,9.415504,-4.054638,-0.039508,1,0,17.993140,0.000000
3.910000,3999.960000,-14.716140,67.356320,0,1,0,2,0.000000,0.756070,0.756070,0.000000,0.974550,0.224171,0.000000,0.974751,0.223287,9.454893,-4.056841,-0.039408,1,0,17.996730,0.000000
3.920000,3999.960000,-14.756730,67.531690,0,1,0,2,0.000000,0.755825,0.755825,0.000000,0.974549,0.224173,0.000000,0.974734,0.223363,9.489619,-4.058659,-0.039042,1,0,18.000330,0.000000
3.930000,3999.960000,-14.797330,67.707090,0,1,0,2,0.000000,0.755571,0.755571,0.000000,0.974549,0.224175,0.000000,0.974718,0.223433,9.520336,-4.060138,-0.038445,1,0,18.003930,0.000000
3.940000,3999.960000,-14.837940,67.882530,0,1,0,2,0.000000,0.755315,0.755315,0.000000,0.974549,0.224175,0.000000,0.974704,0.223497,9.546355,-4.061316,-0.037652,1,0,18.007520,0.000000
3.950000,3999.960000,-14.878560,68.058000,0,1,0,2,0.000000,0.755057,0.755057,0.000000,0.974549,0.224175,0.000000,0.974690,0.223555,9.568889,-4.062241,-0.036698,1,0,18.011120,0.000000
3.960000,3999.960000,-14.919190,68.233510,0,1,0,2,0.000000,0.754801,0.754801,0.000000,0.974549,0.224175,0.000000,0.974678,0.223608,9.587752,-4.062945,-0.035610,1,0,18.014710,0.000000
3.970000,3999.960000,-14.959830,68.409050,0,1,0,2,0.000000,0.754548,0.754548,0.000000,0.974550,0.224171,0.000000,0.974667,0.223657,9.603416,-4.063466,-0.034424,1,0,18.018310,0.000000
3.980000,3999.960000,-15.000470,68.584630,0,1,0,2,0.000000,0.754298,0.754298,0.000000,0.974549,0.224173,0.000000,0.974657,0.223701,9.616649,-4.063833,-0.033156,1,0,18.021900,0.000000
3.990000,3999.960000,-15.041110,68.760240,0,1,0,2,0.000000,0.771943,0.771943,0.000000,0.980307,0.197481,0.000000,0.975171,0.221451,7.471490,-4.064072,-0.074190,1,0,18.025490,0.000000
4.000000,3999.960000,-15.081960,68.935840,0,1,0,2,0.000000,0.753603,0.753603,0.000000,0.974549,0.224175,0.000000,0.975117,0.221685,11.185930,-4.085186,-0.090742,1,0,18.028950,0.000000
4.010000,3999.960000,-15.122660,69.111500,0,1,0,2,0.000000,0.753314,0.753314,0.000000,0.974549,0.224173,0.000000,0.975068,0.221899,10.731540,-4.070066,-0.070507,1,0,18.032260,0.000000
4.020000,3999.960000,-15.163250,69.287230,0,1,0,2,0.000000,0.753141,0.753141,0.000000,0.974550,0.224171,0.000000,0.975024,0.222095,10.378830,-4.059393,-0.055170,1,0,18.035620,0.000000
4.030000,3999.960000,-15.203780,69.463010,0,1,0,2,0.000000,0.753051,0.753051,0.000000,0.974549,0.224175,0.000000,0.974983,0.222274,10.107260,-4.052171,-0.043674,1,0,18.039000,0.000000
4.040000,3999.960000,-15.244250,69.638840,0,1,0,2,0.000000,0.753019,0.753019,0.000000,0.974550,0.224171,0.000000,0.974946,0.222437,9.900453,-4.047606,-0.035189,1,0,18.042420,0.000000
4.050000,3999.960000,-15.284700,69.814700,0,1,0,2,0.000000,0.753015,0.753015,0.000000,0.974549,0.224175,0.000000,0.974912,0.222587,9.746879,-4.045063,-0.029029,1,0,18.045850,0.000000
4.060000,3999.960000,-15.325140,69.990610,0,1,0,2,0.000000,0.753031,0.753031,0.000000,0.974549,0.224175,0.000000,0.974880,0.222723,9.634057,-4.044023,-0.024645,1,0,18.049280,0.000000
4.070000,3999.960000,-15.365580,70.166550,0,1,0,2,0.000000,0.753056,0.753056,0.000000,0.974549,0.224173,0.000000,0.974852,0.222848,9.553418,-4.044085,-0.021610,1,0,18.052730,0.000000
4.080000,3999.960000,-15.406030,70.342520,0,1,0,2,0.000000,0.753080,0.753080,0.000000,0.974549,0.224175,0.000000,0.974826,0.222962,9.498026,-4.044934,-0.019577,1,0,18.056190,0.000000
4.090000,3999.960000,-15.446500,70.518520,0,1,0,2,0.000000,0.722400,0.722400,0.000000,0.963776,0.266715,0.000000,0.973953,0.226747,13.274030,-4.046325,0.049937,1,0,18.059650,0.000000
4.100000,3999.960000,-15.486610,70.694650,0,1,0,2,0.000000,0.753485,0.753485,0.000000,0.974549,0.224175,0.000000,0.974004,0.226526,6.852974,-4.011007,0.082985,1,0,18.063620,0.000000
4.110000,3999.960000,-15.526990,70.870750,0,1,0,2,0.000000,0.753604,0.753604,0.000000,0.974549,0.224175,0.000000,0.974051,0.226323,7.603063,-4.038252,0.052143,1,0,18.067320,0.000000
4.120000,3999.960000,-15.567570,71.046840,0,1,0,2,0.000000,0.753525,0.753525,0.000000,0.974549,0.224175,0.000000,0.974094,0.226138,8.192659,-4.058166,0.029145,1,0,18.071040,0.000000
4.130000,3999.960000,-15.608290,71.222950,0,1,0,2,0.000000,0.753313,0.753313,0.000000,0.974549,0.224175,0.000000,0.974133,0.225969,8.651155,-4.072317,0.012353,1,0,18.074780,0.000000
4.140000,3999.960000,-15.649110,71.399060,0,1,0,2,0.000000,0.753007,0.753007,0.000000,0.974549,0.224175,0.000000,0.974169,0.225815,9.004758,-4.081986,0.000425,1,0,18.078500,0.000000
4.150000,3999.960000,-15.690000,71.575200,0,1,0,2,0.000000,0.752646,0.752646,0.000000,0.974549,0.224175,0.000000,0.974201,0.225674,9.273475,-4.088199,-0.007715,1,0,18.082210,0.000000
4.160000,3999.960000,-15.730910,71.751370,0,1,0,2,0.000000,0.752259,0.752259,0.000000,0.974549,0.224175,0.000000,0.974231,0.225545,9.474124,-4.091786,-0.012939,1,0,18.085890,0.000000
4.170000,3999.960000,-15.771850,71.927570,0,1,0,2,0.000000,0.751860,0.751860,0.000000,0.974549,0.224175,0.000000,0.974259,0.225427,9.621402,-4.093412,-0.015948,1,0,18.089560,0.000000
4.180000,3999.960000,-15.812780,72.103810,0,1,0,2,0.000000,0.751469,0.751469,0.000000,0.974549,0.224175,0.000000,0.974284,0.225319,9.725808,-4.093599,-0.017297,1,0,18.093210,0.000000
4.190000,3999.960000,-15.853710,72.280090,0,1,0,2,0.000000,0.751094,0.751094,0.000000,0.974550,0.224171,0.000000,0.974307,0.225220,9.797017,-4.092766,-0.017438,1,0,18.096840,0.000000
4.200000,3999.960000,-15.894620,72.456410,0,1,0,2,0.000000,0.750745,0.750745,0.000000,0.974549,0.224175,0.000000,0.974327,0.225130,9.841750,-4.091238,-0.016705,1,0,18.100450,0.000000
4.210000,3999.960000,-15.935520,72.632770,0,1,0,2,0.000000,0.750424,0.750424,0.000000,0.974549,0.224175,0.000000,0.974347,0.225048,9.866611,-4.089272,-0.015384,1,0,18.104050,0.000000
4.220000,3999.960000,-15.976390,72.809180,0,1,0,2,0.000000,0.750135,0.750135,0.000000,0.974549,0.224175,0.000000,0.974364,0.224973,9.876371,-4.087064,-0.013686,1,0,18.107640,0.000000
4.230000,3999.960000,-16.017230,72.985630,0,1,0,2,0.000000,0.749878,0.749878,0.000000,0.974549,0.224175,0.000000,0.974380,0.224904,9.875055,-4.084760,-0.011773,1,0,18.111210,0.000000
4.240000,3999.960000,-16.058060,73.162120,0,1,0,2,0.000000,0.749651,0.749651,0.000000,0.974549,0.224175,0.000000,0.974394,0.224841,9.865852,-4.082469,-0.009767,1,0,18.114770,0.000000
4.250000,3999.960000,-16.098860,73.338650,0,1,0,2,0.000000,0.749456,0.749456,0.000000,0.974549,0.224175,0.000000,0.974408,0.224784,9.850842,-4.080267,-0.007756,1,0,18.118320,0.000000
4.260000,3999.960000,-16.139640,73.515210,0,1,0,2,0.000000,0.749288,0.749288,0.000000,0.974549,0.224175,0.000000,0.974420,0.224732,9.832323,-4.078212,-0.005806,1,0,18.121850,0.000000
4.270000,3999.960000,-16.180410,73.691830,0,1,0,2,0.000000,0.749147,0.749147,0.000000,0.974549,0.224175,0.000000,0.974431,0.224684,9.811737,-4.076337,-0.003961,1,0,18.125380,0.000000
4.280000,3999.960000,-16.221160,73.868480,0,1,0,2,0.000000,0.749034,0.749034,0.000000,0.974549,0.224175,0.000000,0.974441,0.224640,9.789421,-4.074663,-0.002248,1,0,18.128890,0.000000
4.290000,3999.960000,-16.261890,74.045170,0,1,0,2,0.000000,0.748944,0.748944,0.000000,0.974549,0.224175,0.000000,0.974451,0.224600,9.766631,-4.073206,-0.000690,1,0,18.132400,0.000000
4.300000,3999.960000,-16.302610,74.221890,0,1,0,2,0.000000,0.748873,0.748873,0.000000,0.974549,0.224175,0.000000,0.974459,0.224563,9.744797,-4.071971,0.000702,1,0,18.135890,0.000000
4.310000,3999.960000,-16.343320,74.398660,0,1,0,2,0.000000,0.748820,0.748820,0.000000,0.974550,0.224171,0.000000,0.974467,0.224529,9.723675,-4.070949,0.001927,1,0,18.139380,0.000000
4.320000,3999.960000,-16.384020,74.575460,0,1,0,2,0.000000,0.748786,0.748786,0.000000,0.974549,0.224175,0.000000,0.974474,0.224499,9.703097,-4.070132,0.002998,1,0,18.142860,0.000000
4.330000,3999.960000,-16.424710,74.752300,0,1,0,2,0.000000,0.805902,0.805902,0.000000,0.991267,0.131868,0.000000,0.976262,0.216593,3.081053,-4.069515,-0.142654,1,0,18.146330,0.000000
4.340000,3999.960000,-16.466050,74.929030,0,1,0,2,0.000000,0.748098,0.748098,0.000000,0.974550,0.224171,0.000000,0.976117,0.217245,14.802430,-4.133400,-0.195376,1,0,18.149640,0.000000
4.350000,3999.960000,-16.506870,75.105900,0,1,0,2,0.000000,0.747950,0.747950,0.000000,0.974549,0.224175,0.000000,0.975984,0.217841,13.239740,-4.082819,-0.131853,1,0,18.151900,0.000000
4.360000,3999.960000,-16.547350,75.282870,0,1,0,2,0.000000,0.748174,0.748174,0.000000,0.974551,0.224168,0.000000,0.975862,0.218386,12.025710,-4.047549,-0.084953,1,0,18.154470,0.000000
4.370000,3999.960000,-16.587590,75.459920,0,1,0,2,0.000000,0.748642,0.748642,0.000000,0.974551,0.224168,0.000000,0.975751,0.218884,11.093730,-4.024169,-0.051090,1,0,18.157220,0.000000
4.380000,3999.960000,-16.627690,75.637040,0,1,0,2,0.000000,0.749262,0.749262,0.000000,0.974549,0.224175,0.000000,0.975648,0.219339,10.388090,-4.009914,-0.027367,1,0,18.160080,0.000000
4.390000,3999.960000,-16.667720,75.814200,0,1,0,2,0.000000,0.749967,0.749967,0.000000,0.974549,0.224175,0.000000,0.975555,0.219754,9.862358,-4.002565,-0.011447,1,0,18.163010,0.000000
4.400000,3999.960000,-16.707720,75.991400,0,1,0,2,0.000000,0.750700,0.750700,0.000000,0.974549,0.224175,0.000000,0.975470,0.220133,9.479759,-4.000358,-0.001456,1,0,18.165980,0.000000
4.410000,3999.960000,-16.747740,76.168630,0,1,0,2,0.000000,0.751427,0.751427,0.000000,0.974549,0.224175,0.000000,0.975390,0.220481,9.208498,-4.001892,0.004130,1,0,18.168980,0.000000
4.420000,3999.960000,-16.787800,76.345880,0,1,0,2,0.000000,0.752116,0.752116,0.000000,0.974549,0.224175,0.000000,0.975318,0.220799,9.025830,-4.006076,0.006450,1,0,18.172010,0.000000
4.430000,3999.960000,-16.827920,76.523150,0,1,0,2,0.000000,0.778085,0.778085,0.000000,0.952004,0.306085,0.000000,0.973609,0.228217,1.011387,-4.012043,0.139376,1,0,18.175060,0.000000
4.440000,3999.960000,-16.868880,76.700260,0,1,0,2,0.000000,0.752528,0.752528,0.000000,0.974549,0.224175,0.000000,0.973690,0.227869,7.912607,-4.096163,0.047369,1,0,18.178390,0.000000
4.450000,3999.960000,-16.910010,76.877370,0,1,0,2,0.000000,0.752143,0.752143,0.000000,0.974549,0.224175,0.000000,0.973764,0.227551,8.541806,-4.113016,0.025000,1,0,18.182090,0.000000
4.460000,3999.960000,-16.951250,77.054490,0,1,0,2,0.000000,0.751658,0.751658,0.000000,0.974549,0.224175,0.000000,0.973832,0.227261,9.018695,-4.123723,0.009445,1,0,18.185790,0.000000
4.470000,3999.960000,-16.992540,77.231640,0,1,0,2,0.000000,0.751117,0.751117,0.000000,0.974549,0.224175,0.000000,0.973893,0.226995,9.374528,-4.129771,-0.000870,1,0,18.189450,0.000000
4.480000,3999.960000,-17.033870,77.408810,0,1,0,2,0.000000,0.750560,0.750560,0.000000,0.974549,0.224175,0.000000,0.973950,0.226752,9.633639,-4.132343,-0.007197,1,0,18.193090,0.000000
4.490000,3999.960000,-17.075190,77.586030,0,1,0,2,0.000000,0.750010,0.750010,0.000000,0.974549,0.224175,0.000000,0.974001,0.226530,9.816868,-4.132384,-0.010545,1,0,18.196690,0.000000
4.500000,3999.960000,-17.116500,77.763280,0,1,0,2,0.000000,0.749485,0.749485,0.000000,0.974549,0.224175,0.000000,0.974048,0.226328,9.940720,-4.130635,-0.011706,1,0,18.200270,0.000000
4.510000,3999.960000,-17.157770,77.940580,0,1,0,2,0.000000,0.749000,0.749000,0.000000,0.974549,0.224175,0.000000,0.974092,0.226142,10.018490,-4.127677,-0.011307,1,0,18.203820,0.000000
4.520000,3999.960000,-17.199010,78.117930,0,1,0,2,0.000000,0.748562,0.748562,0.000000,0.974549,0.224175,0.000000,0.974131,0.225973,10.060930,-4.123960,-0.009837,1,0,18.207350,0.000000
4.530000,3999.960000,-17.240210,78.295310,0,1,0,2,0.000000,0.748172,0.748172,0.000000,0.974549,0.224175,0.000000,0.974167,0.225818,10.077520,-4.119828,-0.007676,1,0,18.210850,0.000000
4.540000,3999.960000,-17.281370,78.472740,0,1,0,2,0.000000,0.747835,0.747835,0.000000,0.974549,0.224175,0.000000,0.974200,0.225677,10.074330,-4.115535,-0.005107,1,0,18.214330,0.000000
4.550000,3999.960000,-17.322480,78.650220,0,1,0,2,0.000000,0.747548,0.747548,0.000000,0.974549,0.224175,0.000000,0.974230,0.225547,10.057150,-4.111272,-0.002346,1,0,18.217800,0.000000
4.560000,3999.960000,-17.363550,78.827740,0,1,0,2,0.000000,0.747313,0.747313,0.000000,0.974549,0.224175,0.000000,0.974257,0.225429,10.029970,-4.107178,0.000444,1,0,18.221250,0.000000
4.570000,3999.960000,-17.404580,79.005300,0,1,0,2,0.000000,0.747128,0.747128,0.000000,0.974551,0.224168,0.000000,0.974283,0.225321,9.996339,-4.103348,0.003137,1,0,18.224680,0.000000
4.580000,3999.960000,-17.445580,79.182910,0,1,0,2,0.000000,0.746981,0.746981,0.000000,0.974549,0.224175,0.000000,0.974306,0.225222,9.959437,-4.099847,0.005674,1,0,18.228090,0.000000
4.590000,3999.960000,-17.486550,79.360570,0,1,0,2,0.000000,0.746879,0.746879,0.000000,0.974551,0.224168,0.000000,0.974327,0.225131,9.920398,-4.096705,0.007985,1,0,18.231490,0.000000
4.600000,3999.960000,-17.527490,79.538260,0,1,0,2,0.000000,0.746809,0.746809,0.000000,0.974549,0.224175,0.000000,0.974346,0.225049,9.881324,-4.093945,0.010059,1,0,18.234870,0.000000
4.610000,3999.960000,-17.568410,79.716000,0,1,0,2,0.000000,0.746773,0.746773,0.000000,0.974549,0.224175,0.000000,0.974363,0.224974,9.842547,-4.091564,0.011870,1,0,18.238250,0.000000
4.620000,3999.960000,-17.609300,79.893770,0,1,0,2,0.000000,0.746764,0.746764,0.000000,0.974549,0.224175,0.000000,0.974379,0.224905,9.805820,-4.089561,0.013413,1,0,18.241600,0.000000
4.630000,3999.960000,-17.650180,80.071580,0,1,0,2,0.000000,0.746783,0.746783,0.000000,0.974549,0.224175,0.000000,0.974394,0.224842,9.770557,-4.087916,0.014696,1,0,18.244950,0.000000
4.640000,3999.960000,-17.691050,80.249430,0,1,0,2,0.000000,0.746820,0.746820,0.000000,0.974549,0.224175,0.000000,0.974407,0.224785,9.738281,-4.086615,0.015724,1,0,18.248280,0.000000
4.650000,3999.960000,-17.731900,80.427310,0,1,0,2,0.000000,0.746876,0.746876,0.000000,0.974550,0.224171,0.000000,0.974420,0.224732,9.708488,-4.085627,0.016515,1,0,18.251600,0.000000
4.660000,3999.960000,-17.772750,80.605230,0,1,0,2,0.000000,0.746949,0.746949,0.000000,0.974550,0.224171,0.000000,0.974431,0.224684,9.681004,-4.084928,0.017091,1,0,18.254910,0.000000
4.670000,3999.960000,-17.813600,80.783190,0,1,0,2,0.000000,0.747028,0.747028,0.000000,0.974549,0.224175,0.000000,0.974441,0.224640,9.657408,-4.084496,0.017473,1,0,18.258220,0.000000
4.680000,3999.960000,-17.854440,80.961170,0,1,0,2,0.000000,0.747120,0.747120,0.000000,0.974549,0.224175,0.000000,0.974450,0.224600,9.635546,-4.084294,0.017689,1,0,18.261510,0.000000
4.690000,3999.960000,-17.895280,81.139200,0,1,0,2,0.000000,0.747219,0.747219,0.000000,0.974549,0.224175,0.000000,0.974459,0.224563,9.616204,-4.084303,0.017750,1,0,18.264790,0.000000
4.700000,3999.960000,-17.936130,81.317250,0,1,0,2,0.000000,0.747324,0.747324,0.000000,0.974549,0.224175,0.000000,0.974467,0.224530,9.599404,-4.084499,0.017675,1,0,18.268060,0.000000
4.710000,3999.960000,-17.976980,81.495340,0,1,0,2,0.000000,0.747433,0.747433,0.000000,0.974549,0.224175,0.000000,0.974474,0.224499,9.584470,-4.084857,0.017486,1,0,18.271320,0.000000
4.720000,3999.960000,-18.017830,81.673460,0,1,0,2,0.000000,0.747545,0.747545,0.000000,0.974549,0.224175,0.000000,0.974480,0.224471,9.571712,-4.085360,0.017196,1,0,18.274580,0.000000
4.730000,3999.960000,-18.058690,81.851620,0,1,0,2,0.000000,0.747658,0.747658,0.000000,0.974549,0.224175,0.000000,0.974486,0.224446,9.560685,-4.085985,0.016823,1,0,18.277820,0.000000
4.740000,3999.960000,-18.099560,82.029800,0,1,0,2,0.000000,0.747771,0.747771,0.000000,0.974549,0.224175,0.000000,0.974492,0.224422,9.551388,-4.086716,0.016381,1,0,18.281060,0.000000
4.750000,3999.960000,-18.140430,82.208020,0,1,0,2,0.000000,0.747882,0.747882,0.000000,0.974550,0.224171,0.000000,0.974497,0.224401,9.544186,-4.087536,0.015877,1,0,18.284290,0.000000
4.760000,3999.960000,-18.181310,82.386260,0,1,0,2,0.000000,0.747993,0.747993,0.000000,0.974549,0.224175,0.000000,0.974501,0.224381,9.537621,-4.088425,0.015342,1,0,18.287520,0.000000
4.770000,3999.960000,-18.222210,82.564540,0,1,0,2,0.000000,0.748100,0.748100,0.000000,0.974549,0.224175,0.000000,0.974505,0.224364,9.532648,-4.089375,0.014773,1,0,18.290730,0.000000
4.780000,3999.960000,-18.263110,82.742840,0,1,0,2,0.000000,0.748204,0.748204,0.000000,0.974549,0.224175,0.000000,0.974509,0.224347,9.528706,-4.090373,0.014183,1,0,18.293940,0.000000
4.790000,3999.960000,-18.304030,82.921180,0,1,0,2,0.000000,0.748304,0.748304,0.000000,0.974550,0.224171,0.000000,0.974512,0.224332,9.525966,-4.091407,0.013574,1,0,18.297140,0.000000
4.800000,3999.960000,-18.344950,83.099550,0,1,0,2,0.000000,0.748405,0.748405,0.000000,0.974551,0.224168,0.000000,0.974516,0.224318,9.523269,-4.092466,0.012957,1,0,18.300330,0.000000
4.810000,3999.960000,-18.385890,83.277950,0,1,0,2,0.000000,0.748496,0.748496,0.000000,0.974549,0.224175,0.000000,0.974519,0.224306,9.522011,-4.093550,0.012346,1,0,18.303520,0.000000
4.820000,3999.960000,-18.426830,83.456380,0,1,0,2,0.000000,0.748586,0.748586,0.000000,0.974549,0.224175,0.000000,0.974521,0.224294,9.521053,-4.094645,0.011744,1,0,18.306700,0.000000
4.830000,3999.960000,-18.467790,83.634830,0,1,0,2,0.000000,0.748672,0.748672,0.000000,0.974551,0.224168,0.000000,0.974524,0.224283,9.520597,-4.095747,0.011139,1,0,18.309880,0.000000
4.840000,3999.960000,-18.508760,83.813320,0,1,0,2,0.000000,0.748753,0.748753,0.000000,0.974549,0.224175,0.000000,0.974526,0.224274,9.520615,-4.096851,0.010559,1,0,18.313040,0.000000
4.850000,3999.960000,-18.549740,83.991840,0,1,0,2,0.000000,0.748831,0.748831,0.000000,0.974549,0.224175,0.000000,0.974528,0.224266,9.520695,-4.097953,0.009994,1,0,18.316200,0.000000
4.860000,3999.960000,-18.590730,84.170390,0,1,0,2,0.000000,0.748905,0.748905,0.000000,0.974549,0.224175,0.000000,0.974530,0.224258,9.521092,-4.099054,0.009444,1,0,18.319360,0.000000
4.870000,3999.960000,-18.631730,84.348980,0,1,0,2,0.000000,0.748977,0.748977,0.000000,0.974550,0.224171,0.000000,0.974532,0.224250,9.521601,-4.100149,0.008905,1,0,18.322510,0.000000
4.880000,3999.960000,-18.672740,84.527590,0,1,0,2,0.000000,0.749042,0.749042,0.000000,0.974549,0.224175,0.000000,0.974533,0.224244,9.522898,-4.101237,0.008389,1,0,18.325650,0.000000
4.890000,3999.960000,-18.713770,84.706220,0,1,0,2,0.000000,0.749102,0.749102,0.000000,0.974549,0.224175,0.000000,0.974534,0.224238,9.524331,-4.102311,0.007897,1,0,18.328790,0.000000
4.900000,3999.960000,-18.754800,84.884890,0,1,0,2,0.000000,0.749161,0.749161,0.000000,0.974550,0.224171,0.000000,0.974536,0.224232,9.525700,-4.103369,0.007424,1,0,18.331920,0.000000
4.910000,3999.960000,-18.795840,85.063580,0,1,0,2,0.000000,0.749214,0.749214,0.000000,0.974550,0.224171,0.000000,0.974537,0.224227,9.527260,-4.104412,0.006974,1,0,18.335050,0.000000
4.920000,3999.960000,-18.836900,85.242310,0,1,0,2,0.000000,0.749268,0.749268,0.000000,0.974549,0.224175,0.000000,0.974538,0.224222,9.528157,-4.105439,0.006554,1,0,18.338170,0.000000
4.930000,3999.960000,-18.877960,85.421070,0,1,0,2,0.000000,0.749316,0.749316,0.000000,0.974549,0.224175,0.000000,0.974539,0.224218,9.529558,-4.106455,0.006151,1,0,18.341280,0.000000
4.940000,3999.960000,-18.919040,85.599850,0,1,0,2,0.000000,0.749361,0.749361,0.000000,0.974549,0.224175,0.000000,0.974540,0.224214,9.531104,-4.107456,0.005768,1,0,18.344390,0.000000
4.950000,3999.960000,-18.960120,85.778670,0,1,0,2,0.000000,0.749402,0.749402,0.000000,0.974550,0.224171,0.000000,0.974541,0.224211,9.532815,-4.108441,0.005402,1,0,18.347490,0.000000
4.960000,3999.960000,-19.001210,85.957520,0,1,0,2,0.000000,0.749445,0.749445,0.000000,0.974551,0.224168,0.000000,0.974541,0.224207,9.533756,-4.109407,0.005053,1,0,18.350590,0.000000
4.970000,3999.960000,-19.042320,86.136400,0,1,0,2,0.000000,0.749482,0.749482,0.000000,0.974549,0.224175,0.000000,0.974542,0.224204,9.535317,-4.110363,0.004730,1,0,18.353680,0.000000
4.980000,3999.960000,-19.083430,86.315300,0,1,0,2,0.000000,0.749514,0.749514,0.000000,0.974550,0.224171,0.000000,0.974543,0.224201,9.537218,-4.111303,0.004423,1,0,18.356770,0.000000
4.990000,3999.960000,-19.124550,86.494230,0,1,0,2,0.000000,0.749547,0.749547,0.000000,0.974549,0.224175,0.000000,0.974543,0.224199,9.538250,-4.112222,0.004145,1,0,18.359850,0.000000
5.000000,3999.960000,-19.165690,86.673190,0,1,0,2,0.000000,0.749575,0.749575,0.000000,0.974549,0.224175,0.000000,0.974544,0.224197,9.539835,-4.113130,0.003881,1,0,18.362930,0.000000
5.010000,3999.960000,-19.206830,86.852190,0,1,0,2,0.000000,0.749606,0.749606,0.000000,0.974550,0.224171,0.000000,0.974544,0.224195,9.540473,-4.114021,0.003632,1,0,18.366000,0.000000
5.020000,3999.960000,-19.247970,87.031210,0,1,0,2,0.000000,0.749628,0.749628,0.000000,0.974549,0.224175,0.000000,0.974545,0.224193,9.542226,-4.114904,0.003398,1,0,18.369060,0.000000
5.030000,3999.960000,-19.289130,87.210270,0,1,0,2,0.000000,0.749654,0.749654,0.000000,0.974549,0.224175,0.000000,0.974545,0.224191,9.542886,-4.115769,0.003184,1,0,18.372120,0.000000
5.040000,3999.960000,-19.330300,87.389350,0,1,0,2,0.000000,0.749677,0.749677,0.000000,0.974549,0.224175,0.000000,0.974545,0.224190,9.543986,-4.116626,0.002980,1,0,18.375180,0.000000
5.050000,3999.960000,-19.371470,87.568460,0,1,0,2,0.000000,0.749695,0.749695,0.000000,0.974549,0.224175,0.000000,0.974546,0.224189,9.545410,-4.117471,0.002789,1,0,18.378220,0.000000
5.060000,3999.960000,-19.412650,87.747600,0,1,0,2,0.000000,0.749714,0.749714,0.000000,0.974549,0.224175,0.000000,0.974546,0.224187,9.546421,-4.118301,0.002615,1,0,18.381270,0.000000
5.070000,3999.960000,-19.453850,87.926770,0,1,0,2,0.000000,0.749731,0.749731,0.000000,0.974549,0.224175,0.000000,0.974546,0.224186,9.547454,-4.119120,0.002453,1,0,18.384310,0.000000
5.080000,3999.960000,-19.495040,88.105960,0,1,0,2,0.000000,0.749747,0.749747,0.000000,0.974549,0.224175,0.000000,0.974547,0.224185,9.548190,-4.119927,0.002303,1,0,18.387340,0.000000
5.090000,3999.960000,-19.536250,88.285190,0,1,0,2,0.000000,0.749764,0.749764,0.000000,0.974549,0.224175,0.000000,0.974547,0.224184,9.548698,-4.120726,0.002163,1,0,18.390370,0.000000
5.100000,3999.960000,-19.577470,88.464450,0,1,0,2,0.000000,0.749778,0.749778,0.000000,0.974549,0.224175,0.000000,0.974547,0.224184,9.549531,-4.121518,0.002029,1,0,18.393390,0.000000
5.110000,3999.960000,-19.618690,88.643740,0,1,0,2,0.000000,0.749789,0.749789,0.000000,0.974549,0.224175,0.000000,0.974547,0.224183,9.550624,-4.122302,0.001905,1,0,18.396410,0.000000
5.120000,3999.960000,-19.659920,88.823050,0,1,0,2,0.000000,0.749799,0.749799,0.000000,0.974549,0.224175,0.000000,0.974547,0.224182,9.551586,-4.123073,0.001793,1,0,18.399420,0.000000
5.130000,3999.960000,-19.701160,89.002400,0,1,0,2,0.000000,0.806545,0.806545,0.000000,0.991166,0.132625,0.000000,0.976312,0.216367,3.042770,-4.123834,-0.145733,1,0,18.402430,0.000000
5.140000,3999.960000,-19.743040,89.181620,0,1,0,2,0.000000,0.749167,0.749167,0.000000,0.974549,0.224175,0.000000,0.976163,0.217038,14.683720,-4.187998,-0.198308,1,0,18.405290,0.000000
5.150000,3999.960000,-19.784430,89.360980,0,1,0,2,0.000000,0.749042,0.749042,0.000000,0.974550,0.224171,0.000000,0.976027,0.217651,13.134850,-4.138475,-0.135500,1,0,18.407110,0.000000
5.160000,3999.960000,-19.825470,89.540440,0,1,0,2,0.000000,0.749268,0.749268,0.000000,0.974549,0.224175,0.000000,0.975902,0.218211,11.935900,-4.104129,-0.089220,1,0,18.409240,0.000000
5.170000,3999.960000,-19.866280,89.719970,0,1,0,2,0.000000,0.749733,0.749733,0.000000,0.974549,0.224175,0.000000,0.975787,0.218724,11.017060,-4.081527,-0.055858,1,0,18.411540,0.000000
5.180000,3999.960000,-19.906960,89.899560,0,1,0,2,0.000000,0.750342,0.750342,0.000000,0.974549,0.224175,0.000000,0.975682,0.219192,10.322950,-4.067921,-0.032524,1,0,18.413960,0.000000
5.190000,3999.960000,-19.947570,90.079190,0,1,0,2,0.000000,0.751030,0.751030,0.000000,0.974549,0.224175,0.000000,0.975585,0.219620,9.807628,-4.061108,-0.016901,1,0,18.416440,0.000000
5.200000,3999.960000,-19.988170,90.258860,0,1,0,2,0.000000,0.751738,0.751738,0.000000,0.974549,0.224175,0.000000,0.975497,0.220011,9.435057,-4.059337,-0.007132,1,0,18.418970,0.000000
5.210000,3999.960000,-20.028780,90.438540,0,1,0,2,0.000000,0.752438,0.752438,0.000000,0.974551,0.224168,0.000000,0.975416,0.220369,9.172772,-4.061208,-0.001713,1,0,18.421530,0.000000
5.220000,3999.960000,-20.069440,90.618240,0,1,0,2,0.000000,0.753097,0.753097,0.000000,0.974550,0.224171,0.000000,0.975341,0.220696,8.997933,-4.065642,0.000512,1,0,18.424130,0.000000
5.230000,3999.960000,-20.110150,90.797950,0,1,0,2,0.000000,0.753693,0.753693,0.000000,0.974549,0.224175,0.000000,0.975273,0.220996,8.891074,-4.071783,0.000467,1,0,18.426750,0.000000
5.240000,3999.960000,-20.150940,90.977680,0,1,0,2,0.000000,0.754225,0.754225,0.000000,0.974549,0.224175,0.000000,0.975211,0.221269,8.834407,-4.078965,-0.001125,1,0,18.429400,0.000000
5.250000,3999.960000,-20.191810,91.157410,0,1,0,2,0.000000,0.754685,0.754685,0.000000,0.974549,0.224175,0.000000,0.975154,0.221519,8.815954,-4.086698,-0.003722,1,0,18.432070,0.000000
5.260000,3999.960000,-20.232760,91.337150,0,1,0,2,0.000000,0.755068,0.755068,0.000000,0.974549,0.224175,0.000000,0.975102,0.221748,8.826008,-4.094608,-0.006901,1,0,18.434770,0.000000
5.270000,3999.960000,-20.273780,91.516910,0,1,0,2,0.000000,0.734788,0.734788,0.000000,0.967442,0.253092,0.000000,0.974482,0.224455,11.375160,-4.102417,0.036910,1,0,18.437480,0.000000
5.280000,3999.960000,-20.314630,91.696730,0,1,0,2,0.000000,0.755877,0.755877,0.000000,0.974551,0.224168,0.000000,0.974488,0.224430,7.137771,-4.085423,0.054564,1,0,18.440490,0.000000
5.290000,3999.960000,-20.355730,91.876530,0,1,0,2,0.000000,0.756123,0.756123,0.000000,0.974549,0.224175,0.000000,0.974494,0.224408,7.710611,-4.109735,0.029881,1,0,18.443400,0.000000
5.300000,3999.960000,-20.397020,92.056310,0,1,0,2,0.000000,0.756188,0.756188,0.000000,0.974549,0.224175,0.000000,0.974498,0.224388,8.171411,-4.128443,0.010982,1,0,18.446330,0.000000
5.310000,3999.960000,-20.438440,92.236090,0,1,0,2,0.000000,0.756114,0.756114,0.000000,0.974549,0.224175,0.000000,0.974503,0.224370,8.540895,-4.142644,-0.003260,1,0,18.449280,0.000000
5.320000,3999.960000,-20.479970,92.415880,0,1,0,2,0.000000,0.755936,0.755936,0.000000,0.974550,0.224171,0.000000,0.974507,0.224353,8.835744,-4.153232,-0.013772,1,0,18.452230,0.000000
5.330000,3999.960000,-20.521580,92.595680,0,1,0,2,0.000000,0.755689,0.755689,0.000000,0.974549,0.224175,0.000000,0.974510,0.224337,9.068243,-4.160936,-0.021293,1,0,18.455170,0.000000
5.340000,3999.960000,-20.563250,92.775500,0,1,0,2,0.000000,0.755391,0.755391,0.000000,0.974549,0.224175,0.000000,0.974514,0.224323,9.251095,-4.166367,-0.026458,1,0,18.458100,0.000000
5.350000,3999.960000,-20.604950,92.955340,0,1,0,2,0.000000,0.755062,0.755062,0.000000,0.974549,0.224175,0.000000,0.974517,0.224311,9.393088,-4.170011,-0.029767,1,0,18.461030,0.000000
5.360000,3999.960000,-20.646670,93.135200,0,1,0,2,0.000000,0.754716,0.754716,0.000000,0.974549,0.224175,0.000000,0.974520,0.224299,9.502017,-4.172267,-0.031634,1,0,18.463950,0.000000
5.370000,3999.960000,-20.688410,93.315090,0,1,0,2,0.000000,0.754367,0.754367,0.000000,0.974549,0.224175,0.000000,0.974522,0.224288,9.583858,-4.173460,-0.032391,1,0,18.466860,0.000000
5.380000,3999.960000,-20.730140,93.495010,0,1,0,2,0.000000,0.754017,0.754017,0.000000,0.974549,0.224175,0.000000,0.974524,0.224278,9.644793,-4.173852,-0.032311,1,0,18.469760,0.000000
5.390000,3999.960000,-20.771880,93.674960,0,1,0,2,0.000000,0.753677,0.753677,0.000000,0.974549,0.224175,0.000000,0.974527,0.224269,9.688428,-4.173650,-0.031607,1,0,18.472660,0.000000
5.400000,3999.960000,-20.813610,93.854930,0,1,0,2,0.000000,0.753350,0.753350,0.000000,0.974549,0.224175,0.000000,0.974529,0.224261,9.718476,-4.173022,-0.030452,1,0,18.475540,0.000000
5.410000,3999.960000,-20.855330,94.034950,0,1,0,2,0.000000,0.753041,0.753041,0.000000,0.974549,0.224175,0.000000,0.974530,0.224254,9.737355,-4.172101,-0.028985,1,0,18.478430,0.000000
5.420000,3999.960000,-20.897040,94.215000,0,1,0,2,0.000000,0.752748,0.752748,0.000000,0.974549,0.224175,0.000000,0.974532,0.224247,9.748557,-4.170997,-0.027318,1,0,18.481310,0.000000
5.430000,3999.960000,-20.938740,94.395070,0,1,0,2,0.000000,0.752474,0.752474,0.000000,0.974549,0.224175,0.000000,0.974533,0.224241,9.753044,-4.169783,-0.025529,1,0,18.484180,0.000000
5.440000,3999.960000,-20.980430,94.575180,0,1,0,2,0.000000,0.752222,0.752222,0.000000,0.974549,0.224175,0.000000,0.974535,0.224235,9.752517,-4.168526,-0.023688,1,0,18.487040,0.000000
5.450000,3999.960000,-21.022100,94.755330,0,1,0,2,0.000000,0.795001,0.795001,0.000000,0.987625,0.156834,0.000000,0.975843,0.218471,4.748675,-4.167274,-0.131030,1,0,18.489910,0.000000
5.460000,3999.960000,-21.064250,94.935390,0,1,0,2,0.000000,0.751272,0.751272,0.000000,0.974550,0.224171,0.000000,0.975733,0.218961,13.590090,-4.214746,-0.169886,1,0,18.492600,0.000000
5.470000,3999.960000,-21.106010,95.115550,0,1,0,2,0.000000,0.750960,0.750960,0.000000,0.974549,0.224175,0.000000,0.975633,0.219409,12.424710,-4.175910,-0.121064,1,0,18.494610,0.000000
5.480000,3999.960000,-21.147490,95.295810,0,1,0,2,0.000000,0.750936,0.750936,0.000000,0.974549,0.224175,0.000000,0.975541,0.219818,11.518310,-4.148490,-0.084670,1,0,18.496830,0.000000
5.490000,3999.960000,-21.188790,95.476140,0,1,0,2,0.000000,0.751108,0.751108,0.000000,0.974550,0.224171,0.000000,0.975455,0.220193,10.820040,-4.129945,-0.058007,1,0,18.499160,0.000000
5.500000,3999.960000,-21.229970,95.656510,0,1,0,2,0.000000,0.751402,0.751402,0.000000,0.974549,0.224175,0.000000,0.975377,0.220535,10.289820,-4.118235,-0.038947,1,0,18.501570,0.000000
5.510000,3999.960000,-21.271090,95.836920,0,1,0,2,0.000000,0.751773,0.751773,0.000000,0.974551,0.224168,0.000000,0.975306,0.220848,9.892860,-4.111713,-0.025768,1,0,18.504030,0.000000
5.520000,3999.960000,-21.312180,96.017360,0,1,0,2,0.000000,0.732123,0.732123,0.000000,0.953987,0.299848,0.000000,0.973726,0.227713,10.073190,-4.109074,0.107876,1,0,18.506530,0.000000
5.530000,3999.960000,-21.353230,96.197850,0,1,0,2,0.000000,0.752625,0.752625,0.000000,0.974549,0.224175,0.000000,0.973797,0.227409,6.400349,-4.104814,0.107205,1,0,18.509740,0.000000
5.540000,3999.960000,-21.394590,96.378300,0,1,0,2,0.000000,0.752761,0.752761,0.000000,0.974550,0.224171,0.000000,0.973862,0.227130,7.299298,-4.136317,0.070292,1,0,18.512720,0.000000
5.550000,3999.960000,-21.436180,96.558730,0,1,0,2,0.000000,0.752671,0.752671,0.000000,0.974549,0.224175,0.000000,0.973921,0.226876,8.002009,-4.159034,0.042853,1,0,18.515750,0.000000
5.560000,3999.960000,-21.477930,96.739150,0,1,0,2,0.000000,0.752428,0.752428,0.000000,0.974549,0.224175,0.000000,0.973975,0.226643,8.545835,-4.174885,0.022875,1,0,18.518790,0.000000
5.570000,3999.960000,-21.519780,96.919580,0,1,0,2,0.000000,0.752080,0.752080,0.000000,0.974549,0.224175,0.000000,0.974025,0.226431,8.962620,-4.185421,0.008725,1,0,18.521830,0.000000
5.580000,3999.960000,-21.561700,97.100020,0,1,0,2,0.000000,0.751672,0.751672,0.000000,0.974550,0.224171,0.000000,0.974070,0.226236,9.277373,-4.191885,-0.000907,1,0,18.524850,0.000000
5.590000,3999.960000,-21.603650,97.280490,0,1,0,2,0.000000,0.751241,0.751241,0.000000,0.974551,0.224168,0.000000,0.974111,0.226058,9.509519,-4.195272,-0.007075,1,0,18.527840,0.000000
5.600000,3999.960000,-21.645620,97.460980,0,1,0,2,0.000000,0.750800,0.750800,0.000000,0.974549,0.224175,0.000000,0.974149,0.225896,9.677815,-4.196393,-0.010619,1,0,18.530820,0.000000
5.610000,3999.960000,-21.687580,97.641510,0,1,0,2,0.000000,0.750374,0.750374,0.000000,0.974550,0.224171,0.000000,0.974183,0.225748,9.794899,-4.195868,-0.012221,1,0,18.533770,0.000000
5.620000,3999.960000,-21.729520,97.822070,0,1,0,2,0.000000,0.749972,0.749972,0.000000,0.974549,0.224175,0.000000,0.974215,0.225612,9.872200,-4.194201,-0.012407,1,0,18.536700,0.000000
5.630000,3999.960000,-21.771440,98.002660,0,1,0,2,0.000000,0.805119,0.805119,0.000000,0.990869,0.134832,0.000000,0.975977,0.217863,3.567150,-4.191779,-0.156571,1,0,18.539610,0.000000
5.640000,3999.960000,-21.813940,98.183150,0,1,0,2,0.000000,0.748630,0.748630,0.000000,0.974549,0.224175,0.000000,0.975856,0.218406,14.974750,-4.250746,-0.206202,1,0,18.542370,0.000000
5.650000,3999.960000,-21.855930,98.363780,0,1,0,2,0.000000,0.748203,0.748203,0.000000,0.974549,0.224175,0.000000,0.975745,0.218902,13.460440,-4.198344,-0.142594,1,0,18.544040,0.000000
5.660000,3999.960000,-21.897530,98.544510,0,1,0,2,0.000000,0.748169,0.748169,0.000000,0.974550,0.224171,0.000000,0.975644,0.219355,12.275190,-4.160776,-0.094981,1,0,18.546030,0.000000
5.670000,3999.960000,-21.938880,98.725330,0,1,0,2,0.000000,0.748401,0.748401,0.000000,0.974549,0.224175,0.000000,0.975550,0.219769,11.357690,-4.134816,-0.059987,1,0,18.548190,0.000000
5.680000,3999.960000,-21.980060,98.906200,0,1,0,2,0.000000,0.748813,0.748813,0.000000,0.974550,0.224171,0.000000,0.975466,0.220146,10.655350,-4.117839,-0.034894,1,0,18.550470,0.000000
5.690000,3999.960000,-22.021140,99.087130,0,1,0,2,0.000000,0.749336,0.749336,0.000000,0.974549,0.224175,0.000000,0.975387,0.220492,10.123300,-4.107735,-0.017407,1,0,18.552800,0.000000
5.700000,3999.960000,-22.062160,99.268090,0,1,0,2,0.000000,0.766330,0.766330,0.000000,0.961840,0.273612,0.000000,0.974336,0.225093,4.725940,-4.102836,0.075713,1,0,18.555190,0.000000
5.710000,3999.960000,-22.103670,99.448970,0,1,0,2,0.000000,0.750009,0.750009,0.000000,0.974550,0.224171,0.000000,0.974354,0.225013,8.911431,-4.150620,0.025814,1,0,18.557880,0.000000
5.720000,3999.960000,-22.145250,99.629860,0,1,0,2,0.000000,0.750036,0.750036,0.000000,0.974549,0.224175,0.000000,0.974371,0.224941,9.103538,-4.157580,0.017946,1,0,18.560700,0.000000
5.730000,3999.960000,-22.186870,99.810770,0,1,0,2,0.000000,0.750019,0.750019,0.000000,0.974549,0.224175,0.000000,0.974386,0.224875,9.252273,-4.162661,0.012123,1,0,18.563500,0.000000
5.740000,3999.960000,-22.228530,99.991700,0,1,0,2,0.000000,0.749970,0.749970,0.000000,0.974549,0.224175,0.000000,0.974400,0.224815,9.366723,-4.166286,0.007899,1,0,18.566290,0.000000
5.750000,3999.960000,-22.270220,100.172700,0,1,0,2,0.000000,0.749905,0.749905,0.000000,0.974549,0.224175,0.000000,0.974413,0.224760,9.453036,-4.168791,0.004920,1,0,18.569080,0.000000
5.760000,3999.960000,-22.311930,100.353600,0,1,0,2,0.000000,0.749827,0.749827,0.000000,0.974549,0.224175,0.000000,0.974425,0.224709,9.517812,-4.170452,0.002895,1,0,18.571860,0.000000
5.770000,3999.960000,-22.353640,100.534600,0,1,0,2,0.000000,0.749744,0.749744,0.000000,0.974549,0.224175,0.000000,0.974435,0.224663,9.565311,-4.171479,0.001602,1,0,18.574620,0.000000
5.780000,3999.960000,-22.395360,100.715700,0,1,0,2,0.000000,0.749662,0.749662,0.000000,0.974549,0.224175,0.000000,0.974445,0.224621,9.598710,-4.172040,0.000859,1,0,18.577380,0.000000
5.790000,3999.960000,-22.437090,100.896700,0,1,0,2,0.000000,0.749583,0.749583,0.000000,0.974550,0.224171,0.000000,0.974454,0.224583,9.621738,-4.172275,0.000512,1,0,18.580130,0.000000
5.800000,3999.960000,-22.478810,101.077800,0,1,0,2,0.000000,0.749510,0.749510,0.000000,0.974550,0.224171,0.000000,0.974462,0.224547,9.636187,-4.172284,0.000459,1,0,18.582860,0.000000
5.810000,3999.960000,-22.520530,101.258900,0,1,0,2,0.000000,0.734878,0.734878,0.000000,0.982458,0.186486,0.000000,0.975209,0.221284,13.813440,-4.172150,-0.060990,1,0,18.585600,0.000000
5.820000,3999.960000,-22.561840,101.440100,0,1,0,2,0.000000,0.749810,0.749810,0.000000,0.974549,0.224175,0.000000,0.975152,0.221533,9.943712,-4.131218,-0.013728,1,0,18.587910,0.000000
5.830000,3999.960000,-22.603120,101.621400,0,1,0,2,0.000000,0.750207,0.750207,0.000000,0.974549,0.224175,0.000000,0.975100,0.221760,9.668542,-4.128064,-0.005606,1,0,18.590340,0.000000
5.840000,3999.960000,-22.644400,101.802700,0,1,0,2,0.000000,0.750617,0.750617,0.000000,0.974549,0.224175,0.000000,0.975053,0.221968,9.469409,-4.127600,-0.000610,1,0,18.592780,0.000000
5.850000,3999.960000,-22.685690,101.984000,0,1,0,2,0.000000,0.751019,0.751019,0.000000,0.974549,0.224175,0.000000,0.975009,0.222158,9.330113,-4.129081,0.002054,1,0,18.595240,0.000000
5.860000,3999.960000,-22.727010,102.165300,0,1,0,2,0.000000,0.751394,0.751394,0.000000,0.974549,0.224175,0.000000,0.974970,0.222331,9.238090,-4.131922,0.003016,1,0,18.597720,0.000000
5.870000,3999.960000,-22.768370,102.346700,0,1,0,2,0.000000,0.751741,0.751741,0.000000,0.974550,0.224171,0.000000,0.974934,0.222490,9.181560,-4.135660,0.002770,1,0,18.600210,0.000000
5.880000,3999.960000,-22.809760,102.528000,0,1,0,2,0.000000,0.752043,0.752043,0.000000,0.974549,0.224175,0.000000,0.974900,0.222635,9.153323,-4.139949,0.001708,1,0,18.602710,0.000000
5.890000,3999.960000,-22.851210,102.709400,0,1,0,2,0.000000,0.752308,0.752308,0.000000,0.974549,0.224175,0.000000,0.974870,0.222767,9.144773,-4.144511,0.000131,1,0,18.605220,0.000000
5.900000,3999.960000,-22.892700,102.890800,0,1,0,2,0.000000,0.752531,0.752531,0.000000,0.974550,0.224171,0.000000,0.974843,0.222888,9.151302,-4.149154,-0.001750,1,0,18.607740,0.000000
5.910000,3999.960000,-22.934240,103.072200,0,1,0,2,0.000000,0.752710,0.752710,0.000000,0.974549,0.224175,0.000000,0.974817,0.222999,9.168967,-4.153732,-0.003754,1,0,18.610260,0.000000
5.920000,3999.960000,-22.975820,103.253600,0,1,0,2,0.000000,0.803937,0.803937,0.000000,0.989746,0.142840,0.000000,0.976359,0.216151,3.327979,-4.158134,-0.138346,1,0,18.612800,0.000000
5.930000,3999.960000,-23.018020,103.434900,0,1,0,2,0.000000,0.752374,0.752374,0.000000,0.974550,0.224171,0.000000,0.976206,0.216841,13.838280,-4.219444,-0.187557,1,0,18.615220,0.000000
5.940000,3999.960000,-23.059800,103.616400,0,1,0,2,0.000000,0.752318,0.752318,0.000000,0.974549,0.224175,0.000000,0.976066,0.217472,12.476660,-4.178102,-0.132749,1,0,18.616760,0.000000
5.950000,3999.960000,-23.101300,103.797900,0,1,0,2,0.000000,0.752558,0.752558,0.000000,0.974549,0.224175,0.000000,0.975937,0.218049,11.429150,-4.150102,-0.092625,1,0,18.618560,0.000000
5.960000,3999.960000,-23.142620,103.979400,0,1,0,2,0.000000,0.752984,0.752984,0.000000,0.974549,0.224175,0.000000,0.975819,0.218576,10.634300,-4.132362,-0.063942,1,0,18.620500,0.000000
5.970000,3999.960000,-23.183840,104.161000,0,1,0,2,0.000000,0.753515,0.753515,0.000000,0.974549,0.224175,0.000000,0.975711,0.219057,10.040970,-4.122406,-0.044079,1,0,18.622550,0.000000
5.980000,3999.960000,-23.225030,104.342700,0,1,0,2,0.000000,0.754091,0.754091,0.000000,0.974549,0.224175,0.000000,0.975612,0.219497,9.608203,-4.118257,-0.030956,1,0,18.624670,0.000000
5.990000,3999.960000,-23.266210,104.524300,0,1,0,2,0.000000,0.684944,0.684944,0.000000,0.948709,0.316151,0.000000,0.973680,0.227917,18.002950,-4.118341,0.130355,1,0,18.626830,0.000000
6.000000,3999.960000,-23.306580,104.706200,0,1,0,2,0.000000,0.756099,0.756099,0.000000,0.974549,0.224175,0.000000,0.973755,0.227595,3.239849,-4.036843,0.208595,1,0,18.630600,0.000000
6.010000,3999.960000,-23.347570,104.888000,0,1,0,2,0.000000,0.756894,0.756894,0.000000,0.974549,0.224175,0.000000,0.973823,0.227300,4.820894,-4.099159,0.139659,1,0,18.632950,0.000000
6.020000,3999.960000,-23.389030,105.069600,0,1,0,2,0.000000,0.757213,0.757213,0.000000,0.974549,0.224175,0.000000,0.973886,0.227031,6.078702,-4.146023,0.087069,1,0,18.635570,0.000000
6.030000,3999.960000,-23.430840,105.251300,0,1,0,2,0.000000,0.757184,0.757184,0.000000,0.974549,0.224175,0.000000,0.973943,0.226785,7.072704,-4.180594,0.047539,1,0,18.638320,0.000000
6.040000,3999.960000,-23.472890,105.432900,0,1,0,2,0.000000,0.756905,0.756905,0.000000,0.974549,0.224175,0.000000,0.973995,0.226561,7.852523,-4.205452,0.018381,1,0,18.641130,0.000000
6.050000,3999.960000,-23.515120,105.614500,0,1,0,2,0.000000,0.756457,0.756457,0.000000,0.974549,0.224175,0.000000,0.974043,0.226355,8.457887,-4.222690,-0.002590,1,0,18.643960,0.000000
6.060000,3999.960000,-23.557460,105.796100,0,1,0,2,0.000000,0.755898,0.755898,0.000000,0.974549,0.224175,0.000000,0.974086,0.226168,8.923013,-4.234013,-0.017156,1,0,18.646760,0.000000
6.070000,3999.960000,-23.599860,105.977700,0,1,0,2,0.000000,0.755277,0.755277,0.000000,0.974549,0.224175,0.000000,0.974126,0.225996,9.275097,-4.240792,-0.026754,1,0,18.649550,0.000000
6.080000,3999.960000,-23.642310,106.159300,0,1,0,2,0.000000,0.754629,0.754629,0.000000,0.974549,0.224175,0.000000,0.974162,0.225839,9.536985,-4.244132,-0.032544,1,0,18.652320,0.000000
6.090000,3999.960000,-23.684760,106.341000,0,1,0,2,0.000000,0.753976,0.753976,0.000000,0.974549,0.224175,0.000000,0.974196,0.225696,9.727552,-4.244915,-0.035456,1,0,18.655060,0.000000
6.100000,3999.960000,-23.727190,106.522700,0,1,0,2,0.000000,0.753347,0.753347,0.000000,0.974550,0.224171,0.000000,0.974226,0.225565,9.860616,-4.243837,-0.036234,1,0,18.657770,0.000000
6.110000,3999.960000,-23.769610,106.704400,0,1,0,2,0.000000,0.752740,0.752740,0.000000,0.974549,0.224175,0.000000,0.974254,0.225445,9.950741,-4.241460,-0.035461,1,0,18.660470,0.000000
6.120000,3999.960000,-23.811990,106.886100,0,1,0,2,0.000000,0.752177,0.752177,0.000000,0.974549,0.224175,0.000000,0.974279,0.225336,10.005670,-4.238205,-0.033593,1,0,18.663150,0.000000
6.130000,3999.960000,-23.854330,107.067900,0,1,0,2,0.000000,0.751658,0.751658,0.000000,0.974549,0.224175,0.000000,0.974303,0.225236,10.034430,-4.234415,-0.031000,1,0,18.665810,0.000000
6.140000,3999.960000,-23.896640,107.249700,0,1,0,2,0.000000,0.751189,0.751189,0.000000,0.974549,0.224175,0.000000,0.974324,0.225145,10.043090,-4.230345,-0.027959,1,0,18.668460,0.000000
6.150000,3999.960000,-23.938900,107.431600,0,1,0,2,0.000000,0.750769,0.750769,0.000000,0.974550,0.224171,0.000000,0.974343,0.225061,10.037130,-4.226192,-0.024692,1,0,18.671100,0.000000
6.160000,3999.960000,-23.981120,107.613500,0,1,0,2,0.000000,0.750392,0.750392,0.000000,0.974549,0.224175,0.000000,0.974361,0.224985,10.021470,-4.222098,-0.021345,1,0,18.673730,0.000000
6.170000,3999.960000,-24.023300,107.795400,0,1,0,2,0.000000,0.750069,0.750069,0.000000,0.974550,0.224171,0.000000,0.974377,0.224914,9.997287,-4.218159,-0.018039,1,0,18.676340,0.000000
6.180000,3999.960000,-24.065440,107.977400,0,1,0,2,0.000000,0.749783,0.749783,0.000000,0.974549,0.224175,0.000000,0.974392,0.224851,9.969378,-4.214457,-0.014859,1,0,18.678940,0.000000
6.190000,3999.960000,-24.107560,108.159400,0,1,0,2,0.000000,0.749541,0.749541,0.000000,0.974549,0.224175,0.000000,0.974406,0.224793,9.937957,-4.211028,-0.011857,1,0,18.681540,0.000000
6.200000,3999.960000,-24.149640,108.341500,0,1,0,2,0.000000,0.749337,0.749337,0.000000,0.974549,0.224175,0.000000,0.974418,0.224739,9.905380,-4.207907,-0.009077,1,0,18.684120,0.000000
6.210000,3999.960000,-24.191690,108.523600,0,1,0,2,0.000000,0.711290,0.711290,0.000000,0.919738,0.392532,0.000000,0.970887,0.239533,9.527472,-4.205104,0.278588,1,0,18.686700,0.000000
6.220000,3999.960000,-24.233750,108.705700,0,1,0,2,0.000000,0.748995,0.748995,0.000000,0.974549,0.224175,0.000000,0.971212,0.238214,3.383686,-4.206271,0.252996,1,0,18.690720,0.000000
6.230000,3999.960000,-24.276420,108.887700,0,1,0,2,0.000000,0.748206,0.748206,0.000000,0.974549,0.224175,0.000000,0.971507,0.237008,5.650299,-4.267079,0.168128,1,0,18.693870,0.000000
6.240000,3999.960000,-24.319480,109.069600,0,1,0,2,0.000000,0.747025,0.747025,0.000000,0.974549,0.224175,0.000000,0.971775,0.235905,7.369636,-4.305808,0.107958,1,0,18.697330,0.000000
6.250000,3999.960000,-24.362760,109.251500,0,1,0,2,0.000000,0.745628,0.745628,0.000000,0.974549,0.224175,0.000000,0.972020,0.234897,8.651329,-4.327784,0.066844,1,0,18.700860,0.000000
6.260000,3999.960000,-24.406130,109.433500,0,1,0,2,0.000000,0.744141,0.744141,0.000000,0.974549,0.224175,0.000000,0.972242,0.233977,9.586596,-4.337267,0.040227,1,0,18.704380,0.000000
6.270000,3999.960000,-24.449510,109.615500,0,1,0,2,0.000000,0.742659,0.742659,0.000000,0.974549,0.224175,0.000000,0.972444,0.233134,10.249260,-4.337632,0.024473,1,0,18.707830,0.000000
6.280000,3999.960000,-24.492820,109.797500,0,1,0,2,0.000000,0.741247,0.741247,0.000000,0.974549,0.224175,0.000000,0.972628,0.232364,10.698720,-4.331536,0.016732,1,0,18.711200,0.000000
6.290000,3999.960000,-24.536030,109.979600,0,1,0,2,0.000000,0.739952,0.739952,0.000000,0.974549,0.224175,0.000000,0.972796,0.231661,10.982910,-4.321056,0.014758,1,0,18.714490,0.000000
6.300000,3999.960000,-24.579110,110.161800,0,1,0,2,0.000000,0.738799,0.738799,0.000000,0.974549,0.224175,0.000000,0.972949,0.231018,11.141640,-4.307805,0.016767,1,0,18.717710,0.000000
6.310000,3999.960000,-24.622040,110.344000,0,1,0,2,0.000000,0.737805,0.737805,0.000000,0.974549,0.224175,0.000000,0.973089,0.230430,11.205770,-4.293005,0.021417,1,0,18.720870,0.000000
6.320000,3999.960000,-24.664820,110.526300,0,1,0,2,0.000000,0.736977,0.736977,0.000000,0.974549,0.224175,0.000000,0.973216,0.229894,11.199420,-4.277580,0.027676,1,0,18.723970,0.000000
6.330000,3999.960000,-24.707440,110.708600,0,1,0,2,0.000000,0.736314,0.736314,0.000000,0.974549,0.224175,0.000000,0.973331,0.229403,11.143680,-4.262218,0.034729,1,0,18.727010,0.000000
6.340000,3999.960000,-24.749910,110.891000,0,1,0,2,0.000000,0.735811,0.735811,0.000000,0.974551,0.224168,0.000000,0.973437,0.228954,11.053150,-4.247398,0.042011,1,0,18.730010,0.000000
6.350000,3999.960000,-24.792250,111.073500,0,1,0,2,0.000000,0.735453,0.735453,0.000000,0.974549,0.224175,0.000000,0.973534,0.228543,10.941290,-4.233462,0.049100,1,0,18.732960,0.000000
6.360000,3999.960000,-24.834460,111.256100,0,1,0,2,0.000000,0.774496,0.774496,0.000000,0.986645,0.162887,0.000000,0.974835,0.222928,6.279313,-4.220618,-0.045017,1,0,18.735870,0.000000
6.370000,3999.960000,-24.876990,111.438600,0,1,0,2,0.000000,0.734694,0.734694,0.000000,0.974549,0.224175,0.000000,0.974810,0.223035,14.211850,-4.253107,-0.075754,1,0,18.738290,0.000000
6.380000,3999.960000,-24.919070,111.621200,0,1,0,2,0.000000,0.734616,0.734616,0.000000,0.974549,0.224175,0.000000,0.974788,0.223133,13.014670,-4.208242,-0.027314,1,0,18.740470,0.000000
6.390000,3999.960000,-24.960820,111.803900,0,1,0,2,0.000000,0.734883,0.734883,0.000000,0.974549,0.224175,0.000000,0.974767,0.223223,12.059630,-4.175088,0.008953,1,0,18.742770,0.000000
6.400000,3999.960000,-25.002330,111.986700,0,1,0,2,0.000000,0.735401,0.735401,0.000000,0.974549,0.224175,0.000000,0.974748,0.223305,11.302790,-4.151274,0.035492,1,0,18.745130,0.000000
6.410000,3999.960000,-25.043680,112.169500,0,1,0,2,0.000000,0.736091,0.736091,0.000000,0.974550,0.224171,0.000000,0.974731,0.223379,10.708170,-4.134859,0.054301,1,0,18.747500,0.000000
6.420000,3999.960000,-25.084920,112.352500,0,1,0,2,0.000000,0.736900,0.736900,0.000000,0.974550,0.224171,0.000000,0.974716,0.223447,10.244350,-4.124255,0.067026,1,0,18.749870,0.000000
6.430000,3999.960000,-25.126110,112.535400,0,1,0,2,0.000000,0.737769,0.737769,0.000000,0.974549,0.224175,0.000000,0.974701,0.223510,9.888470,-4.118182,0.074995,1,0,18.752240,0.000000
6.440000,3999.960000,-25.167260,112.718400,0,1,0,2,0.000000,0.738675,0.738675,0.000000,0.974549,0.224175,0.000000,0.974688,0.223567,9.617840,-4.115584,0.079298,1,0,18.754590,0.000000
6.450000,3999.960000,-25.208420,112.901400,0,1,0,2,0.000000,0.739585,0.739585,0.000000,0.974551,0.224168,0.000000,0.974676,0.223619,9.416730,-4.115627,0.080785,1,0,18.756930,0.000000
6.460000,3999.960000,-25.249600,113.084400,0,1,0,2,0.000000,0.740478,0.740478,0.000000,0.974549,0.224175,0.000000,0.974665,0.223667,9.270826,-4.117631,0.080188,1,0,18.759270,0.000000
6.470000,3999.960000,-25.290810,113.267400,0,1,0,2,0.000000,0.741344,0.741344,0.000000,0.974549,0.224175,0.000000,0.974655,0.223710,9.168166,-4.121055,0.078053,1,0,18.761600,0.000000
6.480000,3999.960000,-25.332060,113.450500,0,1,0,2,0.000000,0.742168,0.742168,0.000000,0.974550,0.224171,0.000000,0.974646,0.223750,9.100669,-4.125477,0.074817,1,0,18.763920,0.000000
6.490000,3999.960000,-25.373370,113.633500,0,1,0,2,0.000000,0.742947,0.742947,0.000000,0.974549,0.224175,0.000000,0.974638,0.223787,9.059504,-4.130554,0.070850,1,0,18.766250,0.000000
6.500000,3999.960000,-25.414730,113.816600,0,1,0,2,0.000000,0.743673,0.743673,0.000000,0.974550,0.224171,0.000000,0.974630,0.223820,9.039714,-4.136027,0.066408,1,0,18.768570,0.000000
6.510000,3999.960000,-25.456140,113.999700,0,1,0,2,0.000000,0.744349,0.744349,0.000000,0.974549,0.224175,0.000000,0.974623,0.223850,9.035195,-4.141689,0.061725,1,0,18.770900,0.000000
6.520000,3999.960000,-25.497620,114.182800,0,1,0,2,0.000000,0.744970,0.744970,0.000000,0.974549,0.224175,0.000000,0.974617,0.223878,9.042588,-4.147390,0.056950,1,0,18.773220,0.000000
6.530000,3999.960000,-25.539150,114.365900,0,1,0,2,0.000000,0.745539,0.745539,0.000000,0.974549,0.224175,0.000000,0.974611,0.223904,9.058708,-4.153015,0.052208,1,0,18.775540,0.000000
6.540000,3999.960000,-25.580730,114.549000,0,1,0,2,0.000000,0.746058,0.746058,0.000000,0.974549,0.224175,0.000000,0.974606,0.223927,9.080751,-4.158477,0.047590,1,0,18.777870,0.000000
6.550000,3999.960000,-25.622370,114.732100,0,1,0,2,0.000000,0.746527,0.746527,0.000000,0.974550,0.224171,0.000000,0.974601,0.223948,9.107236,-4.163720,0.043152,1,0,18.780190,0.000000
6.560000,3999.960000,-25.664050,114.915300,0,1,0,2,0.000000,0.746952,0.746952,0.000000,0.974549,0.224175,0.000000,0.974597,0.223968,9.135612,-4.168700,0.038955,1,0,18.782520,0.000000
6.570000,3999.960000,-25.705790,115.098400,0,1,0,2,0.000000,0.747333,0.747333,0.000000,0.974549,0.224175,0.000000,0.974592,0.223985,9.165526,-4.173398,0.035013,1,0,18.784840,0.000000
6.580000,3999.960000,-25.747570,115.281600,0,1,0,2,0.000000,0.747674,0.747674,0.000000,0.974549,0.224175,0.000000,0.974589,0.224002,9.195808,-4.177802,0.031344,1,0,18.787160,0.000000
6.590000,3999.960000,-25.789390,115.464800,0,1,0,2,0.000000,0.747979,0.747979,0.000000,0.974549,0.224175,0.000000,0.974585,0.224017,9.225646,-4.181906,0.027955,1,0,18.789480,0.000000
6.600000,3999.960000,-25.831240,115.648000,0,1,0,2,0.000000,0.748250,0.748250,0.000000,0.974549,0.224175,0.000000,0.974582,0.224030,9.254567,-4.185715,0.024842,1,0,18.791800,0.000000
6.610000,3999.960000,-25.873140,115.831200,0,1,0,2,0.000000,0.748490,0.748490,0.000000,0.974549,0.224175,0.000000,0.974579,0.224043,9.282462,-4.189240,0.022000,1,0,18.794120,0.000000
6.620000,3999.960000,-25.915060,116.014400,0,1,0,2,0.000000,0.735714,0.735714,0.000000,0.970113,0.242655,0.000000,0.974209,0.225648,10.874440,-4.192489,0.050158,1,0,18.796440,0.000000
6.630000,3999.960000,-25.956870,116.197700,0,1,0,2,0.000000,0.749046,0.749046,0.000000,0.974551,0.224168,0.000000,0.974238,0.225520,8.208238,-4.180254,0.060832,1,0,18.798950,0.000000
6.640000,3999.960000,-25.998810,116.381000,0,1,0,2,0.000000,0.749251,0.749251,0.000000,0.974549,0.224175,0.000000,0.974265,0.225404,8.566012,-4.194003,0.045053,1,0,18.801360,0.000000
6.650000,3999.960000,-26.040850,116.564200,0,1,0,2,0.000000,0.749362,0.749362,0.000000,0.974551,0.224168,0.000000,0.974290,0.225298,8.846518,-4.204251,0.033045,1,0,18.803780,0.000000
6.660000,3999.960000,-26.082970,116.747500,0,1,0,2,0.000000,0.749398,0.749398,0.000000,0.974549,0.224175,0.000000,0.974312,0.225201,9.065444,-4.211755,0.024037,1,0,18.806200,0.000000
6.670000,3999.960000,-26.125140,116.930800,0,1,0,2,0.000000,0.749385,0.749385,0.000000,0.974549,0.224175,0.000000,0.974333,0.225113,9.234288,-4.217118,0.017385,1,0,18.808600,0.000000
6.680000,3999.960000,-26.167350,117.114100,0,1,0,2,0.000000,0.749338,0.749338,0.000000,0.974549,0.224175,0.000000,0.974351,0.225032,9.363164,-4.220829,0.012572,1,0,18.811000,0.000000
6.690000,3999.960000,-26.209580,117.297500,0,1,0,2,0.000000,0.749275,0.749275,0.000000,0.974549,0.224175,0.000000,0.974368,0.224958,9.459418,-4.223279,0.009184,1,0,18.813390,0.000000
6.700000,3999.960000,-26.251830,117.480800,0,1,0,2,0.000000,0.749200,0.749200,0.000000,0.974549,0.224175,0.000000,0.974384,0.224891,9.530651,-4.224787,0.006882,1,0,18.815760,0.000000
6.710000,3999.960000,-26.294080,117.664200,0,1,0,2,0.000000,0.749123,0.749123,0.000000,0.974549,0.224175,0.000000,0.974398,0.224829,9.581620,-4.225598,0.005405,1,0,18.818120,0.000000
6.720000,3999.960000,-26.336340,117.847600,0,1,0,2,0.000000,0.749047,0.749047,0.000000,0.974549,0.224175,0.000000,0.974411,0.224773,9.617106,-4.225910,0.004539,1,0,18.820480,0.000000
6.730000,3999.960000,-26.378600,118.031000,0,1,0,2,0.000000,0.748977,0.748977,0.000000,0.974549,0.224175,0.000000,0.974423,0.224721,9.640187,-4.225875,0.004122,1,0,18.822820,0.000000
6.740000,3999.960000,-26.420850,118.214500,0,1,0,2,0.000000,0.748917,0.748917,0.000000,0.974549,0.224175,0.000000,0.974434,0.224674,9.653711,-4.225613,0.004021,1,0,18.825160,0.000000
6.750000,3999.960000,-26.463110,118.397900,0,1,0,2,0.000000,0.748864,0.748864,0.000000,0.974549,0.224175,0.000000,0.974444,0.224631,9.660428,-4.225219,0.004131,1,0,18.827490,0.000000
6.760000,3999.960000,-26.505350,118.581400,0,1,0,2,0.000000,0.748822,0.748822,0.000000,0.974549,0.224175,0.000000,0.974453,0.224592,9.662011,-4.224758,0.004379,1,0,18.829810,0.000000
6.770000,3999.960000,-26.547600,118.765000,0,1,0,2,0.000000,0.744471,0.744471,0.000000,0.968412,0.249355,0.000000,0.973958,0.226729,9.381840,-4.224281,0.046717,1,0,18.832120,0.000000
6.780000,3999.960000,-26.589860,118.948500,0,1,0,2,0.000000,0.748742,0.748742,0.000000,0.974549,0.224175,0.000000,0.974009,0.226509,8.764059,-4.226573,0.040698,1,0,18.834630,0.000000
6.790000,3999.960000,-26.632210,119.132000,0,1,0,2,0.000000,0.748613,0.748613,0.000000,0.974549,0.224175,0.000000,0.974055,0.226308,9.083536,-4.234876,0.028868,1,0,18.837110,0.000000
6.800000,3999.960000,-26.674610,119.315600,0,1,0,2,0.000000,0.748436,0.748436,0.000000,0.974549,0.224175,0.000000,0.974098,0.226125,9.323134,-4.240056,0.020572,1,0,18.839570,0.000000
6.810000,3999.960000,-26.717040,119.499200,0,1,0,2,0.000000,0.748236,0.748236,0.000000,0.974549,0.224175,0.000000,0.974136,0.225957,9.499279,-4.242893,0.014979,1,0,18.842010,0.000000
6.820000,3999.960000,-26.759480,119.682800,0,1,0,2,0.000000,0.748029,0.748029,0.000000,0.974549,0.224175,0.000000,0.974172,0.225804,9.625705,-4.244009,0.011429,1,0,18.844430,0.000000
6.830000,3999.960000,-26.801920,119.866400,0,1,0,2,0.000000,0.747830,0.747830,0.000000,0.974550,0.224171,0.000000,0.974205,0.225663,9.712825,-4.243889,0.009391,1,0,18.846840,0.000000
6.840000,3999.960000,-26.844350,120.050100,0,1,0,2,0.000000,0.747647,0.747647,0.000000,0.974549,0.224175,0.000000,0.974234,0.225535,9.769212,-4.242918,0.008463,1,0,18.849230,0.000000
6.850000,3999.960000,-26.886760,120.233800,0,1,0,2,0.000000,0.747485,0.747485,0.000000,0.974549,0.224175,0.000000,0.974261,0.225418,9.802428,-4.241395,0.008309,1,0,18.851600,0.000000
6.860000,3999.960000,-26.929160,120.417500,0,1,0,2,0.000000,0.747348,0.747348,0.000000,0.974549,0.224175,0.000000,0.974286,0.225311,9.818164,-4.239546,0.008680,1,0,18.853950,0.000000
6.870000,3999.960000,-26.971530,120.601200,0,1,0,2,0.000000,0.747234,0.747234,0.000000,0.974549,0.224175,0.000000,0.974309,0.225213,9.821209,-4.237544,0.009384,1,0,18.856300,0.000000
6.880000,3999.960000,-27.013890,120.785000,0,1,0,2,0.000000,0.747149,0.747149,0.000000,0.974549,0.224175,0.000000,0.974329,0.225124,9.814460,-4.235511,0.010277,1,0,18.858620,0.000000
6.890000,3999.960000,-27.056220,120.968800,0,1,0,2,0.000000,0.747089,0.747089,0.000000,0.974549,0.224175,0.000000,0.974348,0.225042,9.801044,-4.233544,0.011250,1,0,18.860940,0.000000
6.900000,3999.960000,-27.098540,121.152600,0,1,0,2,0.000000,0.747052,0.747052,0.000000,0.974549,0.224175,0.000000,0.974366,0.224967,9.783627,-4.231707,0.012221,1,0,18.863240,0.000000
6.910000,3999.960000,-27.140840,121.336500,0,1,0,2,0.000000,0.747038,0.747038,0.000000,0.974550,0.224171,0.000000,0.974381,0.224899,9.763530,-4.230040,0.013134,1,0,18.865530,0.000000
6.920000,3999.960000,-27.183120,121.520300,0,1,0,2,0.000000,0.765979,0.765979,0.000000,0.959406,0.282028,0.000000,0.973226,0.229849,3.893880,-4.228568,0.111090,1,0,18.867820,0.000000
6.930000,3999.960000,-27.225970,121.704100,0,1,0,2,0.000000,0.746487,0.746487,0.000000,0.974550,0.224171,0.000000,0.973341,0.229361,9.056085,-4.284317,0.044992,1,0,18.870330,0.000000
6.940000,3999.960000,-27.268870,121.887900,0,1,0,2,0.000000,0.745874,0.745874,0.000000,0.974549,0.224175,0.000000,0.973446,0.228916,9.507375,-4.289770,0.031395,1,0,18.873030,0.000000
6.950000,3999.960000,-27.311770,122.071700,0,1,0,2,0.000000,0.745259,0.745259,0.000000,0.974549,0.224175,0.000000,0.973541,0.228510,9.826928,-4.290815,0.023074,1,0,18.875690,0.000000
6.960000,3999.960000,-27.354660,122.255600,0,1,0,2,0.000000,0.744673,0.744673,0.000000,0.974549,0.224175,0.000000,0.973628,0.228137,10.045520,-4.288741,0.018586,1,0,18.878310,0.000000
6.970000,3999.960000,-27.397500,122.439400,0,1,0,2,0.000000,0.744136,0.744136,0.000000,0.974549,0.224175,0.000000,0.973707,0.227796,10.185100,-4.284533,0.016902,1,0,18.880890,0.000000
6.980000,3999.960000,-27.440290,122.623400,0,1,0,2,0.000000,0.743660,0.743660,0.000000,0.974549,0.224175,0.000000,0.973780,0.227484,10.264640,-4.278961,0.017175,1,0,18.883430,0.000000
6.990000,3999.960000,-27.483020,122.807300,0,1,0,2,0.000000,0.743255,0.743255,0.000000,0.974549,0.224175,0.000000,0.973846,0.227199,10.298720,-4.272614,0.018756,1,0,18.885940,0.000000
7.000000,3999.960000,-27.525680,122.991300,0,1,0,2,0.000000,0.742926,0.742926,0.000000,0.974549,0.224175,0.000000,0.973906,0.226939,10.298840,-4.265933,0.021144,1,0,18.888420,0.000000
7.010000,3999.960000,-27.568270,123.175400,0,1,0,2,0.000000,0.742669,0.742669,0.000000,0.974549,0.224175,0.000000,0.973962,0.226701,10.275180,-4.259252,0.023958,1,0,18.890870,0.000000
7.020000,3999.960000,-27.610800,123.359500,0,1,0,2,0.000000,0.742484,0.742484,0.000000,0.974550,0.224171,0.000000,0.974012,0.226483,10.235000,-4.252801,0.026920,1,0,18.893290,0.000000
7.030000,3999.960000,-27.653270,123.543600,0,1,0,2,0.000000,0.742368,0.742368,0.000000,0.974549,0.224175,0.000000,0.974059,0.226285,10.183290,-4.246742,0.029840,1,0,18.895690,0.000000
7.040000,3999.960000,-27.695680,123.727700,0,1,0,2,0.000000,0.742315,0.742315,0.000000,0.974549,0.224175,0.000000,0.974101,0.226103,10.125040,-4.241188,0.032568,1,0,18.898070,0.000000
7.050000,3999.960000,-27.738040,123.911900,0,1,0,2,0.000000,0.742317,0.742317,0.000000,0.974549,0.224175,0.000000,0.974139,0.225937,10.064030,-4.236202,0.035010,1,0,18.900420,0.000000
7.060000,3999.960000,-27.780360,124.096200,0,1,0,2,0.000000,0.742370,0.742370,0.000000,0.974549,0.224175,0.000000,0.974175,0.225785,10.002290,-4.231811,0.037112,1,0,18.902750,0.000000
7.070000,3999.960000,-27.822640,124.280400,0,1,0,2,0.000000,0.742467,0.742467,0.000000,0.974549,0.224175,0.000000,0.974207,0.225647,9.941719,-4.228021,0.038845,1,0,18.905060,0.000000
7.080000,3999.960000,-27.864890,124.464700,0,1,0,2,0.000000,0.742604,0.742604,0.000000,0.974549,0.224175,0.000000,0.974236,0.225520,9.883591,-4.224822,0.040198,1,0,18.907350,0.000000
7.090000,3999.960000,-27.907110,124.649000,0,1,0,2,0.000000,0.742773,0.742773,0.000000,0.974549,0.224175,0.000000,0.974263,0.225404,9.828918,-4.222189,0.041178,1,0,18.909630,0.000000
7.100000,3999.960000,-27.949310,124.833400,0,1,0,2,0.000000,0.742968,0.742968,0.000000,0.974549,0.224175,0.000000,0.974288,0.225298,9.778455,-4.220088,0.041800,1,0,18.911880,0.000000
7.110000,3999.960000,-27.991500,125.017800,0,1,0,2,0.000000,0.729742,0.729742,0.000000,0.955142,0.296149,0.000000,0.972845,0.231450,9.103292,-4.218478,0.163471,1,0,18.914130,0.000000
7.120000,3999.960000,-28.033730,125.202200,0,1,0,2,0.000000,0.743357,0.743357,0.000000,0.974550,0.224171,0.000000,0.972994,0.230824,7.071646,-4.223557,0.146764,1,0,18.916930,0.000000
7.130000,3999.960000,-28.076220,125.386500,0,1,0,2,0.000000,0.743276,0.743276,0.000000,0.974549,0.224175,0.000000,0.973129,0.230253,7.986766,-4.248388,0.110799,1,0,18.919520,0.000000
7.140000,3999.960000,-28.118860,125.570900,0,1,0,2,0.000000,0.743042,0.743042,0.000000,0.974549,0.224175,0.000000,0.973253,0.229732,8.675876,-4.264284,0.084969,1,0,18.922150,0.000000
7.150000,3999.960000,-28.161590,125.755200,0,1,0,2,0.000000,0.715139,0.715139,0.000000,0.987735,0.156141,0.000000,0.974716,0.223443,16.987360,-4.273451,-0.046018,1,0,18.924770,0.000000
7.160000,3999.960000,-28.203610,125.939800,0,1,0,2,0.000000,0.743138,0.743138,0.000000,0.974549,0.224175,0.000000,0.974701,0.223506,10.059620,-4.201490,0.029498,1,0,18.926770,0.000000
7.170000,3999.960000,-28.245580,126.124400,0,1,0,2,0.000000,0.743607,0.743607,0.000000,0.974549,0.224175,0.000000,0.974688,0.223563,9.823272,-4.197119,0.035568,1,0,18.928810,0.000000
7.180000,3999.960000,-28.287530,126.309000,0,1,0,2,0.000000,0.744102,0.744102,0.000000,0.974549,0.224175,0.000000,0.974676,0.223616,9.643841,-4.195055,0.039174,1,0,18.930860,0.000000
7.190000,3999.960000,-28.329480,126.493600,0,1,0,2,0.000000,0.744604,0.744604,0.000000,0.974549,0.224175,0.000000,0.974665,0.223664,9.510350,-4.194744,0.040896,1,0,18.932900,0.000000
7.200000,3999.960000,-28.371440,126.678200,0,1,0,2,0.000000,0.745100,0.745100,0.000000,0.974549,0.224175,0.000000,0.974655,0.223708,9.413258,-4.195734,0.041202,1,0,18.934940,0.000000
7.210000,3999.960000,-28.413410,126.862900,0,1,0,2,0.000000,0.745584,0.745584,0.000000,0.974549,0.224175,0.000000,0.974646,0.223748,9.344617,-4.197670,0.040464,1,0,18.936980,0.000000
7.220000,3999.960000,-28.455420,127.047600,0,1,0,2,0.000000,0.746043,0.746043,0.000000,0.974549,0.224175,0.000000,0.974638,0.223785,9.299133,-4.200273,0.038975,1,0,18.939010,0.000000
7.230000,3999.960000,-28.497450,127.232300,0,1,0,2,0.000000,0.746476,0.746476,0.000000,0.974549,0.224175,0.000000,0.974630,0.223818,9.271187,-4.203318,0.036971,1,0,18.941050,0.000000
7.240000,3999.960000,-28.539510,127.417000,0,1,0,2,0.000000,0.746881,0.746881,0.000000,0.974549,0.224175,0.000000,0.974623,0.223849,9.256586,-4.206632,0.034635,1,0,18.943090,0.000000
7.250000,3999.960000,-28.581620,127.601700,0,1,0,2,0.000000,0.747293,0.747293,0.000000,0.974562,0.224118,0.000000,0.974618,0.223872,9.248048,-4.210086,0.032009,1,0,18.945130,0.000000
7.260000,3999.960000,-28.623750,127.786400,0,1,0,2,0.000000,0.747634,0.747634,0.000000,0.974563,0.224114,0.000000,0.974613,0.223893,9.255472,-4.213621,0.029256,1,0,18.947160,0.000000
7.270000,3999.960000,-28.665920,127.971100,0,1,0,2,0.000000,0.747945,0.747945,0.000000,0.974562,0.224118,0.000000,0.974609,0.223912,9.266967,-4.217080,0.026551,1,0,18.949190,0.000000
7.280000,3999.960000,-28.708130,128.155900,0,1,0,2,0.000000,0.748225,0.748225,0.000000,0.974562,0.224118,0.000000,0.974605,0.223930,9.282063,-4.220424,0.023931,1,0,18.951230,0.000000
7.290000,3999.960000,-28.750360,128.340700,0,1,0,2,0.000000,0.748482,0.748482,0.000000,0.974563,0.224114,0.000000,0.974601,0.223946,9.298284,-4.223618,0.021430,1,0,18.953260,0.000000
7.300000,3999.960000,-28.792630,128.525400,0,1,0,2,0.000000,0.748687,0.748687,0.000000,0.974577,0.224054,0.000000,0.974599,0.223955,9.322986,-4.226650,0.018966,1,0,18.955290,0.000000
7.310000,3999.960000,-28.834920,128.710200,0,1,0,2,0.000000,0.748891,0.748891,0.000000,0.974575,0.224061,0.000000,0.974597,0.223964,9.341826,-4.229439,0.016748,1,0,18.957320,0.000000
7.320000,3999.960000,-28.877240,128.895100,0,1,0,2,0.000000,0.749073,0.749073,0.000000,0.974575,0.224061,0.000000,0.974595,0.223973,9.360083,-4.232042,0.014705,1,0,18.959350,0.000000
7.330000,3999.960000,-28.919590,129.079900,0,1,0,2,0.000000,0.749233,0.749233,0.000000,0.974576,0.224057,0.000000,0.974594,0.223980,9.378138,-4.234464,0.012827,1,0,18.961370,0.000000
7.340000,3999.960000,-28.961960,129.264700,0,1,0,2,0.000000,0.749378,0.749378,0.000000,0.974575,0.224061,0.000000,0.974592,0.223987,9.394696,-4.236708,0.011124,1,0,18.963390,0.000000
7.350000,3999.960000,-29.004340,129.449600,0,1,0,2,0.000000,0.749504,0.749504,0.000000,0.974575,0.224061,0.000000,0.974591,0.223993,9.410605,-4.238789,0.009577,1,0,18.965410,0.000000
7.360000,3999.960000,-29.046750,129.634500,0,1,0,2,0.000000,0.749617,0.749617,0.000000,0.974577,0.224054,0.000000,0.974589,0.223998,9.425503,-4.240712,0.008169,1,0,18.967430,0.000000
7.370000,3999.960000,-29.089180,129.819400,0,1,0,2,0.000000,0.749712,0.749712,0.000000,0.974575,0.224061,0.000000,0.974588,0.224004,9.439682,-4.242488,0.006914,1,0,18.969440,0.000000
7.380000,3999.960000,-29.131620,130.004300,0,1,0,2,0.000000,0.797866,0.797866,0.000000,0.988995,0.147947,0.000000,0.976059,0.217504,3.977562,-4.244124,-0.120729,1,0,18.971450,0.000000
7.390000,3999.960000,-29.174610,130.189100,0,1,0,2,0.000000,0.749327,0.749327,0.000000,0.974576,0.224057,0.000000,0.975934,0.218068,13.836020,-4.298955,-0.165638,1,0,18.973260,0.000000
7.400000,3999.960000,-29.217180,130.374000,0,1,0,2,0.000000,0.749281,0.749281,0.000000,0.974576,0.224057,0.000000,0.975818,0.218583,12.523550,-4.257529,-0.112850,1,0,18.974360,0.000000
7.410000,3999.960000,-29.259470,130.558900,0,1,0,2,0.000000,0.749527,0.749527,0.000000,0.974575,0.224061,0.000000,0.975713,0.219055,11.508910,-4.228961,-0.074082,1,0,18.975680,0.000000
7.420000,3999.960000,-29.301580,130.744000,0,1,0,2,0.000000,0.749972,0.749972,0.000000,0.974575,0.224061,0.000000,0.975616,0.219486,10.732320,-4.210329,-0.046262,1,0,18.977130,0.000000
7.430000,3999.960000,-29.343570,130.929100,0,1,0,2,0.000000,0.750540,0.750540,0.000000,0.974576,0.224057,0.000000,0.975527,0.219879,10.146660,-4.199298,-0.026957,1,0,18.978660,0.000000
7.440000,3999.960000,-29.385510,131.114200,0,1,0,2,0.000000,0.751155,0.751155,0.000000,0.974575,0.224061,0.000000,0.975445,0.220239,9.715300,-4.193999,-0.014160,1,0,18.980240,0.000000
7.450000,3999.960000,-29.427440,131.299300,0,1,0,2,0.000000,0.751788,0.751788,0.000000,0.974575,0.224061,0.000000,0.975370,0.220568,9.403545,-4.192919,-0.006283,1,0,18.981860,0.000000
7.460000,3999.960000,-29.469390,131.484500,0,1,0,2,0.000000,0.752406,0.752406,0.000000,0.974575,0.224061,0.000000,0.975302,0.220868,9.186548,-4.194887,-0.002073,1,0,18.983510,0.000000
7.470000,3999.960000,-29.511380,131.669600,0,1,0,2,0.000000,0.752984,0.752984,0.000000,0.974576,0.224057,0.000000,0.975239,0.221143,9.043416,-4.198974,-0.000540,1,0,18.985190,0.000000
7.480000,3999.960000,-29.553420,131.854800,0,1,0,2,0.000000,0.753515,0.753515,0.000000,0.974576,0.224057,0.000000,0.975182,0.221394,8.956157,-4.204458,-0.000892,1,0,18.986900,0.000000
7.490000,3999.960000,-29.595530,132.039900,0,1,0,2,0.000000,0.753981,0.753981,0.000000,0.974577,0.224054,0.000000,0.975130,0.221623,8.912826,-4.210792,-0.002537,1,0,18.988620,0.000000
7.500000,3999.960000,-29.637700,132.225100,0,1,0,2,0.000000,0.754380,0.754380,0.000000,0.974576,0.224057,0.000000,0.975083,0.221832,8.901759,-4.217546,-0.004986,1,0,18.990370,0.000000
7.510000,3999.960000,-29.679950,132.410200,0,1,0,2,0.000000,0.754720,0.754720,0.000000,0.974576,0.224057,0.000000,0.975039,0.222024,8.912877,-4.224406,-0.007890,1,0,18.992130,0.000000
7.520000,3999.960000,-29.722260,132.595400,0,1,0,2,0.000000,0.754988,0.754988,0.000000,0.974575,0.224061,0.000000,0.974999,0.222199,8.941775,-4.231154,-0.010991,1,0,18.993920,0.000000
7.530000,3999.960000,-29.764640,132.780600,0,1,0,2,0.000000,0.755197,0.755197,0.000000,0.974577,0.224054,0.000000,0.974963,0.222359,8.981479,-4.237617,-0.014102,1,0,18.995710,0.000000
7.540000,3999.960000,-29.807070,132.965800,0,1,0,2,0.000000,0.755344,0.755344,0.000000,0.974575,0.224061,0.000000,0.974929,0.222505,9.028693,-4.243690,-0.017065,1,0,18.997520,0.000000
7.550000,3999.960000,-29.849570,133.150900,0,1,0,2,0.000000,0.755442,0.755442,0.000000,0.974577,0.224054,0.000000,0.974899,0.222638,9.079335,-4.249300,-0.019807,1,0,18.999340,0.000000
7.560000,3999.960000,-29.892110,133.336100,0,1,0,2,0.000000,0.755488,0.755488,0.000000,0.974575,0.224061,0.000000,0.974871,0.222761,9.131965,-4.254412,-0.022250,1,0,19.001170,0.000000
7.570000,3999.960000,-29.934700,133.521300,0,1,0,2,0.000000,0.719109,0.719109,0.000000,0.930724,0.365722,0.000000,0.971919,0.235308,9.635091,-4.259009,0.218395,1,0,19.003010,0.000000
7.580000,3999.960000,-29.977290,133.706500,0,1,0,2,0.000000,0.755506,0.755506,0.000000,0.974575,0.224061,0.000000,0.972153,0.234342,3.537782,-4.258938,0.200317,1,0,19.006080,0.000000
7.590000,3999.960000,-30.020470,133.891700,0,1,0,2,0.000000,0.754918,0.754918,0.000000,0.974576,0.224057,0.000000,0.972365,0.233458,5.581998,-4.318122,0.122870,1,0,19.008510,0.000000
7.600000,3999.960000,-30.064040,134.076700,0,1,0,2,0.000000,0.753931,0.753931,0.000000,0.974575,0.224061,0.000000,0.972559,0.232651,7.147884,-4.357373,0.067415,1,0,19.011160,0.000000
7.610000,3999.960000,-30.107850,134.261700,0,1,0,2,0.000000,0.750041,0.750041,0.000000,0.978551,0.206004,0.000000,0.973103,0.230364,9.570453,-4.381351,-0.001269,1,0,19.013880,0.000000
7.620000,3999.960000,-30.151670,134.446800,0,1,0,2,0.000000,0.751479,0.751479,0.000000,0.974576,0.224057,0.000000,0.973231,0.229822,9.571568,-4.381703,-0.011613,1,0,19.016440,0.000000
7.630000,3999.960000,-30.195490,134.631900,0,1,0,2,0.000000,0.750259,0.750259,0.000000,0.974575,0.224061,0.000000,0.973348,0.229327,10.027890,-4.382033,-0.021036,1,0,19.018940,0.000000
7.640000,3999.960000,-30.239270,134.817000,0,1,0,2,0.000000,0.749084,0.749084,0.000000,0.974575,0.224061,0.000000,0.973455,0.228875,10.340850,-4.377911,-0.025054,1,0,19.021380,0.000000
7.650000,3999.960000,-30.282980,135.002100,0,1,0,2,0.000000,0.805976,0.805976,0.000000,0.991492,0.130170,0.000000,0.975396,0.220456,4.029938,-4.370737,-0.181476,1,0,19.023770,0.000000
7.660000,3999.960000,-30.327230,135.187100,0,1,0,2,0.000000,0.746347,0.746347,0.000000,0.974577,0.224054,0.000000,0.975325,0.220766,15.992100,-4.424953,-0.230664,1,0,19.025940,0.000000
7.670000,3999.960000,-30.370850,135.372300,0,1,0,2,0.000000,0.745343,0.745343,0.000000,0.974577,0.224054,0.000000,0.975261,0.221049,14.423030,-4.362452,-0.160699,1,0,19.026870,0.000000
7.680000,3999.960000,-30.414010,135.557700,0,1,0,2,0.000000,0.744826,0.744826,0.000000,0.974577,0.224054,0.000000,0.975202,0.221308,13.171880,-4.315318,-0.106956,1,0,19.028140,0.000000
7.690000,3999.960000,-30.456810,135.743100,0,1,0,2,0.000000,0.744671,0.744671,0.000000,0.974575,0.224061,0.000000,0.975148,0.221545,12.180110,-4.280434,-0.066187,1,0,19.029620,0.000000
7.700000,3999.960000,-30.499360,135.928600,0,1,0,2,0.000000,0.744781,0.744781,0.000000,0.974575,0.224061,0.000000,0.975099,0.221761,11.399310,-4.255258,-0.035764,1,0,19.031210,0.000000
7.710000,3999.960000,-30.541740,136.114100,0,1,0,2,0.000000,0.745074,0.745074,0.000000,0.974576,0.224057,0.000000,0.975054,0.221959,10.790470,-4.237722,-0.013540,1,0,19.032870,0.000000
7.720000,3999.960000,-30.584000,136.299700,0,1,0,2,0.000000,0.745486,0.745486,0.000000,0.974575,0.224061,0.000000,0.975013,0.222140,10.321020,-4.226142,0.002255,1,0,19.034560,0.000000
7.730000,3999.960000,-30.626190,136.485400,0,1,0,2,0.000000,0.745974,0.745974,0.000000,0.974575,0.224061,0.000000,0.974975,0.222305,9.963148,-4.219153,0.013042,1,0,19.036280,0.000000
7.740000,3999.960000,-30.668350,136.671000,0,1,0,2,0.000000,0.746504,0.746504,0.000000,0.974575,0.224061,0.000000,0.974941,0.222456,9.694334,-4.215662,0.019967,1,0,19.038010,0.000000
7.750000,3999.960000,-30.710500,136.856700,0,1,0,2,0.000000,0.747048,0.747048,0.000000,0.974576,0.224057,0.000000,0.974909,0.222594,9.496688,-4.214797,0.023941,1,0,19.039750,0.000000
7.760000,3999.960000,-30.752660,137.042400,0,1,0,2,0.000000,0.747580,0.747580,0.000000,0.974575,0.224061,0.000000,0.974881,0.222720,9.356352,-4.215863,0.025714,1,0,19.041500,0.000000
7.770000,3999.960000,-30.794840,137.228100,0,1,0,2,0.000000,0.748095,0.748095,0.000000,0.974575,0.224061,0.000000,0.974854,0.222836,9.259443,-4.218297,0.025872,1,0,19.043260,0.000000
7.780000,3999.960000,-30.837060,137.413800,0,1,0,2,0.000000,0.748581,0.748581,0.000000,0.974577,0.224054,0.000000,0.974830,0.222940,9.197018,-4.221676,0.024858,1,0,19.045020,0.000000
7.790000,3999.960000,-30.879310,137.599500,0,1,0,2,0.000000,0.749024,0.749024,0.000000,0.974575,0.224061,0.000000,0.974808,0.223037,9.162035,-4.225662,0.023059,1,0,19.046790,0.000000
7.800000,3999.960000,-30.921610,137.785200,0,1,0,2,0.000000,0.749433,0.749433,0.000000,0.974575,0.224061,0.000000,0.974788,0.223125,9.145911,-4.229987,0.020751,1,0,19.048570,0.000000
7.810000,3999.960000,-30.963960,137.971000,0,1,0,2,0.000000,0.749803,0.749803,0.000000,0.974576,0.224057,0.000000,0.974770,0.223205,9.144685,-4.234467,0.018132,1,0,19.050350,0.000000
7.820000,3999.960000,-31.006350,138.156700,0,1,0,2,0.000000,0.750124,0.750124,0.000000,0.974575,0.224061,0.000000,0.974753,0.223279,9.155638,-4.238955,0.015376,1,0,19.052140,0.000000
7.830000,3999.960000,-31.048780,138.342500,0,1,0,2,0.000000,0.750408,0.750408,0.000000,0.974576,0.224057,0.000000,0.974738,0.223346,9.173635,-4.243334,0.012605,1,0,19.053930,0.000000
7.840000,3999.960000,-31.091260,138.528200,0,1,0,2,0.000000,0.750652,0.750652,0.000000,0.974575,0.224061,0.000000,0.974724,0.223407,9.196982,-4.247534,0.009910,1,0,19.055730,0.000000
7.850000,3999.960000,-31.133770,138.714000,0,1,0,2,0.000000,0.750860,0.750860,0.000000,0.974576,0.224057,0.000000,0.974711,0.223463,9.223592,-4.251504,0.007344,1,0,19.057530,0.000000
7.860000,3999.960000,-31.176320,138.899800,0,1,0,2,0.000000,0.751032,0.751032,0.000000,0.974575,0.224061,0.000000,0.974700,0.223515,9.252091,-4.255211,0.004959,1,0,19.059330,0.000000
7.870000,3999.960000,-31.218910,139.085600,0,1,0,2,0.000000,0.751173,0.751173,0.000000,0.974575,0.224061,0.000000,0.974689,0.223562,9.281134,-4.258638,0.002776,1,0,19.061140,0.000000
7.880000,3999.960000,-31.261530,139.271400,0,1,0,2,0.000000,0.775537,0.775537,0.000000,0.953443,0.301573,0.000000,0.973109,0.230341,1.633142,-4.261780,0.132659,1,0,19.062950,0.000000
7.890000,3999.960000,-31.304920,139.457000,0,1,0,2,0.000000,0.750614,0.750614,0.000000,0.974577,0.224054,0.000000,0.973237,0.229801,8.366255,-4.339465,0.042829,1,0,19.065030,0.000000
7.900000,3999.960000,-31.348440,139.642700,0,1,0,2,0.000000,0.749809,0.749809,0.000000,0.974575,0.224061,0.000000,0.973353,0.229308,9.049773,-4.351552,0.021330,1,0,19.067420,0.000000
7.910000,3999.960000,-31.392010,139.828300,0,1,0,2,0.000000,0.748962,0.748962,0.000000,0.974576,0.224057,0.000000,0.973460,0.228856,9.549757,-4.356967,0.007471,1,0,19.069780,0.000000
7.920000,3999.960000,-31.435580,140.014000,0,1,0,2,0.000000,0.749721,0.749721,0.000000,0.973542,0.228508,0.000000,0.973467,0.228826,9.428062,-4.357502,0.006877,1,0,19.072090,0.000000
7.930000,3999.960000,-31.479180,140.199700,0,1,0,2,0.000000,0.747255,0.747255,0.000000,0.974575,0.224061,0.000000,0.973563,0.228417,10.103860,-4.359219,-0.002362,1,0,19.074390,0.000000
7.940000,3999.960000,-31.522720,140.385400,0,1,0,2,0.000000,0.746450,0.746450,0.000000,0.974575,0.224061,0.000000,0.973650,0.228042,10.294820,-4.354348,-0.004171,1,0,19.076660,0.000000
7.950000,3999.960000,-31.566190,140.571200,0,1,0,2,0.000000,0.745721,0.745721,0.000000,0.974575,0.224061,0.000000,0.973730,0.227699,10.408670,-4.347614,-0.003447,1,0,19.078870,0.000000
7.960000,3999.960000,-31.609590,140.757000,0,1,0,2,0.000000,0.745078,0.745078,0.000000,0.974578,0.224047,0.000000,0.973803,0.227385,10.464870,-4.339769,-0.001039,1,0,19.081060,0.000000
7.970000,3999.960000,-31.652910,140.942800,0,1,0,2,0.000000,0.744526,0.744526,0.000000,0.974578,0.224047,0.000000,0.973869,0.227098,10.477660,-4.331378,0.002451,1,0,19.083210,0.000000
7.980000,3999.960000,-31.696130,141.128700,0,1,0,2,0.000000,0.744063,0.744063,0.000000,0.974575,0.224061,0.000000,0.973930,0.226836,10.458750,-4.322862,0.006566,1,0,19.085330,0.000000
7.990000,3999.960000,-31.739280,141.314700,0,1,0,2,0.000000,0.743689,0.743689,0.000000,0.974575,0.224061,0.000000,0.973986,0.226598,10.417630,-4.314533,0.010923,1,0,19.087420,0.000000
8.000000,3999.960000,-31.782350,141.500600,0,1,0,2,0.000000,0.743405,0.743405,0.000000,0.974575,0.224061,0.000000,0.974037,0.226379,10.360860,-4.306606,0.015261,1,0,19.089480,0.000000
8.010000,3999.960000,-31.825340,141.686600,0,1,0,2,0.000000,0.743197,0.743197,0.000000,0.974575,0.224061,0.000000,0.974083,0.226180,10.295530,-4.299233,0.019392,1,0,19.091530,0.000000
8.020000,3999.960000,-31.868260,141.872700,0,1,0,2,0.000000,0.743069,0.743069,0.000000,0.974575,0.224061,0.000000,0.974125,0.225997,10.223900,-4.292500,0.023197,1,0,19.093550,0.000000
8.030000,3999.960000,-31.911130,142.058800,0,1,0,2,0.000000,0.743007,0.743007,0.000000,0.974575,0.224061,0.000000,0.974164,0.225831,10.150620,-4.286465,0.026586,1,0,19.095540,0.000000
8.040000,3999.960000,-31.953940,142.244900,0,1,0,2,0.000000,0.743000,0.743000,0.000000,0.974575,0.224061,0.000000,0.974199,0.225678,10.079040,-4.281146,0.029516,1,0,19.097520,0.000000
8.050000,3999.960000,-31.996700,142.431000,0,1,0,2,0.000000,0.743046,0.743046,0.000000,0.974575,0.224061,0.000000,0.974232,0.225539,10.009380,-4.276525,0.031981,1,0,19.099480,0.000000
8.059999,3999.960000,-32.039430,142.617200,0,1,0,2,0.000000,0.743137,0.743137,0.000000,0.974577,0.224054,0.000000,0.974261,0.225411,9.943738,-4.272584,0.033967,1,0,19.101430,0.000000
8.070000,3999.960000,-32.082120,142.803400,0,1,0,2,0.000000,0.743267,0.743267,0.000000,0.974575,0.224061,0.000000,0.974288,0.225295,9.881657,-4.269284,0.035519,1,0,19.103350,0.000000
8.080000,3999.960000,-32.124790,142.989600,0,1,0,2,0.000000,0.743429,0.743429,0.000000,0.974575,0.224061,0.000000,0.974313,0.225189,9.824700,-4.266588,0.036642,1,0,19.105260,0.000000
8.090000,3999.960000,-32.167430,143.175900,0,1,0,2,0.000000,0.743619,0.743619,0.000000,0.974575,0.224061,0.000000,0.974336,0.225092,9.772564,-4.264447,0.037372,1,0,19.107150,0.000000
8.099999,3999.960000,-32.210060,143.362200,0,1,0,2,0.000000,0.743827,0.743827,0.000000,0.974575,0.224061,0.000000,0.974356,0.225003,9.726054,-4.262814,0.037741,1,0,19.109040,0.000000
8.110000,3999.960000,-32.252680,143.548500,0,1,0,2,0.000000,0.744053,0.744053,0.000000,0.974574,0.224068,0.000000,0.974375,0.224922,9.684052,-4.261633,0.037804,1,0,19.110910,0.000000
8.120000,3999.960000,-32.295290,143.734800,0,1,0,2,0.000000,0.744292,0.744292,0.000000,0.974575,0.224061,0.000000,0.974392,0.224848,9.647038,-4.260861,0.037570,1,0,19.112760,0.000000
8.130000,3999.960000,-32.337900,143.921100,0,1,0,2,0.000000,0.744537,0.744537,0.000000,0.974575,0.224061,0.000000,0.974408,0.224780,9.615063,-4.260448,0.037089,1,0,19.114610,0.000000
8.139999,3999.960000,-32.380500,144.107500,0,1,0,2,0.000000,0.744790,0.744790,0.000000,0.974575,0.224061,0.000000,0.974422,0.224719,9.586883,-4.260345,0.036401,1,0,19.116440,0.000000
8.150000,3999.960000,-32.423110,144.293900,0,1,0,2,0.000000,0.745037,0.745037,0.000000,0.974572,0.224075,0.000000,0.974435,0.224663,9.563617,-4.260516,0.035559,1,0,19.118270,0.000000
8.160000,3999.960000,-32.465720,144.480200,0,1,0,2,0.000000,0.745294,0.745294,0.000000,0.974575,0.224061,0.000000,0.974447,0.224611,9.542622,-4.260912,0.034554,1,0,19.120080,0.000000
8.170000,3999.960000,-32.508330,144.666700,0,1,0,2,0.000000,0.745544,0.745544,0.000000,0.974574,0.224068,0.000000,0.974458,0.224564,9.525653,-4.261510,0.033438,1,0,19.121890,0.000000
8.179999,3999.960000,-32.550950,144.853100,0,1,0,2,0.000000,0.745801,0.745801,0.000000,0.974575,0.224061,0.000000,0.974468,0.224521,9.509860,-4.262273,0.032219,1,0,19.123690,0.000000
8.190000,3999.960000,-32.593590,145.039500,0,1,0,2,0.000000,0.746043,0.746043,0.000000,0.974575,0.224061,0.000000,0.974478,0.224482,9.499046,-4.263187,0.030915,1,0,19.125480,0.000000
8.200000,3999.960000,-32.636230,145.226000,0,1,0,2,0.000000,0.746281,0.746281,0.000000,0.974575,0.224061,0.000000,0.974486,0.224445,9.489916,-4.264205,0.029571,1,0,19.127260,0.000000
8.210000,3999.960000,-32.678880,145.412500,0,1,0,2,0.000000,0.746515,0.746515,0.000000,0.974575,0.224061,0.000000,0.974494,0.224412,9.482194,-4.265310,0.028197,1,0,19.129040,0.000000
8.220000,3999.960000,-32.721540,145.599000,0,1,0,2,0.000000,0.746741,0.746741,0.000000,0.974574,0.224068,0.000000,0.974500,0.224383,9.476236,-4.266489,0.026813,1,0,19.130810,0.000000
8.230000,3999.960000,-32.764220,145.785500,0,1,0,2,0.000000,0.746950,0.746950,0.000000,0.974575,0.224061,0.000000,0.974507,0.224355,9.473729,-4.267723,0.025409,1,0,19.132580,0.000000
8.240000,3999.960000,-32.806910,145.972000,0,1,0,2,0.000000,0.747154,0.747154,0.000000,0.974575,0.224061,0.000000,0.974513,0.224330,9.471529,-4.268980,0.024027,1,0,19.134330,0.000000
8.250000,3999.960000,-32.849610,146.158500,0,1,0,2,0.000000,0.747347,0.747347,0.000000,0.974574,0.224068,0.000000,0.974518,0.224307,9.470695,-4.270257,0.022678,1,0,19.136090,0.000000
8.260000,3999.960000,-32.892330,146.345100,0,1,0,2,0.000000,0.747539,0.747539,0.000000,0.974575,0.224061,0.000000,0.974523,0.224286,9.469343,-4.271539,0.021348,1,0,19.137830,0.000000
8.270000,3999.960000,-32.935060,146.531700,0,1,0,2,0.000000,0.747716,0.747716,0.000000,0.974575,0.224061,0.000000,0.974527,0.224266,9.470261,-4.272833,0.020041,1,0,19.139580,0.000000
8.280000,3999.960000,-32.977800,146.718200,0,1,0,2,0.000000,0.747887,0.747887,0.000000,0.974575,0.224061,0.000000,0.974532,0.224249,9.471138,-4.274116,0.018777,1,0,19.141320,0.000000
8.290000,3999.960000,-33.020550,146.904800,0,1,0,2,0.000000,0.748043,0.748043,0.000000,0.974575,0.224061,0.000000,0.974535,0.224233,9.473692,-4.275389,0.017552,1,0,19.143050,0.000000
8.300000,3999.960000,-33.063320,147.091500,0,1,0,2,0.000000,0.748195,0.748195,0.000000,0.974575,0.224061,0.000000,0.974539,0.224218,9.475564,-4.276635,0.016380,1,0,19.144780,0.000000
8.309999,3999.960000,-33.106100,147.278100,0,1,0,2,0.000000,0.748340,0.748340,0.000000,0.974575,0.224061,0.000000,0.974542,0.224204,9.477674,-4.277861,0.015253,1,0,19.146500,0.000000
8.320000,3999.960000,-33.148890,147.464700,0,1,0,2,0.000000,0.748474,0.748474,0.000000,0.974575,0.224061,0.000000,0.974545,0.224192,9.480660,-4.279065,0.014171,1,0,19.148220,0.000000
8.330000,3999.960000,-33.191690,147.651400,0,1,0,2,0.000000,0.748598,0.748598,0.000000,0.974572,0.224075,0.000000,0.974547,0.224182,9.483528,-4.280238,0.013164,1,0,19.149940,0.000000
8.340000,3999.960000,-33.234500,147.838100,0,1,0,2,0.000000,0.748717,0.748717,0.000000,0.974572,0.224075,0.000000,0.974549,0.224173,9.486150,-4.281381,0.012203,1,0,19.151650,0.000000
8.349999,3999.960000,-33.277320,148.024800,0,1,0,2,0.000000,0.748829,0.748829,0.000000,0.974572,0.224075,0.000000,0.974551,0.224164,9.489049,-4.282498,0.011285,1,0,19.153360,0.000000
8.360000,3999.960000,-33.320160,148.211500,0,1,0,2,0.000000,0.748939,0.748939,0.000000,0.974575,0.224061,0.000000,0.974553,0.224155,9.491714,-4.283585,0.010387,1,0,19.155060,0.000000
8.370000,3999.960000,-33.363010,148.398200,0,1,0,2,0.000000,0.749036,0.749036,0.000000,0.974575,0.224061,0.000000,0.974555,0.224147,9.495735,-4.284644,0.009531,1,0,19.156760,0.000000
8.380000,3999.960000,-33.405860,148.584900,0,1,0,2,0.000000,0.749125,0.749125,0.000000,0.974575,0.224061,0.000000,0.974557,0.224140,9.499742,-4.285663,0.008729,1,0,19.158460,0.000000
8.389999,3999.960000,-33.448730,148.771700,0,1,0,2,0.000000,0.697849,0.697849,0.000000,0.955967,0.293474,0.000000,0.973153,0.230158,15.770950,-4.286642,0.126517,1,0,19.160150,0.000000
8.400000,3999.960000,-33.491000,148.958600,0,1,0,2,0.000000,0.749914,0.749914,0.000000,0.974574,0.224068,0.000000,0.973277,0.229634,5.105020,-4.226703,0.178336,1,0,19.162940,0.000000
8.410000,3999.960000,-33.533700,149.145400,0,1,0,2,0.000000,0.750171,0.750171,0.000000,0.974575,0.224061,0.000000,0.973390,0.229156,6.409618,-4.270608,0.124341,1,0,19.164810,0.000000
8.420000,3999.960000,-33.576720,149.332200,0,1,0,2,0.000000,0.750114,0.750114,0.000000,0.974575,0.224061,0.000000,0.973493,0.228718,7.424053,-4.301771,0.084218,1,0,19.166800,0.000000
8.429999,3999.960000,-33.619950,149.519000,0,1,0,2,0.000000,0.749842,0.749842,0.000000,0.974575,0.224061,0.000000,0.973586,0.228320,8.203460,-4.323026,0.055033,1,0,19.168850,0.000000
8.440000,3999.960000,-33.663320,149.705700,0,1,0,2,0.000000,0.749437,0.749437,0.000000,0.974575,0.224061,0.000000,0.973671,0.227953,8.795650,-4.336668,0.034296,1,0,19.170900,0.000000
8.450000,3999.960000,-33.706760,149.892400,0,1,0,2,0.000000,0.748954,0.748954,0.000000,0.974575,0.224061,0.000000,0.973749,0.227618,9.238035,-4.344525,0.020111,1,0,19.172940,0.000000
8.460000,3999.960000,-33.750240,150.079200,0,1,0,2,0.000000,0.748441,0.748441,0.000000,0.974575,0.224061,0.000000,0.973820,0.227312,9.560829,-4.348062,0.010921,1,0,19.174940,0.000000
8.470000,3999.960000,-33.793730,150.265900,0,1,0,2,0.000000,0.747928,0.747928,0.000000,0.974575,0.224061,0.000000,0.973885,0.227032,9.789878,-4.348446,0.005479,1,0,19.176920,0.000000
8.480000,3999.960000,-33.837190,150.452700,0,1,0,2,0.000000,0.747437,0.747437,0.000000,0.974575,0.224061,0.000000,0.973945,0.226776,9.945791,-4.346594,0.002799,1,0,19.178860,0.000000
8.490000,3999.960000,-33.880620,150.639600,0,1,0,2,0.000000,0.746991,0.746991,0.000000,0.974574,0.224068,0.000000,0.973999,0.226543,10.043500,-4.343220,0.002119,1,0,19.180780,0.000000
8.500000,3999.960000,-33.924010,150.826400,0,1,0,2,0.000000,0.746584,0.746584,0.000000,0.974574,0.224068,0.000000,0.974048,0.226330,10.100060,-4.338892,0.002806,1,0,19.182670,0.000000
8.510000,3999.960000,-33.967350,151.013300,0,1,0,2,0.000000,0.746575,0.746575,0.000000,0.975043,0.222017,0.000000,0.974134,0.225959,10.149180,-4.334012,0.000941,1,0,19.184540,0.000000
8.520000,3999.960000,-34.010640,151.200200,0,1,0,2,0.000000,0.745957,0.745957,0.000000,0.974575,0.224061,0.000000,0.974172,0.225795,10.193080,-4.328650,0.003650,1,0,19.186370,0.000000
8.530000,3999.960000,-34.053860,151.387200,0,1,0,2,0.000000,0.745734,0.745734,0.000000,0.974575,0.224061,0.000000,0.974207,0.225646,10.148100,-4.322862,0.007069,1,0,19.188170,0.000000
8.540000,3999.960000,-34.097040,151.574200,0,1,0,2,0.000000,0.745565,0.745565,0.000000,0.974572,0.224075,0.000000,0.974238,0.225511,10.097950,-4.317513,0.010308,1,0,19.189970,0.000000
8.550000,3999.960000,-34.140160,151.761200,0,1,0,2,0.000000,0.751061,0.751061,0.000000,0.982472,0.186411,0.000000,0.975008,0.222159,10.631340,-4.312655,-0.050301,1,0,19.191740,0.000000
8.559999,3999.960000,-34.183190,151.948200,0,1,0,2,0.000000,0.745455,0.745455,0.000000,0.974575,0.224061,0.000000,0.974971,0.222323,11.291770,-4.302534,-0.036370,1,0,19.193160,0.000000
8.570000,3999.960000,-34.226050,152.135300,0,1,0,2,0.000000,0.745626,0.745626,0.000000,0.974575,0.224061,0.000000,0.974937,0.222472,10.754410,-4.285986,-0.016121,1,0,19.194590,0.000000
8.580000,3999.960000,-34.268800,152.322500,0,1,0,2,0.000000,0.745907,0.745907,0.000000,0.974572,0.224075,0.000000,0.974905,0.222610,10.337860,-4.274694,-0.001489,1,0,19.196040,0.000000
8.590000,3999.960000,-34.311470,152.509600,0,1,0,2,0.000000,0.767264,0.767264,0.000000,0.981298,0.192494,0.000000,0.975492,0.220026,7.577461,-4.267477,-0.044616,1,0,19.197520,0.000000
8.599999,3999.960000,-34.354340,152.696800,0,1,0,2,0.000000,0.746440,0.746440,0.000000,0.974574,0.224068,0.000000,0.975413,0.220374,11.650950,-4.287140,-0.057650,1,0,19.198800,0.000000
8.610000,3999.960000,-34.397010,152.884000,0,1,0,2,0.000000,0.746820,0.746820,0.000000,0.974575,0.224061,0.000000,0.975341,0.220691,10.903820,-4.267058,-0.030531,1,0,19.200000,0.000000
8.620000,3999.960000,-34.439550,153.071200,0,1,0,2,0.000000,0.747329,0.747329,0.000000,0.974575,0.224061,0.000000,0.975275,0.220981,10.334160,-4.254287,-0.011437,1,0,19.201270,0.000000
8.630000,3999.960000,-34.482020,153.258500,0,1,0,2,0.000000,0.747917,0.747917,0.000000,0.974575,0.224061,0.000000,0.975215,0.221246,9.905443,-4.247090,0.001458,1,0,19.202570,0.000000
8.639999,3999.960000,-34.524460,153.445800,0,1,0,2,0.000000,0.748531,0.748531,0.000000,0.974572,0.224075,0.000000,0.975160,0.221490,9.589781,-4.244085,0.009636,1,0,19.203910,0.000000
8.650000,3999.960000,-34.566910,153.633100,0,1,0,2,0.000000,0.749152,0.749152,0.000000,0.974572,0.224075,0.000000,0.975109,0.221712,9.362364,-4.244165,0.014242,1,0,19.205260,0.000000
8.660000,3999.960000,-34.609370,153.820400,0,1,0,2,0.000000,0.749757,0.749757,0.000000,0.974575,0.224061,0.000000,0.975063,0.221914,9.204766,-4.246466,0.016176,1,0,19.206630,0.000000
8.670000,3999.960000,-34.651870,154.007700,0,1,0,2,0.000000,0.750322,0.750322,0.000000,0.974575,0.224061,0.000000,0.975021,0.222099,9.102214,-4.250306,0.016193,1,0,19.208020,0.000000
8.679999,3999.960000,-34.694430,154.195000,0,1,0,2,0.000000,0.750839,0.750839,0.000000,0.974575,0.224061,0.000000,0.974983,0.222268,9.041739,-4.255145,0.014876,1,0,19.209420,0.000000
8.690000,3999.960000,-34.737030,154.382300,0,1,0,2,0.000000,0.751303,0.751303,0.000000,0.974575,0.224061,0.000000,0.974948,0.222422,9.012806,-4.260571,0.012674,1,0,19.210840,0.000000
8.700000,3999.960000,-34.779700,154.569700,0,1,0,2,0.000000,0.751716,0.751716,0.000000,0.974575,0.224061,0.000000,0.974916,0.222563,9.006903,-4.266278,0.009926,1,0,19.212270,0.000000
8.710000,3999.960000,-34.822420,154.757000,0,1,0,2,0.000000,0.752067,0.752067,0.000000,0.974572,0.224075,0.000000,0.974886,0.222693,9.018861,-4.272039,0.006910,1,0,19.213710,0.000000
8.720000,3999.960000,-34.865200,154.944300,0,1,0,2,0.000000,0.752370,0.752370,0.000000,0.974575,0.224061,0.000000,0.974859,0.222811,9.042378,-4.277680,0.003774,1,0,19.215160,0.000000
8.730000,3999.960000,-34.908030,155.131700,0,1,0,2,0.000000,0.752619,0.752619,0.000000,0.974575,0.224061,0.000000,0.974835,0.222919,9.074656,-4.283089,0.000680,1,0,19.216620,0.000000
8.740000,3999.960000,-34.950910,155.319000,0,1,0,2,0.000000,0.752815,0.752815,0.000000,0.974574,0.224068,0.000000,0.974812,0.223018,9.112568,-4.288180,-0.002257,1,0,19.218100,0.000000
8.750000,3999.960000,-34.993840,155.506300,0,1,0,2,0.000000,0.729536,0.729536,0.000000,0.986256,0.165226,0.000000,0.975931,0.218071,15.863090,-4.292898,-0.104225,1,0,19.219570,0.000000
8.760000,3999.960000,-35.036160,155.693800,0,1,0,2,0.000000,0.753761,0.753761,0.000000,0.974575,0.224061,0.000000,0.975816,0.218587,9.673038,-4.231647,-0.031088,1,0,19.220330,0.000000
8.770000,3999.960000,-35.078460,155.881300,0,1,0,2,0.000000,0.754550,0.754550,0.000000,0.974572,0.224075,0.000000,0.975710,0.219060,9.271236,-4.230869,-0.020743,1,0,19.221360,0.000000
8.780000,3999.960000,-35.120800,156.068800,0,1,0,2,0.000000,0.755316,0.755316,0.000000,0.974572,0.224075,0.000000,0.975613,0.219491,8.994799,-4.234021,-0.015238,1,0,19.222450,0.000000
8.790000,3999.960000,-35.163200,156.256300,0,1,0,2,0.000000,0.770642,0.770642,0.000000,0.994415,0.105539,0.000000,0.977748,0.209777,11.180550,-4.239874,-0.212174,1,0,19.223580,0.000000
8.800000,3999.960000,-35.205440,156.443900,0,1,0,2,0.000000,0.756898,0.756898,0.000000,0.974575,0.224061,0.000000,0.977483,0.211008,12.644820,-4.224192,-0.171897,1,0,19.223590,0.000000
8.809999,3999.960000,-35.247390,156.631500,0,1,0,2,0.000000,0.758073,0.758073,0.000000,0.974575,0.224061,0.000000,0.977240,0.212132,11.110330,-4.194237,-0.119072,1,0,19.223630,0.000000
8.820000,3999.960000,-35.289180,156.819100,0,1,0,2,0.000000,0.759400,0.759400,0.000000,0.974575,0.224061,0.000000,0.977016,0.213160,9.980381,-4.179330,-0.083517,1,0,19.223940,0.000000
8.830000,3999.960000,-35.330940,157.006800,0,1,0,2,0.000000,0.796765,0.796765,0.000000,0.985680,0.168628,0.000000,0.977841,0.209343,5.038735,-4.175498,-0.154553,1,0,19.224420,0.000000
8.840000,3999.960000,-35.373130,157.194300,0,1,0,2,0.000000,0.761687,0.761687,0.000000,0.974575,0.224061,0.000000,0.977569,0.210611,11.861700,-4.219921,-0.175015,1,0,19.224970,0.000000
8.849999,3999.960000,-35.415110,157.381900,0,1,0,2,0.000000,0.762826,0.762826,0.000000,0.974572,0.224075,0.000000,0.977318,0.211772,10.511850,-4.197615,-0.129320,1,0,19.225020,0.000000
8.860000,3999.960000,-35.457000,157.569600,0,1,0,2,0.000000,0.764064,0.764064,0.000000,0.974572,0.224075,0.000000,0.977088,0.212832,9.531558,-4.188547,-0.099113,1,0,19.225320,0.000000
8.870000,3999.960000,-35.498890,157.757200,0,1,0,2,0.000000,0.765298,0.765298,0.000000,0.974572,0.224075,0.000000,0.976877,0.213800,8.842256,-4.189085,-0.080510,1,0,19.225790,0.000000
8.880000,3999.960000,-35.540850,157.944800,0,1,0,2,0.000000,0.766458,0.766458,0.000000,0.974572,0.224075,0.000000,0.976683,0.214685,8.379661,-4.196374,-0.070434,1,0,19.226390,0.000000
8.889999,3999.960000,-35.582940,158.132400,0,1,0,2,0.000000,0.767501,0.767501,0.000000,0.974575,0.224061,0.000000,0.976505,0.215492,8.091579,-4.208188,-0.066492,1,0,19.227080,0.000000
8.900000,3999.960000,-35.625160,158.320000,0,1,0,2,0.000000,0.768394,0.768394,0.000000,0.974575,0.224061,0.000000,0.976342,0.216229,7.936839,-4.222817,-0.066791,1,0,19.227860,0.000000
8.910000,3999.960000,-35.667550,158.507600,0,1,0,2,0.000000,0.769120,0.769120,0.000000,0.974572,0.224075,0.000000,0.976192,0.216904,7.881153,-4.238954,-0.069852,1,0,19.228720,0.000000
8.920000,3999.960000,-35.710110,158.695100,0,1,0,2,0.000000,0.769686,0.769686,0.000000,0.974575,0.224061,0.000000,0.976055,0.217520,7.896918,-4.255630,-0.074608,1,0,19.229650,0.000000
8.929999,3999.960000,-35.752830,158.882600,0,1,0,2,0.000000,0.770082,0.770082,0.000000,0.974574,0.224068,0.000000,0.975929,0.218084,7.964449,-4.272146,-0.080214,1,0,19.230640,0.000000
8.940000,3999.960000,-35.795710,159.070100,0,1,0,2,0.000000,0.770312,0.770312,0.000000,0.974575,0.224061,0.000000,0.975814,0.218599,8.068955,-4.287996,-0.086095,1,0,19.231680,0.000000
8.950000,3999.960000,-35.838740,159.257500,0,1,0,2,0.000000,0.770394,0.770394,0.000000,0.974575,0.224061,0.000000,0.975709,0.219068,8.195980,-4.302819,-0.091806,1,0,19.232780,0.000000
8.960000,3999.960000,-35.881900,159.445000,0,1,0,2,0.000000,0.770342,0.770342,0.000000,0.974575,0.224061,0.000000,0.975613,0.219497,8.334868,-4.316397,-0.097024,1,0,19.233910,0.000000
8.970000,3999.960000,-35.925190,159.632400,0,1,0,2,0.000000,0.770165,0.770165,0.000000,0.974572,0.224075,0.000000,0.975524,0.219891,8.478859,-4.328613,-0.101544,1,0,19.235080,0.000000
8.980000,3999.960000,-35.968590,159.819800,0,1,0,2,0.000000,0.769884,0.769884,0.000000,0.974575,0.224061,0.000000,0.975443,0.220249,8.622012,-4.339420,-0.105284,1,0,19.236290,0.000000
8.990000,3999.960000,-36.012070,160.007200,0,1,0,2,0.000000,0.769503,0.769503,0.000000,0.974572,0.224075,0.000000,0.975368,0.220579,8.762009,-4.348827,-0.108167,1,0,19.237510,0.000000
9.000000,3999.960000,-36.055640,160.194600,0,1,0,2,0.000000,0.769052,0.769052,0.000000,0.974575,0.224061,0.000000,0.975300,0.220878,8.893952,-4.356865,-0.110222,1,0,19.238770,0.000000
9.010000,3999.960000,-36.099280,160.382000,0,1,0,2,0.000000,0.768527,0.768527,0.000000,0.974575,0.224061,0.000000,0.975237,0.221152,9.018600,-4.363614,-0.111458,1,0,19.240040,0.000000
9.020000,3999.960000,-36.142970,160.569400,0,1,0,2,0.000000,0.767955,0.767955,0.000000,0.974575,0.224061,0.000000,0.975180,0.221403,9.132267,-4.369145,-0.111905,1,0,19.241330,0.000000
9.030000,3999.960000,-36.186700,160.756800,0,1,0,2,0.000000,0.781539,0.781539,0.000000,0.993605,0.112915,0.000000,0.977235,0.212152,11.371700,-4.373567,-0.298478,1,0,19.242630,0.000000
9.040000,3999.960000,-36.230260,160.944200,0,1,0,2,0.000000,0.766899,0.766899,0.000000,0.974575,0.224061,0.000000,0.977012,0.213178,13.046790,-4.355945,-0.260165,1,0,19.242730,0.000000
9.050000,3999.960000,-36.273480,161.131700,0,1,0,2,0.000000,0.766804,0.766804,0.000000,0.974572,0.224075,0.000000,0.976806,0.214117,11.728280,-4.321994,-0.206820,1,0,19.242760,0.000000
9.059999,3999.960000,-36.316490,161.319300,0,1,0,2,0.000000,0.766933,0.766933,0.000000,0.974575,0.224061,0.000000,0.976618,0.214974,10.740370,-4.300976,-0.168304,1,0,19.243100,0.000000
9.070000,3999.960000,-36.359390,161.506900,0,1,0,2,0.000000,0.802620,0.802620,0.000000,0.985506,0.169639,0.000000,0.977466,0.211089,5.944255,-4.289643,-0.233075,1,0,19.243650,0.000000
9.080000,3999.960000,-36.402640,161.694400,0,1,0,2,0.000000,0.767060,0.767060,0.000000,0.974574,0.224068,0.000000,0.977224,0.212207,12.698410,-4.325124,-0.247303,1,0,19.244380,0.000000
9.090000,3999.960000,-36.445590,161.882000,0,1,0,2,0.000000,0.767252,0.767252,0.000000,0.974575,0.224061,0.000000,0.977001,0.213228,11.375320,-4.294580,-0.195853,1,0,19.244380,0.000000
9.099999,3999.960000,-36.488360,162.069600,0,1,0,2,0.000000,0.767628,0.767628,0.000000,0.974575,0.224061,0.000000,0.976797,0.214161,10.394170,-4.277014,-0.159391,1,0,19.244670,0.000000
9.110000,3999.960000,-36.531050,162.257300,0,1,0,2,0.000000,0.768085,0.768085,0.000000,0.974575,0.224061,0.000000,0.976610,0.215014,9.683557,-4.269068,-0.134333,1,0,19.245170,0.000000
9.120000,3999.960000,-36.573730,162.444900,0,1,0,2,0.000000,0.768557,0.768557,0.000000,0.974575,0.224061,0.000000,0.976438,0.215793,9.184252,-4.268085,-0.117828,1,0,19.245810,0.000000
9.130000,3999.960000,-36.616450,162.632600,0,1,0,2,0.000000,0.768988,0.768988,0.000000,0.974575,0.224061,0.000000,0.976281,0.216505,8.850324,-4.271993,-0.107637,1,0,19.246550,0.000000
9.139999,3999.960000,-36.659240,162.820300,0,1,0,2,0.000000,0.769345,0.769345,0.000000,0.974575,0.224061,0.000000,0.976136,0.217155,8.643335,-4.279169,-0.101984,1,0,19.247390,0.000000
9.150000,3999.960000,-36.702130,163.007900,0,1,0,2,0.000000,0.769613,0.769613,0.000000,0.974575,0.224061,0.000000,0.976004,0.217750,8.531690,-4.288369,-0.099497,1,0,19.248290,0.000000
9.160000,3999.960000,-36.745120,163.195600,0,1,0,2,0.000000,0.769772,0.769772,0.000000,0.974574,0.224068,0.000000,0.975882,0.218294,8.492152,-4.298660,-0.099107,1,0,19.249250,0.000000
9.170000,3999.960000,-36.788210,163.383200,0,1,0,2,0.000000,0.769837,0.769837,0.000000,0.974574,0.224068,0.000000,0.975771,0.218790,8.502711,-4.309336,-0.100040,1,0,19.250270,0.000000
9.179999,3999.960000,-36.831410,163.570800,0,1,0,2,0.000000,0.769788,0.769788,0.000000,0.974575,0.224061,0.000000,0.975670,0.219243,8.552322,-4.319907,-0.101711,1,0,19.251340,0.000000
9.190000,3999.960000,-36.874710,163.758400,0,1,0,2,0.000000,0.769633,0.769633,0.000000,0.974572,0.224075,0.000000,0.975576,0.219658,8.626967,-4.329991,-0.103620,1,0,19.252440,0.000000
9.200000,3999.960000,-36.918100,163.946000,0,1,0,2,0.000000,0.769394,0.769394,0.000000,0.974575,0.224061,0.000000,0.975491,0.220038,8.715742,-4.339345,-0.105481,1,0,19.253580,0.000000
9.210000,3999.960000,-36.961580,164.133500,0,1,0,2,0.000000,0.769061,0.769061,0.000000,0.974572,0.224075,0.000000,0.975412,0.220385,8.814524,-4.347830,-0.107065,1,0,19.254750,0.000000
9.220000,3999.960000,-37.005130,164.321100,0,1,0,2,0.000000,0.768663,0.768663,0.000000,0.974572,0.224075,0.000000,0.975340,0.220703,8.914837,-4.355350,-0.108242,1,0,19.255950,0.000000
9.230000,3999.960000,-37.048750,164.508700,0,1,0,2,0.000000,0.768200,0.768200,0.000000,0.974575,0.224061,0.000000,0.975274,0.220992,9.015656,-4.361890,-0.108971,1,0,19.257170,0.000000
9.240000,3999.960000,-37.092430,164.696200,0,1,0,2,0.000000,0.767676,0.767676,0.000000,0.974575,0.224061,0.000000,0.975214,0.221256,9.114552,-4.367445,-0.109176,1,0,19.258420,0.000000
9.250000,3999.960000,-37.136150,164.883800,0,1,0,2,0.000000,0.767115,0.767115,0.000000,0.974575,0.224061,0.000000,0.975159,0.221497,9.206531,-4.372036,-0.108834,1,0,19.259680,0.000000
9.260000,3999.960000,-37.179900,165.071400,0,1,0,2,0.000000,0.766514,0.766514,0.000000,0.974575,0.224061,0.000000,0.975109,0.221718,9.292695,-4.375729,-0.107978,1,0,19.260950,0.000000
9.270000,3999.960000,-37.223690,165.259000,0,1,0,2,0.000000,0.751611,0.751611,0.000000,0.982395,0.186816,0.000000,0.975785,0.218724,13.525650,-4.378582,-0.169723,1,0,19.262240,0.000000
9.280000,3999.960000,-37.267090,165.446600,0,1,0,2,0.000000,0.765661,0.765661,0.000000,0.974575,0.224061,0.000000,0.975682,0.219184,9.776773,-4.340076,-0.120973,1,0,19.262910,0.000000
9.290000,3999.960000,-37.310470,165.634300,0,1,0,2,0.000000,0.765457,0.765457,0.000000,0.974575,0.224061,0.000000,0.975587,0.219604,9.551265,-4.338193,-0.110517,1,0,19.263920,0.000000
9.300000,3999.960000,-37.353860,165.822000,0,1,0,2,0.000000,0.765248,0.765248,0.000000,0.974575,0.224061,0.000000,0.975501,0.219988,9.400931,-4.338519,-0.103039,1,0,19.264990,0.000000
9.309999,3999.960000,-37.397260,166.009800,0,1,0,2,0.000000,0.773921,0.773921,0.000000,0.986707,0.162507,0.000000,0.976598,0.215067,10.318520,-4.340318,-0.201753,1,0,19.266100,0.000000
9.320000,3999.960000,-37.440590,166.197500,0,1,0,2,0.000000,0.764877,0.764877,0.000000,0.974575,0.224061,0.000000,0.976427,0.215842,11.373890,-4.333068,-0.178917,1,0,19.266630,0.000000
9.330000,3999.960000,-37.483750,166.385300,0,1,0,2,0.000000,0.764906,0.764906,0.000000,0.974575,0.224061,0.000000,0.976270,0.216549,10.565100,-4.315535,-0.146842,1,0,19.267160,0.000000
9.340000,3999.960000,-37.526810,166.573100,0,1,0,2,0.000000,0.765032,0.765032,0.000000,0.974574,0.224068,0.000000,0.976127,0.217197,9.971486,-4.305928,-0.124056,1,0,19.267850,0.000000
9.349999,3999.960000,-37.569830,166.760900,0,1,0,2,0.000000,0.779633,0.779633,0.000000,0.979232,0.202741,0.000000,0.976402,0.215954,7.857247,-4.302136,-0.144510,1,0,19.268640,0.000000
9.360000,3999.960000,-37.613020,166.948700,0,1,0,2,0.000000,0.765206,0.765206,0.000000,0.974574,0.224068,0.000000,0.976248,0.216653,10.534950,-4.318969,-0.147804,1,0,19.269470,0.000000
9.370000,3999.960000,-37.656120,167.136500,0,1,0,2,0.000000,0.765306,0.765306,0.000000,0.974572,0.224075,0.000000,0.976106,0.217292,9.957672,-4.309655,-0.125483,1,0,19.270160,0.000000
9.380000,3999.960000,-37.699180,167.324300,0,1,0,2,0.000000,0.765443,0.765443,0.000000,0.974572,0.224075,0.000000,0.975976,0.217876,9.545234,-4.305996,-0.110027,1,0,19.270960,0.000000
9.389999,3999.960000,-37.742240,167.512200,0,1,0,2,0.000000,0.765632,0.765632,0.000000,0.974637,0.223791,0.000000,0.975862,0.218384,9.264157,-4.306377,-0.100187,1,0,19.271840,0.000000
9.400000,3999.960000,-37.785340,167.700000,0,1,0,2,0.000000,0.765695,0.765695,0.000000,0.974575,0.224061,0.000000,0.975753,0.218873,9.085547,-4.309510,-0.093537,1,0,19.272790,0.000000
9.410000,3999.960000,-37.828480,167.887900,0,1,0,2,0.000000,0.765754,0.765754,0.000000,0.974575,0.224061,0.000000,0.975653,0.219318,8.973477,-4.314391,-0.089522,1,0,19.273790,0.000000
9.420000,3999.960000,-37.871690,168.075700,0,1,0,2,0.000000,0.765754,0.765754,0.000000,0.974575,0.224061,0.000000,0.975561,0.219725,8.919047,-4.320368,-0.087380,1,0,19.274830,0.000000
9.429999,3999.960000,-37.914960,168.263600,0,1,0,2,0.000000,0.765349,0.765349,0.000000,0.974106,0.226090,0.000000,0.975438,0.220272,8.881397,-4.326878,-0.083008,1,0,19.275920,0.000000
9.440000,3999.960000,-37.958290,168.451400,0,1,0,2,0.000000,0.765553,0.765553,0.000000,0.974575,0.224061,0.000000,0.975364,0.220598,8.852851,-4.333757,-0.083365,1,0,19.277060,0.000000
9.450000,3999.960000,-38.001700,168.639200,0,1,0,2,0.000000,0.765350,0.765350,0.000000,0.974572,0.224075,0.000000,0.975296,0.220897,8.917854,-4.340915,-0.084530,1,0,19.278220,0.000000
9.460000,3999.960000,-38.045180,168.827100,0,1,0,2,0.000000,0.765089,0.765089,0.000000,0.974575,0.224061,0.000000,0.975234,0.221170,8.990353,-4.347437,-0.085570,1,0,19.279420,0.000000
9.469999,3999.960000,-38.088710,169.014900,0,1,0,2,0.000000,0.764761,0.764761,0.000000,0.974575,0.224061,0.000000,0.975177,0.221418,9.067980,-4.353251,-0.086341,1,0,19.280630,0.000000
9.480000,3999.960000,-38.132290,169.202700,0,1,0,2,0.000000,0.764390,0.764390,0.000000,0.974575,0.224061,0.000000,0.975125,0.221646,9.144673,-4.358306,-0.086753,1,0,19.281860,0.000000
9.490000,3999.960000,-38.175920,169.390600,0,1,0,2,0.000000,0.763979,0.763979,0.000000,0.974575,0.224061,0.000000,0.975078,0.221854,9.218809,-4.362613,-0.086779,1,0,19.283120,0.000000
9.500000,3999.960000,-38.219580,169.578400,0,1,0,2,0.000000,0.763531,0.763531,0.000000,0.974574,0.224068,0.000000,0.975034,0.222044,9.289467,-4.366196,-0.086402,1,0,19.284380,0.000000
9.510000,3999.960000,-38.263270,169.766200,0,1,0,2,0.000000,0.763055,0.763055,0.000000,0.974575,0.224061,0.000000,0.974995,0.222218,9.356034,-4.369091,-0.085649,1,0,19.285660,0.000000
9.520000,3999.960000,-38.306980,169.954100,0,1,0,2,0.000000,0.762561,0.762561,0.000000,0.974575,0.224061,0.000000,0.974959,0.222376,9.416526,-4.371336,-0.084523,1,0,19.286950,0.000000
9.530000,3999.960000,-38.350720,170.142000,0,1,0,2,0.000000,0.762051,0.762051,0.000000,0.974575,0.224061,0.000000,0.974926,0.222521,9.471286,-4.372993,-0.083059,1,0,19.288250,0.000000
9.540000,3999.960000,-38.394450,170.329800,0,1,0,2,0.000000,0.761534,0.761534,0.000000,0.974575,0.224061,0.000000,0.974896,0.222654,9.519840,-4.374116,-0.081292,1,0,19.289560,0.000000
9.550000,3999.960000,-38.438200,170.517700,0,1,0,2,0.000000,0.761012,0.761012,0.000000,0.974572,0.224075,0.000000,0.974868,0.222776,9.562377,-4.374767,-0.079240,1,0,19.290870,0.000000
9.559999,3999.960000,-38.481950,170.705600,0,1,0,2,0.000000,0.760493,0.760493,0.000000,0.974575,0.224061,0.000000,0.974843,0.222887,9.599240,-4.375005,-0.076994,1,0,19.292200,0.000000
9.570000,3999.960000,-38.525700,170.893500,0,1,0,2,0.000000,0.759977,0.759977,0.000000,0.974575,0.224061,0.000000,0.974820,0.222988,9.631341,-4.374886,-0.074567,1,0,19.293530,0.000000
9.580000,3999.960000,-38.569450,171.081400,0,1,0,2,0.000000,0.759463,0.759463,0.000000,0.974574,0.224068,0.000000,0.974798,0.223081,9.658972,-4.374454,-0.071978,1,0,19.294870,0.000000
9.590000,3999.960000,-38.613190,171.269400,0,1,0,2,0.000000,0.775371,0.775371,0.000000,0.961764,0.273879,0.000000,0.973782,0.227479,4.582086,-4.373756,0.016154,1,0,19.296220,0.000000
9.599999,3999.960000,-38.657410,171.457200,0,1,0,2,0.000000,0.757971,0.757971,0.000000,0.974572,0.224075,0.000000,0.973850,0.227186,9.103062,-4.422579,-0.039372,1,0,19.298020,0.000000
9.610000,3999.960000,-38.701690,171.645100,0,1,0,2,0.000000,0.756930,0.756930,0.000000,0.974572,0.224075,0.000000,0.973912,0.226918,9.535413,-4.427328,-0.049147,1,0,19.299770,0.000000
9.620000,3999.960000,-38.745960,171.832900,0,1,0,2,0.000000,0.755889,0.755889,0.000000,0.974572,0.224075,0.000000,0.973968,0.226673,9.848165,-4.427857,-0.054140,1,0,19.301490,0.000000
9.630000,3999.960000,-38.790220,172.020800,0,1,0,2,0.000000,0.731990,0.731990,0.000000,0.933785,0.357835,0.000000,0.971222,0.238166,8.346393,-4.425335,0.176928,1,0,19.303170,0.000000
9.639999,3999.960000,-38.834590,172.208700,0,1,0,2,0.000000,0.753747,0.753747,0.000000,0.974572,0.224075,0.000000,0.971519,0.236955,5.333691,-4.437632,0.140896,1,0,19.305880,0.000000
9.650000,3999.960000,-38.879390,172.396600,0,1,0,2,0.000000,0.752199,0.752199,0.000000,0.974575,0.224061,0.000000,0.971788,0.235847,7.217672,-4.479165,0.076788,1,0,19.308310,0.000000
9.660000,3999.960000,-38.924410,172.584400,0,1,0,2,0.000000,0.750411,0.750411,0.000000,0.974575,0.224061,0.000000,0.972034,0.234835,8.625504,-4.502342,0.033446,1,0,19.310810,0.000000
9.670000,3999.960000,-38.969530,172.772100,0,1,0,2,0.000000,0.685466,0.685466,0.000000,0.951347,0.308123,0.000000,0.970473,0.241202,17.363360,-4.511799,0.150927,1,0,19.313260,0.000000
9.679999,3999.960000,-39.013890,172.960100,0,1,0,2,0.000000,0.747441,0.747441,0.000000,0.974574,0.224068,0.000000,0.970838,0.239731,4.986084,-4.436561,0.199937,1,0,19.317130,0.000000
9.690000,3999.960000,-39.058710,173.148100,0,1,0,2,0.000000,0.745891,0.745891,0.000000,0.974574,0.224068,0.000000,0.971169,0.238385,7.076646,-4.481494,0.127606,1,0,19.319650,0.000000
9.700000,3999.960000,-39.103770,173.336000,0,1,0,2,0.000000,0.744089,0.744089,0.000000,0.974572,0.224075,0.000000,0.971471,0.237155,8.631036,-4.506073,0.078525,1,0,19.322320,0.000000
9.710000,3999.960000,-39.148920,173.523900,0,1,0,2,0.000000,0.742202,0.742202,0.000000,0.974575,0.224061,0.000000,0.971745,0.236030,9.759343,-4.515511,0.047082,1,0,19.324960,0.000000
9.719999,3999.960000,-39.194060,173.711800,0,1,0,2,0.000000,0.740336,0.740336,0.000000,0.974575,0.224061,0.000000,0.971994,0.235002,10.553420,-4.513957,0.028854,1,0,19.327530,0.000000
9.730000,3999.960000,-39.239110,173.899800,0,1,0,2,0.000000,0.738564,0.738564,0.000000,0.974572,0.224075,0.000000,0.972221,0.234063,11.087570,-4.504663,0.020334,1,0,19.330010,0.000000
9.740000,3999.960000,-39.284010,174.087800,0,1,0,2,0.000000,0.736957,0.736957,0.000000,0.974575,0.224061,0.000000,0.972427,0.233203,11.418930,-4.490164,0.018736,1,0,19.332400,0.000000
9.750000,3999.960000,-39.328740,174.275900,0,1,0,2,0.000000,0.735531,0.735531,0.000000,0.974572,0.224075,0.000000,0.972615,0.232419,11.597980,-4.472435,0.021915,1,0,19.334700,0.000000
9.760000,3999.960000,-39.373260,174.464100,0,1,0,2,0.000000,0.734317,0.734317,0.000000,0.974575,0.224061,0.000000,0.972786,0.231700,11.661560,-4.452961,0.028176,1,0,19.336930,0.000000
9.770000,3999.960000,-39.417590,174.652300,0,1,0,2,0.000000,0.733307,0.733307,0.000000,0.974572,0.224075,0.000000,0.972942,0.231045,11.641580,-4.432868,0.036306,1,0,19.339090,0.000000
9.780000,3999.960000,-39.461720,174.840600,0,1,0,2,0.000000,0.732512,0.732512,0.000000,0.974572,0.224075,0.000000,0.973085,0.230445,11.560710,-4.412971,0.045325,1,0,19.341190,0.000000
9.790000,3999.960000,-39.505660,175.029000,0,1,0,2,0.000000,0.731919,0.731919,0.000000,0.974575,0.224061,0.000000,0.973214,0.229897,11.438640,-4.393864,0.054526,1,0,19.343240,0.000000
9.800000,3999.960000,-39.549420,175.217400,0,1,0,2,0.000000,0.731510,0.731510,0.000000,0.974575,0.224061,0.000000,0.973333,0.229396,11.290720,-4.375948,0.063434,1,0,19.345230,0.000000
9.809999,3999.960000,-39.593010,175.405900,0,1,0,2,0.000000,0.731276,0.731276,0.000000,0.974575,0.224061,0.000000,0.973441,0.228937,11.127500,-4.359476,0.071691,1,0,19.347170,0.000000
9.820000,3999.960000,-39.636460,175.594500,0,1,0,2,0.000000,0.731198,0.731198,0.000000,0.974575,0.224061,0.000000,0.973539,0.228518,10.957900,-4.344596,0.079076,1,0,19.349070,0.000000
9.830000,3999.960000,-39.679770,175.783100,0,1,0,2,0.000000,0.731263,0.731263,0.000000,0.974575,0.224061,0.000000,0.973629,0.228136,10.787150,-4.331370,0.085473,1,0,19.350920,0.000000
9.840000,3999.960000,-39.722970,175.971700,0,1,0,2,0.000000,0.731445,0.731445,0.000000,0.974572,0.224075,0.000000,0.973710,0.227786,10.621740,-4.319810,0.090811,1,0,19.352720,0.000000
9.849999,3999.960000,-39.766060,176.160400,0,1,0,2,0.000000,0.731741,0.731741,0.000000,0.974575,0.224061,0.000000,0.973785,0.227465,10.463100,-4.309863,0.095056,1,0,19.354480,0.000000
9.860000,3999.960000,-39.809080,176.349100,0,1,0,2,0.000000,0.732118,0.732118,0.000000,0.974572,0.224075,0.000000,0.973852,0.227174,10.315430,-4.301462,0.098275,1,0,19.356200,0.000000
9.870000,3999.960000,-39.852020,176.537900,0,1,0,2,0.000000,0.732577,0.732577,0.000000,0.974575,0.224061,0.000000,0.973915,0.226906,10.178150,-4.294500,0.100482,1,0,19.357880,0.000000
9.880000,3999.960000,-39.894910,176.726700,0,1,0,2,0.000000,0.733092,0.733092,0.000000,0.974572,0.224075,0.000000,0.973971,0.226662,10.053390,-4.288876,0.101791,1,0,19.359530,0.000000
9.889999,3999.960000,-39.937760,176.915500,0,1,0,2,0.000000,0.733661,0.733661,0.000000,0.974572,0.224075,0.000000,0.974023,0.226439,9.939755,-4.284466,0.102260,1,0,19.361140,0.000000
9.900000,3999.960000,-39.980570,177.104300,0,1,0,2,0.000000,0.734263,0.734263,0.000000,0.974572,0.224075,0.000000,0.974070,0.226236,9.839089,-4.281163,0.101969,1,0,19.362720,0.000000
9.910000,3999.960000,-40.023360,177.293200,0,1,0,2,0.000000,0.734897,0.734897,0.000000,0.974575,0.224061,0.000000,0.974114,0.226049,9.749821,-4.278839,0.100991,1,0,19.364270,0.000000
9.920000,3999.960000,-40.066130,177.482000,0,1,0,2,0.000000,0.735544,0.735544,0.000000,0.974572,0.224075,0.000000,0.974153,0.225879,9.672081,-4.277382,0.099461,1,0,19.365800,0.000000
9.929999,3999.960000,-40.108900,177.670900,0,1,0,2,0.000000,0.736210,0.736210,0.000000,0.974574,0.224068,0.000000,0.974189,0.225723,9.603250,-4.276680,0.097429,1,0,19.367300,0.000000
9.940000,3999.960000,-40.151660,177.859800,0,1,0,2,0.000000,0.736869,0.736869,0.000000,0.974572,0.224075,0.000000,0.974222,0.225581,9.546082,-4.276647,0.094985,1,0,19.368780,0.000000
9.950000,3999.960000,-40.194440,178.048800,0,1,0,2,0.000000,0.737537,0.737537,0.000000,0.974575,0.224061,0.000000,0.974253,0.225450,9.496140,-4.277167,0.092188,1,0,19.370240,0.000000
9.960000,3999.960000,-40.237220,178.237700,0,1,0,2,0.000000,0.738191,0.738191,0.000000,0.974575,0.224061,0.000000,0.974280,0.225331,9.455469,-4.278171,0.089114,1,0,19.371690,0.000000
9.969999,3999.960000,-40.280010,178.426600,0,1,0,2,0.000000,0.738838,0.738838,0.000000,0.974575,0.224061,0.000000,0.974306,0.225221,9.421167,-4.279568,0.085839,1,0,19.373120,0.000000
9.980000,3999.960000,-40.322830,178.615600,0,1,0,2,0.000000,0.739466,0.739466,0.000000,0.974575,0.224061,0.000000,0.974329,0.225121,9.394074,-4.281295,0.082408,1,0,19.374530,0.000000
9.990000,3999.960000,-40.365660,178.804600,0,1,0,2,0.000000,0.740080,0.740080,0.000000,0.974575,0.224061,0.000000,0.974350,0.225030,9.372120,-4.283282,0.078878,1,0,19.375930,0.000000
