time,x,y,z,leftRaw,rightRaw,left,right,leftSamples,rightSamples,leftRawHeight,rightRawHeight,leftHeight,rightHeight,height,rawNx,rawNy,rawNz,filteredNx,filteredNy,filteredNz,supportNx,supportNy,supportNz,supportAcceleration,verticalVelocity,normalVelocity,grounded,transitions,speed,lateralAcceleration,rail,bailed
0.000000,-0.008571,289.352800,290.160600,1,1,1,1,2,2,0.752201,0.747721,0.752201,0.747721,0.749961,-0.011370,0.977405,0.211070,-0.011370,0.977405,0.211070,-0.011423,0.976785,0.213916,9.740096,-4.711713,-0.006034,1,1,22.000000,0.000000,0,0
0.010000,-0.008031,289.305700,290.375500,1,1,1,1,2,2,0.751946,0.746984,0.751946,0.746984,0.749465,-0.011818,0.977283,0.211607,-0.011818,0.977283,0.211607,-0.011457,0.976828,0.213717,9.902189,-4.711717,-0.008927,1,1,22.007180,-0.114714,0,0
0.020000,-0.007503,289.258600,290.590600,1,1,1,1,2,2,0.752446,0.747242,0.752446,0.747242,0.749844,-0.011812,0.976785,0.213898,-0.011812,0.976785,0.213898,-0.011488,0.976824,0.213732,9.745151,-4.710133,-0.005376,1,1,22.014320,-0.112681,0,0
0.030000,-0.006986,289.211500,290.805700,1,1,1,1,2,2,0.752521,0.747504,0.752521,0.747504,0.750012,-0.012203,0.976694,0.214288,-0.012203,0.976694,0.214288,-0.011549,0.976813,0.213780,9.647117,-4.710083,-0.002671,1,1,22.021470,-0.110667,0,0
0.040000,-0.006479,289.164400,291.020900,1,1,1,1,2,2,0.752576,0.747776,0.752576,0.747776,0.750176,-0.012204,0.976733,0.214113,-0.012204,0.976733,0.214113,-0.011606,0.976806,0.213809,9.585288,-4.710990,-0.001377,1,1,22.028610,-0.108998,0,0
0.050000,-0.005983,289.117300,291.236100,1,1,1,1,2,2,0.752655,0.747814,0.752655,0.747814,0.750235,-0.012206,0.976721,0.214166,-0.012206,0.976721,0.214166,-0.011657,0.976799,0.213840,9.556536,-4.712501,-0.000654,1,1,22.035750,-0.107311,0,0
0.060000,-0.005498,289.070200,291.451500,1,1,1,1,2,2,0.752729,0.747874,0.752729,0.747874,0.750302,-0.012201,0.976721,0.214166,-0.012201,0.976721,0.214166,-0.011704,0.976792,0.213868,9.535005,-4.714292,-0.000278,1,1,22.042880,-0.105611,0,0
0.070000,-0.005022,289.023000,291.666900,1,1,1,1,2,2,0.752804,0.747948,0.752804,0.747948,0.750376,-0.012202,0.976721,0.214166,-0.012202,0.976721,0.214166,-0.011747,0.976786,0.213894,9.518842,-4.716291,-0.000171,1,1,22.050010,-0.103899,0,0
0.080000,-0.004557,288.975800,291.882300,1,1,1,1,2,2,0.752900,0.748008,0.752900,0.748008,0.750454,-0.012202,0.976727,0.214140,-0.012202,0.976727,0.214140,-0.011786,0.976781,0.213915,9.508716,-4.718447,-0.000327,1,1,22.057130,-0.102183,0,0
0.090000,-0.004101,288.928600,292.097900,1,1,1,1,2,2,0.752904,0.748057,0.752904,0.748057,0.750480,-0.012205,0.976721,0.214166,-0.012205,0.976721,0.214166,-0.011822,0.976776,0.213936,9.509990,-4.720700,-0.000572,1,1,22.064250,-0.100468,0,0
0.100000,-0.003655,288.881400,292.313500,1,1,1,1,2,2,0.752887,0.748138,0.752887,0.748138,0.750513,-0.012204,0.976715,0.214193,-0.012204,0.976715,0.214193,-0.011855,0.976771,0.213958,9.509719,-4.722939,-0.000794,1,1,22.071370,-0.098756,0,0
0.110000,-0.003218,288.834100,292.529100,1,1,1,1,2,2,0.752983,0.748127,0.752983,0.748127,0.750555,-0.012204,0.976721,0.214166,-0.012204,0.976721,0.214166,-0.011885,0.976766,0.213976,9.510017,-4.725179,-0.001113,1,1,22.078480,-0.097050,0,0
0.120000,-0.002791,288.786900,292.744900,1,1,1,1,2,2,0.753064,0.748157,0.753064,0.748157,0.750610,-0.012203,0.976727,0.214140,-0.012203,0.976727,0.214140,-0.011912,0.976763,0.213990,9.510075,-4.727415,-0.001515,1,1,22.085590,-0.095350,0,0
0.130000,-0.002373,288.739600,292.960700,1,1,1,1,2,2,0.753027,0.748172,0.753027,0.748172,0.750600,-0.012202,0.976721,0.214166,-0.012202,0.976721,0.214166,-0.011937,0.976759,0.214006,9.521354,-4.729648,-0.001891,1,1,22.092690,-0.093661,0,0
0.140000,-0.001963,288.692200,293.176500,1,1,1,1,2,2,0.753027,0.748172,0.753027,0.748172,0.750600,-0.012203,0.976721,0.214166,-0.012203,0.976721,0.214166,-0.011960,0.976756,0.214019,9.528633,-4.731770,-0.002184,1,1,22.099790,-0.091981,0,0
0.150000,-0.001563,288.644900,293.392500,1,1,1,1,2,2,0.753042,0.748182,0.753042,0.748182,0.750612,-0.012202,0.976727,0.214140,-0.012202,0.976727,0.214140,-0.011981,0.976753,0.214030,9.533805,-4.733818,-0.002482,1,1,22.106880,-0.090317,0,0
0.160000,-0.001171,288.597500,293.608500,1,1,1,1,2,2,0.753042,0.748187,0.753042,0.748187,0.750615,-0.012203,0.976721,0.214166,-0.012203,0.976721,0.214166,-0.012000,0.976751,0.214042,9.538705,-4.735815,-0.002696,1,1,22.113960,-0.088667,0,0
0.170000,-0.000788,288.550200,293.824600,1,1,1,1,2,2,0.753057,0.748202,0.753057,0.748202,0.750629,-0.012204,0.976721,0.214166,-0.012204,0.976721,0.214166,-0.012018,0.976748,0.214052,9.540688,-4.737761,-0.002883,1,1,22.121040,-0.087035,0,0
0.180000,-0.000412,288.502800,294.040700,1,1,1,1,2,2,0.753006,0.748206,0.753006,0.748206,0.750606,-0.012205,0.976709,0.214220,-0.012205,0.976709,0.214220,-0.012034,0.976745,0.214067,9.546949,-4.739687,-0.002968,1,1,22.128110,-0.085420,0,0
0.190000,-0.000046,288.455400,294.256900,1,1,1,1,2,2,0.753042,0.748136,0.753042,0.748136,0.750589,-0.012205,0.976715,0.214193,-0.012205,0.976715,0.214193,-0.012049,0.976742,0.214078,9.552555,-4.741550,-0.003069,1,1,22.135190,-0.083826,0,0
0.200000,0.000313,288.407900,294.473200,1,1,1,1,2,2,0.752509,0.748187,0.752509,0.748187,0.750348,-0.012622,0.976609,0.214650,-0.012622,0.976609,0.214650,-0.012098,0.976731,0.214127,9.575177,-4.743357,-0.002242,1,1,22.142250,-0.082252,0,0
0.210000,0.000664,288.360500,294.689500,1,1,1,1,2,2,0.751689,0.746931,0.751689,0.746931,0.749310,-0.012619,0.976115,0.216886,-0.012619,0.976115,0.216886,-0.012143,0.976678,0.214364,9.628440,-4.744942,0.003080,1,1,22.149310,-0.081040,0,0
0.220000,0.001008,288.313000,294.906000,1,1,1,1,2,2,0.752388,0.747235,0.752388,0.747235,0.749811,-0.012943,0.976051,0.217154,-0.012943,0.976051,0.217154,-0.012212,0.976624,0.214605,9.389576,-4.746009,0.009002,1,1,22.156390,-0.079812,0,0
0.230000,0.001343,288.265500,295.122500,1,1,1,1,2,2,0.753088,0.747939,0.753088,0.747939,0.750513,-0.012945,0.976046,0.217181,-0.012945,0.976046,0.217181,-0.012275,0.976574,0.214826,9.184776,-4.749413,0.012121,1,1,22.163480,-0.078861,0,0
0.240000,0.001672,288.218000,295.339000,1,1,1,1,2,2,0.754090,0.748583,0.754090,0.748583,0.751337,-0.013366,0.975926,0.217691,-0.013366,0.975926,0.217691,-0.012369,0.976518,0.215073,8.994980,-4.754817,0.013762,1,1,22.170590,-0.077882,0,0
0.250000,0.001994,288.170400,295.555600,1,1,1,1,2,2,0.755714,0.750198,0.755714,0.750198,0.752956,-0.013360,0.975419,0.219952,-0.013360,0.975419,0.219952,-0.012454,0.976425,0.215494,8.609856,-4.762075,0.017473,1,1,22.177710,-0.077208,0,0
0.260000,0.002309,288.122700,295.772300,1,1,1,1,2,2,0.756889,0.751554,0.756889,0.751554,0.754222,-0.013684,0.975333,0.220314,-0.013684,0.975333,0.220314,-0.012560,0.976332,0.215907,8.388580,-4.773097,0.017175,1,1,22.184870,-0.076512,0,0
0.270000,0.002619,288.074800,295.989000,1,1,1,1,2,2,0.757923,0.752510,0.757923,0.752510,0.755217,-0.013683,0.975312,0.220408,-0.013683,0.975312,0.220408,-0.012657,0.976245,0.216296,8.285382,-4.786279,0.014103,1,1,22.192060,-0.075982,0,0
0.280000,0.002923,288.026800,296.205700,1,1,1,1,2,2,0.758913,0.753323,0.758913,0.753323,0.756118,-0.013681,0.975333,0.220314,-0.013681,0.975333,0.220314,-0.012745,0.976166,0.216642,8.248613,-4.800467,0.009051,1,1,22.199280,-0.075365,0,0
0.290000,0.003221,287.978600,296.422500,1,1,1,1,2,2,0.759717,0.754290,0.759717,0.754290,0.757003,-0.013684,0.975360,0.220193,-0.013684,0.975360,0.220193,-0.012826,0.976097,0.216947,8.246687,-4.815012,0.002729,1,1,22.206540,-0.074671,0,0
0.300000,0.003514,287.930300,296.639300,1,1,1,1,2,2,0.760377,0.755036,0.760377,0.755036,0.757707,-0.013683,0.975327,0.220342,-0.013683,0.975327,0.220342,-0.012899,0.976031,0.217240,8.285402,-4.829573,-0.003909,1,1,22.213820,-0.073917,0,0
0.310000,0.003801,287.881900,296.856200,1,1,1,1,2,2,0.760960,0.755317,0.760960,0.755317,0.758139,-0.013683,0.975339,0.220287,-0.013683,0.975339,0.220287,-0.012967,0.975971,0.217502,8.379980,-4.843752,-0.010827,1,1,22.221120,-0.073106,0,0
0.320000,0.004083,287.833300,297.073100,1,1,1,1,2,2,0.761325,0.755897,0.761325,0.755897,0.758611,-0.013683,0.975360,0.220193,-0.013683,0.975360,0.220193,-0.013028,0.975919,0.217734,8.460989,-4.857005,-0.017486,1,1,22.228450,-0.072247,0,0
0.330000,0.004359,287.784600,297.290100,1,1,1,1,2,2,0.761622,0.756195,0.761622,0.756195,0.758908,-0.013683,0.975360,0.220193,-0.013683,0.975360,0.220193,-0.013085,0.975871,0.217945,8.564288,-4.869463,-0.023780,1,1,22.235790,-0.071351,0,0
0.340000,0.004630,287.735800,297.507100,1,1,1,1,2,2,0.761860,0.756413,0.761860,0.756413,0.759137,-0.013679,0.975367,0.220166,-0.013679,0.975367,0.220166,-0.013136,0.975827,0.218136,8.665800,-4.880909,-0.029501,1,1,22.243150,-0.070420,0,0
0.350000,0.004895,287.686900,297.724200,1,1,1,1,2,2,0.761912,0.756451,0.761912,0.756451,0.759181,-0.013689,0.975299,0.220463,-0.013689,0.975299,0.220463,-0.013183,0.975782,0.218337,8.769564,-4.891362,-0.033991,1,1,22.250530,-0.069461,0,0
0.360000,0.005155,287.637900,297.941300,1,1,1,1,2,2,0.762009,0.756534,0.762009,0.756534,0.759272,-0.013686,0.975348,0.220248,-0.013686,0.975348,0.220248,-0.013227,0.975744,0.218501,8.859434,-4.900800,-0.038250,1,1,22.257910,-0.068487,0,0
0.370000,0.005409,287.588800,298.158400,1,1,1,1,2,2,0.761912,0.756451,0.761912,0.756451,0.759181,-0.013684,0.975299,0.220463,-0.013684,0.975299,0.220463,-0.013266,0.975706,0.218670,8.956697,-4.909358,-0.041506,1,1,22.265300,-0.067492,0,0
0.380000,0.005658,287.539600,298.375600,1,1,1,1,2,2,0.761870,0.756356,0.761870,0.756356,0.759113,-0.013680,0.975318,0.220381,-0.013680,0.975318,0.220381,-0.013302,0.975673,0.218817,9.037832,-4.916964,-0.044275,1,1,22.272710,-0.066481,0,0
0.390000,0.005900,287.490400,298.592900,1,1,1,1,2,2,0.761741,0.756103,0.761741,0.756103,0.758922,-0.013689,0.975321,0.220369,-0.013689,0.975321,0.220369,-0.013335,0.975642,0.218951,9.128518,-4.923777,-0.046539,1,1,22.280120,-0.065456,0,0
0.400000,0.006137,287.441100,298.810300,1,1,1,1,2,2,0.761563,0.756135,0.761563,0.756135,0.758849,-0.013682,0.975360,0.220193,-0.013682,0.975360,0.220193,-0.013365,0.975618,0.219058,9.190487,-4.929703,-0.048499,1,1,22.287530,-0.064431,0,0
0.410000,0.006369,287.391800,299.027700,1,1,1,1,2,2,0.761287,0.755983,0.761287,0.755983,0.758635,-0.013686,0.975333,0.220314,-0.013686,0.975333,0.220314,-0.013393,0.975594,0.219166,9.261445,-4.935022,-0.049808,1,1,22.294940,-0.063394,0,0
0.420000,0.006595,287.342300,299.245200,1,1,1,1,2,2,0.761071,0.755466,0.761071,0.755466,0.758269,-0.013685,0.975333,0.220314,-0.013685,0.975333,0.220314,-0.013418,0.975571,0.219265,9.347344,-4.939648,-0.050615,1,1,22.302360,-0.062357,0,0
0.430000,0.006815,287.292900,299.462700,1,1,1,1,2,2,0.760346,0.755198,0.760346,0.755198,0.757772,-0.014025,0.975240,0.220704,-0.014025,0.975240,0.220704,-0.013470,0.975543,0.219389,9.420783,-4.943434,-0.049987,1,1,22.309780,-0.061324,0,0
0.440000,0.007030,287.243400,299.680400,1,1,1,1,2,2,0.759139,0.753854,0.759139,0.753854,0.756497,-0.014022,0.974769,0.222776,-0.014022,0.974769,0.222776,-0.013518,0.975476,0.219680,9.519639,-4.946503,-0.044784,1,1,22.317200,-0.060561,0,0
0.450000,0.007238,287.193900,299.898000,1,1,1,1,2,2,0.759471,0.753806,0.759471,0.753806,0.756638,-0.014232,0.974705,0.223044,-0.014232,0.974705,0.223044,-0.013579,0.975410,0.219970,9.339631,-4.948610,-0.038631,1,1,22.324640,-0.059774,0,0
0.460000,0.007442,287.144400,300.115800,1,1,1,1,2,2,0.759763,0.754171,0.759763,0.754171,0.756967,-0.014231,0.974677,0.223166,-0.014231,0.974677,0.223166,-0.013635,0.975346,0.220245,9.179204,-4.952477,-0.034603,1,1,22.332110,-0.059149,0,0
0.470000,0.007640,287.094800,300.333600,1,1,1,1,2,2,0.765376,0.754370,0.765376,0.754370,0.759873,-0.022659,0.972677,0.231056,-0.022659,0.972677,0.231056,-0.014412,0.975125,0.221177,8.216146,-4.957911,-0.017092,1,1,22.339600,-0.058766,0,0
0.480000,0.007834,287.045100,300.551500,1,1,1,1,2,2,0.761424,0.755465,0.761424,0.755465,0.758445,-0.014563,0.974105,0.225625,-0.014563,0.974105,0.225625,-0.014425,0.975038,0.221560,8.590183,-4.972748,-0.021803,1,1,22.347180,-0.064678,0,0
0.490000,0.008023,286.995300,300.769400,1,1,1,1,2,2,0.762073,0.756265,0.762073,0.756265,0.759169,-0.014769,0.974072,0.225754,-0.014769,0.974072,0.225754,-0.014454,0.974955,0.221921,8.495502,-4.983936,-0.023263,1,1,22.354780,-0.063497,0,0
0.500000,0.008208,286.945300,300.987400,1,1,1,1,2,2,0.762648,0.756781,0.762648,0.756781,0.759715,-0.014776,0.974046,0.225866,-0.014776,0.974046,0.225866,-0.014482,0.974876,0.222260,8.468638,-4.996047,-0.026149,1,1,22.362420,-0.062489,0,0
0.510000,0.008388,286.895200,301.205400,1,1,1,1,2,2,0.763040,0.757173,0.763040,0.757173,0.760107,-0.014779,0.974033,0.225922,-0.014779,0.974033,0.225922,-0.014508,0.974804,0.222575,8.489916,-5.008419,-0.029853,1,1,22.370080,-0.061479,0,0
0.520000,0.008564,286.845000,301.423500,1,1,1,1,2,2,0.763416,0.757554,0.763416,0.757554,0.760485,-0.014775,0.974053,0.225838,-0.014775,0.974053,0.225838,-0.014531,0.974739,0.222856,8.527945,-5.020581,-0.034121,1,1,22.377780,-0.060467,0,0
0.530000,0.008736,286.794700,301.641600,1,1,1,1,2,2,0.763654,0.757786,0.763654,0.757786,0.760720,-0.014774,0.974059,0.225810,-0.014774,0.974059,0.225810,-0.014551,0.974681,0.223110,8.597219,-5.032370,-0.038608,1,1,22.385490,-0.059451,0,0
0.540000,0.008904,286.744300,301.859800,1,1,1,1,2,2,0.763826,0.758069,0.763826,0.758069,0.760948,-0.014772,0.974094,0.225661,-0.014772,0.974094,0.225661,-0.014570,0.974630,0.223330,8.670295,-5.043481,-0.043190,1,1,22.393220,-0.058434,0,0
0.550000,0.009067,286.693700,302.078000,1,1,1,1,2,2,0.763827,0.757970,0.763827,0.757970,0.760898,-0.014772,0.974059,0.225810,-0.014772,0.974059,0.225810,-0.014588,0.974581,0.223543,8.778240,-5.053877,-0.047173,1,1,22.400960,-0.057420,0,0
0.560000,0.009226,286.643100,302.296300,1,1,1,1,2,2,0.763797,0.757940,0.763797,0.757940,0.760869,-0.014773,0.974059,0.225810,-0.014773,0.974059,0.225810,-0.014604,0.974536,0.223739,8.866079,-5.063219,-0.050490,1,1,22.408720,-0.056409,0,0
0.570000,0.009381,286.592400,302.514700,1,1,1,1,2,2,0.763713,0.757707,0.763713,0.757707,0.760710,-0.014774,0.974074,0.225745,-0.014774,0.974074,0.225745,-0.014618,0.974497,0.223911,8.967888,-5.071702,-0.053435,1,1,22.416480,-0.055407,0,0
0.580000,0.009531,286.541600,302.733100,1,1,1,1,2,2,0.763565,0.757649,0.763565,0.757649,0.760607,-0.014772,0.974046,0.225866,-0.014772,0.974046,0.225866,-0.014632,0.974458,0.224079,9.036696,-5.079192,-0.055458,1,1,22.424260,-0.054412,0,0
0.590000,0.009677,286.490700,302.951600,1,1,1,1,2,2,0.763327,0.757465,0.763327,0.757465,0.760396,-0.014774,0.974053,0.225838,-0.014774,0.974053,0.225838,-0.014644,0.974423,0.224231,9.117274,-5.086009,-0.057176,1,1,22.432040,-0.053425,0,0
0.600000,0.009819,286.439800,303.170100,1,1,1,1,2,2,0.763059,0.757197,0.763059,0.757197,0.760128,-0.014775,0.974053,0.225838,-0.014775,0.974053,0.225838,-0.014655,0.974391,0.224369,9.195279,-5.092039,-0.058383,1,1,22.439830,-0.052448,0,0
0.610000,0.009956,286.388800,303.388700,1,1,1,1,2,2,0.762792,0.756876,0.762792,0.756876,0.759834,-0.014775,0.974046,0.225866,-0.014775,0.974046,0.225866,-0.014666,0.974361,0.224498,9.263975,-5.097307,-0.059023,1,1,22.447620,-0.051482,0,0
0.620000,0.010089,286.337800,303.607400,1,1,1,1,2,2,0.762465,0.756458,0.762465,0.756458,0.759462,-0.014777,0.974074,0.225745,-0.014777,0.974074,0.225745,-0.014675,0.974337,0.224605,9.341846,-5.101905,-0.059467,1,1,22.455410,-0.050527,0,0
0.630000,0.010217,286.286700,303.826100,1,1,1,1,2,2,0.762108,0.756246,0.762108,0.756246,0.759177,-0.014777,0.974053,0.225838,-0.014777,0.974053,0.225838,-0.014684,0.974312,0.224711,9.385124,-5.105743,-0.059158,1,1,22.463210,-0.049584,0,0
0.640000,0.010341,286.235700,304.045000,1,1,1,1,2,2,0.761820,0.755904,0.761820,0.755904,0.758862,-0.014775,0.974059,0.225810,-0.014775,0.974059,0.225810,-0.014692,0.974291,0.224806,9.429633,-5.109159,-0.058679,1,1,22.471010,-0.048652,0,0
0.650000,0.010460,286.184500,304.263900,1,1,1,1,2,2,0.761394,0.755527,0.761394,0.755527,0.758461,-0.014773,0.974059,0.225810,-0.014773,0.974059,0.225810,-0.014699,0.974271,0.224892,9.483154,-5.112140,-0.057940,1,1,22.478810,-0.047730,0,0
0.660000,0.010576,286.133400,304.482800,1,1,1,1,2,2,0.760810,0.755161,0.760810,0.755161,0.757985,-0.014989,0.973994,0.226078,-0.014989,0.973994,0.226078,-0.014724,0.974247,0.224994,9.527488,-5.114598,-0.056300,1,1,22.486600,-0.046821,0,0
0.670000,0.010686,286.082200,304.701900,1,1,1,1,2,2,0.759686,0.753727,0.759686,0.753727,0.756707,-0.014985,0.973574,0.227880,-0.014985,0.973574,0.227880,-0.014746,0.974189,0.225243,9.620541,-5.116624,-0.050837,1,1,22.494400,-0.046099,0,0
0.680000,0.010793,286.031000,304.921000,1,1,1,1,2,2,0.759755,0.753845,0.759755,0.753845,0.756800,-0.015040,0.973560,0.227936,-0.015040,0.973560,0.227936,-0.014771,0.974135,0.225475,9.452754,-5.117747,-0.044819,1,1,22.502220,-0.045370,0,0
0.690000,0.010895,285.979800,305.140200,1,1,1,1,2,2,0.759839,0.753879,0.759839,0.753879,0.756859,-0.015039,0.973560,0.227936,-0.015039,0.973560,0.227936,-0.014795,0.974085,0.225686,9.344567,-5.120507,-0.040936,1,1,22.510050,-0.044690,0,0
0.700000,0.010993,285.928600,305.359500,1,1,1,1,2,2,0.760053,0.753973,0.760053,0.753973,0.757013,-0.015255,0.973529,0.228056,-0.015255,0.973529,0.228056,-0.014834,0.974037,0.225890,9.250738,-5.124322,-0.038312,1,1,22.517890,-0.044003,0,0
0.710000,0.011088,285.877300,305.578800,1,1,1,1,2,2,0.760932,0.754920,0.760932,0.754920,0.757926,-0.015247,0.973090,0.229920,-0.015247,0.973090,0.229920,-0.014870,0.973956,0.226237,8.960752,-5.129052,-0.033315,1,1,22.525760,-0.043485,0,0
0.720000,0.011180,285.825900,305.798200,1,1,1,1,2,2,0.761407,0.755404,0.761407,0.755404,0.758405,-0.015302,0.973096,0.229891,-0.015302,0.973096,0.229891,-0.014907,0.973882,0.226552,8.839784,-5.136610,-0.031958,1,1,22.533650,-0.042950,0,0
0.730000,0.011268,285.774500,306.017600,1,1,1,1,2,2,0.761793,0.755735,0.761793,0.755735,0.758764,-0.015297,0.973089,0.229920,-0.015297,0.973089,0.229920,-0.014941,0.973814,0.226842,8.784811,-5.145346,-0.032370,1,1,22.541560,-0.042433,0,0
0.740000,0.011354,285.722900,306.237200,1,1,1,1,2,2,0.762071,0.756062,0.762071,0.756062,0.759066,-0.015301,0.973076,0.229977,-0.015301,0.973076,0.229977,-0.014972,0.973750,0.227111,8.765260,-5.154617,-0.033788,1,1,22.549500,-0.041890,0,0
0.750000,0.011437,285.671300,306.456700,1,1,1,1,2,2,0.762357,0.756245,0.762357,0.756245,0.759301,-0.015302,0.973083,0.229948,-0.015302,0.973083,0.229948,-0.015000,0.973693,0.227356,8.777394,-5.164078,-0.035986,1,1,22.557460,-0.041330,0,0
0.760000,0.011517,285.619600,306.676400,1,1,1,1,2,2,0.762506,0.756448,0.762506,0.756448,0.759477,-0.015303,0.973089,0.229920,-0.015303,0.973089,0.229920,-0.015026,0.973641,0.227576,8.810570,-5.173419,-0.038599,1,1,22.565440,-0.040756,0,0
0.770000,0.011595,285.567700,306.896100,1,1,1,1,2,2,0.762595,0.756531,0.762595,0.756531,0.759563,-0.015299,0.973096,0.229891,-0.015299,0.973096,0.229891,-0.015049,0.973594,0.227775,8.863827,-5.182436,-0.041369,1,1,22.573430,-0.040170,0,0
0.780000,0.011669,285.515800,307.115800,1,1,1,1,2,2,0.762595,0.756518,0.762595,0.756518,0.759556,-0.015302,0.973076,0.229977,-0.015302,0.973076,0.229977,-0.015071,0.973549,0.227965,8.926054,-5.190932,-0.043826,1,1,22.581430,-0.039572,0,0
0.790000,0.011741,285.463800,307.335600,1,1,1,1,2,2,0.762536,0.756527,0.762536,0.756527,0.759531,-0.015299,0.973103,0.229863,-0.015299,0.973103,0.229863,-0.015091,0.973511,0.228128,8.991062,-5.198821,-0.046260,1,1,22.589440,-0.038968,0,0
0.800000,0.011811,285.411800,307.555500,1,1,1,1,2,2,0.762446,0.756224,0.762446,0.756224,0.759335,-0.015299,0.973061,0.230040,-0.015299,0.973061,0.230040,-0.015109,0.973472,0.228293,9.069645,-5.206074,-0.048009,1,1,22.597460,-0.038357,0,0
0.810000,0.011877,285.359600,307.775500,1,1,1,1,2,2,0.762298,0.756240,0.762298,0.756240,0.759269,-0.015301,0.973089,0.229920,-0.015301,0.973089,0.229920,-0.015125,0.973439,0.228433,9.119436,-5.212561,-0.049536,1,1,22.605480,-0.037742,0,0
0.820000,0.011941,285.307500,307.995500,1,1,1,1,2,2,0.762090,0.756007,0.762090,0.756007,0.759049,-0.015303,0.973083,0.229948,-0.015303,0.973083,0.229948,-0.015141,0.973409,0.228563,9.189954,-5.218562,-0.050783,1,1,22.613510,-0.037126,0,0
0.830000,0.012002,285.255200,308.215600,1,1,1,1,2,2,0.761902,0.755824,0.761902,0.755824,0.758863,-0.015297,0.973103,0.229863,-0.015297,0.973103,0.229863,-0.015154,0.973382,0.228675,9.247346,-5.223875,-0.051752,1,1,22.621550,-0.036511,0,0
0.840000,0.012060,285.202900,308.435800,1,1,1,1,2,2,0.761615,0.755647,0.761615,0.755647,0.758631,-0.015301,0.973061,0.230040,-0.015301,0.973061,0.230040,-0.015167,0.973355,0.228793,9.295347,-5.228627,-0.052012,1,1,22.629580,-0.035891,0,0
0.850000,0.012115,285.150600,308.656100,1,1,1,1,2,2,0.761367,0.755241,0.761367,0.755241,0.758304,-0.015298,0.973089,0.229920,-0.015298,0.973089,0.229920,-0.015178,0.973332,0.228890,9.360251,-5.232911,-0.052263,1,1,22.637620,-0.035276,0,0
0.860000,0.012166,285.098200,308.876400,1,1,1,1,2,2,0.761021,0.754958,0.761021,0.754958,0.757989,-0.015299,0.973096,0.229891,-0.015299,0.973096,0.229891,-0.015188,0.973312,0.228976,9.412997,-5.236562,-0.052115,1,1,22.645660,-0.034661,0,0
0.870000,0.012215,285.045800,309.096800,1,1,1,1,2,2,0.760743,0.754612,0.760743,0.754612,0.757678,-0.015298,0.973096,0.229891,-0.015298,0.973096,0.229891,-0.015198,0.973293,0.229055,9.456261,-5.239699,-0.051609,1,1,22.653700,-0.034050,0,0
0.880000,0.012261,284.993400,309.317200,1,1,1,1,2,2,0.760368,0.754364,0.760368,0.754364,0.757366,-0.015300,0.973096,0.229891,-0.015300,0.973096,0.229891,-0.015207,0.973276,0.229127,9.492598,-5.242413,-0.050825,1,1,22.661730,-0.033441,0,0
0.889999,0.012304,284.940900,309.537800,1,1,1,1,2,2,0.751836,0.748690,0.751836,0.748690,0.750263,-0.010074,0.974166,0.225610,-0.010074,0.974166,0.225610,-0.014765,0.973354,0.228824,10.961930,-5.244773,-0.058426,1,1,22.669770,-0.032817,0,0
0.899999,0.012343,284.888600,309.758500,1,1,1,1,2,2,0.752176,0.749064,0.752176,0.749064,0.750620,-0.010304,0.974764,0.223000,-0.010304,0.974764,0.223000,-0.014382,0.973477,0.228324,10.836850,-5.232823,-0.055945,1,1,22.677730,-0.028534,0,0
0.909999,0.012377,284.836400,309.979200,1,1,1,1,2,2,0.752013,0.748880,0.752013,0.748880,0.750446,-0.007647,0.975411,0.220263,-0.007647,0.975411,0.220263,-0.013802,0.973648,0.227632,10.951740,-5.222084,-0.059224,1,1,22.685640,-0.024524,0,0
0.919999,0.012408,284.784300,310.200100,1,1,1,1,2,2,0.752965,0.749832,0.752965,0.749832,0.751399,-0.006874,0.976640,0.214772,-0.006874,0.976640,0.214772,-0.013206,0.973914,0.226527,11.076710,-5.210215,-0.070974,1,1,22.693480,-0.018627,0,0
0.929999,0.012436,284.732300,310.421100,1,1,1,1,2,2,0.751114,0.748196,0.751114,0.748196,0.749655,-0.007212,0.977242,0.212005,-0.007212,0.977242,0.212005,-0.012691,0.974210,0.225280,11.739650,-5.197109,-0.084820,1,1,22.701180,-0.012545,0,0
0.939999,0.012460,284.680500,310.642200,1,1,1,1,2,2,0.735682,0.735631,0.735682,0.735631,0.735656,0.000004,0.978760,0.205012,0.000004,0.978760,0.205012,-0.011598,0.974625,0.223540,14.731850,-5.177523,-0.103555,1,1,22.708730,-0.009010,0,0
0.949999,0.012479,284.629200,310.863500,1,1,1,1,2,2,0.731107,0.731019,0.731107,0.731019,0.731063,-0.003578,0.981007,0.193939,-0.003578,0.981007,0.193939,-0.010908,0.975212,0.221001,15.750690,-5.128741,-0.111006,1,1,22.715990,0.000265,0,0
0.959999,0.012493,284.578600,311.085000,1,1,1,1,2,2,0.724849,0.724529,0.724849,0.724529,0.724689,-0.003634,0.982094,0.188357,-0.003634,0.982094,0.188357,-0.010283,0.975849,0.218201,16.988090,-5.069969,-0.114361,1,1,22.722960,0.006464,0,0
0.969999,0.012501,284.528600,311.306700,1,1,1,1,2,2,0.717635,0.717210,0.717635,0.717210,0.717423,-0.000001,0.983137,0.182869,-0.000001,0.983137,0.182869,-0.009398,0.976530,0.215171,18.211980,-4.999060,-0.110733,1,1,22.729600,0.009541,0,0
0.979999,0.012503,284.479400,311.528700,1,1,1,1,2,2,0.709736,0.709569,0.709736,0.709569,0.709653,0.000184,0.985150,0.171694,0.000184,0.985150,0.171694,-0.008574,0.977351,0.211446,19.627810,-4.916129,-0.111099,1,1,22.735940,0.017101,0,0
0.989999,0.012500,284.431200,311.750900,1,1,1,1,2,2,0.700866,0.700604,0.700866,0.700604,0.700735,-0.001680,0.986130,0.165965,-0.001680,0.986130,0.165965,-0.007981,0.978191,0.207548,20.996690,-4.819264,-0.101316,1,1,22.741900,0.025699,0,0
0.999999,0.012492,284.384100,311.973500,1,1,1,1,2,2,0.691108,0.691106,0.691108,0.691106,0.691107,-0.000005,0.987025,0.160568,-0.000005,0.987025,0.160568,-0.007295,0.979042,0.203522,22.226800,-4.708905,-0.080865,1,1,22.747520,0.028932,0,0
1.009999,0.012479,284.338300,312.196400,1,1,1,1,2,2,0.681484,0.681413,0.681484,0.681413,0.681449,-0.000092,0.988813,0.149161,-0.000092,0.988813,0.149161,-0.006676,0.980003,0.198866,23.522620,-4.586391,-0.062782,1,1,22.752860,0.034849,0,0
1.019999,0.012461,284.293700,312.419500,1,1,1,1,2,2,0.670859,0.670874,0.670859,0.670874,0.670867,-0.000387,0.989640,0.143572,-0.000387,0.989640,0.143572,-0.006135,0.980956,0.194129,24.707750,-4.451041,-0.033622,1,1,22.757870,0.040376,0,0
1.029999,0.012440,284.250700,312.643000,1,1,1,1,2,2,0.659961,0.660125,0.659961,0.660125,0.660043,0.000006,0.990454,0.137847,0.000006,0.990454,0.137847,-0.005607,0.981901,0.189308,25.689790,-4.303924,0.005397,1,1,22.762650,0.044330,0,0
1.039999,0.012416,284.209200,312.866900,1,1,1,1,2,2,0.649452,0.649476,0.649452,0.649476,0.649464,-0.000247,0.991996,0.126268,-0.000247,0.991996,0.126268,-0.005146,0.982929,0.183909,26.718040,-4.147018,0.040841,1,1,22.767280,0.049116,0,0
1.049999,0.012388,284.169400,313.091100,1,1,1,1,2,2,0.638257,0.638289,0.638257,0.638289,0.638273,-0.000052,0.992691,0.120688,-0.000052,0.992691,0.120688,-0.004708,0.983930,0.178494,27.608770,-3.979837,0.086180,1,1,22.771720,0.052590,0,0
1.059999,0.012359,284.131400,313.315700,1,1,1,1,2,2,0.627273,0.627168,0.627273,0.627168,0.627221,0.000008,0.993373,0.114936,0.000008,0.993373,0.114936,-0.004303,0.984904,0.173049,28.269030,-3.803725,0.139726,1,1,22.776070,0.056084,0,0
1.069999,0.012329,284.095200,313.540600,1,1,1,1,2,2,0.616589,0.616376,0.616589,0.616376,0.616483,-0.004535,0.994632,0.103379,-0.004535,0.994632,0.103379,-0.004324,0.985933,0.167081,29.010500,-3.620946,0.187785,1,1,22.780390,0.066685,0,0
1.079999,0.012296,284.060900,313.765800,1,1,1,1,2,2,0.605551,0.605326,0.605551,0.605326,0.605439,0.000001,0.995233,0.097526,0.000001,0.995233,0.097526,-0.003952,0.986926,0.161122,29.616640,-3.430675,0.243448,1,1,22.784630,0.057671,0,0
1.089999,0.012263,284.028500,313.991400,1,1,1,1,2,2,0.594634,0.594694,0.594634,0.594694,0.594664,0.000005,0.995764,0.091949,0.000005,0.995764,0.091949,-0.003612,0.987877,0.155195,30.004370,-3.234247,0.305887,1,1,22.788870,0.060771,0,0
1.099999,0.012229,283.998200,314.217300,1,1,1,1,2,2,0.584312,0.584111,0.584312,0.584111,0.584212,0.000524,0.996775,0.080243,0.000524,0.996775,0.080243,-0.003256,0.988866,0.148773,30.522940,-3.033824,0.360791,1,1,22.793160,0.062659,0,0
1.109999,0.012196,283.969900,314.443500,1,1,1,1,2,2,0.573862,0.573824,0.573862,0.573824,0.573843,-0.000006,0.997219,0.074525,-0.000006,0.997219,0.074525,-0.002977,0.989803,0.142409,30.862360,-2.828096,0.422232,1,1,22.797420,0.066597,0,0
1.119999,0.012164,283.943700,314.670000,1,1,1,1,2,2,0.560174,0.556738,0.560174,0.556738,0.558456,0.000822,0.998705,0.050864,0.000822,0.998705,0.050864,-0.002651,0.990901,0.134566,32.872930,-2.618845,0.453030,1,1,22.801710,0.067138,0,0
1.129999,0.012133,283.919800,314.896900,1,1,1,1,2,2,0.554169,0.554380,0.554169,0.554380,0.554275,0.001473,0.998375,0.056973,0.001473,0.998375,0.056973,-0.002296,0.991782,0.127913,31.676650,-2.389462,0.531332,1,1,22.806100,0.068122,0,0
1.139999,0.012105,283.898100,315.123900,1,1,1,1,2,2,0.544879,0.544841,0.544879,0.544841,0.544860,0.000003,0.998679,0.051377,0.000003,0.998679,0.051377,-0.002098,0.992607,0.121350,31.670050,-2.171788,0.599707,1,1,22.810230,0.074555,0,0
1.149999,0.012081,283.878600,315.351200,1,1,1,1,2,2,0.536219,0.536191,0.536219,0.536191,0.536205,0.000129,0.999223,0.039421,0.000129,0.999223,0.039421,-0.001907,0.993442,0.114322,31.794330,-1.954048,0.657379,1,1,22.814360,0.075437,0,0
1.159999,0.012060,283.861200,315.578700,1,1,1,1,2,2,0.527505,0.527603,0.527505,0.527603,0.527554,-0.000173,0.999441,0.033440,-0.000173,0.999441,0.033440,-0.001758,0.994216,0.107383,31.835670,-1.734939,0.718315,1,1,22.818390,0.077075,0,0
1.169999,0.012044,283.846000,315.806400,1,1,1,1,2,2,0.519169,0.519250,0.519169,0.519250,0.519209,-0.000005,0.999612,0.027853,-0.000005,0.999612,0.027853,-0.001607,0.994930,0.100558,31.745530,-1.515305,0.782282,1,1,22.822340,0.077278,0,0
1.179999,0.012032,283.833100,316.034300,1,1,1,1,2,2,0.511397,0.511383,0.511397,0.511383,0.511390,0.001115,0.999871,0.016024,0.001115,0.999871,0.016024,-0.001373,0.995637,0.093302,31.830050,-1.296471,0.835479,1,1,22.826190,0.075712,0,0
1.189999,0.012025,283.822300,316.262400,1,1,1,1,2,2,0.503800,0.503660,0.503800,0.503660,0.503730,0.000001,0.999947,0.010303,0.000001,0.999947,0.010303,-0.001255,0.996279,0.086176,31.789760,-1.076703,0.892496,1,1,22.829870,0.079540,0,0
1.199999,0.012024,283.813700,316.490600,1,1,1,1,2,2,0.451616,0.496658,0.451616,0.496658,0.474137,0.000000,0.999243,-0.038912,0.000000,0.999243,-0.038912,-0.001148,0.997150,0.075435,37.777520,-0.857264,0.866396,1,1,22.833380,0.079512,0,0
1.209999,0.012027,283.808000,316.718900,1,1,1,1,2,2,0.490305,0.490445,0.490305,0.490445,0.490375,0.000777,0.999973,-0.007252,0.000777,0.999973,-0.007252,-0.000982,0.997662,0.068330,31.933840,-0.577985,0.983427,1,1,22.838500,0.077206,0,0
1.219999,0.012036,283.804400,316.947300,1,1,1,1,2,2,0.484381,0.484384,0.484381,0.484384,0.484383,0.000006,0.999913,-0.013228,0.000006,0.999913,-0.013228,-0.000897,0.998117,0.061321,31.498470,-0.356975,1.044167,1,1,22.841190,0.080549,0,0
1.229999,0.012052,283.803000,317.175700,1,1,1,1,2,2,0.517625,0.514698,0.517625,0.514698,0.516161,-0.000774,0.998519,0.054407,-0.000774,0.998519,0.054407,-0.000887,0.998154,0.060726,20.704420,-0.140297,1.247137,1,1,22.843530,0.082012,0,0
1.239999,0.012073,283.808300,317.402300,1,1,1,1,2,2,0.477934,0.478081,0.477934,0.478081,0.478007,0.003558,0.999524,-0.030646,0.003558,0.999524,-0.030646,-0.000504,0.998601,0.052871,15.625350,0.527973,1.725185,1,1,22.664090,0.132078,0,0
1.249999,0.012101,283.815600,317.628300,1,1,1,1,2,2,0.477517,0.477559,0.477517,0.477559,0.477538,0.000010,0.999338,-0.036383,0.000010,0.999338,-0.036383,-0.000460,0.998978,0.045196,16.006620,0.692012,1.713463,1,1,22.626900,0.093023,0,0
1.259999,0.012137,283.824700,317.853900,1,1,1,1,2,2,0.476742,0.476931,0.476742,0.476931,0.476836,-0.002401,0.998835,-0.048198,-0.002401,0.998835,-0.048198,-0.000627,0.999309,0.037161,17.414470,0.823601,1.662329,1,1,22.600350,0.090367,0,0
1.269999,0.012179,283.836800,318.078600,1,1,1,1,2,2,0.477375,0.477538,0.477375,0.477538,0.477457,-0.001542,0.998536,-0.054067,-0.001542,0.998536,-0.054067,-0.000706,0.999570,0.029311,15.348850,1.081181,1.740589,1,1,22.539080,0.099760,0,0
1.279999,0.012228,283.849700,318.303000,1,1,1,1,2,2,0.477351,0.477266,0.477351,0.477266,0.477308,-0.000002,0.998204,-0.059907,-0.000002,0.998204,-0.059907,-0.000646,0.999766,0.021631,16.387050,1.214335,1.700207,1,1,22.507930,0.082264,0,0
1.289999,0.012283,283.864100,318.527100,1,1,1,1,2,2,0.476647,0.476583,0.476647,0.476583,0.476615,-0.002870,0.997429,-0.071609,-0.002870,0.997429,-0.071609,-0.000838,0.999907,0.013602,17.789080,1.344067,1.649173,1,1,22.480970,0.082656,0,0
1.299999,0.012343,283.881600,318.750200,1,1,1,1,2,2,0.477518,0.477313,0.477518,0.477313,0.477415,0.000002,0.997004,-0.077346,0.000002,0.997004,-0.077346,-0.000766,0.999983,0.005768,15.707360,1.597756,1.726708,1,1,22.419630,0.088768,0,0
1.309999,0.012410,283.899800,318.973000,1,1,1,1,2,2,0.477269,0.477345,0.477269,0.477345,0.477307,0.000003,0.996535,-0.083173,0.000003,0.996535,-0.083173,-0.000700,0.999998,-0.001895,16.726670,1.729041,1.686726,1,1,22.387970,0.075581,0,0
1.319999,0.012482,283.919400,319.195400,1,1,1,1,2,2,0.476412,0.476488,0.476412,0.476488,0.476450,-0.000539,0.995514,-0.094615,-0.000539,0.995514,-0.094615,-0.000686,0.999951,-0.009888,18.139040,1.856806,1.636380,1,1,22.360490,0.073589,0,0
1.329999,0.012559,283.942000,319.416800,1,1,1,1,2,2,0.477090,0.477270,0.477090,0.477270,0.477180,0.000004,0.994926,-0.100613,0.000004,0.994926,-0.100613,-0.000627,0.999843,-0.017710,16.097230,2.106243,1.712752,1,1,22.299070,0.083058,0,0
1.339999,0.012642,283.965400,319.637900,1,1,1,1,2,2,0.477129,0.477165,0.477129,0.477165,0.477147,0.000002,0.994331,-0.106325,0.000002,0.994331,-0.106325,-0.000573,0.999678,-0.025353,17.097420,2.235320,1.672919,1,1,22.267130,0.071332,0,0
1.349999,0.012730,283.991300,319.858100,1,1,1,1,2,2,0.477766,0.477723,0.477766,0.477723,0.477745,-0.002666,0.993052,-0.117645,-0.002666,0.993052,-0.117645,-0.000753,0.999444,-0.033316,15.183150,2.481486,1.745095,1,1,22.200870,0.086751,0,0
1.359999,0.012823,284.018000,320.077900,1,1,1,1,2,2,0.477372,0.477593,0.477372,0.477593,0.477482,0.001212,0.992350,-0.123452,0.001212,0.992350,-0.123452,-0.000584,0.999155,-0.041095,16.321670,2.608061,1.701328,1,1,22.164520,0.066377,0,0
1.369999,0.012921,284.046100,320.297200,1,1,1,1,2,2,0.477077,0.477190,0.477077,0.477190,0.477134,-0.000003,0.991621,-0.129181,-0.000003,0.991621,-0.129181,-0.000534,0.998813,-0.048699,17.451640,2.731355,1.658505,1,1,22.132810,0.066391,0,0
1.379999,0.013024,284.076900,320.515400,1,1,1,1,2,2,0.477546,0.477686,0.477546,0.477686,0.477616,-0.000062,0.990058,-0.140660,-0.000062,0.990058,-0.140660,-0.000494,0.998394,-0.056641,15.604190,2.972050,1.728765,1,1,22.066860,0.075707,0,0
1.389999,0.013132,284.108500,320.733200,1,1,1,1,2,2,0.477464,0.477573,0.477464,0.477573,0.477518,-0.003389,0.989246,-0.146226,-0.003389,0.989246,-0.146226,-0.000743,0.997925,-0.064380,16.707200,3.095854,1.685167,1,1,22.030530,0.068943,0,0
1.399999,0.013244,284.141400,320.950400,1,1,1,1,2,2,0.477144,0.477299,0.477144,0.477299,0.477222,0.000002,0.988402,-0.151863,0.000002,0.988402,-0.151863,-0.000679,0.997409,-0.071939,17.819370,3.216507,1.642611,1,1,21.998680,0.059781,0,0
1.409999,0.013361,284.177000,321.166500,1,1,1,1,2,2,0.518188,0.475391,0.518188,0.475391,0.496789,0.001259,0.998833,-0.048292,0.001259,0.998833,-0.048292,-0.000513,0.997553,-0.069905,7.132325,3.451841,1.929264,1,1,21.933070,0.067525,0,0
1.419999,0.013482,284.213100,321.382000,1,1,1,1,2,2,0.477393,0.477384,0.477393,0.477384,0.477388,-0.001148,0.985610,-0.169034,-0.001148,0.985610,-0.169034,-0.000568,0.996916,-0.078478,12.314350,3.565318,1.861420,1,1,21.864100,0.069454,0,0
1.429999,0.013607,284.250600,321.596700,1,1,1,1,2,2,0.476942,0.477077,0.476942,0.477077,0.477010,0.000001,0.984651,-0.174533,0.000001,0.984651,-0.174533,-0.000519,0.996227,-0.086788,13.893990,3.680710,1.800691,1,1,21.814950,0.061358,0,0
1.439999,0.013737,284.289600,321.810500,1,1,1,1,2,2,0.476692,0.476890,0.476692,0.476890,0.476791,0.000000,0.983658,-0.180049,0.000000,0.983658,-0.180049,-0.000474,0.995491,-0.094856,15.328870,3.795253,1.744579,1,1,21.771580,0.058829,0,0
1.449999,0.013871,284.331200,322.023000,1,1,1,1,2,2,0.477067,0.477233,0.477067,0.477233,0.477150,-0.001390,0.981589,-0.191002,-0.001390,0.981589,-0.191002,-0.000553,0.994662,-0.103180,13.890170,4.020547,1.799222,1,1,21.696430,0.069100,0,0
1.459999,0.014008,284.373400,322.235100,1,1,1,1,2,2,0.477208,0.477199,0.477208,0.477199,0.477204,0.000319,0.980507,-0.196483,0.000319,0.980507,-0.196483,-0.000478,0.993791,-0.111258,15.205020,4.136061,1.745897,1,1,21.650900,0.055638,0,0
1.469999,0.014150,284.416800,322.446500,1,1,1,1,2,2,0.476889,0.476922,0.476889,0.476922,0.476905,0.000001,0.979369,-0.202081,0.000001,0.979369,-0.202081,-0.000437,0.992879,-0.119123,16.549290,4.248297,1.693915,1,1,21.610870,0.054058,0,0
1.479999,0.014295,284.462700,322.656500,1,1,1,1,2,2,0.472942,0.472191,0.472942,0.472191,0.472567,-0.000003,0.985642,-0.168851,-0.000003,0.985642,-0.168851,-0.000400,0.992355,-0.123417,13.835440,4.468166,1.833501,1,1,21.539400,0.061272,0,0
1.489999,0.014444,284.509200,322.866100,1,1,1,1,2,2,0.477084,0.477251,0.477084,0.477251,0.477167,0.001808,0.975831,-0.218519,0.001808,0.975831,-0.218519,-0.000210,0.991295,-0.131660,14.465170,4.579412,1.774773,1,1,21.492850,0.051785,0,0
1.499999,0.014597,284.556800,323.075000,1,1,1,1,2,2,0.477003,0.477137,0.477003,0.477137,0.477070,0.000000,0.974569,-0.224088,0.000000,0.974569,-0.224088,-0.000192,0.990197,-0.139673,15.896940,4.687160,1.717773,1,1,21.449060,0.053727,0,0
1.509999,0.014754,284.605700,323.283200,1,1,1,1,2,2,0.476785,0.476937,0.476785,0.476937,0.476861,-0.000004,0.973338,-0.229377,-0.000004,0.973338,-0.229377,-0.000176,0.989069,-0.147450,17.222110,4.794977,1.665828,1,1,21.410170,0.051953,0,0
1.519999,0.014915,284.657100,323.489800,1,1,1,1,2,2,0.475608,0.474849,0.475608,0.474849,0.475228,0.000003,0.985557,-0.169345,0.000003,0.985557,-0.169345,-0.000160,0.988786,-0.149337,12.845620,5.006667,1.852531,1,1,21.340540,0.057036,0,0
1.529999,0.015080,284.708900,323.696100,1,1,1,1,2,2,0.477091,0.477372,0.477091,0.477372,0.477231,0.002062,0.969388,-0.245526,0.002062,0.969388,-0.245526,0.000031,0.987489,-0.157686,14.059120,5.111772,1.789061,1,1,21.288950,0.049910,0,0
1.539999,0.015249,284.761800,323.901600,1,1,1,1,2,2,0.476925,0.477126,0.476925,0.477126,0.477026,0.000161,0.967980,-0.251027,0.000161,0.967980,-0.251027,0.000043,0.986161,-0.165788,15.602210,5.214424,1.728298,1,1,21.242280,0.051869,0,0
1.549999,0.015422,284.817000,324.105600,1,1,1,1,2,2,0.477677,0.477978,0.477677,0.477978,0.477828,-0.000001,0.966605,-0.256271,-0.000001,0.966605,-0.256271,0.000039,0.984808,-0.173643,14.086300,5.417878,1.782627,1,1,21.166370,0.055236,0,0
1.559999,0.015599,284.872700,324.309100,1,1,1,1,2,2,0.478008,0.478266,0.478008,0.478266,0.478137,-0.000004,0.965213,-0.261465,-0.000004,0.965213,-0.261465,0.000035,0.983434,-0.181267,15.231390,5.520407,1.734056,1,1,21.118030,0.050241,0,0
1.569999,0.015780,284.929500,324.511800,1,1,1,1,2,2,0.477246,0.477350,0.477246,0.477350,0.477298,-0.001276,0.962283,-0.272047,-0.001276,0.962283,-0.272047,-0.000078,0.981947,-0.189154,16.799620,5.620203,1.676786,1,1,21.074510,0.049884,0,0
1.579999,0.015965,284.987400,324.713800,1,1,1,1,2,2,0.477019,0.477324,0.477019,0.477324,0.477172,0.000962,0.960844,-0.277089,0.000962,0.960844,-0.277089,0.000012,0.980445,-0.196794,18.115940,5.720168,1.624452,1,1,21.036490,0.044846,0,0
1.589999,0.016153,285.046500,324.915000,1,1,1,1,2,2,0.476775,0.476995,0.476775,0.476995,0.476885,-0.000002,0.959256,-0.282538,-0.000002,0.959256,-0.282538,0.000011,0.978920,-0.204243,19.361660,5.820462,1.576091,1,1,21.002840,0.045443,0,0
1.599999,0.016345,285.107900,325.114800,1,1,1,1,2,2,0.477856,0.478075,0.477856,0.478075,0.477966,0.000012,0.957743,-0.287627,0.000012,0.957743,-0.287627,0.000011,0.977380,-0.211488,17.582370,6.016765,1.638878,1,1,20.939890,0.048454,0,0
1.609999,0.016540,285.169700,325.314200,1,1,1,1,2,2,0.478059,0.478255,0.478059,0.478255,0.478157,0.000003,0.956216,-0.292663,0.000003,0.956216,-0.292663,0.000010,0.975827,-0.218542,18.487600,6.116653,1.600682,1,1,20.902550,0.044071,0,0
1.619999,0.016739,285.232500,325.513000,1,1,1,1,2,2,0.350085,0.353576,0.350085,0.353576,0.351830,0.000808,0.999342,-0.036271,0.000808,0.999342,-0.036271,0.000079,0.979167,-0.203058,30.304400,6.213742,2.038870,1,1,20.869060,0.042508,0,0
1.629999,0.016942,285.296500,325.711500,1,1,1,1,1,1,0.478785,0.479325,0.478785,0.479325,0.479055,-0.001295,0.956201,-0.292709,-0.001295,0.956201,-0.292709,-0.000039,0.977517,-0.210853,6.368547,6.408895,2.079641,1,1,20.857750,0.043923,0,0
1.639999,0.017148,285.362100,325.908500,1,1,1,1,1,1,0.479910,0.480015,0.479910,0.480015,0.479963,0.000005,0.954584,-0.297942,0.000005,0.954584,-0.297942,-0.000035,0.975853,-0.218426,7.424537,6.497449,2.030213,1,1,20.775790,0.045815,0,0
1.649999,0.017357,285.426700,326.105500,1,1,1,1,1,1,0.478630,0.478863,0.478630,0.478863,0.478747,0.000007,0.952966,-0.303078,0.000007,0.952966,-0.303078,-0.000032,0.974176,-0.225787,12.084200,6.468157,1.851922,1,1,20.739700,0.038768,0,0
1.659999,0.017569,285.491600,326.302200,1,1,1,1,1,1,0.476843,0.476632,0.476843,0.476632,0.476738,0.000002,0.951394,-0.307976,0.000002,0.951394,-0.307976,-0.000029,0.972492,-0.232935,15.604930,6.484128,1.724899,1,1,20.707280,0.038135,0,0
1.669999,0.017784,285.556900,326.498400,1,1,1,1,1,1,0.652466,0.646178,0.652466,0.646178,0.649322,0.000000,0.999623,-0.027464,0.000000,0.999623,-0.027464,-0.000026,0.976499,-0.215520,0.000000,6.534106,2.152598,1,1,20.677040,0.037793,0,0
1.679999,0.018003,285.621200,326.694400,0,0,0,0,0,0,0.000000,0.000000,0.000000,0.000000,0.649322,0.000000,0.000000,0.000000,0.000000,0.999623,-0.027464,-0.000026,0.976499,-0.215520,0.000000,6.432369,2.055850,0,2,20.633670,0.036443,0,0
1.689999,0.018221,285.684600,326.890400,0,0,0,0,0,0,0.000000,0.000000,0.000000,0.000000,0.649322,0.000000,0.000000,0.000000,0.000000,0.999623,-0.027464,-0.000026,0.976499,-0.215520,0.000000,6.334269,1.960055,0,2,20.603290,0.003617,0,0
1.699999,0.018439,285.746900,327.086500,0,0,0,0,0,0,0.000000,0.000000,0.000000,0.000000,0.649322,0.000000,0.000000,0.000000,0.000000,0.999623,-0.027464,-0.000026,0.976499,-0.215520,0.000000,6.236169,1.864260,0,2,20.573350,0.003617,0,0
1.709999,0.018658,285.808300,327.282500,0,0,0,0,0,0,0.000000,0.000000,0.000000,0.000000,0.649322,0.000000,0.000000,0.000000,0.000000,0.999623,-0.027464,-0.000026,0.976499,-0.215520,0.000000,6.138069,1.768465,0,2,20.543820,0.003617,0,0
1.719999,0.018876,285.868700,327.478600,0,0,0,0,0,0,0.000000,0.000000,0.000000,0.000000,0.649322,0.000000,0.000000,0.000000,0.000000,0.999623,-0.027464,-0.000026,0.976499,-0.215520,0.000000,6.039968,1.672670,0,2,20.514730,0.003617,0,0
1.729999,0.019094,285.928100,327.674600,0,0,0,0,0,0,0.000000,0.000000,0.000000,0.000000,0.649322,0.000000,0.000000,0.000000,0.000000,0.999623,-0.027464,-0.000026,0.976499,-0.215520,0.000000,5.941868,1.576876,0,2,20.486060,0.003617,0,0
1.739999,0.019313,285.986600,327.870700,0,0,0,0,0,0,0.000000,0.000000,0.000000,0.000000,0.649322,0.000000,0.000000,0.000000,0.000000,0.999623,-0.027464,-0.000026,0.976499,-0.215520,0.000000,5.843768,1.481081,0,2,20.457820,0.003617,0,0
1.749999,0.019531,286.044000,328.066700,0,0,0,0,0,0,0.000000,0.000000,0.000000,0.000000,0.649322,0.000000,0.000000,0.000000,0.000000,0.999623,-0.027464,-0.000026,0.976499,-0.215520,0.000000,5.745668,1.385286,0,2,20.430010,0.003617,0,0
1.759999,0.019750,286.100500,328.262800,0,0,0,0,0,0,0.000000,0.000000,0.000000,0.000000,0.649322,0.000000,0.000000,0.000000,0.000000,0.999623,-0.027464,-0.000026,0.976499,-0.215520,0.000000,5.647568,1.289491,0,2,20.402640,0.003617,0,0
1.769999,0.019968,286.156000,328.458800,0,0,0,0,0,0,0.000000,0.000000,0.000000,0.000000,0.649322,0.000000,0.000000,0.000000,0.000000,0.999623,-0.027464,-0.000026,0.976499,-0.215520,0.000000,5.549468,1.193697,0,2,20.375710,0.003617,0,0
1.779999,0.020186,286.210500,328.654800,0,0,0,0,0,0,0.000000,0.000000,0.000000,0.000000,0.649322,0.000000,0.000000,0.000000,0.000000,0.999623,-0.027464,-0.000026,0.976499,-0.215520,0.000000,5.451367,1.097902,0,2,20.349210,0.003617,0,0
1.789999,0.020405,286.264000,328.850900,0,0,0,0,0,0,0.000000,0.000000,0.000000,0.000000,0.649322,0.000000,0.000000,0.000000,0.000000,0.999623,-0.027464,-0.000026,0.976499,-0.215520,0.000000,5.353267,1.002107,0,2,20.323140,0.003617,0,0
1.799999,0.020623,286.316600,329.046900,0,0,0,0,0,0,0.000000,0.000000,0.000000,0.000000,0.649322,0.000000,0.000000,0.000000,0.000000,0.999623,-0.027464,-0.000026,0.976499,-0.215520,0.000000,5.255167,0.906312,0,2,20.297530,0.003617,0,0
1.809999,0.020841,286.368200,329.243000,0,0,0,0,0,0,0.000000,0.000000,0.000000,0.000000,0.649322,0.000000,0.000000,0.000000,0.000000,0.999623,-0.027464,-0.000026,0.976499,-0.215520,0.000000,5.157067,0.810518,0,2,20.272350,0.003617,0,0
1.819999,0.021060,286.418800,329.439000,0,0,0,0,0,0,0.000000,0.000000,0.000000,0.000000,0.649322,0.000000,0.000000,0.000000,0.000000,0.999623,-0.027464,-0.000026,0.976499,-0.215520,0.000000,5.058967,0.714723,0,2,20.247620,0.003617,0,0
1.829999,0.021278,286.468400,329.635100,0,0,0,0,0,0,0.000000,0.000000,0.000000,0.000000,0.649322,0.000000,0.000000,0.000000,0.000000,0.999623,-0.027464,-0.000026,0.976499,-0.215520,0.000000,4.960866,0.618928,0,2,20.223330,0.003617,0,0
1.839999,0.021496,286.517000,329.831100,0,0,0,0,0,0,0.000000,0.000000,0.000000,0.000000,0.649322,0.000000,0.000000,0.000000,0.000000,0.999623,-0.027464,-0.000026,0.976499,-0.215520,0.000000,4.862766,0.523133,0,2,20.199490,0.003617,0,0
1.849999,0.021715,286.564600,330.027200,0,0,0,0,0,0,0.000000,0.000000,0.000000,0.000000,0.649322,0.000000,0.000000,0.000000,0.000000,0.999623,-0.027464,-0.000026,0.976499,-0.215520,0.000000,4.764666,0.427339,0,2,20.176100,0.003617,0,0
1.859999,0.021933,286.611300,330.223200,0,0,0,0,0,0,0.000000,0.000000,0.000000,0.000000,0.649322,0.000000,0.000000,0.000000,0.000000,0.999623,-0.027464,-0.000026,0.976499,-0.215520,0.000000,4.666566,0.331544,0,2,20.153150,0.003617,0,0
1.869999,0.022151,286.657000,330.419300,0,0,0,0,0,0,0.000000,0.000000,0.000000,0.000000,0.649322,0.000000,0.000000,0.000000,0.000000,0.999623,-0.027464,-0.000026,0.976499,-0.215520,0.000000,4.568466,0.235749,0,2,20.130660,0.003617,0,0
1.879999,0.022370,286.701700,330.615300,0,0,0,0,0,0,0.000000,0.000000,0.000000,0.000000,0.649322,0.000000,0.000000,0.000000,0.000000,0.999623,-0.027464,-0.000026,0.976499,-0.215520,0.000000,4.470366,0.139954,0,2,20.108630,0.003617,0,0
1.889999,0.022588,286.745400,330.811300,0,0,0,0,0,0,0.000000,0.000000,0.000000,0.000000,0.649322,0.000000,0.000000,0.000000,0.000000,0.999623,-0.027464,-0.000026,0.976499,-0.215520,0.000000,4.372265,0.044160,0,2,20.087050,0.003617,0,0
1.899999,0.022806,286.788200,331.007400,0,0,0,0,0,0,0.000000,0.000000,0.000000,0.000000,0.649322,0.000000,0.000000,0.000000,0.000000,0.999623,-0.027464,-0.000026,0.976499,-0.215520,0.000000,4.274165,-0.051635,0,2,20.065920,0.003617,0,0
1.909999,0.023025,286.829900,331.203400,0,0,0,0,0,0,0.000000,0.000000,0.000000,0.000000,0.649322,0.000000,0.000000,0.000000,0.000000,0.999623,-0.027464,-0.000026,0.976499,-0.215520,0.000000,4.176065,-0.147430,0,2,20.045260,0.003617,0,0
1.919999,0.023243,286.870700,331.399500,0,0,0,0,0,0,0.000000,0.000000,0.000000,0.000000,0.649322,0.000000,0.000000,0.000000,0.000000,0.999623,-0.027464,-0.000026,0.976499,-0.215520,0.000000,4.077965,-0.243225,0,2,20.025050,0.003617,0,0
1.929999,0.023461,286.910500,331.595500,0,0,0,0,0,0,0.000000,0.000000,0.000000,0.000000,0.649322,0.000000,0.000000,0.000000,0.000000,0.999623,-0.027464,-0.000026,0.976499,-0.215520,0.000000,3.979865,-0.339019,0,2,20.005300,0.003617,0,0
1.939999,0.023680,286.949300,331.791600,0,0,0,0,0,0,0.000000,0.000000,0.000000,0.000000,0.649322,0.000000,0.000000,0.000000,0.000000,0.999623,-0.027464,-0.000026,0.976499,-0.215520,0.000000,3.881765,-0.434814,0,2,19.986020,0.003617,0,0
1.949998,0.023898,286.987200,331.987600,0,0,0,0,0,0,0.000000,0.000000,0.000000,0.000000,0.649322,0.000000,0.000000,0.000000,0.000000,0.999623,-0.027464,-0.000026,0.976499,-0.215520,0.000000,3.783665,-0.530608,0,2,19.967200,0.003617,0,0
1.959998,0.024117,287.024000,332.183700,0,0,0,0,0,0,0.000000,0.000000,0.000000,0.000000,0.649322,0.000000,0.000000,0.000000,0.000000,0.999623,-0.027464,-0.000026,0.976499,-0.215520,0.000000,3.685565,-0.626403,0,2,19.948840,0.003617,0,0
1.969998,0.024335,287.059900,332.379700,0,0,0,0,0,0,0.000000,0.000000,0.000000,0.000000,0.649322,0.000000,0.000000,0.000000,0.000000,0.999623,-0.027464,-0.000026,0.976499,-0.215520,0.000000,3.587465,-0.722197,0,2,19.930950,0.003617,0,0
1.979998,0.024553,287.094800,332.575700,0,0,0,0,0,0,0.000000,0.000000,0.000000,0.000000,0.649322,0.000000,0.000000,0.000000,0.000000,0.999623,-0.027464,-0.000026,0.976499,-0.215520,0.000000,3.489365,-0.817992,0,2,19.913520,0.003617,0,0
1.989998,0.024772,287.128700,332.771800,0,0,0,0,0,0,0.000000,0.000000,0.000000,0.000000,0.649322,0.000000,0.000000,0.000000,0.000000,0.999623,-0.027464,-0.000026,0.976499,-0.215520,0.000000,3.391265,-0.913787,0,2,19.896570,0.003617,0,0
1.999998,0.024990,287.161600,332.967800,0,0,0,0,0,0,0.000000,0.000000,0.000000,0.000000,0.649322,0.000000,0.000000,0.000000,0.000000,0.999623,-0.027464,-0.000026,0.976499,-0.215520,0.000000,3.293165,-1.009581,0,2,19.880080,0.003617,0,0
2.009999,0.025208,287.193600,333.163900,0,0,0,0,0,0,0.000000,0.000000,0.000000,0.000000,0.649322,0.000000,0.000000,0.000000,0.000000,0.999623,-0.027464,-0.000026,0.976499,-0.215520,0.000000,3.195065,-1.105376,0,2,19.864070,0.003617,0,0
2.019999,0.025427,287.224500,333.359900,0,0,0,0,0,0,0.000000,0.000000,0.000000,0.000000,0.649322,0.000000,0.000000,0.000000,0.000000,0.999623,-0.027464,-0.000026,0.976499,-0.215520,0.000000,3.096965,-1.201170,0,2,19.848530,0.003617,0,0
2.029999,0.025645,287.254500,333.556000,0,0,0,0,0,0,0.000000,0.000000,0.000000,0.000000,0.649322,0.000000,0.000000,0.000000,0.000000,0.999623,-0.027464,-0.000026,0.976499,-0.215520,0.000000,2.998865,-1.296965,0,2,19.833460,0.003617,0,0
2.039999,0.025863,287.283600,333.752000,0,0,0,0,0,0,0.000000,0.000000,0.000000,0.000000,0.649322,0.000000,0.000000,0.000000,0.000000,0.999623,-0.027464,-0.000026,0.976499,-0.215520,0.000000,2.900765,-1.392759,0,2,19.818860,0.003617,0,0
2.049999,0.026082,287.311600,333.948100,0,0,0,0,0,0,0.000000,0.000000,0.000000,0.000000,0.649322,0.000000,0.000000,0.000000,0.000000,0.999623,-0.027464,-0.000026,0.976499,-0.215520,0.000000,2.802665,-1.488554,0,2,19.804740,0.003617,0,0
2.059999,0.026300,287.338600,334.144100,0,0,0,0,0,0,0.000000,0.000000,0.000000,0.000000,0.649322,0.000000,0.000000,0.000000,0.000000,0.999623,-0.027464,-0.000026,0.976499,-0.215520,0.000000,2.704566,-1.584348,0,2,19.791100,0.003617,0,0
2.069999,0.026518,287.364700,334.340100,0,0,0,0,0,0,0.000000,0.000000,0.000000,0.000000,0.649322,0.000000,0.000000,0.000000,0.000000,0.999623,-0.027464,-0.000026,0.976499,-0.215520,0.000000,2.606466,-1.680143,0,2,19.777930,0.003617,0,0
2.079998,0.026737,287.389800,334.536200,0,0,0,0,0,0,0.000000,0.000000,0.000000,0.000000,0.649322,0.000000,0.000000,0.000000,0.000000,0.999623,-0.027464,-0.000026,0.976499,-0.215520,0.000000,2.508366,-1.775937,0,2,19.765240,0.003617,0,0
2.089998,0.026955,287.413900,334.732200,0,0,0,0,0,0,0.000000,0.000000,0.000000,0.000000,0.649322,0.000000,0.000000,0.000000,0.000000,0.999623,-0.027464,-0.000026,0.976499,-0.215520,0.000000,2.410266,-1.871732,0,2,19.753030,0.003617,0,0
2.099998,0.027173,287.437000,334.928300,0,0,0,0,0,0,0.000000,0.000000,0.000000,0.000000,0.649322,0.000000,0.000000,0.000000,0.000000,0.999623,-0.027464,-0.000026,0.976499,-0.215520,0.000000,2.312166,-1.967526,0,2,19.741300,0.003617,0,0
2.109998,0.027392,287.459200,335.124300,0,0,0,0,0,0,0.000000,0.000000,0.000000,0.000000,0.649322,0.000000,0.000000,0.000000,0.000000,0.999623,-0.027464,-0.000026,0.976499,-0.215520,0.000000,2.214066,-2.063321,0,2,19.730050,0.003617,0,0
2.119998,0.027610,287.480300,335.320400,0,0,0,0,0,0,0.000000,0.000000,0.000000,0.000000,0.649322,0.000000,0.000000,0.000000,0.000000,0.999623,-0.027464,-0.000026,0.976499,-0.215520,0.000000,2.115966,-2.159115,0,2,19.719280,0.003617,0,0
2.129998,0.027829,287.500500,335.516400,0,0,0,0,0,0,0.000000,0.000000,0.000000,0.000000,0.649322,0.000000,0.000000,0.000000,0.000000,0.999623,-0.027464,-0.000026,0.976499,-0.215520,0.000000,2.017866,-2.254910,0,2,19.709000,0.003617,0,0
2.139998,0.028047,287.519700,335.712500,0,0,0,0,0,0,0.000000,0.000000,0.000000,0.000000,0.649322,0.000000,0.000000,0.000000,0.000000,0.999623,-0.027464,-0.000026,0.976499,-0.215520,0.000000,1.919766,-2.350704,0,2,19.699200,0.003617,0,0
2.149998,0.028265,287.537900,335.908500,0,0,0,0,0,0,0.000000,0.000000,0.000000,0.000000,0.649322,0.000000,0.000000,0.000000,0.000000,0.999623,-0.027464,-0.000026,0.976499,-0.215520,0.000000,1.821666,-2.446499,0,2,19.689880,0.003617,0,0
2.159998,0.028484,287.555100,336.104600,0,0,0,0,0,0,0.000000,0.000000,0.000000,0.000000,0.649322,0.000000,0.000000,0.000000,0.000000,0.999623,-0.027464,-0.000026,0.976499,-0.215520,0.000000,1.723566,-2.542294,0,2,19.681040,0.003617,0,0
2.169998,0.028702,287.571400,336.300600,0,0,0,0,0,0,0.000000,0.000000,0.000000,0.000000,0.649322,0.000000,0.000000,0.000000,0.000000,0.999623,-0.027464,-0.000026,0.976499,-0.215520,0.000000,1.625466,-2.638088,0,2,19.672700,0.003617,0,0
2.179998,0.028920,287.586700,336.496600,0,0,0,0,0,0,0.000000,0.000000,0.000000,0.000000,0.649322,0.000000,0.000000,0.000000,0.000000,0.999623,-0.027464,-0.000026,0.976499,-0.215520,0.000000,1.527366,-2.733883,0,2,19.664830,0.003617,0,0
2.189998,0.029139,287.601000,336.692700,0,0,0,0,0,0,0.000000,0.000000,0.000000,0.000000,0.649322,0.000000,0.000000,0.000000,0.000000,0.999623,-0.027464,-0.000026,0.976499,-0.215520,0.000000,1.429266,-2.829677,0,2,19.657460,0.003617,0,0
2.199998,0.029357,287.614300,336.888700,0,0,0,0,0,0,0.000000,0.000000,0.000000,0.000000,0.649322,0.000000,0.000000,0.000000,0.000000,0.999623,-0.027464,-0.000026,0.976499,-0.215520,0.000000,1.331166,-2.925472,0,2,19.650570,0.003617,0,0
2.209998,0.029575,287.626600,337.084800,0,0,0,0,0,0,0.000000,0.000000,0.000000,0.000000,0.649322,0.000000,0.000000,0.000000,0.000000,0.999623,-0.027464,-0.000026,0.976499,-0.215520,0.000000,1.233066,-3.021266,0,2,19.644170,0.003617,0,0
2.219998,0.029794,287.637900,337.280800,0,0,0,0,0,0,0.000000,0.000000,0.000000,0.000000,0.649322,0.000000,0.000000,0.000000,0.000000,0.999623,-0.027464,-0.000026,0.976499,-0.215520,0.000000,1.134966,-3.117061,0,2,19.638250,0.003617,0,0
2.229998,0.030012,287.648300,337.476900,0,0,0,0,0,0,0.000000,0.000000,0.000000,0.000000,0.649322,0.000000,0.000000,0.000000,0.000000,0.999623,-0.027464,-0.000026,0.976499,-0.215520,0.000000,1.036866,-3.212855,0,2,19.632830,0.003617,0,0
2.239998,0.030230,287.657700,337.672900,0,0,0,0,0,0,0.000000,0.000000,0.000000,0.000000,0.649322,0.000000,0.000000,0.000000,0.000000,0.999623,-0.027464,-0.000026,0.976499,-0.215520,0.000000,0.938766,-3.308650,0,2,19.627890,0.003617,0,0
2.249998,0.030449,287.666100,337.869000,0,0,0,0,0,0,0.000000,0.000000,0.000000,0.000000,0.649322,0.000000,0.000000,0.000000,0.000000,0.999623,-0.027464,-0.000026,0.976499,-0.215520,0.000000,0.840666,-3.404444,0,2,19.623440,0.003617,0,0
2.259998,0.030667,287.673500,338.065000,0,0,0,0,0,0,0.000000,0.000000,0.000000,0.000000,0.649322,0.000000,0.000000,0.000000,0.000000,0.999623,-0.027464,-0.000026,0.976499,-0.215520,0.000000,0.742566,-3.500239,0,2,19.619490,0.003617,0,0
2.269998,0.030885,287.680000,338.261000,0,0,0,0,0,0,0.000000,0.000000,0.000000,0.000000,0.649322,0.000000,0.000000,0.000000,0.000000,0.999623,-0.027464,-0.000026,0.976499,-0.215520,0.000000,0.644466,-3.596034,0,2,19.616020,0.003617,0,0
2.279998,0.031104,287.685400,338.457100,0,0,0,0,0,0,0.000000,0.000000,0.000000,0.000000,0.649322,0.000000,0.000000,0.000000,0.000000,0.999623,-0.027464,-0.000026,0.976499,-0.215520,0.000000,0.546366,-3.691828,0,2,19.613040,0.003617,0,0
2.289998,0.031322,287.689900,338.653100,0,0,0,0,0,0,0.000000,0.000000,0.000000,0.000000,0.649322,0.000000,0.000000,0.000000,0.000000,0.999623,-0.027464,-0.000026,0.976499,-0.215520,0.000000,0.448266,-3.787623,0,2,19.610550,0.003617,0,0
2.299998,0.031541,287.693400,338.849200,0,0,0,0,0,0,0.000000,0.000000,0.000000,0.000000,0.649322,0.000000,0.000000,0.000000,0.000000,0.999623,-0.027464,-0.000026,0.976499,-0.215520,0.000000,0.350166,-3.883417,0,2,19.608550,0.003617,0,0
2.309998,0.031759,287.696000,339.045200,0,0,0,0,0,0,0.000000,0.000000,0.000000,0.000000,0.649322,0.000000,0.000000,0.000000,0.000000,0.999623,-0.027464,-0.000026,0.976499,-0.215520,0.000000,0.252066,-3.979212,0,2,19.607050,0.003617,0,0
2.319998,0.031977,287.697500,339.241300,0,0,0,0,0,0,0.000000,0.000000,0.000000,0.000000,0.649322,0.000000,0.000000,0.000000,0.000000,0.999623,-0.027464,-0.000026,0.976499,-0.215520,0.000000,0.153966,-4.075006,0,2,19.606030,0.003617,0,0
2.329998,0.032196,287.698000,339.437300,0,0,0,0,0,0,0.000000,0.000000,0.000000,0.000000,0.649322,0.000000,0.000000,0.000000,0.000000,0.999623,-0.027464,-0.000026,0.976499,-0.215520,0.000000,0.055866,-4.170801,0,2,19.605510,0.003617,0,0
2.339998,0.032414,287.697600,339.633400,0,0,0,0,0,0,0.000000,0.000000,0.000000,0.000000,0.649322,0.000000,0.000000,0.000000,0.000000,0.999623,-0.027464,-0.000026,0.976499,-0.215520,0.000000,-0.042234,-4.266596,0,2,19.605470,0.003617,0,0
2.349998,0.032632,287.696200,339.829400,0,0,0,0,0,0,0.000000,0.000000,0.000000,0.000000,0.649322,0.000000,0.000000,0.000000,0.000000,0.999623,-0.027464,-0.000026,0.976499,-0.215520,0.000000,-0.140334,-4.362391,0,2,19.605930,0.003617,0,0
2.359998,0.032851,287.693800,340.025500,0,0,0,0,0,0,0.000000,0.000000,0.000000,0.000000,0.649322,0.000000,0.000000,0.000000,0.000000,0.999623,-0.027464,-0.000026,0.976499,-0.215520,0.000000,-0.238434,-4.458185,0,2,19.606880,0.003617,0,0
2.369998,0.033069,287.690500,340.221500,0,0,0,0,0,0,0.000000,0.000000,0.000000,0.000000,0.649322,0.000000,0.000000,0.000000,0.000000,0.999623,-0.027464,-0.000026,0.976499,-0.215520,0.000000,-0.336534,-4.553979,0,2,19.608320,0.003617,0,0
2.379998,0.033287,287.686100,340.417500,0,0,0,0,0,0,0.000000,0.000000,0.000000,0.000000,0.649322,0.000000,0.000000,0.000000,0.000000,0.999623,-0.027464,-0.000026,0.976499,-0.215520,0.000000,-0.434634,-4.649774,0,2,19.610240,0.003617,0,0
2.389998,0.033506,287.680800,340.613600,0,0,0,0,0,0,0.000000,0.000000,0.000000,0.000000,0.649322,0.000000,0.000000,0.000000,0.000000,0.999623,-0.027464,-0.000026,0.976499,-0.215520,0.000000,-0.532734,-4.745569,0,2,19.612660,0.003617,0,0
2.399998,0.033724,287.674500,340.809600,0,0,0,0,0,0,0.000000,0.000000,0.000000,0.000000,0.649322,0.000000,0.000000,0.000000,0.000000,0.999623,-0.027464,-0.000026,0.976499,-0.215520,0.000000,-0.630834,-4.841363,0,2,19.615570,0.003617,0,0
2.409998,0.033942,287.667200,341.005700,0,0,0,0,0,0,0.000000,0.000000,0.000000,0.000000,0.649322,0.000000,0.000000,0.000000,0.000000,0.999623,-0.027464,-0.000026,0.976499,-0.215520,0.000000,-0.728934,-4.937158,0,2,19.618970,0.003617,0,0
2.419998,0.034161,287.658900,341.201700,0,0,0,0,0,0,0.000000,0.000000,0.000000,0.000000,0.649322,0.000000,0.000000,0.000000,0.000000,0.999623,-0.027464,-0.000026,0.976499,-0.215520,0.000000,-0.827034,-5.032952,0,2,19.622860,0.003617,0,0
2.429998,0.034379,287.649700,341.397800,0,0,0,0,0,0,0.000000,0.000000,0.000000,0.000000,0.649322,0.000000,0.000000,0.000000,0.000000,0.999623,-0.027464,-0.000026,0.976499,-0.215520,0.000000,-0.925134,-5.128747,0,2,19.627240,0.003617,0,0
2.439998,0.034597,287.639400,341.593800,0,0,0,0,0,0,0.000000,0.000000,0.000000,0.000000,0.649322,0.000000,0.000000,0.000000,0.000000,0.999623,-0.027464,-0.000026,0.976499,-0.215520,0.000000,-1.023234,-5.224542,0,2,19.632110,0.003617,0,0
2.449998,0.034816,287.628200,341.789900,0,0,0,0,0,0,0.000000,0.000000,0.000000,0.000000,0.649322,0.000000,0.000000,0.000000,0.000000,0.999623,-0.027464,-0.000026,0.976499,-0.215520,0.000000,-1.121334,-5.320336,0,2,19.637470,0.003617,0,0
2.459998,0.035034,287.616000,341.985900,0,0,0,0,0,0,0.000000,0.000000,0.000000,0.000000,0.649322,0.000000,0.000000,0.000000,0.000000,0.999623,-0.027464,-0.000026,0.976499,-0.215520,0.000000,-1.219434,-5.416131,0,2,19.643310,0.003617,0,0
2.469998,0.035252,287.602800,342.181900,0,0,0,0,0,0,0.000000,0.000000,0.000000,0.000000,0.649322,0.000000,0.000000,0.000000,0.000000,0.999623,-0.027464,-0.000026,0.976499,-0.215520,0.000000,-1.317533,-5.511925,0,2,19.649650,0.003617,0,0
2.479998,0.035471,287.588700,342.378000,0,0,0,0,0,0,0.000000,0.000000,0.000000,0.000000,0.649322,0.000000,0.000000,0.000000,0.000000,0.999623,-0.027464,-0.000026,0.976499,-0.215520,0.000000,-1.415633,-5.607720,0,2,19.656470,0.003617,0,0
2.489998,0.035689,287.573500,342.574000,0,0,0,0,0,0,0.000000,0.000000,0.000000,0.000000,0.649322,0.000000,0.000000,0.000000,0.000000,0.999623,-0.027464,-0.000026,0.976499,-0.215520,0.000000,-1.513733,-5.703514,0,2,19.663780,0.003617,0,0
2.499998,0.035908,287.557400,342.770100,0,0,0,0,0,0,0.000000,0.000000,0.000000,0.000000,0.649322,0.000000,0.000000,0.000000,0.000000,0.999623,-0.027464,-0.000026,0.976499,-0.215520,0.000000,-1.611833,-5.799309,0,2,19.671570,0.003617,0,0
2.509998,0.036126,287.540300,342.966100,0,0,0,0,0,0,0.000000,0.000000,0.000000,0.000000,0.649322,0.000000,0.000000,0.000000,0.000000,0.999623,-0.027464,-0.000026,0.976499,-0.215520,0.000000,-1.709933,-5.895103,0,2,19.679850,0.003617,0,0
2.519998,0.036344,287.522300,343.162200,0,0,0,0,0,0,0.000000,0.000000,0.000000,0.000000,0.649322,0.000000,0.000000,0.000000,0.000000,0.999623,-0.027464,-0.000026,0.976499,-0.215520,0.000000,-1.808033,-5.990898,0,2,19.688620,0.003617,0,0
2.529998,0.036563,287.503200,343.358200,0,0,0,0,0,0,0.000000,0.000000,0.000000,0.000000,0.649322,0.000000,0.000000,0.000000,0.000000,0.999623,-0.027464,-0.000026,0.976499,-0.215520,0.000000,-1.906133,-6.086692,0,2,19.697870,0.003617,0,0
2.539998,0.036781,287.483200,343.554300,0,0,0,0,0,0,0.000000,0.000000,0.000000,0.000000,0.649322,0.000000,0.000000,0.000000,0.000000,0.999623,-0.027464,-0.000026,0.976499,-0.215520,0.000000,-2.004233,-6.182487,0,2,19.707610,0.003617,0,0
2.549998,0.036999,287.462100,343.750300,0,0,0,0,0,0,0.000000,0.000000,0.000000,0.000000,0.649322,0.000000,0.000000,0.000000,0.000000,0.999623,-0.027464,-0.000026,0.976499,-0.215520,0.000000,-2.102333,-6.278281,0,2,19.717820,0.003617,0,0
2.559998,0.037218,287.440100,343.946400,0,0,0,0,0,0,0.000000,0.000000,0.000000,0.000000,0.649322,0.000000,0.000000,0.000000,0.000000,0.999623,-0.027464,-0.000026,0.976499,-0.215520,0.000000,-2.200433,-6.374076,0,2,19.728530,0.003617,0,0
2.569998,0.037436,287.417100,344.142400,0,0,0,0,0,0,0.000000,0.000000,0.000000,0.000000,0.649322,0.000000,0.000000,0.000000,0.000000,0.999623,-0.027464,-0.000026,0.976499,-0.215520,0.000000,-2.298533,-6.469871,0,2,19.739710,0.003617,0,0
2.579998,0.037654,287.393200,344.338400,0,0,0,0,0,0,0.000000,0.000000,0.000000,0.000000,0.649322,0.000000,0.000000,0.000000,0.000000,0.999623,-0.027464,-0.000026,0.976499,-0.215520,0.000000,-2.396633,-6.565665,0,2,19.751370,0.003617,0,0
2.589998,0.037873,287.368300,344.534500,0,0,0,0,0,0,0.000000,0.000000,0.000000,0.000000,0.649322,0.000000,0.000000,0.000000,0.000000,0.999623,-0.027464,-0.000026,0.976499,-0.215520,0.000000,-2.494733,-6.661459,0,2,19.763510,0.003617,0,0
2.599998,0.038091,287.342300,344.730500,0,0,0,0,0,0,0.000000,0.000000,0.000000,0.000000,0.649322,0.000000,0.000000,0.000000,0.000000,0.999623,-0.027464,-0.000026,0.976499,-0.215520,0.000000,-2.592833,-6.757254,0,2,19.776140,0.003617,0,0
2.609998,0.038309,287.315400,344.926600,0,0,0,0,0,0,0.000000,0.000000,0.000000,0.000000,0.649322,0.000000,0.000000,0.000000,0.000000,0.999623,-0.027464,-0.000026,0.976499,-0.215520,0.000000,-2.690933,-6.853049,0,2,19.789240,0.003617,0,0
2.619998,0.038528,287.287500,345.122600,0,0,0,0,0,0,0.000000,0.000000,0.000000,0.000000,0.649322,0.000000,0.000000,0.000000,0.000000,0.999623,-0.027464,-0.000026,0.976499,-0.215520,0.000000,-2.789033,-6.948843,0,2,19.802810,0.003617,0,0
2.629998,0.038746,287.258600,345.318700,0,0,0,0,0,0,0.000000,0.000000,0.000000,0.000000,0.649322,0.000000,0.000000,0.000000,0.000000,0.999623,-0.027464,-0.000026,0.976499,-0.215520,0.000000,-2.887133,-7.044638,0,2,19.816870,0.003617,0,0
2.639998,0.038964,287.228800,345.514700,0,0,0,0,0,0,0.000000,0.000000,0.000000,0.000000,0.649322,0.000000,0.000000,0.000000,0.000000,0.999623,-0.027464,-0.000026,0.976499,-0.215520,0.000000,-2.985233,-7.140432,0,2,19.831400,0.003617,0,0
2.649998,0.039183,287.198000,345.710800,0,0,0,0,0,0,0.000000,0.000000,0.000000,0.000000,0.649322,0.000000,0.000000,0.000000,0.000000,0.999623,-0.027464,-0.000026,0.976499,-0.215520,0.000000,-3.083333,-7.236227,0,2,19.846400,0.003617,0,0
2.659998,0.039401,287.166200,345.906800,0,0,0,0,0,0,0.000000,0.000000,0.000000,0.000000,0.649322,0.000000,0.000000,0.000000,0.000000,0.999623,-0.027464,-0.000026,0.976499,-0.215520,0.000000,-3.181432,-7.332021,0,2,19.861880,0.003617,0,0
2.669998,0.039619,287.133400,346.102800,0,0,0,0,0,0,0.000000,0.000000,0.000000,0.000000,0.649322,0.000000,0.000000,0.000000,0.000000,0.999623,-0.027464,-0.000026,0.976499,-0.215520,0.000000,-3.279532,-7.427816,0,2,19.877830,0.003617,0,0
2.679998,0.039838,287.099600,346.298900,0,0,0,0,0,0,0.000000,0.000000,0.000000,0.000000,0.649322,0.000000,0.000000,0.000000,0.000000,0.999623,-0.027464,-0.000026,0.976499,-0.215520,0.000000,-3.377632,-7.523610,0,2,19.894250,0.003617,0,0
2.689998,0.040056,287.064800,346.494900,0,0,0,0,0,0,0.000000,0.000000,0.000000,0.000000,0.649322,0.000000,0.000000,0.000000,0.000000,0.999623,-0.027464,-0.000026,0.976499,-0.215520,0.000000,-3.475732,-7.619405,0,2,19.911140,0.003617,0,0
2.699998,0.040275,287.029100,346.691000,0,0,0,0,0,0,0.000000,0.000000,0.000000,0.000000,0.649322,0.000000,0.000000,0.000000,0.000000,0.999623,-0.027464,-0.000026,0.976499,-0.215520,0.000000,-3.573832,-7.715199,0,2,19.928500,0.003617,0,0
2.709998,0.040493,286.992400,346.887000,0,0,0,0,0,0,0.000000,0.000000,0.000000,0.000000,0.649322,0.000000,0.000000,0.000000,0.000000,0.999623,-0.027464,-0.000026,0.976499,-0.215520,0.000000,-3.671932,-7.810994,0,2,19.946330,0.003617,0,0
2.719998,0.040711,286.954700,347.083100,0,0,0,0,0,0,0.000000,0.000000,0.000000,0.000000,0.649322,0.000000,0.000000,0.000000,0.000000,0.999623,-0.027464,-0.000026,0.976499,-0.215520,0.000000,-3.770032,-7.906788,0,2,19.964620,0.003617,0,0
2.729998,0.040930,286.916000,347.279100,0,0,0,0,0,0,0.000000,0.000000,0.000000,0.000000,0.649322,0.000000,0.000000,0.000000,0.000000,0.999623,-0.027464,-0.000026,0.976499,-0.215520,0.000000,-3.868132,-8.002583,0,2,19.983370,0.003617,0,0
2.739998,0.041148,286.876300,347.475200,0,0,0,0,0,0,0.000000,0.000000,0.000000,0.000000,0.649322,0.000000,0.000000,0.000000,0.000000,0.999623,-0.027464,-0.000026,0.976499,-0.215520,0.000000,-3.966232,-8.098377,0,2,20.002590,0.003617,0,0
2.749998,0.041366,286.835700,347.671200,0,0,0,0,0,0,0.000000,0.000000,0.000000,0.000000,0.649322,0.000000,0.000000,0.000000,0.000000,0.999623,-0.027464,-0.000026,0.976499,-0.215520,0.000000,-4.064332,-8.194172,0,2,20.022280,0.003617,0,0
2.759998,0.041585,286.794000,347.867200,0,0,0,0,0,0,0.000000,0.000000,0.000000,0.000000,0.649322,0.000000,0.000000,0.000000,0.000000,0.999623,-0.027464,-0.000026,0.976499,-0.215520,0.000000,-4.162432,-8.289967,0,2,20.042420,0.003617,0,0
2.769998,0.041803,286.751400,348.063300,0,0,0,0,0,0,0.000000,0.000000,0.000000,0.000000,0.649322,0.000000,0.000000,0.000000,0.000000,0.999623,-0.027464,-0.000026,0.976499,-0.215520,0.000000,-4.260532,-8.385761,0,2,20.063020,0.003617,0,0
2.779998,0.042021,286.707900,348.259300,0,0,0,0,0,0,0.000000,0.000000,0.000000,0.000000,0.649322,0.000000,0.000000,0.000000,0.000000,0.999623,-0.027464,-0.000026,0.976499,-0.215520,0.000000,-4.358633,-8.481556,0,2,20.084090,0.003617,0,0
2.789998,0.042240,286.663300,348.455400,0,0,0,0,0,0,0.000000,0.000000,0.000000,0.000000,0.649322,0.000000,0.000000,0.000000,0.000000,0.999623,-0.027464,-0.000026,0.976499,-0.215520,0.000000,-4.456733,-8.577352,0,2,20.105600,0.003617,0,0
2.799998,0.042458,286.617700,348.651400,0,0,0,0,0,0,0.000000,0.000000,0.000000,0.000000,0.649322,0.000000,0.000000,0.000000,0.000000,0.999623,-0.027464,-0.000026,0.976499,-0.215520,0.000000,-4.554833,-8.673146,0,2,20.127570,0.003617,0,0
2.809998,0.042676,286.571200,348.847500,0,0,0,0,0,0,0.000000,0.000000,0.000000,0.000000,0.649322,0.000000,0.000000,0.000000,0.000000,0.999623,-0.027464,-0.000026,0.976499,-0.215520,0.000000,-4.652933,-8.768941,0,2,20.150000,0.003617,0,0
2.819998,0.042895,286.523700,349.043500,0,0,0,0,0,0,0.000000,0.000000,0.000000,0.000000,0.649322,0.000000,0.000000,0.000000,0.000000,0.999623,-0.027464,-0.000026,0.976499,-0.215520,0.000000,-4.751033,-8.864736,0,2,20.172880,0.003617,0,0
2.829998,0.043113,286.475200,349.239600,0,0,0,0,0,0,0.000000,0.000000,0.000000,0.000000,0.649322,0.000000,0.000000,0.000000,0.000000,0.999623,-0.027464,-0.000026,0.976499,-0.215520,0.000000,-4.849133,-8.960530,0,2,20.196210,0.003617,0,0
2.839998,0.043331,286.425700,349.435600,0,0,0,0,0,0,0.000000,0.000000,0.000000,0.000000,0.649322,0.000000,0.000000,0.000000,0.000000,0.999623,-0.027464,-0.000026,0.976499,-0.215520,0.000000,-4.947234,-9.056325,0,2,20.219990,0.003617,0,0
2.849998,0.043550,286.375300,349.631700,0,0,0,0,0,0,0.000000,0.000000,0.000000,0.000000,0.649322,0.000000,0.000000,0.000000,0.000000,0.999623,-0.027464,-0.000026,0.976499,-0.215520,0.000000,-5.045334,-9.152120,0,2,20.244210,0.003617,0,0
2.859998,0.043768,286.323900,349.827700,0,0,0,0,0,0,0.000000,0.000000,0.000000,0.000000,0.649322,0.000000,0.000000,0.000000,0.000000,0.999623,-0.027464,-0.000026,0.976499,-0.215520,0.000000,-5.143434,-9.247914,0,2,20.268880,0.003617,0,0
2.869998,0.043987,286.271400,350.023700,0,0,0,0,0,0,0.000000,0.000000,0.000000,0.000000,0.649322,0.000000,0.000000,0.000000,0.000000,0.999623,-0.027464,-0.000026,0.976499,-0.215520,0.000000,-5.241534,-9.343709,0,2,20.294000,0.003617,0,0
2.879998,0.044205,286.218000,350.219800,0,0,0,0,0,0,0.000000,0.000000,0.000000,0.000000,0.649322,0.000000,0.000000,0.000000,0.000000,0.999623,-0.027464,-0.000026,0.976499,-0.215520,0.000000,-5.339634,-9.439504,0,2,20.319560,0.003617,0,0
2.889998,0.044423,286.163600,350.415800,0,0,0,0,0,0,0.000000,0.000000,0.000000,0.000000,0.649322,0.000000,0.000000,0.000000,0.000000,0.999623,-0.027464,-0.000026,0.976499,-0.215520,0.000000,-5.437735,-9.535298,0,2,20.345560,0.003617,0,0
2.899998,0.044642,286.108300,350.611900,0,0,0,0,0,0,0.000000,0.000000,0.000000,0.000000,0.649322,0.000000,0.000000,0.000000,0.000000,0.999623,-0.027464,-0.000026,0.976499,-0.215520,0.000000,-5.535835,-9.631094,0,2,20.372000,0.003617,0,0
2.909998,0.044860,286.051900,350.807900,0,0,0,0,0,0,0.000000,0.000000,0.000000,0.000000,0.649322,0.000000,0.000000,0.000000,0.000000,0.999623,-0.027464,-0.000026,0.976499,-0.215520,0.000000,-5.633935,-9.726889,0,2,20.398870,0.003617,0,0
2.919998,0.045078,285.994600,351.004000,0,0,0,0,0,0,0.000000,0.000000,0.000000,0.000000,0.649322,0.000000,0.000000,0.000000,0.000000,0.999623,-0.027464,-0.000026,0.976499,-0.215520,0.000000,-5.732035,-9.822683,0,2,20.426180,0.003617,0,0
2.929998,0.045297,285.936300,351.200000,0,0,0,0,0,0,0.000000,0.000000,0.000000,0.000000,0.649322,0.000000,0.000000,0.000000,0.000000,0.999623,-0.027464,-0.000026,0.976499,-0.215520,0.000000,-5.830135,-9.918478,0,2,20.453930,0.003617,0,0
2.939998,0.045515,285.877000,351.396100,0,0,0,0,0,0,0.000000,0.000000,0.000000,0.000000,0.649322,0.000000,0.000000,0.000000,0.000000,0.999623,-0.027464,-0.000026,0.976499,-0.215520,0.000000,-5.928236,-10.014270,0,2,20.482110,0.003617,0,0
2.949998,0.045733,285.816800,351.592100,0,0,0,0,0,0,0.000000,0.000000,0.000000,0.000000,0.649322,0.000000,0.000000,0.000000,0.000000,0.999623,-0.027464,-0.000026,0.976499,-0.215520,0.000000,-6.026336,-10.110070,0,2,20.510720,0.003617,0,0
2.959998,0.045952,285.755500,351.788100,0,0,0,0,0,0,0.000000,0.000000,0.000000,0.000000,0.649322,0.000000,0.000000,0.000000,0.000000,0.999623,-0.027464,-0.000026,0.976499,-0.215520,0.000000,-6.124436,-10.205860,0,2,20.539750,0.003617,0,0
2.969998,0.046170,285.693300,351.984200,0,0,0,0,0,0,0.000000,0.000000,0.000000,0.000000,0.649322,0.000000,0.000000,0.000000,0.000000,0.999623,-0.027464,-0.000026,0.976499,-0.215520,0.000000,-6.222536,-10.301660,0,2,20.569220,0.003617,0,0
2.979998,0.046388,285.630100,352.180200,0,0,0,0,0,0,0.000000,0.000000,0.000000,0.000000,0.649322,0.000000,0.000000,0.000000,0.000000,0.999623,-0.027464,-0.000026,0.976499,-0.215520,0.000000,-6.320636,-10.397450,0,2,20.599110,0.003617,0,0
2.989998,0.046607,285.565900,352.376300,0,0,0,0,0,0,0.000000,0.000000,0.000000,0.000000,0.649322,0.000000,0.000000,0.000000,0.000000,0.999623,-0.027464,-0.000026,0.976499,-0.215520,0.000000,-6.418736,-10.493250,0,2,20.629420,0.003617,0,0
2.999998,0.046825,285.500800,352.572300,0,0,0,0,0,0,0.000000,0.000000,0.000000,0.000000,0.649322,0.000000,0.000000,0.000000,0.000000,0.999623,-0.027464,-0.000026,0.976499,-0.215520,0.000000,-6.516837,-10.589040,0,2,20.660150,0.003617,0,0
3.009998,0.047043,285.434600,352.768400,0,0,0,0,0,0,0.000000,0.000000,0.000000,0.000000,0.649322,0.000000,0.000000,0.000000,0.000000,0.999623,-0.027464,-0.000026,0.976499,-0.215520,0.000000,-6.614937,-10.684840,0,2,20.691310,0.003617,0,0
3.019998,0.047262,285.367500,352.964400,0,0,0,0,0,0,0.000000,0.000000,0.000000,0.000000,0.649322,0.000000,0.000000,0.000000,0.000000,0.999623,-0.027464,-0.000026,0.976499,-0.215520,0.000000,-6.713037,-10.780630,0,2,20.722880,0.003617,0,0
3.029998,0.047480,285.299300,353.160500,0,0,0,0,0,0,0.000000,0.000000,0.000000,0.000000,0.649322,0.000000,0.000000,0.000000,0.000000,0.999623,-0.027464,-0.000026,0.976499,-0.215520,0.000000,-6.811137,-10.876430,0,2,20.754860,0.003617,0,0
3.039998,0.047698,285.230300,353.356500,0,0,0,0,0,0,0.000000,0.000000,0.000000,0.000000,0.649322,0.000000,0.000000,0.000000,0.000000,0.999623,-0.027464,-0.000026,0.976499,-0.215520,0.000000,-6.909237,-10.972220,0,2,20.787260,0.003617,0,0
3.049998,0.047917,285.160200,353.552600,0,0,0,0,0,0,0.000000,0.000000,0.000000,0.000000,0.649322,0.000000,0.000000,0.000000,0.000000,0.999623,-0.027464,-0.000026,0.976499,-0.215520,0.000000,-7.007338,-11.068020,0,2,20.820080,0.003617,0,0
3.059998,0.048135,285.089100,353.748600,0,0,0,0,0,0,0.000000,0.000000,0.000000,0.000000,0.649322,0.000000,0.000000,0.000000,0.000000,0.999623,-0.027464,-0.000026,0.976499,-0.215520,0.000000,-7.105438,-11.163810,0,2,20.853300,0.003617,0,0
3.069998,0.048354,285.017100,353.944600,0,0,0,0,0,0,0.000000,0.000000,0.000000,0.000000,0.649322,0.000000,0.000000,0.000000,0.000000,0.999623,-0.027464,-0.000026,0.976499,-0.215520,0.000000,-7.203538,-11.259600,0,2,20.886930,0.003617,0,0
3.079998,0.048572,284.944100,354.140700,0,0,0,0,0,0,0.000000,0.000000,0.000000,0.000000,0.649322,0.000000,0.000000,0.000000,0.000000,0.999623,-0.027464,-0.000026,0.976499,-0.215520,0.000000,-7.301638,-11.355400,0,2,20.920960,0.003617,0,0
3.089998,0.048790,284.870100,354.336700,0,0,0,0,0,0,0.000000,0.000000,0.000000,0.000000,0.649322,0.000000,0.000000,0.000000,0.000000,0.999623,-0.027464,-0.000026,0.976499,-0.215520,0.000000,-7.399738,-11.451190,0,2,20.955400,0.003617,0,0
3.099998,0.049009,284.795100,354.532800,0,0,0,0,0,0,0.000000,0.000000,0.000000,0.000000,0.649322,0.000000,0.000000,0.000000,0.000000,0.999623,-0.027464,-0.000026,0.976499,-0.215520,0.000000,-7.497838,-11.546990,0,2,20.990240,0.003617,0,0
3.109998,0.049227,284.719100,354.728800,0,0,0,0,0,0,0.000000,0.000000,0.000000,0.000000,0.649322,0.000000,0.000000,0.000000,0.000000,0.999623,-0.027464,-0.000026,0.976499,-0.215520,0.000000,-7.595939,-11.642780,0,2,21.025490,0.003617,0,0
3.119998,0.049445,284.642200,354.924900,0,0,0,0,0,0,0.000000,0.000000,0.000000,0.000000,0.649322,0.000000,0.000000,0.000000,0.000000,0.999623,-0.027464,-0.000026,0.976499,-0.215520,0.000000,-7.694039,-11.738580,0,2,21.061130,0.003617,0,0
3.129997,0.049664,284.564300,355.120900,0,0,0,0,0,0,0.000000,0.000000,0.000000,0.000000,0.649322,0.000000,0.000000,0.000000,0.000000,0.999623,-0.027464,-0.000026,0.976499,-0.215520,0.000000,-7.792139,-11.834370,0,2,21.097160,0.003617,0,0
3.139997,0.049882,284.485400,355.317000,0,0,0,0,0,0,0.000000,0.000000,0.000000,0.000000,0.649322,0.000000,0.000000,0.000000,0.000000,0.999623,-0.027464,-0.000026,0.976499,-0.215520,0.000000,-7.890239,-11.930170,0,2,21.133590,0.003617,0,0
3.149997,0.050100,284.405500,355.513000,0,0,0,0,0,0,0.000000,0.000000,0.000000,0.000000,0.649322,0.000000,0.000000,0.000000,0.000000,0.999623,-0.027464,-0.000026,0.976499,-0.215520,0.000000,-7.988339,-12.025960,0,2,21.170410,0.003617,0,0
3.159997,0.050319,284.324600,355.709000,0,0,0,0,0,0,0.000000,0.000000,0.000000,0.000000,0.649322,0.000000,0.000000,0.000000,0.000000,0.999623,-0.027464,-0.000026,0.976499,-0.215520,0.000000,-8.086439,-12.121760,0,2,21.207620,0.003617,0,0
3.169997,0.050537,284.242800,355.905100,0,0,0,0,0,0,0.000000,0.000000,0.000000,0.000000,0.649322,0.000000,0.000000,0.000000,0.000000,0.999623,-0.027464,-0.000026,0.976499,-0.215520,0.000000,-8.184539,-12.217550,0,2,21.245220,0.003617,0,0
3.179997,0.050755,284.160000,356.101100,0,0,0,0,0,0,0.000000,0.000000,0.000000,0.000000,0.649322,0.000000,0.000000,0.000000,0.000000,0.999623,-0.027464,-0.000026,0.976499,-0.215520,0.000000,-8.282639,-12.313350,0,2,21.283210,0.003617,0,0
3.189997,0.050974,284.076200,356.297200,0,0,0,0,0,0,0.000000,0.000000,0.000000,0.000000,0.649322,0.000000,0.000000,0.000000,0.000000,0.999623,-0.027464,-0.000026,0.976499,-0.215520,0.000000,-8.380738,-12.409140,0,2,21.321580,0.003617,0,0
3.199997,0.051192,283.991400,356.493200,0,0,0,0,0,0,0.000000,0.000000,0.000000,0.000000,0.649322,0.000000,0.000000,0.000000,0.000000,0.999623,-0.027464,-0.000026,0.976499,-0.215520,0.000000,-8.478838,-12.504930,0,2,21.360320,0.003617,0,0
3.209997,0.051410,283.905600,356.689300,0,0,0,0,0,0,0.000000,0.000000,0.000000,0.000000,0.649322,0.000000,0.000000,0.000000,0.000000,0.999623,-0.027464,-0.000026,0.976499,-0.215520,0.000000,-8.576938,-12.600730,0,2,21.399450,0.003617,0,0
3.219997,0.051629,283.818900,356.885300,0,0,0,0,0,0,0.000000,0.000000,0.000000,0.000000,0.649322,0.000000,0.000000,0.000000,0.000000,0.999623,-0.027464,-0.000026,0.976499,-0.215520,0.000000,-8.675037,-12.696520,0,2,21.438960,0.003617,0,0
3.229997,0.051847,283.731100,357.081400,0,0,0,0,0,0,0.000000,0.000000,0.000000,0.000000,0.649322,0.000000,0.000000,0.000000,0.000000,0.999623,-0.027464,-0.000026,0.976499,-0.215520,0.000000,-8.773137,-12.792320,0,2,21.478840,0.003617,0,0
3.239997,0.052065,283.642400,357.277400,0,0,0,0,0,0,0.000000,0.000000,0.000000,0.000000,0.649322,0.000000,0.000000,0.000000,0.000000,0.999623,-0.027464,-0.000026,0.976499,-0.215520,0.000000,-8.871237,-12.888110,0,2,21.519100,0.003617,0,0
3.249997,0.052284,283.552700,357.473400,0,0,0,0,0,0,0.000000,0.000000,0.000000,0.000000,0.649322,0.000000,0.000000,0.000000,0.000000,0.999623,-0.027464,-0.000026,0.976499,-0.215520,0.000000,-8.969337,-12.983910,0,2,21.559730,0.003617,0,0
3.259997,0.052502,283.462100,357.669500,0,0,0,0,0,0,0.000000,0.000000,0.000000,0.000000,0.649322,0.000000,0.000000,0.000000,0.000000,0.999623,-0.027464,-0.000026,0.976499,-0.215520,0.000000,-9.067436,-13.079700,0,2,21.600720,0.003617,0,0
3.269997,0.052721,283.370400,357.865500,0,0,0,0,0,0,0.000000,0.000000,0.000000,0.000000,0.649322,0.000000,0.000000,0.000000,0.000000,0.999623,-0.027464,-0.000026,0.976499,-0.215520,0.000000,-9.165536,-13.175490,0,2,21.642080,0.003617,0,0
3.279997,0.052939,283.277800,358.061600,0,0,0,0,0,0,0.000000,0.000000,0.000000,0.000000,0.649322,0.000000,0.000000,0.000000,0.000000,0.999623,-0.027464,-0.000026,0.976499,-0.215520,0.000000,-9.263636,-13.271290,0,2,21.683810,0.003617,0,0
3.289997,0.053157,283.184100,358.257600,0,0,0,0,0,0,0.000000,0.000000,0.000000,0.000000,0.649322,0.000000,0.000000,0.000000,0.000000,0.999623,-0.027464,-0.000026,0.976499,-0.215520,0.000000,-9.361735,-13.367080,0,2,21.725900,0.003617,0,0
3.299997,0.053376,283.089500,358.453700,0,0,0,0,0,0,0.000000,0.000000,0.000000,0.000000,0.649322,0.000000,0.000000,0.000000,0.000000,0.999623,-0.027464,-0.000026,0.976499,-0.215520,0.000000,-9.459835,-13.462880,0,2,21.768350,0.003617,0,0
3.309997,0.053594,282.994000,358.649700,0,0,0,0,0,0,0.000000,0.000000,0.000000,0.000000,0.649322,0.000000,0.000000,0.000000,0.000000,0.999623,-0.027464,-0.000026,0.976499,-0.215520,0.000000,-9.557935,-13.558670,0,2,21.811160,0.003617,0,0
3.319997,0.053812,282.897400,358.845800,0,0,0,0,0,0,0.000000,0.000000,0.000000,0.000000,0.649322,0.000000,0.000000,0.000000,0.000000,0.999623,-0.027464,-0.000026,0.976499,-0.215520,0.000000,-9.656034,-13.654470,0,2,21.854330,0.003617,0,0
3.329997,0.054031,282.799900,359.041800,0,0,0,0,0,0,0.000000,0.000000,0.000000,0.000000,0.649322,0.000000,0.000000,0.000000,0.000000,0.999623,-0.027464,-0.000026,0.976499,-0.215520,0.000000,-9.754134,-13.750260,0,2,21.897850,0.003617,0,0
3.339997,0.054249,282.701400,359.237900,0,0,0,0,0,0,0.000000,0.000000,0.000000,0.000000,0.649322,0.000000,0.000000,0.000000,0.000000,0.999623,-0.027464,-0.000026,0.976499,-0.215520,0.000000,-9.852234,-13.846050,0,2,21.941720,0.003617,0,0
3.349997,0.054467,282.601800,359.433900,0,0,0,0,0,0,0.000000,0.000000,0.000000,0.000000,0.649322,0.000000,0.000000,0.000000,0.000000,0.999623,-0.027464,-0.000026,0.976499,-0.215520,0.000000,-9.950334,-13.941850,0,2,21.985950,0.003617,0,0
3.359997,0.054686,282.501300,359.629900,0,0,0,0,0,0,0.000000,0.000000,0.000000,0.000000,0.649322,0.000000,0.000000,0.000000,0.000000,0.999623,-0.027464,-0.000026,0.976499,-0.215520,0.000000,-10.048430,-14.037640,0,2,22.030520,0.003617,0,0
3.369997,0.054904,282.399900,359.826000,0,0,0,0,0,0,0.000000,0.000000,0.000000,0.000000,0.649322,0.000000,0.000000,0.000000,0.000000,0.999623,-0.027464,-0.000026,0.976499,-0.215520,0.000000,-10.146530,-14.133440,0,2,22.075440,0.003617,0,0
3.379997,0.055122,282.297400,360.022000,0,0,0,0,0,0,0.000000,0.000000,0.000000,0.000000,0.649322,0.000000,0.000000,0.000000,0.000000,0.999623,-0.027464,-0.000026,0.976499,-0.215520,0.000000,-10.244630,-14.229230,0,2,22.120700,0.003617,0,0
3.389997,0.055341,282.194000,360.218100,0,0,0,0,0,0,0.000000,0.000000,0.000000,0.000000,0.649322,0.000000,0.000000,0.000000,0.000000,0.999623,-0.027464,-0.000026,0.976499,-0.215520,0.000000,-10.342730,-14.325030,0,2,22.166300,0.003617,0,0
3.399997,0.055559,282.089600,360.414100,0,0,0,0,0,0,0.000000,0.000000,0.000000,0.000000,0.649322,0.000000,0.000000,0.000000,0.000000,0.999623,-0.027464,-0.000026,0.976499,-0.215520,0.000000,-10.440830,-14.420820,0,2,22.212240,0.003617,0,0
3.409997,0.055777,281.984200,360.610200,0,0,0,0,0,0,0.000000,0.000000,0.000000,0.000000,0.649322,0.000000,0.000000,0.000000,0.000000,0.999623,-0.027464,-0.000026,0.976499,-0.215520,0.000000,-10.538930,-14.516610,0,2,22.258520,0.003617,0,0
3.419997,0.055996,281.877800,360.806200,0,0,0,0,0,0,0.000000,0.000000,0.000000,0.000000,0.649322,0.000000,0.000000,0.000000,0.000000,0.999623,-0.027464,-0.000026,0.976499,-0.215520,0.000000,-10.637030,-14.612410,0,2,22.305140,0.003617,0,0
3.429997,0.056214,281.770500,361.002300,0,0,0,0,0,0,0.000000,0.000000,0.000000,0.000000,0.649322,0.000000,0.000000,0.000000,0.000000,0.999623,-0.027464,-0.000026,0.976499,-0.215520,0.000000,-10.735130,-14.708200,0,2,22.352090,0.003617,0,0
3.439997,0.056432,281.662100,361.198300,0,0,0,0,0,0,0.000000,0.000000,0.000000,0.000000,0.649322,0.000000,0.000000,0.000000,0.000000,0.999623,-0.027464,-0.000026,0.976499,-0.215520,0.000000,-10.833230,-14.804000,0,2,22.399370,0.003617,0,0
3.449997,0.056651,281.552800,361.394300,0,0,0,0,0,0,0.000000,0.000000,0.000000,0.000000,0.649322,0.000000,0.000000,0.000000,0.000000,0.999623,-0.027464,-0.000026,0.976499,-0.215520,0.000000,-10.931330,-14.899790,0,2,22.446980,0.003617,0,0
3.459997,0.056869,281.442500,361.590400,0,0,0,0,0,0,0.000000,0.000000,0.000000,0.000000,0.649322,0.000000,0.000000,0.000000,0.000000,0.999623,-0.027464,-0.000026,0.976499,-0.215520,0.000000,-11.029430,-14.995590,0,2,22.494910,0.003617,0,0
3.469997,0.057088,281.331300,361.786400,0,0,0,0,0,0,0.000000,0.000000,0.000000,0.000000,0.649322,0.000000,0.000000,0.000000,0.000000,0.999623,-0.027464,-0.000026,0.976499,-0.215520,0.000000,-11.127530,-15.091380,0,2,22.543170,0.003617,0,0
3.479997,0.057306,281.219000,361.982500,0,0,0,0,0,0,0.000000,0.000000,0.000000,0.000000,0.649322,0.000000,0.000000,0.000000,0.000000,0.999623,-0.027464,-0.000026,0.976499,-0.215520,0.000000,-11.225630,-15.187170,0,2,22.591760,0.003617,0,0
3.489997,0.057524,281.105800,362.178500,0,0,0,0,0,0,0.000000,0.000000,0.000000,0.000000,0.649322,0.000000,0.000000,0.000000,0.000000,0.999623,-0.027464,-0.000026,0.976499,-0.215520,0.000000,-11.323730,-15.282970,0,2,22.640660,0.003617,0,0
3.499997,0.057743,280.991500,362.374600,0,0,0,0,0,0,0.000000,0.000000,0.000000,0.000000,0.649322,0.000000,0.000000,0.000000,0.000000,0.999623,-0.027464,-0.000026,0.976499,-0.215520,0.000000,-11.421830,-15.378760,0,2,22.689890,0.003617,0,0
3.509997,0.057961,280.876300,362.570600,0,0,0,0,0,0,0.000000,0.000000,0.000000,0.000000,0.649322,0.000000,0.000000,0.000000,0.000000,0.999623,-0.027464,-0.000026,0.976499,-0.215520,0.000000,-11.519930,-15.474560,0,2,22.739430,0.003617,0,0
3.519997,0.058179,280.760200,362.766700,0,0,0,0,0,0,0.000000,0.000000,0.000000,0.000000,0.649322,0.000000,0.000000,0.000000,0.000000,0.999623,-0.027464,-0.000026,0.976499,-0.215520,0.000000,-11.618030,-15.570350,0,2,22.789280,0.003617,0,0
3.529997,0.058398,280.643000,362.962700,0,0,0,0,0,0,0.000000,0.000000,0.000000,0.000000,0.649322,0.000000,0.000000,0.000000,0.000000,0.999623,-0.027464,-0.000026,0.976499,-0.215520,0.000000,-11.716130,-15.666150,0,2,22.839450,0.003617,0,0
3.539997,0.058616,280.524900,363.158800,0,0,0,0,0,0,0.000000,0.000000,0.000000,0.000000,0.649322,0.000000,0.000000,0.000000,0.000000,0.999623,-0.027464,-0.000026,0.976499,-0.215520,0.000000,-11.814230,-15.761940,0,2,22.889930,0.003617,0,0
3.549997,0.058834,280.405800,363.354800,0,0,0,0,0,0,0.000000,0.000000,0.000000,0.000000,0.649322,0.000000,0.000000,0.000000,0.000000,0.999623,-0.027464,-0.000026,0.976499,-0.215520,0.000000,-11.912330,-15.857730,0,2,22.940710,0.003617,0,0
3.559997,0.059053,280.285600,363.550800,0,0,0,0,0,0,0.000000,0.000000,0.000000,0.000000,0.649322,0.000000,0.000000,0.000000,0.000000,0.999623,-0.027464,-0.000026,0.976499,-0.215520,0.000000,-12.010430,-15.953530,0,2,22.991810,0.003617,0,0
3.569997,0.059271,280.164600,363.746900,0,0,0,0,0,0,0.000000,0.000000,0.000000,0.000000,0.649322,0.000000,0.000000,0.000000,0.000000,0.999623,-0.027464,-0.000026,0.976499,-0.215520,0.000000,-12.108530,-16.049320,0,2,23.043200,0.003617,0,0
3.579997,0.059489,280.042500,363.942900,0,0,0,0,0,0,0.000000,0.000000,0.000000,0.000000,0.649322,0.000000,0.000000,0.000000,0.000000,0.999623,-0.027464,-0.000026,0.976499,-0.215520,0.000000,-12.206630,-16.145120,0,2,23.094900,0.003617,0,0
3.589997,0.059708,279.919400,364.139000,0,0,0,0,0,0,0.000000,0.000000,0.000000,0.000000,0.649322,0.000000,0.000000,0.000000,0.000000,0.999623,-0.027464,-0.000026,0.976499,-0.215520,0.000000,-12.304730,-16.240910,0,2,23.146900,0.003617,0,0
3.599997,0.059926,279.795400,364.335000,0,0,0,0,0,0,0.000000,0.000000,0.000000,0.000000,0.649322,0.000000,0.000000,0.000000,0.000000,0.999623,-0.027464,-0.000026,0.976499,-0.215520,0.000000,-12.402830,-16.336710,0,2,23.199200,0.003617,0,0
3.609997,0.060144,279.670400,364.531100,0,0,0,0,0,0,0.000000,0.000000,0.000000,0.000000,0.649322,0.000000,0.000000,0.000000,0.000000,0.999623,-0.027464,-0.000026,0.976499,-0.215520,0.000000,-12.500930,-16.432500,0,2,23.251790,0.003617,0,0
3.619997,0.060363,279.544400,364.727100,0,0,0,0,0,0,0.000000,0.000000,0.000000,0.000000,0.649322,0.000000,0.000000,0.000000,0.000000,0.999623,-0.027464,-0.000026,0.976499,-0.215520,0.000000,-12.599030,-16.528300,0,2,23.304680,0.003617,0,0
3.629997,0.060581,279.417400,364.923200,0,0,0,0,0,0,0.000000,0.000000,0.000000,0.000000,0.649322,0.000000,0.000000,0.000000,0.000000,0.999623,-0.027464,-0.000026,0.976499,-0.215520,0.000000,-12.697130,-16.624090,0,2,23.357860,0.003617,0,0
3.639997,0.060799,279.289500,365.119200,0,0,0,0,0,0,0.000000,0.000000,0.000000,0.000000,0.649322,0.000000,0.000000,0.000000,0.000000,0.999623,-0.027464,-0.000026,0.976499,-0.215520,0.000000,-12.795230,-16.719880,0,2,23.411330,0.003617,0,0
3.649997,0.061018,279.160600,365.315200,0,0,0,0,0,0,0.000000,0.000000,0.000000,0.000000,0.649322,0.000000,0.000000,0.000000,0.000000,0.999623,-0.027464,-0.000026,0.976499,-0.215520,0.000000,-12.893320,-16.815680,0,2,23.465090,0.003617,0,0
3.659997,0.061236,279.030600,365.511300,0,0,0,0,0,0,0.000000,0.000000,0.000000,0.000000,0.649322,0.000000,0.000000,0.000000,0.000000,0.999623,-0.027464,-0.000026,0.976499,-0.215520,0.000000,-12.991420,-16.911470,0,2,23.519140,0.003617,0,0
3.669997,0.061455,278.899700,365.707300,0,0,0,0,0,0,0.000000,0.000000,0.000000,0.000000,0.649322,0.000000,0.000000,0.000000,0.000000,0.999623,-0.027464,-0.000026,0.976499,-0.215520,0.000000,-13.089520,-17.007270,0,2,23.573470,0.003617,0,0
3.679997,0.061673,278.767900,365.903400,0,0,0,0,0,0,0.000000,0.000000,0.000000,0.000000,0.649322,0.000000,0.000000,0.000000,0.000000,0.999623,-0.027464,-0.000026,0.976499,-0.215520,0.000000,-13.187620,-17.103060,0,2,23.628080,0.003617,0,0
3.689997,0.061891,278.635000,366.099400,0,0,0,0,0,0,0.000000,0.000000,0.000000,0.000000,0.649322,0.000000,0.000000,0.000000,0.000000,0.999623,-0.027464,-0.000026,0.976499,-0.215520,0.000000,-13.285720,-17.198850,0,2,23.682970,0.003617,0,0
3.699997,0.062110,278.501200,366.295500,0,0,0,0,0,0,0.000000,0.000000,0.000000,0.000000,0.649322,0.000000,0.000000,0.000000,0.000000,0.999623,-0.027464,-0.000026,0.976499,-0.215520,0.000000,-13.383820,-17.294650,0,2,23.738140,0.003617,0,0
3.709997,0.062328,278.366400,366.491500,0,0,0,0,0,0,0.000000,0.000000,0.000000,0.000000,0.649322,0.000000,0.000000,0.000000,0.000000,0.999623,-0.027464,-0.000026,0.976499,-0.215520,0.000000,-13.481920,-17.390440,0,2,23.793590,0.003617,0,0
3.719997,0.062546,278.230600,366.687600,0,0,0,0,0,0,0.000000,0.000000,0.000000,0.000000,0.649322,0.000000,0.000000,0.000000,0.000000,0.999623,-0.027464,-0.000026,0.976499,-0.215520,0.000000,-13.580020,-17.486240,0,2,23.849310,0.003617,0,0
3.729997,0.062765,278.093800,366.883600,0,0,0,0,0,0,0.000000,0.000000,0.000000,0.000000,0.649322,0.000000,0.000000,0.000000,0.000000,0.999623,-0.027464,-0.000026,0.976499,-0.215520,0.000000,-13.678120,-17.582030,0,2,23.905310,0.003617,0,0
3.739997,0.062983,277.956000,367.079700,0,0,0,0,0,0,0.000000,0.000000,0.000000,0.000000,0.649322,0.000000,0.000000,0.000000,0.000000,0.999623,-0.027464,-0.000026,0.976499,-0.215520,0.000000,-13.776220,-17.677830,0,2,23.961570,0.003617,0,0
3.749997,0.063201,277.817300,367.275700,0,0,0,0,0,0,0.000000,0.000000,0.000000,0.000000,0.649322,0.000000,0.000000,0.000000,0.000000,0.999623,-0.027464,-0.000026,0.976499,-0.215520,0.000000,-13.874320,-17.773620,0,2,24.018110,0.003617,0,0
3.759997,0.063420,277.677600,367.471700,0,0,0,0,0,0,0.000000,0.000000,0.000000,0.000000,0.649322,0.000000,0.000000,0.000000,0.000000,0.999623,-0.027464,-0.000026,0.976499,-0.215520,0.000000,-13.972420,-17.869420,0,2,24.074910,0.003617,0,0
3.769997,0.063638,277.536900,367.667800,0,0,0,0,0,0,0.000000,0.000000,0.000000,0.000000,0.649322,0.000000,0.000000,0.000000,0.000000,0.999623,-0.027464,-0.000026,0.976499,-0.215520,0.000000,-14.070520,-17.965210,0,2,24.131980,0.003617,0,0
3.779997,0.063856,277.395200,367.863800,0,0,0,0,0,0,0.000000,0.000000,0.000000,0.000000,0.649322,0.000000,0.000000,0.000000,0.000000,0.999623,-0.027464,-0.000026,0.976499,-0.215520,0.000000,-14.168620,-18.061000,0,2,24.189310,0.003617,0,0
3.789997,0.064075,277.252500,368.059900,0,0,0,0,0,0,0.000000,0.000000,0.000000,0.000000,0.649322,0.000000,0.000000,0.000000,0.000000,0.999623,-0.027464,-0.000026,0.976499,-0.215520,0.000000,-14.266720,-18.156800,0,2,24.246900,0.003617,0,0
3.799997,0.064293,277.108900,368.255900,0,0,0,0,0,0,0.000000,0.000000,0.000000,0.000000,0.649322,0.000000,0.000000,0.000000,0.000000,0.999623,-0.027464,-0.000026,0.976499,-0.215520,0.000000,-14.364820,-18.252590,0,2,24.304750,0.003617,0,0
3.809997,0.064511,276.964200,368.452000,0,0,0,0,0,0,0.000000,0.000000,0.000000,0.000000,0.649322,0.000000,0.000000,0.000000,0.000000,0.999623,-0.027464,-0.000026,0.976499,-0.215520,0.000000,-14.462920,-18.348390,0,2,24.362860,0.003617,0,0
3.819997,0.064730,276.818600,368.648000,0,0,0,0,0,0,0.000000,0.000000,0.000000,0.000000,0.649322,0.000000,0.000000,0.000000,0.000000,0.999623,-0.027464,-0.000026,0.976499,-0.215520,0.000000,-14.561020,-18.444180,0,2,24.421220,0.003617,0,0
3.829997,0.064948,276.672100,368.844100,0,0,0,0,0,0,0.000000,0.000000,0.000000,0.000000,0.649322,0.000000,0.000000,0.000000,0.000000,0.999623,-0.027464,-0.000026,0.976499,-0.215520,0.000000,-14.659120,-18.539970,0,2,24.479840,0.003617,0,0
3.839997,0.065167,276.524500,369.040100,0,0,0,0,0,0,0.000000,0.000000,0.000000,0.000000,0.649322,0.000000,0.000000,0.000000,0.000000,0.999623,-0.027464,-0.000026,0.976499,-0.215520,0.000000,-14.757220,-18.635770,0,2,24.538710,0.003617,0,0
3.849997,0.065385,276.375900,369.236100,0,0,0,0,0,0,0.000000,0.000000,0.000000,0.000000,0.649322,0.000000,0.000000,0.000000,0.000000,0.999623,-0.027464,-0.000026,0.976499,-0.215520,0.000000,-14.855320,-18.731560,0,2,24.597830,0.003617,0,0
3.859997,0.065603,276.226400,369.432200,0,0,0,0,0,0,0.000000,0.000000,0.000000,0.000000,0.649322,0.000000,0.000000,0.000000,0.000000,0.999623,-0.027464,-0.000026,0.976499,-0.215520,0.000000,-14.953420,-18.827360,0,2,24.657200,0.003617,0,0
3.869997,0.065822,276.075900,369.628200,0,0,0,0,0,0,0.000000,0.000000,0.000000,0.000000,0.649322,0.000000,0.000000,0.000000,0.000000,0.999623,-0.027464,-0.000026,0.976499,-0.215520,0.000000,-15.051520,-18.923150,0,2,24.716820,0.003617,0,0
3.879997,0.066040,275.924400,369.824300,0,0,0,0,0,0,0.000000,0.000000,0.000000,0.000000,0.649322,0.000000,0.000000,0.000000,0.000000,0.999623,-0.027464,-0.000026,0.976499,-0.215520,0.000000,-15.149620,-19.018950,0,2,24.776680,0.003617,0,0
3.889997,0.066258,275.771900,370.020300,0,0,0,0,0,0,0.000000,0.000000,0.000000,0.000000,0.649322,0.000000,0.000000,0.000000,0.000000,0.999623,-0.027464,-0.000026,0.976499,-0.215520,0.000000,-15.247720,-19.114740,0,2,24.836780,0.003617,0,0
3.899997,0.066477,275.618400,370.216400,0,0,0,0,0,0,0.000000,0.000000,0.000000,0.000000,0.649322,0.000000,0.000000,0.000000,0.000000,0.999623,-0.027464,-0.000026,0.976499,-0.215520,0.000000,-15.345820,-19.210540,0,2,24.897130,0.003617,0,0
3.909997,0.066695,275.464000,370.412400,0,0,0,0,0,0,0.000000,0.000000,0.000000,0.000000,0.649322,0.000000,0.000000,0.000000,0.000000,0.999623,-0.027464,-0.000026,0.976499,-0.215520,0.000000,-15.443920,-19.306330,0,2,24.957710,0.003617,0,0
3.919997,0.066913,275.308600,370.608500,0,0,0,0,0,0,0.000000,0.000000,0.000000,0.000000,0.649322,0.000000,0.000000,0.000000,0.000000,0.999623,-0.027464,-0.000026,0.976499,-0.215520,0.000000,-15.542020,-19.402120,0,2,25.018540,0.003617,0,0
3.929997,0.067132,275.152200,370.804500,0,0,0,0,0,0,0.000000,0.000000,0.000000,0.000000,0.649322,0.000000,0.000000,0.000000,0.000000,0.999623,-0.027464,-0.000026,0.976499,-0.215520,0.000000,-15.640120,-19.497920,0,2,25.079590,0.003617,0,0
3.939997,0.067350,274.994800,371.000500,0,0,0,0,0,0,0.000000,0.000000,0.000000,0.000000,0.649322,0.000000,0.000000,0.000000,0.000000,0.999623,-0.027464,-0.000026,0.976499,-0.215520,0.000000,-15.738220,-19.593710,0,2,25.140890,0.003617,0,0
3.949997,0.067568,274.836400,371.196600,0,0,0,0,0,0,0.000000,0.000000,0.000000,0.000000,0.649322,0.000000,0.000000,0.000000,0.000000,0.999623,-0.027464,-0.000026,0.976499,-0.215520,0.000000,-15.836320,-19.689510,0,2,25.202410,0.003617,0,0
3.959997,0.067787,274.677100,371.392600,0,0,0,0,0,0,0.000000,0.000000,0.000000,0.000000,0.649322,0.000000,0.000000,0.000000,0.000000,0.999623,-0.027464,-0.000026,0.976499,-0.215520,0.000000,-15.934420,-19.785300,0,2,25.264170,0.003617,0,0
3.969997,0.068005,274.516800,371.588700,0,0,0,0,0,0,0.000000,0.000000,0.000000,0.000000,0.649322,0.000000,0.000000,0.000000,0.000000,0.999623,-0.027464,-0.000026,0.976499,-0.215520,0.000000,-16.032520,-19.881100,0,2,25.326160,0.003618,0,0
3.979997,0.068223,274.355400,371.784700,0,0,0,0,0,0,0.000000,0.000000,0.000000,0.000000,0.649322,0.000000,0.000000,0.000000,0.000000,0.999623,-0.027464,-0.000026,0.976499,-0.215520,0.000000,-16.130620,-19.976890,0,2,25.388370,0.003618,0,0
3.989997,0.068442,274.193100,371.980800,0,0,0,0,0,0,0.000000,0.000000,0.000000,0.000000,0.649322,0.000000,0.000000,0.000000,0.000000,0.999623,-0.027464,-0.000026,0.976499,-0.215520,0.000000,-16.228720,-20.072690,0,2,25.450820,0.003618,0,0
3.999997,0.068660,274.029900,372.176800,0,0,0,0,0,0,0.000000,0.000000,0.000000,0.000000,0.649322,0.000000,0.000000,0.000000,0.000000,0.999623,-0.027464,-0.000026,0.976499,-0.215520,0.000000,-16.326820,-20.168480,0,2,25.513480,0.003618,0,0
4.009997,0.068879,273.865600,372.372900,0,0,0,0,0,0,0.000000,0.000000,0.000000,0.000000,0.649322,0.000000,0.000000,0.000000,0.000000,0.999623,-0.027464,-0.000026,0.976499,-0.215520,0.000000,-16.424920,-20.264280,0,2,25.576370,0.003618,0,0
4.019997,0.069097,273.700400,372.568900,0,0,0,0,0,0,0.000000,0.000000,0.000000,0.000000,0.649322,0.000000,0.000000,0.000000,0.000000,0.999623,-0.027464,-0.000026,0.976499,-0.215520,0.000000,-16.523020,-20.360070,0,2,25.639480,0.003618,0,0
4.029997,0.069315,273.534200,372.765000,0,0,0,0,0,0,0.000000,0.000000,0.000000,0.000000,0.649322,0.000000,0.000000,0.000000,0.000000,0.999623,-0.027464,-0.000026,0.976499,-0.215520,0.000000,-16.621120,-20.455870,0,2,25.702810,0.003618,0,0
4.039998,0.069534,273.367000,372.961000,0,0,0,0,0,0,0.000000,0.000000,0.000000,0.000000,0.649322,0.000000,0.000000,0.000000,0.000000,0.999623,-0.027464,-0.000026,0.976499,-0.215520,0.000000,-16.719220,-20.551660,0,2,25.766360,0.003618,0,0
4.049998,0.069752,273.198800,373.157000,0,0,0,0,0,0,0.000000,0.000000,0.000000,0.000000,0.649322,0.000000,0.000000,0.000000,0.000000,0.999623,-0.027464,-0.000026,0.976499,-0.215520,0.000000,-16.817320,-20.647460,0,2,25.830120,0.003618,0,0
4.059998,0.069970,273.029700,373.353100,0,0,0,0,0,0,0.000000,0.000000,0.000000,0.000000,0.649322,0.000000,0.000000,0.000000,0.000000,0.999623,-0.027464,-0.000026,0.976499,-0.215520,0.000000,-16.915420,-20.743250,0,2,25.894100,0.003618,0,0
4.069998,0.070189,272.859500,373.549100,0,0,0,0,0,0,0.000000,0.000000,0.000000,0.000000,0.649322,0.000000,0.000000,0.000000,0.000000,0.999623,-0.027464,-0.000026,0.976499,-0.215520,0.000000,-17.013520,-20.839050,0,2,25.958290,0.003618,0,0
4.079998,0.070407,272.688400,373.745200,0,0,0,0,0,0,0.000000,0.000000,0.000000,0.000000,0.649322,0.000000,0.000000,0.000000,0.000000,0.999623,-0.027464,-0.000026,0.976499,-0.215520,0.000000,-17.111620,-20.934840,0,2,26.022690,0.003618,0,0
4.089999,0.070625,272.516300,373.941200,0,0,0,0,0,0,0.000000,0.000000,0.000000,0.000000,0.649322,0.000000,0.000000,0.000000,0.000000,0.999623,-0.027464,-0.000026,0.976499,-0.215520,0.000000,-17.209720,-21.030640,0,2,26.087300,0.003618,0,0
4.099999,0.070844,272.343300,374.137300,0,0,0,0,0,0,0.000000,0.000000,0.000000,0.000000,0.649322,0.000000,0.000000,0.000000,0.000000,0.999623,-0.027464,-0.000026,0.976499,-0.215520,0.000000,-17.307830,-21.126430,0,2,26.152120,0.003618,0,0
4.109999,0.071062,272.169200,374.333300,0,0,0,0,0,0,0.000000,0.000000,0.000000,0.000000,0.649322,0.000000,0.000000,0.000000,0.000000,0.999623,-0.027464,-0.000026,0.976499,-0.215520,0.000000,-17.405930,-21.222230,0,2,26.217150,0.003618,0,0
4.119999,0.071280,271.994100,374.529400,0,0,0,0,0,0,0.000000,0.000000,0.000000,0.000000,0.649322,0.000000,0.000000,0.000000,0.000000,0.999623,-0.027464,-0.000026,0.976499,-0.215520,0.000000,-17.504030,-21.318020,0,2,26.282380,0.005594,0,0
4.130000,0.071499,271.818100,374.725400,0,0,0,0,0,0,0.000000,0.000000,0.000000,0.000000,0.649322,0.000000,0.000000,0.000000,0.000000,0.999623,-0.027464,-0.000026,0.976499,-0.215520,0.000000,-17.602130,-21.413820,0,2,26.347820,0.007500,0,0
4.140000,0.071717,271.641100,374.921400,0,0,0,0,0,0,0.000000,0.000000,0.000000,0.000000,0.649322,0.000000,0.000000,0.000000,0.000000,0.999623,-0.027464,-0.000026,0.976499,-0.215520,0.000000,-17.700230,-21.509610,0,2,26.413460,0.009336,0,0
4.150000,0.071936,271.463100,375.117500,0,0,0,0,0,0,0.000000,0.000000,0.000000,0.000000,0.649322,0.000000,0.000000,0.000000,0.000000,0.999623,-0.027464,-0.000026,0.976499,-0.215520,0.000000,-17.798330,-21.605410,0,2,26.479300,0.010931,0,0
4.160000,0.072154,271.284200,375.313500,0,0,0,0,0,0,0.000000,0.000000,0.000000,0.000000,0.649322,0.000000,0.000000,0.000000,0.000000,0.999623,-0.027464,-0.000026,0.976499,-0.215520,0.000000,-17.896430,-21.701210,0,2,26.545340,0.012468,0,0
4.170001,0.072372,271.104200,375.509600,0,0,0,0,0,0,0.000000,0.000000,0.000000,0.000000,0.649322,0.000000,0.000000,0.000000,0.000000,0.999623,-0.027464,-0.000026,0.976499,-0.215520,0.000000,-17.994530,-21.797000,0,2,26.611570,0.013948,0,0
4.180001,0.072591,270.923300,375.705600,0,0,0,0,0,0,0.000000,0.000000,0.000000,0.000000,0.649322,0.000000,0.000000,0.000000,0.000000,0.999623,-0.027464,-0.000026,0.976499,-0.215520,0.000000,-18.092630,-21.892800,0,2,26.678010,0.015375,0,0
4.190001,0.072809,270.741400,375.901700,0,0,0,0,0,0,0.000000,0.000000,0.000000,0.000000,0.649322,0.000000,0.000000,0.000000,0.000000,0.999623,-0.027464,-0.000026,0.976499,-0.215520,0.000000,-18.190730,-21.988590,0,2,26.744630,0.016749,0,0
4.200001,0.073027,270.558500,376.097700,0,0,0,0,0,0,0.000000,0.000000,0.000000,0.000000,0.649322,0.000000,0.000000,0.000000,0.000000,0.999623,-0.027464,-0.000026,0.976499,-0.215520,0.000000,-18.288830,-22.084390,0,2,26.811450,0.018073,0,0
4.210001,0.073246,270.374600,376.293800,0,0,0,0,0,0,0.000000,0.000000,0.000000,0.000000,0.649322,0.000000,0.000000,0.000000,0.000000,0.999623,-0.027464,-0.000026,0.976499,-0.215520,0.000000,-18.386930,-22.180180,0,2,26.878470,0.019348,0,0
4.220002,0.073464,270.189800,376.489800,1,1,1,1,2,2,1.014414,1.016729,1.014414,1.016729,1.015572,0.006680,0.974492,0.224325,0.006680,0.974492,0.224325,0.000570,0.984012,-0.178100,158.932200,-4.485332,-7.883278,1,3,19.991760,6.026317,0,0
4.230002,0.074433,270.159600,376.681700,1,1,1,1,2,2,1.028018,1.030320,1.028018,1.030320,1.029169,0.006677,0.974498,0.224297,0.006677,0.974498,0.224297,0.001114,0.989624,-0.143674,103.044600,-3.018209,-5.743474,1,3,19.423260,-0.149744,0,0
4.240002,0.075403,270.138600,376.871900,0,0,0,0,0,0,0.000000,0.000000,0.000000,0.000000,1.029169,0.000000,0.000000,0.000000,0.006677,0.974498,0.224297,0.001114,0.989624,-0.143674,0.000000,-2.095789,-4.807719,0,4,19.142970,-0.083641,0,0
4.250002,0.076374,270.116700,377.062200,0,0,0,0,0,0,0.000000,0.000000,0.000000,0.000000,1.029169,0.000000,0.000000,0.000000,0.006677,0.974498,0.224297,0.001114,0.989624,-0.143674,0.000000,-2.193889,-4.904801,0,4,19.153950,0.014990,0,0
4.260003,0.077344,270.093800,377.252500,0,0,0,0,0,0,0.000000,0.000000,0.000000,0.000000,1.029169,0.000000,0.000000,0.000000,0.006677,0.974498,0.224297,0.001114,0.989624,-0.143674,0.000000,-2.291989,-5.001883,0,4,19.165440,0.014990,0,0
4.270003,0.078314,270.069900,377.442800,0,0,0,0,0,0,0.000000,0.000000,0.000000,0.000000,1.029169,0.000000,0.000000,0.000000,0.006677,0.974498,0.224297,0.001114,0.989624,-0.143674,0.000000,-2.390089,-5.098965,0,4,19.177420,0.014990,0,0
4.280003,0.079284,270.045000,377.633100,0,0,0,0,0,0,0.000000,0.000000,0.000000,0.000000,1.029169,0.000000,0.000000,0.000000,0.006677,0.974498,0.224297,0.001114,0.989624,-0.143674,0.000000,-2.488189,-5.196047,0,4,19.189890,0.014990,0,0
4.290003,0.080255,270.019200,377.823300,0,0,0,0,0,0,0.000000,0.000000,0.000000,0.000000,1.029169,0.000000,0.000000,0.000000,0.006677,0.974498,0.224297,0.001114,0.989624,-0.143674,0.000000,-2.586289,-5.293129,0,4,19.202860,0.014990,0,0
4.300004,0.081225,269.992300,378.013600,0,0,0,0,0,0,0.000000,0.000000,0.000000,0.000000,1.029169,0.000000,0.000000,0.000000,0.006677,0.974498,0.224297,0.001114,0.989624,-0.143674,0.000000,-2.684389,-5.390211,0,4,19.216310,0.014990,0,0
4.310004,0.082195,269.964500,378.203900,0,0,0,0,0,0,0.000000,0.000000,0.000000,0.000000,1.029169,0.000000,0.000000,0.000000,0.006677,0.974498,0.224297,0.001114,0.989624,-0.143674,0.000000,-2.782489,-5.487293,0,4,19.230260,0.014990,0,0
4.320004,0.083166,269.935700,378.394200,0,0,0,0,0,0,0.000000,0.000000,0.000000,0.000000,1.029169,0.000000,0.000000,0.000000,0.006677,0.974498,0.224297,0.001114,0.989624,-0.143674,0.000000,-2.880589,-5.584375,0,4,19.244700,0.014990,0,0
4.330004,0.084136,269.905900,378.584400,0,0,0,0,0,0,0.000000,0.000000,0.000000,0.000000,1.029169,0.000000,0.000000,0.000000,0.006677,0.974498,0.224297,0.001114,0.989624,-0.143674,0.000000,-2.978688,-5.681458,0,4,19.259630,0.014990,0,0
4.340004,0.085106,269.875100,378.774700,0,0,0,0,0,0,0.000000,0.000000,0.000000,0.000000,1.029169,0.000000,0.000000,0.000000,0.006677,0.974498,0.224297,0.001114,0.989624,-0.143674,0.000000,-3.076788,-5.778540,0,4,19.275050,0.014990,0,0
4.350005,0.086076,269.843400,378.965000,0,0,0,0,0,0,0.000000,0.000000,0.000000,0.000000,1.029169,0.000000,0.000000,0.000000,0.006677,0.974498,0.224297,0.001114,0.989624,-0.143674,0.000000,-3.174888,-5.875622,0,4,19.290950,0.014990,0,0
4.360005,0.087047,269.810700,379.155300,0,0,0,0,0,0,0.000000,0.000000,0.000000,0.000000,1.029169,0.000000,0.000000,0.000000,0.006677,0.974498,0.224297,0.001114,0.989624,-0.143674,0.000000,-3.272988,-5.972704,0,4,19.307340,0.014990,0,0
4.370005,0.088017,269.776900,379.345600,0,0,0,0,0,0,0.000000,0.000000,0.000000,0.000000,1.029169,0.000000,0.000000,0.000000,0.006677,0.974498,0.224297,0.001114,0.989624,-0.143674,0.000000,-3.371088,-6.069786,0,4,19.324210,0.014990,0,0
4.380005,0.088987,269.742200,379.535800,0,0,0,0,0,0,0.000000,0.000000,0.000000,0.000000,1.029169,0.000000,0.000000,0.000000,0.006677,0.974498,0.224297,0.001114,0.989624,-0.143674,0.000000,-3.469188,-6.166868,0,4,19.341560,0.014990,0,0
4.390006,0.089958,269.706600,379.726100,0,0,0,0,0,0,0.000000,0.000000,0.000000,0.000000,1.029169,0.000000,0.000000,0.000000,0.006677,0.974498,0.224297,0.001114,0.989624,-0.143674,0.000000,-3.567288,-6.263950,0,4,19.359400,0.014990,0,0
4.400006,0.090928,269.669900,379.916400,0,0,0,0,0,0,0.000000,0.000000,0.000000,0.000000,1.029169,0.000000,0.000000,0.000000,0.006677,0.974498,0.224297,0.001114,0.989624,-0.143674,0.000000,-3.665388,-6.361032,0,4,19.377710,0.014990,0,0
4.410006,0.091898,269.632300,380.106700,0,0,0,0,0,0,0.000000,0.000000,0.000000,0.000000,1.029169,0.000000,0.000000,0.000000,0.006677,0.974498,0.224297,0.001114,0.989624,-0.143674,0.000000,-3.763488,-6.458114,0,4,19.396510,0.014990,0,0
4.420006,0.092868,269.593700,380.296900,0,0,0,0,0,0,0.000000,0.000000,0.000000,0.000000,1.029169,0.000000,0.000000,0.000000,0.006677,0.974498,0.224297,0.001114,0.989624,-0.143674,0.000000,-3.861588,-6.555196,0,4,19.415780,0.014990,0,0
4.430007,0.093839,269.554100,380.487200,0,0,0,0,0,0,0.000000,0.000000,0.000000,0.000000,1.029169,0.000000,0.000000,0.000000,0.006677,0.974498,0.224297,0.001114,0.989624,-0.143674,0.000000,-3.959688,-6.652278,0,4,19.435530,0.014990,0,0
4.440007,0.094809,269.513500,380.677500,0,0,0,0,0,0,0.000000,0.000000,0.000000,0.000000,1.029169,0.000000,0.000000,0.000000,0.006677,0.974498,0.224297,0.001114,0.989624,-0.143674,0.000000,-4.057788,-6.749361,0,4,19.455760,0.014990,0,0
4.450007,0.095779,269.471900,380.867800,0,0,0,0,0,0,0.000000,0.000000,0.000000,0.000000,1.029169,0.000000,0.000000,0.000000,0.006677,0.974498,0.224297,0.001114,0.989624,-0.143674,0.000000,-4.155888,-6.846443,0,4,19.476450,0.014990,0,0
4.460007,0.096750,269.429400,381.058000,0,0,0,0,0,0,0.000000,0.000000,0.000000,0.000000,1.029169,0.000000,0.000000,0.000000,0.006677,0.974498,0.224297,0.001114,0.989624,-0.143674,0.000000,-4.253988,-6.943525,0,4,19.497620,0.014990,0,0
4.470007,0.097720,269.385900,381.248300,0,0,0,0,0,0,0.000000,0.000000,0.000000,0.000000,1.029169,0.000000,0.000000,0.000000,0.006677,0.974498,0.224297,0.001114,0.989624,-0.143674,0.000000,-4.352088,-7.040607,0,4,19.519260,0.014990,0,0
4.480008,0.098690,269.341400,381.438600,0,0,0,0,0,0,0.000000,0.000000,0.000000,0.000000,1.029169,0.000000,0.000000,0.000000,0.006677,0.974498,0.224297,0.001114,0.989624,-0.143674,0.000000,-4.450189,-7.137690,0,4,19.541360,0.014990,0,0
4.490008,0.099660,269.295900,381.628900,0,0,0,0,0,0,0.000000,0.000000,0.000000,0.000000,1.029169,0.000000,0.000000,0.000000,0.006677,0.974498,0.224297,0.001114,0.989624,-0.143674,0.000000,-4.548289,-7.234772,0,4,19.563940,0.016135,0,0
4.500008,0.100631,269.249400,381.819200,0,0,0,0,0,0,0.000000,0.000000,0.000000,0.000000,1.029169,0.000000,0.000000,0.000000,0.006677,0.974498,0.224297,0.001114,0.989624,-0.143674,0.000000,-4.646389,-7.331854,0,4,19.586980,0.017236,0,0
4.510008,0.101601,269.202000,382.009400,0,0,0,0,0,0,0.000000,0.000000,0.000000,0.000000,1.029169,0.000000,0.000000,0.000000,0.006677,0.974498,0.224297,0.001114,0.989624,-0.143674,0.000000,-4.744489,-7.428936,0,4,19.610480,0.018296,0,0
4.520009,0.102571,269.153500,382.199700,0,0,0,0,0,0,0.000000,0.000000,0.000000,0.000000,1.029169,0.000000,0.000000,0.000000,0.006677,0.974498,0.224297,0.001114,0.989624,-0.143674,0.000000,-4.842589,-7.526019,0,4,19.634450,0.019315,0,0
4.530009,0.103542,269.104100,382.390000,0,0,0,0,0,0,0.000000,0.000000,0.000000,0.000000,1.029169,0.000000,0.000000,0.000000,0.006677,0.974498,0.224297,0.001114,0.989624,-0.143674,0.000000,-4.940690,-7.623101,0,4,19.658870,0.020296,0,0
4.540009,0.104512,269.053700,382.580300,0,0,0,0,0,0,0.000000,0.000000,0.000000,0.000000,1.029169,0.000000,0.000000,0.000000,0.006677,0.974498,0.224297,0.001114,0.989624,-0.143674,0.000000,-5.038790,-7.720183,0,4,19.683750,0.021240,0,0
4.550009,0.105482,269.002400,382.770500,0,0,0,0,0,0,0.000000,0.000000,0.000000,0.000000,1.029169,0.000000,0.000000,0.000000,0.006677,0.974498,0.224297,0.001114,0.989624,-0.143674,0.000000,-5.136890,-7.817266,0,4,19.709100,0.022147,0,0
4.560009,0.106453,268.950000,382.960800,0,0,0,0,0,0,0.000000,0.000000,0.000000,0.000000,1.029169,0.000000,0.000000,0.000000,0.006677,0.974498,0.224297,0.001114,0.989624,-0.143674,0.000000,-5.234990,-7.914348,0,4,19.734890,0.023020,0,0
4.570010,0.107423,268.896700,383.151100,0,0,0,0,0,0,0.000000,0.000000,0.000000,0.000000,1.029169,0.000000,0.000000,0.000000,0.006677,0.974498,0.224297,0.001114,0.989624,-0.143674,0.000000,-5.333090,-8.011431,0,4,19.761140,0.023859,0,0
4.580010,0.108393,268.842400,383.341400,0,0,0,0,0,0,0.000000,0.000000,0.000000,0.000000,1.029169,0.000000,0.000000,0.000000,0.006677,0.974498,0.224297,0.001114,0.989624,-0.143674,0.000000,-5.431190,-8.108513,0,4,19.787840,0.024667,0,0
4.590010,0.109363,268.787100,383.531600,0,0,0,0,0,0,0.000000,0.000000,0.000000,0.000000,1.029169,0.000000,0.000000,0.000000,0.006677,0.974498,0.224297,0.001114,0.989624,-0.143674,0.000000,-5.529291,-8.205595,0,4,19.814990,0.025443,0,0
4.600010,0.110334,268.730800,383.721900,0,0,0,0,0,0,0.000000,0.000000,0.000000,0.000000,1.029169,0.000000,0.000000,0.000000,0.006677,0.974498,0.224297,0.001114,0.989624,-0.143674,0.000000,-5.627391,-8.302677,0,4,19.842590,0.026189,0,0
4.610011,0.111304,268.673600,383.912200,0,0,0,0,0,0,0.000000,0.000000,0.000000,0.000000,1.029169,0.000000,0.000000,0.000000,0.006677,0.974498,0.224297,0.001114,0.989624,-0.143674,0.000000,-5.725491,-8.399759,0,4,19.870630,0.026907,0,0
4.620011,0.112274,268.615300,384.102500,0,0,0,0,0,0,0.000000,0.000000,0.000000,0.000000,1.029169,0.000000,0.000000,0.000000,0.006677,0.974498,0.224297,0.001114,0.989624,-0.143674,0.000000,-5.823591,-8.496842,0,4,19.899120,0.027597,0,0
4.630011,0.113245,268.556100,384.292800,0,0,0,0,0,0,0.000000,0.000000,0.000000,0.000000,1.029169,0.000000,0.000000,0.000000,0.006677,0.974498,0.224297,0.001114,0.989624,-0.143674,0.000000,-5.921691,-8.593925,0,4,19.928050,0.028260,0,0
4.640011,0.114215,268.495900,384.483000,0,0,0,0,0,0,0.000000,0.000000,0.000000,0.000000,1.029169,0.000000,0.000000,0.000000,0.006677,0.974498,0.224297,0.001114,0.989624,-0.143674,0.000000,-6.019792,-8.691007,0,4,19.957420,0.028898,0,0
4.650012,0.115185,268.434700,384.673300,0,0,0,0,0,0,0.000000,0.000000,0.000000,0.000000,1.029169,0.000000,0.000000,0.000000,0.006677,0.974498,0.224297,0.001114,0.989624,-0.143674,0.000000,-6.117892,-8.788089,0,4,19.987230,0.029511,0,0
4.660012,0.116155,268.372600,384.863600,0,0,0,0,0,0,0.000000,0.000000,0.000000,0.000000,1.029169,0.000000,0.000000,0.000000,0.006677,0.974498,0.224297,0.001114,0.989624,-0.143674,0.000000,-6.215992,-8.885171,0,4,20.017480,0.030100,0,0
4.670012,0.117126,268.309400,385.053900,0,0,0,0,0,0,0.000000,0.000000,0.000000,0.000000,1.029169,0.000000,0.000000,0.000000,0.006677,0.974498,0.224297,0.001114,0.989624,-0.143674,0.000000,-6.314092,-8.982253,0,4,20.048150,0.030656,0,0
4.680012,0.118096,268.245300,385.244100,0,0,0,0,0,0,0.000000,0.000000,0.000000,0.000000,1.029169,0.000000,0.000000,0.000000,0.006677,0.974498,0.224297,0.001114,0.989624,-0.143674,0.000000,-6.412192,-9.079336,0,4,20.079270,0.030985,0,0
4.690012,0.119066,268.180200,385.434400,0,0,0,0,0,0,0.000000,0.000000,0.000000,0.000000,1.029169,0.000000,0.000000,0.000000,0.006677,0.974498,0.224297,0.001114,0.989624,-0.143674,0.000000,-6.510293,-9.176418,0,4,20.110810,0.031300,0,0
4.700013,0.120037,268.114100,385.624700,0,0,0,0,0,0,0.000000,0.000000,0.000000,0.000000,1.029169,0.000000,0.000000,0.000000,0.006677,0.974498,0.224297,0.001114,0.989624,-0.143674,0.000000,-6.608393,-9.273500,0,4,20.142780,0.031601,0,0
4.710013,0.121007,268.047100,385.815000,0,0,0,0,0,0,0.000000,0.000000,0.000000,0.000000,1.029169,0.000000,0.000000,0.000000,0.006677,0.974498,0.224297,0.001114,0.989624,-0.143674,0.000000,-6.706493,-9.370583,0,4,20.175180,0.031889,0,0
4.720013,0.121977,267.979000,386.005200,1,1,1,1,2,2,1.041806,1.043465,1.041806,1.043465,1.042635,0.005331,0.971255,0.237983,0.005331,0.971255,0.237983,0.001492,0.993835,-0.110855,127.458000,-4.712680,-6.815316,1,5,19.800290,0.459212,0,0
4.730013,0.123054,267.943600,386.196000,0,0,0,0,0,0,0.000000,0.000000,0.000000,0.000000,1.042635,0.000000,0.000000,0.000000,0.005331,0.971255,0.237983,0.001492,0.993835,-0.110855,0.000000,-3.542436,-5.635338,0,6,19.404520,-0.043012,0,0
4.740014,0.124132,267.907200,386.386800,0,0,0,0,0,0,0.000000,0.000000,0.000000,0.000000,1.042635,0.000000,0.000000,0.000000,0.005331,0.971255,0.237983,0.001492,0.993835,-0.110855,0.000000,-3.640536,-5.732833,0,6,19.422660,0.019582,0,0
4.750014,0.125209,267.869800,386.577600,0,0,0,0,0,0,0.000000,0.000000,0.000000,0.000000,1.042635,0.000000,0.000000,0.000000,0.005331,0.971255,0.237983,0.001492,0.993835,-0.110855,0.000000,-3.738636,-5.830328,0,6,19.441290,0.019582,0,0
4.760014,0.126286,267.831400,386.768400,0,0,0,0,0,0,0.000000,0.000000,0.000000,0.000000,1.042635,0.000000,0.000000,0.000000,0.005331,0.971255,0.237983,0.001492,0.993835,-0.110855,0.000000,-3.836736,-5.927824,0,6,19.460390,0.019582,0,0
4.770014,0.127364,267.792100,386.959200,0,0,0,0,0,0,0.000000,0.000000,0.000000,0.000000,1.042635,0.000000,0.000000,0.000000,0.005331,0.971255,0.237983,0.001492,0.993835,-0.110855,0.000000,-3.934836,-6.025319,0,6,19.479970,0.019582,0,0
4.780015,0.128441,267.751700,387.150000,0,0,0,0,0,0,0.000000,0.000000,0.000000,0.000000,1.042635,0.000000,0.000000,0.000000,0.005331,0.971255,0.237983,0.001492,0.993835,-0.110855,0.000000,-4.032936,-6.122814,0,6,19.500020,0.019582,0,0
4.790015,0.129518,267.710400,387.340800,0,0,0,0,0,0,0.000000,0.000000,0.000000,0.000000,1.042635,0.000000,0.000000,0.000000,0.005331,0.971255,0.237983,0.001492,0.993835,-0.110855,0.000000,-4.131036,-6.220310,0,6,19.520550,0.019582,0,0
4.800015,0.130596,267.668100,387.531600,0,0,0,0,0,0,0.000000,0.000000,0.000000,0.000000,1.042635,0.000000,0.000000,0.000000,0.005331,0.971255,0.237983,0.001492,0.993835,-0.110855,0.000000,-4.229136,-6.317805,0,6,19.541550,0.019582,0,0
4.810015,0.131673,267.624800,387.722400,0,0,0,0,0,0,0.000000,0.000000,0.000000,0.000000,1.042635,0.000000,0.000000,0.000000,0.005331,0.971255,0.237983,0.001492,0.993835,-0.110855,0.000000,-4.327237,-6.415300,0,6,19.563010,0.019582,0,0
4.820015,0.132750,267.580600,387.913200,0,0,0,0,0,0,0.000000,0.000000,0.000000,0.000000,1.042635,0.000000,0.000000,0.000000,0.005331,0.971255,0.237983,0.001492,0.993835,-0.110855,0.000000,-4.425337,-6.512796,0,6,19.584940,0.019582,0,0
4.830016,0.133828,267.535400,388.104000,0,0,0,0,0,0,0.000000,0.000000,0.000000,0.000000,1.042635,0.000000,0.000000,0.000000,0.005331,0.971255,0.237983,0.001492,0.993835,-0.110855,0.000000,-4.523437,-6.610291,0,6,19.607340,0.019582,0,0
4.840016,0.134905,267.489200,388.294800,0,0,0,0,0,0,0.000000,0.000000,0.000000,0.000000,1.042635,0.000000,0.000000,0.000000,0.005331,0.971255,0.237983,0.001492,0.993835,-0.110855,0.000000,-4.621537,-6.707787,0,6,19.630210,0.019582,0,0
4.850016,0.135982,267.442000,388.485600,0,0,0,0,0,0,0.000000,0.000000,0.000000,0.000000,1.042635,0.000000,0.000000,0.000000,0.005331,0.971255,0.237983,0.001492,0.993835,-0.110855,0.000000,-4.719637,-6.805282,0,6,19.653530,0.020265,0,0
4.860016,0.137060,267.393800,388.676400,0,0,0,0,0,0,0.000000,0.000000,0.000000,0.000000,1.042635,0.000000,0.000000,0.000000,0.005331,0.971255,0.237983,0.001492,0.993835,-0.110855,0.000000,-4.817738,-6.902778,0,6,19.677320,0.020922,0,0
4.870017,0.138137,267.344600,388.867200,0,0,0,0,0,0,0.000000,0.000000,0.000000,0.000000,1.042635,0.000000,0.000000,0.000000,0.005331,0.971255,0.237983,0.001492,0.993835,-0.110855,0.000000,-4.915838,-7.000273,0,6,19.701570,0.021554,0,0
4.880017,0.139214,267.294500,389.058000,0,0,0,0,0,0,0.000000,0.000000,0.000000,0.000000,1.042635,0.000000,0.000000,0.000000,0.005331,0.971255,0.237983,0.001492,0.993835,-0.110855,0.000000,-5.013938,-7.097768,0,6,19.726280,0.022161,0,0
4.890017,0.140291,267.243300,389.248800,0,0,0,0,0,0,0.000000,0.000000,0.000000,0.000000,1.042635,0.000000,0.000000,0.000000,0.005331,0.971255,0.237983,0.001492,0.993835,-0.110855,0.000000,-5.112038,-7.195264,0,6,19.751440,0.022746,0,0
4.900017,0.141369,267.191300,389.439600,0,0,0,0,0,0,0.000000,0.000000,0.000000,0.000000,1.042635,0.000000,0.000000,0.000000,0.005331,0.971255,0.237983,0.001492,0.993835,-0.110855,0.000000,-5.210138,-7.292759,0,6,19.777060,0.023307,0,0
4.910017,0.142446,267.138200,389.630400,0,0,0,0,0,0,0.000000,0.000000,0.000000,0.000000,1.042635,0.000000,0.000000,0.000000,0.005331,0.971255,0.237983,0.001492,0.993835,-0.110855,0.000000,-5.308239,-7.390254,0,6,19.803130,0.023847,0,0
4.920018,0.143523,267.084100,389.821200,0,0,0,0,0,0,0.000000,0.000000,0.000000,0.000000,1.042635,0.000000,0.000000,0.000000,0.005331,0.971255,0.237983,0.001492,0.993835,-0.110855,0.000000,-5.406339,-7.487750,0,6,19.829650,0.024366,0,0
4.930018,0.144601,267.029100,390.012000,0,0,0,0,0,0,0.000000,0.000000,0.000000,0.000000,1.042635,0.000000,0.000000,0.000000,0.005331,0.971255,0.237983,0.001492,0.993835,-0.110855,0.000000,-5.504439,-7.585246,0,6,19.856620,0.024855,0,0
4.940018,0.145678,266.973000,390.202800,0,0,0,0,0,0,0.000000,0.000000,0.000000,0.000000,1.042635,0.000000,0.000000,0.000000,0.005331,0.971255,0.237983,0.001492,0.993835,-0.110855,0.000000,-5.602539,-7.682741,0,6,19.884040,0.025185,0,0
4.950018,0.146755,266.916000,390.393600,0,0,0,0,0,0,0.000000,0.000000,0.000000,0.000000,1.042635,0.000000,0.000000,0.000000,0.005331,0.971255,0.237983,0.001492,0.993835,-0.110855,0.000000,-5.700639,-7.780236,0,6,19.911900,0.025502,0,0
4.960019,0.147833,266.858000,390.584400,1,1,1,1,2,2,1.045218,1.046811,1.045218,1.046811,1.046014,0.004928,0.969801,0.243849,0.004928,0.969801,0.243849,0.001802,0.996774,-0.080234,115.424500,-4.831424,-6.357149,1,7,19.811090,0.159261,0,0
4.970019,0.148967,266.820300,390.775400,0,0,0,0,0,0,0.000000,0.000000,0.000000,0.000000,1.046014,0.000000,0.000000,0.000000,0.004928,0.969801,0.243849,0.001802,0.996774,-0.080234,0.000000,-3.777224,-5.297987,0,8,19.478490,-0.032025,0,0
4.980019,0.150101,266.781500,390.966500,0,0,0,0,0,0,0.000000,0.000000,0.000000,0.000000,1.046014,0.000000,0.000000,0.000000,0.004928,0.969801,0.243849,0.001802,0.996774,-0.080234,0.000000,-3.875324,-5.395771,0,8,19.497750,0.021693,0,0
4.990019,0.151235,266.741800,391.157600,0,0,0,0,0,0,0.000000,0.000000,0.000000,0.000000,1.046014,0.000000,0.000000,0.000000,0.004928,0.969801,0.243849,0.001802,0.996774,-0.080234,0.000000,-3.973424,-5.493555,0,8,19.517490,0.021693,0,0
5.000020,0.152369,266.701000,391.348600,0,0,0,0,0,0,0.000000,0.000000,0.000000,0.000000,1.046014,0.000000,0.000000,0.000000,0.004928,0.969801,0.243849,0.001802,0.996774,-0.080234,0.000000,-4.071524,-5.591338,0,8,19.537700,0.021693,0,0
5.010020,0.153503,266.659400,391.539700,0,0,0,0,0,0,0.000000,0.000000,0.000000,0.000000,1.046014,0.000000,0.000000,0.000000,0.004928,0.969801,0.243849,0.001802,0.996774,-0.080234,0.000000,-4.169624,-5.689122,0,8,19.558370,0.021693,0,0
5.020020,0.154637,266.616700,391.730800,0,0,0,0,0,0,0.000000,0.000000,0.000000,0.000000,1.046014,0.000000,0.000000,0.000000,0.004928,0.969801,0.243849,0.001802,0.996774,-0.080234,0.000000,-4.267725,-5.786905,0,8,19.579520,0.021693,0,0
5.030020,0.155771,266.573000,391.921800,0,0,0,0,0,0,0.000000,0.000000,0.000000,0.000000,1.046014,0.000000,0.000000,0.000000,0.004928,0.969801,0.243849,0.001802,0.996774,-0.080234,0.000000,-4.365825,-5.884689,0,8,19.601140,0.021693,0,0
5.040020,0.156905,266.528400,392.112900,0,0,0,0,0,0,0.000000,0.000000,0.000000,0.000000,1.046014,0.000000,0.000000,0.000000,0.004928,0.969801,0.243849,0.001802,0.996774,-0.080234,0.000000,-4.463925,-5.982473,0,8,19.623220,0.021693,0,0
5.050021,0.158039,266.482800,392.304000,0,0,0,0,0,0,0.000000,0.000000,0.000000,0.000000,1.046014,0.000000,0.000000,0.000000,0.004928,0.969801,0.243849,0.001802,0.996774,-0.080234,0.000000,-4.562025,-6.080256,0,8,19.645770,0.021693,0,0
5.060021,0.159173,266.436200,392.495100,0,0,0,0,0,0,0.000000,0.000000,0.000000,0.000000,1.046014,0.000000,0.000000,0.000000,0.004928,0.969801,0.243849,0.001802,0.996774,-0.080234,0.000000,-4.660125,-6.178041,0,8,19.668780,0.021693,0,0
5.070021,0.160308,266.388600,392.686100,0,0,0,0,0,0,0.000000,0.000000,0.000000,0.000000,1.046014,0.000000,0.000000,0.000000,0.004928,0.969801,0.243849,0.001802,0.996774,-0.080234,0.000000,-4.758225,-6.275824,0,8,19.692260,0.021693,0,0
5.080021,0.161442,266.340000,392.877200,0,0,0,0,0,0,0.000000,0.000000,0.000000,0.000000,1.046014,0.000000,0.000000,0.000000,0.004928,0.969801,0.243849,0.001802,0.996774,-0.080234,0.000000,-4.856326,-6.373608,0,8,19.716190,0.022121,0,0
5.090022,0.162576,266.290500,393.068300,0,0,0,0,0,0,0.000000,0.000000,0.000000,0.000000,1.046014,0.000000,0.000000,0.000000,0.004928,0.969801,0.243849,0.001802,0.996774,-0.080234,0.000000,-4.954426,-6.471392,0,8,19.740580,0.022532,0,0
5.100022,0.163710,266.240000,393.259300,0,0,0,0,0,0,0.000000,0.000000,0.000000,0.000000,1.046014,0.000000,0.000000,0.000000,0.004928,0.969801,0.243849,0.001802,0.996774,-0.080234,0.000000,-5.052526,-6.569175,0,8,19.765430,0.022926,0,0
5.110022,0.164844,266.188400,393.450400,0,0,0,0,0,0,0.000000,0.000000,0.000000,0.000000,1.046014,0.000000,0.000000,0.000000,0.004928,0.969801,0.243849,0.001802,0.996774,-0.080234,0.000000,-5.150626,-6.666959,0,8,19.790740,0.023303,0,0
5.120022,0.165978,266.136000,393.641500,0,0,0,0,0,0,0.000000,0.000000,0.000000,0.000000,1.046014,0.000000,0.000000,0.000000,0.004928,0.969801,0.243849,0.001802,0.996774,-0.080234,0.000000,-5.248726,-6.764743,0,8,19.816490,0.023665,0,0
5.130023,0.167112,266.082500,393.832600,0,0,0,0,0,0,0.000000,0.000000,0.000000,0.000000,1.046014,0.000000,0.000000,0.000000,0.004928,0.969801,0.243849,0.001802,0.996774,-0.080234,0.000000,-5.346827,-6.862526,0,8,19.842700,0.024012,0,0
5.140023,0.168246,266.028000,394.023600,0,0,0,0,0,0,0.000000,0.000000,0.000000,0.000000,1.046014,0.000000,0.000000,0.000000,0.004928,0.969801,0.243849,0.001802,0.996774,-0.080234,0.000000,-5.444927,-6.960310,0,8,19.869360,0.024345,0,0
5.150023,0.169380,265.972600,394.214700,0,0,0,0,0,0,0.000000,0.000000,0.000000,0.000000,1.046014,0.000000,0.000000,0.000000,0.004928,0.969801,0.243849,0.001802,0.996774,-0.080234,0.000000,-5.543027,-7.058094,0,8,19.896470,0.024664,0,0
5.160023,0.170514,265.916200,394.405800,0,0,0,0,0,0,0.000000,0.000000,0.000000,0.000000,1.046014,0.000000,0.000000,0.000000,0.004928,0.969801,0.243849,0.001802,0.996774,-0.080234,0.000000,-5.641127,-7.155878,0,8,19.924020,0.024970,0,0
5.170023,0.171648,265.858800,394.596800,0,0,0,0,0,0,0.000000,0.000000,0.000000,0.000000,1.046014,0.000000,0.000000,0.000000,0.004928,0.969801,0.243849,0.001802,0.996774,-0.080234,0.000000,-5.739227,-7.253661,0,8,19.952020,0.025262,0,0
5.180024,0.172782,265.800400,394.787900,1,1,1,1,2,2,1.043810,1.045217,1.043810,1.045217,1.044513,0.004740,0.969296,0.245851,0.004740,0.969296,0.245851,0.002067,0.998644,-0.052005,103.669400,-4.881503,-5.875405,1,9,19.853450,0.117690,0,0
5.190024,0.173972,265.761000,394.979700,0,0,0,0,0,0,0.000000,0.000000,0.000000,0.000000,1.044513,0.000000,0.000000,0.000000,0.004740,0.969296,0.245851,0.002067,0.998644,-0.052005,0.000000,-3.942414,-4.934178,0,10,19.579480,-0.025413,0,0
5.200024,0.175161,265.720600,395.171400,0,0,0,0,0,0,0.000000,0.000000,0.000000,0.000000,1.044513,0.000000,0.000000,0.000000,0.004740,0.969296,0.245851,0.002067,0.998644,-0.052005,0.000000,-4.040514,-5.032145,0,10,19.599460,0.023096,0,0
5.210024,0.176351,265.679200,395.363200,0,0,0,0,0,0,0.000000,0.000000,0.000000,0.000000,1.044513,0.000000,0.000000,0.000000,0.004740,0.969296,0.245851,0.002067,0.998644,-0.052005,0.000000,-4.138614,-5.130112,0,10,19.619920,0.023096,0,0
5.220025,0.177540,265.636900,395.555000,0,0,0,0,0,0,0.000000,0.000000,0.000000,0.000000,1.044513,0.000000,0.000000,0.000000,0.004740,0.969296,0.245851,0.002067,0.998644,-0.052005,0.000000,-4.236714,-5.228079,0,10,19.640850,0.023096,0,0
5.230025,0.178729,265.593500,395.746800,0,0,0,0,0,0,0.000000,0.000000,0.000000,0.000000,1.044513,0.000000,0.000000,0.000000,0.004740,0.969296,0.245851,0.002067,0.998644,-0.052005,0.000000,-4.334814,-5.326046,0,10,19.662240,0.023096,0,0
5.240025,0.179919,265.549200,395.938500,0,0,0,0,0,0,0.000000,0.000000,0.000000,0.000000,1.044513,0.000000,0.000000,0.000000,0.004740,0.969296,0.245851,0.002067,0.998644,-0.052005,0.000000,-4.432914,-5.424014,0,10,19.684100,0.023096,0,0
5.250025,0.181108,265.503900,396.130300,0,0,0,0,0,0,0.000000,0.000000,0.000000,0.000000,1.044513,0.000000,0.000000,0.000000,0.004740,0.969296,0.245851,0.002067,0.998644,-0.052005,0.000000,-4.531014,-5.521981,0,10,19.706430,0.023096,0,0
5.260026,0.182298,265.457600,396.322100,0,0,0,0,0,0,0.000000,0.000000,0.000000,0.000000,1.044513,0.000000,0.000000,0.000000,0.004740,0.969296,0.245851,0.002067,0.998644,-0.052005,0.000000,-4.629115,-5.619948,0,10,19.729220,0.023096,0,0
5.270026,0.183487,265.410300,396.513900,0,0,0,0,0,0,0.000000,0.000000,0.000000,0.000000,1.044513,0.000000,0.000000,0.000000,0.004740,0.969296,0.245851,0.002067,0.998644,-0.052005,0.000000,-4.727215,-5.717915,0,10,19.752460,0.023096,0,0
5.280026,0.184677,265.362100,396.705600,0,0,0,0,0,0,0.000000,0.000000,0.000000,0.000000,1.044513,0.000000,0.000000,0.000000,0.004740,0.969296,0.245851,0.002067,0.998644,-0.052005,0.000000,-4.825315,-5.815883,0,10,19.776170,0.023096,0,0
5.290026,0.185866,265.312800,396.897400,0,0,0,0,0,0,0.000000,0.000000,0.000000,0.000000,1.044513,0.000000,0.000000,0.000000,0.004740,0.969296,0.245851,0.002067,0.998644,-0.052005,0.000000,-4.923415,-5.913850,0,10,19.800330,0.023414,0,0
5.300026,0.187055,265.262600,397.089200,0,0,0,0,0,0,0.000000,0.000000,0.000000,0.000000,1.044513,0.000000,0.000000,0.000000,0.004740,0.969296,0.245851,0.002067,0.998644,-0.052005,0.000000,-5.021515,-6.011817,0,10,19.824950,0.023720,0,0
5.310027,0.188245,265.211400,397.280900,0,0,0,0,0,0,0.000000,0.000000,0.000000,0.000000,1.044513,0.000000,0.000000,0.000000,0.004740,0.969296,0.245851,0.002067,0.998644,-0.052005,0.000000,-5.119616,-6.109784,0,10,19.850030,0.024011,0,0
5.320027,0.189434,265.159200,397.472700,0,0,0,0,0,0,0.000000,0.000000,0.000000,0.000000,1.044513,0.000000,0.000000,0.000000,0.004740,0.969296,0.245851,0.002067,0.998644,-0.052005,0.000000,-5.217716,-6.207751,0,10,19.875560,0.024291,0,0
5.330027,0.190624,265.106100,397.664500,0,0,0,0,0,0,0.000000,0.000000,0.000000,0.000000,1.044513,0.000000,0.000000,0.000000,0.004740,0.969296,0.245851,0.002067,0.998644,-0.052005,0.000000,-5.315816,-6.305718,0,10,19.901540,0.024558,0,0
5.340027,0.191813,265.051900,397.856300,0,0,0,0,0,0,0.000000,0.000000,0.000000,0.000000,1.044513,0.000000,0.000000,0.000000,0.004740,0.969296,0.245851,0.002067,0.998644,-0.052005,0.000000,-5.413916,-6.403686,0,10,19.927960,0.024814,0,0
5.350028,0.193002,264.996800,398.048000,0,0,0,0,0,0,0.000000,0.000000,0.000000,0.000000,1.044513,0.000000,0.000000,0.000000,0.004740,0.969296,0.245851,0.002067,0.998644,-0.052005,0.000000,-5.512016,-6.501653,0,10,19.954840,0.025059,0,0
5.360028,0.194192,264.940700,398.239800,0,0,0,0,0,0,0.000000,0.000000,0.000000,0.000000,1.044513,0.000000,0.000000,0.000000,0.004740,0.969296,0.245851,0.002067,0.998644,-0.052005,0.000000,-5.610116,-6.599620,0,10,19.982160,0.025292,0,0
5.370028,0.195381,264.883700,398.431600,1,0,1,0,1,0,1.049804,0.000000,1.049804,0.000000,1.049804,0.137652,0.959546,0.245607,0.137652,0.959546,0.245607,0.013960,0.999560,-0.026146,89.263540,-4.849820,-5.336905,1,11,19.442160,8.851683,0,0
5.380028,0.197631,264.843100,398.619500,0,0,0,0,0,0,0.000000,0.000000,0.000000,0.000000,1.049804,0.000000,0.000000,0.000000,0.137652,0.959546,0.245607,0.013960,0.999560,-0.026146,0.000000,-4.053697,-4.540102,0,12,19.225280,-0.214131,0,0
5.390028,0.199881,264.801600,398.807400,1,0,1,0,1,0,1.049394,0.000000,1.049394,0.000000,1.049394,0.217345,0.945589,0.242120,0.217345,0.945589,0.242120,0.031875,0.999488,-0.002724,60.756380,-4.151797,-4.193690,1,13,19.246210,0.312834,0,0
5.400029,0.202273,264.765200,398.995200,0,0,0,0,0,0,0.000000,0.000000,0.000000,0.000000,1.049394,0.000000,0.000000,0.000000,0.217345,0.945589,0.242120,0.031875,0.999488,-0.002724,0.000000,-3.640778,-3.682446,0,14,19.130070,-0.206472,0,0
5.410029,0.204665,264.727800,399.183000,0,0,0,0,0,0,0.000000,0.000000,0.000000,0.000000,1.049394,0.000000,0.000000,0.000000,0.217345,0.945589,0.242120,0.031875,0.999488,-0.002724,0.000000,-3.738878,-3.780496,0,14,19.148980,0.312834,0,0
5.420029,0.207057,264.689500,399.370800,0,0,0,0,0,0,0.000000,0.000000,0.000000,0.000000,1.049394,0.000000,0.000000,0.000000,0.217345,0.945589,0.242120,0.031875,0.999488,-0.002724,0.000000,-3.836977,-3.878546,0,14,19.168380,0.312834,0,0
5.430029,0.209449,264.650100,399.558500,0,0,0,0,0,0,0.000000,0.000000,0.000000,0.000000,1.049394,0.000000,0.000000,0.000000,0.217345,0.945589,0.242120,0.031875,0.999488,-0.002724,0.000000,-3.935077,-3.976595,0,14,19.188260,0.312834,0,0
5.440030,0.211840,264.609800,399.746300,0,0,0,0,0,0,0.000000,0.000000,0.000000,0.000000,1.049394,0.000000,0.000000,0.000000,0.217345,0.945589,0.242120,0.031875,0.999488,-0.002724,0.000000,-4.033177,-4.074645,0,14,19.208610,0.312834,0,0
5.450030,0.214232,264.568500,399.934100,0,0,0,0,0,0,0.000000,0.000000,0.000000,0.000000,1.049394,0.000000,0.000000,0.000000,0.217345,0.945589,0.242120,0.031875,0.999488,-0.002724,0.000000,-4.131278,-4.172695,0,14,19.229450,0.312834,0,0
5.460030,0.216624,264.526200,400.121900,0,0,0,0,0,0,0.000000,0.000000,0.000000,0.000000,1.049394,0.000000,0.000000,0.000000,0.217345,0.945589,0.242120,0.031875,0.999488,-0.002724,0.000000,-4.229378,-4.270745,0,14,19.250760,0.312834,0,0
5.470030,0.219016,264.482900,400.309600,0,0,0,0,0,0,0.000000,0.000000,0.000000,0.000000,1.049394,0.000000,0.000000,0.000000,0.217345,0.945589,0.242120,0.031875,0.999488,-0.002724,0.000000,-4.327478,-4.368795,0,14,19.272550,0.312834,0,0
5.480031,0.221407,264.438700,400.497400,0,0,0,0,0,0,0.000000,0.000000,0.000000,0.000000,1.049394,0.000000,0.000000,0.000000,0.217345,0.945589,0.242120,0.031875,0.999488,-0.002724,0.000000,-4.425578,-4.466845,0,14,19.294820,0.312834,0,0
5.490031,0.223799,264.393400,400.685200,0,0,0,0,0,0,0.000000,0.000000,0.000000,0.000000,1.049394,0.000000,0.000000,0.000000,0.217345,0.945589,0.242120,0.031875,0.999488,-0.002724,0.000000,-4.523678,-4.564895,0,14,19.317560,0.312834,0,0
5.500031,0.226191,264.347200,400.873000,0,0,0,0,0,0,0.000000,0.000000,0.000000,0.000000,1.049394,0.000000,0.000000,0.000000,0.217345,0.945589,0.242120,0.031875,0.999488,-0.002724,0.000000,-4.621778,-4.662945,0,14,19.340760,0.312834,0,0
5.510031,0.228583,264.300000,401.060700,0,0,0,0,0,0,0.000000,0.000000,0.000000,0.000000,1.049394,0.000000,0.000000,0.000000,0.217345,0.945589,0.242120,0.031875,0.999488,-0.002724,0.000000,-4.719879,-4.760995,0,14,19.364440,0.312834,0,0
5.520031,0.230975,264.251800,401.248500,0,0,0,0,0,0,0.000000,0.000000,0.000000,0.000000,1.049394,0.000000,0.000000,0.000000,0.217345,0.945589,0.242120,0.031875,0.999488,-0.002724,0.000000,-4.817979,-4.859045,0,14,19.388580,0.312834,0,0
5.530032,0.233366,264.202700,401.436300,0,0,0,0,0,0,0.000000,0.000000,0.000000,0.000000,1.049394,0.000000,0.000000,0.000000,0.217345,0.945589,0.242120,0.031875,0.999488,-0.002724,0.000000,-4.916079,-4.957095,0,14,19.413190,0.304387,0,0
5.540032,0.235758,264.152500,401.624100,0,0,0,0,0,0,0.000000,0.000000,0.000000,0.000000,1.049394,0.000000,0.000000,0.000000,0.217345,0.945589,0.242120,0.031875,0.999488,-0.002724,0.000000,-5.014179,-5.055145,0,14,19.438270,0.296166,0,0
5.550032,0.238150,264.101400,401.811800,0,0,0,0,0,0,0.000000,0.000000,0.000000,0.000000,1.049394,0.000000,0.000000,0.000000,0.217345,0.945589,0.242120,0.031875,0.999488,-0.002724,0.000000,-5.112279,-5.153194,0,14,19.463800,0.288167,0,0
5.560032,0.240542,264.049300,401.999600,0,0,0,0,0,0,0.000000,0.000000,0.000000,0.000000,1.049394,0.000000,0.000000,0.000000,0.217345,0.945589,0.242120,0.031875,0.999488,-0.002724,0.000000,-5.210380,-5.251245,0,14,19.489800,0.280385,0,0
5.570033,0.242934,263.996200,402.187400,0,0,0,0,0,0,0.000000,0.000000,0.000000,0.000000,1.049394,0.000000,0.000000,0.000000,0.217345,0.945589,0.242120,0.031875,0.999488,-0.002724,0.000000,-5.308480,-5.349295,0,14,19.516260,0.272815,0,0
5.580033,0.245325,263.942200,402.375200,0,0,0,0,0,0,0.000000,0.000000,0.000000,0.000000,1.049394,0.000000,0.000000,0.000000,0.217345,0.945589,0.242120,0.031875,0.999488,-0.002724,0.000000,-5.406580,-5.447344,0,14,19.543170,0.265452,0,0
5.590033,0.247717,263.887100,402.562900,0,0,0,0,0,0,0.000000,0.000000,0.000000,0.000000,1.049394,0.000000,0.000000,0.000000,0.217345,0.945589,0.242120,0.031875,0.999488,-0.002724,0.000000,-5.504680,-5.545394,0,14,19.570530,0.258292,0,0
5.600033,0.250109,263.831100,402.750700,0,0,0,0,0,0,0.000000,0.000000,0.000000,0.000000,1.049394,0.000000,0.000000,0.000000,0.217345,0.945589,0.242120,0.031875,0.999488,-0.002724,0.000000,-5.602780,-5.643445,0,14,19.598350,0.251330,0,0
5.610034,0.252501,263.774100,402.938500,0,0,0,0,0,0,0.000000,0.000000,0.000000,0.000000,1.049394,0.000000,0.000000,0.000000,0.217345,0.945589,0.242120,0.031875,0.999488,-0.002724,0.000000,-5.700881,-5.741494,0,14,19.626620,0.244561,0,0
5.620034,0.254892,263.716100,403.126300,0,0,0,0,0,0,0.000000,0.000000,0.000000,0.000000,1.049394,0.000000,0.000000,0.000000,0.217345,0.945589,0.242120,0.031875,0.999488,-0.002724,0.000000,-5.798981,-5.839544,0,14,19.655340,0.237981,0,0
5.630034,0.257284,263.657100,403.314000,0,0,0,0,0,0,0.000000,0.000000,0.000000,0.000000,1.049394,0.000000,0.000000,0.000000,0.217345,0.945589,0.242120,0.031875,0.999488,-0.002724,0.000000,-5.897081,-5.937594,0,14,19.684510,0.231584,0,0
5.640034,0.259676,263.597200,403.501800,0,0,0,0,0,0,0.000000,0.000000,0.000000,0.000000,1.049394,0.000000,0.000000,0.000000,0.217345,0.945589,0.242120,0.031875,0.999488,-0.002724,0.000000,-5.995181,-6.035644,0,14,19.714120,0.225367,0,0
5.650034,0.262068,263.536200,403.689600,0,0,0,0,0,0,0.000000,0.000000,0.000000,0.000000,1.049394,0.000000,0.000000,0.000000,0.217345,0.945589,0.242120,0.031875,0.999488,-0.002724,0.000000,-6.093281,-6.133694,0,14,19.744170,0.219325,0,0
5.660035,0.264460,263.474300,403.877300,0,0,0,0,0,0,0.000000,0.000000,0.000000,0.000000,1.049394,0.000000,0.000000,0.000000,0.217345,0.945589,0.242120,0.031875,0.999488,-0.002724,0.000000,-6.191381,-6.231744,0,14,19.774670,0.213453,0,0
5.670035,0.266851,263.411400,404.065100,1,1,1,1,2,2,1.040719,1.041765,1.040719,1.041765,1.041242,0.005246,0.968091,0.250544,0.005246,0.968091,0.250544,0.029641,0.999374,0.019308,70.712490,-4.909799,-4.533287,1,15,19.592870,-3.437262,0,0
5.680035,0.269463,263.368400,404.254800,1,1,1,1,2,2,1.046699,1.047756,1.046699,1.047756,1.047228,0.005248,0.968153,0.250305,0.005248,0.968153,0.250305,0.027587,0.998842,0.039414,44.776600,-4.298967,-3.539159,1,15,19.451250,0.007934,0,0
5.690035,0.272157,263.328900,404.444600,0,0,0,0,0,0,0.000000,0.000000,0.000000,0.000000,1.047228,0.000000,0.000000,0.000000,0.005248,0.968153,0.250305,0.027587,0.998842,0.039414,0.000000,-3.947785,-3.187904,0,16,19.382990,-0.129851,0,0
5.700036,0.274852,263.288500,404.634300,0,0,0,0,0,0,0.000000,0.000000,0.000000,0.000000,1.047228,0.000000,0.000000,0.000000,0.005248,0.968153,0.250305,0.027587,0.998842,0.039414,0.000000,-4.045885,-3.285891,0,16,19.403200,0.267081,0,0
5.710036,0.277546,263.247000,404.824100,0,0,0,0,0,0,0.000000,0.000000,0.000000,0.000000,1.047228,0.000000,0.000000,0.000000,0.005248,0.968153,0.250305,0.027587,0.998842,0.039414,0.000000,-4.143985,-3.383877,0,16,19.423900,0.267081,0,0
5.720036,0.280241,263.204600,405.013900,0,0,0,0,0,0,0.000000,0.000000,0.000000,0.000000,1.047228,0.000000,0.000000,0.000000,0.005248,0.968153,0.250305,0.027587,0.998842,0.039414,0.000000,-4.242085,-3.481864,0,16,19.445060,0.267081,0,0
5.730036,0.282935,263.161200,405.203600,0,0,0,0,0,0,0.000000,0.000000,0.000000,0.000000,1.047228,0.000000,0.000000,0.000000,0.005248,0.968153,0.250305,0.027587,0.998842,0.039414,0.000000,-4.340186,-3.579850,0,16,19.466700,0.267081,0,0
5.740036,0.285630,263.116800,405.393400,0,0,0,0,0,0,0.000000,0.000000,0.000000,0.000000,1.047228,0.000000,0.000000,0.000000,0.005248,0.968153,0.250305,0.027587,0.998842,0.039414,0.000000,-4.438286,-3.677837,0,16,19.488810,0.267081,0,0
5.750037,0.288324,263.071500,405.583100,0,0,0,0,0,0,0.000000,0.000000,0.000000,0.000000,1.047228,0.000000,0.000000,0.000000,0.005248,0.968153,0.250305,0.027587,0.998842,0.039414,0.000000,-4.536386,-3.775823,0,16,19.511380,0.267081,0,0
5.760037,0.291019,263.025100,405.772900,0,0,0,0,0,0,0.000000,0.000000,0.000000,0.000000,1.047228,0.000000,0.000000,0.000000,0.005248,0.968153,0.250305,0.027587,0.998842,0.039414,0.000000,-4.634486,-3.873810,0,16,19.534420,0.267081,0,0
5.770037,0.293713,262.977800,405.962600,0,0,0,0,0,0,0.000000,0.000000,0.000000,0.000000,1.047228,0.000000,0.000000,0.000000,0.005248,0.968153,0.250305,0.027587,0.998842,0.039414,0.000000,-4.732586,-3.971797,0,16,19.557930,0.267081,0,0
5.780037,0.296408,262.929500,406.152400,0,0,0,0,0,0,0.000000,0.000000,0.000000,0.000000,1.047228,0.000000,0.000000,0.000000,0.005248,0.968153,0.250305,0.027587,0.998842,0.039414,0.000000,-4.830687,-4.069783,0,16,19.581900,0.267081,0,0
5.790038,0.299102,262.880200,406.342200,0,0,0,0,0,0,0.000000,0.000000,0.000000,0.000000,1.047228,0.000000,0.000000,0.000000,0.005248,0.968153,0.250305,0.027587,0.998842,0.039414,0.000000,-4.928787,-4.167769,0,16,19.606330,0.260002,0,0
5.800038,0.301796,262.829900,406.531900,0,0,0,0,0,0,0.000000,0.000000,0.000000,0.000000,1.047228,0.000000,0.000000,0.000000,0.005248,0.968153,0.250305,0.027587,0.998842,0.039414,0.000000,-5.026887,-4.265756,0,16,19.631220,0.253120,0,0
5.810038,0.304491,262.778700,406.721700,0,0,0,0,0,0,0.000000,0.000000,0.000000,0.000000,1.047228,0.000000,0.000000,0.000000,0.005248,0.968153,0.250305,0.027587,0.998842,0.039414,0.000000,-5.124987,-4.363743,0,16,19.656570,0.246430,0,0
5.820038,0.307185,262.726400,406.911400,0,0,0,0,0,0,0.000000,0.000000,0.000000,0.000000,1.047228,0.000000,0.000000,0.000000,0.005248,0.968153,0.250305,0.027587,0.998842,0.039414,0.000000,-5.223087,-4.461729,0,16,19.682370,0.239928,0,0
5.830039,0.309880,262.673200,407.101200,0,0,0,0,0,0,0.000000,0.000000,0.000000,0.000000,1.047228,0.000000,0.000000,0.000000,0.005248,0.968153,0.250305,0.027587,0.998842,0.039414,0.000000,-5.321187,-4.559716,0,16,19.708630,0.233608,0,0
5.840039,0.312574,262.619000,407.291000,0,0,0,0,0,0,0.000000,0.000000,0.000000,0.000000,1.047228,0.000000,0.000000,0.000000,0.005248,0.968153,0.250305,0.027587,0.998842,0.039414,0.000000,-5.419288,-4.657702,0,16,19.735340,0.227466,0,0
5.850039,0.315269,262.563800,407.480700,0,0,0,0,0,0,0.000000,0.000000,0.000000,0.000000,1.047228,0.000000,0.000000,0.000000,0.005248,0.968153,0.250305,0.027587,0.998842,0.039414,0.000000,-5.517388,-4.755689,0,16,19.762510,0.221498,0,0
5.860039,0.317963,262.507700,407.670500,0,0,0,0,0,0,0.000000,0.000000,0.000000,0.000000,1.047228,0.000000,0.000000,0.000000,0.005248,0.968153,0.250305,0.027587,0.998842,0.039414,0.000000,-5.615488,-4.853675,0,16,19.790120,0.215699,0,0
5.870039,0.320658,262.450600,407.860200,0,0,0,0,0,0,0.000000,0.000000,0.000000,0.000000,1.047228,0.000000,0.000000,0.000000,0.005248,0.968153,0.250305,0.027587,0.998842,0.039414,0.000000,-5.713588,-4.951662,0,16,19.818180,0.210065,0,0
5.880040,0.323352,262.392500,408.050000,0,0,0,0,0,0,0.000000,0.000000,0.000000,0.000000,1.047228,0.000000,0.000000,0.000000,0.005248,0.968153,0.250305,0.027587,0.998842,0.039414,0.000000,-5.811688,-5.049649,0,16,19.846680,0.204591,0,0
5.890040,0.326047,262.333300,408.239700,1,1,1,1,2,2,1.043525,1.044757,1.043525,1.044757,1.044141,0.006144,0.968133,0.250362,0.006144,0.968133,0.250362,0.025777,0.997996,0.057781,52.439630,-4.945332,-3.823786,1,17,19.747770,-1.895761,0,0
5.900040,0.328886,262.288200,408.431100,1,1,1,1,2,2,1.047943,1.049272,1.047943,1.049272,1.048607,0.006144,0.968102,0.250481,0.006144,0.968102,0.250481,0.024116,0.996925,0.074561,32.786070,-4.517709,-3.070223,1,17,19.663500,-0.020640,0,0
5.910040,0.331771,262.245300,408.622600,0,0,0,0,0,0,0.000000,0.000000,0.000000,0.000000,1.048607,0.000000,0.000000,0.000000,0.006144,0.968102,0.250481,0.024116,0.996925,0.074561,0.000000,-4.286720,-2.838866,0,18,19.624470,-0.102385,0,0
5.920041,0.334655,262.201400,408.814100,0,0,0,0,0,0,0.000000,0.000000,0.000000,0.000000,1.048607,0.000000,0.000000,0.000000,0.006144,0.968102,0.250481,0.024116,0.996925,0.074561,0.000000,-4.384820,-2.936665,0,18,19.646130,0.228521,0,0
5.930041,0.337540,262.156600,409.005600,0,0,0,0,0,0,0.000000,0.000000,0.000000,0.000000,1.048607,0.000000,0.000000,0.000000,0.006144,0.968102,0.250481,0.024116,0.996925,0.074561,0.000000,-4.482920,-3.034463,0,18,19.668250,0.228521,0,0
5.940041,0.340424,262.110800,409.197100,0,0,0,0,0,0,0.000000,0.000000,0.000000,0.000000,1.048607,0.000000,0.000000,0.000000,0.006144,0.968102,0.250481,0.024116,0.996925,0.074561,0.000000,-4.581020,-3.132262,0,18,19.690850,0.228521,0,0
5.950041,0.343309,262.064000,409.388600,0,0,0,0,0,0,0.000000,0.000000,0.000000,0.000000,1.048607,0.000000,0.000000,0.000000,0.006144,0.968102,0.250481,0.024116,0.996925,0.074561,0.000000,-4.679121,-3.230060,0,18,19.713900,0.228521,0,0
5.960042,0.346193,262.016300,409.580100,0,0,0,0,0,0,0.000000,0.000000,0.000000,0.000000,1.048607,0.000000,0.000000,0.000000,0.006144,0.968102,0.250481,0.024116,0.996925,0.074561,0.000000,-4.777221,-3.327859,0,18,19.737410,0.228521,0,0
5.970042,0.349078,261.967500,409.771600,0,0,0,0,0,0,0.000000,0.000000,0.000000,0.000000,1.048607,0.000000,0.000000,0.000000,0.006144,0.968102,0.250481,0.024116,0.996925,0.074561,0.000000,-4.875321,-3.425657,0,18,19.761390,0.228521,0,0
5.980042,0.351962,261.917800,409.963100,0,0,0,0,0,0,0.000000,0.000000,0.000000,0.000000,1.048607,0.000000,0.000000,0.000000,0.006144,0.968102,0.250481,0.024116,0.996925,0.074561,0.000000,-4.973421,-3.523456,0,18,19.785820,0.222461,0,0
5.990042,0.354847,261.867000,410.154600,0,0,0,0,0,0,0.000000,0.000000,0.000000,0.000000,1.048607,0.000000,0.000000,0.000000,0.006144,0.968102,0.250481,0.024116,0.996925,0.074561,0.000000,-5.071521,-3.621254,0,18,19.810700,0.216575,0,0
6.000042,0.357731,261.815300,410.346100,0,0,0,0,0,0,0.000000,0.000000,0.000000,0.000000,1.048607,0.000000,0.000000,0.000000,0.006144,0.968102,0.250481,0.024116,0.996925,0.074561,0.000000,-5.169621,-3.719053,0,18,19.836040,0.210857,0,0
6.010043,0.360616,261.762700,410.537600,0,0,0,0,0,0,0.000000,0.000000,0.000000,0.000000,1.048607,0.000000,0.000000,0.000000,0.006144,0.968102,0.250481,0.024116,0.996925,0.074561,0.000000,-5.267722,-3.816851,0,18,19.861840,0.205697,0,0
6.020043,0.363500,261.709000,410.729100,0,0,0,0,0,0,0.000000,0.000000,0.000000,0.000000,1.048607,0.000000,0.000000,0.000000,0.006144,0.968102,0.250481,0.024116,0.996925,0.074561,0.000000,-5.365822,-3.914650,0,18,19.888080,0.200684,0,0
6.030043,0.366385,261.654400,410.920600,0,0,0,0,0,0,0.000000,0.000000,0.000000,0.000000,1.048607,0.000000,0.000000,0.000000,0.006144,0.968102,0.250481,0.024116,0.996925,0.074561,0.000000,-5.463922,-4.012448,0,18,19.914770,0.195813,0,0
6.040043,0.369269,261.598800,411.112100,0,0,0,0,0,0,0.000000,0.000000,0.000000,0.000000,1.048607,0.000000,0.000000,0.000000,0.006144,0.968102,0.250481,0.024116,0.996925,0.074561,0.000000,-5.562022,-4.110247,0,18,19.941910,0.191081,0,0
6.050044,0.372154,261.542100,411.303600,1,1,1,1,2,2,1.043552,1.045322,1.043552,1.045322,1.044437,0.007496,0.968593,0.248540,0.007496,0.968593,0.248540,0.022708,0.995709,0.089705,36.476390,-4.943606,-3.188286,1,19,19.883650,-1.046439,0,0
6.060044,0.375134,261.495400,411.496300,1,1,1,1,2,2,1.046428,1.048202,1.046428,1.048202,1.047315,0.007496,0.968662,0.248271,0.007496,0.968662,0.248271,0.021416,0.994398,0.103505,22.440170,-4.676028,-2.648072,1,19,19.839430,-0.047960,0,0
6.070044,0.378132,261.449900,411.689200,0,0,0,0,0,0,0.000000,0.000000,0.000000,0.000000,1.047315,0.000000,0.000000,0.000000,0.007496,0.968662,0.248271,0.021416,0.994398,0.103505,0.000000,-4.548581,-2.520095,0,20,19.821140,-0.090447,0,0
6.080044,0.381130,261.403400,411.882100,0,0,0,0,0,0,0.000000,0.000000,0.000000,0.000000,1.047315,0.000000,0.000000,0.000000,0.007496,0.968662,0.248271,0.021416,0.994398,0.103505,0.000000,-4.646681,-2.617645,0,20,19.843880,0.197920,0,0
6.090044,0.384128,261.356000,412.075000,0,0,0,0,0,0,0.000000,0.000000,0.000000,0.000000,1.047315,0.000000,0.000000,0.000000,0.007496,0.968662,0.248271,0.021416,0.994398,0.103505,0.000000,-4.744781,-2.715196,0,20,19.867080,0.197920,0,0
6.100045,0.387126,261.307600,412.267900,0,0,0,0,0,0,0.000000,0.000000,0.000000,0.000000,1.047315,0.000000,0.000000,0.000000,0.007496,0.968662,0.248271,0.021416,0.994398,0.103505,0.000000,-4.842882,-2.812747,0,20,19.890740,0.197920,0,0
6.110045,0.390124,261.258100,412.460800,0,0,0,0,0,0,0.000000,0.000000,0.000000,0.000000,1.047315,0.000000,0.000000,0.000000,0.007496,0.968662,0.248271,0.021416,0.994398,0.103505,0.000000,-4.940982,-2.910297,0,20,19.914850,0.197920,0,0
6.120045,0.393122,261.207800,412.653700,0,0,0,0,0,0,0.000000,0.000000,0.000000,0.000000,1.047315,0.000000,0.000000,0.000000,0.007496,0.968662,0.248271,0.021416,0.994398,0.103505,0.000000,-5.039082,-3.007848,0,20,19.939420,0.193102,0,0
6.130045,0.396120,261.156400,412.846600,0,0,0,0,0,0,0.000000,0.000000,0.000000,0.000000,1.047315,0.000000,0.000000,0.000000,0.007496,0.968662,0.248271,0.021416,0.994398,0.103505,0.000000,-5.137182,-3.105399,0,20,19.964430,0.188421,0,0
6.140046,0.399118,261.104100,413.039600,0,0,0,0,0,0,0.000000,0.000000,0.000000,0.000000,1.047315,0.000000,0.000000,0.000000,0.007496,0.968662,0.248271,0.021416,0.994398,0.103505,0.000000,-5.235282,-3.202949,0,20,19.989900,0.183873,0,0
6.150046,0.402116,261.050700,413.232500,1,1,1,1,2,2,1.047468,1.049208,1.047468,1.049208,1.048338,0.007496,0.968547,0.248717,0.007496,0.968547,0.248717,0.020232,0.993027,0.116138,32.286870,-5.333383,-3.049842,1,21,20.015820,0.184415,0,0
6.160046,0.405149,260.999600,413.425600,1,1,1,1,2,2,1.046151,1.047877,1.046151,1.047877,1.047014,0.007497,0.968670,0.248240,0.007497,0.968670,0.248240,0.019148,0.991637,0.127626,21.125970,-5.108124,-2.594421,1,21,19.982020,-0.076046,0,0
6.170046,0.408194,260.949700,413.618900,1,1,1,1,2,2,1.045627,1.047493,1.045627,1.047493,1.046560,0.007496,0.968531,0.248778,0.007496,0.968531,0.248778,0.018154,0.990244,0.138157,13.060800,-4.994056,-2.269093,1,21,19.968010,-0.093479,0,0
6.180047,0.411234,260.900100,413.812300,1,1,1,1,2,2,1.045798,1.047552,1.045798,1.047552,1.046675,0.007496,0.968547,0.248717,0.007496,0.968547,0.248717,0.017244,0.988872,0.147763,7.358786,-4.960166,-2.042379,1,21,19.965760,-0.105749,0,0
6.190047,0.414260,260.850300,414.005600,1,1,1,1,2,2,1.045604,1.047439,1.045604,1.047439,1.046521,0.007494,0.968563,0.248656,0.007494,0.968563,0.248656,0.016410,0.987538,0.156524,3.541724,-4.982826,-1.889112,1,21,19.970630,-0.114314,0,0
6.200047,0.417265,260.799800,414.198900,1,1,1,1,2,2,1.044940,1.046790,1.044940,1.046790,1.045865,0.007496,0.968647,0.248329,0.007496,0.968647,0.248329,0.015648,0.986254,0.164492,1.156904,-5.043242,-1.789498,1,21,19.979870,-0.120147,0,0
6.210047,0.420245,260.748600,414.392100,1,1,1,1,2,2,1.043148,1.045196,1.043148,1.045196,1.044172,0.007497,0.968570,0.248628,0.007497,0.968570,0.248628,0.014950,0.985020,0.171791,0.000000,-5.127173,-1.726776,1,21,19.991780,-0.124027,0,0
6.220047,0.423199,260.696400,414.585200,1,1,1,1,2,2,1.041438,1.043321,1.041438,1.043321,1.042379,0.007499,0.968883,0.247404,0.007499,0.968883,0.247404,0.014311,0.983864,0.178346,0.000000,-5.222455,-1.690240,1,21,20.005160,-0.126391,0,0
6.230048,0.426128,260.643200,414.778200,1,1,1,1,2,2,1.038340,1.039596,1.038340,1.039596,1.038968,0.007920,0.968957,0.247103,0.007920,0.968957,0.247103,0.013764,0.982773,0.184304,0.000000,-5.317673,-1.665422,1,21,20.018980,-0.127205,0,0
6.240048,0.429032,260.589100,414.971000,1,1,1,1,2,2,1.033539,1.034957,1.033539,1.034957,1.034248,0.007919,0.968964,0.247074,0.007919,0.968964,0.247074,0.013263,0.981745,0.189740,0.000000,-5.412831,-1.650851,1,21,20.033240,-0.127877,0,0
6.250048,0.431912,260.534000,415.163800,1,1,1,1,2,2,1.027611,1.029899,1.027611,1.029899,1.028755,0.008340,0.969083,0.246595,0.008340,0.969083,0.246595,0.012840,0.980786,0.194662,0.606489,-5.507929,-1.646434,1,21,20.047930,-0.127927,0,0
6.260048,0.434768,260.478000,415.356400,1,1,1,1,2,2,1.020982,1.023200,1.020982,1.023200,1.022091,0.008340,0.969052,0.246714,0.008340,0.969052,0.246714,0.012454,0.979886,0.199166,1.740846,-5.597021,-1.644184,1,21,20.062530,-0.127615,0,0
6.270049,0.437603,260.421200,415.549000,1,1,1,1,2,2,1.013099,1.015332,1.013099,1.015332,1.014215,0.008342,0.969371,0.245459,0.008342,0.969371,0.245459,0.012101,0.979069,0.203169,3.059968,-5.674949,-1.640564,1,21,20.076550,-0.126918,0,0
6.280049,0.440419,260.363800,415.741500,1,1,1,1,2,2,0.977947,1.006990,0.977947,1.006990,0.992469,0.042917,0.976166,0.212739,0.042917,0.976166,0.212739,0.014755,0.978859,0.204002,8.141620,-5.739928,-1.687334,1,21,20.089810,-0.106596,0,0
6.290049,0.443223,260.306300,415.934100,1,1,1,1,2,2,0.995896,0.998517,0.995896,0.998517,0.997207,0.008763,0.969458,0.245099,0.008763,0.969458,0.245099,0.014240,0.978120,0.207554,5.815594,-5.755133,-1.628697,1,21,20.098920,-0.105770,0,0
6.300049,0.446012,260.248400,416.126600,1,1,1,1,2,2,0.986901,0.989669,0.986901,0.989669,0.988285,0.008762,0.969466,0.245069,0.008762,0.969466,0.245069,0.013769,0.977433,0.210796,6.685207,-5.793130,-1.599517,1,21,20.110240,-0.108100,0,0
6.310050,0.448787,260.190100,416.319200,1,1,1,1,2,2,0.977610,0.980126,0.977610,0.980126,0.978868,0.009185,0.969545,0.244740,0.009185,0.969545,0.244740,0.013375,0.976801,0.213728,7.581793,-5.822641,-1.567826,1,21,20.121090,-0.108376,0,0
6.320050,0.451550,260.131700,416.511800,1,1,1,1,2,2,0.968187,0.970507,0.968187,0.970507,0.969347,0.009185,0.969500,0.244918,0.009185,0.969500,0.244918,0.013015,0.976213,0.216422,8.392562,-5.843413,-1.531932,1,21,20.131470,-0.108388,0,0
6.330050,0.454301,260.073100,416.704500,1,1,1,1,2,2,0.958526,0.961100,0.958526,0.961100,0.959813,0.009184,0.969561,0.244679,0.009184,0.969561,0.244679,0.012686,0.975673,0.218862,9.130868,-5.856297,-1.493033,1,21,20.141440,-0.108290,0,0
6.340050,0.457042,260.014500,416.897300,1,1,1,1,2,2,0.948852,0.951484,0.948852,0.951484,0.950168,0.009185,0.969545,0.244740,0.009185,0.969545,0.244740,0.012385,0.975173,0.221095,9.808496,-5.862008,-1.450889,1,21,20.151060,-0.108084,0,0
6.350050,0.459773,259.955900,417.090200,1,1,1,1,2,2,0.939293,0.941765,0.939293,0.941765,0.940529,0.009183,0.969500,0.244918,0.009183,0.969500,0.244918,0.012110,0.974708,0.223151,10.405100,-5.861146,-1.405537,1,21,20.160400,-0.107770,0,0
6.360051,0.462496,259.897300,417.283200,1,1,1,1,2,2,0.929795,0.932320,0.929795,0.932320,0.931058,0.009184,0.969561,0.244679,0.009184,0.969561,0.244679,0.011858,0.974285,0.225009,10.923310,-5.854508,-1.358237,1,21,20.169520,-0.107367,0,0
6.370051,0.465211,259.838900,417.476300,1,1,1,1,2,2,0.920445,0.923019,0.920445,0.923019,0.921732,0.009185,0.969561,0.244679,0.009185,0.969561,0.244679,0.011628,0.973894,0.226705,11.367360,-5.842861,-1.309010,1,21,20.178490,-0.106870,0,0
6.380051,0.467918,259.780600,417.669600,1,1,1,1,2,2,0.911273,0.913704,0.911273,0.913704,0.912488,0.009185,0.969523,0.244829,0.009185,0.969523,0.244829,0.011418,0.973531,0.228268,11.753530,-5.826931,-1.258043,1,21,20.187360,-0.106289,0,0
6.390051,0.470618,259.722600,417.863000,1,1,1,1,2,2,0.902161,0.904941,0.902161,0.904941,0.903551,0.009184,0.969531,0.244799,0.009184,0.969531,0.244799,0.011226,0.973198,0.229693,12.058450,-5.807284,-1.206021,1,21,20.196200,-0.105627,0,0
6.400052,0.473311,259.664700,418.056500,1,1,1,1,2,2,0.893523,0.896321,0.893523,0.896321,0.894922,0.009183,0.969508,0.244888,0.009183,0.969508,0.244888,0.011050,0.972890,0.231003,12.290610,-5.784712,-1.153297,1,21,20.205040,-0.104889,0,0
6.410052,0.475998,259.607100,418.250300,1,1,1,1,2,2,0.885344,0.887664,0.885344,0.887664,0.886504,0.009184,0.969500,0.244918,0.009184,0.969500,0.244918,0.010890,0.972606,0.232202,12.483260,-5.759923,-1.100506,1,21,20.213940,-0.104083,0,0
6.420052,0.478679,259.549800,418.444200,1,1,1,1,2,2,0.877237,0.879731,0.877237,0.879731,0.878484,0.009185,0.969530,0.244799,0.009185,0.969530,0.244799,0.010743,0.972348,0.233289,12.614220,-5.733302,-1.048104,1,21,20.222930,-0.103205,0,0
6.430052,0.481354,259.492700,418.638300,1,1,1,1,2,2,0.869172,0.871949,0.869172,0.871949,0.870561,0.009185,0.969530,0.244799,0.009185,0.969530,0.244799,0.010609,0.972111,0.234281,12.743690,-5.705446,-0.996327,1,21,20.232030,-0.102268,0,0
6.440053,0.484023,259.435900,418.832600,1,1,1,1,2,2,0.861885,0.864493,0.861885,0.864493,0.863189,0.009183,0.969568,0.244649,0.009183,0.969568,0.244649,0.010486,0.971897,0.235174,12.792610,-5.676369,-0.945291,1,21,20.241230,-0.101262,0,0
6.450053,0.486686,259.379500,419.027000,1,1,1,1,2,2,0.854793,0.857422,0.854793,0.857422,0.856107,0.009183,0.969561,0.244679,0.009183,0.969561,0.244679,0.010374,0.971700,0.235992,12.815510,-5.646853,-0.895297,1,21,20.250570,-0.100210,0,0
6.460053,0.489344,259.323300,419.221600,1,1,1,1,2,2,0.848069,0.850552,0.848069,0.850552,0.849311,0.009185,0.969530,0.244799,0.009185,0.969530,0.244799,0.010272,0.971516,0.236750,12.812540,-5.617150,-0.846315,1,21,20.260060,-0.099108,0,0
6.470053,0.491997,259.267400,419.416500,1,1,1,1,2,2,0.841562,0.844106,0.841562,0.844106,0.842834,0.009183,0.969568,0.244649,0.009183,0.969568,0.244649,0.010179,0.971351,0.237430,12.793800,-5.587508,-0.798999,1,21,20.269700,-0.097960,0,0
6.480053,0.494645,259.211900,419.611500,1,1,1,1,2,2,0.836600,0.839123,0.836600,0.839123,0.837861,0.009188,0.969982,0.243004,0.009188,0.969982,0.243004,0.010093,0.971235,0.237910,12.613020,-5.558079,-0.756010,1,21,20.279480,-0.096775,0,0
6.490054,0.497287,259.156600,419.806700,1,1,1,1,2,2,0.830174,0.832906,0.830174,0.832906,0.831540,0.009187,0.969929,0.243214,0.009187,0.969929,0.243214,0.010015,0.971124,0.238367,12.732600,-5.530431,-0.715322,1,21,20.289430,-0.095550,0,0
6.500054,0.499924,259.101500,420.002000,1,1,1,1,2,2,0.824962,0.826918,0.824962,0.826918,0.825940,0.009647,0.970045,0.242734,0.009647,0.970045,0.242734,0.009984,0.971032,0.238742,12.734820,-5.501645,-0.675127,1,21,20.299450,-0.094399,0,0
6.510054,0.502555,259.046800,420.197600,1,1,1,1,2,2,0.819158,0.859379,0.819158,0.859379,0.839268,0.042451,0.976478,0.211399,0.042451,0.976478,0.211399,0.012780,0.971570,0.236405,10.729240,-5.472860,-0.690658,1,21,20.309550,-0.101995,0,0
6.520054,0.505183,258.992200,420.393300,1,1,1,1,2,2,0.813681,0.816389,0.813681,0.816389,0.815035,0.010109,0.970138,0.242344,0.010109,0.970138,0.242344,0.012550,0.971449,0.236916,14.517630,-5.463506,-0.667759,1,21,20.320060,-0.067541,0,0
6.530055,0.507811,258.938000,420.589200,1,1,1,1,2,2,0.807825,0.810815,0.807825,0.810815,0.809320,0.010113,0.970622,0.240399,0.010113,0.970622,0.240399,0.012340,0.971378,0.237216,14.136320,-5.417365,-0.611388,1,21,20.329440,-0.067288,0,0
6.540055,0.510439,258.884300,420.785400,1,1,1,1,2,2,0.802765,0.805839,0.802765,0.805839,0.804302,0.010112,0.970562,0.240639,0.010112,0.970562,0.240639,0.012148,0.971308,0.237511,13.727860,-5.374957,-0.558946,1,21,20.339090,-0.067815,0,0
6.550055,0.513066,258.830900,420.981700,1,1,1,1,2,2,0.797729,0.801277,0.797729,0.801277,0.799503,0.010571,0.970654,0.240248,0.010571,0.970654,0.240248,0.012013,0.971251,0.237746,13.412920,-5.336542,-0.511819,1,21,20.348980,-0.068360,0,0
6.560055,0.515693,258.777900,421.178300,1,1,1,1,2,2,0.793577,0.797045,0.793577,0.797045,0.795311,0.010571,0.970706,0.240038,0.010571,0.970706,0.240038,0.011888,0.971204,0.237944,13.087840,-5.301209,-0.468652,1,21,20.359050,-0.068215,0,0
6.570055,0.518317,258.725200,421.375000,1,1,1,1,2,2,0.789521,0.792815,0.789521,0.792815,0.791168,0.011032,0.970783,0.239707,0.011032,0.970783,0.239707,0.011815,0.971168,0.238095,12.859070,-5.269054,-0.429687,1,21,20.369290,-0.068112,0,0
6.580056,0.520940,258.672800,421.572000,1,1,1,1,2,2,0.785961,0.789130,0.785961,0.789130,0.787546,0.011032,0.970812,0.239589,0.011032,0.970812,0.239589,0.011747,0.971137,0.238224,12.606240,-5.239138,-0.393506,1,21,20.379650,-0.067407,0,0
6.590056,0.523561,258.620700,421.769100,1,1,1,1,2,2,0.782614,0.785621,0.782614,0.785621,0.784117,0.011032,0.970775,0.239738,0.011032,0.970775,0.239738,0.011686,0.971106,0.238354,12.381120,-5.211693,-0.359825,1,21,20.390120,-0.066660,0,0
6.600056,0.526179,258.568800,421.966400,1,1,1,1,2,2,0.779448,0.782709,0.779448,0.782709,0.781079,0.011032,0.970820,0.239558,0.011032,0.970820,0.239558,0.011630,0.971081,0.238458,12.156330,-5.186449,-0.328966,1,21,20.400680,-0.065875,0,0
6.610056,0.528795,258.517200,422.163800,1,1,1,1,2,2,0.776663,0.779972,0.776663,0.779972,0.778318,0.011033,0.970819,0.239558,0.011033,0.970819,0.239558,0.011578,0.971059,0.238553,11.942670,-5.163400,-0.300550,1,21,20.411310,-0.065063,0,0
6.620057,0.531409,258.465800,422.361500,1,1,1,1,2,2,0.774115,0.777215,0.774115,0.777215,0.775665,0.011034,0.970783,0.239707,0.011034,0.970783,0.239707,0.011531,0.971035,0.238652,11.760650,-5.142437,-0.274179,1,21,20.422020,-0.064216,0,0
6.630057,0.534020,258.414500,422.559200,1,1,1,1,2,2,0.771774,0.775180,0.771774,0.775180,0.773477,0.011033,0.970797,0.239648,0.011033,0.970797,0.239648,0.011489,0.971015,0.238738,11.547830,-5.123253,-0.249923,1,21,20.432770,-0.063350,0,0
6.640057,0.536628,258.363500,422.757200,1,1,1,1,2,2,0.769614,0.772828,0.769614,0.772828,0.771221,0.011035,0.970783,0.239707,0.011035,0.970783,0.239707,0.011449,0.970995,0.238821,11.401870,-5.106145,-0.227848,1,21,20.443580,-0.062468,0,0
6.650057,0.539233,258.312600,422.955300,1,1,1,1,2,2,0.767688,0.771069,0.767688,0.771069,0.769379,0.011034,0.970812,0.239587,0.011034,0.970812,0.239587,0.011414,0.970979,0.238887,11.227320,-5.090462,-0.207608,1,21,20.454420,-0.061565,0,0
6.660058,0.541835,258.261800,423.153500,1,1,1,1,2,2,0.765940,0.769409,0.765940,0.769409,0.767675,0.011035,0.970783,0.239707,0.011035,0.970783,0.239707,0.011381,0.970962,0.238958,11.069210,-5.076482,-0.189020,1,21,20.465300,-0.060650,0,0
6.670058,0.544433,258.211200,423.351900,1,1,1,1,2,2,0.764485,0.767716,0.764485,0.767716,0.766100,0.011034,0.970797,0.239648,0.011034,0.970797,0.239648,0.011351,0.970948,0.239017,10.933280,-5.064044,-0.172254,1,21,20.476200,-0.059723,0,0
6.680058,0.547029,258.160600,423.550400,1,1,1,1,2,2,0.762931,0.766291,0.762931,0.766291,0.764611,0.011033,0.970834,0.239499,0.011033,0.970834,0.239499,0.011324,0.970938,0.239059,10.825720,-5.052931,-0.157231,1,21,20.487120,-0.058791,0,0
6.690058,0.549621,258.110200,423.749100,1,1,1,1,2,2,0.761700,0.764931,0.761700,0.764931,0.763315,0.011033,0.970797,0.239648,0.011033,0.970797,0.239648,0.011299,0.970926,0.239109,10.705280,-5.042867,-0.143091,1,21,20.498050,-0.057851,0,0
6.700058,0.552210,258.059900,423.947900,1,1,1,1,2,2,0.760341,0.763795,0.760341,0.763795,0.762068,0.011035,0.970783,0.239707,0.011035,0.970783,0.239707,0.011276,0.970914,0.239161,10.606060,-5.033978,-0.130144,1,21,20.508990,-0.056911,0,0
6.710059,0.554795,258.009600,424.146800,1,1,1,1,2,2,0.759100,0.762590,0.759100,0.762590,0.760845,0.011033,0.970805,0.239619,0.011033,0.970805,0.239619,0.011255,0.970904,0.239200,10.533700,-5.026055,-0.118448,1,21,20.519950,-0.055968,0,0
6.720059,0.557378,257.959400,424.345900,1,1,1,1,2,2,0.758258,0.761583,0.758258,0.761583,0.759921,0.011033,0.970834,0.239499,0.011033,0.970834,0.239499,0.011236,0.970898,0.239226,10.433020,-5.018839,-0.107768,1,21,20.530900,-0.055026,0,0
6.730059,0.559957,257.909300,424.545100,1,1,1,1,2,2,0.758710,0.762030,0.758710,0.762030,0.760370,0.011039,0.971327,0.237492,0.011039,0.971327,0.237492,0.011219,0.970935,0.239077,10.203230,-5.012603,-0.101798,1,21,20.541870,-0.054090,0,0
6.740059,0.562532,257.859200,424.744400,1,1,1,1,2,2,0.757523,0.760811,0.757523,0.760811,0.759167,0.011037,0.971305,0.237583,0.011037,0.971305,0.237583,0.011203,0.970967,0.238948,10.317490,-5.008596,-0.097696,1,21,20.552820,-0.053136,0,0
6.750060,0.565104,257.809100,424.943800,1,1,1,1,2,2,0.756810,0.759525,0.756810,0.759525,0.758167,0.011487,0.971439,0.237010,0.011487,0.971439,0.237010,0.011228,0.971007,0.238781,10.386800,-5.003478,-0.093253,1,21,20.563740,-0.052215,0,0
6.760060,0.567673,257.759200,425.143400,1,1,1,1,2,2,0.755505,0.758398,0.755505,0.758398,0.756952,0.011487,0.971439,0.237010,0.011487,0.971439,0.237010,0.011250,0.971045,0.238629,10.470230,-4.997684,-0.087822,1,21,20.574640,-0.050906,0,0
6.770060,0.570239,257.709300,425.343100,1,1,1,1,2,2,0.754318,0.757940,0.754318,0.757940,0.756129,0.011935,0.971544,0.236558,0.011935,0.971544,0.236558,0.011309,0.971088,0.238451,10.475640,-4.991077,-0.082100,1,21,20.585510,-0.049681,0,0
6.780060,0.572802,257.659400,425.542900,1,1,1,1,2,2,0.752424,0.755952,0.752424,0.755952,0.754188,0.011941,0.972016,0.234611,0.011941,0.972016,0.234611,0.011363,0.971167,0.238120,10.762340,-4.984417,-0.079559,1,21,20.596360,-0.048100,0,0
6.790061,0.575363,257.609700,425.742900,1,1,1,1,2,2,0.751009,0.754534,0.751009,0.754534,0.752771,0.011937,0.972016,0.234611,0.011937,0.972016,0.234611,0.011413,0.971241,0.237818,10.868090,-4.974967,-0.073562,1,21,20.607150,-0.046587,0,0
6.800061,0.577922,257.560000,425.943000,1,1,1,1,2,2,0.749319,0.753388,0.749319,0.753388,0.751353,0.012386,0.972156,0.234009,0.012386,0.972156,0.234009,0.011497,0.971319,0.237490,10.961500,-4.964485,-0.067058,1,21,20.617910,-0.045199,0,0
6.810061,0.580480,257.510500,426.143200,1,1,1,1,2,2,0.748004,0.752190,0.748004,0.752190,0.750097,0.012387,0.972142,0.234067,0.012387,0.972142,0.234067,0.011573,0.971390,0.237196,10.985110,-4.953093,-0.058931,1,21,20.628630,-0.043460,0,0
6.820061,0.583036,257.461100,426.343600,1,1,1,1,2,2,0.746901,0.750847,0.746901,0.750847,0.748874,0.012831,0.972237,0.233647,0.012831,0.972237,0.233647,0.011681,0.971463,0.236890,11.002730,-4.941468,-0.050800,1,21,20.639320,-0.041875,0,0
6.830061,0.585590,257.411800,426.544100,1,1,1,1,2,2,0.745707,0.749733,0.745707,0.749733,0.747720,0.012829,0.972157,0.233979,0.012829,0.972157,0.233979,0.011780,0.971523,0.236640,10.974610,-4.929669,-0.041345,1,21,20.649970,-0.039959,0,0
6.840062,0.588144,257.362600,426.744700,1,1,1,1,2,2,0.744883,0.748759,0.744883,0.748759,0.746821,0.012834,0.972230,0.233676,0.012834,0.972230,0.233676,0.011871,0.971584,0.236385,10.910490,-4.918141,-0.032282,1,21,20.660600,-0.038175,0,0
6.850062,0.590697,257.313500,426.945500,1,1,1,1,2,2,0.744237,0.748147,0.744237,0.748147,0.746192,0.012834,0.972230,0.233676,0.012834,0.972230,0.233676,0.011954,0.971639,0.236151,10.802460,-4.907235,-0.023409,1,21,20.671190,-0.036500,0,0
6.860062,0.593248,257.264600,427.146400,1,1,1,1,2,2,0.743284,0.747524,0.743284,0.747524,0.745404,0.012832,0.972230,0.233676,0.012832,0.972230,0.233676,0.012029,0.971690,0.235938,10.739700,-4.897377,-0.015203,1,21,20.681770,-0.034928,0,0
6.870062,0.595799,257.215700,427.347500,1,1,1,1,2,2,0.743135,0.747019,0.743135,0.747019,0.745077,0.012831,0.972237,0.233647,0.012831,0.972237,0.233647,0.012098,0.971737,0.235741,10.601350,-4.888127,-0.007300,1,21,20.692310,-0.033467,0,0
6.880063,0.598349,257.166900,427.548600,1,1,1,1,2,2,0.742598,0.746653,0.742598,0.746653,0.744626,0.012833,0.972230,0.233676,0.012833,0.972230,0.233676,0.012162,0.971780,0.235563,10.509980,-4.880220,-0.000378,1,21,20.702840,-0.032094,0,0
6.890063,0.600898,257.118100,427.749900,1,1,1,1,2,2,0.742377,0.746143,0.742377,0.746143,0.744260,0.012831,0.972208,0.233767,0.012831,0.972208,0.233767,0.012219,0.971816,0.235409,10.413960,-4.873199,0.006112,1,21,20.713340,-0.030810,0,0
6.900063,0.603446,257.069500,427.951400,1,1,1,1,2,2,0.742064,0.746119,0.742064,0.746119,0.744092,0.012834,0.972230,0.233676,0.012834,0.972230,0.233676,0.012272,0.971852,0.235260,10.303630,-4.867111,0.011749,1,21,20.723810,-0.029608,0,0
6.910063,0.605993,257.020800,428.152900,1,1,1,1,2,2,0.741966,0.745848,0.741966,0.745848,0.743907,0.012834,0.972201,0.233796,0.012834,0.972201,0.233796,0.012321,0.971882,0.235134,10.211730,-4.862092,0.016769,1,21,20.734270,-0.028477,0,0
6.920063,0.608539,256.972300,428.354600,1,1,1,1,2,2,0.741857,0.745871,0.741857,0.745871,0.743864,0.012833,0.972273,0.233498,0.012833,0.972273,0.233498,0.012365,0.971916,0.234993,10.125400,-4.857966,0.020545,1,21,20.744700,-0.027416,0,0
6.930064,0.611084,256.923700,428.556300,1,1,1,1,2,2,0.741932,0.745788,0.741932,0.745788,0.743860,0.012831,0.972179,0.233888,0.012831,0.972179,0.233888,0.012405,0.971938,0.234898,10.029360,-4.854676,0.024425,1,21,20.755120,-0.026414,0,0
6.940064,0.613628,256.875200,428.758200,1,1,1,1,2,2,0.741785,0.745907,0.741785,0.745907,0.743846,0.012833,0.972204,0.233782,0.012833,0.972204,0.233782,0.012442,0.971961,0.234802,9.959790,-4.852318,0.027319,1,21,20.765510,-0.025475,0,0
6.950064,0.616171,256.826700,428.960200,1,1,1,1,2,2,0.741975,0.746016,0.741975,0.746016,0.743996,0.012833,0.972259,0.233556,0.012833,0.972259,0.233556,0.012475,0.971987,0.234695,9.884151,-4.850635,0.029273,1,21,20.775880,-0.024593,0,0
6.960064,0.618714,256.778200,429.162400,1,1,1,1,2,2,0.742074,0.746088,0.742074,0.746088,0.744081,0.012834,0.972201,0.233796,0.012834,0.972201,0.233796,0.012506,0.972005,0.234617,9.823202,-4.849684,0.031105,1,21,20.786230,-0.023754,0,0
6.970065,0.621255,256.729700,429.364600,1,1,1,1,2,2,0.742148,0.746235,0.742148,0.746235,0.744191,0.012834,0.972201,0.233796,0.012834,0.972201,0.233796,0.012534,0.972022,0.234547,9.769453,-4.849323,0.032465,1,21,20.796570,-0.022960,0,0
6.980065,0.623795,256.681200,429.566900,1,1,1,1,2,2,0.743754,0.747777,0.743754,0.747777,0.745765,0.012837,0.972767,0.231430,0.012837,0.972767,0.231430,0.012561,0.972086,0.234278,9.571962,-4.849483,0.029058,1,21,20.806890,-0.022213,0,0
6.990065,0.626335,256.632700,429.769300,1,1,1,1,2,2,0.743427,0.747475,0.743427,0.747475,0.745451,0.012839,0.972763,0.231445,0.012839,0.972763,0.231445,0.012584,0.972144,0.234034,9.750824,-4.851556,0.024188,1,21,20.817170,-0.021482,0,0
7.000065,0.628873,256.584200,429.971800,1,1,1,1,2,2,0.743631,0.747178,0.743631,0.747178,0.745405,0.013219,0.972838,0.231111,0.013219,0.972838,0.231111,0.012639,0.972204,0.233783,9.840849,-4.851883,0.020947,1,21,20.827420,-0.020803,0,0
7.010066,0.631411,256.535600,430.174500,1,1,1,1,2,2,0.743202,0.747000,0.743202,0.747000,0.745101,0.013218,0.972816,0.231203,0.013218,0.972816,0.231203,0.012689,0.972257,0.233561,9.938931,-4.851329,0.019229,1,21,20.837630,-0.019834,0,0
7.020066,0.633948,256.487200,430.377200,1,1,1,1,2,2,0.743028,0.747278,0.743028,0.747278,0.745153,0.013594,0.972932,0.230691,0.013594,0.972932,0.230691,0.012767,0.972315,0.233314,9.961880,-4.849816,0.017962,1,21,20.847820,-0.018948,0,0
7.030066,0.636485,256.438700,430.580000,1,1,1,1,2,2,0.741583,0.745913,0.741583,0.745913,0.743748,0.013602,0.973424,0.228607,0.013602,0.973424,0.228607,0.012839,0.972411,0.232909,10.326540,-4.848074,0.013526,1,21,20.857970,-0.017795,0,0
7.040066,0.639023,256.390200,430.783000,1,1,1,1,2,2,0.740853,0.745193,0.740853,0.745193,0.743023,0.013602,0.973427,0.228593,0.013602,0.973427,0.228593,0.012904,0.972499,0.232540,10.458990,-4.842779,0.013486,1,21,20.868080,-0.016727,0,0
7.050066,0.641560,256.341900,430.986100,1,1,1,1,2,2,0.739933,0.744554,0.739933,0.744554,0.742244,0.013979,0.973504,0.228244,0.013979,0.973504,0.228244,0.012997,0.972587,0.232169,10.568720,-4.836188,0.014739,1,21,20.878140,-0.015760,0,0
7.060067,0.644099,256.293600,431.189300,1,1,1,1,2,2,0.739174,0.744034,0.739174,0.744034,0.741604,0.013979,0.973532,0.228124,0.013979,0.973532,0.228124,0.013081,0.972668,0.231821,10.614130,-4.828525,0.017562,1,21,20.888160,-0.014518,0,0
7.070067,0.646639,256.245400,431.392700,1,1,1,1,2,2,0.738698,0.743318,0.738698,0.743318,0.741008,0.014356,0.973590,0.227853,0.014356,0.973590,0.227853,0.013191,0.972747,0.231479,10.636820,-4.820414,0.020978,1,21,20.898140,-0.013415,0,0
7.080067,0.649180,256.197200,431.596100,1,1,1,1,2,2,0.738210,0.742833,0.738210,0.742833,0.740522,0.014359,0.973580,0.227896,0.014359,0.973580,0.227896,0.013292,0.972819,0.231171,10.616610,-4.812078,0.025315,1,21,20.908080,-0.012050,0,0
7.090067,0.651722,256.149200,431.799700,1,1,1,1,2,2,0.737881,0.742501,0.737881,0.742501,0.740191,0.014356,0.973590,0.227853,0.014356,0.973590,0.227853,0.013383,0.972885,0.230885,10.561540,-4.803935,0.029927,1,21,20.917980,-0.010800,0,0
7.100068,0.654266,256.101200,432.003400,1,1,1,1,2,2,0.737586,0.742206,0.737586,0.742206,0.739896,0.014358,0.973583,0.227882,0.014358,0.973583,0.227882,0.013467,0.972945,0.230627,10.499400,-4.796323,0.034555,1,21,20.927850,-0.009664,0,0
7.110068,0.656811,256.053300,432.207200,1,1,1,1,2,2,0.737438,0.742221,0.737438,0.742221,0.739829,0.014356,0.973611,0.227761,0.014356,0.973611,0.227761,0.013544,0.973003,0.230380,10.405790,-4.789314,0.038804,1,21,20.937680,-0.008623,0,0
7.120068,0.659357,256.005500,432.411100,1,1,1,1,2,2,0.737363,0.741984,0.737363,0.741984,0.739673,0.014359,0.973583,0.227882,0.014359,0.973583,0.227882,0.013614,0.973053,0.230165,10.334810,-4.783212,0.042785,1,21,20.947480,-0.007675,0,0
7.130068,0.661904,255.957700,432.615200,1,1,1,1,2,2,0.737287,0.742162,0.737287,0.742162,0.739724,0.014357,0.973639,0.227640,0.014357,0.973639,0.227640,0.013678,0.973103,0.229948,10.245850,-4.777798,0.045998,1,21,20.957250,-0.006815,0,0
7.140069,0.664453,255.910000,432.819300,1,1,1,1,2,2,0.737453,0.742073,0.737453,0.742073,0.739763,0.014356,0.973583,0.227882,0.014356,0.973583,0.227882,0.013736,0.973144,0.229770,10.160280,-4.773246,0.049160,1,21,20.966990,-0.006030,0,0
7.150069,0.667003,255.862300,433.023600,1,1,1,1,2,2,0.737576,0.742370,0.737576,0.742370,0.739973,0.014356,0.973615,0.227747,0.014356,0.973615,0.227747,0.013789,0.973185,0.229596,10.063390,-4.769525,0.051538,1,21,20.976700,-0.005319,0,0
7.160069,0.669554,255.814700,433.228000,1,1,1,1,2,2,0.737765,0.742385,0.737765,0.742385,0.740075,0.014358,0.973583,0.227882,0.014358,0.973583,0.227882,0.013838,0.973219,0.229448,9.996058,-4.766743,0.053512,1,21,20.986380,-0.004672,0,0
7.170069,0.672107,255.767000,433.432400,1,1,1,1,2,2,0.737987,0.742607,0.737987,0.742607,0.740297,0.014355,0.973583,0.227882,0.014355,0.973583,0.227882,0.013883,0.973250,0.229313,9.917061,-4.764614,0.055080,1,21,20.996040,-0.004090,0,0
7.180069,0.674660,255.719400,433.637000,1,1,1,1,2,2,0.738267,0.742884,0.738267,0.742884,0.740575,0.014354,0.973593,0.227839,0.014354,0.973593,0.227839,0.013923,0.973280,0.229187,9.843710,-4.763251,0.056024,1,21,21.005680,-0.003559,0,0
7.190070,0.677214,255.671700,433.841700,1,1,1,1,2,2,0.738537,0.743157,0.738537,0.743157,0.740847,0.014358,0.973583,0.227882,0.014358,0.973583,0.227882,0.013961,0.973306,0.229074,9.782104,-4.762599,0.056543,1,21,21.015290,-0.003081,0,0
7.200070,0.679770,255.624100,434.046400,1,1,1,1,2,2,0.738864,0.743484,0.738864,0.743484,0.741174,0.014356,0.973583,0.227882,0.014356,0.973583,0.227882,0.013995,0.973330,0.228972,9.720832,-4.762544,0.056650,1,21,21.024880,-0.002642,0,0
7.210070,0.682326,255.576500,434.251300,1,1,1,1,2,2,0.739099,0.743811,0.739099,0.743811,0.741455,0.014356,0.973611,0.227761,0.014356,0.973611,0.227761,0.014026,0.973354,0.228867,9.684052,-4.763083,0.056106,1,21,21.034450,-0.002250,0,0
7.220070,0.684883,255.528800,434.456300,1,1,1,1,2,2,0.739532,0.744061,0.739532,0.744061,0.741797,0.014358,0.973611,0.227761,0.014358,0.973611,0.227761,0.014055,0.973376,0.228772,9.640774,-4.763976,0.055385,1,21,21.044000,-0.001892,0,0
7.230071,0.687441,255.481200,434.661300,1,1,1,1,2,2,0.740971,0.745601,0.740971,0.745601,0.743286,0.014363,0.974059,0.225839,0.014363,0.974059,0.225839,0.014081,0.973435,0.228520,9.487165,-4.765287,0.050829,1,21,21.053530,-0.001569,0,0
7.240071,0.690000,255.433500,434.866500,1,1,1,1,2,2,0.740860,0.745487,0.740860,0.745487,0.743173,0.014364,0.974062,0.225825,0.014364,0.974062,0.225825,0.014105,0.973489,0.228288,9.649435,-4.768087,0.045174,1,21,21.063030,-0.001253,0,0
7.250071,0.692560,255.385800,435.071700,1,1,1,1,2,2,0.741077,0.745393,0.741077,0.745393,0.743235,0.014621,0.974114,0.225583,0.014621,0.974114,0.225583,0.014150,0.973543,0.228055,9.740064,-4.769300,0.041125,1,21,21.072500,-0.000979,0,0
7.260071,0.695120,255.338100,435.277000,1,1,1,1,2,2,0.740778,0.745300,0.740778,0.745300,0.743039,0.014620,0.974146,0.225448,0.014620,0.974146,0.225448,0.014190,0.973595,0.227831,9.849984,-4.769626,0.038158,1,21,21.081930,-0.000511,0,0
7.270072,0.697682,255.290400,435.482500,1,1,1,1,2,2,0.740663,0.745563,0.740663,0.745563,0.743113,0.014878,0.974204,0.225178,0.014878,0.974204,0.225178,0.014250,0.973647,0.227602,9.886047,-4.768876,0.036205,1,21,21.091340,-0.000102,0,0
7.280072,0.700246,255.242700,435.688000,1,1,1,1,2,2,0.739527,0.744324,0.739527,0.744324,0.741925,0.014884,0.974646,0.223256,0.014884,0.974646,0.223256,0.014304,0.973734,0.227230,10.218820,-4.767770,0.031478,1,21,21.100720,0.000487,0,0
7.290072,0.702811,255.195100,435.893600,1,1,1,1,2,2,0.738995,0.743813,0.738995,0.743813,0.741404,0.014885,0.974640,0.223284,0.014885,0.974640,0.223284,0.014354,0.973812,0.226890,10.330730,-4.763415,0.030784,1,21,21.110060,0.001022,0,0
7.300072,0.705379,255.147500,436.099400,1,1,1,1,2,2,0.738364,0.743559,0.738364,0.743559,0.740962,0.015143,0.974725,0.222893,0.015143,0.974725,0.222893,0.014422,0.973890,0.226546,10.403040,-4.757965,0.031110,1,21,21.119360,0.001491,0,0
7.310072,0.707949,255.100000,436.305200,1,1,1,1,2,2,0.737969,0.743033,0.737969,0.743033,0.740501,0.015143,0.974750,0.222785,0.015143,0.974750,0.222785,0.014484,0.973964,0.226222,10.449720,-4.751805,0.032588,1,21,21.128620,0.002146,0,0
7.320073,0.710521,255.052600,436.511200,1,1,1,1,2,2,0.737542,0.742588,0.737542,0.742588,0.740065,0.015401,0.974752,0.222757,0.015401,0.974752,0.222757,0.014563,0.974032,0.225924,10.466610,-4.745186,0.035079,1,21,21.137830,0.002710,0,0
7.330073,0.713096,255.005200,436.717300,1,1,1,1,2,2,0.737446,0.742299,0.737446,0.742299,0.739872,0.015402,0.974777,0.222650,0.015402,0.974777,0.222650,0.014635,0.974096,0.225642,10.426790,-4.738398,0.038083,1,21,21.147020,0.003446,0,0
7.340073,0.715673,254.957900,436.923500,1,1,1,1,2,2,0.737037,0.742123,0.737037,0.742123,0.739580,0.015400,0.974780,0.222636,0.015400,0.974780,0.222636,0.014701,0.974155,0.225384,10.402620,-4.731994,0.041178,1,21,21.156170,0.004104,0,0
7.350073,0.718253,254.910600,437.129800,1,1,1,1,2,2,0.737176,0.742034,0.737176,0.742034,0.739605,0.015402,0.974777,0.222650,0.015402,0.974777,0.222650,0.014761,0.974209,0.225148,10.314930,-4.725822,0.044529,1,21,21.165280,0.004685,0,0
7.360074,0.720836,254.863400,437.336200,1,1,1,1,2,2,0.736892,0.742163,0.736892,0.742163,0.739528,0.015400,0.974808,0.222515,0.015400,0.974808,0.222515,0.014816,0.974260,0.224922,10.263010,-4.720502,0.047181,1,21,21.174360,0.005202,0,0
7.370074,0.723421,254.816200,437.542700,1,1,1,1,2,2,0.737070,0.742071,0.737070,0.742071,0.739570,0.015399,0.974752,0.222757,0.015399,0.974752,0.222757,0.014866,0.974302,0.224735,10.180780,-4.715684,0.050179,1,21,21.183410,0.005653,0,0
7.380074,0.726008,254.769100,437.749300,1,1,1,1,2,2,0.737155,0.742182,0.737155,0.742182,0.739669,0.015399,0.974749,0.222771,0.015399,0.974749,0.222771,0.014912,0.974341,0.224566,10.099910,-4.711666,0.052721,1,21,21.192440,0.006047,0,0
7.390074,0.728598,254.722000,437.956000,1,1,1,1,2,2,0.737319,0.742338,0.737319,0.742338,0.739829,0.015400,0.974749,0.222771,0.015400,0.974749,0.222771,0.014954,0.974376,0.224412,10.020420,-4.708432,0.054763,1,21,21.201440,0.006384,0,0
7.400074,0.731190,254.675000,438.162800,1,1,1,1,2,2,0.737597,0.742573,0.737597,0.742573,0.740085,0.015402,0.974808,0.222515,0.015402,0.974808,0.222515,0.014993,0.974413,0.224249,9.948334,-4.705971,0.055815,1,21,21.210410,0.006681,0,0
7.410075,0.733784,254.627900,438.369700,1,1,1,1,2,2,0.737688,0.742800,0.737688,0.742800,0.740244,0.015400,0.974777,0.222650,0.015400,0.974777,0.222650,0.015028,0.974444,0.224111,9.898036,-4.704209,0.056697,1,21,21.219350,0.006933,0,0
7.420075,0.736380,254.580900,438.576700,1,1,1,1,2,2,0.737978,0.743090,0.737978,0.743090,0.740534,0.015400,0.974777,0.222650,0.015400,0.974777,0.222650,0.015060,0.974473,0.223985,9.830324,-4.702934,0.057329,1,21,21.228280,0.007145,0,0
7.430075,0.738978,254.533900,438.783800,1,1,1,1,2,2,0.738375,0.743375,0.738375,0.743375,0.740875,0.015402,0.974746,0.222785,0.015402,0.974746,0.222785,0.015089,0.974497,0.223882,9.758144,-4.702317,0.057767,1,21,21.237180,0.007324,0,0
7.440075,0.741578,254.486800,438.990900,1,1,1,1,2,2,0.738702,0.743889,0.738702,0.743889,0.741295,0.015400,0.974780,0.222636,0.015400,0.974780,0.222636,0.015116,0.974521,0.223775,9.692038,-4.702400,0.057394,1,21,21.246060,0.007472,0,0
7.450076,0.744180,254.439800,439.198200,1,1,1,1,2,2,0.739214,0.744108,0.739214,0.744108,0.741661,0.015402,0.974777,0.222650,0.015402,0.974777,0.222650,0.015141,0.974543,0.223678,9.646779,-4.703124,0.056583,1,21,21.254920,0.007587,0,0
7.460076,0.746783,254.392800,439.405600,1,1,1,1,2,2,0.739343,0.744426,0.739343,0.744426,0.741884,0.015399,0.974783,0.222622,0.015399,0.974783,0.222622,0.015163,0.974564,0.223587,9.635180,-4.704287,0.055447,1,21,21.263770,0.007680,0,0
7.470076,0.749388,254.345700,439.613000,1,1,1,1,2,2,0.726187,0.728297,0.726187,0.728297,0.727242,0.007109,0.975025,0.221984,0.007109,0.975025,0.221984,0.014470,0.974606,0.223450,12.333820,-4.705559,0.052940,1,21,21.272590,0.007799,0,0
7.480076,0.751999,254.298900,439.820600,1,1,1,1,2,2,0.728144,0.729996,0.728144,0.729996,0.729070,0.007698,0.975641,0.219239,0.007698,0.975641,0.219239,0.013887,0.974697,0.223088,11.515280,-4.680526,0.072556,1,21,21.281480,0.002502,0,0
7.490077,0.754612,254.252300,440.028300,1,1,1,1,2,2,0.731216,0.733370,0.731216,0.733370,0.732293,0.008652,0.976825,0.213865,0.008652,0.976825,0.213865,0.013437,0.974885,0.222295,10.885840,-4.663472,0.074600,1,21,21.290310,-0.003890,0,0
7.500077,0.757227,254.205800,440.236100,1,1,1,1,2,2,0.731748,0.733977,0.731748,0.733977,0.732863,0.006522,0.977439,0.211118,0.006522,0.977439,0.211118,0.012842,0.975112,0.221335,10.985170,-4.652543,0.066616,1,21,21.299030,-0.008202,0,0
7.510077,0.759843,254.159400,440.444100,1,1,1,1,2,2,0.731868,0.734165,0.731868,0.734165,0.733016,0.008030,0.978004,0.208430,0.008030,0.978004,0.208430,0.012428,0.975368,0.220226,11.214900,-4.640629,0.056421,1,21,21.307650,-0.013927,0,0
7.520077,0.762460,254.113100,440.652100,1,1,1,1,2,2,0.717141,0.716153,0.717141,0.716153,0.716647,0.000002,0.978768,0.204973,0.000002,0.978768,0.204973,0.011358,0.975676,0.218916,14.477190,-4.626455,0.043910,1,21,21.316140,-0.016388,0,0
7.530077,0.765081,254.067300,440.860400,1,1,1,1,2,2,0.715156,0.714617,0.715156,0.714617,0.714886,0.001471,0.981013,0.193939,0.001471,0.981013,0.193939,0.010508,0.976164,0.216773,14.750390,-4.580428,0.045849,1,21,21.324610,-0.023954,0,0
7.540078,0.767704,254.022000,441.068800,1,1,1,1,2,2,0.711605,0.711065,0.711605,0.711065,0.711335,0.000717,0.982058,0.188577,0.000717,0.982058,0.188577,0.009665,0.976707,0.214354,15.429750,-4.531693,0.044459,1,21,21.332880,-0.031314,0,0
7.550078,0.770330,253.977200,441.277500,1,1,1,1,2,2,0.707130,0.706267,0.707130,0.706267,0.706698,0.000205,0.983162,0.182736,0.000205,0.983162,0.182736,0.008851,0.977306,0.211641,16.295910,-4.476272,0.043432,1,21,21.340930,-0.038225,0,0
7.560078,0.772957,253.933100,441.486300,1,1,1,1,2,2,0.701841,0.700904,0.701841,0.700904,0.701372,0.000001,0.984156,0.177306,0.000001,0.984156,0.177306,0.008090,0.977946,0.208696,17.197420,-4.412329,0.045968,1,21,21.348740,-0.044747,0,0
7.570078,0.775585,253.889700,441.695400,1,1,1,1,2,2,0.696242,0.695585,0.696242,0.695585,0.695913,0.000575,0.986111,0.166089,0.000575,0.986111,0.166089,0.007444,0.978724,0.205044,18.285120,-4.339505,0.042070,1,21,21.356310,-0.051192,0,0
7.580079,0.778215,253.847100,441.904800,1,1,1,1,2,2,0.689252,0.688543,0.689252,0.688543,0.688897,-0.000803,0.987056,0.160375,-0.000803,0.987056,0.160375,0.006734,0.979523,0.201215,19.478860,-4.255948,0.045151,1,21,21.363570,-0.054867,0,0
7.590079,0.780845,253.805500,442.114400,1,1,1,1,2,2,0.681742,0.681154,0.681742,0.681154,0.681448,0.000005,0.987933,0.154885,0.000005,0.987933,0.154885,0.006155,0.980334,0.197244,20.529720,-4.160603,0.057067,1,21,21.370530,-0.060755,0,0
7.600079,0.783475,253.765000,442.324200,1,1,1,1,2,2,0.673844,0.673261,0.673844,0.673261,0.673552,-0.000004,0.988796,0.149277,-0.000004,0.988796,0.149277,0.005626,0.981156,0.193133,21.475490,-4.054855,0.076410,1,21,21.377230,-0.064731,0,0
7.610079,0.786106,253.725600,442.534400,1,1,1,1,2,2,0.665897,0.665433,0.665897,0.665433,0.665665,-0.000319,0.990451,0.137866,-0.000319,0.990451,0.137866,0.005114,0.982079,0.188398,22.524620,-3.939722,0.091593,1,21,21.383700,-0.068002,0,0
7.620080,0.788736,253.687400,442.744900,1,1,1,1,2,2,0.657202,0.656701,0.657202,0.656701,0.656952,0.000813,0.991246,0.132023,0.000813,0.991246,0.132023,0.004745,0.982995,0.183567,23.511730,-3.814156,0.115207,1,21,21.389890,-0.072505,0,0
7.630080,0.791365,253.650600,442.955600,1,1,1,1,2,2,0.648465,0.647839,0.648465,0.647839,0.648152,0.000002,0.991992,0.126299,0.000002,0.991992,0.126299,0.004337,0.983901,0.178660,24.310250,-3.678754,0.146978,1,21,21.395850,-0.073347,0,0
7.640080,0.793993,253.615300,443.166700,1,1,1,1,2,2,0.635244,0.635259,0.635244,0.635259,0.635252,0.000003,1.000000,0.000508,0.000003,1.000000,0.000508,0.003967,0.986540,0.163471,31.245380,-3.535362,-0.036508,1,21,21.401640,-0.077183,0,0
7.650080,0.796621,253.582000,443.378100,1,1,1,1,2,2,0.631351,0.630943,0.631351,0.630943,0.631147,-0.002529,0.994027,0.109105,-0.002529,0.994027,0.109105,0.003408,0.987303,0.158809,29.130860,-3.323028,0.077928,1,21,21.405150,-0.069900,0,0
7.660080,0.799248,253.550700,443.589900,1,1,1,1,2,2,0.623216,0.622800,0.623216,0.622800,0.623008,0.000498,0.994653,0.103270,0.000498,0.994653,0.103270,0.003158,0.988058,0.154046,28.325230,-3.131446,0.169048,1,21,21.409060,-0.080499,0,0
7.670081,0.801872,253.521300,443.801900,1,1,1,1,2,2,0.615361,0.614981,0.615361,0.614981,0.615171,0.000001,0.995219,0.097670,0.000001,0.995219,0.097670,0.002887,0.988801,0.149211,27.707190,-2.947709,0.250489,1,21,21.413200,-0.080628,0,0
7.680081,0.804494,253.493600,444.014300,1,1,1,1,2,2,0.608007,0.607677,0.608007,0.607677,0.607842,0.000799,0.996298,0.085963,0.000799,0.996298,0.085963,0.002707,0.989605,0.143788,27.471490,-2.769973,0.313000,1,21,21.417430,-0.083119,0,0
7.690081,0.807112,253.467600,444.226900,1,1,1,1,2,2,0.600394,0.600208,0.600394,0.600208,0.600301,0.001915,0.996773,0.080256,0.001915,0.996773,0.080256,0.002640,0.990381,0.138339,27.346340,-2.594447,0.372605,1,21,21.421600,-0.084708,0,0
7.700081,0.809726,253.443400,444.439800,1,1,1,1,2,2,0.593115,0.592721,0.593115,0.592721,0.592918,-0.000062,0.997229,0.074388,-0.000062,0.997229,0.074388,0.002407,0.991132,0.132854,27.245420,-2.420046,0.430093,1,21,21.425690,-0.080219,0,0
7.710082,0.812336,253.421000,444.652900,1,1,1,1,2,2,0.585810,0.585677,0.585810,0.585677,0.585744,0.000002,0.997648,0.068544,0.000002,0.997648,0.068544,0.002201,0.991857,0.127337,27.149420,-2.246539,0.485872,1,21,21.429680,-0.080902,0,0
7.720082,0.814941,253.400200,444.866200,1,1,1,1,2,2,0.579079,0.578717,0.579079,0.578717,0.578898,0.000617,0.998368,0.057104,0.000617,0.998368,0.057104,0.002065,0.992612,0.121312,27.292830,-2.073886,0.529722,1,21,21.433540,-0.082187,0,0
7.730082,0.817541,253.381200,445.079700,1,1,1,1,2,2,0.571838,0.571635,0.571838,0.571635,0.571736,-0.000053,0.998692,0.051124,-0.000053,0.998692,0.051124,0.001883,0.993330,0.115289,27.456150,-1.899704,0.575036,1,21,21.437220,-0.080493,0,0
7.740082,0.820137,253.364000,445.293400,1,1,1,1,2,2,0.564957,0.564791,0.564957,0.564791,0.564874,-0.000004,0.998963,0.045532,-0.000004,0.998963,0.045532,0.001720,0.994007,0.109303,27.505120,-1.723804,0.622749,1,21,21.440720,-0.080483,0,0
7.750082,0.822727,253.348500,445.507300,1,1,1,1,2,2,0.558249,0.558383,0.558249,0.558383,0.558316,0.002710,0.999433,0.033574,0.002710,0.999433,0.033574,0.001806,0.994700,0.102804,27.762310,-1.547333,0.659954,1,21,21.444040,-0.084428,0,0
7.760083,0.825312,253.334800,445.721300,1,1,1,1,2,2,0.551682,0.551575,0.551682,0.551575,0.551628,-0.000206,0.999616,0.027725,-0.000206,0.999616,0.027725,0.001633,0.995345,0.096359,27.950460,-1.368216,0.700831,1,21,21.447120,-0.076411,0,0
7.770083,0.827892,253.323000,445.935400,1,1,1,1,2,2,0.545363,0.545167,0.545363,0.545167,0.545265,0.001497,0.999757,0.022004,0.001497,0.999757,0.022004,0.001622,0.995943,0.089974,27.999220,-1.187152,0.744932,1,21,21.449990,-0.078946,0,0
7.780083,0.830467,253.312900,446.149700,1,1,1,1,2,2,0.539178,0.538994,0.539178,0.538994,0.539086,-0.000003,0.999870,0.016151,-0.000003,0.999870,0.016151,0.001482,0.996495,0.083634,27.979310,-1.005540,0.790433,1,21,21.452620,-0.074397,0,0
7.790083,0.833036,253.304700,446.364100,1,1,1,1,2,2,0.532978,0.533099,0.532978,0.533099,0.533039,0.001625,0.999989,0.004452,0.001625,0.999989,0.004452,0.001495,0.997043,0.076833,28.187770,-0.824078,0.825851,1,21,21.455000,-0.076579,0,0
7.800084,0.835601,253.298200,446.578500,1,1,1,1,2,2,0.527050,0.526951,0.527050,0.526951,0.527000,-0.000089,0.999999,-0.001655,-0.000089,0.999999,-0.001655,0.001359,0.997540,0.070089,28.311720,-0.640490,0.864564,1,21,21.457100,-0.071356,0,0
7.810084,0.838160,253.293700,446.793100,1,1,1,1,2,2,0.521421,0.521450,0.521421,0.521450,0.521435,0.000003,0.999973,-0.007374,0.000003,0.999973,-0.007374,0.001242,0.997985,0.063432,28.272500,-0.455634,0.906376,1,21,21.458930,-0.071011,0,0
7.820084,0.840713,253.291000,447.007600,1,1,1,1,2,2,0.515964,0.482668,0.515964,0.482668,0.499316,-0.000318,0.999905,0.013764,-0.000318,0.999905,0.013764,0.001108,0.998248,0.059161,29.939880,-0.271151,0.999045,1,21,21.460450,-0.069352,0,0
7.830084,0.843261,253.290300,447.222300,1,1,1,1,2,2,0.510797,0.510999,0.510797,0.510999,0.510898,0.000384,0.999692,-0.024797,0.000384,0.999692,-0.024797,0.001046,0.998649,0.051943,26.707700,-0.070048,1.045096,1,21,21.463260,-0.070893,0,0
7.840085,0.845803,253.291300,447.436900,1,1,1,1,2,2,0.505760,0.505866,0.505760,0.505866,0.505813,-0.000006,0.999526,-0.030773,-0.000006,0.999526,-0.030773,0.000956,0.998994,0.044830,27.227050,0.098779,1.061070,1,21,21.463940,-0.068776,0,0
7.850085,0.848339,253.294000,447.651500,1,1,1,1,2,2,0.501021,0.500907,0.501021,0.500907,0.500964,0.000002,0.999329,-0.036630,0.000002,0.999329,-0.036630,0.000874,0.999284,0.037823,27.516250,0.272785,1.084527,1,21,21.464350,-0.067707,0,0
7.860085,0.850869,253.298500,447.866100,1,1,1,1,2,2,0.495788,0.495977,0.495788,0.495977,0.495883,-0.000120,0.998832,-0.048325,-0.000120,0.998832,-0.048325,0.000788,0.999537,0.030410,27.991800,0.449655,1.102190,1,21,21.464430,-0.066458,0,0
7.870085,0.853393,253.304800,448.080600,1,1,1,1,2,2,0.491262,0.491485,0.491262,0.491485,0.491374,0.000382,0.998531,-0.054175,0.000382,0.998531,-0.054175,0.000753,0.999732,0.023130,28.173210,0.631241,1.127476,1,21,21.464210,-0.066110,0,0
7.880085,0.855911,253.313000,448.295100,1,1,1,1,2,2,0.487006,0.487123,0.487006,0.487123,0.487064,0.000002,0.998204,-0.059901,0.000002,0.998204,-0.059901,0.000689,0.999872,0.015982,28.202000,0.814587,1.157406,1,21,21.463600,-0.063721,0,0
7.890086,0.858422,253.322900,448.509500,1,1,1,1,2,2,0.482408,0.482676,0.482408,0.482676,0.482542,-0.001225,0.997424,-0.071724,-0.001225,0.997424,-0.071724,0.000524,0.999964,0.008428,28.478900,0.998151,1.178927,1,21,21.462570,-0.060558,0,0
7.900086,0.860926,253.335100,448.723600,1,1,1,1,2,2,0.478642,0.479079,0.478642,0.479079,0.478860,0.002618,0.997012,-0.077203,0.002618,0.997012,-0.077203,0.000705,0.999999,0.001051,27.730900,1.212675,1.235369,1,21,21.452010,-0.068295,0,0
7.910086,0.863415,253.351400,448.936700,1,1,1,1,2,2,0.477722,0.478047,0.477722,0.478047,0.477884,0.000002,0.996535,-0.083175,0.000002,0.996535,-0.083175,0.000644,0.999980,-0.006206,21.330690,1.630525,1.498399,1,21,21.374520,-0.067753,0,0
7.920086,0.865895,253.369800,449.149300,1,1,1,1,2,2,0.477129,0.477610,0.477129,0.477610,0.477369,0.000008,0.996041,-0.088898,0.000008,0.996041,-0.088898,0.000590,0.999911,-0.013333,21.604230,1.774932,1.491136,1,21,21.359800,-0.057514,0,0
7.930087,0.868362,253.391000,449.361100,1,1,1,1,2,2,0.477464,0.477960,0.477464,0.477960,0.477712,0.000490,0.994928,-0.100587,0.000490,0.994928,-0.100587,0.000581,0.999782,-0.020856,19.513060,2.015095,1.572265,1,21,21.315260,-0.060059,0,0
7.940087,0.870823,253.413000,449.572700,1,1,1,1,2,2,0.477495,0.477917,0.477495,0.477917,0.477706,0.000105,0.994333,-0.106314,0.000105,0.994333,-0.106314,0.000540,0.999601,-0.028226,20.302090,2.139500,1.540678,1,21,21.298570,-0.054060,0,0
7.950087,0.873278,253.436300,449.784100,1,1,1,1,2,2,0.477232,0.477793,0.477232,0.477793,0.477512,-0.000005,0.993702,-0.112056,-0.000005,0.993702,-0.112056,0.000494,0.999371,-0.035458,21.120960,2.260926,1.509226,1,21,21.285000,-0.051994,0,0
7.960087,0.875725,253.461100,449.995100,1,1,1,1,2,2,0.470972,0.472871,0.470972,0.472871,0.471921,-0.000001,0.996875,-0.078995,-0.000001,0.996875,-0.078995,0.000451,0.999231,-0.039209,21.070710,2.381978,1.551436,1,21,21.273840,-0.050154,0,0
7.970088,0.878160,253.488500,450.205100,1,1,1,1,2,2,0.477216,0.477859,0.477216,0.477859,0.477537,0.000325,0.991634,-0.129079,0.000325,0.991634,-0.129079,0.000440,0.998896,-0.046967,18.227620,2.616628,1.624592,1,21,21.226210,-0.052301,0,0
7.980088,0.880589,253.516600,450.415000,1,1,1,1,2,2,0.477192,0.477684,0.477192,0.477684,0.477438,0.001429,0.990837,-0.135056,0.001429,0.990837,-0.135056,0.000526,0.998509,-0.054573,19.186510,2.738085,1.586800,1,21,21.202880,-0.049809,0,0
7.990088,0.883011,253.546100,450.624500,1,1,1,1,2,2,0.476924,0.477476,0.476924,0.477476,0.477200,0.000001,0.990059,-0.140656,0.000001,0.990059,-0.140656,0.000481,0.998075,-0.062007,20.150460,2.856597,1.549787,1,21,21.183340,-0.045001,0,0
8.000088,0.885422,253.578000,450.833000,1,1,1,1,2,2,0.520802,0.474575,0.520802,0.474575,0.497689,-0.000345,0.998522,-0.054346,-0.000345,0.998522,-0.054346,0.000410,0.998116,-0.061348,10.237990,3.086838,1.798782,1,21,21.130740,-0.042712,0,0
8.010088,0.887825,253.610500,451.041100,1,1,1,1,2,2,0.477263,0.477998,0.477263,0.477998,0.477631,-0.001318,0.987506,-0.157579,-0.001318,0.987506,-0.157579,0.000261,0.997570,-0.069666,15.294480,3.199654,1.740728,1,21,21.076680,-0.042597,0,0
8.020088,0.890218,253.644300,451.248600,1,1,1,1,2,2,0.476905,0.477552,0.476905,0.477552,0.477229,-0.000229,0.986579,-0.163286,-0.000229,0.986579,-0.163286,0.000219,0.996972,-0.077760,16.667500,3.314127,1.688466,1,21,21.041750,-0.043398,0,0
8.030088,0.892602,253.679400,451.455400,1,1,1,1,2,2,0.476799,0.477319,0.476799,0.477319,0.477059,-0.000002,0.985656,-0.168768,-0.000002,0.985656,-0.168768,0.000200,0.996327,-0.085630,17.898150,3.427751,1.640208,1,21,21.011670,-0.042367,0,0
8.040089,0.894974,253.717100,451.661100,1,1,1,1,2,2,0.475356,0.473218,0.475356,0.473218,0.474287,-0.000004,0.995749,-0.092112,-0.000004,0.995749,-0.092112,0.000182,0.996279,-0.086187,12.948000,3.649595,1.858150,1,21,20.950140,-0.038359,0,0
8.050089,0.897338,253.755200,451.866500,1,1,1,1,2,2,0.477068,0.477679,0.477068,0.477679,0.477374,-0.000335,0.982637,-0.185541,-0.000335,0.982637,-0.185541,0.000138,0.995497,-0.094787,13.958670,3.761141,1.795196,1,21,20.904870,-0.038925,0,0
8.060089,0.899693,253.794600,452.071100,1,1,1,1,2,2,0.476866,0.477495,0.476866,0.477495,0.477181,0.000045,0.981561,-0.191150,0.000045,0.981561,-0.191150,0.000130,0.994668,-0.103129,15.484920,3.869983,1.735209,1,21,20.863660,-0.038346,0,0
8.070089,0.902040,253.835300,452.275100,1,1,1,1,2,2,0.476543,0.477331,0.476543,0.477331,0.476937,0.000006,0.980482,-0.196607,0.000006,0.980482,-0.196607,0.000119,0.993795,-0.111223,16.886810,3.978905,1.680546,1,21,20.827700,-0.036989,0,0
8.080090,0.904373,253.878400,452.477800,1,1,1,1,2,2,0.477428,0.478332,0.477428,0.478332,0.477880,0.000000,0.979366,-0.202094,0.000000,0.979366,-0.202094,0.000109,0.992883,-0.119092,15.191360,4.192478,1.741217,1,21,20.761640,-0.033834,0,0
8.090090,0.906700,253.922000,452.680100,1,1,1,1,2,2,0.476990,0.477964,0.476990,0.477964,0.477477,0.000260,0.977044,-0.213037,0.000260,0.977044,-0.213037,0.000122,0.991873,-0.127232,16.583890,4.301928,1.688022,1,21,20.722560,-0.034001,0,0
8.100090,0.909020,253.966800,452.881900,1,1,1,1,2,2,0.476877,0.477701,0.476877,0.477701,0.477289,0.000236,0.975787,-0.218723,0.000236,0.975787,-0.218723,0.000132,0.990823,-0.135161,17.901090,4.408659,1.636274,1,21,20.689100,-0.032713,0,0
8.110090,0.911333,254.012700,453.083000,1,1,1,1,2,2,0.476528,0.477513,0.476528,0.477513,0.477020,0.000008,0.974541,-0.224209,0.000008,0.974541,-0.224209,0.000121,0.989740,-0.142880,19.131820,4.515209,1.588554,1,21,20.660100,-0.031079,0,0
8.120090,0.913634,254.060900,453.283000,1,1,1,1,2,2,0.477632,0.478507,0.477632,0.478507,0.478069,0.000001,0.973334,-0.229394,0.000001,0.973334,-0.229394,0.000111,0.988628,-0.150379,17.294510,4.722996,1.654058,1,21,20.601090,-0.028141,0,0
8.130091,0.915930,254.109800,453.482600,1,1,1,1,2,2,0.477835,0.478642,0.477835,0.478642,0.478239,0.000004,0.972020,-0.234898,0.000004,0.972020,-0.234898,0.000102,0.987486,-0.157706,18.198260,4.829465,1.616242,1,21,20.568020,-0.028076,0,0
8.140091,0.918220,254.159600,453.681600,1,1,1,1,2,2,0.476941,0.478128,0.476941,0.478128,0.477534,0.001572,0.969404,-0.245467,0.001572,0.969404,-0.245467,0.000228,0.986240,-0.165320,19.481470,4.933155,1.569495,1,21,20.538690,-0.028516,0,0
8.150091,0.920504,254.210700,453.880100,1,1,1,1,2,2,0.476837,0.477785,0.476837,0.477785,0.477311,0.001198,0.967985,-0.251006,0.001198,0.967985,-0.251006,0.000312,0.984965,-0.172754,20.592460,5.036906,1.526160,1,21,20.513610,-0.025204,0,0
8.160091,0.922782,254.262900,454.077900,1,1,1,1,2,2,0.476577,0.477516,0.476577,0.477516,0.477046,0.001094,0.966643,-0.256127,0.001094,0.966643,-0.256127,0.000380,0.983669,-0.179988,21.615540,5.140653,1.486637,1,21,20.492080,-0.022791,0,0
8.170092,0.925052,254.317400,454.274500,1,1,1,1,2,2,0.477556,0.478571,0.477556,0.478571,0.478064,0.000002,0.965214,-0.261461,0.000002,0.965214,-0.261461,0.000347,0.982349,-0.187058,19.666000,5.341460,1.556776,1,21,20.440650,-0.019530,0,0
8.180092,0.927318,254.372400,454.470900,1,1,1,1,2,2,0.477793,0.478652,0.477793,0.478652,0.478223,0.000002,0.963771,-0.266732,0.000002,0.963771,-0.266732,0.000318,0.981007,-0.193972,20.408860,5.444788,1.525389,1,21,20.414050,-0.018486,0,0
8.190092,0.929580,254.428400,454.666800,1,1,1,1,2,2,0.477073,0.478094,0.477073,0.478094,0.477583,0.000055,0.960834,-0.277123,0.000055,0.960834,-0.277123,0.000295,0.979551,-0.201193,21.529900,5.545455,1.484580,1,21,20.390520,-0.017822,0,0
8.200092,0.931837,254.485500,454.862100,1,1,1,1,2,2,0.476782,0.477918,0.476782,0.477918,0.477350,-0.001182,0.959261,-0.282520,-0.001182,0.959261,-0.282520,0.000168,0.978074,-0.208257,22.258060,5.655138,1.456553,1,21,20.367540,-0.015317,0,0
8.210093,0.934089,254.543700,455.056800,1,1,1,1,2,2,0.476820,0.477699,0.476820,0.477699,0.477260,-0.000056,0.957807,-0.287414,-0.000056,0.957807,-0.287414,0.000149,0.976585,-0.215132,22.677700,5.771554,1.439835,1,21,20.344300,-0.017027,0,0
8.220093,0.936333,254.604100,455.250300,1,1,1,1,2,2,0.477504,0.478668,0.477504,0.478668,0.478086,-0.001358,0.956261,-0.292513,-0.001358,0.956261,-0.292513,0.000019,0.975080,-0.221853,21.388640,5.939990,1.484854,1,21,20.303880,-0.013723,0,0
8.230093,0.938575,254.664900,455.443600,1,1,1,1,2,2,0.477719,0.479004,0.477719,0.479004,0.478362,0.000002,0.954659,-0.297702,0.000002,0.954659,-0.297702,0.000017,0.973557,-0.228442,21.802860,6.047100,1.465706,1,21,20.278910,-0.016824,0,0
8.240093,0.940811,254.726800,455.636400,1,1,1,1,1,1,0.480901,0.482301,0.480901,0.482301,0.481601,0.000004,0.957732,-0.287663,0.000004,0.957732,-0.287663,0.000016,0.972338,-0.233576,20.824620,6.157850,1.481033,1,21,20.253550,-0.015525,0,0
8.250093,0.943043,254.789600,455.828500,1,1,1,1,1,1,0.477907,0.479001,0.477907,0.479001,0.478454,0.001635,0.954571,-0.297978,0.001635,0.954571,-0.297978,0.000156,0.970979,-0.239164,21.471240,6.258761,1.477296,1,21,20.227060,-0.016155,0,0
8.260094,0.945270,254.853500,456.020000,1,1,1,1,1,1,0.478042,0.479579,0.478042,0.479579,0.478810,0.003633,0.953010,-0.302918,0.003633,0.953010,-0.302918,0.000455,0.969599,-0.244697,21.292480,6.365608,1.481338,1,21,20.200560,-0.015393,0,0
8.270094,0.947495,254.918200,456.211100,1,1,1,1,1,1,0.477871,0.479496,0.477871,0.479496,0.478683,-0.000689,0.951382,-0.308013,-0.000689,0.951382,-0.308013,0.000357,0.968196,-0.250192,21.224870,6.470364,1.484405,1,21,20.173440,-0.005887,0,0
8.280094,0.949716,254.984000,456.401500,1,1,1,1,1,1,0.478160,0.479366,0.478160,0.479366,0.478763,0.001024,0.949821,-0.312793,0.001024,0.949821,-0.312793,0.000414,0.966776,-0.255626,21.100680,6.574106,1.488242,1,21,20.145800,-0.008092,0,0
8.290094,0.951932,255.050700,456.591300,0,0,0,0,0,0,0.000000,0.000000,0.000000,0.000000,0.478763,0.000000,0.000000,0.000000,0.001024,0.949821,-0.312793,0.000414,0.966776,-0.255626,0.000000,6.676286,1.603765,0,22,20.117590,-0.005151,0,0
8.300095,0.954149,255.116500,456.781000,0,0,0,0,0,0,0.000000,0.000000,0.000000,0.000000,0.478763,0.000000,0.000000,0.000000,0.001024,0.949821,-0.312793,0.000414,0.966776,-0.255626,0.000000,6.578186,1.508924,0,22,20.085250,0.029455,0,0
8.310095,0.956366,255.181300,456.970800,0,0,0,0,0,0,0.000000,0.000000,0.000000,0.000000,0.478763,0.000000,0.000000,0.000000,0.001024,0.949821,-0.312793,0.000414,0.966776,-0.255626,0.000000,6.480085,1.414083,0,22,20.053340,0.029455,0,0
8.320095,0.958583,255.245100,457.160600,0,0,0,0,0,0,0.000000,0.000000,0.000000,0.000000,0.478763,0.000000,0.000000,0.000000,0.001024,0.949821,-0.312793,0.000414,0.966776,-0.255626,0.000000,6.381985,1.319242,0,22,20.021850,0.029455,0,0
8.330095,0.960799,255.308000,457.350300,0,0,0,0,0,0,0.000000,0.000000,0.000000,0.000000,0.478763,0.000000,0.000000,0.000000,0.001024,0.949821,-0.312793,0.000414,0.966776,-0.255626,0.000000,6.283885,1.224401,0,22,19.990800,0.029455,0,0
8.340096,0.963016,255.369800,457.540100,0,0,0,0,0,0,0.000000,0.000000,0.000000,0.000000,0.478763,0.000000,0.000000,0.000000,0.001024,0.949821,-0.312793,0.000414,0.966776,-0.255626,0.000000,6.185785,1.129560,0,22,19.960180,0.029455,0,0
8.350096,0.965233,255.430700,457.729800,0,0,0,0,0,0,0.000000,0.000000,0.000000,0.000000,0.478763,0.000000,0.000000,0.000000,0.001024,0.949821,-0.312793,0.000414,0.966776,-0.255626,0.000000,6.087685,1.034719,0,22,19.929990,0.029455,0,0
8.360096,0.967450,255.490600,457.919600,0,0,0,0,0,0,0.000000,0.000000,0.000000,0.000000,0.478763,0.000000,0.000000,0.000000,0.001024,0.949821,-0.312793,0.000414,0.966776,-0.255626,0.000000,5.989584,0.939879,0,22,19.900250,0.029455,0,0
8.370096,0.969666,255.549500,458.109300,0,0,0,0,0,0,0.000000,0.000000,0.000000,0.000000,0.478763,0.000000,0.000000,0.000000,0.001024,0.949821,-0.312793,0.000414,0.966776,-0.255626,0.000000,5.891484,0.845038,0,22,19.870940,0.029455,0,0
8.380096,0.971883,255.607400,458.299100,0,0,0,0,0,0,0.000000,0.000000,0.000000,0.000000,0.478763,0.000000,0.000000,0.000000,0.001024,0.949821,-0.312793,0.000414,0.966776,-0.255626,0.000000,5.793384,0.750197,0,22,19.842080,0.029455,0,0
8.390097,0.974100,255.664400,458.488900,0,0,0,0,0,0,0.000000,0.000000,0.000000,0.000000,0.478763,0.000000,0.000000,0.000000,0.001024,0.949821,-0.312793,0.000414,0.966776,-0.255626,0.000000,5.695284,0.655356,0,22,19.813660,0.029455,0,0
8.400097,0.976317,255.720400,458.678600,0,0,0,0,0,0,0.000000,0.000000,0.000000,0.000000,0.478763,0.000000,0.000000,0.000000,0.001024,0.949821,-0.312793,0.000414,0.966776,-0.255626,0.000000,5.597184,0.560515,0,22,19.785680,0.029455,0,0
8.410097,0.978533,255.775300,458.868400,0,0,0,0,0,0,0.000000,0.000000,0.000000,0.000000,0.478763,0.000000,0.000000,0.000000,0.001024,0.949821,-0.312793,0.000414,0.966776,-0.255626,0.000000,5.499084,0.465674,0,22,19.758160,0.029455,0,0
8.420097,0.980750,255.829400,459.058100,0,0,0,0,0,0,0.000000,0.000000,0.000000,0.000000,0.478763,0.000000,0.000000,0.000000,0.001024,0.949821,-0.312793,0.000414,0.966776,-0.255626,0.000000,5.400983,0.370833,0,22,19.731080,0.029455,0,0
8.430098,0.982967,255.882400,459.247900,0,0,0,0,0,0,0.000000,0.000000,0.000000,0.000000,0.478763,0.000000,0.000000,0.000000,0.001024,0.949821,-0.312793,0.000414,0.966776,-0.255626,0.000000,5.302883,0.275993,0,22,19.704450,0.029455,0,0
8.440098,0.985184,255.934400,459.437700,0,0,0,0,0,0,0.000000,0.000000,0.000000,0.000000,0.478763,0.000000,0.000000,0.000000,0.001024,0.949821,-0.312793,0.000414,0.966776,-0.255626,0.000000,5.204783,0.181152,0,22,19.678280,0.029455,0,0
8.450098,0.987400,255.985500,459.627400,0,0,0,0,0,0,0.000000,0.000000,0.000000,0.000000,0.478763,0.000000,0.000000,0.000000,0.001024,0.949821,-0.312793,0.000414,0.966776,-0.255626,0.000000,5.106683,0.086311,0,22,19.652560,0.029455,0,0
8.460098,0.989617,256.035600,459.817200,0,0,0,0,0,0,0.000000,0.000000,0.000000,0.000000,0.478763,0.000000,0.000000,0.000000,0.001024,0.949821,-0.312793,0.000414,0.966776,-0.255626,0.000000,5.008583,-0.008530,0,22,19.627290,0.029455,0,0
8.470098,0.991834,256.084700,460.006900,0,0,0,0,0,0,0.000000,0.000000,0.000000,0.000000,0.478763,0.000000,0.000000,0.000000,0.001024,0.949821,-0.312793,0.000414,0.966776,-0.255626,0.000000,4.910482,-0.103371,0,22,19.602490,0.029455,0,0
8.480099,0.994051,256.132800,460.196700,0,0,0,0,0,0,0.000000,0.000000,0.000000,0.000000,0.478763,0.000000,0.000000,0.000000,0.001024,0.949821,-0.312793,0.000414,0.966776,-0.255626,0.000000,4.812382,-0.198212,0,22,19.578150,0.029455,0,0
8.490099,0.996267,256.180000,460.386400,0,0,0,0,0,0,0.000000,0.000000,0.000000,0.000000,0.478763,0.000000,0.000000,0.000000,0.001024,0.949821,-0.312793,0.000414,0.966776,-0.255626,0.000000,4.714282,-0.293053,0,22,19.554260,0.029455,0,0
8.500099,0.998484,256.226100,460.576200,0,0,0,0,0,0,0.000000,0.000000,0.000000,0.000000,0.478763,0.000000,0.000000,0.000000,0.001024,0.949821,-0.312793,0.000414,0.966776,-0.255626,0.000000,4.616182,-0.387893,0,22,19.530850,0.029455,0,0
8.510099,1.000701,256.271300,460.766000,0,0,0,0,0,0,0.000000,0.000000,0.000000,0.000000,0.478763,0.000000,0.000000,0.000000,0.001024,0.949821,-0.312793,0.000414,0.966776,-0.255626,0.000000,4.518082,-0.482734,0,22,19.507890,0.029455,0,0
8.520100,1.002918,256.315500,460.955700,0,0,0,0,0,0,0.000000,0.000000,0.000000,0.000000,0.478763,0.000000,0.000000,0.000000,0.001024,0.949821,-0.312793,0.000414,0.966776,-0.255626,0.000000,4.419981,-0.577575,0,22,19.485400,0.029455,0,0
8.530100,1.005135,256.358700,461.145500,0,0,0,0,0,0,0.000000,0.000000,0.000000,0.000000,0.478763,0.000000,0.000000,0.000000,0.001024,0.949821,-0.312793,0.000414,0.966776,-0.255626,0.000000,4.321881,-0.672416,0,22,19.463390,0.029455,0,0
8.540100,1.007351,256.400900,461.335200,0,0,0,0,0,0,0.000000,0.000000,0.000000,0.000000,0.478763,0.000000,0.000000,0.000000,0.001024,0.949821,-0.312793,0.000414,0.966776,-0.255626,0.000000,4.223781,-0.767257,0,22,19.441840,0.029455,0,0
8.550100,1.009568,256.442200,461.525000,0,0,0,0,0,0,0.000000,0.000000,0.000000,0.000000,0.478763,0.000000,0.000000,0.000000,0.001024,0.949821,-0.312793,0.000414,0.966776,-0.255626,0.000000,4.125681,-0.862098,0,22,19.420760,0.029455,0,0
8.560101,1.011785,256.482500,461.714800,0,0,0,0,0,0,0.000000,0.000000,0.000000,0.000000,0.478763,0.000000,0.000000,0.000000,0.001024,0.949821,-0.312793,0.000414,0.966776,-0.255626,0.000000,4.027581,-0.956939,0,22,19.400160,0.029455,0,0
8.570101,1.014002,256.521800,461.904500,0,0,0,0,0,0,0.000000,0.000000,0.000000,0.000000,0.478763,0.000000,0.000000,0.000000,0.001024,0.949821,-0.312793,0.000414,0.966776,-0.255626,0.000000,3.929481,-1.051779,0,22,19.380030,0.029455,0,0
8.580101,1.016219,256.560100,462.094300,0,0,0,0,0,0,0.000000,0.000000,0.000000,0.000000,0.478763,0.000000,0.000000,0.000000,0.001024,0.949821,-0.312793,0.000414,0.966776,-0.255626,0.000000,3.831381,-1.146620,0,22,19.360380,0.029455,0,0
8.590101,1.018435,256.597400,462.284000,0,0,0,0,0,0,0.000000,0.000000,0.000000,0.000000,0.478763,0.000000,0.000000,0.000000,0.001024,0.949821,-0.312793,0.000414,0.966776,-0.255626,0.000000,3.733281,-1.241460,0,22,19.341200,0.029455,0,0
8.600101,1.020652,256.633800,462.473800,0,0,0,0,0,0,0.000000,0.000000,0.000000,0.000000,0.478763,0.000000,0.000000,0.000000,0.001024,0.949821,-0.312793,0.000414,0.966776,-0.255626,0.000000,3.635181,-1.336301,0,22,19.322510,0.029455,0,0
8.610102,1.022869,256.669100,462.663500,0,0,0,0,0,0,0.000000,0.000000,0.000000,0.000000,0.478763,0.000000,0.000000,0.000000,0.001024,0.949821,-0.312793,0.000414,0.966776,-0.255626,0.000000,3.537081,-1.431142,0,22,19.304290,0.029455,0,0
8.620102,1.025086,256.703500,462.853300,0,0,0,0,0,0,0.000000,0.000000,0.000000,0.000000,0.478763,0.000000,0.000000,0.000000,0.001024,0.949821,-0.312793,0.000414,0.966776,-0.255626,0.000000,3.438981,-1.525982,0,22,19.286560,0.029455,0,0
8.630102,1.027303,256.736900,463.043100,0,0,0,0,0,0,0.000000,0.000000,0.000000,0.000000,0.478763,0.000000,0.000000,0.000000,0.001024,0.949821,-0.312793,0.000414,0.966776,-0.255626,0.000000,3.340881,-1.620823,0,22,19.269310,0.029455,0,0
8.640102,1.029520,256.769400,463.232800,0,0,0,0,0,0,0.000000,0.000000,0.000000,0.000000,0.478763,0.000000,0.000000,0.000000,0.001024,0.949821,-0.312793,0.000414,0.966776,-0.255626,0.000000,3.242781,-1.715664,0,22,19.252540,0.029455,0,0
8.650103,1.031736,256.800800,463.422600,0,0,0,0,0,0,0.000000,0.000000,0.000000,0.000000,0.478763,0.000000,0.000000,0.000000,0.001024,0.949821,-0.312793,0.000414,0.966776,-0.255626,0.000000,3.144681,-1.810504,0,22,19.236260,0.029455,0,0
8.660103,1.033953,256.831300,463.612300,0,0,0,0,0,0,0.000000,0.000000,0.000000,0.000000,0.478763,0.000000,0.000000,0.000000,0.001024,0.949821,-0.312793,0.000414,0.966776,-0.255626,0.000000,3.046581,-1.905345,0,22,19.220470,0.029455,0,0
8.670103,1.036170,256.860700,463.802100,0,0,0,0,0,0,0.000000,0.000000,0.000000,0.000000,0.478763,0.000000,0.000000,0.000000,0.001024,0.949821,-0.312793,0.000414,0.966776,-0.255626,0.000000,2.948481,-2.000185,0,22,19.205160,0.029455,0,0
8.680103,1.038387,256.889300,463.991900,0,0,0,0,0,0,0.000000,0.000000,0.000000,0.000000,0.478763,0.000000,0.000000,0.000000,0.001024,0.949821,-0.312793,0.000414,0.966776,-0.255626,0.000000,2.850381,-2.095026,0,22,19.190350,0.029455,0,0
8.690104,1.040604,256.916800,464.181600,0,0,0,0,0,0,0.000000,0.000000,0.000000,0.000000,0.478763,0.000000,0.000000,0.000000,0.001024,0.949821,-0.312793,0.000414,0.966776,-0.255626,0.000000,2.752281,-2.189867,0,22,19.176020,0.029455,0,0
8.700104,1.042820,256.943300,464.371400,0,0,0,0,0,0,0.000000,0.000000,0.000000,0.000000,0.478763,0.000000,0.000000,0.000000,0.001024,0.949821,-0.312793,0.000414,0.966776,-0.255626,0.000000,2.654181,-2.284707,0,22,19.162190,0.029455,0,0
8.710104,1.045037,256.968900,464.561100,0,0,0,0,0,0,0.000000,0.000000,0.000000,0.000000,0.478763,0.000000,0.000000,0.000000,0.001024,0.949821,-0.312793,0.000414,0.966776,-0.255626,0.000000,2.556082,-2.379548,0,22,19.148850,0.029455,0,0
8.720104,1.047254,256.993500,464.750900,0,0,0,0,0,0,0.000000,0.000000,0.000000,0.000000,0.478763,0.000000,0.000000,0.000000,0.001024,0.949821,-0.312793,0.000414,0.966776,-0.255626,0.000000,2.457982,-2.474389,0,22,19.136000,0.029455,0,0
8.730104,1.049471,257.017100,464.940600,0,0,0,0,0,0,0.000000,0.000000,0.000000,0.000000,0.478763,0.000000,0.000000,0.000000,0.001024,0.949821,-0.312793,0.000414,0.966776,-0.255626,0.000000,2.359882,-2.569229,0,22,19.123650,0.029455,0,0
8.740105,1.051688,257.039700,465.130400,0,0,0,0,0,0,0.000000,0.000000,0.000000,0.000000,0.478763,0.000000,0.000000,0.000000,0.001024,0.949821,-0.312793,0.000414,0.966776,-0.255626,0.000000,2.261782,-2.664070,0,22,19.111790,0.029455,0,0
8.750105,1.053905,257.061300,465.320200,0,0,0,0,0,0,0.000000,0.000000,0.000000,0.000000,0.478763,0.000000,0.000000,0.000000,0.001024,0.949821,-0.312793,0.000414,0.966776,-0.255626,0.000000,2.163682,-2.758911,0,22,19.100430,0.029455,0,0
8.760105,1.056121,257.082000,465.509900,0,0,0,0,0,0,0.000000,0.000000,0.000000,0.000000,0.478763,0.000000,0.000000,0.000000,0.001024,0.949821,-0.312793,0.000414,0.966776,-0.255626,0.000000,2.065582,-2.853751,0,22,19.089560,0.029455,0,0
8.770105,1.058338,257.101700,465.699700,0,0,0,0,0,0,0.000000,0.000000,0.000000,0.000000,0.478763,0.000000,0.000000,0.000000,0.001024,0.949821,-0.312793,0.000414,0.966776,-0.255626,0.000000,1.967482,-2.948592,0,22,19.079200,0.029455,0,0
8.780106,1.060555,257.120400,465.889400,0,0,0,0,0,0,0.000000,0.000000,0.000000,0.000000,0.478763,0.000000,0.000000,0.000000,0.001024,0.949821,-0.312793,0.000414,0.966776,-0.255626,0.000000,1.869382,-3.043432,0,22,19.069330,0.029455,0,0
8.790106,1.062772,257.138100,466.079200,0,0,0,0,0,0,0.000000,0.000000,0.000000,0.000000,0.478763,0.000000,0.000000,0.000000,0.001024,0.949821,-0.312793,0.000414,0.966776,-0.255626,0.000000,1.771282,-3.138273,0,22,19.059970,0.029455,0,0
8.800106,1.064989,257.154800,466.269000,0,0,0,0,0,0,0.000000,0.000000,0.000000,0.000000,0.478763,0.000000,0.000000,0.000000,0.001024,0.949821,-0.312793,0.000414,0.966776,-0.255626,0.000000,1.673182,-3.233114,0,22,19.051100,0.029455,0,0
8.810106,1.067205,257.170500,466.458700,0,0,0,0,0,0,0.000000,0.000000,0.000000,0.000000,0.478763,0.000000,0.000000,0.000000,0.001024,0.949821,-0.312793,0.000414,0.966776,-0.255626,0.000000,1.575082,-3.327954,0,22,19.042730,0.029455,0,0
8.820107,1.069422,257.185300,466.648500,0,0,0,0,0,0,0.000000,0.000000,0.000000,0.000000,0.478763,0.000000,0.000000,0.000000,0.001024,0.949821,-0.312793,0.000414,0.966776,-0.255626,0.000000,1.476982,-3.422795,0,22,19.034870,0.029455,0,0
8.830107,1.071639,257.199100,466.838200,0,0,0,0,0,0,0.000000,0.000000,0.000000,0.000000,0.478763,0.000000,0.000000,0.000000,0.001024,0.949821,-0.312793,0.000414,0.966776,-0.255626,0.000000,1.378882,-3.517636,0,22,19.027510,0.029455,0,0
8.840107,1.073856,257.211900,467.028000,0,0,0,0,0,0,0.000000,0.000000,0.000000,0.000000,0.478763,0.000000,0.000000,0.000000,0.001024,0.949821,-0.312793,0.000414,0.966776,-0.255626,0.000000,1.280782,-3.612476,0,22,19.020650,0.029455,0,0
8.850107,1.076073,257.223800,467.217700,0,0,0,0,0,0,0.000000,0.000000,0.000000,0.000000,0.478763,0.000000,0.000000,0.000000,0.001024,0.949821,-0.312793,0.000414,0.966776,-0.255626,0.000000,1.182682,-3.707317,0,22,19.014300,0.029455,0,0
8.860107,1.078290,257.234600,467.407500,0,0,0,0,0,0,0.000000,0.000000,0.000000,0.000000,0.478763,0.000000,0.000000,0.000000,0.001024,0.949821,-0.312793,0.000414,0.966776,-0.255626,0.000000,1.084582,-3.802157,0,22,19.008450,0.029455,0,0
8.870108,1.080506,257.244400,467.597300,0,0,0,0,0,0,0.000000,0.000000,0.000000,0.000000,0.478763,0.000000,0.000000,0.000000,0.001024,0.949821,-0.312793,0.000414,0.966776,-0.255626,0.000000,0.986482,-3.896998,0,22,19.003100,0.029455,0,0
8.880108,1.082723,257.253300,467.787000,0,0,0,0,0,0,0.000000,0.000000,0.000000,0.000000,0.478763,0.000000,0.000000,0.000000,0.001024,0.949821,-0.312793,0.000414,0.966776,-0.255626,0.000000,0.888382,-3.991839,0,22,18.998260,0.029455,0,0
8.890108,1.084940,257.261200,467.976800,0,0,0,0,0,0,0.000000,0.000000,0.000000,0.000000,0.478763,0.000000,0.000000,0.000000,0.001024,0.949821,-0.312793,0.000414,0.966776,-0.255626,0.000000,0.790282,-4.086679,0,22,18.993930,0.029455,0,0
8.900108,1.087157,257.268200,468.166500,0,0,0,0,0,0,0.000000,0.000000,0.000000,0.000000,0.478763,0.000000,0.000000,0.000000,0.001024,0.949821,-0.312793,0.000414,0.966776,-0.255626,0.000000,0.692182,-4.181520,0,22,18.990100,0.029455,0,0
8.910109,1.089374,257.274100,468.356300,0,0,0,0,0,0,0.000000,0.000000,0.000000,0.000000,0.478763,0.000000,0.000000,0.000000,0.001024,0.949821,-0.312793,0.000414,0.966776,-0.255626,0.000000,0.594082,-4.276361,0,22,18.986780,0.029455,0,0
8.920109,1.091590,257.279100,468.546100,0,0,0,0,0,0,0.000000,0.000000,0.000000,0.000000,0.478763,0.000000,0.000000,0.000000,0.001024,0.949821,-0.312793,0.000414,0.966776,-0.255626,0.000000,0.495982,-4.371202,0,22,18.983960,0.029455,0,0
8.930109,1.093807,257.283100,468.735800,0,0,0,0,0,0,0.000000,0.000000,0.000000,0.000000,0.478763,0.000000,0.000000,0.000000,0.001024,0.949821,-0.312793,0.000414,0.966776,-0.255626,0.000000,0.397882,-4.466042,0,22,18.981650,0.029455,0,0
8.940109,1.096024,257.286000,468.925600,0,0,0,0,0,0,0.000000,0.000000,0.000000,0.000000,0.478763,0.000000,0.000000,0.000000,0.001024,0.949821,-0.312793,0.000414,0.966776,-0.255626,0.000000,0.299782,-4.560883,0,22,18.979850,0.029455,0,0
8.950109,1.098241,257.288100,469.115300,0,0,0,0,0,0,0.000000,0.000000,0.000000,0.000000,0.478763,0.000000,0.000000,0.000000,0.001024,0.949821,-0.312793,0.000414,0.966776,-0.255626,0.000000,0.201682,-4.655724,0,22,18.978550,0.029455,0,0
8.960110,1.100458,257.289100,469.305100,0,0,0,0,0,0,0.000000,0.000000,0.000000,0.000000,0.478763,0.000000,0.000000,0.000000,0.001024,0.949821,-0.312793,0.000414,0.966776,-0.255626,0.000000,0.103582,-4.750564,0,22,18.977760,0.029455,0,0
8.970110,1.102674,257.289200,469.494800,0,0,0,0,0,0,0.000000,0.000000,0.000000,0.000000,0.478763,0.000000,0.000000,0.000000,0.001024,0.949821,-0.312793,0.000414,0.966776,-0.255626,0.000000,0.005482,-4.845405,0,22,18.977480,0.029455,0,0
8.980110,1.104891,257.288200,469.684600,0,0,0,0,0,0,0.000000,0.000000,0.000000,0.000000,0.478763,0.000000,0.000000,0.000000,0.001024,0.949821,-0.312793,0.000414,0.966776,-0.255626,0.000000,-0.092618,-4.940246,0,22,18.977710,0.029455,0,0
8.990110,1.107108,257.286300,469.874400,0,0,0,0,0,0,0.000000,0.000000,0.000000,0.000000,0.478763,0.000000,0.000000,0.000000,0.001024,0.949821,-0.312793,0.000414,0.966776,-0.255626,0.000000,-0.190718,-5.035086,0,22,18.978440,0.029455,0,0
9.000111,1.109325,257.283400,470.064100,0,0,0,0,0,0,0.000000,0.000000,0.000000,0.000000,0.478763,0.000000,0.000000,0.000000,0.001024,0.949821,-0.312793,0.000414,0.966776,-0.255626,0.000000,-0.288818,-5.129927,0,22,18.979680,0.029455,0,0
9.010111,1.111542,257.279600,470.253900,0,0,0,0,0,0,0.000000,0.000000,0.000000,0.000000,0.478763,0.000000,0.000000,0.000000,0.001024,0.949821,-0.312793,0.000414,0.966776,-0.255626,0.000000,-0.386918,-5.224768,0,22,18.981430,0.029455,0,0
9.020111,1.113759,257.274700,470.443600,0,0,0,0,0,0,0.000000,0.000000,0.000000,0.000000,0.478763,0.000000,0.000000,0.000000,0.001024,0.949821,-0.312793,0.000414,0.966776,-0.255626,0.000000,-0.485018,-5.319608,0,22,18.983680,0.029455,0,0
9.030111,1.115975,257.268900,470.633400,0,0,0,0,0,0,0.000000,0.000000,0.000000,0.000000,0.478763,0.000000,0.000000,0.000000,0.001024,0.949821,-0.312793,0.000414,0.966776,-0.255626,0.000000,-0.583118,-5.414449,0,22,18.986440,0.029455,0,0
9.040112,1.118192,257.262100,470.823200,0,0,0,0,0,0,0.000000,0.000000,0.000000,0.000000,0.478763,0.000000,0.000000,0.000000,0.001024,0.949821,-0.312793,0.000414,0.966776,-0.255626,0.000000,-0.681218,-5.509290,0,22,18.989700,0.029455,0,0
9.050112,1.120409,257.254300,471.012900,0,0,0,0,0,0,0.000000,0.000000,0.000000,0.000000,0.478763,0.000000,0.000000,0.000000,0.001024,0.949821,-0.312793,0.000414,0.966776,-0.255626,0.000000,-0.779318,-5.604130,0,22,18.993480,0.029455,0,0
9.060112,1.122626,257.245500,471.202700,0,0,0,0,0,0,0.000000,0.000000,0.000000,0.000000,0.478763,0.000000,0.000000,0.000000,0.001024,0.949821,-0.312793,0.000414,0.966776,-0.255626,0.000000,-0.877418,-5.698971,0,22,18.997760,0.029455,0,0
9.070112,1.124843,257.235700,471.392400,0,0,0,0,0,0,0.000000,0.000000,0.000000,0.000000,0.478763,0.000000,0.000000,0.000000,0.001024,0.949821,-0.312793,0.000414,0.966776,-0.255626,0.000000,-0.975518,-5.793812,0,22,19.002540,0.029455,0,0
9.080112,1.127059,257.225000,471.582200,0,0,0,0,0,0,0.000000,0.000000,0.000000,0.000000,0.478763,0.000000,0.000000,0.000000,0.001024,0.949821,-0.312793,0.000414,0.966776,-0.255626,0.000000,-1.073618,-5.888652,0,22,19.007830,0.029455,0,0
9.090113,1.129276,257.213300,471.771900,0,0,0,0,0,0,0.000000,0.000000,0.000000,0.000000,0.478763,0.000000,0.000000,0.000000,0.001024,0.949821,-0.312793,0.000414,0.966776,-0.255626,0.000000,-1.171718,-5.983493,0,22,19.013620,0.029455,0,0
9.100113,1.131493,257.200600,471.961700,0,0,0,0,0,0,0.000000,0.000000,0.000000,0.000000,0.478763,0.000000,0.000000,0.000000,0.001024,0.949821,-0.312793,0.000414,0.966776,-0.255626,0.000000,-1.269818,-6.078334,0,22,19.019920,0.029455,0,0
9.110113,1.133710,257.186900,472.151500,0,0,0,0,0,0,0.000000,0.000000,0.000000,0.000000,0.478763,0.000000,0.000000,0.000000,0.001024,0.949821,-0.312793,0.000414,0.966776,-0.255626,0.000000,-1.367918,-6.173174,0,22,19.026720,0.029455,0,0
9.120113,1.135927,257.172300,472.341200,0,0,0,0,0,0,0.000000,0.000000,0.000000,0.000000,0.478763,0.000000,0.000000,0.000000,0.001024,0.949821,-0.312793,0.000414,0.966776,-0.255626,0.000000,-1.466017,-6.268015,0,22,19.034020,0.029455,0,0
9.130114,1.138144,257.156600,472.531000,0,0,0,0,0,0,0.000000,0.000000,0.000000,0.000000,0.478763,0.000000,0.000000,0.000000,0.001024,0.949821,-0.312793,0.000414,0.966776,-0.255626,0.000000,-1.564117,-6.362855,0,22,19.041830,0.029455,0,0
9.140114,1.140360,257.140000,472.720700,0,0,0,0,0,0,0.000000,0.000000,0.000000,0.000000,0.478763,0.000000,0.000000,0.000000,0.001024,0.949821,-0.312793,0.000414,0.966776,-0.255626,0.000000,-1.662217,-6.457696,0,22,19.050140,0.029455,0,0
9.150114,1.142577,257.122400,472.910500,0,0,0,0,0,0,0.000000,0.000000,0.000000,0.000000,0.478763,0.000000,0.000000,0.000000,0.001024,0.949821,-0.312793,0.000414,0.966776,-0.255626,0.000000,-1.760317,-6.552537,0,22,19.058950,0.029455,0,0
9.160114,1.144794,257.103800,473.100300,0,0,0,0,0,0,0.000000,0.000000,0.000000,0.000000,0.478763,0.000000,0.000000,0.000000,0.001024,0.949821,-0.312793,0.000414,0.966776,-0.255626,0.000000,-1.858417,-6.647377,0,22,19.068260,0.029455,0,0
9.170115,1.147011,257.084200,473.290000,0,0,0,0,0,0,0.000000,0.000000,0.000000,0.000000,0.478763,0.000000,0.000000,0.000000,0.001024,0.949821,-0.312793,0.000414,0.966776,-0.255626,0.000000,-1.956517,-6.742218,0,22,19.078070,0.029455,0,0
9.180115,1.149228,257.063700,473.479800,0,0,0,0,0,0,0.000000,0.000000,0.000000,0.000000,0.478763,0.000000,0.000000,0.000000,0.001024,0.949821,-0.312793,0.000414,0.966776,-0.255626,0.000000,-2.054617,-6.837059,0,22,19.088380,0.029455,0,0
9.190115,1.151444,257.042200,473.669500,0,0,0,0,0,0,0.000000,0.000000,0.000000,0.000000,0.478763,0.000000,0.000000,0.000000,0.001024,0.949821,-0.312793,0.000414,0.966776,-0.255626,0.000000,-2.152717,-6.931900,0,22,19.099190,0.029455,0,0
9.200115,1.153661,257.019700,473.859300,0,0,0,0,0,0,0.000000,0.000000,0.000000,0.000000,0.478763,0.000000,0.000000,0.000000,0.001024,0.949821,-0.312793,0.000414,0.966776,-0.255626,0.000000,-2.250817,-7.026740,0,22,19.110490,0.029455,0,0
9.210115,1.155878,256.996200,474.049000,0,0,0,0,0,0,0.000000,0.000000,0.000000,0.000000,0.478763,0.000000,0.000000,0.000000,0.001024,0.949821,-0.312793,0.000414,0.966776,-0.255626,0.000000,-2.348917,-7.121581,0,22,19.122300,0.029455,0,0
9.220116,1.158095,256.971700,474.238800,0,0,0,0,0,0,0.000000,0.000000,0.000000,0.000000,0.478763,0.000000,0.000000,0.000000,0.001024,0.949821,-0.312793,0.000414,0.966776,-0.255626,0.000000,-2.447017,-7.216421,0,22,19.134590,0.029455,0,0
9.230116,1.160312,256.946200,474.428600,0,0,0,0,0,0,0.000000,0.000000,0.000000,0.000000,0.478763,0.000000,0.000000,0.000000,0.001024,0.949821,-0.312793,0.000414,0.966776,-0.255626,0.000000,-2.545117,-7.311262,0,22,19.147390,0.029455,0,0
9.240116,1.162529,256.919800,474.618300,0,0,0,0,0,0,0.000000,0.000000,0.000000,0.000000,0.478763,0.000000,0.000000,0.000000,0.001024,0.949821,-0.312793,0.000414,0.966776,-0.255626,0.000000,-2.643217,-7.406103,0,22,19.160670,0.029455,0,0
9.250116,1.164745,256.892400,474.808100,0,0,0,0,0,0,0.000000,0.000000,0.000000,0.000000,0.478763,0.000000,0.000000,0.000000,0.001024,0.949821,-0.312793,0.000414,0.966776,-0.255626,0.000000,-2.741317,-7.500943,0,22,19.174450,0.029455,0,0
9.260117,1.166962,256.864000,474.997800,0,0,0,0,0,0,0.000000,0.000000,0.000000,0.000000,0.478763,0.000000,0.000000,0.000000,0.001024,0.949821,-0.312793,0.000414,0.966776,-0.255626,0.000000,-2.839417,-7.595784,0,22,19.188720,0.029455,0,0
9.270117,1.169179,256.834600,475.187600,0,0,0,0,0,0,0.000000,0.000000,0.000000,0.000000,0.478763,0.000000,0.000000,0.000000,0.001024,0.949821,-0.312793,0.000414,0.966776,-0.255626,0.000000,-2.937517,-7.690624,0,22,19.203480,0.029455,0,0
9.280117,1.171396,256.804300,475.377300,0,0,0,0,0,0,0.000000,0.000000,0.000000,0.000000,0.478763,0.000000,0.000000,0.000000,0.001024,0.949821,-0.312793,0.000414,0.966776,-0.255626,0.000000,-3.035617,-7.785465,0,22,19.218730,0.029455,0,0
9.290117,1.173613,256.772900,475.567100,0,0,0,0,0,0,0.000000,0.000000,0.000000,0.000000,0.478763,0.000000,0.000000,0.000000,0.001024,0.949821,-0.312793,0.000414,0.966776,-0.255626,0.000000,-3.133717,-7.880306,0,22,19.234470,0.029455,0,0
9.300117,1.175829,256.740600,475.756900,0,0,0,0,0,0,0.000000,0.000000,0.000000,0.000000,0.478763,0.000000,0.000000,0.000000,0.001024,0.949821,-0.312793,0.000414,0.966776,-0.255626,0.000000,-3.231817,-7.975146,0,22,19.250700,0.029455,0,0
9.310118,1.178046,256.707300,475.946600,0,0,0,0,0,0,0.000000,0.000000,0.000000,0.000000,0.478763,0.000000,0.000000,0.000000,0.001024,0.949821,-0.312793,0.000414,0.966776,-0.255626,0.000000,-3.329916,-8.069987,0,22,19.267410,0.029455,0,0
9.320118,1.180263,256.673000,476.136400,0,0,0,0,0,0,0.000000,0.000000,0.000000,0.000000,0.478763,0.000000,0.000000,0.000000,0.001024,0.949821,-0.312793,0.000414,0.966776,-0.255626,0.000000,-3.428016,-8.164827,0,22,19.284610,0.029455,0,0
9.330118,1.182480,256.637800,476.326100,0,0,0,0,0,0,0.000000,0.000000,0.000000,0.000000,0.478763,0.000000,0.000000,0.000000,0.001024,0.949821,-0.312793,0.000414,0.966776,-0.255626,0.000000,-3.526116,-8.259668,0,22,19.302290,0.029455,0,0
9.340118,1.184697,256.601500,476.515900,0,0,0,0,0,0,0.000000,0.000000,0.000000,0.000000,0.478763,0.000000,0.000000,0.000000,0.001024,0.949821,-0.312793,0.000414,0.966776,-0.255626,0.000000,-3.624216,-8.354508,0,22,19.320450,0.029455,0,0
9.350119,1.186913,256.564300,476.705700,0,0,0,0,0,0,0.000000,0.000000,0.000000,0.000000,0.478763,0.000000,0.000000,0.000000,0.001024,0.949821,-0.312793,0.000414,0.966776,-0.255626,0.000000,-3.722316,-8.449349,0,22,19.339090,0.029455,0,0
9.360119,1.189130,256.526100,476.895400,0,0,0,0,0,0,0.000000,0.000000,0.000000,0.000000,0.478763,0.000000,0.000000,0.000000,0.001024,0.949821,-0.312793,0.000414,0.966776,-0.255626,0.000000,-3.820416,-8.544190,0,22,19.358210,0.029455,0,0
9.370119,1.191347,256.486900,477.085200,0,0,0,0,0,0,0.000000,0.000000,0.000000,0.000000,0.478763,0.000000,0.000000,0.000000,0.001024,0.949821,-0.312793,0.000414,0.966776,-0.255626,0.000000,-3.918516,-8.639030,0,22,19.377810,0.029455,0,0
9.380119,1.193564,256.446700,477.274900,0,0,0,0,0,0,0.000000,0.000000,0.000000,0.000000,0.478763,0.000000,0.000000,0.000000,0.001024,0.949821,-0.312793,0.000414,0.966776,-0.255626,0.000000,-4.016616,-8.733871,0,22,19.397890,0.029455,0,0
9.390120,1.195781,256.405600,477.464700,0,0,0,0,0,0,0.000000,0.000000,0.000000,0.000000,0.478763,0.000000,0.000000,0.000000,0.001024,0.949821,-0.312793,0.000414,0.966776,-0.255626,0.000000,-4.114717,-8.828712,0,22,19.418440,0.029455,0,0
9.400120,1.197998,256.363500,477.654400,0,0,0,0,0,0,0.000000,0.000000,0.000000,0.000000,0.478763,0.000000,0.000000,0.000000,0.001024,0.949821,-0.312793,0.000414,0.966776,-0.255626,0.000000,-4.212817,-8.923553,0,22,19.439460,0.029455,0,0
9.410120,1.200214,256.320400,477.844200,0,0,0,0,0,0,0.000000,0.000000,0.000000,0.000000,0.478763,0.000000,0.000000,0.000000,0.001024,0.949821,-0.312793,0.000414,0.966776,-0.255626,0.000000,-4.310917,-9.018394,0,22,19.460960,0.029455,0,0
9.420120,1.202431,256.276300,478.034000,0,0,0,0,0,0,0.000000,0.000000,0.000000,0.000000,0.478763,0.000000,0.000000,0.000000,0.001024,0.949821,-0.312793,0.000414,0.966776,-0.255626,0.000000,-4.409017,-9.113235,0,22,19.482920,0.029455,0,0
9.430120,1.204648,256.231200,478.223700,0,0,0,0,0,0,0.000000,0.000000,0.000000,0.000000,0.478763,0.000000,0.000000,0.000000,0.001024,0.949821,-0.312793,0.000414,0.966776,-0.255626,0.000000,-4.507117,-9.208076,0,22,19.505360,0.029455,0,0
9.440121,1.206865,256.185200,478.413500,0,0,0,0,0,0,0.000000,0.000000,0.000000,0.000000,0.478763,0.000000,0.000000,0.000000,0.001024,0.949821,-0.312793,0.000414,0.966776,-0.255626,0.000000,-4.605217,-9.302917,0,22,19.528260,0.029455,0,0
9.450121,1.209082,256.138100,478.603200,0,0,0,0,0,0,0.000000,0.000000,0.000000,0.000000,0.478763,0.000000,0.000000,0.000000,0.001024,0.949821,-0.312793,0.000414,0.966776,-0.255626,0.000000,-4.703318,-9.397758,0,22,19.551620,0.029455,0,0
9.460121,1.211298,256.090100,478.793000,0,0,0,0,0,0,0.000000,0.000000,0.000000,0.000000,0.478763,0.000000,0.000000,0.000000,0.001024,0.949821,-0.312793,0.000414,0.966776,-0.255626,0.000000,-4.801418,-9.492599,0,22,19.575450,0.029455,0,0
9.470121,1.213515,256.041100,478.982800,0,0,0,0,0,0,0.000000,0.000000,0.000000,0.000000,0.478763,0.000000,0.000000,0.000000,0.001024,0.949821,-0.312793,0.000414,0.966776,-0.255626,0.000000,-4.899518,-9.587440,0,22,19.599750,0.029455,0,0
9.480122,1.215732,255.991200,479.172500,0,0,0,0,0,0,0.000000,0.000000,0.000000,0.000000,0.478763,0.000000,0.000000,0.000000,0.001024,0.949821,-0.312793,0.000414,0.966776,-0.255626,0.000000,-4.997618,-9.682281,0,22,19.624500,0.029455,0,0
9.490122,1.217949,255.940200,479.362300,0,0,0,0,0,0,0.000000,0.000000,0.000000,0.000000,0.478763,0.000000,0.000000,0.000000,0.001024,0.949821,-0.312793,0.000414,0.966776,-0.255626,0.000000,-5.095718,-9.777121,0,22,19.649710,0.029455,0,0
9.500122,1.220166,255.888300,479.552000,0,0,0,0,0,0,0.000000,0.000000,0.000000,0.000000,0.478763,0.000000,0.000000,0.000000,0.001024,0.949821,-0.312793,0.000414,0.966776,-0.255626,0.000000,-5.193819,-9.871962,0,22,19.675380,0.029455,0,0
9.510122,1.222383,255.835300,479.741800,0,0,0,0,0,0,0.000000,0.000000,0.000000,0.000000,0.478763,0.000000,0.000000,0.000000,0.001024,0.949821,-0.312793,0.000414,0.966776,-0.255626,0.000000,-5.291919,-9.966803,0,22,19.701500,0.029455,0,0
9.520123,1.224599,255.781400,479.931500,0,0,0,0,0,0,0.000000,0.000000,0.000000,0.000000,0.478763,0.000000,0.000000,0.000000,0.001024,0.949821,-0.312793,0.000414,0.966776,-0.255626,0.000000,-5.390019,-10.061640,0,22,19.728080,0.029455,0,0
9.530123,1.226816,255.726600,480.121300,0,0,0,0,0,0,0.000000,0.000000,0.000000,0.000000,0.478763,0.000000,0.000000,0.000000,0.001024,0.949821,-0.312793,0.000414,0.966776,-0.255626,0.000000,-5.488119,-10.156480,0,22,19.755110,0.029455,0,0
9.540123,1.229033,255.670700,480.311100,0,0,0,0,0,0,0.000000,0.000000,0.000000,0.000000,0.478763,0.000000,0.000000,0.000000,0.001024,0.949821,-0.312793,0.000414,0.966776,-0.255626,0.000000,-5.586219,-10.251330,0,22,19.782590,0.029455,0,0
9.550123,1.231250,255.613900,480.500800,0,0,0,0,0,0,0.000000,0.000000,0.000000,0.000000,0.478763,0.000000,0.000000,0.000000,0.001024,0.949821,-0.312793,0.000414,0.966776,-0.255626,0.000000,-5.684319,-10.346170,0,22,19.810510,0.029455,0,0
9.560123,1.233467,255.556000,480.690600,0,0,0,0,0,0,0.000000,0.000000,0.000000,0.000000,0.478763,0.000000,0.000000,0.000000,0.001024,0.949821,-0.312793,0.000414,0.966776,-0.255626,0.000000,-5.782420,-10.441010,0,22,19.838880,0.029455,0,0
9.570124,1.235683,255.497200,480.880300,0,0,0,0,0,0,0.000000,0.000000,0.000000,0.000000,0.478763,0.000000,0.000000,0.000000,0.001024,0.949821,-0.312793,0.000414,0.966776,-0.255626,0.000000,-5.880520,-10.535850,0,22,19.867690,0.029455,0,0
9.580124,1.237900,255.437400,481.070100,0,0,0,0,0,0,0.000000,0.000000,0.000000,0.000000,0.478763,0.000000,0.000000,0.000000,0.001024,0.949821,-0.312793,0.000414,0.966776,-0.255626,0.000000,-5.978620,-10.630690,0,22,19.896950,0.029455,0,0
9.590124,1.240117,255.376700,481.259900,0,0,0,0,0,0,0.000000,0.000000,0.000000,0.000000,0.478763,0.000000,0.000000,0.000000,0.001024,0.949821,-0.312793,0.000414,0.966776,-0.255626,0.000000,-6.076720,-10.725530,0,22,19.926650,0.029455,0,0
9.600124,1.242334,255.314900,481.449600,0,0,0,0,0,0,0.000000,0.000000,0.000000,0.000000,0.478763,0.000000,0.000000,0.000000,0.001024,0.949821,-0.312793,0.000414,0.966776,-0.255626,0.000000,-6.174820,-10.820370,0,22,19.956780,0.029455,0,0
9.610125,1.244551,255.252200,481.639400,0,0,0,0,0,0,0.000000,0.000000,0.000000,0.000000,0.478763,0.000000,0.000000,0.000000,0.001024,0.949821,-0.312793,0.000414,0.966776,-0.255626,0.000000,-6.272921,-10.915210,0,22,19.987350,0.029455,0,0
9.620125,1.246768,255.188500,481.829100,0,0,0,0,0,0,0.000000,0.000000,0.000000,0.000000,0.478763,0.000000,0.000000,0.000000,0.001024,0.949821,-0.312793,0.000414,0.966776,-0.255626,0.000000,-6.371021,-11.010050,0,22,20.018360,0.029455,0,0
9.630125,1.248984,255.123800,482.018900,0,0,0,0,0,0,0.000000,0.000000,0.000000,0.000000,0.478763,0.000000,0.000000,0.000000,0.001024,0.949821,-0.312793,0.000414,0.966776,-0.255626,0.000000,-6.469121,-11.104890,0,22,20.049800,0.029455,0,0
9.640125,1.251201,255.058100,482.208600,0,0,0,0,0,0,0.000000,0.000000,0.000000,0.000000,0.478763,0.000000,0.000000,0.000000,0.001024,0.949821,-0.312793,0.000414,0.966776,-0.255626,0.000000,-6.567221,-11.199730,0,22,20.081660,0.029455,0,0
9.650126,1.253418,254.991500,482.398400,0,0,0,0,0,0,0.000000,0.000000,0.000000,0.000000,0.478763,0.000000,0.000000,0.000000,0.001024,0.949821,-0.312793,0.000414,0.966776,-0.255626,0.000000,-6.665321,-11.294570,0,22,20.113960,0.029455,0,0
9.660126,1.255635,254.923800,482.588200,0,0,0,0,0,0,0.000000,0.000000,0.000000,0.000000,0.478763,0.000000,0.000000,0.000000,0.001024,0.949821,-0.312793,0.000414,0.966776,-0.255626,0.000000,-6.763422,-11.389420,0,22,20.146680,0.029455,0,0
9.670126,1.257852,254.855200,482.777900,0,0,0,0,0,0,0.000000,0.000000,0.000000,0.000000,0.478763,0.000000,0.000000,0.000000,0.001024,0.949821,-0.312793,0.000414,0.966776,-0.255626,0.000000,-6.861522,-11.484260,0,22,20.179820,0.029455,0,0
9.680126,1.260068,254.785600,482.967700,0,0,0,0,0,0,0.000000,0.000000,0.000000,0.000000,0.478763,0.000000,0.000000,0.000000,0.001024,0.949821,-0.312793,0.000414,0.966776,-0.255626,0.000000,-6.959622,-11.579100,0,22,20.213390,0.029455,0,0
9.690126,1.262285,254.715100,483.157400,0,0,0,0,0,0,0.000000,0.000000,0.000000,0.000000,0.478763,0.000000,0.000000,0.000000,0.001024,0.949821,-0.312793,0.000414,0.966776,-0.255626,0.000000,-7.057722,-11.673940,0,22,20.247380,0.029455,0,0
9.700127,1.264502,254.643500,483.347200,0,0,0,0,0,0,0.000000,0.000000,0.000000,0.000000,0.478763,0.000000,0.000000,0.000000,0.001024,0.949821,-0.312793,0.000414,0.966776,-0.255626,0.000000,-7.155822,-11.768780,0,22,20.281780,0.029455,0,0
9.710127,1.266719,254.571000,483.537000,0,0,0,0,0,0,0.000000,0.000000,0.000000,0.000000,0.478763,0.000000,0.000000,0.000000,0.001024,0.949821,-0.312793,0.000414,0.966776,-0.255626,0.000000,-7.253922,-11.863620,0,22,20.316600,0.029455,0,0
9.720127,1.268936,254.497400,483.726700,0,0,0,0,0,0,0.000000,0.000000,0.000000,0.000000,0.478763,0.000000,0.000000,0.000000,0.001024,0.949821,-0.312793,0.000414,0.966776,-0.255626,0.000000,-7.352023,-11.958460,0,22,20.351830,0.029455,0,0
9.730127,1.271152,254.422900,483.916500,0,0,0,0,0,0,0.000000,0.000000,0.000000,0.000000,0.478763,0.000000,0.000000,0.000000,0.001024,0.949821,-0.312793,0.000414,0.966776,-0.255626,0.000000,-7.450123,-12.053300,0,22,20.387470,0.029455,0,0
9.740128,1.273369,254.347400,484.106200,0,0,0,0,0,0,0.000000,0.000000,0.000000,0.000000,0.478763,0.000000,0.000000,0.000000,0.001024,0.949821,-0.312793,0.000414,0.966776,-0.255626,0.000000,-7.548223,-12.148140,0,22,20.423530,0.029455,0,0
9.750128,1.275586,254.271000,484.296000,0,0,0,0,0,0,0.000000,0.000000,0.000000,0.000000,0.478763,0.000000,0.000000,0.000000,0.001024,0.949821,-0.312793,0.000414,0.966776,-0.255626,0.000000,-7.646323,-12.242980,0,22,20.459990,0.029455,0,0
9.760128,1.277803,254.193500,484.485700,0,0,0,0,0,0,0.000000,0.000000,0.000000,0.000000,0.478763,0.000000,0.000000,0.000000,0.001024,0.949821,-0.312793,0.000414,0.966776,-0.255626,0.000000,-7.744423,-12.337820,0,22,20.496850,0.029455,0,0
9.770128,1.280020,254.115100,484.675500,0,0,0,0,0,0,0.000000,0.000000,0.000000,0.000000,0.478763,0.000000,0.000000,0.000000,0.001024,0.949821,-0.312793,0.000414,0.966776,-0.255626,0.000000,-7.842524,-12.432660,0,22,20.534120,0.029455,0,0
9.780128,1.282237,254.035700,484.865300,0,0,0,0,0,0,0.000000,0.000000,0.000000,0.000000,0.478763,0.000000,0.000000,0.000000,0.001024,0.949821,-0.312793,0.000414,0.966776,-0.255626,0.000000,-7.940624,-12.527510,0,22,20.571780,0.029455,0,0
9.790129,1.284453,253.955300,485.055000,0,0,0,0,0,0,0.000000,0.000000,0.000000,0.000000,0.478763,0.000000,0.000000,0.000000,0.001024,0.949821,-0.312793,0.000414,0.966776,-0.255626,0.000000,-8.038724,-12.622350,0,22,20.609850,0.029455,0,0
9.800129,1.286670,253.873900,485.244800,0,0,0,0,0,0,0.000000,0.000000,0.000000,0.000000,0.478763,0.000000,0.000000,0.000000,0.001024,0.949821,-0.312793,0.000414,0.966776,-0.255626,0.000000,-8.136824,-12.717190,0,22,20.648310,0.029455,0,0
9.810129,1.288887,253.791600,485.434500,0,0,0,0,0,0,0.000000,0.000000,0.000000,0.000000,0.478763,0.000000,0.000000,0.000000,0.001024,0.949821,-0.312793,0.000414,0.966776,-0.255626,0.000000,-8.234923,-12.812030,0,22,20.687160,0.029455,0,0
9.820129,1.291104,253.708300,485.624300,0,0,0,0,0,0,0.000000,0.000000,0.000000,0.000000,0.478763,0.000000,0.000000,0.000000,0.001024,0.949821,-0.312793,0.000414,0.966776,-0.255626,0.000000,-8.333023,-12.906870,0,22,20.726410,0.029455,0,0
9.830130,1.293321,253.624000,485.814100,0,0,0,0,0,0,0.000000,0.000000,0.000000,0.000000,0.478763,0.000000,0.000000,0.000000,0.001024,0.949821,-0.312793,0.000414,0.966776,-0.255626,0.000000,-8.431123,-13.001710,0,22,20.766040,0.029455,0,0
9.840130,1.295537,253.538700,486.003800,0,0,0,0,0,0,0.000000,0.000000,0.000000,0.000000,0.478763,0.000000,0.000000,0.000000,0.001024,0.949821,-0.312793,0.000414,0.966776,-0.255626,0.000000,-8.529222,-13.096550,0,22,20.806070,0.029455,0,0
9.850130,1.297754,253.452400,486.193600,0,0,0,0,0,0,0.000000,0.000000,0.000000,0.000000,0.478763,0.000000,0.000000,0.000000,0.001024,0.949821,-0.312793,0.000414,0.966776,-0.255626,0.000000,-8.627322,-13.191390,0,22,20.846470,0.029455,0,0
9.860130,1.299971,253.365100,486.383300,0,0,0,0,0,0,0.000000,0.000000,0.000000,0.000000,0.478763,0.000000,0.000000,0.000000,0.001024,0.949821,-0.312793,0.000414,0.966776,-0.255626,0.000000,-8.725422,-13.286230,0,22,20.887260,0.029455,0,0
9.870131,1.302188,253.276900,486.573100,0,0,0,0,0,0,0.000000,0.000000,0.000000,0.000000,0.478763,0.000000,0.000000,0.000000,0.001024,0.949821,-0.312793,0.000414,0.966776,-0.255626,0.000000,-8.823522,-13.381070,0,22,20.928430,0.029455,0,0
9.880131,1.304405,253.187700,486.762800,0,0,0,0,0,0,0.000000,0.000000,0.000000,0.000000,0.478763,0.000000,0.000000,0.000000,0.001024,0.949821,-0.312793,0.000414,0.966776,-0.255626,0.000000,-8.921621,-13.475910,0,22,20.969980,0.029455,0,0
9.890131,1.306622,253.097500,486.952600,0,0,0,0,0,0,0.000000,0.000000,0.000000,0.000000,0.478763,0.000000,0.000000,0.000000,0.001024,0.949821,-0.312793,0.000414,0.966776,-0.255626,0.000000,-9.019721,-13.570750,0,22,21.011910,0.029455,0,0
9.900131,1.308838,253.006300,487.142400,0,0,0,0,0,0,0.000000,0.000000,0.000000,0.000000,0.478763,0.000000,0.000000,0.000000,0.001024,0.949821,-0.312793,0.000414,0.966776,-0.255626,0.000000,-9.117821,-13.665590,0,22,21.054200,0.029455,0,0
9.910131,1.311055,252.914200,487.332100,0,0,0,0,0,0,0.000000,0.000000,0.000000,0.000000,0.478763,0.000000,0.000000,0.000000,0.001024,0.949821,-0.312793,0.000414,0.966776,-0.255626,0.000000,-9.215920,-13.760430,0,22,21.096870,0.029455,0,0
9.920132,1.313272,252.821000,487.521900,0,0,0,0,0,0,0.000000,0.000000,0.000000,0.000000,0.478763,0.000000,0.000000,0.000000,0.001024,0.949821,-0.312793,0.000414,0.966776,-0.255626,0.000000,-9.314020,-13.855270,0,22,21.139910,0.029455,0,0
9.930132,1.315489,252.726900,487.711600,0,0,0,0,0,0,0.000000,0.000000,0.000000,0.000000,0.478763,0.000000,0.000000,0.000000,0.001024,0.949821,-0.312793,0.000414,0.966776,-0.255626,0.000000,-9.412120,-13.950110,0,22,21.183310,0.029455,0,0
9.940132,1.317706,252.631800,487.901400,0,0,0,0,0,0,0.000000,0.000000,0.000000,0.000000,0.478763,0.000000,0.000000,0.000000,0.001024,0.949821,-0.312793,0.000414,0.966776,-0.255626,0.000000,-9.510220,-14.044950,0,22,21.227080,0.029455,0,0
9.950132,1.319922,252.535700,488.091200,0,0,0,0,0,0,0.000000,0.000000,0.000000,0.000000,0.478763,0.000000,0.000000,0.000000,0.001024,0.949821,-0.312793,0.000414,0.966776,-0.255626,0.000000,-9.608319,-14.139790,0,22,21.271220,0.029455,0,0
9.960133,1.322139,252.438600,488.280900,0,0,0,0,0,0,0.000000,0.000000,0.000000,0.000000,0.478763,0.000000,0.000000,0.000000,0.001024,0.949821,-0.312793,0.000414,0.966776,-0.255626,0.000000,-9.706419,-14.234630,0,22,21.315710,0.029455,0,0
9.970133,1.324356,252.340600,488.470700,0,0,0,0,0,0,0.000000,0.000000,0.000000,0.000000,0.478763,0.000000,0.000000,0.000000,0.001024,0.949821,-0.312793,0.000414,0.966776,-0.255626,0.000000,-9.804519,-14.329470,0,22,21.360560,0.029455,0,0
9.980133,1.326573,252.241600,488.660400,0,0,0,0,0,0,0.000000,0.000000,0.000000,0.000000,0.478763,0.000000,0.000000,0.000000,0.001024,0.949821,-0.312793,0.000414,0.966776,-0.255626,0.000000,-9.902618,-14.424310,0,22,21.405760,0.029455,0,0
9.990133,1.328790,252.141600,488.850200,0,0,0,0,0,0,0.000000,0.000000,0.000000,0.000000,0.478763,0.000000,0.000000,0.000000,0.001024,0.949821,-0.312793,0.000414,0.966776,-0.255626,0.000000,-10.000720,-14.519150,0,22,21.451320,0.029455,0,0
10.000130,1.331007,252.040600,489.039900,0,0,0,0,0,0,0.000000,0.000000,0.000000,0.000000,0.478763,0.000000,0.000000,0.000000,0.001024,0.949821,-0.312793,0.000414,0.966776,-0.255626,0.000000,-10.098820,-14.614000,0,22,21.497230,0.029455,0,0
10.010130,1.333223,251.938600,489.229700,0,0,0,0,0,0,0.000000,0.000000,0.000000,0.000000,0.478763,0.000000,0.000000,0.000000,0.001024,0.949821,-0.312793,0.000414,0.966776,-0.255626,0.000000,-10.196920,-14.708840,0,22,21.543490,0.029455,0,0
10.020130,1.335440,251.835700,489.419500,0,0,0,0,0,0,0.000000,0.000000,0.000000,0.000000,0.478763,0.000000,0.000000,0.000000,0.001024,0.949821,-0.312793,0.000414,0.966776,-0.255626,0.000000,-10.295020,-14.803680,0,22,21.590100,0.029455,0,0
10.030130,1.337657,251.731700,489.609200,0,0,0,0,0,0,0.000000,0.000000,0.000000,0.000000,0.478763,0.000000,0.000000,0.000000,0.001024,0.949821,-0.312793,0.000414,0.966776,-0.255626,0.000000,-10.393120,-14.898520,0,22,21.637040,0.029455,0,0
10.040130,1.339874,251.626800,489.799000,0,0,0,0,0,0,0.000000,0.000000,0.000000,0.000000,0.478763,0.000000,0.000000,0.000000,0.001024,0.949821,-0.312793,0.000414,0.966776,-0.255626,0.000000,-10.491220,-14.993360,0,22,21.684340,0.029455,0,0
10.050130,1.342091,251.520900,489.988700,0,0,0,0,0,0,0.000000,0.000000,0.000000,0.000000,0.478763,0.000000,0.000000,0.000000,0.001024,0.949821,-0.312793,0.000414,0.966776,-0.255626,0.000000,-10.589320,-15.088200,0,22,21.731970,0.029455,0,0
10.060130,1.344307,251.414000,490.178500,0,0,0,0,0,0,0.000000,0.000000,0.000000,0.000000,0.478763,0.000000,0.000000,0.000000,0.001024,0.949821,-0.312793,0.000414,0.966776,-0.255626,0.000000,-10.687420,-15.183040,0,22,21.779940,0.029455,0,0
10.070140,1.346524,251.306200,490.368300,0,0,0,0,0,0,0.000000,0.000000,0.000000,0.000000,0.478763,0.000000,0.000000,0.000000,0.001024,0.949821,-0.312793,0.000414,0.966776,-0.255626,0.000000,-10.785520,-15.277880,0,22,21.828240,0.029455,0,0
10.080140,1.348741,251.197400,490.558000,0,0,0,0,0,0,0.000000,0.000000,0.000000,0.000000,0.478763,0.000000,0.000000,0.000000,0.001024,0.949821,-0.312793,0.000414,0.966776,-0.255626,0.000000,-10.883620,-15.372720,0,22,21.876880,0.029455,0,0
10.090140,1.350958,251.087500,490.747800,0,0,0,0,0,0,0.000000,0.000000,0.000000,0.000000,0.478763,0.000000,0.000000,0.000000,0.001024,0.949821,-0.312793,0.000414,0.966776,-0.255626,0.000000,-10.981720,-15.467560,0,22,21.925850,0.029455,0,0
10.100140,1.353175,250.976700,490.937500,0,0,0,0,0,0,0.000000,0.000000,0.000000,0.000000,0.478763,0.000000,0.000000,0.000000,0.001024,0.949821,-0.312793,0.000414,0.966776,-0.255626,0.000000,-11.079810,-15.562400,0,22,21.975150,0.029455,0,0
10.110140,1.355392,250.865000,491.127300,0,0,0,0,0,0,0.000000,0.000000,0.000000,0.000000,0.478763,0.000000,0.000000,0.000000,0.001024,0.949821,-0.312793,0.000414,0.966776,-0.255626,0.000000,-11.177910,-15.657240,0,22,22.024770,0.029455,0,0
10.120140,1.357608,250.752200,491.317000,0,0,0,0,0,0,0.000000,0.000000,0.000000,0.000000,0.478763,0.000000,0.000000,0.000000,0.001024,0.949821,-0.312793,0.000414,0.966776,-0.255626,0.000000,-11.276010,-15.752080,0,22,22.074720,0.029455,0,0
10.130140,1.359825,250.638500,491.506800,0,0,0,0,0,0,0.000000,0.000000,0.000000,0.000000,0.478763,0.000000,0.000000,0.000000,0.001024,0.949821,-0.312793,0.000414,0.966776,-0.255626,0.000000,-11.374110,-15.846920,0,22,22.124990,0.029455,0,0
10.140140,1.362042,250.523700,491.696600,0,0,0,0,0,0,0.000000,0.000000,0.000000,0.000000,0.478763,0.000000,0.000000,0.000000,0.001024,0.949821,-0.312793,0.000414,0.966776,-0.255626,0.000000,-11.472210,-15.941760,0,22,22.175580,0.029455,0,0
10.150140,1.364259,250.408000,491.886300,0,0,0,0,0,0,0.000000,0.000000,0.000000,0.000000,0.478763,0.000000,0.000000,0.000000,0.001024,0.949821,-0.312793,0.000414,0.966776,-0.255626,0.000000,-11.570310,-16.036600,0,22,22.226490,0.029455,0,0
10.160140,1.366476,250.291400,492.076100,0,0,0,0,0,0,0.000000,0.000000,0.000000,0.000000,0.478763,0.000000,0.000000,0.000000,0.001024,0.949821,-0.312793,0.000414,0.966776,-0.255626,0.000000,-11.668410,-16.131440,0,22,22.277720,0.029455,0,0
10.170140,1.368692,250.173700,492.265800,0,0,0,0,0,0,0.000000,0.000000,0.000000,0.000000,0.478763,0.000000,0.000000,0.000000,0.001024,0.949821,-0.312793,0.000414,0.966776,-0.255626,0.000000,-11.766510,-16.226280,0,22,22.329250,0.029455,0,0
10.180140,1.370909,250.055000,492.455600,0,0,0,0,0,0,0.000000,0.000000,0.000000,0.000000,0.478763,0.000000,0.000000,0.000000,0.001024,0.949821,-0.312793,0.000414,0.966776,-0.255626,0.000000,-11.864610,-16.321120,0,22,22.381100,0.029455,0,0
10.190140,1.373126,249.935400,492.645400,0,0,0,0,0,0,0.000000,0.000000,0.000000,0.000000,0.478763,0.000000,0.000000,0.000000,0.001024,0.949821,-0.312793,0.000414,0.966776,-0.255626,0.000000,-11.962710,-16.415960,0,22,22.433260,0.029455,0,0
10.200140,1.375343,249.814800,492.835100,0,0,0,0,0,0,0.000000,0.000000,0.000000,0.000000,0.478763,0.000000,0.000000,0.000000,0.001024,0.949821,-0.312793,0.000414,0.966776,-0.255626,0.000000,-12.060810,-16.510800,0,22,22.485730,0.029455,0,0
10.210140,1.377560,249.693200,493.024900,0,0,0,0,0,0,0.000000,0.000000,0.000000,0.000000,0.478763,0.000000,0.000000,0.000000,0.001024,0.949821,-0.312793,0.000414,0.966776,-0.255626,0.000000,-12.158910,-16.605640,0,22,22.538500,0.029455,0,0
10.220140,1.379776,249.570600,493.214600,0,0,0,0,0,0,0.000000,0.000000,0.000000,0.000000,0.478763,0.000000,0.000000,0.000000,0.001024,0.949821,-0.312793,0.000414,0.966776,-0.255626,0.000000,-12.257010,-16.700480,0,22,22.591570,0.029455,0,0
10.230140,1.381993,249.447100,493.404400,0,0,0,0,0,0,0.000000,0.000000,0.000000,0.000000,0.478763,0.000000,0.000000,0.000000,0.001024,0.949821,-0.312793,0.000414,0.966776,-0.255626,0.000000,-12.355110,-16.795320,0,22,22.644950,0.029455,0,0
10.240140,1.384210,249.322600,493.594100,0,0,0,0,0,0,0.000000,0.000000,0.000000,0.000000,0.478763,0.000000,0.000000,0.000000,0.001024,0.949821,-0.312793,0.000414,0.966776,-0.255626,0.000000,-12.453210,-16.890170,0,22,22.698620,0.029455,0,0
10.250140,1.386427,249.197100,493.783900,0,0,0,0,0,0,0.000000,0.000000,0.000000,0.000000,0.478763,0.000000,0.000000,0.000000,0.001024,0.949821,-0.312793,0.000414,0.966776,-0.255626,0.000000,-12.551310,-16.985000,0,22,22.752590,0.029455,0,0
10.260140,1.388644,249.070600,493.973700,0,0,0,0,0,0,0.000000,0.000000,0.000000,0.000000,0.478763,0.000000,0.000000,0.000000,0.001024,0.949821,-0.312793,0.000414,0.966776,-0.255626,0.000000,-12.649410,-17.079850,0,22,22.806850,0.029455,0,0
10.270140,1.390861,248.943100,494.163400,0,0,0,0,0,0,0.000000,0.000000,0.000000,0.000000,0.478763,0.000000,0.000000,0.000000,0.001024,0.949821,-0.312793,0.000414,0.966776,-0.255626,0.000000,-12.747510,-17.174690,0,22,22.861400,0.029455,0,0
10.280140,1.393077,248.814600,494.353200,0,0,0,0,0,0,0.000000,0.000000,0.000000,0.000000,0.478763,0.000000,0.000000,0.000000,0.001024,0.949821,-0.312793,0.000414,0.966776,-0.255626,0.000000,-12.845610,-17.269530,0,22,22.916250,0.029455,0,0
10.290140,1.395294,248.685200,494.542900,0,0,0,0,0,0,0.000000,0.000000,0.000000,0.000000,0.478763,0.000000,0.000000,0.000000,0.001024,0.949821,-0.312793,0.000414,0.966776,-0.255626,0.000000,-12.943710,-17.364370,0,22,22.971380,0.029455,0,0
10.300140,1.397511,248.554800,494.732700,0,0,0,0,0,0,0.000000,0.000000,0.000000,0.000000,0.478763,0.000000,0.000000,0.000000,0.001024,0.949821,-0.312793,0.000414,0.966776,-0.255626,0.000000,-13.041810,-17.459210,0,22,23.026800,0.029455,0,0
10.310140,1.399728,248.423400,494.922500,0,0,0,0,0,0,0.000000,0.000000,0.000000,0.000000,0.478763,0.000000,0.000000,0.000000,0.001024,0.949821,-0.312793,0.000414,0.966776,-0.255626,0.000000,-13.139910,-17.554050,0,22,23.082500,0.029455,0,0
10.320140,1.401945,248.291000,495.112200,0,0,0,0,0,0,0.000000,0.000000,0.000000,0.000000,0.478763,0.000000,0.000000,0.000000,0.001024,0.949821,-0.312793,0.000414,0.966776,-0.255626,0.000000,-13.238010,-17.648890,0,22,23.138490,0.029455,0,0
10.330140,1.404161,248.157600,495.302000,0,0,0,0,0,0,0.000000,0.000000,0.000000,0.000000,0.478763,0.000000,0.000000,0.000000,0.001024,0.949821,-0.312793,0.000414,0.966776,-0.255626,0.000000,-13.336110,-17.743730,0,22,23.194750,0.029455,0,0
10.340140,1.406378,248.023300,495.491700,0,0,0,0,0,0,0.000000,0.000000,0.000000,0.000000,0.478763,0.000000,0.000000,0.000000,0.001024,0.949821,-0.312793,0.000414,0.966776,-0.255626,0.000000,-13.434210,-17.838570,0,22,23.251300,0.029455,0,0
10.350140,1.408595,247.888000,495.681500,0,0,0,0,0,0,0.000000,0.000000,0.000000,0.000000,0.478763,0.000000,0.000000,0.000000,0.001024,0.949821,-0.312793,0.000414,0.966776,-0.255626,0.000000,-13.532310,-17.933410,0,22,23.308110,0.029455,0,0
10.360140,1.410812,247.751700,495.871200,0,0,0,0,0,0,0.000000,0.000000,0.000000,0.000000,0.478763,0.000000,0.000000,0.000000,0.001024,0.949821,-0.312793,0.000414,0.966776,-0.255626,0.000000,-13.630410,-18.028250,0,22,23.365210,0.029455,0,0
10.370140,1.413029,247.614400,496.061000,0,0,0,0,0,0,0.000000,0.000000,0.000000,0.000000,0.478763,0.000000,0.000000,0.000000,0.001024,0.949821,-0.312793,0.000414,0.966776,-0.255626,0.000000,-13.728510,-18.123090,0,22,23.422570,0.029455,0,0
10.380140,1.415246,247.476100,496.250800,0,0,0,0,0,0,0.000000,0.000000,0.000000,0.000000,0.478763,0.000000,0.000000,0.000000,0.001024,0.949821,-0.312793,0.000414,0.966776,-0.255626,0.000000,-13.826610,-18.217930,0,22,23.480200,0.029455,0,0
10.390140,1.417462,247.336900,496.440500,0,0,0,0,0,0,0.000000,0.000000,0.000000,0.000000,0.478763,0.000000,0.000000,0.000000,0.001024,0.949821,-0.312793,0.000414,0.966776,-0.255626,0.000000,-13.924710,-18.312770,0,22,23.538100,0.029455,0,0
10.400140,1.419679,247.196600,496.630300,0,0,0,0,0,0,0.000000,0.000000,0.000000,0.000000,0.478763,0.000000,0.000000,0.000000,0.001024,0.949821,-0.312793,0.000414,0.966776,-0.255626,0.000000,-14.022810,-18.407610,0,22,23.596270,0.029455,0,0
10.410140,1.421896,247.055400,496.820000,0,0,0,0,0,0,0.000000,0.000000,0.000000,0.000000,0.478763,0.000000,0.000000,0.000000,0.001024,0.949821,-0.312793,0.000414,0.966776,-0.255626,0.000000,-14.120910,-18.502450,0,22,23.654700,0.029455,0,0
10.420140,1.424113,246.913200,497.009800,0,0,0,0,0,0,0.000000,0.000000,0.000000,0.000000,0.478763,0.000000,0.000000,0.000000,0.001024,0.949821,-0.312793,0.000414,0.966776,-0.255626,0.000000,-14.219010,-18.597290,0,22,23.713390,0.029455,0,0
10.430140,1.426330,246.770100,497.199600,0,0,0,0,0,0,0.000000,0.000000,0.000000,0.000000,0.478763,0.000000,0.000000,0.000000,0.001024,0.949821,-0.312793,0.000414,0.966776,-0.255626,0.000000,-14.317110,-18.692130,0,22,23.772340,0.029455,0,0
10.440140,1.428546,246.625900,497.389300,0,0,0,0,0,0,0.000000,0.000000,0.000000,0.000000,0.478763,0.000000,0.000000,0.000000,0.001024,0.949821,-0.312793,0.000414,0.966776,-0.255626,0.000000,-14.415210,-18.786970,0,22,23.831550,0.029455,0,0
10.450140,1.430763,246.480800,497.579100,0,0,0,0,0,0,0.000000,0.000000,0.000000,0.000000,0.478763,0.000000,0.000000,0.000000,0.001024,0.949821,-0.312793,0.000414,0.966776,-0.255626,0.000000,-14.513300,-18.881810,0,22,23.891020,0.029455,0,0
10.460140,1.432980,246.334700,497.768800,0,0,0,0,0,0,0.000000,0.000000,0.000000,0.000000,0.478763,0.000000,0.000000,0.000000,0.001024,0.949821,-0.312793,0.000414,0.966776,-0.255626,0.000000,-14.611400,-18.976650,0,22,23.950740,0.029455,0,0
10.470140,1.435197,246.187600,497.958600,0,0,0,0,0,0,0.000000,0.000000,0.000000,0.000000,0.478763,0.000000,0.000000,0.000000,0.001024,0.949821,-0.312793,0.000414,0.966776,-0.255626,0.000000,-14.709500,-19.071490,0,22,24.010710,0.029455,0,0
10.480140,1.437414,246.039500,498.148300,0,0,0,0,0,0,0.000000,0.000000,0.000000,0.000000,0.478763,0.000000,0.000000,0.000000,0.001024,0.949821,-0.312793,0.000414,0.966776,-0.255626,0.000000,-14.807600,-19.166330,0,22,24.070940,0.029455,0,0
10.490140,1.439631,245.890400,498.338100,0,0,0,0,0,0,0.000000,0.000000,0.000000,0.000000,0.478763,0.000000,0.000000,0.000000,0.001024,0.949821,-0.312793,0.000414,0.966776,-0.255626,0.000000,-14.905700,-19.261180,0,22,24.131410,0.029455,0,0
10.500140,1.441847,245.740400,498.527900,0,0,0,0,0,0,0.000000,0.000000,0.000000,0.000000,0.478763,0.000000,0.000000,0.000000,0.001024,0.949821,-0.312793,0.000414,0.966776,-0.255626,0.000000,-15.003800,-19.356010,0,22,24.192130,0.029455,0,0
10.510150,1.444064,245.589400,498.717600,0,0,0,0,0,0,0.000000,0.000000,0.000000,0.000000,0.478763,0.000000,0.000000,0.000000,0.001024,0.949821,-0.312793,0.000414,0.966776,-0.255626,0.000000,-15.101900,-19.450860,0,22,24.253090,0.029455,0,0
10.520150,1.446281,245.437400,498.907400,0,0,0,0,0,0,0.000000,0.000000,0.000000,0.000000,0.478763,0.000000,0.000000,0.000000,0.001024,0.949821,-0.312793,0.000414,0.966776,-0.255626,0.000000,-15.200000,-19.545700,0,22,24.314290,0.029455,0,0
10.530150,1.448498,245.284400,499.097100,0,0,0,0,0,0,0.000000,0.000000,0.000000,0.000000,0.478763,0.000000,0.000000,0.000000,0.001024,0.949821,-0.312793,0.000414,0.966776,-0.255626,0.000000,-15.298100,-19.640540,0,22,24.375740,0.029455,0,0
10.540150,1.450715,245.130400,499.286900,0,0,0,0,0,0,0.000000,0.000000,0.000000,0.000000,0.478763,0.000000,0.000000,0.000000,0.001024,0.949821,-0.312793,0.000414,0.966776,-0.255626,0.000000,-15.396200,-19.735380,0,22,24.437430,0.029455,0,0
10.550150,1.452931,244.975500,499.476700,0,0,0,0,0,0,0.000000,0.000000,0.000000,0.000000,0.478763,0.000000,0.000000,0.000000,0.001024,0.949821,-0.312793,0.000414,0.966776,-0.255626,0.000000,-15.494300,-19.830220,0,22,24.499350,0.029455,0,0
10.560150,1.455148,244.819600,499.666400,0,0,0,0,0,0,0.000000,0.000000,0.000000,0.000000,0.478763,0.000000,0.000000,0.000000,0.001024,0.949821,-0.312793,0.000414,0.966776,-0.255626,0.000000,-15.592400,-19.925060,0,22,24.561510,0.029455,0,0
10.570150,1.457365,244.662700,499.856200,0,0,0,0,0,0,0.000000,0.000000,0.000000,0.000000,0.478763,0.000000,0.000000,0.000000,0.001024,0.949821,-0.312793,0.000414,0.966776,-0.255626,0.000000,-15.690500,-20.019900,0,22,24.623900,0.029455,0,0
10.580150,1.459582,244.504800,500.045900,0,0,0,0,0,0,0.000000,0.000000,0.000000,0.000000,0.478763,0.000000,0.000000,0.000000,0.001024,0.949821,-0.312793,0.000414,0.966776,-0.255626,0.000000,-15.788600,-20.114740,0,22,24.686530,0.029455,0,0
10.590150,1.461799,244.345900,500.235700,0,0,0,0,0,0,0.000000,0.000000,0.000000,0.000000,0.478763,0.000000,0.000000,0.000000,0.001024,0.949821,-0.312793,0.000414,0.966776,-0.255626,0.000000,-15.886700,-20.209580,0,22,24.749390,0.029455,0,0
10.600150,1.464015,244.186100,500.425400,0,0,0,0,0,0,0.000000,0.000000,0.000000,0.000000,0.478763,0.000000,0.000000,0.000000,0.001024,0.949821,-0.312793,0.000414,0.966776,-0.255626,0.000000,-15.984800,-20.304420,0,22,24.812470,0.029455,0,0
10.610150,1.466232,244.025200,500.615200,0,0,0,0,0,0,0.000000,0.000000,0.000000,0.000000,0.478763,0.000000,0.000000,0.000000,0.001024,0.949821,-0.312793,0.000414,0.966776,-0.255626,0.000000,-16.082900,-20.399260,0,22,24.875780,0.029455,0,0
10.620150,1.468449,243.863400,500.805000,0,0,0,0,0,0,0.000000,0.000000,0.000000,0.000000,0.478763,0.000000,0.000000,0.000000,0.001024,0.949821,-0.312793,0.000414,0.966776,-0.255626,0.000000,-16.181000,-20.494100,0,22,24.939320,0.029455,0,0
10.630150,1.470666,243.700600,500.994700,0,0,0,0,0,0,0.000000,0.000000,0.000000,0.000000,0.478763,0.000000,0.000000,0.000000,0.001024,0.949821,-0.312793,0.000414,0.966776,-0.255626,0.000000,-16.279100,-20.588940,0,22,25.003080,0.029455,0,0
10.640150,1.472883,243.536900,501.184500,0,0,0,0,0,0,0.000000,0.000000,0.000000,0.000000,0.478763,0.000000,0.000000,0.000000,0.001024,0.949821,-0.312793,0.000414,0.966776,-0.255626,0.000000,-16.377200,-20.683780,0,22,25.067060,0.029455,0,0
10.650150,1.475100,243.372100,501.374200,0,0,0,0,0,0,0.000000,0.000000,0.000000,0.000000,0.478763,0.000000,0.000000,0.000000,0.001024,0.949821,-0.312793,0.000414,0.966776,-0.255626,0.000000,-16.475300,-20.778630,0,22,25.131260,0.029455,0,0
10.660150,1.477316,243.206400,501.564000,0,0,0,0,0,0,0.000000,0.000000,0.000000,0.000000,0.478763,0.000000,0.000000,0.000000,0.001024,0.949821,-0.312793,0.000414,0.966776,-0.255626,0.000000,-16.573400,-20.873470,0,22,25.195680,0.029455,0,0
10.670150,1.479533,243.039700,501.753800,0,0,0,0,0,0,0.000000,0.000000,0.000000,0.000000,0.478763,0.000000,0.000000,0.000000,0.001024,0.949821,-0.312793,0.000414,0.966776,-0.255626,0.000000,-16.671500,-20.968310,0,22,25.260320,0.029455,0,0
10.680150,1.481750,242.872000,501.943500,0,0,0,0,0,0,0.000000,0.000000,0.000000,0.000000,0.478763,0.000000,0.000000,0.000000,0.001024,0.949821,-0.312793,0.000414,0.966776,-0.255626,0.000000,-16.769610,-21.063150,0,22,25.325170,0.029455,0,0
10.690150,1.483967,242.703300,502.133300,0,0,0,0,0,0,0.000000,0.000000,0.000000,0.000000,0.478763,0.000000,0.000000,0.000000,0.001024,0.949821,-0.312793,0.000414,0.966776,-0.255626,0.000000,-16.867710,-21.157990,0,22,25.390240,0.029455,0,0
10.700150,1.486184,242.533600,502.323000,0,0,0,0,0,0,0.000000,0.000000,0.000000,0.000000,0.478763,0.000000,0.000000,0.000000,0.001024,0.949821,-0.312793,0.000414,0.966776,-0.255626,0.000000,-16.965810,-21.252830,0,22,25.455520,0.029455,0,0
10.710150,1.488400,242.363000,502.512800,0,0,0,0,0,0,0.000000,0.000000,0.000000,0.000000,0.478763,0.000000,0.000000,0.000000,0.001024,0.949821,-0.312793,0.000414,0.966776,-0.255626,0.000000,-17.063910,-21.347670,0,22,25.521010,0.029455,0,0
10.720150,1.490617,242.191400,502.702500,0,0,0,0,0,0,0.000000,0.000000,0.000000,0.000000,0.478763,0.000000,0.000000,0.000000,0.001024,0.949821,-0.312793,0.000414,0.966776,-0.255626,0.000000,-17.162010,-21.442510,0,22,25.586700,0.029455,0,0
10.730150,1.492834,242.018800,502.892300,0,0,0,0,0,0,0.000000,0.000000,0.000000,0.000000,0.478763,0.000000,0.000000,0.000000,0.001024,0.949821,-0.312793,0.000414,0.966776,-0.255626,0.000000,-17.260110,-21.537360,0,22,25.652610,0.029455,0,0
10.740150,1.495051,241.845200,503.082100,0,0,0,0,0,0,0.000000,0.000000,0.000000,0.000000,0.478763,0.000000,0.000000,0.000000,0.001024,0.949821,-0.312793,0.000414,0.966776,-0.255626,0.000000,-17.358210,-21.632200,0,22,25.718710,0.029455,0,0
10.750150,1.497268,241.670600,503.271800,0,0,0,0,0,0,0.000000,0.000000,0.000000,0.000000,0.478763,0.000000,0.000000,0.000000,0.001024,0.949821,-0.312793,0.000414,0.966776,-0.255626,0.000000,-17.456310,-21.727040,0,22,25.785030,0.029455,0,0
10.760150,1.499485,241.495100,503.461600,0,0,0,0,0,0,0.000000,0.000000,0.000000,0.000000,0.478763,0.000000,0.000000,0.000000,0.001024,0.949821,-0.312793,0.000414,0.966776,-0.255626,0.000000,-17.554410,-21.821880,0,22,25.851540,0.029455,0,0
10.770150,1.501701,241.318600,503.651300,0,0,0,0,0,0,0.000000,0.000000,0.000000,0.000000,0.478763,0.000000,0.000000,0.000000,0.001024,0.949821,-0.312793,0.000414,0.966776,-0.255626,0.000000,-17.652510,-21.916720,0,22,25.918250,0.029455,0,0
10.780150,1.503918,241.141100,503.841100,0,0,0,0,0,0,0.000000,0.000000,0.000000,0.000000,0.478763,0.000000,0.000000,0.000000,0.001024,0.949821,-0.312793,0.000414,0.966776,-0.255626,0.000000,-17.750610,-22.011560,0,22,25.985170,0.029455,0,0
10.790150,1.506135,240.962600,504.030900,0,0,0,0,0,0,0.000000,0.000000,0.000000,0.000000,0.478763,0.000000,0.000000,0.000000,0.001024,0.949821,-0.312793,0.000414,0.966776,-0.255626,0.000000,-17.848710,-22.106400,0,22,26.052280,0.029455,0,0
10.800150,1.508352,240.783100,504.220600,0,0,0,0,0,0,0.000000,0.000000,0.000000,0.000000,0.478763,0.000000,0.000000,0.000000,0.001024,0.949821,-0.312793,0.000414,0.966776,-0.255626,0.000000,-17.946810,-22.201250,0,22,26.119590,0.029455,0,0
10.810150,1.510569,240.602600,504.410400,0,0,0,0,0,0,0.000000,0.000000,0.000000,0.000000,0.478763,0.000000,0.000000,0.000000,0.001024,0.949821,-0.312793,0.000414,0.966776,-0.255626,0.000000,-18.044910,-22.296090,0,22,26.187090,0.026104,0,0
10.820150,1.512785,240.421200,504.600100,0,0,0,0,0,0,0.000000,0.000000,0.000000,0.000000,0.478763,0.000000,0.000000,0.000000,0.001024,0.949821,-0.312793,0.000414,0.966776,-0.255626,0.000000,-18.143010,-22.390930,0,22,26.254790,0.022861,0,0
10.830150,1.515002,240.238800,504.789900,0,0,0,0,0,0,0.000000,0.000000,0.000000,0.000000,0.478763,0.000000,0.000000,0.000000,0.001024,0.949821,-0.312793,0.000414,0.966776,-0.255626,0.000000,-18.241120,-22.485770,0,22,26.322670,0.019725,0,0
10.840150,1.517219,240.055400,504.979600,0,0,0,0,0,0,0.000000,0.000000,0.000000,0.000000,0.478763,0.000000,0.000000,0.000000,0.001024,0.949821,-0.312793,0.000414,0.966776,-0.255626,0.000000,-18.339220,-22.580610,0,22,26.390750,0.016691,0,0
10.850150,1.519436,239.871000,505.169400,0,0,0,0,0,0,0.000000,0.000000,0.000000,0.000000,0.478763,0.000000,0.000000,0.000000,0.001024,0.949821,-0.312793,0.000414,0.966776,-0.255626,0.000000,-18.437320,-22.675450,0,22,26.459010,0.013767,0,0
10.860150,1.521653,239.685700,505.359200,0,0,0,0,0,0,0.000000,0.000000,0.000000,0.000000,0.478763,0.000000,0.000000,0.000000,0.001024,0.949821,-0.312793,0.000414,0.966776,-0.255626,0.000000,-18.535420,-22.770290,0,22,26.527470,0.010940,0,0
10.870150,1.523870,239.499400,505.548900,0,0,0,0,0,0,0.000000,0.000000,0.000000,0.000000,0.478763,0.000000,0.000000,0.000000,0.001024,0.949821,-0.312793,0.000414,0.966776,-0.255626,0.000000,-18.633520,-22.865140,0,22,26.596110,0.008207,0,0
10.880150,1.526086,239.312000,505.738700,0,0,0,0,0,0,0.000000,0.000000,0.000000,0.000000,0.478763,0.000000,0.000000,0.000000,0.001024,0.949821,-0.312793,0.000414,0.966776,-0.255626,0.000000,-18.731620,-22.959980,0,22,26.664930,0.005566,0,0
10.890150,1.528303,239.123700,505.928400,0,0,0,0,0,0,0.000000,0.000000,0.000000,0.000000,0.478763,0.000000,0.000000,0.000000,0.001024,0.949821,-0.312793,0.000414,0.966776,-0.255626,0.000000,-18.829720,-23.054820,0,22,26.733930,0.003013,0,0
10.900150,1.530520,238.934500,506.118200,1,1,1,1,2,2,1.042993,1.039702,1.042993,1.039702,1.041348,-0.006108,0.972628,0.232287,-0.006108,0.972628,0.232287,-0.000166,0.976747,-0.214392,171.006400,-4.563477,-8.554684,1,23,19.648880,-13.080530,0,0
10.910150,1.531695,238.904600,506.305500,0,0,0,0,0,0,0.000000,0.000000,0.000000,0.000000,1.041348,0.000000,0.000000,0.000000,-0.006108,0.972628,0.232287,-0.000166,0.976747,-0.214392,0.000000,-2.990092,-6.936837,0,24,18.970690,0.103667,0,0
10.920150,1.532871,238.873700,506.492800,0,0,0,0,0,0,0.000000,0.000000,0.000000,0.000000,1.041348,0.000000,0.000000,0.000000,-0.006108,0.972628,0.232287,-0.000166,0.976747,-0.214392,0.000000,-3.088192,-7.032656,0,24,18.986400,0.017189,0,0
10.930150,1.534046,238.841800,506.680100,0,0,0,0,0,0,0.000000,0.000000,0.000000,0.000000,1.041348,0.000000,0.000000,0.000000,-0.006108,0.972628,0.232287,-0.000166,0.976747,-0.214392,0.000000,-3.186292,-7.128474,0,24,19.002610,0.017189,0,0
10.940160,1.535221,238.809000,506.867500,0,0,0,0,0,0,0.000000,0.000000,0.000000,0.000000,1.041348,0.000000,0.000000,0.000000,-0.006108,0.972628,0.232287,-0.000166,0.976747,-0.214392,0.000000,-3.284392,-7.224293,0,24,19.019300,0.017189,0,0
10.950160,1.536396,238.775100,507.054800,0,0,0,0,0,0,0.000000,0.000000,0.000000,0.000000,1.041348,0.000000,0.000000,0.000000,-0.006108,0.972628,0.232287,-0.000166,0.976747,-0.214392,0.000000,-3.382492,-7.320112,0,24,19.036490,0.017189,0,0
10.960160,1.537572,238.740300,507.242100,0,0,0,0,0,0,0.000000,0.000000,0.000000,0.000000,1.041348,0.000000,0.000000,0.000000,-0.006108,0.972628,0.232287,-0.000166,0.976747,-0.214392,0.000000,-3.480592,-7.415931,0,24,19.054160,0.017189,0,0
10.970160,1.538747,238.704600,507.429400,0,0,0,0,0,0,0.000000,0.000000,0.000000,0.000000,1.041348,0.000000,0.000000,0.000000,-0.006108,0.972628,0.232287,-0.000166,0.976747,-0.214392,0.000000,-3.578692,-7.511750,0,24,19.072330,0.017189,0,0
10.980160,1.539922,238.667800,507.616700,0,0,0,0,0,0,0.000000,0.000000,0.000000,0.000000,1.041348,0.000000,0.000000,0.000000,-0.006108,0.972628,0.232287,-0.000166,0.976747,-0.214392,0.000000,-3.676792,-7.607569,0,24,19.090980,0.017189,0,0
10.990160,1.541098,238.630000,507.804000,0,0,0,0,0,0,0.000000,0.000000,0.000000,0.000000,1.041348,0.000000,0.000000,0.000000,-0.006108,0.972628,0.232287,-0.000166,0.976747,-0.214392,0.000000,-3.774892,-7.703388,0,24,19.110110,0.017189,0,0
11.000160,1.542273,238.591300,507.991400,0,0,0,0,0,0,0.000000,0.000000,0.000000,0.000000,1.041348,0.000000,0.000000,0.000000,-0.006108,0.972628,0.232287,-0.000166,0.976747,-0.214392,0.000000,-3.872992,-7.799206,0,24,19.129730,0.017189,0,0
11.010160,1.543448,238.551600,508.178700,0,0,0,0,0,0,0.000000,0.000000,0.000000,0.000000,1.041348,0.000000,0.000000,0.000000,-0.006108,0.972628,0.232287,-0.000166,0.976747,-0.214392,0.000000,-3.971092,-7.895025,0,24,19.149830,0.017189,0,0
11.020160,1.544623,238.510900,508.366000,0,0,0,0,0,0,0.000000,0.000000,0.000000,0.000000,1.041348,0.000000,0.000000,0.000000,-0.006108,0.972628,0.232287,-0.000166,0.976747,-0.214392,0.000000,-4.069191,-7.990844,0,24,19.170420,0.017189,0,0
11.030160,1.545799,238.469200,508.553300,0,0,0,0,0,0,0.000000,0.000000,0.000000,0.000000,1.041348,0.000000,0.000000,0.000000,-0.006108,0.972628,0.232287,-0.000166,0.976747,-0.214392,0.000000,-4.167292,-8.086663,0,24,19.191480,0.017189,0,0
11.040160,1.546974,238.426600,508.740600,0,0,0,0,0,0,0.000000,0.000000,0.000000,0.000000,1.041348,0.000000,0.000000,0.000000,-0.006108,0.972628,0.232287,-0.000166,0.976747,-0.214392,0.000000,-4.265392,-8.182483,0,24,19.213020,0.017189,0,0
11.050160,1.548149,238.382900,508.927900,0,0,0,0,0,0,0.000000,0.000000,0.000000,0.000000,1.041348,0.000000,0.000000,0.000000,-0.006108,0.972628,0.232287,-0.000166,0.976747,-0.214392,0.000000,-4.363492,-8.278301,0,24,19.235040,0.017189,0,0
11.060160,1.549325,238.338300,509.115300,0,0,0,0,0,0,0.000000,0.000000,0.000000,0.000000,1.041348,0.000000,0.000000,0.000000,-0.006108,0.972628,0.232287,-0.000166,0.976747,-0.214392,0.000000,-4.461592,-8.374121,0,24,19.257530,0.017189,0,0
11.070160,1.550500,238.292700,509.302600,0,0,0,0,0,0,0.000000,0.000000,0.000000,0.000000,1.041348,0.000000,0.000000,0.000000,-0.006108,0.972628,0.232287,-0.000166,0.976747,-0.214392,0.000000,-4.559692,-8.469940,0,24,19.280490,0.014335,0,0
11.080160,1.551675,238.246200,509.489900,0,0,0,0,0,0,0.000000,0.000000,0.000000,0.000000,1.041348,0.000000,0.000000,0.000000,-0.006108,0.972628,0.232287,-0.000166,0.976747,-0.214392,0.000000,-4.657793,-8.565759,0,24,19.303930,0.011573,0,0
11.090160,1.552850,238.198600,509.677200,0,0,0,0,0,0,0.000000,0.000000,0.000000,0.000000,1.041348,0.000000,0.000000,0.000000,-0.006108,0.972628,0.232287,-0.000166,0.976747,-0.214392,0.000000,-4.755893,-8.661578,0,24,19.327830,0.008902,0,0
11.100160,1.554026,238.150100,509.864500,0,0,0,0,0,0,0.000000,0.000000,0.000000,0.000000,1.041348,0.000000,0.000000,0.000000,-0.006108,0.972628,0.232287,-0.000166,0.976747,-0.214392,0.000000,-4.853993,-8.757397,0,24,19.352210,0.006318,0,0
11.110160,1.555201,238.100500,510.051800,0,0,0,0,0,0,0.000000,0.000000,0.000000,0.000000,1.041348,0.000000,0.000000,0.000000,-0.006108,0.972628,0.232287,-0.000166,0.976747,-0.214392,0.000000,-4.952093,-8.853216,0,24,19.377040,0.003830,0,0
11.120160,1.556376,238.050000,510.239200,0,0,0,0,0,0,0.000000,0.000000,0.000000,0.000000,1.041348,0.000000,0.000000,0.000000,-0.006108,0.972628,0.232287,-0.000166,0.976747,-0.214392,0.000000,-5.050193,-8.949036,0,24,19.402350,0.001424,0,0
11.130160,1.557552,237.998600,510.426500,0,0,0,0,0,0,0.000000,0.000000,0.000000,0.000000,1.041348,0.000000,0.000000,0.000000,-0.006108,0.972628,0.232287,-0.000166,0.976747,-0.214392,0.000000,-5.148293,-9.044854,0,24,19.428110,-0.000902,0,0
11.140160,1.558727,237.946100,510.613800,0,0,0,0,0,0,0.000000,0.000000,0.000000,0.000000,1.041348,0.000000,0.000000,0.000000,-0.006108,0.972628,0.232287,-0.000166,0.976747,-0.214392,0.000000,-5.246394,-9.140674,0,24,19.454340,-0.003150,0,0
11.150160,1.559902,237.892600,510.801100,0,0,0,0,0,0,0.000000,0.000000,0.000000,0.000000,1.041348,0.000000,0.000000,0.000000,-0.006108,0.972628,0.232287,-0.000166,0.976747,-0.214392,0.000000,-5.344494,-9.236492,0,24,19.481020,-0.005323,0,0
11.160160,1.561077,237.838200,510.988400,0,0,0,0,0,0,0.000000,0.000000,0.000000,0.000000,1.041348,0.000000,0.000000,0.000000,-0.006108,0.972628,0.232287,-0.000166,0.976747,-0.214392,0.000000,-5.442594,-9.332312,0,24,19.508160,-0.007422,0,0
11.170160,1.562253,237.782800,511.175800,0,0,0,0,0,0,0.000000,0.000000,0.000000,0.000000,1.041348,0.000000,0.000000,0.000000,-0.006108,0.972628,0.232287,-0.000166,0.976747,-0.214392,0.000000,-5.540694,-9.428131,0,24,19.535760,-0.009451,0,0
11.180160,1.563428,237.726400,511.363100,0,0,0,0,0,0,0.000000,0.000000,0.000000,0.000000,1.041348,0.000000,0.000000,0.000000,-0.006108,0.972628,0.232287,-0.000166,0.976747,-0.214392,0.000000,-5.638794,-9.523950,0,24,19.563810,-0.011411,0,0
11.190160,1.564603,237.669100,511.550400,0,0,0,0,0,0,0.000000,0.000000,0.000000,0.000000,1.041348,0.000000,0.000000,0.000000,-0.006108,0.972628,0.232287,-0.000166,0.976747,-0.214392,0.000000,-5.736895,-9.619769,0,24,19.592310,-0.013305,0,0
11.200160,1.565778,237.610700,511.737700,1,1,1,1,2,2,1.049684,1.046809,1.049684,1.046809,1.048247,-0.005748,0.974150,0.225831,-0.005748,0.974150,0.225831,-0.000664,0.984223,-0.176930,138.296100,-4.173248,-7.293009,1,25,18.482080,-0.995609,0,0
11.210160,1.566806,237.581600,511.915200,0,0,0,0,0,0,0.000000,0.000000,0.000000,0.000000,1.048247,0.000000,0.000000,0.000000,-0.005748,0.974150,0.225831,-0.000664,0.984223,-0.176930,0.000000,-2.909161,-6.003712,0,26,17.986380,0.069754,0,0
11.220160,1.567833,237.551500,512.092700,0,0,0,0,0,0,0.000000,0.000000,0.000000,0.000000,1.048247,0.000000,0.000000,0.000000,-0.005748,0.974150,0.225831,-0.000664,0.984223,-0.176930,0.000000,-3.007261,-6.100265,0,26,18.002500,0.006787,0,0
11.230160,1.568861,237.520500,512.270200,0,0,0,0,0,0,0.000000,0.000000,0.000000,0.000000,1.048247,0.000000,0.000000,0.000000,-0.005748,0.974150,0.225831,-0.000664,0.984223,-0.176930,0.000000,-3.105361,-6.196817,0,26,18.019150,0.006787,0,0
11.240160,1.569888,237.488400,512.447700,0,0,0,0,0,0,0.000000,0.000000,0.000000,0.000000,1.048247,0.000000,0.000000,0.000000,-0.005748,0.974150,0.225831,-0.000664,0.984223,-0.176930,0.000000,-3.203461,-6.293369,0,26,18.036320,0.006787,0,0
11.250160,1.570916,237.455400,512.625200,0,0,0,0,0,0,0.000000,0.000000,0.000000,0.000000,1.048247,0.000000,0.000000,0.000000,-0.005748,0.974150,0.225831,-0.000664,0.984223,-0.176930,0.000000,-3.301561,-6.389921,0,26,18.054000,0.006787,0,0
11.260160,1.571943,237.421400,512.802700,0,0,0,0,0,0,0.000000,0.000000,0.000000,0.000000,1.048247,0.000000,0.000000,0.000000,-0.005748,0.974150,0.225831,-0.000664,0.984223,-0.176930,0.000000,-3.399661,-6.486474,0,26,18.072200,0.006787,0,0
11.270160,1.572971,237.386500,512.980200,0,0,0,0,0,0,0.000000,0.000000,0.000000,0.000000,1.048247,0.000000,0.000000,0.000000,-0.005748,0.974150,0.225831,-0.000664,0.984223,-0.176930,0.000000,-3.497761,-6.583025,0,26,18.090900,0.006787,0,0
11.280160,1.573998,237.350500,513.157700,0,0,0,0,0,0,0.000000,0.000000,0.000000,0.000000,1.048247,0.000000,0.000000,0.000000,-0.005748,0.974150,0.225831,-0.000664,0.984223,-0.176930,0.000000,-3.595861,-6.679578,0,26,18.110130,0.006787,0,0
11.290160,1.575026,237.313600,513.335100,0,0,0,0,0,0,0.000000,0.000000,0.000000,0.000000,1.048247,0.000000,0.000000,0.000000,-0.005748,0.974150,0.225831,-0.000664,0.984223,-0.176930,0.000000,-3.693961,-6.776130,0,26,18.129860,0.006787,0,0
11.300160,1.576053,237.275600,513.512600,0,0,0,0,0,0,0.000000,0.000000,0.000000,0.000000,1.048247,0.000000,0.000000,0.000000,-0.005748,0.974150,0.225831,-0.000664,0.984223,-0.176930,0.000000,-3.792061,-6.872682,0,26,18.150100,0.006787,0,0
11.310160,1.577081,237.236700,513.690100,0,0,0,0,0,0,0.000000,0.000000,0.000000,0.000000,1.048247,0.000000,0.000000,0.000000,-0.005748,0.974150,0.225831,-0.000664,0.984223,-0.176930,0.000000,-3.890161,-6.969234,0,26,18.170850,0.006787,0,0
11.320160,1.578108,237.196900,513.867600,0,0,0,0,0,0,0.000000,0.000000,0.000000,0.000000,1.048247,0.000000,0.000000,0.000000,-0.005748,0.974150,0.225831,-0.000664,0.984223,-0.176930,0.000000,-3.988261,-7.065787,0,26,18.192110,0.006787,0,0
11.330160,1.579136,237.156000,514.045100,0,0,0,0,0,0,0.000000,0.000000,0.000000,0.000000,1.048247,0.000000,0.000000,0.000000,-0.005748,0.974150,0.225831,-0.000664,0.984223,-0.176930,0.000000,-4.086361,-7.162339,0,26,18.213870,0.006788,0,0
11.340160,1.580163,237.114200,514.222600,0,0,0,0,0,0,0.000000,0.000000,0.000000,0.000000,1.048247,0.000000,0.000000,0.000000,-0.005748,0.974150,0.225831,-0.000664,0.984223,-0.176930,0.000000,-4.184461,-7.258892,0,26,18.236120,0.004480,0,0
11.350160,1.581190,237.071300,514.400100,0,0,0,0,0,0,0.000000,0.000000,0.000000,0.000000,1.048247,0.000000,0.000000,0.000000,-0.005748,0.974150,0.225831,-0.000664,0.984223,-0.176930,0.000000,-4.282561,-7.355444,0,26,18.258880,0.002247,0,0
11.360160,1.582218,237.027500,514.577600,0,0,0,0,0,0,0.000000,0.000000,0.000000,0.000000,1.048247,0.000000,0.000000,0.000000,-0.005748,0.974150,0.225831,-0.000664,0.984223,-0.176930,0.000000,-4.380661,-7.451996,0,26,18.282140,0.000087,0,0
11.370160,1.583245,236.982700,514.755100,0,0,0,0,0,0,0.000000,0.000000,0.000000,0.000000,1.048247,0.000000,0.000000,0.000000,-0.005748,0.974150,0.225831,-0.000664,0.984223,-0.176930,0.000000,-4.478762,-7.548549,0,26,18.305890,-0.002002,0,0
11.380170,1.584273,236.937000,514.932600,0,0,0,0,0,0,0.000000,0.000000,0.000000,0.000000,1.048247,0.000000,0.000000,0.000000,-0.005748,0.974150,0.225831,-0.000664,0.984223,-0.176930,0.000000,-4.576862,-7.645102,0,26,18.330140,-0.004023,0,0
11.390170,1.585300,236.890200,515.110000,0,0,0,0,0,0,0.000000,0.000000,0.000000,0.000000,1.048247,0.000000,0.000000,0.000000,-0.005748,0.974150,0.225831,-0.000664,0.984223,-0.176930,0.000000,-4.674962,-7.741654,0,26,18.354890,-0.005966,0,0
11.400170,1.586328,236.842500,515.287500,0,0,0,0,0,0,0.000000,0.000000,0.000000,0.000000,1.048247,0.000000,0.000000,0.000000,-0.005748,0.974150,0.225831,-0.000664,0.984223,-0.176930,0.000000,-4.773062,-7.838206,0,26,18.380120,-0.007845,0,0
11.410170,1.587355,236.793800,515.465000,0,0,0,0,0,0,0.000000,0.000000,0.000000,0.000000,1.048247,0.000000,0.000000,0.000000,-0.005748,0.974150,0.225831,-0.000664,0.984223,-0.176930,0.000000,-4.871162,-7.934759,0,26,18.405830,-0.009660,0,0
11.420170,1.588383,236.744100,515.642500,0,0,0,0,0,0,0.000000,0.000000,0.000000,0.000000,1.048247,0.000000,0.000000,0.000000,-0.005748,0.974150,0.225831,-0.000664,0.984223,-0.176930,0.000000,-4.969263,-8.031311,0,26,18.432040,-0.011416,0,0
11.430170,1.589410,236.693400,515.820000,0,0,0,0,0,0,0.000000,0.000000,0.000000,0.000000,1.048247,0.000000,0.000000,0.000000,-0.005748,0.974150,0.225831,-0.000664,0.984223,-0.176930,0.000000,-5.067363,-8.127864,0,26,18.458730,-0.013112,0,0
11.440170,1.590438,236.641800,515.997500,0,0,0,0,0,0,0.000000,0.000000,0.000000,0.000000,1.048247,0.000000,0.000000,0.000000,-0.005748,0.974150,0.225831,-0.000664,0.984223,-0.176930,0.000000,-5.165463,-8.224416,0,26,18.485900,-0.014751,0,0
11.450170,1.591465,236.589100,516.175000,1,1,1,1,2,2,1.048225,1.045649,1.048225,1.045649,1.046937,-0.005354,0.975774,0.218718,-0.005354,0.975774,0.218718,-0.001083,0.989709,-0.143087,112.868200,-3.847438,-6.264313,1,27,17.593060,-0.717303,0,0
11.460170,1.592372,236.560800,516.345000,0,0,0,0,0,0,0.000000,0.000000,0.000000,0.000000,1.046937,0.000000,0.000000,0.000000,-0.005354,0.975774,0.218718,-0.001083,0.989709,-0.143087,0.000000,-2.827512,-5.230359,0,28,17.229420,0.051487,0,0
11.470170,1.593279,236.531600,516.515000,0,0,0,0,0,0,0.000000,0.000000,0.000000,0.000000,1.046937,0.000000,0.000000,0.000000,-0.005354,0.975774,0.218718,-0.001083,0.989709,-0.143087,0.000000,-2.925611,-5.327450,0,28,17.245790,-0.001079,0,0
11.480170,1.594186,236.501300,516.684900,0,0,0,0,0,0,0.000000,0.000000,0.000000,0.000000,1.046937,0.000000,0.000000,0.000000,-0.005354,0.975774,0.218718,-0.001083,0.989709,-0.143087,0.000000,-3.023711,-5.424540,0,28,17.262700,-0.001079,0,0
11.490170,1.595093,236.470100,516.854900,0,0,0,0,0,0,0.000000,0.000000,0.000000,0.000000,1.046937,0.000000,0.000000,0.000000,-0.005354,0.975774,0.218718,-0.001083,0.989709,-0.143087,0.000000,-3.121811,-5.521630,0,28,17.280160,-0.001079,0,0
11.500170,1.596000,236.437900,517.024900,0,0,0,0,0,0,0.000000,0.000000,0.000000,0.000000,1.046937,0.000000,0.000000,0.000000,-0.005354,0.975774,0.218718,-0.001083,0.989709,-0.143087,0.000000,-3.219911,-5.618721,0,28,17.298150,-0.001079,0,0
11.510170,1.596907,236.404800,517.194900,0,0,0,0,0,0,0.000000,0.000000,0.000000,0.000000,1.046937,0.000000,0.000000,0.000000,-0.005354,0.975774,0.218718,-0.001083,0.989709,-0.143087,0.000000,-3.318011,-5.715811,0,28,17.316680,-0.001079,0,0
11.520170,1.597815,236.370600,517.364900,0,0,0,0,0,0,0.000000,0.000000,0.000000,0.000000,1.046937,0.000000,0.000000,0.000000,-0.005354,0.975774,0.218718,-0.001083,0.989709,-0.143087,0.000000,-3.416111,-5.812902,0,28,17.335740,-0.001079,0,0
11.530170,1.598722,236.335400,517.534900,0,0,0,0,0,0,0.000000,0.000000,0.000000,0.000000,1.046937,0.000000,0.000000,0.000000,-0.005354,0.975774,0.218718,-0.001083,0.989709,-0.143087,0.000000,-3.514211,-5.909992,0,28,17.355340,-0.001079,0,0
11.540170,1.599629,236.299300,517.704800,0,0,0,0,0,0,0.000000,0.000000,0.000000,0.000000,1.046937,0.000000,0.000000,0.000000,-0.005354,0.975774,0.218718,-0.001083,0.989709,-0.143087,0.000000,-3.612311,-6.007082,0,28,17.375470,-0.001079,0,0
11.550170,1.600536,236.262200,517.874800,0,0,0,0,0,0,0.000000,0.000000,0.000000,0.000000,1.046937,0.000000,0.000000,0.000000,-0.005354,0.975774,0.218718,-0.001083,0.989709,-0.143087,0.000000,-3.710411,-6.104173,0,28,17.396130,-0.001079,0,0
11.560170,1.601443,236.224100,518.044800,0,0,0,0,0,0,0.000000,0.000000,0.000000,0.000000,1.046937,0.000000,0.000000,0.000000,-0.005354,0.975774,0.218718,-0.001083,0.989709,-0.143087,0.000000,-3.808511,-6.201263,0,28,17.417310,-0.002903,0,0
11.570170,1.602350,236.185100,518.214800,0,0,0,0,0,0,0.000000,0.000000,0.000000,0.000000,1.046937,0.000000,0.000000,0.000000,-0.005354,0.975774,0.218718,-0.001083,0.989709,-0.143087,0.000000,-3.906611,-6.298354,0,28,17.439030,-0.004666,0,0
11.580170,1.603257,236.145000,518.384800,0,0,0,0,0,0,0.000000,0.000000,0.000000,0.000000,1.046937,0.000000,0.000000,0.000000,-0.005354,0.975774,0.218718,-0.001083,0.989709,-0.143087,0.000000,-4.004711,-6.395444,0,28,17.461270,-0.006372,0,0
11.590170,1.604164,236.104000,518.554700,0,0,0,0,0,0,0.000000,0.000000,0.000000,0.000000,1.046937,0.000000,0.000000,0.000000,-0.005354,0.975774,0.218718,-0.001083,0.989709,-0.143087,0.000000,-4.102811,-6.492535,0,28,17.484020,-0.008021,0,0
11.600170,1.605071,236.062000,518.724700,0,0,0,0,0,0,0.000000,0.000000,0.000000,0.000000,1.046937,0.000000,0.000000,0.000000,-0.005354,0.975774,0.218718,-0.001083,0.989709,-0.143087,0.000000,-4.200912,-6.589626,0,28,17.507310,-0.009615,0,0
11.610170,1.605978,236.019000,518.894700,0,0,0,0,0,0,0.000000,0.000000,0.000000,0.000000,1.046937,0.000000,0.000000,0.000000,-0.005354,0.975774,0.218718,-0.001083,0.989709,-0.143087,0.000000,-4.299012,-6.686717,0,28,17.531100,-0.011157,0,0
11.620170,1.606885,235.975000,519.064700,0,0,0,0,0,0,0.000000,0.000000,0.000000,0.000000,1.046937,0.000000,0.000000,0.000000,-0.005354,0.975774,0.218718,-0.001083,0.989709,-0.143087,0.000000,-4.397112,-6.783807,0,28,17.555420,-0.012646,0,0
11.630170,1.607792,235.930100,519.234700,0,0,0,0,0,0,0.000000,0.000000,0.000000,0.000000,1.046937,0.000000,0.000000,0.000000,-0.005354,0.975774,0.218718,-0.001083,0.989709,-0.143087,0.000000,-4.495212,-6.880898,0,28,17.580240,-0.014086,0,0
11.640170,1.608699,235.884100,519.404700,0,0,0,0,0,0,0.000000,0.000000,0.000000,0.000000,1.046937,0.000000,0.000000,0.000000,-0.005354,0.975774,0.218718,-0.001083,0.989709,-0.143087,0.000000,-4.593312,-6.977989,0,28,17.605580,-0.015477,0,0
11.650170,1.609606,235.837200,519.574600,0,0,0,0,0,0,0.000000,0.000000,0.000000,0.000000,1.046937,0.000000,0.000000,0.000000,-0.005354,0.975774,0.218718,-0.001083,0.989709,-0.143087,0.000000,-4.691412,-7.075079,0,28,17.631430,-0.016822,0,0
11.660170,1.610513,235.789300,519.744600,1,1,1,1,1,2,1.047251,1.046382,1.047251,1.046382,1.046816,-0.004884,0.976229,0.216686,-0.004884,0.976229,0.216686,-0.001423,0.993686,-0.112186,94.150740,-3.677402,-5.513185,1,29,16.972970,-0.466945,0,0
11.670170,1.611331,235.760900,519.909200,0,0,0,0,0,0,0.000000,0.000000,0.000000,0.000000,1.046816,0.000000,0.000000,0.000000,-0.004884,0.976229,0.216686,-0.001423,0.993686,-0.112186,0.000000,-2.838987,-4.667152,0,30,16.697850,0.038972,0,0
11.680170,1.612148,235.731600,520.073700,0,0,0,0,0,0,0.000000,0.000000,0.000000,0.000000,1.046816,0.000000,0.000000,0.000000,-0.004884,0.976229,0.216686,-0.001423,0.993686,-0.112186,0.000000,-2.937087,-4.764633,0,30,16.714810,-0.007187,0,0
11.690170,1.612965,235.701200,520.238300,0,0,0,0,0,0,0.000000,0.000000,0.000000,0.000000,1.046816,0.000000,0.000000,0.000000,-0.004884,0.976229,0.216686,-0.001423,0.993686,-0.112186,0.000000,-3.035187,-4.862113,0,30,16.732320,-0.007187,0,0
11.700170,1.613782,235.669900,520.402800,0,0,0,0,0,0,0.000000,0.000000,0.000000,0.000000,1.046816,0.000000,0.000000,0.000000,-0.004884,0.976229,0.216686,-0.001423,0.993686,-0.112186,0.000000,-3.133286,-4.959594,0,30,16.750390,-0.007187,0,0
11.710170,1.614599,235.637600,520.567400,0,0,0,0,0,0,0.000000,0.000000,0.000000,0.000000,1.046816,0.000000,0.000000,0.000000,-0.004884,0.976229,0.216686,-0.001423,0.993686,-0.112186,0.000000,-3.231386,-5.057075,0,30,16.769020,-0.007187,0,0
11.720170,1.615417,235.604300,520.731900,0,0,0,0,0,0,0.000000,0.000000,0.000000,0.000000,1.046816,0.000000,0.000000,0.000000,-0.004884,0.976229,0.216686,-0.001423,0.993686,-0.112186,0.000000,-3.329486,-5.154555,0,30,16.788200,-0.007187,0,0
11.730170,1.616234,235.570000,520.896500,0,0,0,0,0,0,0.000000,0.000000,0.000000,0.000000,1.046816,0.000000,0.000000,0.000000,-0.004884,0.976229,0.216686,-0.001423,0.993686,-0.112186,0.000000,-3.427586,-5.252036,0,30,16.807930,-0.007187,0,0
11.740170,1.617051,235.534700,521.061000,0,0,0,0,0,0,0.000000,0.000000,0.000000,0.000000,1.046816,0.000000,0.000000,0.000000,-0.004884,0.976229,0.216686,-0.001423,0.993686,-0.112186,0.000000,-3.525686,-5.349516,0,30,16.828210,-0.007187,0,0
11.750170,1.617868,235.498500,521.225600,0,0,0,0,0,0,0.000000,0.000000,0.000000,0.000000,1.046816,0.000000,0.000000,0.000000,-0.004884,0.976229,0.216686,-0.001423,0.993686,-0.112186,0.000000,-3.623786,-5.446997,0,30,16.849040,-0.008777,0,0
11.760170,1.618685,235.461300,521.390100,0,0,0,0,0,0,0.000000,0.000000,0.000000,0.000000,1.046816,0.000000,0.000000,0.000000,-0.004884,0.976229,0.216686,-0.001423,0.993686,-0.112186,0.000000,-3.721886,-5.544477,0,30,16.870410,-0.010315,0,0
11.770170,1.619502,235.423100,521.554700,0,0,0,0,0,0,0.000000,0.000000,0.000000,0.000000,1.046816,0.000000,0.000000,0.000000,-0.004884,0.976229,0.216686,-0.001423,0.993686,-0.112186,0.000000,-3.819986,-5.641958,0,30,16.892320,-0.011803,0,0
11.780170,1.620320,235.383900,521.719200,0,0,0,0,0,0,0.000000,0.000000,0.000000,0.000000,1.046816,0.000000,0.000000,0.000000,-0.004884,0.976229,0.216686,-0.001423,0.993686,-0.112186,0.000000,-3.918086,-5.739439,0,30,16.914780,-0.013077,0,0
11.790170,1.621137,235.343700,521.883800,0,0,0,0,0,0,0.000000,0.000000,0.000000,0.000000,1.046816,0.000000,0.000000,0.000000,-0.004884,0.976229,0.216686,-0.001423,0.993686,-0.112186,0.000000,-4.016186,-5.836919,0,30,16.937770,-0.014309,0,0
11.800170,1.621954,235.302600,522.048300,0,0,0,0,0,0,0.000000,0.000000,0.000000,0.000000,1.046816,0.000000,0.000000,0.000000,-0.004884,0.976229,0.216686,-0.001423,0.993686,-0.112186,0.000000,-4.114286,-5.934400,0,30,16.961300,-0.015499,0,0
11.810170,1.622771,235.260500,522.212900,0,0,0,0,0,0,0.000000,0.000000,0.000000,0.000000,1.046816,0.000000,0.000000,0.000000,-0.004884,0.976229,0.216686,-0.001423,0.993686,-0.112186,0.000000,-4.212387,-6.031881,0,30,16.985360,-0.016649,0,0
11.820180,1.623588,235.217400,522.377400,1,1,1,1,2,2,1.048569,1.046459,1.048569,1.046459,1.047514,-0.004336,0.977348,0.211594,-0.004336,0.977348,0.211594,-0.001684,0.996439,-0.084297,77.413320,-3.497874,-4.847629,1,31,16.532660,-0.272829,0,0
11.830180,1.624343,235.189100,522.538300,0,0,0,0,0,0,0.000000,0.000000,0.000000,0.000000,1.047514,0.000000,0.000000,0.000000,-0.004336,0.977348,0.211594,-0.001684,0.996439,-0.084297,0.000000,-2.823647,-4.169528,0,32,16.329960,0.032201,0,0
11.840180,1.625098,235.159900,522.699100,0,0,0,0,0,0,0.000000,0.000000,0.000000,0.000000,1.047514,0.000000,0.000000,0.000000,-0.004336,0.977348,0.211594,-0.001684,0.996439,-0.084297,0.000000,-2.921747,-4.267279,0,32,16.347200,-0.011761,0,0
11.850180,1.625853,235.129700,522.859900,0,0,0,0,0,0,0.000000,0.000000,0.000000,0.000000,1.047514,0.000000,0.000000,0.000000,-0.004336,0.977348,0.211594,-0.001684,0.996439,-0.084297,0.000000,-3.019847,-4.365030,0,32,16.365020,-0.011761,0,0
11.860180,1.626608,235.098500,523.020800,0,0,0,0,0,0,0.000000,0.000000,0.000000,0.000000,1.047514,0.000000,0.000000,0.000000,-0.004336,0.977348,0.211594,-0.001684,0.996439,-0.084297,0.000000,-3.117947,-4.462780,0,32,16.383410,-0.011761,0,0
11.870180,1.627363,235.066400,523.181600,0,0,0,0,0,0,0.000000,0.000000,0.000000,0.000000,1.047514,0.000000,0.000000,0.000000,-0.004336,0.977348,0.211594,-0.001684,0.996439,-0.084297,0.000000,-3.216047,-4.560531,0,32,16.402360,-0.011761,0,0
11.880180,1.628118,235.033200,523.342400,0,0,0,0,0,0,0.000000,0.000000,0.000000,0.000000,1.047514,0.000000,0.000000,0.000000,-0.004336,0.977348,0.211594,-0.001684,0.996439,-0.084297,0.000000,-3.314147,-4.658282,0,32,16.421880,-0.011761,0,0
11.890180,1.628873,234.999100,523.503200,0,0,0,0,0,0,0.000000,0.000000,0.000000,0.000000,1.047514,0.000000,0.000000,0.000000,-0.004336,0.977348,0.211594,-0.001684,0.996439,-0.084297,0.000000,-3.412246,-4.756032,0,32,16.441960,-0.011761,0,0
11.900180,1.629628,234.964000,523.664100,0,0,0,0,0,0,0.000000,0.000000,0.000000,0.000000,1.047514,0.000000,0.000000,0.000000,-0.004336,0.977348,0.211594,-0.001684,0.996439,-0.084297,0.000000,-3.510346,-4.853783,0,32,16.462590,-0.013023,0,0
11.910180,1.630383,234.927900,523.824900,0,0,0,0,0,0,0.000000,0.000000,0.000000,0.000000,1.047514,0.000000,0.000000,0.000000,-0.004336,0.977348,0.211594,-0.001684,0.996439,-0.084297,0.000000,-3.608446,-4.951534,0,32,16.483790,-0.014244,0,0
11.920180,1.631138,234.890800,523.985700,0,0,0,0,0,0,0.000000,0.000000,0.000000,0.000000,1.047514,0.000000,0.000000,0.000000,-0.004336,0.977348,0.211594,-0.001684,0.996439,-0.084297,0.000000,-3.706546,-5.049284,0,32,16.505540,-0.015423,0,0
11.930180,1.631893,234.852800,524.146500,0,0,0,0,0,0,0.000000,0.000000,0.000000,0.000000,1.047514,0.000000,0.000000,0.000000,-0.004336,0.977348,0.211594,-0.001684,0.996439,-0.084297,0.000000,-3.804646,-5.147035,0,32,16.527850,-0.016562,0,0
11.940180,1.632648,234.813800,524.307400,0,0,0,0,0,0,0.000000,0.000000,0.000000,0.000000,1.047514,0.000000,0.000000,0.000000,-0.004336,0.977348,0.211594,-0.001684,0.996439,-0.084297,0.000000,-3.902746,-5.244786,0,32,16.550710,-0.017663,0,0
11.950180,1.633403,234.773800,524.468200,0,0,0,0,0,0,0.000000,0.000000,0.000000,0.000000,1.047514,0.000000,0.000000,0.000000,-0.004336,0.977348,0.211594,-0.001684,0.996439,-0.084297,0.000000,-4.000846,-5.342536,0,32,16.574110,-0.018726,0,0
11.960180,1.634158,234.732800,524.629000,0,1,0,1,0,1,0.000000,1.048392,0.000000,1.048392,1.048392,-0.004338,0.977558,0.210621,-0.004338,0.977558,0.210621,-0.001922,0.998266,-0.058834,64.569440,-3.413159,-4.339484,1,33,16.206620,-0.209205,0,0
11.970180,1.634860,234.704100,524.787000,0,0,0,0,0,0,0.000000,0.000000,0.000000,0.000000,1.048392,0.000000,0.000000,0.000000,-0.004338,0.977558,0.210621,-0.001922,0.998266,-0.058834,0.000000,-2.865700,-3.790211,0,34,16.054050,0.027701,0,0
11.980180,1.635563,234.674500,524.944900,0,0,0,0,0,0,0.000000,0.000000,0.000000,0.000000,1.048392,0.000000,0.000000,0.000000,-0.004338,0.977558,0.210621,-0.001922,0.998266,-0.058834,0.000000,-2.963800,-3.888141,0,34,16.071850,-0.015709,0,0
11.990180,1.636266,234.643900,525.102900,0,0,0,0,0,0,0.000000,0.000000,0.000000,0.000000,1.048392,0.000000,0.000000,0.000000,-0.004338,0.977558,0.210621,-0.001922,0.998266,-0.058834,0.000000,-3.061900,-3.986071,0,34,16.090230,-0.015709,0,0
