time,x,y,z,leftRaw,rightRaw,left,right,leftSamples,rightSamples,leftRawHeight,rightRawHeight,leftHeight,rightHeight,height,rawNx,rawNy,rawNz,filteredNx,filteredNy,filteredNz,supportNx,supportNy,supportNz,supportAcceleration,verticalVelocity,normalVelocity,grounded,transitions,speed,lateralAcceleration,rail,bailed
0.000000,-16.981440,313.139500,185.166000,1,1,1,1,2,2,0.745037,0.754879,0.745037,0.754879,0.749958,0.024762,0.975079,0.220471,0.024762,0.975079,0.220471,0.024748,0.974883,0.221339,9.596280,-2.656196,-0.001006,1,1,12.000000,0.000000,0,0
0.010000,-16.982090,313.112900,185.283200,1,1,1,1,2,2,0.744887,0.754767,0.744887,0.754767,0.749827,0.024751,0.975113,0.220322,0.024751,0.975113,0.220322,0.024748,0.974903,0.221252,9.638858,-2.659300,-0.001758,1,1,12.015190,0.248950,0,0
0.020000,-16.982710,313.086300,185.400500,1,1,1,1,2,2,0.744834,0.754663,0.744834,0.754663,0.749749,0.024746,0.975093,0.220410,0.024746,0.975093,0.220410,0.024748,0.974919,0.221179,9.656724,-2.661985,-0.001900,1,1,12.030360,0.243905,0,0
0.030000,-16.983320,313.059700,185.518000,1,1,1,1,2,2,0.755722,0.771321,0.755722,0.771321,0.763521,0.024498,0.964918,0.261407,0.024498,0.964918,0.261407,0.024728,0.974124,0.224657,6.072156,-2.664491,0.042006,1,1,12.045510,0.238958,0,0
0.040000,-16.983910,313.032700,185.635500,1,1,1,1,2,2,0.744809,0.754668,0.744809,0.754668,0.749739,0.024759,0.974854,0.221465,0.024759,0.974854,0.221465,0.024731,0.974187,0.224383,9.509949,-2.701978,0.003756,1,1,12.060930,0.234124,0,0
0.050000,-16.984470,313.005600,185.753200,1,1,1,1,2,2,0.744409,0.754268,0.744409,0.754268,0.749339,0.024751,0.974854,0.221465,0.024751,0.974854,0.221465,0.024733,0.974244,0.224132,9.671957,-2.705960,0.000176,1,1,12.076380,0.229388,0,0
0.060000,-16.985020,312.978500,185.871000,1,1,1,1,2,2,0.744155,0.754009,0.744155,0.754009,0.749082,0.024740,0.974861,0.221438,0.024740,0.974861,0.221438,0.024733,0.974297,0.223900,9.761985,-2.708355,-0.001554,1,1,12.091810,0.224743,0,0
0.070000,-16.985540,312.951400,185.989000,1,1,1,1,2,2,0.743805,0.753696,0.743805,0.753696,0.748750,0.024743,0.974854,0.221465,0.024743,0.974854,0.221465,0.024734,0.974345,0.223690,9.836118,-2.709867,-0.002114,1,1,12.107200,0.220183,0,0
0.080000,-16.986040,312.924300,186.107200,1,1,1,1,2,2,0.743537,0.753429,0.743537,0.753429,0.748483,0.024751,0.974854,0.221465,0.024751,0.974854,0.221465,0.024736,0.974389,0.223499,9.874818,-2.710649,-0.001718,1,1,12.122560,0.215718,0,0
0.090000,-16.986520,312.897200,186.225500,1,1,1,1,2,2,0.743351,0.753191,0.743351,0.753191,0.748271,0.024740,0.974861,0.221438,0.024740,0.974861,0.221438,0.024736,0.974430,0.223321,9.889507,-2.711049,-0.000765,1,1,12.137900,0.211351,0,0
0.100000,-16.986990,312.870100,186.344000,1,1,1,1,2,2,0.743105,0.753002,0.743105,0.753002,0.748054,0.024746,0.974848,0.221493,0.024746,0.974848,0.221493,0.024737,0.974466,0.223164,9.895413,-2.711301,0.000576,1,1,12.153210,0.207062,0,0
0.110000,-16.987430,312.843000,186.462600,1,1,1,1,2,2,0.742965,0.752804,0.742965,0.752804,0.747884,0.024748,0.974860,0.221438,0.024748,0.974860,0.221438,0.024738,0.974500,0.223015,9.888696,-2.711489,0.002080,1,1,12.168500,0.202866,0,0
0.120000,-16.987850,312.815900,186.581400,1,1,1,1,2,2,0.742696,0.751668,0.742696,0.751668,0.747182,0.018557,0.974917,0.221792,0.018557,0.974917,0.221792,0.024206,0.974537,0.222911,9.966372,-2.711739,0.004043,1,1,12.183770,0.198932,0,0
0.130000,-16.988250,312.788800,186.700300,1,1,1,1,2,2,0.742659,0.752733,0.742659,0.752733,0.747696,0.018570,0.975128,0.220863,0.018570,0.975128,0.220863,0.023722,0.974589,0.222735,9.828159,-2.711226,0.005891,1,1,12.199020,0.189831,0,0
0.140000,-16.988630,312.761700,186.819400,1,1,1,1,2,2,0.742570,0.780173,0.742570,0.780173,0.761371,0.018573,0.979710,0.199557,0.018573,0.979710,0.199557,0.023279,0.975053,0.220745,7.927749,-2.712054,-0.016372,1,1,12.214250,0.181260,0,0
0.150000,-16.989010,312.734300,186.938600,1,1,1,1,2,2,0.742279,0.755029,0.742279,0.755029,0.748654,0.018950,0.975698,0.218299,0.018950,0.975698,0.218299,0.022907,0.975109,0.220535,10.692730,-2.731372,-0.035385,1,1,12.229300,0.172506,0,0
0.160000,-16.989360,312.707100,187.058000,1,1,1,1,2,2,0.742183,0.755196,0.742183,0.755196,0.748690,0.018483,0.975914,0.217370,0.018483,0.975914,0.217370,0.022526,0.975180,0.220262,10.490950,-2.723718,-0.027543,1,1,12.244270,0.166496,0,0
0.170000,-16.989690,312.679900,187.177500,1,1,1,1,2,2,0.742138,0.755245,0.742138,0.755245,0.748692,0.017872,0.976125,0.216471,0.017872,0.976125,0.216471,0.022125,0.975262,0.219937,10.362710,-2.718025,-0.022396,1,1,12.259210,0.159422,0,0
0.180000,-16.990010,312.652800,187.297200,1,1,1,1,2,2,0.749979,0.755114,0.749979,0.755114,0.752547,0.012370,0.977698,0.209650,0.012370,0.977698,0.209650,0.021286,0.975480,0.219053,9.750433,-2.713576,-0.025574,1,1,12.274110,0.152667,0,0
0.190000,-16.990320,312.625600,187.417100,1,1,1,1,2,2,0.749541,0.754735,0.749541,0.754735,0.752138,0.012374,0.978067,0.207922,0.012374,0.978067,0.207922,0.020519,0.975711,0.218097,10.082460,-2.715080,-0.035822,1,1,12.288930,0.140998,0,0
0.200000,-16.990610,312.598500,187.537100,1,1,1,1,2,2,0.748926,0.753675,0.748926,0.753675,0.751300,0.006183,0.978423,0.206519,0.006183,0.978423,0.206519,0.019286,0.975957,0.217104,10.421590,-2.713325,-0.043260,1,1,12.303640,0.131281,0,0
0.210000,-16.990890,312.571400,187.657300,1,1,1,1,2,2,0.753107,0.753467,0.753107,0.753467,0.753287,0.006022,0.979977,0.199021,0.006022,0.979977,0.199021,0.018145,0.976323,0.215552,10.345510,-2.708238,-0.054379,1,1,12.318230,0.117188,0,0
0.220000,-16.991160,312.544400,187.777600,1,1,1,1,2,2,0.748374,0.751513,0.748374,0.751513,0.749944,0.006136,0.979896,0.199413,0.006136,0.979896,0.199413,0.017111,0.976647,0.214166,11.196270,-2.703861,-0.064208,1,1,12.332660,0.103729,0,0
0.230000,-16.991420,312.517500,187.898100,1,1,1,1,2,2,0.747279,0.749248,0.747279,0.749248,0.748264,0.006936,0.980436,0.196717,0.006936,0.980436,0.196717,0.016236,0.976989,0.212668,11.571530,-2.691149,-0.066989,1,1,12.346900,0.092395,0,0
0.240000,-16.991660,312.490700,188.018800,1,1,1,1,2,2,0.745675,0.746841,0.745675,0.746841,0.746258,0.006303,0.980912,0.194349,0.006303,0.980912,0.194349,0.015381,0.977344,0.211095,11.936630,-2.674739,-0.067011,1,1,12.360960,0.082456,0,0
0.250000,-16.991900,312.464200,188.139600,1,1,1,1,2,2,0.745006,0.743312,0.745006,0.743312,0.744159,0.006688,0.981661,0.190515,0.006688,0.981661,0.190515,0.014634,0.977736,0.209328,12.289980,-2.654730,-0.065882,1,1,12.374850,0.072688,0,0
0.260000,-16.992130,312.437900,188.260700,1,1,1,1,2,2,0.743877,0.740143,0.743877,0.740143,0.742010,0.006042,0.982184,0.187822,0.006042,0.982184,0.187822,0.013894,0.978140,0.207482,12.590830,-2.631230,-0.062282,1,1,12.388550,0.064294,0,0
0.270000,-16.992350,312.411800,188.382000,1,1,1,1,2,2,0.755527,0.745624,0.755527,0.745624,0.750575,-0.000581,0.987886,0.155180,-0.000581,0.987886,0.155180,0.012650,0.979096,0.203003,11.728480,-2.604750,-0.089084,1,1,12.402060,0.057681,0,0
0.280000,-16.992570,312.385900,188.503400,1,1,1,1,2,2,0.733847,0.734172,0.733847,0.734172,0.734010,0.000549,0.984938,0.172909,0.000549,0.984938,0.172909,0.011608,0.979641,0.200421,15.002670,-2.586615,-0.100564,1,1,12.415110,0.042931,0,0
0.290000,-16.992770,312.360600,188.625000,1,1,1,1,2,2,0.730098,0.730443,0.730098,0.730443,0.730271,0.000628,0.985559,0.169329,0.000628,0.985559,0.169329,0.010664,0.980194,0.197753,15.178180,-2.536355,-0.080449,1,1,12.427710,0.035045,0,0
0.300000,-16.992970,312.335700,188.746900,1,1,1,1,2,2,0.722841,0.726715,0.722841,0.726715,0.724778,-0.001065,0.985670,0.168684,-0.001065,0.985670,0.168684,0.009654,0.980704,0.195259,15.572050,-2.484314,-0.056457,1,1,12.440120,0.025829,0,0
0.310000,-16.993160,312.311400,188.869100,1,1,1,1,2,2,0.722173,0.722479,0.722173,0.722479,0.722326,-0.001375,0.987038,0.160482,-0.001375,0.987038,0.160482,0.008705,0.981302,0.192275,15.478000,-2.428356,-0.034801,1,1,12.452400,0.015691,0,0
0.320000,-16.993350,312.287700,188.991400,1,1,1,1,2,2,0.718497,0.718777,0.718497,0.718777,0.718637,-0.001026,0.987658,0.156622,-0.001026,0.987658,0.156622,0.007868,0.981904,0.189217,15.655710,-2.373253,-0.015116,1,1,12.464470,0.005450,0,0
0.330000,-16.993530,312.264500,189.114000,1,1,1,1,2,2,0.716110,0.716379,0.716110,0.716379,0.716245,0.001272,0.988495,0.151250,0.001272,0.988495,0.151250,0.007301,0.982530,0.185960,15.620880,-2.316338,0.003749,1,1,12.476340,-0.004291,0,0
0.340000,-16.993710,312.241900,189.236800,1,1,1,1,2,2,0.712446,0.712860,0.712446,0.712860,0.712653,-0.000818,0.989026,0.147737,-0.000818,0.989026,0.147737,0.006602,0.983150,0.182680,15.819460,-2.259692,0.021909,1,1,12.487970,-0.009058,0,0
0.350000,-16.993890,312.219900,189.359900,1,1,1,1,2,2,0.709037,0.709359,0.709037,0.709359,0.709198,0.000461,0.989580,0.143983,0.000461,0.989580,0.143983,0.006074,0.983765,0.179360,15.958680,-2.201025,0.041459,1,1,12.499370,-0.016692,0,0
0.360000,-16.994070,312.198500,189.483200,1,1,1,1,2,2,0.681875,0.689702,0.681875,0.689702,0.685788,0.000000,0.995534,0.094403,0.000000,0.995534,0.094403,0.005552,0.985065,0.172092,20.917720,-2.140917,0.012156,1,1,12.510540,-0.021482,0,0
0.370000,-16.994240,312.178200,189.606700,1,1,1,1,2,2,0.702210,0.702414,0.702210,0.702414,0.702312,0.000477,0.990843,0.135017,0.000477,0.990843,0.135017,0.005116,0.985618,0.168910,16.146100,-2.031793,0.084265,1,1,12.521250,-0.024921,0,0
0.380000,-16.994420,312.158500,189.730500,1,1,1,1,2,2,0.729315,0.721049,0.729315,0.721049,0.725182,0.000103,0.996386,0.084938,0.000103,0.996386,0.084938,0.004685,0.986825,0.161722,12.705860,-1.969623,0.057686,1,1,12.531620,-0.030879,0,0
0.390000,-16.994600,312.139100,189.854400,1,1,1,1,2,2,0.697416,0.697737,0.697416,0.697737,0.697577,-0.002106,0.992051,0.125818,-0.002106,0.992051,0.125818,0.004101,0.987328,0.158639,17.902690,-1.941249,0.048769,1,1,12.540860,-0.036062,0,0
0.400000,-16.994780,312.120500,189.978500,1,1,1,1,2,2,0.694560,0.694889,0.694560,0.694889,0.694725,-0.000056,0.992510,0.122166,-0.000056,0.992510,0.122166,0.003743,0.987827,0.155508,17.361630,-1.861520,0.091140,1,1,12.550200,-0.039956,0,0
0.410000,-16.994960,312.102600,190.102800,1,1,1,1,2,2,0.651190,0.656267,0.651190,0.656267,0.653729,-0.000048,0.999143,0.041402,-0.000048,0.999143,0.041402,0.003418,0.989316,0.145746,25.938580,-1.787079,0.043817,1,1,12.559430,-0.043000,0,0
0.420000,-16.995150,312.086300,190.227400,1,1,1,1,2,2,0.689854,0.690011,0.689854,0.690011,0.689932,-0.001128,0.993597,0.112977,-0.001128,0.993597,0.112977,0.003027,0.989728,0.142932,16.261440,-1.627579,0.170399,1,1,12.568530,-0.042115,0,0
0.430000,-16.995330,312.070700,190.352200,1,1,1,1,2,2,0.725112,0.717670,0.725112,0.717670,0.721391,0.000279,0.998903,0.046828,0.000279,0.998903,0.046828,0.002791,0.990882,0.134700,11.586440,-1.563802,0.131348,1,1,12.576780,-0.050000,0,0
0.440000,-16.995530,312.055200,190.477100,1,1,1,1,2,2,0.687769,0.688023,0.687769,0.688023,0.687896,0.000159,0.994606,0.103723,0.000159,0.994606,0.103723,0.002565,0.991241,0.132039,17.998130,-1.546207,0.116188,1,1,12.583380,-0.053136,0,0
0.450000,-16.995720,312.040600,190.602100,1,1,1,1,2,2,0.686067,0.686262,0.686067,0.686262,0.686165,0.001399,0.994963,0.100233,0.001399,0.994963,0.100233,0.002465,0.991601,0.129306,17.113030,-1.465029,0.164198,1,1,12.590530,-0.053959,0,0
0.460000,-16.995920,312.026700,190.727300,1,1,1,1,2,2,0.646575,0.654696,0.646575,0.654696,0.650635,0.000000,0.999721,0.023623,0.000000,0.999721,0.023623,0.002253,0.992741,0.120250,24.548290,-1.392594,0.123046,1,1,12.597560,-0.053049,0,0
0.470000,-16.996120,312.014200,190.852800,1,1,1,1,2,2,0.683474,0.683629,0.683474,0.683629,0.683552,-0.001160,0.995870,0.090788,-0.001160,0.995870,0.090788,0.001959,0.993045,0.117719,15.728040,-1.246202,0.238977,1,1,12.604840,-0.051909,0,0
0.480000,-16.996330,312.002300,190.978300,1,1,1,1,2,2,0.708938,0.701413,0.708938,0.701413,0.705175,-0.000111,0.998994,0.044848,-0.000111,0.998994,0.044848,0.001781,0.993766,0.111466,12.331780,-1.187373,0.219421,1,1,12.610820,-0.057203,0,0
0.490000,-16.996540,311.990700,191.103900,1,1,1,1,2,2,0.683242,0.683466,0.683242,0.683466,0.683354,0.000843,0.996677,0.081454,0.000843,0.996677,0.081454,0.001701,0.994052,0.108886,16.436570,-1.162218,0.212458,1,1,12.615380,-0.059184,0,0
0.500000,-16.996760,311.979800,191.229700,1,1,1,1,2,2,0.682597,0.682735,0.682597,0.682735,0.682666,0.000636,0.996957,0.077952,0.000636,0.996957,0.077952,0.001609,0.994340,0.106228,15.736900,-1.096240,0.245509,1,1,12.620520,-0.058479,0,0
0.510000,-16.996980,311.969400,191.355500,1,1,1,1,2,2,0.661671,0.669363,0.661671,0.669363,0.665517,0.000000,0.999250,0.038725,0.000000,0.999250,0.038725,0.001471,0.994943,0.100433,19.174140,-1.037198,0.231728,1,1,12.625390,-0.058063,0,0
0.520000,-16.997210,311.960000,191.481400,1,1,1,1,2,2,0.680836,0.680888,0.680836,0.680888,0.680862,-0.000135,0.997652,0.068488,-0.000135,0.997652,0.068488,0.001333,0.995216,0.097687,14.933830,-0.943900,0.290966,1,1,12.630460,-0.058165,0,0
0.530000,-16.997440,311.951000,191.607500,1,1,1,1,2,2,0.682777,0.681537,0.682777,0.681537,0.682157,0.003450,0.998089,0.061692,0.003450,0.998089,0.061692,0.001515,0.995515,0.094593,14.394350,-0.892783,0.303335,1,1,12.634490,-0.060827,0,0
0.540000,-16.997680,311.942500,191.733600,1,1,1,1,2,2,0.680877,0.680881,0.680877,0.680881,0.680879,-0.000056,0.998251,0.059126,-0.000056,0.998251,0.059126,0.001380,0.995800,0.091545,14.439140,-0.847018,0.310857,1,1,12.638100,-0.056306,0,0
0.550000,-16.997920,311.934500,191.859700,1,1,1,1,2,2,0.680260,0.680376,0.680260,0.680376,0.680318,0.000032,0.998454,0.055578,0.000032,0.998454,0.055578,0.001264,0.996079,0.088453,14.358030,-0.800787,0.318253,1,1,12.641450,-0.056804,0,0
0.560000,-16.998170,311.927000,191.985900,1,1,1,1,2,2,0.678755,0.678666,0.678755,0.678666,0.678710,-0.000230,0.998747,0.050038,-0.000230,0.998747,0.050038,0.001135,0.996367,0.085151,14.553050,-0.755348,0.322139,1,1,12.644510,-0.056964,0,0
0.570000,-16.998420,311.919900,192.112200,1,1,1,1,2,2,0.677781,0.677870,0.677781,0.677870,0.677825,-0.000684,0.998939,0.046042,-0.000684,0.998939,0.046042,0.000979,0.996649,0.081790,14.588740,-0.707948,0.327194,1,1,12.647300,-0.057154,0,0
0.580000,-16.998680,311.913300,192.238500,1,1,1,1,2,2,0.677927,0.677925,0.677927,0.677925,0.677926,-0.000532,0.999179,0.040499,-0.000532,0.999179,0.040499,0.000849,0.996934,0.078240,14.498310,-0.660176,0.330199,1,1,12.649790,-0.057915,0,0
0.590000,-16.998950,311.907200,192.364900,1,1,1,1,2,2,0.676711,0.676824,0.676711,0.676824,0.676767,-0.000747,0.999322,0.036818,-0.000747,0.999322,0.036818,0.000711,0.997207,0.074679,14.661200,-0.613289,0.332131,1,1,12.651920,-0.058258,0,0
0.600000,-16.999220,311.901500,192.491300,1,1,1,1,2,2,0.675529,0.628658,0.675529,0.628658,0.652094,-0.000088,0.999925,-0.012220,-0.000088,0.999925,-0.012220,0.000643,0.997738,0.067213,20.257340,-0.564763,0.286145,1,1,12.653750,-0.058910,0,0
0.610000,-16.999490,311.896900,192.617800,1,1,1,1,2,2,0.673906,0.673942,0.673906,0.673942,0.673924,-0.000024,0.999619,0.027598,-0.000024,0.999619,0.027598,0.000585,0.997962,0.063807,14.794290,-0.460363,0.347578,1,1,12.656280,-0.058550,0,0
0.620000,-16.999770,311.892800,192.744300,1,1,1,1,2,2,0.700726,0.693929,0.700726,0.693929,0.697328,-0.000303,0.999631,-0.027148,-0.000303,0.999631,-0.027148,0.000509,0.998431,0.055988,11.814870,-0.410477,0.298431,1,1,12.657140,-0.058331,0,0
0.630000,-17.000060,311.888900,192.870800,1,1,1,1,2,2,0.672829,0.672859,0.672829,0.672859,0.672844,-0.000040,0.999835,0.018184,-0.000040,0.999835,0.018184,0.000462,0.998608,0.052737,16.750520,-0.390310,0.277356,1,1,12.656250,-0.058791,0,0
0.640000,-17.000350,311.885700,192.997300,1,1,1,1,2,2,0.671716,0.671752,0.671716,0.671752,0.671734,0.000413,0.999897,0.014371,0.000413,0.999897,0.014371,0.000458,0.998777,0.049437,16.260550,-0.320850,0.305015,1,1,12.656270,-0.058241,0,0
0.650000,-17.000650,311.883100,193.123900,1,1,1,1,2,2,0.654829,0.662599,0.654829,0.662599,0.658714,0.000000,0.999907,-0.013607,0.000000,0.999907,-0.013607,0.000418,0.999031,0.044015,18.709700,-0.256287,0.300889,1,1,12.655980,-0.056985,0,0
0.660000,-17.000950,311.881400,193.250400,1,1,1,1,2,2,0.669047,0.669044,0.669047,0.669044,0.669045,-0.000318,0.999988,0.004831,-0.000318,0.999988,0.004831,0.000355,0.999173,0.040644,15.693210,-0.167250,0.347220,1,1,12.655860,-0.056227,0,0
0.670000,-17.001260,311.880300,193.376900,1,1,1,1,2,2,0.660232,0.652350,0.660232,0.652350,0.656291,0.001804,0.999678,0.025304,0.001804,0.999678,0.025304,0.000480,0.999226,0.039325,16.936840,-0.108362,0.389329,1,1,12.654730,-0.057320,0,0
0.680000,-17.001570,311.880000,193.503500,1,1,1,1,2,2,0.668673,0.668610,0.668673,0.668610,0.668642,0.001971,0.999988,-0.004385,0.001971,0.999988,-0.004385,0.000608,0.999367,0.035564,14.123870,-0.037060,0.412976,1,1,12.654110,-0.055004,0,0
0.690000,-17.001890,311.880000,193.630000,1,1,1,1,2,2,0.667974,0.667927,0.667974,0.667927,0.667951,-0.000660,0.999967,-0.008078,-0.000660,0.999967,-0.008078,0.000499,0.999494,0.031810,14.359870,0.006122,0.408563,1,1,12.652220,-0.051388,0,0
0.700000,-17.002210,311.880600,193.756500,1,1,1,1,2,2,0.666106,0.666029,0.666106,0.666029,0.666067,-0.000278,0.999908,-0.013542,-0.000278,0.999908,-0.013542,0.000432,0.999610,0.027908,14.797780,0.051656,0.404650,1,1,12.650030,-0.051858,0,0
0.710000,-17.002530,311.881600,193.883000,1,1,1,1,2,2,0.665161,0.665133,0.665161,0.665133,0.665147,-0.001192,0.999845,-0.017549,-0.001192,0.999845,-0.017549,0.000292,0.999712,0.023996,14.955730,0.101558,0.405003,1,1,12.647590,-0.051317,0,0
0.720000,-17.002870,311.883100,194.009400,1,1,1,1,2,2,0.664911,0.664839,0.664911,0.664839,0.664875,-0.001415,0.999734,-0.023023,-0.001415,0.999734,-0.023023,0.000145,0.999801,0.019950,14.999700,0.153027,0.405236,1,1,12.644840,-0.051898,0,0
0.730000,-17.003200,311.885100,194.135800,1,1,1,1,2,2,0.663717,0.663721,0.663717,0.663721,0.663719,0.000175,0.999641,-0.026777,0.000175,0.999641,-0.026777,0.000148,0.999873,0.015928,15.183710,0.204921,0.406226,1,1,12.641700,-0.053382,0,0
0.740000,-17.003550,311.887700,194.262200,1,1,1,1,2,2,0.662617,0.662619,0.662617,0.662619,0.662618,0.000000,0.999525,-0.030835,0.000000,0.999525,-0.030835,0.000135,0.999929,0.011904,15.312480,0.258639,0.409025,1,1,12.638250,-0.052393,0,0
0.750000,-17.003890,311.890900,194.388500,1,1,1,1,2,2,0.660466,0.660400,0.660466,0.660400,0.660433,-0.000676,0.999343,-0.036248,-0.000676,0.999343,-0.036248,0.000065,0.999970,0.007759,15.641480,0.313623,0.411611,1,1,12.634460,-0.051352,0,0
0.760000,-17.004240,311.894600,194.514700,1,1,1,1,2,2,0.659333,0.659311,0.659333,0.659311,0.659322,0.000302,0.999195,-0.040112,0.000302,0.999195,-0.040112,0.000086,0.999993,0.003638,15.687030,0.371875,0.417796,1,1,12.630400,-0.051761,0,0
0.770000,-17.004600,311.898900,194.640900,1,1,1,1,2,2,0.658956,0.658865,0.658956,0.658865,0.658910,-0.000151,0.998957,-0.045660,-0.000151,0.998957,-0.045660,0.000065,1.000000,-0.000606,15.633630,0.430556,0.422901,1,1,12.625990,-0.050463,0,0
0.780000,-17.004960,311.903800,194.767000,1,1,1,1,2,2,0.657861,0.657720,0.657861,0.657720,0.657791,-0.000191,0.998785,-0.049279,-0.000191,0.998785,-0.049279,0.000043,0.999988,-0.004797,15.703470,0.488674,0.428165,1,1,12.621160,-0.049869,0,0
0.790000,-17.005330,311.909200,194.893100,1,1,1,1,2,2,0.656513,0.657393,0.656513,0.657393,0.656953,0.000000,0.998636,-0.052208,0.000000,0.998636,-0.052208,0.000040,0.999960,-0.008880,15.670250,0.547458,0.435513,1,1,12.615980,-0.049415,0,0
0.800000,-17.005700,311.915300,195.019000,1,1,1,1,2,2,0.654421,0.654299,0.654421,0.654299,0.654360,0.001813,0.998285,-0.058514,0.001813,0.998285,-0.058514,0.000192,0.999913,-0.013154,16.021230,0.605876,0.440127,1,1,12.610430,-0.049573,0,0
0.810000,-17.006070,311.922000,195.144900,1,1,1,1,2,2,0.642060,0.634437,0.642060,0.634437,0.638249,-0.000294,0.999536,-0.030460,-0.000294,0.999536,-0.030460,0.000150,0.999893,-0.014644,17.840000,0.667765,0.483367,1,1,12.604620,-0.046079,0,0
0.820000,-17.006450,311.929500,195.270700,1,1,1,1,2,2,0.653054,0.652975,0.653054,0.652975,0.653015,0.000016,0.997696,-0.067846,0.000016,0.997696,-0.067846,0.000139,0.999815,-0.019227,14.619280,0.747815,0.505850,1,1,12.599680,-0.045704,0,0
0.830000,-17.006830,311.937400,195.396300,1,1,1,1,2,2,0.652236,0.652055,0.652236,0.652055,0.652145,-0.000477,0.997428,-0.071671,-0.000477,0.997428,-0.071671,0.000086,0.999718,-0.023745,14.996870,0.795613,0.496969,1,1,12.592980,-0.045050,0,0
0.840000,-17.007220,311.945900,195.521900,1,1,1,1,2,2,0.666650,0.674088,0.666650,0.674088,0.670369,0.000000,0.999282,-0.037897,0.000000,0.999282,-0.037897,0.000078,0.999688,-0.024963,10.805380,0.847143,0.533407,1,1,12.585980,-0.045236,0,0
0.850000,-17.007610,311.954500,195.647400,1,1,1,1,2,2,0.648591,0.648454,0.648591,0.648454,0.648522,-0.000596,0.996714,-0.081002,-0.000596,0.996714,-0.081002,0.000020,0.999556,-0.029792,16.008010,0.856749,0.482544,1,1,12.577140,-0.044450,0,0
0.860000,-17.008000,311.963700,195.772800,1,1,1,1,2,2,0.618988,0.611061,0.618988,0.611061,0.615024,-0.001806,0.999835,-0.018069,-0.001806,0.999835,-0.018069,-0.000137,0.999585,-0.028783,20.173500,0.918324,0.557121,1,1,12.569930,-0.043571,0,0
0.870000,-17.008400,311.973900,195.898000,1,1,1,1,2,2,0.646970,0.646744,0.646970,0.646744,0.646857,-0.000246,0.995931,-0.090119,-0.000246,0.995931,-0.090119,-0.000146,0.999419,-0.034069,13.513330,1.021529,0.594269,1,1,12.565310,-0.044913,0,0
0.880000,-17.008800,311.984500,196.023100,1,1,1,1,2,2,0.645807,0.645625,0.645807,0.645625,0.645716,-0.000318,0.995572,-0.093997,-0.000318,0.995572,-0.093997,-0.000161,0.999230,-0.039235,14.414520,1.058092,0.566363,1,1,12.556970,-0.044598,0,0
0.889999,-17.009210,311.995500,196.148100,1,1,1,1,2,2,0.670971,0.678164,0.670971,0.678164,0.674568,0.000000,0.999248,-0.038765,0.000000,0.999248,-0.038765,-0.000147,0.999231,-0.039195,8.059305,1.103607,0.612838,1,1,12.548480,-0.044342,0,0
0.899999,-17.009620,312.006400,196.273000,1,1,1,1,2,2,0.641417,0.641190,0.641417,0.641190,0.641303,0.000079,0.994661,-0.103193,0.000079,0.994661,-0.103193,-0.000128,0.999000,-0.044713,16.213900,1.085606,0.526067,1,1,12.536990,-0.043236,0,0
0.909999,-17.010030,312.017900,196.397800,1,1,1,1,2,2,0.606447,0.598497,0.606447,0.598497,0.602472,0.000382,0.999582,-0.028920,0.000382,0.999582,-0.028920,-0.000084,0.999059,-0.043355,21.178890,1.149038,0.607077,1,1,12.528670,-0.042747,0,0
0.919999,-17.010450,312.030500,196.522400,1,1,1,1,2,2,0.505201,0.494530,0.505201,0.494530,0.499866,0.000000,0.989632,0.143625,0.000000,0.989632,0.143625,-0.000077,0.999629,-0.027228,31.771730,1.262070,0.922352,1,1,12.523650,-0.041973,0,0
0.929999,-17.010870,312.045300,196.646800,1,1,1,1,1,1,0.640553,0.640371,0.640553,0.640371,0.640462,0.000000,0.995222,-0.097641,0.000000,0.995222,-0.097641,-0.000070,0.999445,-0.033298,2.872936,1.481137,1.065940,1,1,12.532300,-0.038728,0,0
0.939999,-17.011300,312.059400,196.771200,1,1,1,1,1,1,0.689521,0.704671,0.689521,0.704671,0.697096,0.000000,0.999981,0.006102,0.000000,0.999981,0.006102,-0.000064,0.999552,-0.029908,0.000000,1.411238,1.038647,1,1,12.516550,-0.038549,0,0
0.949999,-17.011730,312.072600,196.895500,1,1,1,1,1,1,0.635713,0.635490,0.635713,0.635490,0.635602,0.002909,0.994080,-0.108616,0.002909,0.994080,-0.108616,0.000192,0.999326,-0.036697,9.004533,1.312657,0.855623,1,1,12.499090,-0.035457,0,0
0.959999,-17.012160,312.085600,197.019700,1,1,1,1,1,1,0.632693,0.632345,0.632693,0.632345,0.632519,-0.002574,0.993619,-0.112761,-0.002574,0.993619,-0.112761,-0.000046,0.999064,-0.043258,11.807880,1.304064,0.765582,1,1,12.488180,-0.034495,0,0
0.969999,-17.012590,312.098800,197.143800,1,1,1,1,1,1,0.629753,0.629683,0.629753,0.629683,0.629718,0.000000,0.993269,-0.115831,0.000000,0.993269,-0.115831,-0.000042,0.998773,-0.049519,13.764210,1.323434,0.707381,1,1,12.478420,-0.036635,0,0
0.979999,-17.013030,312.112500,197.267700,1,1,1,1,1,1,0.626371,0.626016,0.626371,0.626016,0.626194,0.000000,0.992786,-0.119902,0.000000,0.992786,-0.119902,-0.000039,0.998453,-0.055592,15.301110,1.362283,0.671154,1,1,12.469110,-0.036140,0,0
0.989999,-17.013470,312.126600,197.391500,1,1,1,1,1,1,0.643647,0.660151,0.643647,0.660151,0.651899,0.000000,0.997407,-0.071969,0.000000,0.997407,-0.071969,-0.000035,0.998374,-0.057002,9.740503,1.416403,0.708468,1,1,12.459990,-0.035777,0,0
0.999999,-17.013910,312.140800,197.515200,1,1,1,1,1,1,0.792720,0.803408,0.792720,0.803408,0.798064,0.000000,0.967452,0.253055,0.000000,0.967452,0.253055,-0.000032,0.999547,-0.030100,0.000000,1.414975,1.042095,1,1,12.447620,-0.035100,0,0
1.009999,-17.014360,312.153900,197.638800,0,0,0,0,0,0,0.000000,0.000000,0.000000,0.000000,0.798064,0.000000,0.000000,0.000000,0.000000,0.967452,0.253055,-0.000032,0.999547,-0.030100,0.000000,1.316394,0.943761,0,2,12.430110,-0.032910,0,0
1.019999,-17.014800,312.166100,197.762400,0,0,0,0,0,0,0.000000,0.000000,0.000000,0.000000,0.798064,0.000000,0.000000,0.000000,0.000000,0.967452,0.253055,-0.000032,0.999547,-0.030100,0.000000,1.218294,0.845706,0,2,12.420100,-0.001737,0,0
1.029999,-17.015250,312.177300,197.886000,0,0,0,0,0,0,0.000000,0.000000,0.000000,0.000000,0.798064,0.000000,0.000000,0.000000,0.000000,0.967452,0.253055,-0.000032,0.999547,-0.030100,0.000000,1.120194,0.747650,0,2,12.410860,-0.001737,0,0
1.039999,-17.015700,312.187500,198.009600,0,0,0,0,0,0,0.000000,0.000000,0.000000,0.000000,0.798064,0.000000,0.000000,0.000000,0.000000,0.967452,0.253055,-0.000032,0.999547,-0.030100,0.000000,1.022094,0.649595,0,2,12.402390,-0.001737,0,0
1.049999,-17.016140,312.196800,198.133200,0,0,0,0,0,0,0.000000,0.000000,0.000000,0.000000,0.798064,0.000000,0.000000,0.000000,0.000000,0.967452,0.253055,-0.000032,0.999547,-0.030100,0.000000,0.923994,0.551539,0,2,12.394700,-0.001737,0,0
1.059999,-17.016590,312.205000,198.256800,0,0,0,0,0,0,0.000000,0.000000,0.000000,0.000000,0.798064,0.000000,0.000000,0.000000,0.000000,0.967452,0.253055,-0.000032,0.999547,-0.030100,0.000000,0.825894,0.453484,0,2,12.387770,-0.001737,0,0
1.069999,-17.017040,312.212300,198.380400,0,0,0,0,0,0,0.000000,0.000000,0.000000,0.000000,0.798064,0.000000,0.000000,0.000000,0.000000,0.967452,0.253055,-0.000032,0.999547,-0.030100,0.000000,0.727794,0.355428,0,2,12.381620,-0.001737,0,0
1.079999,-17.017480,312.218600,198.504000,0,0,0,0,0,0,0.000000,0.000000,0.000000,0.000000,0.798064,0.000000,0.000000,0.000000,0.000000,0.967452,0.253055,-0.000032,0.999547,-0.030100,0.000000,0.629694,0.257373,0,2,12.376240,-0.001737,0,0
1.089999,-17.017930,312.223900,198.627500,0,0,0,0,0,0,0.000000,0.000000,0.000000,0.000000,0.798064,0.000000,0.000000,0.000000,0.000000,0.967452,0.253055,-0.000032,0.999547,-0.030100,0.000000,0.531594,0.159317,0,2,12.371630,-0.001737,0,0
1.099999,-17.018380,312.228200,198.751100,0,0,0,0,0,0,0.000000,0.000000,0.000000,0.000000,0.798064,0.000000,0.000000,0.000000,0.000000,0.967452,0.253055,-0.000032,0.999547,-0.030100,0.000000,0.433494,0.061261,0,2,12.367810,-0.001737,0,0
1.109999,-17.018820,312.231600,198.874700,0,0,0,0,0,0,0.000000,0.000000,0.000000,0.000000,0.798064,0.000000,0.000000,0.000000,0.000000,0.967452,0.253055,-0.000032,0.999547,-0.030100,0.000000,0.335394,-0.036794,0,2,12.364760,-0.001737,0,0
1.119999,-17.019270,312.234000,198.998300,0,0,0,0,0,0,0.000000,0.000000,0.000000,0.000000,0.798064,0.000000,0.000000,0.000000,0.000000,0.967452,0.253055,-0.000032,0.999547,-0.030100,0.000000,0.237294,-0.134850,0,2,12.362480,-0.001737,0,0
1.129999,-17.019710,312.235400,199.121900,0,0,0,0,0,0,0.000000,0.000000,0.000000,0.000000,0.798064,0.000000,0.000000,0.000000,0.000000,0.967452,0.253055,-0.000032,0.999547,-0.030100,0.000000,0.139194,-0.232905,0,2,12.360990,-0.001737,0,0
1.139999,-17.020160,312.235800,199.245500,0,0,0,0,0,0,0.000000,0.000000,0.000000,0.000000,0.798064,0.000000,0.000000,0.000000,0.000000,0.967452,0.253055,-0.000032,0.999547,-0.030100,0.000000,0.041094,-0.330961,0,2,12.360280,-0.001737,0,0
1.149999,-17.020610,312.235200,199.369100,0,0,0,0,0,0,0.000000,0.000000,0.000000,0.000000,0.798064,0.000000,0.000000,0.000000,0.000000,0.967452,0.253055,-0.000032,0.999547,-0.030100,0.000000,-0.057006,-0.429016,0,2,12.360340,-0.001737,0,0
1.159999,-17.021050,312.233600,199.492700,0,0,0,0,0,0,0.000000,0.000000,0.000000,0.000000,0.798064,0.000000,0.000000,0.000000,0.000000,0.967452,0.253055,-0.000032,0.999547,-0.030100,0.000000,-0.155106,-0.527072,0,2,12.361180,-0.001737,0,0
1.169999,-17.021500,312.231100,199.616300,0,0,0,0,0,0,0.000000,0.000000,0.000000,0.000000,0.798064,0.000000,0.000000,0.000000,0.000000,0.967452,0.253055,-0.000032,0.999547,-0.030100,0.000000,-0.253206,-0.625127,0,2,12.362800,-0.001737,0,0
1.179999,-17.021950,312.227600,199.739900,0,0,0,0,0,0,0.000000,0.000000,0.000000,0.000000,0.798064,0.000000,0.000000,0.000000,0.000000,0.967452,0.253055,-0.000032,0.999547,-0.030100,0.000000,-0.351306,-0.723183,0,2,12.365200,-0.001737,0,0
1.189999,-17.022390,312.223100,199.863500,0,0,0,0,0,0,0.000000,0.000000,0.000000,0.000000,0.798064,0.000000,0.000000,0.000000,0.000000,0.967452,0.253055,-0.000032,0.999547,-0.030100,0.000000,-0.449406,-0.821238,0,2,12.368370,-0.001737,0,0
1.199999,-17.022840,312.217700,199.987100,0,0,0,0,0,0,0.000000,0.000000,0.000000,0.000000,0.798064,0.000000,0.000000,0.000000,0.000000,0.967452,0.253055,-0.000032,0.999547,-0.030100,0.000000,-0.547506,-0.919294,0,2,12.372330,-0.001737,0,0
1.209999,-17.023280,312.211200,200.110700,0,0,0,0,0,0,0.000000,0.000000,0.000000,0.000000,0.798064,0.000000,0.000000,0.000000,0.000000,0.967452,0.253055,-0.000032,0.999547,-0.030100,0.000000,-0.645606,-1.017349,0,2,12.377060,-0.001737,0,0
1.219999,-17.023730,312.203700,200.234300,0,0,0,0,0,0,0.000000,0.000000,0.000000,0.000000,0.798064,0.000000,0.000000,0.000000,0.000000,0.967452,0.253055,-0.000032,0.999547,-0.030100,0.000000,-0.743706,-1.115405,0,2,12.382560,-0.001737,0,0
1.229999,-17.024180,312.195300,200.357900,0,0,0,0,0,0,0.000000,0.000000,0.000000,0.000000,0.798064,0.000000,0.000000,0.000000,0.000000,0.967452,0.253055,-0.000032,0.999547,-0.030100,0.000000,-0.841806,-1.213460,0,2,12.388840,-0.001737,0,0
1.239999,-17.024620,312.185900,200.481500,0,0,0,0,0,0,0.000000,0.000000,0.000000,0.000000,0.798064,0.000000,0.000000,0.000000,0.000000,0.967452,0.253055,-0.000032,0.999547,-0.030100,0.000000,-0.939906,-1.311516,0,2,12.395890,-0.001737,0,0
1.249999,-17.025070,312.175500,200.605100,0,0,0,0,0,0,0.000000,0.000000,0.000000,0.000000,0.798064,0.000000,0.000000,0.000000,0.000000,0.967452,0.253055,-0.000032,0.999547,-0.030100,0.000000,-1.038006,-1.409572,0,2,12.403720,-0.001737,0,0
1.259999,-17.025520,312.164200,200.728700,0,0,0,0,0,0,0.000000,0.000000,0.000000,0.000000,0.798064,0.000000,0.000000,0.000000,0.000000,0.967452,0.253055,-0.000032,0.999547,-0.030100,0.000000,-1.136106,-1.507627,0,2,12.412310,-0.001737,0,0
1.269999,-17.025960,312.151900,200.852300,0,0,0,0,0,0,0.000000,0.000000,0.000000,0.000000,0.798064,0.000000,0.000000,0.000000,0.000000,0.967452,0.253055,-0.000032,0.999547,-0.030100,0.000000,-1.234206,-1.605682,0,2,12.421670,-0.001737,0,0
1.279999,-17.026410,312.138500,200.975900,0,0,0,0,0,0,0.000000,0.000000,0.000000,0.000000,0.798064,0.000000,0.000000,0.000000,0.000000,0.967452,0.253055,-0.000032,0.999547,-0.030100,0.000000,-1.332306,-1.703738,0,2,12.431800,-0.001737,0,0
1.289999,-17.026860,312.124200,201.099500,0,0,0,0,0,0,0.000000,0.000000,0.000000,0.000000,0.798064,0.000000,0.000000,0.000000,0.000000,0.967452,0.253055,-0.000032,0.999547,-0.030100,0.000000,-1.430405,-1.801793,0,2,12.442700,-0.001737,0,0
1.299999,-17.027300,312.108900,201.223100,0,0,0,0,0,0,0.000000,0.000000,0.000000,0.000000,0.798064,0.000000,0.000000,0.000000,0.000000,0.967452,0.253055,-0.000032,0.999547,-0.030100,0.000000,-1.528505,-1.899849,0,2,12.454360,-0.001737,0,0
1.309999,-17.027750,312.092700,201.346700,0,0,0,0,0,0,0.000000,0.000000,0.000000,0.000000,0.798064,0.000000,0.000000,0.000000,0.000000,0.967452,0.253055,-0.000032,0.999547,-0.030100,0.000000,-1.626605,-1.997904,0,2,12.466780,-0.001737,0,0
1.319999,-17.028190,312.075400,201.470300,0,0,0,0,0,0,0.000000,0.000000,0.000000,0.000000,0.798064,0.000000,0.000000,0.000000,0.000000,0.967452,0.253055,-0.000032,0.999547,-0.030100,0.000000,-1.724705,-2.095960,0,2,12.479960,-0.001737,0,0
1.329999,-17.028640,312.057200,201.593900,0,0,0,0,0,0,0.000000,0.000000,0.000000,0.000000,0.798064,0.000000,0.000000,0.000000,0.000000,0.967452,0.253055,-0.000032,0.999547,-0.030100,0.000000,-1.822805,-2.194015,0,2,12.493890,-0.001737,0,0
1.339999,-17.029090,312.038000,201.717500,0,0,0,0,0,0,0.000000,0.000000,0.000000,0.000000,0.798064,0.000000,0.000000,0.000000,0.000000,0.967452,0.253055,-0.000032,0.999547,-0.030100,0.000000,-1.920905,-2.292071,0,2,12.508580,-0.001737,0,0
1.349999,-17.029530,312.017800,201.841000,0,0,0,0,0,0,0.000000,0.000000,0.000000,0.000000,0.798064,0.000000,0.000000,0.000000,0.000000,0.967452,0.253055,-0.000032,0.999547,-0.030100,0.000000,-2.019005,-2.390126,0,2,12.524020,-0.001737,0,0
1.359999,-17.029980,311.996600,201.964600,0,0,0,0,0,0,0.000000,0.000000,0.000000,0.000000,0.798064,0.000000,0.000000,0.000000,0.000000,0.967452,0.253055,-0.000032,0.999547,-0.030100,0.000000,-2.117105,-2.488182,0,2,12.540210,-0.001737,0,0
1.369999,-17.030430,311.974500,202.088200,0,0,0,0,0,0,0.000000,0.000000,0.000000,0.000000,0.798064,0.000000,0.000000,0.000000,0.000000,0.967452,0.253055,-0.000032,0.999547,-0.030100,0.000000,-2.215205,-2.586237,0,2,12.557140,-0.001737,0,0
1.379999,-17.030870,311.951300,202.211800,0,0,0,0,0,0,0.000000,0.000000,0.000000,0.000000,0.798064,0.000000,0.000000,0.000000,0.000000,0.967452,0.253055,-0.000032,0.999547,-0.030100,0.000000,-2.313305,-2.684293,0,2,12.574820,-0.001737,0,0
1.389999,-17.031320,311.927200,202.335400,0,0,0,0,0,0,0.000000,0.000000,0.000000,0.000000,0.798064,0.000000,0.000000,0.000000,0.000000,0.967452,0.253055,-0.000032,0.999547,-0.030100,0.000000,-2.411405,-2.782348,0,2,12.593240,-0.001737,0,0
1.399999,-17.031760,311.902100,202.459000,0,0,0,0,0,0,0.000000,0.000000,0.000000,0.000000,0.798064,0.000000,0.000000,0.000000,0.000000,0.967452,0.253055,-0.000032,0.999547,-0.030100,0.000000,-2.509505,-2.880404,0,2,12.612390,-0.001737,0,0
1.409999,-17.032210,311.876100,202.582600,0,0,0,0,0,0,0.000000,0.000000,0.000000,0.000000,0.798064,0.000000,0.000000,0.000000,0.000000,0.967452,0.253055,-0.000032,0.999547,-0.030100,0.000000,-2.607605,-2.978459,0,2,12.632270,-0.001737,0,0
1.419999,-17.032660,311.849000,202.706200,0,0,0,0,0,0,0.000000,0.000000,0.000000,0.000000,0.798064,0.000000,0.000000,0.000000,0.000000,0.967452,0.253055,-0.000032,0.999547,-0.030100,0.000000,-2.705705,-3.076515,0,2,12.652890,-0.001737,0,0
1.429999,-17.033100,311.821000,202.829800,0,0,0,0,0,0,0.000000,0.000000,0.000000,0.000000,0.798064,0.000000,0.000000,0.000000,0.000000,0.967452,0.253055,-0.000032,0.999547,-0.030100,0.000000,-2.803805,-3.174570,0,2,12.674230,-0.001737,0,0
1.439999,-17.033550,311.791900,202.953400,0,0,0,0,0,0,0.000000,0.000000,0.000000,0.000000,0.798064,0.000000,0.000000,0.000000,0.000000,0.967452,0.253055,-0.000032,0.999547,-0.030100,0.000000,-2.901905,-3.272626,0,2,12.696290,-0.001737,0,0
1.449999,-17.034000,311.761900,203.077000,0,0,0,0,0,0,0.000000,0.000000,0.000000,0.000000,0.798064,0.000000,0.000000,0.000000,0.000000,0.967452,0.253055,-0.000032,0.999547,-0.030100,0.000000,-3.000005,-3.370681,0,2,12.719070,-0.001737,0,0
1.459999,-17.034440,311.731000,203.200600,0,0,0,0,0,0,0.000000,0.000000,0.000000,0.000000,0.798064,0.000000,0.000000,0.000000,0.000000,0.967452,0.253055,-0.000032,0.999547,-0.030100,0.000000,-3.098105,-3.468737,0,2,12.742570,-0.001737,0,0
1.469999,-17.034890,311.699000,203.324200,0,0,0,0,0,0,0.000000,0.000000,0.000000,0.000000,0.798064,0.000000,0.000000,0.000000,0.000000,0.967452,0.253055,-0.000032,0.999547,-0.030100,0.000000,-3.196205,-3.566792,0,2,12.766770,-0.001737,0,0
1.479999,-17.035340,311.666100,203.447800,0,0,0,0,0,0,0.000000,0.000000,0.000000,0.000000,0.798064,0.000000,0.000000,0.000000,0.000000,0.967452,0.253055,-0.000032,0.999547,-0.030100,0.000000,-3.294305,-3.664848,0,2,12.791680,-0.001737,0,0
1.489999,-17.035780,311.632100,203.571400,0,0,0,0,0,0,0.000000,0.000000,0.000000,0.000000,0.798064,0.000000,0.000000,0.000000,0.000000,0.967452,0.253055,-0.000032,0.999547,-0.030100,0.000000,-3.392405,-3.762903,0,2,12.817300,-0.001737,0,0
1.499999,-17.036230,311.597200,203.695000,0,0,0,0,0,0,0.000000,0.000000,0.000000,0.000000,0.798064,0.000000,0.000000,0.000000,0.000000,0.967452,0.253055,-0.000032,0.999547,-0.030100,0.000000,-3.490505,-3.860958,0,2,12.843610,-0.001737,0,0
1.509999,-17.036670,311.561300,203.818600,0,0,0,0,0,0,0.000000,0.000000,0.000000,0.000000,0.798064,0.000000,0.000000,0.000000,0.000000,0.967452,0.253055,-0.000032,0.999547,-0.030100,0.000000,-3.588604,-3.959014,0,2,12.870620,-0.001737,0,0
1.519999,-17.037120,311.524500,203.942200,0,0,0,0,0,0,0.000000,0.000000,0.000000,0.000000,0.798064,0.000000,0.000000,0.000000,0.000000,0.967452,0.253055,-0.000032,0.999547,-0.030100,0.000000,-3.686704,-4.057069,0,2,12.898310,-0.001737,0,0
1.529999,-17.037570,311.486600,204.065800,0,0,0,0,0,0,0.000000,0.000000,0.000000,0.000000,0.798064,0.000000,0.000000,0.000000,0.000000,0.967452,0.253055,-0.000032,0.999547,-0.030100,0.000000,-3.784804,-4.155125,0,2,12.926700,-0.001737,0,0
1.539999,-17.038010,311.447800,204.189400,0,0,0,0,0,0,0.000000,0.000000,0.000000,0.000000,0.798064,0.000000,0.000000,0.000000,0.000000,0.967452,0.253055,-0.000032,0.999547,-0.030100,0.000000,-3.882904,-4.253181,0,2,12.955760,-0.001737,0,0
1.549999,-17.038460,311.408000,204.313000,0,0,0,0,0,0,0.000000,0.000000,0.000000,0.000000,0.798064,0.000000,0.000000,0.000000,0.000000,0.967452,0.253055,-0.000032,0.999547,-0.030100,0.000000,-3.981004,-4.351236,0,2,12.985500,-0.001737,0,0
1.559999,-17.038910,311.367200,204.436600,0,0,0,0,0,0,0.000000,0.000000,0.000000,0.000000,0.798064,0.000000,0.000000,0.000000,0.000000,0.967452,0.253055,-0.000032,0.999547,-0.030100,0.000000,-4.079104,-4.449292,0,2,13.015910,-0.001737,0,0
1.569999,-17.039350,311.325400,204.560200,0,0,0,0,0,0,0.000000,0.000000,0.000000,0.000000,0.798064,0.000000,0.000000,0.000000,0.000000,0.967452,0.253055,-0.000032,0.999547,-0.030100,0.000000,-4.177205,-4.547347,0,2,13.046980,-0.001737,0,0
1.579999,-17.039800,311.282700,204.683800,0,0,0,0,0,0,0.000000,0.000000,0.000000,0.000000,0.798064,0.000000,0.000000,0.000000,0.000000,0.967452,0.253055,-0.000032,0.999547,-0.030100,0.000000,-4.275305,-4.645403,0,2,13.078720,-0.001737,0,0
1.589999,-17.040250,311.239000,204.807400,0,0,0,0,0,0,0.000000,0.000000,0.000000,0.000000,0.798064,0.000000,0.000000,0.000000,0.000000,0.967452,0.253055,-0.000032,0.999547,-0.030100,0.000000,-4.373405,-4.743459,0,2,13.111120,-0.001737,0,0
1.599999,-17.040690,311.194200,204.931000,0,0,0,0,0,0,0.000000,0.000000,0.000000,0.000000,0.798064,0.000000,0.000000,0.000000,0.000000,0.967452,0.253055,-0.000032,0.999547,-0.030100,0.000000,-4.471505,-4.841515,0,2,13.144170,-0.001737,0,0
1.609999,-17.041140,311.148600,205.054600,0,0,0,0,0,0,0.000000,0.000000,0.000000,0.000000,0.798064,0.000000,0.000000,0.000000,0.000000,0.967452,0.253055,-0.000032,0.999547,-0.030100,0.000000,-4.569605,-4.939570,0,2,13.177860,-0.001737,0,0
1.619999,-17.041580,311.101900,205.178100,0,0,0,0,0,0,0.000000,0.000000,0.000000,0.000000,0.798064,0.000000,0.000000,0.000000,0.000000,0.967452,0.253055,-0.000032,0.999547,-0.030100,0.000000,-4.667706,-5.037626,0,2,13.212200,-0.001737,0,0
1.629999,-17.042030,311.054200,205.301700,0,0,0,0,0,0,0.000000,0.000000,0.000000,0.000000,0.798064,0.000000,0.000000,0.000000,0.000000,0.967452,0.253055,-0.000032,0.999547,-0.030100,0.000000,-4.765806,-5.135682,0,2,13.247170,-0.001737,0,0
1.639999,-17.042480,311.005600,205.425300,0,0,0,0,0,0,0.000000,0.000000,0.000000,0.000000,0.798064,0.000000,0.000000,0.000000,0.000000,0.967452,0.253055,-0.000032,0.999547,-0.030100,0.000000,-4.863906,-5.233737,0,2,13.282780,-0.001737,0,0
1.649999,-17.042920,310.955900,205.548900,0,0,0,0,0,0,0.000000,0.000000,0.000000,0.000000,0.798064,0.000000,0.000000,0.000000,0.000000,0.967452,0.253055,-0.000032,0.999547,-0.030100,0.000000,-4.962006,-5.331793,0,2,13.319020,-0.001737,0,0
1.659999,-17.043370,310.905300,205.672500,0,0,0,0,0,0,0.000000,0.000000,0.000000,0.000000,0.798064,0.000000,0.000000,0.000000,0.000000,0.967452,0.253055,-0.000032,0.999547,-0.030100,0.000000,-5.060106,-5.429849,0,2,13.355880,-0.001737,0,0
1.669999,-17.043820,310.853800,205.796100,0,0,0,0,0,0,0.000000,0.000000,0.000000,0.000000,0.798064,0.000000,0.000000,0.000000,0.000000,0.967452,0.253055,-0.000032,0.999547,-0.030100,0.000000,-5.158206,-5.527905,0,2,13.393350,-0.001737,0,0
1.679999,-17.044260,310.801200,205.919700,0,0,0,0,0,0,0.000000,0.000000,0.000000,0.000000,0.798064,0.000000,0.000000,0.000000,0.000000,0.967452,0.253055,-0.000032,0.999547,-0.030100,0.000000,-5.256307,-5.625960,0,2,13.431440,-0.001737,0,0
1.689999,-17.044710,310.747700,206.043300,0,0,0,0,0,0,0.000000,0.000000,0.000000,0.000000,0.798064,0.000000,0.000000,0.000000,0.000000,0.967452,0.253055,-0.000032,0.999547,-0.030100,0.000000,-5.354407,-5.724016,0,2,13.470130,-0.001737,0,0
1.699999,-17.045150,310.693100,206.166900,0,0,0,0,0,0,0.000000,0.000000,0.000000,0.000000,0.798064,0.000000,0.000000,0.000000,0.000000,0.967452,0.253055,-0.000032,0.999547,-0.030100,0.000000,-5.452507,-5.822072,0,2,13.509420,-0.001737,0,0
1.709999,-17.045600,310.637600,206.290500,0,0,0,0,0,0,0.000000,0.000000,0.000000,0.000000,0.798064,0.000000,0.000000,0.000000,0.000000,0.967452,0.253055,-0.000032,0.999547,-0.030100,0.000000,-5.550607,-5.920127,0,2,13.549320,-0.001737,0,0
1.719999,-17.046050,310.581100,206.414100,0,0,0,0,0,0,0.000000,0.000000,0.000000,0.000000,0.798064,0.000000,0.000000,0.000000,0.000000,0.967452,0.253055,-0.000032,0.999547,-0.030100,0.000000,-5.648707,-6.018183,0,2,13.589800,-0.001737,0,0
1.729999,-17.046490,310.523700,206.537700,0,0,0,0,0,0,0.000000,0.000000,0.000000,0.000000,0.798064,0.000000,0.000000,0.000000,0.000000,0.967452,0.253055,-0.000032,0.999547,-0.030100,0.000000,-5.746808,-6.116239,0,2,13.630870,-0.001737,0,0
1.739999,-17.046940,310.465200,206.661300,0,0,0,0,0,0,0.000000,0.000000,0.000000,0.000000,0.798064,0.000000,0.000000,0.000000,0.000000,0.967452,0.253055,-0.000032,0.999547,-0.030100,0.000000,-5.844908,-6.214294,0,2,13.672510,-0.001737,0,0
1.749999,-17.047390,310.405800,206.784900,0,0,0,0,0,0,0.000000,0.000000,0.000000,0.000000,0.798064,0.000000,0.000000,0.000000,0.000000,0.967452,0.253055,-0.000032,0.999547,-0.030100,0.000000,-5.943008,-6.312350,0,2,13.714740,-0.001737,0,0
1.759999,-17.047830,310.345400,206.908500,0,0,0,0,0,0,0.000000,0.000000,0.000000,0.000000,0.798064,0.000000,0.000000,0.000000,0.000000,0.967452,0.253055,-0.000032,0.999547,-0.030100,0.000000,-6.041108,-6.410406,0,2,13.757530,-0.001737,0,0
1.769999,-17.048280,310.284000,207.032100,0,0,0,0,0,0,0.000000,0.000000,0.000000,0.000000,0.798064,0.000000,0.000000,0.000000,0.000000,0.967452,0.253055,-0.000032,0.999547,-0.030100,0.000000,-6.139208,-6.508461,0,2,13.800890,-0.001737,0,0
1.779999,-17.048730,310.221600,207.155700,0,0,0,0,0,0,0.000000,0.000000,0.000000,0.000000,0.798064,0.000000,0.000000,0.000000,0.000000,0.967452,0.253055,-0.000032,0.999547,-0.030100,0.000000,-6.237309,-6.606517,0,2,13.844810,-0.001737,0,0
1.789999,-17.049170,310.158200,207.279300,0,0,0,0,0,0,0.000000,0.000000,0.000000,0.000000,0.798064,0.000000,0.000000,0.000000,0.000000,0.967452,0.253055,-0.000032,0.999547,-0.030100,0.000000,-6.335409,-6.704573,0,2,13.889280,-0.001737,0,0
1.799999,-17.049620,310.093900,207.402900,0,0,0,0,0,0,0.000000,0.000000,0.000000,0.000000,0.798064,0.000000,0.000000,0.000000,0.000000,0.967452,0.253055,-0.000032,0.999547,-0.030100,0.000000,-6.433509,-6.802629,0,2,13.934300,-0.001737,0,0
1.809999,-17.050060,310.028600,207.526500,0,0,0,0,0,0,0.000000,0.000000,0.000000,0.000000,0.798064,0.000000,0.000000,0.000000,0.000000,0.967452,0.253055,-0.000032,0.999547,-0.030100,0.000000,-6.531609,-6.900684,0,2,13.979870,-0.001737,0,0
1.819999,-17.050510,309.962300,207.650100,0,0,0,0,0,0,0.000000,0.000000,0.000000,0.000000,0.798064,0.000000,0.000000,0.000000,0.000000,0.967452,0.253055,-0.000032,0.999547,-0.030100,0.000000,-6.629709,-6.998740,0,2,14.025970,-0.001737,0,0
1.829999,-17.050960,309.895000,207.773700,0,0,0,0,0,0,0.000000,0.000000,0.000000,0.000000,0.798064,0.000000,0.000000,0.000000,0.000000,0.967452,0.253055,-0.000032,0.999547,-0.030100,0.000000,-6.727809,-7.096796,0,2,14.072600,-0.001737,0,0
1.839999,-17.051400,309.826800,207.897300,0,0,0,0,0,0,0.000000,0.000000,0.000000,0.000000,0.798064,0.000000,0.000000,0.000000,0.000000,0.967452,0.253055,-0.000032,0.999547,-0.030100,0.000000,-6.825910,-7.194851,0,2,14.119760,-0.001737,0,0
1.849999,-17.051850,309.757500,208.020900,0,0,0,0,0,0,0.000000,0.000000,0.000000,0.000000,0.798064,0.000000,0.000000,0.000000,0.000000,0.967452,0.253055,-0.000032,0.999547,-0.030100,0.000000,-6.924010,-7.292907,0,2,14.167450,-0.001737,0,0
1.859999,-17.052300,309.687300,208.144500,0,0,0,0,0,0,0.000000,0.000000,0.000000,0.000000,0.798064,0.000000,0.000000,0.000000,0.000000,0.967452,0.253055,-0.000032,0.999547,-0.030100,0.000000,-7.022110,-7.390963,0,2,14.215650,-0.001737,0,0
1.869999,-17.052740,309.616100,208.268100,0,0,0,0,0,0,0.000000,0.000000,0.000000,0.000000,0.798064,0.000000,0.000000,0.000000,0.000000,0.967452,0.253055,-0.000032,0.999547,-0.030100,0.000000,-7.120210,-7.489018,0,2,14.264370,-0.001737,0,0
1.879999,-17.053190,309.543900,208.391600,0,0,0,0,0,0,0.000000,0.000000,0.000000,0.000000,0.798064,0.000000,0.000000,0.000000,0.000000,0.967452,0.253055,-0.000032,0.999547,-0.030100,0.000000,-7.218310,-7.587074,0,2,14.313590,-0.001737,0,0
1.889999,-17.053630,309.470800,208.515200,0,0,0,0,0,0,0.000000,0.000000,0.000000,0.000000,0.798064,0.000000,0.000000,0.000000,0.000000,0.967452,0.253055,-0.000032,0.999547,-0.030100,0.000000,-7.316411,-7.685130,0,2,14.363310,-0.001737,0,0
1.899999,-17.054080,309.396600,208.638800,0,0,0,0,0,0,0.000000,0.000000,0.000000,0.000000,0.798064,0.000000,0.000000,0.000000,0.000000,0.967452,0.253055,-0.000032,0.999547,-0.030100,0.000000,-7.414511,-7.783185,0,2,14.413520,-0.001737,0,0
1.909999,-17.054530,309.321500,208.762400,0,0,0,0,0,0,0.000000,0.000000,0.000000,0.000000,0.798064,0.000000,0.000000,0.000000,0.000000,0.967452,0.253055,-0.000032,0.999547,-0.030100,0.000000,-7.512611,-7.881241,0,2,14.464230,-0.001737,0,0
1.919999,-17.054970,309.245400,208.886000,0,0,0,0,0,0,0.000000,0.000000,0.000000,0.000000,0.798064,0.000000,0.000000,0.000000,0.000000,0.967452,0.253055,-0.000032,0.999547,-0.030100,0.000000,-7.610711,-7.979297,0,2,14.515430,-0.001737,0,0
1.929999,-17.055420,309.168300,209.009600,0,0,0,0,0,0,0.000000,0.000000,0.000000,0.000000,0.798064,0.000000,0.000000,0.000000,0.000000,0.967452,0.253055,-0.000032,0.999547,-0.030100,0.000000,-7.708811,-8.077353,0,2,14.567100,-0.001737,0,0
1.939999,-17.055870,309.090200,209.133200,0,0,0,0,0,0,0.000000,0.000000,0.000000,0.000000,0.798064,0.000000,0.000000,0.000000,0.000000,0.967452,0.253055,-0.000032,0.999547,-0.030100,0.000000,-7.806911,-8.175408,0,2,14.619250,-0.001737,0,0
1.949998,-17.056310,309.011200,209.256800,0,0,0,0,0,0,0.000000,0.000000,0.000000,0.000000,0.798064,0.000000,0.000000,0.000000,0.000000,0.967452,0.253055,-0.000032,0.999547,-0.030100,0.000000,-7.905012,-8.273464,0,2,14.671880,0.000536,0,0
1.959998,-17.056760,308.931200,209.380400,0,0,0,0,0,0,0.000000,0.000000,0.000000,0.000000,0.798064,0.000000,0.000000,0.000000,0.000000,0.967452,0.253055,-0.000032,0.999547,-0.030100,0.000000,0.000000,-0.372038,0,2,12.360130,4.415437,1,0
1.969998,-17.056760,308.931200,209.380400,0,0,0,0,0,0,0.000000,0.000000,0.000000,0.000000,0.798064,0.000000,0.000000,0.000000,0.000000,0.967452,0.253055,-0.000032,0.999547,-0.030100,0.000000,0.000000,-0.371857,0,2,12.354130,-0.002801,1,0
1.979998,-17.049340,308.858600,209.584900,0,0,0,0,0,0,0.000000,0.000000,0.000000,0.000000,0.798064,0.000000,0.000000,0.000000,0.000000,0.967452,0.253055,-0.000032,0.999547,-0.030100,0.000000,0.000000,-0.371677,0,2,12.348130,-0.002801,1,0
1.989998,-17.042900,308.795400,209.778700,0,0,0,0,0,0,0.000000,0.000000,0.000000,0.000000,0.798064,0.000000,0.000000,0.000000,0.000000,0.967452,0.253055,-0.000032,0.999547,-0.030100,0.000000,0.000000,-0.371496,0,2,12.342130,-0.002801,1,0
1.999998,-17.037290,308.740500,209.963300,0,0,0,0,0,0,0.000000,0.000000,0.000000,0.000000,0.798064,0.000000,0.000000,0.000000,0.000000,0.967452,0.253055,-0.000032,0.999547,-0.030100,0.000000,0.000000,-0.371316,0,2,12.336130,-0.002801,1,0
2.009999,-17.032420,308.692800,210.139900,0,0,0,0,0,0,0.000000,0.000000,0.000000,0.000000,0.798064,0.000000,0.000000,0.000000,0.000000,0.967452,0.253055,-0.000032,0.999547,-0.030100,0.000000,0.000000,-0.371135,0,2,12.330130,-0.002801,1,0
2.019999,-17.028180,308.651300,210.309400,0,0,0,0,0,0,0.000000,0.000000,0.000000,0.000000,0.798064,0.000000,0.000000,0.000000,0.000000,0.967452,0.253055,-0.000032,0.999547,-0.030100,0.000000,0.000000,-0.370954,0,2,12.324130,-0.002801,1,0
2.029999,-17.024500,308.615300,210.472900,0,0,0,0,0,0,0.000000,0.000000,0.000000,0.000000,0.798064,0.000000,0.000000,0.000000,0.000000,0.967452,0.253055,-0.000032,0.999547,-0.030100,0.000000,0.000000,-0.370774,0,2,12.318130,-0.002801,1,0
2.039999,-17.021300,308.584000,210.631000,0,0,0,0,0,0,0.000000,0.000000,0.000000,0.000000,0.798064,0.000000,0.000000,0.000000,0.000000,0.967452,0.253055,-0.000032,0.999547,-0.030100,0.000000,0.000000,-0.370593,0,2,12.312130,-0.002801,1,0
2.049999,-17.018520,308.556700,210.784500,0,0,0,0,0,0,0.000000,0.000000,0.000000,0.000000,0.798064,0.000000,0.000000,0.000000,0.000000,0.967452,0.253055,-0.000032,0.999547,-0.030100,0.000000,0.000000,-0.370413,0,2,12.306130,-0.002801,1,0
2.059999,-17.016100,308.533000,210.934000,0,0,0,0,0,0,0.000000,0.000000,0.000000,0.000000,0.798064,0.000000,0.000000,0.000000,0.000000,0.967452,0.253055,-0.000032,0.999547,-0.030100,0.000000,0.000000,-0.370232,0,2,12.300130,-0.002801,1,0
2.069999,-17.014000,308.512400,211.079900,0,0,0,0,0,0,0.000000,0.000000,0.000000,0.000000,0.798064,0.000000,0.000000,0.000000,0.000000,0.967452,0.253055,-0.000032,0.999547,-0.030100,0.000000,0.000000,-0.370051,0,2,12.294130,-0.002801,1,0
2.079998,-17.012170,308.494500,211.222800,0,0,0,0,0,0,0.000000,0.000000,0.000000,0.000000,0.798064,0.000000,0.000000,0.000000,0.000000,0.967452,0.253055,-0.000032,0.999547,-0.030100,0.000000,0.000000,-0.369871,0,2,12.288130,-0.002801,1,0
2.089998,-17.010580,308.478900,211.363100,0,0,0,0,0,0,0.000000,0.000000,0.000000,0.000000,0.798064,0.000000,0.000000,0.000000,0.000000,0.967452,0.253055,-0.000032,0.999547,-0.030100,0.000000,0.000000,-0.369690,0,2,12.282130,-0.002801,1,0
2.099998,-17.009200,308.465400,211.501000,0,0,0,0,0,0,0.000000,0.000000,0.000000,0.000000,0.798064,0.000000,0.000000,0.000000,0.000000,0.967452,0.253055,-0.000032,0.999547,-0.030100,0.000000,0.000000,-0.369510,0,2,12.276130,-0.002801,1,0
2.109998,-17.008000,308.453600,211.636800,0,0,0,0,0,0,0.000000,0.000000,0.000000,0.000000,0.798064,0.000000,0.000000,0.000000,0.000000,0.967452,0.253055,-0.000032,0.999547,-0.030100,0.000000,0.000000,-0.369329,0,2,12.270130,-0.002801,1,0
2.119998,-17.006950,308.443400,211.771000,0,0,0,0,0,0,0.000000,0.000000,0.000000,0.000000,0.798064,0.000000,0.000000,0.000000,0.000000,0.967452,0.253055,-0.000032,0.999547,-0.030100,0.000000,0.000000,-0.369148,0,2,12.264130,-0.002801,1,0
2.129998,-17.006040,308.434500,211.903500,0,0,0,0,0,0,0.000000,0.000000,0.000000,0.000000,0.798064,0.000000,0.000000,0.000000,0.000000,0.967452,0.253055,-0.000032,0.999547,-0.030100,0.000000,0.000000,-0.368968,0,2,12.258130,-0.002801,1,0
2.139998,-17.005250,308.426800,212.034700,0,0,0,0,0,0,0.000000,0.000000,0.000000,0.000000,0.798064,0.000000,0.000000,0.000000,0.000000,0.967452,0.253055,-0.000032,0.999547,-0.030100,0.000000,0.000000,-0.368787,0,2,12.252130,-0.002801,1,0
2.149998,-17.004570,308.420000,212.164700,0,0,0,0,0,0,0.000000,0.000000,0.000000,0.000000,0.798064,0.000000,0.000000,0.000000,0.000000,0.967452,0.253055,-0.000032,0.999547,-0.030100,0.000000,0.000000,-0.368607,0,2,12.246130,-0.002801,1,0
2.159998,-17.003970,308.414200,212.293700,0,0,0,0,0,0,0.000000,0.000000,0.000000,0.000000,0.798064,0.000000,0.000000,0.000000,0.000000,0.967452,0.253055,-0.000032,0.999547,-0.030100,0.000000,0.000000,-0.368426,0,2,12.240140,-0.002801,1,0
2.169998,-17.003450,308.409100,212.421800,0,0,0,0,0,0,0.000000,0.000000,0.000000,0.000000,0.798064,0.000000,0.000000,0.000000,0.000000,0.967452,0.253055,-0.000032,0.999547,-0.030100,0.000000,0.000000,-0.368246,0,2,12.234140,-0.002801,1,0
2.179998,-17.003000,308.404700,212.549000,0,0,0,0,0,0,0.000000,0.000000,0.000000,0.000000,0.798064,0.000000,0.000000,0.000000,0.000000,0.967452,0.253055,-0.000032,0.999547,-0.030100,0.000000,0.000000,-0.368065,0,2,12.228140,-0.002801,1,0
2.189998,-17.002610,308.400900,212.675600,0,0,0,0,0,0,0.000000,0.000000,0.000000,0.000000,0.798064,0.000000,0.000000,0.000000,0.000000,0.967452,0.253055,-0.000032,0.999547,-0.030100,0.000000,0.000000,-0.367884,0,2,12.222140,-0.002801,1,0
2.199998,-17.002270,308.397600,212.801500,0,0,0,0,0,0,0.000000,0.000000,0.000000,0.000000,0.798064,0.000000,0.000000,0.000000,0.000000,0.967452,0.253055,-0.000032,0.999547,-0.030100,0.000000,0.000000,-0.367704,0,2,12.216140,-0.002801,1,0
2.209998,-17.001970,308.394700,212.926900,0,0,0,0,0,0,0.000000,0.000000,0.000000,0.000000,0.798064,0.000000,0.000000,0.000000,0.000000,0.967452,0.253055,-0.000032,0.999547,-0.030100,0.000000,0.000000,-0.367523,0,2,12.210140,-0.002801,1,0
2.219998,-17.001710,308.392100,213.051800,0,0,0,0,0,0,0.000000,0.000000,0.000000,0.000000,0.798064,0.000000,0.000000,0.000000,0.000000,0.967452,0.253055,-0.000032,0.999547,-0.030100,0.000000,0.000000,-0.367343,0,2,12.204140,-0.002801,1,0
2.229998,-17.001490,308.389900,213.176300,0,0,0,0,0,0,0.000000,0.000000,0.000000,0.000000,0.798064,0.000000,0.000000,0.000000,0.000000,0.967452,0.253055,-0.000032,0.999547,-0.030100,0.000000,0.000000,-0.367162,0,2,12.198140,-0.002801,1,0
2.239998,-17.001300,308.388000,213.300400,0,0,0,0,0,0,0.000000,0.000000,0.000000,0.000000,0.798064,0.000000,0.000000,0.000000,0.000000,0.967452,0.253055,-0.000032,0.999547,-0.030100,0.000000,0.000000,-0.366981,0,2,12.192140,-0.002801,1,0
2.249998,-17.001130,308.386400,213.424200,0,0,0,0,0,0,0.000000,0.000000,0.000000,0.000000,0.798064,0.000000,0.000000,0.000000,0.000000,0.967452,0.253055,-0.000032,0.999547,-0.030100,0.000000,0.000000,-0.366801,0,2,12.186140,-0.002801,1,0
2.259998,-17.000980,308.384900,213.547700,0,0,0,0,0,0,0.000000,0.000000,0.000000,0.000000,0.798064,0.000000,0.000000,0.000000,0.000000,0.967452,0.253055,-0.000032,0.999547,-0.030100,0.000000,0.000000,-0.366620,0,2,12.180140,-0.002801,1,0
2.269998,-17.000850,308.383700,213.670900,0,0,0,0,0,0,0.000000,0.000000,0.000000,0.000000,0.798064,0.000000,0.000000,0.000000,0.000000,0.967452,0.253055,-0.000032,0.999547,-0.030100,0.000000,0.000000,-0.366440,0,2,12.174140,-0.002801,1,0
2.279998,-17.000740,308.382600,213.793800,0,0,0,0,0,0,0.000000,0.000000,0.000000,0.000000,0.798064,0.000000,0.000000,0.000000,0.000000,0.967452,0.253055,-0.000032,0.999547,-0.030100,0.000000,0.000000,-0.366259,0,2,12.168140,-0.002801,1,0
2.289998,-17.000640,308.381600,213.916500,0,0,0,0,0,0,0.000000,0.000000,0.000000,0.000000,0.798064,0.000000,0.000000,0.000000,0.000000,0.967452,0.253055,-0.000032,0.999547,-0.030100,0.000000,0.000000,-0.366079,0,2,12.162140,-0.002801,1,0
2.299998,-17.000560,308.380800,214.039100,0,0,0,0,0,0,0.000000,0.000000,0.000000,0.000000,0.798064,0.000000,0.000000,0.000000,0.000000,0.967452,0.253055,-0.000032,0.999547,-0.030100,0.000000,0.000000,-0.365898,0,2,12.156140,-0.002801,1,0
2.309998,-17.000490,308.380100,214.161400,0,0,0,0,0,0,0.000000,0.000000,0.000000,0.000000,0.798064,0.000000,0.000000,0.000000,0.000000,0.967452,0.253055,-0.000032,0.999547,-0.030100,0.000000,0.000000,-0.365717,0,2,12.150140,-0.002801,1,0
2.319998,-17.000420,308.379500,214.283600,0,0,0,0,0,0,0.000000,0.000000,0.000000,0.000000,0.798064,0.000000,0.000000,0.000000,0.000000,0.967452,0.253055,-0.000032,0.999547,-0.030100,0.000000,0.000000,-0.365537,0,2,12.144140,-0.002801,1,0
2.329998,-17.000370,308.378900,214.405700,0,0,0,0,0,0,0.000000,0.000000,0.000000,0.000000,0.798064,0.000000,0.000000,0.000000,0.000000,0.967452,0.253055,-0.000032,0.999547,-0.030100,0.000000,0.000000,-0.365356,0,2,12.138140,-0.002801,1,0
2.339998,-17.000320,308.378500,214.527600,0,0,0,0,0,0,0.000000,0.000000,0.000000,0.000000,0.798064,0.000000,0.000000,0.000000,0.000000,0.967452,0.253055,-0.000032,0.999547,-0.030100,0.000000,0.000000,-0.365176,0,2,12.132140,-0.002801,1,0
2.349998,-17.000280,308.378100,214.649400,0,0,0,0,0,0,0.000000,0.000000,0.000000,0.000000,0.798064,0.000000,0.000000,0.000000,0.000000,0.967452,0.253055,-0.000032,0.999547,-0.030100,0.000000,0.000000,-0.364995,0,2,12.126140,-0.002801,1,0
2.359998,-17.000240,308.377700,214.771000,0,0,0,0,0,0,0.000000,0.000000,0.000000,0.000000,0.798064,0.000000,0.000000,0.000000,0.000000,0.967452,0.253055,-0.000032,0.999547,-0.030100,0.000000,0.000000,-0.364814,0,2,12.120140,-0.002801,1,0
2.369998,-17.000210,308.377400,214.892600,0,0,0,0,0,0,0.000000,0.000000,0.000000,0.000000,0.798064,0.000000,0.000000,0.000000,0.000000,0.967452,0.253055,-0.000032,0.999547,-0.030100,0.000000,0.000000,-0.364634,0,2,12.114140,-0.002801,1,0
2.379998,-17.000180,308.377100,215.014000,0,0,0,0,0,0,0.000000,0.000000,0.000000,0.000000,0.798064,0.000000,0.000000,0.000000,0.000000,0.967452,0.253055,-0.000032,0.999547,-0.030100,0.000000,0.000000,-0.364453,0,2,12.108140,-0.002801,1,0
2.389998,-17.000160,308.376900,215.135300,0,0,0,0,0,0,0.000000,0.000000,0.000000,0.000000,0.798064,0.000000,0.000000,0.000000,0.000000,0.967452,0.253055,-0.000032,0.999547,-0.030100,0.000000,0.000000,-0.364273,0,2,12.102150,-0.002801,1,0
2.399998,-17.000140,308.376700,215.256600,0,0,0,0,0,0,0.000000,0.000000,0.000000,0.000000,0.798064,0.000000,0.000000,0.000000,0.000000,0.967452,0.253055,-0.000032,0.999547,-0.030100,0.000000,0.000000,-0.364092,0,2,12.096150,-0.002801,1,0
2.409998,-17.000120,308.376500,215.377700,0,0,0,0,0,0,0.000000,0.000000,0.000000,0.000000,0.798064,0.000000,0.000000,0.000000,0.000000,0.967452,0.253055,-0.000032,0.999547,-0.030100,0.000000,0.000000,-0.363911,0,2,12.090150,-0.002801,1,0
2.419998,-17.000100,308.376300,215.498800,0,0,0,0,0,0,0.000000,0.000000,0.000000,0.000000,0.798064,0.000000,0.000000,0.000000,0.000000,0.967452,0.253055,-0.000032,0.999547,-0.030100,0.000000,0.000000,-0.363731,0,2,12.084150,-0.002801,1,0
2.429998,-17.000090,308.376200,215.619800,0,0,0,0,0,0,0.000000,0.000000,0.000000,0.000000,0.798064,0.000000,0.000000,0.000000,0.000000,0.967452,0.253055,-0.000032,0.999547,-0.030100,0.000000,0.000000,-0.363550,0,2,12.078150,-0.002801,1,0
2.439998,-17.000080,308.376100,215.740700,0,0,0,0,0,0,0.000000,0.000000,0.000000,0.000000,0.798064,0.000000,0.000000,0.000000,0.000000,0.967452,0.253055,-0.000032,0.999547,-0.030100,0.000000,0.000000,-0.363370,0,2,12.072150,-0.002801,1,0
2.449998,-17.000070,308.376000,215.861600,0,0,0,0,0,0,0.000000,0.000000,0.000000,0.000000,0.798064,0.000000,0.000000,0.000000,0.000000,0.967452,0.253055,-0.000032,0.999547,-0.030100,0.000000,0.000000,-0.363189,0,2,12.066150,-0.002801,1,0
2.459998,-17.000060,308.375900,215.982300,0,0,0,0,0,0,0.000000,0.000000,0.000000,0.000000,0.798064,0.000000,0.000000,0.000000,0.000000,0.967452,0.253055,-0.000032,0.999547,-0.030100,0.000000,0.000000,-0.363009,0,2,12.060150,-0.002801,1,0
2.469998,-17.000050,308.375900,216.103000,0,0,0,0,0,0,0.000000,0.000000,0.000000,0.000000,0.798064,0.000000,0.000000,0.000000,0.000000,0.967452,0.253055,-0.000032,0.999547,-0.030100,0.000000,0.000000,-0.362828,0,2,12.054150,-0.002801,1,0
2.479998,-17.000050,308.375800,216.223600,0,0,0,0,0,0,0.000000,0.000000,0.000000,0.000000,0.798064,0.000000,0.000000,0.000000,0.000000,0.967452,0.253055,-0.000032,0.999547,-0.030100,0.000000,0.000000,-0.362647,0,2,12.048150,-0.002801,1,0
2.489998,-17.000040,308.375700,216.344200,0,0,0,0,0,0,0.000000,0.000000,0.000000,0.000000,0.798064,0.000000,0.000000,0.000000,0.000000,0.967452,0.253055,-0.000032,0.999547,-0.030100,0.000000,0.000000,-0.362467,0,2,12.042150,-0.002801,1,0
2.499998,-17.000030,308.375700,216.464600,0,0,0,0,0,0,0.000000,0.000000,0.000000,0.000000,0.798064,0.000000,0.000000,0.000000,0.000000,0.967452,0.253055,-0.000032,0.999547,-0.030100,0.000000,0.000000,-0.362286,0,2,12.036150,-0.002801,1,0
2.509998,-17.000030,308.375600,216.585100,0,0,0,0,0,0,0.000000,0.000000,0.000000,0.000000,0.798064,0.000000,0.000000,0.000000,0.000000,0.967452,0.253055,-0.000032,0.999547,-0.030100,0.000000,0.000000,-0.362106,0,2,12.030150,-0.002801,1,0
2.519998,-17.000020,308.375600,216.705400,0,0,0,0,0,0,0.000000,0.000000,0.000000,0.000000,0.798064,0.000000,0.000000,0.000000,0.000000,0.967452,0.253055,-0.000032,0.999547,-0.030100,0.000000,0.000000,-0.361925,0,2,12.024150,-0.002801,1,0
2.529998,-17.000020,308.375500,216.825700,0,0,0,0,0,0,0.000000,0.000000,0.000000,0.000000,0.798064,0.000000,0.000000,0.000000,0.000000,0.967452,0.253055,-0.000032,0.999547,-0.030100,0.000000,0.000000,-0.361744,0,2,12.018150,-0.002801,1,0
2.539998,-17.000020,308.375500,216.945900,0,0,0,0,0,0,0.000000,0.000000,0.000000,0.000000,0.798064,0.000000,0.000000,0.000000,0.000000,0.967452,0.253055,-0.000032,0.999547,-0.030100,0.000000,0.000000,-0.361564,0,2,12.012150,-0.002801,1,0
2.549998,-17.000020,308.375500,217.066000,0,0,0,0,0,0,0.000000,0.000000,0.000000,0.000000,0.798064,0.000000,0.000000,0.000000,0.000000,0.967452,0.253055,-0.000032,0.999547,-0.030100,0.000000,0.000000,-0.361383,0,2,12.006150,-0.002801,1,0
2.559998,-17.000020,308.375500,217.186100,0,0,0,0,0,0,0.000000,0.000000,0.000000,0.000000,0.798064,0.000000,0.000000,0.000000,0.000000,0.967452,0.253055,-0.000032,0.999547,-0.030100,0.000000,0.000000,-0.361203,0,2,12.000150,-0.002801,1,0
2.569998,-17.000010,308.375500,217.306200,0,0,0,0,0,0,0.000000,0.000000,0.000000,0.000000,0.798064,0.000000,0.000000,0.000000,0.000000,0.967452,0.253055,-0.000032,0.999547,-0.030100,0.000000,0.000000,-0.361022,0,2,11.994150,-0.002801,1,0
2.579998,-17.000010,308.375500,217.426100,0,0,0,0,0,0,0.000000,0.000000,0.000000,0.000000,0.798064,0.000000,0.000000,0.000000,0.000000,0.967452,0.253055,-0.000032,0.999547,-0.030100,0.000000,0.000000,-0.360842,0,2,11.988150,-0.002801,1,0
2.589998,-17.000010,308.375400,217.546000,0,0,0,0,0,0,0.000000,0.000000,0.000000,0.000000,0.798064,0.000000,0.000000,0.000000,0.000000,0.967452,0.253055,-0.000032,0.999547,-0.030100,0.000000,0.000000,-0.360661,0,2,11.982150,-0.002801,1,0
2.599998,-17.000010,308.375400,217.665800,0,0,0,0,0,0,0.000000,0.000000,0.000000,0.000000,0.798064,0.000000,0.000000,0.000000,0.000000,0.967452,0.253055,-0.000032,0.999547,-0.030100,0.000000,0.000000,-0.360480,0,2,11.976150,-0.002801,1,0
2.609998,-17.000010,308.375400,217.785600,0,0,0,0,0,0,0.000000,0.000000,0.000000,0.000000,0.798064,0.000000,0.000000,0.000000,0.000000,0.967452,0.253055,-0.000032,0.999547,-0.030100,0.000000,0.000000,-0.360300,0,2,11.970150,-0.002801,1,0
2.619998,-17.000010,308.375400,217.905300,0,0,0,0,0,0,0.000000,0.000000,0.000000,0.000000,0.798064,0.000000,0.000000,0.000000,0.000000,0.967452,0.253055,-0.000032,0.999547,-0.030100,0.000000,0.000000,-0.360119,0,2,11.964160,-0.002801,1,0
2.629998,-17.000010,308.375400,218.025000,0,0,0,0,0,0,0.000000,0.000000,0.000000,0.000000,0.798064,0.000000,0.000000,0.000000,0.000000,0.967452,0.253055,-0.000032,0.999547,-0.030100,0.000000,0.000000,-0.359939,0,2,11.958160,-0.002801,1,0
2.639998,-17.000010,308.375400,218.144600,0,0,0,0,0,0,0.000000,0.000000,0.000000,0.000000,0.798064,0.000000,0.000000,0.000000,0.000000,0.967452,0.253055,-0.000032,0.999547,-0.030100,0.000000,0.000000,-0.359758,0,2,11.952160,-0.002801,1,0
2.649998,-17.000000,308.375400,218.264100,0,0,0,0,0,0,0.000000,0.000000,0.000000,0.000000,0.798064,0.000000,0.000000,0.000000,0.000000,0.967452,0.253055,-0.000032,0.999547,-0.030100,0.000000,0.000000,-0.359577,0,2,11.946160,-0.002801,1,0
2.659998,-17.000000,308.375400,218.383500,0,0,0,0,0,0,0.000000,0.000000,0.000000,0.000000,0.798064,0.000000,0.000000,0.000000,0.000000,0.967452,0.253055,-0.000032,0.999547,-0.030100,0.000000,0.000000,-0.359397,0,2,11.940160,-0.002801,1,0
2.669998,-17.000000,308.375400,218.503000,0,0,0,0,0,0,0.000000,0.000000,0.000000,0.000000,0.798064,0.000000,0.000000,0.000000,0.000000,0.967452,0.253055,-0.000032,0.999547,-0.030100,0.000000,0.000000,-0.359216,0,2,11.934160,-0.002801,1,0
2.679998,-17.000000,308.375400,218.622300,0,0,0,0,0,0,0.000000,0.000000,0.000000,0.000000,0.798064,0.000000,0.000000,0.000000,0.000000,0.967452,0.253055,-0.000032,0.999547,-0.030100,0.000000,0.000000,-0.359036,0,2,11.928160,-0.002801,1,0
2.689998,-17.000000,308.375400,218.741600,0,0,0,0,0,0,0.000000,0.000000,0.000000,0.000000,0.798064,0.000000,0.000000,0.000000,0.000000,0.967452,0.253055,-0.000032,0.999547,-0.030100,0.000000,0.000000,-0.358855,0,2,11.922160,-0.002801,1,0
2.699998,-17.000000,308.375400,218.860800,0,0,0,0,0,0,0.000000,0.000000,0.000000,0.000000,0.798064,0.000000,0.000000,0.000000,0.000000,0.967452,0.253055,-0.000032,0.999547,-0.030100,0.000000,0.000000,-0.358675,0,2,11.916160,-0.002801,1,0
2.709998,-17.000000,308.375400,218.980000,0,0,0,0,0,0,0.000000,0.000000,0.000000,0.000000,0.798064,0.000000,0.000000,0.000000,0.000000,0.967452,0.253055,-0.000032,0.999547,-0.030100,0.000000,0.000000,-0.358494,0,2,11.910160,-0.002801,1,0
2.719998,-17.000000,308.375400,219.099100,0,0,0,0,0,0,0.000000,0.000000,0.000000,0.000000,0.798064,0.000000,0.000000,0.000000,0.000000,0.967452,0.253055,-0.000032,0.999547,-0.030100,0.000000,0.000000,-0.358313,0,2,11.904160,-0.002801,1,0
2.729998,-17.000000,308.375300,219.218100,0,0,0,0,0,0,0.000000,0.000000,0.000000,0.000000,0.798064,0.000000,0.000000,0.000000,0.000000,0.967452,0.253055,-0.000032,0.999547,-0.030100,0.000000,0.000000,-0.358133,0,2,11.898160,-0.002801,1,0
2.739998,-17.000000,308.375300,219.337100,0,0,0,0,0,0,0.000000,0.000000,0.000000,0.000000,0.798064,0.000000,0.000000,0.000000,0.000000,0.967452,0.253055,-0.000032,0.999547,-0.030100,0.000000,0.000000,-0.357952,0,2,11.892160,-0.002801,1,0
2.749998,-17.000000,308.375300,219.456000,0,0,0,0,0,0,0.000000,0.000000,0.000000,0.000000,0.798064,0.000000,0.000000,0.000000,0.000000,0.967452,0.253055,-0.000032,0.999547,-0.030100,0.000000,0.000000,-0.357772,0,2,11.886160,-0.002801,1,0
2.759998,-17.000000,308.375300,219.574900,0,0,0,0,0,0,0.000000,0.000000,0.000000,0.000000,0.798064,0.000000,0.000000,0.000000,0.000000,0.967452,0.253055,-0.000032,0.999547,-0.030100,0.000000,0.000000,-0.357591,0,2,11.880160,-0.002801,1,0
2.769998,-17.000000,308.375300,219.693700,0,0,0,0,0,0,0.000000,0.000000,0.000000,0.000000,0.798064,0.000000,0.000000,0.000000,0.000000,0.967452,0.253055,-0.000032,0.999547,-0.030100,0.000000,0.000000,-0.357410,0,2,11.874160,-0.002801,1,0
2.779998,-17.000000,308.375300,219.812500,0,0,0,0,0,0,0.000000,0.000000,0.000000,0.000000,0.798064,0.000000,0.000000,0.000000,0.000000,0.967452,0.253055,-0.000032,0.999547,-0.030100,0.000000,0.000000,-0.357230,0,2,11.868160,-0.002801,1,0
2.789998,-17.000000,308.375300,219.931100,0,0,0,0,0,0,0.000000,0.000000,0.000000,0.000000,0.798064,0.000000,0.000000,0.000000,0.000000,0.967452,0.253055,-0.000032,0.999547,-0.030100,0.000000,0.000000,-0.357049,0,2,11.862160,-0.002801,1,0
2.799998,-17.000000,308.375300,220.049800,0,0,0,0,0,0,0.000000,0.000000,0.000000,0.000000,0.798064,0.000000,0.000000,0.000000,0.000000,0.967452,0.253055,-0.000032,0.999547,-0.030100,0.000000,0.000000,-0.356869,0,2,11.856160,-0.002801,1,0
2.809998,-17.000000,308.375300,220.168300,0,0,0,0,0,0,0.000000,0.000000,0.000000,0.000000,0.798064,0.000000,0.000000,0.000000,0.000000,0.967452,0.253055,-0.000032,0.999547,-0.030100,0.000000,0.000000,-0.356688,0,2,11.850160,-0.002801,1,0
2.819998,-17.000000,308.375300,220.286800,0,0,0,0,0,0,0.000000,0.000000,0.000000,0.000000,0.798064,0.000000,0.000000,0.000000,0.000000,0.967452,0.253055,-0.000032,0.999547,-0.030100,0.000000,0.000000,-0.356507,0,2,11.844160,-0.002801,1,0
2.829998,-17.000000,308.375300,220.405300,0,0,0,0,0,0,0.000000,0.000000,0.000000,0.000000,0.798064,0.000000,0.000000,0.000000,0.000000,0.967452,0.253055,-0.000032,0.999547,-0.030100,0.000000,0.000000,-0.356327,0,2,11.838160,-0.002801,1,0
2.839998,-17.000000,308.375300,220.523700,0,0,0,0,0,0,0.000000,0.000000,0.000000,0.000000,0.798064,0.000000,0.000000,0.000000,0.000000,0.967452,0.253055,-0.000032,0.999547,-0.030100,0.000000,0.000000,-0.356146,0,2,11.832160,-0.002801,1,0
2.849998,-17.000000,308.375300,220.642000,0,0,0,0,0,0,0.000000,0.000000,0.000000,0.000000,0.798064,0.000000,0.000000,0.000000,0.000000,0.967452,0.253055,-0.000032,0.999547,-0.030100,0.000000,0.000000,-0.355966,0,2,11.826170,-0.002801,1,0
2.859998,-17.000000,308.375300,220.760200,0,0,0,0,0,0,0.000000,0.000000,0.000000,0.000000,0.798064,0.000000,0.000000,0.000000,0.000000,0.967452,0.253055,-0.000032,0.999547,-0.030100,0.000000,0.000000,-0.355785,0,2,11.820170,-0.002801,1,0
2.869998,-17.000000,308.375300,220.878400,0,0,0,0,0,0,0.000000,0.000000,0.000000,0.000000,0.798064,0.000000,0.000000,0.000000,0.000000,0.967452,0.253055,-0.000032,0.999547,-0.030100,0.000000,0.000000,-0.355605,0,2,11.814170,-0.002801,1,0
2.879998,-17.000000,308.375300,220.996600,0,0,0,0,0,0,0.000000,0.000000,0.000000,0.000000,0.798064,0.000000,0.000000,0.000000,0.000000,0.967452,0.253055,-0.000032,0.999547,-0.030100,0.000000,0.000000,-0.355424,0,2,11.808170,-0.002801,1,0
2.889998,-17.000000,308.375300,221.114700,0,0,0,0,0,0,0.000000,0.000000,0.000000,0.000000,0.798064,0.000000,0.000000,0.000000,0.000000,0.967452,0.253055,-0.000032,0.999547,-0.030100,0.000000,0.000000,-0.355243,0,2,11.802170,-0.002801,1,0
2.899998,-17.000000,308.375300,221.232700,0,0,0,0,0,0,0.000000,0.000000,0.000000,0.000000,0.798064,0.000000,0.000000,0.000000,0.000000,0.967452,0.253055,-0.000032,0.999547,-0.030100,0.000000,0.000000,-0.355063,0,2,11.796170,-0.002801,1,0
2.909998,-17.000000,308.375300,221.350600,0,0,0,0,0,0,0.000000,0.000000,0.000000,0.000000,0.798064,0.000000,0.000000,0.000000,0.000000,0.967452,0.253055,-0.000032,0.999547,-0.030100,0.000000,0.000000,-0.354882,0,2,11.790170,-0.002801,1,0
2.919998,-17.000000,308.375300,221.468500,0,0,0,0,0,0,0.000000,0.000000,0.000000,0.000000,0.798064,0.000000,0.000000,0.000000,0.000000,0.967452,0.253055,-0.000032,0.999547,-0.030100,0.000000,0.000000,-0.354702,0,2,11.784170,-0.002801,1,0
2.929998,-17.000000,308.375300,221.586400,0,0,0,0,0,0,0.000000,0.000000,0.000000,0.000000,0.798064,0.000000,0.000000,0.000000,0.000000,0.967452,0.253055,-0.000032,0.999547,-0.030100,0.000000,0.000000,-0.354521,0,2,11.778170,-0.002801,1,0
2.939998,-17.000000,308.375300,221.704200,0,0,0,0,0,0,0.000000,0.000000,0.000000,0.000000,0.798064,0.000000,0.000000,0.000000,0.000000,0.967452,0.253055,-0.000032,0.999547,-0.030100,0.000000,0.000000,-0.354340,0,2,11.772170,-0.002801,1,0
2.949998,-17.000000,308.375300,221.821900,0,0,0,0,0,0,0.000000,0.000000,0.000000,0.000000,0.798064,0.000000,0.000000,0.000000,0.000000,0.967452,0.253055,-0.000032,0.999547,-0.030100,0.000000,0.000000,-0.354160,0,2,11.766170,-0.002801,1,0
2.959998,-17.000000,308.375300,221.939500,0,0,0,0,0,0,0.000000,0.000000,0.000000,0.000000,0.798064,0.000000,0.000000,0.000000,0.000000,0.967452,0.253055,-0.000032,0.999547,-0.030100,0.000000,3.500000,3.144434,0,2,12.269950,-0.021928,0,0
2.969998,-17.000000,308.409400,222.057100,0,0,0,0,0,0,0.000000,0.000000,0.000000,0.000000,0.798064,0.000000,0.000000,0.000000,0.000000,0.967452,0.253055,-0.000032,0.999547,-0.030100,0.000000,3.401900,3.046379,0,2,12.242320,0.000536,0,0
2.979998,-17.000000,308.442400,222.174700,0,0,0,0,0,0,0.000000,0.000000,0.000000,0.000000,0.798064,0.000000,0.000000,0.000000,0.000000,0.967452,0.253055,-0.000032,0.999547,-0.030100,0.000000,3.303800,2.948323,0,2,12.215430,0.000536,0,0
2.989998,-17.000000,308.474500,222.292300,0,0,0,0,0,0,0.000000,0.000000,0.000000,0.000000,0.798064,0.000000,0.000000,0.000000,0.000000,0.967452,0.253055,-0.000032,0.999547,-0.030100,0.000000,3.205700,2.850268,0,2,12.189260,0.000536,0,0
2.999998,-17.000000,308.505500,222.409900,0,0,0,0,0,0,0.000000,0.000000,0.000000,0.000000,0.798064,0.000000,0.000000,0.000000,0.000000,0.967452,0.253055,-0.000032,0.999547,-0.030100,0.000000,3.107600,2.752212,0,2,12.163830,0.000536,0,0
3.009998,-17.000000,308.535600,222.527500,0,0,0,0,0,0,0.000000,0.000000,0.000000,0.000000,0.798064,0.000000,0.000000,0.000000,0.000000,0.967452,0.253055,-0.000032,0.999547,-0.030100,0.000000,3.009500,2.654157,0,2,12.139140,0.000536,0,0
3.019998,-17.000000,308.564700,222.645100,0,0,0,0,0,0,0.000000,0.000000,0.000000,0.000000,0.798064,0.000000,0.000000,0.000000,0.000000,0.967452,0.253055,-0.000032,0.999547,-0.030100,0.000000,2.911400,2.556101,0,2,12.115190,0.000536,0,0
3.029998,-17.000000,308.592900,222.762700,0,0,0,0,0,0,0.000000,0.000000,0.000000,0.000000,0.798064,0.000000,0.000000,0.000000,0.000000,0.967452,0.253055,-0.000032,0.999547,-0.030100,0.000000,2.813300,2.458046,0,2,12.091990,0.000536,0,0
3.039998,-17.000000,308.620000,222.880300,0,0,0,0,0,0,0.000000,0.000000,0.000000,0.000000,0.798064,0.000000,0.000000,0.000000,0.000000,0.967452,0.253055,-0.000032,0.999547,-0.030100,0.000000,2.715200,2.359990,0,2,12.069540,0.000536,0,0
3.049998,-17.000000,308.646200,222.997900,0,0,0,0,0,0,0.000000,0.000000,0.000000,0.000000,0.798064,0.000000,0.000000,0.000000,0.000000,0.967452,0.253055,-0.000032,0.999547,-0.030100,0.000000,2.617100,2.261935,0,2,12.047860,0.000536,0,0
3.059998,-17.000000,308.671400,223.115500,0,0,0,0,0,0,0.000000,0.000000,0.000000,0.000000,0.798064,0.000000,0.000000,0.000000,0.000000,0.967452,0.253055,-0.000032,0.999547,-0.030100,0.000000,2.519001,2.163879,0,2,12.026930,0.000536,0,0
3.069998,-17.000000,308.695600,223.233100,0,0,0,0,0,0,0.000000,0.000000,0.000000,0.000000,0.798064,0.000000,0.000000,0.000000,0.000000,0.967452,0.253055,-0.000032,0.999547,-0.030100,0.000000,2.420901,2.065824,0,2,12.006760,0.000536,0,0
3.079998,-17.000000,308.718800,223.350700,0,0,0,0,0,0,0.000000,0.000000,0.000000,0.000000,0.798064,0.000000,0.000000,0.000000,0.000000,0.967452,0.253055,-0.000032,0.999547,-0.030100,0.000000,2.322801,1.967768,0,2,11.987370,0.000536,0,0
3.089998,-17.000000,308.741100,223.468300,0,0,0,0,0,0,0.000000,0.000000,0.000000,0.000000,0.798064,0.000000,0.000000,0.000000,0.000000,0.967452,0.253055,-0.000032,0.999547,-0.030100,0.000000,2.224701,1.869713,0,2,11.968750,0.000536,0,0
3.099998,-17.000000,308.762300,223.585900,0,0,0,0,0,0,0.000000,0.000000,0.000000,0.000000,0.798064,0.000000,0.000000,0.000000,0.000000,0.967452,0.253055,-0.000032,0.999547,-0.030100,0.000000,2.126601,1.771657,0,2,11.950900,0.000536,0,0
3.109998,-17.000000,308.782600,223.703500,0,0,0,0,0,0,0.000000,0.000000,0.000000,0.000000,0.798064,0.000000,0.000000,0.000000,0.000000,0.967452,0.253055,-0.000032,0.999547,-0.030100,0.000000,2.028501,1.673602,0,2,11.933840,0.000536,0,0
3.119998,-17.000000,308.801900,223.821100,0,0,0,0,0,0,0.000000,0.000000,0.000000,0.000000,0.798064,0.000000,0.000000,0.000000,0.000000,0.967452,0.253055,-0.000032,0.999547,-0.030100,0.000000,1.930401,1.575547,0,2,11.917550,0.000536,0,0
3.129997,-17.000000,308.820300,223.938700,0,0,0,0,0,0,0.000000,0.000000,0.000000,0.000000,0.798064,0.000000,0.000000,0.000000,0.000000,0.967452,0.253055,-0.000032,0.999547,-0.030100,0.000000,1.832301,1.477491,0,2,11.902060,0.000536,0,0
3.139997,-17.000000,308.837600,224.056300,0,0,0,0,0,0,0.000000,0.000000,0.000000,0.000000,0.798064,0.000000,0.000000,0.000000,0.000000,0.967452,0.253055,-0.000032,0.999547,-0.030100,0.000000,1.734201,1.379436,0,2,11.887350,0.000536,0,0
3.149997,-17.000000,308.853900,224.173900,0,0,0,0,0,0,0.000000,0.000000,0.000000,0.000000,0.798064,0.000000,0.000000,0.000000,0.000000,0.967452,0.253055,-0.000032,0.999547,-0.030100,0.000000,1.636101,1.281380,0,2,11.873430,0.000536,0,0
3.159997,-17.000000,308.869300,224.291500,0,0,0,0,0,0,0.000000,0.000000,0.000000,0.000000,0.798064,0.000000,0.000000,0.000000,0.000000,0.967452,0.253055,-0.000032,0.999547,-0.030100,0.000000,1.538001,1.183325,0,2,11.860310,0.000536,0,0
3.169997,-17.000000,308.883700,224.409100,0,0,0,0,0,0,0.000000,0.000000,0.000000,0.000000,0.798064,0.000000,0.000000,0.000000,0.000000,0.967452,0.253055,-0.000032,0.999547,-0.030100,0.000000,1.439901,1.085269,0,2,11.847990,0.000536,0,0
3.179997,-17.000000,308.897200,224.526700,0,0,0,0,0,0,0.000000,0.000000,0.000000,0.000000,0.798064,0.000000,0.000000,0.000000,0.000000,0.967452,0.253055,-0.000032,0.999547,-0.030100,0.000000,1.341801,0.987214,0,2,11.836470,0.000536,0,0
3.189997,-17.000000,308.909600,224.644300,0,0,0,0,0,0,0.000000,0.000000,0.000000,0.000000,0.798064,0.000000,0.000000,0.000000,0.000000,0.967452,0.253055,-0.000032,0.999547,-0.030100,0.000000,1.243701,0.889158,0,2,11.825750,0.000536,0,0
3.199997,-17.000000,308.921100,224.761900,0,0,0,0,0,0,0.000000,0.000000,0.000000,0.000000,0.798064,0.000000,0.000000,0.000000,0.000000,0.967452,0.253055,-0.000032,0.999547,-0.030100,0.000000,1.145601,0.791103,0,2,11.815840,0.000536,0,0
3.209997,-17.000000,308.931500,224.879500,0,0,0,0,0,0,0.000000,0.000000,0.000000,0.000000,0.798064,0.000000,0.000000,0.000000,0.000000,0.967452,0.253055,-0.000032,0.999547,-0.030100,0.000000,1.047501,0.693047,0,2,11.806730,0.000536,0,0
3.219997,-17.000000,308.941000,224.997100,0,0,0,0,0,0,0.000000,0.000000,0.000000,0.000000,0.798064,0.000000,0.000000,0.000000,0.000000,0.967452,0.253055,-0.000032,0.999547,-0.030100,0.000000,0.949401,0.594992,0,2,11.798430,0.000536,0,0
3.229997,-17.000000,308.949500,225.114700,0,0,0,0,0,0,0.000000,0.000000,0.000000,0.000000,0.798064,0.000000,0.000000,0.000000,0.000000,0.967452,0.253055,-0.000032,0.999547,-0.030100,0.000000,0.851301,0.496936,0,2,11.790940,0.000536,0,0
3.239997,-17.000000,308.957100,225.232300,0,0,0,0,0,0,0.000000,0.000000,0.000000,0.000000,0.798064,0.000000,0.000000,0.000000,0.000000,0.967452,0.253055,-0.000032,0.999547,-0.030100,0.000000,0.753201,0.398881,0,2,11.784270,0.000536,0,0
3.249997,-17.000000,308.963600,225.349900,0,0,0,0,0,0,0.000000,0.000000,0.000000,0.000000,0.798064,0.000000,0.000000,0.000000,0.000000,0.967452,0.253055,-0.000032,0.999547,-0.030100,0.000000,0.655101,0.300825,0,2,11.778400,0.000536,0,0
3.259997,-17.000000,308.969200,225.467500,0,0,0,0,0,0,0.000000,0.000000,0.000000,0.000000,0.798064,0.000000,0.000000,0.000000,0.000000,0.967452,0.253055,-0.000032,0.999547,-0.030100,0.000000,0.557001,0.202770,0,2,11.773350,0.000536,0,0
3.269997,-17.000000,308.973800,225.585100,0,0,0,0,0,0,0.000000,0.000000,0.000000,0.000000,0.798064,0.000000,0.000000,0.000000,0.000000,0.967452,0.253055,-0.000032,0.999547,-0.030100,0.000000,0.458901,0.104714,0,2,11.769120,0.000536,0,0
3.279997,-17.000000,308.977400,225.702700,0,0,0,0,0,0,0.000000,0.000000,0.000000,0.000000,0.798064,0.000000,0.000000,0.000000,0.000000,0.967452,0.253055,-0.000032,0.999547,-0.030100,0.000000,0.360801,0.006658,0,2,11.765700,0.000536,0,0
3.289997,-17.000000,308.980000,225.820300,0,0,0,0,0,0,0.000000,0.000000,0.000000,0.000000,0.798064,0.000000,0.000000,0.000000,0.000000,0.967452,0.253055,-0.000032,0.999547,-0.030100,0.000000,0.262701,-0.091397,0,2,11.763100,0.000536,0,0
3.299997,-17.000000,308.981700,225.937900,0,0,0,0,0,0,0.000000,0.000000,0.000000,0.000000,0.798064,0.000000,0.000000,0.000000,0.000000,0.967452,0.253055,-0.000032,0.999547,-0.030100,0.000000,0.164601,-0.189453,0,2,11.761320,0.000536,0,0
3.309997,-17.000000,308.982300,226.055500,0,0,0,0,0,0,0.000000,0.000000,0.000000,0.000000,0.798064,0.000000,0.000000,0.000000,0.000000,0.967452,0.253055,-0.000032,0.999547,-0.030100,0.000000,0.066501,-0.287508,0,2,11.760360,0.000536,0,0
3.319997,-17.000000,308.982000,226.173100,0,0,0,0,0,0,0.000000,0.000000,0.000000,0.000000,0.798064,0.000000,0.000000,0.000000,0.000000,0.967452,0.253055,-0.000032,0.999547,-0.030100,0.000000,-0.031599,-0.385564,0,2,11.760210,0.000536,0,0
3.329997,-17.000000,308.980700,226.290700,0,0,0,0,0,0,0.000000,0.000000,0.000000,0.000000,0.798064,0.000000,0.000000,0.000000,0.000000,0.967452,0.253055,-0.000032,0.999547,-0.030100,0.000000,-0.129699,-0.483619,0,2,11.760890,0.000536,0,0
3.339997,-17.000000,308.978500,226.408300,0,0,0,0,0,0,0.000000,0.000000,0.000000,0.000000,0.798064,0.000000,0.000000,0.000000,0.000000,0.967452,0.253055,-0.000032,0.999547,-0.030100,0.000000,-0.227799,-0.581675,0,2,11.762380,0.000536,0,0
3.349997,-17.000000,308.975200,226.525900,0,0,0,0,0,0,0.000000,0.000000,0.000000,0.000000,0.798064,0.000000,0.000000,0.000000,0.000000,0.967452,0.253055,-0.000032,0.999547,-0.030100,0.000000,-0.325899,-0.679730,0,2,11.764680,0.000536,0,0
3.359997,-17.000000,308.970900,226.643500,0,0,0,0,0,0,0.000000,0.000000,0.000000,0.000000,0.798064,0.000000,0.000000,0.000000,0.000000,0.967452,0.253055,-0.000032,0.999547,-0.030100,0.000000,-0.423999,-0.777786,0,2,11.767810,0.000536,0,0
3.369997,-17.000000,308.965700,226.761100,0,0,0,0,0,0,0.000000,0.000000,0.000000,0.000000,0.798064,0.000000,0.000000,0.000000,0.000000,0.967452,0.253055,-0.000032,0.999547,-0.030100,0.000000,-0.522099,-0.875841,0,2,11.771750,0.000536,0,0
3.379997,-17.000000,308.959500,226.878700,0,0,0,0,0,0,0.000000,0.000000,0.000000,0.000000,0.798064,0.000000,0.000000,0.000000,0.000000,0.967452,0.253055,-0.000032,0.999547,-0.030100,0.000000,-0.620199,-0.973897,0,2,11.776510,0.000536,0,0
3.389997,-17.000000,308.952400,226.996300,0,0,0,0,0,0,0.000000,0.000000,0.000000,0.000000,0.798064,0.000000,0.000000,0.000000,0.000000,0.967452,0.253055,-0.000032,0.999547,-0.030100,0.000000,-0.718299,-1.071952,0,2,11.782090,0.000536,0,0
3.399997,-17.000000,308.944200,227.113900,0,0,0,0,0,0,0.000000,0.000000,0.000000,0.000000,0.798064,0.000000,0.000000,0.000000,0.000000,0.967452,0.253055,-0.000032,0.999547,-0.030100,0.000000,-0.816399,-1.170008,0,2,11.788470,0.000536,0,0
3.409997,-17.000000,308.935000,227.231500,0,0,0,0,0,0,0.000000,0.000000,0.000000,0.000000,0.798064,0.000000,0.000000,0.000000,0.000000,0.967452,0.253055,-0.000032,0.999547,-0.030100,0.000000,-0.914499,-1.268063,0,2,11.795670,0.000536,0,0
3.419997,-17.000000,308.924900,227.349100,0,0,0,0,0,0,0.000000,0.000000,0.000000,0.000000,0.798064,0.000000,0.000000,0.000000,0.000000,0.967452,0.253055,-0.000032,0.999547,-0.030100,0.000000,-1.012599,-1.366119,0,2,11.803680,0.000536,0,0
3.429997,-17.000000,308.913800,227.466700,0,0,0,0,0,0,0.000000,0.000000,0.000000,0.000000,0.798064,0.000000,0.000000,0.000000,0.000000,0.967452,0.253055,-0.000032,0.999547,-0.030100,0.000000,-1.110699,-1.464174,0,2,11.812500,0.000536,0,0
3.439997,-17.000000,308.901700,227.584300,0,0,0,0,0,0,0.000000,0.000000,0.000000,0.000000,0.798064,0.000000,0.000000,0.000000,0.000000,0.967452,0.253055,-0.000032,0.999547,-0.030100,0.000000,-1.208799,-1.562230,0,2,11.822130,0.000536,0,0
3.449997,-17.000000,308.888600,227.701900,0,0,0,0,0,0,0.000000,0.000000,0.000000,0.000000,0.798064,0.000000,0.000000,0.000000,0.000000,0.967452,0.253055,-0.000032,0.999547,-0.030100,0.000000,-1.306899,-1.660285,0,2,11.832560,0.000536,0,0
3.459997,-17.000000,308.874600,227.819500,0,0,0,0,0,0,0.000000,0.000000,0.000000,0.000000,0.798064,0.000000,0.000000,0.000000,0.000000,0.967452,0.253055,-0.000032,0.999547,-0.030100,0.000000,-1.404999,-1.758341,0,2,11.843800,0.000536,0,0
3.469997,-17.000000,308.859600,227.937100,0,0,0,0,0,0,0.000000,0.000000,0.000000,0.000000,0.798064,0.000000,0.000000,0.000000,0.000000,0.967452,0.253055,-0.000032,0.999547,-0.030100,0.000000,-1.503098,-1.856396,0,2,11.855840,0.000536,0,0
3.479997,-17.000000,308.843500,228.054700,0,0,0,0,0,0,0.000000,0.000000,0.000000,0.000000,0.798064,0.000000,0.000000,0.000000,0.000000,0.967452,0.253055,-0.000032,0.999547,-0.030100,0.000000,-1.601198,-1.954452,0,2,11.868670,0.000536,0,0
3.489997,-17.000000,308.826500,228.172300,0,0,0,0,0,0,0.000000,0.000000,0.000000,0.000000,0.798064,0.000000,0.000000,0.000000,0.000000,0.967452,0.253055,-0.000032,0.999547,-0.030100,0.000000,-1.699298,-2.052507,0,2,11.882310,0.000536,0,0
3.499997,-17.000000,308.808600,228.289900,0,0,0,0,0,0,0.000000,0.000000,0.000000,0.000000,0.798064,0.000000,0.000000,0.000000,0.000000,0.967452,0.253055,-0.000032,0.999547,-0.030100,0.000000,-1.797398,-2.150563,0,2,11.896730,0.000536,0,0
3.509997,-17.000000,308.789600,228.407500,0,0,0,0,0,0,0.000000,0.000000,0.000000,0.000000,0.798064,0.000000,0.000000,0.000000,0.000000,0.967452,0.253055,-0.000032,0.999547,-0.030100,0.000000,-1.895498,-2.248618,0,2,11.911950,0.000536,0,0
3.519997,-17.000000,308.769700,228.525100,0,0,0,0,0,0,0.000000,0.000000,0.000000,0.000000,0.798064,0.000000,0.000000,0.000000,0.000000,0.967452,0.253055,-0.000032,0.999547,-0.030100,0.000000,-1.993598,-2.346674,0,2,11.927950,0.000536,0,0
3.529997,-17.000000,308.748800,228.642700,0,0,0,0,0,0,0.000000,0.000000,0.000000,0.000000,0.798064,0.000000,0.000000,0.000000,0.000000,0.967452,0.253055,-0.000032,0.999547,-0.030100,0.000000,-2.091698,-2.444729,0,2,11.944740,0.000536,0,0
3.539997,-17.000000,308.726900,228.760300,0,0,0,0,0,0,0.000000,0.000000,0.000000,0.000000,0.798064,0.000000,0.000000,0.000000,0.000000,0.967452,0.253055,-0.000032,0.999547,-0.030100,0.000000,-2.189798,-2.542785,0,2,11.962310,0.000536,0,0
3.549997,-17.000000,308.704000,228.877900,0,0,0,0,0,0,0.000000,0.000000,0.000000,0.000000,0.798064,0.000000,0.000000,0.000000,0.000000,0.967452,0.253055,-0.000032,0.999547,-0.030100,0.000000,-2.287898,-2.640840,0,2,11.980650,0.000536,0,0
3.559997,-17.000000,308.680100,228.995500,0,0,0,0,0,0,0.000000,0.000000,0.000000,0.000000,0.798064,0.000000,0.000000,0.000000,0.000000,0.967452,0.253055,-0.000032,0.999547,-0.030100,0.000000,-2.385998,-2.738895,0,2,11.999770,0.000536,0,0
3.569997,-17.000000,308.655300,229.113100,0,0,0,0,0,0,0.000000,0.000000,0.000000,0.000000,0.798064,0.000000,0.000000,0.000000,0.000000,0.967452,0.253055,-0.000032,0.999547,-0.030100,0.000000,-2.484098,-2.836951,0,2,12.019660,0.000536,0,0
3.579997,-17.000000,308.629500,229.230700,0,0,0,0,0,0,0.000000,0.000000,0.000000,0.000000,0.798064,0.000000,0.000000,0.000000,0.000000,0.967452,0.253055,-0.000032,0.999547,-0.030100,0.000000,-2.582198,-2.935006,0,2,12.040320,0.000536,0,0
3.589997,-17.000000,308.602700,229.348300,0,0,0,0,0,0,0.000000,0.000000,0.000000,0.000000,0.798064,0.000000,0.000000,0.000000,0.000000,0.967452,0.253055,-0.000032,0.999547,-0.030100,0.000000,-2.680298,-3.033062,0,2,12.061740,0.000536,0,0
3.599997,-17.000000,308.574900,229.465900,0,0,0,0,0,0,0.000000,0.000000,0.000000,0.000000,0.798064,0.000000,0.000000,0.000000,0.000000,0.967452,0.253055,-0.000032,0.999547,-0.030100,0.000000,-2.778398,-3.131117,0,2,12.083920,0.000536,0,0
3.609997,-17.000000,308.546100,229.583500,0,0,0,0,0,0,0.000000,0.000000,0.000000,0.000000,0.798064,0.000000,0.000000,0.000000,0.000000,0.967452,0.253055,-0.000032,0.999547,-0.030100,0.000000,-2.876498,-3.229173,0,2,12.106850,0.000536,0,0
3.619997,-17.000000,308.516400,229.701100,0,0,0,0,0,0,0.000000,0.000000,0.000000,0.000000,0.798064,0.000000,0.000000,0.000000,0.000000,0.967452,0.253055,-0.000032,0.999547,-0.030100,0.000000,-2.974598,-3.327228,0,2,12.130530,0.000536,0,0
3.629997,-17.000000,308.485600,229.818700,0,0,0,0,0,0,0.000000,0.000000,0.000000,0.000000,0.798064,0.000000,0.000000,0.000000,0.000000,0.967452,0.253055,-0.000032,0.999547,-0.030100,0.000000,-3.072698,-3.425284,0,2,12.154960,0.000536,0,0
3.639997,-17.000000,308.453900,229.936300,0,0,0,0,0,0,0.000000,0.000000,0.000000,0.000000,0.798064,0.000000,0.000000,0.000000,0.000000,0.967452,0.253055,-0.000032,0.999547,-0.030100,0.000000,-3.170798,-3.523339,0,2,12.180130,0.000536,0,0
3.649997,-17.000000,308.421200,230.053900,0,0,0,0,0,0,0.000000,0.000000,0.000000,0.000000,0.798064,0.000000,0.000000,0.000000,0.000000,0.967452,0.253055,-0.000032,0.999547,-0.030100,0.000000,-3.268898,-3.621395,0,2,12.206030,0.000536,0,0
3.659997,-17.000000,308.387600,230.171500,0,0,0,0,0,0,0.000000,0.000000,0.000000,0.000000,0.798064,0.000000,0.000000,0.000000,0.000000,0.967452,0.253055,-0.000032,0.999547,-0.030100,0.000000,-3.366997,-3.719450,0,2,12.232670,0.000536,0,0
3.669997,-17.000000,308.352900,230.289100,0,0,0,0,0,0,0.000000,0.000000,0.000000,0.000000,0.798064,0.000000,0.000000,0.000000,0.000000,0.967452,0.253055,-0.000032,0.999547,-0.030100,0.000000,-3.465097,-3.817506,0,2,12.260040,0.000536,0,0
3.679997,-17.000000,308.317300,230.406700,0,0,0,0,0,0,0.000000,0.000000,0.000000,0.000000,0.798064,0.000000,0.000000,0.000000,0.000000,0.967452,0.253055,-0.000032,0.999547,-0.030100,0.000000,-3.563197,-3.915561,0,2,12.288120,0.000536,0,0
3.689997,-17.000000,308.280700,230.524300,0,0,0,0,0,0,0.000000,0.000000,0.000000,0.000000,0.798064,0.000000,0.000000,0.000000,0.000000,0.967452,0.253055,-0.000032,0.999547,-0.030100,0.000000,-3.661297,-4.013617,0,2,12.316930,0.000536,0,0
3.699997,-17.000000,308.243100,230.641900,0,0,0,0,0,0,0.000000,0.000000,0.000000,0.000000,0.798064,0.000000,0.000000,0.000000,0.000000,0.967452,0.253055,-0.000032,0.999547,-0.030100,0.000000,-3.759397,-4.111672,0,2,12.346440,0.000536,0,0
3.709997,-17.000000,308.204500,230.759500,0,0,0,0,0,0,0.000000,0.000000,0.000000,0.000000,0.798064,0.000000,0.000000,0.000000,0.000000,0.967452,0.253055,-0.000032,0.999547,-0.030100,0.000000,-3.857497,-4.209728,0,2,12.376670,0.000536,0,0
3.719997,-17.000000,308.164900,230.877100,0,0,0,0,0,0,0.000000,0.000000,0.000000,0.000000,0.798064,0.000000,0.000000,0.000000,0.000000,0.967452,0.253055,-0.000032,0.999547,-0.030100,0.000000,-3.955597,-4.307783,0,2,12.407590,0.000536,0,0
3.729997,-17.000000,308.124400,230.994700,0,0,0,0,0,0,0.000000,0.000000,0.000000,0.000000,0.798064,0.000000,0.000000,0.000000,0.000000,0.967452,0.253055,-0.000032,0.999547,-0.030100,0.000000,-4.053697,-4.405838,0,2,12.439210,0.000536,0,0
3.739997,-17.000000,308.082900,231.112300,0,0,0,0,0,0,0.000000,0.000000,0.000000,0.000000,0.798064,0.000000,0.000000,0.000000,0.000000,0.967452,0.253055,-0.000032,0.999547,-0.030100,0.000000,-4.151797,-4.503894,0,2,12.471530,0.000536,0,0
3.749997,-17.000000,308.040400,231.229900,0,0,0,0,0,0,0.000000,0.000000,0.000000,0.000000,0.798064,0.000000,0.000000,0.000000,0.000000,0.967452,0.253055,-0.000032,0.999547,-0.030100,0.000000,-4.249897,-4.601950,0,2,12.504530,0.000536,0,0
3.759997,-17.000000,307.996900,231.347500,0,0,0,0,0,0,0.000000,0.000000,0.000000,0.000000,0.798064,0.000000,0.000000,0.000000,0.000000,0.967452,0.253055,-0.000032,0.999547,-0.030100,0.000000,-4.347998,-4.700006,0,2,12.538210,0.000536,0,0
3.769997,-17.000000,307.952500,231.465100,0,0,0,0,0,0,0.000000,0.000000,0.000000,0.000000,0.798064,0.000000,0.000000,0.000000,0.000000,0.967452,0.253055,-0.000032,0.999547,-0.030100,0.000000,-4.446098,-4.798061,0,2,12.572570,0.000536,0,0
3.779997,-17.000000,307.907000,231.582700,0,0,0,0,0,0,0.000000,0.000000,0.000000,0.000000,0.798064,0.000000,0.000000,0.000000,0.000000,0.967452,0.253055,-0.000032,0.999547,-0.030100,0.000000,-4.544198,-4.896117,0,2,12.607590,0.000536,0,0
3.789997,-17.000000,307.860600,231.700300,0,0,0,0,0,0,0.000000,0.000000,0.000000,0.000000,0.798064,0.000000,0.000000,0.000000,0.000000,0.967452,0.253055,-0.000032,0.999547,-0.030100,0.000000,-4.642298,-4.994173,0,2,12.643280,0.000536,0,0
3.799997,-17.000000,307.813200,231.817900,0,0,0,0,0,0,0.000000,0.000000,0.000000,0.000000,0.798064,0.000000,0.000000,0.000000,0.000000,0.967452,0.253055,-0.000032,0.999547,-0.030100,0.000000,-4.740398,-5.092228,0,2,12.679630,0.000536,0,0
3.809997,-17.000000,307.764800,231.935500,0,0,0,0,0,0,0.000000,0.000000,0.000000,0.000000,0.798064,0.000000,0.000000,0.000000,0.000000,0.967452,0.253055,-0.000032,0.999547,-0.030100,0.000000,-4.838499,-5.190284,0,2,12.716630,0.000536,0,0
3.819997,-17.000000,307.715500,232.053100,0,0,0,0,0,0,0.000000,0.000000,0.000000,0.000000,0.798064,0.000000,0.000000,0.000000,0.000000,0.967452,0.253055,-0.000032,0.999547,-0.030100,0.000000,-4.936599,-5.288340,0,2,12.754280,0.000536,0,0
3.829997,-17.000000,307.665100,232.170700,0,0,0,0,0,0,0.000000,0.000000,0.000000,0.000000,0.798064,0.000000,0.000000,0.000000,0.000000,0.967452,0.253055,-0.000032,0.999547,-0.030100,0.000000,-5.034699,-5.386395,0,2,12.792570,0.000536,0,0
3.839997,-17.000000,307.613800,232.288300,0,0,0,0,0,0,0.000000,0.000000,0.000000,0.000000,0.798064,0.000000,0.000000,0.000000,0.000000,0.967452,0.253055,-0.000032,0.999547,-0.030100,0.000000,-5.132799,-5.484451,0,2,12.831490,0.000536,0,0
3.849997,-17.000000,307.561500,232.405900,0,0,0,0,0,0,0.000000,0.000000,0.000000,0.000000,0.798064,0.000000,0.000000,0.000000,0.000000,0.967452,0.253055,-0.000032,0.999547,-0.030100,0.000000,-5.230899,-5.582507,0,2,12.871050,0.000536,0,0
3.859997,-17.000000,307.508200,232.523500,0,0,0,0,0,0,0.000000,0.000000,0.000000,0.000000,0.798064,0.000000,0.000000,0.000000,0.000000,0.967452,0.253055,-0.000032,0.999547,-0.030100,0.000000,-5.329000,-5.680563,0,2,12.911230,0.000536,0,0
3.869997,-17.000000,307.453900,232.641100,0,0,0,0,0,0,0.000000,0.000000,0.000000,0.000000,0.798064,0.000000,0.000000,0.000000,0.000000,0.967452,0.253055,-0.000032,0.999547,-0.030100,0.000000,-5.427100,-5.778618,0,2,12.952030,0.000536,0,0
3.879997,-17.000000,307.398700,232.758700,0,0,0,0,0,0,0.000000,0.000000,0.000000,0.000000,0.798064,0.000000,0.000000,0.000000,0.000000,0.967452,0.253055,-0.000032,0.999547,-0.030100,0.000000,-5.525200,-5.876674,0,2,12.993440,0.000536,0,0
3.889997,-17.000000,307.342400,232.876300,0,0,0,0,0,0,0.000000,0.000000,0.000000,0.000000,0.798064,0.000000,0.000000,0.000000,0.000000,0.967452,0.253055,-0.000032,0.999547,-0.030100,0.000000,-5.623300,-5.974730,0,2,13.035460,0.000536,0,0
3.899997,-17.000000,307.285200,232.993900,0,0,0,0,0,0,0.000000,0.000000,0.000000,0.000000,0.798064,0.000000,0.000000,0.000000,0.000000,0.967452,0.253055,-0.000032,0.999547,-0.030100,0.000000,-5.721400,-6.072786,0,2,13.078070,0.000536,0,0
3.909997,-17.000000,307.227000,233.111500,0,0,0,0,0,0,0.000000,0.000000,0.000000,0.000000,0.798064,0.000000,0.000000,0.000000,0.000000,0.967452,0.253055,-0.000032,0.999547,-0.030100,0.000000,-5.819500,-6.170841,0,2,13.121290,0.000536,0,0
3.919997,-17.000000,307.167800,233.229100,0,0,0,0,0,0,0.000000,0.000000,0.000000,0.000000,0.798064,0.000000,0.000000,0.000000,0.000000,0.967452,0.253055,-0.000032,0.999547,-0.030100,0.000000,-5.917601,-6.268897,0,2,13.165090,0.000536,0,0
3.929997,-17.000000,307.107700,233.346700,0,0,0,0,0,0,0.000000,0.000000,0.000000,0.000000,0.798064,0.000000,0.000000,0.000000,0.000000,0.967452,0.253055,-0.000032,0.999547,-0.030100,0.000000,-6.015701,-6.366953,0,2,13.209480,0.000536,0,0
3.939997,-17.000000,307.046600,233.464300,0,0,0,0,0,0,0.000000,0.000000,0.000000,0.000000,0.798064,0.000000,0.000000,0.000000,0.000000,0.967452,0.253055,-0.000032,0.999547,-0.030100,0.000000,-6.113801,-6.465009,0,2,13.254440,0.000536,0,0
3.949997,-17.000000,306.984400,233.581900,0,0,0,0,0,0,0.000000,0.000000,0.000000,0.000000,0.798064,0.000000,0.000000,0.000000,0.000000,0.967452,0.253055,-0.000032,0.999547,-0.030100,0.000000,-6.211901,-6.563064,0,2,13.299970,0.000536,0,0
3.959997,-17.000000,306.921300,233.699500,0,0,0,0,0,0,0.000000,0.000000,0.000000,0.000000,0.798064,0.000000,0.000000,0.000000,0.000000,0.967452,0.253055,-0.000032,0.999547,-0.030100,0.000000,-6.310001,-6.661120,0,2,13.346080,0.000536,0,0
3.969997,-17.000000,306.857200,233.817100,0,0,0,0,0,0,0.000000,0.000000,0.000000,0.000000,0.798064,0.000000,0.000000,0.000000,0.000000,0.967452,0.253055,-0.000032,0.999547,-0.030100,0.000000,-6.408102,-6.759176,0,2,13.392740,0.000536,0,0
3.979997,-17.000000,306.792200,233.934700,0,0,0,0,0,0,0.000000,0.000000,0.000000,0.000000,0.798064,0.000000,0.000000,0.000000,0.000000,0.967452,0.253055,-0.000032,0.999547,-0.030100,0.000000,-6.506202,-6.857231,0,2,13.439950,0.000536,0,0
3.989997,-17.000000,306.726100,234.052300,0,0,0,0,0,0,0.000000,0.000000,0.000000,0.000000,0.798064,0.000000,0.000000,0.000000,0.000000,0.967452,0.253055,-0.000032,0.999547,-0.030100,0.000000,-6.604302,-6.955287,0,2,13.487710,0.000536,0,0
3.999997,-17.000000,306.659100,234.169900,0,0,0,0,0,0,0.000000,0.000000,0.000000,0.000000,0.798064,0.000000,0.000000,0.000000,0.000000,0.967452,0.253055,-0.000032,0.999547,-0.030100,0.000000,-6.702402,-7.053343,0,2,13.536020,0.000536,0,0
4.009997,-17.000000,306.591100,234.287500,0,0,0,0,0,0,0.000000,0.000000,0.000000,0.000000,0.798064,0.000000,0.000000,0.000000,0.000000,0.967452,0.253055,-0.000032,0.999547,-0.030100,0.000000,-6.800502,-7.151399,0,2,13.584860,0.000536,0,0
4.019997,-17.000000,306.522100,234.405100,0,0,0,0,0,0,0.000000,0.000000,0.000000,0.000000,0.798064,0.000000,0.000000,0.000000,0.000000,0.967452,0.253055,-0.000032,0.999547,-0.030100,0.000000,-6.898602,-7.249454,0,2,13.634230,0.000536,0,0
4.029997,-17.000000,306.452100,234.522700,0,0,0,0,0,0,0.000000,0.000000,0.000000,0.000000,0.798064,0.000000,0.000000,0.000000,0.000000,0.967452,0.253055,-0.000032,0.999547,-0.030100,0.000000,-6.996703,-7.347510,0,2,13.684130,0.000536,0,0
4.039998,-17.000000,306.381200,234.640300,0,0,0,0,0,0,0.000000,0.000000,0.000000,0.000000,0.798064,0.000000,0.000000,0.000000,0.000000,0.967452,0.253055,-0.000032,0.999547,-0.030100,0.000000,-7.094803,-7.445566,0,2,13.734550,0.000536,0,0
4.049998,-17.000000,306.309300,234.757900,0,0,0,0,0,0,0.000000,0.000000,0.000000,0.000000,0.798064,0.000000,0.000000,0.000000,0.000000,0.967452,0.253055,-0.000032,0.999547,-0.030100,0.000000,-7.192903,-7.543622,0,2,13.785480,0.000536,0,0
4.059998,-17.000000,306.236400,234.875500,0,0,0,0,0,0,0.000000,0.000000,0.000000,0.000000,0.798064,0.000000,0.000000,0.000000,0.000000,0.967452,0.253055,-0.000032,0.999547,-0.030100,0.000000,-7.291003,-7.641677,0,2,13.836920,0.000536,0,0
4.069998,-17.000000,306.162500,234.993100,0,0,0,0,0,0,0.000000,0.000000,0.000000,0.000000,0.798064,0.000000,0.000000,0.000000,0.000000,0.967452,0.253055,-0.000032,0.999547,-0.030100,0.000000,-7.389103,-7.739733,0,2,13.888860,0.000536,0,0
4.079998,-17.000000,306.087600,235.110700,0,0,0,0,0,0,0.000000,0.000000,0.000000,0.000000,0.798064,0.000000,0.000000,0.000000,0.000000,0.967452,0.253055,-0.000032,0.999547,-0.030100,0.000000,-7.487204,-7.837789,0,2,13.941300,0.000536,0,0
4.089999,-17.000000,306.011700,235.228300,0,0,0,0,0,0,0.000000,0.000000,0.000000,0.000000,0.798064,0.000000,0.000000,0.000000,0.000000,0.967452,0.253055,-0.000032,0.999547,-0.030100,0.000000,-7.585304,-7.935844,0,2,13.994230,0.000536,0,0
4.099999,-17.000000,305.934900,235.345900,0,0,0,0,0,0,0.000000,0.000000,0.000000,0.000000,0.798064,0.000000,0.000000,0.000000,0.000000,0.967452,0.253055,-0.000032,0.999547,-0.030100,0.000000,-7.683404,-8.033900,0,2,14.047640,0.000536,0,0
4.109999,-17.000000,305.857100,235.463500,0,0,0,0,0,0,0.000000,0.000000,0.000000,0.000000,0.798064,0.000000,0.000000,0.000000,0.000000,0.967452,0.253055,-0.000032,0.999547,-0.030100,0.000000,-7.781504,-8.131955,0,2,14.101540,0.000536,0,0
4.119999,-17.000000,305.778300,235.581100,0,0,0,0,0,0,0.000000,0.000000,0.000000,0.000000,0.798064,0.000000,0.000000,0.000000,0.000000,0.967452,0.253055,-0.000032,0.999547,-0.030100,0.000000,-7.879604,-8.230011,0,2,14.155910,0.000536,0,0
4.130000,-17.000000,305.698500,235.698700,0,0,0,0,0,0,0.000000,0.000000,0.000000,0.000000,0.798064,0.000000,0.000000,0.000000,0.000000,0.967452,0.253055,-0.000032,0.999547,-0.030100,0.000000,-7.977705,-8.328067,0,2,14.210750,0.000536,0,0
4.140000,-17.000000,305.617800,235.816300,0,0,0,0,0,0,0.000000,0.000000,0.000000,0.000000,0.798064,0.000000,0.000000,0.000000,0.000000,0.967452,0.253055,-0.000032,0.999547,-0.030100,0.000000,-8.075805,-8.426123,0,2,14.266050,0.000536,0,0
4.150000,-17.000000,305.536000,235.933900,0,0,0,0,0,0,0.000000,0.000000,0.000000,0.000000,0.798064,0.000000,0.000000,0.000000,0.000000,0.967452,0.253055,-0.000032,0.999547,-0.030100,0.000000,-8.173904,-8.524178,0,2,14.321810,0.000536,0,0
4.160000,-17.000000,305.453300,236.051500,0,0,0,0,0,0,0.000000,0.000000,0.000000,0.000000,0.798064,0.000000,0.000000,0.000000,0.000000,0.967452,0.253055,-0.000032,0.999547,-0.030100,0.000000,-8.272004,-8.622233,0,2,14.378030,0.000536,0,0
4.170001,-17.000000,305.369600,236.169100,0,0,0,0,0,0,0.000000,0.000000,0.000000,0.000000,0.798064,0.000000,0.000000,0.000000,0.000000,0.967452,0.253055,-0.000032,0.999547,-0.030100,0.000000,-8.370104,-8.720288,0,2,14.434690,0.000536,0,0
4.180001,-17.000000,305.284900,236.286700,0,0,0,0,0,0,0.000000,0.000000,0.000000,0.000000,0.798064,0.000000,0.000000,0.000000,0.000000,0.967452,0.253055,-0.000032,0.999547,-0.030100,0.000000,-8.468204,-8.818344,0,2,14.491790,0.000536,0,0
4.190001,-17.000000,305.199200,236.404300,0,0,0,0,0,0,0.000000,0.000000,0.000000,0.000000,0.798064,0.000000,0.000000,0.000000,0.000000,0.967452,0.253055,-0.000032,0.999547,-0.030100,0.000000,-8.566303,-8.916399,0,2,14.549340,0.000536,0,0
4.200001,-17.000000,305.112600,236.521900,0,0,0,0,0,0,0.000000,0.000000,0.000000,0.000000,0.798064,0.000000,0.000000,0.000000,0.000000,0.967452,0.253055,-0.000032,0.999547,-0.030100,0.000000,-8.664403,-9.014454,0,2,14.607310,0.000536,0,0
4.210001,-17.000000,305.025000,236.639500,0,0,0,0,0,0,0.000000,0.000000,0.000000,0.000000,0.798064,0.000000,0.000000,0.000000,0.000000,0.967452,0.253055,-0.000032,0.999547,-0.030100,0.000000,-8.762503,-9.112510,0,2,14.665710,0.000536,0,0
4.220002,-17.000000,304.936400,236.757100,0,0,0,0,0,0,0.000000,0.000000,0.000000,0.000000,0.798064,0.000000,0.000000,0.000000,0.000000,0.967452,0.253055,-0.000032,0.999547,-0.030100,0.000000,-8.860602,-9.210565,0,2,14.724530,0.000536,0,0
4.230002,-17.000000,304.846800,236.874700,0,0,0,0,0,0,0.000000,0.000000,0.000000,0.000000,0.798064,0.000000,0.000000,0.000000,0.000000,0.967452,0.253055,-0.000032,0.999547,-0.030100,0.000000,-8.958702,-9.308619,0,2,14.783770,0.000536,0,0
4.240002,-17.000000,304.756200,236.992300,0,0,0,0,0,0,0.000000,0.000000,0.000000,0.000000,0.798064,0.000000,0.000000,0.000000,0.000000,0.967452,0.253055,-0.000032,0.999547,-0.030100,0.000000,-9.056802,-9.406675,0,2,14.843420,0.000536,0,0
4.250002,-17.000000,304.664700,237.109900,0,0,0,0,0,0,0.000000,0.000000,0.000000,0.000000,0.798064,0.000000,0.000000,0.000000,0.000000,0.967452,0.253055,-0.000032,0.999547,-0.030100,0.000000,-9.154902,-9.504730,0,2,14.903480,0.000536,0,0
4.260003,-17.000000,304.572100,237.227500,0,0,0,0,0,0,0.000000,0.000000,0.000000,0.000000,0.798064,0.000000,0.000000,0.000000,0.000000,0.967452,0.253055,-0.000032,0.999547,-0.030100,0.000000,-9.253001,-9.602785,0,2,14.963940,0.000536,0,0
4.270003,-17.000000,304.478600,237.345100,0,0,0,0,0,0,0.000000,0.000000,0.000000,0.000000,0.798064,0.000000,0.000000,0.000000,0.000000,0.967452,0.253055,-0.000032,0.999547,-0.030100,0.000000,-9.351101,-9.700841,0,2,15.024800,0.000536,0,0
4.280003,-17.000000,304.384200,237.462700,0,0,0,0,0,0,0.000000,0.000000,0.000000,0.000000,0.798064,0.000000,0.000000,0.000000,0.000000,0.967452,0.253055,-0.000032,0.999547,-0.030100,0.000000,-9.449201,-9.798896,0,2,15.086050,0.000536,0,0
4.290003,-17.000000,304.288700,237.580300,0,0,0,0,0,0,0.000000,0.000000,0.000000,0.000000,0.798064,0.000000,0.000000,0.000000,0.000000,0.967452,0.253055,-0.000032,0.999547,-0.030100,0.000000,-9.547300,-9.896952,0,2,15.147690,0.000536,0,0
4.300004,-17.000000,304.192200,237.697900,0,0,0,0,0,0,0.000000,0.000000,0.000000,0.000000,0.798064,0.000000,0.000000,0.000000,0.000000,0.967452,0.253055,-0.000032,0.999547,-0.030100,0.000000,-9.645400,-9.995007,0,2,15.209710,0.000536,0,0
4.310004,-17.000000,304.094800,237.815500,0,0,0,0,0,0,0.000000,0.000000,0.000000,0.000000,0.798064,0.000000,0.000000,0.000000,0.000000,0.967452,0.253055,-0.000032,0.999547,-0.030100,0.000000,-9.743500,-10.093060,0,2,15.272110,0.000536,0,0
4.320004,-17.000000,303.996400,237.933100,0,0,0,0,0,0,0.000000,0.000000,0.000000,0.000000,0.798064,0.000000,0.000000,0.000000,0.000000,0.967452,0.253055,-0.000032,0.999547,-0.030100,0.000000,-9.841599,-10.191120,0,2,15.334880,0.000536,0,0
4.330004,-17.000000,303.897000,238.050700,0,0,0,0,0,0,0.000000,0.000000,0.000000,0.000000,0.798064,0.000000,0.000000,0.000000,0.000000,0.967452,0.253055,-0.000032,0.999547,-0.030100,0.000000,-9.939699,-10.289170,0,2,15.398030,0.000536,0,0
4.340004,-17.000000,303.796600,238.168300,0,0,0,0,0,0,0.000000,0.000000,0.000000,0.000000,0.798064,0.000000,0.000000,0.000000,0.000000,0.967452,0.253055,-0.000032,0.999547,-0.030100,0.000000,-10.037800,-10.387230,0,2,15.461530,0.000536,0,0
4.350005,-17.000000,303.695300,238.285900,0,0,0,0,0,0,0.000000,0.000000,0.000000,0.000000,0.798064,0.000000,0.000000,0.000000,0.000000,0.967452,0.253055,-0.000032,0.999547,-0.030100,0.000000,-10.135900,-10.485280,0,2,15.525400,0.000536,0,0
4.360005,-17.000000,303.592900,238.403500,0,0,0,0,0,0,0.000000,0.000000,0.000000,0.000000,0.798064,0.000000,0.000000,0.000000,0.000000,0.967452,0.253055,-0.000032,0.999547,-0.030100,0.000000,-10.234000,-10.583340,0,2,15.589620,0.000536,0,0
4.370005,-17.000000,303.489600,238.521100,0,0,0,0,0,0,0.000000,0.000000,0.000000,0.000000,0.798064,0.000000,0.000000,0.000000,0.000000,0.967452,0.253055,-0.000032,0.999547,-0.030100,0.000000,-10.332100,-10.681390,0,2,15.654200,0.000536,0,0
4.380005,-17.000000,303.385300,238.638700,0,0,0,0,0,0,0.000000,0.000000,0.000000,0.000000,0.798064,0.000000,0.000000,0.000000,0.000000,0.967452,0.253055,-0.000032,0.999547,-0.030100,0.000000,-10.430200,-10.779450,0,2,15.719120,0.000536,0,0
4.390006,-17.000000,303.280000,238.756300,0,0,0,0,0,0,0.000000,0.000000,0.000000,0.000000,0.798064,0.000000,0.000000,0.000000,0.000000,0.967452,0.253055,-0.000032,0.999547,-0.030100,0.000000,-10.528300,-10.877500,0,2,15.784380,0.000536,0,0
4.400006,-17.000000,303.173700,238.873900,0,0,0,0,0,0,0.000000,0.000000,0.000000,0.000000,0.798064,0.000000,0.000000,0.000000,0.000000,0.967452,0.253055,-0.000032,0.999547,-0.030100,0.000000,-10.626400,-10.975560,0,2,15.849980,0.000536,0,0
4.410006,-17.000000,303.066500,238.991500,0,0,0,0,0,0,0.000000,0.000000,0.000000,0.000000,0.798064,0.000000,0.000000,0.000000,0.000000,0.967452,0.253055,-0.000032,0.999547,-0.030100,0.000000,-10.724500,-11.073610,0,2,15.915920,0.000536,0,0
4.420006,-17.000000,302.958300,239.109100,0,0,0,0,0,0,0.000000,0.000000,0.000000,0.000000,0.798064,0.000000,0.000000,0.000000,0.000000,0.967452,0.253055,-0.000032,0.999547,-0.030100,0.000000,-10.822600,-11.171670,0,2,15.982180,0.000536,0,0
4.430007,-17.000000,302.849100,239.226700,0,0,0,0,0,0,0.000000,0.000000,0.000000,0.000000,0.798064,0.000000,0.000000,0.000000,0.000000,0.967452,0.253055,-0.000032,0.999547,-0.030100,0.000000,-10.920700,-11.269720,0,2,16.048780,0.000536,0,0
4.440007,-17.000000,302.738900,239.344300,0,0,0,0,0,0,0.000000,0.000000,0.000000,0.000000,0.798064,0.000000,0.000000,0.000000,0.000000,0.967452,0.253055,-0.000032,0.999547,-0.030100,0.000000,-11.018800,-11.367780,0,2,16.115690,0.000536,0,0
4.450007,-17.000000,302.627700,239.461900,0,0,0,0,0,0,0.000000,0.000000,0.000000,0.000000,0.798064,0.000000,0.000000,0.000000,0.000000,0.967452,0.253055,-0.000032,0.999547,-0.030100,0.000000,-11.116900,-11.465830,0,2,16.182920,0.000536,0,0
4.460007,-17.000000,302.515600,239.579500,0,0,0,0,0,0,0.000000,0.000000,0.000000,0.000000,0.798064,0.000000,0.000000,0.000000,0.000000,0.967452,0.253055,-0.000032,0.999547,-0.030100,0.000000,-11.215000,-11.563890,0,2,16.250470,0.000536,0,0
4.470007,-17.000000,302.402400,239.697100,0,0,0,0,0,0,0.000000,0.000000,0.000000,0.000000,0.798064,0.000000,0.000000,0.000000,0.000000,0.967452,0.253055,-0.000032,0.999547,-0.030100,0.000000,-11.313100,-11.661950,0,2,16.318330,0.000536,0,0
4.480008,-17.000000,302.288300,239.814700,0,0,0,0,0,0,0.000000,0.000000,0.000000,0.000000,0.798064,0.000000,0.000000,0.000000,0.000000,0.967452,0.253055,-0.000032,0.999547,-0.030100,0.000000,-11.411190,-11.760000,0,2,16.386490,0.000536,0,0
4.490008,-17.000000,302.173200,239.932300,0,0,0,0,0,0,0.000000,0.000000,0.000000,0.000000,0.798064,0.000000,0.000000,0.000000,0.000000,0.967452,0.253055,-0.000032,0.999547,-0.030100,0.000000,-11.509290,-11.858060,0,2,16.454950,0.000536,0,0
4.500008,-17.000000,302.057200,240.049900,0,0,0,0,0,0,0.000000,0.000000,0.000000,0.000000,0.798064,0.000000,0.000000,0.000000,0.000000,0.967452,0.253055,-0.000032,0.999547,-0.030100,0.000000,-11.607390,-11.956110,0,2,16.523720,0.000536,0,0
4.510008,-17.000000,301.940100,240.167500,0,0,0,0,0,0,0.000000,0.000000,0.000000,0.000000,0.798064,0.000000,0.000000,0.000000,0.000000,0.967452,0.253055,-0.000032,0.999547,-0.030100,0.000000,-11.705490,-12.054170,0,2,16.592780,0.000536,0,0
4.520009,-17.000000,301.822100,240.285100,0,0,0,0,0,0,0.000000,0.000000,0.000000,0.000000,0.798064,0.000000,0.000000,0.000000,0.000000,0.967452,0.253055,-0.000032,0.999547,-0.030100,0.000000,-11.803590,-12.152220,0,2,16.662120,0.000536,0,0
4.530009,-17.000000,301.703000,240.402700,0,0,0,0,0,0,0.000000,0.000000,0.000000,0.000000,0.798064,0.000000,0.000000,0.000000,0.000000,0.967452,0.253055,-0.000032,0.999547,-0.030100,0.000000,-11.901690,-12.250280,0,2,16.731760,0.000536,0,0
4.540009,-17.000000,301.583000,240.520300,0,0,0,0,0,0,0.000000,0.000000,0.000000,0.000000,0.798064,0.000000,0.000000,0.000000,0.000000,0.967452,0.253055,-0.000032,0.999547,-0.030100,0.000000,-11.999790,-12.348330,0,2,16.801690,0.000536,0,0
4.550009,-17.000000,301.462100,240.637900,0,0,0,0,0,0,0.000000,0.000000,0.000000,0.000000,0.798064,0.000000,0.000000,0.000000,0.000000,0.967452,0.253055,-0.000032,0.999547,-0.030100,0.000000,-12.097890,-12.446390,0,2,16.871890,0.000536,0,0
4.560009,-17.000000,301.340100,240.755500,0,0,0,0,0,0,0.000000,0.000000,0.000000,0.000000,0.798064,0.000000,0.000000,0.000000,0.000000,0.967452,0.253055,-0.000032,0.999547,-0.030100,0.000000,-12.195990,-12.544440,0,2,16.942370,0.000536,0,0
4.570010,-17.000000,301.217200,240.873100,0,0,0,0,0,0,0.000000,0.000000,0.000000,0.000000,0.798064,0.000000,0.000000,0.000000,0.000000,0.967452,0.253055,-0.000032,0.999547,-0.030100,0.000000,-12.294090,-12.642500,0,2,17.013120,0.000536,0,0
4.580010,-17.000000,301.093200,240.990700,0,0,0,0,0,0,0.000000,0.000000,0.000000,0.000000,0.798064,0.000000,0.000000,0.000000,0.000000,0.967452,0.253055,-0.000032,0.999547,-0.030100,0.000000,-12.392190,-12.740550,0,2,17.084140,-0.001097,0,0
4.590010,-17.000000,300.968300,241.108300,0,0,0,0,0,0,0.000000,0.000000,0.000000,0.000000,0.798064,0.000000,0.000000,0.000000,0.000000,0.967452,0.253055,-0.000032,0.999547,-0.030100,0.000000,-12.490290,-12.838610,0,2,17.155440,-0.002679,0,0
4.600010,-17.000000,300.842400,241.225900,0,0,0,0,0,0,0.000000,0.000000,0.000000,0.000000,0.798064,0.000000,0.000000,0.000000,0.000000,0.967452,0.253055,-0.000032,0.999547,-0.030100,0.000000,-12.588390,-12.936660,0,2,17.226990,-0.004212,0,0
4.610011,-17.000000,300.715600,241.343500,0,0,0,0,0,0,0.000000,0.000000,0.000000,0.000000,0.798064,0.000000,0.000000,0.000000,0.000000,0.967452,0.253055,-0.000032,0.999547,-0.030100,0.000000,-12.686490,-13.034720,0,2,17.298810,-0.005697,0,0
4.620011,-17.000000,300.587700,241.461100,0,0,0,0,0,0,0.000000,0.000000,0.000000,0.000000,0.798064,0.000000,0.000000,0.000000,0.000000,0.967452,0.253055,-0.000032,0.999547,-0.030100,0.000000,-12.784590,-13.132770,0,2,17.370880,-0.007136,0,0
4.630011,-17.000000,300.458900,241.578700,0,0,0,0,0,0,0.000000,0.000000,0.000000,0.000000,0.798064,0.000000,0.000000,0.000000,0.000000,0.967452,0.253055,-0.000032,0.999547,-0.030100,0.000000,-12.882690,-13.230830,0,2,17.443200,-0.008529,0,0
4.640011,-17.000000,300.329100,241.696300,0,0,0,0,0,0,0.000000,0.000000,0.000000,0.000000,0.798064,0.000000,0.000000,0.000000,0.000000,0.967452,0.253055,-0.000032,0.999547,-0.030100,0.000000,-12.980790,-13.328880,0,2,17.515780,-0.009878,0,0
4.650012,-17.000000,300.198300,241.813900,0,0,0,0,0,0,0.000000,0.000000,0.000000,0.000000,0.798064,0.000000,0.000000,0.000000,0.000000,0.967452,0.253055,-0.000032,0.999547,-0.030100,0.000000,-13.078890,-13.426940,0,2,17.588600,-0.011184,0,0
4.660012,-17.000000,300.066500,241.931500,0,0,0,0,0,0,0.000000,0.000000,0.000000,0.000000,0.798064,0.000000,0.000000,0.000000,0.000000,0.967452,0.253055,-0.000032,0.999547,-0.030100,0.000000,-13.176990,-13.524990,0,2,17.661670,-0.012448,0,0
4.670012,-17.000000,299.933800,242.049100,0,0,0,0,0,0,0.000000,0.000000,0.000000,0.000000,0.798064,0.000000,0.000000,0.000000,0.000000,0.967452,0.253055,-0.000032,0.999547,-0.030100,0.000000,-13.275090,-13.623050,0,2,17.734980,-0.013672,0,0
4.680012,-17.000000,299.800000,242.166700,0,0,0,0,0,0,0.000000,0.000000,0.000000,0.000000,0.798064,0.000000,0.000000,0.000000,0.000000,0.967452,0.253055,-0.000032,0.999547,-0.030100,0.000000,-13.373190,-13.721110,0,2,17.808530,-0.014857,0,0
4.690012,-17.000000,299.665300,242.284300,0,0,0,0,0,0,0.000000,0.000000,0.000000,0.000000,0.798064,0.000000,0.000000,0.000000,0.000000,0.967452,0.253055,-0.000032,0.999547,-0.030100,0.000000,-13.471290,-13.819160,0,2,17.882320,-0.016003,0,0
4.700013,-17.000000,299.529700,242.401900,1,1,1,1,2,2,1.048861,1.046438,1.048861,1.046438,1.047650,-0.006320,0.975284,0.220864,-0.006320,0.975284,0.220864,-0.000579,0.999965,-0.008346,28.319410,-2.781122,-2.883467,1,3,12.590290,-4.935541,0,0
4.710013,-17.000590,299.503700,242.524600,0,1,0,1,0,2,0.000000,1.048366,0.000000,1.048366,1.048366,-0.006517,0.975254,0.220990,-0.006517,0.975254,0.220990,-0.001096,0.999933,0.011551,17.437080,-2.595316,-2.453345,1,3,12.541640,0.003008,0,0
4.720013,-17.001170,299.478500,242.647200,0,0,0,0,0,0,0.000000,0.000000,0.000000,0.000000,1.048366,0.000000,0.000000,0.000000,-0.006517,0.975254,0.220990,-0.001096,0.999933,0.011551,0.000000,-2.518319,-2.376407,0,4,12.521320,-0.006532,0,0
4.730013,-17.001760,299.452400,242.769900,0,0,0,0,0,0,0.000000,0.000000,0.000000,0.000000,1.048366,0.000000,0.000000,0.000000,-0.006517,0.975254,0.220990,-0.001096,0.999933,0.011551,0.000000,-2.616419,-2.474501,0,4,12.541410,-0.010204,0,0
4.740014,-17.002350,299.425300,242.892500,0,0,0,0,0,0,0.000000,0.000000,0.000000,0.000000,1.048366,0.000000,0.000000,0.000000,-0.006517,0.975254,0.220990,-0.001096,0.999933,0.011551,0.000000,-2.714519,-2.572594,0,4,12.562250,-0.010204,0,0
4.750014,-17.002940,299.397100,243.015200,0,0,0,0,0,0,0.000000,0.000000,0.000000,0.000000,1.048366,0.000000,0.000000,0.000000,-0.006517,0.975254,0.220990,-0.001096,0.999933,0.011551,0.000000,-2.812619,-2.670687,0,4,12.583810,-0.011238,0,0
4.760014,-17.003520,299.368000,243.137800,0,0,0,0,0,0,0.000000,0.000000,0.000000,0.000000,1.048366,0.000000,0.000000,0.000000,-0.006517,0.975254,0.220990,-0.001096,0.999933,0.011551,0.000000,-2.910719,-2.768781,0,4,12.606100,-0.012239,0,0
4.770014,-17.004110,299.337900,243.260500,0,1,0,1,0,2,0.000000,1.049397,0.000000,1.049397,1.049397,-0.006088,0.975339,0.220628,-0.006088,0.975339,0.220628,-0.001531,0.999557,0.029699,21.992250,-3.008819,-2.643124,1,5,12.629110,-0.013599,0,0
4.780015,-17.004700,299.309100,243.383100,0,1,0,1,0,2,0.000000,1.048296,0.000000,1.048296,1.048296,-0.006088,0.975339,0.220628,-0.006088,0.975339,0.220628,-0.001928,0.998927,0.046278,13.990370,-2.886177,-2.315367,1,5,12.600240,-0.003788,0,0
4.790015,-17.005290,299.280600,243.505800,1,1,1,1,2,2,1.049386,1.047642,1.049386,1.047642,1.048514,-0.005881,0.975388,0.220419,-0.005881,0.975388,0.220419,-0.002272,0.998111,0.061399,8.184587,-2.843585,-2.085026,1,5,12.590290,-0.007847,0,0
4.800015,-17.005880,299.252000,243.628400,1,1,1,1,2,2,1.048410,1.046776,1.048410,1.046776,1.047593,-0.005866,0.975368,0.220507,-0.005866,0.975368,0.220507,-0.002585,0.997164,0.075215,4.425024,-2.859015,-1.928383,1,5,12.592120,-0.010614,0,0
4.810015,-17.006470,299.222900,243.751000,1,1,1,1,2,2,1.047067,1.045311,1.047067,1.045311,1.046189,-0.005658,0.975436,0.220211,-0.005658,0.975436,0.220211,-0.002853,0.996133,0.087803,2.060381,-2.911960,-1.824092,1,5,12.600930,-0.012493,0,0
4.820015,-17.007060,299.193000,243.873500,1,1,1,1,2,2,1.044869,1.043167,1.044869,1.043167,1.044018,-0.005659,0.975424,0.220265,-0.005659,0.975424,0.220265,-0.003097,0.995052,0.099300,0.752554,-2.988447,-1.756575,1,5,12.614050,-0.013814,0,0
4.830016,-17.007650,299.162200,243.996000,1,1,1,1,2,2,1.041858,1.040102,1.041858,1.040102,1.040980,-0.005634,0.975436,0.220211,-0.005634,0.975436,0.220211,-0.003318,0.993949,0.109792,0.231157,-3.077909,-1.714274,1,5,12.629740,-0.014770,0,0
4.840016,-17.008240,299.130500,244.118400,1,1,1,1,2,2,1.037870,1.036113,1.037870,1.036113,1.036991,-0.005635,0.975430,0.220238,-0.005635,0.975430,0.220238,-0.003519,0.992843,0.119372,0.286409,-3.172501,-1.688203,1,5,12.646850,-0.015483,0,0
4.850016,-17.008830,299.097800,244.240800,1,1,1,1,2,2,1.032957,1.031239,1.032957,1.031239,1.032098,-0.005658,0.975422,0.220271,-0.005658,0.975422,0.220271,-0.003705,0.991752,0.128120,0.742835,-3.266487,-1.671654,1,5,12.664590,-0.016035,0,0
4.860016,-17.009410,299.064300,244.363100,1,1,1,1,2,2,1.027152,1.025396,1.027152,1.025396,1.026274,-0.005650,0.975436,0.220211,-0.005650,0.975436,0.220211,-0.003874,0.990687,0.136102,1.485867,-3.355892,-1.659863,1,5,12.682370,-0.016442,0,0
4.870017,-17.010000,299.029900,244.485400,1,1,1,1,2,2,1.020529,1.018723,1.020529,1.018723,1.019626,-0.005648,0.975435,0.220216,-0.005648,0.975435,0.220216,-0.004028,0.989658,0.143389,2.403354,-3.437892,-1.649099,1,5,12.699790,-0.016753,0,0
4.880017,-17.010580,298.994800,244.607600,1,1,1,1,2,2,1.015298,1.013636,1.015298,1.013636,1.014467,-0.005658,0.976171,0.216928,-0.005658,0.976171,0.216928,-0.004169,0.988714,0.149756,3.109298,-3.510778,-1.640564,1,5,12.716560,-0.017008,0,0
4.890017,-17.011160,298.959000,244.729800,1,1,1,1,2,2,1.006951,1.005179,1.006951,1.005179,1.006065,-0.005642,0.976178,0.216900,-0.005642,0.976178,0.216900,-0.004297,0.987816,0.155567,4.393417,-3.576664,-1.631787,1,5,12.732920,-0.017225,0,0
4.900017,-17.011750,298.922700,244.852000,1,1,1,1,2,2,0.998027,0.996217,0.998027,0.996217,0.997122,-0.005650,0.976178,0.216899,-0.005650,0.976178,0.216899,-0.004414,0.986965,0.160873,5.609554,-3.629854,-1.616376,1,5,12.748070,-0.017348,0,0
4.910017,-17.012330,298.886000,244.974200,1,1,1,1,2,2,0.988721,0.987023,0.988721,0.987023,0.987872,-0.005649,0.976170,0.216934,-0.005649,0.976170,0.216934,-0.004521,0.986162,0.165721,6.718507,-3.671044,-1.594448,1,5,12.762050,-0.017445,0,0
4.920018,-17.012910,298.849000,245.096500,1,1,1,1,2,2,0.979150,0.977339,0.979150,0.977339,0.978244,-0.005657,0.976183,0.216874,-0.005657,0.976183,0.216874,-0.004619,0.985408,0.170144,7.750402,-3.701315,-1.566701,1,5,12.775010,-0.017522,0,0
4.930018,-17.013490,298.811800,245.218800,1,1,1,1,2,2,0.969340,0.967552,0.969340,0.967552,0.968446,-0.005650,0.976178,0.216900,-0.005650,0.976178,0.216900,-0.004708,0.984702,0.174185,8.673812,-3.721443,-1.533367,1,5,12.787030,-0.017576,0,0
4.940018,-17.014080,298.774500,245.341200,1,1,1,1,2,2,0.959487,0.957677,0.959487,0.957677,0.958582,-0.005649,0.976170,0.216933,-0.005649,0.976170,0.216933,-0.004790,0.984041,0.177878,9.486812,-3.732513,-1.495122,1,5,12.798270,-0.017610,0,0
4.950018,-17.014670,298.737100,245.463700,1,1,1,1,2,2,0.949626,0.947786,0.949626,0.947786,0.948706,-0.005633,0.976183,0.216874,-0.005633,0.976183,0.216874,-0.004863,0.983425,0.181246,10.200510,-3.735623,-1.452808,1,5,12.808880,-0.017624,0,0
4.960019,-17.015260,298.699800,245.586400,1,1,1,1,2,2,0.938416,0.936627,0.938416,0.936627,0.937522,-0.005665,0.976908,0.213587,-0.005665,0.976908,0.213587,-0.004932,0.982906,0.184038,11.155870,-3.731760,-1.410698,1,5,12.818990,-0.017610,0,0
4.970019,-17.015850,298.662600,245.709200,1,1,1,1,2,2,0.928339,0.926551,0.928339,0.926551,0.927445,-0.005650,0.976908,0.213587,-0.005650,0.976908,0.213587,-0.004994,0.982425,0.186589,11.749280,-3.718549,-1.362071,1,5,12.828350,-0.017589,0,0
4.980019,-17.016450,298.625600,245.832100,1,1,1,1,2,2,0.918471,0.916683,0.918471,0.916683,0.917577,-0.005650,0.976908,0.213587,-0.005650,0.976908,0.213587,-0.005051,0.981980,0.188918,12.226680,-3.699557,-1.310292,1,5,12.837390,-0.017555,0,0
4.990019,-17.017050,298.588900,245.955200,1,1,1,1,2,2,0.908842,0.907000,0.908842,0.907000,0.907921,-0.005650,0.976902,0.213614,-0.005650,0.976902,0.213614,-0.005102,0.981567,0.191049,12.609710,-3.675926,-1.256252,1,5,12.846260,-0.017506,0,0
