time,x,y,z,left,right,leftSamples,rightSamples,leftHeight,rightHeight,height,rawNx,rawNy,rawNz,supportNx,supportNy,supportNz,supportAcceleration,verticalVelocity,normalVelocity,grounded,transitions,speed,lateralAcceleration
0.000000,4000.000000,0.244684,2.209409,1,1,2,2,0.758724,0.758724,0.758724,0.000000,0.967852,0.251522,0.000000,0.960917,0.276837,8.844994,-4.467386,-0.039550,1,0,16.000000,0.000000
0.010000,4000.000000,0.199921,2.363144,1,1,2,2,0.761283,0.761283,0.761283,0.000000,0.971051,0.238871,0.000000,0.961848,0.273586,9.892144,-4.476259,-0.099492,1,0,16.011980,0.000000
0.020000,4000.000000,0.155172,2.517004,1,1,2,2,0.759366,0.759366,0.759366,0.000000,0.974770,0.223212,0.000000,0.963063,0.269277,11.926210,-4.474980,-0.166581,1,0,16.023580,0.000000
0.030000,4000.000000,0.110632,2.671040,1,1,2,2,0.750341,0.750341,0.750341,0.000000,0.974770,0.223214,0.000000,0.964156,0.265335,14.578620,-4.454005,-0.207265,1,0,16.034530,0.000000
0.040000,4000.000000,0.066558,2.825315,1,1,2,2,0.740932,0.740932,0.740932,0.000000,0.978203,0.207652,0.000000,0.965500,0.260405,17.051350,-4.407353,-0.237898,1,0,16.044730,0.000000
0.050000,4000.000000,0.023191,2.979887,1,1,2,2,0.730616,0.730617,0.730617,0.000000,0.978202,0.207655,0.000000,0.966705,0.255893,18.894870,-4.336680,-0.236899,1,0,16.054070,0.000000
0.060000,4000.000000,-0.019289,3.134796,1,1,2,2,0.714981,0.714979,0.714980,0.000000,0.980749,0.195275,0.000000,0.968062,0.250711,21.516230,-4.248045,-0.228638,1,0,16.062790,0.000000
0.070000,4000.000000,-0.060628,3.290097,1,1,2,2,0.696004,0.696004,0.696004,0.000000,0.982065,0.188545,0.000000,0.969423,0.245397,24.140010,-4.133860,-0.196426,1,0,16.070840,0.000000
0.080000,4000.000000,-0.100568,3.445842,1,1,2,2,0.686147,0.686147,0.686147,0.000000,0.982065,0.188545,0.000000,0.970641,0.240534,24.280200,-3.994046,-0.130585,1,0,16.078490,0.000000
0.090000,4000.000000,-0.139095,3.602023,1,1,2,2,0.667053,0.667053,0.667053,0.000000,0.982013,0.188814,0.000000,0.971727,0.236107,25.868850,-3.852697,-0.056231,1,0,16.086260,0.000000
0.100000,4000.000000,-0.176053,3.758666,1,1,2,2,0.653465,0.653465,0.653465,0.000000,0.985057,0.172231,0.000000,0.973038,0.230645,26.502580,-3.695765,0.016771,1,0,16.094360,0.000000
0.110000,4000.000000,-0.211378,3.915770,1,1,2,2,0.645844,0.645844,0.645844,0.000000,0.980598,0.196031,0.000000,0.973737,0.227677,24.869750,-3.532460,0.137225,1,0,16.102720,0.000000
0.120000,4000.000000,-0.245228,4.073292,1,1,2,2,0.636061,0.636061,0.636061,0.000000,0.977971,0.208740,0.000000,0.974116,0.226050,23.480260,-3.384999,0.263395,1,0,16.111740,0.000000
0.130000,4000.000000,-0.277739,4.231194,1,1,2,2,0.637226,0.637224,0.637225,0.000000,0.977971,0.208743,0.000000,0.974460,0.224564,20.412760,-3.251093,0.377847,1,0,16.121430,0.000000
0.140000,4000.000000,-0.309210,4.389404,1,1,2,2,0.637304,0.637304,0.637304,0.000000,0.974493,0.224417,0.000000,0.974462,0.224551,17.697440,-3.147100,0.485892,1,0,16.130990,0.000000
0.150000,4000.000000,-0.339906,4.547861,1,1,2,2,0.644098,0.644098,0.644098,0.000000,0.970784,0.239957,0.000000,0.974155,0.225879,13.896380,-3.069642,0.588899,1,0,16.140280,0.000000
0.160000,4000.000000,-0.370199,4.706481,1,1,2,2,0.652744,0.652745,0.652745,0.000000,0.970784,0.239956,0.000000,0.973873,0.227092,10.760670,-3.029318,0.651961,1,0,16.148660,0.000000
0.170000,4000.000000,-0.400395,4.865194,1,1,2,2,0.668028,0.668028,0.668028,0.000000,0.967656,0.252272,0.000000,0.973364,0.229266,6.814106,-3.019596,0.699581,1,0,16.156000,0.000000
0.180000,4000.000000,-0.430878,5.023912,1,1,2,2,0.711720,0.711720,0.711720,0.000000,0.942612,0.333889,0.000000,0.971168,0.238396,0.000000,-3.048341,0.823319,1,0,16.161890,0.000000
0.190000,4000.000000,-0.462312,5.182479,1,1,2,2,0.698093,0.698091,0.698092,0.000000,0.965905,0.258898,0.000000,0.970732,0.240165,0.000000,-3.143359,0.756854,1,0,16.165250,0.000000
0.200000,4000.000000,-0.494695,5.340895,1,1,2,2,0.718438,0.718438,0.718438,0.000000,0.966014,0.258491,0.000000,0.970340,0.241745,0.000000,-3.238301,0.687375,1,0,16.169180,0.000000
0.210000,4000.000000,-0.528027,5.499159,1,1,2,2,0.727148,0.727146,0.727147,0.000000,0.966013,0.258492,0.000000,0.969979,0.243189,0.000000,-3.333165,0.615733,1,0,16.173670,0.000000
0.220000,4000.000000,-0.562306,5.657273,1,1,2,2,0.744313,0.744313,0.744313,0.000000,0.967952,0.251137,0.000000,0.969807,0.243873,0.000000,-3.427954,0.531522,1,0,16.178720,0.000000
0.230000,4000.000000,-0.597533,5.815237,1,1,2,2,0.757607,0.757607,0.757607,0.000000,0.971186,0.238324,0.000000,0.969927,0.243396,0.000000,-3.522669,0.428030,1,0,16.184340,0.000000
0.240000,4000.000000,-0.633706,5.973049,1,1,2,2,0.760087,0.760084,0.760086,0.000000,0.971186,0.238322,0.000000,0.970036,0.242961,0.000000,-3.617314,0.325299,1,0,16.190510,0.000000
0.250000,4000.000000,-0.670825,6.130711,1,1,2,2,0.764364,0.764364,0.764364,0.000000,0.974908,0.222609,0.000000,0.970472,0.241213,1.916766,-3.711889,0.200724,1,0,16.197230,0.000000
0.260000,4000.000000,-0.708703,6.288269,1,1,2,2,0.762117,0.762117,0.762117,0.000000,0.978317,0.207114,0.000000,0.971194,0.238289,5.452875,-3.787797,0.075736,1,0,16.204640,0.000000
0.270000,4000.000000,-0.746996,6.445805,1,1,2,2,0.757287,0.757289,0.757288,0.000000,0.978316,0.207116,0.000000,0.971846,0.235616,8.464151,-3.829302,-0.009686,1,0,16.212390,0.000000
0.280000,4000.000000,-0.785411,6.603390,1,1,2,2,0.746442,0.746442,0.746442,0.000000,0.980821,0.194909,0.000000,0.972686,0.232127,12.146830,-3.841482,-0.078572,1,0,16.220000,0.000000
0.290000,4000.000000,-0.823589,6.761106,1,1,2,2,0.727018,0.727018,0.727018,0.000000,0.982718,0.185109,0.000000,0.973638,0.228100,16.678580,-3.817772,-0.119616,1,0,16.227150,0.000000
0.300000,4000.000000,-0.861087,6.919053,1,1,2,2,0.724054,0.724055,0.724054,0.000000,0.982088,0.188424,0.000000,0.974428,0.224699,16.852790,-3.749854,-0.104936,1,0,16.233630,0.000000
0.310000,4000.000000,-0.897889,7.077226,1,1,2,2,0.706981,0.706981,0.706981,0.000000,0.981985,0.188961,0.000000,0.975130,0.221634,19.384040,-3.680168,-0.082981,1,0,16.239820,0.000000
0.320000,4000.000000,-0.933746,7.235678,1,1,2,2,0.701711,0.701710,0.701711,0.000000,0.981984,0.188965,0.000000,0.975763,0.218831,19.049790,-3.585742,-0.031418,1,0,16.245810,0.000000
0.330000,4000.000000,-0.968692,7.394394,1,1,2,2,0.687761,0.687759,0.687760,0.000000,0.980520,0.196420,0.000000,0.976192,0.216907,19.996420,-3.494534,0.031331,1,0,16.251820,0.000000
0.340000,4000.000000,-1.002632,7.553393,1,1,2,2,0.677978,0.677978,0.677978,0.000000,0.977854,0.209289,0.000000,0.976338,0.216252,19.426630,-3.394077,0.124608,1,0,16.258060,0.000000
0.350000,4000.000000,-1.035625,7.712659,1,1,2,2,0.679049,0.679049,0.679049,0.000000,0.977854,0.209290,0.000000,0.976470,0.215653,17.024730,-3.299230,0.213027,1,0,16.264750,0.000000
0.360000,4000.000000,-1.067903,7.872140,1,1,2,2,0.678436,0.678436,0.678436,0.000000,0.974354,0.225019,0.000000,0.976292,0.216459,14.940120,-3.227883,0.300757,1,0,16.271460,0.000000
0.370000,4000.000000,-1.099673,8.031792,1,1,2,2,0.684324,0.684324,0.684324,0.000000,0.970651,0.240493,0.000000,0.975830,0.218533,11.676260,-3.176967,0.388733,1,0,16.278180,0.000000
0.380000,4000.000000,-1.131253,8.191545,1,1,2,2,0.692084,0.692085,0.692085,0.000000,0.970650,0.240495,0.000000,0.975403,0.220428,8.966284,-3.158001,0.441088,1,0,16.284520,0.000000
0.390000,4000.000000,-1.162908,8.351344,1,1,2,2,0.706164,0.706164,0.706164,0.000000,0.967563,0.252631,0.000000,0.974771,0.223209,5.423227,-3.165524,0.481188,1,0,16.290360,0.000000
0.400000,4000.000000,-1.194984,8.511110,1,1,2,2,0.748321,0.748322,0.748321,0.000000,0.978594,0.205798,0.000000,0.975112,0.221714,0.000000,-3.207625,0.414445,1,0,16.295450,0.000000
0.410000,4000.000000,-1.228010,8.670724,1,1,2,2,0.733723,0.733723,0.733723,0.000000,0.965874,0.259012,0.000000,0.974373,0.224938,3.179089,-3.302562,0.372374,1,0,16.299420,0.000000
0.420000,4000.000000,-1.261674,8.830256,1,1,2,2,0.753162,0.753162,0.753162,0.000000,0.966055,0.258337,0.000000,0.973703,0.227823,0.068146,-3.366441,0.356591,1,0,16.304510,0.000000
0.430000,4000.000000,-1.296280,8.989636,1,1,2,2,0.760909,0.760904,0.760907,0.000000,0.966056,0.258334,0.000000,0.973082,0.230458,0.000000,-3.460574,0.305630,1,0,16.309410,0.000000
0.440000,4000.000000,-1.331833,9.148864,1,1,2,2,0.777146,0.777146,0.777146,0.000000,0.968053,0.250748,0.000000,0.972666,0.232208,0.000000,-3.555290,0.239290,1,0,16.314860,0.000000
0.450000,4000.000000,-1.368332,9.307939,1,1,2,2,0.789491,0.789491,0.789491,0.000000,0.971322,0.237767,0.000000,0.972552,0.232687,0.000000,-3.649928,0.151720,1,0,16.320860,0.000000
0.460000,4000.000000,-1.405777,9.466861,1,1,2,2,0.790904,0.790907,0.790905,0.000000,0.971321,0.237771,0.000000,0.972447,0.233124,0.588203,-3.744492,0.063542,1,0,16.327400,0.000000
0.470000,4000.000000,-1.444110,9.625644,1,1,2,2,0.794204,0.794204,0.794204,0.000000,0.975045,0.222008,0.000000,0.972676,0.232169,2.636943,-3.833263,-0.042069,1,0,16.334490,0.000000
0.480000,4000.000000,-1.483130,9.784336,1,1,2,2,0.790992,0.790992,0.790992,0.000000,0.978429,0.206582,0.000000,0.973197,0.229973,5.867755,-3.902041,-0.147973,1,0,16.341900,0.000000
0.490000,4000.000000,-1.522523,9.943010,1,1,2,2,0.785230,0.785228,0.785229,0.000000,0.978429,0.206582,0.000000,0.973669,0.227964,8.669965,-3.939317,-0.218380,1,0,16.349130,0.000000
0.500000,4000.000000,-1.562016,10.101730,1,1,2,2,0.773431,0.773431,0.773431,0.000000,0.980892,0.194552,0.000000,0.974336,0.225099,12.219520,-3.949259,-0.275151,1,0,16.355900,0.000000
0.510000,4000.000000,-1.601262,10.260570,1,1,2,2,0.754602,0.754602,0.754602,0.000000,0.984356,0.176191,0.000000,0.975294,0.220910,16.705020,-3.924560,-0.318631,1,0,16.361830,0.000000
0.520000,4000.000000,-1.639822,10.419630,1,1,2,2,0.749232,0.749232,0.749232,0.000000,0.982108,0.188317,0.000000,0.975923,0.218114,17.059990,-3.856028,-0.293917,1,0,16.366540,0.000000
0.530000,4000.000000,-1.677662,10.578910,1,1,2,2,0.731306,0.731306,0.731306,0.000000,0.981954,0.189122,0.000000,0.976476,0.215626,19.457970,-3.783988,-0.260553,1,0,16.371020,0.000000
0.540000,4000.000000,-1.714547,10.738450,1,1,2,2,0.725261,0.725261,0.725261,0.000000,0.981954,0.189122,0.000000,0.976976,0.213350,19.030010,-3.688499,-0.199711,1,0,16.375150,0.000000
0.550000,4000.000000,-1.750519,10.898240,1,1,2,2,0.710596,0.710599,0.710597,0.000000,0.980440,0.196818,0.000000,0.977285,0.211930,19.902450,-3.597173,-0.128912,1,0,16.379450,0.000000
0.560000,4000.000000,-1.785492,11.058310,1,1,2,2,0.700206,0.700206,0.700206,0.000000,0.977735,0.209845,0.000000,0.977324,0.211751,19.267260,-3.497335,-0.028671,1,0,16.384000,0.000000
0.570000,4000.000000,-1.819530,11.218630,1,1,2,2,0.700568,0.700568,0.700568,0.000000,0.977735,0.209845,0.000000,0.977359,0.211587,16.850740,-3.403772,0.065398,1,0,16.389120,0.000000
0.580000,4000.000000,-1.852869,11.379150,1,1,2,2,0.699445,0.699445,0.699445,0.000000,0.974214,0.225628,0.000000,0.977096,0.212796,14.728310,-3.333891,0.158276,1,0,16.394560,0.000000
0.590000,4000.000000,-1.885717,11.539820,1,1,2,2,0.704860,0.704860,0.704860,0.000000,0.970520,0.241023,0.000000,0.976562,0.215233,11.443030,-3.284840,0.250491,1,0,16.400230,0.000000
0.600000,4000.000000,-1.918397,11.700590,1,1,2,2,0.711887,0.711888,0.711887,0.000000,0.970519,0.241023,0.000000,0.976069,0.217459,8.777364,-3.267977,0.306327,1,0,16.405850,0.000000
0.610000,4000.000000,-1.951169,11.861400,1,1,2,2,0.725432,0.725432,0.725432,0.000000,0.967468,0.252995,0.000000,0.975380,0.220529,5.246784,-3.277195,0.349755,1,0,16.411230,0.000000
0.620000,4000.000000,-1.984378,12.022170,1,1,2,2,0.761560,0.761560,0.761560,0.000000,0.947951,0.318417,0.000000,0.973412,0.229059,0.000000,-3.320891,0.449932,1,0,16.416190,0.000000
0.630000,4000.000000,-2.018535,12.182780,1,1,2,2,0.751553,0.751548,0.751551,0.000000,0.965846,0.259116,0.000000,0.972798,0.231655,0.000000,-3.415700,0.397894,1,0,16.420510,0.000000
0.640000,4000.000000,-2.053639,12.343240,1,1,2,2,0.769860,0.769860,0.769860,0.000000,0.966099,0.258173,0.000000,0.972250,0.233944,0.000000,-3.510428,0.340821,1,0,16.425370,0.000000
0.650000,4000.000000,-2.089690,12.503540,1,1,2,2,0.836288,0.836288,0.836288,0.000000,0.986168,0.165749,0.000000,0.973634,0.228114,0.000000,-3.605076,0.146745,1,0,16.430790,0.000000
0.660000,4000.000000,-2.126686,12.663690,1,1,2,2,0.791290,0.791290,0.791290,0.000000,0.968156,0.250346,0.000000,0.973183,0.230033,0.027014,-3.699671,0.083511,1,0,16.436760,0.000000
0.670000,4000.000000,-2.164626,12.823690,1,1,2,2,0.802104,0.802104,0.802104,0.000000,0.971458,0.237213,0.000000,0.973036,0.230651,0.199405,-3.793925,-0.001306,1,0,16.443270,0.000000
0.680000,4000.000000,-2.203490,12.983540,1,1,2,2,0.802264,0.802266,0.802265,0.000000,0.971459,0.237209,0.000000,0.972902,0.231216,2.266803,-3.886427,-0.085211,1,0,16.450320,0.000000
0.690000,4000.000000,-2.243078,13.143280,1,1,2,2,0.804052,0.804050,0.804051,0.000000,0.975182,0.221403,0.000000,0.973102,0.230373,4.121386,-3.958742,-0.172179,1,0,16.457670,0.000000
0.700000,4000.000000,-2.283207,13.302970,1,1,2,2,0.799426,0.799426,0.799426,0.000000,0.978541,0.206054,0.000000,0.973594,0.228285,7.194391,-4.012953,-0.261606,1,0,16.465050,0.000000
0.710000,4000.000000,-2.323579,13.462660,1,1,2,2,0.792832,0.792832,0.792832,0.000000,0.978541,0.206054,0.000000,0.974040,0.226376,9.776944,-4.037190,-0.317257,1,0,16.471950,0.000000
0.720000,4000.000000,-2.363941,13.622420,1,1,2,2,0.779925,0.779925,0.779925,0.000000,0.980961,0.194207,0.000000,0.974677,0.223617,13.211710,-4.036227,-0.361462,1,0,16.478210,0.000000
0.730000,4000.000000,-2.403959,13.782330,1,1,2,2,0.762794,0.762794,0.762794,0.000000,0.982128,0.188213,0.000000,0.975369,0.220581,16.665630,-4.001732,-0.376004,1,0,16.483480,0.000000
0.740000,4000.000000,-2.443294,13.942440,1,1,2,2,0.754298,0.754298,0.754298,0.000000,0.982128,0.188213,0.000000,0.975992,0.217804,17.592420,-3.933493,-0.351663,1,0,16.487730,0.000000
0.750000,4000.000000,-2.481855,14.102790,1,1,2,2,0.735855,0.735855,0.735855,0.000000,0.981920,0.189298,0.000000,0.976535,0.215357,19.939450,-3.856166,-0.312539,1,0,16.491660,0.000000
0.760000,4000.000000,-2.519414,14.263410,1,1,2,2,0.720409,0.720409,0.720409,0.000000,0.980842,0.194808,0.000000,0.976923,0.213592,20.872700,-3.755889,-0.238508,1,0,16.495220,0.000000
0.770000,4000.000000,-2.555879,14.424320,1,1,2,2,0.714767,0.714762,0.714765,0.000000,0.980359,0.197221,0.000000,0.977229,0.212185,19.658870,-3.646500,-0.149194,1,0,16.498990,0.000000
0.780000,4000.000000,-2.591369,14.585490,1,1,2,2,0.704647,0.704647,0.704647,0.000000,0.977615,0.210404,0.000000,0.977262,0.212032,19.024120,-3.548995,-0.050947,1,0,16.503270,0.000000
0.790000,4000.000000,-2.625947,14.746910,1,1,2,2,0.704807,0.704807,0.704807,0.000000,0.977614,0.210405,0.000000,0.977293,0.211892,16.694570,-3.457761,0.041098,1,0,16.508100,0.000000
0.800000,4000.000000,-2.659840,14.908530,1,1,2,2,0.704120,0.704114,0.704117,0.000000,0.974075,0.226228,0.000000,0.977024,0.213128,14.517950,-3.389356,0.133023,1,0,16.513270,0.000000
0.810000,4000.000000,-2.693263,15.070300,1,1,2,2,0.709981,0.709981,0.709981,0.000000,0.970388,0.241552,0.000000,0.976486,0.215582,11.189090,-3.342310,0.223750,1,0,16.518690,0.000000
0.820000,4000.000000,-2.726542,15.232150,1,1,2,2,0.716779,0.716778,0.716778,0.000000,0.970388,0.241552,0.000000,0.975988,0.217823,8.614055,-3.327873,0.277612,1,0,16.524090,0.000000
0.830000,4000.000000,-2.759928,15.394040,1,1,2,2,0.730615,0.730612,0.730613,0.000000,0.967379,0.253334,0.000000,0.975298,0.220891,5.062992,-3.338627,0.319773,1,0,16.529320,0.000000
0.840000,4000.000000,-2.793769,15.555880,1,1,2,2,0.748130,0.748130,0.748130,0.000000,0.965822,0.259208,0.000000,0.974542,0.224204,1.630769,-3.384054,0.330647,1,0,16.534190,0.000000
0.850000,4000.000000,-2.828398,15.717600,1,1,2,2,0.756605,0.756604,0.756605,0.000000,0.965822,0.259208,0.000000,0.973841,0.227228,0.803410,-3.462922,0.302446,1,0,16.538800,0.000000
0.860000,4000.000000,-2.863896,15.879180,1,1,2,2,0.774800,0.774800,0.774800,0.000000,0.966147,0.257993,0.000000,0.973218,0.229886,0.000000,-3.549787,0.259866,1,0,16.543720,0.000000
0.870000,4000.000000,-2.900340,16.040610,1,1,2,2,0.791481,0.791481,0.791481,0.000000,0.968262,0.249937,0.000000,0.972807,0.231615,0.000000,-3.644399,0.193607,1,0,16.549040,0.000000
0.880000,4000.000000,-2.937729,16.201890,1,1,2,2,0.795584,0.795584,0.795584,0.000000,0.968262,0.249938,0.000000,0.972430,0.233195,0.000000,-3.738934,0.124924,1,0,16.554910,0.000000
0.890000,4000.000000,-2.976063,16.363000,1,1,2,2,0.805552,0.805552,0.805552,0.000000,0.971593,0.236658,0.000000,0.972358,0.233493,0.000000,-3.833390,0.034512,1,0,16.561320,0.000000
0.900000,4000.000000,-3.015341,16.523960,1,1,2,2,0.809679,0.809679,0.809679,0.000000,0.975321,0.220792,0.000000,0.972619,0.232402,0.786776,-3.927771,-0.079502,1,0,16.568260,0.000000
0.910000,4000.000000,-3.055485,16.684780,1,1,2,2,0.806039,0.806039,0.806039,0.000000,0.975321,0.220792,0.000000,0.972857,0.231404,4.056369,-4.014431,-0.183985,1,0,16.575670,0.000000
0.920000,4000.000000,-3.096177,16.845540,1,1,2,2,0.800146,0.800146,0.800146,0.000000,0.978652,0.205527,0.000000,0.973383,0.229183,7.436658,-4.069218,-0.276561,1,0,16.583010,0.000000
0.930000,4000.000000,-3.137088,17.006320,1,1,2,2,0.766433,0.766434,0.766434,0.000000,0.990762,0.135613,0.000000,0.975228,0.221199,17.443450,-4.091044,-0.433381,1,0,16.589790,0.000000
0.940000,4000.000000,-3.177239,17.167320,1,1,2,2,0.779934,0.779934,0.779934,0.000000,0.981028,0.193868,0.000000,0.975757,0.218853,14.038520,-4.015153,-0.394179,1,0,16.593540,0.000000
0.950000,4000.000000,-3.216964,17.328480,1,1,2,2,0.762897,0.762897,0.762897,0.000000,0.982144,0.188132,0.000000,0.976345,0.216218,17.107260,-3.972460,-0.394028,1,0,16.597920,0.000000
0.960000,4000.000000,-3.255961,17.489850,1,1,2,2,0.754954,0.754954,0.754954,0.000000,0.982144,0.188132,0.000000,0.976876,0.213807,17.676550,-3.899762,-0.359402,1,0,16.601430,0.000000
0.970000,4000.000000,-3.294176,17.651440,1,1,2,2,0.737122,0.737121,0.737121,0.000000,0.981887,0.189468,0.000000,0.977331,0.211717,19.748330,-3.821476,-0.313702,1,0,16.604750,0.000000
0.980000,4000.000000,-3.331405,17.813290,1,1,2,2,0.721107,0.721107,0.721107,0.000000,0.980278,0.197626,0.000000,0.977592,0.210507,20.601440,-3.722928,-0.232423,1,0,16.607810,0.000000
0.990000,4000.000000,-3.367566,17.975420,1,1,2,2,0.717703,0.717704,0.717704,0.000000,0.980278,0.197626,0.000000,0.977830,0.209400,18.929420,-3.616067,-0.140943,1,0,16.611180,0.000000
1.000000,4000.000000,-3.402822,18.137780,1,1,2,2,0.708979,0.708979,0.708979,0.000000,0.977494,0.210964,0.000000,0.977801,0.209534,18.105390,-3.525591,-0.045178,1,0,16.615080,0.000000
1.010000,4000.000000,-3.437254,18.300370,1,1,2,2,0.706427,0.706427,0.706427,0.000000,0.973933,0.226836,0.000000,0.977480,0.211026,15.798540,-3.443246,0.065350,1,0,16.619510,0.000000
1.020000,4000.000000,-3.471090,18.463140,1,1,2,2,0.710389,0.710388,0.710389,0.000000,0.973933,0.226835,0.000000,0.977185,0.212389,12.951780,-3.383565,0.150576,1,0,16.624450,0.000000
1.030000,4000.000000,-3.504608,18.626020,1,1,2,2,0.717571,0.717571,0.717571,0.000000,0.970258,0.242074,0.000000,0.976624,0.214952,9.724268,-3.351789,0.227743,1,0,16.629490,0.000000
1.040000,4000.000000,-3.538124,18.788950,1,1,2,2,0.730457,0.730457,0.730457,0.000000,0.967293,0.253663,0.000000,0.975882,0.218298,5.940838,-3.351621,0.286014,1,0,16.634460,0.000000
1.050000,4000.000000,-3.572008,18.951860,1,1,2,2,0.739002,0.738992,0.738997,0.000000,0.967291,0.253670,0.000000,0.975193,0.221355,4.007359,-3.388434,0.301593,1,0,16.639140,0.000000
1.060000,4000.000000,-3.606449,19.114690,1,1,2,2,0.756672,0.756672,0.756672,0.000000,0.965799,0.259294,0.000000,0.974443,0.224634,0.814393,-3.444105,0.301756,1,0,16.643790,0.000000
1.070000,4000.000000,-3.641758,19.277390,1,1,2,2,0.775516,0.775516,0.775516,0.000000,0.966193,0.257820,0.000000,0.973778,0.227501,0.000000,-3.530864,0.263070,1,0,16.648310,0.000000
1.080000,4000.000000,-3.678013,19.439930,1,1,2,2,0.782391,0.782391,0.782391,0.000000,0.966193,0.257820,0.000000,0.973162,0.230120,0.000000,-3.625483,0.212134,1,0,16.653230,0.000000
1.090000,4000.000000,-3.715213,19.602310,1,1,2,2,0.797966,0.797966,0.797966,0.000000,0.968371,0.249514,0.000000,0.972765,0.231793,0.000000,-3.720019,0.145148,1,0,16.658680,0.000000
1.100000,4000.000000,-3.753358,19.764530,1,1,2,2,0.803658,0.803658,0.803658,0.000000,0.975939,0.218045,0.000000,0.973046,0.230611,0.000000,-3.814477,0.029371,1,0,16.664680,0.000000
1.110000,4000.000000,-3.792447,19.926600,1,1,2,2,0.809874,0.809874,0.809874,0.000000,0.971733,0.236083,0.000000,0.972934,0.231082,0.218290,-3.908865,-0.058042,1,0,16.671220,0.000000
1.120000,4000.000000,-3.832457,20.088510,1,1,2,2,0.812181,0.812181,0.812181,0.000000,0.975455,0.220201,0.000000,0.973156,0.230147,2.536353,-4.001054,-0.167288,1,0,16.678270,0.000000
1.130000,4000.000000,-3.873163,20.250320,1,1,2,2,0.857451,0.857451,0.857451,0.000000,0.990651,0.136424,0.000000,0.975012,0.222150,0.000000,-4.070616,-0.374210,1,0,16.685490,0.000000
1.140000,4000.000000,-3.914812,20.411980,1,1,2,2,0.800152,0.800152,0.800152,0.000000,0.978759,0.205014,0.000000,0.975346,0.220678,12.909890,-4.164833,-0.494765,1,0,16.693470,0.000000
1.150000,4000.000000,-3.956142,20.573760,1,1,2,2,0.786847,0.786847,0.786847,0.000000,0.981094,0.193532,0.000000,0.975871,0.218348,15.461620,-4.133066,-0.500832,1,0,16.697920,0.000000
1.160000,4000.000000,-3.996906,20.735720,1,1,2,2,0.778201,0.778201,0.778201,0.000000,0.981094,0.193533,0.000000,0.976345,0.216218,16.451770,-4.076360,-0.478003,1,0,16.701430,0.000000
1.170000,4000.000000,-4.037005,20.897880,1,1,2,2,0.760445,0.760445,0.760445,0.000000,0.982159,0.188051,0.000000,0.976877,0.213800,18.958910,-4.009964,-0.450237,1,0,16.704560,0.000000
1.180000,4000.000000,-4.076196,21.060290,1,1,2,2,0.741655,0.741655,0.741655,0.000000,0.981850,0.189660,0.000000,0.977329,0.211727,20.878750,-3.919048,-0.391564,1,0,16.707010,0.000000
1.190000,4000.000000,-4.114289,21.222990,1,1,2,2,0.735110,0.735110,0.735110,0.000000,0.981850,0.189660,0.000000,0.977737,0.209832,20.040250,-3.809359,-0.310738,1,0,16.709260,0.000000
1.200000,4000.000000,-4.151368,21.385940,1,1,2,2,0.720190,0.720190,0.720190,0.000000,0.980193,0.198044,0.000000,0.977954,0.208819,20.542760,-3.707874,-0.223329,1,0,16.711970,0.000000
1.210000,4000.000000,-4.187383,21.549170,1,1,2,2,0.709855,0.709855,0.709855,0.000000,0.977370,0.211538,0.000000,0.977904,0.209053,19.560920,-3.601511,-0.109667,1,0,16.715090,0.000000
1.220000,4000.000000,-4.222432,21.712640,1,1,2,2,0.710181,0.710181,0.710181,0.000000,0.977370,0.211539,0.000000,0.977858,0.209267,16.916430,-3.504841,-0.006247,1,0,16.718970,0.000000
1.230000,4000.000000,-4.256773,21.876310,1,1,2,2,0.709483,0.709483,0.709483,0.000000,0.973793,0.227438,0.000000,0.977521,0.210834,14.537660,-3.434112,0.093798,1,0,16.723360,0.000000
1.240000,4000.000000,-4.290640,22.040130,1,1,2,2,0.715437,0.715437,0.715437,0.000000,0.970128,0.242593,0.000000,0.976926,0.213577,11.051190,-3.386742,0.190151,1,0,16.728110,0.000000
1.250000,4000.000000,-4.324376,22.204020,1,1,2,2,0.722462,0.722462,0.722462,0.000000,0.970128,0.242594,0.000000,0.976375,0.216082,8.345112,-3.373544,0.247600,1,0,16.732940,0.000000
1.260000,4000.000000,-4.358244,22.367930,1,1,2,2,0.736425,0.736425,0.736425,0.000000,0.967206,0.253994,0.000000,0.975644,0.219359,4.732934,-3.386829,0.291263,1,0,16.737670,0.000000
1.270000,4000.000000,-4.392598,22.531790,1,1,2,2,0.754105,0.754105,0.754105,0.000000,0.965778,0.259372,0.000000,0.974859,0.222818,1.273523,-3.435395,0.302038,1,0,16.742110,0.000000
1.280000,4000.000000,-4.427774,22.695520,1,1,2,2,0.762599,0.762598,0.762598,0.000000,0.965777,0.259373,0.000000,0.974132,0.225977,0.458746,-3.517673,0.273192,1,0,16.746370,0.000000
1.290000,4000.000000,-4.463853,22.859100,1,1,2,2,0.780801,0.780801,0.780801,0.000000,0.966243,0.257631,0.000000,0.973494,0.228712,0.000000,-3.607822,0.229037,1,0,16.750980,0.000000
1.300000,4000.000000,-4.500876,23.022520,1,1,2,2,0.811305,0.811305,0.811305,0.000000,0.954738,0.297450,0.000000,0.972073,0.234679,0.000000,-3.702361,0.236132,1,0,16.756060,0.000000
1.310000,4000.000000,-4.538845,23.185780,1,1,2,2,0.801334,0.801324,0.801329,0.000000,0.968479,0.249096,0.000000,0.971772,0.235921,0.000000,-3.796805,0.162019,1,0,16.761680,0.000000
1.320000,4000.000000,-4.577756,23.348880,1,1,2,2,0.811036,0.811036,0.811036,0.000000,0.971872,0.235511,0.000000,0.971780,0.235886,0.000000,-3.891171,0.065955,1,0,16.767830,0.000000
1.330000,4000.000000,-4.617611,23.511820,1,1,2,2,0.803017,0.803017,0.803017,0.000000,0.982620,0.185630,0.000000,0.972815,0.231583,2.591722,-3.985464,-0.103660,1,0,16.774520,0.000000
1.340000,4000.000000,-4.658156,23.674660,1,1,2,2,0.810967,0.810966,0.810966,0.000000,0.975591,0.219596,0.000000,0.973059,0.230553,3.343263,-4.054485,-0.190860,1,0,16.781450,0.000000
1.350000,4000.000000,-4.699317,23.837420,1,1,2,2,0.804643,0.804643,0.804643,0.000000,0.978863,0.204517,0.000000,0.973586,0.228319,6.997087,-4.116137,-0.291276,1,0,16.788520,0.000000
1.360000,4000.000000,-4.740739,24.000190,1,1,2,2,0.797393,0.797387,0.797390,0.000000,0.978867,0.204501,0.000000,0.974064,0.226274,9.821523,-4.142156,-0.351846,1,0,16.794990,0.000000
1.370000,4000.000000,-4.782145,24.163010,1,1,2,2,0.782931,0.782937,0.782934,0.000000,0.981159,0.193204,0.000000,0.974718,0.223437,13.579110,-4.140615,-0.397811,1,0,16.800740,0.000000
1.380000,4000.000000,-4.823169,24.325980,1,1,2,2,0.764692,0.764692,0.764692,0.000000,0.982175,0.187972,0.000000,0.975410,0.220396,17.167630,-4.102395,-0.409740,1,0,16.805350,0.000000
1.390000,4000.000000,-4.863460,24.489170,1,1,2,2,0.755795,0.755795,0.755795,0.000000,0.982174,0.187972,0.000000,0.976035,0.217614,18.065400,-4.029116,-0.381343,1,0,16.808880,0.000000
1.400000,4000.000000,-4.902930,24.652590,1,1,2,2,0.737079,0.737079,0.737079,0.000000,0.981813,0.189853,0.000000,0.976563,0.215232,20.335110,-3.947033,-0.337168,1,0,16.812100,0.000000
1.410000,4000.000000,-4.941358,24.816290,1,1,2,2,0.720469,0.720469,0.720469,0.000000,0.980103,0.198491,0.000000,0.976879,0.213793,21.251670,-3.842761,-0.254119,1,0,16.814980,0.000000
1.420000,4000.000000,-4.978653,24.980280,1,1,2,2,0.716461,0.716469,0.716465,0.000000,0.980104,0.198483,0.000000,0.977166,0.212477,19.619500,-3.729555,-0.159887,1,0,16.818170,0.000000
1.430000,4000.000000,-5.014977,25.144540,1,1,2,2,0.707616,0.707617,0.707616,0.000000,0.977248,0.212098,0.000000,0.977173,0.212445,18.714930,-3.632329,-0.059990,1,0,16.821940,0.000000
1.440000,4000.000000,-5.050416,25.309020,1,1,2,2,0.705191,0.705191,0.705191,0.000000,0.973655,0.228026,0.000000,0.976880,0.213788,16.287110,-3.544016,0.054470,1,0,16.826270,0.000000
1.450000,4000.000000,-5.085212,25.473700,1,1,2,2,0.708859,0.708858,0.708858,0.000000,0.973655,0.228027,0.000000,0.976611,0.215015,13.420680,-3.479537,0.142616,1,0,16.831150,0.000000
1.460000,4000.000000,-5.119643,25.638500,1,1,2,2,0.716336,0.716336,0.716336,0.000000,0.970002,0.243099,0.000000,0.976074,0.217439,10.067010,-3.443140,0.222712,1,0,16.836160,0.000000
1.470000,4000.000000,-5.154039,25.803360,1,1,2,2,0.729491,0.729491,0.729491,0.000000,0.967120,0.254322,0.000000,0.975358,0.220627,6.198272,-3.439569,0.282468,1,0,16.841100,0.000000
1.480000,4000.000000,-5.188777,25.968200,1,1,2,2,0.737814,0.737813,0.737814,0.000000,0.967119,0.254323,0.000000,0.974695,0.223538,4.284364,-3.473795,0.298838,1,0,16.845750,0.000000
1.490000,4000.000000,-5.224044,26.132970,1,1,2,2,0.755533,0.755533,0.755533,0.000000,0.965761,0.259434,0.000000,0.973978,0.226640,1.071855,-3.526680,0.299477,1,0,16.850360,0.000000
1.500000,4000.000000,-5.260152,26.297610,1,1,2,2,0.774121,0.774121,0.774121,0.000000,0.966302,0.257412,0.000000,0.973356,0.229298,0.000000,-3.610832,0.260420,1,0,16.854820,0.000000
1.510000,4000.000000,-5.297206,26.462080,1,1,2,2,0.780654,0.780655,0.780654,0.000000,0.966302,0.257412,0.000000,0.972781,0.231725,0.000000,-3.705349,0.206787,1,0,16.859620,0.000000
1.520000,4000.000000,-5.335204,26.626390,1,1,2,2,0.795506,0.795506,0.795506,0.000000,0.968590,0.248662,0.000000,0.972432,0.233186,0.000000,-3.799784,0.136524,1,0,16.864960,0.000000
1.530000,4000.000000,-5.374145,26.790540,1,1,2,2,0.806065,0.806065,0.806065,0.000000,0.972009,0.234942,0.000000,0.972396,0.233337,0.000000,-3.894140,0.043645,1,0,16.870840,0.000000
1.540000,4000.000000,-5.414029,26.954540,1,1,2,2,0.805827,0.805827,0.805827,0.000000,0.972009,0.234942,0.000000,0.972362,0.233475,0.724593,-3.988420,-0.049382,1,0,16.877240,0.000000
1.550000,4000.000000,-5.454785,27.118390,1,1,2,2,0.806802,0.806802,0.806802,0.000000,0.975723,0.219007,0.000000,0.972660,0.232232,3.294337,-4.075581,-0.159072,1,0,16.884120,0.000000
1.560000,4000.000000,-5.496161,27.282150,1,1,2,2,0.801074,0.801074,0.801074,0.000000,0.978973,0.203990,0.000000,0.973236,0.229809,6.941435,-4.137680,-0.263492,1,0,16.891070,0.000000
1.570000,4000.000000,-5.537804,27.445910,1,1,2,2,0.793720,0.793719,0.793720,0.000000,0.978973,0.203989,0.000000,0.973756,0.227592,9.878220,-4.164224,-0.327808,1,0,16.897500,0.000000
1.580000,4000.000000,-5.579425,27.609740,1,1,2,2,0.779642,0.779642,0.779642,0.000000,0.981221,0.192889,0.000000,0.974447,0.224616,13.621940,-4.162120,-0.375928,1,0,16.903210,0.000000
1.590000,4000.000000,-5.620660,27.773710,1,1,2,2,0.761517,0.761517,0.761517,0.000000,0.982187,0.187908,0.000000,0.975167,0.221469,17.233110,-4.123479,-0.389592,1,0,16.907830,0.000000
1.600000,4000.000000,-5.661156,27.937910,1,1,2,2,0.752598,0.752589,0.752594,0.000000,0.982185,0.187916,0.000000,0.975817,0.218591,18.168680,-4.049564,-0.362510,1,0,16.911390,0.000000
1.610000,4000.000000,-5.700820,28.102340,1,1,2,2,0.733767,0.733767,0.733767,0.000000,0.981769,0.190076,0.000000,0.976361,0.216143,20.466830,-3.966475,-0.318668,1,0,16.914640,0.000000
1.620000,4000.000000,-5.739429,28.267050,1,1,2,2,0.698439,0.698439,0.698439,0.000000,0.974305,0.225232,0.000000,0.976188,0.216927,23.756390,-3.860920,-0.195960,1,0,16.917560,0.000000
1.630000,4000.000000,-5.776663,28.432120,1,1,2,2,0.713181,0.713181,0.713181,0.000000,0.980018,0.198909,0.000000,0.976530,0.215379,18.228020,-3.723368,-0.080834,1,0,16.921210,0.000000
1.640000,4000.000000,-5.813062,28.597410,1,1,2,2,0.704031,0.704031,0.704031,0.000000,0.977123,0.212673,0.000000,0.976581,0.215146,17.812740,-3.639832,0.001676,1,0,16.925560,0.000000
1.650000,4000.000000,-5.848666,28.762930,1,1,2,2,0.713477,0.713477,0.713477,0.000000,0.971825,0.235704,0.000000,0.976189,0.216919,13.281950,-3.560408,0.114747,1,0,16.930280,0.000000
1.660000,4000.000000,-5.883919,28.928570,1,1,2,2,0.704729,0.704735,0.704732,0.000000,0.973515,0.228623,0.000000,0.975965,0.217927,13.492390,-3.525337,0.169204,1,0,16.935250,0.000000
1.670000,4000.000000,-5.918802,29.094340,1,1,2,2,0.711582,0.711582,0.711582,0.000000,0.969872,0.243617,0.000000,0.975467,0.220145,10.315900,-3.488265,0.246749,1,0,16.940460,0.000000
1.680000,4000.000000,-5.953624,29.260180,1,1,2,2,0.756825,0.756825,0.756825,0.000000,0.982163,0.188033,0.000000,0.976085,0.217390,3.192175,-3.482266,0.206186,1,0,16.945550,0.000000
1.690000,4000.000000,-5.989082,29.425920,1,1,2,2,0.732204,0.732205,0.732204,0.000000,0.967037,0.254636,0.000000,0.975362,0.220609,7.818865,-3.545751,0.198108,1,0,16.949590,0.000000
1.700000,4000.000000,-6.024723,29.591680,1,1,2,2,0.749719,0.749719,0.749719,0.000000,0.965744,0.259496,0.000000,0.974596,0.223971,3.638592,-3.564070,0.238915,1,0,16.954410,0.000000
1.710000,4000.000000,-6.060954,29.757350,1,1,2,2,0.805171,0.805171,0.805171,0.000000,0.981849,0.189663,0.000000,0.975267,0.221028,0.000000,-3.623163,0.128322,1,0,16.959010,0.000000
1.720000,4000.000000,-6.098131,29.922870,1,1,2,2,0.775222,0.775221,0.775221,0.000000,0.966360,0.257195,0.000000,0.974554,0.224154,2.847214,-3.717682,0.086933,1,0,16.963590,0.000000
1.730000,4000.000000,-6.135974,30.088280,1,1,2,2,0.790733,0.790733,0.790733,0.000000,0.968700,0.248236,0.000000,0.974073,0.226232,0.825516,-3.784368,0.055929,1,0,16.968720,0.000000
1.740000,4000.000000,-6.174681,30.253550,1,1,2,2,0.794260,0.794260,0.794260,0.000000,0.968700,0.248236,0.000000,0.973630,0.228130,1.542757,-3.870700,0.001674,1,0,16.974190,0.000000
1.750000,4000.000000,-6.214181,30.418690,1,1,2,2,0.802429,0.802430,0.802429,0.000000,0.972147,0.234372,0.000000,0.973504,0.228668,1.838824,-3.949977,-0.069041,1,0,16.980080,0.000000
1.760000,4000.000000,-6.254444,30.583710,1,1,2,2,0.804459,0.804459,0.804459,0.000000,0.975856,0.218416,0.000000,0.973711,0.227787,3.786219,-4.026310,-0.161469,1,0,16.986320,0.000000
1.770000,4000.000000,-6.295280,30.748660,1,1,2,2,0.800636,0.800637,0.800637,0.000000,0.975856,0.218416,0.000000,0.973899,0.226981,6.265763,-4.083620,-0.233057,1,0,16.992620,0.000000
1.780000,4000.000000,-6.336448,30.913590,1,1,2,2,0.793001,0.793001,0.793001,0.000000,0.979076,0.203493,0.000000,0.974367,0.224965,9.341897,-4.116731,-0.300940,1,0,16.998670,0.000000
1.790000,4000.000000,-6.377646,31.078560,1,1,2,2,0.779712,0.779712,0.779712,0.000000,0.981281,0.192584,0.000000,0.975004,0.222187,12.999610,-4.119820,-0.351322,1,0,17.004070,0.000000
1.800000,4000.000000,-6.418518,31.243660,1,1,2,2,0.771403,0.771403,0.771403,0.000000,0.981281,0.192584,0.000000,0.975579,0.219647,14.742650,-4.087192,-0.360992,1,0,17.008470,0.000000
1.810000,4000.000000,-6.458893,31.408920,1,1,2,2,0.753541,0.753540,0.753541,0.000000,0.982196,0.187859,0.000000,0.976189,0.216920,17.852170,-4.037519,-0.356521,1,0,17.012280,0.000000
1.820000,4000.000000,-6.498468,31.574410,1,1,2,2,0.734926,0.734926,0.734926,0.000000,0.981729,0.190287,0.000000,0.976694,0.214633,20.127560,-3.957447,-0.313317,1,0,17.015290,0.000000
1.830000,4000.000000,-6.537019,31.740170,1,1,2,2,0.728601,0.728621,0.728611,0.000000,0.981726,0.190302,0.000000,0.977151,0.212544,19.535890,-3.855132,-0.244002,1,0,17.018000,0.000000
1.840000,4000.000000,-6.574605,31.906170,1,1,2,2,0.714363,0.714365,0.714364,0.000000,0.979927,0.199357,0.000000,0.977397,0.211411,20.104000,-3.758594,-0.164050,1,0,17.020980,0.000000
1.850000,4000.000000,-6.611170,32.072440,1,1,2,2,0.705095,0.705095,0.705095,0.000000,0.976998,0.213248,0.000000,0.977363,0.211569,19.071070,-3.656533,-0.056010,1,0,17.024280,0.000000
1.860000,4000.000000,-6.646817,32.238950,1,1,2,2,0.705776,0.705776,0.705776,0.000000,0.976998,0.213248,0.000000,0.977331,0.211713,16.513350,-3.564653,0.041383,1,0,17.028240,0.000000
1.870000,4000.000000,-6.681795,32.405650,1,1,2,2,0.706450,0.706450,0.706450,0.000000,0.973375,0.229218,0.000000,0.977003,0.213222,14.000770,-3.497848,0.136908,1,0,17.032560,0.000000
1.880000,4000.000000,-6.716352,32.572480,1,1,2,2,0.713795,0.713795,0.713795,0.000000,0.969752,0.244094,0.000000,0.976418,0.215888,10.408860,-3.455691,0.227465,1,0,17.037130,0.000000
1.890000,4000.000000,-6.750839,32.739360,1,1,2,2,0.721075,0.721086,0.721081,0.000000,0.969744,0.244124,0.000000,0.975876,0.218326,7.825331,-3.448711,0.278140,1,0,17.041650,0.000000
1.900000,4000.000000,-6.785509,32.906260,1,1,2,2,0.736084,0.736094,0.736089,0.000000,0.966963,0.254918,0.000000,0.975163,0.221488,4.178076,-3.466996,0.315691,1,0,17.046020,0.000000
1.910000,4000.000000,-6.820718,33.073090,1,1,2,2,0.754335,0.754335,0.754335,0.000000,0.965735,0.259529,0.000000,0.974410,0.224777,0.802005,-3.520877,0.319070,1,0,17.050050,0.000000
1.920000,4000.000000,-6.856794,33.239770,1,1,2,2,0.762732,0.762744,0.762738,0.000000,0.965735,0.259530,0.000000,0.973712,0.227780,0.163774,-3.607633,0.283821,1,0,17.053900,0.000000
1.930000,4000.000000,-6.893800,33.406280,1,1,2,2,0.780688,0.780709,0.780698,0.000000,0.966419,0.256973,0.000000,0.973119,0.230301,0.000000,-3.700530,0.233891,1,0,17.058150,0.000000
1.940000,4000.000000,-6.931749,33.572640,1,1,2,2,0.796382,0.796382,0.796382,0.000000,0.968816,0.247783,0.000000,0.972761,0.231808,0.000000,-3.794940,0.164679,1,0,17.062900,0.000000
1.950000,4000.000000,-6.970642,33.738830,1,1,2,2,0.799889,0.799900,0.799895,0.000000,0.968816,0.247781,0.000000,0.972432,0.233185,0.000000,-3.889269,0.093288,1,0,17.068180,0.000000
1.960000,4000.000000,-7.010477,33.904860,1,1,2,2,0.807945,0.807955,0.807950,0.000000,0.972289,0.233783,0.000000,0.972420,0.233237,0.000000,-3.983519,-0.001277,1,0,17.073980,0.000000
1.970000,4000.000000,-7.051254,34.070720,1,1,2,2,0.809638,0.809638,0.809638,0.000000,0.975994,0.217797,0.000000,0.972737,0.231910,1.806714,-4.077693,-0.119963,1,0,17.080310,0.000000
1.980000,4000.000000,-7.092796,34.236460,1,1,2,2,0.805189,0.805199,0.805194,0.000000,0.975987,0.217827,0.000000,0.973025,0.230700,5.072464,-4.154223,-0.218479,1,0,17.086940,0.000000
1.990000,4000.000000,-7.134785,34.402160,1,1,2,2,0.796846,0.796853,0.796849,0.000000,0.979180,0.202995,0.000000,0.973585,0.228323,8.737601,-4.198915,-0.304784,1,0,17.093360,0.000000
2.000000,4000.000000,-7.176864,34.567890,1,1,2,2,0.782744,0.782744,0.782744,0.000000,0.981334,0.192310,0.000000,0.974304,0.225235,12.836110,-4.207866,-0.366884,1,0,17.099040,0.000000
2.010000,4000.000000,-7.218632,34.733750,1,1,2,2,0.773650,0.773658,0.773654,0.000000,0.981340,0.192279,0.000000,0.974954,0.222408,14.891810,-4.176825,-0.383409,1,0,17.103600,0.000000
2.020000,4000.000000,-7.259889,34.899770,1,1,2,2,0.755007,0.755014,0.755011,0.000000,0.982206,0.187810,0.000000,0.975626,0.219440,18.215800,-4.125691,-0.381873,1,0,17.107430,0.000000
2.030000,4000.000000,-7.300309,35.066030,1,1,2,2,0.735672,0.735672,0.735672,0.000000,0.981685,0.190513,0.000000,0.976181,0.216958,20.621500,-4.042077,-0.338641,1,0,17.110360,0.000000
2.040000,4000.000000,-7.339659,35.232570,1,1,2,2,0.728785,0.728794,0.728789,0.000000,0.981685,0.190513,0.000000,0.976683,0.214688,20.091900,-3.934952,-0.267707,1,0,17.112940,0.000000
2.050000,4000.000000,-7.377989,35.399380,1,1,2,2,0.714028,0.714035,0.714032,0.000000,0.979839,0.199790,0.000000,0.976963,0.213407,20.678860,-3.832987,-0.184820,1,0,17.115790,0.000000
2.060000,4000.000000,-7.415242,35.566470,1,1,2,2,0.704391,0.704391,0.704391,0.000000,0.976869,0.213840,0.000000,0.976955,0.213445,19.620350,-3.725316,-0.073074,1,0,17.118990,0.000000
2.070000,4000.000000,-7.451523,35.733810,1,1,2,2,0.704714,0.704722,0.704718,0.000000,0.976869,0.213838,0.000000,0.976948,0.213479,17.036120,-3.628072,0.027941,1,0,17.122900,0.000000
2.080000,4000.000000,-7.487084,35.901360,1,1,2,2,0.705211,0.705221,0.705216,0.000000,0.973234,0.229819,0.000000,0.976639,0.214888,14.463270,-3.556151,0.127146,1,0,17.127230,0.000000
2.090000,4000.000000,-7.522179,36.069040,1,1,2,2,0.712475,0.712475,0.712475,0.000000,0.969625,0.244597,0.000000,0.976071,0.217453,10.807780,-3.509461,0.220878,1,0,17.131830,0.000000
2.100000,4000.000000,-7.557165,36.236800,1,1,2,2,0.719561,0.719567,0.719564,0.000000,0.969624,0.244599,0.000000,0.975546,0.219796,8.194161,-3.498561,0.274176,1,0,17.136410,0.000000
2.110000,4000.000000,-7.592297,36.404570,1,1,2,2,0.734544,0.734552,0.734548,0.000000,0.966888,0.255202,0.000000,0.974851,0.222855,4.495461,-3.513215,0.313968,1,0,17.140830,0.000000
2.120000,4000.000000,-7.627936,36.572270,1,1,2,2,0.752713,0.752713,0.752713,0.000000,0.965727,0.259562,0.000000,0.974121,0.226028,1.096497,-3.563959,0.318853,1,0,17.144910,0.000000
2.130000,4000.000000,-7.664414,36.739840,1,1,2,2,0.760970,0.760980,0.760975,0.000000,0.965719,0.259590,0.000000,0.973443,0.228928,0.447328,-3.647795,0.285067,1,0,17.148780,0.000000
2.140000,4000.000000,-7.701793,36.907250,1,1,2,2,0.778758,0.778768,0.778763,0.000000,0.966472,0.256771,0.000000,0.972875,0.231332,0.000000,-3.737880,0.236191,1,0,17.153020,0.000000
2.150000,4000.000000,-7.740116,37.074490,1,1,2,2,0.794197,0.794197,0.794197,0.000000,0.968936,0.247311,0.000000,0.972546,0.232709,0.000000,-3.832241,0.164863,1,0,17.157720,0.000000
2.160000,4000.000000,-7.779381,37.241570,1,1,2,2,0.797464,0.797474,0.797469,0.000000,0.968929,0.247339,0.000000,0.972243,0.233971,0.000000,-3.926521,0.091587,1,0,17.162940,0.000000
2.170000,4000.000000,-7.819588,37.408480,1,1,2,2,0.805089,0.805098,0.805093,0.000000,0.972433,0.233184,0.000000,0.972260,0.233903,0.000000,-4.020722,-0.005058,1,0,17.168680,0.000000
2.180000,4000.000000,-7.860737,37.575230,1,1,2,2,0.806253,0.806253,0.806253,0.000000,0.976122,0.217222,0.000000,0.972603,0.232470,2.559157,-4.114849,-0.125741,1,0,17.174950,0.000000
2.190000,4000.000000,-7.902577,37.741870,1,1,2,2,0.801624,0.801634,0.801629,0.000000,0.976123,0.217220,0.000000,0.972916,0.231160,5.716115,-4.184014,-0.218602,1,0,17.181420,0.000000
2.200000,4000.000000,-7.944801,37.908480,1,1,2,2,0.792870,0.792879,0.792874,0.000000,0.979279,0.202514,0.000000,0.973496,0.228702,9.335505,-4.222405,-0.300116,1,0,17.187630,0.000000
2.210000,4000.000000,-7.987056,38.075130,1,1,2,2,0.778447,0.778447,0.778447,0.000000,0.981397,0.191990,0.000000,0.974230,0.225554,13.376320,-4.225505,-0.357584,1,0,17.193090,0.000000
2.220000,4000.000000,-8.028948,38.241930,1,1,2,2,0.769372,0.769380,0.769376,0.000000,0.981397,0.191990,0.000000,0.974892,0.222675,15.323540,-4.189178,-0.369900,1,0,17.197450,0.000000
2.230000,4000.000000,-8.070286,38.408900,1,1,2,2,0.750665,0.750684,0.750675,0.000000,0.982209,0.187792,0.000000,0.975571,0.219684,18.568160,-4.133816,-0.364769,1,0,17.201130,0.000000
2.240000,4000.000000,-8.110753,38.576110,1,1,2,2,0.731504,0.731504,0.731504,0.000000,0.981635,0.190768,0.000000,0.976126,0.217202,20.861030,-4.046750,-0.318241,1,0,17.203980,0.000000
2.250000,4000.000000,-8.150126,38.743610,1,1,2,2,0.724806,0.724813,0.724810,0.000000,0.981641,0.190736,0.000000,0.976629,0.214930,20.244310,-3.937276,-0.245172,1,0,17.206540,0.000000
2.260000,4000.000000,-8.188463,38.911380,1,1,2,2,0.710500,0.710507,0.710503,0.000000,0.979747,0.200241,0.000000,0.976906,0.213668,20.707370,-3.833814,-0.160581,1,0,17.209400,0.000000
2.270000,4000.000000,-8.225721,39.079430,1,1,2,2,0.701486,0.701486,0.701486,0.000000,0.976743,0.214413,0.000000,0.976892,0.213732,19.517970,-3.725857,-0.048085,1,0,17.212650,0.000000
2.280000,4000.000000,-8.262017,39.247720,1,1,2,2,0.702097,0.702107,0.702102,0.000000,0.976744,0.214411,0.000000,0.976879,0.213791,16.896620,-3.629608,0.052329,1,0,17.216580,0.000000
2.290000,4000.000000,-8.297607,39.416210,1,1,2,2,0.703314,0.703325,0.703320,0.000000,0.973090,0.230425,0.000000,0.976564,0.215225,14.214790,-3.559044,0.150711,1,0,17.220880,0.000000
2.300000,4000.000000,-8.332755,39.584840,1,1,2,2,0.711265,0.711265,0.711265,0.000000,0.969498,0.245101,0.000000,0.975992,0.217805,10.485450,-3.514773,0.242451,1,0,17.225400,0.000000
2.310000,4000.000000,-8.367826,39.753530,1,1,2,2,0.718603,0.718613,0.718608,0.000000,0.969505,0.245072,0.000000,0.975464,0.220158,7.896729,-3.507007,0.292926,1,0,17.229840,0.000000
2.320000,4000.000000,-8.403071,39.922230,1,1,2,2,0.734072,0.734084,0.734078,0.000000,0.966805,0.255516,0.000000,0.974769,0.223214,4.179524,-3.524545,0.329958,1,0,17.234090,0.000000
2.330000,4000.000000,-8.438855,40.090850,1,1,2,2,0.752551,0.752551,0.752551,0.000000,0.965719,0.259591,0.000000,0.974044,0.226358,0.809219,-3.578348,0.331478,1,0,17.237960,0.000000
2.340000,4000.000000,-8.475505,40.259330,1,1,2,2,0.797219,0.797208,0.797213,0.000000,0.978308,0.207154,0.000000,0.974426,0.224708,0.000000,-3.664955,0.214569,1,0,17.241620,0.000000
2.350000,4000.000000,-8.513099,40.427640,1,1,2,2,0.778617,0.778630,0.778623,0.000000,0.966539,0.256520,0.000000,0.973788,0.227456,0.214383,-3.759380,0.167451,1,0,17.245650,0.000000
2.360000,4000.000000,-8.551615,40.595790,1,1,2,2,0.793750,0.793750,0.793750,0.000000,0.969049,0.246870,0.000000,0.973396,0.229130,0.000000,-3.851633,0.103599,1,0,17.250210,0.000000
2.370000,4000.000000,-8.591074,40.763770,1,1,2,2,0.796454,0.796454,0.796454,0.000000,0.977876,0.209187,0.000000,0.973797,0.227418,1.749423,-3.945894,-0.022327,1,0,17.255270,0.000000
2.380000,4000.000000,-8.631305,40.931620,1,1,2,2,0.804217,0.804226,0.804222,0.000000,0.972562,0.232644,0.000000,0.973692,0.227868,2.101142,-4.023050,-0.092366,1,0,17.260750,0.000000
2.390000,4000.000000,-8.672272,41.099360,1,1,2,2,0.805121,0.805121,0.805121,0.000000,0.976257,0.216615,0.000000,0.973918,0.226901,4.231066,-4.096719,-0.183948,1,0,17.266540,0.000000
2.400000,4000.000000,-8.713768,41.267020,1,1,2,2,0.799214,0.799214,0.799214,0.000000,0.979379,0.202031,0.000000,0.974413,0.224766,7.572547,-4.149584,-0.274884,1,0,17.272320,0.000000
2.410000,4000.000000,-8.755466,41.434690,1,1,2,2,0.792232,0.792241,0.792236,0.000000,0.979379,0.202034,0.000000,0.974861,0.222814,10.188950,-4.169832,-0.329124,1,0,17.277560,0.000000
2.420000,4000.000000,-8.797112,41.602420,1,1,2,2,0.778127,0.778127,0.778127,0.000000,0.981453,0.191702,0.000000,0.975467,0.220145,13.753990,-4.164529,-0.369904,1,0,17.282150,0.000000
2.430000,4000.000000,-8.838355,41.770280,1,1,2,2,0.706151,0.706151,0.706151,0.000000,0.964460,0.264229,0.000000,0.974599,0.223958,23.957870,-4.124402,-0.260168,1,0,17.285740,0.000000
2.440000,4000.000000,-8.878204,41.938520,1,1,2,2,0.752616,0.752623,0.752620,0.000000,0.982211,0.187780,0.000000,0.975306,0.220856,13.371270,-3.984965,-0.171002,1,0,17.288980,0.000000
2.450000,4000.000000,-8.917691,42.106880,1,1,2,2,0.734723,0.734723,0.734723,0.000000,0.981591,0.190994,0.000000,0.975883,0.218293,16.779560,-3.948731,-0.178248,1,0,17.293150,0.000000
2.460000,4000.000000,-8.956483,42.275440,1,1,2,2,0.718878,0.718878,0.718878,0.000000,0.979649,0.200719,0.000000,0.976220,0.216784,18.498770,-3.879196,-0.132803,1,0,17.296800,0.000000
2.470000,4000.000000,-8.994411,42.444240,1,1,2,2,0.715617,0.715624,0.715621,0.000000,0.979649,0.200716,0.000000,0.976525,0.215403,17.466480,-3.792880,-0.067939,1,0,17.300440,0.000000
2.480000,4000.000000,-9.031578,42.613240,1,1,2,2,0.707589,0.707589,0.707589,0.000000,0.976616,0.214991,0.000000,0.976533,0.215368,16.954940,-3.716662,0.010355,1,0,17.304250,0.000000
2.490000,4000.000000,-9.068033,42.782440,1,1,2,2,0.706142,0.706142,0.706142,0.000000,0.972948,0.231023,0.000000,0.976234,0.216717,14.770780,-3.645497,0.108019,1,0,17.308390,0.000000
2.500000,4000.000000,-9.103991,42.951790,1,1,2,2,0.710273,0.710283,0.710278,0.000000,0.972955,0.230993,0.000000,0.975960,0.217948,12.181620,-3.595757,0.181699,1,0,17.312860,0.000000
2.510000,4000.000000,-9.139704,43.121240,1,1,2,2,0.718668,0.718668,0.718668,0.000000,0.969377,0.245577,0.000000,0.975425,0.220333,8.959743,-3.571361,0.249957,1,0,17.317330,0.000000
2.520000,4000.000000,-9.175488,43.290720,1,1,2,2,0.732587,0.732587,0.732587,0.000000,0.966731,0.255796,0.000000,0.974727,0.223397,5.244035,-3.578468,0.298099,1,0,17.321650,0.000000
2.530000,4000.000000,-9.211707,43.460150,1,1,2,2,0.740888,0.740900,0.740894,0.000000,0.966731,0.255795,0.000000,0.974082,0.226196,3.583866,-3.621839,0.304438,1,0,17.325650,0.000000
2.540000,4000.000000,-9.248521,43.629490,1,1,2,2,0.758809,0.758809,0.758809,0.000000,0.965710,0.259623,0.000000,0.973407,0.229084,0.566862,-3.681370,0.295868,1,0,17.329670,0.000000
2.550000,4000.000000,-9.286223,43.798680,1,1,2,2,0.777088,0.777088,0.777088,0.000000,0.966606,0.256267,0.000000,0.972851,0.231431,0.000000,-3.770234,0.247610,1,0,17.333610,0.000000
2.560000,4000.000000,-9.324869,43.967700,1,1,2,2,0.783043,0.783055,0.783049,0.000000,0.966614,0.256236,0.000000,0.972339,0.233572,0.000000,-3.864537,0.190141,1,0,17.337980,0.000000
2.570000,4000.000000,-9.364457,44.136550,1,1,2,2,0.796760,0.798879,0.797820,0.000000,0.969557,0.244867,0.000000,0.972105,0.234545,0.000000,-3.958757,0.111958,1,0,17.342870,0.000000
2.580000,4000.000000,-9.404986,44.305230,1,1,2,2,0.805607,0.805607,0.805607,0.000000,0.972706,0.232041,0.000000,0.972157,0.234329,0.000000,-4.052898,0.012660,1,0,17.348270,0.000000
2.590000,4000.000000,-9.446456,44.473740,1,1,2,2,0.804374,0.804372,0.804373,0.000000,0.972706,0.232043,0.000000,0.972204,0.234132,1.905953,-4.146964,-0.086230,1,0,17.354190,0.000000
2.600000,4000.000000,-9.488680,44.642140,1,1,2,2,0.803184,0.803192,0.803188,0.000000,0.976384,0.216042,0.000000,0.972577,0.232579,4.722481,-4.222425,-0.190213,1,0,17.360440,0.000000
2.610000,4000.000000,-9.531384,44.810470,1,1,2,2,0.795296,0.795296,0.795296,0.000000,0.979478,0.201553,0.000000,0.973210,0.229917,8.537661,-4.270429,-0.285751,1,0,17.366570,0.000000
2.620000,4000.000000,-9.574197,44.978830,1,1,2,2,0.787300,0.787308,0.787304,0.000000,0.979484,0.201522,0.000000,0.973782,0.227481,11.315420,-4.281244,-0.339093,1,0,17.372010,0.000000
2.630000,4000.000000,-9.616846,45.147290,1,1,2,2,0.771650,0.771659,0.771655,0.000000,0.981504,0.191443,0.000000,0.974499,0.224390,15.069650,-4.264959,-0.376306,1,0,17.376690,0.000000
2.640000,4000.000000,-9.658966,45.315910,1,1,2,2,0.752644,0.752644,0.752644,0.000000,0.982212,0.187777,0.000000,0.975217,0.221251,18.512700,-4.212030,-0.376870,1,0,17.380290,0.000000
2.650000,4000.000000,-9.700221,45.484770,1,1,2,2,0.743830,0.743851,0.743840,0.000000,0.982215,0.187762,0.000000,0.975864,0.218378,19.139250,-4.125469,-0.338290,1,0,17.382970,0.000000
2.660000,4000.000000,-9.740548,45.653880,1,1,2,2,0.725465,0.725472,0.725469,0.000000,0.981541,0.191251,0.000000,0.976382,0.216050,21.089540,-4.032752,-0.283823,1,0,17.385480,0.000000
2.670000,4000.000000,-9.779757,45.823280,1,1,2,2,0.709999,0.709999,0.709999,0.000000,0.979551,0.201198,0.000000,0.976664,0.214774,21.561360,-3.920975,-0.191206,1,0,17.387860,0.000000
2.680000,4000.000000,-9.817803,45.992980,1,1,2,2,0.706871,0.706880,0.706876,0.000000,0.979557,0.201169,0.000000,0.976920,0.213605,19.647550,-3.804624,-0.092063,1,0,17.390700,0.000000
2.690000,4000.000000,-9.854874,46.162920,1,1,2,2,0.700159,0.700167,0.700163,0.000000,0.976490,0.215562,0.000000,0.976883,0.213773,18.262610,-3.707010,0.011649,1,0,17.394080,0.000000
2.700000,4000.000000,-9.891104,46.333090,1,1,2,2,0.700309,0.700309,0.700309,0.000000,0.972812,0.231598,0.000000,0.976545,0.215310,15.378980,-3.623009,0.125816,1,0,17.398000,0.000000
2.710000,4000.000000,-9.926777,46.503410,1,1,2,2,0.705028,0.705033,0.705030,0.000000,0.972812,0.231597,0.000000,0.976235,0.216715,12.453150,-3.567292,0.208731,1,0,17.402300,0.000000
2.720000,4000.000000,-9.962179,46.673840,1,1,2,2,0.715035,0.715046,0.715040,0.000000,0.969258,0.246048,0.000000,0.975669,0.219248,8.801628,-3.540224,0.282498,1,0,17.406580,0.000000
2.730000,4000.000000,-9.997668,46.844300,1,1,2,2,0.730295,0.730295,0.730295,0.000000,0.966656,0.256077,0.000000,0.974948,0.222431,4.826529,-3.548866,0.331386,1,0,17.410610,0.000000
2.740000,4000.000000,-10.033630,47.014680,1,1,2,2,0.751692,0.751692,0.751692,0.000000,0.969596,0.244712,0.000000,0.974508,0.224353,1.303339,-3.596307,0.318081,1,0,17.414230,0.000000
2.750000,4000.000000,-10.070410,47.184930,1,1,2,2,0.757644,0.757631,0.757637,0.000000,0.965714,0.259607,0.000000,0.973801,0.227399,0.935159,-3.678059,0.289726,1,0,17.417560,0.000000
2.760000,4000.000000,-10.108040,47.355030,1,1,2,2,0.775992,0.775992,0.775992,0.000000,0.966681,0.255986,0.000000,0.973222,0.229868,0.000000,-3.763329,0.247485,1,0,17.421280,0.000000
2.770000,4000.000000,-10.146620,47.524960,1,1,2,2,0.810978,0.810978,0.810978,0.000000,0.949006,0.315259,0.000000,0.971437,0.237298,0.000000,-3.857627,0.284965,1,0,17.425360,0.000000
2.780000,4000.000000,-10.186140,47.694720,1,1,2,2,0.795428,0.795441,0.795435,0.000000,0.969282,0.245953,0.000000,0.971254,0.238044,0.000000,-3.951825,0.202815,1,0,17.429960,0.000000
2.790000,4000.000000,-10.226600,47.864310,1,1,2,2,0.803440,0.803440,0.803440,0.000000,0.972842,0.231470,0.000000,0.971392,0.237479,0.000000,-4.045943,0.097246,1,0,17.435070,0.000000
2.800000,4000.000000,-10.268000,48.033730,1,1,2,2,0.804860,0.804860,0.804860,0.000000,0.976518,0.215434,0.000000,0.971853,0.235587,0.461599,-4.139987,-0.032100,1,0,17.440700,0.000000
2.810000,4000.000000,-10.310290,48.203000,1,1,2,2,0.800010,0.800030,0.800020,0.000000,0.976515,0.215452,0.000000,0.972271,0.233858,4.380078,-4.229476,-0.153827,1,0,17.446810,0.000000
2.820000,4000.000000,-10.353100,48.372200,1,1,2,2,0.790989,0.790989,0.790989,0.000000,0.979577,0.201072,0.000000,0.972943,0.231046,8.560052,-4.280797,-0.255738,1,0,17.452860,0.000000
2.830000,4000.000000,-10.396010,48.541420,1,1,2,2,0.776119,0.776119,0.776119,0.000000,0.981554,0.191187,0.000000,0.973748,0.227630,13.017180,-4.291388,-0.326645,1,0,17.458240,0.000000
2.840000,4000.000000,-10.438600,48.710780,1,1,2,2,0.766710,0.766718,0.766714,0.000000,0.981554,0.191186,0.000000,0.974473,0.224505,15.244740,-4.258510,-0.347748,1,0,17.462520,0.000000
2.850000,4000.000000,-10.480640,48.880300,1,1,2,2,0.747615,0.747615,0.747615,0.000000,0.982212,0.187778,0.000000,0.975193,0.221355,18.671860,-4.203867,-0.347034,1,0,17.466060,0.000000
2.860000,4000.000000,-10.521800,49.050070,1,1,2,2,0.728164,0.728164,0.728164,0.000000,0.981491,0.191508,0.000000,0.975771,0.218794,21.041860,-4.115748,-0.301564,1,0,17.468760,0.000000
2.870000,4000.000000,-10.561840,49.220130,1,1,2,2,0.721444,0.721450,0.721447,0.000000,0.981491,0.191507,0.000000,0.976293,0.216452,20.430540,-4.004474,-0.228544,1,0,17.471170,0.000000
2.880000,4000.000000,-10.600830,49.390460,1,1,2,2,0.707222,0.707228,0.707225,0.000000,0.979458,0.201650,0.000000,0.976574,0.215180,20.844600,-3.899155,-0.142594,1,0,17.473860,0.000000
2.890000,4000.000000,-10.638730,49.561080,1,1,2,2,0.698561,0.698561,0.698561,0.000000,0.976356,0.216169,0.000000,0.976555,0.215265,19.546830,-3.789823,-0.028311,1,0,17.476960,0.000000
2.900000,4000.000000,-10.675660,49.731940,1,1,2,2,0.699413,0.699421,0.699417,0.000000,0.976356,0.216170,0.000000,0.976538,0.215343,16.865430,-3.693255,0.072774,1,0,17.480730,0.000000
2.910000,4000.000000,-10.711890,49.902990,1,1,2,2,0.701210,0.701231,0.701220,0.000000,0.972672,0.232184,0.000000,0.976217,0.216795,14.067780,-3.622953,0.171571,1,0,17.484840,0.000000
2.920000,4000.000000,-10.747690,50.074180,1,1,2,2,0.709790,0.709790,0.709790,0.000000,0.969137,0.246521,0.000000,0.975643,0.219362,10.250550,-3.580066,0.262336,1,0,17.489130,0.000000
2.930000,4000.000000,-10.783440,50.245420,1,1,2,2,0.717336,0.717345,0.717341,0.000000,0.969137,0.246522,0.000000,0.975113,0.221706,7.670528,-3.574528,0.310962,1,0,17.493260,0.000000
2.940000,4000.000000,-10.819380,50.416660,1,1,2,2,0.733302,0.733312,0.733307,0.000000,0.966590,0.256330,0.000000,0.974428,0.224698,3.927585,-3.594198,0.345450,1,0,17.497190,0.000000
2.950000,4000.000000,-10.855890,50.587820,1,1,2,2,0.752034,0.752034,0.752034,0.000000,0.965719,0.259591,0.000000,0.973728,0.227713,0.610587,-3.650366,0.343020,1,0,17.500720,0.000000
2.960000,4000.000000,-10.893270,50.758820,1,1,2,2,0.798503,0.798492,0.798497,0.000000,0.978951,0.204095,0.000000,0.974200,0.225685,0.000000,-3.738804,0.216888,1,0,17.504020,0.000000
2.970000,4000.000000,-10.931600,50.929650,1,1,2,2,0.777838,0.777851,0.777844,0.000000,0.966746,0.255738,0.000000,0.973595,0.228281,0.343886,-3.833123,0.167804,1,0,17.507730,0.000000
2.980000,4000.000000,-10.970840,51.100320,1,1,2,2,0.792453,0.792453,0.792453,0.000000,0.969409,0.245450,0.000000,0.973247,0.229761,0.000000,-3.924008,0.102231,1,0,17.511970,0.000000
2.990000,4000.000000,-11.011030,51.270820,1,1,2,2,0.802140,0.802140,0.802140,0.000000,0.972986,0.230866,0.000000,0.973224,0.229856,0.000000,-4.018163,0.008385,1,0,17.516700,0.000000
3.000000,4000.000000,-11.052150,51.441140,1,1,2,2,0.801464,0.801472,0.801468,0.000000,0.972985,0.230867,0.000000,0.973204,0.229943,2.421148,-4.112240,-0.085529,1,0,17.521930,0.000000
3.010000,4000.000000,-11.093980,51.611350,1,1,2,2,0.801030,0.801030,0.801030,0.000000,0.976645,0.214859,0.000000,0.973509,0.228647,4.866274,-4.182678,-0.180059,1,0,17.527440,0.000000
3.020000,4000.000000,-11.136270,51.781510,1,1,2,2,0.793801,0.793801,0.793801,0.000000,0.979675,0.200592,0.000000,0.974071,0.226240,8.423770,-4.229252,-0.270095,1,0,17.532870,0.000000
3.030000,4000.000000,-11.178680,51.951680,1,1,2,2,0.786386,0.786393,0.786389,0.000000,0.979669,0.200623,0.000000,0.974580,0.224041,11.029800,-4.241116,-0.320769,1,0,17.537680,0.000000
3.040000,4000.000000,-11.220950,52.121920,1,1,2,2,0.771307,0.771307,0.771307,0.000000,0.981603,0.190932,0.000000,0.975228,0.221201,14.654490,-4.227536,-0.356912,1,0,17.541830,0.000000
3.050000,4000.000000,-11.262740,52.292320,1,1,2,2,0.752840,0.752840,0.752840,0.000000,0.982212,0.187778,0.000000,0.975874,0.218334,17.994690,-4.178555,-0.357301,1,0,17.545000,0.000000
3.060000,4000.000000,-11.303710,52.462950,1,1,2,2,0.744620,0.744627,0.744623,0.000000,0.982212,0.187778,0.000000,0.976457,0.215712,18.545010,-4.096932,-0.319927,1,0,17.547330,0.000000
3.070000,4000.000000,-11.343810,52.633800,1,1,2,2,0.726793,0.726793,0.726793,0.000000,0.981435,0.191797,0.000000,0.976908,0.213658,20.433220,-4.009905,-0.266902,1,0,17.549510,0.000000
3.080000,4000.000000,-11.382850,52.804920,1,1,2,2,0.711910,0.711910,0.711910,0.000000,0.979359,0.202131,0.000000,0.977124,0.212668,20.841420,-3.904425,-0.175983,1,0,17.551570,0.000000
3.090000,4000.000000,-11.420800,52.976310,1,1,2,2,0.709402,0.709410,0.709406,0.000000,0.979359,0.202131,0.000000,0.977321,0.211762,18.883350,-3.795000,-0.079555,1,0,17.554080,0.000000
3.100000,4000.000000,-11.457850,53.147930,1,1,2,2,0.703309,0.703318,0.703314,0.000000,0.976222,0.216774,0.000000,0.977227,0.212194,17.459530,-3.704762,0.021224,1,0,17.557090,0.000000
3.110000,4000.000000,-11.494130,53.319750,1,1,2,2,0.704084,0.704084,0.704084,0.000000,0.972538,0.232743,0.000000,0.976841,0.213966,14.552830,-3.628525,0.131794,1,0,17.560590,0.000000
3.120000,4000.000000,-11.529940,53.491700,1,1,2,2,0.709274,0.709280,0.709277,0.000000,0.972531,0.232773,0.000000,0.976484,0.215588,11.645700,-3.580806,0.210551,1,0,17.564420,0.000000
3.130000,4000.000000,-11.565560,53.663740,1,1,2,2,0.719808,0.719817,0.719812,0.000000,0.969025,0.246962,0.000000,0.975882,0.218298,8.012077,-3.561558,0.279804,1,0,17.568220,0.000000
3.140000,4000.000000,-11.601340,53.835770,1,1,2,2,0.735487,0.735487,0.735487,0.000000,0.966530,0.256553,0.000000,0.975136,0.221604,4.090360,-3.577846,0.323520,1,0,17.571780,0.000000
3.150000,4000.000000,-11.637660,54.007730,1,1,2,2,0.794114,0.794103,0.794108,0.000000,0.982917,0.184047,0.000000,0.975863,0.218384,0.000000,-3.632410,0.210489,1,0,17.574970,0.000000
3.160000,4000.000000,-11.674930,54.179510,1,1,2,2,0.763006,0.763015,0.763011,0.000000,0.965719,0.259590,0.000000,0.975058,0.221947,2.753600,-3.726828,0.178793,1,0,17.577890,0.000000
3.170000,4000.000000,-11.712870,54.351180,1,1,2,2,0.781443,0.781443,0.781443,0.000000,0.966829,0.255426,0.000000,0.974396,0.224840,0.000000,-3.794307,0.162700,1,0,17.581470,0.000000
3.180000,4000.000000,-11.751760,54.522690,1,1,2,2,0.811533,0.811533,0.811533,0.000000,0.955600,0.294667,0.000000,0.972977,0.230901,0.000000,-3.888571,0.176448,1,0,17.585270,0.000000
3.190000,4000.000000,-11.791580,54.694010,1,1,2,2,0.800669,0.800678,0.800673,0.000000,0.969529,0.244976,0.000000,0.972688,0.232114,0.000000,-3.982737,0.102792,1,0,17.589590,0.000000
3.200000,4000.000000,-11.832350,54.865170,1,1,2,2,0.808287,0.808287,0.808287,0.000000,0.973128,0.230265,0.000000,0.972726,0.231955,0.000000,-4.076821,0.004411,1,0,17.594410,0.000000
3.210000,4000.000000,-11.874060,55.036150,1,1,2,2,0.809182,0.809182,0.809182,0.000000,0.976778,0.214256,0.000000,0.973088,0.230434,1.856367,-4.170830,-0.118524,1,0,17.599750,0.000000
3.220000,4000.000000,-11.916530,55.207000,1,1,2,2,0.804308,0.804318,0.804313,0.000000,0.976771,0.214285,0.000000,0.973415,0.229047,5.283430,-4.246703,-0.220419,1,0,17.605380,0.000000
3.230000,4000.000000,-11.959420,55.377810,1,1,2,2,0.794927,0.794927,0.794927,0.000000,0.979766,0.200146,0.000000,0.973995,0.226567,9.161527,-4.289153,-0.307742,1,0,17.610760,0.000000
3.240000,4000.000000,-12.002360,55.548650,1,1,2,2,0.779862,0.779862,0.779862,0.000000,0.981654,0.190673,0.000000,0.974706,0.223489,13.363310,-4.293772,-0.367065,1,0,17.615370,0.000000
3.250000,4000.000000,-12.044930,55.719620,1,1,2,2,0.770665,0.770672,0.770669,0.000000,0.981648,0.190704,0.000000,0.975347,0.220677,15.336920,-4.257378,-0.379565,1,0,17.618850,0.000000
3.260000,4000.000000,-12.086950,55.890750,1,1,2,2,0.751689,0.751697,0.751693,0.000000,0.982211,0.187779,0.000000,0.975981,0.217855,18.582910,-4.201686,-0.372531,1,0,17.621660,0.000000
3.270000,4000.000000,-12.128090,56.062120,1,1,2,2,0.732634,0.732634,0.732634,0.000000,0.981384,0.192054,0.000000,0.976473,0.215640,20.758080,-4.114272,-0.322121,1,0,17.623650,0.000000
3.280000,4000.000000,-12.168150,56.233760,1,1,2,2,0.726285,0.726291,0.726288,0.000000,0.981378,0.192086,0.000000,0.976917,0.213618,20.015770,-4.005603,-0.246560,1,0,17.625420,0.000000
3.290000,4000.000000,-12.207190,56.405660,1,1,2,2,0.712816,0.712825,0.712820,0.000000,0.979260,0.202610,0.000000,0.977123,0.212672,20.255650,-3.904189,-0.159109,1,0,17.627520,0.000000
3.300000,4000.000000,-12.245190,56.577810,1,1,2,2,0.705064,0.705064,0.705064,0.000000,0.976094,0.217348,0.000000,0.977036,0.213074,18.798690,-3.800475,-0.045020,1,0,17.630030,0.000000
3.310000,4000.000000,-12.282300,56.750190,1,1,2,2,0.706319,0.706327,0.706323,0.000000,0.976094,0.217349,0.000000,0.976955,0.213442,16.100790,-3.711095,0.053799,1,0,17.633230,0.000000
3.320000,4000.000000,-12.318790,56.922750,1,1,2,2,0.709053,0.709059,0.709056,0.000000,0.972395,0.233343,0.000000,0.976578,0.215158,13.202370,-3.648159,0.149912,1,0,17.636770,0.000000
3.330000,4000.000000,-12.354920,57.095410,1,1,2,2,0.718487,0.718487,0.718487,0.000000,0.968905,0.247435,0.000000,0.975960,0.217946,9.336907,-3.613633,0.236381,1,0,17.640500,0.000000
3.340000,4000.000000,-12.391090,57.268110,1,1,2,2,0.744101,0.744101,0.744101,0.000000,0.957675,0.287851,0.000000,0.974586,0.224012,2.033710,-3.616932,0.343554,1,0,17.644110,0.000000
3.350000,4000.000000,-12.428010,57.440670,1,1,2,2,0.742099,0.742109,0.742104,0.000000,0.966464,0.256804,0.000000,0.973930,0.226845,2.992826,-3.691511,0.319311,1,0,17.647050,0.000000
3.360000,4000.000000,-12.465570,57.613140,1,1,2,2,0.760403,0.760403,0.760403,0.000000,0.965727,0.259560,0.000000,0.973268,0.229672,0.058477,-3.756691,0.304670,1,0,17.650500,0.000000
3.370000,4000.000000,-12.504080,57.785420,1,1,2,2,0.778718,0.778718,0.778718,0.000000,0.966904,0.255141,0.000000,0.972746,0.231870,0.000000,-3.850387,0.249412,1,0,17.653900,0.000000
3.380000,4000.000000,-12.543520,57.957540,1,1,2,2,0.784480,0.784491,0.784486,0.000000,0.966896,0.255170,0.000000,0.972265,0.233881,0.000000,-3.944569,0.190292,1,0,17.657800,0.000000
3.390000,4000.000000,-12.583910,58.129480,1,1,2,2,0.797693,0.797693,0.797693,0.000000,0.969656,0.244472,0.000000,0.972045,0.234793,0.000000,-4.038666,0.111322,1,0,17.662220,0.000000
3.400000,4000.000000,-12.625240,58.301250,1,1,2,2,0.805655,0.805655,0.805655,0.000000,0.973270,0.229666,0.000000,0.972152,0.234352,0.000000,-4.132683,0.007861,1,0,17.667140,0.000000
3.410000,4000.000000,-12.667500,58.472850,1,1,2,2,0.803922,0.803933,0.803928,0.000000,0.973263,0.229695,0.000000,0.972248,0.233951,2.200585,-4.226625,-0.094792,1,0,17.672580,0.000000
3.420000,4000.000000,-12.710490,58.644320,1,1,2,2,0.801553,0.801562,0.801557,0.000000,0.976897,0.213711,0.000000,0.972665,0.232213,5.253623,-4.299096,-0.199685,1,0,17.678290,0.000000
3.430000,4000.000000,-12.753910,58.815750,1,1,2,2,0.792420,0.792420,0.792420,0.000000,0.979859,0.199692,0.000000,0.973326,0.229424,9.240026,-4.341807,-0.293093,1,0,17.683820,0.000000
3.440000,4000.000000,-12.797370,58.987210,1,1,2,2,0.784094,0.784101,0.784098,0.000000,0.979859,0.199693,0.000000,0.973924,0.226873,11.973510,-4.345657,-0.342276,1,0,17.688570,0.000000
3.450000,4000.000000,-12.840600,59.158770,1,1,2,2,0.767580,0.767588,0.767584,0.000000,0.981697,0.190449,0.000000,0.974646,0.223750,15.758860,-4.322834,-0.374509,1,0,17.692570,0.000000
3.460000,4000.000000,-12.883230,59.330510,1,1,2,2,0.748176,0.748176,0.748176,0.000000,0.982199,0.187842,0.000000,0.975348,0.220670,19.099140,-4.263060,-0.368106,1,0,17.695500,0.000000
3.470000,4000.000000,-12.924930,59.502510,1,1,2,2,0.708981,0.708999,0.708990,0.000000,0.993187,0.116533,0.000000,0.977315,0.211788,27.806100,-4.170654,-0.433473,1,0,17.697600,0.000000
3.480000,4000.000000,-12.964860,59.674910,1,1,2,2,0.722423,0.722428,0.722426,0.000000,0.981322,0.192375,0.000000,0.977675,0.210121,21.582350,-3.992882,-0.281118,1,0,17.697030,0.000000
3.490000,4000.000000,-13.003620,59.847600,1,1,2,2,0.708921,0.708921,0.708921,0.000000,0.979153,0.203122,0.000000,0.977804,0.209519,21.283180,-3.876010,-0.171869,1,0,17.698320,0.000000
3.500000,4000.000000,-13.041240,60.020560,1,1,2,2,0.700933,0.700933,0.700933,0.000000,0.939474,0.342621,0.000000,0.975235,0.221170,14.490180,-3.762131,0.156360,1,0,17.700300,0.000000
3.510000,4000.000000,-13.078390,60.193660,1,1,2,2,0.702543,0.702550,0.702547,0.000000,0.975966,0.217925,0.000000,0.975298,0.220890,13.099400,-3.715099,0.200396,1,0,17.704680,0.000000
3.520000,4000.000000,-13.115210,60.366880,1,1,2,2,0.704483,0.704483,0.704483,0.000000,0.972251,0.233940,0.000000,0.975043,0.222015,11.359150,-3.681661,0.255964,1,0,17.708940,0.000000
3.530000,4000.000000,-13.151860,60.540180,1,1,2,2,0.713019,0.713019,0.713019,0.000000,0.968792,0.247876,0.000000,0.974532,0.224247,8.360476,-3.665247,0.314253,1,0,17.713150,0.000000
3.540000,4000.000000,-13.188640,60.713490,1,1,2,2,0.720333,0.720340,0.720336,0.000000,0.968784,0.247908,0.000000,0.974060,0.226289,6.416914,-3.678119,0.339124,1,0,17.717090,0.000000
3.550000,4000.000000,-13.225740,60.886770,1,1,2,2,0.735942,0.735942,0.735942,0.000000,0.966406,0.257022,0.000000,0.973440,0.228943,3.185846,-3.709944,0.355759,1,0,17.720860,0.000000
3.560000,4000.000000,-13.263480,61.059950,1,1,2,2,0.754198,0.754198,0.754198,0.000000,0.965736,0.259528,0.000000,0.972814,0.231585,0.289235,-3.773226,0.339940,1,0,17.724290,0.000000
3.570000,4000.000000,-13.302120,61.232960,1,1,2,2,0.761776,0.761776,0.761776,0.000000,0.965736,0.259528,0.000000,0.972237,0.233998,0.140453,-3.864645,0.291097,1,0,17.727610,0.000000
3.580000,4000.000000,-13.341700,61.405800,1,1,2,2,0.778565,0.778577,0.778571,0.000000,0.966979,0.254856,0.000000,0.971802,0.235797,0.000000,-3.957428,0.229713,1,0,17.731400,0.000000
3.590000,4000.000000,-13.382210,61.578470,1,1,2,2,0.792241,0.792241,0.792241,0.000000,0.969776,0.243999,0.000000,0.971630,0.236503,0.000000,-4.051495,0.147080,1,0,17.735680,0.000000
3.600000,4000.000000,-13.423670,61.750970,1,1,2,2,0.851744,0.851734,0.851739,0.000000,0.988733,0.149690,0.000000,0.973404,0.229095,0.000000,-4.145483,-0.083504,1,0,17.740460,0.000000
3.610000,4000.000000,-13.466060,61.923280,1,1,2,2,0.799020,0.799030,0.799025,0.000000,0.973405,0.229092,0.000000,0.973404,0.229094,5.197836,-4.239418,-0.178931,1,0,17.745750,0.000000
3.620000,4000.000000,-13.508890,62.095550,1,1,2,2,0.797513,0.797513,0.797513,0.000000,0.977029,0.213105,0.000000,0.973726,0.227721,7.183302,-4.282679,-0.247334,1,0,17.750820,0.000000
3.630000,4000.000000,-13.551960,62.267800,1,1,2,2,0.789294,0.789294,0.789294,0.000000,0.979949,0.199248,0.000000,0.974294,0.225278,10.368860,-4.306560,-0.315358,1,0,17.755590,0.000000
3.640000,4000.000000,-13.594950,62.440110,1,1,2,2,0.781512,0.781519,0.781516,0.000000,0.979949,0.199247,0.000000,0.974808,0.223043,12.582640,-4.299350,-0.347704,1,0,17.759630,0.000000
3.650000,4000.000000,-13.637650,62.612530,1,1,2,2,0.765914,0.765914,0.765914,0.000000,0.981735,0.190254,0.000000,0.975448,0.220231,15.915890,-4.270521,-0.368448,1,0,17.763020,0.000000
3.660000,4000.000000,-13.679750,62.785130,1,1,2,2,0.747210,0.747210,0.747210,0.000000,0.982193,0.187876,0.000000,0.976070,0.217455,18.957750,-4.209129,-0.355209,1,0,17.765490,0.000000
3.670000,4000.000000,-13.720930,62.957970,1,1,2,2,0.739249,0.739255,0.739252,0.000000,0.982193,0.187876,0.000000,0.976632,0.214916,19.197490,-4.118006,-0.307282,1,0,17.767260,0.000000
3.680000,4000.000000,-13.761170,63.131040,1,1,2,2,0.721814,0.721814,0.721814,0.000000,0.981271,0.192634,0.000000,0.977051,0.213003,20.799940,-4.024518,-0.245665,1,0,17.769010,0.000000
3.690000,4000.000000,-13.800320,63.304380,1,1,2,2,0.707704,0.707704,0.707704,0.000000,0.979047,0.203635,0.000000,0.977226,0.212198,20.898740,-3.915376,-0.147957,1,0,17.770770,0.000000
3.700000,4000.000000,-13.838380,63.477990,1,1,2,2,0.705800,0.705806,0.705803,0.000000,0.979053,0.203603,0.000000,0.977387,0.211459,18.747420,-3.805323,-0.048149,1,0,17.773060,0.000000
3.710000,4000.000000,-13.875540,63.651820,1,1,2,2,0.700911,0.700857,0.700884,0.000000,0.975827,0.218545,0.000000,0.977255,0.212069,17.063310,-3.716355,0.054576,1,0,17.775850,0.000000
3.720000,4000.000000,-13.911980,63.825840,1,1,2,2,0.702987,0.702987,0.702987,0.000000,0.972113,0.234514,0.000000,0.976832,0.214005,13.931920,-3.643940,0.164528,1,0,17.779090,0.000000
3.730000,4000.000000,-13.948000,63.999980,1,1,2,2,0.708801,0.708789,0.708795,0.000000,0.972116,0.234499,0.000000,0.976443,0.215773,10.994210,-3.602238,0.240066,1,0,17.782590,0.000000
3.740000,4000.000000,-13.983900,64.174180,1,1,2,2,0.720507,0.720493,0.720500,0.000000,0.968675,0.248332,0.000000,0.975818,0.218585,7.251165,-3.589302,0.305264,1,0,17.785990,0.000000
3.750000,4000.000000,-14.020030,64.348370,1,1,2,2,0.737097,0.737097,0.737097,0.000000,0.966347,0.257243,0.000000,0.975063,0.221927,3.319595,-3.612961,0.342730,1,0,17.789080,0.000000
3.760000,4000.000000,-14.056780,64.522450,1,1,2,2,0.773643,0.773643,0.773643,0.000000,0.948919,0.315518,0.000000,0.973172,0.230077,0.000000,-3.674978,0.428825,1,0,17.791790,0.000000
3.770000,4000.000000,-14.094470,64.696350,1,1,2,2,0.765223,0.765245,0.765234,0.000000,0.965744,0.259498,0.000000,0.972568,0.232618,0.000000,-3.769285,0.379469,1,0,17.794330,0.000000
3.780000,4000.000000,-14.133100,64.870080,1,1,2,2,0.783299,0.783299,0.783299,0.000000,0.967054,0.254572,0.000000,0.972113,0.234513,0.000000,-3.863505,0.318418,1,0,17.797390,0.000000
3.790000,4000.000000,-14.172680,65.043630,1,1,2,2,0.798385,0.798385,0.798385,0.000000,0.969903,0.243492,0.000000,0.971926,0.235286,0.000000,-3.957641,0.236957,1,0,17.800960,0.000000
3.800000,4000.000000,-14.213200,65.217010,1,1,2,2,0.801300,0.801302,0.801301,0.000000,0.969903,0.243492,0.000000,0.971755,0.235992,0.000000,-4.051697,0.154356,1,0,17.805040,0.000000
3.810000,4000.000000,-14.254650,65.390210,1,1,2,2,0.807630,0.807592,0.807611,0.000000,0.973554,0.228458,0.000000,0.971912,0.235345,0.000000,-4.145673,0.047031,1,0,17.809630,0.000000
3.820000,4000.000000,-14.297050,65.563240,1,1,2,2,0.806983,0.806983,0.806983,0.000000,0.977148,0.212560,0.000000,0.972384,0.233389,1.386962,-4.239573,-0.084195,1,0,17.814710,0.000000
3.830000,4000.000000,-14.340250,65.736130,1,1,2,2,0.801522,0.801522,0.801522,0.000000,0.977148,0.212558,0.000000,0.972811,0.231600,5.229755,-4.319916,-0.198415,1,0,17.820170,0.000000
3.840000,4000.000000,-14.383880,65.908960,1,1,2,2,0.790606,0.790589,0.790598,0.000000,0.980041,0.198795,0.000000,0.973477,0.228786,9.565257,-4.362809,-0.292922,1,0,17.825400,0.000000
3.850000,4000.000000,-14.427510,66.081830,1,1,2,2,0.774302,0.774302,0.774302,0.000000,0.981784,0.189999,0.000000,0.974252,0.225461,14.017830,-4.363435,-0.353394,1,0,17.829800,0.000000
3.860000,4000.000000,-14.470720,66.254850,1,1,2,2,0.739350,0.739311,0.739331,0.000000,0.991836,0.127520,0.000000,0.976148,0.217106,23.027950,-4.320619,-0.461257,1,0,17.833060,0.000000
3.870000,4000.000000,-14.512620,66.428190,1,1,2,2,0.745969,0.745953,0.745961,0.000000,0.982181,0.187939,0.000000,0.976701,0.214603,19.610200,-4.189647,-0.372068,1,0,17.833330,0.000000
3.880000,4000.000000,-14.553540,66.601780,1,1,2,2,0.727874,0.727874,0.727874,0.000000,0.981208,0.192954,0.000000,0.977108,0.212743,21.203430,-4.092045,-0.305416,1,0,17.834530,0.000000
3.890000,4000.000000,-14.593320,66.775640,1,1,2,2,0.713078,0.713078,0.713078,0.000000,0.978947,0.204116,0.000000,0.977269,0.212002,21.295950,-3.978882,-0.202518,1,0,17.835750,0.000000
3.900000,4000.000000,-14.631970,66.949780,1,1,2,2,0.710762,0.710747,0.710755,0.000000,0.978946,0.204118,0.000000,0.977416,0.211324,19.093530,-3.864875,-0.097637,1,0,17.837550,0.000000
3.910000,4000.000000,-14.669700,67.124150,1,1,2,2,0.705200,0.705200,0.705200,0.000000,0.975695,0.219133,0.000000,0.977270,0.211997,17.406480,-3.772459,0.009780,1,0,17.839970,0.000000
3.920000,4000.000000,-14.706660,67.298710,1,1,2,2,0.706711,0.706711,0.706711,0.000000,0.971975,0.235083,0.000000,0.976836,0.213989,14.266280,-3.696631,0.124341,1,0,17.842920,0.000000
3.930000,4000.000000,-14.743180,67.473400,1,1,2,2,0.712320,0.712301,0.712311,0.000000,0.971975,0.235084,0.000000,0.976436,0.215808,11.254870,-3.651608,0.204323,1,0,17.846240,0.000000
3.940000,4000.000000,-14.779540,67.648150,1,1,2,2,0.723554,0.723535,0.723544,0.000000,0.968557,0.248790,0.000000,0.975802,0.218657,7.509426,-3.636077,0.273009,1,0,17.849550,0.000000
3.950000,4000.000000,-14.816110,67.822890,1,1,2,2,0.739763,0.739763,0.739763,0.000000,0.966289,0.257458,0.000000,0.975044,0.222012,3.569563,-3.657168,0.313535,1,0,17.852630,0.000000
3.960000,4000.000000,-14.853280,67.997540,1,1,2,2,0.748853,0.748834,0.748844,0.000000,0.966289,0.257459,0.000000,0.974342,0.225075,2.030755,-3.716701,0.309426,1,0,17.855380,0.000000
3.970000,4000.000000,-14.891190,68.172050,1,1,2,2,0.767683,0.767662,0.767673,0.000000,0.965769,0.259403,0.000000,0.973652,0.228041,0.000000,-3.791193,0.288276,1,0,17.858230,0.000000
3.980000,4000.000000,-14.930050,68.346380,1,1,2,2,0.785786,0.785786,0.785786,0.000000,0.967137,0.254257,0.000000,0.973119,0.230304,0.000000,-3.885400,0.234049,1,0,17.861230,0.000000
3.990000,4000.000000,-14.969840,68.520540,1,1,2,2,0.810257,0.810257,0.810257,0.000000,0.961598,0.274463,0.000000,0.972207,0.234125,0.000000,-3.979522,0.208568,1,0,17.864740,0.000000
4.000000,4000.000000,-15.010580,68.694520,1,1,2,2,0.803698,0.803676,0.803687,0.000000,0.970029,0.242989,0.000000,0.972022,0.234889,0.000000,-4.073552,0.127061,1,0,17.868750,0.000000
4.010000,4000.000000,-15.052250,68.868320,1,1,2,2,0.810036,0.810036,0.810036,0.000000,0.973682,0.227910,0.000000,0.972167,0.234290,0.000000,-4.167501,0.020588,1,0,17.873270,0.000000
4.020000,4000.000000,-15.094860,69.041950,1,1,2,2,0.809417,0.809417,0.809417,0.000000,0.977273,0.211984,0.000000,0.972626,0.232374,1.596676,-4.261375,-0.110008,1,0,17.878290,0.000000
4.030000,4000.000000,-15.138260,69.215450,1,1,2,2,0.803765,0.803788,0.803777,0.000000,0.977280,0.211953,0.000000,0.973044,0.230621,5.405742,-4.339648,-0.221599,1,0,17.883630,0.000000
4.040000,4000.000000,-15.182070,69.388890,1,1,2,2,0.792845,0.792803,0.792824,0.000000,0.980125,0.198382,0.000000,0.973695,0.227856,9.684293,-4.380791,-0.313628,1,0,17.888690,0.000000
4.050000,4000.000000,-15.225870,69.562370,1,1,2,2,0.776445,0.776445,0.776445,0.000000,0.981810,0.189865,0.000000,0.974451,0.224599,14.095900,-4.380214,-0.371864,1,0,17.892880,0.000000
4.060000,4000.000000,-15.269240,69.735990,1,1,2,2,0.766843,0.766827,0.766835,0.000000,0.981822,0.189802,0.000000,0.975134,0.221614,16.060030,-4.336585,-0.380969,1,0,17.895890,0.000000
4.070000,4000.000000,-15.311970,69.909800,1,1,2,2,0.747296,0.747293,0.747294,0.000000,0.982169,0.188001,0.000000,0.975785,0.218731,19.274740,-4.273752,-0.368610,1,0,17.898210,0.000000
4.080000,4000.000000,-15.353770,70.083850,1,1,2,2,0.728356,0.728356,0.728356,0.000000,0.981145,0.193275,0.000000,0.976272,0.216546,21.257170,-4.179507,-0.311358,1,0,17.899780,0.000000
4.090000,4000.000000,-15.394430,70.258180,1,1,2,2,0.715578,0.715575,0.715577,0.000000,0.984171,0.177220,0.000000,0.977014,0.213174,22.183240,-4.065899,-0.256102,1,0,17.901220,0.000000
4.100000,4000.000000,-15.433860,70.432810,1,1,2,2,0.709899,0.709880,0.709889,0.000000,0.978840,0.204628,0.000000,0.977174,0.212440,20.389830,-3.943191,-0.143352,1,0,17.902620,0.000000
4.110000,4000.000000,-15.472240,70.607700,1,1,2,2,0.703827,0.703827,0.703827,0.000000,0.975552,0.219770,0.000000,0.977037,0.213070,18.487130,-3.838074,-0.023649,1,0,17.904770,0.000000
4.120000,4000.000000,-15.509760,70.782800,1,1,2,2,0.704950,0.704950,0.704950,0.000000,0.971837,0.235653,0.000000,0.976610,0.215018,15.161920,-3.751660,0.101109,1,0,17.907610,0.000000
4.130000,4000.000000,-15.546740,70.958050,1,1,2,2,0.710299,0.710303,0.710301,0.000000,0.971837,0.235654,0.000000,0.976216,0.216798,11.985350,-3.697862,0.189489,1,0,17.910940,0.000000
4.140000,4000.000000,-15.583490,71.133380,1,1,2,2,0.721339,0.721339,0.721339,0.000000,0.968446,0.249223,0.000000,0.975590,0.219599,8.108801,-3.675172,0.264827,1,0,17.914310,0.000000
4.150000,4000.000000,-15.620390,71.308710,1,1,2,2,0.737487,0.737487,0.737487,0.000000,0.966224,0.257702,0.000000,0.974843,0.222893,4.053229,-3.690385,0.310496,1,0,17.917470,0.000000
4.160000,4000.000000,-15.657840,71.483960,1,1,2,2,0.746469,0.746453,0.746461,0.000000,0.966240,0.257643,0.000000,0.974152,0.225895,2.434703,-3.745170,0.310351,1,0,17.920280,0.000000
4.170000,4000.000000,-15.696000,71.659080,1,1,2,2,0.765253,0.765207,0.765230,0.000000,0.965778,0.259372,0.000000,0.973476,0.228788,0.000000,-3.815693,0.292108,1,0,17.923160,0.000000
4.180000,4000.000000,-15.735100,71.834020,1,1,2,2,0.783261,0.783261,0.783261,0.000000,0.967219,0.253944,0.000000,0.972963,0.230959,0.000000,-3.909866,0.236367,1,0,17.926110,0.000000
4.190000,4000.000000,-15.775140,72.008790,1,1,2,2,0.816918,0.816917,0.816917,0.000000,0.977144,0.212579,0.000000,0.973337,0.229381,0.000000,-4.003953,0.111639,1,0,17.929570,0.000000
4.200000,4000.000000,-15.816120,72.183380,1,1,2,2,0.800905,0.800925,0.800915,0.000000,0.970164,0.242451,0.000000,0.973071,0.230507,0.000000,-4.097968,0.036819,1,0,17.933530,0.000000
4.210000,4000.000000,-15.858040,72.357800,1,1,2,2,0.807096,0.807096,0.807096,0.000000,0.973830,0.227279,0.000000,0.973136,0.230229,0.863866,-4.191901,-0.063790,1,0,17.937990,0.000000
4.220000,4000.000000,-15.900810,72.532050,1,1,2,2,0.806278,0.806278,0.806278,0.000000,0.977398,0.211409,0.000000,0.973517,0.228613,3.929363,-4.277349,-0.180365,1,0,17.942880,0.000000
4.230000,4000.000000,-15.944140,72.706220,1,1,2,2,0.800792,0.800771,0.800781,0.000000,0.977398,0.211408,0.000000,0.973863,0.227134,7.004730,-4.332886,-0.263671,1,0,17.947730,0.000000
4.240000,4000.000000,-15.987720,72.880370,1,1,2,2,0.790073,0.790073,0.790073,0.000000,0.980210,0.197963,0.000000,0.974444,0.224631,10.722740,-4.358418,-0.335063,1,0,17.952180,0.000000
4.250000,4000.000000,-16.031200,73.054590,1,1,2,2,0.773981,0.773981,0.773981,0.000000,0.981859,0.189613,0.000000,0.975131,0.221628,14.710990,-4.347665,-0.378463,1,0,17.955760,0.000000
4.260000,4000.000000,-16.074180,73.228950,1,1,2,2,0.764843,0.764846,0.764844,0.000000,0.981859,0.189611,0.000000,0.975751,0.218881,16.331550,-4.297966,-0.377257,1,0,17.958240,0.000000
4.270000,4000.000000,-16.116500,73.403500,1,1,2,2,0.745827,0.745812,0.745819,0.000000,0.982156,0.188067,0.000000,0.976341,0.216238,19.280260,-4.232414,-0.357993,1,0,17.960170,0.000000
4.280000,4000.000000,-16.157880,73.578280,1,1,2,2,0.727441,0.727441,0.727441,0.000000,0.981070,0.193654,0.000000,0.976768,0.214298,21.051120,-4.138039,-0.296336,1,0,17.961460,0.000000
4.290000,4000.000000,-16.198150,73.753330,1,1,2,2,0.697641,0.697601,0.697621,0.000000,0.990483,0.137635,0.000000,0.978183,0.207745,26.569830,-4.026369,-0.301825,1,0,17.962700,0.000000
4.300000,4000.000000,-16.236750,73.928760,1,1,2,2,0.710681,0.710665,0.710673,0.000000,0.978732,0.205141,0.000000,0.978230,0.207521,20.074070,-3.860531,-0.135952,1,0,17.962770,0.000000
4.310000,4000.000000,-16.274340,74.104430,1,1,2,2,0.705748,0.705748,0.705748,0.000000,0.975422,0.220344,0.000000,0.977995,0.208625,17.828690,-3.758363,-0.010770,1,0,17.964390,0.000000
4.320000,4000.000000,-16.311120,74.280300,1,1,2,2,0.708017,0.708017,0.708017,0.000000,0.971699,0.236224,0.000000,0.977484,0.211008,14.262140,-3.678281,0.115360,1,0,17.966740,0.000000
4.330000,4000.000000,-16.347450,74.456280,1,1,2,2,0.714256,0.714234,0.714245,0.000000,0.971698,0.236225,0.000000,0.977012,0.213184,10.970280,-3.633210,0.202008,1,0,17.969530,0.000000
4.340000,4000.000000,-16.383650,74.632320,1,1,2,2,0.726230,0.726230,0.726230,0.000000,0.968332,0.249668,0.000000,0.976319,0.216337,7.013525,-3.620398,0.273708,1,0,17.972340,0.000000
4.350000,4000.000000,-16.420120,74.808330,1,1,2,2,0.743136,0.743136,0.743136,0.000000,0.966174,0.257893,0.000000,0.975515,0.219930,2.955010,-3.646292,0.314016,1,0,17.974920,0.000000
4.360000,4000.000000,-16.457240,74.984230,1,1,2,2,0.752648,0.752628,0.752638,0.000000,0.966190,0.257833,0.000000,0.974771,0.223206,1.387720,-3.711799,0.307998,1,0,17.977180,0.000000
4.370000,4000.000000,-16.495160,75.159980,1,1,2,2,0.771853,0.771852,0.771852,0.000000,0.965803,0.259277,0.000000,0.974052,0.226323,0.000000,-3.792541,0.283511,1,0,17.979580,0.000000
4.380000,4000.000000,-16.534030,75.335560,1,1,2,2,0.790225,0.790225,0.790225,0.000000,0.967316,0.253576,0.000000,0.973502,0.228676,0.000000,-3.886731,0.231167,1,0,17.982240,0.000000
4.390000,4000.000000,-16.573840,75.510950,1,1,2,2,0.812178,0.812198,0.812188,0.000000,0.973065,0.230530,0.000000,0.973465,0.228836,0.000000,-3.980835,0.138423,1,0,17.985420,0.000000
4.400000,4000.000000,-16.614590,75.686160,1,1,2,2,0.808344,0.808363,0.808354,0.000000,0.970289,0.241948,0.000000,0.973199,0.229966,0.000000,-4.074860,0.063694,1,0,17.989090,0.000000
4.410000,4000.000000,-16.656270,75.861200,1,1,2,2,0.814620,0.814620,0.814620,0.000000,0.973963,0.226708,0.000000,0.973264,0.229685,0.000000,-4.168803,-0.037011,1,0,17.993270,0.000000
4.420000,4000.000000,-16.698900,76.036060,1,1,2,2,0.813797,0.813797,0.813797,0.000000,0.977522,0.210834,0.000000,0.973645,0.228066,2.127759,-4.262669,-0.162390,1,0,17.997940,0.000000
4.430000,4000.000000,-16.742260,76.210780,1,1,2,2,0.808257,0.808257,0.808257,0.000000,0.977522,0.210832,0.000000,0.973991,0.226586,5.665022,-4.335745,-0.263858,1,0,18.002820,0.000000
4.440000,4000.000000,-16.786000,76.385470,1,1,2,2,0.797194,0.797155,0.797175,0.000000,0.980294,0.197545,0.000000,0.974567,0.224094,9.783794,-4.374305,-0.348590,1,0,18.007340,0.000000
4.450000,4000.000000,-16.829730,76.560190,1,1,2,2,0.780749,0.780749,0.780749,0.000000,0.981896,0.189420,0.000000,0.975246,0.221120,14.057290,-4.372667,-0.400999,1,0,18.010950,0.000000
4.460000,4000.000000,-16.873020,76.735040,1,1,2,2,0.771361,0.771361,0.771361,0.000000,0.981896,0.189420,0.000000,0.975859,0.218400,15.877450,-4.329297,-0.405972,1,0,18.013360,0.000000
4.470000,4000.000000,-16.915700,76.910060,1,1,2,2,0.751996,0.751957,0.751977,0.000000,0.982137,0.188165,0.000000,0.976436,0.215806,18.984680,-4.268123,-0.390465,1,0,18.015130,0.000000
4.480000,4000.000000,-16.957470,77.085320,1,1,2,2,0.733419,0.733419,0.733419,0.000000,0.981017,0.193924,0.000000,0.976849,0.213927,20.836090,-4.176577,-0.330743,1,0,18.016160,0.000000
4.490000,4000.000000,-16.998140,77.260840,1,1,2,2,0.727134,0.727097,0.727116,0.000000,0.981223,0.192875,0.000000,0.977244,0.212119,19.987860,-4.066949,-0.251278,1,0,18.017090,0.000000
4.500000,4000.000000,-17.037790,77.436610,1,1,2,2,0.715718,0.715706,0.715712,0.000000,0.978625,0.205651,0.000000,0.977364,0.211563,19.692370,-3.965624,-0.157302,1,0,18.018400,0.000000
4.510000,4000.000000,-17.076470,77.612610,1,1,2,2,0.710167,0.710167,0.710167,0.000000,0.975292,0.220918,0.000000,0.977189,0.212369,17.787910,-3.867249,-0.041268,1,0,18.020210,0.000000
4.520000,4000.000000,-17.114340,77.788810,1,1,2,2,0.711823,0.711823,0.711823,0.000000,0.971560,0.236792,0.000000,0.976729,0.214476,14.462100,-3.787597,0.079660,1,0,18.022690,0.000000
4.530000,4000.000000,-17.151750,77.965140,1,1,2,2,0.717275,0.717254,0.717264,0.000000,0.971561,0.236790,0.000000,0.976304,0.216402,11.371600,-3.740569,0.163934,1,0,18.025660,0.000000
4.540000,4000.000000,-17.188990,78.141540,1,1,2,2,0.728674,0.728673,0.728673,0.000000,0.968233,0.250051,0.000000,0.975655,0.219308,7.524144,-3.723808,0.235433,1,0,18.028700,0.000000
4.550000,4000.000000,-17.226430,78.317920,1,1,2,2,0.745001,0.745001,0.745001,0.000000,0.966123,0.258082,0.000000,0.974896,0.222660,3.545246,-3.744661,0.276730,1,0,18.031590,0.000000
4.560000,4000.000000,-17.264480,78.494210,1,1,2,2,0.753754,0.753733,0.753743,0.000000,0.966138,0.258025,0.000000,0.974193,0.225716,2.061454,-3.804332,0.272863,1,0,18.034240,0.000000
4.570000,4000.000000,-17.303260,78.670360,1,1,2,2,0.772310,0.772271,0.772291,0.000000,0.965828,0.259186,0.000000,0.973518,0.228608,0.000000,-3.878423,0.251239,1,0,18.037030,0.000000
4.580000,4000.000000,-17.342990,78.846330,1,1,2,2,0.789842,0.789842,0.789842,0.000000,0.967400,0.253253,0.000000,0.973016,0.230735,0.000000,-3.972524,0.194955,1,0,18.040000,0.000000
4.590000,4000.000000,-17.383650,79.022120,1,1,2,2,0.817005,0.817005,0.817005,0.000000,0.958047,0.286610,0.000000,0.971855,0.235577,0.000000,-4.066540,0.189183,1,0,18.043470,0.000000
4.600000,4000.000000,-17.425250,79.197730,1,1,2,2,0.806104,0.806084,0.806094,0.000000,0.970423,0.241410,0.000000,0.971733,0.236080,0.000000,-4.160460,0.103022,1,0,18.047450,0.000000
4.610000,4000.000000,-17.467800,79.373170,1,1,2,2,0.811142,0.811142,0.811142,0.000000,0.974097,0.226133,0.000000,0.971941,0.235225,0.000000,-4.254301,-0.008268,1,0,18.051920,0.000000
4.620000,4000.000000,-17.511280,79.548420,1,1,2,2,0.809055,0.809055,0.809055,0.000000,0.977645,0.210262,0.000000,0.972457,0.233083,2.494877,-4.348065,-0.143401,1,0,18.056880,0.000000
4.630000,4000.000000,-17.555450,79.723560,1,1,2,2,0.802702,0.802723,0.802712,0.000000,0.977638,0.210294,0.000000,0.972924,0.231126,6.307675,-4.417497,-0.250061,1,0,18.062030,0.000000
4.640000,4000.000000,-17.599950,79.898660,1,1,2,2,0.790549,0.790535,0.790542,0.000000,0.980378,0.197127,0.000000,0.973612,0.228210,10.661970,-4.449769,-0.336338,1,0,18.066760,0.000000
4.650000,4000.000000,-17.644350,80.073820,1,1,2,2,0.773197,0.773197,0.773197,0.000000,0.981922,0.189289,0.000000,0.974388,0.224874,15.054310,-4.439587,-0.386839,1,0,18.070520,0.000000
4.660000,4000.000000,-17.688210,80.249150,1,1,2,2,0.763344,0.763306,0.763325,0.000000,0.981928,0.189256,0.000000,0.975088,0.221819,16.871820,-4.386542,-0.388187,1,0,18.073050,0.000000
4.670000,4000.000000,-17.731370,80.424670,1,1,2,2,0.743487,0.743511,0.743499,0.000000,0.982125,0.188230,0.000000,0.975739,0.218938,19.946740,-4.315724,-0.368183,1,0,18.074940,0.000000
4.680000,4000.000000,-17.773520,80.600450,1,1,2,2,0.724820,0.724820,0.724820,0.000000,0.980942,0.194303,0.000000,0.976211,0.216823,21.691580,-4.214861,-0.303299,1,0,18.076160,0.000000
4.690000,4000.000000,-17.814490,80.776520,1,1,2,2,0.709961,0.709961,0.709961,0.000000,0.978505,0.206223,0.000000,0.976413,0.215912,21.754670,-4.096961,-0.198765,1,0,18.077360,0.000000
4.700000,4000.000000,-17.854270,80.952880,1,1,2,2,0.707411,0.707395,0.707403,0.000000,0.978517,0.206164,0.000000,0.976598,0.215074,19.556710,-3.978502,-0.092354,1,0,18.079170,0.000000
4.710000,4000.000000,-17.893090,81.129480,1,1,2,2,0.702430,0.702430,0.702430,0.000000,0.975148,0.221555,0.000000,0.976475,0.215631,17.696680,-3.881569,0.017807,1,0,18.081590,0.000000
4.720000,4000.000000,-17.931120,81.306280,1,1,2,2,0.704681,0.704681,0.704681,0.000000,0.971421,0.237363,0.000000,0.976059,0.217506,14.390210,-3.802901,0.133696,1,0,18.084550,0.000000
4.730000,4000.000000,-17.968690,81.483220,1,1,2,2,0.710219,0.710178,0.710199,0.000000,0.971428,0.237334,0.000000,0.975676,0.219216,11.399950,-3.756638,0.213428,1,0,18.087850,0.000000
4.740000,4000.000000,-18.006080,81.660220,1,1,2,2,0.722177,0.722138,0.722157,0.000000,0.968127,0.250460,0.000000,0.975066,0.221915,7.537581,-3.739637,0.281581,1,0,18.091110,0.000000
4.750000,4000.000000,-18.043680,81.837200,1,1,2,2,0.738848,0.738848,0.738848,0.000000,0.966088,0.258213,0.000000,0.974347,0.225052,3.583253,-3.760371,0.319297,1,0,18.094110,0.000000
4.760000,4000.000000,-18.081880,82.014090,1,1,2,2,0.760479,0.760501,0.760490,0.000000,0.970668,0.240426,0.000000,0.974040,0.226377,0.569720,-3.819659,0.283899,1,0,18.096760,0.000000
4.770000,4000.000000,-18.120960,82.190810,1,1,2,2,0.766068,0.766072,0.766070,0.000000,0.965853,0.259091,0.000000,0.973378,0.229203,0.497787,-3.908257,0.246337,1,0,18.099300,0.000000
4.780000,4000.000000,-18.160940,82.367360,1,1,2,2,0.783292,0.783292,0.783292,0.000000,0.967483,0.252937,0.000000,0.972894,0.231252,0.000000,-3.997475,0.193723,1,0,18.102290,0.000000
4.790000,4000.000000,-18.201850,82.543740,1,1,2,2,0.796955,0.796955,0.796955,0.000000,0.970549,0.240904,0.000000,0.972696,0.232083,0.000000,-4.091457,0.113594,1,0,18.105720,0.000000
4.800000,4000.000000,-18.243710,82.719930,1,1,2,2,0.798819,0.798799,0.798809,0.000000,0.970549,0.240905,0.000000,0.972514,0.232843,0.000000,-4.185358,0.032235,1,0,18.109650,0.000000
4.810000,4000.000000,-18.286500,82.895940,1,1,2,2,0.803113,0.803094,0.803104,0.000000,0.974243,0.225499,0.000000,0.972665,0.232212,1.857010,-4.279176,-0.074952,1,0,18.114070,0.000000
4.820000,4000.000000,-18.330050,83.071820,1,1,2,2,0.800379,0.800379,0.800379,0.000000,0.977755,0.209749,0.000000,0.973123,0.230284,5.169341,-4.354856,-0.187652,1,0,18.118830,0.000000
4.830000,4000.000000,-18.374030,83.247640,1,1,2,2,0.794296,0.794255,0.794276,0.000000,0.977762,0.209719,0.000000,0.973540,0.228518,8.184460,-4.398237,-0.264147,1,0,18.123410,0.000000
4.840000,4000.000000,-18.418150,83.423470,1,1,2,2,0.781991,0.781989,0.781990,0.000000,0.980456,0.196738,0.000000,0.974175,0.225792,12.006600,-4.412211,-0.328324,1,0,18.127510,0.000000
4.850000,4000.000000,-18.462040,83.599380,1,1,2,2,0.764913,0.764913,0.764913,0.000000,0.981959,0.189096,0.000000,0.974899,0.222645,15.931490,-4.388897,-0.362080,1,0,18.130700,0.000000
4.860000,4000.000000,-18.505310,83.775470,1,1,2,2,0.745134,0.745134,0.745134,0.000000,0.982106,0.188327,0.000000,0.975567,0.219702,19.266770,-4.327261,-0.352823,1,0,18.132840,0.000000
4.870000,4000.000000,-18.547640,83.951800,1,1,2,2,0.736771,0.736795,0.736783,0.000000,0.982101,0.188355,0.000000,0.976169,0.217012,19.593670,-4.233043,-0.305535,1,0,18.134230,0.000000
4.880000,4000.000000,-18.588990,84.128370,1,1,2,2,0.719285,0.719285,0.719285,0.000000,0.980865,0.194688,0.000000,0.976593,0.215095,21.126850,-4.135604,-0.240711,1,0,18.135560,0.000000
4.890000,4000.000000,-18.629230,84.305220,1,1,2,2,0.705851,0.705851,0.705851,0.000000,0.978396,0.206738,0.000000,0.976751,0.214377,20.988270,-4.023197,-0.138379,1,0,18.136960,0.000000
4.900000,4000.000000,-18.668350,84.482340,1,1,2,2,0.704228,0.704187,0.704207,0.000000,0.978403,0.206708,0.000000,0.976895,0.213718,18.737180,-3.912206,-0.036445,1,0,18.138930,0.000000
4.910000,4000.000000,-18.706580,84.659680,1,1,2,2,0.700703,0.700731,0.700717,0.000000,0.975010,0.222161,0.000000,0.976736,0.214445,16.736830,-3.823270,0.068634,1,0,18.141400,0.000000
4.920000,4000.000000,-18.744120,84.837200,1,1,2,2,0.704424,0.704424,0.704424,0.000000,0.971283,0.237929,0.000000,0.976289,0.216471,13.336760,-3.753973,0.177773,1,0,18.144290,0.000000
4.930000,4000.000000,-18.781300,85.014820,1,1,2,2,0.720039,0.719997,0.720018,0.000000,0.964806,0.262964,0.000000,0.975388,0.220494,7.714838,-3.717995,0.290017,1,0,18.147380,0.000000
4.940000,4000.000000,-18.818670,85.192440,1,1,2,2,0.723391,0.723418,0.723405,0.000000,0.968030,0.250835,0.000000,0.974792,0.223114,6.349794,-3.736989,0.320003,1,0,18.150160,0.000000
4.950000,4000.000000,-18.856370,85.370010,1,1,2,2,0.740574,0.740574,0.740574,0.000000,0.966038,0.258399,0.000000,0.974089,0.226163,2.642414,-3.769310,0.344402,1,0,18.152940,0.000000
4.960000,4000.000000,-18.894740,85.547460,1,1,2,2,0.759860,0.759860,0.759860,0.000000,0.965887,0.258964,0.000000,0.973427,0.228997,0.000000,-3.837750,0.327811,1,0,18.155370,0.000000
4.970000,4000.000000,-18.934060,85.724730,1,1,2,2,0.767790,0.767790,0.767790,0.000000,0.965886,0.258968,0.000000,0.972814,0.231586,0.000000,-3.931863,0.280337,1,0,18.157780,0.000000
4.980000,4000.000000,-18.974320,85.901820,1,1,2,2,0.784543,0.784567,0.784555,0.000000,0.967588,0.252533,0.000000,0.972382,0.233393,0.000000,-4.025888,0.218414,1,0,18.160700,0.000000
4.990000,4000.000000,-19.015520,86.078730,1,1,2,2,0.797488,0.797488,0.797488,0.000000,0.970689,0.240341,0.000000,0.972239,0.233991,0.000000,-4.119829,0.134021,1,0,18.164110,0.000000
5.000000,4000.000000,-19.057660,86.255460,1,1,2,2,0.833632,0.833631,0.833632,0.000000,0.982513,0.186192,0.000000,0.973215,0.229898,0.000000,-4.213688,-0.037925,1,0,18.168030,0.000000
5.010000,4000.000000,-19.100730,86.432000,1,1,2,2,0.802360,0.802357,0.802358,0.000000,0.974389,0.224869,0.000000,0.973317,0.229465,3.659965,-4.307482,-0.141449,1,0,18.172430,0.000000
5.020000,4000.000000,-19.144390,86.608440,1,1,2,2,0.798738,0.798738,0.798738,0.000000,0.977879,0.209172,0.000000,0.973726,0.227722,6.598295,-4.365576,-0.232752,1,0,18.176890,0.000000
5.030000,4000.000000,-19.188340,86.784860,1,1,2,2,0.788407,0.788407,0.788407,0.000000,0.980545,0.196296,0.000000,0.974353,0.225026,10.455420,-4.395000,-0.312409,1,0,18.181020,0.000000
5.040000,4000.000000,-19.232200,86.961330,1,1,2,2,0.780049,0.780007,0.780028,0.000000,0.980539,0.196325,0.000000,0.974918,0.222563,12.886980,-4.386784,-0.349123,1,0,18.184320,0.000000
5.050000,4000.000000,-19.275750,87.137910,1,1,2,2,0.763171,0.762932,0.763051,0.000000,0.981922,0.189288,0.000000,0.975565,0.219709,16.441530,-4.354818,-0.368818,1,0,18.186920,0.000000
5.060000,4000.000000,-19.318630,87.314670,1,1,2,2,0.743573,0.743573,0.743573,0.000000,0.982082,0.188453,0.000000,0.976165,0.217027,19.477370,-4.288127,-0.349774,1,0,18.188580,0.000000
5.070000,4000.000000,-19.360550,87.491670,1,1,2,2,0.735805,0.735762,0.735784,0.000000,0.982088,0.188422,0.000000,0.976708,0.214573,19.545350,-4.191768,-0.296195,1,0,18.189600,0.000000
5.080000,4000.000000,-19.401500,87.668910,1,1,2,2,0.719162,0.719191,0.719177,0.000000,0.980807,0.194981,0.000000,0.977076,0.212890,20.824490,-4.094728,-0.227646,1,0,18.190670,0.000000
5.090000,4000.000000,-19.441350,87.846410,1,1,2,2,0.706961,0.706961,0.706961,0.000000,0.978300,0.207193,0.000000,0.977183,0.212400,20.437510,-3.985204,-0.124173,1,0,18.191860,0.000000
5.100000,4000.000000,-19.480140,88.024150,1,1,2,2,0.648626,0.648626,0.648626,0.000000,0.956435,0.291947,0.000000,0.975655,0.219311,24.988190,-3.879533,0.113209,1,0,18.193650,0.000000
5.110000,4000.000000,-19.517440,88.202270,1,1,2,2,0.704369,0.704369,0.704369,0.000000,0.974872,0.222766,0.000000,0.975588,0.219608,10.963230,-3.729839,0.272833,1,0,18.198130,0.000000
5.120000,4000.000000,-19.554610,88.380450,1,1,2,2,0.709585,0.709585,0.709585,0.000000,0.971143,0.238498,0.000000,0.975219,0.221237,8.918312,-3.717111,0.316929,1,0,18.201240,0.000000
5.130000,4000.000000,-19.591860,88.558640,1,1,2,2,0.721098,0.721098,0.721098,0.000000,0.967923,0.251247,0.000000,0.974628,0.223829,5.799601,-3.724370,0.358557,1,0,18.204180,0.000000
5.140000,4000.000000,-19.629480,88.736780,1,1,2,2,0.729476,0.729437,0.729457,0.000000,0.967932,0.251213,0.000000,0.974082,0.226193,4.133324,-3.762063,0.364810,1,0,18.206770,0.000000
5.150000,4000.000000,-19.667640,88.914830,1,1,2,2,0.746805,0.746781,0.746793,0.000000,0.966004,0.258527,0.000000,0.973429,0.228986,1.063910,-3.815977,0.362508,1,0,18.209290,0.000000
5.160000,4000.000000,-19.706630,89.092720,1,1,2,2,0.765655,0.765655,0.765655,0.000000,0.965904,0.258901,0.000000,0.972818,0.231570,0.000000,-3.899743,0.325700,1,0,18.211600,0.000000
5.170000,4000.000000,-19.746570,89.270430,1,1,2,2,0.793222,0.793222,0.793222,0.000000,0.959011,0.283368,0.000000,0.971739,0.236057,0.000000,-3.993785,0.314030,1,0,18.214190,0.000000
5.180000,4000.000000,-19.787450,89.447960,1,1,2,2,0.788979,0.788958,0.788968,0.000000,0.967680,0.252182,0.000000,0.971400,0.237447,0.000000,-4.087733,0.244508,1,0,18.217280,0.000000
5.190000,4000.000000,-19.829270,89.625310,1,1,2,2,0.800635,0.800635,0.800635,0.000000,0.970815,0.239828,0.000000,0.971350,0.237652,0.000000,-4.181597,0.152854,1,0,18.220860,0.000000
5.200000,4000.000000,-19.872020,89.802470,1,1,2,2,0.806256,0.806256,0.806256,0.000000,0.974523,0.224289,0.000000,0.971630,0.236504,0.000000,-4.275381,0.035895,1,0,18.224940,0.000000
5.210000,4000.000000,-19.915710,89.979450,1,1,2,2,0.803351,0.803371,0.803361,0.000000,0.974528,0.224264,0.000000,0.971886,0.235452,1.908669,-4.369090,-0.079179,1,0,18.229510,0.000000
5.220000,4000.000000,-19.960150,90.156290,1,1,2,2,0.798029,0.798011,0.798020,0.000000,0.978002,0.208594,0.000000,0.972441,0.233147,5.860876,-4.444173,-0.198594,1,0,18.234400,0.000000
5.230000,4000.000000,-20.004960,90.333090,1,1,2,2,0.785996,0.785996,0.785996,0.000000,0.980610,0.195969,0.000000,0.973200,0.229960,10.442060,-4.480756,-0.294966,1,0,18.239000,0.000000
5.240000,4000.000000,-20.049690,90.509950,1,1,2,2,0.765707,0.765707,0.765707,0.000000,0.986093,0.166193,0.000000,0.974472,0.224506,16.430290,-4.472691,-0.387919,1,0,18.242700,0.000000
5.250000,4000.000000,-20.093750,90.687000,1,1,2,2,0.758741,0.758728,0.758735,0.000000,0.982020,0.188777,0.000000,0.975173,0.221442,17.399780,-4.406163,-0.376222,1,0,18.244670,0.000000
5.260000,4000.000000,-20.137050,90.864240,1,1,2,2,0.738975,0.738975,0.738975,0.000000,0.982057,0.188584,0.000000,0.975809,0.218624,20.314250,-4.330132,-0.350286,1,0,18.246220,0.000000
5.270000,4000.000000,-20.179300,91.041760,1,1,2,2,0.720355,0.720355,0.720355,0.000000,0.980725,0.195395,0.000000,0.976254,0.216629,21.909800,-4.225624,-0.279863,1,0,18.247190,0.000000
5.280000,4000.000000,-20.220360,91.219560,1,1,2,2,0.714806,0.714828,0.714817,0.000000,0.980731,0.195361,0.000000,0.976657,0.214803,20.674780,-4.105543,-0.190433,1,0,18.248240,0.000000
5.290000,4000.000000,-20.260340,91.397620,1,1,2,2,0.703478,0.703434,0.703456,0.000000,0.978172,0.207798,0.000000,0.976790,0.214200,20.225140,-3.997542,-0.090594,1,0,18.249760,0.000000
5.300000,4000.000000,-20.299280,91.575940,1,1,2,2,0.698670,0.698670,0.698670,0.000000,0.974728,0.223395,0.000000,0.976616,0.214992,18.052080,-3.893998,0.030714,1,0,18.251820,0.000000
5.310000,4000.000000,-20.337390,91.754460,1,1,2,2,0.701402,0.701386,0.701394,0.000000,0.974742,0.223333,0.000000,0.976457,0.215710,15.107570,-3.811795,0.128823,1,0,18.254510,0.000000
5.320000,4000.000000,-20.374980,91.933120,1,1,2,2,0.707491,0.707516,0.707503,0.000000,0.971025,0.238979,0.000000,0.976012,0.217718,11.685450,-3.758439,0.221544,1,0,18.257400,0.000000
5.330000,4000.000000,-20.412360,92.111850,1,1,2,2,0.719990,0.719990,0.719990,0.000000,0.967827,0.251617,0.000000,0.975354,0.220646,7.538266,-3.738588,0.297269,1,0,18.260280,0.000000
5.340000,4000.000000,-20.449960,92.290570,1,1,2,2,0.737258,0.737258,0.737258,0.000000,0.965972,0.258648,0.000000,0.974605,0.223931,3.398427,-3.759270,0.338238,1,0,18.262860,0.000000
5.350000,4000.000000,-20.488160,92.469180,1,1,2,2,0.746556,0.746574,0.746565,0.000000,0.965963,0.258682,0.000000,0.973910,0.226934,1.856916,-3.820326,0.332617,1,0,18.265030,0.000000
5.360000,4000.000000,-20.527120,92.647650,1,1,2,2,0.765655,0.765677,0.765666,0.000000,0.965946,0.258745,0.000000,0.973266,0.229682,0.000000,-3.896356,0.306922,1,0,18.267290,0.000000
5.370000,4000.000000,-20.567030,92.825940,1,1,2,2,0.783459,0.783459,0.783459,0.000000,0.967777,0.251807,0.000000,0.972813,0.231591,0.000000,-3.990398,0.247030,1,0,18.269700,0.000000
5.380000,4000.000000,-20.607870,93.004040,1,1,2,2,0.838483,0.838482,0.838483,0.000000,0.984699,0.174265,0.000000,0.973968,0.226685,0.000000,-4.084354,0.059304,1,0,18.272620,0.000000
5.390000,4000.000000,-20.649650,93.181950,1,1,2,2,0.799663,0.799622,0.799642,0.000000,0.970946,0.239298,0.000000,0.973714,0.227773,1.013820,-4.178247,-0.015891,1,0,18.276020,0.000000
5.400000,4000.000000,-20.692280,93.359710,1,1,2,2,0.804350,0.804350,0.804350,0.000000,0.974669,0.223654,0.000000,0.973796,0.227418,2.467717,-4.262186,-0.107913,1,0,18.279860,0.000000
5.410000,4000.000000,-20.735600,93.537350,1,1,2,2,0.801940,0.801940,0.801940,0.000000,0.978111,0.208085,0.000000,0.974183,0.225757,5.453795,-4.331896,-0.209848,1,0,18.283940,0.000000
5.420000,4000.000000,-20.779320,93.714920,1,1,2,2,0.796125,0.796122,0.796123,0.000000,0.978111,0.208086,0.000000,0.974534,0.224239,8.237791,-4.372452,-0.279193,1,0,18.287820,0.000000
5.430000,4000.000000,-20.823180,93.892490,1,1,2,2,0.784142,0.784139,0.784140,0.000000,0.980687,0.195585,0.000000,0.975096,0.221780,11.878230,-4.385829,-0.338312,1,0,18.291220,0.000000
5.440000,4000.000000,-20.866810,94.070150,1,1,2,2,0.767344,0.767344,0.767344,0.000000,0.982056,0.188587,0.000000,0.975739,0.218933,15.657530,-4.363658,-0.368294,1,0,18.293760,0.000000
5.450000,4000.000000,-20.909860,94.247970,1,1,2,2,0.758614,0.758599,0.758607,0.000000,0.982045,0.188649,0.000000,0.976319,0.216334,16.924400,-4.304563,-0.355836,1,0,18.295300,0.000000
5.460000,4000.000000,-20.952190,94.425970,1,1,2,2,0.739942,0.739930,0.739936,0.000000,0.982032,0.188713,0.000000,0.976841,0.213964,19.556370,-4.233067,-0.326480,1,0,18.296430,0.000000
5.470000,4000.000000,-20.993550,94.604210,1,1,2,2,0.722807,0.722807,0.722807,0.000000,0.980649,0.195774,0.000000,0.977182,0.212401,20.874090,-4.135839,-0.255729,1,0,18.297100,0.000000
5.480000,4000.000000,-21.033810,94.782710,1,1,2,2,0.709960,0.709960,0.709960,0.000000,0.978057,0.208338,0.000000,0.977258,0.212051,20.523570,-4.025756,-0.149179,1,0,18.297890,0.000000
5.490000,4000.000000,-21.073000,94.961460,1,1,2,2,0.708841,0.708870,0.708855,0.000000,0.978064,0.208306,0.000000,0.977327,0.211729,18.136660,-3.919176,-0.045722,1,0,18.299320,0.000000
5.500000,4000.000000,-21.111360,95.140400,1,1,2,2,0.706066,0.705729,0.705898,0.000000,0.974544,0.224197,0.000000,0.977094,0.212804,16.025460,-3.835999,0.059930,1,0,18.301260,0.000000
5.510000,4000.000000,-21.149090,95.319510,1,1,2,2,0.710535,0.710535,0.710535,0.000000,0.970878,0.239574,0.000000,0.976588,0.215114,12.494810,-3.773560,0.167570,1,0,18.303640,0.000000
5.520000,4000.000000,-21.186550,95.498700,1,1,2,2,0.717063,0.717091,0.717077,0.000000,0.970886,0.239543,0.000000,0.976121,0.217222,9.599504,-3.745726,0.236094,1,0,18.306210,0.000000
5.530000,4000.000000,-21.224010,95.677920,1,1,2,2,0.730718,0.730695,0.730706,0.000000,0.967728,0.251999,0.000000,0.975448,0.220227,5.729413,-3.746227,0.292504,1,0,18.308690,0.000000
5.540000,4000.000000,-21.261860,95.857070,1,1,2,2,0.748509,0.748509,0.748509,0.000000,0.965937,0.258779,0.000000,0.974689,0.223559,1.919183,-3.784533,0.316436,1,0,18.310890,0.000000
5.550000,4000.000000,-21.300460,96.036090,1,1,2,2,0.768154,0.768154,0.768154,0.000000,0.965988,0.258589,0.000000,0.973990,0.226586,0.000000,-3.859975,0.296630,1,0,18.312820,0.000000
5.560000,4000.000000,-21.340000,96.214920,1,1,2,2,0.776202,0.776227,0.776215,0.000000,0.965979,0.258620,0.000000,0.973342,0.229353,0.000000,-3.954050,0.252880,1,0,18.314910,0.000000
5.570000,4000.000000,-21.380480,96.393560,1,1,2,2,0.792966,0.792966,0.792966,0.000000,0.967876,0.251428,0.000000,0.972892,0.231258,0.000000,-4.048036,0.193034,1,0,18.317500,0.000000
5.580000,4000.000000,-21.421900,96.572020,1,1,2,2,0.805602,0.805602,0.805602,0.000000,0.971095,0.238693,0.000000,0.972739,0.231899,0.000000,-4.141936,0.109494,1,0,18.320580,0.000000
5.590000,4000.000000,-21.464260,96.750300,1,1,2,2,0.864416,0.864436,0.864426,0.000000,0.989658,0.143449,0.000000,0.974508,0.224350,0.000000,-4.235754,-0.128097,1,0,18.324150,0.000000
5.600000,4000.000000,-21.507550,96.928390,1,1,2,2,0.809763,0.809744,0.809754,0.000000,0.974799,0.223084,0.000000,0.974533,0.224241,4.445436,-4.329518,-0.225637,1,0,18.328220,0.000000
5.610000,4000.000000,-21.551350,97.106400,1,1,2,2,0.805576,0.805576,0.805576,0.000000,0.978233,0.207511,0.000000,0.974863,0.222803,7.150437,-4.379881,-0.303628,1,0,18.332050,0.000000
5.620000,4000.000000,-21.595390,97.284390,1,1,2,2,0.794649,0.794649,0.794649,0.000000,0.980763,0.195202,0.000000,0.975401,0.220435,10.832690,-4.403821,-0.372035,1,0,18.335450,0.000000
5.630000,4000.000000,-21.639310,97.462430,1,1,2,2,0.786371,0.786330,0.786350,0.000000,0.980770,0.195170,0.000000,0.975889,0.218266,13.026400,-4.391792,-0.399839,1,0,18.337940,0.000000
5.640000,4000.000000,-21.682890,97.640570,1,1,2,2,0.769039,0.769021,0.769030,0.000000,0.982070,0.188518,0.000000,0.976456,0.215713,16.476770,-4.358320,-0.412924,1,0,18.339750,0.000000
5.650000,4000.000000,-21.725800,97.818890,1,1,2,2,0.749752,0.749752,0.749752,0.000000,0.982008,0.188841,0.000000,0.976963,0.213406,19.301400,-4.291120,-0.386907,1,0,18.340600,0.000000
5.660000,4000.000000,-21.767770,97.997430,1,1,2,2,0.742261,0.742286,0.742273,0.000000,0.982002,0.188872,0.000000,0.977421,0.211300,19.202790,-4.196304,-0.328939,1,0,18.340850,0.000000
5.670000,4000.000000,-21.808790,98.176190,1,1,2,2,0.726235,0.726235,0.726235,0.000000,0.980583,0.196104,0.000000,0.977702,0.209994,20.294480,-4.102451,-0.257020,1,0,18.341220,0.000000
5.680000,4000.000000,-21.848770,98.355200,1,1,2,2,0.714883,0.714883,0.714883,0.000000,0.977935,0.208911,0.000000,0.977722,0.209900,19.700490,-3.997954,-0.151520,1,0,18.341750,0.000000
5.690000,4000.000000,-21.887760,98.534440,1,1,2,2,0.710058,0.710058,0.710058,0.000000,0.974451,0.224602,0.000000,0.977450,0.211168,17.441420,-3.899349,-0.026523,1,0,18.342890,0.000000
5.700000,4000.000000,-21.925990,98.713860,1,1,2,2,0.713106,0.713093,0.713100,0.000000,0.974464,0.224543,0.000000,0.977200,0.212320,14.386910,-3.822957,0.073661,1,0,18.344770,0.000000
5.710000,4000.000000,-21.963760,98.893400,1,1,2,2,0.719121,0.719078,0.719099,0.000000,0.970745,0.240112,0.000000,0.976675,0.214720,10.976820,-3.776517,0.166660,1,0,18.346960,0.000000
5.720000,4000.000000,-22.001390,99.072990,1,1,2,2,0.731492,0.731492,0.731492,0.000000,0.967631,0.252369,0.000000,0.975954,0.217973,6.864963,-3.763489,0.241625,1,0,18.349260,0.000000
5.730000,4000.000000,-22.039300,99.252550,1,1,2,2,0.740164,0.740117,0.740141,0.000000,0.967638,0.252342,0.000000,0.975287,0.220943,4.587714,-3.790669,0.270179,1,0,18.351410,0.000000
5.740000,4000.000000,-22.077700,99.432020,1,1,2,2,0.758166,0.758128,0.758147,0.000000,0.965896,0.258929,0.000000,0.974537,0.224226,1.044668,-3.840072,0.281963,1,0,18.353510,0.000000
5.750000,4000.000000,-22.116940,99.611340,1,1,2,2,0.777285,0.777285,0.777285,0.000000,0.966023,0.258458,0.000000,0.973852,0.227184,0.000000,-3.923983,0.252294,1,0,18.355490,0.000000
5.760000,4000.000000,-22.157120,99.790470,1,1,2,2,0.795129,0.795129,0.795129,0.000000,0.967972,0.251058,0.000000,0.973369,0.229244,0.000000,-4.017994,0.195394,1,0,18.357800,0.000000
5.770000,4000.000000,-22.198240,99.969410,1,1,2,2,0.800287,0.800266,0.800277,0.000000,0.967973,0.251055,0.000000,0.972924,0.231126,0.000000,-4.111919,0.135244,1,0,18.360610,0.000000
5.780000,4000.000000,-22.240300,100.148200,1,1,2,2,0.811158,0.811135,0.811146,0.000000,0.971220,0.238183,0.000000,0.972779,0.231734,0.000000,-4.205758,0.051159,1,0,18.363900,0.000000
5.790000,4000.000000,-22.283290,100.326700,1,1,2,2,0.815717,0.815717,0.815717,0.000000,0.974933,0.222500,0.000000,0.972968,0.230940,0.000000,-4.299514,-0.059301,1,0,18.367690,0.000000
5.800000,4000.000000,-22.327220,100.505100,1,1,2,2,0.840766,0.840786,0.840776,0.000000,0.984171,0.177222,0.000000,0.974048,0.226342,0.000000,-4.393194,-0.241474,1,0,18.371970,0.000000
5.810000,4000.000000,-22.372090,100.683300,1,1,2,2,0.805884,0.805866,0.805875,0.000000,0.978342,0.206998,0.000000,0.974432,0.224680,8.705774,-4.486809,-0.368162,1,0,18.376740,0.000000
5.820000,4000.000000,-22.417050,100.861500,1,1,2,2,0.792864,0.792864,0.792864,0.000000,0.980828,0.194877,0.000000,0.975018,0.222123,12.464180,-4.495518,-0.424592,1,0,18.380010,0.000000
5.830000,4000.000000,-22.461720,101.039900,1,1,2,2,0.775005,0.775005,0.775005,0.000000,0.982095,0.188389,0.000000,0.975673,0.219230,16.314400,-4.467532,-0.449760,1,0,18.382190,0.000000
5.840000,4000.000000,-22.505740,101.218300,1,1,2,2,0.765439,0.765424,0.765432,0.000000,0.982094,0.188392,0.000000,0.976264,0.216583,17.593900,-4.401932,-0.431778,1,0,18.383210,0.000000
5.850000,4000.000000,-22.548980,101.397000,1,1,2,2,0.745898,0.745921,0.745910,0.000000,0.981977,0.188999,0.000000,0.976786,0.214216,20.213780,-4.323808,-0.395808,1,0,18.383790,0.000000
5.860000,4000.000000,-22.591180,101.576000,1,1,2,2,0.728083,0.728083,0.728083,0.000000,0.980494,0.196547,0.000000,0.977118,0.212698,21.473420,-4.220076,-0.317715,1,0,18.383860,0.000000
5.870000,4000.000000,-22.632220,101.755200,1,1,2,2,0.723076,0.723057,0.723066,0.000000,0.980506,0.196488,0.000000,0.977420,0.211305,20.055730,-4.104062,-0.224767,1,0,18.384100,0.000000
5.880000,4000.000000,-22.672240,101.934600,1,1,2,2,0.713037,0.713018,0.713028,0.000000,0.977824,0.209428,0.000000,0.977455,0.211144,19.317420,-4.001942,-0.122943,1,0,18.384890,0.000000
5.890000,4000.000000,-22.711310,102.114300,1,1,2,2,0.709837,0.709837,0.709837,0.000000,0.974317,0.225182,0.000000,0.977193,0.212354,16.885460,-3.907118,-0.002795,1,0,18.386250,0.000000
5.900000,4000.000000,-22.749680,102.294100,1,1,2,2,0.713995,0.713995,0.713995,0.000000,0.970612,0.240648,0.000000,0.976659,0.214796,13.157620,-3.836185,0.116172,1,0,18.388250,0.000000
5.910000,4000.000000,-22.787690,102.474000,1,1,2,2,0.720431,0.720388,0.720409,0.000000,0.970621,0.240614,0.000000,0.976166,0.217024,10.057410,-3.801802,0.193803,1,0,18.390620,0.000000
5.920000,4000.000000,-22.825670,102.654000,1,1,2,2,0.733861,0.733846,0.733853,0.000000,0.967548,0.252687,0.000000,0.975476,0.220106,6.062539,-3.797768,0.256532,1,0,18.392990,0.000000
5.930000,4000.000000,-22.864000,102.833900,1,1,2,2,0.751489,0.751489,0.751489,0.000000,0.965870,0.259028,0.000000,0.974710,0.223470,2.176053,-3.832765,0.284715,1,0,18.395150,0.000000
5.940000,4000.000000,-22.903060,103.013700,1,1,2,2,0.774285,0.774307,0.774296,0.000000,0.970822,0.239803,0.000000,0.974386,0.224879,0.000000,-3.905648,0.237201,1,0,18.397100,0.000000
5.950000,4000.000000,-22.943050,103.193300,1,1,2,2,0.778805,0.778759,0.778782,0.000000,0.966063,0.258308,0.000000,0.973715,0.227767,0.000000,-3.999676,0.195964,1,0,18.399190,0.000000
5.960000,4000.000000,-22.983990,103.372700,1,1,2,2,0.795265,0.795265,0.795265,0.000000,0.968072,0.250672,0.000000,0.973251,0.229743,0.000000,-4.093613,0.137638,1,0,18.401780,0.000000
5.970000,4000.000000,-23.025860,103.551900,1,1,2,2,0.807537,0.807537,0.807537,0.000000,0.971345,0.237674,0.000000,0.973090,0.230426,0.000000,-4.187464,0.054953,1,0,18.404860,0.000000
5.980000,4000.000000,-23.068670,103.731000,1,1,2,2,0.808534,0.808493,0.808514,0.000000,0.971352,0.237645,0.000000,0.972942,0.231047,0.000000,-4.281233,-0.028795,1,0,18.408440,0.000000
5.990000,4000.000000,-23.112420,103.909800,1,1,2,2,0.810746,0.810746,0.810746,0.000000,0.975075,0.221874,0.000000,0.973129,0.230259,2.090338,-4.374919,-0.139131,1,0,18.412500,0.000000
6.000000,4000.000000,-23.156900,104.088500,1,1,2,2,0.805764,0.805764,0.805764,0.000000,0.978463,0.206424,0.000000,0.973611,0.228213,5.820778,-4.448187,-0.252287,1,0,18.416790,0.000000
6.010000,4000.000000,-23.201760,104.267200,1,1,2,2,0.752842,0.752842,0.752842,0.000000,0.967202,0.254010,0.000000,0.973086,0.230440,15.215430,-4.485068,-0.247237,1,0,18.420710,0.000000
6.020000,4000.000000,-23.246060,104.446000,1,1,2,2,0.785242,0.785204,0.785223,0.000000,0.980910,0.194462,0.000000,0.973812,0.227355,9.430798,-4.430523,-0.248714,1,0,18.423620,0.000000
6.030000,4000.000000,-23.290380,104.624900,1,1,2,2,0.767093,0.767093,0.767093,0.000000,0.982107,0.188324,0.000000,0.974587,0.224009,14.309090,-4.432255,-0.313002,1,0,18.426920,0.000000
6.040000,4000.000000,-23.334250,104.803900,1,1,2,2,0.746923,0.746923,0.746923,0.000000,0.981946,0.189163,0.000000,0.975269,0.221021,18.164670,-4.386380,-0.321738,1,0,18.429110,0.000000
6.050000,4000.000000,-23.377280,104.983100,1,1,2,2,0.738572,0.738572,0.738572,0.000000,0.981946,0.189163,0.000000,0.975884,0.218288,18.808460,-4.302853,-0.287121,1,0,18.430460,0.000000
6.060000,4000.000000,-23.419400,105.162500,1,1,2,2,0.721710,0.721695,0.721702,0.000000,0.980416,0.196941,0.000000,0.976293,0.216454,20.399710,-4.213012,-0.229146,1,0,18.431630,0.000000
6.070000,4000.000000,-23.460480,105.342200,1,1,2,2,0.709678,0.709678,0.709678,0.000000,0.977701,0.210002,0.000000,0.976415,0.215900,20.116440,-4.107641,-0.131194,1,0,18.432790,0.000000
6.080000,4000.000000,-23.500530,105.522200,1,1,2,2,0.666544,0.666544,0.666544,0.000000,0.961105,0.276185,0.000000,0.975245,0.221125,22.764180,-4.005102,0.072999,1,0,18.434480,0.000000
6.090000,4000.000000,-23.539300,105.702400,1,1,2,2,0.707279,0.707241,0.707260,0.000000,0.974176,0.225790,0.000000,0.975154,0.221527,11.947030,-3.877044,0.212499,1,0,18.438130,0.000000
6.100000,4000.000000,-23.577850,105.882800,1,1,2,2,0.713115,0.713115,0.713115,0.000000,0.970486,0.241158,0.000000,0.974768,0.223220,9.498070,-3.854598,0.268149,1,0,18.441100,0.000000
6.110000,4000.000000,-23.616410,106.063100,1,1,2,2,0.725183,0.725183,0.725183,0.000000,0.967449,0.253068,0.000000,0.974174,0.225797,6.122257,-3.856082,0.316060,1,0,18.443930,0.000000
6.120000,4000.000000,-23.655310,106.243400,1,1,2,2,0.733217,0.733201,0.733209,0.000000,0.967449,0.253066,0.000000,0.973626,0.228152,4.422896,-3.890498,0.326031,1,0,18.446460,0.000000
6.130000,4000.000000,-23.694730,106.423700,1,1,2,2,0.750617,0.750618,0.750617,0.000000,0.965837,0.259152,0.000000,0.972994,0.230829,1.303455,-3.941455,0.325220,1,0,18.448940,0.000000
6.140000,4000.000000,-23.734960,106.603700,1,1,2,2,0.769069,0.769069,0.769069,0.000000,0.966120,0.258094,0.000000,0.972433,0.233183,0.000000,-4.022740,0.287177,1,0,18.451240,0.000000
6.150000,4000.000000,-23.776120,106.783600,1,1,2,2,0.786072,0.786072,0.786072,0.000000,0.968185,0.250236,0.000000,0.972079,0.234654,0.000000,-4.116630,0.219445,1,0,18.453810,0.000000
6.160000,4000.000000,-23.818230,106.963300,1,1,2,2,0.790275,0.790231,0.790253,0.000000,0.968177,0.250265,0.000000,0.971753,0.236000,0.000000,-4.210434,0.149459,1,0,18.456860,0.000000
6.170000,4000.000000,-23.861270,107.142800,1,1,2,2,0.799979,0.799996,0.799987,0.000000,0.971490,0.237080,0.000000,0.971730,0.236093,0.000000,-4.304154,0.055770,1,0,18.460410,0.000000
6.180000,4000.000000,-23.905250,107.322200,1,1,2,2,0.803305,0.803305,0.803305,0.000000,0.975220,0.221237,0.000000,0.972040,0.234816,1.537192,-4.397794,-0.063853,1,0,18.464440,0.000000
6.190000,4000.000000,-23.950010,107.501400,1,1,2,2,0.799300,0.799258,0.799279,0.000000,0.975213,0.221269,0.000000,0.972320,0.233653,4.815605,-4.476415,-0.165894,1,0,18.468820,0.000000
6.200000,4000.000000,-23.995240,107.680500,1,1,2,2,0.791832,0.791853,0.791842,0.000000,0.978564,0.205941,0.000000,0.972888,0.231275,8.465888,-4.523092,-0.258138,1,0,18.473130,0.000000
6.210000,4000.000000,-24.040580,107.859600,1,1,2,2,0.778134,0.778134,0.778134,0.000000,0.980980,0.194110,0.000000,0.973640,0.228089,12.716760,-4.534196,-0.329179,1,0,18.476860,0.000000
6.220000,4000.000000,-24.085620,108.038800,1,1,2,2,0.759764,0.759764,0.759764,0.000000,0.982132,0.188196,0.000000,0.974435,0.224669,16.854420,-4.503850,-0.362112,1,0,18.479580,0.000000
6.230000,4000.000000,-24.129950,108.218200,1,1,2,2,0.749991,0.749991,0.749991,0.000000,0.982132,0.188194,0.000000,0.975151,0.221541,18.271470,-4.433120,-0.348143,1,0,18.481210,0.000000
6.240000,4000.000000,-24.173440,108.397900,1,1,2,2,0.730373,0.730401,0.730387,0.000000,0.981914,0.189328,0.000000,0.975775,0.218778,20.931600,-4.348521,-0.313154,1,0,18.482380,0.000000
6.250000,4000.000000,-24.215820,108.577800,1,1,2,2,0.712788,0.712788,0.712788,0.000000,0.980339,0.197321,0.000000,0.976186,0.216935,22.129300,-4.237933,-0.234188,1,0,18.483140,0.000000
6.260000,4000.000000,-24.256970,108.758000,1,1,2,2,0.707999,0.708000,0.707999,0.000000,0.980339,0.197322,0.000000,0.976559,0.215250,20.649070,-4.115667,-0.140357,1,0,18.484130,0.000000
6.270000,4000.000000,-24.297050,108.938400,1,1,2,2,0.698692,0.698655,0.698674,0.000000,0.977583,0.210549,0.000000,0.976648,0.214846,19.749610,-4.007883,-0.037199,1,0,18.485610,0.000000
6.280000,4000.000000,-24.336140,109.119100,1,1,2,2,0.696386,0.696386,0.696386,0.000000,0.974051,0.226328,0.000000,0.976430,0.215836,17.147960,-3.908958,0.083255,1,0,18.487630,0.000000
6.290000,4000.000000,-24.374500,109.300000,1,1,2,2,0.701514,0.701514,0.701514,0.000000,0.970360,0.241663,0.000000,0.975934,0.218065,13.274020,-3.835559,0.201099,1,0,18.490170,0.000000
6.300000,4000.000000,-24.412500,109.481000,1,1,2,2,0.708377,0.708373,0.708375,0.000000,0.970360,0.241662,0.000000,0.975477,0.220101,10.149010,-3.800107,0.276516,1,0,18.492860,0.000000
6.310000,4000.000000,-24.450450,109.662000,1,1,2,2,0.722729,0.722683,0.722706,0.000000,0.967360,0.253407,0.000000,0.974823,0.222978,6.059949,-3.795222,0.336640,1,0,18.495390,0.000000
6.320000,4000.000000,-24.488750,109.843000,1,1,2,2,0.741005,0.741005,0.741005,0.000000,0.965819,0.259218,0.000000,0.974102,0.226110,2.155926,-3.830258,0.360762,1,0,18.497510,0.000000
6.330000,4000.000000,-24.527790,110.023800,1,1,2,2,0.779703,0.779703,0.779703,0.000000,0.946899,0.321532,0.000000,0.972134,0.234424,0.000000,-3.903326,0.444474,1,0,18.499240,0.000000
6.340000,4000.000000,-24.567760,110.204400,1,1,2,2,0.768917,0.768895,0.768906,0.000000,0.966155,0.257962,0.000000,0.971642,0.236455,0.000000,-3.997303,0.387389,1,0,18.501040,0.000000
6.350000,4000.000000,-24.608670,110.384900,1,1,2,2,0.785322,0.785322,0.785322,0.000000,0.968282,0.249860,0.000000,0.971360,0.237611,0.000000,-4.091195,0.313747,1,0,18.503320,0.000000
6.360000,4000.000000,-24.650520,110.565100,1,1,2,2,0.797298,0.797298,0.797298,0.000000,0.971622,0.236537,0.000000,0.971383,0.237518,0.000000,-4.185001,0.216430,1,0,18.506100,0.000000
6.370000,4000.000000,-24.693310,110.745200,1,1,2,2,0.798293,0.798310,0.798302,0.000000,0.971630,0.236507,0.000000,0.971404,0.237431,0.000000,-4.278728,0.119295,1,0,18.509370,0.000000
6.380000,4000.000000,-24.737030,110.925100,1,1,2,2,0.799969,0.799969,0.799969,0.000000,0.975351,0.220661,0.000000,0.971755,0.235991,0.627248,-4.372375,-0.003549,1,0,18.513120,0.000000
6.390000,4000.000000,-24.781630,111.104800,1,1,2,2,0.794197,0.794197,0.794197,0.000000,0.978678,0.205402,0.000000,0.972389,0.233367,5.148389,-4.459852,-0.142585,1,0,18.517320,0.000000
6.400000,4000.000000,-24.826660,111.284500,1,1,2,2,0.781617,0.781617,0.781617,0.000000,0.981043,0.193791,0.000000,0.973196,0.229975,10.129720,-4.503294,-0.250949,1,0,18.521420,0.000000
6.410000,4000.000000,-24.871640,111.464200,1,1,2,2,0.772294,0.772278,0.772286,0.000000,0.981043,0.193788,0.000000,0.973924,0.226872,13.141120,-4.498191,-0.303939,1,0,18.524710,0.000000
6.420000,4000.000000,-24.916280,111.644000,1,1,2,2,0.753640,0.753601,0.753621,0.000000,0.982150,0.188101,0.000000,0.974693,0.223549,17.185240,-4.463700,-0.331008,1,0,18.527210,0.000000
6.430000,4000.000000,-24.960180,111.824000,1,1,2,2,0.733580,0.733580,0.733580,0.000000,0.981884,0.189484,0.000000,0.975358,0.220627,20.273970,-4.389730,-0.310007,1,0,18.528730,0.000000
6.440000,4000.000000,-25.003040,112.004300,1,1,2,2,0.703787,0.703745,0.703766,0.000000,0.990425,0.138052,0.000000,0.976927,0.213573,26.320210,-4.285593,-0.336576,1,0,18.529690,0.000000
6.450000,4000.000000,-25.044260,112.185000,1,1,2,2,0.710393,0.710349,0.710371,0.000000,0.980256,0.197734,0.000000,0.977224,0.212212,21.587940,-4.122183,-0.194727,1,0,18.529150,0.000000
6.460000,4000.000000,-25.084310,112.365900,1,1,2,2,0.700366,0.700366,0.700366,0.000000,0.977467,0.211090,0.000000,0.977245,0.212116,20.430320,-4.005083,-0.076377,1,0,18.529890,0.000000
6.470000,4000.000000,-25.123300,112.547000,1,1,2,2,0.697334,0.697334,0.697334,0.000000,0.973889,0.227024,0.000000,0.976965,0.213401,17.651480,-3.899391,0.056497,1,0,18.531360,0.000000
6.480000,4000.000000,-25.161510,112.728400,1,1,2,2,0.701296,0.701279,0.701288,0.000000,0.973903,0.226964,0.000000,0.976709,0.214569,14.367320,-3.820991,0.159298,1,0,18.533510,0.000000
6.490000,4000.000000,-25.199260,112.909900,1,1,2,2,0.709193,0.709217,0.709205,0.000000,0.970226,0.242202,0.000000,0.976182,0.216955,10.612200,-3.774774,0.252293,1,0,18.535820,0.000000
6.500000,4000.000000,-25.236910,113.091400,1,1,2,2,0.723313,0.723313,0.723313,0.000000,0.967268,0.253758,0.000000,0.975469,0.220135,6.301794,-3.765320,0.322849,1,0,18.538030,0.000000
6.510000,4000.000000,-25.274890,113.272800,1,1,2,2,0.761680,0.761680,0.761680,0.000000,0.946243,0.323457,0.000000,0.973392,0.229145,0.000000,-3.797986,0.461286,1,0,18.539860,0.000000
6.520000,4000.000000,-25.313810,113.454100,1,1,2,2,0.751191,0.751187,0.751189,0.000000,0.965787,0.259336,0.000000,0.972775,0.231752,0.000000,-3.892064,0.415074,1,0,18.540980,0.000000
6.530000,4000.000000,-25.353670,113.635200,1,1,2,2,0.770257,0.770257,0.770257,0.000000,0.966207,0.257769,0.000000,0.972237,0.233998,0.000000,-3.986053,0.362106,1,0,18.542600,0.000000
6.540000,4000.000000,-25.394470,113.816100,1,1,2,2,0.787382,0.787382,0.787382,0.000000,0.968396,0.249418,0.000000,0.971916,0.235327,0.000000,-4.079955,0.291775,1,0,18.544710,0.000000
6.550000,4000.000000,-25.436210,113.996800,1,1,2,2,0.792036,0.792035,0.792035,0.000000,0.968395,0.249420,0.000000,0.971621,0.236542,0.000000,-4.173771,0.219368,1,0,18.547310,0.000000
6.560000,4000.000000,-25.478890,114.177400,1,1,2,2,0.801462,0.801445,0.801454,0.000000,0.971760,0.235973,0.000000,0.971633,0.236493,0.000000,-4.267503,0.122930,1,0,18.550390,0.000000
6.570000,4000.000000,-25.522500,114.357700,1,1,2,2,0.804189,0.804189,0.804189,0.000000,0.975480,0.220087,0.000000,0.971975,0.235083,0.000000,-4.361155,0.000592,1,0,18.553960,0.000000
6.580000,4000.000000,-25.567050,114.537900,1,1,2,2,0.799363,0.799363,0.799363,0.000000,0.978786,0.204885,0.000000,0.972598,0.232493,4.261096,-4.454731,-0.144207,1,0,18.558020,0.000000
6.590000,4000.000000,-25.612120,114.717900,1,1,2,2,0.792148,0.792148,0.792148,0.000000,0.978786,0.204885,0.000000,0.973161,0.230124,8.012033,-4.506792,-0.242081,1,0,18.562060,0.000000
6.600000,4000.000000,-25.657340,114.898000,1,1,2,2,0.777826,0.777826,0.777826,0.000000,0.981107,0.193466,0.000000,0.973899,0.226981,12.474090,-4.522289,-0.317151,1,0,18.565580,0.000000
6.610000,4000.000000,-25.702280,115.078100,1,1,2,2,0.759157,0.759157,0.759157,0.000000,0.982168,0.188006,0.000000,0.974672,0.223640,16.696810,-4.494268,-0.351345,1,0,18.568100,0.000000
6.620000,4000.000000,-25.746530,115.258500,1,1,2,2,0.739348,0.739348,0.739348,0.000000,0.986786,0.162032,0.000000,0.975866,0.218369,20.991660,-4.425028,-0.380042,1,0,18.569550,0.000000
6.630000,4000.000000,-25.789670,115.439100,1,1,2,2,0.730627,0.730588,0.730607,0.000000,0.981841,0.189706,0.000000,0.976413,0.215909,20.877270,-4.313753,-0.312318,1,0,18.569710,0.000000
6.640000,4000.000000,-25.831710,115.620000,1,1,2,2,0.714117,0.714117,0.714117,0.000000,0.980171,0.198153,0.000000,0.976749,0.214384,21.742520,-4.203584,-0.228066,1,0,18.570060,0.000000
6.650000,4000.000000,-25.872550,115.801100,1,1,2,2,0.702706,0.702706,0.702706,0.000000,0.977342,0.211665,0.000000,0.976800,0.214150,20.863150,-4.084992,-0.110713,1,0,18.570720,0.000000
6.660000,4000.000000,-25.912310,115.982600,1,1,2,2,0.702257,0.702253,0.702255,0.000000,0.977342,0.211667,0.000000,0.976847,0.213936,18.223860,-3.975080,-0.001874,1,0,18.572120,0.000000
6.670000,4000.000000,-25.951220,116.164200,1,1,2,2,0.701636,0.701598,0.701617,0.000000,0.973763,0.227564,0.000000,0.976589,0.215111,15.617470,-3.891035,0.106870,1,0,18.574020,0.000000
6.680000,4000.000000,-25.989540,116.345900,1,1,2,2,0.708297,0.708297,0.708297,0.000000,0.970094,0.242731,0.000000,0.976061,0.217495,11.768910,-3.832558,0.212513,1,0,18.576290,0.000000
6.690000,4000.000000,-26.027660,116.527800,1,1,2,2,0.721474,0.721474,0.721474,0.000000,0.967185,0.254074,0.000000,0.975351,0.220656,7.341434,-3.811769,0.294455,1,0,18.578600,0.000000
6.700000,4000.000000,-26.066000,116.709600,1,1,2,2,0.730580,0.730584,0.730582,0.000000,0.967186,0.254069,0.000000,0.974694,0.223543,4.883564,-3.834253,0.326937,1,0,18.580620,0.000000
6.710000,4000.000000,-26.104810,116.891300,1,1,2,2,0.749138,0.749139,0.749138,0.000000,0.965771,0.259397,0.000000,0.973978,0.226641,1.235769,-3.880713,0.338963,1,0,18.582490,0.000000
6.720000,4000.000000,-26.144440,117.072900,1,1,2,2,0.768685,0.768685,0.768685,0.000000,0.966257,0.257579,0.000000,0.973352,0.229313,0.000000,-3.962686,0.306483,1,0,18.584090,0.000000
6.730000,4000.000000,-26.185000,117.254300,1,1,2,2,0.831583,0.831603,0.831593,0.000000,0.985016,0.172465,0.000000,0.974486,0.224448,0.000000,-4.056616,0.117893,1,0,18.585960,0.000000
6.740000,4000.000000,-26.226510,117.435400,1,1,2,2,0.791559,0.791516,0.791537,0.000000,0.968501,0.249009,0.000000,0.973995,0.226568,0.512233,-4.150482,0.062637,1,0,18.588310,0.000000
6.750000,4000.000000,-26.268900,117.616500,1,1,2,2,0.801998,0.801998,0.801998,0.000000,0.971898,0.235401,0.000000,0.973818,0.227329,0.526463,-4.239271,-0.013321,1,0,18.591150,0.000000
6.760000,4000.000000,-26.312180,117.797300,1,1,2,2,0.805916,0.805916,0.805916,0.000000,0.975611,0.219507,0.000000,0.973974,0.226657,2.399900,-4.327843,-0.116405,1,0,18.594420,0.000000
6.770000,4000.000000,-26.356160,117.978000,1,1,2,2,0.802689,0.802667,0.802678,0.000000,0.975625,0.219447,0.000000,0.974119,0.226037,5.066370,-4.398094,-0.199694,1,0,18.597930,0.000000
6.780000,4000.000000,-26.400580,118.158600,1,1,2,2,0.795871,0.795871,0.795871,0.000000,0.978893,0.204375,0.000000,0.974548,0.224176,8.301889,-4.442308,-0.279933,1,0,18.601310,0.000000
6.790000,4000.000000,-26.445130,118.339300,1,1,2,2,0.782799,0.782799,0.782799,0.000000,0.981182,0.193088,0.000000,0.975158,0.221509,12.241720,-4.454937,-0.343169,1,0,18.604170,0.000000
6.800000,4000.000000,-26.489420,118.520000,1,1,2,2,0.711830,0.711830,0.711830,0.000000,0.964651,0.263530,0.000000,0.974325,0.225143,22.597840,-4.429093,-0.246763,1,0,18.606080,0.000000
6.810000,4000.000000,-26.532450,118.701000,1,1,2,2,0.756814,0.756798,0.756806,0.000000,0.982181,0.187939,0.000000,0.975057,0.221953,12.766470,-4.302458,-0.177050,1,0,18.607560,0.000000
6.820000,4000.000000,-26.575160,118.882100,1,1,2,2,0.738201,0.738201,0.738201,0.000000,0.981797,0.189931,0.000000,0.975678,0.219206,16.627750,-4.271638,-0.197302,1,0,18.609720,0.000000
6.830000,4000.000000,-26.617190,119.063400,1,1,2,2,0.721377,0.721377,0.721377,0.000000,0.980080,0.198602,0.000000,0.976074,0.217436,18.735430,-4.203101,-0.160320,1,0,18.611270,0.000000
6.840000,4000.000000,-26.658330,119.245000,1,1,2,2,0.717147,0.717107,0.717127,0.000000,0.980086,0.198571,0.000000,0.976434,0.215816,17.982920,-4.113989,-0.099477,1,0,18.612690,0.000000
6.850000,4000.000000,-26.698660,119.426700,1,1,2,2,0.708334,0.708319,0.708326,0.000000,0.977217,0.212243,0.000000,0.976501,0.215508,17.611010,-4.032239,-0.021211,1,0,18.614250,0.000000
6.860000,4000.000000,-26.738200,119.608600,1,1,2,2,0.706505,0.706505,0.706505,0.000000,0.973621,0.228172,0.000000,0.976260,0.216600,15.407950,-3.954180,0.079932,1,0,18.616130,0.000000
6.870000,4000.000000,-26.777170,119.790700,1,1,2,2,0.711983,0.711983,0.711983,0.000000,0.969967,0.243238,0.000000,0.975747,0.218899,11.864330,-3.897733,0.182031,1,0,18.618360,0.000000
6.880000,4000.000000,-26.815930,119.972800,1,1,2,2,0.718718,0.718680,0.718699,0.000000,0.969974,0.243207,0.000000,0.975274,0.220997,9.080717,-3.875982,0.244836,1,0,18.620720,0.000000
6.890000,4000.000000,-26.854750,120.154900,1,1,2,2,0.733038,0.732991,0.733015,0.000000,0.967095,0.254414,0.000000,0.974615,0.223884,5.245883,-3.881446,0.294898,1,0,18.622970,0.000000
6.900000,4000.000000,-26.893990,120.337000,1,1,2,2,0.751096,0.751096,0.751096,0.000000,0.965753,0.259463,0.000000,0.973904,0.226959,1.599941,-3.924329,0.310269,1,0,18.624930,0.000000
6.910000,4000.000000,-26.934020,120.518900,1,1,2,2,0.777266,0.777266,0.777266,0.000000,0.960349,0.278802,0.000000,0.972847,0.231448,0.000000,-4.002711,0.316373,1,0,18.626670,0.000000
6.920000,4000.000000,-26.974990,120.700600,1,1,2,2,0.777599,0.777623,0.777611,0.000000,0.966313,0.257370,0.000000,0.972312,0.233686,0.000000,-4.096591,0.263525,1,0,18.628630,0.000000
6.930000,4000.000000,-27.016890,120.882200,1,1,2,2,0.793023,0.793023,0.793023,0.000000,0.968608,0.248592,0.000000,0.972002,0.234971,0.000000,-4.190383,0.192532,1,0,18.631070,0.000000
6.940000,4000.000000,-27.059730,121.063500,1,1,2,2,0.803697,0.803697,0.803697,0.000000,0.972051,0.234768,0.000000,0.972006,0.234953,0.000000,-4.284091,0.096679,1,0,18.634000,0.000000
6.950000,4000.000000,-27.103510,121.244700,1,1,2,2,0.803683,0.803662,0.803673,0.000000,0.972036,0.234830,0.000000,0.972009,0.234943,0.000000,-4.377717,0.001039,1,0,18.637420,0.000000
6.960000,4000.000000,-27.148220,121.425700,1,1,2,2,0.803809,0.803767,0.803788,0.000000,0.975759,0.218848,0.000000,0.972342,0.233560,2.877422,-4.471262,-0.120825,1,0,18.641310,0.000000
6.970000,4000.000000,-27.193590,121.606500,1,1,2,2,0.796667,0.796667,0.796667,0.000000,0.979000,0.203862,0.000000,0.972951,0.231013,7.048844,-4.536754,-0.236171,1,0,18.645380,0.000000
6.980000,4000.000000,-27.239200,121.787300,1,1,2,2,0.782942,0.782942,0.782942,0.000000,0.981233,0.192825,0.000000,0.973722,0.227739,11.713610,-4.561593,-0.323640,1,0,18.648970,0.000000
6.990000,4000.000000,-27.284610,121.968200,1,1,2,2,0.773244,0.773266,0.773255,0.000000,0.981240,0.192793,0.000000,0.974418,0.224742,14.351200,-4.540946,-0.359124,1,0,18.651540,0.000000
7.000000,4000.000000,-27.329560,122.149300,1,1,2,2,0.754095,0.754116,0.754105,0.000000,0.982187,0.187908,0.000000,0.975141,0.221584,18.110330,-4.494543,-0.371327,1,0,18.653310,0.000000
7.010000,4000.000000,-27.373670,122.330500,1,1,2,2,0.734009,0.734009,0.734009,0.000000,0.981771,0.190068,0.000000,0.975752,0.218880,20.882270,-4.411429,-0.337267,1,0,18.654120,0.000000
7.020000,4000.000000,-27.416690,122.512000,1,1,2,2,0.724664,0.724624,0.724644,0.000000,0.982543,0.186038,0.000000,0.976380,0.216062,21.085350,-4.301239,-0.277718,1,0,18.654470,0.000000
7.030000,4000.000000,-27.458580,122.693800,1,1,2,2,0.711059,0.711056,0.711057,0.000000,0.980001,0.198992,0.000000,0.976703,0.214595,21.351870,-4.189038,-0.190430,1,0,18.654890,0.000000
7.040000,4000.000000,-27.499320,122.875900,1,1,2,2,0.701437,0.701437,0.701437,0.000000,0.977093,0.212814,0.000000,0.976736,0.214442,20.210390,-4.074267,-0.075490,1,0,18.655690,0.000000
7.050000,4000.000000,-27.539030,123.058200,1,1,2,2,0.699001,0.699001,0.699001,0.000000,0.973487,0.228742,0.000000,0.976465,0.215674,17.398980,-3.970737,0.054402,1,0,18.657180,0.000000
7.060000,4000.000000,-27.577980,123.240600,1,1,2,2,0.702823,0.702852,0.702837,0.000000,0.973480,0.228773,0.000000,0.976215,0.216803,14.212890,-3.894798,0.154123,1,0,18.659300,0.000000
7.070000,4000.000000,-27.616480,123.423200,1,1,2,2,0.711323,0.711305,0.711314,0.000000,0.969838,0.243750,0.000000,0.975696,0.219129,10.414410,-3.850067,0.244823,1,0,18.661580,0.000000
7.080000,4000.000000,-27.654900,123.605900,1,1,2,2,0.725796,0.725796,0.725796,0.000000,0.967020,0.254700,0.000000,0.975000,0.222203,6.125141,-3.842501,0.311851,1,0,18.663760,0.000000
7.090000,4000.000000,-27.693670,123.788500,1,1,2,2,0.744346,0.744346,0.744346,0.000000,0.965737,0.259522,0.000000,0.974260,0.225428,2.101246,-3.876823,0.338957,1,0,18.665580,0.000000
7.100000,4000.000000,-27.733170,123.970900,1,1,2,2,0.753545,0.753541,0.753543,0.000000,0.965737,0.259524,0.000000,0.973573,0.228374,0.898925,-3.950354,0.320562,1,0,18.667040,0.000000
7.110000,4000.000000,-27.773530,124.153200,1,1,2,2,0.772354,0.772357,0.772355,0.000000,0.966373,0.257145,0.000000,0.972987,0.230859,0.000000,-4.035531,0.281418,1,0,18.668720,0.000000
7.120000,4000.000000,-27.814820,124.335300,1,1,2,2,0.788825,0.788825,0.788825,0.000000,0.968735,0.248096,0.000000,0.972633,0.232345,0.000000,-4.129377,0.214255,1,0,18.670730,0.000000
7.130000,4000.000000,-27.857050,124.517200,1,1,2,2,0.800665,0.800665,0.800665,0.000000,0.972175,0.234258,0.000000,0.972594,0.232510,0.000000,-4.223138,0.121816,1,0,18.673220,0.000000
7.140000,4000.000000,-27.900220,124.698900,1,1,2,2,0.801257,0.801257,0.801257,0.000000,0.972175,0.234258,0.000000,0.972558,0.232660,0.000000,-4.316817,0.029189,1,0,18.676200,0.000000
7.150000,4000.000000,-27.944330,124.880400,1,1,2,2,0.802594,0.802594,0.802594,0.000000,0.975894,0.218244,0.000000,0.972853,0.231421,2.327631,-4.410415,-0.090035,1,0,18.679660,0.000000
7.160000,4000.000000,-27.989140,125.061800,1,1,2,2,0.796486,0.796486,0.796486,0.000000,0.979094,0.203409,0.000000,0.973422,0.229018,6.388457,-4.481292,-0.208267,1,0,18.683390,0.000000
7.170000,4000.000000,-28.034270,125.243100,1,1,2,2,0.789227,0.789188,0.789208,0.000000,0.979100,0.203378,0.000000,0.973937,0.226817,9.545217,-4.512573,-0.281930,1,0,18.686770,0.000000
7.180000,4000.000000,-28.079400,125.424500,1,1,2,2,0.774235,0.774238,0.774236,0.000000,0.981296,0.192505,0.000000,0.974618,0.223874,13.653990,-4.513056,-0.338220,1,0,18.689540,0.000000
7.190000,4000.000000,-28.124130,125.605900,1,1,2,2,0.755459,0.755459,0.755459,0.000000,0.982194,0.187872,0.000000,0.975322,0.220787,17.489740,-4.473439,-0.356180,1,0,18.691330,0.000000
7.200000,4000.000000,-28.168090,125.787600,1,1,2,2,0.735453,0.735453,0.735453,0.000000,0.981722,0.190322,0.000000,0.975910,0.218173,20.360340,-4.396358,-0.326730,1,0,18.692160,0.000000
7.210000,4000.000000,-28.211010,125.969600,1,1,2,2,0.727955,0.727980,0.727968,0.000000,0.981716,0.190351,0.000000,0.976441,0.215785,20.152260,-4.291236,-0.264302,1,0,18.692500,0.000000
7.220000,4000.000000,-28.252890,126.151700,1,1,2,2,0.712550,0.712575,0.712563,0.000000,0.979904,0.199469,0.000000,0.976749,0.214383,20.949900,-4.188136,-0.185172,1,0,18.692990,0.000000
7.230000,4000.000000,-28.293660,126.334200,1,1,2,2,0.702640,0.702640,0.702640,0.000000,0.976967,0.213391,0.000000,0.976768,0.214298,19.931010,-4.077275,-0.072967,1,0,18.693760,0.000000
7.240000,4000.000000,-28.333430,126.516800,1,1,2,2,0.714859,0.714859,0.714859,0.000000,0.959814,0.280636,0.000000,0.975488,0.220052,12.375530,-3.976458,0.140778,1,0,18.695180,0.000000
7.250000,4000.000000,-28.372920,126.699600,1,1,2,2,0.703277,0.703273,0.703275,0.000000,0.973339,0.229369,0.000000,0.975307,0.220853,13.376160,-3.949666,0.184085,1,0,18.697510,0.000000
7.260000,4000.000000,-28.412050,126.882500,1,1,2,2,0.710858,0.710858,0.710858,0.000000,0.969712,0.244250,0.000000,0.974847,0.222872,10.090660,-3.913157,0.260725,1,0,18.700090,0.000000
7.270000,4000.000000,-28.451140,127.065300,1,1,2,2,0.724542,0.724542,0.724542,0.000000,0.966937,0.255014,0.000000,0.974209,0.225649,6.163202,-3.908761,0.319052,1,0,18.702530,0.000000
7.280000,4000.000000,-28.490570,127.248200,1,1,2,2,0.733020,0.733042,0.733031,0.000000,0.966945,0.254984,0.000000,0.973618,0.228182,4.268363,-3.942686,0.333490,1,0,18.704610,0.000000
7.290000,4000.000000,-28.530520,127.430900,1,1,2,2,0.751316,0.751270,0.751293,0.000000,0.965727,0.259562,0.000000,0.972979,0.230893,1.000571,-3.995057,0.332465,1,0,18.706620,0.000000
7.300000,4000.000000,-28.571310,127.613500,1,1,2,2,0.769898,0.769898,0.769898,0.000000,0.966439,0.256895,0.000000,0.972444,0.233137,0.000000,-4.079196,0.289907,1,0,18.708440,0.000000
7.310000,4000.000000,-28.613040,127.795900,1,1,2,2,0.786276,0.786276,0.786276,0.000000,0.968847,0.247659,0.000000,0.972143,0.234389,0.000000,-4.172990,0.218343,1,0,18.710560,0.000000
7.320000,4000.000000,-28.655710,127.978100,1,1,2,2,0.790061,0.790061,0.790061,0.000000,0.968847,0.247660,0.000000,0.971866,0.235533,0.000000,-4.266698,0.144808,1,0,18.713170,0.000000
7.330000,4000.000000,-28.699310,128.160100,1,1,2,2,0.798250,0.798250,0.798250,0.000000,0.972326,0.233630,0.000000,0.971906,0.235369,0.000000,-4.360322,0.046191,1,0,18.716260,0.000000
7.340000,4000.000000,-28.743850,128.342000,1,1,2,2,0.799525,0.799525,0.799525,0.000000,0.976022,0.217673,0.000000,0.972273,0.233849,2.585016,-4.453865,-0.078461,1,0,18.719840,0.000000
7.350000,4000.000000,-28.789070,128.523700,1,1,2,2,0.793421,0.793421,0.793421,0.000000,0.979212,0.202838,0.000000,0.972909,0.231189,6.706885,-4.522199,-0.199134,1,0,18.723670,0.000000
7.360000,4000.000000,-28.834580,128.705300,1,1,2,2,0.785722,0.785725,0.785723,0.000000,0.979212,0.202841,0.000000,0.973483,0.228756,9.973153,-4.550364,-0.274140,1,0,18.727130,0.000000
7.370000,4000.000000,-28.880040,128.887000,1,1,2,2,0.770688,0.770502,0.770595,0.000000,0.981409,0.191931,0.000000,0.974220,0.225599,14.109800,-4.546677,-0.330393,1,0,18.729960,0.000000
7.380000,4000.000000,-28.925070,129.068800,1,1,2,2,0.751711,0.751711,0.751711,0.000000,0.982205,0.187810,0.000000,0.974965,0.222359,17.927570,-4.502630,-0.346846,1,0,18.731790,0.000000
7.390000,4000.000000,-28.969280,129.250900,1,1,2,2,0.704518,0.704518,0.704518,0.000000,0.994956,0.100316,0.000000,0.977278,0.211962,29.333830,-4.421305,-0.462398,1,0,18.732690,0.000000
7.400000,4000.000000,-29.011560,129.433300,1,1,2,2,0.724775,0.724696,0.724735,0.000000,0.981673,0.190574,0.000000,0.977674,0.210125,21.631830,-4.228199,-0.299728,1,0,18.730100,0.000000
7.410000,4000.000000,-29.052670,129.616100,1,1,2,2,0.709994,0.709994,0.709994,0.000000,0.979818,0.199893,0.000000,0.977863,0.209246,21.691570,-4.110451,-0.195906,1,0,18.729620,0.000000
7.420000,4000.000000,-29.092590,129.799100,1,1,2,2,0.700729,0.700729,0.700729,0.000000,0.976841,0.213968,0.000000,0.977776,0.209652,20.135290,-3.992182,-0.066978,1,0,18.729730,0.000000
7.430000,4000.000000,-29.131480,129.982300,1,1,2,2,0.701940,0.701940,0.701940,0.000000,0.976841,0.213968,0.000000,0.977695,0.210023,17.101150,-3.889250,0.045633,1,0,18.730660,0.000000
7.440000,4000.000000,-29.169650,130.165700,1,1,2,2,0.703594,0.703590,0.703592,0.000000,0.973190,0.230004,0.000000,0.977324,0.211746,14.098280,-3.816085,0.153709,1,0,18.732050,0.000000
7.450000,4000.000000,-29.207370,130.349200,1,1,2,2,0.712455,0.712455,0.712455,0.000000,0.969572,0.244806,0.000000,0.976701,0.214602,10.003700,-3.772388,0.253432,1,0,18.733690,0.000000
7.460000,4000.000000,-29.245060,130.532700,1,1,2,2,0.727506,0.727506,0.727506,0.000000,0.966870,0.255271,0.000000,0.975922,0.218118,5.500243,-3.768798,0.324899,1,0,18.735250,0.000000
7.470000,4000.000000,-29.283150,130.716200,1,1,2,2,0.737506,0.737510,0.737508,0.000000,0.966870,0.255271,0.000000,0.975199,0.221329,3.176572,-3.809228,0.345546,1,0,18.736420,0.000000
7.480000,4000.000000,-29.321870,130.899500,1,1,2,2,0.757090,0.757002,0.757046,0.000000,0.965718,0.259595,0.000000,0.974442,0.224637,0.000000,-3.872311,0.344920,1,0,18.737500,0.000000
7.490000,4000.000000,-29.361530,131.082600,1,1,2,2,0.776935,0.776935,0.776935,0.000000,0.966475,0.256760,0.000000,0.973798,0.227411,0.000000,-3.966307,0.302403,1,0,18.738460,0.000000
7.500000,4000.000000,-29.402140,131.265600,1,1,2,2,0.793744,0.793744,0.793744,0.000000,0.969806,0.243879,0.000000,0.973465,0.228831,0.000000,-4.060212,0.233939,1,0,18.739900,0.000000
7.510000,4000.000000,-29.443680,131.448300,1,1,2,2,0.799706,0.799664,0.799685,0.000000,0.968961,0.247215,0.000000,0.973091,0.230417,0.000000,-4.154031,0.168775,1,0,18.741840,0.000000
7.520000,4000.000000,-29.486150,131.630900,1,1,2,2,0.809352,0.809352,0.809352,0.000000,0.972462,0.233060,0.000000,0.973037,0.230645,0.000000,-4.247764,0.077552,1,0,18.744260,0.000000
7.530000,4000.000000,-29.529570,131.813300,1,1,2,2,0.812109,0.812109,0.812109,0.000000,0.976163,0.217037,0.000000,0.973314,0.229475,0.000000,-4.341414,-0.040496,1,0,18.747160,0.000000
7.540000,4000.000000,-29.573920,131.995500,1,1,2,2,0.808373,0.808411,0.808392,0.000000,0.976150,0.217095,0.000000,0.973564,0.228411,2.951041,-4.434988,-0.156439,1,0,18.750540,0.000000
7.550000,4000.000000,-29.618920,132.177500,1,1,2,2,0.799952,0.799949,0.799951,0.000000,0.979294,0.202442,0.000000,0.974084,0.226182,7.195309,-4.499753,-0.265225,1,0,18.754030,0.000000
7.560000,4000.000000,-29.664150,132.359600,1,1,2,2,0.785272,0.785272,0.785272,0.000000,0.981409,0.191927,0.000000,0.974762,0.223244,11.842220,-4.523112,-0.345149,1,0,18.756970,0.000000
7.570000,4000.000000,-29.709160,132.541700,1,1,2,2,0.766412,0.766412,0.766412,0.000000,0.982205,0.187810,0.000000,0.975453,0.220205,16.127690,-4.501115,-0.380503,1,0,18.758870,0.000000
7.580000,4000.000000,-29.753530,132.724000,1,1,2,2,0.757058,0.757058,0.757058,0.000000,0.982205,0.187810,0.000000,0.976077,0.217426,17.505310,-4.437263,-0.368014,1,0,18.759650,0.000000
7.590000,4000.000000,-29.797130,132.906400,1,1,2,2,0.737960,0.737961,0.737960,0.000000,0.981635,0.190768,0.000000,0.976583,0.215138,20.056330,-4.359927,-0.332357,1,0,18.759990,0.000000
7.600000,4000.000000,-29.839710,133.089100,1,1,2,2,0.721598,0.721598,0.721598,0.000000,0.979715,0.200396,0.000000,0.976862,0.213871,20.986550,-4.257665,-0.251647,1,0,18.759930,0.000000
7.610000,4000.000000,-29.881170,133.272100,1,1,2,2,0.668980,0.668980,0.668980,0.000000,0.962650,0.270748,0.000000,0.975770,0.218798,25.224080,-4.146352,-0.042724,1,0,18.760130,0.000000
7.620000,4000.000000,-29.921110,133.455400,1,1,2,2,0.710918,0.710972,0.710945,0.000000,0.976715,0.214540,0.000000,0.975851,0.218431,13.933280,-3.993998,0.106788,1,0,18.762290,0.000000
7.630000,4000.000000,-29.960630,133.638900,1,1,2,2,0.711157,0.711157,0.711157,0.000000,0.973067,0.230522,0.000000,0.975618,0.219473,12.304290,-3.951938,0.170333,1,0,18.764410,0.000000
7.640000,4000.000000,-29.999890,133.822400,1,1,2,2,0.718298,0.718298,0.718298,0.000000,0.969473,0.245198,0.000000,0.975116,0.221693,9.266389,-3.925835,0.240235,1,0,18.766600,0.000000
7.650000,4000.000000,-30.039190,134.005900,1,1,2,2,0.786205,0.786206,0.786206,0.000000,0.988054,0.154107,0.000000,0.976412,0.215913,0.000000,-3.929431,0.125855,1,0,18.768700,0.000000
7.660000,4000.000000,-30.079420,134.189200,1,1,2,2,0.739682,0.739678,0.739680,0.000000,0.966774,0.255633,0.000000,0.975646,0.219347,9.028764,-4.023402,0.095995,1,0,18.769870,0.000000
7.670000,4000.000000,-30.119710,134.372600,1,1,2,2,0.757690,0.757690,0.757690,0.000000,0.965703,0.259649,0.000000,0.974856,0.222831,4.240149,-4.029191,0.157557,1,0,18.771740,0.000000
7.680000,4000.000000,-30.160530,134.555800,1,1,2,2,0.776598,0.776598,0.776598,0.000000,0.966571,0.256400,0.000000,0.974189,0.225732,0.767669,-4.081716,0.160058,1,0,18.773610,0.000000
7.690000,4000.000000,-30.202210,134.738900,1,1,2,2,0.783258,0.783298,0.783278,0.000000,0.966556,0.256457,0.000000,0.973570,0.228385,0.481013,-4.168042,0.123188,1,0,18.775580,0.000000
7.700000,4000.000000,-30.244780,134.921800,1,1,2,2,0.797437,0.797440,0.797438,0.000000,0.969060,0.246825,0.000000,0.973196,0.229975,0.000000,-4.257080,0.063061,1,0,18.777980,0.000000
7.710000,4000.000000,-30.288290,135.104500,1,1,2,2,0.806303,0.806303,0.806303,0.000000,0.972587,0.232541,0.000000,0.973144,0.230196,0.117071,-4.350718,-0.028201,1,0,18.780840,0.000000
7.720000,4000.000000,-30.332720,135.287000,1,1,2,2,0.808285,0.808285,0.808285,0.000000,0.976279,0.216515,0.000000,0.973421,0.229021,2.687002,-4.443135,-0.145159,1,0,18.784160,0.000000
7.730000,4000.000000,-30.377820,135.469400,1,1,2,2,0.803695,0.803738,0.803717,0.000000,0.976292,0.216458,0.000000,0.973674,0.227941,5.745068,-4.510459,-0.234493,1,0,18.787640,0.000000
7.740000,4000.000000,-30.423300,135.651700,1,1,2,2,0.794940,0.794937,0.794938,0.000000,0.979399,0.201934,0.000000,0.974194,0.225709,9.353352,-4.547946,-0.315416,1,0,18.790860,0.000000
7.750000,4000.000000,-30.468810,135.834100,1,1,2,2,0.780192,0.780192,0.780192,0.000000,0.981460,0.191666,0.000000,0.974866,0.222789,13.465790,-4.550226,-0.373477,1,0,18.793380,0.000000
7.760000,4000.000000,-30.513930,136.016500,1,1,2,2,0.730817,0.730817,0.730817,0.000000,0.972677,0.232163,0.000000,0.974681,0.223597,20.978630,-4.512359,-0.318565,1,0,18.794840,0.000000
7.770000,4000.000000,-30.557940,136.199200,1,1,2,2,0.752247,0.752251,0.752249,0.000000,0.982206,0.187809,0.000000,0.975380,0.220528,15.745520,-4.401321,-0.263273,1,0,18.795530,0.000000
7.780000,4000.000000,-30.601360,136.382100,1,1,2,2,0.733329,0.733329,0.733329,0.000000,0.981585,0.191026,0.000000,0.975949,0.217996,18.826070,-4.341285,-0.250047,1,0,18.796730,0.000000
7.790000,4000.000000,-30.643870,136.565200,1,1,2,2,0.717028,0.717028,0.717028,0.000000,0.979611,0.200903,0.000000,0.976276,0.216528,20.151950,-4.251155,-0.185590,1,0,18.797450,0.000000
7.800000,4000.000000,-30.685350,136.748600,1,1,2,2,0.713297,0.713216,0.713257,0.000000,0.979624,0.200841,0.000000,0.976574,0.215180,18.834800,-4.148103,-0.105634,1,0,18.798280,0.000000
7.810000,4000.000000,-30.725930,136.932100,1,1,2,2,0.705884,0.705884,0.705884,0.000000,0.976589,0.215115,0.000000,0.976575,0.215174,17.848740,-4.057946,-0.013103,1,0,18.799430,0.000000
7.820000,4000.000000,-30.765700,137.115900,1,1,2,2,0.705824,0.705824,0.705824,0.000000,0.972917,0.231153,0.000000,0.976271,0.216552,15.125970,-3.977496,0.096119,1,0,18.801000,0.000000
7.830000,4000.000000,-30.804940,137.299800,1,1,2,2,0.713074,0.713074,0.713074,0.000000,0.969348,0.245692,0.000000,0.975709,0.219068,11.218550,-3.923747,0.199994,1,0,18.802940,0.000000
7.840000,4000.000000,-30.844020,137.483700,1,1,2,2,0.720376,0.720372,0.720374,0.000000,0.969348,0.245694,0.000000,0.975191,0.221366,8.384457,-3.908245,0.260593,1,0,18.804930,0.000000
7.850000,4000.000000,-30.883230,137.667700,1,1,2,2,0.735956,0.735997,0.735977,0.000000,0.966722,0.255830,0.000000,0.974510,0.224344,4.434456,-3.920445,0.305988,1,0,18.806810,0.000000
7.860000,4000.000000,-30.922940,137.851500,1,1,2,2,0.754682,0.754682,0.754682,0.000000,0.965704,0.259645,0.000000,0.973803,0.227394,0.876251,-3.971173,0.313359,1,0,18.808370,0.000000
7.870000,4000.000000,-30.963500,138.035200,1,1,2,2,0.774040,0.774040,0.774040,0.000000,0.966637,0.256150,0.000000,0.973219,0.229877,0.000000,-4.056528,0.274292,1,0,18.809750,0.000000
7.880000,4000.000000,-31.005010,138.218600,1,1,2,2,0.780924,0.780928,0.780926,0.000000,0.966638,0.256148,0.000000,0.972681,0.232145,0.000000,-4.150334,0.222431,1,0,18.811460,0.000000
7.890000,4000.000000,-31.047450,138.401900,1,1,2,2,0.795355,0.795359,0.795357,0.000000,0.969188,0.246324,0.000000,0.972388,0.233367,0.000000,-4.244051,0.150452,1,0,18.813660,0.000000
7.900000,4000.000000,-31.090820,138.585000,1,1,2,2,0.804460,0.804460,0.804460,0.000000,0.972736,0.231916,0.000000,0.972418,0.233242,0.000000,-4.337681,0.052514,1,0,18.816340,0.000000
7.910000,4000.000000,-31.135140,138.767900,1,1,2,2,0.806718,0.806718,0.806718,0.000000,0.976420,0.215878,0.000000,0.972775,0.231751,1.128362,-4.431231,-0.071786,1,0,18.819500,0.000000
7.920000,4000.000000,-31.180270,138.950700,1,1,2,2,0.802104,0.802099,0.802102,0.000000,0.976420,0.215878,0.000000,0.973099,0.230387,4.724124,-4.513728,-0.182253,1,0,18.823040,0.000000
7.930000,4000.000000,-31.225890,139.133300,1,1,2,2,0.793205,0.793205,0.793205,0.000000,0.979502,0.201433,0.000000,0.973684,0.227903,8.733833,-4.561164,-0.278358,1,0,18.826460,0.000000
7.940000,4000.000000,-31.271580,139.316000,1,1,2,2,0.778273,0.778273,0.778273,0.000000,0.981509,0.191414,0.000000,0.974411,0.224774,13.138950,-4.569497,-0.346767,1,0,18.829220,0.000000
7.950000,4000.000000,-31.316930,139.498800,1,1,2,2,0.768743,0.768743,0.768743,0.000000,0.981509,0.191414,0.000000,0.975066,0.221913,15.340110,-4.534846,-0.365940,1,0,18.830920,0.000000
7.960000,4000.000000,-31.361720,139.681700,1,1,2,2,0.749412,0.749413,0.749412,0.000000,0.982206,0.187807,0.000000,0.975727,0.218988,18.786240,-4.478685,-0.364343,1,0,18.831930,0.000000
7.970000,4000.000000,-31.405600,139.864800,1,1,2,2,0.729999,0.729999,0.729999,0.000000,0.981536,0.191277,0.000000,0.976258,0.216609,21.121460,-4.388856,-0.317770,1,0,18.832130,0.000000
7.980000,4000.000000,-31.448370,140.048200,1,1,2,2,0.713567,0.713567,0.713567,0.000000,0.979529,0.201301,0.000000,0.976549,0.215293,21.823470,-4.276216,-0.227425,1,0,18.832060,0.000000
7.990000,4000.000000,-31.489930,140.231900,1,1,2,2,0.709821,0.709828,0.709825,0.000000,0.979529,0.201302,0.000000,0.976814,0.214091,20.013680,-4.156761,-0.127983,1,0,18.832370,0.000000
8.000000,4000.000000,-31.530480,140.415800,1,1,2,2,0.702568,0.702568,0.702568,0.000000,0.976448,0.215752,0.000000,0.976782,0.214234,18.640100,-4.055033,-0.020804,1,0,18.833230,0.000000
8.010000,4000.000000,-31.570150,140.599900,1,1,2,2,0.702689,0.702689,0.702689,0.000000,0.972768,0.231783,0.000000,0.976449,0.215747,15.620700,-3.966816,0.098973,1,0,18.834640,0.000000
8.020000,4000.000000,-31.609230,140.784200,1,1,2,2,0.710286,0.710286,0.710286,0.000000,0.969219,0.246200,0.000000,0.975864,0.218377,11.470540,-3.908215,0.210052,1,0,18.836490,0.000000
8.030000,4000.000000,-31.648140,140.968500,1,1,2,2,0.717951,0.717943,0.717947,0.000000,0.969219,0.246201,0.000000,0.975324,0.220779,8.456941,-3.890247,0.275221,1,0,18.838400,0.000000
8.040000,4000.000000,-31.687150,141.152800,1,1,2,2,0.733881,0.733804,0.733843,0.000000,0.966654,0.256087,0.000000,0.974628,0.223830,4.398777,-3.901739,0.322825,1,0,18.840160,0.000000
8.050000,4000.000000,-31.726680,141.337100,1,1,2,2,0.752905,0.752905,0.752905,0.000000,0.965703,0.259649,0.000000,0.973912,0.226925,0.761631,-3.952822,0.330779,1,0,18.841560,0.000000
8.059999,4000.000000,-31.767070,141.521100,1,1,2,2,0.784356,0.784356,0.784356,0.000000,0.955566,0.294776,0.000000,0.972521,0.232814,0.000000,-4.039304,0.356565,1,0,18.842740,0.000000
8.070000,4000.000000,-31.808400,141.705000,1,1,2,2,0.779625,0.779632,0.779628,0.000000,0.966676,0.256004,0.000000,0.972040,0.234815,0.000000,-4.133109,0.299633,1,0,18.844270,0.000000
8.080000,4000.000000,-31.850670,141.888600,1,1,2,2,0.793226,0.794363,0.793795,0.000000,0.969106,0.246646,0.000000,0.971793,0.235835,0.000000,-4.226825,0.223785,1,0,18.846280,0.000000
8.090000,4000.000000,-31.893880,142.072100,1,1,2,2,0.803646,0.803646,0.803646,0.000000,0.972885,0.231290,0.000000,0.971887,0.235445,0.000000,-4.320456,0.120701,1,0,18.848780,0.000000
8.099999,4000.000000,-31.938020,142.255400,1,1,2,2,0.833501,0.833540,0.833520,0.000000,0.983094,0.183102,0.000000,0.972962,0.230965,0.000000,-4.414007,-0.061608,1,0,18.851750,0.000000
8.110000,4000.000000,-31.983090,142.438500,1,1,2,2,0.801437,0.801441,0.801439,0.000000,0.976533,0.215367,0.000000,0.973279,0.229625,4.862995,-4.507491,-0.182965,1,0,18.855200,0.000000
8.120000,4000.000000,-32.028630,142.621500,1,1,2,2,0.792679,0.792679,0.792679,0.000000,0.979585,0.201032,0.000000,0.973855,0.227171,8.800749,-4.553568,-0.277175,1,0,18.858480,0.000000
8.130000,4000.000000,-32.074240,142.804500,1,1,2,2,0.777726,0.777726,0.777726,0.000000,0.981561,0.191149,0.000000,0.974570,0.224082,13.176380,-4.561237,-0.344257,1,0,18.861100,0.000000
8.139999,4000.000000,-32.119500,142.987600,1,1,2,2,0.768302,0.768297,0.768299,0.000000,0.981560,0.191155,0.000000,0.975215,0.221258,15.334120,-4.526203,-0.362444,1,0,18.862680,0.000000
8.150000,4000.000000,-32.164200,143.170900,1,1,2,2,0.749103,0.749103,0.749103,0.000000,0.982205,0.187810,0.000000,0.975862,0.218388,18.732870,-4.470081,-0.359930,1,0,18.863590,0.000000
8.160000,4000.000000,-32.208010,143.354300,1,1,2,2,0.729825,0.729825,0.729825,0.000000,0.981462,0.191657,0.000000,0.976372,0.216094,21.018740,-4.380751,-0.312359,1,0,18.863700,0.000000
8.170000,4000.000000,-32.250700,143.538100,1,1,2,2,0.713520,0.713520,0.713520,0.000000,0.979425,0.201807,0.000000,0.976643,0.214866,21.682310,-4.269092,-0.221398,1,0,18.863570,0.000000
8.179999,4000.000000,-32.292210,143.722100,1,1,2,2,0.709994,0.710001,0.709997,0.000000,0.979427,0.201801,0.000000,0.976890,0.213743,19.830630,-4.150996,-0.121874,1,0,18.863840,0.000000
8.190000,4000.000000,-32.332730,143.906400,1,1,2,2,0.702933,0.702984,0.702958,0.000000,0.976320,0.216330,0.000000,0.976841,0.213966,18.425200,-4.051042,-0.014995,1,0,18.864650,0.000000
8.200000,4000.000000,-32.372380,144.090800,1,1,2,2,0.703368,0.703368,0.703368,0.000000,0.972645,0.232295,0.000000,0.976493,0.215546,15.373910,-3.964911,0.103969,1,0,18.865990,0.000000
8.210000,4000.000000,-32.411460,144.275400,1,1,2,2,0.653870,0.653870,0.653870,0.000000,0.947505,0.319741,0.000000,0.974443,0.224631,18.424650,-3.908710,0.337524,1,0,18.867760,0.000000
8.220000,4000.000000,-32.449690,144.460200,1,1,2,2,0.719619,0.719675,0.719647,0.000000,0.969106,0.246645,0.000000,0.974004,0.226530,3.451836,-3.823113,0.462667,1,0,18.871800,0.000000
8.230000,4000.000000,-32.488530,144.644900,1,1,2,2,0.735950,0.735950,0.735950,0.000000,0.966575,0.256385,0.000000,0.973401,0.229109,0.798180,-3.883500,0.451195,1,0,18.872830,0.000000
8.240000,4000.000000,-32.528220,144.829400,1,1,2,2,0.755006,0.755006,0.755006,0.000000,0.965703,0.259649,0.000000,0.972776,0.231746,0.000000,-3.969677,0.414445,1,0,18.873620,0.000000
8.250000,4000.000000,-32.568860,145.013700,1,1,2,2,0.774408,0.774408,0.774408,0.000000,0.969603,0.244682,0.000000,0.972510,0.232861,0.000000,-4.063540,0.340290,1,0,18.874700,0.000000
8.260000,4000.000000,-32.610430,145.197800,1,1,2,2,0.781367,0.781367,0.781367,0.000000,0.966771,0.255643,0.000000,0.972037,0.234827,0.000000,-4.157317,0.282757,1,0,18.876260,0.000000
8.270000,4000.000000,-32.652940,145.381800,1,1,2,2,0.795879,0.795879,0.795879,0.000000,0.969441,0.245324,0.000000,0.971818,0.235732,0.000000,-4.251006,0.204716,1,0,18.878310,0.000000
8.280000,4000.000000,-32.696380,145.565500,1,1,2,2,0.804874,0.804874,0.804874,0.000000,0.973010,0.230764,0.000000,0.971922,0.235304,0.000000,-4.344610,0.100900,1,0,18.880830,0.000000
8.290000,4000.000000,-32.740760,145.749100,1,1,2,2,0.804035,0.804034,0.804034,0.000000,0.973009,0.230766,0.000000,0.972016,0.234916,0.000000,-4.438134,-0.002083,1,0,18.883840,0.000000
8.300000,4000.000000,-32.786080,145.932400,1,1,2,2,0.802024,0.802025,0.802024,0.000000,0.976675,0.214722,0.000000,0.972433,0.233181,3.453311,-4.531577,-0.131126,1,0,18.887320,0.000000
8.309999,4000.000000,-32.831990,146.115700,1,1,2,2,0.792724,0.792724,0.792724,0.000000,0.979687,0.200531,0.000000,0.973100,0.230381,8.012017,-4.591364,-0.246252,1,0,18.890900,0.000000
8.320000,4000.000000,-32.878060,146.298900,1,1,2,2,0.777254,0.777254,0.777254,0.000000,0.981634,0.190775,0.000000,0.973898,0.226986,12.829620,-4.606724,-0.327259,1,0,18.893870,0.000000
8.330000,4000.000000,-32.923810,146.482200,1,1,2,2,0.767339,0.767313,0.767326,0.000000,0.981609,0.190904,0.000000,0.974614,0.223892,15.297720,-4.575099,-0.354217,1,0,18.895770,0.000000
8.340000,4000.000000,-32.969000,146.665700,1,1,2,2,0.747589,0.747595,0.747592,0.000000,0.982206,0.187807,0.000000,0.975319,0.220798,18.914020,-4.519365,-0.356509,1,0,18.896900,0.000000
8.349999,4000.000000,-33.013290,146.849400,1,1,2,2,0.727927,0.727927,0.727927,0.000000,0.981435,0.191798,0.000000,0.975879,0.218309,21.320110,-4.428312,-0.310941,1,0,18.897190,0.000000
8.360000,4000.000000,-33.056420,147.033400,1,1,2,2,0.711260,0.711260,0.711260,0.000000,0.979321,0.202313,0.000000,0.976186,0.216935,22.044880,-4.313760,-0.219811,1,0,18.897200,0.000000
8.370000,4000.000000,-33.098350,147.217700,1,1,2,2,0.707470,0.707470,0.707470,0.000000,0.979319,0.202321,0.000000,0.976464,0.215679,20.215450,-4.192172,-0.119239,1,0,18.897610,0.000000
8.380000,4000.000000,-33.139230,147.402200,1,1,2,2,0.700423,0.700333,0.700378,0.000000,0.976206,0.216844,0.000000,0.976442,0.215779,18.781710,-4.088496,-0.010832,1,0,18.898560,0.000000
8.389999,4000.000000,-33.179220,147.586900,1,1,2,2,0.700697,0.700697,0.700697,0.000000,0.972495,0.232923,0.000000,0.976114,0.217258,15.704680,-3.998913,0.109822,1,0,18.900050,0.000000
8.400000,4000.000000,-33.218620,147.771800,1,1,2,2,0.701716,0.701716,0.701716,0.000000,0.931729,0.363155,0.000000,0.973176,0.230063,7.754937,-3.939499,0.419323,1,0,18.901980,0.000000
8.410000,4000.000000,-33.258190,147.956600,1,1,2,2,0.715888,0.715803,0.715846,0.000000,0.969006,0.247038,0.000000,0.972828,0.231527,4.954357,-3.957919,0.429473,1,0,18.904310,0.000000
8.420000,4000.000000,-33.298230,148.141400,1,1,2,2,0.731203,0.731203,0.731203,0.000000,0.966507,0.256642,0.000000,0.972310,0.233695,2.288313,-4.003590,0.425341,1,0,18.906180,0.000000
8.429999,4000.000000,-33.338980,148.326000,1,1,2,2,0.749331,0.749331,0.749331,0.000000,0.965705,0.259641,0.000000,0.971769,0.235935,0.000000,-4.075161,0.396035,1,0,18.907760,0.000000
8.440000,4000.000000,-33.380670,148.510500,1,1,2,2,0.785752,0.785794,0.785773,0.000000,0.975899,0.218225,0.000000,0.972137,0.234413,0.000000,-4.168911,0.270767,1,0,18.909290,0.000000
8.450000,4000.000000,-33.423300,148.694700,1,1,2,2,0.773697,0.773690,0.773694,0.000000,0.966837,0.255393,0.000000,0.971699,0.236223,0.007968,-4.262586,0.210381,1,0,18.911300,0.000000
8.460000,4000.000000,-33.466860,148.878800,1,1,2,2,0.786989,0.786989,0.786989,0.000000,0.969539,0.244939,0.000000,0.971516,0.236973,0.000000,-4.356094,0.129556,1,0,18.913790,0.000000
8.470000,4000.000000,-33.511350,149.062600,1,1,2,2,0.794792,0.794792,0.794792,0.000000,0.973158,0.230139,0.000000,0.971659,0.236385,0.902198,-4.449596,0.022686,1,0,18.916760,0.000000
8.480000,4000.000000,-33.556690,149.246300,1,1,2,2,0.792948,0.792939,0.792943,0.000000,0.973157,0.230143,0.000000,0.971790,0.235848,3.655703,-4.534252,-0.074090,1,0,18.920170,0.000000
8.490000,4000.000000,-33.602620,149.429900,1,1,2,2,0.790146,0.790067,0.790106,0.000000,0.976801,0.214149,0.000000,0.972240,0.233985,6.545214,-4.592075,-0.169067,1,0,18.923750,0.000000
8.500000,4000.000000,-33.648830,149.613400,1,1,2,2,0.780290,0.780290,0.780290,0.000000,0.979792,0.200017,0.000000,0.972936,0.231072,10.480470,-4.621745,-0.255528,1,0,18.927110,0.000000
8.510000,4000.000000,-33.694970,149.797000,1,1,2,2,0.764612,0.764612,0.764612,0.000000,0.981660,0.190641,0.000000,0.973753,0.227607,14.755630,-4.613065,-0.313333,1,0,18.929760,0.000000
8.520000,4000.000000,-33.740590,149.980800,1,1,2,2,0.754848,0.754848,0.754848,0.000000,0.981661,0.190637,0.000000,0.974488,0.224437,16.752710,-4.562689,-0.322626,1,0,18.931400,0.000000
8.530000,4000.000000,-33.785520,150.164700,1,1,2,2,0.735337,0.735332,0.735335,0.000000,0.982204,0.187816,0.000000,0.975206,0.221297,19.991440,-4.492798,-0.311395,1,0,18.932430,0.000000
8.540000,4000.000000,-33.829430,150.348800,1,1,2,2,0.716117,0.716117,0.716117,0.000000,0.981384,0.192054,0.000000,0.975772,0.218788,22.060770,-4.391273,-0.255578,1,0,18.932810,0.000000
8.550000,4000.000000,-33.872130,150.533300,1,1,2,2,0.700214,0.700214,0.700214,0.000000,0.979237,0.202721,0.000000,0.976081,0.217407,22.467970,-4.269540,-0.157247,1,0,18.933100,0.000000
8.559999,4000.000000,-33.913570,150.718000,1,1,2,2,0.697102,0.697102,0.697102,0.000000,0.979239,0.202711,0.000000,0.976361,0.216144,20.416730,-4.143875,-0.052678,1,0,18.933900,0.000000
8.570000,4000.000000,-33.953950,150.903000,1,1,2,2,0.690898,0.690815,0.690857,0.000000,0.976066,0.217476,0.000000,0.976336,0.216259,18.774270,-4.038287,0.057977,1,0,18.935210,0.000000
8.580000,4000.000000,-33.993440,151.088300,1,1,2,2,0.692162,0.692162,0.692162,0.000000,0.972373,0.233435,0.000000,0.976007,0.217740,15.520090,-3.948832,0.178612,1,0,18.937030,0.000000
8.590000,4000.000000,-34.032350,151.273600,1,1,2,2,0.656525,0.656525,0.656525,0.000000,0.952310,0.305134,0.000000,0.974279,0.225342,16.744680,-3.891272,0.385543,1,0,18.939130,0.000000
8.599999,4000.000000,-34.070570,151.459100,1,1,2,2,0.709812,0.709727,0.709770,0.000000,0.968882,0.247524,0.000000,0.973835,0.227256,4.437593,-3.822073,0.494288,1,0,18.942920,0.000000
8.610000,4000.000000,-34.109300,151.644600,1,1,2,2,0.726785,0.726701,0.726743,0.000000,0.966452,0.256847,0.000000,0.973235,0.229812,1.423367,-3.872852,0.492412,1,0,18.944020,0.000000
8.620000,4000.000000,-34.148830,151.829800,1,1,2,2,0.746350,0.746350,0.746350,0.000000,0.965735,0.259530,0.000000,0.972625,0.232379,0.000000,-3.952940,0.460713,1,0,18.944710,0.000000
8.630000,4000.000000,-34.189290,152.014900,1,1,2,2,0.763790,0.763790,0.763790,0.000000,0.968825,0.247747,0.000000,0.972308,0.233703,0.000000,-4.046802,0.390705,1,0,18.945500,0.000000
8.639999,4000.000000,-34.230700,152.199800,1,1,2,2,0.773356,0.773274,0.773315,0.000000,0.966922,0.255072,0.000000,0.971863,0.235547,0.000000,-4.140577,0.330915,1,0,18.946770,0.000000
8.650000,4000.000000,-34.273040,152.384500,1,1,2,2,0.787748,0.787748,0.787748,0.000000,0.969693,0.244325,0.000000,0.971679,0.236304,0.000000,-4.234265,0.250034,1,0,18.948530,0.000000
8.660000,4000.000000,-34.316320,152.569000,1,1,2,2,0.796565,0.796565,0.796565,0.000000,0.973306,0.229510,0.000000,0.971821,0.235719,0.000000,-4.327868,0.143091,1,0,18.950770,0.000000
8.670000,4000.000000,-34.360530,152.753300,1,1,2,2,0.835102,0.835142,0.835122,0.000000,0.986190,0.165621,0.000000,0.973255,0.229728,0.000000,-4.421391,-0.069121,1,0,18.953480,0.000000
8.679999,4000.000000,-34.405680,152.937400,1,1,2,2,0.793476,0.793482,0.793479,0.000000,0.976926,0.213578,0.000000,0.973581,0.228341,6.513413,-4.514853,-0.191552,1,0,18.956670,0.000000
8.690000,4000.000000,-34.451130,153.121500,1,1,2,2,0.784144,0.784144,0.784144,0.000000,0.979896,0.199509,0.000000,0.974158,0.225867,10.158520,-4.544824,-0.269919,1,0,18.959460,0.000000
8.700000,4000.000000,-34.496520,153.305600,1,1,2,2,0.768974,0.768974,0.768974,0.000000,0.981709,0.190390,0.000000,0.974858,0.222824,14.219520,-4.539230,-0.322856,1,0,18.961580,0.000000
8.710000,4000.000000,-34.541460,153.489800,1,1,2,2,0.759936,0.759931,0.759934,0.000000,0.981709,0.190389,0.000000,0.975490,0.220042,16.034420,-4.493991,-0.330116,1,0,18.962750,0.000000
8.720000,4000.000000,-34.585770,153.674200,1,1,2,2,0.741051,0.740972,0.741012,0.000000,0.982194,0.187872,0.000000,0.976109,0.217282,19.163850,-4.431007,-0.318812,1,0,18.963370,0.000000
8.730000,4000.000000,-34.629140,153.858800,1,1,2,2,0.722511,0.722511,0.722511,0.000000,0.981309,0.192440,0.000000,0.976581,0.215149,21.129990,-4.337441,-0.264068,1,0,18.963360,0.000000
8.740000,4000.000000,-34.671390,154.043700,1,1,2,2,0.707343,0.707343,0.707343,0.000000,0.979135,0.203212,0.000000,0.976807,0.214123,21.467200,-4.224672,-0.168256,1,0,18.963260,0.000000
8.750000,4000.000000,-34.712480,154.228800,1,1,2,2,0.704734,0.704734,0.704734,0.000000,0.979133,0.203222,0.000000,0.977011,0.213187,19.418500,-4.108664,-0.067444,1,0,18.963630,0.000000
8.760000,4000.000000,-34.752610,154.414200,1,1,2,2,0.699284,0.699284,0.699284,0.000000,0.975935,0.218060,0.000000,0.976920,0.213606,17.735500,-4.012732,0.039082,1,0,18.964490,0.000000
8.770000,4000.000000,-34.791940,154.599700,1,1,2,2,0.701184,0.701184,0.701184,0.000000,0.972223,0.234057,0.000000,0.976533,0.215369,14.496210,-3.933341,0.154817,1,0,18.965840,0.000000
8.780000,4000.000000,-34.830800,154.785300,1,1,2,2,0.710548,0.710548,0.710548,0.000000,0.968767,0.247973,0.000000,0.975907,0.218186,10.211090,-3.885715,0.258560,1,0,18.967470,0.000000
8.790000,4000.000000,-34.869590,154.971000,1,1,2,2,0.719003,0.719003,0.719003,0.000000,0.968767,0.247973,0.000000,0.975328,0.220758,7.279579,-3.880029,0.314712,1,0,18.969000,0.000000
8.800000,4000.000000,-34.908620,155.156700,1,1,2,2,0.735990,0.735984,0.735987,0.000000,0.966375,0.257136,0.000000,0.974612,0.223902,3.265256,-3.902990,0.352719,1,0,18.970330,0.000000
8.809999,4000.000000,-34.948270,155.342200,1,1,2,2,0.755665,0.755665,0.755665,0.000000,0.965735,0.259530,0.000000,0.973899,0.226981,0.000000,-3.965096,0.349403,1,0,18.971260,0.000000
8.820000,4000.000000,-34.988860,155.527500,1,1,2,2,0.775384,0.775384,0.775384,0.000000,0.966972,0.254883,0.000000,0.973334,0.229390,0.000000,-4.058962,0.300502,1,0,18.972040,0.000000
8.830000,4000.000000,-35.030390,155.712600,1,1,2,2,0.782355,0.782396,0.782375,0.000000,0.966989,0.254819,0.000000,0.972814,0.231585,0.000000,-4.152737,0.247553,1,0,18.973300,0.000000
8.840000,4000.000000,-35.072850,155.897600,1,1,2,2,0.796500,0.796507,0.796503,0.000000,0.969823,0.243810,0.000000,0.972563,0.232638,0.000000,-4.246423,0.172444,1,0,18.975050,0.000000
8.849999,4000.000000,-35.116250,156.082300,1,1,2,2,0.804831,0.804831,0.804831,0.000000,0.973429,0.228989,0.000000,0.972638,0.232324,0.000000,-4.340023,0.070760,1,0,18.977270,0.000000
8.860000,4000.000000,-35.160590,156.266900,1,1,2,2,0.805982,0.805982,0.805982,0.000000,0.977064,0.212946,0.000000,0.973034,0.230660,0.898357,-4.433542,-0.057183,1,0,18.979970,0.000000
8.870000,4000.000000,-35.205770,156.451200,1,1,2,2,0.801109,0.801026,0.801067,0.000000,0.977051,0.213006,0.000000,0.973392,0.229144,4.686389,-4.518243,-0.173181,1,0,18.983070,0.000000
8.880000,4000.000000,-35.251430,156.635500,1,1,2,2,0.791181,0.791103,0.791142,0.000000,0.979963,0.199180,0.000000,0.973994,0.226573,8.943745,-4.566000,-0.271779,1,0,18.986060,0.000000
8.889999,4000.000000,-35.297150,156.819800,1,1,2,2,0.775308,0.775308,0.775308,0.000000,0.981757,0.190138,0.000000,0.974715,0.223449,13.469660,-4.572228,-0.338527,1,0,18.988390,0.000000
8.900000,4000.000000,-35.342490,157.004200,1,1,2,2,0.738088,0.738088,0.738088,0.000000,0.992501,0.122236,0.000000,0.976654,0.214815,23.404010,-4.534282,-0.467152,1,0,18.989650,0.000000
8.910000,4000.000000,-35.386480,157.188900,1,1,2,2,0.747209,0.747209,0.747209,0.000000,0.982182,0.187930,0.000000,0.977159,0.212508,19.422290,-4.399113,-0.373362,1,0,18.987830,0.000000
8.920000,4000.000000,-35.429510,157.373900,1,1,2,2,0.729212,0.729212,0.729212,0.000000,0.981260,0.192690,0.000000,0.977528,0.210805,21.024940,-4.302859,-0.307739,1,0,18.987000,0.000000
8.929999,4000.000000,-35.471420,157.559100,1,1,2,2,0.714815,0.714815,0.714815,0.000000,0.979052,0.203612,0.000000,0.977661,0.210187,21.052250,-4.190958,-0.205125,1,0,18.986170,0.000000
8.940000,4000.000000,-35.512210,157.744500,1,1,2,2,0.712655,0.712631,0.712643,0.000000,0.979025,0.203740,0.000000,0.977780,0.209633,18.843700,-4.078862,-0.101097,1,0,18.985910,0.000000
8.950000,4000.000000,-35.552090,157.930100,1,1,2,2,0.707935,0.707942,0.707938,0.000000,0.975796,0.218684,0.000000,0.977613,0.210412,16.995260,-3.988435,0.006648,1,0,18.986210,0.000000
8.960000,4000.000000,-35.591250,158.115900,1,1,2,2,0.710678,0.710678,0.710678,0.000000,0.972067,0.234704,0.000000,0.977159,0.212508,13.628730,-3.916186,0.121410,1,0,18.987030,0.000000
8.970000,4000.000000,-35.630020,158.301800,1,1,2,2,0.720600,0.720600,0.720600,0.000000,0.968639,0.248474,0.000000,0.976478,0.215616,9.317823,-3.876966,0.222136,1,0,18.988190,0.000000
8.980000,4000.000000,-35.668820,158.487700,1,1,2,2,0.729198,0.729189,0.729193,0.000000,0.968641,0.248466,0.000000,0.975847,0.218454,6.455206,-3.879957,0.274524,1,0,18.989310,0.000000
8.990000,4000.000000,-35.707930,158.673500,1,1,2,2,0.746473,0.746522,0.746498,0.000000,0.966323,0.257333,0.000000,0.975089,0.221815,2.482854,-3.910930,0.308529,1,0,18.990320,0.000000
9.000000,4000.000000,-35.747730,158.859200,1,1,2,2,0.766198,0.766198,0.766198,0.000000,0.965739,0.259514,0.000000,0.974342,0.225073,0.000000,-3.980646,0.300916,1,0,18.991060,0.000000
9.010000,4000.000000,-35.788480,159.044700,1,1,2,2,0.785698,0.785698,0.785698,0.000000,0.967070,0.254511,0.000000,0.973751,0.227615,0.000000,-4.074501,0.254631,1,0,18.991860,0.000000
9.020000,4000.000000,-35.830160,159.230000,1,1,2,2,0.792541,0.792548,0.792545,0.000000,0.967071,0.254507,0.000000,0.973205,0.229937,0.000000,-4.168264,0.204173,1,0,18.993150,0.000000
9.030000,4000.000000,-35.872780,159.415100,1,1,2,2,0.806209,0.806128,0.806169,0.000000,0.969933,0.243371,0.000000,0.972931,0.231095,0.000000,-4.261938,0.131131,1,0,18.994910,0.000000
9.040000,4000.000000,-35.916340,159.600000,1,1,2,2,0.813897,0.813897,0.813897,0.000000,0.973579,0.228349,0.000000,0.972987,0.230858,0.000000,-4.355526,0.030959,1,0,18.997150,0.000000
9.050000,4000.000000,-35.960830,159.784700,1,1,2,2,0.814334,0.814334,0.814334,0.000000,0.977176,0.212432,0.000000,0.973361,0.229275,0.354080,-4.449032,-0.095423,1,0,18.999870,0.000000
9.059999,4000.000000,-36.006220,159.969300,1,1,2,2,0.809183,0.809183,0.809183,0.000000,0.977177,0.212426,0.000000,0.973701,0.227828,4.287642,-4.539016,-0.215543,1,0,19.003030,0.000000
9.070000,4000.000000,-36.052120,160.153700,1,1,2,2,0.798504,0.798510,0.798507,0.000000,0.980055,0.198725,0.000000,0.974282,0.225330,8.744577,-4.590622,-0.316724,1,0,19.006030,0.000000
9.080000,4000.000000,-36.098110,160.338100,1,1,2,2,0.782136,0.782136,0.782136,0.000000,0.981786,0.189992,0.000000,0.974978,0.222300,13.371940,-4.598744,-0.383675,1,0,19.008240,0.000000
9.090000,4000.000000,-36.143730,160.522700,1,1,2,2,0.762111,0.762111,0.762111,0.000000,0.982180,0.187942,0.000000,0.975645,0.219353,17.458360,-4.561692,-0.402689,1,0,19.009280,0.000000
9.099999,4000.000000,-36.188570,160.707400,1,1,2,2,0.752785,0.752785,0.752785,0.000000,0.982180,0.187942,0.000000,0.976247,0.216658,18.474540,-4.484724,-0.375950,1,0,19.009260,0.000000
9.110000,4000.000000,-36.232550,160.892300,1,1,2,2,0.734077,0.733990,0.734034,0.000000,0.981197,0.193011,0.000000,0.976696,0.214627,20.609620,-4.397807,-0.326173,1,0,19.008930,0.000000
9.120000,4000.000000,-36.275450,161.077500,1,1,2,2,0.718991,0.718991,0.718991,0.000000,0.978921,0.204240,0.000000,0.976892,0.213735,20.989290,-4.290036,-0.232978,1,0,19.008380,0.000000
9.130000,4000.000000,-36.317240,161.263000,1,1,2,2,0.725717,0.725724,0.725721,0.000000,0.973360,0.229284,0.000000,0.976597,0.215075,16.266540,-4.178614,-0.092633,1,0,19.008260,0.000000
9.139999,4000.000000,-36.358370,161.448500,1,1,2,2,0.710618,0.710535,0.710577,0.000000,0.975667,0.219257,0.000000,0.976517,0.215435,17.142910,-4.113468,-0.018682,1,0,19.009120,0.000000
9.150000,4000.000000,-36.398770,161.634300,1,1,2,2,0.712704,0.712704,0.712704,0.000000,0.971944,0.235214,0.000000,0.976139,0.217141,14.034550,-4.039833,0.090187,1,0,19.010290,0.000000
9.160000,4000.000000,-36.438740,161.820200,1,1,2,2,0.721970,0.721970,0.721970,0.000000,0.968512,0.248966,0.000000,0.975524,0.219890,9.909253,-3.996663,0.188244,1,0,19.011820,0.000000
9.170000,4000.000000,-36.478680,162.006100,1,1,2,2,0.789658,0.789706,0.789682,0.000000,0.987213,0.159405,0.000000,0.976676,0.214713,0.172165,-3.993850,0.090650,1,0,19.013390,0.000000
9.179999,4000.000000,-36.519540,162.191800,1,1,2,2,0.745487,0.745494,0.745491,0.000000,0.966273,0.257520,0.000000,0.975855,0.218415,8.670385,-4.086043,0.068576,1,0,19.014200,0.000000
9.190000,4000.000000,-36.560490,162.377500,1,1,2,2,0.764192,0.764192,0.764192,0.000000,0.965739,0.259514,0.000000,0.975053,0.221969,3.791665,-4.095214,0.128765,1,0,19.015550,0.000000
9.200000,4000.000000,-36.602010,162.563000,1,1,2,2,0.782834,0.782834,0.782834,0.000000,0.967168,0.254138,0.000000,0.974416,0.224748,0.520605,-4.152004,0.125132,1,0,19.016980,0.000000
9.210000,4000.000000,-36.644410,162.748400,1,1,2,2,0.788941,0.788940,0.788941,0.000000,0.967167,0.254142,0.000000,0.973828,0.227286,0.439149,-4.240632,0.084192,1,0,19.018600,0.000000
9.220000,4000.000000,-36.687710,162.933700,1,1,2,2,0.801469,0.801508,0.801488,0.000000,0.970063,0.242853,0.000000,0.973513,0.228628,0.000000,-4.329970,0.019198,1,0,19.020660,0.000000
9.230000,4000.000000,-36.731950,163.118700,1,1,2,2,0.808048,0.808048,0.808048,0.000000,0.973725,0.227726,0.000000,0.973532,0.228551,1.047692,-4.423502,-0.077837,1,0,19.023180,0.000000
9.240000,4000.000000,-36.777020,163.303500,1,1,2,2,0.807286,0.807286,0.807286,0.000000,0.977290,0.211907,0.000000,0.973866,0.227121,4.010530,-4.506752,-0.190734,1,0,19.026080,0.000000
9.250000,4000.000000,-36.822630,163.488300,1,1,2,2,0.801809,0.801851,0.801830,0.000000,0.977302,0.211850,0.000000,0.974171,0.225809,7.017991,-4.561076,-0.271631,1,0,19.028930,0.000000
9.260000,4000.000000,-36.868490,163.673000,1,1,2,2,0.790757,0.790756,0.790757,0.000000,0.980156,0.198230,0.000000,0.974717,0.223442,10.800710,-4.586047,-0.342998,1,0,19.031390,0.000000
9.270000,4000.000000,-36.914230,163.857700,1,1,2,2,0.774261,0.774261,0.774261,0.000000,0.981834,0.189741,0.000000,0.975375,0.220551,14.869590,-4.574094,-0.386728,1,0,19.033020,0.000000
9.280000,4000.000000,-36.959450,164.042600,1,1,2,2,0.754571,0.754571,0.754571,0.000000,0.982180,0.187942,0.000000,0.976004,0.217754,18.450350,-4.522403,-0.387940,1,0,19.033580,0.000000
9.290000,4000.000000,-37.003810,164.227700,1,1,2,2,0.745805,0.745810,0.745808,0.000000,0.982180,0.187942,0.000000,0.976571,0.215195,19.052590,-4.435726,-0.348712,1,0,19.033260,0.000000
9.300000,4000.000000,-37.047240,164.413000,1,1,2,2,0.727868,0.727862,0.727865,0.000000,0.981131,0.193343,0.000000,0.976982,0.213319,20.824550,-4.343147,-0.290243,1,0,19.032790,0.000000
9.309999,4000.000000,-37.089570,164.598600,1,1,2,2,0.713808,0.713808,0.713808,0.000000,0.978813,0.204756,0.000000,0.977143,0.212583,20.898550,-4.233265,-0.191927,1,0,19.032260,0.000000
9.320000,4000.000000,-37.130800,164.784400,1,1,2,2,0.706114,0.706114,0.706114,0.000000,0.975536,0.219841,0.000000,0.977007,0.213208,19.145420,-4.122725,-0.066461,1,0,19.032240,0.000000
9.330000,4000.000000,-37.171090,164.970400,1,1,2,2,0.707702,0.707710,0.707706,0.000000,0.975534,0.219848,0.000000,0.976882,0.213779,16.187790,-4.029437,0.040333,1,0,19.032990,0.000000
9.340000,4000.000000,-37.210740,165.156600,1,1,2,2,0.711338,0.711345,0.711341,0.000000,0.971822,0.235715,0.000000,0.976466,0.215671,12.957020,-3.965144,0.143227,1,0,19.034140,0.000000
9.349999,4000.000000,-37.250070,165.342800,1,1,2,2,0.721915,0.721915,0.721915,0.000000,0.968441,0.249244,0.000000,0.975821,0.218571,8.792368,-3.932516,0.233433,1,0,19.035500,0.000000
9.360000,4000.000000,-37.289470,165.529100,1,1,2,2,0.738140,0.738140,0.738140,0.000000,0.966210,0.257758,0.000000,0.975056,0.221959,4.411726,-3.940629,0.291534,1,0,19.036770,0.000000
9.370000,4000.000000,-37.329390,165.715200,1,1,2,2,0.747538,0.747538,0.747538,0.000000,0.966205,0.257774,0.000000,0.974346,0.225054,2.496771,-3.991504,0.300188,1,0,19.037740,0.000000
9.380000,4000.000000,-37.370000,165.901200,1,1,2,2,0.766776,0.766698,0.766737,0.000000,0.965783,0.259352,0.000000,0.973657,0.228018,0.000000,-4.061013,0.287234,1,0,19.038760,0.000000
9.389999,4000.000000,-37.411550,166.087000,1,1,2,2,0.785238,0.785238,0.785238,0.000000,0.967268,0.253757,0.000000,0.973134,0.230240,0.000000,-4.154779,0.234925,1,0,19.039840,0.000000
9.400000,4000.000000,-37.454030,166.272600,1,1,2,2,0.814531,0.814531,0.814531,0.000000,0.956535,0.291617,0.000000,0.971859,0.235563,0.000000,-4.248455,0.243470,1,0,19.041400,0.000000
9.410000,4000.000000,-37.497450,166.458000,1,1,2,2,0.803283,0.803284,0.803284,0.000000,0.970201,0.242301,0.000000,0.971718,0.236142,0.000000,-4.342030,0.159278,1,0,19.043440,0.000000
9.420000,4000.000000,-37.541810,166.643300,1,1,2,2,0.809119,0.809040,0.809080,0.000000,0.973859,0.227155,0.000000,0.971906,0.235370,0.000000,-4.435521,0.048679,1,0,19.045950,0.000000
9.429999,4000.000000,-37.587090,166.828300,1,1,2,2,0.807483,0.807483,0.807483,0.000000,0.977449,0.211173,0.000000,0.972406,0.233293,1.377642,-4.528932,-0.087407,1,0,19.048940,0.000000
9.440000,4000.000000,-37.633180,167.013200,1,1,2,2,0.796278,0.796278,0.796278,0.000000,0.981280,0.192586,0.000000,0.973237,0.229804,7.149109,-4.608872,-0.237266,1,0,19.052270,0.000000
9.450000,4000.000000,-37.679510,167.198000,1,1,2,2,0.789285,0.789285,0.789285,0.000000,0.980234,0.197842,0.000000,0.973880,0.227063,10.349960,-4.632572,-0.314698,1,0,19.055020,0.000000
9.460000,4000.000000,-37.725760,167.382900,1,1,2,2,0.771947,0.771947,0.771947,0.000000,0.981884,0.189484,0.000000,0.974626,0.223841,14.847450,-4.625041,-0.369471,1,0,19.057050,0.000000
9.469999,4000.000000,-37.771490,167.567900,1,1,2,2,0.751629,0.751629,0.751629,0.000000,0.982133,0.188187,0.000000,0.975323,0.220783,18.675730,-4.573617,-0.376044,1,0,19.057940,0.000000
9.480000,4000.000000,-37.816340,167.753100,1,1,2,2,0.714825,0.714746,0.714785,0.000000,0.992380,0.123216,0.000000,0.977170,0.212457,27.103140,-4.484806,-0.447137,1,0,19.057900,0.000000
9.490000,4000.000000,-37.859470,167.938700,1,1,2,2,0.725033,0.725077,0.725055,0.000000,0.981068,0.193662,0.000000,0.977520,0.210843,21.655950,-4.313407,-0.303055,1,0,19.055320,0.000000
9.500000,4000.000000,-37.901430,168.124600,1,1,2,2,0.712008,0.712008,0.712008,0.000000,0.978706,0.205266,0.000000,0.977623,0.210364,21.215620,-4.195316,-0.191463,1,0,19.054350,0.000000
9.510000,4000.000000,-37.942250,168.310700,1,1,2,2,0.705353,0.705353,0.705353,0.000000,0.975393,0.220474,0.000000,0.977435,0.211235,19.076730,-4.081613,-0.058067,1,0,19.054060,0.000000
9.520000,4000.000000,-37.982140,168.497000,1,1,2,2,0.707524,0.707574,0.707549,0.000000,0.975379,0.220535,0.000000,0.977262,0.212036,15.915980,-3.988952,0.052485,1,0,19.054620,0.000000
9.530000,4000.000000,-38.021410,168.683500,1,1,2,2,0.712414,0.712330,0.712372,0.000000,0.971654,0.236409,0.000000,0.976803,0.214139,12.436860,-3.927292,0.156744,1,0,19.055580,0.000000
9.540000,4000.000000,-38.060410,168.870000,1,1,2,2,0.723967,0.723967,0.723967,0.000000,0.968316,0.249727,0.000000,0.976124,0.217214,8.132754,-3.899735,0.245157,1,0,19.056730,0.000000
9.550000,4000.000000,-38.099550,169.056500,1,1,2,2,0.740948,0.740948,0.740948,0.000000,0.966174,0.257892,0.000000,0.975335,0.220731,3.717297,-3.914290,0.299202,1,0,19.057740,0.000000
9.559999,4000.000000,-38.139270,169.242900,1,1,2,2,0.750637,0.750645,0.750641,0.000000,0.966173,0.257896,0.000000,0.974602,0.223943,1.864933,-3.971949,0.303219,1,0,19.058450,0.000000
9.570000,4000.000000,-38.179740,169.429200,1,1,2,2,0.770202,0.770202,0.770202,0.000000,0.965803,0.259277,0.000000,0.973895,0.226997,0.000000,-4.047627,0.285723,1,0,19.059230,0.000000
9.580000,4000.000000,-38.221160,169.615200,1,1,2,2,0.788595,0.788595,0.788595,0.000000,0.967303,0.253623,0.000000,0.973357,0.229295,0.000000,-4.141404,0.234928,1,0,19.060180,0.000000
9.590000,4000.000000,-38.263510,169.801100,1,1,2,2,0.803509,0.803509,0.803509,0.000000,0.970300,0.241907,0.000000,0.973100,0.230382,0.000000,-4.235091,0.160521,1,0,19.061610,0.000000
9.599999,4000.000000,-38.306790,169.986700,1,1,2,2,0.806399,0.806406,0.806402,0.000000,0.970301,0.241899,0.000000,0.972865,0.231375,0.000000,-4.328691,0.084371,1,0,19.063520,0.000000
9.610000,4000.000000,-38.351020,170.172200,1,1,2,2,0.811673,0.811672,0.811672,0.000000,0.973994,0.226572,0.000000,0.972963,0.230962,0.000000,-4.422206,-0.019233,1,0,19.065910,0.000000
9.620000,4000.000000,-38.396170,170.357400,1,1,2,2,0.809496,0.809496,0.809496,0.000000,0.977563,0.210645,0.000000,0.973375,0.229217,2.560781,-4.515640,-0.148852,1,0,19.068770,0.000000
9.630000,4000.000000,-38.442010,170.542600,1,1,2,2,0.799833,0.799833,0.799833,0.000000,0.980315,0.197442,0.000000,0.974013,0.226491,7.384741,-4.584072,-0.271986,1,0,19.071790,0.000000
9.639999,4000.000000,-38.488070,170.727700,1,1,2,2,0.791186,0.791235,0.791210,0.000000,0.980326,0.197384,0.000000,0.974590,0.223994,10.701350,-4.605450,-0.342337,1,0,19.074190,0.000000
9.650000,4000.000000,-38.534010,170.912800,1,1,2,2,0.773783,0.773700,0.773742,0.000000,0.981896,0.189419,0.000000,0.975267,0.221028,15.009920,-4.594451,-0.388641,1,0,19.075810,0.000000
9.660000,4000.000000,-38.579430,171.098100,1,1,2,2,0.753678,0.753678,0.753678,0.000000,0.982132,0.188193,0.000000,0.975901,0.218212,18.635230,-4.541379,-0.388944,1,0,19.076310,0.000000
9.670000,4000.000000,-38.623950,171.283600,1,1,2,2,0.733998,0.733998,0.733998,0.000000,0.981004,0.193987,0.000000,0.976364,0.216132,20.924200,-4.452889,-0.338628,1,0,19.075940,0.000000
9.679999,4000.000000,-38.667370,171.469300,1,1,2,2,0.727441,0.727447,0.727444,0.000000,0.981003,0.193993,0.000000,0.976783,0.214230,20.192410,-4.342049,-0.262005,1,0,19.075310,0.000000
9.690000,4000.000000,-38.709760,171.655300,1,1,2,2,0.714528,0.714528,0.714528,0.000000,0.978598,0.205779,0.000000,0.976942,0.213504,20.215260,-4.238373,-0.169856,1,0,19.075020,0.000000
9.700000,4000.000000,-38.751100,171.841500,1,1,2,2,0.708295,0.708295,0.708295,0.000000,0.975250,0.221107,0.000000,0.976799,0.214158,18.354700,-4.134535,-0.050617,1,0,19.075160,0.000000
9.710000,4000.000000,-38.791590,172.027900,1,1,2,2,0.709518,0.709518,0.709518,0.000000,0.971517,0.236968,0.000000,0.976365,0.216126,14.975220,-4.048988,0.075590,1,0,19.075990,0.000000
9.719999,4000.000000,-38.831560,172.214500,1,1,2,2,0.714964,0.714872,0.714918,0.000000,0.971531,0.236913,0.000000,0.975967,0.217919,11.775670,-3.996585,0.164533,1,0,19.077330,0.000000
9.730000,4000.000000,-38.871320,172.401100,1,1,2,2,0.726535,0.726535,0.726535,0.000000,0.968216,0.250117,0.000000,0.975342,0.220700,7.772265,-3.975508,0.240783,1,0,19.078760,0.000000
9.740000,4000.000000,-38.911250,172.587600,1,1,2,2,0.743188,0.743188,0.743188,0.000000,0.966106,0.258146,0.000000,0.974604,0.223937,3.638313,-3.993560,0.285945,1,0,19.080040,0.000000
9.750000,4000.000000,-38.951770,172.774100,1,1,2,2,0.782784,0.782784,0.782784,0.000000,0.944652,0.328076,0.000000,0.972472,0.233021,0.000000,-4.051931,0.404490,1,0,19.081050,0.000000
9.760000,4000.000000,-38.993230,172.960400,1,1,2,2,0.770801,0.770795,0.770798,0.000000,0.965837,0.259151,0.000000,0.971928,0.235277,0.000000,-4.145680,0.353008,1,0,19.081970,0.000000
9.770000,4000.000000,-39.035620,173.146400,1,1,2,2,0.787989,0.788031,0.788010,0.000000,0.967418,0.253187,0.000000,0.971553,0.236822,0.000000,-4.239338,0.287688,1,0,19.083360,0.000000
9.780000,4000.000000,-39.078950,173.332300,1,1,2,2,0.801439,0.801439,0.801439,0.000000,0.970454,0.241286,0.000000,0.971459,0.237206,0.000000,-4.332909,0.199671,1,0,19.085230,0.000000
9.790000,4000.000000,-39.123210,173.518000,1,1,2,2,0.808959,0.808959,0.808959,0.000000,0.974140,0.225944,0.000000,0.971695,0.236238,0.000000,-4.426396,0.085188,1,0,19.087570,0.000000
9.800000,4000.000000,-39.168410,173.703400,1,1,2,2,0.806833,0.806839,0.806836,0.000000,0.974140,0.225947,0.000000,0.971910,0.235354,0.000000,-4.519804,-0.027585,1,0,19.090390,0.000000
9.809999,4000.000000,-39.214540,173.888700,1,1,2,2,0.802850,0.802850,0.802850,0.000000,0.977673,0.210133,0.000000,0.972431,0.233189,4.161959,-4.613132,-0.165419,1,0,19.093680,0.000000
9.820000,4000.000000,-39.261200,174.073900,1,1,2,2,0.791630,0.791630,0.791630,0.000000,0.980391,0.197064,0.000000,0.973169,0.230092,9.049524,-4.665913,-0.279844,1,0,19.096920,0.000000
9.830000,4000.000000,-39.307910,174.259100,1,1,2,2,0.768042,0.768042,0.768042,0.000000,0.987286,0.158953,0.000000,0.974586,0.224012,16.408090,-4.671063,-0.403802,1,0,19.099370,0.000000
9.840000,4000.000000,-39.353950,174.444500,1,1,2,2,0.764336,0.764335,0.764336,0.000000,0.981934,0.189225,0.000000,0.975267,0.221028,16.822300,-4.604385,-0.393414,1,0,19.099830,0.000000
9.849999,4000.000000,-39.399290,174.630000,1,1,2,2,0.744332,0.744332,0.744332,0.000000,0.982130,0.188205,0.000000,0.975901,0.218212,19.984780,-4.533624,-0.375639,1,0,19.099960,0.000000
9.860000,4000.000000,-39.443610,174.815800,1,1,2,2,0.725167,0.725167,0.725167,0.000000,0.980929,0.194366,0.000000,0.976357,0.216165,21.829130,-4.431966,-0.311248,1,0,19.099410,0.000000
9.870000,4000.000000,-39.486730,175.001800,1,1,2,2,0.689155,0.689149,0.689152,0.000000,0.991971,0.126463,0.000000,0.978021,0.208505,29.001320,-4.312305,-0.338171,1,0,19.098820,0.000000
9.880000,4000.000000,-39.527950,175.188300,1,1,2,2,0.708044,0.708044,0.708044,0.000000,0.978489,0.206300,0.000000,0.978061,0.208315,20.834620,-4.122267,-0.147510,1,0,19.096640,0.000000
9.889999,4000.000000,-39.568080,175.375000,1,1,2,2,0.703825,0.703825,0.703825,0.000000,0.975108,0.221731,0.000000,0.977815,0.209471,18.213930,-4.012260,-0.012404,1,0,19.096350,0.000000
9.900000,4000.000000,-39.607360,175.561900,1,1,2,2,0.707247,0.707247,0.707247,0.000000,0.971392,0.237483,0.000000,0.977293,0.211889,14.256250,-3.928023,0.121062,1,0,19.096850,0.000000
9.910000,4000.000000,-39.646180,175.748900,1,1,2,2,0.713926,0.713926,0.713926,0.000000,0.971390,0.237488,0.000000,0.976812,0.214098,10.805160,-3.882624,0.210826,1,0,19.097810,0.000000
9.920000,4000.000000,-39.684890,175.935900,1,1,2,2,0.727493,0.727409,0.727451,0.000000,0.968101,0.250562,0.000000,0.976116,0.217249,6.522283,-3.871036,0.284489,1,0,19.098760,0.000000
9.929999,4000.000000,-39.723910,176.122900,1,1,2,2,0.745539,0.745539,0.745539,0.000000,0.966070,0.258280,0.000000,0.975320,0.220797,2.292266,-3.901329,0.323144,1,0,19.099450,0.000000
9.940000,4000.000000,-39.763640,176.309700,1,1,2,2,0.765914,0.765914,0.765914,0.000000,0.965839,0.259142,0.000000,0.974563,0.224112,0.000000,-3.972891,0.315034,1,0,19.099820,0.000000
9.950000,4000.000000,-39.804310,176.496300,1,1,2,2,0.775060,0.774976,0.775018,0.000000,0.965854,0.259087,0.000000,0.973863,0.227134,0.000000,-4.066736,0.278402,1,0,19.100280,0.000000
9.960000,4000.000000,-39.845910,176.682800,1,1,2,2,0.792777,0.792777,0.792777,0.000000,0.967500,0.252870,0.000000,0.973343,0.229356,0.000000,-4.160488,0.226205,1,0,19.101210,0.000000
9.969999,4000.000000,-39.888450,176.869000,1,1,2,2,0.806404,0.806404,0.806404,0.000000,0.970608,0.240666,0.000000,0.973112,0.230330,0.000000,-4.254149,0.149655,1,0,19.102630,0.000000
9.980000,4000.000000,-39.931930,177.055000,1,1,2,2,0.813867,0.813867,0.813867,0.000000,0.974260,0.225426,0.000000,0.973212,0.229909,0.000000,-4.347726,0.045794,1,0,19.104520,0.000000
9.990000,4000.000000,-39.976340,177.240900,1,1,2,2,0.812560,0.812481,0.812521,0.000000,0.974275,0.225363,0.000000,0.973304,0.229518,0.000000,-4.441221,-0.057400,1,0,19.106880,0.000000
